measurement_id,surface_group_id,source_group_id,liquid_id,contact_angle_deg,contact_angle_type,measurement_method,temperature_K,humidity_percent,pressure_atm,droplet_volume_uL,replicates_n,contact_angle_std_deg,contact_angle_min_deg,contact_angle_max_deg,quality_grade,conflict_flag,solid_total_surface_energy_mJ_m2,solid_dispersion_mJ_m2,solid_polar_mJ_m2,solid_surface_energy_source,solid_surface_energy_source_type,data_extraction_note,record_id,sfe_source_type,new_external_source_flag,target_eligible
CA0001,SFC_04353B2CE787,SRC023,LIQ_0F4168490E,70.0,static,sessile_drop,298.15,,1.0,,,,,,C_low,unclear_condition,42.0,21.0,21.0,project/default or same source when available,assumed_or_estimated,legacy literature-derived/project-internal source; no row-level DOI available,CA0001,assumed_or_estimated,no,diagnostic_only
CA0002,SFC_96578C5761C3,SRC023,LIQ_0F4168490E,75.0,static,sessile_drop,298.15,,1.0,,,,,,C_low,unclear_condition,45.0,22.5,22.5,project/default or same source when available,assumed_or_estimated,legacy literature-derived/project-internal source; no row-level DOI available,CA0002,assumed_or_estimated,no,diagnostic_only
CA0003,SFC_A713C80D8A86,SRC023,LIQ_0F4168490E,76.0,static,sessile_drop,298.15,,1.0,,,,,,C_low,unclear_condition,44.0,32.0,12.0,project/default or same source when available,assumed_or_estimated,legacy literature-derived/project-internal source; no row-level DOI available,CA0003,assumed_or_estimated,no,diagnostic_only
CA0004,SFC_833BD19E975A,SRC023,LIQ_0F4168490E,78.0,static,sessile_drop,298.15,,1.0,,,,,,C_low,unclear_condition,42.0,32.0,10.0,project/default or same source when available,assumed_or_estimated,legacy literature-derived/project-internal source; no row-level DOI available,CA0004,assumed_or_estimated,no,diagnostic_only
CA0005,SFC_EF3937BBEA40,SRC023,LIQ_0F4168490E,65.0,static,sessile_drop,298.15,,1.0,,,,,,C_low,unclear_condition,46.0,34.0,12.0,project/default or same source when available,assumed_or_estimated,legacy literature-derived/project-internal source; no row-level DOI available,CA0005,assumed_or_estimated,no,diagnostic_only
CA0006,SFC_B1C3F4195927,SRC023,LIQ_0F4168490E,64.0,static,sessile_drop,298.15,,1.0,,,,,,C_low,unclear_condition,47.0,35.0,12.0,project/default or same source when available,assumed_or_estimated,legacy literature-derived/project-internal source; no row-level DOI available,CA0006,assumed_or_estimated,no,diagnostic_only
CA0007,SFC_3269642DA2B0,SRC023,LIQ_0F4168490E,72.0,static,sessile_drop,298.15,,1.0,,,,,,C_low,unclear_condition,48.0,30.0,18.0,project/default or same source when available,assumed_or_estimated,legacy literature-derived/project-internal source; no row-level DOI available,CA0007,assumed_or_estimated,no,diagnostic_only
CA0008,SFC_258CBA406DD6,SRC023,LIQ_0F4168490E,74.0,static,sessile_drop,298.15,,1.0,,,,,,C_low,unclear_condition,43.0,30.0,13.0,project/default or same source when available,assumed_or_estimated,legacy literature-derived/project-internal source; no row-level DOI available,CA0008,assumed_or_estimated,no,diagnostic_only
CA0009,SFC_DB683EF7A2C1,SRC023,LIQ_0F4168490E,80.0,static,sessile_drop,298.15,,1.0,,,,,,C_low,unclear_condition,40.0,30.0,10.0,project/default or same source when available,assumed_or_estimated,legacy literature-derived/project-internal source; no row-level DOI available,CA0009,assumed_or_estimated,no,diagnostic_only
CA0010,SFC_EEA5FB824E7A,SRC023,LIQ_0F4168490E,75.0,static,sessile_drop,298.15,,1.0,,,,,,C_low,unclear_condition,44.0,31.0,13.0,project/default or same source when available,assumed_or_estimated,legacy literature-derived/project-internal source; no row-level DOI available,CA0010,assumed_or_estimated,no,diagnostic_only
CA0011,SFC_E24B19E460DE,SRC023,LIQ_0F4168490E,82.0,static,sessile_drop,298.15,,1.0,,,,,,C_low,unclear_condition,42.0,36.0,6.0,project/default or same source when available,assumed_or_estimated,legacy literature-derived/project-internal source; no row-level DOI available,CA0011,assumed_or_estimated,no,diagnostic_only
CA0012,SFC_782084083F60,SRC023,LIQ_0F4168490E,73.0,static,sessile_drop,298.15,,1.0,,,,,,C_low,unclear_condition,44.0,28.0,16.0,project/default or same source when available,assumed_or_estimated,legacy literature-derived/project-internal source; no row-level DOI available,CA0012,assumed_or_estimated,no,diagnostic_only
CA0013,SFC_F08E28324066,SRC023,LIQ_0F4168490E,88.0,static,sessile_drop,298.15,,1.0,,,,,,C_low,unclear_condition,36.0,30.0,6.0,project/default or same source when available,assumed_or_estimated,legacy literature-derived/project-internal source; no row-level DOI available,CA0013,assumed_or_estimated,no,diagnostic_only
CA0014,SFC_0C4EEBCACC30,SRC023,LIQ_0F4168490E,92.0,static,sessile_drop,298.15,,1.0,,,,,,C_low,unclear_condition,33.0,25.0,8.0,project/default or same source when available,assumed_or_estimated,legacy literature-derived/project-internal source; no row-level DOI available,CA0014,assumed_or_estimated,no,diagnostic_only
CA0015,SFC_F715B35B2C9F,SRC023,LIQ_0F4168490E,62.0,static,sessile_drop,298.15,,1.0,,,,,,C_low,unclear_condition,49.0,28.0,21.0,project/default or same source when available,assumed_or_estimated,legacy literature-derived/project-internal source; no row-level DOI available,CA0015,assumed_or_estimated,no,diagnostic_only
CA0016,SFC_04353B2CE787,SRC023,LIQ_53310FAFB3,58.0,static,sessile_drop,298.15,,1.0,,,,,,C_low,unclear_condition,42.0,21.0,21.0,project/default or same source when available,assumed_or_estimated,legacy literature-derived/project-internal source; no row-level DOI available,CA0016,assumed_or_estimated,no,diagnostic_only
CA0017,SFC_96578C5761C3,SRC023,LIQ_53310FAFB3,55.0,static,sessile_drop,298.15,,1.0,,,,,,C_low,unclear_condition,45.0,22.5,22.5,project/default or same source when available,assumed_or_estimated,legacy literature-derived/project-internal source; no row-level DOI available,CA0017,assumed_or_estimated,no,diagnostic_only
CA0018,SFC_A713C80D8A86,SRC023,LIQ_53310FAFB3,62.0,static,sessile_drop,298.15,,1.0,,,,,,C_low,unclear_condition,44.0,32.0,12.0,project/default or same source when available,assumed_or_estimated,legacy literature-derived/project-internal source; no row-level DOI available,CA0018,assumed_or_estimated,no,diagnostic_only
CA0019,SFC_833BD19E975A,SRC023,LIQ_53310FAFB3,68.0,static,sessile_drop,298.15,,1.0,,,,,,C_low,unclear_condition,42.0,32.0,10.0,project/default or same source when available,assumed_or_estimated,legacy literature-derived/project-internal source; no row-level DOI available,CA0019,assumed_or_estimated,no,diagnostic_only
CA0020,SFC_EF3937BBEA40,SRC023,LIQ_53310FAFB3,52.0,static,sessile_drop,298.15,,1.0,,,,,,C_low,unclear_condition,46.0,34.0,12.0,project/default or same source when available,assumed_or_estimated,legacy literature-derived/project-internal source; no row-level DOI available,CA0020,assumed_or_estimated,no,diagnostic_only
CA0021,SFC_B1C3F4195927,SRC023,LIQ_53310FAFB3,50.0,static,sessile_drop,298.15,,1.0,,,,,,C_low,unclear_condition,47.0,35.0,12.0,project/default or same source when available,assumed_or_estimated,legacy literature-derived/project-internal source; no row-level DOI available,CA0021,assumed_or_estimated,no,diagnostic_only
CA0022,SFC_3269642DA2B0,SRC023,LIQ_53310FAFB3,56.0,static,sessile_drop,298.15,,1.0,,,,,,C_low,unclear_condition,48.0,30.0,18.0,project/default or same source when available,assumed_or_estimated,legacy literature-derived/project-internal source; no row-level DOI available,CA0022,assumed_or_estimated,no,diagnostic_only
CA0023,SFC_258CBA406DD6,SRC023,LIQ_53310FAFB3,60.0,static,sessile_drop,298.15,,1.0,,,,,,C_low,unclear_condition,43.0,30.0,13.0,project/default or same source when available,assumed_or_estimated,legacy literature-derived/project-internal source; no row-level DOI available,CA0023,assumed_or_estimated,no,diagnostic_only
CA0024,SFC_DB683EF7A2C1,SRC023,LIQ_53310FAFB3,65.0,static,sessile_drop,298.15,,1.0,,,,,,C_low,unclear_condition,40.0,30.0,10.0,project/default or same source when available,assumed_or_estimated,legacy literature-derived/project-internal source; no row-level DOI available,CA0024,assumed_or_estimated,no,diagnostic_only
CA0025,SFC_EEA5FB824E7A,SRC023,LIQ_53310FAFB3,60.0,static,sessile_drop,298.15,,1.0,,,,,,C_low,unclear_condition,44.0,31.0,13.0,project/default or same source when available,assumed_or_estimated,legacy literature-derived/project-internal source; no row-level DOI available,CA0025,assumed_or_estimated,no,diagnostic_only
CA0026,SFC_E24B19E460DE,SRC023,LIQ_53310FAFB3,70.0,static,sessile_drop,298.15,,1.0,,,,,,C_low,unclear_condition,42.0,36.0,6.0,project/default or same source when available,assumed_or_estimated,legacy literature-derived/project-internal source; no row-level DOI available,CA0026,assumed_or_estimated,no,diagnostic_only
CA0027,SFC_782084083F60,SRC023,LIQ_53310FAFB3,58.0,static,sessile_drop,298.15,,1.0,,,,,,C_low,unclear_condition,44.0,28.0,16.0,project/default or same source when available,assumed_or_estimated,legacy literature-derived/project-internal source; no row-level DOI available,CA0027,assumed_or_estimated,no,diagnostic_only
CA0028,SFC_F08E28324066,SRC023,LIQ_53310FAFB3,78.0,static,sessile_drop,298.15,,1.0,,,,,,C_low,unclear_condition,36.0,30.0,6.0,project/default or same source when available,assumed_or_estimated,legacy literature-derived/project-internal source; no row-level DOI available,CA0028,assumed_or_estimated,no,diagnostic_only
CA0029,SFC_0C4EEBCACC30,SRC023,LIQ_53310FAFB3,82.0,static,sessile_drop,298.15,,1.0,,,,,,C_low,unclear_condition,33.0,25.0,8.0,project/default or same source when available,assumed_or_estimated,legacy literature-derived/project-internal source; no row-level DOI available,CA0029,assumed_or_estimated,no,diagnostic_only
CA0030,SFC_F715B35B2C9F,SRC023,LIQ_53310FAFB3,48.0,static,sessile_drop,298.15,,1.0,,,,,,C_low,unclear_condition,49.0,28.0,21.0,project/default or same source when available,assumed_or_estimated,legacy literature-derived/project-internal source; no row-level DOI available,CA0030,assumed_or_estimated,no,diagnostic_only
CA0031,SFC_04353B2CE787,SRC023,LIQ_1BD1B94C09,55.0,static,sessile_drop,298.15,,1.0,,,,,,C_low,unclear_condition,42.0,21.0,21.0,project/default or same source when available,assumed_or_estimated,legacy literature-derived/project-internal source; no row-level DOI available,CA0031,assumed_or_estimated,no,diagnostic_only
CA0032,SFC_96578C5761C3,SRC023,LIQ_1BD1B94C09,52.0,static,sessile_drop,298.15,,1.0,,,,,,C_low,unclear_condition,45.0,22.5,22.5,project/default or same source when available,assumed_or_estimated,legacy literature-derived/project-internal source; no row-level DOI available,CA0032,assumed_or_estimated,no,diagnostic_only
CA0033,SFC_A713C80D8A86,SRC023,LIQ_1BD1B94C09,58.0,static,sessile_drop,298.15,,1.0,,,,,,C_low,unclear_condition,44.0,32.0,12.0,project/default or same source when available,assumed_or_estimated,legacy literature-derived/project-internal source; no row-level DOI available,CA0033,assumed_or_estimated,no,diagnostic_only
CA0034,SFC_833BD19E975A,SRC023,LIQ_1BD1B94C09,62.0,static,sessile_drop,298.15,,1.0,,,,,,C_low,unclear_condition,42.0,32.0,10.0,project/default or same source when available,assumed_or_estimated,legacy literature-derived/project-internal source; no row-level DOI available,CA0034,assumed_or_estimated,no,diagnostic_only
CA0035,SFC_EF3937BBEA40,SRC023,LIQ_1BD1B94C09,48.0,static,sessile_drop,298.15,,1.0,,,,,,C_low,unclear_condition,46.0,34.0,12.0,project/default or same source when available,assumed_or_estimated,legacy literature-derived/project-internal source; no row-level DOI available,CA0035,assumed_or_estimated,no,diagnostic_only
CA0036,SFC_B1C3F4195927,SRC023,LIQ_1BD1B94C09,46.0,static,sessile_drop,298.15,,1.0,,,,,,C_low,unclear_condition,47.0,35.0,12.0,project/default or same source when available,assumed_or_estimated,legacy literature-derived/project-internal source; no row-level DOI available,CA0036,assumed_or_estimated,no,diagnostic_only
CA0037,SFC_3269642DA2B0,SRC023,LIQ_1BD1B94C09,50.0,static,sessile_drop,298.15,,1.0,,,,,,C_low,unclear_condition,48.0,30.0,18.0,project/default or same source when available,assumed_or_estimated,legacy literature-derived/project-internal source; no row-level DOI available,CA0037,assumed_or_estimated,no,diagnostic_only
CA0038,SFC_258CBA406DD6,SRC023,LIQ_1BD1B94C09,56.0,static,sessile_drop,298.15,,1.0,,,,,,C_low,unclear_condition,43.0,30.0,13.0,project/default or same source when available,assumed_or_estimated,legacy literature-derived/project-internal source; no row-level DOI available,CA0038,assumed_or_estimated,no,diagnostic_only
CA0039,SFC_DB683EF7A2C1,SRC023,LIQ_1BD1B94C09,60.0,static,sessile_drop,298.15,,1.0,,,,,,C_low,unclear_condition,40.0,30.0,10.0,project/default or same source when available,assumed_or_estimated,legacy literature-derived/project-internal source; no row-level DOI available,CA0039,assumed_or_estimated,no,diagnostic_only
CA0040,SFC_EEA5FB824E7A,SRC023,LIQ_1BD1B94C09,55.0,static,sessile_drop,298.15,,1.0,,,,,,C_low,unclear_condition,44.0,31.0,13.0,project/default or same source when available,assumed_or_estimated,legacy literature-derived/project-internal source; no row-level DOI available,CA0040,assumed_or_estimated,no,diagnostic_only
CA0041,SFC_E24B19E460DE,SRC023,LIQ_1BD1B94C09,65.0,static,sessile_drop,298.15,,1.0,,,,,,C_low,unclear_condition,42.0,36.0,6.0,project/default or same source when available,assumed_or_estimated,legacy literature-derived/project-internal source; no row-level DOI available,CA0041,assumed_or_estimated,no,diagnostic_only
CA0042,SFC_782084083F60,SRC023,LIQ_1BD1B94C09,54.0,static,sessile_drop,298.15,,1.0,,,,,,C_low,unclear_condition,44.0,28.0,16.0,project/default or same source when available,assumed_or_estimated,legacy literature-derived/project-internal source; no row-level DOI available,CA0042,assumed_or_estimated,no,diagnostic_only
CA0043,SFC_8236ECA9EB74,SRC023,LIQ_0F4168490E,115.0,static,sessile_drop,298.15,,1.0,,,,,,C_low,unclear_condition,18.5,18.5,0.0,project/default or same source when available,assumed_or_estimated,legacy literature-derived/project-internal source; no row-level DOI available,CA0043,assumed_or_estimated,no,diagnostic_only
CA0044,SFC_49842D0D9B8F,SRC023,LIQ_0F4168490E,110.0,static,sessile_drop,298.15,,1.0,,,,,,C_low,unclear_condition,22.0,22.0,0.0,project/default or same source when available,assumed_or_estimated,legacy literature-derived/project-internal source; no row-level DOI available,CA0044,assumed_or_estimated,no,diagnostic_only
CA0045,SFC_E805A27F910D,SRC023,LIQ_0F4168490E,118.0,static,sessile_drop,298.15,,1.0,,,,,,C_low,unclear_condition,16.0,16.0,0.0,project/default or same source when available,assumed_or_estimated,legacy literature-derived/project-internal source; no row-level DOI available,CA0045,assumed_or_estimated,no,diagnostic_only
CA0046,SFC_8236ECA9EB74,SRC023,LIQ_6656B41AB7,88.0,static,sessile_drop,298.15,,1.0,,,,,,C_low,unclear_condition,18.5,18.5,0.0,project/default or same source when available,assumed_or_estimated,legacy literature-derived/project-internal source; no row-level DOI available,CA0046,assumed_or_estimated,no,diagnostic_only
CA0047,SFC_49842D0D9B8F,SRC023,LIQ_6656B41AB7,82.0,static,sessile_drop,298.15,,1.0,,,,,,C_low,unclear_condition,22.0,22.0,0.0,project/default or same source when available,assumed_or_estimated,legacy literature-derived/project-internal source; no row-level DOI available,CA0047,assumed_or_estimated,no,diagnostic_only
CA0048,SFC_E805A27F910D,SRC023,LIQ_6656B41AB7,90.0,static,sessile_drop,298.15,,1.0,,,,,,C_low,unclear_condition,16.0,16.0,0.0,project/default or same source when available,assumed_or_estimated,legacy literature-derived/project-internal source; no row-level DOI available,CA0048,assumed_or_estimated,no,diagnostic_only
CA0049,SFC_8236ECA9EB74,SRC023,LIQ_53310FAFB3,98.0,static,sessile_drop,298.15,,1.0,,,,,,C_low,unclear_condition,18.5,18.5,0.0,project/default or same source when available,assumed_or_estimated,legacy literature-derived/project-internal source; no row-level DOI available,CA0049,assumed_or_estimated,no,diagnostic_only
CA0050,SFC_49842D0D9B8F,SRC023,LIQ_53310FAFB3,95.0,static,sessile_drop,298.15,,1.0,,,,,,C_low,unclear_condition,22.0,22.0,0.0,project/default or same source when available,assumed_or_estimated,legacy literature-derived/project-internal source; no row-level DOI available,CA0050,assumed_or_estimated,no,diagnostic_only
CA0051,SFC_E805A27F910D,SRC023,LIQ_53310FAFB3,100.0,static,sessile_drop,298.15,,1.0,,,,,,C_low,unclear_condition,16.0,16.0,0.0,project/default or same source when available,assumed_or_estimated,legacy literature-derived/project-internal source; no row-level DOI available,CA0051,assumed_or_estimated,no,diagnostic_only
CA0052,SFC_2F8ECAFB7400,SRC023,LIQ_0F4168490E,85.0,static,sessile_drop,298.15,,1.0,,,,,,C_low,unclear_condition,35.0,32.0,3.0,project/default or same source when available,assumed_or_estimated,legacy literature-derived/project-internal source; no row-level DOI available,CA0052,assumed_or_estimated,no,diagnostic_only
CA0053,SFC_09D2365FF128,SRC023,LIQ_0F4168490E,95.0,static,sessile_drop,298.15,,1.0,,,,,,C_low,unclear_condition,33.0,32.0,1.0,project/default or same source when available,assumed_or_estimated,legacy literature-derived/project-internal source; no row-level DOI available,CA0053,assumed_or_estimated,no,diagnostic_only
CA0054,SFC_C657B6B2A8F2,SRC023,LIQ_0F4168490E,98.0,static,sessile_drop,298.15,,1.0,,,,,,C_low,unclear_condition,30.0,29.5,0.5,project/default or same source when available,assumed_or_estimated,legacy literature-derived/project-internal source; no row-level DOI available,CA0054,assumed_or_estimated,no,diagnostic_only
CA0055,SFC_EADE66E24084,SRC023,LIQ_0F4168490E,94.0,static,sessile_drop,298.15,,1.0,,,,,,C_low,unclear_condition,32.0,31.0,1.0,project/default or same source when available,assumed_or_estimated,legacy literature-derived/project-internal source; no row-level DOI available,CA0055,assumed_or_estimated,no,diagnostic_only
CA0056,SFC_7320418E2637,SRC023,LIQ_0F4168490E,96.0,static,sessile_drop,298.15,,1.0,,,,,,C_low,unclear_condition,32.0,31.0,1.0,project/default or same source when available,assumed_or_estimated,legacy literature-derived/project-internal source; no row-level DOI available,CA0056,assumed_or_estimated,no,diagnostic_only
CA0057,SFC_059D01259A34,SRC023,LIQ_0F4168490E,95.0,static,sessile_drop,298.15,,1.0,,,,,,C_low,unclear_condition,31.0,30.0,1.0,project/default or same source when available,assumed_or_estimated,legacy literature-derived/project-internal source; no row-level DOI available,CA0057,assumed_or_estimated,no,diagnostic_only
CA0058,SFC_2F8ECAFB7400,SRC023,LIQ_53310FAFB3,72.0,static,sessile_drop,298.15,,1.0,,,,,,C_low,unclear_condition,35.0,32.0,3.0,project/default or same source when available,assumed_or_estimated,legacy literature-derived/project-internal source; no row-level DOI available,CA0058,assumed_or_estimated,no,diagnostic_only
CA0059,SFC_09D2365FF128,SRC023,LIQ_53310FAFB3,82.0,static,sessile_drop,298.15,,1.0,,,,,,C_low,unclear_condition,33.0,32.0,1.0,project/default or same source when available,assumed_or_estimated,legacy literature-derived/project-internal source; no row-level DOI available,CA0059,assumed_or_estimated,no,diagnostic_only
CA0060,SFC_C657B6B2A8F2,SRC023,LIQ_53310FAFB3,85.0,static,sessile_drop,298.15,,1.0,,,,,,C_low,unclear_condition,30.0,29.5,0.5,project/default or same source when available,assumed_or_estimated,legacy literature-derived/project-internal source; no row-level DOI available,CA0060,assumed_or_estimated,no,diagnostic_only
CA0061,SFC_EADE66E24084,SRC023,LIQ_53310FAFB3,80.0,static,sessile_drop,298.15,,1.0,,,,,,C_low,unclear_condition,32.0,31.0,1.0,project/default or same source when available,assumed_or_estimated,legacy literature-derived/project-internal source; no row-level DOI available,CA0061,assumed_or_estimated,no,diagnostic_only
CA0062,SFC_7320418E2637,SRC023,LIQ_53310FAFB3,82.0,static,sessile_drop,298.15,,1.0,,,,,,C_low,unclear_condition,32.0,31.0,1.0,project/default or same source when available,assumed_or_estimated,legacy literature-derived/project-internal source; no row-level DOI available,CA0062,assumed_or_estimated,no,diagnostic_only
CA0063,SFC_059D01259A34,SRC023,LIQ_53310FAFB3,81.0,static,sessile_drop,298.15,,1.0,,,,,,C_low,unclear_condition,31.0,30.0,1.0,project/default or same source when available,assumed_or_estimated,legacy literature-derived/project-internal source; no row-level DOI available,CA0063,assumed_or_estimated,no,diagnostic_only
CA0064,SFC_2F8ECAFB7400,SRC023,LIQ_6656B41AB7,48.0,static,sessile_drop,298.15,,1.0,,,,,,C_low,unclear_condition,35.0,32.0,3.0,project/default or same source when available,assumed_or_estimated,legacy literature-derived/project-internal source; no row-level DOI available,CA0064,assumed_or_estimated,no,diagnostic_only
CA0065,SFC_09D2365FF128,SRC023,LIQ_6656B41AB7,52.0,static,sessile_drop,298.15,,1.0,,,,,,C_low,unclear_condition,33.0,32.0,1.0,project/default or same source when available,assumed_or_estimated,legacy literature-derived/project-internal source; no row-level DOI available,CA0065,assumed_or_estimated,no,diagnostic_only
CA0066,SFC_C657B6B2A8F2,SRC023,LIQ_6656B41AB7,55.0,static,sessile_drop,298.15,,1.0,,,,,,C_low,unclear_condition,30.0,29.5,0.5,project/default or same source when available,assumed_or_estimated,legacy literature-derived/project-internal source; no row-level DOI available,CA0066,assumed_or_estimated,no,diagnostic_only
CA0067,SFC_EADE66E24084,SRC023,LIQ_6656B41AB7,50.0,static,sessile_drop,298.15,,1.0,,,,,,C_low,unclear_condition,32.0,31.0,1.0,project/default or same source when available,assumed_or_estimated,legacy literature-derived/project-internal source; no row-level DOI available,CA0067,assumed_or_estimated,no,diagnostic_only
CA0068,SFC_7320418E2637,SRC023,LIQ_6656B41AB7,52.0,static,sessile_drop,298.15,,1.0,,,,,,C_low,unclear_condition,32.0,31.0,1.0,project/default or same source when available,assumed_or_estimated,legacy literature-derived/project-internal source; no row-level DOI available,CA0068,assumed_or_estimated,no,diagnostic_only
CA0069,SFC_059D01259A34,SRC023,LIQ_6656B41AB7,51.0,static,sessile_drop,298.15,,1.0,,,,,,C_low,unclear_condition,31.0,30.0,1.0,project/default or same source when available,assumed_or_estimated,legacy literature-derived/project-internal source; no row-level DOI available,CA0069,assumed_or_estimated,no,diagnostic_only
CA0070,SFC_B8D818A15C77,SRC024,LIQ_0F4168490E,91.0,static,sessile_drop,298.15,,1.0,,,,,,C_low,possible_duplicate,33.0,31.0,2.0,project/default or same source when available,assumed_or_estimated,legacy literature-derived/project-internal source; duplicate/conflicting rows retained for review,CA0070,assumed_or_estimated,no,diagnostic_only
CA0071,SFC_DFFFBB02B458,SRC024,LIQ_0F4168490E,108.0,static,sessile_drop,298.15,,1.0,,,,,,C_low,possible_duplicate,18.0,18.0,0.0,project/default or same source when available,assumed_or_estimated,legacy literature-derived/project-internal source; duplicate/conflicting rows retained for review,CA0071,assumed_or_estimated,no,diagnostic_only
CA0072,SFC_CC13B5674B11,SRC024,LIQ_53310FAFB3,55.0,static,sessile_drop,298.15,,1.0,,,,,,C_low,possible_duplicate,31.0,30.0,1.0,project/default or same source when available,assumed_or_estimated,legacy literature-derived/project-internal source; duplicate/conflicting rows retained for review,CA0072,assumed_or_estimated,no,diagnostic_only
CA0073,SFC_2F5D209BCFE9,SRC024,LIQ_53310FAFB3,52.0,static,sessile_drop,298.15,,1.0,,,,,,C_low,possible_duplicate,29.0,28.0,1.0,project/default or same source when available,assumed_or_estimated,legacy literature-derived/project-internal source; duplicate/conflicting rows retained for review,CA0073,assumed_or_estimated,no,diagnostic_only
CA0074,SFC_B8D818A15C77,SRC024,LIQ_53310FAFB3,68.0,static,sessile_drop,298.15,,1.0,,,,,,C_low,possible_duplicate,33.0,31.0,2.0,project/default or same source when available,assumed_or_estimated,legacy literature-derived/project-internal source; duplicate/conflicting rows retained for review,CA0074,assumed_or_estimated,no,diagnostic_only
CA0075,SFC_DFFFBB02B458,SRC024,LIQ_53310FAFB3,78.0,static,sessile_drop,298.15,,1.0,,,,,,C_low,possible_duplicate,18.0,18.0,0.0,project/default or same source when available,assumed_or_estimated,legacy literature-derived/project-internal source; duplicate/conflicting rows retained for review,CA0075,assumed_or_estimated,no,diagnostic_only
CA0076,SFC_8E1BAB0CA5A6,SRC024,LIQ_53310FAFB3,58.0,static,sessile_drop,298.15,,1.0,,,,,,C_low,possible_duplicate,25.0,23.0,2.0,project/default or same source when available,assumed_or_estimated,legacy literature-derived/project-internal source; duplicate/conflicting rows retained for review,CA0076,assumed_or_estimated,no,diagnostic_only
CA0077,SFC_95580B5C4364,SRC010,LIQ_0F4168490E,122.42,static,sessile_drop,298.15,,1.0,2.0,,,,,A_high,none,16.27,16.2,0.07,calculated from paired water/diiodomethane contact angles in Table 2,inferred_from_contact_angles,Table 2 direct value; contact angles reported for water and diiodomethane after air SDBD plasma treatments,CA0077,inferred_from_contact_angles,no,yes
CA0078,SFC_95580B5C4364,SRC010,LIQ_6656B41AB7,84.98,static,sessile_drop,298.15,,1.0,2.0,,,,,A_high,none,16.27,16.2,0.07,calculated from paired water/diiodomethane contact angles in Table 2,inferred_from_contact_angles,Table 2 direct value; contact angles reported for water and diiodomethane after air SDBD plasma treatments,CA0078,inferred_from_contact_angles,no,yes
CA0079,SFC_F7990EF3D076,SRC010,LIQ_0F4168490E,116.91,static,sessile_drop,298.15,,1.0,2.0,,,,,A_high,none,18.6,18.6,0.0,calculated from paired water/diiodomethane contact angles in Table 2,inferred_from_contact_angles,Table 2 direct value; contact angles reported for water and diiodomethane after air SDBD plasma treatments,CA0079,inferred_from_contact_angles,no,yes
CA0080,SFC_F7990EF3D076,SRC010,LIQ_6656B41AB7,79.59,static,sessile_drop,298.15,,1.0,2.0,,,,,A_high,none,18.6,18.6,0.0,calculated from paired water/diiodomethane contact angles in Table 2,inferred_from_contact_angles,Table 2 direct value; contact angles reported for water and diiodomethane after air SDBD plasma treatments,CA0080,inferred_from_contact_angles,no,yes
CA0081,SFC_10C3C0102684,SRC010,LIQ_0F4168490E,60.42,static,sessile_drop,298.15,,1.0,2.0,,,,,A_high,none,41.87,19.62,22.25,calculated from paired water/diiodomethane contact angles in Table 2,inferred_from_contact_angles,Table 2 direct value; contact angles reported for water and diiodomethane after air SDBD plasma treatments,CA0081,inferred_from_contact_angles,no,yes
CA0082,SFC_10C3C0102684,SRC010,LIQ_6656B41AB7,60.25,static,sessile_drop,298.15,,1.0,2.0,,,,,A_high,none,41.87,19.62,22.25,calculated from paired water/diiodomethane contact angles in Table 2,inferred_from_contact_angles,Table 2 direct value; contact angles reported for water and diiodomethane after air SDBD plasma treatments,CA0082,inferred_from_contact_angles,no,yes
CA0083,SFC_FA6603E349B6,SRC010,LIQ_0F4168490E,76.51,static,sessile_drop,298.15,,1.0,2.0,,,,,A_high,none,33.46,23.92,9.54,calculated from paired water/diiodomethane contact angles in Table 2,inferred_from_contact_angles,Table 2 direct value; contact angles reported for water and diiodomethane after air SDBD plasma treatments,CA0083,inferred_from_contact_angles,no,yes
CA0084,SFC_FA6603E349B6,SRC010,LIQ_6656B41AB7,58.3,static,sessile_drop,298.15,,1.0,2.0,,,,,A_high,none,33.46,23.92,9.54,calculated from paired water/diiodomethane contact angles in Table 2,inferred_from_contact_angles,Table 2 direct value; contact angles reported for water and diiodomethane after air SDBD plasma treatments,CA0084,inferred_from_contact_angles,no,yes
CA0085,SFC_91AEF1F6D63F,SRC010,LIQ_0F4168490E,103.37,static,sessile_drop,298.15,,1.0,2.0,,,,,A_high,none,17.38,15.59,1.79,calculated from paired water/diiodomethane contact angles in Table 2,inferred_from_contact_angles,Table 2 direct value; contact angles reported for water and diiodomethane after air SDBD plasma treatments,CA0085,inferred_from_contact_angles,no,yes
CA0086,SFC_91AEF1F6D63F,SRC010,LIQ_6656B41AB7,80.65,static,sessile_drop,298.15,,1.0,2.0,,,,,A_high,none,17.38,15.59,1.79,calculated from paired water/diiodomethane contact angles in Table 2,inferred_from_contact_angles,Table 2 direct value; contact angles reported for water and diiodomethane after air SDBD plasma treatments,CA0086,inferred_from_contact_angles,no,yes
CA0087,SFC_B26BB3C57516,SRC010,LIQ_0F4168490E,94.3,static,sessile_drop,298.15,,1.0,2.0,,,,,A_high,none,20.85,16.66,4.19,calculated from paired water/diiodomethane contact angles in Table 2,inferred_from_contact_angles,Table 2 direct value; contact angles reported for water and diiodomethane after air SDBD plasma treatments,CA0087,inferred_from_contact_angles,no,yes
CA0088,SFC_B26BB3C57516,SRC010,LIQ_6656B41AB7,76.04,static,sessile_drop,298.15,,1.0,2.0,,,,,A_high,none,20.85,16.66,4.19,calculated from paired water/diiodomethane contact angles in Table 2,inferred_from_contact_angles,Table 2 direct value; contact angles reported for water and diiodomethane after air SDBD plasma treatments,CA0088,inferred_from_contact_angles,no,yes
CA0089,SFC_EE615B6001A2,SRC010,LIQ_0F4168490E,52.45,static,sessile_drop,298.15,,1.0,2.0,,,,,A_high,none,47.16,14.94,32.22,calculated from paired water/diiodomethane contact angles in Table 2,inferred_from_contact_angles,Table 2 direct value; contact angles reported for water and diiodomethane after air SDBD plasma treatments,CA0089,inferred_from_contact_angles,no,yes
CA0090,SFC_EE615B6001A2,SRC010,LIQ_6656B41AB7,66.51,static,sessile_drop,298.15,,1.0,2.0,,,,,A_high,none,47.16,14.94,32.22,calculated from paired water/diiodomethane contact angles in Table 2,inferred_from_contact_angles,Table 2 direct value; contact angles reported for water and diiodomethane after air SDBD plasma treatments,CA0090,inferred_from_contact_angles,no,yes
CA0091,SFC_C256F7B116EE,SRC010,LIQ_0F4168490E,40.92,static,sessile_drop,298.15,,1.0,2.0,,,,,A_high,none,57.83,27.04,30.79,calculated from paired water/diiodomethane contact angles in Table 2,inferred_from_contact_angles,Table 2 direct value; contact angles reported for water and diiodomethane after air SDBD plasma treatments,CA0091,inferred_from_contact_angles,no,yes
CA0092,SFC_C256F7B116EE,SRC010,LIQ_6656B41AB7,40.8,static,sessile_drop,298.15,,1.0,2.0,,,,,A_high,none,57.83,27.04,30.79,calculated from paired water/diiodomethane contact angles in Table 2,inferred_from_contact_angles,Table 2 direct value; contact angles reported for water and diiodomethane after air SDBD plasma treatments,CA0092,inferred_from_contact_angles,no,yes
CA0093,SFC_A5B2B66974AE,SRC009,LIQ_0F4168490E,83.5,static,sessile_drop,298.15,,1.0,,,2.1,,,A_high,none,24.34,13.82,10.52,calculated from paired water/diiodomethane contact angles in Table 4,inferred_from_contact_angles,Table 4 direct value; mean +/- standard deviation reported for water and diiodomethane,CA0093,inferred_from_contact_angles,no,yes
CA0094,SFC_A5B2B66974AE,SRC009,LIQ_6656B41AB7,77.7,static,sessile_drop,298.15,,1.0,,,1.9,,,A_high,none,24.34,13.82,10.52,calculated from paired water/diiodomethane contact angles in Table 4,inferred_from_contact_angles,Table 4 direct value; mean +/- standard deviation reported for water and diiodomethane,CA0094,inferred_from_contact_angles,no,yes
CA0095,SFC_BF7DB4F8493A,SRC009,LIQ_0F4168490E,11.4,static,sessile_drop,298.15,,1.0,,,1.8,,,A_high,none,72.16,28.79,43.37,calculated from paired water/diiodomethane contact angles in Table 4,inferred_from_contact_angles,Table 4 direct value; mean +/- standard deviation reported for water and diiodomethane,CA0095,inferred_from_contact_angles,no,yes
CA0096,SFC_BF7DB4F8493A,SRC009,LIQ_6656B41AB7,30.2,static,sessile_drop,298.15,,1.0,,,1.8,,,A_high,none,72.16,28.79,43.37,calculated from paired water/diiodomethane contact angles in Table 4,inferred_from_contact_angles,Table 4 direct value; mean +/- standard deviation reported for water and diiodomethane,CA0096,inferred_from_contact_angles,no,yes
CA0097,SFC_1CE43E1DBA17,SRC009,LIQ_0F4168490E,101.3,static,sessile_drop,298.15,,1.0,,,4.1,,,A_high,none,16.36,13.48,2.88,calculated from paired water/diiodomethane contact angles in Table 4,inferred_from_contact_angles,Table 4 direct value; mean +/- standard deviation reported for water and diiodomethane,CA0097,inferred_from_contact_angles,no,yes
CA0098,SFC_1CE43E1DBA17,SRC009,LIQ_6656B41AB7,83.8,static,sessile_drop,298.15,,1.0,,,2.0,,,A_high,none,16.36,13.48,2.88,calculated from paired water/diiodomethane contact angles in Table 4,inferred_from_contact_angles,Table 4 direct value; mean +/- standard deviation reported for water and diiodomethane,CA0098,inferred_from_contact_angles,no,yes
CA0099,SFC_CD91556CDD43,SRC009,LIQ_0F4168490E,65.4,static,sessile_drop,298.15,,1.0,,,3.6,,,A_high,none,38.41,19.91,18.5,calculated from paired water/diiodomethane contact angles in Table 4,inferred_from_contact_angles,Table 4 direct value; mean +/- standard deviation reported for water and diiodomethane,CA0099,inferred_from_contact_angles,no,yes
CA0100,SFC_CD91556CDD43,SRC009,LIQ_6656B41AB7,61.3,static,sessile_drop,298.15,,1.0,,,2.5,,,A_high,none,38.41,19.91,18.5,calculated from paired water/diiodomethane contact angles in Table 4,inferred_from_contact_angles,Table 4 direct value; mean +/- standard deviation reported for water and diiodomethane,CA0100,inferred_from_contact_angles,no,yes
CA0101,SFC_5EB9C176CFB3,SRC007,LIQ_0F4168490E,98.7,static,sessile_drop,298.15,,1.0,,,,,,A_high,none,30.79,30.71,0.08,"same paper Table 1, OWRK surface energy",inferred_from_contact_angles,Table 1 direct value; contact angles measured using distilled water and diiodomethane,CA0101,inferred_from_contact_angles,no,yes
CA0102,SFC_5EB9C176CFB3,SRC007,LIQ_6656B41AB7,45.7,static,sessile_drop,298.15,,1.0,,,,,,A_high,none,30.79,30.71,0.08,"same paper Table 1, OWRK surface energy",inferred_from_contact_angles,Table 1 direct value; contact angles measured using distilled water and diiodomethane,CA0102,inferred_from_contact_angles,no,yes
CA0103,SFC_4A9A552599CA,SRC007,LIQ_0F4168490E,85.6,static,sessile_drop,298.15,,1.0,,,,,,A_high,none,40.91,40.35,0.56,"same paper Table 1, OWRK surface energy",inferred_from_contact_angles,Table 1 direct value; contact angles measured using distilled water and diiodomethane,CA0103,inferred_from_contact_angles,no,yes
CA0104,SFC_4A9A552599CA,SRC007,LIQ_6656B41AB7,27.8,static,sessile_drop,298.15,,1.0,,,,,,A_high,none,40.91,40.35,0.56,"same paper Table 1, OWRK surface energy",inferred_from_contact_angles,Table 1 direct value; contact angles measured using distilled water and diiodomethane,CA0104,inferred_from_contact_angles,no,yes
CA0105,SFC_FE6387F77D1C,SRC007,LIQ_0F4168490E,69.3,static,sessile_drop,298.15,,1.0,,,,,,A_high,none,48.68,38.89,9.79,"same paper Table 1, OWRK surface energy",inferred_from_contact_angles,Table 1 direct value; contact angles measured using distilled water and diiodomethane,CA0105,inferred_from_contact_angles,no,yes
CA0106,SFC_FE6387F77D1C,SRC007,LIQ_6656B41AB7,31.6,static,sessile_drop,298.15,,1.0,,,,,,A_high,none,48.68,38.89,9.79,"same paper Table 1, OWRK surface energy",inferred_from_contact_angles,Table 1 direct value; contact angles measured using distilled water and diiodomethane,CA0106,inferred_from_contact_angles,no,yes
CA0107,SFC_5B98CD5D3171,SRC008,LIQ_0F4168490E,48.4,static,sessile_drop,298.15,,1.0,,,0.7,,,A_high,none,52.0,36.4,15.6,same paper text for dry films,literature_reported,Text/Figure 4 values; water contact angle and captive-bubble angle for PEGDA hydrogels,CA0107,literature_reported,no,yes
CA0108,SFC_501977853E73,SRC008,LIQ_0F4168490E,56.2,static,sessile_drop,298.15,,1.0,,,0.6,,,A_high,none,52.0,39.3,12.7,same paper text for dry films,literature_reported,Text/Figure 4 values; water contact angle and captive-bubble angle for PEGDA hydrogels,CA0108,literature_reported,no,yes
CA0109,SFC_FA2839A92EC7,SRC008,LIQ_0F4168490E,44.7,static,sessile_drop,298.15,,1.0,,,2.1,,,A_high,none,52.0,36.4,15.6,same paper text for dry films,literature_reported,Text/Figure 4 values; water contact angle and captive-bubble angle for PEGDA hydrogels,CA0109,literature_reported,no,yes
CA0110,SFC_1D8B05F80DC7,SRC008,LIQ_0F4168490E,49.9,static,sessile_drop,298.15,,1.0,,,3.9,,,A_high,none,52.0,39.3,12.7,same paper text for dry films,literature_reported,Text/Figure 4 values; water contact angle and captive-bubble angle for PEGDA hydrogels,CA0110,literature_reported,no,yes
CA0111,SFC_44B95F9FBEE4,SRC008,LIQ_0F4168490E,45.4,apparent,captive_bubble,298.15,,1.0,,,3.8,,,A_high,none,52.0,36.4,15.6,same paper text for dry films,literature_reported,Text/Figure 4 values; water contact angle and captive-bubble angle for PEGDA hydrogels,CA0111,literature_reported,no,yes
CA0112,SFC_E5CA0C67969B,SRC008,LIQ_0F4168490E,34.6,apparent,captive_bubble,298.15,,1.0,,,4.9,,,A_high,none,52.0,39.3,12.7,same paper text for dry films,literature_reported,Text/Figure 4 values; water contact angle and captive-bubble angle for PEGDA hydrogels,CA0112,literature_reported,no,yes
CA0235,SFC_2A727AF34E6D,SRC013,LIQ_6656B41AB7,19.7,static,sessile_drop,296.15,,1.0,3.0,5.0,2.0,,,A_high,none,65.8,47.9,18.0,"same paper Table 4: total surface energy, gamma_S^LW, and gamma_S^AB",literature_reported,"Tables 3 and 4 direct values; contact angles for water, diiodomethane, and ethylene glycol plus surface energy components",CA0235,literature_reported,no,yes
CA0236,SFC_2A727AF34E6D,SRC013,LIQ_53310FAFB3,20.1,static,sessile_drop,296.15,,1.0,3.0,5.0,2.0,,,A_high,none,65.8,47.9,18.0,"same paper Table 4: total surface energy, gamma_S^LW, and gamma_S^AB",literature_reported,"Tables 3 and 4 direct values; contact angles for water, diiodomethane, and ethylene glycol plus surface energy components",CA0236,literature_reported,no,yes
CA0237,SFC_2A727AF34E6D,SRC013,LIQ_0F4168490E,19.7,static,sessile_drop,296.15,,1.0,3.0,5.0,2.0,,,A_high,none,65.8,47.9,18.0,"same paper Table 4: total surface energy, gamma_S^LW, and gamma_S^AB",literature_reported,"Tables 3 and 4 direct values; contact angles for water, diiodomethane, and ethylene glycol plus surface energy components",CA0237,literature_reported,no,yes
CA0238,SFC_E38FF72DBA39,SRC013,LIQ_6656B41AB7,31.5,static,sessile_drop,296.15,,1.0,3.0,5.0,2.0,,,A_high,none,57.7,43.6,14.1,"same paper Table 4: total surface energy, gamma_S^LW, and gamma_S^AB",literature_reported,"Tables 3 and 4 direct values; contact angles for water, diiodomethane, and ethylene glycol plus surface energy components",CA0238,literature_reported,no,yes
CA0239,SFC_E38FF72DBA39,SRC013,LIQ_53310FAFB3,34.7,static,sessile_drop,296.15,,1.0,3.0,5.0,2.0,,,A_high,none,57.7,43.6,14.1,"same paper Table 4: total surface energy, gamma_S^LW, and gamma_S^AB",literature_reported,"Tables 3 and 4 direct values; contact angles for water, diiodomethane, and ethylene glycol plus surface energy components",CA0239,literature_reported,no,yes
CA0240,SFC_E38FF72DBA39,SRC013,LIQ_0F4168490E,38.8,static,sessile_drop,296.15,,1.0,3.0,5.0,2.0,,,A_high,none,57.7,43.6,14.1,"same paper Table 4: total surface energy, gamma_S^LW, and gamma_S^AB",literature_reported,"Tables 3 and 4 direct values; contact angles for water, diiodomethane, and ethylene glycol plus surface energy components",CA0240,literature_reported,no,yes
CA0241,SFC_39DBA098ECDC,SRC013,LIQ_6656B41AB7,23.8,static,sessile_drop,296.15,,1.0,3.0,5.0,2.0,,,A_high,none,54.7,46.6,8.1,"same paper Table 4: total surface energy, gamma_S^LW, and gamma_S^AB",literature_reported,"Tables 3 and 4 direct values; contact angles for water, diiodomethane, and ethylene glycol plus surface energy components",CA0241,literature_reported,no,yes
CA0242,SFC_39DBA098ECDC,SRC013,LIQ_53310FAFB3,28.1,static,sessile_drop,296.15,,1.0,3.0,5.0,2.0,,,A_high,none,54.7,46.6,8.1,"same paper Table 4: total surface energy, gamma_S^LW, and gamma_S^AB",literature_reported,"Tables 3 and 4 direct values; contact angles for water, diiodomethane, and ethylene glycol plus surface energy components",CA0242,literature_reported,no,yes
CA0243,SFC_39DBA098ECDC,SRC013,LIQ_0F4168490E,43.0,static,sessile_drop,296.15,,1.0,3.0,5.0,2.0,,,A_high,none,54.7,46.6,8.1,"same paper Table 4: total surface energy, gamma_S^LW, and gamma_S^AB",literature_reported,"Tables 3 and 4 direct values; contact angles for water, diiodomethane, and ethylene glycol plus surface energy components",CA0243,literature_reported,no,yes
CA0244,SFC_417F923EF7B4,SRC013,LIQ_6656B41AB7,23.4,static,sessile_drop,296.15,,1.0,3.0,5.0,2.0,,,A_high,none,55.3,46.7,8.6,"same paper Table 4: total surface energy, gamma_S^LW, and gamma_S^AB",literature_reported,"Tables 3 and 4 direct values; contact angles for water, diiodomethane, and ethylene glycol plus surface energy components",CA0244,literature_reported,no,yes
CA0245,SFC_417F923EF7B4,SRC013,LIQ_53310FAFB3,23.3,static,sessile_drop,296.15,,1.0,3.0,5.0,2.0,,,A_high,none,55.3,46.7,8.6,"same paper Table 4: total surface energy, gamma_S^LW, and gamma_S^AB",literature_reported,"Tables 3 and 4 direct values; contact angles for water, diiodomethane, and ethylene glycol plus surface energy components",CA0245,literature_reported,no,yes
CA0246,SFC_417F923EF7B4,SRC013,LIQ_0F4168490E,37.3,static,sessile_drop,296.15,,1.0,3.0,5.0,2.0,,,A_high,none,55.3,46.7,8.6,"same paper Table 4: total surface energy, gamma_S^LW, and gamma_S^AB",literature_reported,"Tables 3 and 4 direct values; contact angles for water, diiodomethane, and ethylene glycol plus surface energy components",CA0246,literature_reported,no,yes
CA0247,SFC_8E79B764A41F,SRC013,LIQ_6656B41AB7,23.8,static,sessile_drop,296.15,,1.0,3.0,5.0,2.0,,,A_high,none,61.3,46.6,14.8,"same paper Table 4: total surface energy, gamma_S^LW, and gamma_S^AB",literature_reported,"Tables 3 and 4 direct values; contact angles for water, diiodomethane, and ethylene glycol plus surface energy components",CA0247,literature_reported,no,yes
CA0248,SFC_8E79B764A41F,SRC013,LIQ_53310FAFB3,33.1,static,sessile_drop,296.15,,1.0,3.0,5.0,2.0,,,A_high,none,61.3,46.6,14.8,"same paper Table 4: total surface energy, gamma_S^LW, and gamma_S^AB",literature_reported,"Tables 3 and 4 direct values; contact angles for water, diiodomethane, and ethylene glycol plus surface energy components",CA0248,literature_reported,no,yes
CA0249,SFC_8E79B764A41F,SRC013,LIQ_0F4168490E,40.1,static,sessile_drop,296.15,,1.0,3.0,5.0,2.0,,,A_high,none,61.3,46.6,14.8,"same paper Table 4: total surface energy, gamma_S^LW, and gamma_S^AB",literature_reported,"Tables 3 and 4 direct values; contact angles for water, diiodomethane, and ethylene glycol plus surface energy components",CA0249,literature_reported,no,yes
CA0250,SFC_67E6ABEA7841,SRC013,LIQ_6656B41AB7,33.1,static,sessile_drop,296.15,,1.0,3.0,5.0,2.0,,,A_high,none,53.1,42.9,10.1,"same paper Table 4: total surface energy, gamma_S^LW, and gamma_S^AB",literature_reported,"Tables 3 and 4 direct values; contact angles for water, diiodomethane, and ethylene glycol plus surface energy components",CA0250,literature_reported,no,yes
CA0251,SFC_67E6ABEA7841,SRC013,LIQ_53310FAFB3,37.0,static,sessile_drop,296.15,,1.0,3.0,5.0,2.0,,,A_high,none,53.1,42.9,10.1,"same paper Table 4: total surface energy, gamma_S^LW, and gamma_S^AB",literature_reported,"Tables 3 and 4 direct values; contact angles for water, diiodomethane, and ethylene glycol plus surface energy components",CA0251,literature_reported,no,yes
CA0252,SFC_67E6ABEA7841,SRC013,LIQ_0F4168490E,46.0,static,sessile_drop,296.15,,1.0,3.0,5.0,2.0,,,A_high,none,53.1,42.9,10.1,"same paper Table 4: total surface energy, gamma_S^LW, and gamma_S^AB",literature_reported,"Tables 3 and 4 direct values; contact angles for water, diiodomethane, and ethylene glycol plus surface energy components",CA0252,literature_reported,no,yes
CA0267,SFC_93C87B65E929,SRC015,LIQ_0F4168490E,79.97,static,sessile_drop,298.15,,1.0,,,,,,A_high,none,35.3,29.33,5.97,calculated from water/ethylene glycol contact angles in Table 1 using OWRK two-liquid fit,inferred_from_contact_angles,"Table 1 direct values; water and ethylene glycol contact angles for PMMA, plasma-treated PMMA, DLC-PMMA, and micropillar PMMA",CA0267,inferred_from_contact_angles,no,yes
CA0268,SFC_93C87B65E929,SRC015,LIQ_53310FAFB3,48.77,static,sessile_drop,298.15,,1.0,,,,,,A_high,none,35.3,29.33,5.97,calculated from water/ethylene glycol contact angles in Table 1 using OWRK two-liquid fit,inferred_from_contact_angles,"Table 1 direct values; water and ethylene glycol contact angles for PMMA, plasma-treated PMMA, DLC-PMMA, and micropillar PMMA",CA0268,inferred_from_contact_angles,no,yes
CA0269,SFC_A716853C1624,SRC015,LIQ_0F4168490E,44.35,static,sessile_drop,298.15,,1.0,,,,,,A_high,none,54.98,8.99,45.99,calculated from water/ethylene glycol contact angles in Table 1 using OWRK two-liquid fit,inferred_from_contact_angles,"Table 1 direct values; water and ethylene glycol contact angles for PMMA, plasma-treated PMMA, DLC-PMMA, and micropillar PMMA",CA0269,inferred_from_contact_angles,no,yes
CA0270,SFC_A716853C1624,SRC015,LIQ_53310FAFB3,25.25,static,sessile_drop,298.15,,1.0,,,,,,A_high,none,54.98,8.99,45.99,calculated from water/ethylene glycol contact angles in Table 1 using OWRK two-liquid fit,inferred_from_contact_angles,"Table 1 direct values; water and ethylene glycol contact angles for PMMA, plasma-treated PMMA, DLC-PMMA, and micropillar PMMA",CA0270,inferred_from_contact_angles,no,yes
CA0271,SFC_86D8700CAF9C,SRC015,LIQ_0F4168490E,52.13,static,sessile_drop,298.15,,1.0,,,,,,A_high,none,53.54,2.87,50.67,calculated from water/ethylene glycol contact angles in Table 1 using OWRK two-liquid fit,inferred_from_contact_angles,"Table 1 direct values; water and ethylene glycol contact angles for PMMA, plasma-treated PMMA, DLC-PMMA, and micropillar PMMA",CA0271,inferred_from_contact_angles,no,yes
CA0272,SFC_86D8700CAF9C,SRC015,LIQ_53310FAFB3,47.7,static,sessile_drop,298.15,,1.0,,,,,,A_high,none,53.54,2.87,50.67,calculated from water/ethylene glycol contact angles in Table 1 using OWRK two-liquid fit,inferred_from_contact_angles,"Table 1 direct values; water and ethylene glycol contact angles for PMMA, plasma-treated PMMA, DLC-PMMA, and micropillar PMMA",CA0272,inferred_from_contact_angles,no,yes
CA0273,SFC_3014F50685DA,SRC015,LIQ_0F4168490E,72.66,static,sessile_drop,298.15,,1.0,,,,,,A_high,none,52.84,48.61,4.24,calculated from water/ethylene glycol contact angles in Table 1 using OWRK two-liquid fit,inferred_from_contact_angles,"Table 1 direct values; water and ethylene glycol contact angles for PMMA, plasma-treated PMMA, DLC-PMMA, and micropillar PMMA",CA0273,inferred_from_contact_angles,no,yes
CA0274,SFC_3014F50685DA,SRC015,LIQ_53310FAFB3,20.26,static,sessile_drop,298.15,,1.0,,,,,,A_high,none,52.84,48.61,4.24,calculated from water/ethylene glycol contact angles in Table 1 using OWRK two-liquid fit,inferred_from_contact_angles,"Table 1 direct values; water and ethylene glycol contact angles for PMMA, plasma-treated PMMA, DLC-PMMA, and micropillar PMMA",CA0274,inferred_from_contact_angles,no,yes
CA0275,SFC_FD37A16743B7,SRC015,LIQ_0F4168490E,81.25,static,sessile_drop,298.15,,1.0,,,,,,A_high,none,47.1,44.87,2.23,calculated from water/ethylene glycol contact angles in Table 1 using OWRK two-liquid fit,inferred_from_contact_angles,"Table 1 direct values; water and ethylene glycol contact angles for PMMA, plasma-treated PMMA, DLC-PMMA, and micropillar PMMA",CA0275,inferred_from_contact_angles,no,yes
CA0276,SFC_FD37A16743B7,SRC015,LIQ_53310FAFB3,39.27,static,sessile_drop,298.15,,1.0,,,,,,A_high,none,47.1,44.87,2.23,calculated from water/ethylene glycol contact angles in Table 1 using OWRK two-liquid fit,inferred_from_contact_angles,"Table 1 direct values; water and ethylene glycol contact angles for PMMA, plasma-treated PMMA, DLC-PMMA, and micropillar PMMA",CA0276,inferred_from_contact_angles,no,yes
CA0277,SFC_1B0EE35A8601,SRC005,LIQ_0F4168490E,94.0,static,sessile_drop,298.15,,1.0,,,1.0,,,A_high,none,28.35,26.45,1.9,apparent OWRK fit from Table 1 water/hexadecane contact angles; rough/coated states treated as effective surfaces,inferred_from_contact_angles,Table 1 direct values; water and hexadecane static contact angles for flat and honeycomb polystyrene before/after fluorosilane and lubricant treatments,CA0277,inferred_from_contact_angles,no,yes
CA0278,SFC_1B0EE35A8601,SRC005,LIQ_B6950B5CB8,16.0,static,sessile_drop,298.15,,1.0,,,2.0,,,A_high,none,28.35,26.45,1.9,apparent OWRK fit from Table 1 water/hexadecane contact angles; rough/coated states treated as effective surfaces,inferred_from_contact_angles,Table 1 direct values; water and hexadecane static contact angles for flat and honeycomb polystyrene before/after fluorosilane and lubricant treatments,CA0278,inferred_from_contact_angles,no,yes
CA0279,SFC_231FB62337B5,SRC005,LIQ_0F4168490E,107.0,static,sessile_drop,298.15,,1.0,,,2.0,,,A_high,none,19.71,19.15,0.56,apparent OWRK fit from Table 1 water/hexadecane contact angles; rough/coated states treated as effective surfaces,inferred_from_contact_angles,Table 1 direct values; water and hexadecane static contact angles for flat and honeycomb polystyrene before/after fluorosilane and lubricant treatments,CA0279,inferred_from_contact_angles,no,yes
CA0280,SFC_231FB62337B5,SRC005,LIQ_B6950B5CB8,48.0,static,sessile_drop,298.15,,1.0,,,2.0,,,A_high,none,19.71,19.15,0.56,apparent OWRK fit from Table 1 water/hexadecane contact angles; rough/coated states treated as effective surfaces,inferred_from_contact_angles,Table 1 direct values; water and hexadecane static contact angles for flat and honeycomb polystyrene before/after fluorosilane and lubricant treatments,CA0280,inferred_from_contact_angles,no,yes
CA0281,SFC_D6B816FE09EC,SRC005,LIQ_0F4168490E,134.0,static,sessile_drop,298.15,,1.0,,,5.0,,,B_medium,none,21.56,19.74,1.82,apparent OWRK fit from Table 1 water/hexadecane contact angles; rough/coated states treated as effective surfaces,inferred_from_contact_angles,Table 1 direct values; water and hexadecane static contact angles for flat and honeycomb polystyrene before/after fluorosilane and lubricant treatments,CA0281,inferred_from_contact_angles,no,yes
CA0282,SFC_D6B816FE09EC,SRC005,LIQ_B6950B5CB8,46.0,static,sessile_drop,298.15,,1.0,,,2.0,,,B_medium,none,21.56,19.74,1.82,apparent OWRK fit from Table 1 water/hexadecane contact angles; rough/coated states treated as effective surfaces,inferred_from_contact_angles,Table 1 direct values; water and hexadecane static contact angles for flat and honeycomb polystyrene before/after fluorosilane and lubricant treatments,CA0282,inferred_from_contact_angles,no,yes
CA0283,SFC_F8843DC534D0,SRC005,LIQ_0F4168490E,153.0,static,sessile_drop,298.15,,1.0,,,2.0,,,B_medium,none,0.88,0.88,0.0,apparent OWRK fit from Table 1 water/hexadecane contact angles; rough/coated states treated as effective surfaces,inferred_from_contact_angles,Table 1 direct values; water and hexadecane static contact angles for flat and honeycomb polystyrene before/after fluorosilane and lubricant treatments,CA0283,inferred_from_contact_angles,no,yes
CA0284,SFC_F8843DC534D0,SRC005,LIQ_B6950B5CB8,130.0,static,sessile_drop,298.15,,1.0,,,5.0,,,B_medium,none,0.88,0.88,0.0,apparent OWRK fit from Table 1 water/hexadecane contact angles; rough/coated states treated as effective surfaces,inferred_from_contact_angles,Table 1 direct values; water and hexadecane static contact angles for flat and honeycomb polystyrene before/after fluorosilane and lubricant treatments,CA0284,inferred_from_contact_angles,no,yes
CA0285,SFC_4B9DA50F6033,SRC006,LIQ_0F4168490E,69.0,static,sessile_drop,298.15,,1.0,,,,,,A_high,none,42.39,31.98,10.41,calculated from water/diiodomethane contact angles reported in the surface characterization section; paper reports total surface free energy about 47 mJ/m2,inferred_from_contact_angles,Surface characterization section direct values; water and diiodomethane contact angles for PPC biodegradable polymer dielectric/substrate,CA0285,inferred_from_contact_angles,no,yes
CA0286,SFC_4B9DA50F6033,SRC006,LIQ_6656B41AB7,42.0,static,sessile_drop,298.15,,1.0,,,,,,A_high,none,42.39,31.98,10.41,calculated from water/diiodomethane contact angles reported in the surface characterization section; paper reports total surface free energy about 47 mJ/m2,inferred_from_contact_angles,Surface characterization section direct values; water and diiodomethane contact angles for PPC biodegradable polymer dielectric/substrate,CA0286,inferred_from_contact_angles,no,yes
CA0287,SFC_75203B72A5AD,SRC022,LIQ_0F4168490E,43.64,static,sessile_drop,298.15,,1.0,,,,,,A_high,none,55.65,45.14,10.51,"same paper Table 4: total, dispersive, and polar surface energy components",literature_reported,Table 4 direct values; water and diiodomethane contact angles with reported dispersive/polar surface energy components,CA0287,literature_reported,no,yes
CA0288,SFC_75203B72A5AD,SRC022,LIQ_6656B41AB7,30.05,static,sessile_drop,298.15,,1.0,,,,,,A_high,none,55.65,45.14,10.51,"same paper Table 4: total, dispersive, and polar surface energy components",literature_reported,Table 4 direct values; water and diiodomethane contact angles with reported dispersive/polar surface energy components,CA0288,literature_reported,no,yes
CA0289,SFC_39B450DAB1FB,SRC022,LIQ_0F4168490E,41.23,static,sessile_drop,298.15,,1.0,,,,,,A_high,none,56.24,42.42,13.82,"same paper Table 4: total, dispersive, and polar surface energy components",literature_reported,Table 4 direct values; water and diiodomethane contact angles with reported dispersive/polar surface energy components,CA0289,literature_reported,no,yes
CA0290,SFC_39B450DAB1FB,SRC022,LIQ_6656B41AB7,34.52,static,sessile_drop,298.15,,1.0,,,,,,A_high,none,56.24,42.42,13.82,"same paper Table 4: total, dispersive, and polar surface energy components",literature_reported,Table 4 direct values; water and diiodomethane contact angles with reported dispersive/polar surface energy components,CA0290,literature_reported,no,yes
CA0291,SFC_588A96278F34,SRC022,LIQ_0F4168490E,32.1,static,sessile_drop,298.15,,1.0,,,,,,A_high,none,62.03,46.21,15.82,"same paper Table 4: total, dispersive, and polar surface energy components",literature_reported,Table 4 direct values; water and diiodomethane contact angles with reported dispersive/polar surface energy components,CA0291,literature_reported,no,yes
CA0292,SFC_588A96278F34,SRC022,LIQ_6656B41AB7,28.09,static,sessile_drop,298.15,,1.0,,,,,,A_high,none,62.03,46.21,15.82,"same paper Table 4: total, dispersive, and polar surface energy components",literature_reported,Table 4 direct values; water and diiodomethane contact angles with reported dispersive/polar surface energy components,CA0292,literature_reported,no,yes
CA0293,SFC_A2BE3F1765AE,SRC022,LIQ_0F4168490E,19.9,static,sessile_drop,298.15,,1.0,,,,,,A_high,none,66.87,47.75,19.12,"same paper Table 4: total, dispersive, and polar surface energy components",literature_reported,Table 4 direct values; water and diiodomethane contact angles with reported dispersive/polar surface energy components,CA0293,literature_reported,no,yes
CA0294,SFC_A2BE3F1765AE,SRC022,LIQ_6656B41AB7,24.19,static,sessile_drop,298.15,,1.0,,,,,,A_high,none,66.87,47.75,19.12,"same paper Table 4: total, dispersive, and polar surface energy components",literature_reported,Table 4 direct values; water and diiodomethane contact angles with reported dispersive/polar surface energy components,CA0294,literature_reported,no,yes
CA0295,SFC_292FB4EA5D24,SRC022,LIQ_0F4168490E,23.42,static,sessile_drop,298.15,,1.0,,,,,,A_high,none,64.97,45.73,19.24,"same paper Table 4: total, dispersive, and polar surface energy components",literature_reported,Table 4 direct values; water and diiodomethane contact angles with reported dispersive/polar surface energy components,CA0295,literature_reported,no,yes
CA0296,SFC_292FB4EA5D24,SRC022,LIQ_6656B41AB7,29.15,static,sessile_drop,298.15,,1.0,,,,,,A_high,none,64.97,45.73,19.24,"same paper Table 4: total, dispersive, and polar surface energy components",literature_reported,Table 4 direct values; water and diiodomethane contact angles with reported dispersive/polar surface energy components,CA0296,literature_reported,no,yes
CA0297,SFC_BD3224C101E4,SRC022,LIQ_0F4168490E,48.03,static,sessile_drop,298.15,,1.0,,,,,,A_high,none,52.91,43.51,9.4,"same paper Table 4: total, dispersive, and polar surface energy components",literature_reported,Table 4 direct values; water and diiodomethane contact angles with reported dispersive/polar surface energy components,CA0297,literature_reported,no,yes
CA0298,SFC_BD3224C101E4,SRC022,LIQ_6656B41AB7,32.62,static,sessile_drop,298.15,,1.0,,,,,,A_high,none,52.91,43.51,9.4,"same paper Table 4: total, dispersive, and polar surface energy components",literature_reported,Table 4 direct values; water and diiodomethane contact angles with reported dispersive/polar surface energy components,CA0298,literature_reported,no,yes
CA0299,SFC_2E5EA5C6D130,SRC022,LIQ_0F4168490E,42.02,static,sessile_drop,298.15,,1.0,,,,,,A_high,none,54.36,40.2,14.16,"same paper Table 4: total, dispersive, and polar surface energy components",literature_reported,Table 4 direct values; water and diiodomethane contact angles with reported dispersive/polar surface energy components,CA0299,literature_reported,no,yes
CA0300,SFC_2E5EA5C6D130,SRC022,LIQ_6656B41AB7,38.05,static,sessile_drop,298.15,,1.0,,,,,,A_high,none,54.36,40.2,14.16,"same paper Table 4: total, dispersive, and polar surface energy components",literature_reported,Table 4 direct values; water and diiodomethane contact angles with reported dispersive/polar surface energy components,CA0300,literature_reported,no,yes
CA0301,SFC_D4A1459EC26C,SRC022,LIQ_0F4168490E,49.1,static,sessile_drop,298.15,,1.0,,,,,,A_high,none,49.17,38.47,10.7,"same paper Table 4: total, dispersive, and polar surface energy components",literature_reported,Table 4 direct values; water and diiodomethane contact angles with reported dispersive/polar surface energy components,CA0301,literature_reported,no,yes
CA0302,SFC_D4A1459EC26C,SRC022,LIQ_6656B41AB7,40.09,static,sessile_drop,298.15,,1.0,,,,,,A_high,none,49.17,38.47,10.7,"same paper Table 4: total, dispersive, and polar surface energy components",literature_reported,Table 4 direct values; water and diiodomethane contact angles with reported dispersive/polar surface energy components,CA0302,literature_reported,no,yes
CA0447,SFC_AFFB3785B9F0,SRC017,LIQ_0F4168490E,166.0,static,sessile_drop,298.15,,1.0,,,2.1,,,A_high,none,0.05,0.05,0.0,apparent OWRK fit from multi-liquid contact angles on textured/coated repellency surface,inferred_from_contact_angles,"Direct liquid-repellency values; superamphiphobic coating contact angles for water, diiodomethane, ethylene glycol, oils, and solvents",CA0447,inferred_from_contact_angles,no,yes
CA0448,SFC_AFFB3785B9F0,SRC017,LIQ_6656B41AB7,162.0,static,sessile_drop,298.15,,1.0,,,3.5,,,A_high,none,0.05,0.05,0.0,apparent OWRK fit from multi-liquid contact angles on textured/coated repellency surface,inferred_from_contact_angles,"Direct liquid-repellency values; superamphiphobic coating contact angles for water, diiodomethane, ethylene glycol, oils, and solvents",CA0448,inferred_from_contact_angles,no,yes
CA0449,SFC_AFFB3785B9F0,SRC017,LIQ_53310FAFB3,160.0,static,sessile_drop,298.15,,1.0,,,1.0,,,A_high,none,0.05,0.05,0.0,apparent OWRK fit from multi-liquid contact angles on textured/coated repellency surface,inferred_from_contact_angles,"Direct liquid-repellency values; superamphiphobic coating contact angles for water, diiodomethane, ethylene glycol, oils, and solvents",CA0449,inferred_from_contact_angles,no,yes
CA0450,SFC_AFFB3785B9F0,SRC017,LIQ_4BDC3033E4,156.0,static,sessile_drop,298.15,,1.0,,,2.4,,,A_high,none,0.05,0.05,0.0,apparent OWRK fit from multi-liquid contact angles on textured/coated repellency surface,inferred_from_contact_angles,"Direct liquid-repellency values; superamphiphobic coating contact angles for water, diiodomethane, ethylene glycol, oils, and solvents",CA0450,inferred_from_contact_angles,no,yes
CA0451,SFC_AFFB3785B9F0,SRC017,LIQ_63C19A56DE,157.0,static,sessile_drop,298.15,,1.0,,,0.9,,,A_high,none,0.05,0.05,0.0,apparent OWRK fit from multi-liquid contact angles on textured/coated repellency surface,inferred_from_contact_angles,"Direct liquid-repellency values; superamphiphobic coating contact angles for water, diiodomethane, ethylene glycol, oils, and solvents",CA0451,inferred_from_contact_angles,no,yes
CA0452,SFC_AFFB3785B9F0,SRC017,LIQ_B6950B5CB8,156.0,static,sessile_drop,298.15,,1.0,,,1.5,,,A_high,none,0.05,0.05,0.0,apparent OWRK fit from multi-liquid contact angles on textured/coated repellency surface,inferred_from_contact_angles,"Direct liquid-repellency values; superamphiphobic coating contact angles for water, diiodomethane, ethylene glycol, oils, and solvents",CA0452,inferred_from_contact_angles,no,yes
CA0453,SFC_AFFB3785B9F0,SRC017,LIQ_E0B206B2DD,154.0,static,sessile_drop,298.15,,1.0,,,2.7,,,A_high,none,0.05,0.05,0.0,apparent OWRK fit from multi-liquid contact angles on textured/coated repellency surface,inferred_from_contact_angles,"Direct liquid-repellency values; superamphiphobic coating contact angles for water, diiodomethane, ethylene glycol, oils, and solvents",CA0453,inferred_from_contact_angles,no,yes
CA0454,SFC_AFFB3785B9F0,SRC017,LIQ_FCA4FC7284,153.0,static,sessile_drop,298.15,,1.0,,,2.7,,,A_high,none,0.05,0.05,0.0,apparent OWRK fit from multi-liquid contact angles on textured/coated repellency surface,inferred_from_contact_angles,"Direct liquid-repellency values; superamphiphobic coating contact angles for water, diiodomethane, ethylene glycol, oils, and solvents",CA0454,inferred_from_contact_angles,no,yes
CA0463,SFC_5523B41BFD8F,SRC002,LIQ_0F4168490E,172.0,advancing,sessile_drop,298.15,,1.0,,,1.0,,,A_high,none,14.14,8.03,6.11,apparent OWRK fit from multi-liquid contact angles on textured/coated repellency surface,inferred_from_contact_angles,"Direct values; electrospun fluorinated terpolymer nanofibers with high water, glycerol, and ethylene glycol contact angles",CA0463,inferred_from_contact_angles,no,yes
CA0464,SFC_5523B41BFD8F,SRC002,LIQ_5C0DC0DCD1,167.0,equilibrium,sessile_drop,298.15,,1.0,,,1.0,,,A_high,none,14.14,8.03,6.11,apparent OWRK fit from multi-liquid contact angles on textured/coated repellency surface,inferred_from_contact_angles,"Direct values; electrospun fluorinated terpolymer nanofibers with high water, glycerol, and ethylene glycol contact angles",CA0464,inferred_from_contact_angles,no,yes
CA0465,SFC_5523B41BFD8F,SRC002,LIQ_53310FAFB3,163.0,equilibrium,sessile_drop,298.15,,1.0,,,1.0,,,A_high,none,14.14,8.03,6.11,apparent OWRK fit from multi-liquid contact angles on textured/coated repellency surface,inferred_from_contact_angles,"Direct values; electrospun fluorinated terpolymer nanofibers with high water, glycerol, and ethylene glycol contact angles",CA0465,inferred_from_contact_angles,no,yes
CA0466,SFC_5523B41BFD8F,SRC002,LIQ_B6950B5CB8,70.0,equilibrium,sessile_drop,298.15,,1.0,,,1.0,,,A_high,none,14.14,8.03,6.11,apparent OWRK fit from multi-liquid contact angles on textured/coated repellency surface,inferred_from_contact_angles,"Direct values; electrospun fluorinated terpolymer nanofibers with high water, glycerol, and ethylene glycol contact angles",CA0466,inferred_from_contact_angles,no,yes
CA0467,SFC_6DD3FB38C4D9,SRC003,LIQ_0F4168490E,166.1,static,sessile_drop,298.15,,1.0,,,,,,A_high,none,0.04,0.04,0.0,apparent OWRK fit from paired water/diiodomethane contact angles on FTS-treated copper micro-cone arrays; high-angle training patch,inferred_from_contact_angles,Abstract direct values; paired water and diiodomethane high contact angles on FTS-treated Cu micro-cone arrays,CA0467,inferred_from_contact_angles,no,yes
CA0468,SFC_6DD3FB38C4D9,SRC003,LIQ_6656B41AB7,160.5,static,sessile_drop,298.15,,1.0,,,,,,A_high,none,0.04,0.04,0.0,apparent OWRK fit from paired water/diiodomethane contact angles on FTS-treated copper micro-cone arrays; high-angle training patch,inferred_from_contact_angles,Abstract direct values; paired water and diiodomethane high contact angles on FTS-treated Cu micro-cone arrays,CA0468,inferred_from_contact_angles,no,yes
CA0529,SFC_55DDAE9FF4E5,SDX006,LIQ_0F4168490E,73.7,static,sessile_drop,298.15,,1.0,,,5.0,,,A_high,none,39.91,31.86,8.05,apparent OWRK features recalculated from same-source multi-liquid contact angles for v3.4 source-disjoint external; not an independent surface-energy measurement,inferred_from_contact_angles,Table 3 direct values; chitosan/dialdehyde and DES-modified films measured with water and diiodomethane,CA0529,inferred_from_contact_angles,no,yes
CA0530,SFC_55DDAE9FF4E5,SDX006,LIQ_6656B41AB7,44.2,static,sessile_drop,298.15,,1.0,,,3.3,,,A_high,none,39.91,31.86,8.05,apparent OWRK features recalculated from same-source multi-liquid contact angles for v3.4 source-disjoint external; not an independent surface-energy measurement,inferred_from_contact_angles,Table 3 direct values; chitosan/dialdehyde and DES-modified films measured with water and diiodomethane,CA0530,inferred_from_contact_angles,no,yes
CA0531,SFC_8810EE8758ED,SDX006,LIQ_0F4168490E,88.7,static,sessile_drop,298.15,,1.0,,,4.0,,,A_high,none,32.29,29.54,2.75,apparent OWRK features recalculated from same-source multi-liquid contact angles for v3.4 source-disjoint external; not an independent surface-energy measurement,inferred_from_contact_angles,Table 3 direct values; chitosan/dialdehyde and DES-modified films measured with water and diiodomethane,CA0531,inferred_from_contact_angles,no,yes
CA0532,SFC_8810EE8758ED,SDX006,LIQ_6656B41AB7,53.9,static,sessile_drop,298.15,,1.0,,,2.1,,,A_high,none,32.29,29.54,2.75,apparent OWRK features recalculated from same-source multi-liquid contact angles for v3.4 source-disjoint external; not an independent surface-energy measurement,inferred_from_contact_angles,Table 3 direct values; chitosan/dialdehyde and DES-modified films measured with water and diiodomethane,CA0532,inferred_from_contact_angles,no,yes
CA0533,SFC_15EC92D72DA3,SDX006,LIQ_0F4168490E,99.2,static,sessile_drop,298.15,,1.0,,,3.8,,,A_high,none,25.02,23.83,1.19,apparent OWRK features recalculated from same-source multi-liquid contact angles for v3.4 source-disjoint external; not an independent surface-energy measurement,inferred_from_contact_angles,Table 3 direct values; chitosan/dialdehyde and DES-modified films measured with water and diiodomethane,CA0533,inferred_from_contact_angles,no,yes
CA0534,SFC_15EC92D72DA3,SDX006,LIQ_6656B41AB7,66.2,static,sessile_drop,298.15,,1.0,,,3.5,,,A_high,none,25.02,23.83,1.19,apparent OWRK features recalculated from same-source multi-liquid contact angles for v3.4 source-disjoint external; not an independent surface-energy measurement,inferred_from_contact_angles,Table 3 direct values; chitosan/dialdehyde and DES-modified films measured with water and diiodomethane,CA0534,inferred_from_contact_angles,no,yes
CA0535,SFC_7ABDB4BDAFA3,SDX006,LIQ_0F4168490E,105.8,static,sessile_drop,298.15,,1.0,,,4.2,,,A_high,none,21.39,20.87,0.52,apparent OWRK features recalculated from same-source multi-liquid contact angles for v3.4 source-disjoint external; not an independent surface-energy measurement,inferred_from_contact_angles,Table 3 direct values; chitosan/dialdehyde and DES-modified films measured with water and diiodomethane,CA0535,inferred_from_contact_angles,no,yes
CA0536,SFC_7ABDB4BDAFA3,SDX006,LIQ_6656B41AB7,72.8,static,sessile_drop,298.15,,1.0,,,3.1,,,A_high,none,21.39,20.87,0.52,apparent OWRK features recalculated from same-source multi-liquid contact angles for v3.4 source-disjoint external; not an independent surface-energy measurement,inferred_from_contact_angles,Table 3 direct values; chitosan/dialdehyde and DES-modified films measured with water and diiodomethane,CA0536,inferred_from_contact_angles,no,yes
CA0537,SFC_86D193058DBE,SDX006,LIQ_0F4168490E,112.6,static,sessile_drop,298.15,,1.0,,,3.7,,,A_high,none,18.69,18.58,0.1,apparent OWRK features recalculated from same-source multi-liquid contact angles for v3.4 source-disjoint external; not an independent surface-energy measurement,inferred_from_contact_angles,Table 3 direct values; chitosan/dialdehyde and DES-modified films measured with water and diiodomethane,CA0537,inferred_from_contact_angles,no,yes
CA0538,SFC_86D193058DBE,SDX006,LIQ_6656B41AB7,78.4,static,sessile_drop,298.15,,1.0,,,3.0,,,A_high,none,18.69,18.58,0.1,apparent OWRK features recalculated from same-source multi-liquid contact angles for v3.4 source-disjoint external; not an independent surface-energy measurement,inferred_from_contact_angles,Table 3 direct values; chitosan/dialdehyde and DES-modified films measured with water and diiodomethane,CA0538,inferred_from_contact_angles,no,yes
CA0539,SFC_C578D204BBE3,SDX006,LIQ_0F4168490E,115.4,static,sessile_drop,298.15,,1.0,,,3.5,,,A_high,none,16.33,16.26,0.08,apparent OWRK features recalculated from same-source multi-liquid contact angles for v3.4 source-disjoint external; not an independent surface-energy measurement,inferred_from_contact_angles,Table 3 direct values; chitosan/dialdehyde and DES-modified films measured with water and diiodomethane,CA0539,inferred_from_contact_angles,no,yes
CA0540,SFC_C578D204BBE3,SDX006,LIQ_6656B41AB7,83.0,static,sessile_drop,298.15,,1.0,,,2.9,,,A_high,none,16.33,16.26,0.08,apparent OWRK features recalculated from same-source multi-liquid contact angles for v3.4 source-disjoint external; not an independent surface-energy measurement,inferred_from_contact_angles,Table 3 direct values; chitosan/dialdehyde and DES-modified films measured with water and diiodomethane,CA0540,inferred_from_contact_angles,no,yes
CA0541,SFC_AEDDDB49C107,SDX006,LIQ_0F4168490E,118.0,static,sessile_drop,298.15,,1.0,,,3.3,,,A_high,none,14.14,14.07,0.06,apparent OWRK features recalculated from same-source multi-liquid contact angles for v3.4 source-disjoint external; not an independent surface-energy measurement,inferred_from_contact_angles,Table 3 direct values; chitosan/dialdehyde and DES-modified films measured with water and diiodomethane,CA0541,inferred_from_contact_angles,no,yes
CA0542,SFC_AEDDDB49C107,SDX006,LIQ_6656B41AB7,87.5,static,sessile_drop,298.15,,1.0,,,2.7,,,A_high,none,14.14,14.07,0.06,apparent OWRK features recalculated from same-source multi-liquid contact angles for v3.4 source-disjoint external; not an independent surface-energy measurement,inferred_from_contact_angles,Table 3 direct values; chitosan/dialdehyde and DES-modified films measured with water and diiodomethane,CA0542,inferred_from_contact_angles,no,yes
CA0543,SFC_12E012885148,SDX006,LIQ_0F4168490E,120.5,static,sessile_drop,298.15,,1.0,,,3.1,,,A_high,none,12.48,12.43,0.04,apparent OWRK features recalculated from same-source multi-liquid contact angles for v3.4 source-disjoint external; not an independent surface-energy measurement,inferred_from_contact_angles,Table 3 direct values; chitosan/dialdehyde and DES-modified films measured with water and diiodomethane,CA0543,inferred_from_contact_angles,no,yes
CA0544,SFC_12E012885148,SDX006,LIQ_6656B41AB7,91.2,static,sessile_drop,298.15,,1.0,,,2.5,,,A_high,none,12.48,12.43,0.04,apparent OWRK features recalculated from same-source multi-liquid contact angles for v3.4 source-disjoint external; not an independent surface-energy measurement,inferred_from_contact_angles,Table 3 direct values; chitosan/dialdehyde and DES-modified films measured with water and diiodomethane,CA0544,inferred_from_contact_angles,no,yes
CA0545,SFC_159FF1E1E160,SDX001,LIQ_0F4168490E,76.4,static,sessile_drop,298.15,,1.0,,,2.8,,,A_high,none,38.74,31.99,6.75,apparent OWRK features recalculated from same-source multi-liquid contact angles for v3.4 source-disjoint external; not an independent surface-energy measurement,inferred_from_contact_angles,Table 3 direct values; PMMA and laser/GO/CBD-modified PMMA measured with water and diiodomethane,CA0545,inferred_from_contact_angles,no,yes
CA0546,SFC_159FF1E1E160,SDX001,LIQ_6656B41AB7,45.1,static,sessile_drop,298.15,,1.0,,,2.1,,,A_high,none,38.74,31.99,6.75,apparent OWRK features recalculated from same-source multi-liquid contact angles for v3.4 source-disjoint external; not an independent surface-energy measurement,inferred_from_contact_angles,Table 3 direct values; PMMA and laser/GO/CBD-modified PMMA measured with water and diiodomethane,CA0546,inferred_from_contact_angles,no,yes
CA0547,SFC_91A5214A0C27,SDX001,LIQ_0F4168490E,73.5,static,sessile_drop,298.15,,1.0,,,3.2,,,A_high,none,41.14,33.53,7.61,apparent OWRK features recalculated from same-source multi-liquid contact angles for v3.4 source-disjoint external; not an independent surface-energy measurement,inferred_from_contact_angles,Table 3 direct values; PMMA and laser/GO/CBD-modified PMMA measured with water and diiodomethane,CA0547,inferred_from_contact_angles,no,yes
CA0548,SFC_91A5214A0C27,SDX001,LIQ_6656B41AB7,41.2,static,sessile_drop,298.15,,1.0,,,2.8,,,A_high,none,41.14,33.53,7.61,apparent OWRK features recalculated from same-source multi-liquid contact angles for v3.4 source-disjoint external; not an independent surface-energy measurement,inferred_from_contact_angles,Table 3 direct values; PMMA and laser/GO/CBD-modified PMMA measured with water and diiodomethane,CA0548,inferred_from_contact_angles,no,yes
CA0549,SFC_3C4F304244DF,SDX001,LIQ_0F4168490E,51.3,static,sessile_drop,298.15,,1.0,,,6.1,,,A_high,none,51.37,28.25,23.13,apparent OWRK features recalculated from same-source multi-liquid contact angles for v3.4 source-disjoint external; not an independent surface-energy measurement,inferred_from_contact_angles,Table 3 direct values; PMMA and laser/GO/CBD-modified PMMA measured with water and diiodomethane,CA0549,inferred_from_contact_angles,no,yes
CA0550,SFC_3C4F304244DF,SDX001,LIQ_6656B41AB7,41.9,static,sessile_drop,298.15,,1.0,,,4.0,,,A_high,none,51.37,28.25,23.13,apparent OWRK features recalculated from same-source multi-liquid contact angles for v3.4 source-disjoint external; not an independent surface-energy measurement,inferred_from_contact_angles,Table 3 direct values; PMMA and laser/GO/CBD-modified PMMA measured with water and diiodomethane,CA0550,inferred_from_contact_angles,no,yes
CA0551,SFC_95A0FAE91CD0,SDX001,LIQ_0F4168490E,68.9,static,sessile_drop,298.15,,1.0,,,2.4,,,A_high,none,39.6,27.19,12.41,apparent OWRK features recalculated from same-source multi-liquid contact angles for v3.4 source-disjoint external; not an independent surface-energy measurement,inferred_from_contact_angles,Table 3 direct values; PMMA and laser/GO/CBD-modified PMMA measured with water and diiodomethane,CA0551,inferred_from_contact_angles,no,yes
CA0552,SFC_95A0FAE91CD0,SDX001,LIQ_6656B41AB7,50.2,static,sessile_drop,298.15,,1.0,,,5.6,,,A_high,none,39.6,27.19,12.41,apparent OWRK features recalculated from same-source multi-liquid contact angles for v3.4 source-disjoint external; not an independent surface-energy measurement,inferred_from_contact_angles,Table 3 direct values; PMMA and laser/GO/CBD-modified PMMA measured with water and diiodomethane,CA0552,inferred_from_contact_angles,no,yes
CA0553,SFC_38EFEBA36525,SDX001,LIQ_0F4168490E,0.0,static,sessile_drop,298.15,,1.0,,,,,,A_high,none,73.13,26.54,46.59,apparent OWRK features recalculated from same-source multi-liquid contact angles for v3.4 source-disjoint external; not an independent surface-energy measurement,inferred_from_contact_angles,Table 3 direct values; PMMA and laser/GO/CBD-modified PMMA measured with water and diiodomethane,CA0553,inferred_from_contact_angles,no,yes
CA0554,SFC_38EFEBA36525,SDX001,LIQ_6656B41AB7,34.9,static,sessile_drop,298.15,,1.0,,,2.8,,,A_high,none,73.13,26.54,46.59,apparent OWRK features recalculated from same-source multi-liquid contact angles for v3.4 source-disjoint external; not an independent surface-energy measurement,inferred_from_contact_angles,Table 3 direct values; PMMA and laser/GO/CBD-modified PMMA measured with water and diiodomethane,CA0554,inferred_from_contact_angles,no,yes
CA0555,SFC_90843D24007D,SDX009,LIQ_0F4168490E,110.9,static,sessile_drop,298.15,,1.0,,,5.8,,,A_high,none,12.83,11.75,1.08,apparent OWRK features recalculated from same-source multi-liquid contact angles for v3.4 source-disjoint external; not an independent surface-energy measurement,inferred_from_contact_angles,Table 3 direct values; modified nonwoven polyester membranes measured with water and diiodomethane,CA0555,inferred_from_contact_angles,no,yes
CA0556,SFC_90843D24007D,SDX009,LIQ_6656B41AB7,89.9,static,sessile_drop,298.15,,1.0,,,3.9,,,A_high,none,12.83,11.75,1.08,apparent OWRK features recalculated from same-source multi-liquid contact angles for v3.4 source-disjoint external; not an independent surface-energy measurement,inferred_from_contact_angles,Table 3 direct values; modified nonwoven polyester membranes measured with water and diiodomethane,CA0556,inferred_from_contact_angles,no,yes
CA0557,SFC_962FBAB11443,SDX009,LIQ_0F4168490E,126.9,static,sessile_drop,298.15,,1.0,,,2.6,,,A_high,none,7.69,7.64,0.05,apparent OWRK features recalculated from same-source multi-liquid contact angles for v3.4 source-disjoint external; not an independent surface-energy measurement,inferred_from_contact_angles,Table 3 direct values; modified nonwoven polyester membranes measured with water and diiodomethane,CA0557,inferred_from_contact_angles,no,yes
CA0558,SFC_962FBAB11443,SDX009,LIQ_6656B41AB7,103.2,static,sessile_drop,298.15,,1.0,,,4.9,,,A_high,none,7.69,7.64,0.05,apparent OWRK features recalculated from same-source multi-liquid contact angles for v3.4 source-disjoint external; not an independent surface-energy measurement,inferred_from_contact_angles,Table 3 direct values; modified nonwoven polyester membranes measured with water and diiodomethane,CA0558,inferred_from_contact_angles,no,yes
CA0559,SFC_4A58BED65751,SDX009,LIQ_0F4168490E,120.3,static,sessile_drop,298.15,,1.0,,,4.4,,,A_high,none,6.84,5.98,0.86,apparent OWRK features recalculated from same-source multi-liquid contact angles for v3.4 source-disjoint external; not an independent surface-energy measurement,inferred_from_contact_angles,Table 3 direct values; modified nonwoven polyester membranes measured with water and diiodomethane,CA0559,inferred_from_contact_angles,no,yes
CA0560,SFC_4A58BED65751,SDX009,LIQ_6656B41AB7,105.9,static,sessile_drop,298.15,,1.0,,,4.3,,,A_high,none,6.84,5.98,0.86,apparent OWRK features recalculated from same-source multi-liquid contact angles for v3.4 source-disjoint external; not an independent surface-energy measurement,inferred_from_contact_angles,Table 3 direct values; modified nonwoven polyester membranes measured with water and diiodomethane,CA0560,inferred_from_contact_angles,no,yes
CA0561,SFC_FE7D2709B140,SDX009,LIQ_0F4168490E,105.7,static,sessile_drop,298.15,,1.0,,,7.1,,,A_high,none,11.3,7.66,3.64,apparent OWRK features recalculated from same-source multi-liquid contact angles for v3.4 source-disjoint external; not an independent surface-energy measurement,inferred_from_contact_angles,Table 3 direct values; modified nonwoven polyester membranes measured with water and diiodomethane,CA0561,inferred_from_contact_angles,no,yes
CA0562,SFC_FE7D2709B140,SDX009,LIQ_6656B41AB7,97.3,static,sessile_drop,298.15,,1.0,,,5.9,,,A_high,none,11.3,7.66,3.64,apparent OWRK features recalculated from same-source multi-liquid contact angles for v3.4 source-disjoint external; not an independent surface-energy measurement,inferred_from_contact_angles,Table 3 direct values; modified nonwoven polyester membranes measured with water and diiodomethane,CA0562,inferred_from_contact_angles,no,yes
CA0587,SFC_B0B8AD6AD8FD,SDX010,LIQ_0F4168490E,79.9,apparent,sessile_drop,298.15,,1.0,,,,,,A_high,none,35.73,29.7,6.03,apparent OWRK features recalculated from same-source multi-liquid contact angles for v3.4 source-disjoint external; not an independent surface-energy measurement,inferred_from_contact_angles,"Table 1 direct values; electrodeposited polyindole films measured with water, diiodomethane, sunflower oil, and hexadecane; angle type corrected to apparent in v4.3 source audit",CA0587,inferred_from_contact_angles,no,yes
CA0588,SFC_B0B8AD6AD8FD,SDX010,LIQ_6656B41AB7,47.3,apparent,sessile_drop,298.15,,1.0,,,,,,A_high,none,35.73,29.7,6.03,apparent OWRK features recalculated from same-source multi-liquid contact angles for v3.4 source-disjoint external; not an independent surface-energy measurement,inferred_from_contact_angles,"Table 1 direct values; electrodeposited polyindole films measured with water, diiodomethane, sunflower oil, and hexadecane; angle type corrected to apparent in v4.3 source audit",CA0588,inferred_from_contact_angles,no,yes
CA0589,SFC_B0B8AD6AD8FD,SDX010,LIQ_B6950B5CB8,0.0,apparent,sessile_drop,298.15,,1.0,,,,,,A_high,none,35.73,29.7,6.03,apparent OWRK features recalculated from same-source multi-liquid contact angles for v3.4 source-disjoint external; not an independent surface-energy measurement,inferred_from_contact_angles,"Table 1 direct values; electrodeposited polyindole films measured with water, diiodomethane, sunflower oil, and hexadecane; angle type corrected to apparent in v4.3 source audit",CA0589,inferred_from_contact_angles,no,yes
CA0590,SFC_E7FC3D2DD101,SDX010,LIQ_0F4168490E,97.5,apparent,sessile_drop,298.15,,1.0,,,,,,A_high,none,30.37,29.48,0.89,apparent OWRK features recalculated from same-source multi-liquid contact angles for v3.4 source-disjoint external; not an independent surface-energy measurement,inferred_from_contact_angles,"Table 1 direct values; electrodeposited polyindole films measured with water, diiodomethane, sunflower oil, and hexadecane; angle type corrected to apparent in v4.3 source audit",CA0590,inferred_from_contact_angles,no,yes
CA0591,SFC_E7FC3D2DD101,SDX010,LIQ_6656B41AB7,51.3,apparent,sessile_drop,298.15,,1.0,,,,,,A_high,none,30.37,29.48,0.89,apparent OWRK features recalculated from same-source multi-liquid contact angles for v3.4 source-disjoint external; not an independent surface-energy measurement,inferred_from_contact_angles,"Table 1 direct values; electrodeposited polyindole films measured with water, diiodomethane, sunflower oil, and hexadecane; angle type corrected to apparent in v4.3 source audit",CA0591,inferred_from_contact_angles,no,yes
CA0592,SFC_E7FC3D2DD101,SDX010,LIQ_B6950B5CB8,25.6,apparent,sessile_drop,298.15,,1.0,,,,,,A_high,none,30.37,29.48,0.89,apparent OWRK features recalculated from same-source multi-liquid contact angles for v3.4 source-disjoint external; not an independent surface-energy measurement,inferred_from_contact_angles,"Table 1 direct values; electrodeposited polyindole films measured with water, diiodomethane, sunflower oil, and hexadecane; angle type corrected to apparent in v4.3 source audit",CA0592,inferred_from_contact_angles,no,yes
CA0593,SFC_F8664D03003D,SDX010,LIQ_0F4168490E,78.7,apparent,sessile_drop,298.15,,1.0,,,,,,A_high,none,38.88,33.1,5.78,apparent OWRK features recalculated from same-source multi-liquid contact angles for v3.4 source-disjoint external; not an independent surface-energy measurement,inferred_from_contact_angles,"Table 1 direct values; electrodeposited polyindole films measured with water, diiodomethane, sunflower oil, and hexadecane; angle type corrected to apparent in v4.3 source audit",CA0593,inferred_from_contact_angles,no,yes
CA0594,SFC_F8664D03003D,SDX010,LIQ_6656B41AB7,35.6,apparent,sessile_drop,298.15,,1.0,,,,,,A_high,none,38.88,33.1,5.78,apparent OWRK features recalculated from same-source multi-liquid contact angles for v3.4 source-disjoint external; not an independent surface-energy measurement,inferred_from_contact_angles,"Table 1 direct values; electrodeposited polyindole films measured with water, diiodomethane, sunflower oil, and hexadecane; angle type corrected to apparent in v4.3 source audit",CA0594,inferred_from_contact_angles,no,yes
CA0595,SFC_F8664D03003D,SDX010,LIQ_B6950B5CB8,0.0,apparent,sessile_drop,298.15,,1.0,,,,,,A_high,none,38.88,33.1,5.78,apparent OWRK features recalculated from same-source multi-liquid contact angles for v3.4 source-disjoint external; not an independent surface-energy measurement,inferred_from_contact_angles,"Table 1 direct values; electrodeposited polyindole films measured with water, diiodomethane, sunflower oil, and hexadecane; angle type corrected to apparent in v4.3 source audit",CA0595,inferred_from_contact_angles,no,yes
CA0596,SFC_57C35DC0B570,SDX010,LIQ_0F4168490E,96.8,apparent,sessile_drop,298.15,,1.0,,,,,,A_high,none,26.43,24.8,1.63,apparent OWRK features recalculated from same-source multi-liquid contact angles for v3.4 source-disjoint external; not an independent surface-energy measurement,inferred_from_contact_angles,"Table 1 direct values; electrodeposited polyindole films measured with water, diiodomethane, sunflower oil, and hexadecane; angle type corrected to apparent in v4.3 source audit",CA0596,inferred_from_contact_angles,no,yes
CA0597,SFC_57C35DC0B570,SDX010,LIQ_6656B41AB7,60.4,apparent,sessile_drop,298.15,,1.0,,,,,,A_high,none,26.43,24.8,1.63,apparent OWRK features recalculated from same-source multi-liquid contact angles for v3.4 source-disjoint external; not an independent surface-energy measurement,inferred_from_contact_angles,"Table 1 direct values; electrodeposited polyindole films measured with water, diiodomethane, sunflower oil, and hexadecane; angle type corrected to apparent in v4.3 source audit",CA0597,inferred_from_contact_angles,no,yes
CA0598,SFC_57C35DC0B570,SDX010,LIQ_B6950B5CB8,37.9,apparent,sessile_drop,298.15,,1.0,,,,,,A_high,none,26.43,24.8,1.63,apparent OWRK features recalculated from same-source multi-liquid contact angles for v3.4 source-disjoint external; not an independent surface-energy measurement,inferred_from_contact_angles,"Table 1 direct values; electrodeposited polyindole films measured with water, diiodomethane, sunflower oil, and hexadecane; angle type corrected to apparent in v4.3 source audit",CA0598,inferred_from_contact_angles,no,yes
CA0599,SFC_AD93A15A2199,SDX010,LIQ_0F4168490E,81.4,apparent,sessile_drop,298.15,,1.0,,,,,,A_high,none,35.87,30.68,5.19,apparent OWRK features recalculated from same-source multi-liquid contact angles for v3.4 source-disjoint external; not an independent surface-energy measurement,inferred_from_contact_angles,"Table 1 direct values; electrodeposited polyindole films measured with water, diiodomethane, sunflower oil, and hexadecane; angle type corrected to apparent in v4.3 source audit",CA0599,inferred_from_contact_angles,no,yes
CA0600,SFC_AD93A15A2199,SDX010,LIQ_6656B41AB7,44.9,apparent,sessile_drop,298.15,,1.0,,,,,,A_high,none,35.87,30.68,5.19,apparent OWRK features recalculated from same-source multi-liquid contact angles for v3.4 source-disjoint external; not an independent surface-energy measurement,inferred_from_contact_angles,"Table 1 direct values; electrodeposited polyindole films measured with water, diiodomethane, sunflower oil, and hexadecane; angle type corrected to apparent in v4.3 source audit",CA0600,inferred_from_contact_angles,no,yes
CA0601,SFC_AD93A15A2199,SDX010,LIQ_B6950B5CB8,0.0,apparent,sessile_drop,298.15,,1.0,,,,,,A_high,none,35.87,30.68,5.19,apparent OWRK features recalculated from same-source multi-liquid contact angles for v3.4 source-disjoint external; not an independent surface-energy measurement,inferred_from_contact_angles,"Table 1 direct values; electrodeposited polyindole films measured with water, diiodomethane, sunflower oil, and hexadecane; angle type corrected to apparent in v4.3 source audit",CA0601,inferred_from_contact_angles,no,yes
CA0602,SFC_B9F3779B4230,SDX010,LIQ_0F4168490E,99.4,apparent,sessile_drop,298.15,,1.0,,,,,,A_high,none,23.52,22.03,1.49,apparent OWRK features recalculated from same-source multi-liquid contact angles for v3.4 source-disjoint external; not an independent surface-energy measurement,inferred_from_contact_angles,"Table 1 direct values; electrodeposited polyindole films measured with water, diiodomethane, sunflower oil, and hexadecane; angle type corrected to apparent in v4.3 source audit",CA0602,inferred_from_contact_angles,no,yes
CA0603,SFC_B9F3779B4230,SDX010,LIQ_6656B41AB7,66.8,apparent,sessile_drop,298.15,,1.0,,,,,,A_high,none,23.52,22.03,1.49,apparent OWRK features recalculated from same-source multi-liquid contact angles for v3.4 source-disjoint external; not an independent surface-energy measurement,inferred_from_contact_angles,"Table 1 direct values; electrodeposited polyindole films measured with water, diiodomethane, sunflower oil, and hexadecane; angle type corrected to apparent in v4.3 source audit",CA0603,inferred_from_contact_angles,no,yes
CA0604,SFC_B9F3779B4230,SDX010,LIQ_B6950B5CB8,44.1,apparent,sessile_drop,298.15,,1.0,,,,,,A_high,none,23.52,22.03,1.49,apparent OWRK features recalculated from same-source multi-liquid contact angles for v3.4 source-disjoint external; not an independent surface-energy measurement,inferred_from_contact_angles,"Table 1 direct values; electrodeposited polyindole films measured with water, diiodomethane, sunflower oil, and hexadecane; angle type corrected to apparent in v4.3 source audit",CA0604,inferred_from_contact_angles,no,yes
CA0605,SFC_02B9E44B3DAE,SDX010,LIQ_0F4168490E,81.1,apparent,sessile_drop,298.15,,1.0,,,,,,A_high,none,35.76,30.39,5.37,apparent OWRK features recalculated from same-source multi-liquid contact angles for v3.4 source-disjoint external; not an independent surface-energy measurement,inferred_from_contact_angles,"Table 1 direct values; electrodeposited polyindole films measured with water, diiodomethane, sunflower oil, and hexadecane; angle type corrected to apparent in v4.3 source audit",CA0605,inferred_from_contact_angles,no,yes
CA0606,SFC_02B9E44B3DAE,SDX010,LIQ_6656B41AB7,45.7,apparent,sessile_drop,298.15,,1.0,,,,,,A_high,none,35.76,30.39,5.37,apparent OWRK features recalculated from same-source multi-liquid contact angles for v3.4 source-disjoint external; not an independent surface-energy measurement,inferred_from_contact_angles,"Table 1 direct values; electrodeposited polyindole films measured with water, diiodomethane, sunflower oil, and hexadecane; angle type corrected to apparent in v4.3 source audit",CA0606,inferred_from_contact_angles,no,yes
CA0607,SFC_02B9E44B3DAE,SDX010,LIQ_B6950B5CB8,0.0,apparent,sessile_drop,298.15,,1.0,,,,,,A_high,none,35.76,30.39,5.37,apparent OWRK features recalculated from same-source multi-liquid contact angles for v3.4 source-disjoint external; not an independent surface-energy measurement,inferred_from_contact_angles,"Table 1 direct values; electrodeposited polyindole films measured with water, diiodomethane, sunflower oil, and hexadecane; angle type corrected to apparent in v4.3 source audit",CA0607,inferred_from_contact_angles,no,yes
CA0608,SFC_82F5C36F39D2,SDX007,LIQ_0F4168490E,61.3,static,sessile_drop,303.15,60.0,1.0,,,,,,A_high,none,43.49,30.4,13.08,apparent OWRK features recalculated from same-source multi-liquid contact angles for v3.4 source-disjoint external; not an independent surface-energy measurement,inferred_from_contact_angles,"Table 2 direct values; PLA/PHA-based films measured with water, diiodomethane, and ethylene glycol before composting",CA0608,inferred_from_contact_angles,no,yes
CA0609,SFC_82F5C36F39D2,SDX007,LIQ_6656B41AB7,36.7,static,sessile_drop,303.15,60.0,1.0,,,,,,A_high,none,43.49,30.4,13.08,apparent OWRK features recalculated from same-source multi-liquid contact angles for v3.4 source-disjoint external; not an independent surface-energy measurement,inferred_from_contact_angles,"Table 2 direct values; PLA/PHA-based films measured with water, diiodomethane, and ethylene glycol before composting",CA0609,inferred_from_contact_angles,no,yes
CA0610,SFC_82F5C36F39D2,SDX007,LIQ_53310FAFB3,44.8,static,sessile_drop,303.15,60.0,1.0,,,,,,A_high,none,43.49,30.4,13.08,apparent OWRK features recalculated from same-source multi-liquid contact angles for v3.4 source-disjoint external; not an independent surface-energy measurement,inferred_from_contact_angles,"Table 2 direct values; PLA/PHA-based films measured with water, diiodomethane, and ethylene glycol before composting",CA0610,inferred_from_contact_angles,no,yes
CA0611,SFC_FF44FFDB2AC3,SDX007,LIQ_0F4168490E,83.2,static,sessile_drop,303.15,60.0,1.0,,,,,,A_high,none,32.66,28.11,4.54,apparent OWRK features recalculated from same-source multi-liquid contact angles for v3.4 source-disjoint external; not an independent surface-energy measurement,inferred_from_contact_angles,"Table 2 direct values; PLA/PHA-based films measured with water, diiodomethane, and ethylene glycol before composting",CA0611,inferred_from_contact_angles,no,yes
CA0612,SFC_FF44FFDB2AC3,SDX007,LIQ_6656B41AB7,52.8,static,sessile_drop,303.15,60.0,1.0,,,,,,A_high,none,32.66,28.11,4.54,apparent OWRK features recalculated from same-source multi-liquid contact angles for v3.4 source-disjoint external; not an independent surface-energy measurement,inferred_from_contact_angles,"Table 2 direct values; PLA/PHA-based films measured with water, diiodomethane, and ethylene glycol before composting",CA0612,inferred_from_contact_angles,no,yes
CA0613,SFC_FF44FFDB2AC3,SDX007,LIQ_53310FAFB3,58.8,static,sessile_drop,303.15,60.0,1.0,,,,,,A_high,none,32.66,28.11,4.54,apparent OWRK features recalculated from same-source multi-liquid contact angles for v3.4 source-disjoint external; not an independent surface-energy measurement,inferred_from_contact_angles,"Table 2 direct values; PLA/PHA-based films measured with water, diiodomethane, and ethylene glycol before composting",CA0613,inferred_from_contact_angles,no,yes
CA0614,SFC_ACA747208E92,SDX007,LIQ_0F4168490E,70.0,static,sessile_drop,303.15,60.0,1.0,,,,,,A_high,none,38.52,27.08,11.44,apparent OWRK features recalculated from same-source multi-liquid contact angles for v3.4 source-disjoint external; not an independent surface-energy measurement,inferred_from_contact_angles,"Table 2 direct values; PLA/PHA-based films measured with water, diiodomethane, and ethylene glycol before composting",CA0614,inferred_from_contact_angles,no,yes
CA0615,SFC_ACA747208E92,SDX007,LIQ_6656B41AB7,50.1,static,sessile_drop,303.15,60.0,1.0,,,,,,A_high,none,38.52,27.08,11.44,apparent OWRK features recalculated from same-source multi-liquid contact angles for v3.4 source-disjoint external; not an independent surface-energy measurement,inferred_from_contact_angles,"Table 2 direct values; PLA/PHA-based films measured with water, diiodomethane, and ethylene glycol before composting",CA0615,inferred_from_contact_angles,no,yes
CA0616,SFC_ACA747208E92,SDX007,LIQ_53310FAFB3,41.4,static,sessile_drop,303.15,60.0,1.0,,,,,,A_high,none,38.52,27.08,11.44,apparent OWRK features recalculated from same-source multi-liquid contact angles for v3.4 source-disjoint external; not an independent surface-energy measurement,inferred_from_contact_angles,"Table 2 direct values; PLA/PHA-based films measured with water, diiodomethane, and ethylene glycol before composting",CA0616,inferred_from_contact_angles,no,yes
EXT_49031F0CF1DA,SFC_6CC47C08CF64,OPEN_CROSS_MATERIAL_2026,LIQ_0F4168490E,0.0,static,literature_reported,,,,,,,,,A_high,no,,,,,not_reported,JATS table Tab1; Verified static contact angles of selected solid–liquid pairs (1995–2025).; Exact/static row extracted; range-only and unsupported-liquid rows were excluded.,EXT_49031F0CF1DA,not_reported,yes,yes
EXT_A0FF3F05F460,SFC_FFEC58F1530E,OPEN_CROSS_MATERIAL_2026,LIQ_0F4168490E,0.0,static,literature_reported,,,,,,,,,A_high,no,,,,,not_reported,JATS table Tab1; Verified static contact angles of selected solid–liquid pairs (1995–2025).; Exact/static row extracted; range-only and unsupported-liquid rows were excluded.,EXT_A0FF3F05F460,not_reported,yes,yes
EXT_FEB4B983371B,SFC_E543580D2581,OPEN_CROSS_MATERIAL_2026,LIQ_0F4168490E,5.0,static,literature_reported,,,,,,,,,A_high,no,,,,,not_reported,JATS table Tab1; Verified static contact angles of selected solid–liquid pairs (1995–2025).; Exact/static row extracted; range-only and unsupported-liquid rows were excluded.,EXT_FEB4B983371B,not_reported,yes,yes
EXT_1435D4EE7D58,SFC_B031A7CFA524,OPEN_CROSS_MATERIAL_2026,LIQ_0F4168490E,5.0,static,literature_reported,,,,,,,,,A_high,no,,,,,not_reported,JATS table Tab1; Verified static contact angles of selected solid–liquid pairs (1995–2025).; Exact/static row extracted; range-only and unsupported-liquid rows were excluded.,EXT_1435D4EE7D58,not_reported,yes,yes
EXT_C5532BFE0392,SFC_88AD8E0824C4,OPEN_CROSS_MATERIAL_2026,LIQ_0F4168490E,11.0,static,literature_reported,,,,,,,,,A_high,no,,,,,not_reported,JATS table Tab1; Verified static contact angles of selected solid–liquid pairs (1995–2025).; Exact/static row extracted; range-only and unsupported-liquid rows were excluded.,EXT_C5532BFE0392,not_reported,yes,yes
EXT_44B14E084099,SFC_3C19B5C5940C,OPEN_CROSS_MATERIAL_2026,LIQ_0F4168490E,23.5,static,literature_reported,,,,,,1.7,,,A_high,no,,,,,not_reported,JATS table Tab1; Verified static contact angles of selected solid–liquid pairs (1995–2025).; Exact/static row extracted; range-only and unsupported-liquid rows were excluded.,EXT_44B14E084099,not_reported,yes,yes
EXT_969E7805FF23,SFC_EF22972A391D,OPEN_CROSS_MATERIAL_2026,LIQ_0F4168490E,32.0,static,literature_reported,,,,,,,,,A_high,no,,,,,not_reported,JATS table Tab1; Verified static contact angles of selected solid–liquid pairs (1995–2025).; Exact/static row extracted; range-only and unsupported-liquid rows were excluded.,EXT_969E7805FF23,not_reported,yes,yes
EXT_AF240CDD39AB,SFC_DFAA6FA9D311,OPEN_CROSS_MATERIAL_2026,LIQ_0F4168490E,34.0,static,literature_reported,,,,,,,,,A_high,no,,,,,not_reported,JATS table Tab1; Verified static contact angles of selected solid–liquid pairs (1995–2025).; Exact/static row extracted; range-only and unsupported-liquid rows were excluded.,EXT_AF240CDD39AB,not_reported,yes,yes
EXT_1AE336EF5B2E,SFC_0E29DCF6B0F6,OPEN_CROSS_MATERIAL_2026,LIQ_0F4168490E,39.1,static,literature_reported,,,,,,,,,A_high,no,,,,,not_reported,JATS table Tab1; Verified static contact angles of selected solid–liquid pairs (1995–2025).; Exact/static row extracted; range-only and unsupported-liquid rows were excluded.,EXT_1AE336EF5B2E,not_reported,yes,yes
EXT_0D0567136BE4,SFC_CCA852C05DD9,OPEN_CROSS_MATERIAL_2026,LIQ_6656B41AB7,43.2,static,literature_reported,,,,,,,,,A_high,no,,,,,not_reported,JATS table Tab1; Verified static contact angles of selected solid–liquid pairs (1995–2025).; Exact/static row extracted; range-only and unsupported-liquid rows were excluded.,EXT_0D0567136BE4,not_reported,yes,yes
EXT_02746EDBC523,SFC_B11F05311C95,OPEN_CROSS_MATERIAL_2026,LIQ_0F4168490E,48.0,static,literature_reported,,,,,,,,,A_high,no,,,,,not_reported,JATS table Tab1; Verified static contact angles of selected solid–liquid pairs (1995–2025).; Exact/static row extracted; range-only and unsupported-liquid rows were excluded.,EXT_02746EDBC523,not_reported,yes,yes
EXT_D2BDCF2B48E1,SFC_276FB2540C6B,OPEN_CROSS_MATERIAL_2026,LIQ_0F4168490E,49.0,static,literature_reported,,,,,,,,,A_high,no,,,,,not_reported,JATS table Tab1; Verified static contact angles of selected solid–liquid pairs (1995–2025).; Exact/static row extracted; range-only and unsupported-liquid rows were excluded.,EXT_D2BDCF2B48E1,not_reported,yes,yes
EXT_AD49AC8FC73F,SFC_45F8C8F50DAD,OPEN_CROSS_MATERIAL_2026,LIQ_0F4168490E,50.0,static,literature_reported,,,,,,,,,A_high,no,,,,,not_reported,JATS table Tab1; Verified static contact angles of selected solid–liquid pairs (1995–2025).; Exact/static row extracted; range-only and unsupported-liquid rows were excluded.,EXT_AD49AC8FC73F,not_reported,yes,yes
EXT_03E658446E71,SFC_CCA852C05DD9,OPEN_CROSS_MATERIAL_2026,LIQ_1BD1B94C09,56.7,static,literature_reported,,,,,,,,,A_high,no,,,,,not_reported,JATS table Tab1; Verified static contact angles of selected solid–liquid pairs (1995–2025).; Exact/static row extracted; range-only and unsupported-liquid rows were excluded.,EXT_03E658446E71,not_reported,yes,yes
EXT_4192CE86DB7A,SFC_CCA852C05DD9,OPEN_CROSS_MATERIAL_2026,LIQ_53310FAFB3,57.0,static,literature_reported,,,,,,,,,A_high,no,,,,,not_reported,JATS table Tab1; Verified static contact angles of selected solid–liquid pairs (1995–2025).; Exact/static row extracted; range-only and unsupported-liquid rows were excluded.,EXT_4192CE86DB7A,not_reported,yes,yes
EXT_CEE170F19AC5,SFC_C29649784C9E,OPEN_CROSS_MATERIAL_2026,LIQ_0F4168490E,57.0,static,sessile_drop,,,,,,,,,A_high,no,,,,,not_reported,JATS table Tab1; Verified static contact angles of selected solid–liquid pairs (1995–2025).; Exact/static row extracted; range-only and unsupported-liquid rows were excluded.,EXT_CEE170F19AC5,not_reported,yes,yes
EXT_8A4A8419F90A,SFC_76251AE8917C,OPEN_CROSS_MATERIAL_2026,LIQ_0F4168490E,58.0,static,literature_reported,,,,,,,,,A_high,no,,,,,not_reported,JATS table Tab1; Verified static contact angles of selected solid–liquid pairs (1995–2025).; Exact/static row extracted; range-only and unsupported-liquid rows were excluded.,EXT_8A4A8419F90A,not_reported,yes,yes
EXT_9A2570B5651D,SFC_4B11F0C60536,OPEN_CROSS_MATERIAL_2026,LIQ_0F4168490E,58.0,static,literature_reported,,,,,,,,,A_high,no,,,,,not_reported,JATS table Tab1; Verified static contact angles of selected solid–liquid pairs (1995–2025).; Exact/static row extracted; range-only and unsupported-liquid rows were excluded.,EXT_9A2570B5651D,not_reported,yes,yes
EXT_05AE5BE2451B,SFC_8A5FD38D06DE,OPEN_CROSS_MATERIAL_2026,LIQ_5C0DC0DCD1,58.0,static,sessile_drop,,,,,,2.0,,,A_high,no,,,,,not_reported,JATS table Tab1; Verified static contact angles of selected solid–liquid pairs (1995–2025).; Exact/static row extracted; range-only and unsupported-liquid rows were excluded.,EXT_05AE5BE2451B,not_reported,yes,yes
EXT_C356E81E54A2,SFC_8038D9A6A20A,OPEN_CROSS_MATERIAL_2026,LIQ_0F4168490E,59.0,static,literature_reported,,,,,,1.1,,,A_high,no,,,,,not_reported,JATS table Tab1; Verified static contact angles of selected solid–liquid pairs (1995–2025).; Exact/static row extracted; range-only and unsupported-liquid rows were excluded.,EXT_C356E81E54A2,not_reported,yes,yes
EXT_7EC8DDA8A7F9,SFC_9E83E4237A7D,OPEN_CROSS_MATERIAL_2026,LIQ_0F4168490E,60.0,static,literature_reported,,,,,,13.0,,,A_high,no,,,,,not_reported,JATS table Tab1; Verified static contact angles of selected solid–liquid pairs (1995–2025).; Exact/static row extracted; range-only and unsupported-liquid rows were excluded.,EXT_7EC8DDA8A7F9,not_reported,yes,yes
EXT_6881AA073FB3,SFC_127F69376811,OPEN_CROSS_MATERIAL_2026,LIQ_53310FAFB3,60.0,static,sessile_drop,,,,,,2.0,,,A_high,no,,,,,not_reported,JATS table Tab1; Verified static contact angles of selected solid–liquid pairs (1995–2025).; Exact/static row extracted; range-only and unsupported-liquid rows were excluded.,EXT_6881AA073FB3,not_reported,yes,yes
EXT_88465FC708C8,SFC_B2B460B5E74C,OPEN_CROSS_MATERIAL_2026,LIQ_0F4168490E,63.0,static,sessile_drop,,,,,,,,,A_high,no,,,,,not_reported,JATS table Tab1; Verified static contact angles of selected solid–liquid pairs (1995–2025).; Exact/static row extracted; range-only and unsupported-liquid rows were excluded.,EXT_88465FC708C8,not_reported,yes,yes
EXT_F5CE170CF68A,SFC_CB8C71D24418,OPEN_CROSS_MATERIAL_2026,LIQ_0F4168490E,64.0,static,literature_reported,,,,,,5.0,,,A_high,no,,,,,not_reported,JATS table Tab1; Verified static contact angles of selected solid–liquid pairs (1995–2025).; Exact/static row extracted; range-only and unsupported-liquid rows were excluded.,EXT_F5CE170CF68A,not_reported,yes,yes
EXT_1A2DEF91ADCC,SFC_AFE29766ABB1,OPEN_CROSS_MATERIAL_2026,LIQ_0F4168490E,64.0,static,literature_reported,,,,,,3.0,,,A_high,no,,,,,not_reported,JATS table Tab1; Verified static contact angles of selected solid–liquid pairs (1995–2025).; Exact/static row extracted; range-only and unsupported-liquid rows were excluded.,EXT_1A2DEF91ADCC,not_reported,yes,yes
EXT_3FBC997EA1E4,SFC_84E420BFB264,OPEN_CROSS_MATERIAL_2026,LIQ_0F4168490E,64.4,static,literature_reported,,,,,,,,,A_high,no,,,,,not_reported,JATS table Tab1; Verified static contact angles of selected solid–liquid pairs (1995–2025).; Exact/static row extracted; range-only and unsupported-liquid rows were excluded.,EXT_3FBC997EA1E4,not_reported,yes,yes
EXT_EDDBCE0D5ECF,SFC_CCA852C05DD9,OPEN_CROSS_MATERIAL_2026,LIQ_5C0DC0DCD1,66.8,static,literature_reported,,,,,,,,,A_high,no,,,,,not_reported,JATS table Tab1; Verified static contact angles of selected solid–liquid pairs (1995–2025).; Exact/static row extracted; range-only and unsupported-liquid rows were excluded.,EXT_EDDBCE0D5ECF,not_reported,yes,yes
EXT_038089E43DB7,SFC_A20F2DE2FF3E,OPEN_CROSS_MATERIAL_2026,LIQ_0F4168490E,67.0,static,sessile_drop,,,,,,,,,A_high,no,,,,,not_reported,JATS table Tab1; Verified static contact angles of selected solid–liquid pairs (1995–2025).; Exact/static row extracted; range-only and unsupported-liquid rows were excluded.,EXT_038089E43DB7,not_reported,yes,yes
EXT_342CB85D601A,SFC_E32E065C262B,OPEN_CROSS_MATERIAL_2026,LIQ_0F4168490E,67.3,static,literature_reported,,,,,,1.1,,,A_high,no,,,,,not_reported,JATS table Tab1; Verified static contact angles of selected solid–liquid pairs (1995–2025).; Exact/static row extracted; range-only and unsupported-liquid rows were excluded.,EXT_342CB85D601A,not_reported,yes,yes
EXT_8CF003D59705,SFC_E82B74C28497,OPEN_CROSS_MATERIAL_2026,LIQ_0F4168490E,68.0,static,sessile_drop,,,,,,,,,A_high,no,,,,,not_reported,JATS table Tab1; Verified static contact angles of selected solid–liquid pairs (1995–2025).; Exact/static row extracted; range-only and unsupported-liquid rows were excluded.,EXT_8CF003D59705,not_reported,yes,yes
EXT_8EAC9776F893,SFC_953A3ED1CCEC,OPEN_CROSS_MATERIAL_2026,LIQ_0F4168490E,68.0,static,sessile_drop,,,,,,,,,A_high,no,,,,,not_reported,JATS table Tab1; Verified static contact angles of selected solid–liquid pairs (1995–2025).; Exact/static row extracted; range-only and unsupported-liquid rows were excluded.,EXT_8EAC9776F893,not_reported,yes,yes
EXT_D4DD701B186E,SFC_A6484648C3AE,OPEN_CROSS_MATERIAL_2026,LIQ_0F4168490E,69.0,static,literature_reported,,,,,,,,,A_high,no,,,,,not_reported,JATS table Tab1; Verified static contact angles of selected solid–liquid pairs (1995–2025).; Exact/static row extracted; range-only and unsupported-liquid rows were excluded.,EXT_D4DD701B186E,not_reported,yes,yes
EXT_8802B975D414,SFC_F9572A899579,OPEN_CROSS_MATERIAL_2026,LIQ_0F4168490E,70.0,static,literature_reported,,,,,,,,,A_high,no,,,,,not_reported,JATS table Tab1; Verified static contact angles of selected solid–liquid pairs (1995–2025).; Exact/static row extracted; range-only and unsupported-liquid rows were excluded.,EXT_8802B975D414,not_reported,yes,yes
EXT_C7165B4C6E34,SFC_87885EEBDCD9,OPEN_CROSS_MATERIAL_2026,LIQ_0F4168490E,71.0,static,sessile_drop,,,,,,,,,A_high,no,,,,,not_reported,JATS table Tab1; Verified static contact angles of selected solid–liquid pairs (1995–2025).; Exact/static row extracted; range-only and unsupported-liquid rows were excluded.,EXT_C7165B4C6E34,not_reported,yes,yes
EXT_8CA8BA32AFC9,SFC_7FF8363F812D,OPEN_CROSS_MATERIAL_2026,LIQ_0F4168490E,72.0,static,sessile_drop,,,,,,,,,A_high,no,,,,,not_reported,JATS table Tab1; Verified static contact angles of selected solid–liquid pairs (1995–2025).; Exact/static row extracted; range-only and unsupported-liquid rows were excluded.,EXT_8CA8BA32AFC9,not_reported,yes,yes
EXT_3B4C47EB271C,SFC_C4A57786C3BE,OPEN_CROSS_MATERIAL_2026,LIQ_0F4168490E,72.0,static,literature_reported,,,,,,,,,A_high,no,,,,,not_reported,JATS table Tab1; Verified static contact angles of selected solid–liquid pairs (1995–2025).; Exact/static row extracted; range-only and unsupported-liquid rows were excluded.,EXT_3B4C47EB271C,not_reported,yes,yes
EXT_45B7FC6A550A,SFC_CCA852C05DD9,OPEN_CROSS_MATERIAL_2026,LIQ_0F4168490E,72.8,static,literature_reported,,,,,,,,,A_high,no,,,,,not_reported,JATS table Tab1; Verified static contact angles of selected solid–liquid pairs (1995–2025).; Exact/static row extracted; range-only and unsupported-liquid rows were excluded.,EXT_45B7FC6A550A,not_reported,yes,yes
EXT_F934ECFE3262,SFC_89A0CB9F83E8,OPEN_CROSS_MATERIAL_2026,LIQ_0F4168490E,73.0,static,sessile_drop,,,,,,,,,A_high,no,,,,,not_reported,JATS table Tab1; Verified static contact angles of selected solid–liquid pairs (1995–2025).; Exact/static row extracted; range-only and unsupported-liquid rows were excluded.,EXT_F934ECFE3262,not_reported,yes,yes
EXT_E452CC93D716,SFC_7B8DA975FCE0,OPEN_CROSS_MATERIAL_2026,LIQ_0F4168490E,73.0,static,sessile_drop,,,,,,,,,A_high,no,,,,,not_reported,JATS table Tab1; Verified static contact angles of selected solid–liquid pairs (1995–2025).; Exact/static row extracted; range-only and unsupported-liquid rows were excluded.,EXT_E452CC93D716,not_reported,yes,yes
EXT_1C5304636A68,SFC_B32C6485DACA,OPEN_CROSS_MATERIAL_2026,LIQ_0F4168490E,75.9,static,literature_reported,,,,,,,,,A_high,no,,,,,not_reported,JATS table Tab1; Verified static contact angles of selected solid–liquid pairs (1995–2025).; Exact/static row extracted; range-only and unsupported-liquid rows were excluded.,EXT_1C5304636A68,not_reported,yes,yes
EXT_9E9C5162297F,SFC_78B198988B7B,OPEN_CROSS_MATERIAL_2026,LIQ_0F4168490E,77.0,static,literature_reported,,,,,,,,,A_high,no,,,,,not_reported,JATS table Tab1; Verified static contact angles of selected solid–liquid pairs (1995–2025).; Exact/static row extracted; range-only and unsupported-liquid rows were excluded.,EXT_9E9C5162297F,not_reported,yes,yes
EXT_15AAD062FD5E,SFC_6730336819E9,OPEN_CROSS_MATERIAL_2026,LIQ_0F4168490E,80.0,static,literature_reported,,,,,,,,,A_high,no,,,,,not_reported,JATS table Tab1; Verified static contact angles of selected solid–liquid pairs (1995–2025).; Exact/static row extracted; range-only and unsupported-liquid rows were excluded.,EXT_15AAD062FD5E,not_reported,yes,yes
EXT_A1899B98D5EA,SFC_390D2EEA3DFF,OPEN_CROSS_MATERIAL_2026,LIQ_0F4168490E,82.0,static,sessile_drop,,,,,,,,,A_high,no,,,,,not_reported,JATS table Tab1; Verified static contact angles of selected solid–liquid pairs (1995–2025).; Exact/static row extracted; range-only and unsupported-liquid rows were excluded.,EXT_A1899B98D5EA,not_reported,yes,yes
EXT_DB8325D5E027,SFC_2FFFD68BED4B,OPEN_CROSS_MATERIAL_2026,LIQ_0F4168490E,86.0,static,literature_reported,,,,,,,,,A_high,no,,,,,not_reported,JATS table Tab1; Verified static contact angles of selected solid–liquid pairs (1995–2025).; Exact/static row extracted; range-only and unsupported-liquid rows were excluded.,EXT_DB8325D5E027,not_reported,yes,yes
EXT_4773F90CE1B2,SFC_77ED72A5FED3,OPEN_CROSS_MATERIAL_2026,LIQ_0F4168490E,92.0,static,literature_reported,,,,,,,,,A_high,no,,,,,not_reported,JATS table Tab1; Verified static contact angles of selected solid–liquid pairs (1995–2025).; Exact/static row extracted; range-only and unsupported-liquid rows were excluded.,EXT_4773F90CE1B2,not_reported,yes,yes
EXT_58C75DFD37D3,SFC_697C572C0860,OPEN_CROSS_MATERIAL_2026,LIQ_0F4168490E,93.0,static,literature_reported,,,,,,3.0,,,A_high,no,,,,,not_reported,JATS table Tab1; Verified static contact angles of selected solid–liquid pairs (1995–2025).; Exact/static row extracted; range-only and unsupported-liquid rows were excluded.,EXT_58C75DFD37D3,not_reported,yes,yes
EXT_17A43035A987,SFC_51378859DFB5,OPEN_CROSS_MATERIAL_2026,LIQ_0F4168490E,96.0,static,literature_reported,,,,,,,,,A_high,no,,,,,not_reported,JATS table Tab1; Verified static contact angles of selected solid–liquid pairs (1995–2025).; Exact/static row extracted; range-only and unsupported-liquid rows were excluded.,EXT_17A43035A987,not_reported,yes,yes
EXT_E296A8BD1A55,SFC_03E930156743,OPEN_CROSS_MATERIAL_2026,LIQ_0F4168490E,97.97,static,literature_reported,,,,,,1.15,,,A_high,no,,,,,not_reported,JATS table Tab1; Verified static contact angles of selected solid–liquid pairs (1995–2025).; Exact/static row extracted; range-only and unsupported-liquid rows were excluded.,EXT_E296A8BD1A55,not_reported,yes,yes
EXT_AA469EC47BCA,SFC_B9F3F2625635,OPEN_CROSS_MATERIAL_2026,LIQ_0F4168490E,100.0,static,literature_reported,,,,,,,,,A_high,no,,,,,not_reported,JATS table Tab1; Verified static contact angles of selected solid–liquid pairs (1995–2025).; Exact/static row extracted; range-only and unsupported-liquid rows were excluded.,EXT_AA469EC47BCA,not_reported,yes,yes
EXT_16D084CD7670,SFC_B986E6B26E76,OPEN_CROSS_MATERIAL_2026,LIQ_0F4168490E,101.0,static,literature_reported,,,,,,,,,A_high,no,,,,,not_reported,JATS table Tab1; Verified static contact angles of selected solid–liquid pairs (1995–2025).; Exact/static row extracted; range-only and unsupported-liquid rows were excluded.,EXT_16D084CD7670,not_reported,yes,yes
EXT_9C8A1759B53C,SFC_57F0BA5D8921,OPEN_CROSS_MATERIAL_2026,LIQ_0F4168490E,104.0,static,sessile_drop,,,,,,,,,A_high,no,,,,,not_reported,JATS table Tab1; Verified static contact angles of selected solid–liquid pairs (1995–2025).; Exact/static row extracted; range-only and unsupported-liquid rows were excluded.,EXT_9C8A1759B53C,not_reported,yes,yes
EXT_184D1DD087ED,SFC_CF1F29DEC3F3,OPEN_CROSS_MATERIAL_2026,LIQ_0F4168490E,108.0,static,literature_reported,,,,,,2.0,,,A_high,no,,,,,not_reported,JATS table Tab1; Verified static contact angles of selected solid–liquid pairs (1995–2025).; Exact/static row extracted; range-only and unsupported-liquid rows were excluded.,EXT_184D1DD087ED,not_reported,yes,yes
EXT_98E4DE19244D,SFC_3302282ACAA2,OPEN_CROSS_MATERIAL_2026,LIQ_0F4168490E,109.0,static,literature_reported,,,,,,,,,A_high,no,,,,,not_reported,JATS table Tab1; Verified static contact angles of selected solid–liquid pairs (1995–2025).; Exact/static row extracted; range-only and unsupported-liquid rows were excluded.,EXT_98E4DE19244D,not_reported,yes,yes
EXT_701D36C9AEAE,SFC_049A1C1B4B3F,OPEN_CROSS_MATERIAL_2026,LIQ_0F4168490E,110.0,static,literature_reported,,,,,,,,,A_high,no,,,,,not_reported,JATS table Tab1; Verified static contact angles of selected solid–liquid pairs (1995–2025).; Exact/static row extracted; range-only and unsupported-liquid rows were excluded.,EXT_701D36C9AEAE,not_reported,yes,yes
EXT_86B54BC887BA,SFC_7B5A5C2A83F1,OPEN_CROSS_MATERIAL_2026,LIQ_0F4168490E,110.0,static,literature_reported,,,,,,,,,A_high,no,,,,,not_reported,JATS table Tab1; Verified static contact angles of selected solid–liquid pairs (1995–2025).; Exact/static row extracted; range-only and unsupported-liquid rows were excluded.,EXT_86B54BC887BA,not_reported,yes,yes
EXT_FE78EC16D3B2,SFC_05D437139AEF,OPEN_CROSS_MATERIAL_2026,LIQ_0F4168490E,110.0,static,literature_reported,,,,,,,,,A_high,no,,,,,not_reported,JATS table Tab1; Verified static contact angles of selected solid–liquid pairs (1995–2025).; Exact/static row extracted; range-only and unsupported-liquid rows were excluded.,EXT_FE78EC16D3B2,not_reported,yes,yes
EXT_5A22EE7F84A8,SFC_E853D5C9A29E,OPEN_CROSS_MATERIAL_2026,LIQ_0F4168490E,112.0,static,literature_reported,,,,,,3.0,,,A_high,no,,,,,not_reported,JATS table Tab1; Verified static contact angles of selected solid–liquid pairs (1995–2025).; Exact/static row extracted; range-only and unsupported-liquid rows were excluded.,EXT_5A22EE7F84A8,not_reported,yes,yes
EXT_8E080B773589,SFC_D88CE82490CD,OPEN_CROSS_MATERIAL_2026,LIQ_0F4168490E,113.8,static,literature_reported,,,,,,1.4,,,A_high,no,,,,,not_reported,JATS table Tab1; Verified static contact angles of selected solid–liquid pairs (1995–2025).; Exact/static row extracted; range-only and unsupported-liquid rows were excluded.,EXT_8E080B773589,not_reported,yes,yes
EXT_E27ED8F3E8CB,SFC_3122EC9D3530,OPEN_CROSS_MATERIAL_2026,LIQ_0F4168490E,118.0,static,literature_reported,,,,,,,,,A_high,no,,,,,not_reported,JATS table Tab1; Verified static contact angles of selected solid–liquid pairs (1995–2025).; Exact/static row extracted; range-only and unsupported-liquid rows were excluded.,EXT_E27ED8F3E8CB,not_reported,yes,yes
EXT_441FDE2FACD6,SFC_C4217EEC69EE,OPEN_CROSS_MATERIAL_2026,LIQ_0F4168490E,118.0,static,literature_reported,,,,,,,,,A_high,no,,,,,not_reported,JATS table Tab1; Verified static contact angles of selected solid–liquid pairs (1995–2025).; Exact/static row extracted; range-only and unsupported-liquid rows were excluded.,EXT_441FDE2FACD6,not_reported,yes,yes
EXT_69F4338326C3,SFC_EAC59F0538FF,OPEN_CROSS_MATERIAL_2026,LIQ_0F4168490E,119.0,static,literature_reported,,,,,,,,,A_high,no,,,,,not_reported,JATS table Tab1; Verified static contact angles of selected solid–liquid pairs (1995–2025).; Exact/static row extracted; range-only and unsupported-liquid rows were excluded.,EXT_69F4338326C3,not_reported,yes,yes
EXT_5F16141B2E06,SFC_5F7F48BBA35E,OPEN_CROSS_MATERIAL_2026,LIQ_0F4168490E,120.0,static,literature_reported,,,,,,,,,A_high,no,,,,,not_reported,JATS table Tab1; Verified static contact angles of selected solid–liquid pairs (1995–2025).; Exact/static row extracted; range-only and unsupported-liquid rows were excluded.,EXT_5F16141B2E06,not_reported,yes,yes
EXT_3AA83287CAB2,SFC_5ED24325E10A,OPEN_CROSS_MATERIAL_2026,LIQ_0F4168490E,130.0,static,literature_reported,,,,,,5.0,,,A_high,no,,,,,not_reported,JATS table Tab1; Verified static contact angles of selected solid–liquid pairs (1995–2025).; Exact/static row extracted; range-only and unsupported-liquid rows were excluded.,EXT_3AA83287CAB2,not_reported,yes,yes
EXT_EB30F6366EC8,SFC_D5CB19B7A059,OPEN_CROSS_MATERIAL_2026,LIQ_0F4168490E,130.0,static,literature_reported,,,,,,,,,A_high,no,,,,,not_reported,JATS table Tab1; Verified static contact angles of selected solid–liquid pairs (1995–2025).; Exact/static row extracted; range-only and unsupported-liquid rows were excluded.,EXT_EB30F6366EC8,not_reported,yes,yes
EXT_F6AC65D6E178,SFC_A2FC0BD30E3E,OPEN_CROSS_MATERIAL_2026,LIQ_0F4168490E,130.1,static,literature_reported,,,,,,0.8,,,A_high,no,,,,,not_reported,JATS table Tab1; Verified static contact angles of selected solid–liquid pairs (1995–2025).; Exact/static row extracted; range-only and unsupported-liquid rows were excluded.,EXT_F6AC65D6E178,not_reported,yes,yes
EXT_AD867DED8067,SFC_BB30AA0AE8D6,OPEN_CROSS_MATERIAL_2026,LIQ_0F4168490E,134.1,static,literature_reported,,,,,,1.0,,,A_high,no,,,,,not_reported,JATS table Tab1; Verified static contact angles of selected solid–liquid pairs (1995–2025).; Exact/static row extracted; range-only and unsupported-liquid rows were excluded.,EXT_AD867DED8067,not_reported,yes,yes
EXT_DE77FB0D32E3,SFC_5D474B7F127E,OPEN_CROSS_MATERIAL_2026,LIQ_0F4168490E,138.0,static,literature_reported,,,,,,,,,A_high,no,,,,,not_reported,JATS table Tab1; Verified static contact angles of selected solid–liquid pairs (1995–2025).; Exact/static row extracted; range-only and unsupported-liquid rows were excluded.,EXT_DE77FB0D32E3,not_reported,yes,yes
EXT_A1DD6DB9C693,SFC_5774779C7E4E,OPEN_CROSS_MATERIAL_2026,LIQ_0F4168490E,140.0,static,literature_reported,,,,,,,,,A_high,no,,,,,not_reported,JATS table Tab1; Verified static contact angles of selected solid–liquid pairs (1995–2025).; Exact/static row extracted; range-only and unsupported-liquid rows were excluded.,EXT_A1DD6DB9C693,not_reported,yes,yes
EXT_D273452DCA87,SFC_8D0462C5653C,OPEN_CROSS_MATERIAL_2026,LIQ_0F4168490E,140.0,static,literature_reported,,,,,,,,,A_high,no,,,,,not_reported,JATS table Tab1; Verified static contact angles of selected solid–liquid pairs (1995–2025).; Exact/static row extracted; range-only and unsupported-liquid rows were excluded.,EXT_D273452DCA87,not_reported,yes,yes
EXT_5C964067DDB9,SFC_008B5AD02DF3,OPEN_CROSS_MATERIAL_2026,LIQ_0F4168490E,140.8,static,literature_reported,,,,,,,,,A_high,no,,,,,not_reported,JATS table Tab1; Verified static contact angles of selected solid–liquid pairs (1995–2025).; Exact/static row extracted; range-only and unsupported-liquid rows were excluded.,EXT_5C964067DDB9,not_reported,yes,yes
EXT_F5CA0CBE24C8,SFC_71537A54AC75,OPEN_CROSS_MATERIAL_2026,LIQ_0F4168490E,141.0,static,literature_reported,,,,,,,,,A_high,no,,,,,not_reported,JATS table Tab1; Verified static contact angles of selected solid–liquid pairs (1995–2025).; Exact/static row extracted; range-only and unsupported-liquid rows were excluded.,EXT_F5CA0CBE24C8,not_reported,yes,yes
EXT_08D2B3E3D155,SFC_BD28F27D1B1C,OPEN_CROSS_MATERIAL_2026,LIQ_0F4168490E,142.5,static,literature_reported,,,,,,,,,A_high,no,,,,,not_reported,JATS table Tab1; Verified static contact angles of selected solid–liquid pairs (1995–2025).; Exact/static row extracted; range-only and unsupported-liquid rows were excluded.,EXT_08D2B3E3D155,not_reported,yes,yes
EXT_FDF0865FB056,SFC_4B7DAC13B6CB,OPEN_CROSS_MATERIAL_2026,LIQ_0F4168490E,150.0,static,literature_reported,,,,,,,,,A_high,no,,,,,not_reported,JATS table Tab1; Verified static contact angles of selected solid–liquid pairs (1995–2025).; Exact/static row extracted; range-only and unsupported-liquid rows were excluded.,EXT_FDF0865FB056,not_reported,yes,yes
EXT_BE98BFBCE0AB,SFC_5D72E873B03B,OPEN_CROSS_MATERIAL_2026,LIQ_0F4168490E,150.0,static,literature_reported,,,,,,,,,A_high,no,,,,,not_reported,JATS table Tab1; Verified static contact angles of selected solid–liquid pairs (1995–2025).; Exact/static row extracted; range-only and unsupported-liquid rows were excluded.,EXT_BE98BFBCE0AB,not_reported,yes,yes
EXT_DA7362055C35,SFC_78D38330E7A9,OPEN_CROSS_MATERIAL_2026,LIQ_0F4168490E,150.0,static,literature_reported,,,,,,,,,A_high,no,,,,,not_reported,JATS table Tab1; Verified static contact angles of selected solid–liquid pairs (1995–2025).; Exact/static row extracted; range-only and unsupported-liquid rows were excluded.,EXT_DA7362055C35,not_reported,yes,yes
EXT_CE8A8FA61210,SFC_6B46DE746EC7,OPEN_CROSS_MATERIAL_2026,LIQ_0F4168490E,150.0,static,literature_reported,,,,,,,,,A_high,no,,,,,not_reported,JATS table Tab1; Verified static contact angles of selected solid–liquid pairs (1995–2025).; Exact/static row extracted; range-only and unsupported-liquid rows were excluded.,EXT_CE8A8FA61210,not_reported,yes,yes
EXT_2F6CF8AC16F3,SFC_2323C916D9CA,OPEN_CROSS_MATERIAL_2026,LIQ_0F4168490E,150.5,static,literature_reported,,,,,,0.4,,,A_high,no,,,,,not_reported,JATS table Tab1; Verified static contact angles of selected solid–liquid pairs (1995–2025).; Exact/static row extracted; range-only and unsupported-liquid rows were excluded.,EXT_2F6CF8AC16F3,not_reported,yes,yes
EXT_8D650D7B5C3B,SFC_807168F787F5,OPEN_CROSS_MATERIAL_2026,LIQ_0F4168490E,150.0,static,literature_reported,,,,,,0.44,,,A_high,no,,,,,not_reported,JATS table Tab1; Verified static contact angles of selected solid–liquid pairs (1995–2025).; Exact/static row extracted; range-only and unsupported-liquid rows were excluded.,EXT_8D650D7B5C3B,not_reported,yes,yes
EXT_568E7197F0F4,SFC_01C5DA91E115,OPEN_CROSS_MATERIAL_2026,LIQ_0F4168490E,150.0,static,literature_reported,,,,,,0.44,,,A_high,no,,,,,not_reported,JATS table Tab1; Verified static contact angles of selected solid–liquid pairs (1995–2025).; Exact/static row extracted; range-only and unsupported-liquid rows were excluded.,EXT_568E7197F0F4,not_reported,yes,yes
EXT_D271DBB89E1C,SFC_C09DABED6453,OPEN_CROSS_MATERIAL_2026,LIQ_0F4168490E,151.0,static,literature_reported,,,,,,4.0,,,A_high,no,,,,,not_reported,JATS table Tab1; Verified static contact angles of selected solid–liquid pairs (1995–2025).; Exact/static row extracted; range-only and unsupported-liquid rows were excluded.,EXT_D271DBB89E1C,not_reported,yes,yes
EXT_D75887E14A30,SFC_40D416367ED5,OPEN_CROSS_MATERIAL_2026,LIQ_0F4168490E,152.3,static,literature_reported,,,,,,1.7,,,A_high,no,,,,,not_reported,JATS table Tab1; Verified static contact angles of selected solid–liquid pairs (1995–2025).; Exact/static row extracted; range-only and unsupported-liquid rows were excluded.,EXT_D75887E14A30,not_reported,yes,yes
EXT_F2EF45E9B6C8,SFC_893F8367669D,OPEN_CROSS_MATERIAL_2026,LIQ_0F4168490E,155.4,static,literature_reported,,,,,,0.6,,,A_high,no,,,,,not_reported,JATS table Tab1; Verified static contact angles of selected solid–liquid pairs (1995–2025).; Exact/static row extracted; range-only and unsupported-liquid rows were excluded.,EXT_F2EF45E9B6C8,not_reported,yes,yes
EXT_5BBBEA92BD69,SFC_10AE4DFE50CE,OPEN_CROSS_MATERIAL_2026,LIQ_0F4168490E,158.0,static,literature_reported,,,,,,5.0,,,A_high,no,,,,,not_reported,JATS table Tab1; Verified static contact angles of selected solid–liquid pairs (1995–2025).; Exact/static row extracted; range-only and unsupported-liquid rows were excluded.,EXT_5BBBEA92BD69,not_reported,yes,yes
EXT_6A99656CDA81,SFC_D382AE2DA4CA,OPEN_CROSS_MATERIAL_2026,LIQ_0F4168490E,160.0,static,literature_reported,,,,,,3.0,,,A_high,no,,,,,not_reported,JATS table Tab1; Verified static contact angles of selected solid–liquid pairs (1995–2025).; Exact/static row extracted; range-only and unsupported-liquid rows were excluded.,EXT_6A99656CDA81,not_reported,yes,yes
EXT_DAD3265356DE,SFC_3D43AF072E6D,OPEN_CROSS_MATERIAL_2026,LIQ_0F4168490E,160.0,static,literature_reported,,,,,,,,,A_high,no,,,,,not_reported,JATS table Tab1; Verified static contact angles of selected solid–liquid pairs (1995–2025).; Exact/static row extracted; range-only and unsupported-liquid rows were excluded.,EXT_DAD3265356DE,not_reported,yes,yes
EXT_22311927D024,SFC_D9DD5BCDEBD2,OPEN_CROSS_MATERIAL_2026,LIQ_0F4168490E,161.1,static,literature_reported,,,,,,0.6,,,A_high,no,,,,,not_reported,JATS table Tab1; Verified static contact angles of selected solid–liquid pairs (1995–2025).; Exact/static row extracted; range-only and unsupported-liquid rows were excluded.,EXT_22311927D024,not_reported,yes,yes
EXT_3C62AEFD5348,SFC_E366C485FD23,OPEN_CROSS_MATERIAL_2026,LIQ_0F4168490E,166.0,static,literature_reported,,,,,,3.0,,,A_high,no,,,,,not_reported,JATS table Tab1; Verified static contact angles of selected solid–liquid pairs (1995–2025).; Exact/static row extracted; range-only and unsupported-liquid rows were excluded.,EXT_3C62AEFD5348,not_reported,yes,yes
EXT_8D21E62DB309,SFC_D1DB5176E829,OPEN_CROSS_MATERIAL_2026,LIQ_0F4168490E,166.0,static,literature_reported,,,,,,,,,A_high,no,,,,,not_reported,JATS table Tab1; Verified static contact angles of selected solid–liquid pairs (1995–2025).; Exact/static row extracted; range-only and unsupported-liquid rows were excluded.,EXT_8D21E62DB309,not_reported,yes,yes
EXT_2481B8573EB1,SFC_5C7869425C1B,OPEN_CROSS_MATERIAL_2026,LIQ_0F4168490E,170.0,static,literature_reported,,,,,,,,,A_high,no,,,,,not_reported,JATS table Tab1; Verified static contact angles of selected solid–liquid pairs (1995–2025).; Exact/static row extracted; range-only and unsupported-liquid rows were excluded.,EXT_2481B8573EB1,not_reported,yes,yes
EXT_DF28A6DCCE52,SFC_4A211D37EBCC,OPEN_CROSS_MATERIAL_2026,LIQ_0F4168490E,172.5,static,literature_reported,,,,,,1.2,,,A_high,no,,,,,not_reported,JATS table Tab1; Verified static contact angles of selected solid–liquid pairs (1995–2025).; Exact/static row extracted; range-only and unsupported-liquid rows were excluded.,EXT_DF28A6DCCE52,not_reported,yes,yes
EXT_7112F46F959D,SFC_E45DCD7FEE37,OPEN_CROSS_MATERIAL_2026,LIQ_0F4168490E,174.0,static,literature_reported,,,,,,3.0,,,A_high,no,,,,,not_reported,JATS table Tab1; Verified static contact angles of selected solid–liquid pairs (1995–2025).; Exact/static row extracted; range-only and unsupported-liquid rows were excluded.,EXT_7112F46F959D,not_reported,yes,yes
EXT_CD007E6F73D6,SFC_D997DF0085DF,OPEN_POLYMER_SURFACES_2023,LIQ_0F4168490E,56.0,static,literature_reported,,,,,,,,,A_high,no,,,,,not_reported,"JATS table t2-turkjchem-47-1-68; Water (W), formamide (FA) and diiodomethane (DM) contact angle results of various polymer surfaces.; Diagnostic literature-reported angle; advancing/receding status is not specified in the source table.",EXT_CD007E6F73D6,not_reported,yes,yes
EXT_0D45D9BA0074,SFC_D997DF0085DF,OPEN_POLYMER_SURFACES_2023,LIQ_1BD1B94C09,32.0,static,literature_reported,,,,,,,,,A_high,no,,,,,not_reported,"JATS table t2-turkjchem-47-1-68; Water (W), formamide (FA) and diiodomethane (DM) contact angle results of various polymer surfaces.; Diagnostic literature-reported angle; advancing/receding status is not specified in the source table.",EXT_0D45D9BA0074,not_reported,yes,yes
EXT_297563844CCE,SFC_D997DF0085DF,OPEN_POLYMER_SURFACES_2023,LIQ_6656B41AB7,25.0,static,literature_reported,,,,,,,,,A_high,no,,,,,not_reported,"JATS table t2-turkjchem-47-1-68; Water (W), formamide (FA) and diiodomethane (DM) contact angle results of various polymer surfaces.; Diagnostic literature-reported angle; advancing/receding status is not specified in the source table.",EXT_297563844CCE,not_reported,yes,yes
EXT_B5BBE06381DD,SFC_874E84FC80A7,OPEN_POLYMER_SURFACES_2023,LIQ_0F4168490E,60.0,static,literature_reported,,,,,,,,,A_high,no,,,,,not_reported,"JATS table t2-turkjchem-47-1-68; Water (W), formamide (FA) and diiodomethane (DM) contact angle results of various polymer surfaces.; Diagnostic literature-reported angle; advancing/receding status is not specified in the source table.",EXT_B5BBE06381DD,not_reported,yes,yes
EXT_CF2DEF31E69A,SFC_874E84FC80A7,OPEN_POLYMER_SURFACES_2023,LIQ_1BD1B94C09,43.0,static,literature_reported,,,,,,,,,A_high,no,,,,,not_reported,"JATS table t2-turkjchem-47-1-68; Water (W), formamide (FA) and diiodomethane (DM) contact angle results of various polymer surfaces.; Diagnostic literature-reported angle; advancing/receding status is not specified in the source table.",EXT_CF2DEF31E69A,not_reported,yes,yes
EXT_04AB24A5BB0A,SFC_874E84FC80A7,OPEN_POLYMER_SURFACES_2023,LIQ_6656B41AB7,41.0,static,literature_reported,,,,,,,,,A_high,no,,,,,not_reported,"JATS table t2-turkjchem-47-1-68; Water (W), formamide (FA) and diiodomethane (DM) contact angle results of various polymer surfaces.; Diagnostic literature-reported angle; advancing/receding status is not specified in the source table.",EXT_04AB24A5BB0A,not_reported,yes,yes
EXT_1924C779E86F,SFC_E066D95CCC78,OPEN_POLYMER_SURFACES_2023,LIQ_0F4168490E,82.0,static,literature_reported,,,,,,,,,A_high,no,,,,,not_reported,"JATS table t2-turkjchem-47-1-68; Water (W), formamide (FA) and diiodomethane (DM) contact angle results of various polymer surfaces.; Diagnostic literature-reported angle; advancing/receding status is not specified in the source table.",EXT_1924C779E86F,not_reported,yes,yes
EXT_D02ABE046CF1,SFC_E066D95CCC78,OPEN_POLYMER_SURFACES_2023,LIQ_1BD1B94C09,61.0,static,literature_reported,,,,,,,,,A_high,no,,,,,not_reported,"JATS table t2-turkjchem-47-1-68; Water (W), formamide (FA) and diiodomethane (DM) contact angle results of various polymer surfaces.; Diagnostic literature-reported angle; advancing/receding status is not specified in the source table.",EXT_D02ABE046CF1,not_reported,yes,yes
EXT_B6135F6CB593,SFC_E066D95CCC78,OPEN_POLYMER_SURFACES_2023,LIQ_6656B41AB7,32.0,static,literature_reported,,,,,,,,,A_high,no,,,,,not_reported,"JATS table t2-turkjchem-47-1-68; Water (W), formamide (FA) and diiodomethane (DM) contact angle results of various polymer surfaces.; Diagnostic literature-reported angle; advancing/receding status is not specified in the source table.",EXT_B6135F6CB593,not_reported,yes,yes
EXT_59D01A9DD4A8,SFC_AC4DDEECE3F7,OPEN_POLYMER_SURFACES_2023,LIQ_0F4168490E,70.0,static,literature_reported,,,,,,,,,A_high,no,,,,,not_reported,"JATS table t2-turkjchem-47-1-68; Water (W), formamide (FA) and diiodomethane (DM) contact angle results of various polymer surfaces.; Diagnostic literature-reported angle; advancing/receding status is not specified in the source table.",EXT_59D01A9DD4A8,not_reported,yes,yes
EXT_DA68FAFFF9C1,SFC_AC4DDEECE3F7,OPEN_POLYMER_SURFACES_2023,LIQ_1BD1B94C09,50.0,static,literature_reported,,,,,,,,,A_high,no,,,,,not_reported,"JATS table t2-turkjchem-47-1-68; Water (W), formamide (FA) and diiodomethane (DM) contact angle results of various polymer surfaces.; Diagnostic literature-reported angle; advancing/receding status is not specified in the source table.",EXT_DA68FAFFF9C1,not_reported,yes,yes
EXT_BFC1FC4FCDFE,SFC_AC4DDEECE3F7,OPEN_POLYMER_SURFACES_2023,LIQ_6656B41AB7,41.0,static,literature_reported,,,,,,,,,A_high,no,,,,,not_reported,"JATS table t2-turkjchem-47-1-68; Water (W), formamide (FA) and diiodomethane (DM) contact angle results of various polymer surfaces.; Diagnostic literature-reported angle; advancing/receding status is not specified in the source table.",EXT_BFC1FC4FCDFE,not_reported,yes,yes
EXT_9320E89C123F,SFC_F0BFA31774A7,OPEN_POLYMER_SURFACES_2023,LIQ_0F4168490E,96.0,static,literature_reported,,,,,,,,,A_high,no,,,,,not_reported,"JATS table t2-turkjchem-47-1-68; Water (W), formamide (FA) and diiodomethane (DM) contact angle results of various polymer surfaces.; Diagnostic literature-reported angle; advancing/receding status is not specified in the source table.",EXT_9320E89C123F,not_reported,yes,yes
EXT_61F8100551D0,SFC_F0BFA31774A7,OPEN_POLYMER_SURFACES_2023,LIQ_1BD1B94C09,54.0,static,literature_reported,,,,,,,,,A_high,no,,,,,not_reported,"JATS table t2-turkjchem-47-1-68; Water (W), formamide (FA) and diiodomethane (DM) contact angle results of various polymer surfaces.; Diagnostic literature-reported angle; advancing/receding status is not specified in the source table.",EXT_61F8100551D0,not_reported,yes,yes
EXT_DA73FA01DE16,SFC_F0BFA31774A7,OPEN_POLYMER_SURFACES_2023,LIQ_6656B41AB7,34.0,static,literature_reported,,,,,,,,,A_high,no,,,,,not_reported,"JATS table t2-turkjchem-47-1-68; Water (W), formamide (FA) and diiodomethane (DM) contact angle results of various polymer surfaces.; Diagnostic literature-reported angle; advancing/receding status is not specified in the source table.",EXT_DA73FA01DE16,not_reported,yes,yes
EXT_E8887E8FA242,SFC_619070545661,OPEN_POLYMER_SURFACES_2023,LIQ_0F4168490E,91.0,static,literature_reported,,,,,,,,,A_high,no,,,,,not_reported,"JATS table t2-turkjchem-47-1-68; Water (W), formamide (FA) and diiodomethane (DM) contact angle results of various polymer surfaces.; Diagnostic literature-reported angle; advancing/receding status is not specified in the source table.",EXT_E8887E8FA242,not_reported,yes,yes
EXT_2D6D530BDE66,SFC_619070545661,OPEN_POLYMER_SURFACES_2023,LIQ_1BD1B94C09,74.0,static,literature_reported,,,,,,,,,A_high,no,,,,,not_reported,"JATS table t2-turkjchem-47-1-68; Water (W), formamide (FA) and diiodomethane (DM) contact angle results of various polymer surfaces.; Diagnostic literature-reported angle; advancing/receding status is not specified in the source table.",EXT_2D6D530BDE66,not_reported,yes,yes
EXT_0DF8EFC4C97A,SFC_619070545661,OPEN_POLYMER_SURFACES_2023,LIQ_6656B41AB7,35.0,static,literature_reported,,,,,,,,,A_high,no,,,,,not_reported,"JATS table t2-turkjchem-47-1-68; Water (W), formamide (FA) and diiodomethane (DM) contact angle results of various polymer surfaces.; Diagnostic literature-reported angle; advancing/receding status is not specified in the source table.",EXT_0DF8EFC4C97A,not_reported,yes,yes
EXT_398B369DB1D4,SFC_FFE25A9A5A54,OPEN_POLYMER_SURFACES_2023,LIQ_0F4168490E,87.0,static,literature_reported,,,,,,,,,A_high,no,,,,,not_reported,"JATS table t2-turkjchem-47-1-68; Water (W), formamide (FA) and diiodomethane (DM) contact angle results of various polymer surfaces.; Diagnostic literature-reported angle; advancing/receding status is not specified in the source table.",EXT_398B369DB1D4,not_reported,yes,yes
EXT_4A1E7242F9DF,SFC_FFE25A9A5A54,OPEN_POLYMER_SURFACES_2023,LIQ_1BD1B94C09,66.0,static,literature_reported,,,,,,,,,A_high,no,,,,,not_reported,"JATS table t2-turkjchem-47-1-68; Water (W), formamide (FA) and diiodomethane (DM) contact angle results of various polymer surfaces.; Diagnostic literature-reported angle; advancing/receding status is not specified in the source table.",EXT_4A1E7242F9DF,not_reported,yes,yes
EXT_C161311E1FB7,SFC_FFE25A9A5A54,OPEN_POLYMER_SURFACES_2023,LIQ_6656B41AB7,36.0,static,literature_reported,,,,,,,,,A_high,no,,,,,not_reported,"JATS table t2-turkjchem-47-1-68; Water (W), formamide (FA) and diiodomethane (DM) contact angle results of various polymer surfaces.; Diagnostic literature-reported angle; advancing/receding status is not specified in the source table.",EXT_C161311E1FB7,not_reported,yes,yes
EXT_D5FF9F67F45C,SFC_1D7210C10C8C,OPEN_POLYMER_SURFACES_2023,LIQ_0F4168490E,81.0,static,literature_reported,,,,,,,,,A_high,no,,,,,not_reported,"JATS table t2-turkjchem-47-1-68; Water (W), formamide (FA) and diiodomethane (DM) contact angle results of various polymer surfaces.; Diagnostic literature-reported angle; advancing/receding status is not specified in the source table.",EXT_D5FF9F67F45C,not_reported,yes,yes
EXT_C9A4F8CA797A,SFC_1D7210C10C8C,OPEN_POLYMER_SURFACES_2023,LIQ_1BD1B94C09,61.0,static,literature_reported,,,,,,,,,A_high,no,,,,,not_reported,"JATS table t2-turkjchem-47-1-68; Water (W), formamide (FA) and diiodomethane (DM) contact angle results of various polymer surfaces.; Diagnostic literature-reported angle; advancing/receding status is not specified in the source table.",EXT_C9A4F8CA797A,not_reported,yes,yes
EXT_BC643C3D7862,SFC_1D7210C10C8C,OPEN_POLYMER_SURFACES_2023,LIQ_6656B41AB7,38.0,static,literature_reported,,,,,,,,,A_high,no,,,,,not_reported,"JATS table t2-turkjchem-47-1-68; Water (W), formamide (FA) and diiodomethane (DM) contact angle results of various polymer surfaces.; Diagnostic literature-reported angle; advancing/receding status is not specified in the source table.",EXT_BC643C3D7862,not_reported,yes,yes
EXT_F80C8FA1754C,SFC_ECD42A787C67,OPEN_POLYMER_SURFACES_2023,LIQ_0F4168490E,71.0,static,literature_reported,,,,,,,,,A_high,no,,,,,not_reported,"JATS table t2-turkjchem-47-1-68; Water (W), formamide (FA) and diiodomethane (DM) contact angle results of various polymer surfaces.; Diagnostic literature-reported angle; advancing/receding status is not specified in the source table.",EXT_F80C8FA1754C,not_reported,yes,yes
EXT_686D150BDAAF,SFC_ECD42A787C67,OPEN_POLYMER_SURFACES_2023,LIQ_1BD1B94C09,59.0,static,literature_reported,,,,,,,,,A_high,no,,,,,not_reported,"JATS table t2-turkjchem-47-1-68; Water (W), formamide (FA) and diiodomethane (DM) contact angle results of various polymer surfaces.; Diagnostic literature-reported angle; advancing/receding status is not specified in the source table.",EXT_686D150BDAAF,not_reported,yes,yes
EXT_3D82C848D389,SFC_ECD42A787C67,OPEN_POLYMER_SURFACES_2023,LIQ_6656B41AB7,40.0,static,literature_reported,,,,,,,,,A_high,no,,,,,not_reported,"JATS table t2-turkjchem-47-1-68; Water (W), formamide (FA) and diiodomethane (DM) contact angle results of various polymer surfaces.; Diagnostic literature-reported angle; advancing/receding status is not specified in the source table.",EXT_3D82C848D389,not_reported,yes,yes
EXT_C03E4F87416F,SFC_5648457375F3,OPEN_POLYMER_SURFACES_2023,LIQ_0F4168490E,80.0,static,literature_reported,,,,,,,,,A_high,no,,,,,not_reported,"JATS table t2-turkjchem-47-1-68; Water (W), formamide (FA) and diiodomethane (DM) contact angle results of various polymer surfaces.; Diagnostic literature-reported angle; advancing/receding status is not specified in the source table.",EXT_C03E4F87416F,not_reported,yes,yes
EXT_B4AB0610DC8D,SFC_5648457375F3,OPEN_POLYMER_SURFACES_2023,LIQ_1BD1B94C09,54.0,static,literature_reported,,,,,,,,,A_high,no,,,,,not_reported,"JATS table t2-turkjchem-47-1-68; Water (W), formamide (FA) and diiodomethane (DM) contact angle results of various polymer surfaces.; Diagnostic literature-reported angle; advancing/receding status is not specified in the source table.",EXT_B4AB0610DC8D,not_reported,yes,yes
EXT_8EC71DE1D3C8,SFC_5648457375F3,OPEN_POLYMER_SURFACES_2023,LIQ_6656B41AB7,49.0,static,literature_reported,,,,,,,,,A_high,no,,,,,not_reported,"JATS table t2-turkjchem-47-1-68; Water (W), formamide (FA) and diiodomethane (DM) contact angle results of various polymer surfaces.; Diagnostic literature-reported angle; advancing/receding status is not specified in the source table.",EXT_8EC71DE1D3C8,not_reported,yes,yes
EXT_D8FBAAD59B4B,SFC_4CBC1B4A127C,OPEN_POLYMER_SURFACES_2023,LIQ_0F4168490E,102.0,static,literature_reported,,,,,,,,,A_high,no,,,,,not_reported,"JATS table t2-turkjchem-47-1-68; Water (W), formamide (FA) and diiodomethane (DM) contact angle results of various polymer surfaces.; Diagnostic literature-reported angle; advancing/receding status is not specified in the source table.",EXT_D8FBAAD59B4B,not_reported,yes,yes
EXT_1DC596480B9E,SFC_4CBC1B4A127C,OPEN_POLYMER_SURFACES_2023,LIQ_1BD1B94C09,85.0,static,literature_reported,,,,,,,,,A_high,no,,,,,not_reported,"JATS table t2-turkjchem-47-1-68; Water (W), formamide (FA) and diiodomethane (DM) contact angle results of various polymer surfaces.; Diagnostic literature-reported angle; advancing/receding status is not specified in the source table.",EXT_1DC596480B9E,not_reported,yes,yes
EXT_A3F4030D6CB1,SFC_4CBC1B4A127C,OPEN_POLYMER_SURFACES_2023,LIQ_6656B41AB7,53.0,static,literature_reported,,,,,,,,,A_high,no,,,,,not_reported,"JATS table t2-turkjchem-47-1-68; Water (W), formamide (FA) and diiodomethane (DM) contact angle results of various polymer surfaces.; Diagnostic literature-reported angle; advancing/receding status is not specified in the source table.",EXT_A3F4030D6CB1,not_reported,yes,yes
EXT_31D988D57B38,SFC_4BD23D0F3546,OPEN_POLYMER_SURFACES_2023,LIQ_0F4168490E,82.0,static,literature_reported,,,,,,,,,A_high,no,,,,,not_reported,"JATS table t2-turkjchem-47-1-68; Water (W), formamide (FA) and diiodomethane (DM) contact angle results of various polymer surfaces.; Diagnostic literature-reported angle; advancing/receding status is not specified in the source table.",EXT_31D988D57B38,not_reported,yes,yes
EXT_CA5F8E2A53C2,SFC_4BD23D0F3546,OPEN_POLYMER_SURFACES_2023,LIQ_1BD1B94C09,59.0,static,literature_reported,,,,,,,,,A_high,no,,,,,not_reported,"JATS table t2-turkjchem-47-1-68; Water (W), formamide (FA) and diiodomethane (DM) contact angle results of various polymer surfaces.; Diagnostic literature-reported angle; advancing/receding status is not specified in the source table.",EXT_CA5F8E2A53C2,not_reported,yes,yes
EXT_C03F819C4B66,SFC_4BD23D0F3546,OPEN_POLYMER_SURFACES_2023,LIQ_6656B41AB7,63.0,static,literature_reported,,,,,,,,,A_high,no,,,,,not_reported,"JATS table t2-turkjchem-47-1-68; Water (W), formamide (FA) and diiodomethane (DM) contact angle results of various polymer surfaces.; Diagnostic literature-reported angle; advancing/receding status is not specified in the source table.",EXT_C03F819C4B66,not_reported,yes,yes
EXT_FD5F6987DAB6,SFC_A65652A71181,OPEN_POLYMER_SURFACES_2023,LIQ_0F4168490E,102.0,static,literature_reported,,,,,,,,,A_high,no,,,,,not_reported,"JATS table t2-turkjchem-47-1-68; Water (W), formamide (FA) and diiodomethane (DM) contact angle results of various polymer surfaces.; Diagnostic literature-reported angle; advancing/receding status is not specified in the source table.",EXT_FD5F6987DAB6,not_reported,yes,yes
EXT_4BF4B6EE2A48,SFC_A65652A71181,OPEN_POLYMER_SURFACES_2023,LIQ_1BD1B94C09,82.0,static,literature_reported,,,,,,,,,A_high,no,,,,,not_reported,"JATS table t2-turkjchem-47-1-68; Water (W), formamide (FA) and diiodomethane (DM) contact angle results of various polymer surfaces.; Diagnostic literature-reported angle; advancing/receding status is not specified in the source table.",EXT_4BF4B6EE2A48,not_reported,yes,yes
EXT_63529BCBF35A,SFC_A65652A71181,OPEN_POLYMER_SURFACES_2023,LIQ_6656B41AB7,55.0,static,literature_reported,,,,,,,,,A_high,no,,,,,not_reported,"JATS table t2-turkjchem-47-1-68; Water (W), formamide (FA) and diiodomethane (DM) contact angle results of various polymer surfaces.; Diagnostic literature-reported angle; advancing/receding status is not specified in the source table.",EXT_63529BCBF35A,not_reported,yes,yes
EXT_9FD20D27EB85,SFC_D9EFE53A22B1,OPEN_POLYMER_SURFACES_2023,LIQ_0F4168490E,95.0,static,literature_reported,,,,,,,,,A_high,no,,,,,not_reported,"JATS table t2-turkjchem-47-1-68; Water (W), formamide (FA) and diiodomethane (DM) contact angle results of various polymer surfaces.; Diagnostic literature-reported angle; advancing/receding status is not specified in the source table.",EXT_9FD20D27EB85,not_reported,yes,yes
EXT_B9EFF76773A7,SFC_D9EFE53A22B1,OPEN_POLYMER_SURFACES_2023,LIQ_1BD1B94C09,77.0,static,literature_reported,,,,,,,,,A_high,no,,,,,not_reported,"JATS table t2-turkjchem-47-1-68; Water (W), formamide (FA) and diiodomethane (DM) contact angle results of various polymer surfaces.; Diagnostic literature-reported angle; advancing/receding status is not specified in the source table.",EXT_B9EFF76773A7,not_reported,yes,yes
EXT_525C8E3D6CD6,SFC_D9EFE53A22B1,OPEN_POLYMER_SURFACES_2023,LIQ_6656B41AB7,56.0,static,literature_reported,,,,,,,,,A_high,no,,,,,not_reported,"JATS table t2-turkjchem-47-1-68; Water (W), formamide (FA) and diiodomethane (DM) contact angle results of various polymer surfaces.; Diagnostic literature-reported angle; advancing/receding status is not specified in the source table.",EXT_525C8E3D6CD6,not_reported,yes,yes
EXT_61408262103D,SFC_6353761F5CC5,OPEN_POLYMER_SURFACES_2023,LIQ_0F4168490E,98.0,static,literature_reported,,,,,,,,,A_high,no,,,,,not_reported,"JATS table t2-turkjchem-47-1-68; Water (W), formamide (FA) and diiodomethane (DM) contact angle results of various polymer surfaces.; Diagnostic literature-reported angle; advancing/receding status is not specified in the source table.",EXT_61408262103D,not_reported,yes,yes
EXT_6A1E54C20CCE,SFC_6353761F5CC5,OPEN_POLYMER_SURFACES_2023,LIQ_1BD1B94C09,78.0,static,literature_reported,,,,,,,,,A_high,no,,,,,not_reported,"JATS table t2-turkjchem-47-1-68; Water (W), formamide (FA) and diiodomethane (DM) contact angle results of various polymer surfaces.; Diagnostic literature-reported angle; advancing/receding status is not specified in the source table.",EXT_6A1E54C20CCE,not_reported,yes,yes
EXT_981E9EC8865E,SFC_6353761F5CC5,OPEN_POLYMER_SURFACES_2023,LIQ_6656B41AB7,63.0,static,literature_reported,,,,,,,,,A_high,no,,,,,not_reported,"JATS table t2-turkjchem-47-1-68; Water (W), formamide (FA) and diiodomethane (DM) contact angle results of various polymer surfaces.; Diagnostic literature-reported angle; advancing/receding status is not specified in the source table.",EXT_981E9EC8865E,not_reported,yes,yes
EXT_8A8E3AAF6896,SFC_A66B59B95A03,OPEN_POLYMER_SURFACES_2023,LIQ_0F4168490E,92.0,static,literature_reported,,,,,,,,,A_high,no,,,,,not_reported,"JATS table t2-turkjchem-47-1-68; Water (W), formamide (FA) and diiodomethane (DM) contact angle results of various polymer surfaces.; Diagnostic literature-reported angle; advancing/receding status is not specified in the source table.",EXT_8A8E3AAF6896,not_reported,yes,yes
EXT_80357B8C920D,SFC_A66B59B95A03,OPEN_POLYMER_SURFACES_2023,LIQ_1BD1B94C09,76.0,static,literature_reported,,,,,,,,,A_high,no,,,,,not_reported,"JATS table t2-turkjchem-47-1-68; Water (W), formamide (FA) and diiodomethane (DM) contact angle results of various polymer surfaces.; Diagnostic literature-reported angle; advancing/receding status is not specified in the source table.",EXT_80357B8C920D,not_reported,yes,yes
EXT_C6419C1CBA62,SFC_A66B59B95A03,OPEN_POLYMER_SURFACES_2023,LIQ_6656B41AB7,71.0,static,literature_reported,,,,,,,,,A_high,no,,,,,not_reported,"JATS table t2-turkjchem-47-1-68; Water (W), formamide (FA) and diiodomethane (DM) contact angle results of various polymer surfaces.; Diagnostic literature-reported angle; advancing/receding status is not specified in the source table.",EXT_C6419C1CBA62,not_reported,yes,yes
EXT_7720DE638AE3,SFC_62075C90581B,OPEN_POLYMER_SURFACES_2023,LIQ_0F4168490E,108.0,static,literature_reported,,,,,,,,,A_high,no,,,,,not_reported,"JATS table t2-turkjchem-47-1-68; Water (W), formamide (FA) and diiodomethane (DM) contact angle results of various polymer surfaces.; Diagnostic literature-reported angle; advancing/receding status is not specified in the source table.",EXT_7720DE638AE3,not_reported,yes,yes
EXT_8E3054DE5097,SFC_62075C90581B,OPEN_POLYMER_SURFACES_2023,LIQ_1BD1B94C09,92.0,static,literature_reported,,,,,,,,,A_high,no,,,,,not_reported,"JATS table t2-turkjchem-47-1-68; Water (W), formamide (FA) and diiodomethane (DM) contact angle results of various polymer surfaces.; Diagnostic literature-reported angle; advancing/receding status is not specified in the source table.",EXT_8E3054DE5097,not_reported,yes,yes
EXT_BC1C15EECE17,SFC_62075C90581B,OPEN_POLYMER_SURFACES_2023,LIQ_6656B41AB7,88.0,static,literature_reported,,,,,,,,,A_high,no,,,,,not_reported,"JATS table t2-turkjchem-47-1-68; Water (W), formamide (FA) and diiodomethane (DM) contact angle results of various polymer surfaces.; Diagnostic literature-reported angle; advancing/receding status is not specified in the source table.",EXT_BC1C15EECE17,not_reported,yes,yes
EXT_49AD89E9F838,SFC_36EF2E368C84,OPEN_POLYMER_SURFACES_2023,LIQ_0F4168490E,125.0,static,literature_reported,,,,,,,,,A_high,no,,,,,not_reported,"JATS table t2-turkjchem-47-1-68; Water (W), formamide (FA) and diiodomethane (DM) contact angle results of various polymer surfaces.; Diagnostic literature-reported angle; advancing/receding status is not specified in the source table.",EXT_49AD89E9F838,not_reported,yes,yes
EXT_650589542FBB,SFC_36EF2E368C84,OPEN_POLYMER_SURFACES_2023,LIQ_1BD1B94C09,109.0,static,literature_reported,,,,,,,,,A_high,no,,,,,not_reported,"JATS table t2-turkjchem-47-1-68; Water (W), formamide (FA) and diiodomethane (DM) contact angle results of various polymer surfaces.; Diagnostic literature-reported angle; advancing/receding status is not specified in the source table.",EXT_650589542FBB,not_reported,yes,yes
EXT_C92CA45A6370,SFC_36EF2E368C84,OPEN_POLYMER_SURFACES_2023,LIQ_6656B41AB7,104.0,static,literature_reported,,,,,,,,,A_high,no,,,,,not_reported,"JATS table t2-turkjchem-47-1-68; Water (W), formamide (FA) and diiodomethane (DM) contact angle results of various polymer surfaces.; Diagnostic literature-reported angle; advancing/receding status is not specified in the source table.",EXT_C92CA45A6370,not_reported,yes,yes
EXT_C52AF747E8BF,SFC_70D1A1076BBD,OPEN_TEXTILE_ANTI_WETTING_2019,LIQ_0F4168490E,0.0,static,sessile_drop,,,,,,0.0,,,A_high,no,,,,,not_reported,JATS table polymers-11-00498-t006; Contact and shedding angles of surfaces.; CA columns; Static contact angle and SD extracted from CA columns only; shedding-angle columns were intentionally excluded.,EXT_C52AF747E8BF,not_reported,yes,yes
EXT_1366AD9E4A11,SFC_70D1A1076BBD,OPEN_TEXTILE_ANTI_WETTING_2019,LIQ_1BD1B94C09,0.0,static,sessile_drop,,,,,,0.0,,,A_high,no,,,,,not_reported,JATS table polymers-11-00498-t006; Contact and shedding angles of surfaces.; CA columns; Static contact angle and SD extracted from CA columns only; shedding-angle columns were intentionally excluded.,EXT_1366AD9E4A11,not_reported,yes,yes
EXT_B099AADD9565,SFC_70D1A1076BBD,OPEN_TEXTILE_ANTI_WETTING_2019,LIQ_6656B41AB7,50.0,static,sessile_drop,,,,,,0.8,,,A_high,no,,,,,not_reported,JATS table polymers-11-00498-t006; Contact and shedding angles of surfaces.; CA columns; Static contact angle and SD extracted from CA columns only; shedding-angle columns were intentionally excluded.,EXT_B099AADD9565,not_reported,yes,yes
EXT_FA599DFEA153,SFC_B23DE8940451,OPEN_TEXTILE_ANTI_WETTING_2019,LIQ_0F4168490E,107.0,static,sessile_drop,,,,,,1.9,,,A_high,no,,,,,not_reported,JATS table polymers-11-00498-t006; Contact and shedding angles of surfaces.; CA columns; Static contact angle and SD extracted from CA columns only; shedding-angle columns were intentionally excluded.,EXT_FA599DFEA153,not_reported,yes,yes
EXT_77B7B95A656C,SFC_B23DE8940451,OPEN_TEXTILE_ANTI_WETTING_2019,LIQ_1BD1B94C09,105.0,static,sessile_drop,,,,,,1.6,,,A_high,no,,,,,not_reported,JATS table polymers-11-00498-t006; Contact and shedding angles of surfaces.; CA columns; Static contact angle and SD extracted from CA columns only; shedding-angle columns were intentionally excluded.,EXT_77B7B95A656C,not_reported,yes,yes
EXT_5AF9983FF446,SFC_B23DE8940451,OPEN_TEXTILE_ANTI_WETTING_2019,LIQ_6656B41AB7,94.0,static,sessile_drop,,,,,,3.0,,,A_high,no,,,,,not_reported,JATS table polymers-11-00498-t006; Contact and shedding angles of surfaces.; CA columns; Static contact angle and SD extracted from CA columns only; shedding-angle columns were intentionally excluded.,EXT_5AF9983FF446,not_reported,yes,yes
EXT_B067D03F4F2E,SFC_C90D1535E78D,OPEN_TEXTILE_ANTI_WETTING_2019,LIQ_0F4168490E,101.0,static,sessile_drop,,,,,,1.4,,,A_high,no,,,,,not_reported,JATS table polymers-11-00498-t006; Contact and shedding angles of surfaces.; CA columns; Static contact angle and SD extracted from CA columns only; shedding-angle columns were intentionally excluded.,EXT_B067D03F4F2E,not_reported,yes,yes
EXT_1B40295A791F,SFC_C90D1535E78D,OPEN_TEXTILE_ANTI_WETTING_2019,LIQ_1BD1B94C09,84.0,static,sessile_drop,,,,,,2.8,,,A_high,no,,,,,not_reported,JATS table polymers-11-00498-t006; Contact and shedding angles of surfaces.; CA columns; Static contact angle and SD extracted from CA columns only; shedding-angle columns were intentionally excluded.,EXT_1B40295A791F,not_reported,yes,yes
EXT_3B5D655ADA7C,SFC_C90D1535E78D,OPEN_TEXTILE_ANTI_WETTING_2019,LIQ_6656B41AB7,60.0,static,sessile_drop,,,,,,1.3,,,A_high,no,,,,,not_reported,JATS table polymers-11-00498-t006; Contact and shedding angles of surfaces.; CA columns; Static contact angle and SD extracted from CA columns only; shedding-angle columns were intentionally excluded.,EXT_3B5D655ADA7C,not_reported,yes,yes
EXT_2E5AD1B19DD9,SFC_F92838A9E6A2,OPEN_TEXTILE_ANTI_WETTING_2019,LIQ_0F4168490E,105.0,static,sessile_drop,,,,,,3.7,,,A_high,no,,,,,not_reported,JATS table polymers-11-00498-t006; Contact and shedding angles of surfaces.; CA columns; Static contact angle and SD extracted from CA columns only; shedding-angle columns were intentionally excluded.,EXT_2E5AD1B19DD9,not_reported,yes,yes
EXT_9E923F72BEB3,SFC_F92838A9E6A2,OPEN_TEXTILE_ANTI_WETTING_2019,LIQ_1BD1B94C09,88.0,static,sessile_drop,,,,,,2.3,,,A_high,no,,,,,not_reported,JATS table polymers-11-00498-t006; Contact and shedding angles of surfaces.; CA columns; Static contact angle and SD extracted from CA columns only; shedding-angle columns were intentionally excluded.,EXT_9E923F72BEB3,not_reported,yes,yes
EXT_88A27790C2BD,SFC_F92838A9E6A2,OPEN_TEXTILE_ANTI_WETTING_2019,LIQ_6656B41AB7,63.0,static,sessile_drop,,,,,,2.3,,,A_high,no,,,,,not_reported,JATS table polymers-11-00498-t006; Contact and shedding angles of surfaces.; CA columns; Static contact angle and SD extracted from CA columns only; shedding-angle columns were intentionally excluded.,EXT_88A27790C2BD,not_reported,yes,yes
EXT_4DA44BDBC109,SFC_F8CAAE03FE56,OPEN_TEXTILE_ANTI_WETTING_2019,LIQ_0F4168490E,96.0,static,sessile_drop,,,,,,4.2,,,A_high,no,,,,,not_reported,JATS table polymers-11-00498-t006; Contact and shedding angles of surfaces.; CA columns; Static contact angle and SD extracted from CA columns only; shedding-angle columns were intentionally excluded.,EXT_4DA44BDBC109,not_reported,yes,yes
EXT_AB64302191E1,SFC_F8CAAE03FE56,OPEN_TEXTILE_ANTI_WETTING_2019,LIQ_1BD1B94C09,82.0,static,sessile_drop,,,,,,1.9,,,A_high,no,,,,,not_reported,JATS table polymers-11-00498-t006; Contact and shedding angles of surfaces.; CA columns; Static contact angle and SD extracted from CA columns only; shedding-angle columns were intentionally excluded.,EXT_AB64302191E1,not_reported,yes,yes
EXT_90EB026C806A,SFC_F8CAAE03FE56,OPEN_TEXTILE_ANTI_WETTING_2019,LIQ_6656B41AB7,61.0,static,sessile_drop,,,,,,1.7,,,A_high,no,,,,,not_reported,JATS table polymers-11-00498-t006; Contact and shedding angles of surfaces.; CA columns; Static contact angle and SD extracted from CA columns only; shedding-angle columns were intentionally excluded.,EXT_90EB026C806A,not_reported,yes,yes
EXT_1D5570A27934,SFC_96459A5711ED,OPEN_TEXTILE_ANTI_WETTING_2019,LIQ_0F4168490E,106.0,static,sessile_drop,,,,,,1.2,,,A_high,no,,,,,not_reported,JATS table polymers-11-00498-t006; Contact and shedding angles of surfaces.; CA columns; Static contact angle and SD extracted from CA columns only; shedding-angle columns were intentionally excluded.,EXT_1D5570A27934,not_reported,yes,yes
EXT_C2CBB107CCEB,SFC_96459A5711ED,OPEN_TEXTILE_ANTI_WETTING_2019,LIQ_1BD1B94C09,102.0,static,sessile_drop,,,,,,2.6,,,A_high,no,,,,,not_reported,JATS table polymers-11-00498-t006; Contact and shedding angles of surfaces.; CA columns; Static contact angle and SD extracted from CA columns only; shedding-angle columns were intentionally excluded.,EXT_C2CBB107CCEB,not_reported,yes,yes
EXT_608AC2D3D381,SFC_96459A5711ED,OPEN_TEXTILE_ANTI_WETTING_2019,LIQ_6656B41AB7,95.0,static,sessile_drop,,,,,,2.7,,,A_high,no,,,,,not_reported,JATS table polymers-11-00498-t006; Contact and shedding angles of surfaces.; CA columns; Static contact angle and SD extracted from CA columns only; shedding-angle columns were intentionally excluded.,EXT_608AC2D3D381,not_reported,yes,yes
EXT_0AE552940B30,SFC_DE9D8D16E40F,OPEN_TEXTILE_ANTI_WETTING_2019,LIQ_0F4168490E,104.0,static,sessile_drop,,,,,,2.3,,,A_high,no,,,,,not_reported,JATS table polymers-11-00498-t006; Contact and shedding angles of surfaces.; CA columns; Static contact angle and SD extracted from CA columns only; shedding-angle columns were intentionally excluded.,EXT_0AE552940B30,not_reported,yes,yes
EXT_3549187670B3,SFC_DE9D8D16E40F,OPEN_TEXTILE_ANTI_WETTING_2019,LIQ_1BD1B94C09,90.0,static,sessile_drop,,,,,,2.8,,,A_high,no,,,,,not_reported,JATS table polymers-11-00498-t006; Contact and shedding angles of surfaces.; CA columns; Static contact angle and SD extracted from CA columns only; shedding-angle columns were intentionally excluded.,EXT_3549187670B3,not_reported,yes,yes
EXT_925A4AF449D5,SFC_DE9D8D16E40F,OPEN_TEXTILE_ANTI_WETTING_2019,LIQ_6656B41AB7,61.0,static,sessile_drop,,,,,,1.9,,,A_high,no,,,,,not_reported,JATS table polymers-11-00498-t006; Contact and shedding angles of surfaces.; CA columns; Static contact angle and SD extracted from CA columns only; shedding-angle columns were intentionally excluded.,EXT_925A4AF449D5,not_reported,yes,yes
EXT_AF4963616E76,SFC_A7A6BDD5941D,OPEN_TEXTILE_ANTI_WETTING_2019,LIQ_0F4168490E,0.0,static,sessile_drop,,,,,,0.0,,,A_high,no,,,,,not_reported,JATS table polymers-11-00498-t006; Contact and shedding angles of surfaces.; CA columns; Static contact angle and SD extracted from CA columns only; shedding-angle columns were intentionally excluded.,EXT_AF4963616E76,not_reported,yes,yes
EXT_74D717509DFB,SFC_A7A6BDD5941D,OPEN_TEXTILE_ANTI_WETTING_2019,LIQ_1BD1B94C09,0.0,static,sessile_drop,,,,,,0.0,,,A_high,no,,,,,not_reported,JATS table polymers-11-00498-t006; Contact and shedding angles of surfaces.; CA columns; Static contact angle and SD extracted from CA columns only; shedding-angle columns were intentionally excluded.,EXT_74D717509DFB,not_reported,yes,yes
EXT_6E149AD2F9BC,SFC_A7A6BDD5941D,OPEN_TEXTILE_ANTI_WETTING_2019,LIQ_6656B41AB7,0.0,static,sessile_drop,,,,,,0.0,,,A_high,no,,,,,not_reported,JATS table polymers-11-00498-t006; Contact and shedding angles of surfaces.; CA columns; Static contact angle and SD extracted from CA columns only; shedding-angle columns were intentionally excluded.,EXT_6E149AD2F9BC,not_reported,yes,yes
EXT_A77898F3791B,SFC_AEE4770633F2,OPEN_TEXTILE_ANTI_WETTING_2019,LIQ_0F4168490E,166.0,static,sessile_drop,,,,,,2.3,,,A_high,no,,,,,not_reported,JATS table polymers-11-00498-t006; Contact and shedding angles of surfaces.; CA columns; Static contact angle and SD extracted from CA columns only; shedding-angle columns were intentionally excluded.,EXT_A77898F3791B,not_reported,yes,yes
EXT_2B7215CA739E,SFC_AEE4770633F2,OPEN_TEXTILE_ANTI_WETTING_2019,LIQ_1BD1B94C09,159.0,static,sessile_drop,,,,,,2.5,,,A_high,no,,,,,not_reported,JATS table polymers-11-00498-t006; Contact and shedding angles of surfaces.; CA columns; Static contact angle and SD extracted from CA columns only; shedding-angle columns were intentionally excluded.,EXT_2B7215CA739E,not_reported,yes,yes
EXT_6A76549F5884,SFC_AEE4770633F2,OPEN_TEXTILE_ANTI_WETTING_2019,LIQ_6656B41AB7,153.0,static,sessile_drop,,,,,,3.4,,,A_high,no,,,,,not_reported,JATS table polymers-11-00498-t006; Contact and shedding angles of surfaces.; CA columns; Static contact angle and SD extracted from CA columns only; shedding-angle columns were intentionally excluded.,EXT_6A76549F5884,not_reported,yes,yes
EXT_14B3DFB49864,SFC_E0770C382AAA,OPEN_TEXTILE_ANTI_WETTING_2019,LIQ_0F4168490E,164.0,static,sessile_drop,,,,,,4.1,,,A_high,no,,,,,not_reported,JATS table polymers-11-00498-t006; Contact and shedding angles of surfaces.; CA columns; Static contact angle and SD extracted from CA columns only; shedding-angle columns were intentionally excluded.,EXT_14B3DFB49864,not_reported,yes,yes
EXT_038669031712,SFC_E0770C382AAA,OPEN_TEXTILE_ANTI_WETTING_2019,LIQ_1BD1B94C09,152.0,static,sessile_drop,,,,,,2.3,,,A_high,no,,,,,not_reported,JATS table polymers-11-00498-t006; Contact and shedding angles of surfaces.; CA columns; Static contact angle and SD extracted from CA columns only; shedding-angle columns were intentionally excluded.,EXT_038669031712,not_reported,yes,yes
EXT_6181C20E4C23,SFC_E0770C382AAA,OPEN_TEXTILE_ANTI_WETTING_2019,LIQ_6656B41AB7,148.0,static,sessile_drop,,,,,,4.3,,,A_high,no,,,,,not_reported,JATS table polymers-11-00498-t006; Contact and shedding angles of surfaces.; CA columns; Static contact angle and SD extracted from CA columns only; shedding-angle columns were intentionally excluded.,EXT_6181C20E4C23,not_reported,yes,yes
EXT_72A5665216D0,SFC_D1ADE9B03D51,OPEN_TEXTILE_ANTI_WETTING_2019,LIQ_0F4168490E,126.0,static,sessile_drop,,,,,,2.8,,,A_high,no,,,,,not_reported,JATS table polymers-11-00498-t006; Contact and shedding angles of surfaces.; CA columns; Static contact angle and SD extracted from CA columns only; shedding-angle columns were intentionally excluded.,EXT_72A5665216D0,not_reported,yes,yes
EXT_2BFE763DBE7F,SFC_D1ADE9B03D51,OPEN_TEXTILE_ANTI_WETTING_2019,LIQ_1BD1B94C09,84.0,static,sessile_drop,,,,,,4.5,,,A_high,no,,,,,not_reported,JATS table polymers-11-00498-t006; Contact and shedding angles of surfaces.; CA columns; Static contact angle and SD extracted from CA columns only; shedding-angle columns were intentionally excluded.,EXT_2BFE763DBE7F,not_reported,yes,yes
EXT_8D65AE043571,SFC_D1ADE9B03D51,OPEN_TEXTILE_ANTI_WETTING_2019,LIQ_6656B41AB7,0.0,static,sessile_drop,,,,,,0.0,,,A_high,no,,,,,not_reported,JATS table polymers-11-00498-t006; Contact and shedding angles of surfaces.; CA columns; Static contact angle and SD extracted from CA columns only; shedding-angle columns were intentionally excluded.,EXT_8D65AE043571,not_reported,yes,yes
EXT_C6C3DE3E198C,SFC_F4A35D2DD4C5,OPEN_TEXTILE_ANTI_WETTING_2019,LIQ_0F4168490E,147.0,static,sessile_drop,,,,,,2.9,,,A_high,no,,,,,not_reported,JATS table polymers-11-00498-t006; Contact and shedding angles of surfaces.; CA columns; Static contact angle and SD extracted from CA columns only; shedding-angle columns were intentionally excluded.,EXT_C6C3DE3E198C,not_reported,yes,yes
EXT_CB7F947E87F6,SFC_F4A35D2DD4C5,OPEN_TEXTILE_ANTI_WETTING_2019,LIQ_1BD1B94C09,143.0,static,sessile_drop,,,,,,2.7,,,A_high,no,,,,,not_reported,JATS table polymers-11-00498-t006; Contact and shedding angles of surfaces.; CA columns; Static contact angle and SD extracted from CA columns only; shedding-angle columns were intentionally excluded.,EXT_CB7F947E87F6,not_reported,yes,yes
EXT_08747D17F0BD,SFC_F4A35D2DD4C5,OPEN_TEXTILE_ANTI_WETTING_2019,LIQ_6656B41AB7,140.0,static,sessile_drop,,,,,,3.7,,,A_high,no,,,,,not_reported,JATS table polymers-11-00498-t006; Contact and shedding angles of surfaces.; CA columns; Static contact angle and SD extracted from CA columns only; shedding-angle columns were intentionally excluded.,EXT_08747D17F0BD,not_reported,yes,yes
EXT_8197A3621B99,SFC_B6F1BA3CA55E,OPEN_TEXTILE_ANTI_WETTING_2019,LIQ_0F4168490E,145.0,static,sessile_drop,,,,,,3.8,,,A_high,no,,,,,not_reported,JATS table polymers-11-00498-t006; Contact and shedding angles of surfaces.; CA columns; Static contact angle and SD extracted from CA columns only; shedding-angle columns were intentionally excluded.,EXT_8197A3621B99,not_reported,yes,yes
EXT_9C403EA34EBF,SFC_B6F1BA3CA55E,OPEN_TEXTILE_ANTI_WETTING_2019,LIQ_1BD1B94C09,136.0,static,sessile_drop,,,,,,1.7,,,A_high,no,,,,,not_reported,JATS table polymers-11-00498-t006; Contact and shedding angles of surfaces.; CA columns; Static contact angle and SD extracted from CA columns only; shedding-angle columns were intentionally excluded.,EXT_9C403EA34EBF,not_reported,yes,yes
EXT_0DF6420B4440,SFC_B6F1BA3CA55E,OPEN_TEXTILE_ANTI_WETTING_2019,LIQ_6656B41AB7,127.0,static,sessile_drop,,,,,,2.5,,,A_high,no,,,,,not_reported,JATS table polymers-11-00498-t006; Contact and shedding angles of surfaces.; CA columns; Static contact angle and SD extracted from CA columns only; shedding-angle columns were intentionally excluded.,EXT_0DF6420B4440,not_reported,yes,yes
EXT_E6B7DB163BBF,SFC_ADC096AE0D75,OPEN_TEXTILE_ANTI_WETTING_2019,LIQ_0F4168490E,129.0,static,sessile_drop,,,,,,3.5,,,A_high,no,,,,,not_reported,JATS table polymers-11-00498-t006; Contact and shedding angles of surfaces.; CA columns; Static contact angle and SD extracted from CA columns only; shedding-angle columns were intentionally excluded.,EXT_E6B7DB163BBF,not_reported,yes,yes
EXT_CE643B4A3F85,SFC_ADC096AE0D75,OPEN_TEXTILE_ANTI_WETTING_2019,LIQ_1BD1B94C09,0.0,static,sessile_drop,,,,,,0.0,,,A_high,no,,,,,not_reported,JATS table polymers-11-00498-t006; Contact and shedding angles of surfaces.; CA columns; Static contact angle and SD extracted from CA columns only; shedding-angle columns were intentionally excluded.,EXT_CE643B4A3F85,not_reported,yes,yes
EXT_FE000B13E4CD,SFC_ADC096AE0D75,OPEN_TEXTILE_ANTI_WETTING_2019,LIQ_6656B41AB7,0.0,static,sessile_drop,,,,,,0.0,,,A_high,no,,,,,not_reported,JATS table polymers-11-00498-t006; Contact and shedding angles of surfaces.; CA columns; Static contact angle and SD extracted from CA columns only; shedding-angle columns were intentionally excluded.,EXT_FE000B13E4CD,not_reported,yes,yes
EXT_80DEF70D19C2,SFC_7E09C519A040,OPEN_TEXTILE_ANTI_WETTING_2019,LIQ_0F4168490E,156.0,static,sessile_drop,,,,,,2.9,,,A_high,no,,,,,not_reported,JATS table polymers-11-00498-t006; Contact and shedding angles of surfaces.; CA columns; Static contact angle and SD extracted from CA columns only; shedding-angle columns were intentionally excluded.,EXT_80DEF70D19C2,not_reported,yes,yes
EXT_9AB928688B6A,SFC_7E09C519A040,OPEN_TEXTILE_ANTI_WETTING_2019,LIQ_1BD1B94C09,150.0,static,sessile_drop,,,,,,1.4,,,A_high,no,,,,,not_reported,JATS table polymers-11-00498-t006; Contact and shedding angles of surfaces.; CA columns; Static contact angle and SD extracted from CA columns only; shedding-angle columns were intentionally excluded.,EXT_9AB928688B6A,not_reported,yes,yes
EXT_5361E028DB1F,SFC_7E09C519A040,OPEN_TEXTILE_ANTI_WETTING_2019,LIQ_6656B41AB7,150.0,static,sessile_drop,,,,,,2.4,,,A_high,no,,,,,not_reported,JATS table polymers-11-00498-t006; Contact and shedding angles of surfaces.; CA columns; Static contact angle and SD extracted from CA columns only; shedding-angle columns were intentionally excluded.,EXT_5361E028DB1F,not_reported,yes,yes
EXT_3C536EB8B2E0,SFC_FE1BCA204FFA,OPEN_TEXTILE_ANTI_WETTING_2019,LIQ_0F4168490E,151.0,static,sessile_drop,,,,,,3.3,,,A_high,no,,,,,not_reported,JATS table polymers-11-00498-t006; Contact and shedding angles of surfaces.; CA columns; Static contact angle and SD extracted from CA columns only; shedding-angle columns were intentionally excluded.,EXT_3C536EB8B2E0,not_reported,yes,yes
EXT_E53A49812943,SFC_FE1BCA204FFA,OPEN_TEXTILE_ANTI_WETTING_2019,LIQ_1BD1B94C09,145.0,static,sessile_drop,,,,,,3.2,,,A_high,no,,,,,not_reported,JATS table polymers-11-00498-t006; Contact and shedding angles of surfaces.; CA columns; Static contact angle and SD extracted from CA columns only; shedding-angle columns were intentionally excluded.,EXT_E53A49812943,not_reported,yes,yes
EXT_EE607E307472,SFC_FE1BCA204FFA,OPEN_TEXTILE_ANTI_WETTING_2019,LIQ_6656B41AB7,140.0,static,sessile_drop,,,,,,3.7,,,A_high,no,,,,,not_reported,JATS table polymers-11-00498-t006; Contact and shedding angles of surfaces.; CA columns; Static contact angle and SD extracted from CA columns only; shedding-angle columns were intentionally excluded.,EXT_EE607E307472,not_reported,yes,yes
EXT_618188348392,SFC_01B9AA1C0B74,OPEN_PLA_FILMS_2021,LIQ_0F4168490E,113.0,static,sessile_drop,,,,,15.0,5.0,,,A_high,no,,,,,not_reported,"JATS table polymers-13-04289-t001; Contact angles of water (θW), formamide (θF), and diiodomethane (θD) of PLA films casted on PTFE, glass, Ti6Al4V, and silicone, according to the solvent.; Average +/- standard deviation extracted from Table 1. The article reports at least fifteen drops on three samples; replicates_n=15 is a conservative lower bound.",EXT_618188348392,not_reported,yes,yes
EXT_069D7AE7FCAD,SFC_B1D8AACA85B5,OPEN_PLA_FILMS_2021,LIQ_0F4168490E,76.0,static,sessile_drop,,,,,15.0,3.0,,,A_high,no,,,,,not_reported,"JATS table polymers-13-04289-t001; Contact angles of water (θW), formamide (θF), and diiodomethane (θD) of PLA films casted on PTFE, glass, Ti6Al4V, and silicone, according to the solvent.; Average +/- standard deviation extracted from Table 1. The article reports at least fifteen drops on three samples; replicates_n=15 is a conservative lower bound.",EXT_069D7AE7FCAD,not_reported,yes,yes
EXT_8935C7528E56,SFC_662849118DF0,OPEN_PLA_FILMS_2021,LIQ_0F4168490E,64.0,static,sessile_drop,,,,,15.0,5.0,,,A_high,no,,,,,not_reported,"JATS table polymers-13-04289-t001; Contact angles of water (θW), formamide (θF), and diiodomethane (θD) of PLA films casted on PTFE, glass, Ti6Al4V, and silicone, according to the solvent.; Average +/- standard deviation extracted from Table 1. The article reports at least fifteen drops on three samples; replicates_n=15 is a conservative lower bound.",EXT_8935C7528E56,not_reported,yes,yes
EXT_C98B044A6F7F,SFC_29A9F5906DC4,OPEN_PLA_FILMS_2021,LIQ_0F4168490E,74.0,static,sessile_drop,,,,,15.0,2.0,,,A_high,no,,,,,not_reported,"JATS table polymers-13-04289-t001; Contact angles of water (θW), formamide (θF), and diiodomethane (θD) of PLA films casted on PTFE, glass, Ti6Al4V, and silicone, according to the solvent.; Average +/- standard deviation extracted from Table 1. The article reports at least fifteen drops on three samples; replicates_n=15 is a conservative lower bound.",EXT_C98B044A6F7F,not_reported,yes,yes
EXT_4299E75704B2,SFC_01B9AA1C0B74,OPEN_PLA_FILMS_2021,LIQ_1BD1B94C09,92.0,static,sessile_drop,,,,,15.0,4.0,,,A_high,no,,,,,not_reported,"JATS table polymers-13-04289-t001; Contact angles of water (θW), formamide (θF), and diiodomethane (θD) of PLA films casted on PTFE, glass, Ti6Al4V, and silicone, according to the solvent.; Average +/- standard deviation extracted from Table 1. The article reports at least fifteen drops on three samples; replicates_n=15 is a conservative lower bound.",EXT_4299E75704B2,not_reported,yes,yes
EXT_C0A69AE67463,SFC_B1D8AACA85B5,OPEN_PLA_FILMS_2021,LIQ_1BD1B94C09,64.0,static,sessile_drop,,,,,15.0,2.0,,,A_high,no,,,,,not_reported,"JATS table polymers-13-04289-t001; Contact angles of water (θW), formamide (θF), and diiodomethane (θD) of PLA films casted on PTFE, glass, Ti6Al4V, and silicone, according to the solvent.; Average +/- standard deviation extracted from Table 1. The article reports at least fifteen drops on three samples; replicates_n=15 is a conservative lower bound.",EXT_C0A69AE67463,not_reported,yes,yes
EXT_59A1C74C7C24,SFC_662849118DF0,OPEN_PLA_FILMS_2021,LIQ_1BD1B94C09,54.0,static,sessile_drop,,,,,15.0,5.0,,,A_high,no,,,,,not_reported,"JATS table polymers-13-04289-t001; Contact angles of water (θW), formamide (θF), and diiodomethane (θD) of PLA films casted on PTFE, glass, Ti6Al4V, and silicone, according to the solvent.; Average +/- standard deviation extracted from Table 1. The article reports at least fifteen drops on three samples; replicates_n=15 is a conservative lower bound.",EXT_59A1C74C7C24,not_reported,yes,yes
EXT_28942280B8C6,SFC_29A9F5906DC4,OPEN_PLA_FILMS_2021,LIQ_1BD1B94C09,60.0,static,sessile_drop,,,,,15.0,3.0,,,A_high,no,,,,,not_reported,"JATS table polymers-13-04289-t001; Contact angles of water (θW), formamide (θF), and diiodomethane (θD) of PLA films casted on PTFE, glass, Ti6Al4V, and silicone, according to the solvent.; Average +/- standard deviation extracted from Table 1. The article reports at least fifteen drops on three samples; replicates_n=15 is a conservative lower bound.",EXT_28942280B8C6,not_reported,yes,yes
EXT_264C8AB42663,SFC_01B9AA1C0B74,OPEN_PLA_FILMS_2021,LIQ_6656B41AB7,83.0,static,sessile_drop,,,,,15.0,4.0,,,A_high,no,,,,,not_reported,"JATS table polymers-13-04289-t001; Contact angles of water (θW), formamide (θF), and diiodomethane (θD) of PLA films casted on PTFE, glass, Ti6Al4V, and silicone, according to the solvent.; Average +/- standard deviation extracted from Table 1. The article reports at least fifteen drops on three samples; replicates_n=15 is a conservative lower bound.",EXT_264C8AB42663,not_reported,yes,yes
EXT_0C90915034B7,SFC_B1D8AACA85B5,OPEN_PLA_FILMS_2021,LIQ_6656B41AB7,48.0,static,sessile_drop,,,,,15.0,2.0,,,A_high,no,,,,,not_reported,"JATS table polymers-13-04289-t001; Contact angles of water (θW), formamide (θF), and diiodomethane (θD) of PLA films casted on PTFE, glass, Ti6Al4V, and silicone, according to the solvent.; Average +/- standard deviation extracted from Table 1. The article reports at least fifteen drops on three samples; replicates_n=15 is a conservative lower bound.",EXT_0C90915034B7,not_reported,yes,yes
EXT_197AF6112F5C,SFC_662849118DF0,OPEN_PLA_FILMS_2021,LIQ_6656B41AB7,47.0,static,sessile_drop,,,,,15.0,5.0,,,A_high,no,,,,,not_reported,"JATS table polymers-13-04289-t001; Contact angles of water (θW), formamide (θF), and diiodomethane (θD) of PLA films casted on PTFE, glass, Ti6Al4V, and silicone, according to the solvent.; Average +/- standard deviation extracted from Table 1. The article reports at least fifteen drops on three samples; replicates_n=15 is a conservative lower bound.",EXT_197AF6112F5C,not_reported,yes,yes
EXT_F7284554E363,SFC_29A9F5906DC4,OPEN_PLA_FILMS_2021,LIQ_6656B41AB7,46.0,static,sessile_drop,,,,,15.0,3.0,,,A_high,no,,,,,not_reported,"JATS table polymers-13-04289-t001; Contact angles of water (θW), formamide (θF), and diiodomethane (θD) of PLA films casted on PTFE, glass, Ti6Al4V, and silicone, according to the solvent.; Average +/- standard deviation extracted from Table 1. The article reports at least fifteen drops on three samples; replicates_n=15 is a conservative lower bound.",EXT_F7284554E363,not_reported,yes,yes
EXT_832E508A7F45,SFC_4640D599C795,OPEN_PLA_FILMS_2021,LIQ_0F4168490E,43.0,static,sessile_drop,,,,,15.0,4.0,,,A_high,no,,,,,not_reported,"JATS table polymers-13-04289-t001; Contact angles of water (θW), formamide (θF), and diiodomethane (θD) of PLA films casted on PTFE, glass, Ti6Al4V, and silicone, according to the solvent.; Average +/- standard deviation extracted from Table 1. The article reports at least fifteen drops on three samples; replicates_n=15 is a conservative lower bound.",EXT_832E508A7F45,not_reported,yes,yes
EXT_263F0D060209,SFC_869B011AB104,OPEN_PLA_FILMS_2021,LIQ_0F4168490E,74.0,static,sessile_drop,,,,,15.0,4.0,,,A_high,no,,,,,not_reported,"JATS table polymers-13-04289-t001; Contact angles of water (θW), formamide (θF), and diiodomethane (θD) of PLA films casted on PTFE, glass, Ti6Al4V, and silicone, according to the solvent.; Average +/- standard deviation extracted from Table 1. The article reports at least fifteen drops on three samples; replicates_n=15 is a conservative lower bound.",EXT_263F0D060209,not_reported,yes,yes
EXT_4511C3A71669,SFC_52F0F5BD3D6C,OPEN_PLA_FILMS_2021,LIQ_0F4168490E,71.0,static,sessile_drop,,,,,15.0,2.0,,,A_high,no,,,,,not_reported,"JATS table polymers-13-04289-t001; Contact angles of water (θW), formamide (θF), and diiodomethane (θD) of PLA films casted on PTFE, glass, Ti6Al4V, and silicone, according to the solvent.; Average +/- standard deviation extracted from Table 1. The article reports at least fifteen drops on three samples; replicates_n=15 is a conservative lower bound.",EXT_4511C3A71669,not_reported,yes,yes
EXT_8BBA4B544E54,SFC_8864A171D8DB,OPEN_PLA_FILMS_2021,LIQ_0F4168490E,74.0,static,sessile_drop,,,,,15.0,2.0,,,A_high,no,,,,,not_reported,"JATS table polymers-13-04289-t001; Contact angles of water (θW), formamide (θF), and diiodomethane (θD) of PLA films casted on PTFE, glass, Ti6Al4V, and silicone, according to the solvent.; Average +/- standard deviation extracted from Table 1. The article reports at least fifteen drops on three samples; replicates_n=15 is a conservative lower bound.",EXT_8BBA4B544E54,not_reported,yes,yes
EXT_2EB8A593D55E,SFC_4640D599C795,OPEN_PLA_FILMS_2021,LIQ_1BD1B94C09,24.0,static,sessile_drop,,,,,15.0,9.0,,,A_high,no,,,,,not_reported,"JATS table polymers-13-04289-t001; Contact angles of water (θW), formamide (θF), and diiodomethane (θD) of PLA films casted on PTFE, glass, Ti6Al4V, and silicone, according to the solvent.; Average +/- standard deviation extracted from Table 1. The article reports at least fifteen drops on three samples; replicates_n=15 is a conservative lower bound.",EXT_2EB8A593D55E,not_reported,yes,yes
EXT_A9A71A63993D,SFC_869B011AB104,OPEN_PLA_FILMS_2021,LIQ_1BD1B94C09,62.0,static,sessile_drop,,,,,15.0,3.0,,,A_high,no,,,,,not_reported,"JATS table polymers-13-04289-t001; Contact angles of water (θW), formamide (θF), and diiodomethane (θD) of PLA films casted on PTFE, glass, Ti6Al4V, and silicone, according to the solvent.; Average +/- standard deviation extracted from Table 1. The article reports at least fifteen drops on three samples; replicates_n=15 is a conservative lower bound.",EXT_A9A71A63993D,not_reported,yes,yes
EXT_B078FBEC9CEC,SFC_52F0F5BD3D6C,OPEN_PLA_FILMS_2021,LIQ_1BD1B94C09,52.0,static,sessile_drop,,,,,15.0,4.0,,,A_high,no,,,,,not_reported,"JATS table polymers-13-04289-t001; Contact angles of water (θW), formamide (θF), and diiodomethane (θD) of PLA films casted on PTFE, glass, Ti6Al4V, and silicone, according to the solvent.; Average +/- standard deviation extracted from Table 1. The article reports at least fifteen drops on three samples; replicates_n=15 is a conservative lower bound.",EXT_B078FBEC9CEC,not_reported,yes,yes
EXT_57487A07628B,SFC_8864A171D8DB,OPEN_PLA_FILMS_2021,LIQ_1BD1B94C09,56.0,static,sessile_drop,,,,,15.0,2.0,,,A_high,no,,,,,not_reported,"JATS table polymers-13-04289-t001; Contact angles of water (θW), formamide (θF), and diiodomethane (θD) of PLA films casted on PTFE, glass, Ti6Al4V, and silicone, according to the solvent.; Average +/- standard deviation extracted from Table 1. The article reports at least fifteen drops on three samples; replicates_n=15 is a conservative lower bound.",EXT_57487A07628B,not_reported,yes,yes
EXT_45CE8585FF60,SFC_4640D599C795,OPEN_PLA_FILMS_2021,LIQ_6656B41AB7,48.0,static,sessile_drop,,,,,15.0,1.0,,,A_high,no,,,,,not_reported,"JATS table polymers-13-04289-t001; Contact angles of water (θW), formamide (θF), and diiodomethane (θD) of PLA films casted on PTFE, glass, Ti6Al4V, and silicone, according to the solvent.; Average +/- standard deviation extracted from Table 1. The article reports at least fifteen drops on three samples; replicates_n=15 is a conservative lower bound.",EXT_45CE8585FF60,not_reported,yes,yes
EXT_B488569FF3A6,SFC_869B011AB104,OPEN_PLA_FILMS_2021,LIQ_6656B41AB7,49.0,static,sessile_drop,,,,,15.0,3.0,,,A_high,no,,,,,not_reported,"JATS table polymers-13-04289-t001; Contact angles of water (θW), formamide (θF), and diiodomethane (θD) of PLA films casted on PTFE, glass, Ti6Al4V, and silicone, according to the solvent.; Average +/- standard deviation extracted from Table 1. The article reports at least fifteen drops on three samples; replicates_n=15 is a conservative lower bound.",EXT_B488569FF3A6,not_reported,yes,yes
EXT_489544822E64,SFC_52F0F5BD3D6C,OPEN_PLA_FILMS_2021,LIQ_6656B41AB7,45.0,static,sessile_drop,,,,,15.0,3.0,,,A_high,no,,,,,not_reported,"JATS table polymers-13-04289-t001; Contact angles of water (θW), formamide (θF), and diiodomethane (θD) of PLA films casted on PTFE, glass, Ti6Al4V, and silicone, according to the solvent.; Average +/- standard deviation extracted from Table 1. The article reports at least fifteen drops on three samples; replicates_n=15 is a conservative lower bound.",EXT_489544822E64,not_reported,yes,yes
EXT_5C43DD51F487,SFC_8864A171D8DB,OPEN_PLA_FILMS_2021,LIQ_6656B41AB7,46.0,static,sessile_drop,,,,,15.0,2.0,,,A_high,no,,,,,not_reported,"JATS table polymers-13-04289-t001; Contact angles of water (θW), formamide (θF), and diiodomethane (θD) of PLA films casted on PTFE, glass, Ti6Al4V, and silicone, according to the solvent.; Average +/- standard deviation extracted from Table 1. The article reports at least fifteen drops on three samples; replicates_n=15 is a conservative lower bound.",EXT_5C43DD51F487,not_reported,yes,yes
EXT_0780FA855EA7,SFC_CA0DF2A414ED,OPEN_PLA_FILMS_2021,LIQ_0F4168490E,74.0,static,sessile_drop,,,,,15.0,5.0,,,A_high,no,,,,,not_reported,"JATS table polymers-13-04289-t001; Contact angles of water (θW), formamide (θF), and diiodomethane (θD) of PLA films casted on PTFE, glass, Ti6Al4V, and silicone, according to the solvent.; Average +/- standard deviation extracted from Table 1. The article reports at least fifteen drops on three samples; replicates_n=15 is a conservative lower bound.",EXT_0780FA855EA7,not_reported,yes,yes
EXT_F2DE1724D72F,SFC_0FBA62725BE6,OPEN_PLA_FILMS_2021,LIQ_0F4168490E,76.0,static,sessile_drop,,,,,15.0,4.0,,,A_high,no,,,,,not_reported,"JATS table polymers-13-04289-t001; Contact angles of water (θW), formamide (θF), and diiodomethane (θD) of PLA films casted on PTFE, glass, Ti6Al4V, and silicone, according to the solvent.; Average +/- standard deviation extracted from Table 1. The article reports at least fifteen drops on three samples; replicates_n=15 is a conservative lower bound.",EXT_F2DE1724D72F,not_reported,yes,yes
EXT_5763DE0B39DD,SFC_84FF6543987A,OPEN_PLA_FILMS_2021,LIQ_0F4168490E,74.0,static,sessile_drop,,,,,15.0,2.0,,,A_high,no,,,,,not_reported,"JATS table polymers-13-04289-t001; Contact angles of water (θW), formamide (θF), and diiodomethane (θD) of PLA films casted on PTFE, glass, Ti6Al4V, and silicone, according to the solvent.; Average +/- standard deviation extracted from Table 1. The article reports at least fifteen drops on three samples; replicates_n=15 is a conservative lower bound.",EXT_5763DE0B39DD,not_reported,yes,yes
EXT_62C7119859BF,SFC_91B74A694C1A,OPEN_PLA_FILMS_2021,LIQ_0F4168490E,74.0,static,sessile_drop,,,,,15.0,2.0,,,A_high,no,,,,,not_reported,"JATS table polymers-13-04289-t001; Contact angles of water (θW), formamide (θF), and diiodomethane (θD) of PLA films casted on PTFE, glass, Ti6Al4V, and silicone, according to the solvent.; Average +/- standard deviation extracted from Table 1. The article reports at least fifteen drops on three samples; replicates_n=15 is a conservative lower bound.",EXT_62C7119859BF,not_reported,yes,yes
EXT_874FDB205BEC,SFC_CA0DF2A414ED,OPEN_PLA_FILMS_2021,LIQ_1BD1B94C09,43.0,static,sessile_drop,,,,,15.0,1.0,,,A_high,no,,,,,not_reported,"JATS table polymers-13-04289-t001; Contact angles of water (θW), formamide (θF), and diiodomethane (θD) of PLA films casted on PTFE, glass, Ti6Al4V, and silicone, according to the solvent.; Average +/- standard deviation extracted from Table 1. The article reports at least fifteen drops on three samples; replicates_n=15 is a conservative lower bound.",EXT_874FDB205BEC,not_reported,yes,yes
EXT_1974721ED722,SFC_0FBA62725BE6,OPEN_PLA_FILMS_2021,LIQ_1BD1B94C09,66.0,static,sessile_drop,,,,,15.0,2.0,,,A_high,no,,,,,not_reported,"JATS table polymers-13-04289-t001; Contact angles of water (θW), formamide (θF), and diiodomethane (θD) of PLA films casted on PTFE, glass, Ti6Al4V, and silicone, according to the solvent.; Average +/- standard deviation extracted from Table 1. The article reports at least fifteen drops on three samples; replicates_n=15 is a conservative lower bound.",EXT_1974721ED722,not_reported,yes,yes
EXT_28B169088998,SFC_84FF6543987A,OPEN_PLA_FILMS_2021,LIQ_1BD1B94C09,61.0,static,sessile_drop,,,,,15.0,2.0,,,A_high,no,,,,,not_reported,"JATS table polymers-13-04289-t001; Contact angles of water (θW), formamide (θF), and diiodomethane (θD) of PLA films casted on PTFE, glass, Ti6Al4V, and silicone, according to the solvent.; Average +/- standard deviation extracted from Table 1. The article reports at least fifteen drops on three samples; replicates_n=15 is a conservative lower bound.",EXT_28B169088998,not_reported,yes,yes
EXT_C0610F416EF7,SFC_91B74A694C1A,OPEN_PLA_FILMS_2021,LIQ_1BD1B94C09,59.0,static,sessile_drop,,,,,15.0,3.0,,,A_high,no,,,,,not_reported,"JATS table polymers-13-04289-t001; Contact angles of water (θW), formamide (θF), and diiodomethane (θD) of PLA films casted on PTFE, glass, Ti6Al4V, and silicone, according to the solvent.; Average +/- standard deviation extracted from Table 1. The article reports at least fifteen drops on three samples; replicates_n=15 is a conservative lower bound.",EXT_C0610F416EF7,not_reported,yes,yes
EXT_A399484607B3,SFC_CA0DF2A414ED,OPEN_PLA_FILMS_2021,LIQ_6656B41AB7,54.0,static,sessile_drop,,,,,15.0,3.0,,,A_high,no,,,,,not_reported,"JATS table polymers-13-04289-t001; Contact angles of water (θW), formamide (θF), and diiodomethane (θD) of PLA films casted on PTFE, glass, Ti6Al4V, and silicone, according to the solvent.; Average +/- standard deviation extracted from Table 1. The article reports at least fifteen drops on three samples; replicates_n=15 is a conservative lower bound.",EXT_A399484607B3,not_reported,yes,yes
EXT_0325D9C2E6F8,SFC_0FBA62725BE6,OPEN_PLA_FILMS_2021,LIQ_6656B41AB7,44.0,static,sessile_drop,,,,,15.0,1.0,,,A_high,no,,,,,not_reported,"JATS table polymers-13-04289-t001; Contact angles of water (θW), formamide (θF), and diiodomethane (θD) of PLA films casted on PTFE, glass, Ti6Al4V, and silicone, according to the solvent.; Average +/- standard deviation extracted from Table 1. The article reports at least fifteen drops on three samples; replicates_n=15 is a conservative lower bound.",EXT_0325D9C2E6F8,not_reported,yes,yes
EXT_2D1C9CE8FE08,SFC_84FF6543987A,OPEN_PLA_FILMS_2021,LIQ_6656B41AB7,47.0,static,sessile_drop,,,,,15.0,3.0,,,A_high,no,,,,,not_reported,"JATS table polymers-13-04289-t001; Contact angles of water (θW), formamide (θF), and diiodomethane (θD) of PLA films casted on PTFE, glass, Ti6Al4V, and silicone, according to the solvent.; Average +/- standard deviation extracted from Table 1. The article reports at least fifteen drops on three samples; replicates_n=15 is a conservative lower bound.",EXT_2D1C9CE8FE08,not_reported,yes,yes
EXT_CFE40CFC3BA1,SFC_91B74A694C1A,OPEN_PLA_FILMS_2021,LIQ_6656B41AB7,47.0,static,sessile_drop,,,,,15.0,3.0,,,A_high,no,,,,,not_reported,"JATS table polymers-13-04289-t001; Contact angles of water (θW), formamide (θF), and diiodomethane (θD) of PLA films casted on PTFE, glass, Ti6Al4V, and silicone, according to the solvent.; Average +/- standard deviation extracted from Table 1. The article reports at least fifteen drops on three samples; replicates_n=15 is a conservative lower bound.",EXT_CFE40CFC3BA1,not_reported,yes,yes
EXT_20E924898243,SFC_46B777D53533,OPEN_PLA_FILMS_2021,LIQ_0F4168490E,113.0,static,sessile_drop,,,,,15.0,2.0,,,A_high,no,,,,,not_reported,"JATS table polymers-13-04289-t001; Contact angles of water (θW), formamide (θF), and diiodomethane (θD) of PLA films casted on PTFE, glass, Ti6Al4V, and silicone, according to the solvent.; Average +/- standard deviation extracted from Table 1. The article reports at least fifteen drops on three samples; replicates_n=15 is a conservative lower bound.",EXT_20E924898243,not_reported,yes,yes
EXT_D5A2B07B71FE,SFC_2171EA47DB00,OPEN_PLA_FILMS_2021,LIQ_0F4168490E,106.0,static,sessile_drop,,,,,15.0,2.0,,,A_high,no,,,,,not_reported,"JATS table polymers-13-04289-t001; Contact angles of water (θW), formamide (θF), and diiodomethane (θD) of PLA films casted on PTFE, glass, Ti6Al4V, and silicone, according to the solvent.; Average +/- standard deviation extracted from Table 1. The article reports at least fifteen drops on three samples; replicates_n=15 is a conservative lower bound.",EXT_D5A2B07B71FE,not_reported,yes,yes
EXT_FCDB7AFFCD9B,SFC_C73C8C6483E4,OPEN_PLA_FILMS_2021,LIQ_0F4168490E,111.0,static,sessile_drop,,,,,15.0,2.0,,,A_high,no,,,,,not_reported,"JATS table polymers-13-04289-t001; Contact angles of water (θW), formamide (θF), and diiodomethane (θD) of PLA films casted on PTFE, glass, Ti6Al4V, and silicone, according to the solvent.; Average +/- standard deviation extracted from Table 1. The article reports at least fifteen drops on three samples; replicates_n=15 is a conservative lower bound.",EXT_FCDB7AFFCD9B,not_reported,yes,yes
EXT_F0D8FCD36A83,SFC_B93E7618C45A,OPEN_PLA_FILMS_2021,LIQ_0F4168490E,108.0,static,sessile_drop,,,,,15.0,2.0,,,A_high,no,,,,,not_reported,"JATS table polymers-13-04289-t001; Contact angles of water (θW), formamide (θF), and diiodomethane (θD) of PLA films casted on PTFE, glass, Ti6Al4V, and silicone, according to the solvent.; Average +/- standard deviation extracted from Table 1. The article reports at least fifteen drops on three samples; replicates_n=15 is a conservative lower bound.",EXT_F0D8FCD36A83,not_reported,yes,yes
EXT_DA1010942764,SFC_46B777D53533,OPEN_PLA_FILMS_2021,LIQ_1BD1B94C09,100.0,static,sessile_drop,,,,,15.0,2.0,,,A_high,no,,,,,not_reported,"JATS table polymers-13-04289-t001; Contact angles of water (θW), formamide (θF), and diiodomethane (θD) of PLA films casted on PTFE, glass, Ti6Al4V, and silicone, according to the solvent.; Average +/- standard deviation extracted from Table 1. The article reports at least fifteen drops on three samples; replicates_n=15 is a conservative lower bound.",EXT_DA1010942764,not_reported,yes,yes
EXT_57AAA740DBD8,SFC_2171EA47DB00,OPEN_PLA_FILMS_2021,LIQ_1BD1B94C09,88.0,static,sessile_drop,,,,,15.0,3.0,,,A_high,no,,,,,not_reported,"JATS table polymers-13-04289-t001; Contact angles of water (θW), formamide (θF), and diiodomethane (θD) of PLA films casted on PTFE, glass, Ti6Al4V, and silicone, according to the solvent.; Average +/- standard deviation extracted from Table 1. The article reports at least fifteen drops on three samples; replicates_n=15 is a conservative lower bound.",EXT_57AAA740DBD8,not_reported,yes,yes
EXT_6FAB73084CB3,SFC_C73C8C6483E4,OPEN_PLA_FILMS_2021,LIQ_1BD1B94C09,95.0,static,sessile_drop,,,,,15.0,4.0,,,A_high,no,,,,,not_reported,"JATS table polymers-13-04289-t001; Contact angles of water (θW), formamide (θF), and diiodomethane (θD) of PLA films casted on PTFE, glass, Ti6Al4V, and silicone, according to the solvent.; Average +/- standard deviation extracted from Table 1. The article reports at least fifteen drops on three samples; replicates_n=15 is a conservative lower bound.",EXT_6FAB73084CB3,not_reported,yes,yes
EXT_793B32E71A38,SFC_B93E7618C45A,OPEN_PLA_FILMS_2021,LIQ_1BD1B94C09,93.0,static,sessile_drop,,,,,15.0,7.0,,,A_high,no,,,,,not_reported,"JATS table polymers-13-04289-t001; Contact angles of water (θW), formamide (θF), and diiodomethane (θD) of PLA films casted on PTFE, glass, Ti6Al4V, and silicone, according to the solvent.; Average +/- standard deviation extracted from Table 1. The article reports at least fifteen drops on three samples; replicates_n=15 is a conservative lower bound.",EXT_793B32E71A38,not_reported,yes,yes
EXT_BB5D89275AD2,SFC_46B777D53533,OPEN_PLA_FILMS_2021,LIQ_6656B41AB7,82.0,static,sessile_drop,,,,,15.0,6.0,,,A_high,no,,,,,not_reported,"JATS table polymers-13-04289-t001; Contact angles of water (θW), formamide (θF), and diiodomethane (θD) of PLA films casted on PTFE, glass, Ti6Al4V, and silicone, according to the solvent.; Average +/- standard deviation extracted from Table 1. The article reports at least fifteen drops on three samples; replicates_n=15 is a conservative lower bound.",EXT_BB5D89275AD2,not_reported,yes,yes
EXT_E8E1679EDB31,SFC_2171EA47DB00,OPEN_PLA_FILMS_2021,LIQ_6656B41AB7,53.0,static,sessile_drop,,,,,15.0,4.0,,,A_high,no,,,,,not_reported,"JATS table polymers-13-04289-t001; Contact angles of water (θW), formamide (θF), and diiodomethane (θD) of PLA films casted on PTFE, glass, Ti6Al4V, and silicone, according to the solvent.; Average +/- standard deviation extracted from Table 1. The article reports at least fifteen drops on three samples; replicates_n=15 is a conservative lower bound.",EXT_E8E1679EDB31,not_reported,yes,yes
EXT_882D286A650A,SFC_C73C8C6483E4,OPEN_PLA_FILMS_2021,LIQ_6656B41AB7,53.0,static,sessile_drop,,,,,15.0,6.0,,,A_high,no,,,,,not_reported,"JATS table polymers-13-04289-t001; Contact angles of water (θW), formamide (θF), and diiodomethane (θD) of PLA films casted on PTFE, glass, Ti6Al4V, and silicone, according to the solvent.; Average +/- standard deviation extracted from Table 1. The article reports at least fifteen drops on three samples; replicates_n=15 is a conservative lower bound.",EXT_882D286A650A,not_reported,yes,yes
EXT_E31EC66D808C,SFC_B93E7618C45A,OPEN_PLA_FILMS_2021,LIQ_6656B41AB7,55.0,static,sessile_drop,,,,,15.0,5.0,,,A_high,no,,,,,not_reported,"JATS table polymers-13-04289-t001; Contact angles of water (θW), formamide (θF), and diiodomethane (θD) of PLA films casted on PTFE, glass, Ti6Al4V, and silicone, according to the solvent.; Average +/- standard deviation extracted from Table 1. The article reports at least fifteen drops on three samples; replicates_n=15 is a conservative lower bound.",EXT_E31EC66D808C,not_reported,yes,yes
EXT_0C2F137C0768,SFC_DDCE904A2E37,OPEN_CARBON_GLYCAN_2016,LIQ_0F4168490E,35.3,static,sessile_drop,298.15,,,,3.0,1.4,,,A_high,no,,,,,not_reported,"JATS table t4; Summary of experimentally determined properties of bare and modified carbon surfaces: measured contact angles using water (θ W ), glycerol (θ G ) and diiodomethane (θ DM ); surface free energy or total surface tension ( γ tot ), its dispersive ( γ LW ), electron accepting ( γ + ) and donating ( γ − ) components determined from vOCG analysis; surface ζ-potential values obtained using polystyrene tracer particles in 1 mM NaCl at pH 9.2.; Mean +/- SD extracted from the three static contact-angle columns; reported surface energy is not imported as independent SFE.",EXT_0C2F137C0768,not_reported,yes,yes
EXT_3D14543B75E6,SFC_DDCE904A2E37,OPEN_CARBON_GLYCAN_2016,LIQ_5C0DC0DCD1,22.2,static,sessile_drop,298.15,,,,3.0,1.4,,,A_high,no,,,,,not_reported,"JATS table t4; Summary of experimentally determined properties of bare and modified carbon surfaces: measured contact angles using water (θ W ), glycerol (θ G ) and diiodomethane (θ DM ); surface free energy or total surface tension ( γ tot ), its dispersive ( γ LW ), electron accepting ( γ + ) and donating ( γ − ) components determined from vOCG analysis; surface ζ-potential values obtained using polystyrene tracer particles in 1 mM NaCl at pH 9.2.; Mean +/- SD extracted from the three static contact-angle columns; reported surface energy is not imported as independent SFE.",EXT_3D14543B75E6,not_reported,yes,yes
EXT_C8683F966ABC,SFC_DDCE904A2E37,OPEN_CARBON_GLYCAN_2016,LIQ_6656B41AB7,11.9,static,sessile_drop,298.15,,,,3.0,0.9,,,A_high,no,,,,,not_reported,"JATS table t4; Summary of experimentally determined properties of bare and modified carbon surfaces: measured contact angles using water (θ W ), glycerol (θ G ) and diiodomethane (θ DM ); surface free energy or total surface tension ( γ tot ), its dispersive ( γ LW ), electron accepting ( γ + ) and donating ( γ − ) components determined from vOCG analysis; surface ζ-potential values obtained using polystyrene tracer particles in 1 mM NaCl at pH 9.2.; Mean +/- SD extracted from the three static contact-angle columns; reported surface energy is not imported as independent SFE.",EXT_C8683F966ABC,not_reported,yes,yes
EXT_A05B145D5D55,SFC_757E5A51849D,OPEN_CARBON_GLYCAN_2016,LIQ_0F4168490E,20.2,static,sessile_drop,298.15,,,,3.0,0.3,,,A_high,no,,,,,not_reported,"JATS table t4; Summary of experimentally determined properties of bare and modified carbon surfaces: measured contact angles using water (θ W ), glycerol (θ G ) and diiodomethane (θ DM ); surface free energy or total surface tension ( γ tot ), its dispersive ( γ LW ), electron accepting ( γ + ) and donating ( γ − ) components determined from vOCG analysis; surface ζ-potential values obtained using polystyrene tracer particles in 1 mM NaCl at pH 9.2.; Mean +/- SD extracted from the three static contact-angle columns; reported surface energy is not imported as independent SFE.",EXT_A05B145D5D55,not_reported,yes,yes
EXT_4D6047F3DA11,SFC_757E5A51849D,OPEN_CARBON_GLYCAN_2016,LIQ_5C0DC0DCD1,16.4,static,sessile_drop,298.15,,,,3.0,1.2,,,A_high,no,,,,,not_reported,"JATS table t4; Summary of experimentally determined properties of bare and modified carbon surfaces: measured contact angles using water (θ W ), glycerol (θ G ) and diiodomethane (θ DM ); surface free energy or total surface tension ( γ tot ), its dispersive ( γ LW ), electron accepting ( γ + ) and donating ( γ − ) components determined from vOCG analysis; surface ζ-potential values obtained using polystyrene tracer particles in 1 mM NaCl at pH 9.2.; Mean +/- SD extracted from the three static contact-angle columns; reported surface energy is not imported as independent SFE.",EXT_4D6047F3DA11,not_reported,yes,yes
EXT_7CF183ABF3B6,SFC_757E5A51849D,OPEN_CARBON_GLYCAN_2016,LIQ_6656B41AB7,5.4,static,sessile_drop,298.15,,,,3.0,0.4,,,A_high,no,,,,,not_reported,"JATS table t4; Summary of experimentally determined properties of bare and modified carbon surfaces: measured contact angles using water (θ W ), glycerol (θ G ) and diiodomethane (θ DM ); surface free energy or total surface tension ( γ tot ), its dispersive ( γ LW ), electron accepting ( γ + ) and donating ( γ − ) components determined from vOCG analysis; surface ζ-potential values obtained using polystyrene tracer particles in 1 mM NaCl at pH 9.2.; Mean +/- SD extracted from the three static contact-angle columns; reported surface energy is not imported as independent SFE.",EXT_7CF183ABF3B6,not_reported,yes,yes
EXT_64532C66FD00,SFC_C1B0541D31DE,OPEN_CARBON_GLYCAN_2016,LIQ_0F4168490E,26.1,static,sessile_drop,298.15,,,,3.0,1.1,,,A_high,no,,,,,not_reported,"JATS table t4; Summary of experimentally determined properties of bare and modified carbon surfaces: measured contact angles using water (θ W ), glycerol (θ G ) and diiodomethane (θ DM ); surface free energy or total surface tension ( γ tot ), its dispersive ( γ LW ), electron accepting ( γ + ) and donating ( γ − ) components determined from vOCG analysis; surface ζ-potential values obtained using polystyrene tracer particles in 1 mM NaCl at pH 9.2.; Mean +/- SD extracted from the three static contact-angle columns; reported surface energy is not imported as independent SFE.",EXT_64532C66FD00,not_reported,yes,yes
EXT_68FC9343A58A,SFC_C1B0541D31DE,OPEN_CARBON_GLYCAN_2016,LIQ_5C0DC0DCD1,17.1,static,sessile_drop,298.15,,,,3.0,0.4,,,A_high,no,,,,,not_reported,"JATS table t4; Summary of experimentally determined properties of bare and modified carbon surfaces: measured contact angles using water (θ W ), glycerol (θ G ) and diiodomethane (θ DM ); surface free energy or total surface tension ( γ tot ), its dispersive ( γ LW ), electron accepting ( γ + ) and donating ( γ − ) components determined from vOCG analysis; surface ζ-potential values obtained using polystyrene tracer particles in 1 mM NaCl at pH 9.2.; Mean +/- SD extracted from the three static contact-angle columns; reported surface energy is not imported as independent SFE.",EXT_68FC9343A58A,not_reported,yes,yes
EXT_F1A8D658D675,SFC_C1B0541D31DE,OPEN_CARBON_GLYCAN_2016,LIQ_6656B41AB7,7.5,static,sessile_drop,298.15,,,,3.0,0.4,,,A_high,no,,,,,not_reported,"JATS table t4; Summary of experimentally determined properties of bare and modified carbon surfaces: measured contact angles using water (θ W ), glycerol (θ G ) and diiodomethane (θ DM ); surface free energy or total surface tension ( γ tot ), its dispersive ( γ LW ), electron accepting ( γ + ) and donating ( γ − ) components determined from vOCG analysis; surface ζ-potential values obtained using polystyrene tracer particles in 1 mM NaCl at pH 9.2.; Mean +/- SD extracted from the three static contact-angle columns; reported surface energy is not imported as independent SFE.",EXT_F1A8D658D675,not_reported,yes,yes
EXT_9F58E9B1730C,SFC_1CD855A0B4A5,OPEN_CARBON_GLYCAN_2016,LIQ_0F4168490E,22.9,static,sessile_drop,298.15,,,,3.0,0.6,,,A_high,no,,,,,not_reported,"JATS table t4; Summary of experimentally determined properties of bare and modified carbon surfaces: measured contact angles using water (θ W ), glycerol (θ G ) and diiodomethane (θ DM ); surface free energy or total surface tension ( γ tot ), its dispersive ( γ LW ), electron accepting ( γ + ) and donating ( γ − ) components determined from vOCG analysis; surface ζ-potential values obtained using polystyrene tracer particles in 1 mM NaCl at pH 9.2.; Mean +/- SD extracted from the three static contact-angle columns; reported surface energy is not imported as independent SFE.",EXT_9F58E9B1730C,not_reported,yes,yes
EXT_BD0EEB764A84,SFC_1CD855A0B4A5,OPEN_CARBON_GLYCAN_2016,LIQ_5C0DC0DCD1,15.9,static,sessile_drop,298.15,,,,3.0,1.3,,,A_high,no,,,,,not_reported,"JATS table t4; Summary of experimentally determined properties of bare and modified carbon surfaces: measured contact angles using water (θ W ), glycerol (θ G ) and diiodomethane (θ DM ); surface free energy or total surface tension ( γ tot ), its dispersive ( γ LW ), electron accepting ( γ + ) and donating ( γ − ) components determined from vOCG analysis; surface ζ-potential values obtained using polystyrene tracer particles in 1 mM NaCl at pH 9.2.; Mean +/- SD extracted from the three static contact-angle columns; reported surface energy is not imported as independent SFE.",EXT_BD0EEB764A84,not_reported,yes,yes
EXT_6B9D41D96636,SFC_1CD855A0B4A5,OPEN_CARBON_GLYCAN_2016,LIQ_6656B41AB7,4.9,static,sessile_drop,298.15,,,,3.0,0.1,,,A_high,no,,,,,not_reported,"JATS table t4; Summary of experimentally determined properties of bare and modified carbon surfaces: measured contact angles using water (θ W ), glycerol (θ G ) and diiodomethane (θ DM ); surface free energy or total surface tension ( γ tot ), its dispersive ( γ LW ), electron accepting ( γ + ) and donating ( γ − ) components determined from vOCG analysis; surface ζ-potential values obtained using polystyrene tracer particles in 1 mM NaCl at pH 9.2.; Mean +/- SD extracted from the three static contact-angle columns; reported surface energy is not imported as independent SFE.",EXT_6B9D41D96636,not_reported,yes,yes
EXT_BE673F974C34,SFC_9CBFB90624F8,OPEN_CARBON_GLYCAN_2016,LIQ_0F4168490E,25.0,static,sessile_drop,298.15,,,,3.0,0.5,,,A_high,no,,,,,not_reported,"JATS table t4; Summary of experimentally determined properties of bare and modified carbon surfaces: measured contact angles using water (θ W ), glycerol (θ G ) and diiodomethane (θ DM ); surface free energy or total surface tension ( γ tot ), its dispersive ( γ LW ), electron accepting ( γ + ) and donating ( γ − ) components determined from vOCG analysis; surface ζ-potential values obtained using polystyrene tracer particles in 1 mM NaCl at pH 9.2.; Mean +/- SD extracted from the three static contact-angle columns; reported surface energy is not imported as independent SFE.",EXT_BE673F974C34,not_reported,yes,yes
EXT_810E90883671,SFC_9CBFB90624F8,OPEN_CARBON_GLYCAN_2016,LIQ_5C0DC0DCD1,20.3,static,sessile_drop,298.15,,,,3.0,0.6,,,A_high,no,,,,,not_reported,"JATS table t4; Summary of experimentally determined properties of bare and modified carbon surfaces: measured contact angles using water (θ W ), glycerol (θ G ) and diiodomethane (θ DM ); surface free energy or total surface tension ( γ tot ), its dispersive ( γ LW ), electron accepting ( γ + ) and donating ( γ − ) components determined from vOCG analysis; surface ζ-potential values obtained using polystyrene tracer particles in 1 mM NaCl at pH 9.2.; Mean +/- SD extracted from the three static contact-angle columns; reported surface energy is not imported as independent SFE.",EXT_810E90883671,not_reported,yes,yes
EXT_E2B297913813,SFC_9CBFB90624F8,OPEN_CARBON_GLYCAN_2016,LIQ_6656B41AB7,6.2,static,sessile_drop,298.15,,,,3.0,0.2,,,A_high,no,,,,,not_reported,"JATS table t4; Summary of experimentally determined properties of bare and modified carbon surfaces: measured contact angles using water (θ W ), glycerol (θ G ) and diiodomethane (θ DM ); surface free energy or total surface tension ( γ tot ), its dispersive ( γ LW ), electron accepting ( γ + ) and donating ( γ − ) components determined from vOCG analysis; surface ζ-potential values obtained using polystyrene tracer particles in 1 mM NaCl at pH 9.2.; Mean +/- SD extracted from the three static contact-angle columns; reported surface energy is not imported as independent SFE.",EXT_E2B297913813,not_reported,yes,yes
EXT_97FF8568B019,SFC_73AE050E307F,OPEN_CARBON_GLYCAN_2016,LIQ_0F4168490E,11.8,static,sessile_drop,298.15,,,,3.0,0.4,,,A_high,no,,,,,not_reported,"JATS table t4; Summary of experimentally determined properties of bare and modified carbon surfaces: measured contact angles using water (θ W ), glycerol (θ G ) and diiodomethane (θ DM ); surface free energy or total surface tension ( γ tot ), its dispersive ( γ LW ), electron accepting ( γ + ) and donating ( γ − ) components determined from vOCG analysis; surface ζ-potential values obtained using polystyrene tracer particles in 1 mM NaCl at pH 9.2.; Mean +/- SD extracted from the three static contact-angle columns; reported surface energy is not imported as independent SFE.",EXT_97FF8568B019,not_reported,yes,yes
EXT_006E9D255BB0,SFC_73AE050E307F,OPEN_CARBON_GLYCAN_2016,LIQ_5C0DC0DCD1,16.9,static,sessile_drop,298.15,,,,3.0,0.7,,,A_high,no,,,,,not_reported,"JATS table t4; Summary of experimentally determined properties of bare and modified carbon surfaces: measured contact angles using water (θ W ), glycerol (θ G ) and diiodomethane (θ DM ); surface free energy or total surface tension ( γ tot ), its dispersive ( γ LW ), electron accepting ( γ + ) and donating ( γ − ) components determined from vOCG analysis; surface ζ-potential values obtained using polystyrene tracer particles in 1 mM NaCl at pH 9.2.; Mean +/- SD extracted from the three static contact-angle columns; reported surface energy is not imported as independent SFE.",EXT_006E9D255BB0,not_reported,yes,yes
EXT_0AFA4AD6501C,SFC_73AE050E307F,OPEN_CARBON_GLYCAN_2016,LIQ_6656B41AB7,4.2,static,sessile_drop,298.15,,,,3.0,0.3,,,A_high,no,,,,,not_reported,"JATS table t4; Summary of experimentally determined properties of bare and modified carbon surfaces: measured contact angles using water (θ W ), glycerol (θ G ) and diiodomethane (θ DM ); surface free energy or total surface tension ( γ tot ), its dispersive ( γ LW ), electron accepting ( γ + ) and donating ( γ − ) components determined from vOCG analysis; surface ζ-potential values obtained using polystyrene tracer particles in 1 mM NaCl at pH 9.2.; Mean +/- SD extracted from the three static contact-angle columns; reported surface energy is not imported as independent SFE.",EXT_0AFA4AD6501C,not_reported,yes,yes
EXT_D7EE4324C62B,SFC_4AD1E95A7848,OPEN_FACEMASK_2023,LIQ_6656B41AB7,103.9,static,sessile_drop,,,,,3.0,1.4,,,A_high,no,,,,,not_reported,"JATS table T2; Contact angles of water (θw), formamide (θF), diiodomethane (θD), Lifshitz-Van der Waals (γLW), electrons donor(γ−), electrons acceptor (γ+) parameters obtained with the seven facemasks.; Mean (SD) extracted from the three static contact-angle columns; the article reports triplicate measurements and calculated SFE is not imported as independent SFE.",EXT_D7EE4324C62B,not_reported,yes,yes
EXT_2ED76F045DA7,SFC_4AD1E95A7848,OPEN_FACEMASK_2023,LIQ_1BD1B94C09,132.9,static,sessile_drop,,,,,3.0,0.2,,,A_high,no,,,,,not_reported,"JATS table T2; Contact angles of water (θw), formamide (θF), diiodomethane (θD), Lifshitz-Van der Waals (γLW), electrons donor(γ−), electrons acceptor (γ+) parameters obtained with the seven facemasks.; Mean (SD) extracted from the three static contact-angle columns; the article reports triplicate measurements and calculated SFE is not imported as independent SFE.",EXT_2ED76F045DA7,not_reported,yes,yes
EXT_3DB1AD2DD595,SFC_4AD1E95A7848,OPEN_FACEMASK_2023,LIQ_0F4168490E,125.0,static,sessile_drop,,,,,3.0,2.4,,,A_high,no,,,,,not_reported,"JATS table T2; Contact angles of water (θw), formamide (θF), diiodomethane (θD), Lifshitz-Van der Waals (γLW), electrons donor(γ−), electrons acceptor (γ+) parameters obtained with the seven facemasks.; Mean (SD) extracted from the three static contact-angle columns; the article reports triplicate measurements and calculated SFE is not imported as independent SFE.",EXT_3DB1AD2DD595,not_reported,yes,yes
EXT_21DECF058A46,SFC_2C8D133FAE44,OPEN_FACEMASK_2023,LIQ_6656B41AB7,107.4,static,sessile_drop,,,,,3.0,1.4,,,A_high,no,,,,,not_reported,"JATS table T2; Contact angles of water (θw), formamide (θF), diiodomethane (θD), Lifshitz-Van der Waals (γLW), electrons donor(γ−), electrons acceptor (γ+) parameters obtained with the seven facemasks.; Mean (SD) extracted from the three static contact-angle columns; the article reports triplicate measurements and calculated SFE is not imported as independent SFE.",EXT_21DECF058A46,not_reported,yes,yes
EXT_F4D52482F27E,SFC_2C8D133FAE44,OPEN_FACEMASK_2023,LIQ_1BD1B94C09,127.3,static,sessile_drop,,,,,3.0,0.9,,,A_high,no,,,,,not_reported,"JATS table T2; Contact angles of water (θw), formamide (θF), diiodomethane (θD), Lifshitz-Van der Waals (γLW), electrons donor(γ−), electrons acceptor (γ+) parameters obtained with the seven facemasks.; Mean (SD) extracted from the three static contact-angle columns; the article reports triplicate measurements and calculated SFE is not imported as independent SFE.",EXT_F4D52482F27E,not_reported,yes,yes
EXT_19F026C2773F,SFC_2C8D133FAE44,OPEN_FACEMASK_2023,LIQ_0F4168490E,137.8,static,sessile_drop,,,,,3.0,3.1,,,A_high,no,,,,,not_reported,"JATS table T2; Contact angles of water (θw), formamide (θF), diiodomethane (θD), Lifshitz-Van der Waals (γLW), electrons donor(γ−), electrons acceptor (γ+) parameters obtained with the seven facemasks.; Mean (SD) extracted from the three static contact-angle columns; the article reports triplicate measurements and calculated SFE is not imported as independent SFE.",EXT_19F026C2773F,not_reported,yes,yes
EXT_161578FE82D4,SFC_61C86B62E941,OPEN_FACEMASK_2023,LIQ_6656B41AB7,98.5,static,sessile_drop,,,,,3.0,3.0,,,A_high,no,,,,,not_reported,"JATS table T2; Contact angles of water (θw), formamide (θF), diiodomethane (θD), Lifshitz-Van der Waals (γLW), electrons donor(γ−), electrons acceptor (γ+) parameters obtained with the seven facemasks.; Mean (SD) extracted from the three static contact-angle columns; the article reports triplicate measurements and calculated SFE is not imported as independent SFE.",EXT_161578FE82D4,not_reported,yes,yes
EXT_A608D8AA1EAA,SFC_61C86B62E941,OPEN_FACEMASK_2023,LIQ_1BD1B94C09,113.6,static,sessile_drop,,,,,3.0,1.4,,,A_high,no,,,,,not_reported,"JATS table T2; Contact angles of water (θw), formamide (θF), diiodomethane (θD), Lifshitz-Van der Waals (γLW), electrons donor(γ−), electrons acceptor (γ+) parameters obtained with the seven facemasks.; Mean (SD) extracted from the three static contact-angle columns; the article reports triplicate measurements and calculated SFE is not imported as independent SFE.",EXT_A608D8AA1EAA,not_reported,yes,yes
EXT_6A758A73420C,SFC_61C86B62E941,OPEN_FACEMASK_2023,LIQ_0F4168490E,131.0,static,sessile_drop,,,,,3.0,3.2,,,A_high,no,,,,,not_reported,"JATS table T2; Contact angles of water (θw), formamide (θF), diiodomethane (θD), Lifshitz-Van der Waals (γLW), electrons donor(γ−), electrons acceptor (γ+) parameters obtained with the seven facemasks.; Mean (SD) extracted from the three static contact-angle columns; the article reports triplicate measurements and calculated SFE is not imported as independent SFE.",EXT_6A758A73420C,not_reported,yes,yes
EXT_591446AFD356,SFC_5D5B39751D66,OPEN_FACEMASK_2023,LIQ_6656B41AB7,75.9,static,sessile_drop,,,,,3.0,2.7,,,A_high,no,,,,,not_reported,"JATS table T2; Contact angles of water (θw), formamide (θF), diiodomethane (θD), Lifshitz-Van der Waals (γLW), electrons donor(γ−), electrons acceptor (γ+) parameters obtained with the seven facemasks.; Mean (SD) extracted from the three static contact-angle columns; the article reports triplicate measurements and calculated SFE is not imported as independent SFE.",EXT_591446AFD356,not_reported,yes,yes
EXT_3FFCD90BF04A,SFC_5D5B39751D66,OPEN_FACEMASK_2023,LIQ_1BD1B94C09,118.6,static,sessile_drop,,,,,3.0,0.5,,,A_high,no,,,,,not_reported,"JATS table T2; Contact angles of water (θw), formamide (θF), diiodomethane (θD), Lifshitz-Van der Waals (γLW), electrons donor(γ−), electrons acceptor (γ+) parameters obtained with the seven facemasks.; Mean (SD) extracted from the three static contact-angle columns; the article reports triplicate measurements and calculated SFE is not imported as independent SFE.",EXT_3FFCD90BF04A,not_reported,yes,yes
EXT_A2BFA9FEE942,SFC_5D5B39751D66,OPEN_FACEMASK_2023,LIQ_0F4168490E,125.4,static,sessile_drop,,,,,3.0,0.9,,,A_high,no,,,,,not_reported,"JATS table T2; Contact angles of water (θw), formamide (θF), diiodomethane (θD), Lifshitz-Van der Waals (γLW), electrons donor(γ−), electrons acceptor (γ+) parameters obtained with the seven facemasks.; Mean (SD) extracted from the three static contact-angle columns; the article reports triplicate measurements and calculated SFE is not imported as independent SFE.",EXT_A2BFA9FEE942,not_reported,yes,yes
EXT_E2623286DF9C,SFC_52742E4E2FF2,OPEN_FACEMASK_2023,LIQ_6656B41AB7,22.43,static,sessile_drop,,,,,3.0,0.29,,,A_high,no,,,,,not_reported,"JATS table T2; Contact angles of water (θw), formamide (θF), diiodomethane (θD), Lifshitz-Van der Waals (γLW), electrons donor(γ−), electrons acceptor (γ+) parameters obtained with the seven facemasks.; Mean (SD) extracted from the three static contact-angle columns; the article reports triplicate measurements and calculated SFE is not imported as independent SFE.",EXT_E2623286DF9C,not_reported,yes,yes
EXT_4414CE8E7161,SFC_52742E4E2FF2,OPEN_FACEMASK_2023,LIQ_1BD1B94C09,53.33,static,sessile_drop,,,,,3.0,0.49,,,A_high,no,,,,,not_reported,"JATS table T2; Contact angles of water (θw), formamide (θF), diiodomethane (θD), Lifshitz-Van der Waals (γLW), electrons donor(γ−), electrons acceptor (γ+) parameters obtained with the seven facemasks.; Mean (SD) extracted from the three static contact-angle columns; the article reports triplicate measurements and calculated SFE is not imported as independent SFE.",EXT_4414CE8E7161,not_reported,yes,yes
EXT_8930F5ABA4B7,SFC_52742E4E2FF2,OPEN_FACEMASK_2023,LIQ_0F4168490E,71.77,static,sessile_drop,,,,,3.0,0.42,,,A_high,no,,,,,not_reported,"JATS table T2; Contact angles of water (θw), formamide (θF), diiodomethane (θD), Lifshitz-Van der Waals (γLW), electrons donor(γ−), electrons acceptor (γ+) parameters obtained with the seven facemasks.; Mean (SD) extracted from the three static contact-angle columns; the article reports triplicate measurements and calculated SFE is not imported as independent SFE.",EXT_8930F5ABA4B7,not_reported,yes,yes
EXT_FFFDDFDEE3D0,SFC_98A58E5AB649,OPEN_FACEMASK_2023,LIQ_6656B41AB7,95.4,static,sessile_drop,,,,,3.0,1.9,,,A_high,no,,,,,not_reported,"JATS table T2; Contact angles of water (θw), formamide (θF), diiodomethane (θD), Lifshitz-Van der Waals (γLW), electrons donor(γ−), electrons acceptor (γ+) parameters obtained with the seven facemasks.; Mean (SD) extracted from the three static contact-angle columns; the article reports triplicate measurements and calculated SFE is not imported as independent SFE.",EXT_FFFDDFDEE3D0,not_reported,yes,yes
EXT_E63EB3F2835E,SFC_98A58E5AB649,OPEN_FACEMASK_2023,LIQ_1BD1B94C09,95.7,static,sessile_drop,,,,,3.0,1.1,,,A_high,no,,,,,not_reported,"JATS table T2; Contact angles of water (θw), formamide (θF), diiodomethane (θD), Lifshitz-Van der Waals (γLW), electrons donor(γ−), electrons acceptor (γ+) parameters obtained with the seven facemasks.; Mean (SD) extracted from the three static contact-angle columns; the article reports triplicate measurements and calculated SFE is not imported as independent SFE.",EXT_E63EB3F2835E,not_reported,yes,yes
EXT_07642A48B0AD,SFC_98A58E5AB649,OPEN_FACEMASK_2023,LIQ_0F4168490E,104.1,static,sessile_drop,,,,,3.0,1.0,,,A_high,no,,,,,not_reported,"JATS table T2; Contact angles of water (θw), formamide (θF), diiodomethane (θD), Lifshitz-Van der Waals (γLW), electrons donor(γ−), electrons acceptor (γ+) parameters obtained with the seven facemasks.; Mean (SD) extracted from the three static contact-angle columns; the article reports triplicate measurements and calculated SFE is not imported as independent SFE.",EXT_07642A48B0AD,not_reported,yes,yes
EXT_FEA43C1D185A,SFC_804C47F28DD6,OPEN_FACEMASK_2023,LIQ_6656B41AB7,57.73,static,sessile_drop,,,,,3.0,0.89,,,A_high,no,,,,,not_reported,"JATS table T2; Contact angles of water (θw), formamide (θF), diiodomethane (θD), Lifshitz-Van der Waals (γLW), electrons donor(γ−), electrons acceptor (γ+) parameters obtained with the seven facemasks.; Mean (SD) extracted from the three static contact-angle columns; the article reports triplicate measurements and calculated SFE is not imported as independent SFE.",EXT_FEA43C1D185A,not_reported,yes,yes
EXT_1D4E7C8984A2,SFC_804C47F28DD6,OPEN_FACEMASK_2023,LIQ_1BD1B94C09,41.23,static,sessile_drop,,,,,3.0,0.84,,,A_high,no,,,,,not_reported,"JATS table T2; Contact angles of water (θw), formamide (θF), diiodomethane (θD), Lifshitz-Van der Waals (γLW), electrons donor(γ−), electrons acceptor (γ+) parameters obtained with the seven facemasks.; Mean (SD) extracted from the three static contact-angle columns; the article reports triplicate measurements and calculated SFE is not imported as independent SFE.",EXT_1D4E7C8984A2,not_reported,yes,yes
EXT_8E2D528C28E4,SFC_804C47F28DD6,OPEN_FACEMASK_2023,LIQ_0F4168490E,101.67,static,sessile_drop,,,,,3.0,0.09,,,A_high,no,,,,,not_reported,"JATS table T2; Contact angles of water (θw), formamide (θF), diiodomethane (θD), Lifshitz-Van der Waals (γLW), electrons donor(γ−), electrons acceptor (γ+) parameters obtained with the seven facemasks.; Mean (SD) extracted from the three static contact-angle columns; the article reports triplicate measurements and calculated SFE is not imported as independent SFE.",EXT_8E2D528C28E4,not_reported,yes,yes
EXT_DE22A4AE61FC,SFC_26BB55DBD67D,OPEN_CHITOSAN_GELATIN_2022,LIQ_5C0DC0DCD1,71.6,static,drop_shape_analysis,293.15,,,,5.0,,,,A_high,no,,,,,not_reported,"JATS table ijms-23-09700-t003; The contact angle of glycerin and diiodomethane, calculated surface free energy, polar and dispersion components of obtained samples.; Average static contact angles extracted from Table 3; article methods report five measurements per angle and calculated SFE is not imported as independent SFE.",EXT_DE22A4AE61FC,not_reported,yes,yes
EXT_7534CEB38FB4,SFC_26BB55DBD67D,OPEN_CHITOSAN_GELATIN_2022,LIQ_6656B41AB7,46.8,static,drop_shape_analysis,293.15,,,,5.0,,,,A_high,no,,,,,not_reported,"JATS table ijms-23-09700-t003; The contact angle of glycerin and diiodomethane, calculated surface free energy, polar and dispersion components of obtained samples.; Average static contact angles extracted from Table 3; article methods report five measurements per angle and calculated SFE is not imported as independent SFE.",EXT_7534CEB38FB4,not_reported,yes,yes
EXT_397F0C3BD5CF,SFC_D400AC079E9D,OPEN_CHITOSAN_GELATIN_2022,LIQ_5C0DC0DCD1,74.0,static,drop_shape_analysis,293.15,,,,5.0,,,,A_high,no,,,,,not_reported,"JATS table ijms-23-09700-t003; The contact angle of glycerin and diiodomethane, calculated surface free energy, polar and dispersion components of obtained samples.; Average static contact angles extracted from Table 3; article methods report five measurements per angle and calculated SFE is not imported as independent SFE.",EXT_397F0C3BD5CF,not_reported,yes,yes
EXT_B24A3A78D359,SFC_D400AC079E9D,OPEN_CHITOSAN_GELATIN_2022,LIQ_6656B41AB7,44.3,static,drop_shape_analysis,293.15,,,,5.0,,,,A_high,no,,,,,not_reported,"JATS table ijms-23-09700-t003; The contact angle of glycerin and diiodomethane, calculated surface free energy, polar and dispersion components of obtained samples.; Average static contact angles extracted from Table 3; article methods report five measurements per angle and calculated SFE is not imported as independent SFE.",EXT_B24A3A78D359,not_reported,yes,yes
EXT_F82FEAC10BBB,SFC_F1718B0B4710,OPEN_CHITOSAN_GELATIN_2022,LIQ_5C0DC0DCD1,69.4,static,drop_shape_analysis,293.15,,,,5.0,,,,A_high,no,,,,,not_reported,"JATS table ijms-23-09700-t003; The contact angle of glycerin and diiodomethane, calculated surface free energy, polar and dispersion components of obtained samples.; Average static contact angles extracted from Table 3; article methods report five measurements per angle and calculated SFE is not imported as independent SFE.",EXT_F82FEAC10BBB,not_reported,yes,yes
EXT_67BEF7CA0F14,SFC_F1718B0B4710,OPEN_CHITOSAN_GELATIN_2022,LIQ_6656B41AB7,43.6,static,drop_shape_analysis,293.15,,,,5.0,,,,A_high,no,,,,,not_reported,"JATS table ijms-23-09700-t003; The contact angle of glycerin and diiodomethane, calculated surface free energy, polar and dispersion components of obtained samples.; Average static contact angles extracted from Table 3; article methods report five measurements per angle and calculated SFE is not imported as independent SFE.",EXT_67BEF7CA0F14,not_reported,yes,yes
EXT_D348EE3E6106,SFC_C768409105A9,OPEN_CHITOSAN_GELATIN_2022,LIQ_5C0DC0DCD1,69.8,static,drop_shape_analysis,293.15,,,,5.0,,,,A_high,no,,,,,not_reported,"JATS table ijms-23-09700-t003; The contact angle of glycerin and diiodomethane, calculated surface free energy, polar and dispersion components of obtained samples.; Average static contact angles extracted from Table 3; article methods report five measurements per angle and calculated SFE is not imported as independent SFE.",EXT_D348EE3E6106,not_reported,yes,yes
EXT_FEB300669898,SFC_C768409105A9,OPEN_CHITOSAN_GELATIN_2022,LIQ_6656B41AB7,45.2,static,drop_shape_analysis,293.15,,,,5.0,,,,A_high,no,,,,,not_reported,"JATS table ijms-23-09700-t003; The contact angle of glycerin and diiodomethane, calculated surface free energy, polar and dispersion components of obtained samples.; Average static contact angles extracted from Table 3; article methods report five measurements per angle and calculated SFE is not imported as independent SFE.",EXT_FEB300669898,not_reported,yes,yes
EXT_126475924947,SFC_21C07DE8FEA5,OPEN_CHITOSAN_GELATIN_2022,LIQ_5C0DC0DCD1,66.8,static,drop_shape_analysis,293.15,,,,5.0,,,,A_high,no,,,,,not_reported,"JATS table ijms-23-09700-t003; The contact angle of glycerin and diiodomethane, calculated surface free energy, polar and dispersion components of obtained samples.; Average static contact angles extracted from Table 3; article methods report five measurements per angle and calculated SFE is not imported as independent SFE.",EXT_126475924947,not_reported,yes,yes
EXT_CC9EEC4BEE40,SFC_21C07DE8FEA5,OPEN_CHITOSAN_GELATIN_2022,LIQ_6656B41AB7,45.6,static,drop_shape_analysis,293.15,,,,5.0,,,,A_high,no,,,,,not_reported,"JATS table ijms-23-09700-t003; The contact angle of glycerin and diiodomethane, calculated surface free energy, polar and dispersion components of obtained samples.; Average static contact angles extracted from Table 3; article methods report five measurements per angle and calculated SFE is not imported as independent SFE.",EXT_CC9EEC4BEE40,not_reported,yes,yes
EXT_618DAE924695,SFC_4988FD117978,OPEN_CHITOSAN_GELATIN_2022,LIQ_5C0DC0DCD1,68.1,static,drop_shape_analysis,293.15,,,,5.0,,,,A_high,no,,,,,not_reported,"JATS table ijms-23-09700-t003; The contact angle of glycerin and diiodomethane, calculated surface free energy, polar and dispersion components of obtained samples.; Average static contact angles extracted from Table 3; article methods report five measurements per angle and calculated SFE is not imported as independent SFE.",EXT_618DAE924695,not_reported,yes,yes
EXT_FC56291F305C,SFC_4988FD117978,OPEN_CHITOSAN_GELATIN_2022,LIQ_6656B41AB7,43.7,static,drop_shape_analysis,293.15,,,,5.0,,,,A_high,no,,,,,not_reported,"JATS table ijms-23-09700-t003; The contact angle of glycerin and diiodomethane, calculated surface free energy, polar and dispersion components of obtained samples.; Average static contact angles extracted from Table 3; article methods report five measurements per angle and calculated SFE is not imported as independent SFE.",EXT_FC56291F305C,not_reported,yes,yes
EXT_0793ADE7D32F,SFC_728D367B9FEB,OPEN_CHITOSAN_GELATIN_2022,LIQ_5C0DC0DCD1,67.9,static,drop_shape_analysis,293.15,,,,5.0,,,,A_high,no,,,,,not_reported,"JATS table ijms-23-09700-t003; The contact angle of glycerin and diiodomethane, calculated surface free energy, polar and dispersion components of obtained samples.; Average static contact angles extracted from Table 3; article methods report five measurements per angle and calculated SFE is not imported as independent SFE.",EXT_0793ADE7D32F,not_reported,yes,yes
EXT_9F8D5B3E0335,SFC_728D367B9FEB,OPEN_CHITOSAN_GELATIN_2022,LIQ_6656B41AB7,45.4,static,drop_shape_analysis,293.15,,,,5.0,,,,A_high,no,,,,,not_reported,"JATS table ijms-23-09700-t003; The contact angle of glycerin and diiodomethane, calculated surface free energy, polar and dispersion components of obtained samples.; Average static contact angles extracted from Table 3; article methods report five measurements per angle and calculated SFE is not imported as independent SFE.",EXT_9F8D5B3E0335,not_reported,yes,yes
MEA_AF2A61D0F221,SFC_96D86F3732DF,SRC001,LIQ_06B74E7F53,35.0,capillary_rise_derived,Packed-bed capillary-rise method; liquid-rise height versus time converted with the Washburn equation; n-hexane used to determine effective capillary radius.,,,,,,,,,A,no,,,,,,"Table 2, row 'As-prepared diamond powder', liquid column '1-bromonaphthalene'; re-extracted for v4.3 from records_A.csv",REC_B6880A60A58E,none,no,yes
MEA_8829108AA85D,SFC_96D86F3732DF,SRC001,LIQ_53310FAFB3,54.0,capillary_rise_derived,Packed-bed capillary-rise method; liquid-rise height versus time converted with the Washburn equation; n-hexane used to determine effective capillary radius.,,,,,,,,,A,no,,,,,,"Table 2, row 'As-prepared diamond powder', liquid column 'ethylene glycol'; re-extracted for v4.3 from records_A.csv",REC_006D803571ED,none,no,yes
MEA_1382FC3E41BA,SFC_96D86F3732DF,SRC001,LIQ_6656B41AB7,76.0,capillary_rise_derived,Packed-bed capillary-rise method; liquid-rise height versus time converted with the Washburn equation; n-hexane used to determine effective capillary radius.,,,,,,,,,A,no,,,,,,"Table 2, row 'As-prepared diamond powder', liquid column 'diiodomethane'; re-extracted for v4.3 from records_A.csv",REC_1063D03FFD29,none,no,yes
MEA_DE146E58D4BC,SFC_96D86F3732DF,SRC001,LIQ_1BD1B94C09,62.0,capillary_rise_derived,Packed-bed capillary-rise method; liquid-rise height versus time converted with the Washburn equation; n-hexane used to determine effective capillary radius.,,,,,,,,,A,no,,,,,,"Table 2, row 'As-prepared diamond powder', liquid column 'formamide'; re-extracted for v4.3 from records_A.csv",REC_71AEDCAA35B2,none,no,yes
MEA_811D72FA48E6,SFC_96D86F3732DF,SRC001,LIQ_0F4168490E,75.0,capillary_rise_derived,Packed-bed capillary-rise method; liquid-rise height versus time converted with the Washburn equation; n-hexane used to determine effective capillary radius.,,,,,,,,,A,no,,,,,,"Table 2, row 'As-prepared diamond powder', liquid column 'water'; re-extracted for v4.3 from records_A.csv",REC_2CBB1DD7035C,none,no,yes
MEA_8BC41BE1F860,SFC_7988EDE2E950,SRC001,LIQ_06B74E7F53,38.0,capillary_rise_derived,Packed-bed capillary-rise method; liquid-rise height versus time converted with the Washburn equation; n-hexane used to determine effective capillary radius.,,,,,,,,,A,no,,,,,,"Table 2, row 'UV-illuminated diamond powder', liquid column '1-bromonaphthalene'; re-extracted for v4.3 from records_A.csv",REC_B3607A5DD9B0,none,no,yes
MEA_C4EE01FC9114,SFC_7988EDE2E950,SRC001,LIQ_53310FAFB3,54.0,capillary_rise_derived,Packed-bed capillary-rise method; liquid-rise height versus time converted with the Washburn equation; n-hexane used to determine effective capillary radius.,,,,,,,,,A,no,,,,,,"Table 2, row 'UV-illuminated diamond powder', liquid column 'ethylene glycol'; re-extracted for v4.3 from records_A.csv",REC_C05C84320F50,none,no,yes
MEA_0FCBA2ADD4F0,SFC_7988EDE2E950,SRC001,LIQ_6656B41AB7,69.0,capillary_rise_derived,Packed-bed capillary-rise method; liquid-rise height versus time converted with the Washburn equation; n-hexane used to determine effective capillary radius.,,,,,,,,,A,no,,,,,,"Table 2, row 'UV-illuminated diamond powder', liquid column 'diiodomethane'; re-extracted for v4.3 from records_A.csv",REC_CD632258245F,none,no,yes
MEA_E99ED2021865,SFC_7988EDE2E950,SRC001,LIQ_1BD1B94C09,52.0,capillary_rise_derived,Packed-bed capillary-rise method; liquid-rise height versus time converted with the Washburn equation; n-hexane used to determine effective capillary radius.,,,,,,,,,A,no,,,,,,"Table 2, row 'UV-illuminated diamond powder', liquid column 'formamide'; re-extracted for v4.3 from records_A.csv",REC_3A20AA992E55,none,no,yes
MEA_E9F11B395205,SFC_7988EDE2E950,SRC001,LIQ_0F4168490E,70.0,capillary_rise_derived,Packed-bed capillary-rise method; liquid-rise height versus time converted with the Washburn equation; n-hexane used to determine effective capillary radius.,,,,,,,,,A,no,,,,,,"Table 2, row 'UV-illuminated diamond powder', liquid column 'water'; re-extracted for v4.3 from records_A.csv",REC_ECA6E657921F,none,no,yes
MEA_41BDD8B64CA2,SFC_A3534C38D4B9,SRC001,LIQ_06B74E7F53,35.0,capillary_rise_derived,Packed-bed capillary-rise method; liquid-rise height versus time converted with the Washburn equation; n-hexane used to determine effective capillary radius.,,,,,,,,,A,no,,,,,,"Table 2, row 'E-beam-irradiated diamond powder', liquid column '1-bromonaphthalene'; re-extracted for v4.3 from records_A.csv",REC_79BCEF5ED722,none,no,yes
MEA_78F94B993AC8,SFC_A3534C38D4B9,SRC001,LIQ_53310FAFB3,70.0,capillary_rise_derived,Packed-bed capillary-rise method; liquid-rise height versus time converted with the Washburn equation; n-hexane used to determine effective capillary radius.,,,,,,,,,A,no,,,,,,"Table 2, row 'E-beam-irradiated diamond powder', liquid column 'ethylene glycol'; re-extracted for v4.3 from records_A.csv",REC_D72C3997600A,none,no,yes
MEA_A978848F1D9F,SFC_A3534C38D4B9,SRC001,LIQ_6656B41AB7,80.0,capillary_rise_derived,Packed-bed capillary-rise method; liquid-rise height versus time converted with the Washburn equation; n-hexane used to determine effective capillary radius.,,,,,,,,,A,no,,,,,,"Table 2, row 'E-beam-irradiated diamond powder', liquid column 'diiodomethane'; re-extracted for v4.3 from records_A.csv",REC_BC706840ED0F,none,no,yes
MEA_4021F0E1E76D,SFC_A3534C38D4B9,SRC001,LIQ_1BD1B94C09,80.0,capillary_rise_derived,Packed-bed capillary-rise method; liquid-rise height versus time converted with the Washburn equation; n-hexane used to determine effective capillary radius.,,,,,,,,,A,no,,,,,,"Table 2, row 'E-beam-irradiated diamond powder', liquid column 'formamide'; re-extracted for v4.3 from records_A.csv",REC_CAC2058463C2,none,no,yes
MEA_70EE2B9BF84D,SFC_A3534C38D4B9,SRC001,LIQ_0F4168490E,84.0,capillary_rise_derived,Packed-bed capillary-rise method; liquid-rise height versus time converted with the Washburn equation; n-hexane used to determine effective capillary radius.,,,,,,,,,A,no,,,,,,"Table 2, row 'E-beam-irradiated diamond powder', liquid column 'water'; re-extracted for v4.3 from records_A.csv",REC_6B25D54CA944,none,no,yes
MEA_1FD0F884EAE7,SFC_D5092F34D983,SRC001,LIQ_06B74E7F53,9.0,capillary_rise_derived,Packed-bed capillary-rise method; liquid-rise height versus time converted with the Washburn equation; n-hexane used to determine effective capillary radius.,,,,,,,,,A,no,,,,,,"Table 3, row 'As-prepared ZnO nanomaterial', liquid column '1-bromonaphthalene'; re-extracted for v4.3 from records_A.csv",REC_E01AA07F1BE7,none,no,yes
MEA_044E1720AE6B,SFC_D5092F34D983,SRC001,LIQ_53310FAFB3,63.0,capillary_rise_derived,Packed-bed capillary-rise method; liquid-rise height versus time converted with the Washburn equation; n-hexane used to determine effective capillary radius.,,,,,,,,,A,no,,,,,,"Table 3, row 'As-prepared ZnO nanomaterial', liquid column 'ethylene glycol'; re-extracted for v4.3 from records_A.csv",REC_F12803C6C7F3,none,no,yes
MEA_7526876D67B5,SFC_D5092F34D983,SRC001,LIQ_6656B41AB7,66.0,capillary_rise_derived,Packed-bed capillary-rise method; liquid-rise height versus time converted with the Washburn equation; n-hexane used to determine effective capillary radius.,,,,,,,,,A,no,,,,,,"Table 3, row 'As-prepared ZnO nanomaterial', liquid column 'diiodomethane'; re-extracted for v4.3 from records_A.csv",REC_C7CA8DBBE403,none,no,yes
MEA_D4EE6BBDEC82,SFC_D5092F34D983,SRC001,LIQ_1BD1B94C09,52.0,capillary_rise_derived,Packed-bed capillary-rise method; liquid-rise height versus time converted with the Washburn equation; n-hexane used to determine effective capillary radius.,,,,,,,,,A,no,,,,,,"Table 3, row 'As-prepared ZnO nanomaterial', liquid column 'formamide'; re-extracted for v4.3 from records_A.csv",REC_FFCB07DC115D,none,no,yes
MEA_6744B4E9FEFA,SFC_D5092F34D983,SRC001,LIQ_0F4168490E,60.0,capillary_rise_derived,Packed-bed capillary-rise method; liquid-rise height versus time converted with the Washburn equation; n-hexane used to determine effective capillary radius.,,,,,,,,,A,no,,,,,,"Table 3, row 'As-prepared ZnO nanomaterial', liquid column 'water'; re-extracted for v4.3 from records_A.csv",REC_A37D45EF4078,none,no,yes
MEA_F437690D1E4A,SFC_7C5DE420C3BC,SRC001,LIQ_06B74E7F53,8.0,capillary_rise_derived,Packed-bed capillary-rise method; liquid-rise height versus time converted with the Washburn equation; n-hexane used to determine effective capillary radius.,,,,,,,,,A,no,,,,,,"Table 3, row 'UV-illuminated ZnO nanomaterial', liquid column '1-bromonaphthalene'; re-extracted for v4.3 from records_A.csv",REC_E40A06126583,none,no,yes
MEA_D4BE013D295D,SFC_7C5DE420C3BC,SRC001,LIQ_53310FAFB3,14.0,capillary_rise_derived,Packed-bed capillary-rise method; liquid-rise height versus time converted with the Washburn equation; n-hexane used to determine effective capillary radius.,,,,,,,,,A,no,,,,,,"Table 3, row 'UV-illuminated ZnO nanomaterial', liquid column 'ethylene glycol'; re-extracted for v4.3 from records_A.csv",REC_FA0F03480EAF,none,no,yes
MEA_639B1567FD43,SFC_7C5DE420C3BC,SRC001,LIQ_6656B41AB7,64.0,capillary_rise_derived,Packed-bed capillary-rise method; liquid-rise height versus time converted with the Washburn equation; n-hexane used to determine effective capillary radius.,,,,,,,,,A,no,,,,,,"Table 3, row 'UV-illuminated ZnO nanomaterial', liquid column 'diiodomethane'; re-extracted for v4.3 from records_A.csv",REC_E35DE00DF2F7,none,no,yes
MEA_DBFDF5BA896B,SFC_7C5DE420C3BC,SRC001,LIQ_1BD1B94C09,20.0,capillary_rise_derived,Packed-bed capillary-rise method; liquid-rise height versus time converted with the Washburn equation; n-hexane used to determine effective capillary radius.,,,,,,,,,A,no,,,,,,"Table 3, row 'UV-illuminated ZnO nanomaterial', liquid column 'formamide'; re-extracted for v4.3 from records_A.csv",REC_F98E60FAC76C,none,no,yes
MEA_3406298196F8,SFC_7C5DE420C3BC,SRC001,LIQ_0F4168490E,3.0,capillary_rise_derived,Packed-bed capillary-rise method; liquid-rise height versus time converted with the Washburn equation; n-hexane used to determine effective capillary radius.,,,,,,,,,A,no,,,,,,"Table 3, row 'UV-illuminated ZnO nanomaterial', liquid column 'water'; re-extracted for v4.3 from records_A.csv",REC_FDF2D56C8B9A,none,no,yes
MEA_F90CF43C7393,SFC_CB09228EB13A,SRC001,LIQ_06B74E7F53,8.0,capillary_rise_derived,Packed-bed capillary-rise method; liquid-rise height versus time converted with the Washburn equation; n-hexane used to determine effective capillary radius.,,,,,,,,,A,no,,,,,,"Table 3, row 'E-beam-irradiated ZnO nanomaterial', liquid column '1-bromonaphthalene'; re-extracted for v4.3 from records_A.csv",REC_E06E1B65A682,none,no,yes
MEA_9339C919B8A8,SFC_CB09228EB13A,SRC001,LIQ_53310FAFB3,72.0,capillary_rise_derived,Packed-bed capillary-rise method; liquid-rise height versus time converted with the Washburn equation; n-hexane used to determine effective capillary radius.,,,,,,,,,A,no,,,,,,"Table 3, row 'E-beam-irradiated ZnO nanomaterial', liquid column 'ethylene glycol'; re-extracted for v4.3 from records_A.csv",REC_E28E6D610108,none,no,yes
MEA_3C7AB0EF30AF,SFC_CB09228EB13A,SRC001,LIQ_6656B41AB7,70.0,capillary_rise_derived,Packed-bed capillary-rise method; liquid-rise height versus time converted with the Washburn equation; n-hexane used to determine effective capillary radius.,,,,,,,,,A,no,,,,,,"Table 3, row 'E-beam-irradiated ZnO nanomaterial', liquid column 'diiodomethane'; re-extracted for v4.3 from records_A.csv",REC_33D0BBEECFEA,none,no,yes
MEA_CB62D87C55FB,SFC_CB09228EB13A,SRC001,LIQ_1BD1B94C09,73.0,capillary_rise_derived,Packed-bed capillary-rise method; liquid-rise height versus time converted with the Washburn equation; n-hexane used to determine effective capillary radius.,,,,,,,,,A,no,,,,,,"Table 3, row 'E-beam-irradiated ZnO nanomaterial', liquid column 'formamide'; re-extracted for v4.3 from records_A.csv",REC_16296E8E545B,none,no,yes
MEA_EFD27B6C63BC,SFC_CB09228EB13A,SRC001,LIQ_0F4168490E,85.0,capillary_rise_derived,Packed-bed capillary-rise method; liquid-rise height versus time converted with the Washburn equation; n-hexane used to determine effective capillary radius.,,,,,,,,,A,no,,,,,,"Table 3, row 'E-beam-irradiated ZnO nanomaterial', liquid column 'water'; re-extracted for v4.3 from records_A.csv",REC_947E5E183F1E,none,no,yes
MEA_4C33A32162FE,SFC_D6FC0757F82D,SRC004,LIQ_0F4168490E,103.0,advancing,"Rame-Hart M500 advanced goniometer; sintered pellets polished to a mirror finish down to 0.03 um alumina, solvent/water cleaned, and vacuum-desiccated.",,,,,,,,,A,no,,,,,,"Supplementary Table S2, row 'Sintered CeO2', water theta_adv column; re-extracted for v4.3 from records_A.csv",REC_616F9D2830CE,none,no,yes
MEA_D8DC3F6A86B4,SFC_D6FC0757F82D,SRC004,LIQ_53310FAFB3,78.0,advancing,"Rame-Hart M500 advanced goniometer; sintered pellets polished to a mirror finish down to 0.03 um alumina, solvent/water cleaned, and vacuum-desiccated.",,,,,,,,,A,no,,,,,,"Supplementary Table S2, row 'Sintered CeO2', ethylene glycol theta_adv column; re-extracted for v4.3 from records_A.csv",REC_28BCE99CEEA8,none,no,yes
MEA_6C8B99E4D60E,SFC_D6FC0757F82D,SRC004,LIQ_6656B41AB7,55.0,advancing,"Rame-Hart M500 advanced goniometer; sintered pellets polished to a mirror finish down to 0.03 um alumina, solvent/water cleaned, and vacuum-desiccated.",,,,,,,,,A,no,,,,,,"Supplementary Table S2, row 'Sintered CeO2', diiodomethane theta_adv column; re-extracted for v4.3 from records_A.csv",REC_8788F64E04F1,none,no,yes
MEA_E09909FA72FA,SFC_B3A450C96FFB,SRC004,LIQ_0F4168490E,102.0,advancing,"Rame-Hart M500 advanced goniometer; sintered pellets polished to a mirror finish down to 0.03 um alumina, solvent/water cleaned, and vacuum-desiccated.",,,,,,,,,A,no,,,,,,"Supplementary Table S2, row 'Sintered Pr6O11', water theta_adv column; re-extracted for v4.3 from records_A.csv",REC_1255B952ED4A,none,no,yes
MEA_3D0EAE6570F7,SFC_B3A450C96FFB,SRC004,LIQ_53310FAFB3,80.0,advancing,"Rame-Hart M500 advanced goniometer; sintered pellets polished to a mirror finish down to 0.03 um alumina, solvent/water cleaned, and vacuum-desiccated.",,,,,,,,,A,no,,,,,,"Supplementary Table S2, row 'Sintered Pr6O11', ethylene glycol theta_adv column; re-extracted for v4.3 from records_A.csv",REC_1C279CE5A88F,none,no,yes
MEA_90054ACCAB23,SFC_B3A450C96FFB,SRC004,LIQ_6656B41AB7,64.0,advancing,"Rame-Hart M500 advanced goniometer; sintered pellets polished to a mirror finish down to 0.03 um alumina, solvent/water cleaned, and vacuum-desiccated.",,,,,,,,,A,no,,,,,,"Supplementary Table S2, row 'Sintered Pr6O11', diiodomethane theta_adv column; re-extracted for v4.3 from records_A.csv",REC_C4730A142B72,none,no,yes
MEA_24CCCEA82F3F,SFC_DE76E6500249,SRC004,LIQ_0F4168490E,101.0,advancing,"Rame-Hart M500 advanced goniometer; sintered pellets polished to a mirror finish down to 0.03 um alumina, solvent/water cleaned, and vacuum-desiccated.",,,,,,,,,A,no,,,,,,"Supplementary Table S2, row 'Sintered Nd2O3', water theta_adv column; re-extracted for v4.3 from records_A.csv",REC_E1BA0DAF68A1,none,no,yes
MEA_8D40CC53862D,SFC_DE76E6500249,SRC004,LIQ_53310FAFB3,76.0,advancing,"Rame-Hart M500 advanced goniometer; sintered pellets polished to a mirror finish down to 0.03 um alumina, solvent/water cleaned, and vacuum-desiccated.",,,,,,,,,A,no,,,,,,"Supplementary Table S2, row 'Sintered Nd2O3', ethylene glycol theta_adv column; re-extracted for v4.3 from records_A.csv",REC_8D637590C72B,none,no,yes
MEA_C61A0E1D5E09,SFC_DE76E6500249,SRC004,LIQ_6656B41AB7,58.0,advancing,"Rame-Hart M500 advanced goniometer; sintered pellets polished to a mirror finish down to 0.03 um alumina, solvent/water cleaned, and vacuum-desiccated.",,,,,,,,,A,no,,,,,,"Supplementary Table S2, row 'Sintered Nd2O3', diiodomethane theta_adv column; re-extracted for v4.3 from records_A.csv",REC_1B1FB3AC87FB,none,no,yes
MEA_805E8D357324,SFC_30582CAA2D88,SRC004,LIQ_0F4168490E,107.0,advancing,"Rame-Hart M500 advanced goniometer; sintered pellets polished to a mirror finish down to 0.03 um alumina, solvent/water cleaned, and vacuum-desiccated.",,,,,,,,,A,no,,,,,,"Supplementary Table S2, row 'Sintered Sm2O3', water theta_adv column; re-extracted for v4.3 from records_A.csv",REC_0E2915C328B1,none,no,yes
MEA_B35A3EA362DB,SFC_30582CAA2D88,SRC004,LIQ_53310FAFB3,84.0,advancing,"Rame-Hart M500 advanced goniometer; sintered pellets polished to a mirror finish down to 0.03 um alumina, solvent/water cleaned, and vacuum-desiccated.",,,,,,,,,A,no,,,,,,"Supplementary Table S2, row 'Sintered Sm2O3', ethylene glycol theta_adv column; re-extracted for v4.3 from records_A.csv",REC_90EA6B4E32E5,none,no,yes
MEA_F2D78402AA4F,SFC_30582CAA2D88,SRC004,LIQ_6656B41AB7,58.0,advancing,"Rame-Hart M500 advanced goniometer; sintered pellets polished to a mirror finish down to 0.03 um alumina, solvent/water cleaned, and vacuum-desiccated.",,,,,,,,,A,no,,,,,,"Supplementary Table S2, row 'Sintered Sm2O3', diiodomethane theta_adv column; re-extracted for v4.3 from records_A.csv",REC_5CD93495A4CB,none,no,yes
MEA_57A5A3E826DA,SFC_6B2C1FFAAC51,SRC004,LIQ_0F4168490E,104.0,advancing,"Rame-Hart M500 advanced goniometer; sintered pellets polished to a mirror finish down to 0.03 um alumina, solvent/water cleaned, and vacuum-desiccated.",,,,,,,,,A,no,,,,,,"Supplementary Table S2, row 'Sintered Eu2O3', water theta_adv column; re-extracted for v4.3 from records_A.csv",REC_95A77EF838FB,none,no,yes
MEA_46B27844C6F8,SFC_6B2C1FFAAC51,SRC004,LIQ_53310FAFB3,78.0,advancing,"Rame-Hart M500 advanced goniometer; sintered pellets polished to a mirror finish down to 0.03 um alumina, solvent/water cleaned, and vacuum-desiccated.",,,,,,,,,A,no,,,,,,"Supplementary Table S2, row 'Sintered Eu2O3', ethylene glycol theta_adv column; re-extracted for v4.3 from records_A.csv",REC_E0A2EB20E5E1,none,no,yes
MEA_A48F5EC257BB,SFC_6B2C1FFAAC51,SRC004,LIQ_6656B41AB7,55.0,advancing,"Rame-Hart M500 advanced goniometer; sintered pellets polished to a mirror finish down to 0.03 um alumina, solvent/water cleaned, and vacuum-desiccated.",,,,,,,,,A,no,,,,,,"Supplementary Table S2, row 'Sintered Eu2O3', diiodomethane theta_adv column; re-extracted for v4.3 from records_A.csv",REC_0F435FF66B87,none,no,yes
MEA_01E5361E3133,SFC_048F8DA4C434,SRC004,LIQ_0F4168490E,109.0,advancing,"Rame-Hart M500 advanced goniometer; sintered pellets polished to a mirror finish down to 0.03 um alumina, solvent/water cleaned, and vacuum-desiccated.",,,,,,,,,A,no,,,,,,"Supplementary Table S2, row 'Sintered Gd2O3', water theta_adv column; re-extracted for v4.3 from records_A.csv",REC_8021D3BDB434,none,no,yes
MEA_0C7B44B11C3C,SFC_048F8DA4C434,SRC004,LIQ_53310FAFB3,85.0,advancing,"Rame-Hart M500 advanced goniometer; sintered pellets polished to a mirror finish down to 0.03 um alumina, solvent/water cleaned, and vacuum-desiccated.",,,,,,,,,A,no,,,,,,"Supplementary Table S2, row 'Sintered Gd2O3', ethylene glycol theta_adv column; re-extracted for v4.3 from records_A.csv",REC_B68230783D5A,none,no,yes
MEA_F123652B3AE9,SFC_048F8DA4C434,SRC004,LIQ_6656B41AB7,67.0,advancing,"Rame-Hart M500 advanced goniometer; sintered pellets polished to a mirror finish down to 0.03 um alumina, solvent/water cleaned, and vacuum-desiccated.",,,,,,,,,A,no,,,,,,"Supplementary Table S2, row 'Sintered Gd2O3', diiodomethane theta_adv column; re-extracted for v4.3 from records_A.csv",REC_F847405322BF,none,no,yes
MEA_61083FF63BA1,SFC_97C64E1FE93A,SRC004,LIQ_0F4168490E,107.0,advancing,"Rame-Hart M500 advanced goniometer; sintered pellets polished to a mirror finish down to 0.03 um alumina, solvent/water cleaned, and vacuum-desiccated.",,,,,,,,,A,no,,,,,,"Supplementary Table S2, row 'Sintered Tb7O12', water theta_adv column; re-extracted for v4.3 from records_A.csv",REC_D69CDBA004AC,none,no,yes
MEA_2E1067970F7D,SFC_97C64E1FE93A,SRC004,LIQ_53310FAFB3,69.0,advancing,"Rame-Hart M500 advanced goniometer; sintered pellets polished to a mirror finish down to 0.03 um alumina, solvent/water cleaned, and vacuum-desiccated.",,,,,,,,,A,no,,,,,,"Supplementary Table S2, row 'Sintered Tb7O12', ethylene glycol theta_adv column; re-extracted for v4.3 from records_A.csv",REC_BAD699563EED,none,no,yes
MEA_2B3D260B0BE1,SFC_97C64E1FE93A,SRC004,LIQ_6656B41AB7,45.0,advancing,"Rame-Hart M500 advanced goniometer; sintered pellets polished to a mirror finish down to 0.03 um alumina, solvent/water cleaned, and vacuum-desiccated.",,,,,,,,,A,no,,,,,,"Supplementary Table S2, row 'Sintered Tb7O12', diiodomethane theta_adv column; re-extracted for v4.3 from records_A.csv",REC_9629C08A6F50,none,no,yes
MEA_0A824356BA0E,SFC_B14CBA5EEC9C,SRC004,LIQ_0F4168490E,105.0,advancing,"Rame-Hart M500 advanced goniometer; sintered pellets polished to a mirror finish down to 0.03 um alumina, solvent/water cleaned, and vacuum-desiccated.",,,,,,,,,A,no,,,,,,"Supplementary Table S2, row 'Sintered Dy2O3', water theta_adv column; re-extracted for v4.3 from records_A.csv",REC_31C5D5CED204,none,no,yes
MEA_DC6B84304002,SFC_B14CBA5EEC9C,SRC004,LIQ_53310FAFB3,77.0,advancing,"Rame-Hart M500 advanced goniometer; sintered pellets polished to a mirror finish down to 0.03 um alumina, solvent/water cleaned, and vacuum-desiccated.",,,,,,,,,A,no,,,,,,"Supplementary Table S2, row 'Sintered Dy2O3', ethylene glycol theta_adv column; re-extracted for v4.3 from records_A.csv",REC_3026F2B73D7E,none,no,yes
MEA_261C744D4654,SFC_B14CBA5EEC9C,SRC004,LIQ_6656B41AB7,55.0,advancing,"Rame-Hart M500 advanced goniometer; sintered pellets polished to a mirror finish down to 0.03 um alumina, solvent/water cleaned, and vacuum-desiccated.",,,,,,,,,A,no,,,,,,"Supplementary Table S2, row 'Sintered Dy2O3', diiodomethane theta_adv column; re-extracted for v4.3 from records_A.csv",REC_6291F47113A0,none,no,yes
MEA_F20173EDD9C0,SFC_EE6E9B0961BD,SRC004,LIQ_0F4168490E,115.0,advancing,"Rame-Hart M500 advanced goniometer; sintered pellets polished to a mirror finish down to 0.03 um alumina, solvent/water cleaned, and vacuum-desiccated.",,,,,,,,,A,no,,,,,,"Supplementary Table S2, row 'Sintered Ho2O3', water theta_adv column; re-extracted for v4.3 from records_A.csv",REC_ABC65E7967FA,none,no,yes
MEA_4037579075BA,SFC_EE6E9B0961BD,SRC004,LIQ_53310FAFB3,88.0,advancing,"Rame-Hart M500 advanced goniometer; sintered pellets polished to a mirror finish down to 0.03 um alumina, solvent/water cleaned, and vacuum-desiccated.",,,,,,,,,A,no,,,,,,"Supplementary Table S2, row 'Sintered Ho2O3', ethylene glycol theta_adv column; re-extracted for v4.3 from records_A.csv",REC_A5FFBF16AFD6,none,no,yes
MEA_8F1B0326CAD2,SFC_EE6E9B0961BD,SRC004,LIQ_6656B41AB7,60.0,advancing,"Rame-Hart M500 advanced goniometer; sintered pellets polished to a mirror finish down to 0.03 um alumina, solvent/water cleaned, and vacuum-desiccated.",,,,,,,,,A,no,,,,,,"Supplementary Table S2, row 'Sintered Ho2O3', diiodomethane theta_adv column; re-extracted for v4.3 from records_A.csv",REC_6AAE420C6622,none,no,yes
MEA_8BF3A24B2662,SFC_3EDFEEF1E888,SRC004,LIQ_0F4168490E,108.0,advancing,"Rame-Hart M500 advanced goniometer; sintered pellets polished to a mirror finish down to 0.03 um alumina, solvent/water cleaned, and vacuum-desiccated.",,,,,,,,,A,no,,,,,,"Supplementary Table S2, row 'Sintered Er2O3', water theta_adv column; re-extracted for v4.3 from records_A.csv",REC_A610BA11376C,none,no,yes
MEA_9B544A31FCB5,SFC_3EDFEEF1E888,SRC004,LIQ_53310FAFB3,82.0,advancing,"Rame-Hart M500 advanced goniometer; sintered pellets polished to a mirror finish down to 0.03 um alumina, solvent/water cleaned, and vacuum-desiccated.",,,,,,,,,A,no,,,,,,"Supplementary Table S2, row 'Sintered Er2O3', ethylene glycol theta_adv column; re-extracted for v4.3 from records_A.csv",REC_4F83657E9936,none,no,yes
MEA_EF1FE5336CE1,SFC_3EDFEEF1E888,SRC004,LIQ_6656B41AB7,58.0,advancing,"Rame-Hart M500 advanced goniometer; sintered pellets polished to a mirror finish down to 0.03 um alumina, solvent/water cleaned, and vacuum-desiccated.",,,,,,,,,A,no,,,,,,"Supplementary Table S2, row 'Sintered Er2O3', diiodomethane theta_adv column; re-extracted for v4.3 from records_A.csv",REC_C1F2C1E8CB68,none,no,yes
MEA_8B04D2C9432F,SFC_5AF649ABE598,SRC004,LIQ_0F4168490E,112.0,advancing,"Rame-Hart M500 advanced goniometer; sintered pellets polished to a mirror finish down to 0.03 um alumina, solvent/water cleaned, and vacuum-desiccated.",,,,,,,,,A,no,,,,,,"Supplementary Table S2, row 'Sintered Tm2O3', water theta_adv column; re-extracted for v4.3 from records_A.csv",REC_953A8C3A3F16,none,no,yes
MEA_87DDFBC92431,SFC_5AF649ABE598,SRC004,LIQ_53310FAFB3,87.0,advancing,"Rame-Hart M500 advanced goniometer; sintered pellets polished to a mirror finish down to 0.03 um alumina, solvent/water cleaned, and vacuum-desiccated.",,,,,,,,,A,no,,,,,,"Supplementary Table S2, row 'Sintered Tm2O3', ethylene glycol theta_adv column; re-extracted for v4.3 from records_A.csv",REC_84DBA1799CD9,none,no,yes
MEA_6EDB6F2A3EFD,SFC_5AF649ABE598,SRC004,LIQ_6656B41AB7,60.0,advancing,"Rame-Hart M500 advanced goniometer; sintered pellets polished to a mirror finish down to 0.03 um alumina, solvent/water cleaned, and vacuum-desiccated.",,,,,,,,,A,no,,,,,,"Supplementary Table S2, row 'Sintered Tm2O3', diiodomethane theta_adv column; re-extracted for v4.3 from records_A.csv",REC_B2898473D913,none,no,yes
MEA_AB5BD1D2BA5D,SFC_49824CF36E40,SRC004,LIQ_0F4168490E,100.0,advancing,"Rame-Hart M500 advanced goniometer; sintered pellets polished to a mirror finish down to 0.03 um alumina, solvent/water cleaned, and vacuum-desiccated.",,,,,,,,,A,no,,,,,,"Supplementary Table S2, row 'Sintered Yb2O3', water theta_adv column; re-extracted for v4.3 from records_A.csv",REC_6A4550CF1208,none,no,yes
MEA_596B409A7C5E,SFC_49824CF36E40,SRC004,LIQ_53310FAFB3,73.0,advancing,"Rame-Hart M500 advanced goniometer; sintered pellets polished to a mirror finish down to 0.03 um alumina, solvent/water cleaned, and vacuum-desiccated.",,,,,,,,,A,no,,,,,,"Supplementary Table S2, row 'Sintered Yb2O3', ethylene glycol theta_adv column; re-extracted for v4.3 from records_A.csv",REC_BAC10F9DCF31,none,no,yes
MEA_A12926F69353,SFC_49824CF36E40,SRC004,LIQ_6656B41AB7,56.0,advancing,"Rame-Hart M500 advanced goniometer; sintered pellets polished to a mirror finish down to 0.03 um alumina, solvent/water cleaned, and vacuum-desiccated.",,,,,,,,,A,no,,,,,,"Supplementary Table S2, row 'Sintered Yb2O3', diiodomethane theta_adv column; re-extracted for v4.3 from records_A.csv",REC_3488B7817AD1,none,no,yes
MEA_EB7B903AE81E,SFC_5AED3C744401,SRC004,LIQ_0F4168490E,98.0,advancing,"Rame-Hart M500 advanced goniometer; sintered pellets polished to a mirror finish down to 0.03 um alumina, solvent/water cleaned, and vacuum-desiccated.",,,,,,,,,A,no,,,,,,"Supplementary Table S2, row 'Sintered Lu2O3', water theta_adv column; re-extracted for v4.3 from records_A.csv",REC_1D905101A054,none,no,yes
MEA_E64552D407A9,SFC_5AED3C744401,SRC004,LIQ_53310FAFB3,79.0,advancing,"Rame-Hart M500 advanced goniometer; sintered pellets polished to a mirror finish down to 0.03 um alumina, solvent/water cleaned, and vacuum-desiccated.",,,,,,,,,A,no,,,,,,"Supplementary Table S2, row 'Sintered Lu2O3', ethylene glycol theta_adv column; re-extracted for v4.3 from records_A.csv",REC_AF611A5A0F3E,none,no,yes
MEA_1B72ECBF6D8F,SFC_5AED3C744401,SRC004,LIQ_6656B41AB7,55.0,advancing,"Rame-Hart M500 advanced goniometer; sintered pellets polished to a mirror finish down to 0.03 um alumina, solvent/water cleaned, and vacuum-desiccated.",,,,,,,,,A,no,,,,,,"Supplementary Table S2, row 'Sintered Lu2O3', diiodomethane theta_adv column; re-extracted for v4.3 from records_A.csv",REC_1B27A24F9605,none,no,yes
MEA_4B217F653B8C,SFC_F08CE41D3B56,SRC004,LIQ_0F4168490E,109.0,advancing,"Rame-Hart M500 advanced goniometer; sintered pellets polished to a mirror finish down to 0.03 um alumina, solvent/water cleaned, and vacuum-desiccated.",,,,,,,,,A,no,,,,,,"Supplementary Table S2, row 'CeO2 sputtered on smooth silicon', water theta_adv column; re-extracted for v4.3 from records_A.csv",REC_54C745B461B5,none,no,yes
MEA_5A7527E5A57C,SFC_F08CE41D3B56,SRC004,LIQ_53310FAFB3,80.0,advancing,"Rame-Hart M500 advanced goniometer; sintered pellets polished to a mirror finish down to 0.03 um alumina, solvent/water cleaned, and vacuum-desiccated.",,,,,,,,,A,no,,,,,,"Supplementary Table S2, row 'CeO2 sputtered on smooth silicon', ethylene glycol theta_adv column; re-extracted for v4.3 from records_A.csv",REC_6BF6678E2EF0,none,no,yes
MEA_D3DD0856C805,SFC_F08CE41D3B56,SRC004,LIQ_6656B41AB7,63.0,advancing,"Rame-Hart M500 advanced goniometer; sintered pellets polished to a mirror finish down to 0.03 um alumina, solvent/water cleaned, and vacuum-desiccated.",,,,,,,,,A,no,,,,,,"Supplementary Table S2, row 'CeO2 sputtered on smooth silicon', diiodomethane theta_adv column; re-extracted for v4.3 from records_A.csv",REC_E8E54DDA5122,none,no,yes
MEA_EE33190327F4,SFC_D31ACCAB15C3,SRC004,LIQ_0F4168490E,110.0,advancing,"Rame-Hart M500 advanced goniometer; sintered pellets polished to a mirror finish down to 0.03 um alumina, solvent/water cleaned, and vacuum-desiccated.",,,,,,,,,A,no,,,,,,"Supplementary Table S2, row 'Er2O3 sputtered on smooth silicon', water theta_adv column; re-extracted for v4.3 from records_A.csv",REC_068AC3842617,none,no,yes
MEA_8064FACE4AE6,SFC_D31ACCAB15C3,SRC004,LIQ_53310FAFB3,81.0,advancing,"Rame-Hart M500 advanced goniometer; sintered pellets polished to a mirror finish down to 0.03 um alumina, solvent/water cleaned, and vacuum-desiccated.",,,,,,,,,A,no,,,,,,"Supplementary Table S2, row 'Er2O3 sputtered on smooth silicon', ethylene glycol theta_adv column; re-extracted for v4.3 from records_A.csv",REC_49B4DB03B333,none,no,yes
MEA_7D7331494A49,SFC_D31ACCAB15C3,SRC004,LIQ_6656B41AB7,65.0,advancing,"Rame-Hart M500 advanced goniometer; sintered pellets polished to a mirror finish down to 0.03 um alumina, solvent/water cleaned, and vacuum-desiccated.",,,,,,,,,A,no,,,,,,"Supplementary Table S2, row 'Er2O3 sputtered on smooth silicon', diiodomethane theta_adv column; re-extracted for v4.3 from records_A.csv",REC_F1640A076775,none,no,yes
MEA_A3DB5DA10EFE,SFC_EC8F580B7830,SRC012,LIQ_6656B41AB7,101.1,static,OCA 20 contact-angle system; sessile-drop measurement in air; reported values are means from three positions on each sample.,,,,5.0,3.0,,,,A,no,,,,,,"Main-text Table 1, row 'diiodomethane', flat surface CA column; re-extracted for v4.3 from records_A.csv",REC_A90C767274BD,none,no,yes
MEA_46540AE73DFD,SFC_DD6EFD722DF2,SRC012,LIQ_6656B41AB7,161.1,static,OCA 20 contact-angle system; sessile-drop measurement in air; reported values are means from three positions on each sample.,,,,5.0,3.0,,,,A,no,,,,,,"Main-text Table 1, row 'diiodomethane', coated surface CA column; re-extracted for v4.3 from records_A.csv",REC_1452FDDD0065,none,no,yes
MEA_1D9A8BA30626,SFC_EC8F580B7830,SRC012,LIQ_53310FAFB3,93.2,static,OCA 20 contact-angle system; sessile-drop measurement in air; reported values are means from three positions on each sample.,,,,5.0,3.0,,,,A,no,,,,,,"Main-text Table 1, row 'ethylene glycol', flat surface CA column; re-extracted for v4.3 from records_A.csv",REC_C86638FE3C0A,none,no,yes
MEA_FFE28F6E58D2,SFC_DD6EFD722DF2,SRC012,LIQ_53310FAFB3,159.4,static,OCA 20 contact-angle system; sessile-drop measurement in air; reported values are means from three positions on each sample.,,,,5.0,3.0,,,,A,no,,,,,,"Main-text Table 1, row 'ethylene glycol', coated surface CA column; re-extracted for v4.3 from records_A.csv",REC_49E6EBF046EB,none,no,yes
MEA_545CE42BA5FF,SFC_EC8F580B7830,SRC012,LIQ_B6950B5CB8,71.8,static,OCA 20 contact-angle system; sessile-drop measurement in air; reported values are means from three positions on each sample.,,,,5.0,3.0,,,,A,no,,,,,,"Main-text Table 1, row 'hexadecane', flat surface CA column; re-extracted for v4.3 from records_A.csv",REC_BEF28DA29EBB,none,no,yes
MEA_19FD99EC69A3,SFC_DD6EFD722DF2,SRC012,LIQ_B6950B5CB8,128.6,static,OCA 20 contact-angle system; sessile-drop measurement in air; reported values are means from three positions on each sample.,,,,5.0,3.0,,,,A,no,,,,,,"Main-text Table 1, row 'hexadecane', coated surface CA column; re-extracted for v4.3 from records_A.csv",REC_2A6DFA75A0D6,none,no,yes
MEA_045592B68FF5,SFC_27CC011F7F38,SRC014,LIQ_1BD1B94C09,50.7,sessile_drop_on_dried_film,"DropMaster 700 (Kyowa Interface Science), 20 C; sessile drop on dried polymer film formed on glass.",,,,,28.0,1.8,,,A,no,,,,,,"Table 2, row 'CTA(a)', formamide average/SD/n columns; re-extracted for v4.3 from records_A.csv",REC_70B53D6582B7,none,no,yes
MEA_63F27B8C41F7,SFC_27CC011F7F38,SRC014,LIQ_6656B41AB7,29.0,sessile_drop_on_dried_film,"DropMaster 700 (Kyowa Interface Science), 20 C; sessile drop on dried polymer film formed on glass.",,,,,30.0,1.2,,,A,no,,,,,,"Table 2, row 'CTA(a)', diiodomethane average/SD/n columns; re-extracted for v4.3 from records_A.csv",REC_FC9D5730B435,none,no,yes
MEA_98A9A2DEAF8E,SFC_27CC011F7F38,SRC014,LIQ_0F4168490E,61.7,sessile_drop_on_dried_film,"DropMaster 700 (Kyowa Interface Science), 20 C; sessile drop on dried polymer film formed on glass.",,,,,30.0,0.9,,,A,no,,,,,,"Table 2, row 'CTA(a)', water average/SD/n columns; re-extracted for v4.3 from records_A.csv",REC_3355A12F70CF,none,no,yes
MEA_89FB72ABBF3E,SFC_5CF465520919,SRC014,LIQ_1BD1B94C09,61.3,sessile_drop_on_dried_film,"DropMaster 700 (Kyowa Interface Science), 20 C; sessile drop on dried polymer film formed on glass.",,,,,29.0,1.1,,,A,no,,,,,,"Table 2, row 'CTP', formamide average/SD/n columns; re-extracted for v4.3 from records_A.csv",REC_016209709BAC,none,no,yes
MEA_2913D3817FC2,SFC_5CF465520919,SRC014,LIQ_6656B41AB7,35.8,sessile_drop_on_dried_film,"DropMaster 700 (Kyowa Interface Science), 20 C; sessile drop on dried polymer film formed on glass.",,,,,30.0,0.9,,,A,no,,,,,,"Table 2, row 'CTP', diiodomethane average/SD/n columns; re-extracted for v4.3 from records_A.csv",REC_9E33C0A62D63,none,no,yes
MEA_09BB17C80B3C,SFC_5CF465520919,SRC014,LIQ_0F4168490E,70.3,sessile_drop_on_dried_film,"DropMaster 700 (Kyowa Interface Science), 20 C; sessile drop on dried polymer film formed on glass.",,,,,38.0,1.0,,,A,no,,,,,,"Table 2, row 'CTP', water average/SD/n columns; re-extracted for v4.3 from records_A.csv",REC_8FF54601C15E,none,no,yes
MEA_9C6BDDB69C2D,SFC_57CAC88FEA44,SRC014,LIQ_1BD1B94C09,71.2,sessile_drop_on_dried_film,"DropMaster 700 (Kyowa Interface Science), 20 C; sessile drop on dried polymer film formed on glass.",,,,,29.0,0.6,,,A,no,,,,,,"Table 2, row 'CTB', formamide average/SD/n columns; re-extracted for v4.3 from records_A.csv",REC_500FAA3F5744,none,no,yes
MEA_09BF2A8FB17B,SFC_57CAC88FEA44,SRC014,LIQ_6656B41AB7,41.0,sessile_drop_on_dried_film,"DropMaster 700 (Kyowa Interface Science), 20 C; sessile drop on dried polymer film formed on glass.",,,,,30.0,0.6,,,A,no,,,,,,"Table 2, row 'CTB', diiodomethane average/SD/n columns; re-extracted for v4.3 from records_A.csv",REC_2679E2328616,none,no,yes
MEA_95A08DC6925F,SFC_57CAC88FEA44,SRC014,LIQ_0F4168490E,80.2,sessile_drop_on_dried_film,"DropMaster 700 (Kyowa Interface Science), 20 C; sessile drop on dried polymer film formed on glass.",,,,,38.0,0.8,,,A,no,,,,,,"Table 2, row 'CTB', water average/SD/n columns; re-extracted for v4.3 from records_A.csv",REC_557886264DC6,none,no,yes
MEA_D591A8555CEC,SFC_5A3C9776191D,SRC014,LIQ_1BD1B94C09,78.7,sessile_drop_on_dried_film,"DropMaster 700 (Kyowa Interface Science), 20 C; sessile drop on dried polymer film formed on glass.",,,,,30.0,0.8,,,A,no,,,,,,"Table 2, row 'CTV', formamide average/SD/n columns; re-extracted for v4.3 from records_A.csv",REC_A61E409571E7,none,no,yes
MEA_43542EE89962,SFC_5A3C9776191D,SRC014,LIQ_6656B41AB7,45.2,sessile_drop_on_dried_film,"DropMaster 700 (Kyowa Interface Science), 20 C; sessile drop on dried polymer film formed on glass.",,,,,30.0,0.6,,,A,no,,,,,,"Table 2, row 'CTV', diiodomethane average/SD/n columns; re-extracted for v4.3 from records_A.csv",REC_1A10EB7B12F0,none,no,yes
MEA_54207E23981A,SFC_5A3C9776191D,SRC014,LIQ_0F4168490E,86.9,sessile_drop_on_dried_film,"DropMaster 700 (Kyowa Interface Science), 20 C; sessile drop on dried polymer film formed on glass.",,,,,39.0,0.9,,,A,no,,,,,,"Table 2, row 'CTV', water average/SD/n columns; re-extracted for v4.3 from records_A.csv",REC_72D34211B360,none,no,yes
MEA_B3AC27D33C28,SFC_B6F0FD6B29BC,SRC014,LIQ_1BD1B94C09,87.8,sessile_drop_on_dried_film,"DropMaster 700 (Kyowa Interface Science), 20 C; sessile drop on dried polymer film formed on glass.",,,,,10.0,1.1,,,A,no,,,,,,"Table 7, row 'CTL', formamide average/SD/n columns; re-extracted for v4.3 from records_A.csv",REC_9120C0E1FF26,none,no,yes
MEA_E136453008CD,SFC_B6F0FD6B29BC,SRC014,LIQ_6656B41AB7,54.3,sessile_drop_on_dried_film,"DropMaster 700 (Kyowa Interface Science), 20 C; sessile drop on dried polymer film formed on glass.",,,,,10.0,1.0,,,A,no,,,,,,"Table 7, row 'CTL', diiodomethane average/SD/n columns; re-extracted for v4.3 from records_A.csv",REC_82CCBED7C1EA,none,no,yes
MEA_1E547DD6FE81,SFC_B6F0FD6B29BC,SRC014,LIQ_0F4168490E,102.9,sessile_drop_on_dried_film,"DropMaster 700 (Kyowa Interface Science), 20 C; sessile drop on dried polymer film formed on glass.",,,,,10.0,0.4,,,A,no,,,,,,"Table 7, row 'CTL', water average/SD/n columns; re-extracted for v4.3 from records_A.csv",REC_6D42847AAD9B,none,no,yes
MEA_7C2CC6A03287,SFC_6CB60F9F2B48,SRC014,LIQ_1BD1B94C09,84.7,sessile_drop_on_dried_film,"DropMaster 700 (Kyowa Interface Science), 20 C; sessile drop on dried polymer film formed on glass.",,,,,10.0,1.5,,,A,no,,,,,,"Table 7, row 'CLTOD(a)', formamide average/SD/n columns; re-extracted for v4.3 from records_A.csv",REC_78825B4816AC,none,no,yes
MEA_8A798BD9D255,SFC_6CB60F9F2B48,SRC014,LIQ_6656B41AB7,46.0,sessile_drop_on_dried_film,"DropMaster 700 (Kyowa Interface Science), 20 C; sessile drop on dried polymer film formed on glass.",,,,,10.0,1.1,,,A,no,,,,,,"Table 7, row 'CLTOD(a)', diiodomethane average/SD/n columns; re-extracted for v4.3 from records_A.csv",REC_18C619CF4134,none,no,yes
MEA_04574BCBCF86,SFC_6CB60F9F2B48,SRC014,LIQ_0F4168490E,97.4,sessile_drop_on_dried_film,"DropMaster 700 (Kyowa Interface Science), 20 C; sessile drop on dried polymer film formed on glass.",,,,,10.0,0.4,,,A,no,,,,,,"Table 7, row 'CLTOD(a)', water average/SD/n columns; re-extracted for v4.3 from records_A.csv",REC_2A27AE959A5C,none,no,yes
MEA_B8AE5C8701F1,SFC_1C9D06C5B008,SRC014,LIQ_1BD1B94C09,77.3,sessile_drop_on_dried_film,"DropMaster 700 (Kyowa Interface Science), 20 C; sessile drop on dried polymer film formed on glass.",,,,,10.0,1.6,,,A,no,,,,,,"Table 7, row 'CLTOD(b)', formamide average/SD/n columns; re-extracted for v4.3 from records_A.csv",REC_FE5ADFB7CAA9,none,no,yes
MEA_BB93E8F71FCC,SFC_1C9D06C5B008,SRC014,LIQ_6656B41AB7,47.5,sessile_drop_on_dried_film,"DropMaster 700 (Kyowa Interface Science), 20 C; sessile drop on dried polymer film formed on glass.",,,,,10.0,3.2,,,A,no,,,,,,"Table 7, row 'CLTOD(b)', diiodomethane average/SD/n columns; re-extracted for v4.3 from records_A.csv",REC_2665BF34BC97,none,no,yes
MEA_C7B03FCAA556,SFC_1C9D06C5B008,SRC014,LIQ_0F4168490E,90.3,sessile_drop_on_dried_film,"DropMaster 700 (Kyowa Interface Science), 20 C; sessile drop on dried polymer film formed on glass.",,,,,10.0,0.8,,,A,no,,,,,,"Table 7, row 'CLTOD(b)', water average/SD/n columns; re-extracted for v4.3 from records_A.csv",REC_51F74037479B,none,no,yes
MEA_D1FC1ACD0D41,SFC_4AABAF84DB2B,SRC014,LIQ_1BD1B94C09,57.2,sessile_drop_on_dried_film,"DropMaster 700 (Kyowa Interface Science), 20 C; sessile drop on dried polymer film formed on glass.",,,,,10.0,2.6,,,A,no,,,,,,"Table 7, row 'PES', formamide average/SD/n columns; re-extracted for v4.3 from records_A.csv",REC_E3E70395C013,none,no,yes
MEA_BB7E0377AFAF,SFC_4AABAF84DB2B,SRC014,LIQ_6656B41AB7,28.0,sessile_drop_on_dried_film,"DropMaster 700 (Kyowa Interface Science), 20 C; sessile drop on dried polymer film formed on glass.",,,,,10.0,1.3,,,A,no,,,,,,"Table 7, row 'PES', diiodomethane average/SD/n columns; re-extracted for v4.3 from records_A.csv",REC_D99D5AFAE127,none,no,yes
MEA_1A029235C86C,SFC_4AABAF84DB2B,SRC014,LIQ_0F4168490E,81.2,sessile_drop_on_dried_film,"DropMaster 700 (Kyowa Interface Science), 20 C; sessile drop on dried polymer film formed on glass.",,,,,10.0,1.3,,,A,no,,,,,,"Table 7, row 'PES', water average/SD/n columns; re-extracted for v4.3 from records_A.csv",REC_1406C3F9321D,none,no,yes
MEA_23AE9B7F3397,SFC_B6A2235DD98C,SRC014,LIQ_1BD1B94C09,51.9,sessile_drop_on_dried_film,"DropMaster 700 (Kyowa Interface Science), 20 C; sessile drop on dried polymer film formed on glass.",,,,,10.0,1.8,,,A,no,,,,,,"Table 7, row 'CTA(b)', formamide average/SD/n columns; re-extracted for v4.3 from records_A.csv",REC_545F019CEE40,none,no,yes
MEA_23991151972E,SFC_B6A2235DD98C,SRC014,LIQ_6656B41AB7,36.2,sessile_drop_on_dried_film,"DropMaster 700 (Kyowa Interface Science), 20 C; sessile drop on dried polymer film formed on glass.",,,,,10.0,1.3,,,A,no,,,,,,"Table 7, row 'CTA(b)', diiodomethane average/SD/n columns; re-extracted for v4.3 from records_A.csv",REC_9212240D3AA1,none,no,yes
MEA_F33184A132F6,SFC_B6A2235DD98C,SRC014,LIQ_0F4168490E,62.1,sessile_drop_on_dried_film,"DropMaster 700 (Kyowa Interface Science), 20 C; sessile drop on dried polymer film formed on glass.",,,,,10.0,1.0,,,A,no,,,,,,"Table 7, row 'CTA(b)', water average/SD/n columns; re-extracted for v4.3 from records_A.csv",REC_E9A9D179F4ED,none,no,yes
MEA_D2A1C485FA99,SFC_405F23DB01A4,SRC016,LIQ_0F4168490E,84.0,roughness_corrected_apparent,CAM 200 goniometer; 1-2 uL droplets in RH 15+/-5% and 24+/-1 C; apparent static angle averaged over three stabilized measurements; Table 2 reports Wenzel roughness-corrected theta_r unless footnoted otherwise.,,,,1.0,3.0,,,,A,no,,,,,,"Table 2, row 'Latex 1 coated paper', water theta_r column; re-extracted for v4.3 from records_A.csv",REC_738699BD7760,none,no,yes
MEA_AC21211733A9,SFC_405F23DB01A4,SRC016,LIQ_6656B41AB7,52.0,roughness_corrected_apparent,CAM 200 goniometer; 1-2 uL droplets in RH 15+/-5% and 24+/-1 C; apparent static angle averaged over three stabilized measurements; Table 2 reports Wenzel roughness-corrected theta_r unless footnoted otherwise.,,,,1.0,3.0,,,,A,no,,,,,,"Table 2, row 'Latex 1 coated paper', diiodomethane theta_r column; re-extracted for v4.3 from records_A.csv",REC_3C3C6F773784,none,no,yes
MEA_B2EA305F96A5,SFC_405F23DB01A4,SRC016,LIQ_53310FAFB3,73.0,roughness_corrected_apparent,CAM 200 goniometer; 1-2 uL droplets in RH 15+/-5% and 24+/-1 C; apparent static angle averaged over three stabilized measurements; Table 2 reports Wenzel roughness-corrected theta_r unless footnoted otherwise.,,,,1.0,3.0,,,,A,no,,,,,,"Table 2, row 'Latex 1 coated paper', ethylene glycol theta_r column; re-extracted for v4.3 from records_A.csv",REC_D63A28D85CC2,none,no,yes
MEA_9566BFC5DBF5,SFC_0F23A72E37B9,SRC016,LIQ_0F4168490E,74.0,roughness_corrected_apparent,CAM 200 goniometer; 1-2 uL droplets in RH 15+/-5% and 24+/-1 C; apparent static angle averaged over three stabilized measurements; Table 2 reports Wenzel roughness-corrected theta_r unless footnoted otherwise.,,,,1.0,3.0,,,,A,no,,,,,,"Table 2, row 'Latex 2 coated paper', water theta_r column; re-extracted for v4.3 from records_A.csv",REC_8CDC3695E9BD,none,no,yes
MEA_1D891EC769A2,SFC_0F23A72E37B9,SRC016,LIQ_6656B41AB7,47.0,roughness_corrected_apparent,CAM 200 goniometer; 1-2 uL droplets in RH 15+/-5% and 24+/-1 C; apparent static angle averaged over three stabilized measurements; Table 2 reports Wenzel roughness-corrected theta_r unless footnoted otherwise.,,,,1.0,3.0,,,,A,no,,,,,,"Table 2, row 'Latex 2 coated paper', diiodomethane theta_r column; re-extracted for v4.3 from records_A.csv",REC_FD7A2332ED5B,none,no,yes
MEA_A5A9C8C6AE69,SFC_0F23A72E37B9,SRC016,LIQ_53310FAFB3,59.0,roughness_corrected_apparent,CAM 200 goniometer; 1-2 uL droplets in RH 15+/-5% and 24+/-1 C; apparent static angle averaged over three stabilized measurements; Table 2 reports Wenzel roughness-corrected theta_r unless footnoted otherwise.,,,,1.0,3.0,,,,A,no,,,,,,"Table 2, row 'Latex 2 coated paper', ethylene glycol theta_r column; re-extracted for v4.3 from records_A.csv",REC_B3592C8F325B,none,no,yes
MEA_F0375BF8E145,SFC_A7196B14253F,SRC016,LIQ_0F4168490E,64.0,roughness_corrected_apparent,CAM 200 goniometer; 1-2 uL droplets in RH 15+/-5% and 24+/-1 C; apparent static angle averaged over three stabilized measurements; Table 2 reports Wenzel roughness-corrected theta_r unless footnoted otherwise.,,,,1.0,3.0,,,,A,no,,,,,,"Table 2, row 'Kaolin coated paper', water theta_r column; re-extracted for v4.3 from records_A.csv",REC_00793330F35E,none,no,yes
MEA_3F677E6F5C49,SFC_A7196B14253F,SRC016,LIQ_6656B41AB7,50.0,roughness_corrected_apparent,CAM 200 goniometer; 1-2 uL droplets in RH 15+/-5% and 24+/-1 C; apparent static angle averaged over three stabilized measurements; Table 2 reports Wenzel roughness-corrected theta_r unless footnoted otherwise.,,,,1.0,3.0,,,,A,no,,,,,,"Table 2, row 'Kaolin coated paper', diiodomethane theta_r column; re-extracted for v4.3 from records_A.csv",REC_C67EE9DC6D41,none,no,yes
MEA_4B5671326217,SFC_A7196B14253F,SRC016,LIQ_53310FAFB3,48.0,roughness_corrected_apparent,CAM 200 goniometer; 1-2 uL droplets in RH 15+/-5% and 24+/-1 C; apparent static angle averaged over three stabilized measurements; Table 2 reports Wenzel roughness-corrected theta_r unless footnoted otherwise.,,,,1.0,3.0,,,,A,no,,,,,,"Table 2, row 'Kaolin coated paper', ethylene glycol theta_r column; re-extracted for v4.3 from records_A.csv",REC_646A21F1638A,none,no,yes
MEA_E188024EA8D5,SFC_5B987F983A60,SRC016,LIQ_0F4168490E,92.0,roughness_corrected_apparent,CAM 200 goniometer; 1-2 uL droplets in RH 15+/-5% and 24+/-1 C; apparent static angle averaged over three stabilized measurements; Table 2 reports Wenzel roughness-corrected theta_r unless footnoted otherwise.,,,,1.0,3.0,,,,A,no,,,,,,"Table 2, row 'PCC coated paper', water theta_r column; re-extracted for v4.3 from records_A.csv",REC_60C38E126879,none,no,yes
MEA_02B2DC4A397C,SFC_5B987F983A60,SRC016,LIQ_6656B41AB7,52.0,roughness_corrected_apparent,CAM 200 goniometer; 1-2 uL droplets in RH 15+/-5% and 24+/-1 C; apparent static angle averaged over three stabilized measurements; Table 2 reports Wenzel roughness-corrected theta_r unless footnoted otherwise.,,,,1.0,3.0,,,,A,no,,,,,,"Table 2, row 'PCC coated paper', diiodomethane theta_r column; re-extracted for v4.3 from records_A.csv",REC_4C32E4E75DC5,none,no,yes
MEA_6229321E2950,SFC_5B987F983A60,SRC016,LIQ_53310FAFB3,52.0,roughness_corrected_apparent,CAM 200 goniometer; 1-2 uL droplets in RH 15+/-5% and 24+/-1 C; apparent static angle averaged over three stabilized measurements; Table 2 reports Wenzel roughness-corrected theta_r unless footnoted otherwise.,,,,1.0,3.0,,,,A,no,,,,,,"Table 2, row 'PCC coated paper', ethylene glycol theta_r column; re-extracted for v4.3 from records_A.csv",REC_AFA410415495,none,no,yes
MEA_56FB2B3C33B5,SFC_21E5A9897F5F,SRC018,LIQ_0F4168490E,123.4,reported_unspecified,JC 2000D2 contact-angle tester at 25 C; mean of five positions,,,,,5.0,2.3,,,A,no,,,,,,"Table 2, PDF page 8; measurement method in Section 2.4, PDF page 5; re-extracted for v4.3 from records_B.csv",REC_E058E319F526,none,no,yes
MEA_F6B64AB682C0,SFC_21E5A9897F5F,SRC018,LIQ_5C0DC0DCD1,105.8,reported_unspecified,JC 2000D2 contact-angle tester at 25 C; mean of five positions,,,,,5.0,1.4,,,A,no,,,,,,"Table 2, PDF page 8; measurement method in Section 2.4, PDF page 5; re-extracted for v4.3 from records_B.csv",REC_8A955C0EF2FE,none,no,yes
MEA_F634BFCBB04B,SFC_21E5A9897F5F,SRC018,LIQ_53310FAFB3,127.3,reported_unspecified,JC 2000D2 contact-angle tester at 25 C; mean of five positions,,,,,5.0,1.1,,,A,no,,,,,,"Table 2, PDF page 8; measurement method in Section 2.4, PDF page 5; re-extracted for v4.3 from records_B.csv",REC_E4BDA13F9788,none,no,yes
MEA_1D10DBDAD14D,SFC_21E5A9897F5F,SRC018,LIQ_6656B41AB7,113.6,reported_unspecified,JC 2000D2 contact-angle tester at 25 C; mean of five positions,,,,,5.0,1.3,,,A,no,,,,,,"Table 2, PDF page 8; measurement method in Section 2.4, PDF page 5; re-extracted for v4.3 from records_B.csv",REC_48B421E8D24C,none,no,yes
MEA_E341DEF08371,SFC_750CEF900F32,SRC018,LIQ_0F4168490E,135.3,reported_unspecified,JC 2000D2 contact-angle tester at 25 C; mean of five positions,,,,,5.0,0.8,,,A,no,,,,,,"Table 2, PDF page 8; measurement method in Section 2.4, PDF page 5; re-extracted for v4.3 from records_B.csv",REC_37319B88C1DB,none,no,yes
MEA_6D62F4715B9F,SFC_750CEF900F32,SRC018,LIQ_5C0DC0DCD1,110.4,reported_unspecified,JC 2000D2 contact-angle tester at 25 C; mean of five positions,,,,,5.0,1.3,,,A,no,,,,,,"Table 2, PDF page 8; measurement method in Section 2.4, PDF page 5; re-extracted for v4.3 from records_B.csv",REC_6BD940406B2D,none,no,yes
MEA_609296D47DF1,SFC_750CEF900F32,SRC018,LIQ_53310FAFB3,128.6,reported_unspecified,JC 2000D2 contact-angle tester at 25 C; mean of five positions,,,,,5.0,1.5,,,A,no,,,,,,"Table 2, PDF page 8; measurement method in Section 2.4, PDF page 5; re-extracted for v4.3 from records_B.csv",REC_73115DF43270,none,no,yes
MEA_40978EEFA8B2,SFC_750CEF900F32,SRC018,LIQ_6656B41AB7,118.5,reported_unspecified,JC 2000D2 contact-angle tester at 25 C; mean of five positions,,,,,5.0,2.1,,,A,no,,,,,,"Table 2, PDF page 8; measurement method in Section 2.4, PDF page 5; re-extracted for v4.3 from records_B.csv",REC_EDD3C9494299,none,no,yes
MEA_E25E179C33CC,SFC_7F45928FEC29,SRC018,LIQ_0F4168490E,158.6,reported_unspecified,JC 2000D2 contact-angle tester at 25 C; mean of five positions,,,,,5.0,1.1,,,A,no,,,,,,"Table 2, PDF page 8; measurement method in Section 2.4, PDF page 5; re-extracted for v4.3 from records_B.csv",REC_11EE1691E57B,none,no,yes
MEA_2982E142A921,SFC_7F45928FEC29,SRC018,LIQ_5C0DC0DCD1,140.7,reported_unspecified,JC 2000D2 contact-angle tester at 25 C; mean of five positions,,,,,5.0,0.9,,,A,no,,,,,,"Table 2, PDF page 8; measurement method in Section 2.4, PDF page 5; re-extracted for v4.3 from records_B.csv",REC_E2A79D16652C,none,no,yes
MEA_435D8FA18713,SFC_7F45928FEC29,SRC018,LIQ_53310FAFB3,152.4,reported_unspecified,JC 2000D2 contact-angle tester at 25 C; mean of five positions,,,,,5.0,0.9,,,A,no,,,,,,"Table 2, PDF page 8; measurement method in Section 2.4, PDF page 5; re-extracted for v4.3 from records_B.csv",REC_4B3DE70C985D,none,no,yes
MEA_34F596C94FC4,SFC_7F45928FEC29,SRC018,LIQ_6656B41AB7,153.4,reported_unspecified,JC 2000D2 contact-angle tester at 25 C; mean of five positions,,,,,5.0,1.3,,,A,no,,,,,,"Table 2, PDF page 8; measurement method in Section 2.4, PDF page 5; re-extracted for v4.3 from records_B.csv",REC_43B022298DD4,none,no,yes
MEA_0887FC3FD803,SFC_989A2292E56A,SRC018,LIQ_0F4168490E,125.2,reported_unspecified,JC 2000D2 contact-angle tester at 25 C; mean of five positions,,,,,5.0,1.5,,,A,no,,,,,,"Table 2, PDF page 8; measurement method in Section 2.4, PDF page 5; re-extracted for v4.3 from records_B.csv",REC_D07C4BB81E74,none,no,yes
MEA_DD1C3EF3C513,SFC_989A2292E56A,SRC018,LIQ_5C0DC0DCD1,120.5,reported_unspecified,JC 2000D2 contact-angle tester at 25 C; mean of five positions,,,,,5.0,1.5,,,A,no,,,,,,"Table 2, PDF page 8; measurement method in Section 2.4, PDF page 5; re-extracted for v4.3 from records_B.csv",REC_F728FF018F7A,none,no,yes
MEA_B35409464A78,SFC_989A2292E56A,SRC018,LIQ_53310FAFB3,132.7,reported_unspecified,JC 2000D2 contact-angle tester at 25 C; mean of five positions,,,,,5.0,1.4,,,A,no,,,,,,"Table 2, PDF page 8; measurement method in Section 2.4, PDF page 5; re-extracted for v4.3 from records_B.csv",REC_8E3DB6D53856,none,no,yes
MEA_05A05C3E4596,SFC_989A2292E56A,SRC018,LIQ_6656B41AB7,120.8,reported_unspecified,JC 2000D2 contact-angle tester at 25 C; mean of five positions,,,,,5.0,1.8,,,A,no,,,,,,"Table 2, PDF page 8; measurement method in Section 2.4, PDF page 5; re-extracted for v4.3 from records_B.csv",REC_3FFBC36EAC91,none,no,yes
MEA_D084E7BE258F,SFC_3480038F8EFE,SRC018,LIQ_0F4168490E,120.7,reported_unspecified,JC 2000D2 contact-angle tester at 25 C; mean of five positions,,,,,5.0,2.7,,,A,no,,,,,,"Table 2, PDF page 8; measurement method in Section 2.4, PDF page 5; re-extracted for v4.3 from records_B.csv",REC_908F2BDD1D1B,none,no,yes
MEA_F99225720EDB,SFC_3480038F8EFE,SRC018,LIQ_5C0DC0DCD1,114.4,reported_unspecified,JC 2000D2 contact-angle tester at 25 C; mean of five positions,,,,,5.0,1.8,,,A,no,,,,,,"Table 2, PDF page 8; measurement method in Section 2.4, PDF page 5; re-extracted for v4.3 from records_B.csv",REC_166554F9D700,none,no,yes
MEA_8A1B3BE7D5E5,SFC_3480038F8EFE,SRC018,LIQ_53310FAFB3,118.5,reported_unspecified,JC 2000D2 contact-angle tester at 25 C; mean of five positions,,,,,5.0,1.7,,,A,no,,,,,,"Table 2, PDF page 8; measurement method in Section 2.4, PDF page 5; re-extracted for v4.3 from records_B.csv",REC_21908B8DD026,none,no,yes
MEA_43D9A88DC413,SFC_3480038F8EFE,SRC018,LIQ_6656B41AB7,108.5,reported_unspecified,JC 2000D2 contact-angle tester at 25 C; mean of five positions,,,,,5.0,2.4,,,A,no,,,,,,"Table 2, PDF page 8; measurement method in Section 2.4, PDF page 5; re-extracted for v4.3 from records_B.csv",REC_C3D75AAACE0D,none,no,yes
MEA_6E656DBCF040,SFC_33502EC79F24,SRC019,LIQ_0F4168490E,87.6,reported_unspecified,DataPhysics OCA 15EC goniometer with SCA 20 software; drop volume and fitting details not reported,,,,,10.0,0.79,,,A,no,,,,,,"Table 1, PDF page 4; measurement method in Section 3.4.1, PDF page 13; re-extracted for v4.3 from records_B.csv",REC_3270E5A7395A,none,no,yes
MEA_935E36E504F1,SFC_21ED5CFE6366,SRC019,LIQ_0F4168490E,90.6,reported_unspecified,DataPhysics OCA 15EC goniometer with SCA 20 software; drop volume and fitting details not reported,,,,,10.0,6.61,,,A,no,,,,,,"Table 1, PDF page 4; measurement method in Section 3.4.1, PDF page 13; re-extracted for v4.3 from records_B.csv",REC_65153F8A6596,none,no,yes
MEA_9D5BC323263F,SFC_2CBEAAA7843B,SRC019,LIQ_0F4168490E,98.2,reported_unspecified,DataPhysics OCA 15EC goniometer with SCA 20 software; drop volume and fitting details not reported,,,,,10.0,1.01,,,A,no,,,,,,"Table 1, PDF page 4; measurement method in Section 3.4.1, PDF page 13; re-extracted for v4.3 from records_B.csv",REC_4BC5D63C6B07,none,no,yes
MEA_1AC5A36A0CEE,SFC_D900D5201DB3,SRC019,LIQ_0F4168490E,97.8,reported_unspecified,DataPhysics OCA 15EC goniometer with SCA 20 software; drop volume and fitting details not reported,,,,,10.0,1.73,,,A,no,,,,,,"Table 1, PDF page 4; measurement method in Section 3.4.1, PDF page 13; re-extracted for v4.3 from records_B.csv",REC_283E6A0CFA0B,none,no,yes
MEA_188F249305A6,SFC_C44A751DCE9E,SRC019,LIQ_0F4168490E,97.6,reported_unspecified,DataPhysics OCA 15EC goniometer with SCA 20 software; drop volume and fitting details not reported,,,,,10.0,0.97,,,A,no,,,,,,"Table 1, PDF page 4; measurement method in Section 3.4.1, PDF page 13; re-extracted for v4.3 from records_B.csv",REC_BDDA1E451473,none,no,yes
MEA_5F09B2CFC105,SFC_33502EC79F24,SRC019,LIQ_6656B41AB7,61.6,reported_unspecified,DataPhysics OCA 15EC goniometer with SCA 20 software; drop volume and fitting details not reported,,,,,10.0,1.43,,,A,no,,,,,,"Table 1, PDF page 4; measurement method in Section 3.4.1, PDF page 13; re-extracted for v4.3 from records_B.csv",REC_6E7E31F1CD96,none,no,yes
MEA_B0C1018D15F3,SFC_21ED5CFE6366,SRC019,LIQ_6656B41AB7,59.9,reported_unspecified,DataPhysics OCA 15EC goniometer with SCA 20 software; drop volume and fitting details not reported,,,,,10.0,0.74,,,A,no,,,,,,"Table 1, PDF page 4; measurement method in Section 3.4.1, PDF page 13; re-extracted for v4.3 from records_B.csv",REC_28C2E07BF455,none,no,yes
MEA_3B5A81D4DA3D,SFC_2CBEAAA7843B,SRC019,LIQ_6656B41AB7,55.4,reported_unspecified,DataPhysics OCA 15EC goniometer with SCA 20 software; drop volume and fitting details not reported,,,,,10.0,1.89,,,A,no,,,,,,"Table 1, PDF page 4; measurement method in Section 3.4.1, PDF page 13; re-extracted for v4.3 from records_B.csv",REC_228C9B144575,none,no,yes
MEA_7B1490122020,SFC_D900D5201DB3,SRC019,LIQ_6656B41AB7,62.5,reported_unspecified,DataPhysics OCA 15EC goniometer with SCA 20 software; drop volume and fitting details not reported,,,,,10.0,1.73,,,A,no,,,,,,"Table 1, PDF page 4; measurement method in Section 3.4.1, PDF page 13; re-extracted for v4.3 from records_B.csv",REC_56B0D8F3A55A,none,no,yes
MEA_024BF46B1B05,SFC_C44A751DCE9E,SRC019,LIQ_6656B41AB7,53.8,reported_unspecified,DataPhysics OCA 15EC goniometer with SCA 20 software; drop volume and fitting details not reported,,,,,10.0,1.68,,,A,no,,,,,,"Table 1, PDF page 4; measurement method in Section 3.4.1, PDF page 13; re-extracted for v4.3 from records_B.csv",REC_244A912CB4FA,none,no,yes
MEA_4DA1BDFD4B0C,SFC_33502EC79F24,SRC019,LIQ_53310FAFB3,63.3,reported_unspecified,DataPhysics OCA 15EC goniometer with SCA 20 software; drop volume and fitting details not reported,,,,,10.0,1.72,,,A,no,,,,,,"Table 1, PDF page 4; measurement method in Section 3.4.1, PDF page 13; re-extracted for v4.3 from records_B.csv",REC_9B27C1FBEDAB,none,no,yes
MEA_1A3C94173AB6,SFC_21ED5CFE6366,SRC019,LIQ_53310FAFB3,65.4,reported_unspecified,DataPhysics OCA 15EC goniometer with SCA 20 software; drop volume and fitting details not reported,,,,,10.0,1.79,,,A,no,,,,,,"Table 1, PDF page 4; measurement method in Section 3.4.1, PDF page 13; re-extracted for v4.3 from records_B.csv",REC_FF1F46505FC5,none,no,yes
MEA_98A7519E8D69,SFC_2CBEAAA7843B,SRC019,LIQ_53310FAFB3,74.9,reported_unspecified,DataPhysics OCA 15EC goniometer with SCA 20 software; drop volume and fitting details not reported,,,,,10.0,1.04,,,A,no,,,,,,"Table 1, PDF page 4; measurement method in Section 3.4.1, PDF page 13; re-extracted for v4.3 from records_B.csv",REC_208F4C366795,none,no,yes
MEA_0FB8EB7E67B8,SFC_D900D5201DB3,SRC019,LIQ_53310FAFB3,75.0,reported_unspecified,DataPhysics OCA 15EC goniometer with SCA 20 software; drop volume and fitting details not reported,,,,,10.0,0.66,,,A,no,,,,,,"Table 1, PDF page 4; measurement method in Section 3.4.1, PDF page 13; re-extracted for v4.3 from records_B.csv",REC_51A12CE5D05C,none,no,yes
MEA_933BAAC2B3E6,SFC_C44A751DCE9E,SRC019,LIQ_53310FAFB3,69.5,reported_unspecified,DataPhysics OCA 15EC goniometer with SCA 20 software; drop volume and fitting details not reported,,,,,10.0,2.05,,,A,no,,,,,,"Table 1, PDF page 4; measurement method in Section 3.4.1, PDF page 13; re-extracted for v4.3 from records_B.csv",REC_5E74FDF581E2,none,no,yes
MEA_5CF84809D015,SFC_0885B1C8D502,SRC019,LIQ_0F4168490E,71.2,reported_unspecified,DataPhysics OCA 15EC goniometer with SCA 20 software; drop volume and fitting details not reported,,,,,10.0,0.92,,,A,no,,,,,,"Table 1, PDF page 4; measurement method in Section 3.4.1, PDF page 13; re-extracted for v4.3 from records_B.csv",REC_AE4B20139659,none,no,yes
MEA_CA61A79AD8C3,SFC_F5DABBA4867E,SRC019,LIQ_0F4168490E,97.3,reported_unspecified,DataPhysics OCA 15EC goniometer with SCA 20 software; drop volume and fitting details not reported,,,,,10.0,1.08,,,A,no,,,,,,"Table 1, PDF page 4; measurement method in Section 3.4.1, PDF page 13; re-extracted for v4.3 from records_B.csv",REC_C59AA9631360,none,no,yes
MEA_4D3395E9F38C,SFC_56FA8A79F2C6,SRC019,LIQ_0F4168490E,85.9,reported_unspecified,DataPhysics OCA 15EC goniometer with SCA 20 software; drop volume and fitting details not reported,,,,,10.0,1.08,,,A,no,,,,,,"Table 1, PDF page 4; measurement method in Section 3.4.1, PDF page 13; re-extracted for v4.3 from records_B.csv",REC_53EC5CD270FD,none,no,yes
MEA_363583AEB442,SFC_7354A757EA1D,SRC019,LIQ_0F4168490E,92.9,reported_unspecified,DataPhysics OCA 15EC goniometer with SCA 20 software; drop volume and fitting details not reported,,,,,10.0,1.04,,,A,no,,,,,,"Table 1, PDF page 4; measurement method in Section 3.4.1, PDF page 13; re-extracted for v4.3 from records_B.csv",REC_7F8F719DDBBA,none,no,yes
MEA_C44546AD5C4D,SFC_C688F68936EE,SRC019,LIQ_0F4168490E,97.1,reported_unspecified,DataPhysics OCA 15EC goniometer with SCA 20 software; drop volume and fitting details not reported,,,,,10.0,0.99,,,A,no,,,,,,"Table 1, PDF page 4; measurement method in Section 3.4.1, PDF page 13; re-extracted for v4.3 from records_B.csv",REC_9DD7A9299F87,none,no,yes
MEA_B4B2DC18E898,SFC_0885B1C8D502,SRC019,LIQ_6656B41AB7,55.4,reported_unspecified,DataPhysics OCA 15EC goniometer with SCA 20 software; drop volume and fitting details not reported,,,,,10.0,0.95,,,A,no,,,,,,"Table 1, PDF page 4; measurement method in Section 3.4.1, PDF page 13; re-extracted for v4.3 from records_B.csv",REC_17014257086B,none,no,yes
MEA_8F34D599491B,SFC_F5DABBA4867E,SRC019,LIQ_6656B41AB7,51.1,reported_unspecified,DataPhysics OCA 15EC goniometer with SCA 20 software; drop volume and fitting details not reported,,,,,10.0,0.74,,,A,no,,,,,,"Table 1, PDF page 4; measurement method in Section 3.4.1, PDF page 13; re-extracted for v4.3 from records_B.csv",REC_E5D8C87D7B1F,none,no,yes
MEA_E43A1EDBE9B6,SFC_56FA8A79F2C6,SRC019,LIQ_6656B41AB7,47.0,reported_unspecified,DataPhysics OCA 15EC goniometer with SCA 20 software; drop volume and fitting details not reported,,,,,10.0,0.56,,,A,no,,,,,,"Table 1, PDF page 4; measurement method in Section 3.4.1, PDF page 13; re-extracted for v4.3 from records_B.csv",REC_338E42F686D0,none,no,yes
MEA_1B8BD6E91A2E,SFC_7354A757EA1D,SRC019,LIQ_6656B41AB7,48.6,reported_unspecified,DataPhysics OCA 15EC goniometer with SCA 20 software; drop volume and fitting details not reported,,,,,10.0,0.96,,,A,no,,,,,,"Table 1, PDF page 4; measurement method in Section 3.4.1, PDF page 13; re-extracted for v4.3 from records_B.csv",REC_55F269A6CD49,none,no,yes
MEA_6C1120612ADF,SFC_C688F68936EE,SRC019,LIQ_6656B41AB7,49.5,reported_unspecified,DataPhysics OCA 15EC goniometer with SCA 20 software; drop volume and fitting details not reported,,,,,10.0,1.28,,,A,no,,,,,,"Table 1, PDF page 4; measurement method in Section 3.4.1, PDF page 13; re-extracted for v4.3 from records_B.csv",REC_49F78FB57736,none,no,yes
MEA_17635DD775C6,SFC_0885B1C8D502,SRC019,LIQ_53310FAFB3,48.1,reported_unspecified,DataPhysics OCA 15EC goniometer with SCA 20 software; drop volume and fitting details not reported,,,,,10.0,2.29,,,A,no,,,,,,"Table 1, PDF page 4; measurement method in Section 3.4.1, PDF page 13; re-extracted for v4.3 from records_B.csv",REC_53075680944E,none,no,yes
MEA_1C51B980E400,SFC_F5DABBA4867E,SRC019,LIQ_53310FAFB3,71.9,reported_unspecified,DataPhysics OCA 15EC goniometer with SCA 20 software; drop volume and fitting details not reported,,,,,10.0,1.88,,,A,no,,,,,,"Table 1, PDF page 4; measurement method in Section 3.4.1, PDF page 13; re-extracted for v4.3 from records_B.csv",REC_86ED95D7F405,none,no,yes
MEA_57FDF92C67C2,SFC_56FA8A79F2C6,SRC019,LIQ_53310FAFB3,58.0,reported_unspecified,DataPhysics OCA 15EC goniometer with SCA 20 software; drop volume and fitting details not reported,,,,,10.0,1.32,,,A,no,,,,,,"Table 1, PDF page 4; measurement method in Section 3.4.1, PDF page 13; re-extracted for v4.3 from records_B.csv",REC_C8D2BA164F11,none,no,yes
MEA_5DF09EEED9C3,SFC_7354A757EA1D,SRC019,LIQ_53310FAFB3,65.9,reported_unspecified,DataPhysics OCA 15EC goniometer with SCA 20 software; drop volume and fitting details not reported,,,,,10.0,1.17,,,A,no,,,,,,"Table 1, PDF page 4; measurement method in Section 3.4.1, PDF page 13; re-extracted for v4.3 from records_B.csv",REC_BF15D07218B1,none,no,yes
MEA_E0657E5D67C3,SFC_C688F68936EE,SRC019,LIQ_53310FAFB3,69.4,reported_unspecified,DataPhysics OCA 15EC goniometer with SCA 20 software; drop volume and fitting details not reported,,,,,10.0,1.09,,,A,no,,,,,,"Table 1, PDF page 4; measurement method in Section 3.4.1, PDF page 13; re-extracted for v4.3 from records_B.csv",REC_20EEEC3FFA42,none,no,yes
MEA_C2BC67E9C378,SFC_DE1051C618E6,SRC019,LIQ_0F4168490E,82.1,reported_unspecified,DataPhysics OCA 15EC goniometer with SCA 20 software; drop volume and fitting details not reported,,,,,10.0,0.84,,,A,no,,,,,,"Table 1, PDF page 4; measurement method in Section 3.4.1, PDF page 13; re-extracted for v4.3 from records_B.csv",REC_983F6C4261E7,none,no,yes
MEA_841568C22BA2,SFC_8CC973346CC4,SRC019,LIQ_0F4168490E,86.1,reported_unspecified,DataPhysics OCA 15EC goniometer with SCA 20 software; drop volume and fitting details not reported,,,,,10.0,0.54,,,A,no,,,,,,"Table 1, PDF page 4; measurement method in Section 3.4.1, PDF page 13; re-extracted for v4.3 from records_B.csv",REC_EE8F6D5976A6,none,no,yes
MEA_F32CE2C9D94B,SFC_94A74BED0696,SRC019,LIQ_0F4168490E,76.0,reported_unspecified,DataPhysics OCA 15EC goniometer with SCA 20 software; drop volume and fitting details not reported,,,,,10.0,0.95,,,A,no,,,,,,"Table 1, PDF page 4; measurement method in Section 3.4.1, PDF page 13; re-extracted for v4.3 from records_B.csv",REC_5B4B8AD835FD,none,no,yes
MEA_1A105E77F8B8,SFC_1D05D0C244CE,SRC019,LIQ_0F4168490E,75.0,reported_unspecified,DataPhysics OCA 15EC goniometer with SCA 20 software; drop volume and fitting details not reported,,,,,10.0,1.25,,,A,no,,,,,,"Table 1, PDF page 4; measurement method in Section 3.4.1, PDF page 13; re-extracted for v4.3 from records_B.csv",REC_B33F662ADEEF,none,no,yes
MEA_D28D7F5EC764,SFC_B43DC569AF44,SRC019,LIQ_0F4168490E,65.1,reported_unspecified,DataPhysics OCA 15EC goniometer with SCA 20 software; drop volume and fitting details not reported,,,,,10.0,0.73,,,A,no,,,,,,"Table 1, PDF page 4; measurement method in Section 3.4.1, PDF page 13; re-extracted for v4.3 from records_B.csv",REC_D98BEFEAF526,none,no,yes
MEA_F115B683C814,SFC_DE1051C618E6,SRC019,LIQ_6656B41AB7,54.2,reported_unspecified,DataPhysics OCA 15EC goniometer with SCA 20 software; drop volume and fitting details not reported,,,,,10.0,1.17,,,A,no,,,,,,"Table 1, PDF page 4; measurement method in Section 3.4.1, PDF page 13; re-extracted for v4.3 from records_B.csv",REC_674D3C6CF9E1,none,no,yes
MEA_4E1FCE393618,SFC_8CC973346CC4,SRC019,LIQ_6656B41AB7,51.6,reported_unspecified,DataPhysics OCA 15EC goniometer with SCA 20 software; drop volume and fitting details not reported,,,,,10.0,1.74,,,A,no,,,,,,"Table 1, PDF page 4; measurement method in Section 3.4.1, PDF page 13; re-extracted for v4.3 from records_B.csv",REC_5114A4BF98EB,none,no,yes
MEA_6F70BD0227FB,SFC_94A74BED0696,SRC019,LIQ_6656B41AB7,44.0,reported_unspecified,DataPhysics OCA 15EC goniometer with SCA 20 software; drop volume and fitting details not reported,,,,,10.0,1.32,,,A,no,,,,,,"Table 1, PDF page 4; measurement method in Section 3.4.1, PDF page 13; re-extracted for v4.3 from records_B.csv",REC_EDA5792A9168,none,no,yes
MEA_855A8C82EF26,SFC_1D05D0C244CE,SRC019,LIQ_6656B41AB7,46.9,reported_unspecified,DataPhysics OCA 15EC goniometer with SCA 20 software; drop volume and fitting details not reported,,,,,10.0,2.5,,,A,no,,,,,,"Table 1, PDF page 4; measurement method in Section 3.4.1, PDF page 13; re-extracted for v4.3 from records_B.csv",REC_8BFC7C50DE51,none,no,yes
MEA_A70996CEF9F7,SFC_B43DC569AF44,SRC019,LIQ_6656B41AB7,41.3,reported_unspecified,DataPhysics OCA 15EC goniometer with SCA 20 software; drop volume and fitting details not reported,,,,,10.0,3.5,,,A,no,,,,,,"Table 1, PDF page 4; measurement method in Section 3.4.1, PDF page 13; re-extracted for v4.3 from records_B.csv",REC_328AC2427D4F,none,no,yes
MEA_FCD7F9E5494C,SFC_DE1051C618E6,SRC019,LIQ_53310FAFB3,57.8,reported_unspecified,DataPhysics OCA 15EC goniometer with SCA 20 software; drop volume and fitting details not reported,,,,,10.0,1.47,,,A,no,,,,,,"Table 1, PDF page 4; measurement method in Section 3.4.1, PDF page 13; re-extracted for v4.3 from records_B.csv",REC_47F2A8018FB8,none,no,yes
MEA_97F61B392E72,SFC_8CC973346CC4,SRC019,LIQ_53310FAFB3,61.2,reported_unspecified,DataPhysics OCA 15EC goniometer with SCA 20 software; drop volume and fitting details not reported,,,,,10.0,1.45,,,A,no,,,,,,"Table 1, PDF page 4; measurement method in Section 3.4.1, PDF page 13; re-extracted for v4.3 from records_B.csv",REC_85ECDED7EF2B,none,no,yes
MEA_9227D89E58CC,SFC_94A74BED0696,SRC019,LIQ_53310FAFB3,49.5,reported_unspecified,DataPhysics OCA 15EC goniometer with SCA 20 software; drop volume and fitting details not reported,,,,,10.0,0.85,,,A,no,,,,,,"Table 1, PDF page 4; measurement method in Section 3.4.1, PDF page 13; re-extracted for v4.3 from records_B.csv",REC_41F008FF69D9,none,no,yes
MEA_DF38ADE7F29B,SFC_1D05D0C244CE,SRC019,LIQ_53310FAFB3,48.0,reported_unspecified,DataPhysics OCA 15EC goniometer with SCA 20 software; drop volume and fitting details not reported,,,,,10.0,1.1,,,A,no,,,,,,"Table 1, PDF page 4; measurement method in Section 3.4.1, PDF page 13; re-extracted for v4.3 from records_B.csv",REC_12905246C68F,none,no,yes
MEA_86542109F60D,SFC_B43DC569AF44,SRC019,LIQ_53310FAFB3,42.7,reported_unspecified,DataPhysics OCA 15EC goniometer with SCA 20 software; drop volume and fitting details not reported,,,,,10.0,1.65,,,A,no,,,,,,"Table 1, PDF page 4; measurement method in Section 3.4.1, PDF page 13; re-extracted for v4.3 from records_B.csv",REC_2F56391852EE,none,no,yes
MEA_A44682026FBE,SFC_FDBAA751F265,SRC019,LIQ_0F4168490E,87.8,reported_unspecified,DataPhysics OCA 15EC goniometer with SCA 20 software; drop volume and fitting details not reported,,,,,10.0,1.44,,,A,no,,,,,,"Table 1, PDF page 4; measurement method in Section 3.4.1, PDF page 13; re-extracted for v4.3 from records_B.csv",REC_08F58031B0E2,none,no,yes
MEA_E92A5B2CAE67,SFC_A3F14E86132F,SRC019,LIQ_0F4168490E,78.9,reported_unspecified,DataPhysics OCA 15EC goniometer with SCA 20 software; drop volume and fitting details not reported,,,,,10.0,1.62,,,A,no,,,,,,"Table 1, PDF page 4; measurement method in Section 3.4.1, PDF page 13; re-extracted for v4.3 from records_B.csv",REC_93E2A67D5AF3,none,no,yes
MEA_89A10DEBE9A0,SFC_CBE685E89A46,SRC019,LIQ_0F4168490E,76.8,reported_unspecified,DataPhysics OCA 15EC goniometer with SCA 20 software; drop volume and fitting details not reported,,,,,10.0,1.76,,,A,no,,,,,,"Table 1, PDF page 4; measurement method in Section 3.4.1, PDF page 13; re-extracted for v4.3 from records_B.csv",REC_897105A86241,none,no,yes
MEA_43A3BDFF16A1,SFC_679A3FFF1571,SRC019,LIQ_0F4168490E,71.6,reported_unspecified,DataPhysics OCA 15EC goniometer with SCA 20 software; drop volume and fitting details not reported,,,,,10.0,1.01,,,A,no,,,,,,"Table 1, PDF page 4; measurement method in Section 3.4.1, PDF page 13; re-extracted for v4.3 from records_B.csv",REC_8BEC994F7743,none,no,yes
MEA_D2BDB97CDBA5,SFC_276A65283C60,SRC019,LIQ_0F4168490E,67.9,reported_unspecified,DataPhysics OCA 15EC goniometer with SCA 20 software; drop volume and fitting details not reported,,,,,10.0,2.04,,,A,no,,,,,,"Table 1, PDF page 4; measurement method in Section 3.4.1, PDF page 13; re-extracted for v4.3 from records_B.csv",REC_3EC1E155B474,none,no,yes
MEA_907470050924,SFC_FDBAA751F265,SRC019,LIQ_6656B41AB7,47.6,reported_unspecified,DataPhysics OCA 15EC goniometer with SCA 20 software; drop volume and fitting details not reported,,,,,10.0,2.23,,,A,no,,,,,,"Table 1, PDF page 4; measurement method in Section 3.4.1, PDF page 13; re-extracted for v4.3 from records_B.csv",REC_9711629E7427,none,no,yes
MEA_F5CE001F3DFB,SFC_A3F14E86132F,SRC019,LIQ_6656B41AB7,46.8,reported_unspecified,DataPhysics OCA 15EC goniometer with SCA 20 software; drop volume and fitting details not reported,,,,,10.0,1.46,,,A,no,,,,,,"Table 1, PDF page 4; measurement method in Section 3.4.1, PDF page 13; re-extracted for v4.3 from records_B.csv",REC_C26FF77D6211,none,no,yes
MEA_CF743535E524,SFC_CBE685E89A46,SRC019,LIQ_6656B41AB7,51.4,reported_unspecified,DataPhysics OCA 15EC goniometer with SCA 20 software; drop volume and fitting details not reported,,,,,10.0,2.68,,,A,no,,,,,,"Table 1, PDF page 4; measurement method in Section 3.4.1, PDF page 13; re-extracted for v4.3 from records_B.csv",REC_363669E41FDC,none,no,yes
MEA_60FA49041735,SFC_679A3FFF1571,SRC019,LIQ_6656B41AB7,40.3,reported_unspecified,DataPhysics OCA 15EC goniometer with SCA 20 software; drop volume and fitting details not reported,,,,,10.0,1.23,,,A,no,,,,,,"Table 1, PDF page 4; measurement method in Section 3.4.1, PDF page 13; re-extracted for v4.3 from records_B.csv",REC_1E678FE17A76,none,no,yes
MEA_9E0A386747D2,SFC_276A65283C60,SRC019,LIQ_6656B41AB7,33.8,reported_unspecified,DataPhysics OCA 15EC goniometer with SCA 20 software; drop volume and fitting details not reported,,,,,10.0,2.43,,,A,no,,,,,,"Table 1, PDF page 4; measurement method in Section 3.4.1, PDF page 13; re-extracted for v4.3 from records_B.csv",REC_577CCA554554,none,no,yes
MEA_4DBC988A2EE2,SFC_FDBAA751F265,SRC019,LIQ_53310FAFB3,58.9,reported_unspecified,DataPhysics OCA 15EC goniometer with SCA 20 software; drop volume and fitting details not reported,,,,,10.0,1.34,,,A,no,,,,,,"Table 1, PDF page 4; measurement method in Section 3.4.1, PDF page 13; re-extracted for v4.3 from records_B.csv",REC_E63AA984C8FE,none,no,yes
MEA_24628BBFC3E4,SFC_A3F14E86132F,SRC019,LIQ_53310FAFB3,51.1,reported_unspecified,DataPhysics OCA 15EC goniometer with SCA 20 software; drop volume and fitting details not reported,,,,,10.0,1.28,,,A,no,,,,,,"Table 1, PDF page 4; measurement method in Section 3.4.1, PDF page 13; re-extracted for v4.3 from records_B.csv",REC_7B539F45E04A,none,no,yes
MEA_D62496BE43DF,SFC_CBE685E89A46,SRC019,LIQ_53310FAFB3,48.2,reported_unspecified,DataPhysics OCA 15EC goniometer with SCA 20 software; drop volume and fitting details not reported,,,,,10.0,0.84,,,A,no,,,,,,"Table 1, PDF page 4; measurement method in Section 3.4.1, PDF page 13; re-extracted for v4.3 from records_B.csv",REC_8318DC207C42,none,no,yes
MEA_0570C69A0D97,SFC_679A3FFF1571,SRC019,LIQ_53310FAFB3,50.3,reported_unspecified,DataPhysics OCA 15EC goniometer with SCA 20 software; drop volume and fitting details not reported,,,,,10.0,1.84,,,A,no,,,,,,"Table 1, PDF page 4; measurement method in Section 3.4.1, PDF page 13; re-extracted for v4.3 from records_B.csv",REC_01F820C478F3,none,no,yes
MEA_1C28658C2B0B,SFC_276A65283C60,SRC019,LIQ_53310FAFB3,40.7,reported_unspecified,DataPhysics OCA 15EC goniometer with SCA 20 software; drop volume and fitting details not reported,,,,,10.0,3.32,,,A,no,,,,,,"Table 1, PDF page 4; measurement method in Section 3.4.1, PDF page 13; re-extracted for v4.3 from records_B.csv",REC_20D0A13EF3DE,none,no,yes
MEA_EDD5F2A07C6A,SFC_73D2A29D4F26,SRC020,LIQ_0F4168490E,89.2,equilibrium,"sessile drop, KSVCAM100; images every 2 s for 20 s; Young-Laplace fit and mean of both droplet sides",,,,,,2.1,,,A,no,,,,,,"Table 4, PDF page 6; specimen preparation in Section 2.1 and measurement method in Section 2.4, PDF page 3; re-extracted for v4.3 from records_B.csv",REC_2AA3E197FC57,none,no,yes
MEA_7D221AA30463,SFC_73D2A29D4F26,SRC020,LIQ_6656B41AB7,52.1,equilibrium,"sessile drop, KSVCAM100; images every 2 s for 20 s; Young-Laplace fit and mean of both droplet sides",,,,,,3.4,,,A,no,,,,,,"Table 4, PDF page 6; specimen preparation in Section 2.1 and measurement method in Section 2.4, PDF page 3; re-extracted for v4.3 from records_B.csv",REC_1441423C0269,none,no,yes
MEA_7C2DEFE0CD5F,SFC_73D2A29D4F26,SRC020,LIQ_1BD1B94C09,57.9,equilibrium,"sessile drop, KSVCAM100; images every 2 s for 20 s; Young-Laplace fit and mean of both droplet sides",,,,,,8.0,,,A,no,,,,,,"Table 4, PDF page 6; specimen preparation in Section 2.1 and measurement method in Section 2.4, PDF page 3; re-extracted for v4.3 from records_B.csv",REC_9016A28B82ED,none,no,yes
MEA_B1F363701175,SFC_5470E7AABA76,SRC020,LIQ_0F4168490E,83.0,equilibrium,"sessile drop, KSVCAM100; images every 2 s for 20 s; Young-Laplace fit and mean of both droplet sides",,,,,,1.7,,,A,no,,,,,,"Table 4, PDF page 6; specimen preparation in Section 2.1 and measurement method in Section 2.4, PDF page 3; re-extracted for v4.3 from records_B.csv",REC_4BF8B6BD91C9,none,no,yes
MEA_61A3016A97E8,SFC_5470E7AABA76,SRC020,LIQ_6656B41AB7,48.1,equilibrium,"sessile drop, KSVCAM100; images every 2 s for 20 s; Young-Laplace fit and mean of both droplet sides",,,,,,1.6,,,A,no,,,,,,"Table 4, PDF page 6; specimen preparation in Section 2.1 and measurement method in Section 2.4, PDF page 3; re-extracted for v4.3 from records_B.csv",REC_560795774093,none,no,yes
MEA_F53F2B1A301D,SFC_5470E7AABA76,SRC020,LIQ_1BD1B94C09,59.2,equilibrium,"sessile drop, KSVCAM100; images every 2 s for 20 s; Young-Laplace fit and mean of both droplet sides",,,,,,4.5,,,A,no,,,,,,"Table 4, PDF page 6; specimen preparation in Section 2.1 and measurement method in Section 2.4, PDF page 3; re-extracted for v4.3 from records_B.csv",REC_1610E083E916,none,no,yes
MEA_D47CAB156E91,SFC_1075187E61D9,SRC020,LIQ_0F4168490E,16.2,equilibrium,"sessile drop, KSVCAM100; images every 2 s for 20 s; Young-Laplace fit and mean of both droplet sides",,,,,,2.1,,,A,no,,,,,,"Table 4, PDF page 6; specimen preparation in Section 2.1 and measurement method in Section 2.4, PDF page 3; re-extracted for v4.3 from records_B.csv",REC_F831DCBC3FDB,none,no,yes
MEA_191644CAA491,SFC_1075187E61D9,SRC020,LIQ_6656B41AB7,9.4,equilibrium,"sessile drop, KSVCAM100; images every 2 s for 20 s; Young-Laplace fit and mean of both droplet sides",,,,,,1.4,,,A,no,,,,,,"Table 4, PDF page 6; specimen preparation in Section 2.1 and measurement method in Section 2.4, PDF page 3; re-extracted for v4.3 from records_B.csv",REC_4AFD13E99785,none,no,yes
MEA_09F56FBCB6CF,SFC_1075187E61D9,SRC020,LIQ_1BD1B94C09,11.3,equilibrium,"sessile drop, KSVCAM100; images every 2 s for 20 s; Young-Laplace fit and mean of both droplet sides",,,,,,0.6,,,A,no,,,,,,"Table 4, PDF page 6; specimen preparation in Section 2.1 and measurement method in Section 2.4, PDF page 3; re-extracted for v4.3 from records_B.csv",REC_F9D13A0D061F,none,no,yes
MEA_DB062C88B61E,SFC_8B52F1C7FE1D,SRC020,LIQ_0F4168490E,22.4,equilibrium,"sessile drop, KSVCAM100; images every 2 s for 20 s; Young-Laplace fit and mean of both droplet sides",,,,,,2.6,,,A,no,,,,,,"Table 4, PDF page 6; specimen preparation in Section 2.1 and measurement method in Section 2.4, PDF page 3; re-extracted for v4.3 from records_B.csv",REC_92188698753A,none,no,yes
MEA_1FEF9F85FAE0,SFC_8B52F1C7FE1D,SRC020,LIQ_6656B41AB7,12.7,equilibrium,"sessile drop, KSVCAM100; images every 2 s for 20 s; Young-Laplace fit and mean of both droplet sides",,,,,,1.2,,,A,no,,,,,,"Table 4, PDF page 6; specimen preparation in Section 2.1 and measurement method in Section 2.4, PDF page 3; re-extracted for v4.3 from records_B.csv",REC_C3479456C127,none,no,yes
MEA_514B9F585C2C,SFC_8B52F1C7FE1D,SRC020,LIQ_1BD1B94C09,17.5,equilibrium,"sessile drop, KSVCAM100; images every 2 s for 20 s; Young-Laplace fit and mean of both droplet sides",,,,,,1.7,,,A,no,,,,,,"Table 4, PDF page 6; specimen preparation in Section 2.1 and measurement method in Section 2.4, PDF page 3; re-extracted for v4.3 from records_B.csv",REC_7FF628AA8E7A,none,no,yes
MEA_005A452343B0,SFC_1CA3A2AD0E46,SRC020,LIQ_0F4168490E,16.0,equilibrium,"sessile drop, KSVCAM100; images every 2 s for 20 s; Young-Laplace fit and mean of both droplet sides",,,,,,2.0,,,A,no,,,,,,"Table 4, PDF page 6; specimen preparation in Section 2.1 and measurement method in Section 2.4, PDF page 3; re-extracted for v4.3 from records_B.csv",REC_EE2935474115,none,no,yes
MEA_1DDB887143F1,SFC_1CA3A2AD0E46,SRC020,LIQ_6656B41AB7,8.9,equilibrium,"sessile drop, KSVCAM100; images every 2 s for 20 s; Young-Laplace fit and mean of both droplet sides",,,,,,1.9,,,A,no,,,,,,"Table 4, PDF page 6; specimen preparation in Section 2.1 and measurement method in Section 2.4, PDF page 3; re-extracted for v4.3 from records_B.csv",REC_F33A0F2EAD18,none,no,yes
MEA_75C4E8A2783C,SFC_1CA3A2AD0E46,SRC020,LIQ_1BD1B94C09,12.8,equilibrium,"sessile drop, KSVCAM100; images every 2 s for 20 s; Young-Laplace fit and mean of both droplet sides",,,,,,3.1,,,A,no,,,,,,"Table 4, PDF page 6; specimen preparation in Section 2.1 and measurement method in Section 2.4, PDF page 3; re-extracted for v4.3 from records_B.csv",REC_71553E6DE426,none,no,yes
MEA_8842CBC2F599,SFC_BF926E361754,SRC020,LIQ_0F4168490E,,equilibrium,"sessile drop, KSVCAM100; images every 2 s for 20 s; Young-Laplace fit and mean of both droplet sides",,,,,,,,,B,no,,,,,,"Table 4, PDF page 6; specimen preparation in Section 2.1 and measurement method in Section 2.4, PDF page 3; re-extracted for v4.3 from records_B.csv",REC_B5949A62B44C,none,no,no
MEA_CC8ABFD57C73,SFC_BF926E361754,SRC020,LIQ_6656B41AB7,,equilibrium,"sessile drop, KSVCAM100; images every 2 s for 20 s; Young-Laplace fit and mean of both droplet sides",,,,,,,,,B,no,,,,,,"Table 4, PDF page 6; specimen preparation in Section 2.1 and measurement method in Section 2.4, PDF page 3; re-extracted for v4.3 from records_B.csv",REC_8039F4993193,none,no,no
MEA_51189A0C9E68,SFC_BF926E361754,SRC020,LIQ_1BD1B94C09,,equilibrium,"sessile drop, KSVCAM100; images every 2 s for 20 s; Young-Laplace fit and mean of both droplet sides",,,,,,,,,B,no,,,,,,"Table 4, PDF page 6; specimen preparation in Section 2.1 and measurement method in Section 2.4, PDF page 3; re-extracted for v4.3 from records_B.csv",REC_814FD53C50A5,none,no,no
MEA_9977706AA0C1,SFC_D397F2986C35,SRC020,LIQ_0F4168490E,,equilibrium,"sessile drop, KSVCAM100; images every 2 s for 20 s; Young-Laplace fit and mean of both droplet sides",,,,,,,,,B,no,,,,,,"Table 4, PDF page 6; specimen preparation in Section 2.1 and measurement method in Section 2.4, PDF page 3; re-extracted for v4.3 from records_B.csv",REC_9A52BD44CD5B,none,no,no
MEA_54D5496DCA61,SFC_D397F2986C35,SRC020,LIQ_6656B41AB7,,equilibrium,"sessile drop, KSVCAM100; images every 2 s for 20 s; Young-Laplace fit and mean of both droplet sides",,,,,,,,,B,no,,,,,,"Table 4, PDF page 6; specimen preparation in Section 2.1 and measurement method in Section 2.4, PDF page 3; re-extracted for v4.3 from records_B.csv",REC_20DE772B61F7,none,no,no
MEA_8EDA9CF95D21,SFC_D397F2986C35,SRC020,LIQ_1BD1B94C09,,equilibrium,"sessile drop, KSVCAM100; images every 2 s for 20 s; Young-Laplace fit and mean of both droplet sides",,,,,,,,,B,no,,,,,,"Table 4, PDF page 6; specimen preparation in Section 2.1 and measurement method in Section 2.4, PDF page 3; re-extracted for v4.3 from records_B.csv",REC_535CED309C53,none,no,no
MEA_F66A990A547C,SFC_6980F540F8E8,SRC020,LIQ_0F4168490E,,equilibrium,"sessile drop, KSVCAM100; images every 2 s for 20 s; Young-Laplace fit and mean of both droplet sides",,,,,,,,,B,no,,,,,,"Table 4, PDF page 6; specimen preparation in Section 2.1 and measurement method in Section 2.4, PDF page 3; re-extracted for v4.3 from records_B.csv",REC_FFEA17C61311,none,no,no
MEA_FAB92CCEE809,SFC_6980F540F8E8,SRC020,LIQ_6656B41AB7,,equilibrium,"sessile drop, KSVCAM100; images every 2 s for 20 s; Young-Laplace fit and mean of both droplet sides",,,,,,,,,B,no,,,,,,"Table 4, PDF page 6; specimen preparation in Section 2.1 and measurement method in Section 2.4, PDF page 3; re-extracted for v4.3 from records_B.csv",REC_9AB9061D8308,none,no,no
MEA_5D1DFDA320E1,SFC_6980F540F8E8,SRC020,LIQ_1BD1B94C09,,equilibrium,"sessile drop, KSVCAM100; images every 2 s for 20 s; Young-Laplace fit and mean of both droplet sides",,,,,,,,,B,no,,,,,,"Table 4, PDF page 6; specimen preparation in Section 2.1 and measurement method in Section 2.4, PDF page 3; re-extracted for v4.3 from records_B.csv",REC_099AFF99C097,none,no,no
MEA_16C0B9011A9E,SFC_69D0A064AEAB,SRC021,LIQ_0F4168490E,148.4,reported_unspecified,drop-shape analysis under ambient conditions; direct tangent-angle measurement,,,,,9.0,5.8,,,A,no,,,,,,"Table 4, PDF page 8; sample metadata in Table 1, PDF page 4; measurement method in Section 2.4, PDF page 3; re-extracted for v4.3 from records_B.csv",REC_8A30B5A2E7D0,none,no,yes
MEA_8671E31672F1,SFC_69D0A064AEAB,SRC021,LIQ_53310FAFB3,13.7,reported_unspecified,drop-shape analysis under ambient conditions; direct tangent-angle measurement,,,,,9.0,2.8,,,A,no,,,,,,"Table 4, PDF page 8; sample metadata in Table 1, PDF page 4; measurement method in Section 2.4, PDF page 3; re-extracted for v4.3 from records_B.csv",REC_10E7DA273E92,none,no,yes
MEA_1FFE82F33FF1,SFC_69D0A064AEAB,SRC021,LIQ_6656B41AB7,,reported_unspecified,drop-shape analysis under ambient conditions; direct tangent-angle measurement,,,,,9.0,,,,B,no,,,,,,"Table 4, PDF page 8; sample metadata in Table 1, PDF page 4; measurement method in Section 2.4, PDF page 3; re-extracted for v4.3 from records_B.csv",REC_29A5B446D30B,none,no,no
MEA_3D3A2E972E73,SFC_69D0A064AEAB,SRC021,LIQ_1BD1B94C09,88.0,reported_unspecified,drop-shape analysis under ambient conditions; direct tangent-angle measurement,,,,,9.0,0.7,,,A,no,,,,,,"Table 4, PDF page 8; sample metadata in Table 1, PDF page 4; measurement method in Section 2.4, PDF page 3; re-extracted for v4.3 from records_B.csv",REC_F4B914C767B3,none,no,yes
MEA_D3F6F586086F,SFC_49F69580DC1F,SRC021,LIQ_0F4168490E,157.0,reported_unspecified,drop-shape analysis under ambient conditions; direct tangent-angle measurement,,,,,9.0,2.5,,,A,no,,,,,,"Table 4, PDF page 8; sample metadata in Table 1, PDF page 4; measurement method in Section 2.4, PDF page 3; re-extracted for v4.3 from records_B.csv",REC_AA2869E439FE,none,no,yes
MEA_DD53D6DB9E7D,SFC_49F69580DC1F,SRC021,LIQ_53310FAFB3,14.2,reported_unspecified,drop-shape analysis under ambient conditions; direct tangent-angle measurement,,,,,9.0,5.0,,,A,no,,,,,,"Table 4, PDF page 8; sample metadata in Table 1, PDF page 4; measurement method in Section 2.4, PDF page 3; re-extracted for v4.3 from records_B.csv",REC_756809574997,none,no,yes
MEA_C4EE1FCEABE7,SFC_49F69580DC1F,SRC021,LIQ_6656B41AB7,,reported_unspecified,drop-shape analysis under ambient conditions; direct tangent-angle measurement,,,,,9.0,,,,B,no,,,,,,"Table 4, PDF page 8; sample metadata in Table 1, PDF page 4; measurement method in Section 2.4, PDF page 3; re-extracted for v4.3 from records_B.csv",REC_8C12CD933D01,none,no,no
MEA_DD106CECD7C0,SFC_49F69580DC1F,SRC021,LIQ_1BD1B94C09,94.5,reported_unspecified,drop-shape analysis under ambient conditions; direct tangent-angle measurement,,,,,9.0,4.0,,,A,no,,,,,,"Table 4, PDF page 8; sample metadata in Table 1, PDF page 4; measurement method in Section 2.4, PDF page 3; re-extracted for v4.3 from records_B.csv",REC_228382F563EF,none,no,yes
MEA_16379D0BA630,SFC_B77A1F4FDF6A,SRC021,LIQ_0F4168490E,129.3,reported_unspecified,drop-shape analysis under ambient conditions; direct tangent-angle measurement,,,,,9.0,4.0,,,A,no,,,,,,"Table 4, PDF page 8; sample metadata in Table 1, PDF page 4; measurement method in Section 2.4, PDF page 3; re-extracted for v4.3 from records_B.csv",REC_23F3577915EA,none,no,yes
MEA_C955CAD6F09F,SFC_B77A1F4FDF6A,SRC021,LIQ_53310FAFB3,59.1,reported_unspecified,drop-shape analysis under ambient conditions; direct tangent-angle measurement,,,,,9.0,1.8,,,A,no,,,,,,"Table 4, PDF page 8; sample metadata in Table 1, PDF page 4; measurement method in Section 2.4, PDF page 3; re-extracted for v4.3 from records_B.csv",REC_48C3A46F0173,none,no,yes
MEA_926D70B83FFE,SFC_B77A1F4FDF6A,SRC021,LIQ_6656B41AB7,30.0,reported_unspecified,drop-shape analysis under ambient conditions; direct tangent-angle measurement,,,,,9.0,4.3,,,A,no,,,,,,"Table 4, PDF page 8; sample metadata in Table 1, PDF page 4; measurement method in Section 2.4, PDF page 3; re-extracted for v4.3 from records_B.csv",REC_D72E46CF6C42,none,no,yes
MEA_C88C09E7811A,SFC_B77A1F4FDF6A,SRC021,LIQ_1BD1B94C09,63.5,reported_unspecified,drop-shape analysis under ambient conditions; direct tangent-angle measurement,,,,,9.0,9.7,,,A,no,,,,,,"Table 4, PDF page 8; sample metadata in Table 1, PDF page 4; measurement method in Section 2.4, PDF page 3; re-extracted for v4.3 from records_B.csv",REC_1E2233F0DBCE,none,no,yes
MEA_CA8B879E78A3,SFC_952282A2BB2E,SRC021,LIQ_0F4168490E,117.9,reported_unspecified,drop-shape analysis under ambient conditions; direct tangent-angle measurement,,,,,9.0,4.3,,,A,no,,,,,,"Table 4, PDF page 8; sample metadata in Table 1, PDF page 4; measurement method in Section 2.4, PDF page 3; re-extracted for v4.3 from records_B.csv",REC_3E5A5111B980,none,no,yes
MEA_3FB7D4081A91,SFC_952282A2BB2E,SRC021,LIQ_53310FAFB3,61.6,reported_unspecified,drop-shape analysis under ambient conditions; direct tangent-angle measurement,,,,,9.0,3.0,,,A,no,,,,,,"Table 4, PDF page 8; sample metadata in Table 1, PDF page 4; measurement method in Section 2.4, PDF page 3; re-extracted for v4.3 from records_B.csv",REC_DE8684E4080C,none,no,yes
MEA_7A05A223DF99,SFC_952282A2BB2E,SRC021,LIQ_6656B41AB7,55.5,reported_unspecified,drop-shape analysis under ambient conditions; direct tangent-angle measurement,,,,,9.0,1.0,,,A,no,,,,,,"Table 4, PDF page 8; sample metadata in Table 1, PDF page 4; measurement method in Section 2.4, PDF page 3; re-extracted for v4.3 from records_B.csv",REC_010907AC3A61,none,no,yes
MEA_1F00C5E26194,SFC_952282A2BB2E,SRC021,LIQ_1BD1B94C09,82.2,reported_unspecified,drop-shape analysis under ambient conditions; direct tangent-angle measurement,,,,,9.0,7.0,,,A,no,,,,,,"Table 4, PDF page 8; sample metadata in Table 1, PDF page 4; measurement method in Section 2.4, PDF page 3; re-extracted for v4.3 from records_B.csv",REC_EBB296830276,none,no,yes
MEA_E979B74C723D,SFC_EBFB164587A1,SRC021,LIQ_0F4168490E,158.5,reported_unspecified,drop-shape analysis under ambient conditions; direct tangent-angle measurement,,,,,9.0,2.1,,,A,no,,,,,,"Table 5, PDF page 8; sample metadata in Table 1, PDF page 4; measurement method in Section 2.4, PDF page 3; re-extracted for v4.3 from records_B.csv",REC_941402D68EE6,none,no,yes
MEA_C9983E004AC5,SFC_EBFB164587A1,SRC021,LIQ_53310FAFB3,136.1,reported_unspecified,drop-shape analysis under ambient conditions; direct tangent-angle measurement,,,,,9.0,4.7,,,A,no,,,,,,"Table 5, PDF page 8; sample metadata in Table 1, PDF page 4; measurement method in Section 2.4, PDF page 3; re-extracted for v4.3 from records_B.csv",REC_F6C5B2F282CE,none,no,yes
MEA_7EA0109FFC84,SFC_EBFB164587A1,SRC021,LIQ_6656B41AB7,148.7,reported_unspecified,drop-shape analysis under ambient conditions; direct tangent-angle measurement,,,,,9.0,8.1,,,A,no,,,,,,"Table 5, PDF page 8; sample metadata in Table 1, PDF page 4; measurement method in Section 2.4, PDF page 3; re-extracted for v4.3 from records_B.csv",REC_DC6113D080E8,none,no,yes
MEA_62355CB879EE,SFC_EBFB164587A1,SRC021,LIQ_1BD1B94C09,146.2,reported_unspecified,drop-shape analysis under ambient conditions; direct tangent-angle measurement,,,,,9.0,3.9,,,A,no,,,,,,"Table 5, PDF page 8; sample metadata in Table 1, PDF page 4; measurement method in Section 2.4, PDF page 3; re-extracted for v4.3 from records_B.csv",REC_772585D7515A,none,no,yes
MEA_DD03A0DAE390,SFC_15CCB7C5DFE8,SRC021,LIQ_0F4168490E,163.2,reported_unspecified,drop-shape analysis under ambient conditions; direct tangent-angle measurement,,,,,9.0,2.9,,,A,no,,,,,,"Table 5, PDF page 8; sample metadata in Table 1, PDF page 4; measurement method in Section 2.4, PDF page 3; re-extracted for v4.3 from records_B.csv",REC_DC6F27BBA727,none,no,yes
MEA_D6272F307437,SFC_15CCB7C5DFE8,SRC021,LIQ_53310FAFB3,142.4,reported_unspecified,drop-shape analysis under ambient conditions; direct tangent-angle measurement,,,,,9.0,5.1,,,A,no,,,,,,"Table 5, PDF page 8; sample metadata in Table 1, PDF page 4; measurement method in Section 2.4, PDF page 3; re-extracted for v4.3 from records_B.csv",REC_08B7EDDF1638,none,no,yes
MEA_BA3A34AD5D04,SFC_15CCB7C5DFE8,SRC021,LIQ_6656B41AB7,152.3,reported_unspecified,drop-shape analysis under ambient conditions; direct tangent-angle measurement,,,,,9.0,8.6,,,A,no,,,,,,"Table 5, PDF page 8; sample metadata in Table 1, PDF page 4; measurement method in Section 2.4, PDF page 3; re-extracted for v4.3 from records_B.csv",REC_BD55BFF1D28B,none,no,yes
MEA_7C181C7FC00D,SFC_15CCB7C5DFE8,SRC021,LIQ_1BD1B94C09,145.3,reported_unspecified,drop-shape analysis under ambient conditions; direct tangent-angle measurement,,,,,9.0,1.5,,,A,no,,,,,,"Table 5, PDF page 8; sample metadata in Table 1, PDF page 4; measurement method in Section 2.4, PDF page 3; re-extracted for v4.3 from records_B.csv",REC_490F5D5234FF,none,no,yes
MEA_C0343AD62F63,SFC_5F6F6DCB2B01,SRC021,LIQ_0F4168490E,148.0,reported_unspecified,drop-shape analysis under ambient conditions; direct tangent-angle measurement,,,,,9.0,4.2,,,A,no,,,,,,"Table 5, PDF page 8; sample metadata in Table 1, PDF page 4; measurement method in Section 2.4, PDF page 3; re-extracted for v4.3 from records_B.csv",REC_61E3832BED1D,none,no,yes
MEA_C85C84F008FD,SFC_5F6F6DCB2B01,SRC021,LIQ_53310FAFB3,129.7,reported_unspecified,drop-shape analysis under ambient conditions; direct tangent-angle measurement,,,,,9.0,2.2,,,A,no,,,,,,"Table 5, PDF page 8; sample metadata in Table 1, PDF page 4; measurement method in Section 2.4, PDF page 3; re-extracted for v4.3 from records_B.csv",REC_5F24E4AE6351,none,no,yes
MEA_DBAF6B6FEC1D,SFC_5F6F6DCB2B01,SRC021,LIQ_6656B41AB7,107.7,reported_unspecified,drop-shape analysis under ambient conditions; direct tangent-angle measurement,,,,,9.0,6.3,,,A,no,,,,,,"Table 5, PDF page 8; sample metadata in Table 1, PDF page 4; measurement method in Section 2.4, PDF page 3; re-extracted for v4.3 from records_B.csv",REC_2D2EFE3971DA,none,no,yes
MEA_7DAEBF8E93C2,SFC_5F6F6DCB2B01,SRC021,LIQ_1BD1B94C09,119.0,reported_unspecified,drop-shape analysis under ambient conditions; direct tangent-angle measurement,,,,,9.0,7.8,,,A,no,,,,,,"Table 5, PDF page 8; sample metadata in Table 1, PDF page 4; measurement method in Section 2.4, PDF page 3; re-extracted for v4.3 from records_B.csv",REC_1406ECDCFEBC,none,no,yes
MEA_6CA32286B3DA,SFC_D37916923909,SRC021,LIQ_0F4168490E,147.0,reported_unspecified,drop-shape analysis under ambient conditions; direct tangent-angle measurement,,,,,9.0,3.0,,,A,no,,,,,,"Table 5, PDF page 8; sample metadata in Table 1, PDF page 4; measurement method in Section 2.4, PDF page 3; re-extracted for v4.3 from records_B.csv",REC_BF017243719A,none,no,yes
MEA_A6E3B7BEB8BF,SFC_D37916923909,SRC021,LIQ_53310FAFB3,122.6,reported_unspecified,drop-shape analysis under ambient conditions; direct tangent-angle measurement,,,,,9.0,3.9,,,A,no,,,,,,"Table 5, PDF page 8; sample metadata in Table 1, PDF page 4; measurement method in Section 2.4, PDF page 3; re-extracted for v4.3 from records_B.csv",REC_CF6582F4BC39,none,no,yes
MEA_2E8912ACAADE,SFC_D37916923909,SRC021,LIQ_6656B41AB7,97.1,reported_unspecified,drop-shape analysis under ambient conditions; direct tangent-angle measurement,,,,,9.0,1.5,,,A,no,,,,,,"Table 5, PDF page 8; sample metadata in Table 1, PDF page 4; measurement method in Section 2.4, PDF page 3; re-extracted for v4.3 from records_B.csv",REC_6334806729BF,none,no,yes
MEA_B9E64737B541,SFC_D37916923909,SRC021,LIQ_1BD1B94C09,124.1,reported_unspecified,drop-shape analysis under ambient conditions; direct tangent-angle measurement,,,,,9.0,4.2,,,A,no,,,,,,"Table 5, PDF page 8; sample metadata in Table 1, PDF page 4; measurement method in Section 2.4, PDF page 3; re-extracted for v4.3 from records_B.csv",REC_90A29B330C03,none,no,yes
