target_measurement_id,record_id,source_group_id,surface_group_id,target_liquid_id,target_contact_angle_deg,v4_split,has_independent_sfe,independent_sfe_dispersion_mj_m2,independent_sfe_polar_mj_m2,sample_id,prediction_mode,probe_measurement_ids,probe_liquid_ids,n_probes,target_liquid_removed,loo_sfe_feasible,loo_sfe_failure_reason,nnls_dispersion_mj_m2,nnls_polar_mj_m2,nnls_physical_prediction_deg
CA0001,CA0001,SRC023,SFC_04353B2CE787,LIQ_0F4168490E,70.0,excluded_review,no,,,ZS_CA0001,zero_shot,,,0,no,no,zero_shot_not_applicable,0.0,0.0,0.0
CA0002,CA0002,SRC023,SFC_96578C5761C3,LIQ_0F4168490E,75.0,excluded_review,no,,,ZS_CA0002,zero_shot,,,0,no,no,zero_shot_not_applicable,0.0,0.0,0.0
CA0003,CA0003,SRC023,SFC_A713C80D8A86,LIQ_0F4168490E,76.0,excluded_review,no,,,ZS_CA0003,zero_shot,,,0,no,no,zero_shot_not_applicable,0.0,0.0,0.0
CA0004,CA0004,SRC023,SFC_833BD19E975A,LIQ_0F4168490E,78.0,excluded_review,no,,,ZS_CA0004,zero_shot,,,0,no,no,zero_shot_not_applicable,0.0,0.0,0.0
CA0005,CA0005,SRC023,SFC_EF3937BBEA40,LIQ_0F4168490E,65.0,excluded_review,no,,,ZS_CA0005,zero_shot,,,0,no,no,zero_shot_not_applicable,0.0,0.0,0.0
CA0006,CA0006,SRC023,SFC_B1C3F4195927,LIQ_0F4168490E,64.0,excluded_review,no,,,ZS_CA0006,zero_shot,,,0,no,no,zero_shot_not_applicable,0.0,0.0,0.0
CA0007,CA0007,SRC023,SFC_3269642DA2B0,LIQ_0F4168490E,72.0,excluded_review,no,,,ZS_CA0007,zero_shot,,,0,no,no,zero_shot_not_applicable,0.0,0.0,0.0
CA0008,CA0008,SRC023,SFC_258CBA406DD6,LIQ_0F4168490E,74.0,excluded_review,no,,,ZS_CA0008,zero_shot,,,0,no,no,zero_shot_not_applicable,0.0,0.0,0.0
CA0009,CA0009,SRC023,SFC_DB683EF7A2C1,LIQ_0F4168490E,80.0,excluded_review,no,,,ZS_CA0009,zero_shot,,,0,no,no,zero_shot_not_applicable,0.0,0.0,0.0
CA0010,CA0010,SRC023,SFC_EEA5FB824E7A,LIQ_0F4168490E,75.0,excluded_review,no,,,ZS_CA0010,zero_shot,,,0,no,no,zero_shot_not_applicable,0.0,0.0,0.0
CA0011,CA0011,SRC023,SFC_E24B19E460DE,LIQ_0F4168490E,82.0,excluded_review,no,,,ZS_CA0011,zero_shot,,,0,no,no,zero_shot_not_applicable,0.0,0.0,0.0
CA0012,CA0012,SRC023,SFC_782084083F60,LIQ_0F4168490E,73.0,excluded_review,no,,,ZS_CA0012,zero_shot,,,0,no,no,zero_shot_not_applicable,0.0,0.0,0.0
CA0013,CA0013,SRC023,SFC_F08E28324066,LIQ_0F4168490E,88.0,excluded_review,no,,,ZS_CA0013,zero_shot,,,0,no,no,zero_shot_not_applicable,0.0,0.0,0.0
CA0014,CA0014,SRC023,SFC_0C4EEBCACC30,LIQ_0F4168490E,92.0,excluded_review,no,,,ZS_CA0014,zero_shot,,,0,no,no,zero_shot_not_applicable,0.0,0.0,0.0
CA0015,CA0015,SRC023,SFC_F715B35B2C9F,LIQ_0F4168490E,62.0,excluded_review,no,,,ZS_CA0015,zero_shot,,,0,no,no,zero_shot_not_applicable,0.0,0.0,0.0
CA0016,CA0016,SRC023,SFC_04353B2CE787,LIQ_53310FAFB3,58.0,excluded_review,no,,,ZS_CA0016,zero_shot,,,0,no,no,zero_shot_not_applicable,0.0,0.0,0.0
CA0017,CA0017,SRC023,SFC_96578C5761C3,LIQ_53310FAFB3,55.0,excluded_review,no,,,ZS_CA0017,zero_shot,,,0,no,no,zero_shot_not_applicable,0.0,0.0,0.0
CA0018,CA0018,SRC023,SFC_A713C80D8A86,LIQ_53310FAFB3,62.0,excluded_review,no,,,ZS_CA0018,zero_shot,,,0,no,no,zero_shot_not_applicable,0.0,0.0,0.0
CA0019,CA0019,SRC023,SFC_833BD19E975A,LIQ_53310FAFB3,68.0,excluded_review,no,,,ZS_CA0019,zero_shot,,,0,no,no,zero_shot_not_applicable,0.0,0.0,0.0
CA0020,CA0020,SRC023,SFC_EF3937BBEA40,LIQ_53310FAFB3,52.0,excluded_review,no,,,ZS_CA0020,zero_shot,,,0,no,no,zero_shot_not_applicable,0.0,0.0,0.0
CA0021,CA0021,SRC023,SFC_B1C3F4195927,LIQ_53310FAFB3,50.0,excluded_review,no,,,ZS_CA0021,zero_shot,,,0,no,no,zero_shot_not_applicable,0.0,0.0,0.0
CA0022,CA0022,SRC023,SFC_3269642DA2B0,LIQ_53310FAFB3,56.0,excluded_review,no,,,ZS_CA0022,zero_shot,,,0,no,no,zero_shot_not_applicable,0.0,0.0,0.0
CA0023,CA0023,SRC023,SFC_258CBA406DD6,LIQ_53310FAFB3,60.0,excluded_review,no,,,ZS_CA0023,zero_shot,,,0,no,no,zero_shot_not_applicable,0.0,0.0,0.0
CA0024,CA0024,SRC023,SFC_DB683EF7A2C1,LIQ_53310FAFB3,65.0,excluded_review,no,,,ZS_CA0024,zero_shot,,,0,no,no,zero_shot_not_applicable,0.0,0.0,0.0
CA0025,CA0025,SRC023,SFC_EEA5FB824E7A,LIQ_53310FAFB3,60.0,excluded_review,no,,,ZS_CA0025,zero_shot,,,0,no,no,zero_shot_not_applicable,0.0,0.0,0.0
CA0026,CA0026,SRC023,SFC_E24B19E460DE,LIQ_53310FAFB3,70.0,excluded_review,no,,,ZS_CA0026,zero_shot,,,0,no,no,zero_shot_not_applicable,0.0,0.0,0.0
CA0027,CA0027,SRC023,SFC_782084083F60,LIQ_53310FAFB3,58.0,excluded_review,no,,,ZS_CA0027,zero_shot,,,0,no,no,zero_shot_not_applicable,0.0,0.0,0.0
CA0028,CA0028,SRC023,SFC_F08E28324066,LIQ_53310FAFB3,78.0,excluded_review,no,,,ZS_CA0028,zero_shot,,,0,no,no,zero_shot_not_applicable,0.0,0.0,0.0
CA0029,CA0029,SRC023,SFC_0C4EEBCACC30,LIQ_53310FAFB3,82.0,excluded_review,no,,,ZS_CA0029,zero_shot,,,0,no,no,zero_shot_not_applicable,0.0,0.0,0.0
CA0030,CA0030,SRC023,SFC_F715B35B2C9F,LIQ_53310FAFB3,48.0,excluded_review,no,,,ZS_CA0030,zero_shot,,,0,no,no,zero_shot_not_applicable,0.0,0.0,0.0
CA0031,CA0031,SRC023,SFC_04353B2CE787,LIQ_1BD1B94C09,55.0,excluded_review,no,,,ZS_CA0031,zero_shot,,,0,no,no,zero_shot_not_applicable,0.0,0.0,0.0
CA0032,CA0032,SRC023,SFC_96578C5761C3,LIQ_1BD1B94C09,52.0,excluded_review,no,,,ZS_CA0032,zero_shot,,,0,no,no,zero_shot_not_applicable,0.0,0.0,0.0
CA0033,CA0033,SRC023,SFC_A713C80D8A86,LIQ_1BD1B94C09,58.0,excluded_review,no,,,ZS_CA0033,zero_shot,,,0,no,no,zero_shot_not_applicable,0.0,0.0,0.0
CA0034,CA0034,SRC023,SFC_833BD19E975A,LIQ_1BD1B94C09,62.0,excluded_review,no,,,ZS_CA0034,zero_shot,,,0,no,no,zero_shot_not_applicable,0.0,0.0,0.0
CA0035,CA0035,SRC023,SFC_EF3937BBEA40,LIQ_1BD1B94C09,48.0,excluded_review,no,,,ZS_CA0035,zero_shot,,,0,no,no,zero_shot_not_applicable,0.0,0.0,0.0
CA0036,CA0036,SRC023,SFC_B1C3F4195927,LIQ_1BD1B94C09,46.0,excluded_review,no,,,ZS_CA0036,zero_shot,,,0,no,no,zero_shot_not_applicable,0.0,0.0,0.0
CA0037,CA0037,SRC023,SFC_3269642DA2B0,LIQ_1BD1B94C09,50.0,excluded_review,no,,,ZS_CA0037,zero_shot,,,0,no,no,zero_shot_not_applicable,0.0,0.0,0.0
CA0038,CA0038,SRC023,SFC_258CBA406DD6,LIQ_1BD1B94C09,56.0,excluded_review,no,,,ZS_CA0038,zero_shot,,,0,no,no,zero_shot_not_applicable,0.0,0.0,0.0
CA0039,CA0039,SRC023,SFC_DB683EF7A2C1,LIQ_1BD1B94C09,60.0,excluded_review,no,,,ZS_CA0039,zero_shot,,,0,no,no,zero_shot_not_applicable,0.0,0.0,0.0
CA0040,CA0040,SRC023,SFC_EEA5FB824E7A,LIQ_1BD1B94C09,55.0,excluded_review,no,,,ZS_CA0040,zero_shot,,,0,no,no,zero_shot_not_applicable,0.0,0.0,0.0
CA0041,CA0041,SRC023,SFC_E24B19E460DE,LIQ_1BD1B94C09,65.0,excluded_review,no,,,ZS_CA0041,zero_shot,,,0,no,no,zero_shot_not_applicable,0.0,0.0,0.0
CA0042,CA0042,SRC023,SFC_782084083F60,LIQ_1BD1B94C09,54.0,excluded_review,no,,,ZS_CA0042,zero_shot,,,0,no,no,zero_shot_not_applicable,0.0,0.0,0.0
CA0043,CA0043,SRC023,SFC_8236ECA9EB74,LIQ_0F4168490E,115.0,excluded_review,no,,,ZS_CA0043,zero_shot,,,0,no,no,zero_shot_not_applicable,0.0,0.0,0.0
CA0044,CA0044,SRC023,SFC_49842D0D9B8F,LIQ_0F4168490E,110.0,excluded_review,no,,,ZS_CA0044,zero_shot,,,0,no,no,zero_shot_not_applicable,0.0,0.0,0.0
CA0045,CA0045,SRC023,SFC_E805A27F910D,LIQ_0F4168490E,118.0,excluded_review,no,,,ZS_CA0045,zero_shot,,,0,no,no,zero_shot_not_applicable,0.0,0.0,0.0
CA0046,CA0046,SRC023,SFC_8236ECA9EB74,LIQ_6656B41AB7,88.0,excluded_review,no,,,ZS_CA0046,zero_shot,,,0,no,no,zero_shot_not_applicable,0.0,0.0,0.0
CA0047,CA0047,SRC023,SFC_49842D0D9B8F,LIQ_6656B41AB7,82.0,excluded_review,no,,,ZS_CA0047,zero_shot,,,0,no,no,zero_shot_not_applicable,0.0,0.0,0.0
CA0048,CA0048,SRC023,SFC_E805A27F910D,LIQ_6656B41AB7,90.0,excluded_review,no,,,ZS_CA0048,zero_shot,,,0,no,no,zero_shot_not_applicable,0.0,0.0,0.0
CA0049,CA0049,SRC023,SFC_8236ECA9EB74,LIQ_53310FAFB3,98.0,excluded_review,no,,,ZS_CA0049,zero_shot,,,0,no,no,zero_shot_not_applicable,0.0,0.0,0.0
CA0050,CA0050,SRC023,SFC_49842D0D9B8F,LIQ_53310FAFB3,95.0,excluded_review,no,,,ZS_CA0050,zero_shot,,,0,no,no,zero_shot_not_applicable,0.0,0.0,0.0
CA0051,CA0051,SRC023,SFC_E805A27F910D,LIQ_53310FAFB3,100.0,excluded_review,no,,,ZS_CA0051,zero_shot,,,0,no,no,zero_shot_not_applicable,0.0,0.0,0.0
CA0052,CA0052,SRC023,SFC_2F8ECAFB7400,LIQ_0F4168490E,85.0,excluded_review,no,,,ZS_CA0052,zero_shot,,,0,no,no,zero_shot_not_applicable,0.0,0.0,0.0
CA0053,CA0053,SRC023,SFC_09D2365FF128,LIQ_0F4168490E,95.0,excluded_review,no,,,ZS_CA0053,zero_shot,,,0,no,no,zero_shot_not_applicable,0.0,0.0,0.0
CA0054,CA0054,SRC023,SFC_C657B6B2A8F2,LIQ_0F4168490E,98.0,excluded_review,no,,,ZS_CA0054,zero_shot,,,0,no,no,zero_shot_not_applicable,0.0,0.0,0.0
CA0055,CA0055,SRC023,SFC_EADE66E24084,LIQ_0F4168490E,94.0,excluded_review,no,,,ZS_CA0055,zero_shot,,,0,no,no,zero_shot_not_applicable,0.0,0.0,0.0
CA0056,CA0056,SRC023,SFC_7320418E2637,LIQ_0F4168490E,96.0,excluded_review,no,,,ZS_CA0056,zero_shot,,,0,no,no,zero_shot_not_applicable,0.0,0.0,0.0
CA0057,CA0057,SRC023,SFC_059D01259A34,LIQ_0F4168490E,95.0,excluded_review,no,,,ZS_CA0057,zero_shot,,,0,no,no,zero_shot_not_applicable,0.0,0.0,0.0
CA0058,CA0058,SRC023,SFC_2F8ECAFB7400,LIQ_53310FAFB3,72.0,excluded_review,no,,,ZS_CA0058,zero_shot,,,0,no,no,zero_shot_not_applicable,0.0,0.0,0.0
CA0059,CA0059,SRC023,SFC_09D2365FF128,LIQ_53310FAFB3,82.0,excluded_review,no,,,ZS_CA0059,zero_shot,,,0,no,no,zero_shot_not_applicable,0.0,0.0,0.0
CA0060,CA0060,SRC023,SFC_C657B6B2A8F2,LIQ_53310FAFB3,85.0,excluded_review,no,,,ZS_CA0060,zero_shot,,,0,no,no,zero_shot_not_applicable,0.0,0.0,0.0
CA0061,CA0061,SRC023,SFC_EADE66E24084,LIQ_53310FAFB3,80.0,excluded_review,no,,,ZS_CA0061,zero_shot,,,0,no,no,zero_shot_not_applicable,0.0,0.0,0.0
CA0062,CA0062,SRC023,SFC_7320418E2637,LIQ_53310FAFB3,82.0,excluded_review,no,,,ZS_CA0062,zero_shot,,,0,no,no,zero_shot_not_applicable,0.0,0.0,0.0
CA0063,CA0063,SRC023,SFC_059D01259A34,LIQ_53310FAFB3,81.0,excluded_review,no,,,ZS_CA0063,zero_shot,,,0,no,no,zero_shot_not_applicable,0.0,0.0,0.0
CA0064,CA0064,SRC023,SFC_2F8ECAFB7400,LIQ_6656B41AB7,48.0,excluded_review,no,,,ZS_CA0064,zero_shot,,,0,no,no,zero_shot_not_applicable,0.0,0.0,0.0
CA0065,CA0065,SRC023,SFC_09D2365FF128,LIQ_6656B41AB7,52.0,excluded_review,no,,,ZS_CA0065,zero_shot,,,0,no,no,zero_shot_not_applicable,0.0,0.0,0.0
CA0066,CA0066,SRC023,SFC_C657B6B2A8F2,LIQ_6656B41AB7,55.0,excluded_review,no,,,ZS_CA0066,zero_shot,,,0,no,no,zero_shot_not_applicable,0.0,0.0,0.0
CA0067,CA0067,SRC023,SFC_EADE66E24084,LIQ_6656B41AB7,50.0,excluded_review,no,,,ZS_CA0067,zero_shot,,,0,no,no,zero_shot_not_applicable,0.0,0.0,0.0
CA0068,CA0068,SRC023,SFC_7320418E2637,LIQ_6656B41AB7,52.0,excluded_review,no,,,ZS_CA0068,zero_shot,,,0,no,no,zero_shot_not_applicable,0.0,0.0,0.0
CA0069,CA0069,SRC023,SFC_059D01259A34,LIQ_6656B41AB7,51.0,excluded_review,no,,,ZS_CA0069,zero_shot,,,0,no,no,zero_shot_not_applicable,0.0,0.0,0.0
CA0070,CA0070,SRC024,SFC_B8D818A15C77,LIQ_0F4168490E,91.0,excluded_review,no,,,ZS_CA0070,zero_shot,,,0,no,no,zero_shot_not_applicable,0.0,0.0,0.0
CA0071,CA0071,SRC024,SFC_DFFFBB02B458,LIQ_0F4168490E,108.0,excluded_review,no,,,ZS_CA0071,zero_shot,,,0,no,no,zero_shot_not_applicable,0.0,0.0,0.0
CA0072,CA0072,SRC024,SFC_CC13B5674B11,LIQ_53310FAFB3,55.0,excluded_review,no,,,ZS_CA0072,zero_shot,,,0,no,no,zero_shot_not_applicable,0.0,0.0,0.0
CA0073,CA0073,SRC024,SFC_2F5D209BCFE9,LIQ_53310FAFB3,52.0,excluded_review,no,,,ZS_CA0073,zero_shot,,,0,no,no,zero_shot_not_applicable,0.0,0.0,0.0
CA0074,CA0074,SRC024,SFC_B8D818A15C77,LIQ_53310FAFB3,68.0,excluded_review,no,,,ZS_CA0074,zero_shot,,,0,no,no,zero_shot_not_applicable,0.0,0.0,0.0
CA0075,CA0075,SRC024,SFC_DFFFBB02B458,LIQ_53310FAFB3,78.0,excluded_review,no,,,ZS_CA0075,zero_shot,,,0,no,no,zero_shot_not_applicable,0.0,0.0,0.0
CA0076,CA0076,SRC024,SFC_8E1BAB0CA5A6,LIQ_53310FAFB3,58.0,excluded_review,no,,,ZS_CA0076,zero_shot,,,0,no,no,zero_shot_not_applicable,0.0,0.0,0.0
CA0077,CA0077,SRC010,SFC_95580B5C4364,LIQ_0F4168490E,122.42,train,no,,,ZS_CA0077,zero_shot,,,0,no,no,zero_shot_not_applicable,0.0,0.0,0.0
CA0077,CA0077,SRC010,SFC_95580B5C4364,LIQ_0F4168490E,122.42,train,no,,,PA_CA0077,probe_assisted,CA0078,LIQ_6656B41AB7,1,yes,no,insufficient_probes,0.0,0.0,
CA0078,CA0078,SRC010,SFC_95580B5C4364,LIQ_6656B41AB7,84.98,train,no,,,ZS_CA0078,zero_shot,,,0,no,no,zero_shot_not_applicable,0.0,0.0,0.0
CA0078,CA0078,SRC010,SFC_95580B5C4364,LIQ_6656B41AB7,84.98,train,no,,,PA_CA0078,probe_assisted,CA0077,LIQ_0F4168490E,1,yes,no,insufficient_probes,0.0,0.0,
CA0079,CA0079,SRC010,SFC_F7990EF3D076,LIQ_0F4168490E,116.91,train,no,,,ZS_CA0079,zero_shot,,,0,no,no,zero_shot_not_applicable,0.0,0.0,0.0
CA0079,CA0079,SRC010,SFC_F7990EF3D076,LIQ_0F4168490E,116.91,train,no,,,PA_CA0079,probe_assisted,CA0080,LIQ_6656B41AB7,1,yes,no,insufficient_probes,0.0,0.0,
CA0080,CA0080,SRC010,SFC_F7990EF3D076,LIQ_6656B41AB7,79.59,train,no,,,ZS_CA0080,zero_shot,,,0,no,no,zero_shot_not_applicable,0.0,0.0,0.0
CA0080,CA0080,SRC010,SFC_F7990EF3D076,LIQ_6656B41AB7,79.59,train,no,,,PA_CA0080,probe_assisted,CA0079,LIQ_0F4168490E,1,yes,no,insufficient_probes,0.0,0.0,
CA0081,CA0081,SRC010,SFC_10C3C0102684,LIQ_0F4168490E,60.42,train,no,,,ZS_CA0081,zero_shot,,,0,no,no,zero_shot_not_applicable,0.0,0.0,0.0
CA0081,CA0081,SRC010,SFC_10C3C0102684,LIQ_0F4168490E,60.42,train,no,,,PA_CA0081,probe_assisted,CA0082,LIQ_6656B41AB7,1,yes,no,insufficient_probes,0.0,0.0,
CA0082,CA0082,SRC010,SFC_10C3C0102684,LIQ_6656B41AB7,60.25,train,no,,,ZS_CA0082,zero_shot,,,0,no,no,zero_shot_not_applicable,0.0,0.0,0.0
CA0082,CA0082,SRC010,SFC_10C3C0102684,LIQ_6656B41AB7,60.25,train,no,,,PA_CA0082,probe_assisted,CA0081,LIQ_0F4168490E,1,yes,no,insufficient_probes,0.0,0.0,
CA0083,CA0083,SRC010,SFC_FA6603E349B6,LIQ_0F4168490E,76.51,train,no,,,ZS_CA0083,zero_shot,,,0,no,no,zero_shot_not_applicable,0.0,0.0,0.0
CA0083,CA0083,SRC010,SFC_FA6603E349B6,LIQ_0F4168490E,76.51,train,no,,,PA_CA0083,probe_assisted,CA0084,LIQ_6656B41AB7,1,yes,no,insufficient_probes,0.0,0.0,
CA0084,CA0084,SRC010,SFC_FA6603E349B6,LIQ_6656B41AB7,58.3,train,no,,,ZS_CA0084,zero_shot,,,0,no,no,zero_shot_not_applicable,0.0,0.0,0.0
CA0084,CA0084,SRC010,SFC_FA6603E349B6,LIQ_6656B41AB7,58.3,train,no,,,PA_CA0084,probe_assisted,CA0083,LIQ_0F4168490E,1,yes,no,insufficient_probes,0.0,0.0,
CA0085,CA0085,SRC010,SFC_91AEF1F6D63F,LIQ_0F4168490E,103.37,train,no,,,ZS_CA0085,zero_shot,,,0,no,no,zero_shot_not_applicable,0.0,0.0,0.0
CA0085,CA0085,SRC010,SFC_91AEF1F6D63F,LIQ_0F4168490E,103.37,train,no,,,PA_CA0085,probe_assisted,CA0086,LIQ_6656B41AB7,1,yes,no,insufficient_probes,0.0,0.0,
CA0086,CA0086,SRC010,SFC_91AEF1F6D63F,LIQ_6656B41AB7,80.65,train,no,,,ZS_CA0086,zero_shot,,,0,no,no,zero_shot_not_applicable,0.0,0.0,0.0
CA0086,CA0086,SRC010,SFC_91AEF1F6D63F,LIQ_6656B41AB7,80.65,train,no,,,PA_CA0086,probe_assisted,CA0085,LIQ_0F4168490E,1,yes,no,insufficient_probes,0.0,0.0,
CA0087,CA0087,SRC010,SFC_B26BB3C57516,LIQ_0F4168490E,94.3,train,no,,,ZS_CA0087,zero_shot,,,0,no,no,zero_shot_not_applicable,0.0,0.0,0.0
CA0087,CA0087,SRC010,SFC_B26BB3C57516,LIQ_0F4168490E,94.3,train,no,,,PA_CA0087,probe_assisted,CA0088,LIQ_6656B41AB7,1,yes,no,insufficient_probes,0.0,0.0,
CA0088,CA0088,SRC010,SFC_B26BB3C57516,LIQ_6656B41AB7,76.04,train,no,,,ZS_CA0088,zero_shot,,,0,no,no,zero_shot_not_applicable,0.0,0.0,0.0
CA0088,CA0088,SRC010,SFC_B26BB3C57516,LIQ_6656B41AB7,76.04,train,no,,,PA_CA0088,probe_assisted,CA0087,LIQ_0F4168490E,1,yes,no,insufficient_probes,0.0,0.0,
CA0089,CA0089,SRC010,SFC_EE615B6001A2,LIQ_0F4168490E,52.45,train,no,,,ZS_CA0089,zero_shot,,,0,no,no,zero_shot_not_applicable,0.0,0.0,0.0
CA0089,CA0089,SRC010,SFC_EE615B6001A2,LIQ_0F4168490E,52.45,train,no,,,PA_CA0089,probe_assisted,CA0090,LIQ_6656B41AB7,1,yes,no,insufficient_probes,0.0,0.0,
CA0090,CA0090,SRC010,SFC_EE615B6001A2,LIQ_6656B41AB7,66.51,train,no,,,ZS_CA0090,zero_shot,,,0,no,no,zero_shot_not_applicable,0.0,0.0,0.0
CA0090,CA0090,SRC010,SFC_EE615B6001A2,LIQ_6656B41AB7,66.51,train,no,,,PA_CA0090,probe_assisted,CA0089,LIQ_0F4168490E,1,yes,no,insufficient_probes,0.0,0.0,
CA0091,CA0091,SRC010,SFC_C256F7B116EE,LIQ_0F4168490E,40.92,train,no,,,ZS_CA0091,zero_shot,,,0,no,no,zero_shot_not_applicable,0.0,0.0,0.0
CA0091,CA0091,SRC010,SFC_C256F7B116EE,LIQ_0F4168490E,40.92,train,no,,,PA_CA0091,probe_assisted,CA0092,LIQ_6656B41AB7,1,yes,no,insufficient_probes,0.0,0.0,
CA0092,CA0092,SRC010,SFC_C256F7B116EE,LIQ_6656B41AB7,40.8,train,no,,,ZS_CA0092,zero_shot,,,0,no,no,zero_shot_not_applicable,0.0,0.0,0.0
CA0092,CA0092,SRC010,SFC_C256F7B116EE,LIQ_6656B41AB7,40.8,train,no,,,PA_CA0092,probe_assisted,CA0091,LIQ_0F4168490E,1,yes,no,insufficient_probes,0.0,0.0,
CA0093,CA0093,SRC009,SFC_A5B2B66974AE,LIQ_0F4168490E,83.5,train,no,,,ZS_CA0093,zero_shot,,,0,no,no,zero_shot_not_applicable,0.0,0.0,0.0
CA0093,CA0093,SRC009,SFC_A5B2B66974AE,LIQ_0F4168490E,83.5,train,no,,,PA_CA0093,probe_assisted,CA0094,LIQ_6656B41AB7,1,yes,no,insufficient_probes,0.0,0.0,
CA0094,CA0094,SRC009,SFC_A5B2B66974AE,LIQ_6656B41AB7,77.7,train,no,,,ZS_CA0094,zero_shot,,,0,no,no,zero_shot_not_applicable,0.0,0.0,0.0
CA0094,CA0094,SRC009,SFC_A5B2B66974AE,LIQ_6656B41AB7,77.7,train,no,,,PA_CA0094,probe_assisted,CA0093,LIQ_0F4168490E,1,yes,no,insufficient_probes,0.0,0.0,
CA0095,CA0095,SRC009,SFC_BF7DB4F8493A,LIQ_0F4168490E,11.4,train,no,,,ZS_CA0095,zero_shot,,,0,no,no,zero_shot_not_applicable,0.0,0.0,0.0
CA0095,CA0095,SRC009,SFC_BF7DB4F8493A,LIQ_0F4168490E,11.4,train,no,,,PA_CA0095,probe_assisted,CA0096,LIQ_6656B41AB7,1,yes,no,insufficient_probes,0.0,0.0,
CA0096,CA0096,SRC009,SFC_BF7DB4F8493A,LIQ_6656B41AB7,30.2,train,no,,,ZS_CA0096,zero_shot,,,0,no,no,zero_shot_not_applicable,0.0,0.0,0.0
CA0096,CA0096,SRC009,SFC_BF7DB4F8493A,LIQ_6656B41AB7,30.2,train,no,,,PA_CA0096,probe_assisted,CA0095,LIQ_0F4168490E,1,yes,no,insufficient_probes,0.0,0.0,
CA0097,CA0097,SRC009,SFC_1CE43E1DBA17,LIQ_0F4168490E,101.3,train,no,,,ZS_CA0097,zero_shot,,,0,no,no,zero_shot_not_applicable,0.0,0.0,0.0
CA0097,CA0097,SRC009,SFC_1CE43E1DBA17,LIQ_0F4168490E,101.3,train,no,,,PA_CA0097,probe_assisted,CA0098,LIQ_6656B41AB7,1,yes,no,insufficient_probes,0.0,0.0,
CA0098,CA0098,SRC009,SFC_1CE43E1DBA17,LIQ_6656B41AB7,83.8,train,no,,,ZS_CA0098,zero_shot,,,0,no,no,zero_shot_not_applicable,0.0,0.0,0.0
CA0098,CA0098,SRC009,SFC_1CE43E1DBA17,LIQ_6656B41AB7,83.8,train,no,,,PA_CA0098,probe_assisted,CA0097,LIQ_0F4168490E,1,yes,no,insufficient_probes,0.0,0.0,
CA0099,CA0099,SRC009,SFC_CD91556CDD43,LIQ_0F4168490E,65.4,train,no,,,ZS_CA0099,zero_shot,,,0,no,no,zero_shot_not_applicable,0.0,0.0,0.0
CA0099,CA0099,SRC009,SFC_CD91556CDD43,LIQ_0F4168490E,65.4,train,no,,,PA_CA0099,probe_assisted,CA0100,LIQ_6656B41AB7,1,yes,no,insufficient_probes,0.0,0.0,
CA0100,CA0100,SRC009,SFC_CD91556CDD43,LIQ_6656B41AB7,61.3,train,no,,,ZS_CA0100,zero_shot,,,0,no,no,zero_shot_not_applicable,0.0,0.0,0.0
CA0100,CA0100,SRC009,SFC_CD91556CDD43,LIQ_6656B41AB7,61.3,train,no,,,PA_CA0100,probe_assisted,CA0099,LIQ_0F4168490E,1,yes,no,insufficient_probes,0.0,0.0,
CA0101,CA0101,SRC007,SFC_5EB9C176CFB3,LIQ_0F4168490E,98.7,validation,no,,,ZS_CA0101,zero_shot,,,0,no,no,zero_shot_not_applicable,0.0,0.0,0.0
CA0101,CA0101,SRC007,SFC_5EB9C176CFB3,LIQ_0F4168490E,98.7,validation,no,,,PA_CA0101,probe_assisted,CA0102,LIQ_6656B41AB7,1,yes,no,insufficient_probes,0.0,0.0,
CA0102,CA0102,SRC007,SFC_5EB9C176CFB3,LIQ_6656B41AB7,45.7,validation,no,,,ZS_CA0102,zero_shot,,,0,no,no,zero_shot_not_applicable,0.0,0.0,0.0
CA0102,CA0102,SRC007,SFC_5EB9C176CFB3,LIQ_6656B41AB7,45.7,validation,no,,,PA_CA0102,probe_assisted,CA0101,LIQ_0F4168490E,1,yes,no,insufficient_probes,0.0,0.0,
CA0103,CA0103,SRC007,SFC_4A9A552599CA,LIQ_0F4168490E,85.6,validation,no,,,ZS_CA0103,zero_shot,,,0,no,no,zero_shot_not_applicable,0.0,0.0,0.0
CA0103,CA0103,SRC007,SFC_4A9A552599CA,LIQ_0F4168490E,85.6,validation,no,,,PA_CA0103,probe_assisted,CA0104,LIQ_6656B41AB7,1,yes,no,insufficient_probes,0.0,0.0,
CA0104,CA0104,SRC007,SFC_4A9A552599CA,LIQ_6656B41AB7,27.8,validation,no,,,ZS_CA0104,zero_shot,,,0,no,no,zero_shot_not_applicable,0.0,0.0,0.0
CA0104,CA0104,SRC007,SFC_4A9A552599CA,LIQ_6656B41AB7,27.8,validation,no,,,PA_CA0104,probe_assisted,CA0103,LIQ_0F4168490E,1,yes,no,insufficient_probes,0.0,0.0,
CA0105,CA0105,SRC007,SFC_FE6387F77D1C,LIQ_0F4168490E,69.3,validation,no,,,ZS_CA0105,zero_shot,,,0,no,no,zero_shot_not_applicable,0.0,0.0,0.0
CA0105,CA0105,SRC007,SFC_FE6387F77D1C,LIQ_0F4168490E,69.3,validation,no,,,PA_CA0105,probe_assisted,CA0106,LIQ_6656B41AB7,1,yes,no,insufficient_probes,0.0,0.0,
CA0106,CA0106,SRC007,SFC_FE6387F77D1C,LIQ_6656B41AB7,31.6,validation,no,,,ZS_CA0106,zero_shot,,,0,no,no,zero_shot_not_applicable,0.0,0.0,0.0
CA0106,CA0106,SRC007,SFC_FE6387F77D1C,LIQ_6656B41AB7,31.6,validation,no,,,PA_CA0106,probe_assisted,CA0105,LIQ_0F4168490E,1,yes,no,insufficient_probes,0.0,0.0,
CA0107,CA0107,SRC008,SFC_5B98CD5D3171,LIQ_0F4168490E,48.4,train,yes,36.4,15.6,ZS_CA0107,zero_shot,,,0,no,no,zero_shot_not_applicable,0.0,0.0,0.0
CA0108,CA0108,SRC008,SFC_501977853E73,LIQ_0F4168490E,56.2,excluded_review,yes,39.3,12.7,ZS_CA0108,zero_shot,,,0,no,no,zero_shot_not_applicable,0.0,0.0,0.0
CA0109,CA0109,SRC008,SFC_FA2839A92EC7,LIQ_0F4168490E,44.7,excluded_review,yes,36.4,15.6,ZS_CA0109,zero_shot,,,0,no,no,zero_shot_not_applicable,0.0,0.0,0.0
CA0110,CA0110,SRC008,SFC_1D8B05F80DC7,LIQ_0F4168490E,49.9,excluded_review,yes,39.3,12.7,ZS_CA0110,zero_shot,,,0,no,no,zero_shot_not_applicable,0.0,0.0,0.0
CA0111,CA0111,SRC008,SFC_44B95F9FBEE4,LIQ_0F4168490E,45.4,excluded_review,yes,36.4,15.6,ZS_CA0111,zero_shot,,,0,no,no,zero_shot_not_applicable,0.0,0.0,0.0
CA0112,CA0112,SRC008,SFC_E5CA0C67969B,LIQ_0F4168490E,34.6,excluded_review,yes,39.3,12.7,ZS_CA0112,zero_shot,,,0,no,no,zero_shot_not_applicable,0.0,0.0,0.0
CA0235,CA0235,SRC013,SFC_2A727AF34E6D,LIQ_6656B41AB7,19.7,internal_test,yes,47.9,18.0,ZS_CA0235,zero_shot,,,0,no,no,zero_shot_not_applicable,0.0,0.0,0.0
CA0235,CA0235,SRC013,SFC_2A727AF34E6D,LIQ_6656B41AB7,19.7,internal_test,yes,47.9,18.0,PA_CA0235,probe_assisted,CA0236;CA0237,LIQ_0F4168490E;LIQ_53310FAFB3,2,yes,yes,,1.8024862410892688,81.32335839491599,128.5550737040417
CA0236,CA0236,SRC013,SFC_2A727AF34E6D,LIQ_53310FAFB3,20.1,internal_test,yes,47.9,18.0,ZS_CA0236,zero_shot,,,0,no,no,zero_shot_not_applicable,0.0,0.0,0.0
CA0236,CA0236,SRC013,SFC_2A727AF34E6D,LIQ_53310FAFB3,20.1,internal_test,yes,47.9,18.0,PA_CA0236,probe_assisted,CA0235;CA0237,LIQ_0F4168490E;LIQ_6656B41AB7,2,yes,yes,,47.87021002993398,28.860537348323252,0.0
CA0237,CA0237,SRC013,SFC_2A727AF34E6D,LIQ_0F4168490E,19.7,internal_test,yes,47.9,18.0,ZS_CA0237,zero_shot,,,0,no,no,zero_shot_not_applicable,0.0,0.0,0.0
CA0237,CA0237,SRC013,SFC_2A727AF34E6D,LIQ_0F4168490E,19.7,internal_test,yes,47.9,18.0,PA_CA0237,probe_assisted,CA0235;CA0236,LIQ_53310FAFB3;LIQ_6656B41AB7,2,yes,yes,,47.87021002993394,4.531787084181688,72.2335521408746
CA0238,CA0238,SRC013,SFC_E38FF72DBA39,LIQ_6656B41AB7,31.5,internal_test,yes,43.6,14.1,ZS_CA0238,zero_shot,,,0,no,no,zero_shot_not_applicable,0.0,0.0,0.0
CA0238,CA0238,SRC013,SFC_E38FF72DBA39,LIQ_6656B41AB7,31.5,internal_test,yes,43.6,14.1,PA_CA0238,probe_assisted,CA0239;CA0240,LIQ_0F4168490E;LIQ_53310FAFB3,2,yes,yes,,2.7432540801942444,63.78339446316571,122.36001390073339
CA0239,CA0239,SRC013,SFC_E38FF72DBA39,LIQ_53310FAFB3,34.7,internal_test,yes,43.6,14.1,ZS_CA0239,zero_shot,,,0,no,no,zero_shot_not_applicable,0.0,0.0,0.0
CA0239,CA0239,SRC013,SFC_E38FF72DBA39,LIQ_53310FAFB3,34.7,internal_test,yes,43.6,14.1,PA_CA0239,probe_assisted,CA0238;CA0240,LIQ_0F4168490E;LIQ_6656B41AB7,2,yes,yes,,43.589899847940075,22.58889005199619,0.0
CA0240,CA0240,SRC013,SFC_E38FF72DBA39,LIQ_0F4168490E,38.8,internal_test,yes,43.6,14.1,ZS_CA0240,zero_shot,,,0,no,no,zero_shot_not_applicable,0.0,0.0,0.0
CA0240,CA0240,SRC013,SFC_E38FF72DBA39,LIQ_0F4168490E,38.8,internal_test,yes,43.6,14.1,PA_CA0240,probe_assisted,CA0238;CA0239,LIQ_53310FAFB3;LIQ_6656B41AB7,2,yes,yes,,43.58989984794005,3.5192716583969177,77.58865412682096
CA0241,CA0241,SRC013,SFC_39DBA098ECDC,LIQ_6656B41AB7,23.8,internal_test,yes,46.6,8.1,ZS_CA0241,zero_shot,,,0,no,no,zero_shot_not_applicable,0.0,0.0,0.0
CA0241,CA0241,SRC013,SFC_39DBA098ECDC,LIQ_6656B41AB7,23.8,internal_test,yes,46.6,8.1,PA_CA0241,probe_assisted,CA0242;CA0243,LIQ_0F4168490E;LIQ_53310FAFB3,2,yes,yes,,6.993805461896918,50.3492980038068,104.94625380156116
CA0242,CA0242,SRC013,SFC_39DBA098ECDC,LIQ_53310FAFB3,28.1,internal_test,yes,46.6,8.1,ZS_CA0242,zero_shot,,,0,no,no,zero_shot_not_applicable,0.0,0.0,0.0
CA0242,CA0242,SRC013,SFC_39DBA098ECDC,LIQ_53310FAFB3,28.1,internal_test,yes,46.6,8.1,PA_CA0242,probe_assisted,CA0241;CA0243,LIQ_0F4168490E;LIQ_6656B41AB7,2,yes,yes,,46.571795724542206,19.03576519630544,0.0
CA0243,CA0243,SRC013,SFC_39DBA098ECDC,LIQ_0F4168490E,43.0,internal_test,yes,46.6,8.1,ZS_CA0243,zero_shot,,,0,no,no,zero_shot_not_applicable,0.0,0.0,0.0
CA0243,CA0243,SRC013,SFC_39DBA098ECDC,LIQ_0F4168490E,43.0,internal_test,yes,46.6,8.1,PA_CA0243,probe_assisted,CA0241;CA0242,LIQ_53310FAFB3;LIQ_6656B41AB7,2,yes,yes,,46.57179572454219,3.7320794537554227,75.2631058999932
CA0244,CA0244,SRC013,SFC_417F923EF7B4,LIQ_6656B41AB7,23.4,internal_test,yes,46.7,8.6,ZS_CA0244,zero_shot,,,0,no,no,zero_shot_not_applicable,0.0,0.0,0.0
CA0244,CA0244,SRC013,SFC_417F923EF7B4,LIQ_6656B41AB7,23.4,internal_test,yes,46.7,8.6,PA_CA0244,probe_assisted,CA0245;CA0246,LIQ_0F4168490E;LIQ_53310FAFB3,2,yes,yes,,5.8879011267141985,57.23110454689349,108.60897371581085
CA0245,CA0245,SRC013,SFC_417F923EF7B4,LIQ_53310FAFB3,23.3,internal_test,yes,46.7,8.6,ZS_CA0245,zero_shot,,,0,no,no,zero_shot_not_applicable,0.0,0.0,0.0
CA0245,CA0245,SRC013,SFC_417F923EF7B4,LIQ_53310FAFB3,23.3,internal_test,yes,46.7,8.6,PA_CA0245,probe_assisted,CA0244;CA0246,LIQ_0F4168490E;LIQ_6656B41AB7,2,yes,yes,,46.707841615020314,21.9333667163136,0.0
CA0246,CA0246,SRC013,SFC_417F923EF7B4,LIQ_0F4168490E,37.3,internal_test,yes,46.7,8.6,ZS_CA0246,zero_shot,,,0,no,no,zero_shot_not_applicable,0.0,0.0,0.0
CA0246,CA0246,SRC013,SFC_417F923EF7B4,LIQ_0F4168490E,37.3,internal_test,yes,46.7,8.6,PA_CA0246,probe_assisted,CA0244;CA0245,LIQ_53310FAFB3;LIQ_6656B41AB7,2,yes,yes,,46.707841615020286,4.492398957579917,72.99364851434581
CA0247,CA0247,SRC013,SFC_8E79B764A41F,LIQ_6656B41AB7,23.8,internal_test,yes,46.6,14.8,ZS_CA0247,zero_shot,,,0,no,no,zero_shot_not_applicable,0.0,0.0,0.0
CA0247,CA0247,SRC013,SFC_8E79B764A41F,LIQ_6656B41AB7,23.8,internal_test,yes,46.6,14.8,PA_CA0247,probe_assisted,CA0248;CA0249,LIQ_0F4168490E;LIQ_53310FAFB3,2,yes,yes,,3.7250727757767095,59.81445668127941,117.28496654747697
CA0248,CA0248,SRC013,SFC_8E79B764A41F,LIQ_53310FAFB3,33.1,internal_test,yes,46.6,14.8,ZS_CA0248,zero_shot,,,0,no,no,zero_shot_not_applicable,0.0,0.0,0.0
CA0248,CA0248,SRC013,SFC_8E79B764A41F,LIQ_53310FAFB3,33.1,internal_test,yes,46.6,14.8,PA_CA0248,probe_assisted,CA0247;CA0249,LIQ_0F4168490E;LIQ_6656B41AB7,2,yes,yes,,46.57179572454222,20.55801549389753,0.0
CA0249,CA0249,SRC013,SFC_8E79B764A41F,LIQ_0F4168490E,40.1,internal_test,yes,46.6,14.8,ZS_CA0249,zero_shot,,,0,no,no,zero_shot_not_applicable,0.0,0.0,0.0
CA0249,CA0249,SRC013,SFC_8E79B764A41F,LIQ_0F4168490E,40.1,internal_test,yes,46.6,14.8,PA_CA0249,probe_assisted,CA0247;CA0248,LIQ_53310FAFB3;LIQ_6656B41AB7,2,yes,yes,,46.571795724542206,2.847145940232778,78.08797700320571
CA0250,CA0250,SRC013,SFC_67E6ABEA7841,LIQ_6656B41AB7,33.1,internal_test,yes,42.9,10.1,ZS_CA0250,zero_shot,,,0,no,no,zero_shot_not_applicable,0.0,0.0,0.0
CA0250,CA0250,SRC013,SFC_67E6ABEA7841,LIQ_6656B41AB7,33.1,internal_test,yes,42.9,10.1,PA_CA0250,probe_assisted,CA0251;CA0252,LIQ_0F4168490E;LIQ_53310FAFB3,2,yes,yes,,4.734095695833737,52.058764432759475,112.9206816418528
CA0251,CA0251,SRC013,SFC_67E6ABEA7841,LIQ_53310FAFB3,37.0,internal_test,yes,42.9,10.1,ZS_CA0251,zero_shot,,,0,no,no,zero_shot_not_applicable,0.0,0.0,0.0
CA0251,CA0251,SRC013,SFC_67E6ABEA7841,LIQ_53310FAFB3,37.0,internal_test,yes,42.9,10.1,PA_CA0251,probe_assisted,CA0250;CA0252,LIQ_0F4168490E;LIQ_6656B41AB7,2,yes,yes,,42.89056803399684,18.974123064539327,0.0
CA0252,CA0252,SRC013,SFC_67E6ABEA7841,LIQ_0F4168490E,46.0,internal_test,yes,42.9,10.1,ZS_CA0252,zero_shot,,,0,no,no,zero_shot_not_applicable,0.0,0.0,0.0
CA0252,CA0252,SRC013,SFC_67E6ABEA7841,LIQ_0F4168490E,46.0,internal_test,yes,42.9,10.1,PA_CA0252,probe_assisted,CA0250;CA0251,LIQ_53310FAFB3;LIQ_6656B41AB7,2,yes,yes,,42.89056803399681,3.284178130787867,78.72010063362175
CA0267,CA0267,SRC015,SFC_93C87B65E929,LIQ_0F4168490E,79.97,validation,no,,,ZS_CA0267,zero_shot,,,0,no,no,zero_shot_not_applicable,0.0,0.0,0.0
CA0267,CA0267,SRC015,SFC_93C87B65E929,LIQ_0F4168490E,79.97,validation,no,,,PA_CA0267,probe_assisted,CA0268,LIQ_53310FAFB3,1,yes,no,insufficient_probes,0.0,0.0,
CA0268,CA0268,SRC015,SFC_93C87B65E929,LIQ_53310FAFB3,48.77,validation,no,,,ZS_CA0268,zero_shot,,,0,no,no,zero_shot_not_applicable,0.0,0.0,0.0
CA0268,CA0268,SRC015,SFC_93C87B65E929,LIQ_53310FAFB3,48.77,validation,no,,,PA_CA0268,probe_assisted,CA0267,LIQ_0F4168490E,1,yes,no,insufficient_probes,0.0,0.0,
CA0269,CA0269,SRC015,SFC_A716853C1624,LIQ_0F4168490E,44.35,validation,no,,,ZS_CA0269,zero_shot,,,0,no,no,zero_shot_not_applicable,0.0,0.0,0.0
CA0269,CA0269,SRC015,SFC_A716853C1624,LIQ_0F4168490E,44.35,validation,no,,,PA_CA0269,probe_assisted,CA0270,LIQ_53310FAFB3,1,yes,no,insufficient_probes,0.0,0.0,
CA0270,CA0270,SRC015,SFC_A716853C1624,LIQ_53310FAFB3,25.25,validation,no,,,ZS_CA0270,zero_shot,,,0,no,no,zero_shot_not_applicable,0.0,0.0,0.0
CA0270,CA0270,SRC015,SFC_A716853C1624,LIQ_53310FAFB3,25.25,validation,no,,,PA_CA0270,probe_assisted,CA0269,LIQ_0F4168490E,1,yes,no,insufficient_probes,0.0,0.0,
CA0271,CA0271,SRC015,SFC_86D8700CAF9C,LIQ_0F4168490E,52.13,validation,no,,,ZS_CA0271,zero_shot,,,0,no,no,zero_shot_not_applicable,0.0,0.0,0.0
CA0271,CA0271,SRC015,SFC_86D8700CAF9C,LIQ_0F4168490E,52.13,validation,no,,,PA_CA0271,probe_assisted,CA0272,LIQ_53310FAFB3,1,yes,no,insufficient_probes,0.0,0.0,
CA0272,CA0272,SRC015,SFC_86D8700CAF9C,LIQ_53310FAFB3,47.7,validation,no,,,ZS_CA0272,zero_shot,,,0,no,no,zero_shot_not_applicable,0.0,0.0,0.0
CA0272,CA0272,SRC015,SFC_86D8700CAF9C,LIQ_53310FAFB3,47.7,validation,no,,,PA_CA0272,probe_assisted,CA0271,LIQ_0F4168490E,1,yes,no,insufficient_probes,0.0,0.0,
CA0273,CA0273,SRC015,SFC_3014F50685DA,LIQ_0F4168490E,72.66,validation,no,,,ZS_CA0273,zero_shot,,,0,no,no,zero_shot_not_applicable,0.0,0.0,0.0
CA0273,CA0273,SRC015,SFC_3014F50685DA,LIQ_0F4168490E,72.66,validation,no,,,PA_CA0273,probe_assisted,CA0274,LIQ_53310FAFB3,1,yes,no,insufficient_probes,0.0,0.0,
CA0274,CA0274,SRC015,SFC_3014F50685DA,LIQ_53310FAFB3,20.26,validation,no,,,ZS_CA0274,zero_shot,,,0,no,no,zero_shot_not_applicable,0.0,0.0,0.0
CA0274,CA0274,SRC015,SFC_3014F50685DA,LIQ_53310FAFB3,20.26,validation,no,,,PA_CA0274,probe_assisted,CA0273,LIQ_0F4168490E,1,yes,no,insufficient_probes,0.0,0.0,
CA0275,CA0275,SRC015,SFC_FD37A16743B7,LIQ_0F4168490E,81.25,validation,no,,,ZS_CA0275,zero_shot,,,0,no,no,zero_shot_not_applicable,0.0,0.0,0.0
CA0275,CA0275,SRC015,SFC_FD37A16743B7,LIQ_0F4168490E,81.25,validation,no,,,PA_CA0275,probe_assisted,CA0276,LIQ_53310FAFB3,1,yes,no,insufficient_probes,0.0,0.0,
CA0276,CA0276,SRC015,SFC_FD37A16743B7,LIQ_53310FAFB3,39.27,validation,no,,,ZS_CA0276,zero_shot,,,0,no,no,zero_shot_not_applicable,0.0,0.0,0.0
CA0276,CA0276,SRC015,SFC_FD37A16743B7,LIQ_53310FAFB3,39.27,validation,no,,,PA_CA0276,probe_assisted,CA0275,LIQ_0F4168490E,1,yes,no,insufficient_probes,0.0,0.0,
CA0277,CA0277,SRC005,SFC_1B0EE35A8601,LIQ_0F4168490E,94.0,validation,no,,,ZS_CA0277,zero_shot,,,0,no,no,zero_shot_not_applicable,0.0,0.0,0.0
CA0277,CA0277,SRC005,SFC_1B0EE35A8601,LIQ_0F4168490E,94.0,validation,no,,,PA_CA0277,probe_assisted,CA0278,LIQ_B6950B5CB8,1,yes,no,insufficient_probes,0.0,0.0,
CA0278,CA0278,SRC005,SFC_1B0EE35A8601,LIQ_B6950B5CB8,16.0,validation,no,,,ZS_CA0278,zero_shot,,,0,no,no,zero_shot_not_applicable,0.0,0.0,0.0
CA0278,CA0278,SRC005,SFC_1B0EE35A8601,LIQ_B6950B5CB8,16.0,validation,no,,,PA_CA0278,probe_assisted,CA0277,LIQ_0F4168490E,1,yes,no,insufficient_probes,0.0,0.0,
CA0279,CA0279,SRC005,SFC_231FB62337B5,LIQ_0F4168490E,107.0,validation,no,,,ZS_CA0279,zero_shot,,,0,no,no,zero_shot_not_applicable,0.0,0.0,0.0
CA0279,CA0279,SRC005,SFC_231FB62337B5,LIQ_0F4168490E,107.0,validation,no,,,PA_CA0279,probe_assisted,CA0280,LIQ_B6950B5CB8,1,yes,no,insufficient_probes,0.0,0.0,
CA0280,CA0280,SRC005,SFC_231FB62337B5,LIQ_B6950B5CB8,48.0,validation,no,,,ZS_CA0280,zero_shot,,,0,no,no,zero_shot_not_applicable,0.0,0.0,0.0
CA0280,CA0280,SRC005,SFC_231FB62337B5,LIQ_B6950B5CB8,48.0,validation,no,,,PA_CA0280,probe_assisted,CA0279,LIQ_0F4168490E,1,yes,no,insufficient_probes,0.0,0.0,
CA0281,CA0281,SRC005,SFC_D6B816FE09EC,LIQ_0F4168490E,134.0,validation,no,,,ZS_CA0281,zero_shot,,,0,no,no,zero_shot_not_applicable,0.0,0.0,0.0
CA0281,CA0281,SRC005,SFC_D6B816FE09EC,LIQ_0F4168490E,134.0,validation,no,,,PA_CA0281,probe_assisted,CA0282,LIQ_B6950B5CB8,1,yes,no,insufficient_probes,0.0,0.0,
CA0282,CA0282,SRC005,SFC_D6B816FE09EC,LIQ_B6950B5CB8,46.0,validation,no,,,ZS_CA0282,zero_shot,,,0,no,no,zero_shot_not_applicable,0.0,0.0,0.0
CA0282,CA0282,SRC005,SFC_D6B816FE09EC,LIQ_B6950B5CB8,46.0,validation,no,,,PA_CA0282,probe_assisted,CA0281,LIQ_0F4168490E,1,yes,no,insufficient_probes,0.0,0.0,
CA0283,CA0283,SRC005,SFC_F8843DC534D0,LIQ_0F4168490E,153.0,validation,no,,,ZS_CA0283,zero_shot,,,0,no,no,zero_shot_not_applicable,0.0,0.0,0.0
CA0283,CA0283,SRC005,SFC_F8843DC534D0,LIQ_0F4168490E,153.0,validation,no,,,PA_CA0283,probe_assisted,CA0284,LIQ_B6950B5CB8,1,yes,no,insufficient_probes,0.0,0.0,
CA0284,CA0284,SRC005,SFC_F8843DC534D0,LIQ_B6950B5CB8,130.0,validation,no,,,ZS_CA0284,zero_shot,,,0,no,no,zero_shot_not_applicable,0.0,0.0,0.0
CA0284,CA0284,SRC005,SFC_F8843DC534D0,LIQ_B6950B5CB8,130.0,validation,no,,,PA_CA0284,probe_assisted,CA0283,LIQ_0F4168490E,1,yes,no,insufficient_probes,0.0,0.0,
CA0285,CA0285,SRC006,SFC_4B9DA50F6033,LIQ_0F4168490E,69.0,train,no,,,ZS_CA0285,zero_shot,,,0,no,no,zero_shot_not_applicable,0.0,0.0,0.0
CA0285,CA0285,SRC006,SFC_4B9DA50F6033,LIQ_0F4168490E,69.0,train,no,,,PA_CA0285,probe_assisted,CA0286,LIQ_6656B41AB7,1,yes,no,insufficient_probes,0.0,0.0,
CA0286,CA0286,SRC006,SFC_4B9DA50F6033,LIQ_6656B41AB7,42.0,train,no,,,ZS_CA0286,zero_shot,,,0,no,no,zero_shot_not_applicable,0.0,0.0,0.0
CA0286,CA0286,SRC006,SFC_4B9DA50F6033,LIQ_6656B41AB7,42.0,train,no,,,PA_CA0286,probe_assisted,CA0285,LIQ_0F4168490E,1,yes,no,insufficient_probes,0.0,0.0,
CA0287,CA0287,SRC022,SFC_75203B72A5AD,LIQ_0F4168490E,43.64,internal_test,yes,45.14,10.51,ZS_CA0287,zero_shot,,,0,no,no,zero_shot_not_applicable,0.0,0.0,0.0
CA0287,CA0287,SRC022,SFC_75203B72A5AD,LIQ_0F4168490E,43.64,internal_test,yes,45.14,10.51,PA_CA0287,probe_assisted,CA0288,LIQ_6656B41AB7,1,yes,no,insufficient_probes,0.0,0.0,
CA0288,CA0288,SRC022,SFC_75203B72A5AD,LIQ_6656B41AB7,30.05,internal_test,yes,45.14,10.51,ZS_CA0288,zero_shot,,,0,no,no,zero_shot_not_applicable,0.0,0.0,0.0
CA0288,CA0288,SRC022,SFC_75203B72A5AD,LIQ_6656B41AB7,30.05,internal_test,yes,45.14,10.51,PA_CA0288,probe_assisted,CA0287,LIQ_0F4168490E,1,yes,no,insufficient_probes,0.0,0.0,
CA0289,CA0289,SRC022,SFC_39B450DAB1FB,LIQ_0F4168490E,41.23,internal_test,yes,42.42,13.82,ZS_CA0289,zero_shot,,,0,no,no,zero_shot_not_applicable,0.0,0.0,0.0
CA0289,CA0289,SRC022,SFC_39B450DAB1FB,LIQ_0F4168490E,41.23,internal_test,yes,42.42,13.82,PA_CA0289,probe_assisted,CA0290,LIQ_6656B41AB7,1,yes,no,insufficient_probes,0.0,0.0,
CA0290,CA0290,SRC022,SFC_39B450DAB1FB,LIQ_6656B41AB7,34.52,internal_test,yes,42.42,13.82,ZS_CA0290,zero_shot,,,0,no,no,zero_shot_not_applicable,0.0,0.0,0.0
CA0290,CA0290,SRC022,SFC_39B450DAB1FB,LIQ_6656B41AB7,34.52,internal_test,yes,42.42,13.82,PA_CA0290,probe_assisted,CA0289,LIQ_0F4168490E,1,yes,no,insufficient_probes,0.0,0.0,
CA0291,CA0291,SRC022,SFC_588A96278F34,LIQ_0F4168490E,32.1,internal_test,yes,46.21,15.82,ZS_CA0291,zero_shot,,,0,no,no,zero_shot_not_applicable,0.0,0.0,0.0
CA0291,CA0291,SRC022,SFC_588A96278F34,LIQ_0F4168490E,32.1,internal_test,yes,46.21,15.82,PA_CA0291,probe_assisted,CA0292,LIQ_6656B41AB7,1,yes,no,insufficient_probes,0.0,0.0,
CA0292,CA0292,SRC022,SFC_588A96278F34,LIQ_6656B41AB7,28.09,internal_test,yes,46.21,15.82,ZS_CA0292,zero_shot,,,0,no,no,zero_shot_not_applicable,0.0,0.0,0.0
CA0292,CA0292,SRC022,SFC_588A96278F34,LIQ_6656B41AB7,28.09,internal_test,yes,46.21,15.82,PA_CA0292,probe_assisted,CA0291,LIQ_0F4168490E,1,yes,no,insufficient_probes,0.0,0.0,
CA0293,CA0293,SRC022,SFC_A2BE3F1765AE,LIQ_0F4168490E,19.9,internal_test,yes,47.75,19.12,ZS_CA0293,zero_shot,,,0,no,no,zero_shot_not_applicable,0.0,0.0,0.0
CA0293,CA0293,SRC022,SFC_A2BE3F1765AE,LIQ_0F4168490E,19.9,internal_test,yes,47.75,19.12,PA_CA0293,probe_assisted,CA0294,LIQ_6656B41AB7,1,yes,no,insufficient_probes,0.0,0.0,
CA0294,CA0294,SRC022,SFC_A2BE3F1765AE,LIQ_6656B41AB7,24.19,internal_test,yes,47.75,19.12,ZS_CA0294,zero_shot,,,0,no,no,zero_shot_not_applicable,0.0,0.0,0.0
CA0294,CA0294,SRC022,SFC_A2BE3F1765AE,LIQ_6656B41AB7,24.19,internal_test,yes,47.75,19.12,PA_CA0294,probe_assisted,CA0293,LIQ_0F4168490E,1,yes,no,insufficient_probes,0.0,0.0,
CA0295,CA0295,SRC022,SFC_292FB4EA5D24,LIQ_0F4168490E,23.42,internal_test,yes,45.73,19.24,ZS_CA0295,zero_shot,,,0,no,no,zero_shot_not_applicable,0.0,0.0,0.0
CA0295,CA0295,SRC022,SFC_292FB4EA5D24,LIQ_0F4168490E,23.42,internal_test,yes,45.73,19.24,PA_CA0295,probe_assisted,CA0296,LIQ_6656B41AB7,1,yes,no,insufficient_probes,0.0,0.0,
CA0296,CA0296,SRC022,SFC_292FB4EA5D24,LIQ_6656B41AB7,29.15,internal_test,yes,45.73,19.24,ZS_CA0296,zero_shot,,,0,no,no,zero_shot_not_applicable,0.0,0.0,0.0
CA0296,CA0296,SRC022,SFC_292FB4EA5D24,LIQ_6656B41AB7,29.15,internal_test,yes,45.73,19.24,PA_CA0296,probe_assisted,CA0295,LIQ_0F4168490E,1,yes,no,insufficient_probes,0.0,0.0,
CA0297,CA0297,SRC022,SFC_BD3224C101E4,LIQ_0F4168490E,48.03,internal_test,yes,43.51,9.4,ZS_CA0297,zero_shot,,,0,no,no,zero_shot_not_applicable,0.0,0.0,0.0
CA0297,CA0297,SRC022,SFC_BD3224C101E4,LIQ_0F4168490E,48.03,internal_test,yes,43.51,9.4,PA_CA0297,probe_assisted,CA0298,LIQ_6656B41AB7,1,yes,no,insufficient_probes,0.0,0.0,
CA0298,CA0298,SRC022,SFC_BD3224C101E4,LIQ_6656B41AB7,32.62,internal_test,yes,43.51,9.4,ZS_CA0298,zero_shot,,,0,no,no,zero_shot_not_applicable,0.0,0.0,0.0
CA0298,CA0298,SRC022,SFC_BD3224C101E4,LIQ_6656B41AB7,32.62,internal_test,yes,43.51,9.4,PA_CA0298,probe_assisted,CA0297,LIQ_0F4168490E,1,yes,no,insufficient_probes,0.0,0.0,
CA0299,CA0299,SRC022,SFC_2E5EA5C6D130,LIQ_0F4168490E,42.02,internal_test,yes,40.2,14.16,ZS_CA0299,zero_shot,,,0,no,no,zero_shot_not_applicable,0.0,0.0,0.0
CA0299,CA0299,SRC022,SFC_2E5EA5C6D130,LIQ_0F4168490E,42.02,internal_test,yes,40.2,14.16,PA_CA0299,probe_assisted,CA0300,LIQ_6656B41AB7,1,yes,no,insufficient_probes,0.0,0.0,
CA0300,CA0300,SRC022,SFC_2E5EA5C6D130,LIQ_6656B41AB7,38.05,internal_test,yes,40.2,14.16,ZS_CA0300,zero_shot,,,0,no,no,zero_shot_not_applicable,0.0,0.0,0.0
CA0300,CA0300,SRC022,SFC_2E5EA5C6D130,LIQ_6656B41AB7,38.05,internal_test,yes,40.2,14.16,PA_CA0300,probe_assisted,CA0299,LIQ_0F4168490E,1,yes,no,insufficient_probes,0.0,0.0,
CA0301,CA0301,SRC022,SFC_D4A1459EC26C,LIQ_0F4168490E,49.1,internal_test,yes,38.47,10.7,ZS_CA0301,zero_shot,,,0,no,no,zero_shot_not_applicable,0.0,0.0,0.0
CA0301,CA0301,SRC022,SFC_D4A1459EC26C,LIQ_0F4168490E,49.1,internal_test,yes,38.47,10.7,PA_CA0301,probe_assisted,CA0302,LIQ_6656B41AB7,1,yes,no,insufficient_probes,0.0,0.0,
CA0302,CA0302,SRC022,SFC_D4A1459EC26C,LIQ_6656B41AB7,40.09,internal_test,yes,38.47,10.7,ZS_CA0302,zero_shot,,,0,no,no,zero_shot_not_applicable,0.0,0.0,0.0
CA0302,CA0302,SRC022,SFC_D4A1459EC26C,LIQ_6656B41AB7,40.09,internal_test,yes,38.47,10.7,PA_CA0302,probe_assisted,CA0301,LIQ_0F4168490E,1,yes,no,insufficient_probes,0.0,0.0,
CA0447,CA0447,SRC017,SFC_AFFB3785B9F0,LIQ_0F4168490E,166.0,internal_test,no,,,ZS_CA0447,zero_shot,,,0,no,no,zero_shot_not_applicable,0.0,0.0,0.0
CA0447,CA0447,SRC017,SFC_AFFB3785B9F0,LIQ_0F4168490E,166.0,internal_test,no,,,PA_CA0447,probe_assisted,CA0448;CA0449;CA0450;CA0451;CA0452;CA0453;CA0454,LIQ_4BDC3033E4;LIQ_53310FAFB3;LIQ_63C19A56DE;LIQ_6656B41AB7;LIQ_B6950B5CB8;LIQ_E0B206B2DD;LIQ_FCA4FC7284,7,yes,yes,,0.048480861144657536,0.004705890283931999,163.3951074611017
CA0448,CA0448,SRC017,SFC_AFFB3785B9F0,LIQ_6656B41AB7,162.0,internal_test,no,,,ZS_CA0448,zero_shot,,,0,no,no,zero_shot_not_applicable,0.0,0.0,0.0
CA0448,CA0448,SRC017,SFC_AFFB3785B9F0,LIQ_6656B41AB7,162.0,internal_test,no,,,PA_CA0448,probe_assisted,CA0447;CA0449;CA0450;CA0451;CA0452;CA0453;CA0454,LIQ_0F4168490E;LIQ_4BDC3033E4;LIQ_53310FAFB3;LIQ_63C19A56DE;LIQ_B6950B5CB8;LIQ_E0B206B2DD;LIQ_FCA4FC7284,7,yes,yes,,0.059692644846296224,1.3278340003282633e-05,158.66071353569464
CA0449,CA0449,SRC017,SFC_AFFB3785B9F0,LIQ_53310FAFB3,160.0,internal_test,no,,,ZS_CA0449,zero_shot,,,0,no,no,zero_shot_not_applicable,0.0,0.0,0.0
CA0449,CA0449,SRC017,SFC_AFFB3785B9F0,LIQ_53310FAFB3,160.0,internal_test,no,,,PA_CA0449,probe_assisted,CA0447;CA0448;CA0450;CA0451;CA0452;CA0453;CA0454,LIQ_0F4168490E;LIQ_4BDC3033E4;LIQ_63C19A56DE;LIQ_6656B41AB7;LIQ_B6950B5CB8;LIQ_E0B206B2DD;LIQ_FCA4FC7284,7,yes,yes,,0.04967344233033156,0.00011952220016040884,161.4425844578061
CA0450,CA0450,SRC017,SFC_AFFB3785B9F0,LIQ_4BDC3033E4,156.0,internal_test,no,,,ZS_CA0450,zero_shot,,,0,no,no,zero_shot_not_applicable,0.0,0.0,0.0
CA0450,CA0450,SRC017,SFC_AFFB3785B9F0,LIQ_4BDC3033E4,156.0,internal_test,no,,,PA_CA0450,probe_assisted,CA0447;CA0448;CA0449;CA0451;CA0452;CA0453;CA0454,LIQ_0F4168490E;LIQ_53310FAFB3;LIQ_63C19A56DE;LIQ_6656B41AB7;LIQ_B6950B5CB8;LIQ_E0B206B2DD;LIQ_FCA4FC7284,7,yes,yes,,0.04851427103080057,0.0004690552833843578,157.5626017518868
CA0451,CA0451,SRC017,SFC_AFFB3785B9F0,LIQ_63C19A56DE,157.0,internal_test,no,,,ZS_CA0451,zero_shot,,,0,no,no,zero_shot_not_applicable,0.0,0.0,0.0
CA0451,CA0451,SRC017,SFC_AFFB3785B9F0,LIQ_63C19A56DE,157.0,internal_test,no,,,PA_CA0451,probe_assisted,CA0447;CA0448;CA0449;CA0450;CA0452;CA0453;CA0454,LIQ_0F4168490E;LIQ_4BDC3033E4;LIQ_53310FAFB3;LIQ_6656B41AB7;LIQ_B6950B5CB8;LIQ_E0B206B2DD;LIQ_FCA4FC7284,7,yes,yes,,0.051476779142318595,0.00037490433005784045,156.18466060243955
CA0452,CA0452,SRC017,SFC_AFFB3785B9F0,LIQ_B6950B5CB8,156.0,internal_test,no,,,ZS_CA0452,zero_shot,,,0,no,no,zero_shot_not_applicable,0.0,0.0,0.0
CA0452,CA0452,SRC017,SFC_AFFB3785B9F0,LIQ_B6950B5CB8,156.0,internal_test,no,,,PA_CA0452,probe_assisted,CA0447;CA0448;CA0449;CA0450;CA0451;CA0453;CA0454,LIQ_0F4168490E;LIQ_4BDC3033E4;LIQ_53310FAFB3;LIQ_63C19A56DE;LIQ_6656B41AB7;LIQ_E0B206B2DD;LIQ_FCA4FC7284,7,yes,yes,,0.05022061212841862,0.00047844952892300136,156.13932114464583
CA0453,CA0453,SRC017,SFC_AFFB3785B9F0,LIQ_E0B206B2DD,154.0,internal_test,no,,,ZS_CA0453,zero_shot,,,0,no,no,zero_shot_not_applicable,0.0,0.0,0.0
CA0453,CA0453,SRC017,SFC_AFFB3785B9F0,LIQ_E0B206B2DD,154.0,internal_test,no,,,PA_CA0453,probe_assisted,CA0447;CA0448;CA0449;CA0450;CA0451;CA0452;CA0454,LIQ_0F4168490E;LIQ_4BDC3033E4;LIQ_53310FAFB3;LIQ_63C19A56DE;LIQ_6656B41AB7;LIQ_B6950B5CB8;LIQ_FCA4FC7284,7,yes,yes,,0.04815887909734527,0.0006793272549160917,155.91111909087678
CA0454,CA0454,SRC017,SFC_AFFB3785B9F0,LIQ_FCA4FC7284,153.0,internal_test,no,,,ZS_CA0454,zero_shot,,,0,no,no,zero_shot_not_applicable,0.0,0.0,0.0
CA0454,CA0454,SRC017,SFC_AFFB3785B9F0,LIQ_FCA4FC7284,153.0,internal_test,no,,,PA_CA0454,probe_assisted,CA0447;CA0448;CA0449;CA0450;CA0451;CA0452;CA0453,LIQ_0F4168490E;LIQ_4BDC3033E4;LIQ_53310FAFB3;LIQ_63C19A56DE;LIQ_6656B41AB7;LIQ_B6950B5CB8;LIQ_E0B206B2DD,7,yes,yes,,0.04759288398249672,0.0007414672563089161,155.58340426551717
CA0463,CA0463,SRC002,SFC_5523B41BFD8F,LIQ_0F4168490E,172.0,validation,no,,,ZS_CA0463,zero_shot,,,0,no,no,zero_shot_not_applicable,0.0,0.0,0.0
CA0463,CA0463,SRC002,SFC_5523B41BFD8F,LIQ_0F4168490E,172.0,validation,no,,,PA_CA0463,probe_assisted,CA0464;CA0465;CA0466,LIQ_53310FAFB3;LIQ_5C0DC0DCD1;LIQ_B6950B5CB8,3,yes,yes,,1.3183603083444746,0.0,148.50875017306595
CA0464,CA0464,SRC002,SFC_5523B41BFD8F,LIQ_5C0DC0DCD1,167.0,validation,no,,,ZS_CA0464,zero_shot,,,0,no,no,zero_shot_not_applicable,0.0,0.0,0.0
CA0464,CA0464,SRC002,SFC_5523B41BFD8F,LIQ_5C0DC0DCD1,167.0,validation,no,,,PA_CA0464,probe_assisted,CA0463;CA0465;CA0466,LIQ_0F4168490E;LIQ_53310FAFB3;LIQ_B6950B5CB8,3,yes,yes,,1.766505754643382,0.0,138.15612593394906
CA0465,CA0465,SRC002,SFC_5523B41BFD8F,LIQ_53310FAFB3,163.0,validation,no,,,ZS_CA0465,zero_shot,,,0,no,no,zero_shot_not_applicable,0.0,0.0,0.0
CA0465,CA0465,SRC002,SFC_5523B41BFD8F,LIQ_53310FAFB3,163.0,validation,no,,,PA_CA0465,probe_assisted,CA0463;CA0464;CA0466,LIQ_0F4168490E;LIQ_5C0DC0DCD1;LIQ_B6950B5CB8,3,yes,yes,,1.4345324324913797,0.0,136.99157601551798
CA0466,CA0466,SRC002,SFC_5523B41BFD8F,LIQ_B6950B5CB8,70.0,validation,no,,,ZS_CA0466,zero_shot,,,0,no,no,zero_shot_not_applicable,0.0,0.0,0.0
CA0466,CA0466,SRC002,SFC_5523B41BFD8F,LIQ_B6950B5CB8,70.0,validation,no,,,PA_CA0466,probe_assisted,CA0463;CA0464;CA0465,LIQ_0F4168490E;LIQ_53310FAFB3;LIQ_5C0DC0DCD1,3,yes,yes,,0.01944524083929976,0.0,161.22990033852298
CA0467,CA0467,SRC003,SFC_6DD3FB38C4D9,LIQ_0F4168490E,166.1,internal_test,no,,,ZS_CA0467,zero_shot,,,0,no,no,zero_shot_not_applicable,0.0,0.0,0.0
CA0467,CA0467,SRC003,SFC_6DD3FB38C4D9,LIQ_0F4168490E,166.1,internal_test,no,,,PA_CA0467,probe_assisted,CA0468,LIQ_6656B41AB7,1,yes,no,insufficient_probes,0.0,0.0,
CA0468,CA0468,SRC003,SFC_6DD3FB38C4D9,LIQ_6656B41AB7,160.5,internal_test,no,,,ZS_CA0468,zero_shot,,,0,no,no,zero_shot_not_applicable,0.0,0.0,0.0
CA0468,CA0468,SRC003,SFC_6DD3FB38C4D9,LIQ_6656B41AB7,160.5,internal_test,no,,,PA_CA0468,probe_assisted,CA0467,LIQ_0F4168490E,1,yes,no,insufficient_probes,0.0,0.0,
CA0529,CA0529,SDX006,SFC_55DDAE9FF4E5,LIQ_0F4168490E,73.7,legacy_external,no,,,ZS_CA0529,zero_shot,,,0,no,no,zero_shot_not_applicable,0.0,0.0,0.0
CA0529,CA0529,SDX006,SFC_55DDAE9FF4E5,LIQ_0F4168490E,73.7,legacy_external,no,,,PA_CA0529,probe_assisted,CA0530,LIQ_6656B41AB7,1,yes,no,insufficient_probes,0.0,0.0,
CA0530,CA0530,SDX006,SFC_55DDAE9FF4E5,LIQ_6656B41AB7,44.2,legacy_external,no,,,ZS_CA0530,zero_shot,,,0,no,no,zero_shot_not_applicable,0.0,0.0,0.0
CA0530,CA0530,SDX006,SFC_55DDAE9FF4E5,LIQ_6656B41AB7,44.2,legacy_external,no,,,PA_CA0530,probe_assisted,CA0529,LIQ_0F4168490E,1,yes,no,insufficient_probes,0.0,0.0,
CA0531,CA0531,SDX006,SFC_8810EE8758ED,LIQ_0F4168490E,88.7,legacy_external,no,,,ZS_CA0531,zero_shot,,,0,no,no,zero_shot_not_applicable,0.0,0.0,0.0
CA0531,CA0531,SDX006,SFC_8810EE8758ED,LIQ_0F4168490E,88.7,legacy_external,no,,,PA_CA0531,probe_assisted,CA0532,LIQ_6656B41AB7,1,yes,no,insufficient_probes,0.0,0.0,
CA0532,CA0532,SDX006,SFC_8810EE8758ED,LIQ_6656B41AB7,53.9,legacy_external,no,,,ZS_CA0532,zero_shot,,,0,no,no,zero_shot_not_applicable,0.0,0.0,0.0
CA0532,CA0532,SDX006,SFC_8810EE8758ED,LIQ_6656B41AB7,53.9,legacy_external,no,,,PA_CA0532,probe_assisted,CA0531,LIQ_0F4168490E,1,yes,no,insufficient_probes,0.0,0.0,
CA0533,CA0533,SDX006,SFC_15EC92D72DA3,LIQ_0F4168490E,99.2,legacy_external,no,,,ZS_CA0533,zero_shot,,,0,no,no,zero_shot_not_applicable,0.0,0.0,0.0
CA0533,CA0533,SDX006,SFC_15EC92D72DA3,LIQ_0F4168490E,99.2,legacy_external,no,,,PA_CA0533,probe_assisted,CA0534,LIQ_6656B41AB7,1,yes,no,insufficient_probes,0.0,0.0,
CA0534,CA0534,SDX006,SFC_15EC92D72DA3,LIQ_6656B41AB7,66.2,legacy_external,no,,,ZS_CA0534,zero_shot,,,0,no,no,zero_shot_not_applicable,0.0,0.0,0.0
CA0534,CA0534,SDX006,SFC_15EC92D72DA3,LIQ_6656B41AB7,66.2,legacy_external,no,,,PA_CA0534,probe_assisted,CA0533,LIQ_0F4168490E,1,yes,no,insufficient_probes,0.0,0.0,
CA0535,CA0535,SDX006,SFC_7ABDB4BDAFA3,LIQ_0F4168490E,105.8,legacy_external,no,,,ZS_CA0535,zero_shot,,,0,no,no,zero_shot_not_applicable,0.0,0.0,0.0
CA0535,CA0535,SDX006,SFC_7ABDB4BDAFA3,LIQ_0F4168490E,105.8,legacy_external,no,,,PA_CA0535,probe_assisted,CA0536,LIQ_6656B41AB7,1,yes,no,insufficient_probes,0.0,0.0,
CA0536,CA0536,SDX006,SFC_7ABDB4BDAFA3,LIQ_6656B41AB7,72.8,legacy_external,no,,,ZS_CA0536,zero_shot,,,0,no,no,zero_shot_not_applicable,0.0,0.0,0.0
CA0536,CA0536,SDX006,SFC_7ABDB4BDAFA3,LIQ_6656B41AB7,72.8,legacy_external,no,,,PA_CA0536,probe_assisted,CA0535,LIQ_0F4168490E,1,yes,no,insufficient_probes,0.0,0.0,
CA0537,CA0537,SDX006,SFC_86D193058DBE,LIQ_0F4168490E,112.6,legacy_external,no,,,ZS_CA0537,zero_shot,,,0,no,no,zero_shot_not_applicable,0.0,0.0,0.0
CA0537,CA0537,SDX006,SFC_86D193058DBE,LIQ_0F4168490E,112.6,legacy_external,no,,,PA_CA0537,probe_assisted,CA0538,LIQ_6656B41AB7,1,yes,no,insufficient_probes,0.0,0.0,
CA0538,CA0538,SDX006,SFC_86D193058DBE,LIQ_6656B41AB7,78.4,legacy_external,no,,,ZS_CA0538,zero_shot,,,0,no,no,zero_shot_not_applicable,0.0,0.0,0.0
CA0538,CA0538,SDX006,SFC_86D193058DBE,LIQ_6656B41AB7,78.4,legacy_external,no,,,PA_CA0538,probe_assisted,CA0537,LIQ_0F4168490E,1,yes,no,insufficient_probes,0.0,0.0,
CA0539,CA0539,SDX006,SFC_C578D204BBE3,LIQ_0F4168490E,115.4,legacy_external,no,,,ZS_CA0539,zero_shot,,,0,no,no,zero_shot_not_applicable,0.0,0.0,0.0
CA0539,CA0539,SDX006,SFC_C578D204BBE3,LIQ_0F4168490E,115.4,legacy_external,no,,,PA_CA0539,probe_assisted,CA0540,LIQ_6656B41AB7,1,yes,no,insufficient_probes,0.0,0.0,
CA0540,CA0540,SDX006,SFC_C578D204BBE3,LIQ_6656B41AB7,83.0,legacy_external,no,,,ZS_CA0540,zero_shot,,,0,no,no,zero_shot_not_applicable,0.0,0.0,0.0
CA0540,CA0540,SDX006,SFC_C578D204BBE3,LIQ_6656B41AB7,83.0,legacy_external,no,,,PA_CA0540,probe_assisted,CA0539,LIQ_0F4168490E,1,yes,no,insufficient_probes,0.0,0.0,
CA0541,CA0541,SDX006,SFC_AEDDDB49C107,LIQ_0F4168490E,118.0,legacy_external,no,,,ZS_CA0541,zero_shot,,,0,no,no,zero_shot_not_applicable,0.0,0.0,0.0
CA0541,CA0541,SDX006,SFC_AEDDDB49C107,LIQ_0F4168490E,118.0,legacy_external,no,,,PA_CA0541,probe_assisted,CA0542,LIQ_6656B41AB7,1,yes,no,insufficient_probes,0.0,0.0,
CA0542,CA0542,SDX006,SFC_AEDDDB49C107,LIQ_6656B41AB7,87.5,legacy_external,no,,,ZS_CA0542,zero_shot,,,0,no,no,zero_shot_not_applicable,0.0,0.0,0.0
CA0542,CA0542,SDX006,SFC_AEDDDB49C107,LIQ_6656B41AB7,87.5,legacy_external,no,,,PA_CA0542,probe_assisted,CA0541,LIQ_0F4168490E,1,yes,no,insufficient_probes,0.0,0.0,
CA0543,CA0543,SDX006,SFC_12E012885148,LIQ_0F4168490E,120.5,legacy_external,no,,,ZS_CA0543,zero_shot,,,0,no,no,zero_shot_not_applicable,0.0,0.0,0.0
CA0543,CA0543,SDX006,SFC_12E012885148,LIQ_0F4168490E,120.5,legacy_external,no,,,PA_CA0543,probe_assisted,CA0544,LIQ_6656B41AB7,1,yes,no,insufficient_probes,0.0,0.0,
CA0544,CA0544,SDX006,SFC_12E012885148,LIQ_6656B41AB7,91.2,legacy_external,no,,,ZS_CA0544,zero_shot,,,0,no,no,zero_shot_not_applicable,0.0,0.0,0.0
CA0544,CA0544,SDX006,SFC_12E012885148,LIQ_6656B41AB7,91.2,legacy_external,no,,,PA_CA0544,probe_assisted,CA0543,LIQ_0F4168490E,1,yes,no,insufficient_probes,0.0,0.0,
CA0545,CA0545,SDX001,SFC_159FF1E1E160,LIQ_0F4168490E,76.4,legacy_external,no,,,ZS_CA0545,zero_shot,,,0,no,no,zero_shot_not_applicable,0.0,0.0,0.0
CA0545,CA0545,SDX001,SFC_159FF1E1E160,LIQ_0F4168490E,76.4,legacy_external,no,,,PA_CA0545,probe_assisted,CA0546,LIQ_6656B41AB7,1,yes,no,insufficient_probes,0.0,0.0,
CA0546,CA0546,SDX001,SFC_159FF1E1E160,LIQ_6656B41AB7,45.1,legacy_external,no,,,ZS_CA0546,zero_shot,,,0,no,no,zero_shot_not_applicable,0.0,0.0,0.0
CA0546,CA0546,SDX001,SFC_159FF1E1E160,LIQ_6656B41AB7,45.1,legacy_external,no,,,PA_CA0546,probe_assisted,CA0545,LIQ_0F4168490E,1,yes,no,insufficient_probes,0.0,0.0,
CA0547,CA0547,SDX001,SFC_91A5214A0C27,LIQ_0F4168490E,73.5,legacy_external,no,,,ZS_CA0547,zero_shot,,,0,no,no,zero_shot_not_applicable,0.0,0.0,0.0
CA0547,CA0547,SDX001,SFC_91A5214A0C27,LIQ_0F4168490E,73.5,legacy_external,no,,,PA_CA0547,probe_assisted,CA0548,LIQ_6656B41AB7,1,yes,no,insufficient_probes,0.0,0.0,
CA0548,CA0548,SDX001,SFC_91A5214A0C27,LIQ_6656B41AB7,41.2,legacy_external,no,,,ZS_CA0548,zero_shot,,,0,no,no,zero_shot_not_applicable,0.0,0.0,0.0
CA0548,CA0548,SDX001,SFC_91A5214A0C27,LIQ_6656B41AB7,41.2,legacy_external,no,,,PA_CA0548,probe_assisted,CA0547,LIQ_0F4168490E,1,yes,no,insufficient_probes,0.0,0.0,
CA0549,CA0549,SDX001,SFC_3C4F304244DF,LIQ_0F4168490E,51.3,legacy_external,no,,,ZS_CA0549,zero_shot,,,0,no,no,zero_shot_not_applicable,0.0,0.0,0.0
CA0549,CA0549,SDX001,SFC_3C4F304244DF,LIQ_0F4168490E,51.3,legacy_external,no,,,PA_CA0549,probe_assisted,CA0550,LIQ_6656B41AB7,1,yes,no,insufficient_probes,0.0,0.0,
CA0550,CA0550,SDX001,SFC_3C4F304244DF,LIQ_6656B41AB7,41.9,legacy_external,no,,,ZS_CA0550,zero_shot,,,0,no,no,zero_shot_not_applicable,0.0,0.0,0.0
CA0550,CA0550,SDX001,SFC_3C4F304244DF,LIQ_6656B41AB7,41.9,legacy_external,no,,,PA_CA0550,probe_assisted,CA0549,LIQ_0F4168490E,1,yes,no,insufficient_probes,0.0,0.0,
CA0551,CA0551,SDX001,SFC_95A0FAE91CD0,LIQ_0F4168490E,68.9,legacy_external,no,,,ZS_CA0551,zero_shot,,,0,no,no,zero_shot_not_applicable,0.0,0.0,0.0
CA0551,CA0551,SDX001,SFC_95A0FAE91CD0,LIQ_0F4168490E,68.9,legacy_external,no,,,PA_CA0551,probe_assisted,CA0552,LIQ_6656B41AB7,1,yes,no,insufficient_probes,0.0,0.0,
CA0552,CA0552,SDX001,SFC_95A0FAE91CD0,LIQ_6656B41AB7,50.2,legacy_external,no,,,ZS_CA0552,zero_shot,,,0,no,no,zero_shot_not_applicable,0.0,0.0,0.0
CA0552,CA0552,SDX001,SFC_95A0FAE91CD0,LIQ_6656B41AB7,50.2,legacy_external,no,,,PA_CA0552,probe_assisted,CA0551,LIQ_0F4168490E,1,yes,no,insufficient_probes,0.0,0.0,
CA0553,CA0553,SDX001,SFC_38EFEBA36525,LIQ_0F4168490E,0.0,legacy_external,no,,,ZS_CA0553,zero_shot,,,0,no,no,zero_shot_not_applicable,0.0,0.0,0.0
CA0553,CA0553,SDX001,SFC_38EFEBA36525,LIQ_0F4168490E,0.0,legacy_external,no,,,PA_CA0553,probe_assisted,CA0554,LIQ_6656B41AB7,1,yes,no,insufficient_probes,0.0,0.0,
CA0554,CA0554,SDX001,SFC_38EFEBA36525,LIQ_6656B41AB7,34.9,legacy_external,no,,,ZS_CA0554,zero_shot,,,0,no,no,zero_shot_not_applicable,0.0,0.0,0.0
CA0554,CA0554,SDX001,SFC_38EFEBA36525,LIQ_6656B41AB7,34.9,legacy_external,no,,,PA_CA0554,probe_assisted,CA0553,LIQ_0F4168490E,1,yes,no,insufficient_probes,0.0,0.0,
CA0555,CA0555,SDX009,SFC_90843D24007D,LIQ_0F4168490E,110.9,legacy_external,no,,,ZS_CA0555,zero_shot,,,0,no,no,zero_shot_not_applicable,0.0,0.0,0.0
CA0555,CA0555,SDX009,SFC_90843D24007D,LIQ_0F4168490E,110.9,legacy_external,no,,,PA_CA0555,probe_assisted,CA0556,LIQ_6656B41AB7,1,yes,no,insufficient_probes,0.0,0.0,
CA0556,CA0556,SDX009,SFC_90843D24007D,LIQ_6656B41AB7,89.9,legacy_external,no,,,ZS_CA0556,zero_shot,,,0,no,no,zero_shot_not_applicable,0.0,0.0,0.0
CA0556,CA0556,SDX009,SFC_90843D24007D,LIQ_6656B41AB7,89.9,legacy_external,no,,,PA_CA0556,probe_assisted,CA0555,LIQ_0F4168490E,1,yes,no,insufficient_probes,0.0,0.0,
CA0557,CA0557,SDX009,SFC_962FBAB11443,LIQ_0F4168490E,126.9,legacy_external,no,,,ZS_CA0557,zero_shot,,,0,no,no,zero_shot_not_applicable,0.0,0.0,0.0
CA0557,CA0557,SDX009,SFC_962FBAB11443,LIQ_0F4168490E,126.9,legacy_external,no,,,PA_CA0557,probe_assisted,CA0558,LIQ_6656B41AB7,1,yes,no,insufficient_probes,0.0,0.0,
CA0558,CA0558,SDX009,SFC_962FBAB11443,LIQ_6656B41AB7,103.2,legacy_external,no,,,ZS_CA0558,zero_shot,,,0,no,no,zero_shot_not_applicable,0.0,0.0,0.0
CA0558,CA0558,SDX009,SFC_962FBAB11443,LIQ_6656B41AB7,103.2,legacy_external,no,,,PA_CA0558,probe_assisted,CA0557,LIQ_0F4168490E,1,yes,no,insufficient_probes,0.0,0.0,
CA0559,CA0559,SDX009,SFC_4A58BED65751,LIQ_0F4168490E,120.3,legacy_external,no,,,ZS_CA0559,zero_shot,,,0,no,no,zero_shot_not_applicable,0.0,0.0,0.0
CA0559,CA0559,SDX009,SFC_4A58BED65751,LIQ_0F4168490E,120.3,legacy_external,no,,,PA_CA0559,probe_assisted,CA0560,LIQ_6656B41AB7,1,yes,no,insufficient_probes,0.0,0.0,
CA0560,CA0560,SDX009,SFC_4A58BED65751,LIQ_6656B41AB7,105.9,legacy_external,no,,,ZS_CA0560,zero_shot,,,0,no,no,zero_shot_not_applicable,0.0,0.0,0.0
CA0560,CA0560,SDX009,SFC_4A58BED65751,LIQ_6656B41AB7,105.9,legacy_external,no,,,PA_CA0560,probe_assisted,CA0559,LIQ_0F4168490E,1,yes,no,insufficient_probes,0.0,0.0,
CA0561,CA0561,SDX009,SFC_FE7D2709B140,LIQ_0F4168490E,105.7,legacy_external,no,,,ZS_CA0561,zero_shot,,,0,no,no,zero_shot_not_applicable,0.0,0.0,0.0
CA0561,CA0561,SDX009,SFC_FE7D2709B140,LIQ_0F4168490E,105.7,legacy_external,no,,,PA_CA0561,probe_assisted,CA0562,LIQ_6656B41AB7,1,yes,no,insufficient_probes,0.0,0.0,
CA0562,CA0562,SDX009,SFC_FE7D2709B140,LIQ_6656B41AB7,97.3,legacy_external,no,,,ZS_CA0562,zero_shot,,,0,no,no,zero_shot_not_applicable,0.0,0.0,0.0
CA0562,CA0562,SDX009,SFC_FE7D2709B140,LIQ_6656B41AB7,97.3,legacy_external,no,,,PA_CA0562,probe_assisted,CA0561,LIQ_0F4168490E,1,yes,no,insufficient_probes,0.0,0.0,
CA0587,CA0587,SDX010,SFC_B0B8AD6AD8FD,LIQ_0F4168490E,79.9,legacy_external,no,,,ZS_CA0587,zero_shot,,,0,no,no,zero_shot_not_applicable,0.0,0.0,0.0
CA0587,CA0587,SDX010,SFC_B0B8AD6AD8FD,LIQ_0F4168490E,79.9,legacy_external,no,,,PA_CA0587,probe_assisted,CA0588;CA0589,LIQ_6656B41AB7;LIQ_B6950B5CB8,2,yes,no,singular_fit,0.0,0.0,
CA0588,CA0588,SDX010,SFC_B0B8AD6AD8FD,LIQ_6656B41AB7,47.3,legacy_external,no,,,ZS_CA0588,zero_shot,,,0,no,no,zero_shot_not_applicable,0.0,0.0,0.0
CA0588,CA0588,SDX010,SFC_B0B8AD6AD8FD,LIQ_6656B41AB7,47.3,legacy_external,no,,,PA_CA0588,probe_assisted,CA0587;CA0589,LIQ_0F4168490E;LIQ_B6950B5CB8,2,yes,yes,,27.5,6.565508787196072,61.867362098076875
CA0589,CA0589,SDX010,SFC_B0B8AD6AD8FD,LIQ_B6950B5CB8,0.0,legacy_external,no,,,ZS_CA0589,zero_shot,,,0,no,no,zero_shot_not_applicable,0.0,0.0,0.0
CA0589,CA0589,SDX010,SFC_B0B8AD6AD8FD,LIQ_B6950B5CB8,0.0,legacy_external,no,,,PA_CA0589,probe_assisted,CA0587;CA0588,LIQ_0F4168490E;LIQ_6656B41AB7,2,yes,yes,,35.76599244516076,4.329950249082979,0.0
CA0590,CA0590,SDX010,SFC_E7FC3D2DD101,LIQ_0F4168490E,97.5,legacy_external,no,,,ZS_CA0590,zero_shot,,,0,no,no,zero_shot_not_applicable,0.0,0.0,0.0
CA0590,CA0590,SDX010,SFC_E7FC3D2DD101,LIQ_0F4168490E,97.5,legacy_external,no,,,PA_CA0590,probe_assisted,CA0591;CA0592,LIQ_6656B41AB7;LIQ_B6950B5CB8,2,yes,no,singular_fit,0.0,0.0,
CA0591,CA0591,SDX010,SFC_E7FC3D2DD101,LIQ_6656B41AB7,51.3,legacy_external,no,,,ZS_CA0591,zero_shot,,,0,no,no,zero_shot_not_applicable,0.0,0.0,0.0
CA0591,CA0591,SDX010,SFC_E7FC3D2DD101,LIQ_6656B41AB7,51.3,legacy_external,no,,,PA_CA0591,probe_assisted,CA0590;CA0592,LIQ_0F4168490E;LIQ_B6950B5CB8,2,yes,yes,,24.866647839635657,1.3723381498400657,66.46639465432675
CA0592,CA0592,SDX010,SFC_E7FC3D2DD101,LIQ_B6950B5CB8,25.6,legacy_external,no,,,ZS_CA0592,zero_shot,,,0,no,no,zero_shot_not_applicable,0.0,0.0,0.0
CA0592,CA0592,SDX010,SFC_E7FC3D2DD101,LIQ_B6950B5CB8,25.6,legacy_external,no,,,PA_CA0592,probe_assisted,CA0590;CA0591,LIQ_0F4168490E;LIQ_6656B41AB7,2,yes,yes,,33.54595388805891,0.4160309668505046,0.0
CA0593,CA0593,SDX010,SFC_F8664D03003D,LIQ_0F4168490E,78.7,legacy_external,no,,,ZS_CA0593,zero_shot,,,0,no,no,zero_shot_not_applicable,0.0,0.0,0.0
CA0593,CA0593,SDX010,SFC_F8664D03003D,LIQ_0F4168490E,78.7,legacy_external,no,,,PA_CA0593,probe_assisted,CA0594;CA0595,LIQ_6656B41AB7;LIQ_B6950B5CB8,2,yes,no,singular_fit,0.0,0.0,
CA0594,CA0594,SDX010,SFC_F8664D03003D,LIQ_6656B41AB7,35.6,legacy_external,no,,,ZS_CA0594,zero_shot,,,0,no,no,zero_shot_not_applicable,0.0,0.0,0.0
CA0594,CA0594,SDX010,SFC_F8664D03003D,LIQ_6656B41AB7,35.6,legacy_external,no,,,PA_CA0594,probe_assisted,CA0593;CA0595,LIQ_0F4168490E;LIQ_B6950B5CB8,2,yes,yes,,27.5,7.114054927119709,61.867362098076875
CA0595,CA0595,SDX010,SFC_F8664D03003D,LIQ_B6950B5CB8,0.0,legacy_external,no,,,ZS_CA0595,zero_shot,,,0,no,no,zero_shot_not_applicable,0.0,0.0,0.0
CA0595,CA0595,SDX010,SFC_F8664D03003D,LIQ_B6950B5CB8,0.0,legacy_external,no,,,PA_CA0595,probe_assisted,CA0593;CA0594,LIQ_0F4168490E;LIQ_6656B41AB7,2,yes,yes,,41.749146495308295,3.501921239978407,0.0
CA0596,CA0596,SDX010,SFC_57C35DC0B570,LIQ_0F4168490E,96.8,legacy_external,no,,,ZS_CA0596,zero_shot,,,0,no,no,zero_shot_not_applicable,0.0,0.0,0.0
CA0596,CA0596,SDX010,SFC_57C35DC0B570,LIQ_0F4168490E,96.8,legacy_external,no,,,PA_CA0596,probe_assisted,CA0597;CA0598,LIQ_6656B41AB7;LIQ_B6950B5CB8,2,yes,no,singular_fit,0.0,0.0,
CA0597,CA0597,SDX010,SFC_57C35DC0B570,LIQ_6656B41AB7,60.4,legacy_external,no,,,ZS_CA0597,zero_shot,,,0,no,no,zero_shot_not_applicable,0.0,0.0,0.0
CA0597,CA0597,SDX010,SFC_57C35DC0B570,LIQ_6656B41AB7,60.4,legacy_external,no,,,PA_CA0597,probe_assisted,CA0596;CA0598,LIQ_0F4168490E;LIQ_B6950B5CB8,2,yes,yes,,22.00565030543539,2.0350077635967123,71.558791718714
CA0598,CA0598,SDX010,SFC_57C35DC0B570,LIQ_B6950B5CB8,37.9,legacy_external,no,,,ZS_CA0598,zero_shot,,,0,no,no,zero_shot_not_applicable,0.0,0.0,0.0
CA0598,CA0598,SDX010,SFC_57C35DC0B570,LIQ_B6950B5CB8,37.9,legacy_external,no,,,PA_CA0598,probe_assisted,CA0596;CA0597,LIQ_0F4168490E;LIQ_6656B41AB7,2,yes,yes,,28.344651219311363,1.0255916668445193,0.0
CA0599,CA0599,SDX010,SFC_AD93A15A2199,LIQ_0F4168490E,81.4,legacy_external,no,,,ZS_CA0599,zero_shot,,,0,no,no,zero_shot_not_applicable,0.0,0.0,0.0
CA0599,CA0599,SDX010,SFC_AD93A15A2199,LIQ_0F4168490E,81.4,legacy_external,no,,,PA_CA0599,probe_assisted,CA0600;CA0601,LIQ_6656B41AB7;LIQ_B6950B5CB8,2,yes,no,singular_fit,0.0,0.0,
CA0600,CA0600,SDX010,SFC_AD93A15A2199,LIQ_6656B41AB7,44.9,legacy_external,no,,,ZS_CA0600,zero_shot,,,0,no,no,zero_shot_not_applicable,0.0,0.0,0.0
CA0600,CA0600,SDX010,SFC_AD93A15A2199,LIQ_6656B41AB7,44.9,legacy_external,no,,,PA_CA0600,probe_assisted,CA0599;CA0601,LIQ_0F4168490E;LIQ_B6950B5CB8,2,yes,yes,,27.5,5.908116873974264,61.867362098076875
CA0601,CA0601,SDX010,SFC_AD93A15A2199,LIQ_B6950B5CB8,0.0,legacy_external,no,,,ZS_CA0601,zero_shot,,,0,no,no,zero_shot_not_applicable,0.0,0.0,0.0
CA0601,CA0601,SDX010,SFC_AD93A15A2199,LIQ_B6950B5CB8,0.0,legacy_external,no,,,PA_CA0601,probe_assisted,CA0599;CA0600,LIQ_0F4168490E;LIQ_6656B41AB7,2,yes,yes,,37.06399751468973,3.530160605240192,0.0
CA0602,CA0602,SDX010,SFC_B9F3779B4230,LIQ_0F4168490E,99.4,legacy_external,no,,,ZS_CA0602,zero_shot,,,0,no,no,zero_shot_not_applicable,0.0,0.0,0.0
CA0602,CA0602,SDX010,SFC_B9F3779B4230,LIQ_0F4168490E,99.4,legacy_external,no,,,PA_CA0602,probe_assisted,CA0603;CA0604,LIQ_6656B41AB7;LIQ_B6950B5CB8,2,yes,no,singular_fit,0.0,0.0,
CA0603,CA0603,SDX010,SFC_B9F3779B4230,LIQ_6656B41AB7,66.8,legacy_external,no,,,ZS_CA0603,zero_shot,,,0,no,no,zero_shot_not_applicable,0.0,0.0,0.0
CA0603,CA0603,SDX010,SFC_B9F3779B4230,LIQ_6656B41AB7,66.8,legacy_external,no,,,PA_CA0603,probe_assisted,CA0602;CA0604,LIQ_0F4168490E;LIQ_B6950B5CB8,2,yes,yes,,20.29471107857492,1.7403139398422027,74.68511017091427
CA0604,CA0604,SDX010,SFC_B9F3779B4230,LIQ_B6950B5CB8,44.1,legacy_external,no,,,ZS_CA0604,zero_shot,,,0,no,no,zero_shot_not_applicable,0.0,0.0,0.0
CA0604,CA0604,SDX010,SFC_B9F3779B4230,LIQ_B6950B5CB8,44.1,legacy_external,no,,,PA_CA0604,probe_assisted,CA0602;CA0603,LIQ_0F4168490E;LIQ_6656B41AB7,2,yes,yes,,24.677040400888682,1.0337617924443316,26.547012601055627
CA0605,CA0605,SDX010,SFC_02B9E44B3DAE,LIQ_0F4168490E,81.1,legacy_external,no,,,ZS_CA0605,zero_shot,,,0,no,no,zero_shot_not_applicable,0.0,0.0,0.0
CA0605,CA0605,SDX010,SFC_02B9E44B3DAE,LIQ_0F4168490E,81.1,legacy_external,no,,,PA_CA0605,probe_assisted,CA0606;CA0607,LIQ_6656B41AB7;LIQ_B6950B5CB8,2,yes,no,singular_fit,0.0,0.0,
CA0606,CA0606,SDX010,SFC_02B9E44B3DAE,LIQ_6656B41AB7,45.7,legacy_external,no,,,ZS_CA0606,zero_shot,,,0,no,no,zero_shot_not_applicable,0.0,0.0,0.0
CA0606,CA0606,SDX010,SFC_02B9E44B3DAE,LIQ_6656B41AB7,45.7,legacy_external,no,,,PA_CA0606,probe_assisted,CA0605;CA0607,LIQ_0F4168490E;LIQ_B6950B5CB8,2,yes,yes,,27.50000000000001,6.0370412002590434,61.86736209807685
CA0607,CA0607,SDX010,SFC_02B9E44B3DAE,LIQ_B6950B5CB8,0.0,legacy_external,no,,,ZS_CA0607,zero_shot,,,0,no,no,zero_shot_not_applicable,0.0,0.0,0.0
CA0607,CA0607,SDX010,SFC_02B9E44B3DAE,LIQ_B6950B5CB8,0.0,legacy_external,no,,,PA_CA0607,probe_assisted,CA0605;CA0606,LIQ_0F4168490E;LIQ_6656B41AB7,2,yes,yes,,36.63460391867822,3.7186227505216976,0.0
CA0608,CA0608,SDX007,SFC_82F5C36F39D2,LIQ_0F4168490E,61.3,legacy_external,no,,,ZS_CA0608,zero_shot,,,0,no,no,zero_shot_not_applicable,0.0,0.0,0.0
CA0608,CA0608,SDX007,SFC_82F5C36F39D2,LIQ_0F4168490E,61.3,legacy_external,no,,,PA_CA0608,probe_assisted,CA0609;CA0610,LIQ_53310FAFB3;LIQ_6656B41AB7,2,yes,yes,,41.22922249681293,2.19066604956211,83.4535746133524
CA0609,CA0609,SDX007,SFC_82F5C36F39D2,LIQ_6656B41AB7,36.7,legacy_external,no,,,ZS_CA0609,zero_shot,,,0,no,no,zero_shot_not_applicable,0.0,0.0,0.0
CA0609,CA0609,SDX007,SFC_82F5C36F39D2,LIQ_6656B41AB7,36.7,legacy_external,no,,,PA_CA0609,probe_assisted,CA0608;CA0610,LIQ_0F4168490E;LIQ_53310FAFB3,2,yes,yes,,10.315718653007506,29.646453050684997,95.66688306732674
CA0610,CA0610,SDX007,SFC_82F5C36F39D2,LIQ_53310FAFB3,44.8,legacy_external,no,,,ZS_CA0610,zero_shot,,,0,no,no,zero_shot_not_applicable,0.0,0.0,0.0
CA0610,CA0610,SDX007,SFC_82F5C36F39D2,LIQ_53310FAFB3,44.8,legacy_external,no,,,PA_CA0610,probe_assisted,CA0608;CA0609,LIQ_0F4168490E;LIQ_6656B41AB7,2,yes,yes,,41.22922249681299,11.200375254527781,0.0
CA0611,CA0611,SDX007,SFC_FF44FFDB2AC3,LIQ_0F4168490E,83.2,legacy_external,no,,,ZS_CA0611,zero_shot,,,0,no,no,zero_shot_not_applicable,0.0,0.0,0.0
CA0611,CA0611,SDX007,SFC_FF44FFDB2AC3,LIQ_0F4168490E,83.2,legacy_external,no,,,PA_CA0611,probe_assisted,CA0612;CA0613,LIQ_53310FAFB3;LIQ_6656B41AB7,2,yes,yes,,32.69917665659737,1.6733322351754738,90.72870834787031
CA0612,CA0612,SDX007,SFC_FF44FFDB2AC3,LIQ_6656B41AB7,52.8,legacy_external,no,,,ZS_CA0612,zero_shot,,,0,no,no,zero_shot_not_applicable,0.0,0.0,0.0
CA0612,CA0612,SDX007,SFC_FF44FFDB2AC3,LIQ_6656B41AB7,52.8,legacy_external,no,,,PA_CA0612,probe_assisted,CA0611;CA0613,LIQ_0F4168490E;LIQ_53310FAFB3,2,yes,yes,,20.878331650993236,7.361143926373927,73.61016529019334
CA0613,CA0613,SDX007,SFC_FF44FFDB2AC3,LIQ_53310FAFB3,58.8,legacy_external,no,,,ZS_CA0613,zero_shot,,,0,no,no,zero_shot_not_applicable,0.0,0.0,0.0
CA0613,CA0613,SDX007,SFC_FF44FFDB2AC3,LIQ_53310FAFB3,58.8,legacy_external,no,,,PA_CA0613,probe_assisted,CA0611;CA0612,LIQ_0F4168490E;LIQ_6656B41AB7,2,yes,yes,,32.69917665659742,3.849070261769714,50.25217089126208
CA0614,CA0614,SDX007,SFC_ACA747208E92,LIQ_0F4168490E,70.0,legacy_external,no,,,ZS_CA0614,zero_shot,,,0,no,no,zero_shot_not_applicable,0.0,0.0,0.0
CA0614,CA0614,SDX007,SFC_ACA747208E92,LIQ_0F4168490E,70.0,legacy_external,no,,,PA_CA0614,probe_assisted,CA0615;CA0616,LIQ_53310FAFB3;LIQ_6656B41AB7,2,yes,yes,,34.21833254082726,5.804145629919521,77.11462933732575
CA0615,CA0615,SDX007,SFC_ACA747208E92,LIQ_6656B41AB7,50.1,legacy_external,no,,,ZS_CA0615,zero_shot,,,0,no,no,zero_shot_not_applicable,0.0,0.0,0.0
CA0615,CA0615,SDX007,SFC_ACA747208E92,LIQ_6656B41AB7,50.1,legacy_external,no,,,PA_CA0615,probe_assisted,CA0614;CA0616,LIQ_0F4168490E;LIQ_53310FAFB3,2,yes,yes,,23.104041471227916,13.673111756714501,69.58709757457488
CA0616,CA0616,SDX007,SFC_ACA747208E92,LIQ_53310FAFB3,41.4,legacy_external,no,,,ZS_CA0616,zero_shot,,,0,no,no,zero_shot_not_applicable,0.0,0.0,0.0
CA0616,CA0616,SDX007,SFC_ACA747208E92,LIQ_53310FAFB3,41.4,legacy_external,no,,,PA_CA0616,probe_assisted,CA0614;CA0615,LIQ_0F4168490E;LIQ_6656B41AB7,2,yes,yes,,34.2183325408273,9.095177575287813,30.65086001336726
EXT_49031F0CF1DA,EXT_49031F0CF1DA,OPEN_CROSS_MATERIAL_2026,SFC_6CC47C08CF64,LIQ_0F4168490E,0.0,prospective_open_external,no,,,ZS_EXT_49031F0CF1DA,zero_shot,,,0,no,no,zero_shot_not_applicable,0.0,0.0,0.0
EXT_A0FF3F05F460,EXT_A0FF3F05F460,OPEN_CROSS_MATERIAL_2026,SFC_FFEC58F1530E,LIQ_0F4168490E,0.0,prospective_open_external,no,,,ZS_EXT_A0FF3F05F460,zero_shot,,,0,no,no,zero_shot_not_applicable,0.0,0.0,0.0
EXT_FEB4B983371B,EXT_FEB4B983371B,OPEN_CROSS_MATERIAL_2026,SFC_E543580D2581,LIQ_0F4168490E,5.0,prospective_open_external,no,,,ZS_EXT_FEB4B983371B,zero_shot,,,0,no,no,zero_shot_not_applicable,0.0,0.0,0.0
EXT_1435D4EE7D58,EXT_1435D4EE7D58,OPEN_CROSS_MATERIAL_2026,SFC_B031A7CFA524,LIQ_0F4168490E,5.0,prospective_open_external,no,,,ZS_EXT_1435D4EE7D58,zero_shot,,,0,no,no,zero_shot_not_applicable,0.0,0.0,0.0
EXT_C5532BFE0392,EXT_C5532BFE0392,OPEN_CROSS_MATERIAL_2026,SFC_88AD8E0824C4,LIQ_0F4168490E,11.0,prospective_open_external,no,,,ZS_EXT_C5532BFE0392,zero_shot,,,0,no,no,zero_shot_not_applicable,0.0,0.0,0.0
EXT_44B14E084099,EXT_44B14E084099,OPEN_CROSS_MATERIAL_2026,SFC_3C19B5C5940C,LIQ_0F4168490E,23.5,prospective_open_external,no,,,ZS_EXT_44B14E084099,zero_shot,,,0,no,no,zero_shot_not_applicable,0.0,0.0,0.0
EXT_969E7805FF23,EXT_969E7805FF23,OPEN_CROSS_MATERIAL_2026,SFC_EF22972A391D,LIQ_0F4168490E,32.0,prospective_open_external,no,,,ZS_EXT_969E7805FF23,zero_shot,,,0,no,no,zero_shot_not_applicable,0.0,0.0,0.0
EXT_AF240CDD39AB,EXT_AF240CDD39AB,OPEN_CROSS_MATERIAL_2026,SFC_DFAA6FA9D311,LIQ_0F4168490E,34.0,prospective_open_external,no,,,ZS_EXT_AF240CDD39AB,zero_shot,,,0,no,no,zero_shot_not_applicable,0.0,0.0,0.0
EXT_1AE336EF5B2E,EXT_1AE336EF5B2E,OPEN_CROSS_MATERIAL_2026,SFC_0E29DCF6B0F6,LIQ_0F4168490E,39.1,prospective_open_external,no,,,ZS_EXT_1AE336EF5B2E,zero_shot,,,0,no,no,zero_shot_not_applicable,0.0,0.0,0.0
EXT_0D0567136BE4,EXT_0D0567136BE4,OPEN_CROSS_MATERIAL_2026,SFC_CCA852C05DD9,LIQ_6656B41AB7,43.2,prospective_open_external,no,,,ZS_EXT_0D0567136BE4,zero_shot,,,0,no,no,zero_shot_not_applicable,0.0,0.0,0.0
EXT_0D0567136BE4,EXT_0D0567136BE4,OPEN_CROSS_MATERIAL_2026,SFC_CCA852C05DD9,LIQ_6656B41AB7,43.2,prospective_open_external,no,,,PA_EXT_0D0567136BE4,probe_assisted,EXT_03E658446E71;EXT_4192CE86DB7A;EXT_45B7FC6A550A;EXT_EDDBCE0D5ECF,LIQ_0F4168490E;LIQ_1BD1B94C09;LIQ_53310FAFB3;LIQ_5C0DC0DCD1,4,yes,yes,,17.628003186783772,14.352891328371767,79.73811920429965
EXT_02746EDBC523,EXT_02746EDBC523,OPEN_CROSS_MATERIAL_2026,SFC_B11F05311C95,LIQ_0F4168490E,48.0,prospective_open_external,no,,,ZS_EXT_02746EDBC523,zero_shot,,,0,no,no,zero_shot_not_applicable,0.0,0.0,0.0
EXT_D2BDCF2B48E1,EXT_D2BDCF2B48E1,OPEN_CROSS_MATERIAL_2026,SFC_276FB2540C6B,LIQ_0F4168490E,49.0,prospective_open_external,no,,,ZS_EXT_D2BDCF2B48E1,zero_shot,,,0,no,no,zero_shot_not_applicable,0.0,0.0,0.0
EXT_AD49AC8FC73F,EXT_AD49AC8FC73F,OPEN_CROSS_MATERIAL_2026,SFC_45F8C8F50DAD,LIQ_0F4168490E,50.0,prospective_open_external,no,,,ZS_EXT_AD49AC8FC73F,zero_shot,,,0,no,no,zero_shot_not_applicable,0.0,0.0,0.0
EXT_03E658446E71,EXT_03E658446E71,OPEN_CROSS_MATERIAL_2026,SFC_CCA852C05DD9,LIQ_1BD1B94C09,56.7,prospective_open_external,no,,,ZS_EXT_03E658446E71,zero_shot,,,0,no,no,zero_shot_not_applicable,0.0,0.0,0.0
EXT_03E658446E71,EXT_03E658446E71,OPEN_CROSS_MATERIAL_2026,SFC_CCA852C05DD9,LIQ_1BD1B94C09,56.7,prospective_open_external,no,,,PA_EXT_03E658446E71,probe_assisted,EXT_0D0567136BE4;EXT_4192CE86DB7A;EXT_45B7FC6A550A;EXT_EDDBCE0D5ECF,LIQ_0F4168490E;LIQ_53310FAFB3;LIQ_5C0DC0DCD1;LIQ_6656B41AB7,4,yes,yes,,33.97268902932892,4.841741140139124,54.13375170767527
EXT_4192CE86DB7A,EXT_4192CE86DB7A,OPEN_CROSS_MATERIAL_2026,SFC_CCA852C05DD9,LIQ_53310FAFB3,57.0,prospective_open_external,no,,,ZS_EXT_4192CE86DB7A,zero_shot,,,0,no,no,zero_shot_not_applicable,0.0,0.0,0.0
EXT_4192CE86DB7A,EXT_4192CE86DB7A,OPEN_CROSS_MATERIAL_2026,SFC_CCA852C05DD9,LIQ_53310FAFB3,57.0,prospective_open_external,no,,,PA_EXT_4192CE86DB7A,probe_assisted,EXT_03E658446E71;EXT_0D0567136BE4;EXT_45B7FC6A550A;EXT_EDDBCE0D5ECF,LIQ_0F4168490E;LIQ_1BD1B94C09;LIQ_5C0DC0DCD1;LIQ_6656B41AB7,4,yes,yes,,34.46670412658423,5.23738530534071,42.86537168453326
EXT_CEE170F19AC5,EXT_CEE170F19AC5,OPEN_CROSS_MATERIAL_2026,SFC_C29649784C9E,LIQ_0F4168490E,57.0,prospective_open_external,no,,,ZS_EXT_CEE170F19AC5,zero_shot,,,0,no,no,zero_shot_not_applicable,0.0,0.0,0.0
EXT_8A4A8419F90A,EXT_8A4A8419F90A,OPEN_CROSS_MATERIAL_2026,SFC_76251AE8917C,LIQ_0F4168490E,58.0,prospective_open_external,no,,,ZS_EXT_8A4A8419F90A,zero_shot,,,0,no,no,zero_shot_not_applicable,0.0,0.0,0.0
EXT_9A2570B5651D,EXT_9A2570B5651D,OPEN_CROSS_MATERIAL_2026,SFC_4B11F0C60536,LIQ_0F4168490E,58.0,prospective_open_external,no,,,ZS_EXT_9A2570B5651D,zero_shot,,,0,no,no,zero_shot_not_applicable,0.0,0.0,0.0
EXT_05AE5BE2451B,EXT_05AE5BE2451B,OPEN_CROSS_MATERIAL_2026,SFC_8A5FD38D06DE,LIQ_5C0DC0DCD1,58.0,prospective_open_external,no,,,ZS_EXT_05AE5BE2451B,zero_shot,,,0,no,no,zero_shot_not_applicable,0.0,0.0,0.0
EXT_C356E81E54A2,EXT_C356E81E54A2,OPEN_CROSS_MATERIAL_2026,SFC_8038D9A6A20A,LIQ_0F4168490E,59.0,prospective_open_external,no,,,ZS_EXT_C356E81E54A2,zero_shot,,,0,no,no,zero_shot_not_applicable,0.0,0.0,0.0
EXT_7EC8DDA8A7F9,EXT_7EC8DDA8A7F9,OPEN_CROSS_MATERIAL_2026,SFC_9E83E4237A7D,LIQ_0F4168490E,60.0,prospective_open_external,no,,,ZS_EXT_7EC8DDA8A7F9,zero_shot,,,0,no,no,zero_shot_not_applicable,0.0,0.0,0.0
EXT_6881AA073FB3,EXT_6881AA073FB3,OPEN_CROSS_MATERIAL_2026,SFC_127F69376811,LIQ_53310FAFB3,60.0,prospective_open_external,no,,,ZS_EXT_6881AA073FB3,zero_shot,,,0,no,no,zero_shot_not_applicable,0.0,0.0,0.0
EXT_88465FC708C8,EXT_88465FC708C8,OPEN_CROSS_MATERIAL_2026,SFC_B2B460B5E74C,LIQ_0F4168490E,63.0,prospective_open_external,no,,,ZS_EXT_88465FC708C8,zero_shot,,,0,no,no,zero_shot_not_applicable,0.0,0.0,0.0
EXT_F5CE170CF68A,EXT_F5CE170CF68A,OPEN_CROSS_MATERIAL_2026,SFC_CB8C71D24418,LIQ_0F4168490E,64.0,prospective_open_external,no,,,ZS_EXT_F5CE170CF68A,zero_shot,,,0,no,no,zero_shot_not_applicable,0.0,0.0,0.0
EXT_1A2DEF91ADCC,EXT_1A2DEF91ADCC,OPEN_CROSS_MATERIAL_2026,SFC_AFE29766ABB1,LIQ_0F4168490E,64.0,prospective_open_external,no,,,ZS_EXT_1A2DEF91ADCC,zero_shot,,,0,no,no,zero_shot_not_applicable,0.0,0.0,0.0
EXT_3FBC997EA1E4,EXT_3FBC997EA1E4,OPEN_CROSS_MATERIAL_2026,SFC_84E420BFB264,LIQ_0F4168490E,64.4,prospective_open_external,no,,,ZS_EXT_3FBC997EA1E4,zero_shot,,,0,no,no,zero_shot_not_applicable,0.0,0.0,0.0
EXT_EDDBCE0D5ECF,EXT_EDDBCE0D5ECF,OPEN_CROSS_MATERIAL_2026,SFC_CCA852C05DD9,LIQ_5C0DC0DCD1,66.8,prospective_open_external,no,,,ZS_EXT_EDDBCE0D5ECF,zero_shot,,,0,no,no,zero_shot_not_applicable,0.0,0.0,0.0
EXT_EDDBCE0D5ECF,EXT_EDDBCE0D5ECF,OPEN_CROSS_MATERIAL_2026,SFC_CCA852C05DD9,LIQ_5C0DC0DCD1,66.8,prospective_open_external,no,,,PA_EXT_EDDBCE0D5ECF,probe_assisted,EXT_03E658446E71;EXT_0D0567136BE4;EXT_4192CE86DB7A;EXT_45B7FC6A550A,LIQ_0F4168490E;LIQ_1BD1B94C09;LIQ_53310FAFB3;LIQ_6656B41AB7,4,yes,yes,,34.14223664712856,5.211129386266049,60.579365068186824
EXT_038089E43DB7,EXT_038089E43DB7,OPEN_CROSS_MATERIAL_2026,SFC_A20F2DE2FF3E,LIQ_0F4168490E,67.0,prospective_open_external,no,,,ZS_EXT_038089E43DB7,zero_shot,,,0,no,no,zero_shot_not_applicable,0.0,0.0,0.0
EXT_342CB85D601A,EXT_342CB85D601A,OPEN_CROSS_MATERIAL_2026,SFC_E32E065C262B,LIQ_0F4168490E,67.3,prospective_open_external,no,,,ZS_EXT_342CB85D601A,zero_shot,,,0,no,no,zero_shot_not_applicable,0.0,0.0,0.0
EXT_8CF003D59705,EXT_8CF003D59705,OPEN_CROSS_MATERIAL_2026,SFC_E82B74C28497,LIQ_0F4168490E,68.0,prospective_open_external,no,,,ZS_EXT_8CF003D59705,zero_shot,,,0,no,no,zero_shot_not_applicable,0.0,0.0,0.0
EXT_8EAC9776F893,EXT_8EAC9776F893,OPEN_CROSS_MATERIAL_2026,SFC_953A3ED1CCEC,LIQ_0F4168490E,68.0,prospective_open_external,no,,,ZS_EXT_8EAC9776F893,zero_shot,,,0,no,no,zero_shot_not_applicable,0.0,0.0,0.0
EXT_D4DD701B186E,EXT_D4DD701B186E,OPEN_CROSS_MATERIAL_2026,SFC_A6484648C3AE,LIQ_0F4168490E,69.0,prospective_open_external,no,,,ZS_EXT_D4DD701B186E,zero_shot,,,0,no,no,zero_shot_not_applicable,0.0,0.0,0.0
EXT_8802B975D414,EXT_8802B975D414,OPEN_CROSS_MATERIAL_2026,SFC_F9572A899579,LIQ_0F4168490E,70.0,prospective_open_external,no,,,ZS_EXT_8802B975D414,zero_shot,,,0,no,no,zero_shot_not_applicable,0.0,0.0,0.0
EXT_C7165B4C6E34,EXT_C7165B4C6E34,OPEN_CROSS_MATERIAL_2026,SFC_87885EEBDCD9,LIQ_0F4168490E,71.0,prospective_open_external,no,,,ZS_EXT_C7165B4C6E34,zero_shot,,,0,no,no,zero_shot_not_applicable,0.0,0.0,0.0
EXT_8CA8BA32AFC9,EXT_8CA8BA32AFC9,OPEN_CROSS_MATERIAL_2026,SFC_7FF8363F812D,LIQ_0F4168490E,72.0,prospective_open_external,no,,,ZS_EXT_8CA8BA32AFC9,zero_shot,,,0,no,no,zero_shot_not_applicable,0.0,0.0,0.0
EXT_3B4C47EB271C,EXT_3B4C47EB271C,OPEN_CROSS_MATERIAL_2026,SFC_C4A57786C3BE,LIQ_0F4168490E,72.0,prospective_open_external,no,,,ZS_EXT_3B4C47EB271C,zero_shot,,,0,no,no,zero_shot_not_applicable,0.0,0.0,0.0
EXT_45B7FC6A550A,EXT_45B7FC6A550A,OPEN_CROSS_MATERIAL_2026,SFC_CCA852C05DD9,LIQ_0F4168490E,72.8,prospective_open_external,no,,,ZS_EXT_45B7FC6A550A,zero_shot,,,0,no,no,zero_shot_not_applicable,0.0,0.0,0.0
EXT_45B7FC6A550A,EXT_45B7FC6A550A,OPEN_CROSS_MATERIAL_2026,SFC_CCA852C05DD9,LIQ_0F4168490E,72.8,prospective_open_external,no,,,PA_EXT_45B7FC6A550A,probe_assisted,EXT_03E658446E71;EXT_0D0567136BE4;EXT_4192CE86DB7A;EXT_EDDBCE0D5ECF,LIQ_1BD1B94C09;LIQ_53310FAFB3;LIQ_5C0DC0DCD1;LIQ_6656B41AB7,4,yes,yes,,38.159861084652825,1.4750579454965833,88.24335536065111
EXT_F934ECFE3262,EXT_F934ECFE3262,OPEN_CROSS_MATERIAL_2026,SFC_89A0CB9F83E8,LIQ_0F4168490E,73.0,prospective_open_external,no,,,ZS_EXT_F934ECFE3262,zero_shot,,,0,no,no,zero_shot_not_applicable,0.0,0.0,0.0
EXT_E452CC93D716,EXT_E452CC93D716,OPEN_CROSS_MATERIAL_2026,SFC_7B8DA975FCE0,LIQ_0F4168490E,73.0,prospective_open_external,no,,,ZS_EXT_E452CC93D716,zero_shot,,,0,no,no,zero_shot_not_applicable,0.0,0.0,0.0
EXT_1C5304636A68,EXT_1C5304636A68,OPEN_CROSS_MATERIAL_2026,SFC_B32C6485DACA,LIQ_0F4168490E,75.9,prospective_open_external,no,,,ZS_EXT_1C5304636A68,zero_shot,,,0,no,no,zero_shot_not_applicable,0.0,0.0,0.0
EXT_9E9C5162297F,EXT_9E9C5162297F,OPEN_CROSS_MATERIAL_2026,SFC_78B198988B7B,LIQ_0F4168490E,77.0,prospective_open_external,no,,,ZS_EXT_9E9C5162297F,zero_shot,,,0,no,no,zero_shot_not_applicable,0.0,0.0,0.0
EXT_15AAD062FD5E,EXT_15AAD062FD5E,OPEN_CROSS_MATERIAL_2026,SFC_6730336819E9,LIQ_0F4168490E,80.0,prospective_open_external,no,,,ZS_EXT_15AAD062FD5E,zero_shot,,,0,no,no,zero_shot_not_applicable,0.0,0.0,0.0
EXT_A1899B98D5EA,EXT_A1899B98D5EA,OPEN_CROSS_MATERIAL_2026,SFC_390D2EEA3DFF,LIQ_0F4168490E,82.0,prospective_open_external,no,,,ZS_EXT_A1899B98D5EA,zero_shot,,,0,no,no,zero_shot_not_applicable,0.0,0.0,0.0
EXT_DB8325D5E027,EXT_DB8325D5E027,OPEN_CROSS_MATERIAL_2026,SFC_2FFFD68BED4B,LIQ_0F4168490E,86.0,prospective_open_external,no,,,ZS_EXT_DB8325D5E027,zero_shot,,,0,no,no,zero_shot_not_applicable,0.0,0.0,0.0
EXT_4773F90CE1B2,EXT_4773F90CE1B2,OPEN_CROSS_MATERIAL_2026,SFC_77ED72A5FED3,LIQ_0F4168490E,92.0,prospective_open_external,no,,,ZS_EXT_4773F90CE1B2,zero_shot,,,0,no,no,zero_shot_not_applicable,0.0,0.0,0.0
EXT_58C75DFD37D3,EXT_58C75DFD37D3,OPEN_CROSS_MATERIAL_2026,SFC_697C572C0860,LIQ_0F4168490E,93.0,prospective_open_external,no,,,ZS_EXT_58C75DFD37D3,zero_shot,,,0,no,no,zero_shot_not_applicable,0.0,0.0,0.0
EXT_17A43035A987,EXT_17A43035A987,OPEN_CROSS_MATERIAL_2026,SFC_51378859DFB5,LIQ_0F4168490E,96.0,prospective_open_external,no,,,ZS_EXT_17A43035A987,zero_shot,,,0,no,no,zero_shot_not_applicable,0.0,0.0,0.0
EXT_E296A8BD1A55,EXT_E296A8BD1A55,OPEN_CROSS_MATERIAL_2026,SFC_03E930156743,LIQ_0F4168490E,97.97,prospective_open_external,no,,,ZS_EXT_E296A8BD1A55,zero_shot,,,0,no,no,zero_shot_not_applicable,0.0,0.0,0.0
EXT_AA469EC47BCA,EXT_AA469EC47BCA,OPEN_CROSS_MATERIAL_2026,SFC_B9F3F2625635,LIQ_0F4168490E,100.0,prospective_open_external,no,,,ZS_EXT_AA469EC47BCA,zero_shot,,,0,no,no,zero_shot_not_applicable,0.0,0.0,0.0
EXT_16D084CD7670,EXT_16D084CD7670,OPEN_CROSS_MATERIAL_2026,SFC_B986E6B26E76,LIQ_0F4168490E,101.0,prospective_open_external,no,,,ZS_EXT_16D084CD7670,zero_shot,,,0,no,no,zero_shot_not_applicable,0.0,0.0,0.0
EXT_9C8A1759B53C,EXT_9C8A1759B53C,OPEN_CROSS_MATERIAL_2026,SFC_57F0BA5D8921,LIQ_0F4168490E,104.0,prospective_open_external,no,,,ZS_EXT_9C8A1759B53C,zero_shot,,,0,no,no,zero_shot_not_applicable,0.0,0.0,0.0
EXT_184D1DD087ED,EXT_184D1DD087ED,OPEN_CROSS_MATERIAL_2026,SFC_CF1F29DEC3F3,LIQ_0F4168490E,108.0,prospective_open_external,no,,,ZS_EXT_184D1DD087ED,zero_shot,,,0,no,no,zero_shot_not_applicable,0.0,0.0,0.0
EXT_98E4DE19244D,EXT_98E4DE19244D,OPEN_CROSS_MATERIAL_2026,SFC_3302282ACAA2,LIQ_0F4168490E,109.0,prospective_open_external,no,,,ZS_EXT_98E4DE19244D,zero_shot,,,0,no,no,zero_shot_not_applicable,0.0,0.0,0.0
EXT_701D36C9AEAE,EXT_701D36C9AEAE,OPEN_CROSS_MATERIAL_2026,SFC_049A1C1B4B3F,LIQ_0F4168490E,110.0,prospective_open_external,no,,,ZS_EXT_701D36C9AEAE,zero_shot,,,0,no,no,zero_shot_not_applicable,0.0,0.0,0.0
EXT_86B54BC887BA,EXT_86B54BC887BA,OPEN_CROSS_MATERIAL_2026,SFC_7B5A5C2A83F1,LIQ_0F4168490E,110.0,prospective_open_external,no,,,ZS_EXT_86B54BC887BA,zero_shot,,,0,no,no,zero_shot_not_applicable,0.0,0.0,0.0
EXT_FE78EC16D3B2,EXT_FE78EC16D3B2,OPEN_CROSS_MATERIAL_2026,SFC_05D437139AEF,LIQ_0F4168490E,110.0,prospective_open_external,no,,,ZS_EXT_FE78EC16D3B2,zero_shot,,,0,no,no,zero_shot_not_applicable,0.0,0.0,0.0
EXT_5A22EE7F84A8,EXT_5A22EE7F84A8,OPEN_CROSS_MATERIAL_2026,SFC_E853D5C9A29E,LIQ_0F4168490E,112.0,prospective_open_external,no,,,ZS_EXT_5A22EE7F84A8,zero_shot,,,0,no,no,zero_shot_not_applicable,0.0,0.0,0.0
EXT_8E080B773589,EXT_8E080B773589,OPEN_CROSS_MATERIAL_2026,SFC_D88CE82490CD,LIQ_0F4168490E,113.8,prospective_open_external,no,,,ZS_EXT_8E080B773589,zero_shot,,,0,no,no,zero_shot_not_applicable,0.0,0.0,0.0
EXT_E27ED8F3E8CB,EXT_E27ED8F3E8CB,OPEN_CROSS_MATERIAL_2026,SFC_3122EC9D3530,LIQ_0F4168490E,118.0,prospective_open_external,no,,,ZS_EXT_E27ED8F3E8CB,zero_shot,,,0,no,no,zero_shot_not_applicable,0.0,0.0,0.0
EXT_441FDE2FACD6,EXT_441FDE2FACD6,OPEN_CROSS_MATERIAL_2026,SFC_C4217EEC69EE,LIQ_0F4168490E,118.0,prospective_open_external,no,,,ZS_EXT_441FDE2FACD6,zero_shot,,,0,no,no,zero_shot_not_applicable,0.0,0.0,0.0
EXT_69F4338326C3,EXT_69F4338326C3,OPEN_CROSS_MATERIAL_2026,SFC_EAC59F0538FF,LIQ_0F4168490E,119.0,prospective_open_external,no,,,ZS_EXT_69F4338326C3,zero_shot,,,0,no,no,zero_shot_not_applicable,0.0,0.0,0.0
EXT_5F16141B2E06,EXT_5F16141B2E06,OPEN_CROSS_MATERIAL_2026,SFC_5F7F48BBA35E,LIQ_0F4168490E,120.0,prospective_open_external,no,,,ZS_EXT_5F16141B2E06,zero_shot,,,0,no,no,zero_shot_not_applicable,0.0,0.0,0.0
EXT_3AA83287CAB2,EXT_3AA83287CAB2,OPEN_CROSS_MATERIAL_2026,SFC_5ED24325E10A,LIQ_0F4168490E,130.0,prospective_open_external,no,,,ZS_EXT_3AA83287CAB2,zero_shot,,,0,no,no,zero_shot_not_applicable,0.0,0.0,0.0
EXT_EB30F6366EC8,EXT_EB30F6366EC8,OPEN_CROSS_MATERIAL_2026,SFC_D5CB19B7A059,LIQ_0F4168490E,130.0,prospective_open_external,no,,,ZS_EXT_EB30F6366EC8,zero_shot,,,0,no,no,zero_shot_not_applicable,0.0,0.0,0.0
EXT_F6AC65D6E178,EXT_F6AC65D6E178,OPEN_CROSS_MATERIAL_2026,SFC_A2FC0BD30E3E,LIQ_0F4168490E,130.1,prospective_open_external,no,,,ZS_EXT_F6AC65D6E178,zero_shot,,,0,no,no,zero_shot_not_applicable,0.0,0.0,0.0
EXT_AD867DED8067,EXT_AD867DED8067,OPEN_CROSS_MATERIAL_2026,SFC_BB30AA0AE8D6,LIQ_0F4168490E,134.1,prospective_open_external,no,,,ZS_EXT_AD867DED8067,zero_shot,,,0,no,no,zero_shot_not_applicable,0.0,0.0,0.0
EXT_DE77FB0D32E3,EXT_DE77FB0D32E3,OPEN_CROSS_MATERIAL_2026,SFC_5D474B7F127E,LIQ_0F4168490E,138.0,prospective_open_external,no,,,ZS_EXT_DE77FB0D32E3,zero_shot,,,0,no,no,zero_shot_not_applicable,0.0,0.0,0.0
EXT_A1DD6DB9C693,EXT_A1DD6DB9C693,OPEN_CROSS_MATERIAL_2026,SFC_5774779C7E4E,LIQ_0F4168490E,140.0,prospective_open_external,no,,,ZS_EXT_A1DD6DB9C693,zero_shot,,,0,no,no,zero_shot_not_applicable,0.0,0.0,0.0
EXT_D273452DCA87,EXT_D273452DCA87,OPEN_CROSS_MATERIAL_2026,SFC_8D0462C5653C,LIQ_0F4168490E,140.0,prospective_open_external,no,,,ZS_EXT_D273452DCA87,zero_shot,,,0,no,no,zero_shot_not_applicable,0.0,0.0,0.0
EXT_5C964067DDB9,EXT_5C964067DDB9,OPEN_CROSS_MATERIAL_2026,SFC_008B5AD02DF3,LIQ_0F4168490E,140.8,prospective_open_external,no,,,ZS_EXT_5C964067DDB9,zero_shot,,,0,no,no,zero_shot_not_applicable,0.0,0.0,0.0
EXT_F5CA0CBE24C8,EXT_F5CA0CBE24C8,OPEN_CROSS_MATERIAL_2026,SFC_71537A54AC75,LIQ_0F4168490E,141.0,prospective_open_external,no,,,ZS_EXT_F5CA0CBE24C8,zero_shot,,,0,no,no,zero_shot_not_applicable,0.0,0.0,0.0
EXT_08D2B3E3D155,EXT_08D2B3E3D155,OPEN_CROSS_MATERIAL_2026,SFC_BD28F27D1B1C,LIQ_0F4168490E,142.5,prospective_open_external,no,,,ZS_EXT_08D2B3E3D155,zero_shot,,,0,no,no,zero_shot_not_applicable,0.0,0.0,0.0
EXT_FDF0865FB056,EXT_FDF0865FB056,OPEN_CROSS_MATERIAL_2026,SFC_4B7DAC13B6CB,LIQ_0F4168490E,150.0,prospective_open_external,no,,,ZS_EXT_FDF0865FB056,zero_shot,,,0,no,no,zero_shot_not_applicable,0.0,0.0,0.0
EXT_BE98BFBCE0AB,EXT_BE98BFBCE0AB,OPEN_CROSS_MATERIAL_2026,SFC_5D72E873B03B,LIQ_0F4168490E,150.0,prospective_open_external,no,,,ZS_EXT_BE98BFBCE0AB,zero_shot,,,0,no,no,zero_shot_not_applicable,0.0,0.0,0.0
EXT_DA7362055C35,EXT_DA7362055C35,OPEN_CROSS_MATERIAL_2026,SFC_78D38330E7A9,LIQ_0F4168490E,150.0,prospective_open_external,no,,,ZS_EXT_DA7362055C35,zero_shot,,,0,no,no,zero_shot_not_applicable,0.0,0.0,0.0
EXT_CE8A8FA61210,EXT_CE8A8FA61210,OPEN_CROSS_MATERIAL_2026,SFC_6B46DE746EC7,LIQ_0F4168490E,150.0,prospective_open_external,no,,,ZS_EXT_CE8A8FA61210,zero_shot,,,0,no,no,zero_shot_not_applicable,0.0,0.0,0.0
EXT_2F6CF8AC16F3,EXT_2F6CF8AC16F3,OPEN_CROSS_MATERIAL_2026,SFC_2323C916D9CA,LIQ_0F4168490E,150.5,prospective_open_external,no,,,ZS_EXT_2F6CF8AC16F3,zero_shot,,,0,no,no,zero_shot_not_applicable,0.0,0.0,0.0
EXT_8D650D7B5C3B,EXT_8D650D7B5C3B,OPEN_CROSS_MATERIAL_2026,SFC_807168F787F5,LIQ_0F4168490E,150.0,prospective_open_external,no,,,ZS_EXT_8D650D7B5C3B,zero_shot,,,0,no,no,zero_shot_not_applicable,0.0,0.0,0.0
EXT_568E7197F0F4,EXT_568E7197F0F4,OPEN_CROSS_MATERIAL_2026,SFC_01C5DA91E115,LIQ_0F4168490E,150.0,prospective_open_external,no,,,ZS_EXT_568E7197F0F4,zero_shot,,,0,no,no,zero_shot_not_applicable,0.0,0.0,0.0
EXT_D271DBB89E1C,EXT_D271DBB89E1C,OPEN_CROSS_MATERIAL_2026,SFC_C09DABED6453,LIQ_0F4168490E,151.0,prospective_open_external,no,,,ZS_EXT_D271DBB89E1C,zero_shot,,,0,no,no,zero_shot_not_applicable,0.0,0.0,0.0
EXT_D75887E14A30,EXT_D75887E14A30,OPEN_CROSS_MATERIAL_2026,SFC_40D416367ED5,LIQ_0F4168490E,152.3,prospective_open_external,no,,,ZS_EXT_D75887E14A30,zero_shot,,,0,no,no,zero_shot_not_applicable,0.0,0.0,0.0
EXT_F2EF45E9B6C8,EXT_F2EF45E9B6C8,OPEN_CROSS_MATERIAL_2026,SFC_893F8367669D,LIQ_0F4168490E,155.4,prospective_open_external,no,,,ZS_EXT_F2EF45E9B6C8,zero_shot,,,0,no,no,zero_shot_not_applicable,0.0,0.0,0.0
EXT_5BBBEA92BD69,EXT_5BBBEA92BD69,OPEN_CROSS_MATERIAL_2026,SFC_10AE4DFE50CE,LIQ_0F4168490E,158.0,prospective_open_external,no,,,ZS_EXT_5BBBEA92BD69,zero_shot,,,0,no,no,zero_shot_not_applicable,0.0,0.0,0.0
EXT_6A99656CDA81,EXT_6A99656CDA81,OPEN_CROSS_MATERIAL_2026,SFC_D382AE2DA4CA,LIQ_0F4168490E,160.0,prospective_open_external,no,,,ZS_EXT_6A99656CDA81,zero_shot,,,0,no,no,zero_shot_not_applicable,0.0,0.0,0.0
EXT_DAD3265356DE,EXT_DAD3265356DE,OPEN_CROSS_MATERIAL_2026,SFC_3D43AF072E6D,LIQ_0F4168490E,160.0,prospective_open_external,no,,,ZS_EXT_DAD3265356DE,zero_shot,,,0,no,no,zero_shot_not_applicable,0.0,0.0,0.0
EXT_22311927D024,EXT_22311927D024,OPEN_CROSS_MATERIAL_2026,SFC_D9DD5BCDEBD2,LIQ_0F4168490E,161.1,prospective_open_external,no,,,ZS_EXT_22311927D024,zero_shot,,,0,no,no,zero_shot_not_applicable,0.0,0.0,0.0
EXT_3C62AEFD5348,EXT_3C62AEFD5348,OPEN_CROSS_MATERIAL_2026,SFC_E366C485FD23,LIQ_0F4168490E,166.0,prospective_open_external,no,,,ZS_EXT_3C62AEFD5348,zero_shot,,,0,no,no,zero_shot_not_applicable,0.0,0.0,0.0
EXT_8D21E62DB309,EXT_8D21E62DB309,OPEN_CROSS_MATERIAL_2026,SFC_D1DB5176E829,LIQ_0F4168490E,166.0,prospective_open_external,no,,,ZS_EXT_8D21E62DB309,zero_shot,,,0,no,no,zero_shot_not_applicable,0.0,0.0,0.0
EXT_2481B8573EB1,EXT_2481B8573EB1,OPEN_CROSS_MATERIAL_2026,SFC_5C7869425C1B,LIQ_0F4168490E,170.0,prospective_open_external,no,,,ZS_EXT_2481B8573EB1,zero_shot,,,0,no,no,zero_shot_not_applicable,0.0,0.0,0.0
EXT_DF28A6DCCE52,EXT_DF28A6DCCE52,OPEN_CROSS_MATERIAL_2026,SFC_4A211D37EBCC,LIQ_0F4168490E,172.5,prospective_open_external,no,,,ZS_EXT_DF28A6DCCE52,zero_shot,,,0,no,no,zero_shot_not_applicable,0.0,0.0,0.0
EXT_7112F46F959D,EXT_7112F46F959D,OPEN_CROSS_MATERIAL_2026,SFC_E45DCD7FEE37,LIQ_0F4168490E,174.0,prospective_open_external,no,,,ZS_EXT_7112F46F959D,zero_shot,,,0,no,no,zero_shot_not_applicable,0.0,0.0,0.0
EXT_CD007E6F73D6,EXT_CD007E6F73D6,OPEN_POLYMER_SURFACES_2023,SFC_D997DF0085DF,LIQ_0F4168490E,56.0,prospective_open_external,no,,,ZS_EXT_CD007E6F73D6,zero_shot,,,0,no,no,zero_shot_not_applicable,0.0,0.0,0.0
EXT_CD007E6F73D6,EXT_CD007E6F73D6,OPEN_POLYMER_SURFACES_2023,SFC_D997DF0085DF,LIQ_0F4168490E,56.0,prospective_open_external,no,,,PA_EXT_CD007E6F73D6,probe_assisted,EXT_0D45D9BA0074;EXT_297563844CCE,LIQ_1BD1B94C09;LIQ_6656B41AB7,2,yes,yes,,46.15191911224044,6.564284287750167,68.0330341980177
EXT_0D45D9BA0074,EXT_0D45D9BA0074,OPEN_POLYMER_SURFACES_2023,SFC_D997DF0085DF,LIQ_1BD1B94C09,32.0,prospective_open_external,no,,,ZS_EXT_0D45D9BA0074,zero_shot,,,0,no,no,zero_shot_not_applicable,0.0,0.0,0.0
EXT_0D45D9BA0074,EXT_0D45D9BA0074,OPEN_POLYMER_SURFACES_2023,SFC_D997DF0085DF,LIQ_1BD1B94C09,32.0,prospective_open_external,no,,,PA_EXT_0D45D9BA0074,probe_assisted,EXT_297563844CCE;EXT_CD007E6F73D6,LIQ_0F4168490E;LIQ_6656B41AB7,2,yes,yes,,46.15191911224047,12.289588892123463,8.161277303744217
EXT_297563844CCE,EXT_297563844CCE,OPEN_POLYMER_SURFACES_2023,SFC_D997DF0085DF,LIQ_6656B41AB7,25.0,prospective_open_external,no,,,ZS_EXT_297563844CCE,zero_shot,,,0,no,no,zero_shot_not_applicable,0.0,0.0,0.0
EXT_297563844CCE,EXT_297563844CCE,OPEN_POLYMER_SURFACES_2023,SFC_D997DF0085DF,LIQ_6656B41AB7,25.0,prospective_open_external,no,,,PA_EXT_297563844CCE,probe_assisted,EXT_0D45D9BA0074;EXT_CD007E6F73D6,LIQ_0F4168490E;LIQ_1BD1B94C09,2,yes,yes,,31.160047318332904,18.469901368908804,55.50180788390887
EXT_B5BBE06381DD,EXT_B5BBE06381DD,OPEN_POLYMER_SURFACES_2023,SFC_874E84FC80A7,LIQ_0F4168490E,60.0,prospective_open_external,no,,,ZS_EXT_B5BBE06381DD,zero_shot,,,0,no,no,zero_shot_not_applicable,0.0,0.0,0.0
EXT_B5BBE06381DD,EXT_B5BBE06381DD,OPEN_POLYMER_SURFACES_2023,SFC_874E84FC80A7,LIQ_0F4168490E,60.0,prospective_open_external,no,,,PA_EXT_B5BBE06381DD,probe_assisted,EXT_04AB24A5BB0A;EXT_CF2DEF31E69A,LIQ_1BD1B94C09;LIQ_6656B41AB7,2,yes,yes,,39.103372528754825,6.552218723039677,72.28325615483185
EXT_CF2DEF31E69A,EXT_CF2DEF31E69A,OPEN_POLYMER_SURFACES_2023,SFC_874E84FC80A7,LIQ_1BD1B94C09,43.0,prospective_open_external,no,,,ZS_EXT_CF2DEF31E69A,zero_shot,,,0,no,no,zero_shot_not_applicable,0.0,0.0,0.0
EXT_CF2DEF31E69A,EXT_CF2DEF31E69A,OPEN_POLYMER_SURFACES_2023,SFC_874E84FC80A7,LIQ_1BD1B94C09,43.0,prospective_open_external,no,,,PA_EXT_CF2DEF31E69A,probe_assisted,EXT_04AB24A5BB0A;EXT_B5BBE06381DD,LIQ_0F4168490E;LIQ_6656B41AB7,2,yes,yes,,39.103372528754846,12.653377061606973,28.20356755663591
EXT_04AB24A5BB0A,EXT_04AB24A5BB0A,OPEN_POLYMER_SURFACES_2023,SFC_874E84FC80A7,LIQ_6656B41AB7,41.0,prospective_open_external,no,,,ZS_EXT_04AB24A5BB0A,zero_shot,,,0,no,no,zero_shot_not_applicable,0.0,0.0,0.0
EXT_04AB24A5BB0A,EXT_04AB24A5BB0A,OPEN_POLYMER_SURFACES_2023,SFC_874E84FC80A7,LIQ_6656B41AB7,41.0,prospective_open_external,no,,,PA_EXT_04AB24A5BB0A,probe_assisted,EXT_B5BBE06381DD;EXT_CF2DEF31E69A,LIQ_0F4168490E;LIQ_1BD1B94C09,2,yes,yes,,24.727888343034056,19.31059097645556,66.71049233981282
EXT_1924C779E86F,EXT_1924C779E86F,OPEN_POLYMER_SURFACES_2023,SFC_E066D95CCC78,LIQ_0F4168490E,82.0,prospective_open_external,no,,,ZS_EXT_1924C779E86F,zero_shot,,,0,no,no,zero_shot_not_applicable,0.0,0.0,0.0
EXT_1924C779E86F,EXT_1924C779E86F,OPEN_POLYMER_SURFACES_2023,SFC_E066D95CCC78,LIQ_0F4168490E,82.0,prospective_open_external,no,,,PA_EXT_1924C779E86F,probe_assisted,EXT_B6135F6CB593;EXT_D02ABE046CF1,LIQ_1BD1B94C09;LIQ_6656B41AB7,2,yes,yes,,43.37407842448384,0.19615848151674622,93.91805513169265
EXT_D02ABE046CF1,EXT_D02ABE046CF1,OPEN_POLYMER_SURFACES_2023,SFC_E066D95CCC78,LIQ_1BD1B94C09,61.0,prospective_open_external,no,,,ZS_EXT_D02ABE046CF1,zero_shot,,,0,no,no,zero_shot_not_applicable,0.0,0.0,0.0
EXT_D02ABE046CF1,EXT_D02ABE046CF1,OPEN_POLYMER_SURFACES_2023,SFC_E066D95CCC78,LIQ_1BD1B94C09,61.0,prospective_open_external,no,,,PA_EXT_D02ABE046CF1,probe_assisted,EXT_1924C779E86F;EXT_B6135F6CB593,LIQ_0F4168490E;LIQ_6656B41AB7,2,yes,yes,,43.3740784244839,2.2516309157029886,49.92565751933823
EXT_B6135F6CB593,EXT_B6135F6CB593,OPEN_POLYMER_SURFACES_2023,SFC_E066D95CCC78,LIQ_6656B41AB7,32.0,prospective_open_external,no,,,ZS_EXT_B6135F6CB593,zero_shot,,,0,no,no,zero_shot_not_applicable,0.0,0.0,0.0
EXT_B6135F6CB593,EXT_B6135F6CB593,OPEN_POLYMER_SURFACES_2023,SFC_E066D95CCC78,LIQ_6656B41AB7,32.0,prospective_open_external,no,,,PA_EXT_B6135F6CB593,probe_assisted,EXT_1924C779E86F;EXT_D02ABE046CF1,LIQ_0F4168490E;LIQ_1BD1B94C09,2,yes,yes,,27.33234977056887,5.70403457843456,62.15883941365688
EXT_59D01A9DD4A8,EXT_59D01A9DD4A8,OPEN_POLYMER_SURFACES_2023,SFC_AC4DDEECE3F7,LIQ_0F4168490E,70.0,prospective_open_external,no,,,ZS_EXT_59D01A9DD4A8,zero_shot,,,0,no,no,zero_shot_not_applicable,0.0,0.0,0.0
EXT_59D01A9DD4A8,EXT_59D01A9DD4A8,OPEN_POLYMER_SURFACES_2023,SFC_AC4DDEECE3F7,LIQ_0F4168490E,70.0,prospective_open_external,no,,,PA_EXT_59D01A9DD4A8,probe_assisted,EXT_BFC1FC4FCDFE;EXT_DA68FAFFF9C1,LIQ_1BD1B94C09;LIQ_6656B41AB7,2,yes,yes,,39.10337252875481,3.882850587590224,79.1226305561156
EXT_DA68FAFFF9C1,EXT_DA68FAFFF9C1,OPEN_POLYMER_SURFACES_2023,SFC_AC4DDEECE3F7,LIQ_1BD1B94C09,50.0,prospective_open_external,no,,,ZS_EXT_DA68FAFFF9C1,zero_shot,,,0,no,no,zero_shot_not_applicable,0.0,0.0,0.0
EXT_DA68FAFFF9C1,EXT_DA68FAFFF9C1,OPEN_POLYMER_SURFACES_2023,SFC_AC4DDEECE3F7,LIQ_1BD1B94C09,50.0,prospective_open_external,no,,,PA_EXT_DA68FAFFF9C1,probe_assisted,EXT_59D01A9DD4A8;EXT_BFC1FC4FCDFE,LIQ_0F4168490E;LIQ_6656B41AB7,2,yes,yes,,39.10337252875485,7.573130584116233,40.51437744983749
EXT_BFC1FC4FCDFE,EXT_BFC1FC4FCDFE,OPEN_POLYMER_SURFACES_2023,SFC_AC4DDEECE3F7,LIQ_6656B41AB7,41.0,prospective_open_external,no,,,ZS_EXT_BFC1FC4FCDFE,zero_shot,,,0,no,no,zero_shot_not_applicable,0.0,0.0,0.0
EXT_BFC1FC4FCDFE,EXT_BFC1FC4FCDFE,OPEN_POLYMER_SURFACES_2023,SFC_AC4DDEECE3F7,LIQ_6656B41AB7,41.0,prospective_open_external,no,,,PA_EXT_BFC1FC4FCDFE,probe_assisted,EXT_59D01A9DD4A8;EXT_DA68FAFFF9C1,LIQ_0F4168490E;LIQ_1BD1B94C09,2,yes,yes,,27.562668440255962,11.613484220339231,61.75843189978643
EXT_9320E89C123F,EXT_9320E89C123F,OPEN_POLYMER_SURFACES_2023,SFC_F0BFA31774A7,LIQ_0F4168490E,96.0,prospective_open_external,no,,,ZS_EXT_9320E89C123F,zero_shot,,,0,no,no,zero_shot_not_applicable,0.0,0.0,0.0
EXT_9320E89C123F,EXT_9320E89C123F,OPEN_POLYMER_SURFACES_2023,SFC_F0BFA31774A7,LIQ_0F4168490E,96.0,prospective_open_external,no,,,PA_EXT_9320E89C123F,probe_assisted,EXT_61F8100551D0;EXT_DA73FA01DE16,LIQ_1BD1B94C09;LIQ_6656B41AB7,2,yes,yes,,42.4863062110891,1.5007793336009208,85.61628356931163
EXT_61F8100551D0,EXT_61F8100551D0,OPEN_POLYMER_SURFACES_2023,SFC_F0BFA31774A7,LIQ_1BD1B94C09,54.0,prospective_open_external,no,,,ZS_EXT_61F8100551D0,zero_shot,,,0,no,no,zero_shot_not_applicable,0.0,0.0,0.0
EXT_61F8100551D0,EXT_61F8100551D0,OPEN_POLYMER_SURFACES_2023,SFC_F0BFA31774A7,LIQ_1BD1B94C09,54.0,prospective_open_external,no,,,PA_EXT_61F8100551D0,probe_assisted,EXT_9320E89C123F;EXT_DA73FA01DE16,LIQ_0F4168490E;LIQ_6656B41AB7,2,yes,yes,,42.48630621108912,0.09161840398577528,63.31112277128693
EXT_DA73FA01DE16,EXT_DA73FA01DE16,OPEN_POLYMER_SURFACES_2023,SFC_F0BFA31774A7,LIQ_6656B41AB7,34.0,prospective_open_external,no,,,ZS_EXT_DA73FA01DE16,zero_shot,,,0,no,no,zero_shot_not_applicable,0.0,0.0,0.0
EXT_DA73FA01DE16,EXT_DA73FA01DE16,OPEN_POLYMER_SURFACES_2023,SFC_F0BFA31774A7,LIQ_6656B41AB7,34.0,prospective_open_external,no,,,PA_EXT_DA73FA01DE16,probe_assisted,EXT_61F8100551D0;EXT_9320E89C123F,LIQ_0F4168490E;LIQ_1BD1B94C09,2,yes,yes,,52.310985426812906,0.0,0.0
EXT_E8887E8FA242,EXT_E8887E8FA242,OPEN_POLYMER_SURFACES_2023,SFC_619070545661,LIQ_0F4168490E,91.0,prospective_open_external,no,,,ZS_EXT_E8887E8FA242,zero_shot,,,0,no,no,zero_shot_not_applicable,0.0,0.0,0.0
EXT_E8887E8FA242,EXT_E8887E8FA242,OPEN_POLYMER_SURFACES_2023,SFC_619070545661,LIQ_0F4168490E,91.0,prospective_open_external,no,,,PA_EXT_E8887E8FA242,probe_assisted,EXT_0DF8EFC4C97A;EXT_2D6D530BDE66,LIQ_1BD1B94C09;LIQ_6656B41AB7,2,yes,yes,,38.93825521501931,0.0,101.51270409128222
EXT_2D6D530BDE66,EXT_2D6D530BDE66,OPEN_POLYMER_SURFACES_2023,SFC_619070545661,LIQ_1BD1B94C09,74.0,prospective_open_external,no,,,ZS_EXT_2D6D530BDE66,zero_shot,,,0,no,no,zero_shot_not_applicable,0.0,0.0,0.0
EXT_2D6D530BDE66,EXT_2D6D530BDE66,OPEN_POLYMER_SURFACES_2023,SFC_619070545661,LIQ_1BD1B94C09,74.0,prospective_open_external,no,,,PA_EXT_2D6D530BDE66,probe_assisted,EXT_0DF8EFC4C97A;EXT_E8887E8FA242,LIQ_0F4168490E;LIQ_6656B41AB7,2,yes,yes,,42.028289835058395,0.5922016379866728,59.22076187469778
EXT_0DF8EFC4C97A,EXT_0DF8EFC4C97A,OPEN_POLYMER_SURFACES_2023,SFC_619070545661,LIQ_6656B41AB7,35.0,prospective_open_external,no,,,ZS_EXT_0DF8EFC4C97A,zero_shot,,,0,no,no,zero_shot_not_applicable,0.0,0.0,0.0
EXT_0DF8EFC4C97A,EXT_0DF8EFC4C97A,OPEN_POLYMER_SURFACES_2023,SFC_619070545661,LIQ_6656B41AB7,35.0,prospective_open_external,no,,,PA_EXT_0DF8EFC4C97A,probe_assisted,EXT_2D6D530BDE66;EXT_E8887E8FA242,LIQ_0F4168490E;LIQ_1BD1B94C09,2,yes,yes,,19.947909310632244,4.359759610707935,75.32852733304856
EXT_398B369DB1D4,EXT_398B369DB1D4,OPEN_POLYMER_SURFACES_2023,SFC_FFE25A9A5A54,LIQ_0F4168490E,87.0,prospective_open_external,no,,,ZS_EXT_398B369DB1D4,zero_shot,,,0,no,no,zero_shot_not_applicable,0.0,0.0,0.0
EXT_398B369DB1D4,EXT_398B369DB1D4,OPEN_POLYMER_SURFACES_2023,SFC_FFE25A9A5A54,LIQ_0F4168490E,87.0,prospective_open_external,no,,,PA_EXT_398B369DB1D4,probe_assisted,EXT_4A1E7242F9DF;EXT_C161311E1FB7,LIQ_1BD1B94C09;LIQ_6656B41AB7,2,yes,yes,,41.561289571404586,0.015069025247438379,98.56788652294769
EXT_4A1E7242F9DF,EXT_4A1E7242F9DF,OPEN_POLYMER_SURFACES_2023,SFC_FFE25A9A5A54,LIQ_1BD1B94C09,66.0,prospective_open_external,no,,,ZS_EXT_4A1E7242F9DF,zero_shot,,,0,no,no,zero_shot_not_applicable,0.0,0.0,0.0
EXT_4A1E7242F9DF,EXT_4A1E7242F9DF,OPEN_POLYMER_SURFACES_2023,SFC_FFE25A9A5A54,LIQ_1BD1B94C09,66.0,prospective_open_external,no,,,PA_EXT_4A1E7242F9DF,probe_assisted,EXT_398B369DB1D4;EXT_C161311E1FB7,LIQ_0F4168490E;LIQ_6656B41AB7,2,yes,yes,,41.56128957140462,1.3199094089705743,55.87715674463714
EXT_C161311E1FB7,EXT_C161311E1FB7,OPEN_POLYMER_SURFACES_2023,SFC_FFE25A9A5A54,LIQ_6656B41AB7,36.0,prospective_open_external,no,,,ZS_EXT_C161311E1FB7,zero_shot,,,0,no,no,zero_shot_not_applicable,0.0,0.0,0.0
EXT_C161311E1FB7,EXT_C161311E1FB7,OPEN_POLYMER_SURFACES_2023,SFC_FFE25A9A5A54,LIQ_6656B41AB7,36.0,prospective_open_external,no,,,PA_EXT_C161311E1FB7,probe_assisted,EXT_398B369DB1D4;EXT_4A1E7242F9DF,LIQ_0F4168490E;LIQ_1BD1B94C09,2,yes,yes,,26.310926595438513,4.040812106077676,63.937626579760725
EXT_D5FF9F67F45C,EXT_D5FF9F67F45C,OPEN_POLYMER_SURFACES_2023,SFC_1D7210C10C8C,LIQ_0F4168490E,81.0,prospective_open_external,no,,,ZS_EXT_D5FF9F67F45C,zero_shot,,,0,no,no,zero_shot_not_applicable,0.0,0.0,0.0
EXT_D5FF9F67F45C,EXT_D5FF9F67F45C,OPEN_POLYMER_SURFACES_2023,SFC_1D7210C10C8C,LIQ_0F4168490E,81.0,prospective_open_external,no,,,PA_EXT_D5FF9F67F45C,probe_assisted,EXT_BC643C3D7862;EXT_C9A4F8CA797A,LIQ_1BD1B94C09;LIQ_6656B41AB7,2,yes,yes,,40.601677178668616,0.5616482389092377,92.04210888981638
EXT_C9A4F8CA797A,EXT_C9A4F8CA797A,OPEN_POLYMER_SURFACES_2023,SFC_1D7210C10C8C,LIQ_1BD1B94C09,61.0,prospective_open_external,no,,,ZS_EXT_C9A4F8CA797A,zero_shot,,,0,no,no,zero_shot_not_applicable,0.0,0.0,0.0
EXT_C9A4F8CA797A,EXT_C9A4F8CA797A,OPEN_POLYMER_SURFACES_2023,SFC_1D7210C10C8C,LIQ_1BD1B94C09,61.0,prospective_open_external,no,,,PA_EXT_C9A4F8CA797A,probe_assisted,EXT_BC643C3D7862;EXT_D5FF9F67F45C,LIQ_0F4168490E;LIQ_6656B41AB7,2,yes,yes,,40.60167717866863,2.9873961025816467,50.805381046397684
EXT_BC643C3D7862,EXT_BC643C3D7862,OPEN_POLYMER_SURFACES_2023,SFC_1D7210C10C8C,LIQ_6656B41AB7,38.0,prospective_open_external,no,,,ZS_EXT_BC643C3D7862,zero_shot,,,0,no,no,zero_shot_not_applicable,0.0,0.0,0.0
EXT_BC643C3D7862,EXT_BC643C3D7862,OPEN_POLYMER_SURFACES_2023,SFC_1D7210C10C8C,LIQ_6656B41AB7,38.0,prospective_open_external,no,,,PA_EXT_BC643C3D7862,probe_assisted,EXT_C9A4F8CA797A;EXT_D5FF9F67F45C,LIQ_0F4168490E;LIQ_1BD1B94C09,2,yes,yes,,26.16403703595821,6.503232697028095,64.19396773407405
EXT_F80C8FA1754C,EXT_F80C8FA1754C,OPEN_POLYMER_SURFACES_2023,SFC_ECD42A787C67,LIQ_0F4168490E,71.0,prospective_open_external,no,,,ZS_EXT_F80C8FA1754C,zero_shot,,,0,no,no,zero_shot_not_applicable,0.0,0.0,0.0
EXT_F80C8FA1754C,EXT_F80C8FA1754C,OPEN_POLYMER_SURFACES_2023,SFC_ECD42A787C67,LIQ_0F4168490E,71.0,prospective_open_external,no,,,PA_EXT_F80C8FA1754C,probe_assisted,EXT_3D82C848D389;EXT_686D150BDAAF,LIQ_1BD1B94C09;LIQ_6656B41AB7,2,yes,yes,,39.61019478340704,1.1293259350691207,89.09552851916426
EXT_686D150BDAAF,EXT_686D150BDAAF,OPEN_POLYMER_SURFACES_2023,SFC_ECD42A787C67,LIQ_1BD1B94C09,59.0,prospective_open_external,no,,,ZS_EXT_686D150BDAAF,zero_shot,,,0,no,no,zero_shot_not_applicable,0.0,0.0,0.0
EXT_686D150BDAAF,EXT_686D150BDAAF,OPEN_POLYMER_SURFACES_2023,SFC_ECD42A787C67,LIQ_1BD1B94C09,59.0,prospective_open_external,no,,,PA_EXT_686D150BDAAF,probe_assisted,EXT_3D82C848D389;EXT_F80C8FA1754C,LIQ_0F4168490E;LIQ_6656B41AB7,2,yes,yes,,39.610194783407046,6.978401785936032,41.20408476551298
EXT_3D82C848D389,EXT_3D82C848D389,OPEN_POLYMER_SURFACES_2023,SFC_ECD42A787C67,LIQ_6656B41AB7,40.0,prospective_open_external,no,,,ZS_EXT_3D82C848D389,zero_shot,,,0,no,no,zero_shot_not_applicable,0.0,0.0,0.0
EXT_3D82C848D389,EXT_3D82C848D389,OPEN_POLYMER_SURFACES_2023,SFC_ECD42A787C67,LIQ_6656B41AB7,40.0,prospective_open_external,no,,,PA_EXT_3D82C848D389,probe_assisted,EXT_686D150BDAAF;EXT_F80C8FA1754C,LIQ_0F4168490E;LIQ_1BD1B94C09,2,yes,yes,,18.202970718465668,15.737281607619705,78.62631628849095
EXT_C03E4F87416F,EXT_C03E4F87416F,OPEN_POLYMER_SURFACES_2023,SFC_5648457375F3,LIQ_0F4168490E,80.0,prospective_open_external,no,,,ZS_EXT_C03E4F87416F,zero_shot,,,0,no,no,zero_shot_not_applicable,0.0,0.0,0.0
EXT_C03E4F87416F,EXT_C03E4F87416F,OPEN_POLYMER_SURFACES_2023,SFC_5648457375F3,LIQ_0F4168490E,80.0,prospective_open_external,no,,,PA_EXT_C03E4F87416F,probe_assisted,EXT_8EC71DE1D3C8;EXT_B4AB0610DC8D,LIQ_1BD1B94C09;LIQ_6656B41AB7,2,yes,yes,,34.83015014526245,4.4446917184487305,80.17508751811891
EXT_B4AB0610DC8D,EXT_B4AB0610DC8D,OPEN_POLYMER_SURFACES_2023,SFC_5648457375F3,LIQ_1BD1B94C09,54.0,prospective_open_external,no,,,ZS_EXT_B4AB0610DC8D,zero_shot,,,0,no,no,zero_shot_not_applicable,0.0,0.0,0.0
EXT_B4AB0610DC8D,EXT_B4AB0610DC8D,OPEN_POLYMER_SURFACES_2023,SFC_5648457375F3,LIQ_1BD1B94C09,54.0,prospective_open_external,no,,,PA_EXT_B4AB0610DC8D,probe_assisted,EXT_8EC71DE1D3C8;EXT_C03E4F87416F,LIQ_0F4168490E;LIQ_6656B41AB7,2,yes,yes,,34.83015014526247,4.509621644796577,53.83650238014338
EXT_8EC71DE1D3C8,EXT_8EC71DE1D3C8,OPEN_POLYMER_SURFACES_2023,SFC_5648457375F3,LIQ_6656B41AB7,49.0,prospective_open_external,no,,,ZS_EXT_8EC71DE1D3C8,zero_shot,,,0,no,no,zero_shot_not_applicable,0.0,0.0,0.0
EXT_8EC71DE1D3C8,EXT_8EC71DE1D3C8,OPEN_POLYMER_SURFACES_2023,SFC_5648457375F3,LIQ_6656B41AB7,49.0,prospective_open_external,no,,,PA_EXT_8EC71DE1D3C8,probe_assisted,EXT_B4AB0610DC8D;EXT_C03E4F87416F,LIQ_0F4168490E;LIQ_1BD1B94C09,2,yes,yes,,34.59802869473379,4.564486108212227,49.41831341386192
EXT_D8FBAAD59B4B,EXT_D8FBAAD59B4B,OPEN_POLYMER_SURFACES_2023,SFC_4CBC1B4A127C,LIQ_0F4168490E,102.0,prospective_open_external,no,,,ZS_EXT_D8FBAAD59B4B,zero_shot,,,0,no,no,zero_shot_not_applicable,0.0,0.0,0.0
EXT_D8FBAAD59B4B,EXT_D8FBAAD59B4B,OPEN_POLYMER_SURFACES_2023,SFC_4CBC1B4A127C,LIQ_0F4168490E,102.0,prospective_open_external,no,,,PA_EXT_D8FBAAD59B4B,probe_assisted,EXT_1DC596480B9E;EXT_A3F4030D6CB1,LIQ_1BD1B94C09;LIQ_6656B41AB7,2,yes,yes,,29.39570285900535,0.0,107.73081584588947
EXT_1DC596480B9E,EXT_1DC596480B9E,OPEN_POLYMER_SURFACES_2023,SFC_4CBC1B4A127C,LIQ_1BD1B94C09,85.0,prospective_open_external,no,,,ZS_EXT_1DC596480B9E,zero_shot,,,0,no,no,zero_shot_not_applicable,0.0,0.0,0.0
EXT_1DC596480B9E,EXT_1DC596480B9E,OPEN_POLYMER_SURFACES_2023,SFC_4CBC1B4A127C,LIQ_1BD1B94C09,85.0,prospective_open_external,no,,,PA_EXT_1DC596480B9E,probe_assisted,EXT_A3F4030D6CB1;EXT_D8FBAAD59B4B,LIQ_0F4168490E;LIQ_6656B41AB7,2,yes,yes,,32.5858043786241,0.09311911306838035,74.02962456223742
EXT_A3F4030D6CB1,EXT_A3F4030D6CB1,OPEN_POLYMER_SURFACES_2023,SFC_4CBC1B4A127C,LIQ_6656B41AB7,53.0,prospective_open_external,no,,,ZS_EXT_A3F4030D6CB1,zero_shot,,,0,no,no,zero_shot_not_applicable,0.0,0.0,0.0
EXT_A3F4030D6CB1,EXT_A3F4030D6CB1,OPEN_POLYMER_SURFACES_2023,SFC_4CBC1B4A127C,LIQ_6656B41AB7,53.0,prospective_open_external,no,,,PA_EXT_A3F4030D6CB1,probe_assisted,EXT_1DC596480B9E;EXT_D8FBAAD59B4B,LIQ_0F4168490E;LIQ_1BD1B94C09,2,yes,yes,,16.832269698055832,1.835877047179431,81.30065223640253
EXT_31D988D57B38,EXT_31D988D57B38,OPEN_POLYMER_SURFACES_2023,SFC_4BD23D0F3546,LIQ_0F4168490E,82.0,prospective_open_external,no,,,ZS_EXT_31D988D57B38,zero_shot,,,0,no,no,zero_shot_not_applicable,0.0,0.0,0.0
EXT_31D988D57B38,EXT_31D988D57B38,OPEN_POLYMER_SURFACES_2023,SFC_4BD23D0F3546,LIQ_0F4168490E,82.0,prospective_open_external,no,,,PA_EXT_31D988D57B38,probe_assisted,EXT_C03F819C4B66;EXT_CA5F8E2A53C2,LIQ_1BD1B94C09;LIQ_6656B41AB7,2,yes,yes,,26.848922341327285,7.054117652542072,79.2965010389616
EXT_CA5F8E2A53C2,EXT_CA5F8E2A53C2,OPEN_POLYMER_SURFACES_2023,SFC_4BD23D0F3546,LIQ_1BD1B94C09,59.0,prospective_open_external,no,,,ZS_EXT_CA5F8E2A53C2,zero_shot,,,0,no,no,zero_shot_not_applicable,0.0,0.0,0.0
EXT_CA5F8E2A53C2,EXT_CA5F8E2A53C2,OPEN_POLYMER_SURFACES_2023,SFC_4BD23D0F3546,LIQ_1BD1B94C09,59.0,prospective_open_external,no,,,PA_EXT_CA5F8E2A53C2,probe_assisted,EXT_31D988D57B38;EXT_C03F819C4B66,LIQ_0F4168490E;LIQ_6656B41AB7,2,yes,yes,,26.848922341327313,5.849987266874174,61.35556440108628
EXT_C03F819C4B66,EXT_C03F819C4B66,OPEN_POLYMER_SURFACES_2023,SFC_4BD23D0F3546,LIQ_6656B41AB7,63.0,prospective_open_external,no,,,ZS_EXT_C03F819C4B66,zero_shot,,,0,no,no,zero_shot_not_applicable,0.0,0.0,0.0
EXT_C03F819C4B66,EXT_C03F819C4B66,OPEN_POLYMER_SURFACES_2023,SFC_4BD23D0F3546,LIQ_6656B41AB7,63.0,prospective_open_external,no,,,PA_EXT_C03F819C4B66,probe_assisted,EXT_31D988D57B38;EXT_CA5F8E2A53C2,LIQ_0F4168490E;LIQ_1BD1B94C09,2,yes,yes,,30.098756536825483,4.926192045992472,57.352147086645495
EXT_FD5F6987DAB6,EXT_FD5F6987DAB6,OPEN_POLYMER_SURFACES_2023,SFC_A65652A71181,LIQ_0F4168490E,102.0,prospective_open_external,no,,,ZS_EXT_FD5F6987DAB6,zero_shot,,,0,no,no,zero_shot_not_applicable,0.0,0.0,0.0
EXT_FD5F6987DAB6,EXT_FD5F6987DAB6,OPEN_POLYMER_SURFACES_2023,SFC_A65652A71181,LIQ_0F4168490E,102.0,prospective_open_external,no,,,PA_EXT_FD5F6987DAB6,probe_assisted,EXT_4BF4B6EE2A48;EXT_63529BCBF35A,LIQ_1BD1B94C09;LIQ_6656B41AB7,2,yes,yes,,29.918253217145615,0.0,107.3610050856621
EXT_4BF4B6EE2A48,EXT_4BF4B6EE2A48,OPEN_POLYMER_SURFACES_2023,SFC_A65652A71181,LIQ_1BD1B94C09,82.0,prospective_open_external,no,,,ZS_EXT_4BF4B6EE2A48,zero_shot,,,0,no,no,zero_shot_not_applicable,0.0,0.0,0.0
EXT_4BF4B6EE2A48,EXT_4BF4B6EE2A48,OPEN_POLYMER_SURFACES_2023,SFC_A65652A71181,LIQ_1BD1B94C09,82.0,prospective_open_external,no,,,PA_EXT_4BF4B6EE2A48,probe_assisted,EXT_63529BCBF35A;EXT_FD5F6987DAB6,LIQ_0F4168490E;LIQ_6656B41AB7,2,yes,yes,,31.447013573198586,0.13760278991496638,74.73055538154082
EXT_63529BCBF35A,EXT_63529BCBF35A,OPEN_POLYMER_SURFACES_2023,SFC_A65652A71181,LIQ_6656B41AB7,55.0,prospective_open_external,no,,,ZS_EXT_63529BCBF35A,zero_shot,,,0,no,no,zero_shot_not_applicable,0.0,0.0,0.0
EXT_63529BCBF35A,EXT_63529BCBF35A,OPEN_POLYMER_SURFACES_2023,SFC_A65652A71181,LIQ_6656B41AB7,55.0,prospective_open_external,no,,,PA_EXT_63529BCBF35A,probe_assisted,EXT_4BF4B6EE2A48;EXT_FD5F6987DAB6,LIQ_0F4168490E;LIQ_1BD1B94C09,2,yes,yes,,20.675433530665224,1.1330683863747122,73.9828008869039
EXT_9FD20D27EB85,EXT_9FD20D27EB85,OPEN_POLYMER_SURFACES_2023,SFC_D9EFE53A22B1,LIQ_0F4168490E,95.0,prospective_open_external,no,,,ZS_EXT_9FD20D27EB85,zero_shot,,,0,no,no,zero_shot_not_applicable,0.0,0.0,0.0
EXT_9FD20D27EB85,EXT_9FD20D27EB85,OPEN_POLYMER_SURFACES_2023,SFC_D9EFE53A22B1,LIQ_0F4168490E,95.0,prospective_open_external,no,,,PA_EXT_9FD20D27EB85,probe_assisted,EXT_525C8E3D6CD6;EXT_B9EFF76773A7,LIQ_1BD1B94C09;LIQ_6656B41AB7,2,yes,yes,,30.874747879965913,0.03566777741001339,104.49001862434989
EXT_B9EFF76773A7,EXT_B9EFF76773A7,OPEN_POLYMER_SURFACES_2023,SFC_D9EFE53A22B1,LIQ_1BD1B94C09,77.0,prospective_open_external,no,,,ZS_EXT_B9EFF76773A7,zero_shot,,,0,no,no,zero_shot_not_applicable,0.0,0.0,0.0
EXT_B9EFF76773A7,EXT_B9EFF76773A7,OPEN_POLYMER_SURFACES_2023,SFC_D9EFE53A22B1,LIQ_1BD1B94C09,77.0,prospective_open_external,no,,,PA_EXT_B9EFF76773A7,probe_assisted,EXT_525C8E3D6CD6;EXT_9FD20D27EB85,LIQ_0F4168490E;LIQ_6656B41AB7,2,yes,yes,,30.87474787996593,1.0403116973491806,69.52059202064889
EXT_525C8E3D6CD6,EXT_525C8E3D6CD6,OPEN_POLYMER_SURFACES_2023,SFC_D9EFE53A22B1,LIQ_6656B41AB7,56.0,prospective_open_external,no,,,ZS_EXT_525C8E3D6CD6,zero_shot,,,0,no,no,zero_shot_not_applicable,0.0,0.0,0.0
EXT_525C8E3D6CD6,EXT_525C8E3D6CD6,OPEN_POLYMER_SURFACES_2023,SFC_D9EFE53A22B1,LIQ_6656B41AB7,56.0,prospective_open_external,no,,,PA_EXT_525C8E3D6CD6,probe_assisted,EXT_9FD20D27EB85;EXT_B9EFF76773A7,LIQ_0F4168490E;LIQ_1BD1B94C09,2,yes,yes,,20.155567689562293,2.950029055979907,74.94282838250969
EXT_61408262103D,EXT_61408262103D,OPEN_POLYMER_SURFACES_2023,SFC_6353761F5CC5,LIQ_0F4168490E,98.0,prospective_open_external,no,,,ZS_EXT_61408262103D,zero_shot,,,0,no,no,zero_shot_not_applicable,0.0,0.0,0.0
EXT_61408262103D,EXT_61408262103D,OPEN_POLYMER_SURFACES_2023,SFC_6353761F5CC5,LIQ_0F4168490E,98.0,prospective_open_external,no,,,PA_EXT_61408262103D,probe_assisted,EXT_6A1E54C20CCE;EXT_981E9EC8865E,LIQ_1BD1B94C09;LIQ_6656B41AB7,2,yes,yes,,26.84892234132729,0.3753152424252273,102.42493951701387
EXT_6A1E54C20CCE,EXT_6A1E54C20CCE,OPEN_POLYMER_SURFACES_2023,SFC_6353761F5CC5,LIQ_1BD1B94C09,78.0,prospective_open_external,no,,,ZS_EXT_6A1E54C20CCE,zero_shot,,,0,no,no,zero_shot_not_applicable,0.0,0.0,0.0
EXT_6A1E54C20CCE,EXT_6A1E54C20CCE,OPEN_POLYMER_SURFACES_2023,SFC_6353761F5CC5,LIQ_1BD1B94C09,78.0,prospective_open_external,no,,,PA_EXT_6A1E54C20CCE,probe_assisted,EXT_61408262103D;EXT_981E9EC8865E,LIQ_0F4168490E;LIQ_6656B41AB7,2,yes,yes,,26.84892234132732,0.9998773470988281,74.566077366273
EXT_981E9EC8865E,EXT_981E9EC8865E,OPEN_POLYMER_SURFACES_2023,SFC_6353761F5CC5,LIQ_6656B41AB7,63.0,prospective_open_external,no,,,ZS_EXT_981E9EC8865E,zero_shot,,,0,no,no,zero_shot_not_applicable,0.0,0.0,0.0
EXT_981E9EC8865E,EXT_981E9EC8865E,OPEN_POLYMER_SURFACES_2023,SFC_6353761F5CC5,LIQ_6656B41AB7,63.0,prospective_open_external,no,,,PA_EXT_981E9EC8865E,probe_assisted,EXT_61408262103D;EXT_6A1E54C20CCE,LIQ_0F4168490E;LIQ_1BD1B94C09,2,yes,yes,,21.943094228177483,1.7557275543176925,71.67183744788274
EXT_8A8E3AAF6896,EXT_8A8E3AAF6896,OPEN_POLYMER_SURFACES_2023,SFC_A66B59B95A03,LIQ_0F4168490E,92.0,prospective_open_external,no,,,ZS_EXT_8A8E3AAF6896,zero_shot,,,0,no,no,zero_shot_not_applicable,0.0,0.0,0.0
EXT_8A8E3AAF6896,EXT_8A8E3AAF6896,OPEN_POLYMER_SURFACES_2023,SFC_A66B59B95A03,LIQ_0F4168490E,92.0,prospective_open_external,no,,,PA_EXT_8A8E3AAF6896,probe_assisted,EXT_80357B8C920D;EXT_C6419C1CBA62,LIQ_1BD1B94C09;LIQ_6656B41AB7,2,yes,yes,,22.315562837809097,2.2338012914396677,95.78696848214935
EXT_80357B8C920D,EXT_80357B8C920D,OPEN_POLYMER_SURFACES_2023,SFC_A66B59B95A03,LIQ_1BD1B94C09,76.0,prospective_open_external,no,,,ZS_EXT_80357B8C920D,zero_shot,,,0,no,no,zero_shot_not_applicable,0.0,0.0,0.0
EXT_80357B8C920D,EXT_80357B8C920D,OPEN_POLYMER_SURFACES_2023,SFC_A66B59B95A03,LIQ_1BD1B94C09,76.0,prospective_open_external,no,,,PA_EXT_80357B8C920D,probe_assisted,EXT_8A8E3AAF6896;EXT_C6419C1CBA62,LIQ_0F4168490E;LIQ_6656B41AB7,2,yes,yes,,22.31556283780912,3.351242150215192,72.99636425552802
EXT_C6419C1CBA62,EXT_C6419C1CBA62,OPEN_POLYMER_SURFACES_2023,SFC_A66B59B95A03,LIQ_6656B41AB7,71.0,prospective_open_external,no,,,ZS_EXT_C6419C1CBA62,zero_shot,,,0,no,no,zero_shot_not_applicable,0.0,0.0,0.0
EXT_C6419C1CBA62,EXT_C6419C1CBA62,OPEN_POLYMER_SURFACES_2023,SFC_A66B59B95A03,LIQ_6656B41AB7,71.0,prospective_open_external,no,,,PA_EXT_C6419C1CBA62,probe_assisted,EXT_80357B8C920D;EXT_8A8E3AAF6896,LIQ_0F4168490E;LIQ_1BD1B94C09,2,yes,yes,,18.425524762854486,4.463557679582063,78.19956306740019
EXT_7720DE638AE3,EXT_7720DE638AE3,OPEN_POLYMER_SURFACES_2023,SFC_62075C90581B,LIQ_0F4168490E,108.0,prospective_open_external,no,,,ZS_EXT_7720DE638AE3,zero_shot,,,0,no,no,zero_shot_not_applicable,0.0,0.0,0.0
EXT_7720DE638AE3,EXT_7720DE638AE3,OPEN_POLYMER_SURFACES_2023,SFC_62075C90581B,LIQ_0F4168490E,108.0,prospective_open_external,no,,,PA_EXT_7720DE638AE3,probe_assisted,EXT_8E3054DE5097;EXT_BC1C15EECE17,LIQ_1BD1B94C09;LIQ_6656B41AB7,2,yes,yes,,13.601915497093646,1.2926698896463693,107.68991574942173
EXT_8E3054DE5097,EXT_8E3054DE5097,OPEN_POLYMER_SURFACES_2023,SFC_62075C90581B,LIQ_1BD1B94C09,92.0,prospective_open_external,no,,,ZS_EXT_8E3054DE5097,zero_shot,,,0,no,no,zero_shot_not_applicable,0.0,0.0,0.0
EXT_8E3054DE5097,EXT_8E3054DE5097,OPEN_POLYMER_SURFACES_2023,SFC_62075C90581B,LIQ_1BD1B94C09,92.0,prospective_open_external,no,,,PA_EXT_8E3054DE5097,probe_assisted,EXT_7720DE638AE3;EXT_BC1C15EECE17,LIQ_0F4168490E;LIQ_6656B41AB7,2,yes,yes,,13.60191549709366,1.2336512898772838,92.2262853354693
EXT_BC1C15EECE17,EXT_BC1C15EECE17,OPEN_POLYMER_SURFACES_2023,SFC_62075C90581B,LIQ_6656B41AB7,88.0,prospective_open_external,no,,,ZS_EXT_BC1C15EECE17,zero_shot,,,0,no,no,zero_shot_not_applicable,0.0,0.0,0.0
EXT_BC1C15EECE17,EXT_BC1C15EECE17,OPEN_POLYMER_SURFACES_2023,SFC_62075C90581B,LIQ_6656B41AB7,88.0,prospective_open_external,no,,,PA_EXT_BC1C15EECE17,probe_assisted,EXT_7720DE638AE3;EXT_8E3054DE5097,LIQ_0F4168490E;LIQ_1BD1B94C09,2,yes,yes,,13.851711797156582,1.1851766634088692,87.4575754633953
EXT_49AD89E9F838,EXT_49AD89E9F838,OPEN_POLYMER_SURFACES_2023,SFC_36EF2E368C84,LIQ_0F4168490E,125.0,prospective_open_external,no,,,ZS_EXT_49AD89E9F838,zero_shot,,,0,no,no,zero_shot_not_applicable,0.0,0.0,0.0
EXT_49AD89E9F838,EXT_49AD89E9F838,OPEN_POLYMER_SURFACES_2023,SFC_36EF2E368C84,LIQ_0F4168490E,125.0,prospective_open_external,no,,,PA_EXT_49AD89E9F838,probe_assisted,EXT_650589542FBB;EXT_C92CA45A6370,LIQ_1BD1B94C09;LIQ_6656B41AB7,2,yes,yes,,7.298466637114254,0.38006632724385125,122.17563851071422
EXT_650589542FBB,EXT_650589542FBB,OPEN_POLYMER_SURFACES_2023,SFC_36EF2E368C84,LIQ_1BD1B94C09,109.0,prospective_open_external,no,,,ZS_EXT_650589542FBB,zero_shot,,,0,no,no,zero_shot_not_applicable,0.0,0.0,0.0
EXT_650589542FBB,EXT_650589542FBB,OPEN_POLYMER_SURFACES_2023,SFC_36EF2E368C84,LIQ_1BD1B94C09,109.0,prospective_open_external,no,,,PA_EXT_650589542FBB,probe_assisted,EXT_49AD89E9F838;EXT_C92CA45A6370,LIQ_0F4168490E;LIQ_6656B41AB7,2,yes,yes,,7.2984666371142595,0.16582126814194284,110.91759808187014
EXT_C92CA45A6370,EXT_C92CA45A6370,OPEN_POLYMER_SURFACES_2023,SFC_36EF2E368C84,LIQ_6656B41AB7,104.0,prospective_open_external,no,,,ZS_EXT_C92CA45A6370,zero_shot,,,0,no,no,zero_shot_not_applicable,0.0,0.0,0.0
EXT_C92CA45A6370,EXT_C92CA45A6370,OPEN_POLYMER_SURFACES_2023,SFC_36EF2E368C84,LIQ_6656B41AB7,104.0,prospective_open_external,no,,,PA_EXT_C92CA45A6370,probe_assisted,EXT_49AD89E9F838;EXT_650589542FBB,LIQ_0F4168490E;LIQ_1BD1B94C09,2,yes,yes,,8.82242967096581,0.05361203155268507,99.58587372255481
EXT_C52AF747E8BF,EXT_C52AF747E8BF,OPEN_TEXTILE_ANTI_WETTING_2019,SFC_70D1A1076BBD,LIQ_0F4168490E,0.0,prospective_open_external,no,,,ZS_EXT_C52AF747E8BF,zero_shot,,,0,no,no,zero_shot_not_applicable,0.0,0.0,0.0
EXT_C52AF747E8BF,EXT_C52AF747E8BF,OPEN_TEXTILE_ANTI_WETTING_2019,SFC_70D1A1076BBD,LIQ_0F4168490E,0.0,prospective_open_external,no,,,PA_EXT_C52AF747E8BF,probe_assisted,EXT_1366AD9E4A11;EXT_B099AADD9565,LIQ_1BD1B94C09;LIQ_6656B41AB7,2,yes,yes,,34.27413935785309,24.191562350026672,44.28113991671709
EXT_1366AD9E4A11,EXT_1366AD9E4A11,OPEN_TEXTILE_ANTI_WETTING_2019,SFC_70D1A1076BBD,LIQ_1BD1B94C09,0.0,prospective_open_external,no,,,ZS_EXT_1366AD9E4A11,zero_shot,,,0,no,no,zero_shot_not_applicable,0.0,0.0,0.0
EXT_1366AD9E4A11,EXT_1366AD9E4A11,OPEN_TEXTILE_ANTI_WETTING_2019,SFC_70D1A1076BBD,LIQ_1BD1B94C09,0.0,prospective_open_external,no,,,PA_EXT_1366AD9E4A11,probe_assisted,EXT_B099AADD9565;EXT_C52AF747E8BF,LIQ_0F4168490E;LIQ_6656B41AB7,2,yes,yes,,34.2741393578531,40.53155781442666,0.0
EXT_B099AADD9565,EXT_B099AADD9565,OPEN_TEXTILE_ANTI_WETTING_2019,SFC_70D1A1076BBD,LIQ_6656B41AB7,50.0,prospective_open_external,no,,,ZS_EXT_B099AADD9565,zero_shot,,,0,no,no,zero_shot_not_applicable,0.0,0.0,0.0
EXT_B099AADD9565,EXT_B099AADD9565,OPEN_TEXTILE_ANTI_WETTING_2019,SFC_70D1A1076BBD,LIQ_6656B41AB7,50.0,prospective_open_external,no,,,PA_EXT_B099AADD9565,probe_assisted,EXT_1366AD9E4A11;EXT_C52AF747E8BF,LIQ_0F4168490E;LIQ_1BD1B94C09,2,yes,yes,,15.963659534003991,57.48401264326431,83.04142666132327
EXT_FA599DFEA153,EXT_FA599DFEA153,OPEN_TEXTILE_ANTI_WETTING_2019,SFC_B23DE8940451,LIQ_0F4168490E,107.0,prospective_open_external,no,,,ZS_EXT_FA599DFEA153,zero_shot,,,0,no,no,zero_shot_not_applicable,0.0,0.0,0.0
EXT_FA599DFEA153,EXT_FA599DFEA153,OPEN_TEXTILE_ANTI_WETTING_2019,SFC_B23DE8940451,LIQ_0F4168490E,107.0,prospective_open_external,no,,,PA_EXT_FA599DFEA153,probe_assisted,EXT_5AF9983FF446;EXT_77B7B95A656C,LIQ_1BD1B94C09;LIQ_6656B41AB7,2,yes,yes,,10.989983330390245,0.032960980783243096,122.62575219200302
EXT_77B7B95A656C,EXT_77B7B95A656C,OPEN_TEXTILE_ANTI_WETTING_2019,SFC_B23DE8940451,LIQ_1BD1B94C09,105.0,prospective_open_external,no,,,ZS_EXT_77B7B95A656C,zero_shot,,,0,no,no,zero_shot_not_applicable,0.0,0.0,0.0
EXT_77B7B95A656C,EXT_77B7B95A656C,OPEN_TEXTILE_ANTI_WETTING_2019,SFC_B23DE8940451,LIQ_1BD1B94C09,105.0,prospective_open_external,no,,,PA_EXT_77B7B95A656C,probe_assisted,EXT_5AF9983FF446;EXT_FA599DFEA153,LIQ_0F4168490E;LIQ_6656B41AB7,2,yes,yes,,10.98998333039025,2.0718211623205156,94.00011486374069
EXT_5AF9983FF446,EXT_5AF9983FF446,OPEN_TEXTILE_ANTI_WETTING_2019,SFC_B23DE8940451,LIQ_6656B41AB7,94.0,prospective_open_external,no,,,ZS_EXT_5AF9983FF446,zero_shot,,,0,no,no,zero_shot_not_applicable,0.0,0.0,0.0
EXT_5AF9983FF446,EXT_5AF9983FF446,OPEN_TEXTILE_ANTI_WETTING_2019,SFC_B23DE8940451,LIQ_6656B41AB7,94.0,prospective_open_external,no,,,PA_EXT_5AF9983FF446,probe_assisted,EXT_77B7B95A656C;EXT_FA599DFEA153,LIQ_0F4168490E;LIQ_1BD1B94C09,2,yes,yes,,2.890818640765342,6.225934778723888,121.52704261856235
EXT_B067D03F4F2E,EXT_B067D03F4F2E,OPEN_TEXTILE_ANTI_WETTING_2019,SFC_C90D1535E78D,LIQ_0F4168490E,101.0,prospective_open_external,no,,,ZS_EXT_B067D03F4F2E,zero_shot,,,0,no,no,zero_shot_not_applicable,0.0,0.0,0.0
EXT_B067D03F4F2E,EXT_B067D03F4F2E,OPEN_TEXTILE_ANTI_WETTING_2019,SFC_C90D1535E78D,LIQ_0F4168490E,101.0,prospective_open_external,no,,,PA_EXT_B067D03F4F2E,probe_assisted,EXT_1B40295A791F;EXT_3B5D655ADA7C,LIQ_1BD1B94C09;LIQ_6656B41AB7,2,yes,yes,,27.57886694415605,0.0,109.04919345542869
EXT_1B40295A791F,EXT_1B40295A791F,OPEN_TEXTILE_ANTI_WETTING_2019,SFC_C90D1535E78D,LIQ_1BD1B94C09,84.0,prospective_open_external,no,,,ZS_EXT_1B40295A791F,zero_shot,,,0,no,no,zero_shot_not_applicable,0.0,0.0,0.0
EXT_1B40295A791F,EXT_1B40295A791F,OPEN_TEXTILE_ANTI_WETTING_2019,SFC_C90D1535E78D,LIQ_1BD1B94C09,84.0,prospective_open_external,no,,,PA_EXT_1B40295A791F,probe_assisted,EXT_3B5D655ADA7C;EXT_B067D03F4F2E,LIQ_0F4168490E;LIQ_6656B41AB7,2,yes,yes,,28.575,0.39633328560818043,75.77302444821828
EXT_3B5D655ADA7C,EXT_3B5D655ADA7C,OPEN_TEXTILE_ANTI_WETTING_2019,SFC_C90D1535E78D,LIQ_6656B41AB7,60.0,prospective_open_external,no,,,ZS_EXT_3B5D655ADA7C,zero_shot,,,0,no,no,zero_shot_not_applicable,0.0,0.0,0.0
EXT_3B5D655ADA7C,EXT_3B5D655ADA7C,OPEN_TEXTILE_ANTI_WETTING_2019,SFC_C90D1535E78D,LIQ_6656B41AB7,60.0,prospective_open_external,no,,,PA_EXT_3B5D655ADA7C,probe_assisted,EXT_1B40295A791F;EXT_B067D03F4F2E,LIQ_0F4168490E;LIQ_1BD1B94C09,2,yes,yes,,17.132876299151278,2.011496176492746,80.70694922635106
EXT_2E5AD1B19DD9,EXT_2E5AD1B19DD9,OPEN_TEXTILE_ANTI_WETTING_2019,SFC_F92838A9E6A2,LIQ_0F4168490E,105.0,prospective_open_external,no,,,ZS_EXT_2E5AD1B19DD9,zero_shot,,,0,no,no,zero_shot_not_applicable,0.0,0.0,0.0
EXT_2E5AD1B19DD9,EXT_2E5AD1B19DD9,OPEN_TEXTILE_ANTI_WETTING_2019,SFC_F92838A9E6A2,LIQ_0F4168490E,105.0,prospective_open_external,no,,,PA_EXT_2E5AD1B19DD9,probe_assisted,EXT_88A27790C2BD;EXT_9E923F72BEB3,LIQ_1BD1B94C09;LIQ_6656B41AB7,2,yes,yes,,25.184125943045295,0.0,110.8725218189888
EXT_9E923F72BEB3,EXT_9E923F72BEB3,OPEN_TEXTILE_ANTI_WETTING_2019,SFC_F92838A9E6A2,LIQ_1BD1B94C09,88.0,prospective_open_external,no,,,ZS_EXT_9E923F72BEB3,zero_shot,,,0,no,no,zero_shot_not_applicable,0.0,0.0,0.0
EXT_9E923F72BEB3,EXT_9E923F72BEB3,OPEN_TEXTILE_ANTI_WETTING_2019,SFC_F92838A9E6A2,LIQ_1BD1B94C09,88.0,prospective_open_external,no,,,PA_EXT_9E923F72BEB3,probe_assisted,EXT_2E5AD1B19DD9;EXT_88A27790C2BD,LIQ_0F4168490E;LIQ_6656B41AB7,2,yes,yes,,26.84892234132732,0.15217875944346182,79.95252741581984
EXT_88A27790C2BD,EXT_88A27790C2BD,OPEN_TEXTILE_ANTI_WETTING_2019,SFC_F92838A9E6A2,LIQ_6656B41AB7,63.0,prospective_open_external,no,,,ZS_EXT_88A27790C2BD,zero_shot,,,0,no,no,zero_shot_not_applicable,0.0,0.0,0.0
EXT_88A27790C2BD,EXT_88A27790C2BD,OPEN_TEXTILE_ANTI_WETTING_2019,SFC_F92838A9E6A2,LIQ_6656B41AB7,63.0,prospective_open_external,no,,,PA_EXT_88A27790C2BD,probe_assisted,EXT_2E5AD1B19DD9;EXT_9E923F72BEB3,LIQ_0F4168490E;LIQ_1BD1B94C09,2,yes,yes,,15.916064370967247,1.367713874998247,83.13796011472671
EXT_4DA44BDBC109,EXT_4DA44BDBC109,OPEN_TEXTILE_ANTI_WETTING_2019,SFC_F8CAAE03FE56,LIQ_0F4168490E,96.0,prospective_open_external,no,,,ZS_EXT_4DA44BDBC109,zero_shot,,,0,no,no,zero_shot_not_applicable,0.0,0.0,0.0
EXT_4DA44BDBC109,EXT_4DA44BDBC109,OPEN_TEXTILE_ANTI_WETTING_2019,SFC_F8CAAE03FE56,LIQ_0F4168490E,96.0,prospective_open_external,no,,,PA_EXT_4DA44BDBC109,probe_assisted,EXT_90EB026C806A;EXT_AB64302191E1,LIQ_1BD1B94C09;LIQ_6656B41AB7,2,yes,yes,,27.992614260855937,0.0,108.7443278042202
EXT_AB64302191E1,EXT_AB64302191E1,OPEN_TEXTILE_ANTI_WETTING_2019,SFC_F8CAAE03FE56,LIQ_1BD1B94C09,82.0,prospective_open_external,no,,,ZS_EXT_AB64302191E1,zero_shot,,,0,no,no,zero_shot_not_applicable,0.0,0.0,0.0
EXT_AB64302191E1,EXT_AB64302191E1,OPEN_TEXTILE_ANTI_WETTING_2019,SFC_F8CAAE03FE56,LIQ_1BD1B94C09,82.0,prospective_open_external,no,,,PA_EXT_AB64302191E1,probe_assisted,EXT_4DA44BDBC109;EXT_90EB026C806A,LIQ_0F4168490E;LIQ_6656B41AB7,2,yes,yes,,27.999177026376156,1.220398142189712,72.21012473186013
EXT_90EB026C806A,EXT_90EB026C806A,OPEN_TEXTILE_ANTI_WETTING_2019,SFC_F8CAAE03FE56,LIQ_6656B41AB7,61.0,prospective_open_external,no,,,ZS_EXT_90EB026C806A,zero_shot,,,0,no,no,zero_shot_not_applicable,0.0,0.0,0.0
EXT_90EB026C806A,EXT_90EB026C806A,OPEN_TEXTILE_ANTI_WETTING_2019,SFC_F8CAAE03FE56,LIQ_6656B41AB7,61.0,prospective_open_external,no,,,PA_EXT_90EB026C806A,probe_assisted,EXT_4DA44BDBC109;EXT_AB64302191E1,LIQ_0F4168490E;LIQ_1BD1B94C09,2,yes,yes,,14.980781022410978,4.135985801789823,85.06135732140176
EXT_1D5570A27934,EXT_1D5570A27934,OPEN_TEXTILE_ANTI_WETTING_2019,SFC_96459A5711ED,LIQ_0F4168490E,106.0,prospective_open_external,no,,,ZS_EXT_1D5570A27934,zero_shot,,,0,no,no,zero_shot_not_applicable,0.0,0.0,0.0
EXT_1D5570A27934,EXT_1D5570A27934,OPEN_TEXTILE_ANTI_WETTING_2019,SFC_96459A5711ED,LIQ_0F4168490E,106.0,prospective_open_external,no,,,PA_EXT_1D5570A27934,probe_assisted,EXT_608AC2D3D381;EXT_C2CBB107CCEB,LIQ_1BD1B94C09;LIQ_6656B41AB7,2,yes,yes,,10.582714902581952,0.37097473971356215,117.59543230367245
EXT_C2CBB107CCEB,EXT_C2CBB107CCEB,OPEN_TEXTILE_ANTI_WETTING_2019,SFC_96459A5711ED,LIQ_1BD1B94C09,102.0,prospective_open_external,no,,,ZS_EXT_C2CBB107CCEB,zero_shot,,,0,no,no,zero_shot_not_applicable,0.0,0.0,0.0
EXT_C2CBB107CCEB,EXT_C2CBB107CCEB,OPEN_TEXTILE_ANTI_WETTING_2019,SFC_96459A5711ED,LIQ_1BD1B94C09,102.0,prospective_open_external,no,,,PA_EXT_C2CBB107CCEB,probe_assisted,EXT_1D5570A27934;EXT_608AC2D3D381,LIQ_0F4168490E;LIQ_6656B41AB7,2,yes,yes,,10.582714902581971,2.4499036229704276,93.6807663370289
EXT_608AC2D3D381,EXT_608AC2D3D381,OPEN_TEXTILE_ANTI_WETTING_2019,SFC_96459A5711ED,LIQ_6656B41AB7,95.0,prospective_open_external,no,,,ZS_EXT_608AC2D3D381,zero_shot,,,0,no,no,zero_shot_not_applicable,0.0,0.0,0.0
EXT_608AC2D3D381,EXT_608AC2D3D381,OPEN_TEXTILE_ANTI_WETTING_2019,SFC_96459A5711ED,LIQ_6656B41AB7,95.0,prospective_open_external,no,,,PA_EXT_608AC2D3D381,probe_assisted,EXT_1D5570A27934;EXT_C2CBB107CCEB,LIQ_0F4168490E;LIQ_1BD1B94C09,2,yes,yes,,4.102903266042321,5.606397053482275,115.56999855314648
EXT_0AE552940B30,EXT_0AE552940B30,OPEN_TEXTILE_ANTI_WETTING_2019,SFC_DE9D8D16E40F,LIQ_0F4168490E,104.0,prospective_open_external,no,,,ZS_EXT_0AE552940B30,zero_shot,,,0,no,no,zero_shot_not_applicable,0.0,0.0,0.0
EXT_0AE552940B30,EXT_0AE552940B30,OPEN_TEXTILE_ANTI_WETTING_2019,SFC_DE9D8D16E40F,LIQ_0F4168490E,104.0,prospective_open_external,no,,,PA_EXT_0AE552940B30,probe_assisted,EXT_3549187670B3;EXT_925A4AF449D5,LIQ_1BD1B94C09;LIQ_6656B41AB7,2,yes,yes,,25.10136364422178,0.0,110.93744777587982
EXT_3549187670B3,EXT_3549187670B3,OPEN_TEXTILE_ANTI_WETTING_2019,SFC_DE9D8D16E40F,LIQ_1BD1B94C09,90.0,prospective_open_external,no,,,ZS_EXT_3549187670B3,zero_shot,,,0,no,no,zero_shot_not_applicable,0.0,0.0,0.0
EXT_3549187670B3,EXT_3549187670B3,OPEN_TEXTILE_ANTI_WETTING_2019,SFC_DE9D8D16E40F,LIQ_1BD1B94C09,90.0,prospective_open_external,no,,,PA_EXT_3549187670B3,probe_assisted,EXT_0AE552940B30;EXT_925A4AF449D5,LIQ_0F4168490E;LIQ_6656B41AB7,2,yes,yes,,27.999177026376138,0.16355498068212052,78.4473916893813
EXT_925A4AF449D5,EXT_925A4AF449D5,OPEN_TEXTILE_ANTI_WETTING_2019,SFC_DE9D8D16E40F,LIQ_6656B41AB7,61.0,prospective_open_external,no,,,ZS_EXT_925A4AF449D5,zero_shot,,,0,no,no,zero_shot_not_applicable,0.0,0.0,0.0
EXT_925A4AF449D5,EXT_925A4AF449D5,OPEN_TEXTILE_ANTI_WETTING_2019,SFC_DE9D8D16E40F,LIQ_6656B41AB7,61.0,prospective_open_external,no,,,PA_EXT_925A4AF449D5,probe_assisted,EXT_0AE552940B30;EXT_3549187670B3,LIQ_0F4168490E;LIQ_1BD1B94C09,2,yes,yes,,12.822312003439182,2.3189337873924947,89.72475606097458
EXT_AF4963616E76,EXT_AF4963616E76,OPEN_TEXTILE_ANTI_WETTING_2019,SFC_A7A6BDD5941D,LIQ_0F4168490E,0.0,prospective_open_external,no,,,ZS_EXT_AF4963616E76,zero_shot,,,0,no,no,zero_shot_not_applicable,0.0,0.0,0.0
EXT_AF4963616E76,EXT_AF4963616E76,OPEN_TEXTILE_ANTI_WETTING_2019,SFC_A7A6BDD5941D,LIQ_0F4168490E,0.0,prospective_open_external,no,,,PA_EXT_AF4963616E76,probe_assisted,EXT_6E149AD2F9BC;EXT_74D717509DFB,LIQ_1BD1B94C09;LIQ_6656B41AB7,2,yes,yes,,50.799999999999976,9.57694453790433,58.5745639041323
EXT_74D717509DFB,EXT_74D717509DFB,OPEN_TEXTILE_ANTI_WETTING_2019,SFC_A7A6BDD5941D,LIQ_1BD1B94C09,0.0,prospective_open_external,no,,,ZS_EXT_74D717509DFB,zero_shot,,,0,no,no,zero_shot_not_applicable,0.0,0.0,0.0
EXT_74D717509DFB,EXT_74D717509DFB,OPEN_TEXTILE_ANTI_WETTING_2019,SFC_A7A6BDD5941D,LIQ_1BD1B94C09,0.0,prospective_open_external,no,,,PA_EXT_74D717509DFB,probe_assisted,EXT_6E149AD2F9BC;EXT_AF4963616E76,LIQ_0F4168490E;LIQ_6656B41AB7,2,yes,yes,,50.80000000000001,30.62688248867178,0.0
EXT_6E149AD2F9BC,EXT_6E149AD2F9BC,OPEN_TEXTILE_ANTI_WETTING_2019,SFC_A7A6BDD5941D,LIQ_6656B41AB7,0.0,prospective_open_external,no,,,ZS_EXT_6E149AD2F9BC,zero_shot,,,0,no,no,zero_shot_not_applicable,0.0,0.0,0.0
EXT_6E149AD2F9BC,EXT_6E149AD2F9BC,OPEN_TEXTILE_ANTI_WETTING_2019,SFC_A7A6BDD5941D,LIQ_6656B41AB7,0.0,prospective_open_external,no,,,PA_EXT_6E149AD2F9BC,probe_assisted,EXT_74D717509DFB;EXT_AF4963616E76,LIQ_0F4168490E;LIQ_1BD1B94C09,2,yes,yes,,15.963659534003991,57.48401264326431,83.04142666132327
EXT_A77898F3791B,EXT_A77898F3791B,OPEN_TEXTILE_ANTI_WETTING_2019,SFC_AEE4770633F2,LIQ_0F4168490E,166.0,prospective_open_external,no,,,ZS_EXT_A77898F3791B,zero_shot,,,0,no,no,zero_shot_not_applicable,0.0,0.0,0.0
EXT_A77898F3791B,EXT_A77898F3791B,OPEN_TEXTILE_ANTI_WETTING_2019,SFC_AEE4770633F2,LIQ_0F4168490E,166.0,prospective_open_external,no,,,PA_EXT_A77898F3791B,probe_assisted,EXT_2B7215CA739E;EXT_6A76549F5884,LIQ_1BD1B94C09;LIQ_6656B41AB7,2,yes,yes,,0.12509127850445625,0.0,162.67538721355936
EXT_2B7215CA739E,EXT_2B7215CA739E,OPEN_TEXTILE_ANTI_WETTING_2019,SFC_AEE4770633F2,LIQ_1BD1B94C09,159.0,prospective_open_external,no,,,ZS_EXT_2B7215CA739E,zero_shot,,,0,no,no,zero_shot_not_applicable,0.0,0.0,0.0
EXT_2B7215CA739E,EXT_2B7215CA739E,OPEN_TEXTILE_ANTI_WETTING_2019,SFC_AEE4770633F2,LIQ_1BD1B94C09,159.0,prospective_open_external,no,,,PA_EXT_2B7215CA739E,probe_assisted,EXT_6A76549F5884;EXT_A77898F3791B,LIQ_0F4168490E;LIQ_6656B41AB7,2,yes,yes,,0.11650196646723551,0.0,157.89528984824537
EXT_6A76549F5884,EXT_6A76549F5884,OPEN_TEXTILE_ANTI_WETTING_2019,SFC_AEE4770633F2,LIQ_6656B41AB7,153.0,prospective_open_external,no,,,ZS_EXT_6A76549F5884,zero_shot,,,0,no,no,zero_shot_not_applicable,0.0,0.0,0.0
EXT_6A76549F5884,EXT_6A76549F5884,OPEN_TEXTILE_ANTI_WETTING_2019,SFC_AEE4770633F2,LIQ_6656B41AB7,153.0,prospective_open_external,no,,,PA_EXT_6A76549F5884,probe_assisted,EXT_2B7215CA739E;EXT_A77898F3791B,LIQ_0F4168490E;LIQ_1BD1B94C09,2,yes,yes,,0.07889125236227898,0.0,157.0998418203524
EXT_14B3DFB49864,EXT_14B3DFB49864,OPEN_TEXTILE_ANTI_WETTING_2019,SFC_E0770C382AAA,LIQ_0F4168490E,164.0,prospective_open_external,no,,,ZS_EXT_14B3DFB49864,zero_shot,,,0,no,no,zero_shot_not_applicable,0.0,0.0,0.0
EXT_14B3DFB49864,EXT_14B3DFB49864,OPEN_TEXTILE_ANTI_WETTING_2019,SFC_E0770C382AAA,LIQ_0F4168490E,164.0,prospective_open_external,no,,,PA_EXT_14B3DFB49864,probe_assisted,EXT_038669031712;EXT_6181C20E4C23,LIQ_1BD1B94C09;LIQ_6656B41AB7,2,yes,yes,,0.29323513973742227,8.594973199194437e-06,158.42932902481155
EXT_038669031712,EXT_038669031712,OPEN_TEXTILE_ANTI_WETTING_2019,SFC_E0770C382AAA,LIQ_1BD1B94C09,152.0,prospective_open_external,no,,,ZS_EXT_038669031712,zero_shot,,,0,no,no,zero_shot_not_applicable,0.0,0.0,0.0
EXT_038669031712,EXT_038669031712,OPEN_TEXTILE_ANTI_WETTING_2019,SFC_E0770C382AAA,LIQ_1BD1B94C09,152.0,prospective_open_external,no,,,PA_EXT_038669031712,probe_assisted,EXT_14B3DFB49864;EXT_6181C20E4C23,LIQ_0F4168490E;LIQ_6656B41AB7,2,yes,yes,,0.22051830822598786,0.0,154.0106407139157
EXT_6181C20E4C23,EXT_6181C20E4C23,OPEN_TEXTILE_ANTI_WETTING_2019,SFC_E0770C382AAA,LIQ_6656B41AB7,148.0,prospective_open_external,no,,,ZS_EXT_6181C20E4C23,zero_shot,,,0,no,no,zero_shot_not_applicable,0.0,0.0,0.0
EXT_6181C20E4C23,EXT_6181C20E4C23,OPEN_TEXTILE_ANTI_WETTING_2019,SFC_E0770C382AAA,LIQ_6656B41AB7,148.0,prospective_open_external,no,,,PA_EXT_6181C20E4C23,probe_assisted,EXT_038669031712;EXT_14B3DFB49864,LIQ_0F4168490E;LIQ_1BD1B94C09,2,yes,yes,,0.2088019864822894,0.0,150.66581621304277
EXT_72A5665216D0,EXT_72A5665216D0,OPEN_TEXTILE_ANTI_WETTING_2019,SFC_D1ADE9B03D51,LIQ_0F4168490E,126.0,prospective_open_external,no,,,ZS_EXT_72A5665216D0,zero_shot,,,0,no,no,zero_shot_not_applicable,0.0,0.0,0.0
EXT_72A5665216D0,EXT_72A5665216D0,OPEN_TEXTILE_ANTI_WETTING_2019,SFC_D1ADE9B03D51,LIQ_0F4168490E,126.0,prospective_open_external,no,,,PA_EXT_72A5665216D0,probe_assisted,EXT_2BFE763DBE7F;EXT_8D65AE043571,LIQ_1BD1B94C09;LIQ_6656B41AB7,2,yes,yes,,39.182035398890676,0.0,101.3664641532741
EXT_2BFE763DBE7F,EXT_2BFE763DBE7F,OPEN_TEXTILE_ANTI_WETTING_2019,SFC_D1ADE9B03D51,LIQ_1BD1B94C09,84.0,prospective_open_external,no,,,ZS_EXT_2BFE763DBE7F,zero_shot,,,0,no,no,zero_shot_not_applicable,0.0,0.0,0.0
EXT_2BFE763DBE7F,EXT_2BFE763DBE7F,OPEN_TEXTILE_ANTI_WETTING_2019,SFC_D1ADE9B03D51,LIQ_1BD1B94C09,84.0,prospective_open_external,no,,,PA_EXT_2BFE763DBE7F,probe_assisted,EXT_72A5665216D0;EXT_8D65AE043571,LIQ_0F4168490E;LIQ_6656B41AB7,2,yes,yes,,35.42869540559912,0.0,73.6338134331509
EXT_8D65AE043571,EXT_8D65AE043571,OPEN_TEXTILE_ANTI_WETTING_2019,SFC_D1ADE9B03D51,LIQ_6656B41AB7,0.0,prospective_open_external,no,,,ZS_EXT_8D65AE043571,zero_shot,,,0,no,no,zero_shot_not_applicable,0.0,0.0,0.0
EXT_8D65AE043571,EXT_8D65AE043571,OPEN_TEXTILE_ANTI_WETTING_2019,SFC_D1ADE9B03D51,LIQ_6656B41AB7,0.0,prospective_open_external,no,,,PA_EXT_8D65AE043571,probe_assisted,EXT_2BFE763DBE7F;EXT_72A5665216D0,LIQ_0F4168490E;LIQ_1BD1B94C09,2,yes,yes,,19.73417315929798,0.0,75.72690328480888
EXT_C6C3DE3E198C,EXT_C6C3DE3E198C,OPEN_TEXTILE_ANTI_WETTING_2019,SFC_F4A35D2DD4C5,LIQ_0F4168490E,147.0,prospective_open_external,no,,,ZS_EXT_C6C3DE3E198C,zero_shot,,,0,no,no,zero_shot_not_applicable,0.0,0.0,0.0
EXT_C6C3DE3E198C,EXT_C6C3DE3E198C,OPEN_TEXTILE_ANTI_WETTING_2019,SFC_F4A35D2DD4C5,LIQ_0F4168490E,147.0,prospective_open_external,no,,,PA_EXT_C6C3DE3E198C,probe_assisted,EXT_08747D17F0BD;EXT_CB7F947E87F6,LIQ_1BD1B94C09;LIQ_6656B41AB7,2,yes,yes,,0.6951370729629662,0.02107627517409042,149.83386220015834
EXT_CB7F947E87F6,EXT_CB7F947E87F6,OPEN_TEXTILE_ANTI_WETTING_2019,SFC_F4A35D2DD4C5,LIQ_1BD1B94C09,143.0,prospective_open_external,no,,,ZS_EXT_CB7F947E87F6,zero_shot,,,0,no,no,zero_shot_not_applicable,0.0,0.0,0.0
EXT_CB7F947E87F6,EXT_CB7F947E87F6,OPEN_TEXTILE_ANTI_WETTING_2019,SFC_F4A35D2DD4C5,LIQ_1BD1B94C09,143.0,prospective_open_external,no,,,PA_EXT_CB7F947E87F6,probe_assisted,EXT_08747D17F0BD;EXT_C6C3DE3E198C,LIQ_0F4168490E;LIQ_6656B41AB7,2,yes,yes,,0.6951370729629666,0.076837898519718,141.1501074111485
EXT_08747D17F0BD,EXT_08747D17F0BD,OPEN_TEXTILE_ANTI_WETTING_2019,SFC_F4A35D2DD4C5,LIQ_6656B41AB7,140.0,prospective_open_external,no,,,ZS_EXT_08747D17F0BD,zero_shot,,,0,no,no,zero_shot_not_applicable,0.0,0.0,0.0
EXT_08747D17F0BD,EXT_08747D17F0BD,OPEN_TEXTILE_ANTI_WETTING_2019,SFC_F4A35D2DD4C5,LIQ_6656B41AB7,140.0,prospective_open_external,no,,,PA_EXT_08747D17F0BD,probe_assisted,EXT_C6C3DE3E198C;EXT_CB7F947E87F6,LIQ_0F4168490E;LIQ_1BD1B94C09,2,yes,yes,,0.44123387824241234,0.1505529298779954,144.44973169653494
EXT_8197A3621B99,EXT_8197A3621B99,OPEN_TEXTILE_ANTI_WETTING_2019,SFC_B6F1BA3CA55E,LIQ_0F4168490E,145.0,prospective_open_external,no,,,ZS_EXT_8197A3621B99,zero_shot,,,0,no,no,zero_shot_not_applicable,0.0,0.0,0.0
EXT_8197A3621B99,EXT_8197A3621B99,OPEN_TEXTILE_ANTI_WETTING_2019,SFC_B6F1BA3CA55E,LIQ_0F4168490E,145.0,prospective_open_external,no,,,PA_EXT_8197A3621B99,probe_assisted,EXT_0DF6420B4440;EXT_9C403EA34EBF,LIQ_1BD1B94C09;LIQ_6656B41AB7,2,yes,yes,,1.8735106682064444,0.0,145.53055469075883
EXT_9C403EA34EBF,EXT_9C403EA34EBF,OPEN_TEXTILE_ANTI_WETTING_2019,SFC_B6F1BA3CA55E,LIQ_1BD1B94C09,136.0,prospective_open_external,no,,,ZS_EXT_9C403EA34EBF,zero_shot,,,0,no,no,zero_shot_not_applicable,0.0,0.0,0.0
EXT_9C403EA34EBF,EXT_9C403EA34EBF,OPEN_TEXTILE_ANTI_WETTING_2019,SFC_B6F1BA3CA55E,LIQ_1BD1B94C09,136.0,prospective_open_external,no,,,PA_EXT_9C403EA34EBF,probe_assisted,EXT_0DF6420B4440;EXT_8197A3621B99,LIQ_0F4168490E;LIQ_6656B41AB7,2,yes,yes,,2.0058373539755237,0.0,134.0282064250642
EXT_0DF6420B4440,EXT_0DF6420B4440,OPEN_TEXTILE_ANTI_WETTING_2019,SFC_B6F1BA3CA55E,LIQ_6656B41AB7,127.0,prospective_open_external,no,,,ZS_EXT_0DF6420B4440,zero_shot,,,0,no,no,zero_shot_not_applicable,0.0,0.0,0.0
EXT_0DF6420B4440,EXT_0DF6420B4440,OPEN_TEXTILE_ANTI_WETTING_2019,SFC_B6F1BA3CA55E,LIQ_6656B41AB7,127.0,prospective_open_external,no,,,PA_EXT_0DF6420B4440,probe_assisted,EXT_8197A3621B99;EXT_9C403EA34EBF,LIQ_0F4168490E;LIQ_1BD1B94C09,2,yes,yes,,1.4734025259769379,0.01643050443695989,131.2532806209906
EXT_E6B7DB163BBF,EXT_E6B7DB163BBF,OPEN_TEXTILE_ANTI_WETTING_2019,SFC_ADC096AE0D75,LIQ_0F4168490E,129.0,prospective_open_external,no,,,ZS_EXT_E6B7DB163BBF,zero_shot,,,0,no,no,zero_shot_not_applicable,0.0,0.0,0.0
EXT_E6B7DB163BBF,EXT_E6B7DB163BBF,OPEN_TEXTILE_ANTI_WETTING_2019,SFC_ADC096AE0D75,LIQ_0F4168490E,129.0,prospective_open_external,no,,,PA_EXT_E6B7DB163BBF,probe_assisted,EXT_CE643B4A3F85;EXT_FE000B13E4CD,LIQ_1BD1B94C09;LIQ_6656B41AB7,2,yes,yes,,50.800000000000004,9.576944537904309,58.57456390413233
EXT_CE643B4A3F85,EXT_CE643B4A3F85,OPEN_TEXTILE_ANTI_WETTING_2019,SFC_ADC096AE0D75,LIQ_1BD1B94C09,0.0,prospective_open_external,no,,,ZS_EXT_CE643B4A3F85,zero_shot,,,0,no,no,zero_shot_not_applicable,0.0,0.0,0.0
EXT_CE643B4A3F85,EXT_CE643B4A3F85,OPEN_TEXTILE_ANTI_WETTING_2019,SFC_ADC096AE0D75,LIQ_1BD1B94C09,0.0,prospective_open_external,no,,,PA_EXT_CE643B4A3F85,probe_assisted,EXT_E6B7DB163BBF;EXT_FE000B13E4CD,LIQ_0F4168490E;LIQ_6656B41AB7,2,yes,yes,,34.28066209914935,0.0,74.88027411477913
EXT_FE000B13E4CD,EXT_FE000B13E4CD,OPEN_TEXTILE_ANTI_WETTING_2019,SFC_ADC096AE0D75,LIQ_6656B41AB7,0.0,prospective_open_external,no,,,ZS_EXT_FE000B13E4CD,zero_shot,,,0,no,no,zero_shot_not_applicable,0.0,0.0,0.0
EXT_FE000B13E4CD,EXT_FE000B13E4CD,OPEN_TEXTILE_ANTI_WETTING_2019,SFC_ADC096AE0D75,LIQ_6656B41AB7,0.0,prospective_open_external,no,,,PA_EXT_FE000B13E4CD,probe_assisted,EXT_CE643B4A3F85;EXT_E6B7DB163BBF,LIQ_0F4168490E;LIQ_1BD1B94C09,2,yes,yes,,48.90980391315584,0.0,15.753489543639056
EXT_80DEF70D19C2,EXT_80DEF70D19C2,OPEN_TEXTILE_ANTI_WETTING_2019,SFC_7E09C519A040,LIQ_0F4168490E,156.0,prospective_open_external,no,,,ZS_EXT_80DEF70D19C2,zero_shot,,,0,no,no,zero_shot_not_applicable,0.0,0.0,0.0
EXT_80DEF70D19C2,EXT_80DEF70D19C2,OPEN_TEXTILE_ANTI_WETTING_2019,SFC_7E09C519A040,LIQ_0F4168490E,156.0,prospective_open_external,no,,,PA_EXT_80DEF70D19C2,probe_assisted,EXT_5361E028DB1F;EXT_9AB928688B6A,LIQ_1BD1B94C09;LIQ_6656B41AB7,2,yes,yes,,0.22795474387525805,0.042974605103258616,153.90764830630687
EXT_9AB928688B6A,EXT_9AB928688B6A,OPEN_TEXTILE_ANTI_WETTING_2019,SFC_7E09C519A040,LIQ_1BD1B94C09,150.0,prospective_open_external,no,,,ZS_EXT_9AB928688B6A,zero_shot,,,0,no,no,zero_shot_not_applicable,0.0,0.0,0.0
EXT_9AB928688B6A,EXT_9AB928688B6A,OPEN_TEXTILE_ANTI_WETTING_2019,SFC_7E09C519A040,LIQ_1BD1B94C09,150.0,prospective_open_external,no,,,PA_EXT_9AB928688B6A,probe_assisted,EXT_5361E028DB1F;EXT_80DEF70D19C2,LIQ_0F4168490E;LIQ_6656B41AB7,2,yes,yes,,0.22795474387525827,0.016514181525286612,151.386352789681
EXT_5361E028DB1F,EXT_5361E028DB1F,OPEN_TEXTILE_ANTI_WETTING_2019,SFC_7E09C519A040,LIQ_6656B41AB7,150.0,prospective_open_external,no,,,ZS_EXT_5361E028DB1F,zero_shot,,,0,no,no,zero_shot_not_applicable,0.0,0.0,0.0
EXT_5361E028DB1F,EXT_5361E028DB1F,OPEN_TEXTILE_ANTI_WETTING_2019,SFC_7E09C519A040,LIQ_6656B41AB7,150.0,prospective_open_external,no,,,PA_EXT_5361E028DB1F,probe_assisted,EXT_80DEF70D19C2;EXT_9AB928688B6A,LIQ_0F4168490E;LIQ_1BD1B94C09,2,yes,yes,,0.3347876276809818,0.003889752154253759,146.89159325116253
EXT_3C536EB8B2E0,EXT_3C536EB8B2E0,OPEN_TEXTILE_ANTI_WETTING_2019,SFC_FE1BCA204FFA,LIQ_0F4168490E,151.0,prospective_open_external,no,,,ZS_EXT_3C536EB8B2E0,zero_shot,,,0,no,no,zero_shot_not_applicable,0.0,0.0,0.0
EXT_3C536EB8B2E0,EXT_3C536EB8B2E0,OPEN_TEXTILE_ANTI_WETTING_2019,SFC_FE1BCA204FFA,LIQ_0F4168490E,151.0,prospective_open_external,no,,,PA_EXT_3C536EB8B2E0,probe_assisted,EXT_E53A49812943;EXT_EE607E307472,LIQ_1BD1B94C09;LIQ_6656B41AB7,2,yes,yes,,0.6951370729629663,7.532584379839864e-05,153.04361261097688
EXT_E53A49812943,EXT_E53A49812943,OPEN_TEXTILE_ANTI_WETTING_2019,SFC_FE1BCA204FFA,LIQ_1BD1B94C09,145.0,prospective_open_external,no,,,ZS_EXT_E53A49812943,zero_shot,,,0,no,no,zero_shot_not_applicable,0.0,0.0,0.0
EXT_E53A49812943,EXT_E53A49812943,OPEN_TEXTILE_ANTI_WETTING_2019,SFC_FE1BCA204FFA,LIQ_1BD1B94C09,145.0,prospective_open_external,no,,,PA_EXT_E53A49812943,probe_assisted,EXT_3C536EB8B2E0;EXT_EE607E307472,LIQ_0F4168490E;LIQ_6656B41AB7,2,yes,yes,,0.6951370729629669,0.008829051822135303,143.73921405818956
EXT_EE607E307472,EXT_EE607E307472,OPEN_TEXTILE_ANTI_WETTING_2019,SFC_FE1BCA204FFA,LIQ_6656B41AB7,140.0,prospective_open_external,no,,,ZS_EXT_EE607E307472,zero_shot,,,0,no,no,zero_shot_not_applicable,0.0,0.0,0.0
EXT_EE607E307472,EXT_EE607E307472,OPEN_TEXTILE_ANTI_WETTING_2019,SFC_FE1BCA204FFA,LIQ_6656B41AB7,140.0,prospective_open_external,no,,,PA_EXT_EE607E307472,probe_assisted,EXT_3C536EB8B2E0;EXT_E53A49812943,LIQ_0F4168490E;LIQ_1BD1B94C09,2,yes,yes,,0.5245473790269859,0.027406424868201454,142.8226386526137
EXT_618188348392,EXT_618188348392,OPEN_PLA_FILMS_2021,SFC_01B9AA1C0B74,LIQ_0F4168490E,113.0,prospective_open_external,no,,,ZS_EXT_618188348392,zero_shot,,,0,no,no,zero_shot_not_applicable,0.0,0.0,0.0
EXT_618188348392,EXT_618188348392,OPEN_PLA_FILMS_2021,SFC_01B9AA1C0B74,LIQ_0F4168490E,113.0,prospective_open_external,no,,,PA_EXT_618188348392,probe_assisted,EXT_264C8AB42663;EXT_4299E75704B2,LIQ_1BD1B94C09;LIQ_6656B41AB7,2,yes,yes,,15.984103460638162,0.4801275271651883,110.56245828080863
EXT_069D7AE7FCAD,EXT_069D7AE7FCAD,OPEN_PLA_FILMS_2021,SFC_B1D8AACA85B5,LIQ_0F4168490E,76.0,prospective_open_external,no,,,ZS_EXT_069D7AE7FCAD,zero_shot,,,0,no,no,zero_shot_not_applicable,0.0,0.0,0.0
EXT_069D7AE7FCAD,EXT_069D7AE7FCAD,OPEN_PLA_FILMS_2021,SFC_B1D8AACA85B5,LIQ_0F4168490E,76.0,prospective_open_external,no,,,PA_EXT_069D7AE7FCAD,probe_assisted,EXT_0C90915034B7;EXT_C0A69AE67463,LIQ_1BD1B94C09;LIQ_6656B41AB7,2,yes,yes,,35.38216165976539,1.0971377350994946,91.80560234603696
EXT_8935C7528E56,EXT_8935C7528E56,OPEN_PLA_FILMS_2021,SFC_662849118DF0,LIQ_0F4168490E,64.0,prospective_open_external,no,,,ZS_EXT_8935C7528E56,zero_shot,,,0,no,no,zero_shot_not_applicable,0.0,0.0,0.0
EXT_8935C7528E56,EXT_8935C7528E56,OPEN_PLA_FILMS_2021,SFC_662849118DF0,LIQ_0F4168490E,64.0,prospective_open_external,no,,,PA_EXT_8935C7528E56,probe_assisted,EXT_197AF6112F5C;EXT_59A1C74C7C24,LIQ_1BD1B94C09;LIQ_6656B41AB7,2,yes,yes,,35.929804737312274,3.9038041259348177,80.99552199533827
EXT_C98B044A6F7F,EXT_C98B044A6F7F,OPEN_PLA_FILMS_2021,SFC_29A9F5906DC4,LIQ_0F4168490E,74.0,prospective_open_external,no,,,ZS_EXT_C98B044A6F7F,zero_shot,,,0,no,no,zero_shot_not_applicable,0.0,0.0,0.0
EXT_C98B044A6F7F,EXT_C98B044A6F7F,OPEN_PLA_FILMS_2021,SFC_29A9F5906DC4,LIQ_0F4168490E,74.0,prospective_open_external,no,,,PA_EXT_C98B044A6F7F,probe_assisted,EXT_28942280B8C6;EXT_F7284554E363,LIQ_1BD1B94C09;LIQ_6656B41AB7,2,yes,yes,,36.47271080559766,1.761263235626932,87.99237508552132
EXT_4299E75704B2,EXT_4299E75704B2,OPEN_PLA_FILMS_2021,SFC_01B9AA1C0B74,LIQ_1BD1B94C09,92.0,prospective_open_external,no,,,ZS_EXT_4299E75704B2,zero_shot,,,0,no,no,zero_shot_not_applicable,0.0,0.0,0.0
EXT_4299E75704B2,EXT_4299E75704B2,OPEN_PLA_FILMS_2021,SFC_01B9AA1C0B74,LIQ_1BD1B94C09,92.0,prospective_open_external,no,,,PA_EXT_4299E75704B2,probe_assisted,EXT_264C8AB42663;EXT_618188348392,LIQ_0F4168490E;LIQ_6656B41AB7,2,yes,yes,,15.984103460638172,0.2416365107909671,93.73623112426466
EXT_C0A69AE67463,EXT_C0A69AE67463,OPEN_PLA_FILMS_2021,SFC_B1D8AACA85B5,LIQ_1BD1B94C09,64.0,prospective_open_external,no,,,ZS_EXT_C0A69AE67463,zero_shot,,,0,no,no,zero_shot_not_applicable,0.0,0.0,0.0
EXT_C0A69AE67463,EXT_C0A69AE67463,OPEN_PLA_FILMS_2021,SFC_B1D8AACA85B5,LIQ_1BD1B94C09,64.0,prospective_open_external,no,,,PA_EXT_C0A69AE67463,probe_assisted,EXT_069D7AE7FCAD;EXT_0C90915034B7,LIQ_0F4168490E;LIQ_6656B41AB7,2,yes,yes,,35.38216165976543,5.959083636311379,49.62024230895628
EXT_59A1C74C7C24,EXT_59A1C74C7C24,OPEN_PLA_FILMS_2021,SFC_662849118DF0,LIQ_1BD1B94C09,54.0,prospective_open_external,no,,,ZS_EXT_59A1C74C7C24,zero_shot,,,0,no,no,zero_shot_not_applicable,0.0,0.0,0.0
EXT_59A1C74C7C24,EXT_59A1C74C7C24,OPEN_PLA_FILMS_2021,SFC_662849118DF0,LIQ_1BD1B94C09,54.0,prospective_open_external,no,,,PA_EXT_59A1C74C7C24,probe_assisted,EXT_197AF6112F5C;EXT_8935C7528E56,LIQ_0F4168490E;LIQ_6656B41AB7,2,yes,yes,,35.929804737312296,11.64480127787324,36.51293080655584
EXT_28942280B8C6,EXT_28942280B8C6,OPEN_PLA_FILMS_2021,SFC_29A9F5906DC4,LIQ_1BD1B94C09,60.0,prospective_open_external,no,,,ZS_EXT_28942280B8C6,zero_shot,,,0,no,no,zero_shot_not_applicable,0.0,0.0,0.0
EXT_28942280B8C6,EXT_28942280B8C6,OPEN_PLA_FILMS_2021,SFC_29A9F5906DC4,LIQ_1BD1B94C09,60.0,prospective_open_external,no,,,PA_EXT_28942280B8C6,probe_assisted,EXT_C98B044A6F7F;EXT_F7284554E363,LIQ_0F4168490E;LIQ_6656B41AB7,2,yes,yes,,36.47271080559768,6.520329557164074,46.81694601371442
EXT_264C8AB42663,EXT_264C8AB42663,OPEN_PLA_FILMS_2021,SFC_01B9AA1C0B74,LIQ_6656B41AB7,83.0,prospective_open_external,no,,,ZS_EXT_264C8AB42663,zero_shot,,,0,no,no,zero_shot_not_applicable,0.0,0.0,0.0
EXT_264C8AB42663,EXT_264C8AB42663,OPEN_PLA_FILMS_2021,SFC_01B9AA1C0B74,LIQ_6656B41AB7,83.0,prospective_open_external,no,,,PA_EXT_264C8AB42663,probe_assisted,EXT_4299E75704B2;EXT_618188348392,LIQ_0F4168490E;LIQ_1BD1B94C09,2,yes,yes,,18.11790298894791,0.10404390813378565,78.78995355639954
EXT_0C90915034B7,EXT_0C90915034B7,OPEN_PLA_FILMS_2021,SFC_B1D8AACA85B5,LIQ_6656B41AB7,48.0,prospective_open_external,no,,,ZS_EXT_0C90915034B7,zero_shot,,,0,no,no,zero_shot_not_applicable,0.0,0.0,0.0
EXT_0C90915034B7,EXT_0C90915034B7,OPEN_PLA_FILMS_2021,SFC_B1D8AACA85B5,LIQ_6656B41AB7,48.0,prospective_open_external,no,,,PA_EXT_0C90915034B7,probe_assisted,EXT_069D7AE7FCAD;EXT_C0A69AE67463,LIQ_0F4168490E;LIQ_1BD1B94C09,2,yes,yes,,17.29733056862449,13.038981815911214,80.38393419527856
EXT_197AF6112F5C,EXT_197AF6112F5C,OPEN_PLA_FILMS_2021,SFC_662849118DF0,LIQ_6656B41AB7,47.0,prospective_open_external,no,,,ZS_EXT_197AF6112F5C,zero_shot,,,0,no,no,zero_shot_not_applicable,0.0,0.0,0.0
EXT_197AF6112F5C,EXT_197AF6112F5C,OPEN_PLA_FILMS_2021,SFC_662849118DF0,LIQ_6656B41AB7,47.0,prospective_open_external,no,,,PA_EXT_197AF6112F5C,probe_assisted,EXT_59A1C74C7C24;EXT_8935C7528E56,LIQ_0F4168490E;LIQ_1BD1B94C09,2,yes,yes,,17.220044524798073,21.329066187913455,80.53558224523735
EXT_F7284554E363,EXT_F7284554E363,OPEN_PLA_FILMS_2021,SFC_29A9F5906DC4,LIQ_6656B41AB7,46.0,prospective_open_external,no,,,ZS_EXT_F7284554E363,zero_shot,,,0,no,no,zero_shot_not_applicable,0.0,0.0,0.0
EXT_F7284554E363,EXT_F7284554E363,OPEN_PLA_FILMS_2021,SFC_29A9F5906DC4,LIQ_6656B41AB7,46.0,prospective_open_external,no,,,PA_EXT_F7284554E363,probe_assisted,EXT_28942280B8C6;EXT_C98B044A6F7F,LIQ_0F4168490E;LIQ_1BD1B94C09,2,yes,yes,,19.934299621771864,12.837059660997717,75.35385154164516
EXT_832E508A7F45,EXT_832E508A7F45,OPEN_PLA_FILMS_2021,SFC_4640D599C795,LIQ_0F4168490E,43.0,prospective_open_external,no,,,ZS_EXT_832E508A7F45,zero_shot,,,0,no,no,zero_shot_not_applicable,0.0,0.0,0.0
EXT_832E508A7F45,EXT_832E508A7F45,OPEN_PLA_FILMS_2021,SFC_4640D599C795,LIQ_0F4168490E,43.0,prospective_open_external,no,,,PA_EXT_832E508A7F45,probe_assisted,EXT_2EB8A593D55E;EXT_45CE8585FF60,LIQ_1BD1B94C09;LIQ_6656B41AB7,2,yes,yes,,35.38216165976541,17.714038367238423,53.9331500375276
EXT_263F0D060209,EXT_263F0D060209,OPEN_PLA_FILMS_2021,SFC_869B011AB104,LIQ_0F4168490E,74.0,prospective_open_external,no,,,ZS_EXT_263F0D060209,zero_shot,,,0,no,no,zero_shot_not_applicable,0.0,0.0,0.0
EXT_263F0D060209,EXT_263F0D060209,OPEN_PLA_FILMS_2021,SFC_869B011AB104,LIQ_0F4168490E,74.0,prospective_open_external,no,,,PA_EXT_263F0D060209,probe_assisted,EXT_A9A71A63993D;EXT_B488569FF3A6,LIQ_1BD1B94C09;LIQ_6656B41AB7,2,yes,yes,,34.83015014526247,1.7452949500755495,89.0714802566235
EXT_4511C3A71669,EXT_4511C3A71669,OPEN_PLA_FILMS_2021,SFC_52F0F5BD3D6C,LIQ_0F4168490E,71.0,prospective_open_external,no,,,ZS_EXT_4511C3A71669,zero_shot,,,0,no,no,zero_shot_not_applicable,0.0,0.0,0.0
EXT_4511C3A71669,EXT_4511C3A71669,OPEN_PLA_FILMS_2021,SFC_52F0F5BD3D6C,LIQ_0F4168490E,71.0,prospective_open_external,no,,,PA_EXT_4511C3A71669,probe_assisted,EXT_489544822E64;EXT_B078FBEC9CEC,LIQ_1BD1B94C09;LIQ_6656B41AB7,2,yes,yes,,37.0105122421383,4.13337395810601,79.67542178643417
EXT_8BBA4B544E54,EXT_8BBA4B544E54,OPEN_PLA_FILMS_2021,SFC_8864A171D8DB,LIQ_0F4168490E,74.0,prospective_open_external,no,,,ZS_EXT_8BBA4B544E54,zero_shot,,,0,no,no,zero_shot_not_applicable,0.0,0.0,0.0
EXT_8BBA4B544E54,EXT_8BBA4B544E54,OPEN_PLA_FILMS_2021,SFC_8864A171D8DB,LIQ_0F4168490E,74.0,prospective_open_external,no,,,PA_EXT_8BBA4B544E54,probe_assisted,EXT_57487A07628B;EXT_5C43DD51F487,LIQ_1BD1B94C09;LIQ_6656B41AB7,2,yes,yes,,36.472710805597664,2.961633275100568,83.55231166117163
EXT_2EB8A593D55E,EXT_2EB8A593D55E,OPEN_PLA_FILMS_2021,SFC_4640D599C795,LIQ_1BD1B94C09,24.0,prospective_open_external,no,,,ZS_EXT_2EB8A593D55E,zero_shot,,,0,no,no,zero_shot_not_applicable,0.0,0.0,0.0
EXT_2EB8A593D55E,EXT_2EB8A593D55E,OPEN_PLA_FILMS_2021,SFC_4640D599C795,LIQ_1BD1B94C09,24.0,prospective_open_external,no,,,PA_EXT_2EB8A593D55E,probe_assisted,EXT_45CE8585FF60;EXT_832E508A7F45,LIQ_0F4168490E;LIQ_6656B41AB7,2,yes,yes,,35.38216165976541,24.36179488527885,0.0
EXT_A9A71A63993D,EXT_A9A71A63993D,OPEN_PLA_FILMS_2021,SFC_869B011AB104,LIQ_1BD1B94C09,62.0,prospective_open_external,no,,,ZS_EXT_A9A71A63993D,zero_shot,,,0,no,no,zero_shot_not_applicable,0.0,0.0,0.0
EXT_A9A71A63993D,EXT_A9A71A63993D,OPEN_PLA_FILMS_2021,SFC_869B011AB104,LIQ_1BD1B94C09,62.0,prospective_open_external,no,,,PA_EXT_A9A71A63993D,probe_assisted,EXT_263F0D060209;EXT_B488569FF3A6,LIQ_0F4168490E;LIQ_6656B41AB7,2,yes,yes,,34.83015014526249,6.987710567941306,48.069622431009016
EXT_B078FBEC9CEC,EXT_B078FBEC9CEC,OPEN_PLA_FILMS_2021,SFC_52F0F5BD3D6C,LIQ_1BD1B94C09,52.0,prospective_open_external,no,,,ZS_EXT_B078FBEC9CEC,zero_shot,,,0,no,no,zero_shot_not_applicable,0.0,0.0,0.0
EXT_B078FBEC9CEC,EXT_B078FBEC9CEC,OPEN_PLA_FILMS_2021,SFC_52F0F5BD3D6C,LIQ_1BD1B94C09,52.0,prospective_open_external,no,,,PA_EXT_B078FBEC9CEC,probe_assisted,EXT_4511C3A71669;EXT_489544822E64,LIQ_0F4168490E;LIQ_6656B41AB7,2,yes,yes,,37.010512242138326,7.722773104253106,43.2995601081668
EXT_57487A07628B,EXT_57487A07628B,OPEN_PLA_FILMS_2021,SFC_8864A171D8DB,LIQ_1BD1B94C09,56.0,prospective_open_external,no,,,ZS_EXT_57487A07628B,zero_shot,,,0,no,no,zero_shot_not_applicable,0.0,0.0,0.0
EXT_57487A07628B,EXT_57487A07628B,OPEN_PLA_FILMS_2021,SFC_8864A171D8DB,LIQ_1BD1B94C09,56.0,prospective_open_external,no,,,PA_EXT_57487A07628B,probe_assisted,EXT_5C43DD51F487;EXT_8BBA4B544E54,LIQ_0F4168490E;LIQ_6656B41AB7,2,yes,yes,,36.472710805597664,6.520329557164077,46.81694601371444
EXT_45CE8585FF60,EXT_45CE8585FF60,OPEN_PLA_FILMS_2021,SFC_4640D599C795,LIQ_6656B41AB7,48.0,prospective_open_external,no,,,ZS_EXT_45CE8585FF60,zero_shot,,,0,no,no,zero_shot_not_applicable,0.0,0.0,0.0
EXT_45CE8585FF60,EXT_45CE8585FF60,OPEN_PLA_FILMS_2021,SFC_4640D599C795,LIQ_6656B41AB7,48.0,prospective_open_external,no,,,PA_EXT_45CE8585FF60,probe_assisted,EXT_2EB8A593D55E;EXT_832E508A7F45,LIQ_0F4168490E;LIQ_1BD1B94C09,2,yes,yes,,25.149983748249873,30.757734248870428,65.9686658807046
EXT_B488569FF3A6,EXT_B488569FF3A6,OPEN_PLA_FILMS_2021,SFC_869B011AB104,LIQ_6656B41AB7,49.0,prospective_open_external,no,,,ZS_EXT_B488569FF3A6,zero_shot,,,0,no,no,zero_shot_not_applicable,0.0,0.0,0.0
EXT_B488569FF3A6,EXT_B488569FF3A6,OPEN_PLA_FILMS_2021,SFC_869B011AB104,LIQ_6656B41AB7,49.0,prospective_open_external,no,,,PA_EXT_B488569FF3A6,probe_assisted,EXT_263F0D060209;EXT_A9A71A63993D,LIQ_0F4168490E;LIQ_1BD1B94C09,2,yes,yes,,17.673815121957475,14.087778282415908,79.64902478322053
EXT_489544822E64,EXT_489544822E64,OPEN_PLA_FILMS_2021,SFC_52F0F5BD3D6C,LIQ_6656B41AB7,45.0,prospective_open_external,no,,,ZS_EXT_489544822E64,zero_shot,,,0,no,no,zero_shot_not_applicable,0.0,0.0,0.0
EXT_489544822E64,EXT_489544822E64,OPEN_PLA_FILMS_2021,SFC_52F0F5BD3D6C,LIQ_6656B41AB7,45.0,prospective_open_external,no,,,PA_EXT_489544822E64,probe_assisted,EXT_4511C3A71669;EXT_B078FBEC9CEC,LIQ_0F4168490E;LIQ_1BD1B94C09,2,yes,yes,,26.27562502284021,11.59468903475487,63.999217850130066
EXT_5C43DD51F487,EXT_5C43DD51F487,OPEN_PLA_FILMS_2021,SFC_8864A171D8DB,LIQ_6656B41AB7,46.0,prospective_open_external,no,,,ZS_EXT_5C43DD51F487,zero_shot,,,0,no,no,zero_shot_not_applicable,0.0,0.0,0.0
EXT_5C43DD51F487,EXT_5C43DD51F487,OPEN_PLA_FILMS_2021,SFC_8864A171D8DB,LIQ_6656B41AB7,46.0,prospective_open_external,no,,,PA_EXT_5C43DD51F487,probe_assisted,EXT_57487A07628B;EXT_8BBA4B544E54,LIQ_0F4168490E;LIQ_1BD1B94C09,2,yes,yes,,24.704722698625027,10.577612757805348,66.75126686095271
EXT_0780FA855EA7,EXT_0780FA855EA7,OPEN_PLA_FILMS_2021,SFC_CA0DF2A414ED,LIQ_0F4168490E,74.0,prospective_open_external,no,,,ZS_EXT_0780FA855EA7,zero_shot,,,0,no,no,zero_shot_not_applicable,0.0,0.0,0.0
EXT_0780FA855EA7,EXT_0780FA855EA7,OPEN_PLA_FILMS_2021,SFC_CA0DF2A414ED,LIQ_0F4168490E,74.0,prospective_open_external,no,,,PA_EXT_0780FA855EA7,probe_assisted,EXT_874FDB205BEC;EXT_A399484607B3,LIQ_1BD1B94C09;LIQ_6656B41AB7,2,yes,yes,,32.01748749394791,11.641742699684473,66.72051210750223
EXT_F2DE1724D72F,EXT_F2DE1724D72F,OPEN_PLA_FILMS_2021,SFC_0FBA62725BE6,LIQ_0F4168490E,76.0,prospective_open_external,no,,,ZS_EXT_F2DE1724D72F,zero_shot,,,0,no,no,zero_shot_not_applicable,0.0,0.0,0.0
EXT_F2DE1724D72F,EXT_F2DE1724D72F,OPEN_PLA_FILMS_2021,SFC_0FBA62725BE6,LIQ_0F4168490E,76.0,prospective_open_external,no,,,PA_EXT_F2DE1724D72F,probe_assisted,EXT_0325D9C2E6F8;EXT_1974721ED722,LIQ_1BD1B94C09;LIQ_6656B41AB7,2,yes,yes,,37.5428427326626,0.3371230571818454,95.74745613355505
EXT_5763DE0B39DD,EXT_5763DE0B39DD,OPEN_PLA_FILMS_2021,SFC_84FF6543987A,LIQ_0F4168490E,74.0,prospective_open_external,no,,,ZS_EXT_5763DE0B39DD,zero_shot,,,0,no,no,zero_shot_not_applicable,0.0,0.0,0.0
EXT_5763DE0B39DD,EXT_5763DE0B39DD,OPEN_PLA_FILMS_2021,SFC_84FF6543987A,LIQ_0F4168490E,74.0,prospective_open_external,no,,,PA_EXT_5763DE0B39DD,probe_assisted,EXT_28B169088998;EXT_2D1C9CE8FE08,LIQ_1BD1B94C09;LIQ_6656B41AB7,2,yes,yes,,35.929804737312296,1.6659116589482705,88.73370325961399
EXT_62C7119859BF,EXT_62C7119859BF,OPEN_PLA_FILMS_2021,SFC_91B74A694C1A,LIQ_0F4168490E,74.0,prospective_open_external,no,,,ZS_EXT_62C7119859BF,zero_shot,,,0,no,no,zero_shot_not_applicable,0.0,0.0,0.0
EXT_62C7119859BF,EXT_62C7119859BF,OPEN_PLA_FILMS_2021,SFC_91B74A694C1A,LIQ_0F4168490E,74.0,prospective_open_external,no,,,PA_EXT_62C7119859BF,probe_assisted,EXT_C0610F416EF7;EXT_CFE40CFC3BA1,LIQ_1BD1B94C09;LIQ_6656B41AB7,2,yes,yes,,35.929804737312296,2.2255078546886677,86.47087238355216
EXT_874FDB205BEC,EXT_874FDB205BEC,OPEN_PLA_FILMS_2021,SFC_CA0DF2A414ED,LIQ_1BD1B94C09,43.0,prospective_open_external,no,,,ZS_EXT_874FDB205BEC,zero_shot,,,0,no,no,zero_shot_not_applicable,0.0,0.0,0.0
EXT_874FDB205BEC,EXT_874FDB205BEC,OPEN_PLA_FILMS_2021,SFC_CA0DF2A414ED,LIQ_1BD1B94C09,43.0,prospective_open_external,no,,,PA_EXT_874FDB205BEC,probe_assisted,EXT_0780FA855EA7;EXT_A399484607B3,LIQ_0F4168490E;LIQ_6656B41AB7,2,yes,yes,,32.01748749394793,7.85401585130702,50.22741946431405
EXT_1974721ED722,EXT_1974721ED722,OPEN_PLA_FILMS_2021,SFC_0FBA62725BE6,LIQ_1BD1B94C09,66.0,prospective_open_external,no,,,ZS_EXT_1974721ED722,zero_shot,,,0,no,no,zero_shot_not_applicable,0.0,0.0,0.0
EXT_1974721ED722,EXT_1974721ED722,OPEN_PLA_FILMS_2021,SFC_0FBA62725BE6,LIQ_1BD1B94C09,66.0,prospective_open_external,no,,,PA_EXT_1974721ED722,probe_assisted,EXT_0325D9C2E6F8;EXT_F2DE1724D72F,LIQ_0F4168490E;LIQ_6656B41AB7,2,yes,yes,,37.54284273266264,5.401621868114432,48.02555734099248
EXT_28B169088998,EXT_28B169088998,OPEN_PLA_FILMS_2021,SFC_84FF6543987A,LIQ_1BD1B94C09,61.0,prospective_open_external,no,,,ZS_EXT_28B169088998,zero_shot,,,0,no,no,zero_shot_not_applicable,0.0,0.0,0.0
EXT_28B169088998,EXT_28B169088998,OPEN_PLA_FILMS_2021,SFC_84FF6543987A,LIQ_1BD1B94C09,61.0,prospective_open_external,no,,,PA_EXT_28B169088998,probe_assisted,EXT_2D1C9CE8FE08;EXT_5763DE0B39DD,LIQ_0F4168490E;LIQ_6656B41AB7,2,yes,yes,,35.929804737312296,6.671840864270406,47.230589825557814
EXT_C0610F416EF7,EXT_C0610F416EF7,OPEN_PLA_FILMS_2021,SFC_91B74A694C1A,LIQ_1BD1B94C09,59.0,prospective_open_external,no,,,ZS_EXT_C0610F416EF7,zero_shot,,,0,no,no,zero_shot_not_applicable,0.0,0.0,0.0
EXT_C0610F416EF7,EXT_C0610F416EF7,OPEN_PLA_FILMS_2021,SFC_91B74A694C1A,LIQ_1BD1B94C09,59.0,prospective_open_external,no,,,PA_EXT_C0610F416EF7,probe_assisted,EXT_62C7119859BF;EXT_CFE40CFC3BA1,LIQ_0F4168490E;LIQ_6656B41AB7,2,yes,yes,,35.9298047373123,6.671840864270403,47.23058982555779
EXT_A399484607B3,EXT_A399484607B3,OPEN_PLA_FILMS_2021,SFC_CA0DF2A414ED,LIQ_6656B41AB7,54.0,prospective_open_external,no,,,ZS_EXT_A399484607B3,zero_shot,,,0,no,no,zero_shot_not_applicable,0.0,0.0,0.0
EXT_A399484607B3,EXT_A399484607B3,OPEN_PLA_FILMS_2021,SFC_CA0DF2A414ED,LIQ_6656B41AB7,54.0,prospective_open_external,no,,,PA_EXT_A399484607B3,probe_assisted,EXT_0780FA855EA7;EXT_874FDB205BEC,LIQ_0F4168490E;LIQ_1BD1B94C09,2,yes,yes,,41.48529104861165,5.2482233608125135,36.16098781752666
EXT_0325D9C2E6F8,EXT_0325D9C2E6F8,OPEN_PLA_FILMS_2021,SFC_0FBA62725BE6,LIQ_6656B41AB7,44.0,prospective_open_external,no,,,ZS_EXT_0325D9C2E6F8,zero_shot,,,0,no,no,zero_shot_not_applicable,0.0,0.0,0.0
EXT_0325D9C2E6F8,EXT_0325D9C2E6F8,OPEN_PLA_FILMS_2021,SFC_0FBA62725BE6,LIQ_6656B41AB7,44.0,prospective_open_external,no,,,PA_EXT_0325D9C2E6F8,probe_assisted,EXT_1974721ED722;EXT_F2DE1724D72F,LIQ_0F4168490E;LIQ_1BD1B94C09,2,yes,yes,,15.12274765318314,14.346023378695017,84.7660334598161
EXT_2D1C9CE8FE08,EXT_2D1C9CE8FE08,OPEN_PLA_FILMS_2021,SFC_84FF6543987A,LIQ_6656B41AB7,47.0,prospective_open_external,no,,,ZS_EXT_2D1C9CE8FE08,zero_shot,,,0,no,no,zero_shot_not_applicable,0.0,0.0,0.0
EXT_2D1C9CE8FE08,EXT_2D1C9CE8FE08,OPEN_PLA_FILMS_2021,SFC_84FF6543987A,LIQ_6656B41AB7,47.0,prospective_open_external,no,,,PA_EXT_2D1C9CE8FE08,probe_assisted,EXT_28B169088998;EXT_5763DE0B39DD,LIQ_0F4168490E;LIQ_1BD1B94C09,2,yes,yes,,18.792526146683894,13.452127785271339,77.49997264797418
EXT_CFE40CFC3BA1,EXT_CFE40CFC3BA1,OPEN_PLA_FILMS_2021,SFC_91B74A694C1A,LIQ_6656B41AB7,47.0,prospective_open_external,no,,,ZS_EXT_CFE40CFC3BA1,zero_shot,,,0,no,no,zero_shot_not_applicable,0.0,0.0,0.0
EXT_CFE40CFC3BA1,EXT_CFE40CFC3BA1,OPEN_PLA_FILMS_2021,SFC_91B74A694C1A,LIQ_6656B41AB7,47.0,prospective_open_external,no,,,PA_EXT_CFE40CFC3BA1,probe_assisted,EXT_62C7119859BF;EXT_C0610F416EF7,LIQ_0F4168490E;LIQ_1BD1B94C09,2,yes,yes,,21.097790472381906,12.242334977170493,73.20834912687926
EXT_20E924898243,EXT_20E924898243,OPEN_PLA_FILMS_2021,SFC_46B777D53533,LIQ_0F4168490E,113.0,prospective_open_external,no,,,ZS_EXT_20E924898243,zero_shot,,,0,no,no,zero_shot_not_applicable,0.0,0.0,0.0
EXT_20E924898243,EXT_20E924898243,OPEN_PLA_FILMS_2021,SFC_46B777D53533,LIQ_0F4168490E,113.0,prospective_open_external,no,,,PA_EXT_20E924898243,probe_assisted,EXT_BB5D89275AD2;EXT_DA1010942764,LIQ_1BD1B94C09;LIQ_6656B41AB7,2,yes,yes,,15.706307978971342,0.0,119.44900515964154
EXT_D5A2B07B71FE,EXT_D5A2B07B71FE,OPEN_PLA_FILMS_2021,SFC_2171EA47DB00,LIQ_0F4168490E,106.0,prospective_open_external,no,,,ZS_EXT_D5A2B07B71FE,zero_shot,,,0,no,no,zero_shot_not_applicable,0.0,0.0,0.0
EXT_D5A2B07B71FE,EXT_D5A2B07B71FE,OPEN_PLA_FILMS_2021,SFC_2171EA47DB00,LIQ_0F4168490E,106.0,prospective_open_external,no,,,PA_EXT_D5A2B07B71FE,probe_assisted,EXT_57AAA740DBD8;EXT_E8E1679EDB31,LIQ_1BD1B94C09;LIQ_6656B41AB7,2,yes,yes,,28.26402569527207,0.0,108.54585994969136
EXT_FCDB7AFFCD9B,EXT_FCDB7AFFCD9B,OPEN_PLA_FILMS_2021,SFC_C73C8C6483E4,LIQ_0F4168490E,111.0,prospective_open_external,no,,,ZS_EXT_FCDB7AFFCD9B,zero_shot,,,0,no,no,zero_shot_not_applicable,0.0,0.0,0.0
EXT_FCDB7AFFCD9B,EXT_FCDB7AFFCD9B,OPEN_PLA_FILMS_2021,SFC_C73C8C6483E4,LIQ_0F4168490E,111.0,prospective_open_external,no,,,PA_EXT_FCDB7AFFCD9B,probe_assisted,EXT_6FAB73084CB3;EXT_882D286A650A,LIQ_1BD1B94C09;LIQ_6656B41AB7,2,yes,yes,,25.707295007038333,0.0,110.46518471492534
EXT_F0D8FCD36A83,EXT_F0D8FCD36A83,OPEN_PLA_FILMS_2021,SFC_B93E7618C45A,LIQ_0F4168490E,108.0,prospective_open_external,no,,,ZS_EXT_F0D8FCD36A83,zero_shot,,,0,no,no,zero_shot_not_applicable,0.0,0.0,0.0
EXT_F0D8FCD36A83,EXT_F0D8FCD36A83,OPEN_PLA_FILMS_2021,SFC_B93E7618C45A,LIQ_0F4168490E,108.0,prospective_open_external,no,,,PA_EXT_F0D8FCD36A83,probe_assisted,EXT_793B32E71A38;EXT_E31EC66D808C,LIQ_1BD1B94C09;LIQ_6656B41AB7,2,yes,yes,,25.842282124065484,0.0,110.36093346947264
EXT_DA1010942764,EXT_DA1010942764,OPEN_PLA_FILMS_2021,SFC_46B777D53533,LIQ_1BD1B94C09,100.0,prospective_open_external,no,,,ZS_EXT_DA1010942764,zero_shot,,,0,no,no,zero_shot_not_applicable,0.0,0.0,0.0
EXT_DA1010942764,EXT_DA1010942764,OPEN_PLA_FILMS_2021,SFC_46B777D53533,LIQ_1BD1B94C09,100.0,prospective_open_external,no,,,PA_EXT_DA1010942764,probe_assisted,EXT_20E924898243;EXT_BB5D89275AD2,LIQ_0F4168490E;LIQ_6656B41AB7,2,yes,yes,,16.480984995177355,0.2036253213146129,93.32179977581055
EXT_57AAA740DBD8,EXT_57AAA740DBD8,OPEN_PLA_FILMS_2021,SFC_2171EA47DB00,LIQ_1BD1B94C09,88.0,prospective_open_external,no,,,ZS_EXT_57AAA740DBD8,zero_shot,,,0,no,no,zero_shot_not_applicable,0.0,0.0,0.0
EXT_57AAA740DBD8,EXT_57AAA740DBD8,OPEN_PLA_FILMS_2021,SFC_2171EA47DB00,LIQ_1BD1B94C09,88.0,prospective_open_external,no,,,PA_EXT_57AAA740DBD8,probe_assisted,EXT_D5A2B07B71FE;EXT_E8E1679EDB31,LIQ_0F4168490E;LIQ_6656B41AB7,2,yes,yes,,32.37616793803422,0.0,76.9787178792405
EXT_6FAB73084CB3,EXT_6FAB73084CB3,OPEN_PLA_FILMS_2021,SFC_C73C8C6483E4,LIQ_1BD1B94C09,95.0,prospective_open_external,no,,,ZS_EXT_6FAB73084CB3,zero_shot,,,0,no,no,zero_shot_not_applicable,0.0,0.0,0.0
EXT_6FAB73084CB3,EXT_6FAB73084CB3,OPEN_PLA_FILMS_2021,SFC_C73C8C6483E4,LIQ_1BD1B94C09,95.0,prospective_open_external,no,,,PA_EXT_6FAB73084CB3,probe_assisted,EXT_882D286A650A;EXT_FCDB7AFFCD9B,LIQ_0F4168490E;LIQ_6656B41AB7,2,yes,yes,,30.209724789433995,0.0,79.42004548375446
EXT_793B32E71A38,EXT_793B32E71A38,OPEN_PLA_FILMS_2021,SFC_B93E7618C45A,LIQ_1BD1B94C09,93.0,prospective_open_external,no,,,ZS_EXT_793B32E71A38,zero_shot,,,0,no,no,zero_shot_not_applicable,0.0,0.0,0.0
EXT_793B32E71A38,EXT_793B32E71A38,OPEN_PLA_FILMS_2021,SFC_B93E7618C45A,LIQ_1BD1B94C09,93.0,prospective_open_external,no,,,PA_EXT_793B32E71A38,probe_assisted,EXT_E31EC66D808C;EXT_F0D8FCD36A83,LIQ_0F4168490E;LIQ_6656B41AB7,2,yes,yes,,30.707664306097946,0.0,78.85327575899574
EXT_BB5D89275AD2,EXT_BB5D89275AD2,OPEN_PLA_FILMS_2021,SFC_46B777D53533,LIQ_6656B41AB7,82.0,prospective_open_external,no,,,ZS_EXT_BB5D89275AD2,zero_shot,,,0,no,no,zero_shot_not_applicable,0.0,0.0,0.0
EXT_BB5D89275AD2,EXT_BB5D89275AD2,OPEN_PLA_FILMS_2021,SFC_46B777D53533,LIQ_6656B41AB7,82.0,prospective_open_external,no,,,PA_EXT_BB5D89275AD2,probe_assisted,EXT_20E924898243;EXT_DA1010942764,LIQ_0F4168490E;LIQ_1BD1B94C09,2,yes,yes,,9.433386136295951,1.2042736579958058,97.94077904911198
EXT_E8E1679EDB31,EXT_E8E1679EDB31,OPEN_PLA_FILMS_2021,SFC_2171EA47DB00,LIQ_6656B41AB7,53.0,prospective_open_external,no,,,ZS_EXT_E8E1679EDB31,zero_shot,,,0,no,no,zero_shot_not_applicable,0.0,0.0,0.0
EXT_E8E1679EDB31,EXT_E8E1679EDB31,OPEN_PLA_FILMS_2021,SFC_2171EA47DB00,LIQ_6656B41AB7,53.0,prospective_open_external,no,,,PA_EXT_E8E1679EDB31,probe_assisted,EXT_57AAA740DBD8;EXT_D5A2B07B71FE,LIQ_0F4168490E;LIQ_1BD1B94C09,2,yes,yes,,16.806314992174414,1.0237700015299953,81.3521156431883
EXT_882D286A650A,EXT_882D286A650A,OPEN_PLA_FILMS_2021,SFC_C73C8C6483E4,LIQ_6656B41AB7,53.0,prospective_open_external,no,,,ZS_EXT_882D286A650A,zero_shot,,,0,no,no,zero_shot_not_applicable,0.0,0.0,0.0
EXT_882D286A650A,EXT_882D286A650A,OPEN_PLA_FILMS_2021,SFC_C73C8C6483E4,LIQ_6656B41AB7,53.0,prospective_open_external,no,,,PA_EXT_882D286A650A,probe_assisted,EXT_6FAB73084CB3;EXT_FCDB7AFFCD9B,LIQ_0F4168490E;LIQ_1BD1B94C09,2,yes,yes,,12.948362339715189,0.8423524323887038,89.44246306818926
EXT_E31EC66D808C,EXT_E31EC66D808C,OPEN_PLA_FILMS_2021,SFC_B93E7618C45A,LIQ_6656B41AB7,55.0,prospective_open_external,no,,,ZS_EXT_E31EC66D808C,zero_shot,,,0,no,no,zero_shot_not_applicable,0.0,0.0,0.0
EXT_E31EC66D808C,EXT_E31EC66D808C,OPEN_PLA_FILMS_2021,SFC_B93E7618C45A,LIQ_6656B41AB7,55.0,prospective_open_external,no,,,PA_EXT_E31EC66D808C,probe_assisted,EXT_793B32E71A38;EXT_F0D8FCD36A83,LIQ_0F4168490E;LIQ_1BD1B94C09,2,yes,yes,,12.7652863864296,1.4066702524970374,89.85291954766862
EXT_0C2F137C0768,EXT_0C2F137C0768,OPEN_CARBON_GLYCAN_2016,SFC_DDCE904A2E37,LIQ_0F4168490E,35.3,prospective_open_external,no,,,ZS_EXT_0C2F137C0768,zero_shot,,,0,no,no,zero_shot_not_applicable,0.0,0.0,0.0
EXT_0C2F137C0768,EXT_0C2F137C0768,OPEN_CARBON_GLYCAN_2016,SFC_DDCE904A2E37,LIQ_0F4168490E,35.3,prospective_open_external,no,,,PA_EXT_0C2F137C0768,probe_assisted,EXT_3D14543B75E6;EXT_C8683F966ABC,LIQ_5C0DC0DCD1;LIQ_6656B41AB7,2,yes,yes,,49.71412211243157,12.494091372388068,53.280623344970344
EXT_3D14543B75E6,EXT_3D14543B75E6,OPEN_CARBON_GLYCAN_2016,SFC_DDCE904A2E37,LIQ_5C0DC0DCD1,22.2,prospective_open_external,no,,,ZS_EXT_3D14543B75E6,zero_shot,,,0,no,no,zero_shot_not_applicable,0.0,0.0,0.0
EXT_3D14543B75E6,EXT_3D14543B75E6,OPEN_CARBON_GLYCAN_2016,SFC_DDCE904A2E37,LIQ_5C0DC0DCD1,22.2,prospective_open_external,no,,,PA_EXT_3D14543B75E6,probe_assisted,EXT_0C2F137C0768;EXT_C8683F966ABC,LIQ_0F4168490E;LIQ_6656B41AB7,2,yes,yes,,49.71412211243162,21.595338631799855,0.0
EXT_C8683F966ABC,EXT_C8683F966ABC,OPEN_CARBON_GLYCAN_2016,SFC_DDCE904A2E37,LIQ_6656B41AB7,11.9,prospective_open_external,no,,,ZS_EXT_C8683F966ABC,zero_shot,,,0,no,no,zero_shot_not_applicable,0.0,0.0,0.0
EXT_C8683F966ABC,EXT_C8683F966ABC,OPEN_CARBON_GLYCAN_2016,SFC_DDCE904A2E37,LIQ_6656B41AB7,11.9,prospective_open_external,no,,,PA_EXT_C8683F966ABC,probe_assisted,EXT_0C2F137C0768;EXT_3D14543B75E6,LIQ_0F4168490E;LIQ_5C0DC0DCD1,2,yes,yes,,24.524541098797688,36.23000479031761,67.06863994847637
EXT_A05B145D5D55,EXT_A05B145D5D55,OPEN_CARBON_GLYCAN_2016,SFC_757E5A51849D,LIQ_0F4168490E,20.2,prospective_open_external,no,,,ZS_EXT_A05B145D5D55,zero_shot,,,0,no,no,zero_shot_not_applicable,0.0,0.0,0.0
EXT_A05B145D5D55,EXT_A05B145D5D55,OPEN_CARBON_GLYCAN_2016,SFC_757E5A51849D,LIQ_0F4168490E,20.2,prospective_open_external,no,,,PA_EXT_A05B145D5D55,probe_assisted,EXT_4D6047F3DA11;EXT_7CF183ABF3B6,LIQ_5C0DC0DCD1;LIQ_6656B41AB7,2,yes,yes,,50.57479794304538,13.46218920057705,50.7979245047452
EXT_4D6047F3DA11,EXT_4D6047F3DA11,OPEN_CARBON_GLYCAN_2016,SFC_757E5A51849D,LIQ_5C0DC0DCD1,16.4,prospective_open_external,no,,,ZS_EXT_4D6047F3DA11,zero_shot,,,0,no,no,zero_shot_not_applicable,0.0,0.0,0.0
EXT_4D6047F3DA11,EXT_4D6047F3DA11,OPEN_CARBON_GLYCAN_2016,SFC_757E5A51849D,LIQ_5C0DC0DCD1,16.4,prospective_open_external,no,,,PA_EXT_4D6047F3DA11,probe_assisted,EXT_7CF183ABF3B6;EXT_A05B145D5D55,LIQ_0F4168490E;LIQ_6656B41AB7,2,yes,yes,,50.574797943045425,27.36329914015021,0.0
EXT_7CF183ABF3B6,EXT_7CF183ABF3B6,OPEN_CARBON_GLYCAN_2016,SFC_757E5A51849D,LIQ_6656B41AB7,5.4,prospective_open_external,no,,,ZS_EXT_7CF183ABF3B6,zero_shot,,,0,no,no,zero_shot_not_applicable,0.0,0.0,0.0
EXT_7CF183ABF3B6,EXT_7CF183ABF3B6,OPEN_CARBON_GLYCAN_2016,SFC_757E5A51849D,LIQ_6656B41AB7,5.4,prospective_open_external,no,,,PA_EXT_7CF183ABF3B6,probe_assisted,EXT_4D6047F3DA11;EXT_A05B145D5D55,LIQ_0F4168490E;LIQ_5C0DC0DCD1,2,yes,yes,,17.346602203307015,51.23008754822188,80.28739650485194
EXT_64532C66FD00,EXT_64532C66FD00,OPEN_CARBON_GLYCAN_2016,SFC_C1B0541D31DE,LIQ_0F4168490E,26.1,prospective_open_external,no,,,ZS_EXT_64532C66FD00,zero_shot,,,0,no,no,zero_shot_not_applicable,0.0,0.0,0.0
EXT_64532C66FD00,EXT_64532C66FD00,OPEN_CARBON_GLYCAN_2016,SFC_C1B0541D31DE,LIQ_0F4168490E,26.1,prospective_open_external,no,,,PA_EXT_64532C66FD00,probe_assisted,EXT_68FC9343A58A;EXT_F1A8D658D675,LIQ_5C0DC0DCD1;LIQ_6656B41AB7,2,yes,yes,,50.36632847583036,13.430263478406149,50.999933087574455
EXT_68FC9343A58A,EXT_68FC9343A58A,OPEN_CARBON_GLYCAN_2016,SFC_C1B0541D31DE,LIQ_5C0DC0DCD1,17.1,prospective_open_external,no,,,ZS_EXT_68FC9343A58A,zero_shot,,,0,no,no,zero_shot_not_applicable,0.0,0.0,0.0
EXT_68FC9343A58A,EXT_68FC9343A58A,OPEN_CARBON_GLYCAN_2016,SFC_C1B0541D31DE,LIQ_5C0DC0DCD1,17.1,prospective_open_external,no,,,PA_EXT_68FC9343A58A,probe_assisted,EXT_64532C66FD00;EXT_F1A8D658D675,LIQ_0F4168490E;LIQ_6656B41AB7,2,yes,yes,,50.36632847583039,25.34451403329814,0.0
EXT_F1A8D658D675,EXT_F1A8D658D675,OPEN_CARBON_GLYCAN_2016,SFC_C1B0541D31DE,LIQ_6656B41AB7,7.5,prospective_open_external,no,,,ZS_EXT_F1A8D658D675,zero_shot,,,0,no,no,zero_shot_not_applicable,0.0,0.0,0.0
EXT_F1A8D658D675,EXT_F1A8D658D675,OPEN_CARBON_GLYCAN_2016,SFC_C1B0541D31DE,LIQ_6656B41AB7,7.5,prospective_open_external,no,,,PA_EXT_F1A8D658D675,probe_assisted,EXT_64532C66FD00;EXT_68FC9343A58A,LIQ_0F4168490E;LIQ_5C0DC0DCD1,2,yes,yes,,20.367683047767272,45.20758876063383,74.55018008033197
EXT_9F58E9B1730C,EXT_9F58E9B1730C,OPEN_CARBON_GLYCAN_2016,SFC_1CD855A0B4A5,LIQ_0F4168490E,22.9,prospective_open_external,no,,,ZS_EXT_9F58E9B1730C,zero_shot,,,0,no,no,zero_shot_not_applicable,0.0,0.0,0.0
EXT_9F58E9B1730C,EXT_9F58E9B1730C,OPEN_CARBON_GLYCAN_2016,SFC_1CD855A0B4A5,LIQ_0F4168490E,22.9,prospective_open_external,no,,,PA_EXT_9F58E9B1730C,probe_assisted,EXT_6B9D41D96636;EXT_BD0EEB764A84,LIQ_5C0DC0DCD1;LIQ_6656B41AB7,2,yes,yes,,50.614510678619155,13.547968376079819,50.6018771178949
EXT_BD0EEB764A84,EXT_BD0EEB764A84,OPEN_CARBON_GLYCAN_2016,SFC_1CD855A0B4A5,LIQ_5C0DC0DCD1,15.9,prospective_open_external,no,,,ZS_EXT_BD0EEB764A84,zero_shot,,,0,no,no,zero_shot_not_applicable,0.0,0.0,0.0
EXT_BD0EEB764A84,EXT_BD0EEB764A84,OPEN_CARBON_GLYCAN_2016,SFC_1CD855A0B4A5,LIQ_5C0DC0DCD1,15.9,prospective_open_external,no,,,PA_EXT_BD0EEB764A84,probe_assisted,EXT_6B9D41D96636;EXT_9F58E9B1730C,LIQ_0F4168490E;LIQ_6656B41AB7,2,yes,yes,,50.61451067861922,26.429384463600083,0.0
EXT_6B9D41D96636,EXT_6B9D41D96636,OPEN_CARBON_GLYCAN_2016,SFC_1CD855A0B4A5,LIQ_6656B41AB7,4.9,prospective_open_external,no,,,ZS_EXT_6B9D41D96636,zero_shot,,,0,no,no,zero_shot_not_applicable,0.0,0.0,0.0
EXT_6B9D41D96636,EXT_6B9D41D96636,OPEN_CARBON_GLYCAN_2016,SFC_1CD855A0B4A5,LIQ_6656B41AB7,4.9,prospective_open_external,no,,,PA_EXT_6B9D41D96636,probe_assisted,EXT_9F58E9B1730C;EXT_BD0EEB764A84,LIQ_0F4168490E;LIQ_5C0DC0DCD1,2,yes,yes,,19.006176403857143,48.19163784605128,77.09499128719196
EXT_BE673F974C34,EXT_BE673F974C34,OPEN_CARBON_GLYCAN_2016,SFC_9CBFB90624F8,LIQ_0F4168490E,25.0,prospective_open_external,no,,,ZS_EXT_BE673F974C34,zero_shot,,,0,no,no,zero_shot_not_applicable,0.0,0.0,0.0
EXT_BE673F974C34,EXT_BE673F974C34,OPEN_CARBON_GLYCAN_2016,SFC_9CBFB90624F8,LIQ_0F4168490E,25.0,prospective_open_external,no,,,PA_EXT_BE673F974C34,probe_assisted,EXT_810E90883671;EXT_E2B297913813,LIQ_5C0DC0DCD1;LIQ_6656B41AB7,2,yes,yes,,50.503303452318775,12.551817900880366,52.65256910238313
EXT_810E90883671,EXT_810E90883671,OPEN_CARBON_GLYCAN_2016,SFC_9CBFB90624F8,LIQ_5C0DC0DCD1,20.3,prospective_open_external,no,,,ZS_EXT_810E90883671,zero_shot,,,0,no,no,zero_shot_not_applicable,0.0,0.0,0.0
EXT_810E90883671,EXT_810E90883671,OPEN_CARBON_GLYCAN_2016,SFC_9CBFB90624F8,LIQ_5C0DC0DCD1,20.3,prospective_open_external,no,,,PA_EXT_810E90883671,probe_assisted,EXT_BE673F974C34;EXT_E2B297913813,LIQ_0F4168490E;LIQ_6656B41AB7,2,yes,yes,,50.50330345231884,25.707261273351154,0.0
EXT_E2B297913813,EXT_E2B297913813,OPEN_CARBON_GLYCAN_2016,SFC_9CBFB90624F8,LIQ_6656B41AB7,6.2,prospective_open_external,no,,,ZS_EXT_E2B297913813,zero_shot,,,0,no,no,zero_shot_not_applicable,0.0,0.0,0.0
EXT_E2B297913813,EXT_E2B297913813,OPEN_CARBON_GLYCAN_2016,SFC_9CBFB90624F8,LIQ_6656B41AB7,6.2,prospective_open_external,no,,,PA_EXT_E2B297913813,probe_assisted,EXT_810E90883671;EXT_BE673F974C34,LIQ_0F4168490E;LIQ_5C0DC0DCD1,2,yes,yes,,17.85096945373625,48.36044564577346,79.30534040461171
EXT_97FF8568B019,EXT_97FF8568B019,OPEN_CARBON_GLYCAN_2016,SFC_73AE050E307F,LIQ_0F4168490E,11.8,prospective_open_external,no,,,ZS_EXT_97FF8568B019,zero_shot,,,0,no,no,zero_shot_not_applicable,0.0,0.0,0.0
EXT_97FF8568B019,EXT_97FF8568B019,OPEN_CARBON_GLYCAN_2016,SFC_73AE050E307F,LIQ_0F4168490E,11.8,prospective_open_external,no,,,PA_EXT_97FF8568B019,probe_assisted,EXT_006E9D255BB0;EXT_0AFA4AD6501C,LIQ_5C0DC0DCD1;LIQ_6656B41AB7,2,yes,yes,,50.66366703581616,13.29525200372458,51.06919930606612
EXT_006E9D255BB0,EXT_006E9D255BB0,OPEN_CARBON_GLYCAN_2016,SFC_73AE050E307F,LIQ_5C0DC0DCD1,16.9,prospective_open_external,no,,,ZS_EXT_006E9D255BB0,zero_shot,,,0,no,no,zero_shot_not_applicable,0.0,0.0,0.0
EXT_006E9D255BB0,EXT_006E9D255BB0,OPEN_CARBON_GLYCAN_2016,SFC_73AE050E307F,LIQ_5C0DC0DCD1,16.9,prospective_open_external,no,,,PA_EXT_006E9D255BB0,probe_assisted,EXT_0AFA4AD6501C;EXT_97FF8568B019,LIQ_0F4168490E;LIQ_6656B41AB7,2,yes,yes,,50.66366703581624,29.514226751036745,0.0
EXT_0AFA4AD6501C,EXT_0AFA4AD6501C,OPEN_CARBON_GLYCAN_2016,SFC_73AE050E307F,LIQ_6656B41AB7,4.2,prospective_open_external,no,,,ZS_EXT_0AFA4AD6501C,zero_shot,,,0,no,no,zero_shot_not_applicable,0.0,0.0,0.0
EXT_0AFA4AD6501C,EXT_0AFA4AD6501C,OPEN_CARBON_GLYCAN_2016,SFC_73AE050E307F,LIQ_6656B41AB7,4.2,prospective_open_external,no,,,PA_EXT_0AFA4AD6501C,probe_assisted,EXT_006E9D255BB0;EXT_97FF8568B019,LIQ_0F4168490E;LIQ_5C0DC0DCD1,2,yes,yes,,14.044385842185795,58.31101858977079,87.04237174018367
EXT_D7EE4324C62B,EXT_D7EE4324C62B,OPEN_FACEMASK_2023,SFC_4AD1E95A7848,LIQ_6656B41AB7,103.9,prospective_open_external,no,,,ZS_EXT_D7EE4324C62B,zero_shot,,,0,no,no,zero_shot_not_applicable,0.0,0.0,0.0
EXT_D7EE4324C62B,EXT_D7EE4324C62B,OPEN_FACEMASK_2023,SFC_4AD1E95A7848,LIQ_6656B41AB7,103.9,prospective_open_external,no,,,PA_EXT_D7EE4324C62B,probe_assisted,EXT_2ED76F045DA7;EXT_3DB1AD2DD595,LIQ_0F4168490E;LIQ_1BD1B94C09,2,yes,yes,,0.0,4.666057242981158,180.0
EXT_2ED76F045DA7,EXT_2ED76F045DA7,OPEN_FACEMASK_2023,SFC_4AD1E95A7848,LIQ_1BD1B94C09,132.9,prospective_open_external,no,,,ZS_EXT_2ED76F045DA7,zero_shot,,,0,no,no,zero_shot_not_applicable,0.0,0.0,0.0
EXT_2ED76F045DA7,EXT_2ED76F045DA7,OPEN_FACEMASK_2023,SFC_4AD1E95A7848,LIQ_1BD1B94C09,132.9,prospective_open_external,no,,,PA_EXT_2ED76F045DA7,probe_assisted,EXT_3DB1AD2DD595;EXT_D7EE4324C62B,LIQ_0F4168490E;LIQ_6656B41AB7,2,yes,yes,,7.331118528461726,0.16262265855132058,110.8742560817867
EXT_3DB1AD2DD595,EXT_3DB1AD2DD595,OPEN_FACEMASK_2023,SFC_4AD1E95A7848,LIQ_0F4168490E,125.0,prospective_open_external,no,,,ZS_EXT_3DB1AD2DD595,zero_shot,,,0,no,no,zero_shot_not_applicable,0.0,0.0,0.0
EXT_3DB1AD2DD595,EXT_3DB1AD2DD595,OPEN_FACEMASK_2023,SFC_4AD1E95A7848,LIQ_0F4168490E,125.0,prospective_open_external,no,,,PA_EXT_3DB1AD2DD595,probe_assisted,EXT_2ED76F045DA7;EXT_D7EE4324C62B,LIQ_1BD1B94C09;LIQ_6656B41AB7,2,yes,yes,,4.733255871860606,0.0,136.13165102358835
EXT_21DECF058A46,EXT_21DECF058A46,OPEN_FACEMASK_2023,SFC_2C8D133FAE44,LIQ_6656B41AB7,107.4,prospective_open_external,no,,,ZS_EXT_21DECF058A46,zero_shot,,,0,no,no,zero_shot_not_applicable,0.0,0.0,0.0
EXT_21DECF058A46,EXT_21DECF058A46,OPEN_FACEMASK_2023,SFC_2C8D133FAE44,LIQ_6656B41AB7,107.4,prospective_open_external,no,,,PA_EXT_21DECF058A46,probe_assisted,EXT_19F026C2773F;EXT_F4D52482F27E,LIQ_0F4168490E;LIQ_1BD1B94C09,2,yes,yes,,2.7867073693696978,0.05276748065421382,122.11165900068879
EXT_F4D52482F27E,EXT_F4D52482F27E,OPEN_FACEMASK_2023,SFC_2C8D133FAE44,LIQ_1BD1B94C09,127.3,prospective_open_external,no,,,ZS_EXT_F4D52482F27E,zero_shot,,,0,no,no,zero_shot_not_applicable,0.0,0.0,0.0
EXT_F4D52482F27E,EXT_F4D52482F27E,OPEN_FACEMASK_2023,SFC_2C8D133FAE44,LIQ_1BD1B94C09,127.3,prospective_open_external,no,,,PA_EXT_F4D52482F27E,probe_assisted,EXT_19F026C2773F;EXT_21DECF058A46,LIQ_0F4168490E;LIQ_6656B41AB7,2,yes,yes,,5.544542785162348,0.0,119.53340161721641
EXT_19F026C2773F,EXT_19F026C2773F,OPEN_FACEMASK_2023,SFC_2C8D133FAE44,LIQ_0F4168490E,137.8,prospective_open_external,no,,,ZS_EXT_19F026C2773F,zero_shot,,,0,no,no,zero_shot_not_applicable,0.0,0.0,0.0
EXT_19F026C2773F,EXT_19F026C2773F,OPEN_FACEMASK_2023,SFC_2C8D133FAE44,LIQ_0F4168490E,137.8,prospective_open_external,no,,,PA_EXT_19F026C2773F,probe_assisted,EXT_21DECF058A46;EXT_F4D52482F27E,LIQ_1BD1B94C09;LIQ_6656B41AB7,2,yes,yes,,4.874186239647764,0.0,135.79173178085802
EXT_161578FE82D4,EXT_161578FE82D4,OPEN_FACEMASK_2023,SFC_61C86B62E941,LIQ_6656B41AB7,98.5,prospective_open_external,no,,,ZS_EXT_161578FE82D4,zero_shot,,,0,no,no,zero_shot_not_applicable,0.0,0.0,0.0
EXT_161578FE82D4,EXT_161578FE82D4,OPEN_FACEMASK_2023,SFC_61C86B62E941,LIQ_6656B41AB7,98.5,prospective_open_external,no,,,PA_EXT_161578FE82D4,probe_assisted,EXT_6A758A73420C;EXT_A608D8AA1EAA,LIQ_0F4168490E;LIQ_1BD1B94C09,2,yes,yes,,7.549267848941399,0.0,103.23860402455882
EXT_A608D8AA1EAA,EXT_A608D8AA1EAA,OPEN_FACEMASK_2023,SFC_61C86B62E941,LIQ_1BD1B94C09,113.6,prospective_open_external,no,,,ZS_EXT_A608D8AA1EAA,zero_shot,,,0,no,no,zero_shot_not_applicable,0.0,0.0,0.0
EXT_A608D8AA1EAA,EXT_A608D8AA1EAA,OPEN_FACEMASK_2023,SFC_61C86B62E941,LIQ_1BD1B94C09,113.6,prospective_open_external,no,,,PA_EXT_A608D8AA1EAA,probe_assisted,EXT_161578FE82D4;EXT_6A758A73420C,LIQ_0F4168490E;LIQ_6656B41AB7,2,yes,yes,,8.585973982655316,0.0,111.65398205476616
EXT_6A758A73420C,EXT_6A758A73420C,OPEN_FACEMASK_2023,SFC_61C86B62E941,LIQ_0F4168490E,131.0,prospective_open_external,no,,,ZS_EXT_6A758A73420C,zero_shot,,,0,no,no,zero_shot_not_applicable,0.0,0.0,0.0
EXT_6A758A73420C,EXT_6A758A73420C,OPEN_FACEMASK_2023,SFC_61C86B62E941,LIQ_0F4168490E,131.0,prospective_open_external,no,,,PA_EXT_6A758A73420C,probe_assisted,EXT_161578FE82D4;EXT_A608D8AA1EAA,LIQ_1BD1B94C09;LIQ_6656B41AB7,2,yes,yes,,8.569451173662735,0.0,128.64591515427577
EXT_591446AFD356,EXT_591446AFD356,OPEN_FACEMASK_2023,SFC_5D5B39751D66,LIQ_6656B41AB7,75.9,prospective_open_external,no,,,ZS_EXT_591446AFD356,zero_shot,,,0,no,no,zero_shot_not_applicable,0.0,0.0,0.0
EXT_591446AFD356,EXT_591446AFD356,OPEN_FACEMASK_2023,SFC_5D5B39751D66,LIQ_6656B41AB7,75.9,prospective_open_external,no,,,PA_EXT_591446AFD356,probe_assisted,EXT_3FFCD90BF04A;EXT_A2BFA9FEE942,LIQ_0F4168490E;LIQ_1BD1B94C09,2,yes,yes,,2.8888847460013087,1.0674424092161423,121.53777190110067
EXT_3FFCD90BF04A,EXT_3FFCD90BF04A,OPEN_FACEMASK_2023,SFC_5D5B39751D66,LIQ_1BD1B94C09,118.6,prospective_open_external,no,,,ZS_EXT_3FFCD90BF04A,zero_shot,,,0,no,no,zero_shot_not_applicable,0.0,0.0,0.0
EXT_3FFCD90BF04A,EXT_3FFCD90BF04A,OPEN_FACEMASK_2023,SFC_5D5B39751D66,LIQ_1BD1B94C09,118.6,prospective_open_external,no,,,PA_EXT_3FFCD90BF04A,probe_assisted,EXT_591446AFD356;EXT_A2BFA9FEE942,LIQ_0F4168490E;LIQ_6656B41AB7,2,yes,yes,,16.695212571131012,0.0,96.89822884314621
EXT_A2BFA9FEE942,EXT_A2BFA9FEE942,OPEN_FACEMASK_2023,SFC_5D5B39751D66,LIQ_0F4168490E,125.4,prospective_open_external,no,,,ZS_EXT_A2BFA9FEE942,zero_shot,,,0,no,no,zero_shot_not_applicable,0.0,0.0,0.0
EXT_A2BFA9FEE942,EXT_A2BFA9FEE942,OPEN_FACEMASK_2023,SFC_5D5B39751D66,LIQ_0F4168490E,125.4,prospective_open_external,no,,,PA_EXT_A2BFA9FEE942,probe_assisted,EXT_3FFCD90BF04A;EXT_591446AFD356,LIQ_1BD1B94C09;LIQ_6656B41AB7,2,yes,yes,,12.662731515318018,0.0,122.92582133573322
EXT_E2623286DF9C,EXT_E2623286DF9C,OPEN_FACEMASK_2023,SFC_52742E4E2FF2,LIQ_6656B41AB7,22.43,prospective_open_external,no,,,ZS_EXT_E2623286DF9C,zero_shot,,,0,no,no,zero_shot_not_applicable,0.0,0.0,0.0
EXT_E2623286DF9C,EXT_E2623286DF9C,OPEN_FACEMASK_2023,SFC_52742E4E2FF2,LIQ_6656B41AB7,22.43,prospective_open_external,no,,,PA_EXT_E2623286DF9C,probe_assisted,EXT_4414CE8E7161;EXT_8930F5ABA4B7,LIQ_0F4168490E;LIQ_1BD1B94C09,2,yes,yes,,25.519390052763125,11.483707531743446,65.32104492699897
EXT_4414CE8E7161,EXT_4414CE8E7161,OPEN_FACEMASK_2023,SFC_52742E4E2FF2,LIQ_1BD1B94C09,53.33,prospective_open_external,no,,,ZS_EXT_4414CE8E7161,zero_shot,,,0,no,no,zero_shot_not_applicable,0.0,0.0,0.0
EXT_4414CE8E7161,EXT_4414CE8E7161,OPEN_FACEMASK_2023,SFC_52742E4E2FF2,LIQ_1BD1B94C09,53.33,prospective_open_external,no,,,PA_EXT_4414CE8E7161,probe_assisted,EXT_8930F5ABA4B7;EXT_E2623286DF9C,LIQ_0F4168490E;LIQ_6656B41AB7,2,yes,yes,,47.029484122221085,4.874898477363473,36.03503908886465
EXT_8930F5ABA4B7,EXT_8930F5ABA4B7,OPEN_FACEMASK_2023,SFC_52742E4E2FF2,LIQ_0F4168490E,71.77,prospective_open_external,no,,,ZS_EXT_8930F5ABA4B7,zero_shot,,,0,no,no,zero_shot_not_applicable,0.0,0.0,0.0
EXT_8930F5ABA4B7,EXT_8930F5ABA4B7,OPEN_FACEMASK_2023,SFC_52742E4E2FF2,LIQ_0F4168490E,71.77,prospective_open_external,no,,,PA_EXT_8930F5ABA4B7,probe_assisted,EXT_4414CE8E7161;EXT_E2623286DF9C,LIQ_1BD1B94C09;LIQ_6656B41AB7,2,yes,yes,,47.02948412222105,0.6417841475659729,87.88947550630067
EXT_FFFDDFDEE3D0,EXT_FFFDDFDEE3D0,OPEN_FACEMASK_2023,SFC_98A58E5AB649,LIQ_6656B41AB7,95.4,prospective_open_external,no,,,ZS_EXT_FFFDDFDEE3D0,zero_shot,,,0,no,no,zero_shot_not_applicable,0.0,0.0,0.0
EXT_FFFDDFDEE3D0,EXT_FFFDDFDEE3D0,OPEN_FACEMASK_2023,SFC_98A58E5AB649,LIQ_6656B41AB7,95.4,prospective_open_external,no,,,PA_EXT_FFFDDFDEE3D0,probe_assisted,EXT_07642A48B0AD;EXT_E63EB3F2835E,LIQ_0F4168490E;LIQ_1BD1B94C09,2,yes,yes,,7.527114597549658,4.250102155464929,103.30524661919698
EXT_E63EB3F2835E,EXT_E63EB3F2835E,OPEN_FACEMASK_2023,SFC_98A58E5AB649,LIQ_1BD1B94C09,95.7,prospective_open_external,no,,,ZS_EXT_E63EB3F2835E,zero_shot,,,0,no,no,zero_shot_not_applicable,0.0,0.0,0.0
EXT_E63EB3F2835E,EXT_E63EB3F2835E,OPEN_FACEMASK_2023,SFC_98A58E5AB649,LIQ_1BD1B94C09,95.7,prospective_open_external,no,,,PA_EXT_E63EB3F2835E,probe_assisted,EXT_07642A48B0AD;EXT_FFFDDFDEE3D0,LIQ_0F4168490E;LIQ_6656B41AB7,2,yes,yes,,10.422124799582573,3.0437491630548386,92.43954320573737
EXT_07642A48B0AD,EXT_07642A48B0AD,OPEN_FACEMASK_2023,SFC_98A58E5AB649,LIQ_0F4168490E,104.1,prospective_open_external,no,,,ZS_EXT_07642A48B0AD,zero_shot,,,0,no,no,zero_shot_not_applicable,0.0,0.0,0.0
EXT_07642A48B0AD,EXT_07642A48B0AD,OPEN_FACEMASK_2023,SFC_98A58E5AB649,LIQ_0F4168490E,104.1,prospective_open_external,no,,,PA_EXT_07642A48B0AD,probe_assisted,EXT_E63EB3F2835E;EXT_FFFDDFDEE3D0,LIQ_1BD1B94C09;LIQ_6656B41AB7,2,yes,yes,,10.422124799582564,1.8688070059522532,108.52363382565225
EXT_FEA43C1D185A,EXT_FEA43C1D185A,OPEN_FACEMASK_2023,SFC_804C47F28DD6,LIQ_6656B41AB7,57.73,prospective_open_external,no,,,ZS_EXT_FEA43C1D185A,zero_shot,,,0,no,no,zero_shot_not_applicable,0.0,0.0,0.0
EXT_FEA43C1D185A,EXT_FEA43C1D185A,OPEN_FACEMASK_2023,SFC_804C47F28DD6,LIQ_6656B41AB7,57.73,prospective_open_external,no,,,PA_EXT_FEA43C1D185A,probe_assisted,EXT_1D4E7C8984A2;EXT_8E2D528C28E4,LIQ_0F4168490E;LIQ_1BD1B94C09,2,yes,yes,,55.484024226459006,0.0,0.0
EXT_1D4E7C8984A2,EXT_1D4E7C8984A2,OPEN_FACEMASK_2023,SFC_804C47F28DD6,LIQ_1BD1B94C09,41.23,prospective_open_external,no,,,ZS_EXT_1D4E7C8984A2,zero_shot,,,0,no,no,zero_shot_not_applicable,0.0,0.0,0.0
EXT_1D4E7C8984A2,EXT_1D4E7C8984A2,OPEN_FACEMASK_2023,SFC_804C47F28DD6,LIQ_1BD1B94C09,41.23,prospective_open_external,no,,,PA_EXT_1D4E7C8984A2,probe_assisted,EXT_8E2D528C28E4;EXT_FEA43C1D185A,LIQ_0F4168490E;LIQ_6656B41AB7,2,yes,yes,,29.881562816499205,0.24216468232694813,75.45575175639223
EXT_8E2D528C28E4,EXT_8E2D528C28E4,OPEN_FACEMASK_2023,SFC_804C47F28DD6,LIQ_0F4168490E,101.67,prospective_open_external,no,,,ZS_EXT_8E2D528C28E4,zero_shot,,,0,no,no,zero_shot_not_applicable,0.0,0.0,0.0
EXT_8E2D528C28E4,EXT_8E2D528C28E4,OPEN_FACEMASK_2023,SFC_804C47F28DD6,LIQ_0F4168490E,101.67,prospective_open_external,no,,,PA_EXT_8E2D528C28E4,probe_assisted,EXT_1D4E7C8984A2;EXT_FEA43C1D185A,LIQ_1BD1B94C09;LIQ_6656B41AB7,2,yes,yes,,29.881562816499176,14.62985758733932,63.15379103436288
EXT_DE22A4AE61FC,EXT_DE22A4AE61FC,OPEN_CHITOSAN_GELATIN_2022,SFC_26BB55DBD67D,LIQ_5C0DC0DCD1,71.6,prospective_open_external,no,,,ZS_EXT_DE22A4AE61FC,zero_shot,,,0,no,no,zero_shot_not_applicable,0.0,0.0,0.0
EXT_DE22A4AE61FC,EXT_DE22A4AE61FC,OPEN_CHITOSAN_GELATIN_2022,SFC_26BB55DBD67D,LIQ_5C0DC0DCD1,71.6,prospective_open_external,no,,,PA_EXT_DE22A4AE61FC,probe_assisted,EXT_7534CEB38FB4,LIQ_6656B41AB7,1,yes,no,insufficient_probes,0.0,0.0,
EXT_7534CEB38FB4,EXT_7534CEB38FB4,OPEN_CHITOSAN_GELATIN_2022,SFC_26BB55DBD67D,LIQ_6656B41AB7,46.8,prospective_open_external,no,,,ZS_EXT_7534CEB38FB4,zero_shot,,,0,no,no,zero_shot_not_applicable,0.0,0.0,0.0
EXT_7534CEB38FB4,EXT_7534CEB38FB4,OPEN_CHITOSAN_GELATIN_2022,SFC_26BB55DBD67D,LIQ_6656B41AB7,46.8,prospective_open_external,no,,,PA_EXT_7534CEB38FB4,probe_assisted,EXT_DE22A4AE61FC,LIQ_5C0DC0DCD1,1,yes,no,insufficient_probes,0.0,0.0,
EXT_397F0C3BD5CF,EXT_397F0C3BD5CF,OPEN_CHITOSAN_GELATIN_2022,SFC_D400AC079E9D,LIQ_5C0DC0DCD1,74.0,prospective_open_external,no,,,ZS_EXT_397F0C3BD5CF,zero_shot,,,0,no,no,zero_shot_not_applicable,0.0,0.0,0.0
EXT_397F0C3BD5CF,EXT_397F0C3BD5CF,OPEN_CHITOSAN_GELATIN_2022,SFC_D400AC079E9D,LIQ_5C0DC0DCD1,74.0,prospective_open_external,no,,,PA_EXT_397F0C3BD5CF,probe_assisted,EXT_B24A3A78D359,LIQ_6656B41AB7,1,yes,no,insufficient_probes,0.0,0.0,
EXT_B24A3A78D359,EXT_B24A3A78D359,OPEN_CHITOSAN_GELATIN_2022,SFC_D400AC079E9D,LIQ_6656B41AB7,44.3,prospective_open_external,no,,,ZS_EXT_B24A3A78D359,zero_shot,,,0,no,no,zero_shot_not_applicable,0.0,0.0,0.0
EXT_B24A3A78D359,EXT_B24A3A78D359,OPEN_CHITOSAN_GELATIN_2022,SFC_D400AC079E9D,LIQ_6656B41AB7,44.3,prospective_open_external,no,,,PA_EXT_B24A3A78D359,probe_assisted,EXT_397F0C3BD5CF,LIQ_5C0DC0DCD1,1,yes,no,insufficient_probes,0.0,0.0,
EXT_F82FEAC10BBB,EXT_F82FEAC10BBB,OPEN_CHITOSAN_GELATIN_2022,SFC_F1718B0B4710,LIQ_5C0DC0DCD1,69.4,prospective_open_external,no,,,ZS_EXT_F82FEAC10BBB,zero_shot,,,0,no,no,zero_shot_not_applicable,0.0,0.0,0.0
EXT_F82FEAC10BBB,EXT_F82FEAC10BBB,OPEN_CHITOSAN_GELATIN_2022,SFC_F1718B0B4710,LIQ_5C0DC0DCD1,69.4,prospective_open_external,no,,,PA_EXT_F82FEAC10BBB,probe_assisted,EXT_67BEF7CA0F14,LIQ_6656B41AB7,1,yes,no,insufficient_probes,0.0,0.0,
EXT_67BEF7CA0F14,EXT_67BEF7CA0F14,OPEN_CHITOSAN_GELATIN_2022,SFC_F1718B0B4710,LIQ_6656B41AB7,43.6,prospective_open_external,no,,,ZS_EXT_67BEF7CA0F14,zero_shot,,,0,no,no,zero_shot_not_applicable,0.0,0.0,0.0
EXT_67BEF7CA0F14,EXT_67BEF7CA0F14,OPEN_CHITOSAN_GELATIN_2022,SFC_F1718B0B4710,LIQ_6656B41AB7,43.6,prospective_open_external,no,,,PA_EXT_67BEF7CA0F14,probe_assisted,EXT_F82FEAC10BBB,LIQ_5C0DC0DCD1,1,yes,no,insufficient_probes,0.0,0.0,
EXT_D348EE3E6106,EXT_D348EE3E6106,OPEN_CHITOSAN_GELATIN_2022,SFC_C768409105A9,LIQ_5C0DC0DCD1,69.8,prospective_open_external,no,,,ZS_EXT_D348EE3E6106,zero_shot,,,0,no,no,zero_shot_not_applicable,0.0,0.0,0.0
EXT_D348EE3E6106,EXT_D348EE3E6106,OPEN_CHITOSAN_GELATIN_2022,SFC_C768409105A9,LIQ_5C0DC0DCD1,69.8,prospective_open_external,no,,,PA_EXT_D348EE3E6106,probe_assisted,EXT_FEB300669898,LIQ_6656B41AB7,1,yes,no,insufficient_probes,0.0,0.0,
EXT_FEB300669898,EXT_FEB300669898,OPEN_CHITOSAN_GELATIN_2022,SFC_C768409105A9,LIQ_6656B41AB7,45.2,prospective_open_external,no,,,ZS_EXT_FEB300669898,zero_shot,,,0,no,no,zero_shot_not_applicable,0.0,0.0,0.0
EXT_FEB300669898,EXT_FEB300669898,OPEN_CHITOSAN_GELATIN_2022,SFC_C768409105A9,LIQ_6656B41AB7,45.2,prospective_open_external,no,,,PA_EXT_FEB300669898,probe_assisted,EXT_D348EE3E6106,LIQ_5C0DC0DCD1,1,yes,no,insufficient_probes,0.0,0.0,
EXT_126475924947,EXT_126475924947,OPEN_CHITOSAN_GELATIN_2022,SFC_21C07DE8FEA5,LIQ_5C0DC0DCD1,66.8,prospective_open_external,no,,,ZS_EXT_126475924947,zero_shot,,,0,no,no,zero_shot_not_applicable,0.0,0.0,0.0
EXT_126475924947,EXT_126475924947,OPEN_CHITOSAN_GELATIN_2022,SFC_21C07DE8FEA5,LIQ_5C0DC0DCD1,66.8,prospective_open_external,no,,,PA_EXT_126475924947,probe_assisted,EXT_CC9EEC4BEE40,LIQ_6656B41AB7,1,yes,no,insufficient_probes,0.0,0.0,
EXT_CC9EEC4BEE40,EXT_CC9EEC4BEE40,OPEN_CHITOSAN_GELATIN_2022,SFC_21C07DE8FEA5,LIQ_6656B41AB7,45.6,prospective_open_external,no,,,ZS_EXT_CC9EEC4BEE40,zero_shot,,,0,no,no,zero_shot_not_applicable,0.0,0.0,0.0
EXT_CC9EEC4BEE40,EXT_CC9EEC4BEE40,OPEN_CHITOSAN_GELATIN_2022,SFC_21C07DE8FEA5,LIQ_6656B41AB7,45.6,prospective_open_external,no,,,PA_EXT_CC9EEC4BEE40,probe_assisted,EXT_126475924947,LIQ_5C0DC0DCD1,1,yes,no,insufficient_probes,0.0,0.0,
EXT_618DAE924695,EXT_618DAE924695,OPEN_CHITOSAN_GELATIN_2022,SFC_4988FD117978,LIQ_5C0DC0DCD1,68.1,prospective_open_external,no,,,ZS_EXT_618DAE924695,zero_shot,,,0,no,no,zero_shot_not_applicable,0.0,0.0,0.0
EXT_618DAE924695,EXT_618DAE924695,OPEN_CHITOSAN_GELATIN_2022,SFC_4988FD117978,LIQ_5C0DC0DCD1,68.1,prospective_open_external,no,,,PA_EXT_618DAE924695,probe_assisted,EXT_FC56291F305C,LIQ_6656B41AB7,1,yes,no,insufficient_probes,0.0,0.0,
EXT_FC56291F305C,EXT_FC56291F305C,OPEN_CHITOSAN_GELATIN_2022,SFC_4988FD117978,LIQ_6656B41AB7,43.7,prospective_open_external,no,,,ZS_EXT_FC56291F305C,zero_shot,,,0,no,no,zero_shot_not_applicable,0.0,0.0,0.0
EXT_FC56291F305C,EXT_FC56291F305C,OPEN_CHITOSAN_GELATIN_2022,SFC_4988FD117978,LIQ_6656B41AB7,43.7,prospective_open_external,no,,,PA_EXT_FC56291F305C,probe_assisted,EXT_618DAE924695,LIQ_5C0DC0DCD1,1,yes,no,insufficient_probes,0.0,0.0,
EXT_0793ADE7D32F,EXT_0793ADE7D32F,OPEN_CHITOSAN_GELATIN_2022,SFC_728D367B9FEB,LIQ_5C0DC0DCD1,67.9,prospective_open_external,no,,,ZS_EXT_0793ADE7D32F,zero_shot,,,0,no,no,zero_shot_not_applicable,0.0,0.0,0.0
EXT_0793ADE7D32F,EXT_0793ADE7D32F,OPEN_CHITOSAN_GELATIN_2022,SFC_728D367B9FEB,LIQ_5C0DC0DCD1,67.9,prospective_open_external,no,,,PA_EXT_0793ADE7D32F,probe_assisted,EXT_9F8D5B3E0335,LIQ_6656B41AB7,1,yes,no,insufficient_probes,0.0,0.0,
EXT_9F8D5B3E0335,EXT_9F8D5B3E0335,OPEN_CHITOSAN_GELATIN_2022,SFC_728D367B9FEB,LIQ_6656B41AB7,45.4,prospective_open_external,no,,,ZS_EXT_9F8D5B3E0335,zero_shot,,,0,no,no,zero_shot_not_applicable,0.0,0.0,0.0
EXT_9F8D5B3E0335,EXT_9F8D5B3E0335,OPEN_CHITOSAN_GELATIN_2022,SFC_728D367B9FEB,LIQ_6656B41AB7,45.4,prospective_open_external,no,,,PA_EXT_9F8D5B3E0335,probe_assisted,EXT_0793ADE7D32F,LIQ_5C0DC0DCD1,1,yes,no,insufficient_probes,0.0,0.0,
MEA_AF2A61D0F221,REC_B6880A60A58E,SRC001,SFC_96D86F3732DF,LIQ_06B74E7F53,35.0,train,no,,,ZS_MEA_AF2A61D0F221,zero_shot,,,0,no,no,zero_shot_not_applicable,0.0,0.0,0.0
MEA_AF2A61D0F221,REC_B6880A60A58E,SRC001,SFC_96D86F3732DF,LIQ_06B74E7F53,35.0,train,no,,,PA_MEA_AF2A61D0F221,probe_assisted,MEA_1382FC3E41BA;MEA_811D72FA48E6;MEA_8829108AA85D;MEA_DE146E58D4BC,LIQ_0F4168490E;LIQ_1BD1B94C09;LIQ_53310FAFB3;LIQ_6656B41AB7,4,yes,yes,,19.274157506510562,12.142977943943771,71.47434018709436
MEA_8829108AA85D,REC_006D803571ED,SRC001,SFC_96D86F3732DF,LIQ_53310FAFB3,54.0,train,no,,,ZS_MEA_8829108AA85D,zero_shot,,,0,no,no,zero_shot_not_applicable,0.0,0.0,0.0
MEA_8829108AA85D,REC_006D803571ED,SRC001,SFC_96D86F3732DF,LIQ_53310FAFB3,54.0,train,no,,,PA_MEA_8829108AA85D,probe_assisted,MEA_1382FC3E41BA;MEA_811D72FA48E6;MEA_AF2A61D0F221;MEA_DE146E58D4BC,LIQ_06B74E7F53;LIQ_0F4168490E;LIQ_1BD1B94C09;LIQ_6656B41AB7,4,yes,yes,,26.188743202063026,8.413284488805898,47.53995147075476
MEA_1382FC3E41BA,REC_1063D03FFD29,SRC001,SFC_96D86F3732DF,LIQ_6656B41AB7,76.0,train,no,,,ZS_MEA_1382FC3E41BA,zero_shot,,,0,no,no,zero_shot_not_applicable,0.0,0.0,0.0
MEA_1382FC3E41BA,REC_1063D03FFD29,SRC001,SFC_96D86F3732DF,LIQ_6656B41AB7,76.0,train,no,,,PA_MEA_1382FC3E41BA,probe_assisted,MEA_811D72FA48E6;MEA_8829108AA85D;MEA_AF2A61D0F221;MEA_DE146E58D4BC,LIQ_06B74E7F53;LIQ_0F4168490E;LIQ_1BD1B94C09;LIQ_53310FAFB3,4,yes,yes,,32.59987740969562,5.012387737035538,52.9751835535402
MEA_DE146E58D4BC,REC_71AEDCAA35B2,SRC001,SFC_96D86F3732DF,LIQ_1BD1B94C09,62.0,train,no,,,ZS_MEA_DE146E58D4BC,zero_shot,,,0,no,no,zero_shot_not_applicable,0.0,0.0,0.0
MEA_DE146E58D4BC,REC_71AEDCAA35B2,SRC001,SFC_96D86F3732DF,LIQ_1BD1B94C09,62.0,train,no,,,PA_MEA_DE146E58D4BC,probe_assisted,MEA_1382FC3E41BA;MEA_811D72FA48E6;MEA_8829108AA85D;MEA_AF2A61D0F221,LIQ_06B74E7F53;LIQ_0F4168490E;LIQ_53310FAFB3;LIQ_6656B41AB7,4,yes,yes,,26.34369607645327,8.303580501405815,57.42493228078675
MEA_811D72FA48E6,REC_2CBB1DD7035C,SRC001,SFC_96D86F3732DF,LIQ_0F4168490E,75.0,train,no,,,ZS_MEA_811D72FA48E6,zero_shot,,,0,no,no,zero_shot_not_applicable,0.0,0.0,0.0
MEA_811D72FA48E6,REC_2CBB1DD7035C,SRC001,SFC_96D86F3732DF,LIQ_0F4168490E,75.0,train,no,,,PA_MEA_811D72FA48E6,probe_assisted,MEA_1382FC3E41BA;MEA_8829108AA85D;MEA_AF2A61D0F221;MEA_DE146E58D4BC,LIQ_06B74E7F53;LIQ_1BD1B94C09;LIQ_53310FAFB3;LIQ_6656B41AB7,4,yes,yes,,26.921354896908344,5.463717012532715,82.86918391244647
MEA_8BC41BE1F860,REC_B3607A5DD9B0,SRC001,SFC_7988EDE2E950,LIQ_06B74E7F53,38.0,train,no,,,ZS_MEA_8BC41BE1F860,zero_shot,,,0,no,no,zero_shot_not_applicable,0.0,0.0,0.0
MEA_8BC41BE1F860,REC_B3607A5DD9B0,SRC001,SFC_7988EDE2E950,LIQ_06B74E7F53,38.0,train,no,,,PA_MEA_8BC41BE1F860,probe_assisted,MEA_0FCBA2ADD4F0;MEA_C4EE01FC9114;MEA_E99ED2021865;MEA_E9F11B395205,LIQ_0F4168490E;LIQ_1BD1B94C09;LIQ_53310FAFB3;LIQ_6656B41AB7,4,yes,yes,,22.841147142558786,12.730651294033038,64.24716610606971
MEA_C4EE01FC9114,REC_C05C84320F50,SRC001,SFC_7988EDE2E950,LIQ_53310FAFB3,54.0,train,no,,,ZS_MEA_C4EE01FC9114,zero_shot,,,0,no,no,zero_shot_not_applicable,0.0,0.0,0.0
MEA_C4EE01FC9114,REC_C05C84320F50,SRC001,SFC_7988EDE2E950,LIQ_53310FAFB3,54.0,train,no,,,PA_MEA_C4EE01FC9114,probe_assisted,MEA_0FCBA2ADD4F0;MEA_8BC41BE1F860;MEA_E99ED2021865;MEA_E9F11B395205,LIQ_06B74E7F53;LIQ_0F4168490E;LIQ_1BD1B94C09;LIQ_6656B41AB7,4,yes,yes,,28.44734296585988,10.801402247056425,37.47020255525797
MEA_0FCBA2ADD4F0,REC_CD632258245F,SRC001,SFC_7988EDE2E950,LIQ_6656B41AB7,69.0,train,no,,,ZS_MEA_0FCBA2ADD4F0,zero_shot,,,0,no,no,zero_shot_not_applicable,0.0,0.0,0.0
MEA_0FCBA2ADD4F0,REC_CD632258245F,SRC001,SFC_7988EDE2E950,LIQ_6656B41AB7,69.0,train,no,,,PA_MEA_0FCBA2ADD4F0,probe_assisted,MEA_8BC41BE1F860;MEA_C4EE01FC9114;MEA_E99ED2021865;MEA_E9F11B395205,LIQ_06B74E7F53;LIQ_0F4168490E;LIQ_1BD1B94C09;LIQ_53310FAFB3,4,yes,yes,,32.21331595218951,7.406794352339592,53.65588472690056
MEA_E99ED2021865,REC_3A20AA992E55,SRC001,SFC_7988EDE2E950,LIQ_1BD1B94C09,52.0,train,no,,,ZS_MEA_E99ED2021865,zero_shot,,,0,no,no,zero_shot_not_applicable,0.0,0.0,0.0
MEA_E99ED2021865,REC_3A20AA992E55,SRC001,SFC_7988EDE2E950,LIQ_1BD1B94C09,52.0,train,no,,,PA_MEA_E99ED2021865,probe_assisted,MEA_0FCBA2ADD4F0;MEA_8BC41BE1F860;MEA_C4EE01FC9114;MEA_E9F11B395205,LIQ_06B74E7F53;LIQ_0F4168490E;LIQ_53310FAFB3;LIQ_6656B41AB7,4,yes,yes,,27.702981678928033,9.513752524100877,53.341123526608676
MEA_E9F11B395205,REC_ECA6E657921F,SRC001,SFC_7988EDE2E950,LIQ_0F4168490E,70.0,train,no,,,ZS_MEA_E9F11B395205,zero_shot,,,0,no,no,zero_shot_not_applicable,0.0,0.0,0.0
MEA_E9F11B395205,REC_ECA6E657921F,SRC001,SFC_7988EDE2E950,LIQ_0F4168490E,70.0,train,no,,,PA_MEA_E9F11B395205,probe_assisted,MEA_0FCBA2ADD4F0;MEA_8BC41BE1F860;MEA_C4EE01FC9114;MEA_E99ED2021865,LIQ_06B74E7F53;LIQ_1BD1B94C09;LIQ_53310FAFB3;LIQ_6656B41AB7,4,yes,yes,,28.94473483741543,6.596442243684303,78.81411377950724
MEA_41BDD8B64CA2,REC_79BCEF5ED722,SRC001,SFC_A3534C38D4B9,LIQ_06B74E7F53,35.0,train,no,,,ZS_MEA_41BDD8B64CA2,zero_shot,,,0,no,no,zero_shot_not_applicable,0.0,0.0,0.0
MEA_41BDD8B64CA2,REC_79BCEF5ED722,SRC001,SFC_A3534C38D4B9,LIQ_06B74E7F53,35.0,train,no,,,PA_MEA_41BDD8B64CA2,probe_assisted,MEA_4021F0E1E76D;MEA_70EE2B9BF84D;MEA_78F94B993AC8;MEA_A978848F1D9F,LIQ_0F4168490E;LIQ_1BD1B94C09;LIQ_53310FAFB3;LIQ_6656B41AB7,4,yes,yes,,15.667104170490132,7.469104164317832,79.16128778499181
MEA_78F94B993AC8,REC_D72C3997600A,SRC001,SFC_A3534C38D4B9,LIQ_53310FAFB3,70.0,train,no,,,ZS_MEA_78F94B993AC8,zero_shot,,,0,no,no,zero_shot_not_applicable,0.0,0.0,0.0
MEA_78F94B993AC8,REC_D72C3997600A,SRC001,SFC_A3534C38D4B9,LIQ_53310FAFB3,70.0,train,no,,,PA_MEA_78F94B993AC8,probe_assisted,MEA_4021F0E1E76D;MEA_41BDD8B64CA2;MEA_70EE2B9BF84D;MEA_A978848F1D9F,LIQ_06B74E7F53;LIQ_0F4168490E;LIQ_1BD1B94C09;LIQ_6656B41AB7,4,yes,yes,,23.767551872988044,4.012141296162623,62.76131216139876
MEA_A978848F1D9F,REC_BC706840ED0F,SRC001,SFC_A3534C38D4B9,LIQ_6656B41AB7,80.0,train,no,,,ZS_MEA_A978848F1D9F,zero_shot,,,0,no,no,zero_shot_not_applicable,0.0,0.0,0.0
MEA_A978848F1D9F,REC_BC706840ED0F,SRC001,SFC_A3534C38D4B9,LIQ_6656B41AB7,80.0,train,no,,,PA_MEA_A978848F1D9F,probe_assisted,MEA_4021F0E1E76D;MEA_41BDD8B64CA2;MEA_70EE2B9BF84D;MEA_78F94B993AC8,LIQ_06B74E7F53;LIQ_0F4168490E;LIQ_1BD1B94C09;LIQ_53310FAFB3,4,yes,yes,,29.729798641874833,1.7475220334439712,57.99390424654721
MEA_4021F0E1E76D,REC_CAC2058463C2,SRC001,SFC_A3534C38D4B9,LIQ_1BD1B94C09,80.0,train,no,,,ZS_MEA_4021F0E1E76D,zero_shot,,,0,no,no,zero_shot_not_applicable,0.0,0.0,0.0
MEA_4021F0E1E76D,REC_CAC2058463C2,SRC001,SFC_A3534C38D4B9,LIQ_1BD1B94C09,80.0,train,no,,,PA_MEA_4021F0E1E76D,probe_assisted,MEA_41BDD8B64CA2;MEA_70EE2B9BF84D;MEA_78F94B993AC8;MEA_A978848F1D9F,LIQ_06B74E7F53;LIQ_0F4168490E;LIQ_53310FAFB3;LIQ_6656B41AB7,4,yes,yes,,24.633155378577353,4.321659983073197,67.58813972631363
MEA_70EE2B9BF84D,REC_6B25D54CA944,SRC001,SFC_A3534C38D4B9,LIQ_0F4168490E,84.0,train,no,,,ZS_MEA_70EE2B9BF84D,zero_shot,,,0,no,no,zero_shot_not_applicable,0.0,0.0,0.0
MEA_70EE2B9BF84D,REC_6B25D54CA944,SRC001,SFC_A3534C38D4B9,LIQ_0F4168490E,84.0,train,no,,,PA_MEA_70EE2B9BF84D,probe_assisted,MEA_4021F0E1E76D;MEA_41BDD8B64CA2;MEA_78F94B993AC8;MEA_A978848F1D9F,LIQ_06B74E7F53;LIQ_1BD1B94C09;LIQ_53310FAFB3;LIQ_6656B41AB7,4,yes,yes,,25.474138272842396,0.74896556049471,100.53307944934194
MEA_1FD0F884EAE7,REC_E01AA07F1BE7,SRC001,SFC_D5092F34D983,LIQ_06B74E7F53,9.0,train,no,,,ZS_MEA_1FD0F884EAE7,zero_shot,,,0,no,no,zero_shot_not_applicable,0.0,0.0,0.0
MEA_1FD0F884EAE7,REC_E01AA07F1BE7,SRC001,SFC_D5092F34D983,LIQ_06B74E7F53,9.0,train,no,,,PA_MEA_1FD0F884EAE7,probe_assisted,MEA_044E1720AE6B;MEA_6744B4E9FEFA;MEA_7526876D67B5;MEA_D4EE6BBDEC82,LIQ_0F4168490E;LIQ_1BD1B94C09;LIQ_53310FAFB3;LIQ_6656B41AB7,4,yes,yes,,21.724116183485613,15.871378576764208,66.48596101107822
MEA_044E1720AE6B,REC_F12803C6C7F3,SRC001,SFC_D5092F34D983,LIQ_53310FAFB3,63.0,train,no,,,ZS_MEA_044E1720AE6B,zero_shot,,,0,no,no,zero_shot_not_applicable,0.0,0.0,0.0
MEA_044E1720AE6B,REC_F12803C6C7F3,SRC001,SFC_D5092F34D983,LIQ_53310FAFB3,63.0,train,no,,,PA_MEA_044E1720AE6B,probe_assisted,MEA_1FD0F884EAE7;MEA_6744B4E9FEFA;MEA_7526876D67B5;MEA_D4EE6BBDEC82,LIQ_06B74E7F53;LIQ_0F4168490E;LIQ_1BD1B94C09;LIQ_6656B41AB7,4,yes,yes,,31.578085985654972,13.147200003138593,23.155635917222753
MEA_7526876D67B5,REC_C7CA8DBBE403,SRC001,SFC_D5092F34D983,LIQ_6656B41AB7,66.0,train,no,,,ZS_MEA_7526876D67B5,zero_shot,,,0,no,no,zero_shot_not_applicable,0.0,0.0,0.0
MEA_7526876D67B5,REC_C7CA8DBBE403,SRC001,SFC_D5092F34D983,LIQ_6656B41AB7,66.0,train,no,,,PA_MEA_7526876D67B5,probe_assisted,MEA_044E1720AE6B;MEA_1FD0F884EAE7;MEA_6744B4E9FEFA;MEA_D4EE6BBDEC82,LIQ_06B74E7F53;LIQ_0F4168490E;LIQ_1BD1B94C09;LIQ_53310FAFB3,4,yes,yes,,35.07524181303191,7.799152225085104,48.556936194399334
MEA_D4EE6BBDEC82,REC_FFCB07DC115D,SRC001,SFC_D5092F34D983,LIQ_1BD1B94C09,52.0,train,no,,,ZS_MEA_D4EE6BBDEC82,zero_shot,,,0,no,no,zero_shot_not_applicable,0.0,0.0,0.0
MEA_D4EE6BBDEC82,REC_FFCB07DC115D,SRC001,SFC_D5092F34D983,LIQ_1BD1B94C09,52.0,train,no,,,PA_MEA_D4EE6BBDEC82,probe_assisted,MEA_044E1720AE6B;MEA_1FD0F884EAE7;MEA_6744B4E9FEFA;MEA_7526876D67B5,LIQ_06B74E7F53;LIQ_0F4168490E;LIQ_53310FAFB3;LIQ_6656B41AB7,4,yes,yes,,30.497532641793565,10.63313248113198,47.20634203551642
MEA_6744B4E9FEFA,REC_A37D45EF4078,SRC001,SFC_D5092F34D983,LIQ_0F4168490E,60.0,train,no,,,ZS_MEA_6744B4E9FEFA,zero_shot,,,0,no,no,zero_shot_not_applicable,0.0,0.0,0.0
MEA_6744B4E9FEFA,REC_A37D45EF4078,SRC001,SFC_D5092F34D983,LIQ_0F4168490E,60.0,train,no,,,PA_MEA_6744B4E9FEFA,probe_assisted,MEA_044E1720AE6B;MEA_1FD0F884EAE7;MEA_7526876D67B5;MEA_D4EE6BBDEC82,LIQ_06B74E7F53;LIQ_1BD1B94C09;LIQ_53310FAFB3;LIQ_6656B41AB7,4,yes,yes,,33.58397158328277,2.7099627845208913,86.19726167550974
MEA_F437690D1E4A,REC_E40A06126583,SRC001,SFC_7C5DE420C3BC,LIQ_06B74E7F53,8.0,train,no,,,ZS_MEA_F437690D1E4A,zero_shot,,,0,no,no,zero_shot_not_applicable,0.0,0.0,0.0
MEA_F437690D1E4A,REC_E40A06126583,SRC001,SFC_7C5DE420C3BC,LIQ_06B74E7F53,8.0,train,no,,,PA_MEA_F437690D1E4A,probe_assisted,MEA_3406298196F8;MEA_639B1567FD43;MEA_D4BE013D295D;MEA_DBFDF5BA896B,LIQ_0F4168490E;LIQ_1BD1B94C09;LIQ_53310FAFB3;LIQ_6656B41AB7,4,yes,yes,,22.30847251355013,41.58416492039964,65.31278229420275
MEA_D4BE013D295D,REC_FA0F03480EAF,SRC001,SFC_7C5DE420C3BC,LIQ_53310FAFB3,14.0,train,no,,,ZS_MEA_D4BE013D295D,zero_shot,,,0,no,no,zero_shot_not_applicable,0.0,0.0,0.0
MEA_D4BE013D295D,REC_FA0F03480EAF,SRC001,SFC_7C5DE420C3BC,LIQ_53310FAFB3,14.0,train,no,,,PA_MEA_D4BE013D295D,probe_assisted,MEA_3406298196F8;MEA_639B1567FD43;MEA_DBFDF5BA896B;MEA_F437690D1E4A,LIQ_06B74E7F53;LIQ_0F4168490E;LIQ_1BD1B94C09;LIQ_6656B41AB7,4,yes,yes,,31.789942306587914,36.55957726006429,0.0
MEA_639B1567FD43,REC_E35DE00DF2F7,SRC001,SFC_7C5DE420C3BC,LIQ_6656B41AB7,64.0,train,no,,,ZS_MEA_639B1567FD43,zero_shot,,,0,no,no,zero_shot_not_applicable,0.0,0.0,0.0
MEA_639B1567FD43,REC_E35DE00DF2F7,SRC001,SFC_7C5DE420C3BC,LIQ_6656B41AB7,64.0,train,no,,,PA_MEA_639B1567FD43,probe_assisted,MEA_3406298196F8;MEA_D4BE013D295D;MEA_DBFDF5BA896B;MEA_F437690D1E4A,LIQ_06B74E7F53;LIQ_0F4168490E;LIQ_1BD1B94C09;LIQ_53310FAFB3,4,yes,yes,,34.745273897124335,28.542849588524085,49.15310192232686
MEA_DBFDF5BA896B,REC_F98E60FAC76C,SRC001,SFC_7C5DE420C3BC,LIQ_1BD1B94C09,20.0,train,no,,,ZS_MEA_DBFDF5BA896B,zero_shot,,,0,no,no,zero_shot_not_applicable,0.0,0.0,0.0
MEA_DBFDF5BA896B,REC_F98E60FAC76C,SRC001,SFC_7C5DE420C3BC,LIQ_1BD1B94C09,20.0,train,no,,,PA_MEA_DBFDF5BA896B,probe_assisted,MEA_3406298196F8;MEA_639B1567FD43;MEA_D4BE013D295D;MEA_F437690D1E4A,LIQ_06B74E7F53;LIQ_0F4168490E;LIQ_53310FAFB3;LIQ_6656B41AB7,4,yes,yes,,31.44851641630363,33.81176481233551,0.0
MEA_3406298196F8,REC_FDF2D56C8B9A,SRC001,SFC_7C5DE420C3BC,LIQ_0F4168490E,3.0,train,no,,,ZS_MEA_3406298196F8,zero_shot,,,0,no,no,zero_shot_not_applicable,0.0,0.0,0.0
MEA_3406298196F8,REC_FDF2D56C8B9A,SRC001,SFC_7C5DE420C3BC,LIQ_0F4168490E,3.0,train,no,,,PA_MEA_3406298196F8,probe_assisted,MEA_639B1567FD43;MEA_D4BE013D295D;MEA_DBFDF5BA896B;MEA_F437690D1E4A,LIQ_06B74E7F53;LIQ_1BD1B94C09;LIQ_53310FAFB3;LIQ_6656B41AB7,4,yes,yes,,34.17121988792805,16.6315288768722,56.63776741538228
MEA_F90CF43C7393,REC_E06E1B65A682,SRC001,SFC_CB09228EB13A,LIQ_06B74E7F53,8.0,train,no,,,ZS_MEA_F90CF43C7393,zero_shot,,,0,no,no,zero_shot_not_applicable,0.0,0.0,0.0
MEA_F90CF43C7393,REC_E06E1B65A682,SRC001,SFC_CB09228EB13A,LIQ_06B74E7F53,8.0,train,no,,,PA_MEA_F90CF43C7393,probe_assisted,MEA_3C7AB0EF30AF;MEA_9339C919B8A8;MEA_CB62D87C55FB;MEA_EFD27B6C63BC,LIQ_0F4168490E;LIQ_1BD1B94C09;LIQ_53310FAFB3;LIQ_6656B41AB7,4,yes,yes,,20.981361755710388,4.947868563834188,67.98495219277838
MEA_9339C919B8A8,REC_E28E6D610108,SRC001,SFC_CB09228EB13A,LIQ_53310FAFB3,72.0,train,no,,,ZS_MEA_9339C919B8A8,zero_shot,,,0,no,no,zero_shot_not_applicable,0.0,0.0,0.0
MEA_9339C919B8A8,REC_E28E6D610108,SRC001,SFC_CB09228EB13A,LIQ_53310FAFB3,72.0,train,no,,,PA_MEA_9339C919B8A8,probe_assisted,MEA_3C7AB0EF30AF;MEA_CB62D87C55FB;MEA_EFD27B6C63BC;MEA_F90CF43C7393,LIQ_06B74E7F53;LIQ_0F4168490E;LIQ_1BD1B94C09;LIQ_6656B41AB7,4,yes,yes,,30.307027486605,2.585155708910827,58.17810669058693
MEA_3C7AB0EF30AF,REC_33D0BBEECFEA,SRC001,SFC_CB09228EB13A,LIQ_6656B41AB7,70.0,train,no,,,ZS_MEA_3C7AB0EF30AF,zero_shot,,,0,no,no,zero_shot_not_applicable,0.0,0.0,0.0
MEA_3C7AB0EF30AF,REC_33D0BBEECFEA,SRC001,SFC_CB09228EB13A,LIQ_6656B41AB7,70.0,train,no,,,PA_MEA_3C7AB0EF30AF,probe_assisted,MEA_9339C919B8A8;MEA_CB62D87C55FB;MEA_EFD27B6C63BC;MEA_F90CF43C7393,LIQ_06B74E7F53;LIQ_0F4168490E;LIQ_1BD1B94C09;LIQ_53310FAFB3,4,yes,yes,,36.64192042430799,0.6951674602903566,45.68642153512684
MEA_CB62D87C55FB,REC_16296E8E545B,SRC001,SFC_CB09228EB13A,LIQ_1BD1B94C09,73.0,train,no,,,ZS_MEA_CB62D87C55FB,zero_shot,,,0,no,no,zero_shot_not_applicable,0.0,0.0,0.0
MEA_CB62D87C55FB,REC_16296E8E545B,SRC001,SFC_CB09228EB13A,LIQ_1BD1B94C09,73.0,train,no,,,PA_MEA_CB62D87C55FB,probe_assisted,MEA_3C7AB0EF30AF;MEA_9339C919B8A8;MEA_EFD27B6C63BC;MEA_F90CF43C7393,LIQ_06B74E7F53;LIQ_0F4168490E;LIQ_53310FAFB3;LIQ_6656B41AB7,4,yes,yes,,30.407083211405322,2.3034909313226186,65.4434005510262
MEA_EFD27B6C63BC,REC_947E5E183F1E,SRC001,SFC_CB09228EB13A,LIQ_0F4168490E,85.0,train,no,,,ZS_MEA_EFD27B6C63BC,zero_shot,,,0,no,no,zero_shot_not_applicable,0.0,0.0,0.0
MEA_EFD27B6C63BC,REC_947E5E183F1E,SRC001,SFC_CB09228EB13A,LIQ_0F4168490E,85.0,train,no,,,PA_MEA_EFD27B6C63BC,probe_assisted,MEA_3C7AB0EF30AF;MEA_9339C919B8A8;MEA_CB62D87C55FB;MEA_F90CF43C7393,LIQ_06B74E7F53;LIQ_1BD1B94C09;LIQ_53310FAFB3;LIQ_6656B41AB7,4,yes,yes,,31.92302282598038,0.13341205999848754,101.7478422706717
MEA_4C33A32162FE,REC_616F9D2830CE,SRC004,SFC_D6FC0757F82D,LIQ_0F4168490E,103.0,train,no,,,ZS_MEA_4C33A32162FE,zero_shot,,,0,no,no,zero_shot_not_applicable,0.0,0.0,0.0
MEA_4C33A32162FE,REC_616F9D2830CE,SRC004,SFC_D6FC0757F82D,LIQ_0F4168490E,103.0,train,no,,,PA_MEA_4C33A32162FE,probe_assisted,MEA_6C8B99E4D60E;MEA_D8DC3F6A86B4,LIQ_53310FAFB3;LIQ_6656B41AB7,2,yes,yes,,30.53873685578056,0.0,106.92700758045241
MEA_D8DC3F6A86B4,REC_28BCE99CEEA8,SRC004,SFC_D6FC0757F82D,LIQ_53310FAFB3,78.0,train,no,,,ZS_MEA_D8DC3F6A86B4,zero_shot,,,0,no,no,zero_shot_not_applicable,0.0,0.0,0.0
MEA_D8DC3F6A86B4,REC_28BCE99CEEA8,SRC004,SFC_D6FC0757F82D,LIQ_53310FAFB3,78.0,train,no,,,PA_MEA_D8DC3F6A86B4,probe_assisted,MEA_4C33A32162FE;MEA_6C8B99E4D60E,LIQ_0F4168490E;LIQ_6656B41AB7,2,yes,yes,,31.447013573198607,0.0807119759380103,71.9480803415592
MEA_6C8B99E4D60E,REC_8788F64E04F1,SRC004,SFC_D6FC0757F82D,LIQ_6656B41AB7,55.0,train,no,,,ZS_MEA_6C8B99E4D60E,zero_shot,,,0,no,no,zero_shot_not_applicable,0.0,0.0,0.0
MEA_6C8B99E4D60E,REC_8788F64E04F1,SRC004,SFC_D6FC0757F82D,LIQ_6656B41AB7,55.0,train,no,,,PA_MEA_6C8B99E4D60E,probe_assisted,MEA_4C33A32162FE;MEA_D8DC3F6A86B4,LIQ_0F4168490E;LIQ_53310FAFB3,2,yes,yes,,21.552998113708284,0.8375395463037565,72.37879082864266
MEA_E09909FA72FA,REC_1255B952ED4A,SRC004,SFC_B3A450C96FFB,LIQ_0F4168490E,102.0,train,no,,,ZS_MEA_E09909FA72FA,zero_shot,,,0,no,no,zero_shot_not_applicable,0.0,0.0,0.0
MEA_E09909FA72FA,REC_1255B952ED4A,SRC004,SFC_B3A450C96FFB,LIQ_0F4168490E,102.0,train,no,,,PA_MEA_E09909FA72FA,probe_assisted,MEA_3D0EAE6570F7;MEA_90054ACCAB23,LIQ_53310FAFB3;LIQ_6656B41AB7,2,yes,yes,,26.275176760124634,0.01671630257025048,108.48932377003678
MEA_3D0EAE6570F7,REC_1C279CE5A88F,SRC004,SFC_B3A450C96FFB,LIQ_53310FAFB3,80.0,train,no,,,ZS_MEA_3D0EAE6570F7,zero_shot,,,0,no,no,zero_shot_not_applicable,0.0,0.0,0.0
MEA_3D0EAE6570F7,REC_1C279CE5A88F,SRC004,SFC_B3A450C96FFB,LIQ_53310FAFB3,80.0,train,no,,,PA_MEA_3D0EAE6570F7,probe_assisted,MEA_90054ACCAB23;MEA_E09909FA72FA,LIQ_0F4168490E;LIQ_6656B41AB7,2,yes,yes,,26.275176760124655,0.47055335535644116,74.05274288920698
MEA_90054ACCAB23,REC_C4730A142B72,SRC004,SFC_B3A450C96FFB,LIQ_6656B41AB7,64.0,train,no,,,ZS_MEA_90054ACCAB23,zero_shot,,,0,no,no,zero_shot_not_applicable,0.0,0.0,0.0
MEA_90054ACCAB23,REC_C4730A142B72,SRC004,SFC_B3A450C96FFB,LIQ_6656B41AB7,64.0,train,no,,,PA_MEA_90054ACCAB23,probe_assisted,MEA_3D0EAE6570F7;MEA_E09909FA72FA,LIQ_0F4168490E;LIQ_53310FAFB3,2,yes,yes,,17.379363091148797,1.7205629875096713,80.22326874506626
MEA_24CCCEA82F3F,REC_E1BA0DAF68A1,SRC004,SFC_DE76E6500249,LIQ_0F4168490E,101.0,train,no,,,ZS_MEA_24CCCEA82F3F,zero_shot,,,0,no,no,zero_shot_not_applicable,0.0,0.0,0.0
MEA_24CCCEA82F3F,REC_E1BA0DAF68A1,SRC004,SFC_DE76E6500249,LIQ_0F4168490E,101.0,train,no,,,PA_MEA_24CCCEA82F3F,probe_assisted,MEA_8D40CC53862D;MEA_C61A0E1D5E09,LIQ_53310FAFB3;LIQ_6656B41AB7,2,yes,yes,,29.72629252941275,0.01043290616058607,106.29639061227518
MEA_8D40CC53862D,REC_8D637590C72B,SRC004,SFC_DE76E6500249,LIQ_53310FAFB3,76.0,train,no,,,ZS_MEA_8D40CC53862D,zero_shot,,,0,no,no,zero_shot_not_applicable,0.0,0.0,0.0
MEA_8D40CC53862D,REC_8D637590C72B,SRC004,SFC_DE76E6500249,LIQ_53310FAFB3,76.0,train,no,,,PA_MEA_8D40CC53862D,probe_assisted,MEA_24CCCEA82F3F;MEA_C61A0E1D5E09,LIQ_0F4168490E;LIQ_6656B41AB7,2,yes,yes,,29.726292529412788,0.3134207475023782,71.0314304129349
MEA_C61A0E1D5E09,REC_1B1FB3AC87FB,SRC004,SFC_DE76E6500249,LIQ_6656B41AB7,58.0,train,no,,,ZS_MEA_C61A0E1D5E09,zero_shot,,,0,no,no,zero_shot_not_applicable,0.0,0.0,0.0
MEA_C61A0E1D5E09,REC_1B1FB3AC87FB,SRC004,SFC_DE76E6500249,LIQ_6656B41AB7,58.0,train,no,,,PA_MEA_C61A0E1D5E09,probe_assisted,MEA_24CCCEA82F3F;MEA_8D40CC53862D,LIQ_0F4168490E;LIQ_53310FAFB3,2,yes,yes,,21.76481903235614,1.1541546666097762,71.99448230748295
MEA_805E8D357324,REC_0E2915C328B1,SRC004,SFC_30582CAA2D88,LIQ_0F4168490E,107.0,train,no,,,ZS_MEA_805E8D357324,zero_shot,,,0,no,no,zero_shot_not_applicable,0.0,0.0,0.0
MEA_805E8D357324,REC_0E2915C328B1,SRC004,SFC_30582CAA2D88,LIQ_0F4168490E,107.0,train,no,,,PA_MEA_805E8D357324,probe_assisted,MEA_B35A3EA362DB;MEA_F2D78402AA4F,LIQ_53310FAFB3;LIQ_6656B41AB7,2,yes,yes,,27.66450097122277,0.0,108.9858624112035
MEA_B35A3EA362DB,REC_90EA6B4E32E5,SRC004,SFC_30582CAA2D88,LIQ_53310FAFB3,84.0,train,no,,,ZS_MEA_B35A3EA362DB,zero_shot,,,0,no,no,zero_shot_not_applicable,0.0,0.0,0.0
MEA_B35A3EA362DB,REC_90EA6B4E32E5,SRC004,SFC_30582CAA2D88,LIQ_53310FAFB3,84.0,train,no,,,PA_MEA_B35A3EA362DB,probe_assisted,MEA_805E8D357324;MEA_F2D78402AA4F,LIQ_0F4168490E;LIQ_6656B41AB7,2,yes,yes,,29.726292529412788,0.00177854671675236,76.64226150799192
MEA_F2D78402AA4F,REC_5CD93495A4CB,SRC004,SFC_30582CAA2D88,LIQ_6656B41AB7,58.0,train,no,,,ZS_MEA_F2D78402AA4F,zero_shot,,,0,no,no,zero_shot_not_applicable,0.0,0.0,0.0
MEA_F2D78402AA4F,REC_5CD93495A4CB,SRC004,SFC_30582CAA2D88,LIQ_6656B41AB7,58.0,train,no,,,PA_MEA_F2D78402AA4F,probe_assisted,MEA_805E8D357324;MEA_B35A3EA362DB,LIQ_0F4168490E;LIQ_53310FAFB3,2,yes,yes,,18.102358948308808,0.6807773263955202,78.81988566986209
MEA_57A5A3E826DA,REC_95A77EF838FB,SRC004,SFC_6B2C1FFAAC51,LIQ_0F4168490E,104.0,train,no,,,ZS_MEA_57A5A3E826DA,zero_shot,,,0,no,no,zero_shot_not_applicable,0.0,0.0,0.0
MEA_57A5A3E826DA,REC_95A77EF838FB,SRC004,SFC_6B2C1FFAAC51,LIQ_0F4168490E,104.0,train,no,,,PA_MEA_57A5A3E826DA,probe_assisted,MEA_46B27844C6F8;MEA_A48F5EC257BB,LIQ_53310FAFB3;LIQ_6656B41AB7,2,yes,yes,,30.53873685578056,0.0,106.92700758045241
MEA_46B27844C6F8,REC_E0A2EB20E5E1,SRC004,SFC_6B2C1FFAAC51,LIQ_53310FAFB3,78.0,train,no,,,ZS_MEA_46B27844C6F8,zero_shot,,,0,no,no,zero_shot_not_applicable,0.0,0.0,0.0
MEA_46B27844C6F8,REC_E0A2EB20E5E1,SRC004,SFC_6B2C1FFAAC51,LIQ_53310FAFB3,78.0,train,no,,,PA_MEA_46B27844C6F8,probe_assisted,MEA_57A5A3E826DA;MEA_A48F5EC257BB,LIQ_0F4168490E;LIQ_6656B41AB7,2,yes,yes,,31.447013573198596,0.039044899726409774,72.8923247983629
MEA_A48F5EC257BB,REC_0F435FF66B87,SRC004,SFC_6B2C1FFAAC51,LIQ_6656B41AB7,55.0,train,no,,,ZS_MEA_A48F5EC257BB,zero_shot,,,0,no,no,zero_shot_not_applicable,0.0,0.0,0.0
MEA_A48F5EC257BB,REC_0F435FF66B87,SRC004,SFC_6B2C1FFAAC51,LIQ_6656B41AB7,55.0,train,no,,,PA_MEA_A48F5EC257BB,probe_assisted,MEA_46B27844C6F8;MEA_57A5A3E826DA,LIQ_0F4168490E;LIQ_53310FAFB3,2,yes,yes,,22.955963805631328,0.5350044807356873,69.85153854290405
MEA_01E5361E3133,REC_8021D3BDB434,SRC004,SFC_048F8DA4C434,LIQ_0F4168490E,109.0,train,no,,,ZS_MEA_01E5361E3133,zero_shot,,,0,no,no,zero_shot_not_applicable,0.0,0.0,0.0
MEA_01E5361E3133,REC_8021D3BDB434,SRC004,SFC_048F8DA4C434,LIQ_0F4168490E,109.0,train,no,,,PA_MEA_01E5361E3133,probe_assisted,MEA_0C7B44B11C3C;MEA_F123652B3AE9,LIQ_53310FAFB3;LIQ_6656B41AB7,2,yes,yes,,24.165118301405148,0.0,111.68154059053421
MEA_0C7B44B11C3C,REC_B68230783D5A,SRC004,SFC_048F8DA4C434,LIQ_53310FAFB3,85.0,train,no,,,ZS_MEA_0C7B44B11C3C,zero_shot,,,0,no,no,zero_shot_not_applicable,0.0,0.0,0.0
MEA_0C7B44B11C3C,REC_B68230783D5A,SRC004,SFC_048F8DA4C434,LIQ_53310FAFB3,85.0,train,no,,,PA_MEA_0C7B44B11C3C,probe_assisted,MEA_01E5361E3133;MEA_F123652B3AE9,LIQ_0F4168490E;LIQ_6656B41AB7,2,yes,yes,,24.563490011212927,0.03891548577278967,81.49474853408697
MEA_F123652B3AE9,REC_F847405322BF,SRC004,SFC_048F8DA4C434,LIQ_6656B41AB7,67.0,train,no,,,ZS_MEA_F123652B3AE9,zero_shot,,,0,no,no,zero_shot_not_applicable,0.0,0.0,0.0
MEA_F123652B3AE9,REC_F847405322BF,SRC004,SFC_048F8DA4C434,LIQ_6656B41AB7,67.0,train,no,,,PA_MEA_F123652B3AE9,probe_assisted,MEA_01E5361E3133;MEA_0C7B44B11C3C,LIQ_0F4168490E;LIQ_53310FAFB3,2,yes,yes,,19.194362354615702,0.3285770672889186,76.73962068732332
MEA_61083FF63BA1,REC_D69CDBA004AC,SRC004,SFC_97C64E1FE93A,LIQ_0F4168490E,107.0,train,no,,,ZS_MEA_61083FF63BA1,zero_shot,,,0,no,no,zero_shot_not_applicable,0.0,0.0,0.0
MEA_61083FF63BA1,REC_D69CDBA004AC,SRC004,SFC_97C64E1FE93A,LIQ_0F4168490E,107.0,train,no,,,PA_MEA_61083FF63BA1,probe_assisted,MEA_2B3D260B0BE1;MEA_2E1067970F7D,LIQ_53310FAFB3;LIQ_6656B41AB7,2,yes,yes,,36.87884449995885,0.0,102.77008673218405
MEA_2E1067970F7D,REC_BAD699563EED,SRC004,SFC_97C64E1FE93A,LIQ_53310FAFB3,69.0,train,no,,,ZS_MEA_2E1067970F7D,zero_shot,,,0,no,no,zero_shot_not_applicable,0.0,0.0,0.0
MEA_2E1067970F7D,REC_BAD699563EED,SRC004,SFC_97C64E1FE93A,LIQ_53310FAFB3,69.0,train,no,,,PA_MEA_2E1067970F7D,probe_assisted,MEA_2B3D260B0BE1;MEA_61083FF63BA1,LIQ_0F4168490E;LIQ_6656B41AB7,2,yes,yes,,34.96816299122159,0.0,70.92187265305849
MEA_2B3D260B0BE1,REC_9629C08A6F50,SRC004,SFC_97C64E1FE93A,LIQ_6656B41AB7,45.0,train,no,,,ZS_MEA_2B3D260B0BE1,zero_shot,,,0,no,no,zero_shot_not_applicable,0.0,0.0,0.0
MEA_2B3D260B0BE1,REC_9629C08A6F50,SRC004,SFC_97C64E1FE93A,LIQ_6656B41AB7,45.0,train,no,,,PA_MEA_2B3D260B0BE1,probe_assisted,MEA_2E1067970F7D;MEA_61083FF63BA1,LIQ_0F4168490E;LIQ_53310FAFB3,2,yes,yes,,33.91104723764117,0.0,50.649492078623254
MEA_0A824356BA0E,REC_31C5D5CED204,SRC004,SFC_B14CBA5EEC9C,LIQ_0F4168490E,105.0,train,no,,,ZS_MEA_0A824356BA0E,zero_shot,,,0,no,no,zero_shot_not_applicable,0.0,0.0,0.0
MEA_0A824356BA0E,REC_31C5D5CED204,SRC004,SFC_B14CBA5EEC9C,LIQ_0F4168490E,105.0,train,no,,,PA_MEA_0A824356BA0E,probe_assisted,MEA_261C744D4654;MEA_DC6B84304002,LIQ_53310FAFB3;LIQ_6656B41AB7,2,yes,yes,,30.844509970197233,0.0,106.71512180841972
MEA_DC6B84304002,REC_3026F2B73D7E,SRC004,SFC_B14CBA5EEC9C,LIQ_53310FAFB3,77.0,train,no,,,ZS_MEA_DC6B84304002,zero_shot,,,0,no,no,zero_shot_not_applicable,0.0,0.0,0.0
MEA_DC6B84304002,REC_3026F2B73D7E,SRC004,SFC_B14CBA5EEC9C,LIQ_53310FAFB3,77.0,train,no,,,PA_MEA_DC6B84304002,probe_assisted,MEA_0A824356BA0E;MEA_261C744D4654,LIQ_0F4168490E;LIQ_6656B41AB7,2,yes,yes,,31.447013573198596,0.01242616787780543,73.82773364580851
MEA_261C744D4654,REC_6291F47113A0,SRC004,SFC_B14CBA5EEC9C,LIQ_6656B41AB7,55.0,train,no,,,ZS_MEA_261C744D4654,zero_shot,,,0,no,no,zero_shot_not_applicable,0.0,0.0,0.0
MEA_261C744D4654,REC_6291F47113A0,SRC004,SFC_B14CBA5EEC9C,LIQ_6656B41AB7,55.0,train,no,,,PA_MEA_261C744D4654,probe_assisted,MEA_0A824356BA0E;MEA_DC6B84304002,LIQ_0F4168490E;LIQ_53310FAFB3,2,yes,yes,,26.016207751627565,0.196292769580337,64.45211532101501
MEA_F20173EDD9C0,REC_ABC65E7967FA,SRC004,SFC_EE6E9B0961BD,LIQ_0F4168490E,115.0,train,no,,,ZS_MEA_F20173EDD9C0,zero_shot,,,0,no,no,zero_shot_not_applicable,0.0,0.0,0.0
MEA_F20173EDD9C0,REC_ABC65E7967FA,SRC004,SFC_EE6E9B0961BD,LIQ_0F4168490E,115.0,train,no,,,PA_MEA_F20173EDD9C0,probe_assisted,MEA_4037579075BA;MEA_8F1B0326CAD2,LIQ_53310FAFB3;LIQ_6656B41AB7,2,yes,yes,,25.796838862495076,0.0,110.39599118964075
MEA_4037579075BA,REC_A5FFBF16AFD6,SRC004,SFC_EE6E9B0961BD,LIQ_53310FAFB3,88.0,train,no,,,ZS_MEA_4037579075BA,zero_shot,,,0,no,no,zero_shot_not_applicable,0.0,0.0,0.0
MEA_4037579075BA,REC_A5FFBF16AFD6,SRC004,SFC_EE6E9B0961BD,LIQ_53310FAFB3,88.0,train,no,,,PA_MEA_4037579075BA,probe_assisted,MEA_8F1B0326CAD2;MEA_F20173EDD9C0,LIQ_0F4168490E;LIQ_6656B41AB7,2,yes,yes,,25.928903149097255,0.0,81.8038663808159
MEA_8F1B0326CAD2,REC_6AAE420C6622,SRC004,SFC_EE6E9B0961BD,LIQ_6656B41AB7,60.0,train,no,,,ZS_MEA_8F1B0326CAD2,zero_shot,,,0,no,no,zero_shot_not_applicable,0.0,0.0,0.0
MEA_8F1B0326CAD2,REC_6AAE420C6622,SRC004,SFC_EE6E9B0961BD,LIQ_6656B41AB7,60.0,train,no,,,PA_MEA_8F1B0326CAD2,probe_assisted,MEA_4037579075BA;MEA_F20173EDD9C0,LIQ_0F4168490E;LIQ_53310FAFB3,2,yes,yes,,20.835710211397444,0.0,73.68835009534871
MEA_8BF3A24B2662,REC_A610BA11376C,SRC004,SFC_3EDFEEF1E888,LIQ_0F4168490E,108.0,train,no,,,ZS_MEA_8BF3A24B2662,zero_shot,,,0,no,no,zero_shot_not_applicable,0.0,0.0,0.0
MEA_8BF3A24B2662,REC_A610BA11376C,SRC004,SFC_3EDFEEF1E888,LIQ_0F4168490E,108.0,train,no,,,PA_MEA_8BF3A24B2662,probe_assisted,MEA_9B544A31FCB5;MEA_EF1FE5336CE1,LIQ_53310FAFB3;LIQ_6656B41AB7,2,yes,yes,,28.257897708472157,0.0,108.5503279111186
MEA_9B544A31FCB5,REC_4F83657E9936,SRC004,SFC_3EDFEEF1E888,LIQ_53310FAFB3,82.0,train,no,,,ZS_MEA_9B544A31FCB5,zero_shot,,,0,no,no,zero_shot_not_applicable,0.0,0.0,0.0
MEA_9B544A31FCB5,REC_4F83657E9936,SRC004,SFC_3EDFEEF1E888,LIQ_53310FAFB3,82.0,train,no,,,PA_MEA_9B544A31FCB5,probe_assisted,MEA_8BF3A24B2662;MEA_EF1FE5336CE1,LIQ_0F4168490E;LIQ_6656B41AB7,2,yes,yes,,29.512986202646637,0.0,77.35123953819557
MEA_EF1FE5336CE1,REC_C1F2C1E8CB68,SRC004,SFC_3EDFEEF1E888,LIQ_6656B41AB7,58.0,train,no,,,ZS_MEA_EF1FE5336CE1,zero_shot,,,0,no,no,zero_shot_not_applicable,0.0,0.0,0.0
MEA_EF1FE5336CE1,REC_C1F2C1E8CB68,SRC004,SFC_3EDFEEF1E888,LIQ_6656B41AB7,58.0,train,no,,,PA_MEA_EF1FE5336CE1,probe_assisted,MEA_8BF3A24B2662;MEA_9B544A31FCB5,LIQ_0F4168490E;LIQ_53310FAFB3,2,yes,yes,,22.358764580499876,0.18530394793122215,70.92226625344911
MEA_8B04D2C9432F,REC_953A8C3A3F16,SRC004,SFC_5AF649ABE598,LIQ_0F4168490E,112.0,train,no,,,ZS_MEA_8B04D2C9432F,zero_shot,,,0,no,no,zero_shot_not_applicable,0.0,0.0,0.0
MEA_8B04D2C9432F,REC_953A8C3A3F16,SRC004,SFC_5AF649ABE598,LIQ_0F4168490E,112.0,train,no,,,PA_MEA_8B04D2C9432F,probe_assisted,MEA_6EDB6F2A3EFD;MEA_87DDFBC92431,LIQ_53310FAFB3;LIQ_6656B41AB7,2,yes,yes,,26.08450224412383,0.0,110.1747209707413
MEA_87DDFBC92431,REC_84DBA1799CD9,SRC004,SFC_5AF649ABE598,LIQ_53310FAFB3,87.0,train,no,,,ZS_MEA_87DDFBC92431,zero_shot,,,0,no,no,zero_shot_not_applicable,0.0,0.0,0.0
MEA_87DDFBC92431,REC_84DBA1799CD9,SRC004,SFC_5AF649ABE598,LIQ_53310FAFB3,87.0,train,no,,,PA_MEA_87DDFBC92431,probe_assisted,MEA_6EDB6F2A3EFD;MEA_8B04D2C9432F,LIQ_0F4168490E;LIQ_6656B41AB7,2,yes,yes,,27.086156804410553,0.0,80.34116604394876
MEA_6EDB6F2A3EFD,REC_B2898473D913,SRC004,SFC_5AF649ABE598,LIQ_6656B41AB7,60.0,train,no,,,ZS_MEA_6EDB6F2A3EFD,zero_shot,,,0,no,no,zero_shot_not_applicable,0.0,0.0,0.0
MEA_6EDB6F2A3EFD,REC_B2898473D913,SRC004,SFC_5AF649ABE598,LIQ_6656B41AB7,60.0,train,no,,,PA_MEA_6EDB6F2A3EFD,probe_assisted,MEA_87DDFBC92431;MEA_8B04D2C9432F,LIQ_0F4168490E;LIQ_53310FAFB3,2,yes,yes,,20.08164522296412,0.06646590000274294,75.07998022111178
MEA_AB5BD1D2BA5D,REC_6A4550CF1208,SRC004,SFC_49824CF36E40,LIQ_0F4168490E,100.0,train,no,,,ZS_MEA_AB5BD1D2BA5D,zero_shot,,,0,no,no,zero_shot_not_applicable,0.0,0.0,0.0
MEA_AB5BD1D2BA5D,REC_6A4550CF1208,SRC004,SFC_49824CF36E40,LIQ_0F4168490E,100.0,train,no,,,PA_MEA_AB5BD1D2BA5D,probe_assisted,MEA_596B409A7C5E;MEA_A12926F69353,LIQ_53310FAFB3;LIQ_6656B41AB7,2,yes,yes,,30.874747879965902,0.06301736283902216,103.76931574360509
MEA_596B409A7C5E,REC_BAC10F9DCF31,SRC004,SFC_49824CF36E40,LIQ_53310FAFB3,73.0,train,no,,,ZS_MEA_596B409A7C5E,zero_shot,,,0,no,no,zero_shot_not_applicable,0.0,0.0,0.0
MEA_596B409A7C5E,REC_BAC10F9DCF31,SRC004,SFC_49824CF36E40,LIQ_53310FAFB3,73.0,train,no,,,PA_MEA_596B409A7C5E,probe_assisted,MEA_A12926F69353;MEA_AB5BD1D2BA5D,LIQ_0F4168490E;LIQ_6656B41AB7,2,yes,yes,,30.87474787996592,0.33536038372287424,69.39299268651152
MEA_A12926F69353,REC_3488B7817AD1,SRC004,SFC_49824CF36E40,LIQ_6656B41AB7,56.0,train,no,,,ZS_MEA_A12926F69353,zero_shot,,,0,no,no,zero_shot_not_applicable,0.0,0.0,0.0
MEA_A12926F69353,REC_3488B7817AD1,SRC004,SFC_49824CF36E40,LIQ_6656B41AB7,56.0,train,no,,,PA_MEA_A12926F69353,probe_assisted,MEA_596B409A7C5E;MEA_AB5BD1D2BA5D,LIQ_0F4168490E;LIQ_53310FAFB3,2,yes,yes,,24.92470841443453,0.8984591327457714,66.36432609311349
MEA_EB7B903AE81E,REC_1D905101A054,SRC004,SFC_5AED3C744401,LIQ_0F4168490E,98.0,train,no,,,ZS_MEA_EB7B903AE81E,zero_shot,,,0,no,no,zero_shot_not_applicable,0.0,0.0,0.0
MEA_EB7B903AE81E,REC_1D905101A054,SRC004,SFC_5AED3C744401,LIQ_0F4168490E,98.0,train,no,,,PA_MEA_EB7B903AE81E,probe_assisted,MEA_1B72ECBF6D8F;MEA_E64552D407A9,LIQ_53310FAFB3;LIQ_6656B41AB7,2,yes,yes,,30.23335892696506,0.0,107.13992096916648
MEA_E64552D407A9,REC_AF611A5A0F3E,SRC004,SFC_5AED3C744401,LIQ_53310FAFB3,79.0,train,no,,,ZS_MEA_E64552D407A9,zero_shot,,,0,no,no,zero_shot_not_applicable,0.0,0.0,0.0
MEA_E64552D407A9,REC_AF611A5A0F3E,SRC004,SFC_5AED3C744401,LIQ_53310FAFB3,79.0,train,no,,,PA_MEA_E64552D407A9,probe_assisted,MEA_1B72ECBF6D8F;MEA_EB7B903AE81E,LIQ_0F4168490E;LIQ_6656B41AB7,2,yes,yes,,31.447013573198586,0.5202887417128733,67.08995430808794
MEA_1B72ECBF6D8F,REC_1B27A24F9605,SRC004,SFC_5AED3C744401,LIQ_6656B41AB7,55.0,train,no,,,ZS_MEA_1B72ECBF6D8F,zero_shot,,,0,no,no,zero_shot_not_applicable,0.0,0.0,0.0
MEA_1B72ECBF6D8F,REC_1B27A24F9605,SRC004,SFC_5AED3C744401,LIQ_6656B41AB7,55.0,train,no,,,PA_MEA_1B72ECBF6D8F,probe_assisted,MEA_E64552D407A9;MEA_EB7B903AE81E,LIQ_0F4168490E;LIQ_53310FAFB3,2,yes,yes,,13.904992473559535,3.8012539801916305,87.34248505707649
MEA_4B217F653B8C,REC_54C745B461B5,SRC004,SFC_F08CE41D3B56,LIQ_0F4168490E,109.0,train,no,,,ZS_MEA_4B217F653B8C,zero_shot,,,0,no,no,zero_shot_not_applicable,0.0,0.0,0.0
MEA_4B217F653B8C,REC_54C745B461B5,SRC004,SFC_F08CE41D3B56,LIQ_0F4168490E,109.0,train,no,,,PA_MEA_4B217F653B8C,probe_assisted,MEA_5A7527E5A57C;MEA_D3DD0856C805,LIQ_53310FAFB3;LIQ_6656B41AB7,2,yes,yes,,26.84892234132729,0.003663085521461816,108.87350432253713
MEA_5A7527E5A57C,REC_6BF6678E2EF0,SRC004,SFC_F08CE41D3B56,LIQ_53310FAFB3,80.0,train,no,,,ZS_MEA_5A7527E5A57C,zero_shot,,,0,no,no,zero_shot_not_applicable,0.0,0.0,0.0
MEA_5A7527E5A57C,REC_6BF6678E2EF0,SRC004,SFC_F08CE41D3B56,LIQ_53310FAFB3,80.0,train,no,,,PA_MEA_5A7527E5A57C,probe_assisted,MEA_4B217F653B8C;MEA_D3DD0856C805,LIQ_0F4168490E;LIQ_6656B41AB7,2,yes,yes,,26.848922341327313,0.002487959352534496,80.11245168662477
MEA_D3DD0856C805,REC_E8E54DDA5122,SRC004,SFC_F08CE41D3B56,LIQ_6656B41AB7,63.0,train,no,,,ZS_MEA_D3DD0856C805,zero_shot,,,0,no,no,zero_shot_not_applicable,0.0,0.0,0.0
MEA_D3DD0856C805,REC_E8E54DDA5122,SRC004,SFC_F08CE41D3B56,LIQ_6656B41AB7,63.0,train,no,,,PA_MEA_D3DD0856C805,probe_assisted,MEA_4B217F653B8C;MEA_5A7527E5A57C,LIQ_0F4168490E;LIQ_53310FAFB3,2,yes,yes,,27.038901675973303,0.0014375530728854907,62.66930465497574
MEA_EE33190327F4,REC_068AC3842617,SRC004,SFC_D31ACCAB15C3,LIQ_0F4168490E,110.0,train,no,,,ZS_MEA_EE33190327F4,zero_shot,,,0,no,no,zero_shot_not_applicable,0.0,0.0,0.0
MEA_EE33190327F4,REC_068AC3842617,SRC004,SFC_D31ACCAB15C3,LIQ_0F4168490E,110.0,train,no,,,PA_MEA_EE33190327F4,probe_assisted,MEA_7D7331494A49;MEA_8064FACE4AE6,LIQ_53310FAFB3;LIQ_6656B41AB7,2,yes,yes,,25.702802526704243,0.010788819968886795,109.22729857133284
MEA_8064FACE4AE6,REC_49B4DB03B333,SRC004,SFC_D31ACCAB15C3,LIQ_53310FAFB3,81.0,train,no,,,ZS_MEA_8064FACE4AE6,zero_shot,,,0,no,no,zero_shot_not_applicable,0.0,0.0,0.0
MEA_8064FACE4AE6,REC_49B4DB03B333,SRC004,SFC_D31ACCAB15C3,LIQ_53310FAFB3,81.0,train,no,,,PA_MEA_8064FACE4AE6,probe_assisted,MEA_7D7331494A49;MEA_EE33190327F4,LIQ_0F4168490E;LIQ_6656B41AB7,2,yes,yes,,25.70280252670425,0.0015302820526747326,81.68157270816067
MEA_7D7331494A49,REC_F1640A076775,SRC004,SFC_D31ACCAB15C3,LIQ_6656B41AB7,65.0,train,no,,,ZS_MEA_7D7331494A49,zero_shot,,,0,no,no,zero_shot_not_applicable,0.0,0.0,0.0
MEA_7D7331494A49,REC_F1640A076775,SRC004,SFC_D31ACCAB15C3,LIQ_6656B41AB7,65.0,train,no,,,PA_MEA_7D7331494A49,probe_assisted,MEA_8064FACE4AE6;MEA_EE33190327F4,LIQ_0F4168490E;LIQ_53310FAFB3,2,yes,yes,,26.45523175215115,0.0,63.68594630781321
MEA_A3DB5DA10EFE,REC_A90C767274BD,SRC012,SFC_EC8F580B7830,LIQ_6656B41AB7,101.1,internal_test,no,,,ZS_MEA_A3DB5DA10EFE,zero_shot,,,0,no,no,zero_shot_not_applicable,0.0,0.0,0.0
MEA_A3DB5DA10EFE,REC_A90C767274BD,SRC012,SFC_EC8F580B7830,LIQ_6656B41AB7,101.1,internal_test,no,,,PA_MEA_A3DB5DA10EFE,probe_assisted,MEA_1D9A8BA30626;MEA_545CE42BA5FF,LIQ_53310FAFB3;LIQ_B6950B5CB8,2,yes,yes,,11.840282701132248,0.8977693789843598,91.97366849256906
MEA_46540AE73DFD,REC_1452FDDD0065,SRC012,SFC_DD6EFD722DF2,LIQ_6656B41AB7,161.1,internal_test,no,,,ZS_MEA_46540AE73DFD,zero_shot,,,0,no,no,zero_shot_not_applicable,0.0,0.0,0.0
MEA_46540AE73DFD,REC_1452FDDD0065,SRC012,SFC_DD6EFD722DF2,LIQ_6656B41AB7,161.1,internal_test,no,,,PA_MEA_46540AE73DFD,probe_assisted,MEA_19FD99EC69A3;MEA_FFE28F6E58D2,LIQ_53310FAFB3;LIQ_B6950B5CB8,2,yes,yes,,0.39221530973233704,0.0,145.51395638229542
MEA_1D9A8BA30626,REC_C86638FE3C0A,SRC012,SFC_EC8F580B7830,LIQ_53310FAFB3,93.2,internal_test,no,,,ZS_MEA_1D9A8BA30626,zero_shot,,,0,no,no,zero_shot_not_applicable,0.0,0.0,0.0
MEA_1D9A8BA30626,REC_C86638FE3C0A,SRC012,SFC_EC8F580B7830,LIQ_53310FAFB3,93.2,internal_test,no,,,PA_MEA_1D9A8BA30626,probe_assisted,MEA_545CE42BA5FF;MEA_A3DB5DA10EFE,LIQ_6656B41AB7;LIQ_B6950B5CB8,2,yes,no,singular_fit,0.0,0.0,
MEA_FFE28F6E58D2,REC_49E6EBF046EB,SRC012,SFC_DD6EFD722DF2,LIQ_53310FAFB3,159.4,internal_test,no,,,ZS_MEA_FFE28F6E58D2,zero_shot,,,0,no,no,zero_shot_not_applicable,0.0,0.0,0.0
MEA_FFE28F6E58D2,REC_49E6EBF046EB,SRC012,SFC_DD6EFD722DF2,LIQ_53310FAFB3,159.4,internal_test,no,,,PA_MEA_FFE28F6E58D2,probe_assisted,MEA_19FD99EC69A3;MEA_46540AE73DFD,LIQ_6656B41AB7;LIQ_B6950B5CB8,2,yes,no,singular_fit,0.0,0.0,
MEA_545CE42BA5FF,REC_BEF28DA29EBB,SRC012,SFC_EC8F580B7830,LIQ_B6950B5CB8,71.8,internal_test,no,,,ZS_MEA_545CE42BA5FF,zero_shot,,,0,no,no,zero_shot_not_applicable,0.0,0.0,0.0
MEA_545CE42BA5FF,REC_BEF28DA29EBB,SRC012,SFC_EC8F580B7830,LIQ_B6950B5CB8,71.8,internal_test,no,,,PA_MEA_545CE42BA5FF,probe_assisted,MEA_1D9A8BA30626;MEA_A3DB5DA10EFE,LIQ_53310FAFB3;LIQ_6656B41AB7,2,yes,yes,,8.280663836698487,2.7010970898418956,84.40598051212258
MEA_19FD99EC69A3,REC_2A6DFA75A0D6,SRC012,SFC_DD6EFD722DF2,LIQ_B6950B5CB8,128.6,internal_test,no,,,ZS_MEA_19FD99EC69A3,zero_shot,,,0,no,no,zero_shot_not_applicable,0.0,0.0,0.0
MEA_19FD99EC69A3,REC_2A6DFA75A0D6,SRC012,SFC_DD6EFD722DF2,LIQ_B6950B5CB8,128.6,internal_test,no,,,PA_MEA_19FD99EC69A3,probe_assisted,MEA_46540AE73DFD;MEA_FFE28F6E58D2,LIQ_53310FAFB3;LIQ_6656B41AB7,2,yes,yes,,0.03691621436598275,0.013151974934066009,157.92950263147648
MEA_045592B68FF5,REC_70B53D6582B7,SRC014,SFC_27CC011F7F38,LIQ_1BD1B94C09,50.7,train,no,,,ZS_MEA_045592B68FF5,zero_shot,,,0,no,no,zero_shot_not_applicable,0.0,0.0,0.0
MEA_045592B68FF5,REC_70B53D6582B7,SRC014,SFC_27CC011F7F38,LIQ_1BD1B94C09,50.7,train,no,,,PA_MEA_045592B68FF5,probe_assisted,MEA_63F27B8C41F7;MEA_98A9A2DEAF8E,LIQ_0F4168490E;LIQ_6656B41AB7,2,yes,yes,,44.63032788922151,9.895441571947227,24.293302936519396
MEA_63F27B8C41F7,REC_FC9D5730B435,SRC014,SFC_27CC011F7F38,LIQ_6656B41AB7,29.0,train,no,,,ZS_MEA_63F27B8C41F7,zero_shot,,,0,no,no,zero_shot_not_applicable,0.0,0.0,0.0
MEA_63F27B8C41F7,REC_FC9D5730B435,SRC014,SFC_27CC011F7F38,LIQ_6656B41AB7,29.0,train,no,,,PA_MEA_63F27B8C41F7,probe_assisted,MEA_045592B68FF5;MEA_98A9A2DEAF8E,LIQ_0F4168490E;LIQ_1BD1B94C09,2,yes,yes,,18.53677461935371,22.07659794633451,77.98695857637684
MEA_98A9A2DEAF8E,REC_3355A12F70CF,SRC014,SFC_27CC011F7F38,LIQ_0F4168490E,61.7,train,no,,,ZS_MEA_98A9A2DEAF8E,zero_shot,,,0,no,no,zero_shot_not_applicable,0.0,0.0,0.0
MEA_98A9A2DEAF8E,REC_3355A12F70CF,SRC014,SFC_27CC011F7F38,LIQ_0F4168490E,61.7,train,no,,,PA_MEA_98A9A2DEAF8E,probe_assisted,MEA_045592B68FF5;MEA_63F27B8C41F7,LIQ_1BD1B94C09;LIQ_6656B41AB7,2,yes,yes,,44.63032788922151,1.6787954883497551,83.61969464839534
MEA_89FB72ABBF3E,REC_016209709BAC,SRC014,SFC_5CF465520919,LIQ_1BD1B94C09,61.3,train,no,,,ZS_MEA_89FB72ABBF3E,zero_shot,,,0,no,no,zero_shot_not_applicable,0.0,0.0,0.0
MEA_89FB72ABBF3E,REC_016209709BAC,SRC014,SFC_5CF465520919,LIQ_1BD1B94C09,61.3,train,no,,,PA_MEA_89FB72ABBF3E,probe_assisted,MEA_09BB17C80B3C;MEA_2913D3817FC2,LIQ_0F4168490E;LIQ_6656B41AB7,2,yes,yes,,41.65539238694304,6.73676476819577,38.74107211581704
MEA_2913D3817FC2,REC_9E33C0A62D63,SRC014,SFC_5CF465520919,LIQ_6656B41AB7,35.8,train,no,,,ZS_MEA_2913D3817FC2,zero_shot,,,0,no,no,zero_shot_not_applicable,0.0,0.0,0.0
MEA_2913D3817FC2,REC_9E33C0A62D63,SRC014,SFC_5CF465520919,LIQ_6656B41AB7,35.8,train,no,,,PA_MEA_2913D3817FC2,probe_assisted,MEA_09BB17C80B3C;MEA_89FB72ABBF3E,LIQ_0F4168490E;LIQ_1BD1B94C09,2,yes,yes,,15.160832536032295,18.228762546687044,84.68702073767878
MEA_09BB17C80B3C,REC_8FF54601C15E,SRC014,SFC_5CF465520919,LIQ_0F4168490E,70.3,train,no,,,ZS_MEA_09BB17C80B3C,zero_shot,,,0,no,no,zero_shot_not_applicable,0.0,0.0,0.0
MEA_09BB17C80B3C,REC_8FF54601C15E,SRC014,SFC_5CF465520919,LIQ_0F4168490E,70.3,train,no,,,PA_MEA_09BB17C80B3C,probe_assisted,MEA_2913D3817FC2;MEA_89FB72ABBF3E,LIQ_1BD1B94C09;LIQ_6656B41AB7,2,yes,yes,,41.65539238694299,0.36146261932162593,93.10549766285341
MEA_9C6BDDB69C2D,REC_500FAA3F5744,SRC014,SFC_57CAC88FEA44,LIQ_1BD1B94C09,71.2,train,no,,,ZS_MEA_9C6BDDB69C2D,zero_shot,,,0,no,no,zero_shot_not_applicable,0.0,0.0,0.0
MEA_9C6BDDB69C2D,REC_500FAA3F5744,SRC014,SFC_57CAC88FEA44,LIQ_1BD1B94C09,71.2,train,no,,,PA_MEA_9C6BDDB69C2D,probe_assisted,MEA_09BF2A8FB17B;MEA_95A08DC6925F,LIQ_0F4168490E;LIQ_6656B41AB7,2,yes,yes,,39.10337252875483,3.5201637768981517,51.05191884358515
MEA_09BF2A8FB17B,REC_2679E2328616,SRC014,SFC_57CAC88FEA44,LIQ_6656B41AB7,41.0,train,no,,,ZS_MEA_09BF2A8FB17B,zero_shot,,,0,no,no,zero_shot_not_applicable,0.0,0.0,0.0
MEA_09BF2A8FB17B,REC_2679E2328616,SRC014,SFC_57CAC88FEA44,LIQ_6656B41AB7,41.0,train,no,,,PA_MEA_09BF2A8FB17B,probe_assisted,MEA_95A08DC6925F;MEA_9C6BDDB69C2D,LIQ_0F4168490E;LIQ_1BD1B94C09,2,yes,yes,,13.224553102989427,12.8666316491452,88.82863544647921
MEA_95A08DC6925F,REC_557886264DC6,SRC014,SFC_57CAC88FEA44,LIQ_0F4168490E,80.2,train,no,,,ZS_MEA_95A08DC6925F,zero_shot,,,0,no,no,zero_shot_not_applicable,0.0,0.0,0.0
MEA_95A08DC6925F,REC_557886264DC6,SRC014,SFC_57CAC88FEA44,LIQ_0F4168490E,80.2,train,no,,,PA_MEA_95A08DC6925F,probe_assisted,MEA_09BF2A8FB17B;MEA_9C6BDDB69C2D,LIQ_1BD1B94C09;LIQ_6656B41AB7,2,yes,yes,,38.491787363026084,0.0,101.7819245837612
MEA_D591A8555CEC,REC_A61E409571E7,SRC014,SFC_5A3C9776191D,LIQ_1BD1B94C09,78.7,train,no,,,ZS_MEA_D591A8555CEC,zero_shot,,,0,no,no,zero_shot_not_applicable,0.0,0.0,0.0
MEA_D591A8555CEC,REC_A61E409571E7,SRC014,SFC_5A3C9776191D,LIQ_1BD1B94C09,78.7,train,no,,,PA_MEA_D591A8555CEC,probe_assisted,MEA_43542EE89962;MEA_54207E23981A,LIQ_0F4168490E;LIQ_6656B41AB7,2,yes,yes,,36.90337793018325,1.9626952576707188,58.75130275364871
MEA_43542EE89962,REC_1A10EB7B12F0,SRC014,SFC_5A3C9776191D,LIQ_6656B41AB7,45.2,train,no,,,ZS_MEA_43542EE89962,zero_shot,,,0,no,no,zero_shot_not_applicable,0.0,0.0,0.0
MEA_43542EE89962,REC_1A10EB7B12F0,SRC014,SFC_5A3C9776191D,LIQ_6656B41AB7,45.2,train,no,,,PA_MEA_43542EE89962,probe_assisted,MEA_54207E23981A;MEA_D591A8555CEC,LIQ_0F4168490E;LIQ_1BD1B94C09,2,yes,yes,,11.006015464507566,10.263481814054218,93.96104401263273
MEA_54207E23981A,REC_72D34211B360,SRC014,SFC_5A3C9776191D,LIQ_0F4168490E,86.9,train,no,,,ZS_MEA_54207E23981A,zero_shot,,,0,no,no,zero_shot_not_applicable,0.0,0.0,0.0
MEA_54207E23981A,REC_72D34211B360,SRC014,SFC_5A3C9776191D,LIQ_0F4168490E,86.9,train,no,,,PA_MEA_54207E23981A,probe_assisted,MEA_43542EE89962;MEA_D591A8555CEC,LIQ_1BD1B94C09;LIQ_6656B41AB7,2,yes,yes,,34.20456952386242,0.0,104.46650874074774
MEA_B3AC27D33C28,REC_9120C0E1FF26,SRC014,SFC_B6F0FD6B29BC,LIQ_1BD1B94C09,87.8,train,no,,,ZS_MEA_B3AC27D33C28,zero_shot,,,0,no,no,zero_shot_not_applicable,0.0,0.0,0.0
MEA_B3AC27D33C28,REC_9120C0E1FF26,SRC014,SFC_B6F0FD6B29BC,LIQ_1BD1B94C09,87.8,train,no,,,PA_MEA_B3AC27D33C28,probe_assisted,MEA_1E547DD6FE81;MEA_E136453008CD,LIQ_0F4168490E;LIQ_6656B41AB7,2,yes,yes,,31.84655515440266,0.07265769039151987,75.1810750174439
MEA_E136453008CD,REC_82CCBED7C1EA,SRC014,SFC_B6F0FD6B29BC,LIQ_6656B41AB7,54.3,train,no,,,ZS_MEA_E136453008CD,zero_shot,,,0,no,no,zero_shot_not_applicable,0.0,0.0,0.0
MEA_E136453008CD,REC_82CCBED7C1EA,SRC014,SFC_B6F0FD6B29BC,LIQ_6656B41AB7,54.3,train,no,,,PA_MEA_E136453008CD,probe_assisted,MEA_1E547DD6FE81;MEA_B3AC27D33C28,LIQ_0F4168490E;LIQ_1BD1B94C09,2,yes,yes,,14.33782856275777,2.2007258562906045,86.41514845779241
MEA_1E547DD6FE81,REC_6D42847AAD9B,SRC014,SFC_B6F0FD6B29BC,LIQ_0F4168490E,102.9,train,no,,,ZS_MEA_1E547DD6FE81,zero_shot,,,0,no,no,zero_shot_not_applicable,0.0,0.0,0.0
MEA_1E547DD6FE81,REC_6D42847AAD9B,SRC014,SFC_B6F0FD6B29BC,LIQ_0F4168490E,102.9,train,no,,,PA_MEA_1E547DD6FE81,probe_assisted,MEA_B3AC27D33C28;MEA_E136453008CD,LIQ_1BD1B94C09;LIQ_6656B41AB7,2,yes,yes,,27.948005902411996,0.0,108.77706162743311
MEA_7C2CC6A03287,REC_78825B4816AC,SRC014,SFC_6CB60F9F2B48,LIQ_1BD1B94C09,84.7,train,no,,,ZS_MEA_7C2CC6A03287,zero_shot,,,0,no,no,zero_shot_not_applicable,0.0,0.0,0.0
MEA_7C2CC6A03287,REC_78825B4816AC,SRC014,SFC_6CB60F9F2B48,LIQ_1BD1B94C09,84.7,train,no,,,PA_MEA_7C2CC6A03287,probe_assisted,MEA_04574BCBCF86;MEA_8A798BD9D255,LIQ_0F4168490E;LIQ_6656B41AB7,2,yes,yes,,36.47271080559768,0.24215350430217045,68.00729657737952
MEA_8A798BD9D255,REC_18C619CF4134,SRC014,SFC_6CB60F9F2B48,LIQ_6656B41AB7,46.0,train,no,,,ZS_MEA_8A798BD9D255,zero_shot,,,0,no,no,zero_shot_not_applicable,0.0,0.0,0.0
MEA_8A798BD9D255,REC_18C619CF4134,SRC014,SFC_6CB60F9F2B48,LIQ_6656B41AB7,46.0,train,no,,,PA_MEA_8A798BD9D255,probe_assisted,MEA_04574BCBCF86;MEA_7C2CC6A03287,LIQ_0F4168490E;LIQ_1BD1B94C09,2,yes,yes,,13.173522897118296,4.2748274506833965,88.94157068037022
MEA_04574BCBCF86,REC_2A27AE959A5C,SRC014,SFC_6CB60F9F2B48,LIQ_0F4168490E,97.4,train,no,,,ZS_MEA_04574BCBCF86,zero_shot,,,0,no,no,zero_shot_not_applicable,0.0,0.0,0.0
MEA_04574BCBCF86,REC_2A27AE959A5C,SRC014,SFC_6CB60F9F2B48,LIQ_0F4168490E,97.4,train,no,,,PA_MEA_04574BCBCF86,probe_assisted,MEA_7C2CC6A03287;MEA_8A798BD9D255,LIQ_1BD1B94C09;LIQ_6656B41AB7,2,yes,yes,,31.57843329905708,0.0,106.21173365765068
MEA_B8AE5C8701F1,REC_FE5ADFB7CAA9,SRC014,SFC_1C9D06C5B008,LIQ_1BD1B94C09,77.3,train,no,,,ZS_MEA_B8AE5C8701F1,zero_shot,,,0,no,no,zero_shot_not_applicable,0.0,0.0,0.0
MEA_B8AE5C8701F1,REC_FE5ADFB7CAA9,SRC014,SFC_1C9D06C5B008,LIQ_1BD1B94C09,77.3,train,no,,,PA_MEA_B8AE5C8701F1,probe_assisted,MEA_BB93E8F71FCC;MEA_C7B03FCAA556,LIQ_0F4168490E;LIQ_6656B41AB7,2,yes,yes,,35.65655230699016,1.3602662186006018,62.53581605628147
MEA_BB93E8F71FCC,REC_2665BF34BC97,SRC014,SFC_1C9D06C5B008,LIQ_6656B41AB7,47.5,train,no,,,ZS_MEA_BB93E8F71FCC,zero_shot,,,0,no,no,zero_shot_not_applicable,0.0,0.0,0.0
MEA_BB93E8F71FCC,REC_2665BF34BC97,SRC014,SFC_1C9D06C5B008,LIQ_6656B41AB7,47.5,train,no,,,PA_MEA_BB93E8F71FCC,probe_assisted,MEA_B8AE5C8701F1;MEA_C7B03FCAA556,LIQ_0F4168490E;LIQ_1BD1B94C09,2,yes,yes,,15.286707405077179,6.320701186949148,84.42650569129965
MEA_C7B03FCAA556,REC_51F74037479B,SRC014,SFC_1C9D06C5B008,LIQ_0F4168490E,90.3,train,no,,,ZS_MEA_C7B03FCAA556,zero_shot,,,0,no,no,zero_shot_not_applicable,0.0,0.0,0.0
MEA_C7B03FCAA556,REC_51F74037479B,SRC014,SFC_1C9D06C5B008,LIQ_0F4168490E,90.3,train,no,,,PA_MEA_C7B03FCAA556,probe_assisted,MEA_B8AE5C8701F1;MEA_BB93E8F71FCC,LIQ_1BD1B94C09;LIQ_6656B41AB7,2,yes,yes,,34.08359145058313,0.0,104.54509352045774
MEA_D1FC1ACD0D41,REC_E3E70395C013,SRC014,SFC_4AABAF84DB2B,LIQ_1BD1B94C09,57.2,train,no,,,ZS_MEA_D1FC1ACD0D41,zero_shot,,,0,no,no,zero_shot_not_applicable,0.0,0.0,0.0
MEA_D1FC1ACD0D41,REC_E3E70395C013,SRC014,SFC_4AABAF84DB2B,LIQ_1BD1B94C09,57.2,train,no,,,PA_MEA_D1FC1ACD0D41,probe_assisted,MEA_1A029235C86C;MEA_BB7E0377AFAF,LIQ_0F4168490E;LIQ_6656B41AB7,2,yes,yes,,45.027743795656,2.219008069601532,48.01593190019276
MEA_BB7E0377AFAF,REC_D99D5AFAE127,SRC014,SFC_4AABAF84DB2B,LIQ_6656B41AB7,28.0,train,no,,,ZS_MEA_BB7E0377AFAF,zero_shot,,,0,no,no,zero_shot_not_applicable,0.0,0.0,0.0
MEA_BB7E0377AFAF,REC_D99D5AFAE127,SRC014,SFC_4AABAF84DB2B,LIQ_6656B41AB7,28.0,train,no,,,PA_MEA_BB7E0377AFAF,probe_assisted,MEA_1A029235C86C;MEA_D1FC1ACD0D41,LIQ_0F4168490E;LIQ_1BD1B94C09,2,yes,yes,,31.6254370132707,4.840281343020342,54.68760382370808
MEA_1A029235C86C,REC_1406C3F9321D,SRC014,SFC_4AABAF84DB2B,LIQ_0F4168490E,81.2,train,no,,,ZS_MEA_1A029235C86C,zero_shot,,,0,no,no,zero_shot_not_applicable,0.0,0.0,0.0
MEA_1A029235C86C,REC_1406C3F9321D,SRC014,SFC_4AABAF84DB2B,LIQ_0F4168490E,81.2,train,no,,,PA_MEA_1A029235C86C,probe_assisted,MEA_BB7E0377AFAF;MEA_D1FC1ACD0D41,LIQ_1BD1B94C09;LIQ_6656B41AB7,2,yes,yes,,45.027743795655965,0.4137836012208652,90.74869238451018
MEA_23AE9B7F3397,REC_545F019CEE40,SRC014,SFC_B6A2235DD98C,LIQ_1BD1B94C09,51.9,train,no,,,ZS_MEA_23AE9B7F3397,zero_shot,,,0,no,no,zero_shot_not_applicable,0.0,0.0,0.0
MEA_23AE9B7F3397,REC_545F019CEE40,SRC014,SFC_B6A2235DD98C,LIQ_1BD1B94C09,51.9,train,no,,,PA_MEA_23AE9B7F3397,probe_assisted,MEA_23991151972E;MEA_F33184A132F6,LIQ_0F4168490E;LIQ_6656B41AB7,2,yes,yes,,41.46684073471791,10.705689875961351,28.53751245569252
MEA_23991151972E,REC_9212240D3AA1,SRC014,SFC_B6A2235DD98C,LIQ_6656B41AB7,36.2,train,no,,,ZS_MEA_23991151972E,zero_shot,,,0,no,no,zero_shot_not_applicable,0.0,0.0,0.0
MEA_23991151972E,REC_9212240D3AA1,SRC014,SFC_B6A2235DD98C,LIQ_6656B41AB7,36.2,train,no,,,PA_MEA_23991151972E,probe_assisted,MEA_23AE9B7F3397;MEA_F33184A132F6,LIQ_0F4168490E;LIQ_1BD1B94C09,2,yes,yes,,17.691471750622675,22.39290977275978,79.61471051054826
MEA_F33184A132F6,REC_E9A9D179F4ED,SRC014,SFC_B6A2235DD98C,LIQ_0F4168490E,62.1,train,no,,,ZS_MEA_F33184A132F6,zero_shot,,,0,no,no,zero_shot_not_applicable,0.0,0.0,0.0
MEA_F33184A132F6,REC_E9A9D179F4ED,SRC014,SFC_B6A2235DD98C,LIQ_0F4168490E,62.1,train,no,,,PA_MEA_F33184A132F6,probe_assisted,MEA_23991151972E;MEA_23AE9B7F3397,LIQ_1BD1B94C09;LIQ_6656B41AB7,2,yes,yes,,41.46684073471789,2.348217388668051,82.72458053753562
MEA_D2A1C485FA99,REC_738699BD7760,SRC016,SFC_405F23DB01A4,LIQ_0F4168490E,84.0,train,no,,,ZS_MEA_D2A1C485FA99,zero_shot,,,0,no,no,zero_shot_not_applicable,0.0,0.0,0.0
MEA_D2A1C485FA99,REC_738699BD7760,SRC016,SFC_405F23DB01A4,LIQ_0F4168490E,84.0,train,no,,,PA_MEA_D2A1C485FA99,probe_assisted,MEA_AC21211733A9;MEA_B2EA305F96A5,LIQ_53310FAFB3;LIQ_6656B41AB7,2,yes,yes,,33.15159743621383,5.834975718964024e-06,105.12806895418615
MEA_AC21211733A9,REC_3C3C6F773784,SRC016,SFC_405F23DB01A4,LIQ_6656B41AB7,52.0,train,no,,,ZS_MEA_AC21211733A9,zero_shot,,,0,no,no,zero_shot_not_applicable,0.0,0.0,0.0
MEA_AC21211733A9,REC_3C3C6F773784,SRC016,SFC_405F23DB01A4,LIQ_6656B41AB7,52.0,train,no,,,PA_MEA_AC21211733A9,probe_assisted,MEA_B2EA305F96A5;MEA_D2A1C485FA99,LIQ_0F4168490E;LIQ_53310FAFB3,2,yes,yes,,6.526844875603686,15.67765513361309,106.44617720506426
MEA_B2EA305F96A5,REC_D63A28D85CC2,SRC016,SFC_405F23DB01A4,LIQ_53310FAFB3,73.0,train,no,,,ZS_MEA_B2EA305F96A5,zero_shot,,,0,no,no,zero_shot_not_applicable,0.0,0.0,0.0
MEA_B2EA305F96A5,REC_D63A28D85CC2,SRC016,SFC_405F23DB01A4,LIQ_53310FAFB3,73.0,train,no,,,PA_MEA_B2EA305F96A5,probe_assisted,MEA_AC21211733A9;MEA_D2A1C485FA99,LIQ_0F4168490E;LIQ_6656B41AB7,2,yes,yes,,33.151597436213834,3.4797409654774385,50.896030847297205
MEA_9566BFC5DBF5,REC_8CDC3695E9BD,SRC016,SFC_0F23A72E37B9,LIQ_0F4168490E,74.0,train,no,,,ZS_MEA_9566BFC5DBF5,zero_shot,,,0,no,no,zero_shot_not_applicable,0.0,0.0,0.0
MEA_9566BFC5DBF5,REC_8CDC3695E9BD,SRC016,SFC_0F23A72E37B9,LIQ_0F4168490E,74.0,train,no,,,PA_MEA_9566BFC5DBF5,probe_assisted,MEA_1D891EC769A2;MEA_A5A9C8C6AE69,LIQ_53310FAFB3;LIQ_6656B41AB7,2,yes,yes,,35.92980473731226,0.8767454745026303,92.71814451188493
MEA_1D891EC769A2,REC_FD7A2332ED5B,SRC016,SFC_0F23A72E37B9,LIQ_6656B41AB7,47.0,train,no,,,ZS_MEA_1D891EC769A2,zero_shot,,,0,no,no,zero_shot_not_applicable,0.0,0.0,0.0
MEA_1D891EC769A2,REC_FD7A2332ED5B,SRC016,SFC_0F23A72E37B9,LIQ_6656B41AB7,47.0,train,no,,,PA_MEA_1D891EC769A2,probe_assisted,MEA_9566BFC5DBF5;MEA_A5A9C8C6AE69,LIQ_0F4168490E;LIQ_53310FAFB3,2,yes,yes,,10.005403107277623,19.659480292155138,96.45390267231389
MEA_A5A9C8C6AE69,REC_B3592C8F325B,SRC016,SFC_0F23A72E37B9,LIQ_53310FAFB3,59.0,train,no,,,ZS_MEA_A5A9C8C6AE69,zero_shot,,,0,no,no,zero_shot_not_applicable,0.0,0.0,0.0
MEA_A5A9C8C6AE69,REC_B3592C8F325B,SRC016,SFC_0F23A72E37B9,LIQ_53310FAFB3,59.0,train,no,,,PA_MEA_A5A9C8C6AE69,probe_assisted,MEA_1D891EC769A2;MEA_9566BFC5DBF5,LIQ_0F4168490E;LIQ_6656B41AB7,2,yes,yes,,35.929804737312296,6.671840864270406,35.50125263469551
MEA_F0375BF8E145,REC_00793330F35E,SRC016,SFC_A7196B14253F,LIQ_0F4168490E,64.0,train,no,,,ZS_MEA_F0375BF8E145,zero_shot,,,0,no,no,zero_shot_not_applicable,0.0,0.0,0.0
MEA_F0375BF8E145,REC_00793330F35E,SRC016,SFC_A7196B14253F,LIQ_0F4168490E,64.0,train,no,,,PA_MEA_F0375BF8E145,probe_assisted,MEA_3F677E6F5C49;MEA_4B5671326217,LIQ_53310FAFB3;LIQ_6656B41AB7,2,yes,yes,,34.27413935785307,3.831461933951272,82.24258313616491
MEA_3F677E6F5C49,REC_C67EE9DC6D41,SRC016,SFC_A7196B14253F,LIQ_6656B41AB7,50.0,train,no,,,ZS_MEA_3F677E6F5C49,zero_shot,,,0,no,no,zero_shot_not_applicable,0.0,0.0,0.0
MEA_3F677E6F5C49,REC_C67EE9DC6D41,SRC016,SFC_A7196B14253F,LIQ_6656B41AB7,50.0,train,no,,,PA_MEA_3F677E6F5C49,probe_assisted,MEA_4B5671326217;MEA_F0375BF8E145,LIQ_0F4168490E;LIQ_53310FAFB3,2,yes,yes,,10.21282427190071,27.47890223497937,95.92638853139738
MEA_4B5671326217,REC_646A21F1638A,SRC016,SFC_A7196B14253F,LIQ_53310FAFB3,48.0,train,no,,,ZS_MEA_4B5671326217,zero_shot,,,0,no,no,zero_shot_not_applicable,0.0,0.0,0.0
MEA_4B5671326217,REC_646A21F1638A,SRC016,SFC_A7196B14253F,LIQ_53310FAFB3,48.0,train,no,,,PA_MEA_4B5671326217,probe_assisted,MEA_3F677E6F5C49;MEA_F0375BF8E145,LIQ_0F4168490E;LIQ_6656B41AB7,2,yes,yes,,34.27413935785311,12.276661699769607,18.19706839398438
MEA_E188024EA8D5,REC_60C38E126879,SRC016,SFC_5B987F983A60,LIQ_0F4168490E,92.0,train,no,,,ZS_MEA_E188024EA8D5,zero_shot,,,0,no,no,zero_shot_not_applicable,0.0,0.0,0.0
MEA_E188024EA8D5,REC_60C38E126879,SRC016,SFC_5B987F983A60,LIQ_0F4168490E,92.0,train,no,,,PA_MEA_E188024EA8D5,probe_assisted,MEA_02B2DC4A397C;MEA_6229321E2950,LIQ_53310FAFB3;LIQ_6656B41AB7,2,yes,yes,,33.15159743621381,3.1770988019616024,84.93698133310328
MEA_02B2DC4A397C,REC_4C32E4E75DC5,SRC016,SFC_5B987F983A60,LIQ_6656B41AB7,52.0,train,no,,,ZS_MEA_02B2DC4A397C,zero_shot,,,0,no,no,zero_shot_not_applicable,0.0,0.0,0.0
MEA_02B2DC4A397C,REC_4C32E4E75DC5,SRC016,SFC_5B987F983A60,LIQ_6656B41AB7,52.0,train,no,,,PA_MEA_02B2DC4A397C,probe_assisted,MEA_6229321E2950;MEA_E188024EA8D5,LIQ_0F4168490E;LIQ_53310FAFB3,2,yes,yes,,46.74359455458795,0.20175384265733118,23.29390309146964
MEA_6229321E2950,REC_AFA410415495,SRC016,SFC_5B987F983A60,LIQ_53310FAFB3,52.0,train,no,,,ZS_MEA_6229321E2950,zero_shot,,,0,no,no,zero_shot_not_applicable,0.0,0.0,0.0
MEA_6229321E2950,REC_AFA410415495,SRC016,SFC_5B987F983A60,LIQ_53310FAFB3,52.0,train,no,,,PA_MEA_6229321E2950,probe_assisted,MEA_02B2DC4A397C;MEA_E188024EA8D5,LIQ_0F4168490E;LIQ_6656B41AB7,2,yes,yes,,33.151597436213834,1.3334229644884545,59.890269421465135
MEA_56FB2B3C33B5,REC_E058E319F526,SRC018,SFC_21E5A9897F5F,LIQ_0F4168490E,123.4,internal_test,no,,,ZS_MEA_56FB2B3C33B5,zero_shot,,,0,no,no,zero_shot_not_applicable,0.0,0.0,0.0
MEA_56FB2B3C33B5,REC_E058E319F526,SRC018,SFC_21E5A9897F5F,LIQ_0F4168490E,123.4,internal_test,no,,,PA_MEA_56FB2B3C33B5,probe_assisted,MEA_1D10DBDAD14D;MEA_F634BFCBB04B;MEA_F6B64AB682C0,LIQ_53310FAFB3;LIQ_5C0DC0DCD1;LIQ_6656B41AB7,3,yes,yes,,4.450945109666224,0.9516467131752052,122.54713650353584
MEA_F6B64AB682C0,REC_8A955C0EF2FE,SRC018,SFC_21E5A9897F5F,LIQ_5C0DC0DCD1,105.8,internal_test,no,,,ZS_MEA_F6B64AB682C0,zero_shot,,,0,no,no,zero_shot_not_applicable,0.0,0.0,0.0
MEA_F6B64AB682C0,REC_8A955C0EF2FE,SRC018,SFC_21E5A9897F5F,LIQ_5C0DC0DCD1,105.8,internal_test,no,,,PA_MEA_F6B64AB682C0,probe_assisted,MEA_1D10DBDAD14D;MEA_56FB2B3C33B5;MEA_F634BFCBB04B,LIQ_0F4168490E;LIQ_53310FAFB3;LIQ_6656B41AB7,3,yes,yes,,3.759447635250793,0.468370687564251,121.13263381088257
MEA_F634BFCBB04B,REC_E4BDA13F9788,SRC018,SFC_21E5A9897F5F,LIQ_53310FAFB3,127.3,internal_test,no,,,ZS_MEA_F634BFCBB04B,zero_shot,,,0,no,no,zero_shot_not_applicable,0.0,0.0,0.0
MEA_F634BFCBB04B,REC_E4BDA13F9788,SRC018,SFC_21E5A9897F5F,LIQ_53310FAFB3,127.3,internal_test,no,,,PA_MEA_F634BFCBB04B,probe_assisted,MEA_1D10DBDAD14D;MEA_56FB2B3C33B5;MEA_F6B64AB682C0,LIQ_0F4168490E;LIQ_5C0DC0DCD1;LIQ_6656B41AB7,3,yes,yes,,5.352065851542309,1.232777746778953,106.21535970967818
MEA_1D10DBDAD14D,REC_48B421E8D24C,SRC018,SFC_21E5A9897F5F,LIQ_6656B41AB7,113.6,internal_test,no,,,ZS_MEA_1D10DBDAD14D,zero_shot,,,0,no,no,zero_shot_not_applicable,0.0,0.0,0.0
MEA_1D10DBDAD14D,REC_48B421E8D24C,SRC018,SFC_21E5A9897F5F,LIQ_6656B41AB7,113.6,internal_test,no,,,PA_MEA_1D10DBDAD14D,probe_assisted,MEA_56FB2B3C33B5;MEA_F634BFCBB04B;MEA_F6B64AB682C0,LIQ_0F4168490E;LIQ_53310FAFB3;LIQ_5C0DC0DCD1,3,yes,yes,,4.145248785964061,1.018519905901147,115.3843182880777
MEA_E341DEF08371,REC_37319B88C1DB,SRC018,SFC_750CEF900F32,LIQ_0F4168490E,135.3,internal_test,no,,,ZS_MEA_E341DEF08371,zero_shot,,,0,no,no,zero_shot_not_applicable,0.0,0.0,0.0
MEA_E341DEF08371,REC_37319B88C1DB,SRC018,SFC_750CEF900F32,LIQ_0F4168490E,135.3,internal_test,no,,,PA_MEA_E341DEF08371,probe_assisted,MEA_40978EEFA8B2;MEA_609296D47DF1;MEA_6D62F4715B9F,LIQ_53310FAFB3;LIQ_5C0DC0DCD1;LIQ_6656B41AB7,3,yes,yes,,3.386816561432874,0.9708833718686893,124.79375687807361
MEA_6D62F4715B9F,REC_6BD940406B2D,SRC018,SFC_750CEF900F32,LIQ_5C0DC0DCD1,110.4,internal_test,no,,,ZS_MEA_6D62F4715B9F,zero_shot,,,0,no,no,zero_shot_not_applicable,0.0,0.0,0.0
MEA_6D62F4715B9F,REC_6BD940406B2D,SRC018,SFC_750CEF900F32,LIQ_5C0DC0DCD1,110.4,internal_test,no,,,PA_MEA_6D62F4715B9F,probe_assisted,MEA_40978EEFA8B2;MEA_609296D47DF1;MEA_E341DEF08371,LIQ_0F4168490E;LIQ_53310FAFB3;LIQ_6656B41AB7,3,yes,yes,,3.2133945759415963,0.03278409533255708,128.80559116515784
MEA_609296D47DF1,REC_73115DF43270,SRC018,SFC_750CEF900F32,LIQ_53310FAFB3,128.6,internal_test,no,,,ZS_MEA_609296D47DF1,zero_shot,,,0,no,no,zero_shot_not_applicable,0.0,0.0,0.0
MEA_609296D47DF1,REC_73115DF43270,SRC018,SFC_750CEF900F32,LIQ_53310FAFB3,128.6,internal_test,no,,,PA_MEA_609296D47DF1,probe_assisted,MEA_40978EEFA8B2;MEA_6D62F4715B9F;MEA_E341DEF08371,LIQ_0F4168490E;LIQ_5C0DC0DCD1;LIQ_6656B41AB7,3,yes,yes,,4.499129435315751,0.32701588861499176,114.84720399025379
MEA_40978EEFA8B2,REC_EDD3C9494299,SRC018,SFC_750CEF900F32,LIQ_6656B41AB7,118.5,internal_test,no,,,ZS_MEA_40978EEFA8B2,zero_shot,,,0,no,no,zero_shot_not_applicable,0.0,0.0,0.0
MEA_40978EEFA8B2,REC_EDD3C9494299,SRC018,SFC_750CEF900F32,LIQ_6656B41AB7,118.5,internal_test,no,,,PA_MEA_40978EEFA8B2,probe_assisted,MEA_609296D47DF1;MEA_6D62F4715B9F;MEA_E341DEF08371,LIQ_0F4168490E;LIQ_53310FAFB3;LIQ_5C0DC0DCD1,3,yes,yes,,6.472477293194163,0.0,106.62500276904024
MEA_E25E179C33CC,REC_11EE1691E57B,SRC018,SFC_7F45928FEC29,LIQ_0F4168490E,158.6,internal_test,no,,,ZS_MEA_E25E179C33CC,zero_shot,,,0,no,no,zero_shot_not_applicable,0.0,0.0,0.0
MEA_E25E179C33CC,REC_11EE1691E57B,SRC018,SFC_7F45928FEC29,LIQ_0F4168490E,158.6,internal_test,no,,,PA_MEA_E25E179C33CC,probe_assisted,MEA_2982E142A921;MEA_34F596C94FC4;MEA_435D8FA18713,LIQ_53310FAFB3;LIQ_5C0DC0DCD1;LIQ_6656B41AB7,3,yes,yes,,0.13569283629116694,0.39632896088091013,146.02043085322416
MEA_2982E142A921,REC_E2A79D16652C,SRC018,SFC_7F45928FEC29,LIQ_5C0DC0DCD1,140.7,internal_test,no,,,ZS_MEA_2982E142A921,zero_shot,,,0,no,no,zero_shot_not_applicable,0.0,0.0,0.0
MEA_2982E142A921,REC_E2A79D16652C,SRC018,SFC_7F45928FEC29,LIQ_5C0DC0DCD1,140.7,internal_test,no,,,PA_MEA_2982E142A921,probe_assisted,MEA_34F596C94FC4;MEA_435D8FA18713;MEA_E25E179C33CC,LIQ_0F4168490E;LIQ_53310FAFB3;LIQ_6656B41AB7,3,yes,yes,,0.14845138866345112,0.01285077595077795,155.18854870162184
MEA_435D8FA18713,REC_4B3DE70C985D,SRC018,SFC_7F45928FEC29,LIQ_53310FAFB3,152.4,internal_test,no,,,ZS_MEA_435D8FA18713,zero_shot,,,0,no,no,zero_shot_not_applicable,0.0,0.0,0.0
MEA_435D8FA18713,REC_4B3DE70C985D,SRC018,SFC_7F45928FEC29,LIQ_53310FAFB3,152.4,internal_test,no,,,PA_MEA_435D8FA18713,probe_assisted,MEA_2982E142A921;MEA_34F596C94FC4;MEA_E25E179C33CC,LIQ_0F4168490E;LIQ_5C0DC0DCD1;LIQ_6656B41AB7,3,yes,yes,,0.2672317291664659,0.07619414104061854,146.49874134688608
MEA_34F596C94FC4,REC_43B022298DD4,SRC018,SFC_7F45928FEC29,LIQ_6656B41AB7,153.4,internal_test,no,,,ZS_MEA_34F596C94FC4,zero_shot,,,0,no,no,zero_shot_not_applicable,0.0,0.0,0.0
MEA_34F596C94FC4,REC_43B022298DD4,SRC018,SFC_7F45928FEC29,LIQ_6656B41AB7,153.4,internal_test,no,,,PA_MEA_34F596C94FC4,probe_assisted,MEA_2982E142A921;MEA_435D8FA18713;MEA_E25E179C33CC,LIQ_0F4168490E;LIQ_53310FAFB3;LIQ_5C0DC0DCD1,3,yes,yes,,0.6362466229078889,0.0,140.91157659099156
MEA_0887FC3FD803,REC_D07C4BB81E74,SRC018,SFC_989A2292E56A,LIQ_0F4168490E,125.2,internal_test,no,,,ZS_MEA_0887FC3FD803,zero_shot,,,0,no,no,zero_shot_not_applicable,0.0,0.0,0.0
MEA_0887FC3FD803,REC_D07C4BB81E74,SRC018,SFC_989A2292E56A,LIQ_0F4168490E,125.2,internal_test,no,,,PA_MEA_0887FC3FD803,probe_assisted,MEA_05A05C3E4596;MEA_B35409464A78;MEA_DD1C3EF3C513,LIQ_53310FAFB3;LIQ_5C0DC0DCD1;LIQ_6656B41AB7,3,yes,yes,,2.9712510471380034,0.18533253032529137,133.98216232458537
MEA_DD1C3EF3C513,REC_F728FF018F7A,SRC018,SFC_989A2292E56A,LIQ_5C0DC0DCD1,120.5,internal_test,no,,,ZS_MEA_DD1C3EF3C513,zero_shot,,,0,no,no,zero_shot_not_applicable,0.0,0.0,0.0
MEA_DD1C3EF3C513,REC_F728FF018F7A,SRC018,SFC_989A2292E56A,LIQ_5C0DC0DCD1,120.5,internal_test,no,,,PA_MEA_DD1C3EF3C513,probe_assisted,MEA_05A05C3E4596;MEA_0887FC3FD803;MEA_B35409464A78,LIQ_0F4168490E;LIQ_53310FAFB3;LIQ_6656B41AB7,3,yes,yes,,2.359335301343487,0.6515422105247038,125.0597102526966
MEA_B35409464A78,REC_8E3DB6D53856,SRC018,SFC_989A2292E56A,LIQ_53310FAFB3,132.7,internal_test,no,,,ZS_MEA_B35409464A78,zero_shot,,,0,no,no,zero_shot_not_applicable,0.0,0.0,0.0
MEA_B35409464A78,REC_8E3DB6D53856,SRC018,SFC_989A2292E56A,LIQ_53310FAFB3,132.7,internal_test,no,,,PA_MEA_B35409464A78,probe_assisted,MEA_05A05C3E4596;MEA_0887FC3FD803;MEA_DD1C3EF3C513,LIQ_0F4168490E;LIQ_5C0DC0DCD1;LIQ_6656B41AB7,3,yes,yes,,2.999543481054288,1.027026086565964,115.29824055295599
MEA_05A05C3E4596,REC_3FFBC36EAC91,SRC018,SFC_989A2292E56A,LIQ_6656B41AB7,120.8,internal_test,no,,,ZS_MEA_05A05C3E4596,zero_shot,,,0,no,no,zero_shot_not_applicable,0.0,0.0,0.0
MEA_05A05C3E4596,REC_3FFBC36EAC91,SRC018,SFC_989A2292E56A,LIQ_6656B41AB7,120.8,internal_test,no,,,PA_MEA_05A05C3E4596,probe_assisted,MEA_0887FC3FD803;MEA_B35409464A78;MEA_DD1C3EF3C513,LIQ_0F4168490E;LIQ_53310FAFB3;LIQ_5C0DC0DCD1,3,yes,yes,,0.2836175401269706,3.3744083223140118,148.27271199305216
MEA_D084E7BE258F,REC_908F2BDD1D1B,SRC018,SFC_3480038F8EFE,LIQ_0F4168490E,120.7,internal_test,no,,,ZS_MEA_D084E7BE258F,zero_shot,,,0,no,no,zero_shot_not_applicable,0.0,0.0,0.0
MEA_D084E7BE258F,REC_908F2BDD1D1B,SRC018,SFC_3480038F8EFE,LIQ_0F4168490E,120.7,internal_test,no,,,PA_MEA_D084E7BE258F,probe_assisted,MEA_43D9A88DC413;MEA_8A1B3BE7D5E5;MEA_F99225720EDB,LIQ_53310FAFB3;LIQ_5C0DC0DCD1;LIQ_6656B41AB7,3,yes,yes,,5.871881247796451,0.15154506989575645,127.79221774199627
MEA_F99225720EDB,REC_166554F9D700,SRC018,SFC_3480038F8EFE,LIQ_5C0DC0DCD1,114.4,internal_test,no,,,ZS_MEA_F99225720EDB,zero_shot,,,0,no,no,zero_shot_not_applicable,0.0,0.0,0.0
MEA_F99225720EDB,REC_166554F9D700,SRC018,SFC_3480038F8EFE,LIQ_5C0DC0DCD1,114.4,internal_test,no,,,PA_MEA_F99225720EDB,probe_assisted,MEA_43D9A88DC413;MEA_8A1B3BE7D5E5;MEA_D084E7BE258F,LIQ_0F4168490E;LIQ_53310FAFB3;LIQ_6656B41AB7,3,yes,yes,,5.213420628241019,0.5560849841641455,116.16779609551782
MEA_8A1B3BE7D5E5,REC_21908B8DD026,SRC018,SFC_3480038F8EFE,LIQ_53310FAFB3,118.5,internal_test,no,,,ZS_MEA_8A1B3BE7D5E5,zero_shot,,,0,no,no,zero_shot_not_applicable,0.0,0.0,0.0
MEA_8A1B3BE7D5E5,REC_21908B8DD026,SRC018,SFC_3480038F8EFE,LIQ_53310FAFB3,118.5,internal_test,no,,,PA_MEA_8A1B3BE7D5E5,probe_assisted,MEA_43D9A88DC413;MEA_D084E7BE258F;MEA_F99225720EDB,LIQ_0F4168490E;LIQ_5C0DC0DCD1;LIQ_6656B41AB7,3,yes,yes,,5.788169664927996,0.758585724825994,107.5767069681915
MEA_43D9A88DC413,REC_C3D75AAACE0D,SRC018,SFC_3480038F8EFE,LIQ_6656B41AB7,108.5,internal_test,no,,,ZS_MEA_43D9A88DC413,zero_shot,,,0,no,no,zero_shot_not_applicable,0.0,0.0,0.0
MEA_43D9A88DC413,REC_C3D75AAACE0D,SRC018,SFC_3480038F8EFE,LIQ_6656B41AB7,108.5,internal_test,no,,,PA_MEA_43D9A88DC413,probe_assisted,MEA_8A1B3BE7D5E5;MEA_D084E7BE258F;MEA_F99225720EDB,LIQ_0F4168490E;LIQ_53310FAFB3;LIQ_5C0DC0DCD1,3,yes,yes,,2.0017150925506426,2.51628454281959,127.08448488213158
MEA_6E656DBCF040,REC_3270E5A7395A,SRC019,SFC_33502EC79F24,LIQ_0F4168490E,87.6,train,no,,,ZS_MEA_6E656DBCF040,zero_shot,,,0,no,no,zero_shot_not_applicable,0.0,0.0,0.0
MEA_6E656DBCF040,REC_3270E5A7395A,SRC019,SFC_33502EC79F24,LIQ_0F4168490E,87.6,train,no,,,PA_MEA_6E656DBCF040,probe_assisted,MEA_4DA1BDFD4B0C;MEA_5F09B2CFC105,LIQ_53310FAFB3;LIQ_6656B41AB7,2,yes,yes,,27.65382844120729,2.1996241030217107,91.97643597755167
MEA_935E36E504F1,REC_65153F8A6596,SRC019,SFC_21ED5CFE6366,LIQ_0F4168490E,90.6,train,no,,,ZS_MEA_935E36E504F1,zero_shot,,,0,no,no,zero_shot_not_applicable,0.0,0.0,0.0
MEA_935E36E504F1,REC_65153F8A6596,SRC019,SFC_21ED5CFE6366,LIQ_0F4168490E,90.6,train,no,,,PA_MEA_935E36E504F1,probe_assisted,MEA_1A3C94173AB6;MEA_B0C1018D15F3,LIQ_53310FAFB3;LIQ_6656B41AB7,2,yes,yes,,28.632588071325237,1.409523222863954,94.62907807802638
MEA_9D5BC323263F,REC_4BC5D63C6B07,SRC019,SFC_2CBEAAA7843B,LIQ_0F4168490E,98.2,train,no,,,ZS_MEA_9D5BC323263F,zero_shot,,,0,no,no,zero_shot_not_applicable,0.0,0.0,0.0
MEA_9D5BC323263F,REC_4BC5D63C6B07,SRC019,SFC_2CBEAAA7843B,LIQ_0F4168490E,98.2,train,no,,,PA_MEA_9D5BC323263F,probe_assisted,MEA_3B5A81D4DA3D;MEA_98A7519E8D69,LIQ_53310FAFB3;LIQ_6656B41AB7,2,yes,yes,,31.218301913057104,0.001405127420839418,106.01896011266604
MEA_1AC5A36A0CEE,REC_283E6A0CFA0B,SRC019,SFC_D900D5201DB3,LIQ_0F4168490E,97.8,train,no,,,ZS_MEA_1AC5A36A0CEE,zero_shot,,,0,no,no,zero_shot_not_applicable,0.0,0.0,0.0
MEA_1AC5A36A0CEE,REC_283E6A0CFA0B,SRC019,SFC_D900D5201DB3,LIQ_0F4168490E,97.8,train,no,,,PA_MEA_1AC5A36A0CEE,probe_assisted,MEA_0FB8EB7E67B8;MEA_7B1490122020,LIQ_53310FAFB3;LIQ_6656B41AB7,2,yes,yes,,27.13620440534071,0.24533722867437047,103.56983393263133
MEA_188F249305A6,REC_BDDA1E451473,SRC019,SFC_C44A751DCE9E,LIQ_0F4168490E,97.6,train,no,,,ZS_MEA_188F249305A6,zero_shot,,,0,no,no,zero_shot_not_applicable,0.0,0.0,0.0
MEA_188F249305A6,REC_BDDA1E451473,SRC019,SFC_C44A751DCE9E,LIQ_0F4168490E,97.6,train,no,,,PA_MEA_188F249305A6,probe_assisted,MEA_024BF46B1B05;MEA_933BAAC2B3E6,LIQ_53310FAFB3;LIQ_6656B41AB7,2,yes,yes,,32.13133515128077,0.18590927244584116,100.85428415692063
MEA_5F09B2CFC105,REC_6E7E31F1CD96,SRC019,SFC_33502EC79F24,LIQ_6656B41AB7,61.6,train,no,,,ZS_MEA_5F09B2CFC105,zero_shot,,,0,no,no,zero_shot_not_applicable,0.0,0.0,0.0
MEA_5F09B2CFC105,REC_6E7E31F1CD96,SRC019,SFC_33502EC79F24,LIQ_6656B41AB7,61.6,train,no,,,PA_MEA_5F09B2CFC105,probe_assisted,MEA_4DA1BDFD4B0C;MEA_6E656DBCF040,LIQ_0F4168490E;LIQ_53310FAFB3,2,yes,yes,,21.063533246447008,5.335434438346011,73.2709893550621
MEA_B0C1018D15F3,REC_28C2E07BF455,SRC019,SFC_21ED5CFE6366,LIQ_6656B41AB7,59.9,train,no,,,ZS_MEA_B0C1018D15F3,zero_shot,,,0,no,no,zero_shot_not_applicable,0.0,0.0,0.0
MEA_B0C1018D15F3,REC_28C2E07BF455,SRC019,SFC_21ED5CFE6366,LIQ_6656B41AB7,59.9,train,no,,,PA_MEA_B0C1018D15F3,probe_assisted,MEA_1A3C94173AB6;MEA_935E36E504F1,LIQ_0F4168490E;LIQ_53310FAFB3,2,yes,yes,,22.4247924337795,3.793141209056991,70.8035355601557
MEA_3B5A81D4DA3D,REC_228C9B144575,SRC019,SFC_2CBEAAA7843B,LIQ_6656B41AB7,55.4,train,no,,,ZS_MEA_3B5A81D4DA3D,zero_shot,,,0,no,no,zero_shot_not_applicable,0.0,0.0,0.0
MEA_3B5A81D4DA3D,REC_228C9B144575,SRC019,SFC_2CBEAAA7843B,LIQ_6656B41AB7,55.4,train,no,,,PA_MEA_3B5A81D4DA3D,probe_assisted,MEA_98A7519E8D69;MEA_9D5BC323263F,LIQ_0F4168490E;LIQ_53310FAFB3,2,yes,yes,,19.527362199187042,2.1931277392589834,76.11375534288884
MEA_7B1490122020,REC_56B0D8F3A55A,SRC019,SFC_D900D5201DB3,LIQ_6656B41AB7,62.5,train,no,,,ZS_MEA_7B1490122020,zero_shot,,,0,no,no,zero_shot_not_applicable,0.0,0.0,0.0
MEA_7B1490122020,REC_56B0D8F3A55A,SRC019,SFC_D900D5201DB3,LIQ_6656B41AB7,62.5,train,no,,,PA_MEA_7B1490122020,probe_assisted,MEA_0FB8EB7E67B8;MEA_1AC5A36A0CEE,LIQ_0F4168490E;LIQ_53310FAFB3,2,yes,yes,,18.856784158323357,2.4529789253132654,77.37799617772619
MEA_024BF46B1B05,REC_244A912CB4FA,SRC019,SFC_C44A751DCE9E,LIQ_6656B41AB7,53.8,train,no,,,ZS_MEA_024BF46B1B05,zero_shot,,,0,no,no,zero_shot_not_applicable,0.0,0.0,0.0
MEA_024BF46B1B05,REC_244A912CB4FA,SRC019,SFC_C44A751DCE9E,LIQ_6656B41AB7,53.8,train,no,,,PA_MEA_024BF46B1B05,probe_assisted,MEA_188F249305A6;MEA_933BAAC2B3E6,LIQ_0F4168490E;LIQ_53310FAFB3,2,yes,yes,,26.803706922572747,1.077541684041567,63.0787343240033
MEA_4DA1BDFD4B0C,REC_9B27C1FBEDAB,SRC019,SFC_33502EC79F24,LIQ_53310FAFB3,63.3,train,no,,,ZS_MEA_4DA1BDFD4B0C,zero_shot,,,0,no,no,zero_shot_not_applicable,0.0,0.0,0.0
MEA_4DA1BDFD4B0C,REC_9B27C1FBEDAB,SRC019,SFC_33502EC79F24,LIQ_53310FAFB3,63.3,train,no,,,PA_MEA_4DA1BDFD4B0C,probe_assisted,MEA_5F09B2CFC105;MEA_6E656DBCF040,LIQ_0F4168490E;LIQ_6656B41AB7,2,yes,yes,,27.65382844120731,3.50566616917264,58.666999991011586
MEA_1A3C94173AB6,REC_FF1F46505FC5,SRC019,SFC_21ED5CFE6366,LIQ_53310FAFB3,65.4,train,no,,,ZS_MEA_1A3C94173AB6,zero_shot,,,0,no,no,zero_shot_not_applicable,0.0,0.0,0.0
MEA_1A3C94173AB6,REC_FF1F46505FC5,SRC019,SFC_21ED5CFE6366,LIQ_53310FAFB3,65.4,train,no,,,PA_MEA_1A3C94173AB6,probe_assisted,MEA_935E36E504F1;MEA_B0C1018D15F3,LIQ_0F4168490E;LIQ_6656B41AB7,2,yes,yes,,28.632588071325266,2.3876814235725936,61.22984027432342
MEA_98A7519E8D69,REC_208F4C366795,SRC019,SFC_2CBEAAA7843B,LIQ_53310FAFB3,74.9,train,no,,,ZS_MEA_98A7519E8D69,zero_shot,,,0,no,no,zero_shot_not_applicable,0.0,0.0,0.0
MEA_98A7519E8D69,REC_208F4C366795,SRC019,SFC_2CBEAAA7843B,LIQ_53310FAFB3,74.9,train,no,,,PA_MEA_98A7519E8D69,probe_assisted,MEA_3B5A81D4DA3D;MEA_9D5BC323263F,LIQ_0F4168490E;LIQ_6656B41AB7,2,yes,yes,,31.218301913057125,0.5141647498024232,67.42278553834295
MEA_0FB8EB7E67B8,REC_51A12CE5D05C,SRC019,SFC_D900D5201DB3,LIQ_53310FAFB3,75.0,train,no,,,ZS_MEA_0FB8EB7E67B8,zero_shot,,,0,no,no,zero_shot_not_applicable,0.0,0.0,0.0
MEA_0FB8EB7E67B8,REC_51A12CE5D05C,SRC019,SFC_D900D5201DB3,LIQ_53310FAFB3,75.0,train,no,,,PA_MEA_0FB8EB7E67B8,probe_assisted,MEA_1AC5A36A0CEE;MEA_7B1490122020,LIQ_0F4168490E;LIQ_6656B41AB7,2,yes,yes,,27.136204405340756,0.9989718870220793,69.48901886517818
MEA_933BAAC2B3E6,REC_5E74FDF581E2,SRC019,SFC_C44A751DCE9E,LIQ_53310FAFB3,69.5,train,no,,,ZS_MEA_933BAAC2B3E6,zero_shot,,,0,no,no,zero_shot_not_applicable,0.0,0.0,0.0
MEA_933BAAC2B3E6,REC_5E74FDF581E2,SRC019,SFC_C44A751DCE9E,LIQ_53310FAFB3,69.5,train,no,,,PA_MEA_933BAAC2B3E6,probe_assisted,MEA_024BF46B1B05;MEA_188F249305A6,LIQ_0F4168490E;LIQ_6656B41AB7,2,yes,yes,,32.13133515128079,0.513928304433074,66.29051597403677
MEA_5CF84809D015,REC_AE4B20139659,SRC019,SFC_0885B1C8D502,LIQ_0F4168490E,71.2,train,no,,,ZS_MEA_5CF84809D015,zero_shot,,,0,no,no,zero_shot_not_applicable,0.0,0.0,0.0
MEA_5CF84809D015,REC_AE4B20139659,SRC019,SFC_0885B1C8D502,LIQ_0F4168490E,71.2,train,no,,,PA_MEA_5CF84809D015,probe_assisted,MEA_17635DD775C6;MEA_B4B2DC18E898,LIQ_53310FAFB3;LIQ_6656B41AB7,2,yes,yes,,31.218301913057104,5.199422111447452,80.55768861303055
MEA_CA61A79AD8C3,REC_C59AA9631360,SRC019,SFC_F5DABBA4867E,LIQ_0F4168490E,97.3,train,no,,,ZS_MEA_CA61A79AD8C3,zero_shot,,,0,no,no,zero_shot_not_applicable,0.0,0.0,0.0
MEA_CA61A79AD8C3,REC_C59AA9631360,SRC019,SFC_F5DABBA4867E,LIQ_0F4168490E,97.3,train,no,,,PA_MEA_CA61A79AD8C3,probe_assisted,MEA_1C51B980E400;MEA_8F34D599491B,LIQ_53310FAFB3;LIQ_6656B41AB7,2,yes,yes,,33.65834920680147,0.002404939183555384,104.25316023899349
MEA_4D3395E9F38C,REC_53EC5CD270FD,SRC019,SFC_56FA8A79F2C6,LIQ_0F4168490E,85.9,train,no,,,ZS_MEA_4D3395E9F38C,zero_shot,,,0,no,no,zero_shot_not_applicable,0.0,0.0,0.0
MEA_4D3395E9F38C,REC_53EC5CD270FD,SRC019,SFC_56FA8A79F2C6,LIQ_0F4168490E,85.9,train,no,,,PA_MEA_4D3395E9F38C,probe_assisted,MEA_57FDF92C67C2;MEA_E43A1EDBE9B6,LIQ_53310FAFB3;LIQ_6656B41AB7,2,yes,yes,,35.92980473731228,1.0368989901417183,91.79637948964955
MEA_363583AEB442,REC_7F8F719DDBBA,SRC019,SFC_7354A757EA1D,LIQ_0F4168490E,92.9,train,no,,,ZS_MEA_363583AEB442,zero_shot,,,0,no,no,zero_shot_not_applicable,0.0,0.0,0.0
MEA_363583AEB442,REC_7F8F719DDBBA,SRC019,SFC_7354A757EA1D,LIQ_0F4168490E,92.9,train,no,,,PA_MEA_363583AEB442,probe_assisted,MEA_1B8BD6E91A2E;MEA_5DF09EEED9C3,LIQ_53310FAFB3;LIQ_6656B41AB7,2,yes,yes,,35.051455346087415,0.1935072698306335,98.87500966023917
MEA_C44546AD5C4D,REC_9DD7A9299F87,SRC019,SFC_C688F68936EE,LIQ_0F4168490E,97.1,train,no,,,ZS_MEA_C44546AD5C4D,zero_shot,,,0,no,no,zero_shot_not_applicable,0.0,0.0,0.0
MEA_C44546AD5C4D,REC_9DD7A9299F87,SRC019,SFC_C688F68936EE,LIQ_0F4168490E,97.1,train,no,,,PA_MEA_C44546AD5C4D,probe_assisted,MEA_6C1120612ADF;MEA_E0657E5D67C3,LIQ_53310FAFB3;LIQ_6656B41AB7,2,yes,yes,,34.552621574581195,0.03279789902574877,102.15024673744729
MEA_B4B2DC18E898,REC_17014257086B,SRC019,SFC_0885B1C8D502,LIQ_6656B41AB7,55.4,train,no,,,ZS_MEA_B4B2DC18E898,zero_shot,,,0,no,no,zero_shot_not_applicable,0.0,0.0,0.0
MEA_B4B2DC18E898,REC_17014257086B,SRC019,SFC_0885B1C8D502,LIQ_6656B41AB7,55.4,train,no,,,PA_MEA_B4B2DC18E898,probe_assisted,MEA_17635DD775C6;MEA_5CF84809D015,LIQ_0F4168490E;LIQ_53310FAFB3,2,yes,yes,,17.647642102025248,15.944611293751896,79.69991463711017
MEA_8F34D599491B,REC_E5D8C87D7B1F,SRC019,SFC_F5DABBA4867E,LIQ_6656B41AB7,51.1,train,no,,,ZS_MEA_8F34D599491B,zero_shot,,,0,no,no,zero_shot_not_applicable,0.0,0.0,0.0
MEA_8F34D599491B,REC_E5D8C87D7B1F,SRC019,SFC_F5DABBA4867E,LIQ_6656B41AB7,51.1,train,no,,,PA_MEA_8F34D599491B,probe_assisted,MEA_1C51B980E400;MEA_CA61A79AD8C3,LIQ_0F4168490E;LIQ_53310FAFB3,2,yes,yes,,22.634037989835097,1.7926850257706446,70.42785570656572
MEA_E43A1EDBE9B6,REC_338E42F686D0,SRC019,SFC_56FA8A79F2C6,LIQ_6656B41AB7,47.0,train,no,,,ZS_MEA_E43A1EDBE9B6,zero_shot,,,0,no,no,zero_shot_not_applicable,0.0,0.0,0.0
MEA_E43A1EDBE9B6,REC_338E42F686D0,SRC019,SFC_56FA8A79F2C6,LIQ_6656B41AB7,47.0,train,no,,,PA_MEA_E43A1EDBE9B6,probe_assisted,MEA_4D3395E9F38C;MEA_57FDF92C67C2,LIQ_0F4168490E;LIQ_53310FAFB3,2,yes,yes,,25.937668753798107,4.5442146724588,64.58933589546997
MEA_1B8BD6E91A2E,REC_55F269A6CD49,SRC019,SFC_7354A757EA1D,LIQ_6656B41AB7,48.6,train,no,,,ZS_MEA_1B8BD6E91A2E,zero_shot,,,0,no,no,zero_shot_not_applicable,0.0,0.0,0.0
MEA_1B8BD6E91A2E,REC_55F269A6CD49,SRC019,SFC_7354A757EA1D,LIQ_6656B41AB7,48.6,train,no,,,PA_MEA_1B8BD6E91A2E,probe_assisted,MEA_363583AEB442;MEA_5DF09EEED9C3,LIQ_0F4168490E;LIQ_53310FAFB3,2,yes,yes,,25.118231809163113,2.4412146463616415,66.02439868198897
MEA_6C1120612ADF,REC_49F78FB57736,SRC019,SFC_C688F68936EE,LIQ_6656B41AB7,49.5,train,no,,,ZS_MEA_6C1120612ADF,zero_shot,,,0,no,no,zero_shot_not_applicable,0.0,0.0,0.0
MEA_6C1120612ADF,REC_49F78FB57736,SRC019,SFC_C688F68936EE,LIQ_6656B41AB7,49.5,train,no,,,PA_MEA_6C1120612ADF,probe_assisted,MEA_C44546AD5C4D;MEA_E0657E5D67C3,LIQ_0F4168490E;LIQ_53310FAFB3,2,yes,yes,,26.182214651059233,1.2580616999073158,64.16223672612226
MEA_17635DD775C6,REC_53075680944E,SRC019,SFC_0885B1C8D502,LIQ_53310FAFB3,48.1,train,no,,,ZS_MEA_17635DD775C6,zero_shot,,,0,no,no,zero_shot_not_applicable,0.0,0.0,0.0
MEA_17635DD775C6,REC_53075680944E,SRC019,SFC_0885B1C8D502,LIQ_53310FAFB3,48.1,train,no,,,PA_MEA_17635DD775C6,probe_assisted,MEA_5CF84809D015;MEA_B4B2DC18E898,LIQ_0F4168490E;LIQ_6656B41AB7,2,yes,yes,,31.218301913057132,9.527283608930684,35.48252515305581
MEA_1C51B980E400,REC_86ED95D7F405,SRC019,SFC_F5DABBA4867E,LIQ_53310FAFB3,71.9,train,no,,,ZS_MEA_1C51B980E400,zero_shot,,,0,no,no,zero_shot_not_applicable,0.0,0.0,0.0
MEA_1C51B980E400,REC_86ED95D7F405,SRC019,SFC_F5DABBA4867E,LIQ_53310FAFB3,71.9,train,no,,,PA_MEA_1C51B980E400,probe_assisted,MEA_8F34D599491B;MEA_CA61A79AD8C3,LIQ_0F4168490E;LIQ_6656B41AB7,2,yes,yes,,33.658349206801475,0.43074282755093735,65.10420423561654
MEA_57FDF92C67C2,REC_C8D2BA164F11,SRC019,SFC_56FA8A79F2C6,LIQ_53310FAFB3,58.0,train,no,,,ZS_MEA_57FDF92C67C2,zero_shot,,,0,no,no,zero_shot_not_applicable,0.0,0.0,0.0
MEA_57FDF92C67C2,REC_C8D2BA164F11,SRC019,SFC_56FA8A79F2C6,LIQ_53310FAFB3,58.0,train,no,,,PA_MEA_57FDF92C67C2,probe_assisted,MEA_4D3395E9F38C;MEA_E43A1EDBE9B6,LIQ_0F4168490E;LIQ_6656B41AB7,2,yes,yes,,35.9298047373123,2.379261738062309,51.308603304745446
MEA_5DF09EEED9C3,REC_BF15D07218B1,SRC019,SFC_7354A757EA1D,LIQ_53310FAFB3,65.9,train,no,,,ZS_MEA_5DF09EEED9C3,zero_shot,,,0,no,no,zero_shot_not_applicable,0.0,0.0,0.0
MEA_5DF09EEED9C3,REC_BF15D07218B1,SRC019,SFC_7354A757EA1D,LIQ_53310FAFB3,65.9,train,no,,,PA_MEA_5DF09EEED9C3,probe_assisted,MEA_1B8BD6E91A2E;MEA_363583AEB442,LIQ_0F4168490E;LIQ_6656B41AB7,2,yes,yes,,35.05145534608742,0.9377730398350512,59.71406691457768
MEA_E0657E5D67C3,REC_20EEEC3FFA42,SRC019,SFC_C688F68936EE,LIQ_53310FAFB3,69.4,train,no,,,ZS_MEA_E0657E5D67C3,zero_shot,,,0,no,no,zero_shot_not_applicable,0.0,0.0,0.0
MEA_E0657E5D67C3,REC_20EEEC3FFA42,SRC019,SFC_C688F68936EE,LIQ_53310FAFB3,69.4,train,no,,,PA_MEA_E0657E5D67C3,probe_assisted,MEA_6C1120612ADF;MEA_C44546AD5C4D,LIQ_0F4168490E;LIQ_6656B41AB7,2,yes,yes,,34.55262157458122,0.38925481326804157,64.38870564995042
MEA_C2BC67E9C378,REC_983F6C4261E7,SRC019,SFC_DE1051C618E6,LIQ_0F4168490E,82.1,train,no,,,ZS_MEA_C2BC67E9C378,zero_shot,,,0,no,no,zero_shot_not_applicable,0.0,0.0,0.0
MEA_C2BC67E9C378,REC_983F6C4261E7,SRC019,SFC_DE1051C618E6,LIQ_0F4168490E,82.1,train,no,,,PA_MEA_C2BC67E9C378,probe_assisted,MEA_F115B683C814;MEA_FCD7F9E5494C,LIQ_53310FAFB3;LIQ_6656B41AB7,2,yes,yes,,31.903553560061162,2.136887079647949,89.3519550875119
MEA_841568C22BA2,REC_EE8F6D5976A6,SRC019,SFC_8CC973346CC4,LIQ_0F4168490E,86.1,train,no,,,ZS_MEA_841568C22BA2,zero_shot,,,0,no,no,zero_shot_not_applicable,0.0,0.0,0.0
MEA_841568C22BA2,REC_EE8F6D5976A6,SRC019,SFC_8CC973346CC4,LIQ_0F4168490E,86.1,train,no,,,PA_MEA_841568C22BA2,probe_assisted,MEA_4E1FCE393618;MEA_97F61B392E72,LIQ_53310FAFB3;LIQ_6656B41AB7,2,yes,yes,,33.377125593866396,1.0424279764696027,93.36127051926269
MEA_F32CE2C9D94B,REC_5B4B8AD835FD,SRC019,SFC_94A74BED0696,LIQ_0F4168490E,76.0,train,no,,,ZS_MEA_F32CE2C9D94B,zero_shot,,,0,no,no,zero_shot_not_applicable,0.0,0.0,0.0
MEA_F32CE2C9D94B,REC_5B4B8AD835FD,SRC019,SFC_94A74BED0696,LIQ_0F4168490E,76.0,train,no,,,PA_MEA_F32CE2C9D94B,probe_assisted,MEA_6F70BD0227FB;MEA_9227D89E58CC,LIQ_53310FAFB3;LIQ_6656B41AB7,2,yes,yes,,37.542842732662606,2.286144432700078,85.26278254218235
MEA_1A105E77F8B8,REC_B33F662ADEEF,SRC019,SFC_1D05D0C244CE,LIQ_0F4168490E,75.0,train,no,,,ZS_MEA_1A105E77F8B8,zero_shot,,,0,no,no,zero_shot_not_applicable,0.0,0.0,0.0
MEA_1A105E77F8B8,REC_B33F662ADEEF,SRC019,SFC_1D05D0C244CE,LIQ_0F4168490E,75.0,train,no,,,PA_MEA_1A105E77F8B8,probe_assisted,MEA_855A8C82EF26;MEA_DF38ADE7F29B,LIQ_53310FAFB3;LIQ_6656B41AB7,2,yes,yes,,35.98431458395228,3.1654159205112204,83.19361308364546
MEA_D28D7F5EC764,REC_D98BEFEAF526,SRC019,SFC_B43DC569AF44,LIQ_0F4168490E,65.1,train,no,,,ZS_MEA_D28D7F5EC764,zero_shot,,,0,no,no,zero_shot_not_applicable,0.0,0.0,0.0
MEA_D28D7F5EC764,REC_D98BEFEAF526,SRC019,SFC_B43DC569AF44,LIQ_0F4168490E,65.1,train,no,,,PA_MEA_D28D7F5EC764,probe_assisted,MEA_86542109F60D;MEA_A70996CEF9F7,LIQ_53310FAFB3;LIQ_6656B41AB7,2,yes,yes,,38.94996102925669,3.393045667192493,80.68122937650288
MEA_F115B683C814,REC_674D3C6CF9E1,SRC019,SFC_DE1051C618E6,LIQ_6656B41AB7,54.2,train,no,,,ZS_MEA_F115B683C814,zero_shot,,,0,no,no,zero_shot_not_applicable,0.0,0.0,0.0
MEA_F115B683C814,REC_674D3C6CF9E1,SRC019,SFC_DE1051C618E6,LIQ_6656B41AB7,54.2,train,no,,,PA_MEA_F115B683C814,probe_assisted,MEA_C2BC67E9C378;MEA_FCD7F9E5494C,LIQ_0F4168490E;LIQ_53310FAFB3,2,yes,yes,,20.638784991868878,7.994079154714392,74.0502281020214
MEA_4E1FCE393618,REC_5114A4BF98EB,SRC019,SFC_8CC973346CC4,LIQ_6656B41AB7,51.6,train,no,,,ZS_MEA_4E1FCE393618,zero_shot,,,0,no,no,zero_shot_not_applicable,0.0,0.0,0.0
MEA_4E1FCE393618,REC_5114A4BF98EB,SRC019,SFC_8CC973346CC4,LIQ_6656B41AB7,51.6,train,no,,,PA_MEA_4E1FCE393618,probe_assisted,MEA_841568C22BA2;MEA_97F61B392E72,LIQ_0F4168490E;LIQ_53310FAFB3,2,yes,yes,,21.78529254073396,5.722209808809922,71.95739234382862
MEA_6F70BD0227FB,REC_EDA5792A9168,SRC019,SFC_94A74BED0696,LIQ_6656B41AB7,44.0,train,no,,,ZS_MEA_6F70BD0227FB,zero_shot,,,0,no,no,zero_shot_not_applicable,0.0,0.0,0.0
MEA_6F70BD0227FB,REC_EDA5792A9168,SRC019,SFC_94A74BED0696,LIQ_6656B41AB7,44.0,train,no,,,PA_MEA_6F70BD0227FB,probe_assisted,MEA_9227D89E58CC;MEA_F32CE2C9D94B,LIQ_0F4168490E;LIQ_53310FAFB3,2,yes,yes,,22.381796124478207,10.478323569458103,70.88084094673687
MEA_855A8C82EF26,REC_8BFC7C50DE51,SRC019,SFC_1D05D0C244CE,LIQ_6656B41AB7,46.9,train,no,,,ZS_MEA_855A8C82EF26,zero_shot,,,0,no,no,zero_shot_not_applicable,0.0,0.0,0.0
MEA_855A8C82EF26,REC_8BFC7C50DE51,SRC019,SFC_1D05D0C244CE,LIQ_6656B41AB7,46.9,train,no,,,PA_MEA_855A8C82EF26,probe_assisted,MEA_1A105E77F8B8;MEA_DF38ADE7F29B,LIQ_0F4168490E;LIQ_53310FAFB3,2,yes,yes,,22.745155347321994,10.877744946191662,70.22870749806258
MEA_A70996CEF9F7,REC_328AC2427D4F,SRC019,SFC_B43DC569AF44,LIQ_6656B41AB7,41.3,train,no,,,ZS_MEA_A70996CEF9F7,zero_shot,,,0,no,no,zero_shot_not_applicable,0.0,0.0,0.0
MEA_A70996CEF9F7,REC_328AC2427D4F,SRC019,SFC_B43DC569AF44,LIQ_6656B41AB7,41.3,train,no,,,PA_MEA_A70996CEF9F7,probe_assisted,MEA_86542109F60D;MEA_D28D7F5EC764,LIQ_0F4168490E;LIQ_53310FAFB3,2,yes,yes,,15.76398880749799,21.596629898685304,83.44724361385761
MEA_FCD7F9E5494C,REC_47F2A8018FB8,SRC019,SFC_DE1051C618E6,LIQ_53310FAFB3,57.8,train,no,,,ZS_MEA_FCD7F9E5494C,zero_shot,,,0,no,no,zero_shot_not_applicable,0.0,0.0,0.0
MEA_FCD7F9E5494C,REC_47F2A8018FB8,SRC019,SFC_DE1051C618E6,LIQ_53310FAFB3,57.8,train,no,,,PA_MEA_FCD7F9E5494C,probe_assisted,MEA_C2BC67E9C378;MEA_F115B683C814,LIQ_0F4168490E;LIQ_6656B41AB7,2,yes,yes,,31.90355356006119,4.429839356880531,49.48539295949794
MEA_97F61B392E72,REC_85ECDED7EF2B,SRC019,SFC_8CC973346CC4,LIQ_53310FAFB3,61.2,train,no,,,ZS_MEA_97F61B392E72,zero_shot,,,0,no,no,zero_shot_not_applicable,0.0,0.0,0.0
MEA_97F61B392E72,REC_85ECDED7EF2B,SRC019,SFC_8CC973346CC4,LIQ_53310FAFB3,61.2,train,no,,,PA_MEA_97F61B392E72,probe_assisted,MEA_4E1FCE393618;MEA_841568C22BA2,LIQ_0F4168490E;LIQ_6656B41AB7,2,yes,yes,,33.377125593866424,2.7772731056538142,53.20213052592273
MEA_9227D89E58CC,REC_41F008FF69D9,SRC019,SFC_94A74BED0696,LIQ_53310FAFB3,49.5,train,no,,,ZS_MEA_9227D89E58CC,zero_shot,,,0,no,no,zero_shot_not_applicable,0.0,0.0,0.0
MEA_9227D89E58CC,REC_41F008FF69D9,SRC019,SFC_94A74BED0696,LIQ_53310FAFB3,49.5,train,no,,,PA_MEA_9227D89E58CC,probe_assisted,MEA_6F70BD0227FB;MEA_F32CE2C9D94B,LIQ_0F4168490E;LIQ_6656B41AB7,2,yes,yes,,37.54284273266264,5.401621868114432,37.16023465397138
MEA_DF38ADE7F29B,REC_12905246C68F,SRC019,SFC_1D05D0C244CE,LIQ_53310FAFB3,48.0,train,no,,,ZS_MEA_DF38ADE7F29B,zero_shot,,,0,no,no,zero_shot_not_applicable,0.0,0.0,0.0
MEA_DF38ADE7F29B,REC_12905246C68F,SRC019,SFC_1D05D0C244CE,LIQ_53310FAFB3,48.0,train,no,,,PA_MEA_DF38ADE7F29B,probe_assisted,MEA_1A105E77F8B8;MEA_855A8C82EF26,LIQ_0F4168490E;LIQ_6656B41AB7,2,yes,yes,,35.98431458395233,6.221511464495656,36.96396554049732
MEA_86542109F60D,REC_2F56391852EE,SRC019,SFC_B43DC569AF44,LIQ_53310FAFB3,42.7,train,no,,,ZS_MEA_86542109F60D,zero_shot,,,0,no,no,zero_shot_not_applicable,0.0,0.0,0.0
MEA_86542109F60D,REC_2F56391852EE,SRC019,SFC_B43DC569AF44,LIQ_53310FAFB3,42.7,train,no,,,PA_MEA_86542109F60D,probe_assisted,MEA_A70996CEF9F7;MEA_D28D7F5EC764,LIQ_0F4168490E;LIQ_6656B41AB7,2,yes,yes,,38.94996102925673,10.002698207883043,12.89570714999287
MEA_A44682026FBE,REC_08F58031B0E2,SRC019,SFC_FDBAA751F265,LIQ_0F4168490E,87.8,train,no,,,ZS_MEA_A44682026FBE,zero_shot,,,0,no,no,zero_shot_not_applicable,0.0,0.0,0.0
MEA_A44682026FBE,REC_08F58031B0E2,SRC019,SFC_FDBAA751F265,LIQ_0F4168490E,87.8,train,no,,,PA_MEA_A44682026FBE,probe_assisted,MEA_4DBC988A2EE2;MEA_907470050924,LIQ_53310FAFB3;LIQ_6656B41AB7,2,yes,yes,,35.60176376037067,0.9573901505146626,92.4460022127417
MEA_E92A5B2CAE67,REC_93E2A67D5AF3,SRC019,SFC_A3F14E86132F,LIQ_0F4168490E,78.9,train,no,,,ZS_MEA_E92A5B2CAE67,zero_shot,,,0,no,no,zero_shot_not_applicable,0.0,0.0,0.0
MEA_E92A5B2CAE67,REC_93E2A67D5AF3,SRC019,SFC_A3F14E86132F,LIQ_0F4168490E,78.9,train,no,,,PA_MEA_E92A5B2CAE67,probe_assisted,MEA_24628BBFC3E4;MEA_F5CE001F3DFB,LIQ_53310FAFB3;LIQ_6656B41AB7,2,yes,yes,,36.038776691577546,2.3928619041854073,85.78345333588666
MEA_89A10DEBE9A0,REC_897105A86241,SRC019,SFC_CBE685E89A46,LIQ_0F4168490E,76.8,train,no,,,ZS_MEA_89A10DEBE9A0,zero_shot,,,0,no,no,zero_shot_not_applicable,0.0,0.0,0.0
MEA_89A10DEBE9A0,REC_897105A86241,SRC019,SFC_CBE685E89A46,LIQ_0F4168490E,76.8,train,no,,,PA_MEA_89A10DEBE9A0,probe_assisted,MEA_CF743535E524;MEA_D62496BE43DF,LIQ_53310FAFB3;LIQ_6656B41AB7,2,yes,yes,,33.489708796534785,4.106110660428224,81.9601429190036
MEA_43A3BDFF16A1,REC_8BEC994F7743,SRC019,SFC_679A3FFF1571,LIQ_0F4168490E,71.6,train,no,,,ZS_MEA_43A3BDFF16A1,zero_shot,,,0,no,no,zero_shot_not_applicable,0.0,0.0,0.0
MEA_43A3BDFF16A1,REC_8BEC994F7743,SRC019,SFC_679A3FFF1571,LIQ_0F4168490E,71.6,train,no,,,PA_MEA_43A3BDFF16A1,probe_assisted,MEA_0570C69A0D97;MEA_60FA49041735,LIQ_53310FAFB3;LIQ_6656B41AB7,2,yes,yes,,39.45889543450476,1.5937303484873744,86.937327247326
MEA_D2BDB97CDBA5,REC_3EC1E155B474,SRC019,SFC_276A65283C60,LIQ_0F4168490E,67.9,train,no,,,ZS_MEA_D2BDB97CDBA5,zero_shot,,,0,no,no,zero_shot_not_applicable,0.0,0.0,0.0
MEA_D2BDB97CDBA5,REC_3EC1E155B474,SRC019,SFC_276A65283C60,LIQ_0F4168490E,67.9,train,no,,,PA_MEA_D2BDB97CDBA5,probe_assisted,MEA_1C28658C2B0B;MEA_9E0A386747D2,LIQ_53310FAFB3;LIQ_6656B41AB7,2,yes,yes,,42.57680240939216,2.6207750678581645,81.10698413134307
MEA_907470050924,REC_9711629E7427,SRC019,SFC_FDBAA751F265,LIQ_6656B41AB7,47.6,train,no,,,ZS_MEA_907470050924,zero_shot,,,0,no,no,zero_shot_not_applicable,0.0,0.0,0.0
MEA_907470050924,REC_9711629E7427,SRC019,SFC_FDBAA751F265,LIQ_6656B41AB7,47.6,train,no,,,PA_MEA_907470050924,probe_assisted,MEA_4DBC988A2EE2;MEA_A44682026FBE,LIQ_0F4168490E;LIQ_53310FAFB3,2,yes,yes,,27.629038995968394,3.445130079641567,61.64308041506472
MEA_F5CE001F3DFB,REC_C26FF77D6211,SRC019,SFC_A3F14E86132F,LIQ_6656B41AB7,46.8,train,no,,,ZS_MEA_F5CE001F3DFB,zero_shot,,,0,no,no,zero_shot_not_applicable,0.0,0.0,0.0
MEA_F5CE001F3DFB,REC_C26FF77D6211,SRC019,SFC_A3F14E86132F,LIQ_6656B41AB7,46.8,train,no,,,PA_MEA_F5CE001F3DFB,probe_assisted,MEA_24628BBFC3E4;MEA_E92A5B2CAE67,LIQ_0F4168490E;LIQ_53310FAFB3,2,yes,yes,,24.606124630759567,8.038215332876296,66.92488707063583
MEA_CF743535E524,REC_363669E41FDC,SRC019,SFC_CBE685E89A46,LIQ_6656B41AB7,51.4,train,no,,,ZS_MEA_CF743535E524,zero_shot,,,0,no,no,zero_shot_not_applicable,0.0,0.0,0.0
MEA_CF743535E524,REC_363669E41FDC,SRC019,SFC_CBE685E89A46,LIQ_6656B41AB7,51.4,train,no,,,PA_MEA_CF743535E524,probe_assisted,MEA_89A10DEBE9A0;MEA_D62496BE43DF,LIQ_0F4168490E;LIQ_53310FAFB3,2,yes,yes,,25.116033659498694,8.906429118051658,66.02825740891888
MEA_60FA49041735,REC_1E678FE17A76,SRC019,SFC_679A3FFF1571,LIQ_6656B41AB7,40.3,train,no,,,ZS_MEA_60FA49041735,zero_shot,,,0,no,no,zero_shot_not_applicable,0.0,0.0,0.0
MEA_60FA49041735,REC_1E678FE17A76,SRC019,SFC_679A3FFF1571,LIQ_6656B41AB7,40.3,train,no,,,PA_MEA_60FA49041735,probe_assisted,MEA_0570C69A0D97;MEA_43A3BDFF16A1,LIQ_0F4168490E;LIQ_53310FAFB3,2,yes,yes,,15.870333946490753,16.820808186754117,83.23082904950941
MEA_9E0A386747D2,REC_577CCA554554,SRC019,SFC_276A65283C60,LIQ_6656B41AB7,33.8,train,no,,,ZS_MEA_9E0A386747D2,zero_shot,,,0,no,no,zero_shot_not_applicable,0.0,0.0,0.0
MEA_9E0A386747D2,REC_577CCA554554,SRC019,SFC_276A65283C60,LIQ_6656B41AB7,33.8,train,no,,,PA_MEA_9E0A386747D2,probe_assisted,MEA_1C28658C2B0B;MEA_D2BDB97CDBA5,LIQ_0F4168490E;LIQ_53310FAFB3,2,yes,yes,,21.00280316691153,16.147266042355522,73.38211060088429
MEA_4DBC988A2EE2,REC_E63AA984C8FE,SRC019,SFC_FDBAA751F265,LIQ_53310FAFB3,58.9,train,no,,,ZS_MEA_4DBC988A2EE2,zero_shot,,,0,no,no,zero_shot_not_applicable,0.0,0.0,0.0
MEA_4DBC988A2EE2,REC_E63AA984C8FE,SRC019,SFC_FDBAA751F265,LIQ_53310FAFB3,58.9,train,no,,,PA_MEA_4DBC988A2EE2,probe_assisted,MEA_907470050924;MEA_A44682026FBE,LIQ_0F4168490E;LIQ_6656B41AB7,2,yes,yes,,35.601763760370694,1.9367072030752048,53.730946914072995
MEA_24628BBFC3E4,REC_7B539F45E04A,SRC019,SFC_A3F14E86132F,LIQ_53310FAFB3,51.1,train,no,,,ZS_MEA_24628BBFC3E4,zero_shot,,,0,no,no,zero_shot_not_applicable,0.0,0.0,0.0
MEA_24628BBFC3E4,REC_7B539F45E04A,SRC019,SFC_A3F14E86132F,LIQ_53310FAFB3,51.1,train,no,,,PA_MEA_24628BBFC3E4,probe_assisted,MEA_E92A5B2CAE67;MEA_F5CE001F3DFB,LIQ_0F4168490E;LIQ_6656B41AB7,2,yes,yes,,36.03877669157759,4.637181057908834,42.42845510310505
MEA_D62496BE43DF,REC_8318DC207C42,SRC019,SFC_CBE685E89A46,LIQ_53310FAFB3,48.2,train,no,,,ZS_MEA_D62496BE43DF,zero_shot,,,0,no,no,zero_shot_not_applicable,0.0,0.0,0.0
MEA_D62496BE43DF,REC_8318DC207C42,SRC019,SFC_CBE685E89A46,LIQ_53310FAFB3,48.2,train,no,,,PA_MEA_D62496BE43DF,probe_assisted,MEA_89A10DEBE9A0;MEA_CF743535E524,LIQ_0F4168490E;LIQ_6656B41AB7,2,yes,yes,,33.48970879653481,6.137430797528578,41.543808232986656
MEA_0570C69A0D97,REC_01F820C478F3,SRC019,SFC_679A3FFF1571,LIQ_53310FAFB3,50.3,train,no,,,ZS_MEA_0570C69A0D97,zero_shot,,,0,no,no,zero_shot_not_applicable,0.0,0.0,0.0
MEA_0570C69A0D97,REC_01F820C478F3,SRC019,SFC_679A3FFF1571,LIQ_53310FAFB3,50.3,train,no,,,PA_MEA_0570C69A0D97,probe_assisted,MEA_43A3BDFF16A1;MEA_60FA49041735,LIQ_0F4168490E;LIQ_6656B41AB7,2,yes,yes,,39.45889543450482,6.7546694409343715,28.17469649708474
MEA_1C28658C2B0B,REC_20D0A13EF3DE,SRC019,SFC_276A65283C60,LIQ_53310FAFB3,40.7,train,no,,,ZS_MEA_1C28658C2B0B,zero_shot,,,0,no,no,zero_shot_not_applicable,0.0,0.0,0.0
MEA_1C28658C2B0B,REC_20D0A13EF3DE,SRC019,SFC_276A65283C60,LIQ_53310FAFB3,40.7,train,no,,,PA_MEA_1C28658C2B0B,probe_assisted,MEA_9E0A386747D2;MEA_D2BDB97CDBA5,LIQ_0F4168490E;LIQ_6656B41AB7,2,yes,yes,,42.57680240939221,7.554555633729678,15.569263876536404
MEA_EDD5F2A07C6A,REC_2AA3E197FC57,SRC020,SFC_73D2A29D4F26,LIQ_0F4168490E,89.2,validation,no,,,ZS_MEA_EDD5F2A07C6A,zero_shot,,,0,no,no,zero_shot_not_applicable,0.0,0.0,0.0
MEA_EDD5F2A07C6A,REC_2AA3E197FC57,SRC020,SFC_73D2A29D4F26,LIQ_0F4168490E,89.2,validation,no,,,PA_MEA_EDD5F2A07C6A,probe_assisted,MEA_7C2DEFE0CD5F;MEA_7D221AA30463,LIQ_1BD1B94C09;LIQ_6656B41AB7,2,yes,yes,,33.09514218218276,3.788417291687115,83.12019440905772
MEA_7D221AA30463,REC_1441423C0269,SRC020,SFC_73D2A29D4F26,LIQ_6656B41AB7,52.1,validation,no,,,ZS_MEA_7D221AA30463,zero_shot,,,0,no,no,zero_shot_not_applicable,0.0,0.0,0.0
MEA_7D221AA30463,REC_1441423C0269,SRC020,SFC_73D2A29D4F26,LIQ_6656B41AB7,52.1,validation,no,,,PA_MEA_7D221AA30463,probe_assisted,MEA_7C2DEFE0CD5F;MEA_EDD5F2A07C6A,LIQ_0F4168490E;LIQ_1BD1B94C09,2,yes,yes,,41.54238125399465,0.910574195944829,36.04009782272734
MEA_7C2DEFE0CD5F,REC_9016A28B82ED,SRC020,SFC_73D2A29D4F26,LIQ_1BD1B94C09,57.9,validation,no,,,ZS_MEA_7C2DEFE0CD5F,zero_shot,,,0,no,no,zero_shot_not_applicable,0.0,0.0,0.0
MEA_7C2DEFE0CD5F,REC_9016A28B82ED,SRC020,SFC_73D2A29D4F26,LIQ_1BD1B94C09,57.9,validation,no,,,PA_MEA_7C2DEFE0CD5F,probe_assisted,MEA_7D221AA30463;MEA_EDD5F2A07C6A,LIQ_0F4168490E;LIQ_6656B41AB7,2,yes,yes,,33.09514218218278,1.9796346793244217,63.23549817516445
MEA_B1F363701175,REC_4BF8B6BD91C9,SRC020,SFC_5470E7AABA76,LIQ_0F4168490E,83.0,validation,no,,,ZS_MEA_B1F363701175,zero_shot,,,0,no,no,zero_shot_not_applicable,0.0,0.0,0.0
MEA_B1F363701175,REC_4BF8B6BD91C9,SRC020,SFC_5470E7AABA76,LIQ_0F4168490E,83.0,validation,no,,,PA_MEA_B1F363701175,probe_assisted,MEA_61A3016A97E8;MEA_F53F2B1A301D,LIQ_1BD1B94C09;LIQ_6656B41AB7,2,yes,yes,,35.32715100023131,2.3845938046093504,86.25242448018538
MEA_61A3016A97E8,REC_560795774093,SRC020,SFC_5470E7AABA76,LIQ_6656B41AB7,48.1,validation,no,,,ZS_MEA_61A3016A97E8,zero_shot,,,0,no,no,zero_shot_not_applicable,0.0,0.0,0.0
MEA_61A3016A97E8,REC_560795774093,SRC020,SFC_5470E7AABA76,LIQ_6656B41AB7,48.1,validation,no,,,PA_MEA_61A3016A97E8,probe_assisted,MEA_B1F363701175;MEA_F53F2B1A301D,LIQ_0F4168490E;LIQ_1BD1B94C09,2,yes,yes,,31.06816720805607,4.301476960311103,55.662322023494575
MEA_F53F2B1A301D,REC_1610E083E916,SRC020,SFC_5470E7AABA76,LIQ_1BD1B94C09,59.2,validation,no,,,ZS_MEA_F53F2B1A301D,zero_shot,,,0,no,no,zero_shot_not_applicable,0.0,0.0,0.0
MEA_F53F2B1A301D,REC_1610E083E916,SRC020,SFC_5470E7AABA76,LIQ_1BD1B94C09,59.2,validation,no,,,PA_MEA_F53F2B1A301D,probe_assisted,MEA_61A3016A97E8;MEA_B1F363701175,LIQ_0F4168490E;LIQ_6656B41AB7,2,yes,yes,,35.32715100023135,3.357094695119885,56.266212261032685
MEA_D47CAB156E91,REC_F831DCBC3FDB,SRC020,SFC_1075187E61D9,LIQ_0F4168490E,16.2,validation,no,,,ZS_MEA_D47CAB156E91,zero_shot,,,0,no,no,zero_shot_not_applicable,0.0,0.0,0.0
MEA_D47CAB156E91,REC_F831DCBC3FDB,SRC020,SFC_1075187E61D9,LIQ_0F4168490E,16.2,validation,no,,,PA_MEA_D47CAB156E91,probe_assisted,MEA_09F56FBCB6CF;MEA_191644CAA491,LIQ_1BD1B94C09;LIQ_6656B41AB7,2,yes,yes,,50.12015570655171,9.206678856991514,59.774947731622866
MEA_191644CAA491,REC_4AFD13E99785,SRC020,SFC_1075187E61D9,LIQ_6656B41AB7,9.4,validation,no,,,ZS_MEA_191644CAA491,zero_shot,,,0,no,no,zero_shot_not_applicable,0.0,0.0,0.0
MEA_191644CAA491,REC_4AFD13E99785,SRC020,SFC_1075187E61D9,LIQ_6656B41AB7,9.4,validation,no,,,PA_MEA_191644CAA491,probe_assisted,MEA_09F56FBCB6CF;MEA_D47CAB156E91,LIQ_0F4168490E;LIQ_1BD1B94C09,2,yes,yes,,16.725690470817426,53.55043929485545,81.51218843802351
MEA_09F56FBCB6CF,REC_F9D13A0D061F,SRC020,SFC_1075187E61D9,LIQ_1BD1B94C09,11.3,validation,no,,,ZS_MEA_09F56FBCB6CF,zero_shot,,,0,no,no,zero_shot_not_applicable,0.0,0.0,0.0
MEA_09F56FBCB6CF,REC_F9D13A0D061F,SRC020,SFC_1075187E61D9,LIQ_1BD1B94C09,11.3,validation,no,,,PA_MEA_09F56FBCB6CF,probe_assisted,MEA_191644CAA491;MEA_D47CAB156E91,LIQ_0F4168490E;LIQ_6656B41AB7,2,yes,yes,,50.12015570655172,28.76239332633691,0.0
MEA_DB062C88B61E,REC_92188698753A,SRC020,SFC_8B52F1C7FE1D,LIQ_0F4168490E,22.4,validation,no,,,ZS_MEA_DB062C88B61E,zero_shot,,,0,no,no,zero_shot_not_applicable,0.0,0.0,0.0
MEA_DB062C88B61E,REC_92188698753A,SRC020,SFC_8B52F1C7FE1D,LIQ_0F4168490E,22.4,validation,no,,,PA_MEA_DB062C88B61E,probe_assisted,MEA_1FEF9F85FAE0;MEA_514B9F585C2C,LIQ_1BD1B94C09;LIQ_6656B41AB7,2,yes,yes,,49.56475652590671,8.4777291564482,61.686241256457436
MEA_1FEF9F85FAE0,REC_C3479456C127,SRC020,SFC_8B52F1C7FE1D,LIQ_6656B41AB7,12.7,validation,no,,,ZS_MEA_1FEF9F85FAE0,zero_shot,,,0,no,no,zero_shot_not_applicable,0.0,0.0,0.0
MEA_1FEF9F85FAE0,REC_C3479456C127,SRC020,SFC_8B52F1C7FE1D,LIQ_6656B41AB7,12.7,validation,no,,,PA_MEA_1FEF9F85FAE0,probe_assisted,MEA_514B9F585C2C;MEA_DB062C88B61E,LIQ_0F4168490E;LIQ_1BD1B94C09,2,yes,yes,,16.759884211065877,50.8779529110651,81.44426103235841
MEA_514B9F585C2C,REC_7FF628AA8E7A,SRC020,SFC_8B52F1C7FE1D,LIQ_1BD1B94C09,17.5,validation,no,,,ZS_MEA_514B9F585C2C,zero_shot,,,0,no,no,zero_shot_not_applicable,0.0,0.0,0.0
MEA_514B9F585C2C,REC_7FF628AA8E7A,SRC020,SFC_8B52F1C7FE1D,LIQ_1BD1B94C09,17.5,validation,no,,,PA_MEA_514B9F585C2C,probe_assisted,MEA_1FEF9F85FAE0;MEA_DB062C88B61E,LIQ_0F4168490E;LIQ_6656B41AB7,2,yes,yes,,49.56475652590673,27.108357942574465,0.0
MEA_005A452343B0,REC_EE2935474115,SRC020,SFC_1CA3A2AD0E46,LIQ_0F4168490E,16.0,validation,no,,,ZS_MEA_005A452343B0,zero_shot,,,0,no,no,zero_shot_not_applicable,0.0,0.0,0.0
MEA_005A452343B0,REC_EE2935474115,SRC020,SFC_1CA3A2AD0E46,LIQ_0F4168490E,16.0,validation,no,,,PA_MEA_005A452343B0,probe_assisted,MEA_1DDB887143F1;MEA_75C4E8A2783C,LIQ_1BD1B94C09;LIQ_6656B41AB7,2,yes,yes,,50.19020223445504,8.94491301201299,60.296726419176686
MEA_1DDB887143F1,REC_F33A0F2EAD18,SRC020,SFC_1CA3A2AD0E46,LIQ_6656B41AB7,8.9,validation,no,,,ZS_MEA_1DDB887143F1,zero_shot,,,0,no,no,zero_shot_not_applicable,0.0,0.0,0.0
MEA_1DDB887143F1,REC_F33A0F2EAD18,SRC020,SFC_1CA3A2AD0E46,LIQ_6656B41AB7,8.9,validation,no,,,PA_MEA_1DDB887143F1,probe_assisted,MEA_005A452343B0;MEA_75C4E8A2783C,LIQ_0F4168490E;LIQ_1BD1B94C09,2,yes,yes,,16.29485531392054,54.13152246935217,82.37307647403188
MEA_75C4E8A2783C,REC_71553E6DE426,SRC020,SFC_1CA3A2AD0E46,LIQ_1BD1B94C09,12.8,validation,no,,,ZS_MEA_75C4E8A2783C,zero_shot,,,0,no,no,zero_shot_not_applicable,0.0,0.0,0.0
MEA_75C4E8A2783C,REC_71553E6DE426,SRC020,SFC_1CA3A2AD0E46,LIQ_1BD1B94C09,12.8,validation,no,,,PA_MEA_75C4E8A2783C,probe_assisted,MEA_005A452343B0;MEA_1DDB887143F1,LIQ_0F4168490E;LIQ_6656B41AB7,2,yes,yes,,50.19020223445511,28.78063809967829,0.0
MEA_8842CBC2F599,REC_B5949A62B44C,SRC020,SFC_BF926E361754,LIQ_0F4168490E,,validation,no,,,ZS_MEA_8842CBC2F599,zero_shot,,,0,no,no,zero_shot_not_applicable,0.0,0.0,0.0
MEA_CC8ABFD57C73,REC_8039F4993193,SRC020,SFC_BF926E361754,LIQ_6656B41AB7,,validation,no,,,ZS_MEA_CC8ABFD57C73,zero_shot,,,0,no,no,zero_shot_not_applicable,0.0,0.0,0.0
MEA_51189A0C9E68,REC_814FD53C50A5,SRC020,SFC_BF926E361754,LIQ_1BD1B94C09,,validation,no,,,ZS_MEA_51189A0C9E68,zero_shot,,,0,no,no,zero_shot_not_applicable,0.0,0.0,0.0
MEA_9977706AA0C1,REC_9A52BD44CD5B,SRC020,SFC_D397F2986C35,LIQ_0F4168490E,,validation,no,,,ZS_MEA_9977706AA0C1,zero_shot,,,0,no,no,zero_shot_not_applicable,0.0,0.0,0.0
MEA_54D5496DCA61,REC_20DE772B61F7,SRC020,SFC_D397F2986C35,LIQ_6656B41AB7,,validation,no,,,ZS_MEA_54D5496DCA61,zero_shot,,,0,no,no,zero_shot_not_applicable,0.0,0.0,0.0
MEA_8EDA9CF95D21,REC_535CED309C53,SRC020,SFC_D397F2986C35,LIQ_1BD1B94C09,,validation,no,,,ZS_MEA_8EDA9CF95D21,zero_shot,,,0,no,no,zero_shot_not_applicable,0.0,0.0,0.0
MEA_F66A990A547C,REC_FFEA17C61311,SRC020,SFC_6980F540F8E8,LIQ_0F4168490E,,validation,no,,,ZS_MEA_F66A990A547C,zero_shot,,,0,no,no,zero_shot_not_applicable,0.0,0.0,0.0
MEA_FAB92CCEE809,REC_9AB9061D8308,SRC020,SFC_6980F540F8E8,LIQ_6656B41AB7,,validation,no,,,ZS_MEA_FAB92CCEE809,zero_shot,,,0,no,no,zero_shot_not_applicable,0.0,0.0,0.0
MEA_5D1DFDA320E1,REC_099AFF99C097,SRC020,SFC_6980F540F8E8,LIQ_1BD1B94C09,,validation,no,,,ZS_MEA_5D1DFDA320E1,zero_shot,,,0,no,no,zero_shot_not_applicable,0.0,0.0,0.0
MEA_16C0B9011A9E,REC_8A30B5A2E7D0,SRC021,SFC_69D0A064AEAB,LIQ_0F4168490E,148.4,train,no,,,ZS_MEA_16C0B9011A9E,zero_shot,,,0,no,no,zero_shot_not_applicable,0.0,0.0,0.0
MEA_16C0B9011A9E,REC_8A30B5A2E7D0,SRC021,SFC_69D0A064AEAB,LIQ_0F4168490E,148.4,train,no,,,PA_MEA_16C0B9011A9E,probe_assisted,MEA_3D3A2E972E73;MEA_8671E31672F1,LIQ_1BD1B94C09;LIQ_53310FAFB3,2,yes,yes,,0.0,78.68177782570517,42.244161243009025
MEA_8671E31672F1,REC_10E7DA273E92,SRC021,SFC_69D0A064AEAB,LIQ_53310FAFB3,13.7,train,no,,,ZS_MEA_8671E31672F1,zero_shot,,,0,no,no,zero_shot_not_applicable,0.0,0.0,0.0
MEA_8671E31672F1,REC_10E7DA273E92,SRC021,SFC_69D0A064AEAB,LIQ_53310FAFB3,13.7,train,no,,,PA_MEA_8671E31672F1,probe_assisted,MEA_16C0B9011A9E;MEA_3D3A2E972E73,LIQ_0F4168490E;LIQ_1BD1B94C09,2,yes,yes,,12.229850110548307,0.0,102.43369307650875
MEA_1FFE82F33FF1,REC_29A5B446D30B,SRC021,SFC_69D0A064AEAB,LIQ_6656B41AB7,,train,no,,,ZS_MEA_1FFE82F33FF1,zero_shot,,,0,no,no,zero_shot_not_applicable,0.0,0.0,0.0
MEA_1FFE82F33FF1,REC_29A5B446D30B,SRC021,SFC_69D0A064AEAB,LIQ_6656B41AB7,,train,no,,,PA_MEA_1FFE82F33FF1,probe_assisted,MEA_16C0B9011A9E;MEA_3D3A2E972E73;MEA_8671E31672F1,LIQ_0F4168490E;LIQ_1BD1B94C09;LIQ_53310FAFB3,3,yes,yes,,27.095122384019874,0.0,62.571476402983855
MEA_3D3A2E972E73,REC_F4B914C767B3,SRC021,SFC_69D0A064AEAB,LIQ_1BD1B94C09,88.0,train,no,,,ZS_MEA_3D3A2E972E73,zero_shot,,,0,no,no,zero_shot_not_applicable,0.0,0.0,0.0
MEA_3D3A2E972E73,REC_F4B914C767B3,SRC021,SFC_69D0A064AEAB,LIQ_1BD1B94C09,88.0,train,no,,,PA_MEA_3D3A2E972E73,probe_assisted,MEA_16C0B9011A9E;MEA_8671E31672F1,LIQ_0F4168490E;LIQ_53310FAFB3,2,yes,yes,,30.38229698784177,0.0,79.22321500867409
MEA_D3F6F586086F,REC_AA2869E439FE,SRC021,SFC_49F69580DC1F,LIQ_0F4168490E,157.0,train,no,,,ZS_MEA_D3F6F586086F,zero_shot,,,0,no,no,zero_shot_not_applicable,0.0,0.0,0.0
MEA_D3F6F586086F,REC_AA2869E439FE,SRC021,SFC_49F69580DC1F,LIQ_0F4168490E,157.0,train,no,,,PA_MEA_D3F6F586086F,probe_assisted,MEA_DD106CECD7C0;MEA_DD53D6DB9E7D,LIQ_1BD1B94C09;LIQ_53310FAFB3,2,yes,yes,,0.0,72.03583576790496,48.304800202329375
MEA_DD53D6DB9E7D,REC_756809574997,SRC021,SFC_49F69580DC1F,LIQ_53310FAFB3,14.2,train,no,,,ZS_MEA_DD53D6DB9E7D,zero_shot,,,0,no,no,zero_shot_not_applicable,0.0,0.0,0.0
MEA_DD53D6DB9E7D,REC_756809574997,SRC021,SFC_49F69580DC1F,LIQ_53310FAFB3,14.2,train,no,,,PA_MEA_DD53D6DB9E7D,probe_assisted,MEA_D3F6F586086F;MEA_DD106CECD7C0,LIQ_0F4168490E;LIQ_1BD1B94C09,2,yes,yes,,8.804306620721562,0.0,109.5246855941989
MEA_C4EE1FCEABE7,REC_8C12CD933D01,SRC021,SFC_49F69580DC1F,LIQ_6656B41AB7,,train,no,,,ZS_MEA_C4EE1FCEABE7,zero_shot,,,0,no,no,zero_shot_not_applicable,0.0,0.0,0.0
MEA_C4EE1FCEABE7,REC_8C12CD933D01,SRC021,SFC_49F69580DC1F,LIQ_6656B41AB7,,train,no,,,PA_MEA_C4EE1FCEABE7,probe_assisted,MEA_D3F6F586086F;MEA_DD106CECD7C0;MEA_DD53D6DB9E7D,LIQ_0F4168490E;LIQ_1BD1B94C09;LIQ_53310FAFB3,3,yes,yes,,23.45935010232339,0.0,68.954159851924
MEA_DD106CECD7C0,REC_228382F563EF,SRC021,SFC_49F69580DC1F,LIQ_1BD1B94C09,94.5,train,no,,,ZS_MEA_DD106CECD7C0,zero_shot,,,0,no,no,zero_shot_not_applicable,0.0,0.0,0.0
MEA_DD106CECD7C0,REC_228382F563EF,SRC021,SFC_49F69580DC1F,LIQ_1BD1B94C09,94.5,train,no,,,PA_MEA_DD106CECD7C0,probe_assisted,MEA_D3F6F586086F;MEA_DD53D6DB9E7D,LIQ_0F4168490E;LIQ_53310FAFB3,2,yes,yes,,27.842110838133664,0.0,82.16735406989558
MEA_16379D0BA630,REC_23F3577915EA,SRC021,SFC_B77A1F4FDF6A,LIQ_0F4168490E,129.3,train,no,,,ZS_MEA_16379D0BA630,zero_shot,,,0,no,no,zero_shot_not_applicable,0.0,0.0,0.0
MEA_16379D0BA630,REC_23F3577915EA,SRC021,SFC_B77A1F4FDF6A,LIQ_0F4168490E,129.3,train,no,,,PA_MEA_16379D0BA630,probe_assisted,MEA_926D70B83FFE;MEA_C88C09E7811A;MEA_C955CAD6F09F,LIQ_1BD1B94C09;LIQ_53310FAFB3;LIQ_6656B41AB7,3,yes,yes,,44.21052362951599,0.011493548457177566,97.24330640142256
MEA_C955CAD6F09F,REC_48C3A46F0173,SRC021,SFC_B77A1F4FDF6A,LIQ_53310FAFB3,59.1,train,no,,,ZS_MEA_C955CAD6F09F,zero_shot,,,0,no,no,zero_shot_not_applicable,0.0,0.0,0.0
MEA_C955CAD6F09F,REC_48C3A46F0173,SRC021,SFC_B77A1F4FDF6A,LIQ_53310FAFB3,59.1,train,no,,,PA_MEA_C955CAD6F09F,probe_assisted,MEA_16379D0BA630;MEA_926D70B83FFE;MEA_C88C09E7811A,LIQ_0F4168490E;LIQ_1BD1B94C09;LIQ_6656B41AB7,3,yes,yes,,35.191682420144936,0.0,70.66498720235596
MEA_926D70B83FFE,REC_D72E46CF6C42,SRC021,SFC_B77A1F4FDF6A,LIQ_6656B41AB7,30.0,train,no,,,ZS_MEA_926D70B83FFE,zero_shot,,,0,no,no,zero_shot_not_applicable,0.0,0.0,0.0
MEA_926D70B83FFE,REC_D72E46CF6C42,SRC021,SFC_B77A1F4FDF6A,LIQ_6656B41AB7,30.0,train,no,,,PA_MEA_926D70B83FFE,probe_assisted,MEA_16379D0BA630;MEA_C88C09E7811A;MEA_C955CAD6F09F,LIQ_0F4168490E;LIQ_1BD1B94C09;LIQ_53310FAFB3,3,yes,yes,,33.510659738498134,0.0,51.362757133479136
MEA_C88C09E7811A,REC_1E2233F0DBCE,SRC021,SFC_B77A1F4FDF6A,LIQ_1BD1B94C09,63.5,train,no,,,ZS_MEA_C88C09E7811A,zero_shot,,,0,no,no,zero_shot_not_applicable,0.0,0.0,0.0
MEA_C88C09E7811A,REC_1E2233F0DBCE,SRC021,SFC_B77A1F4FDF6A,LIQ_1BD1B94C09,63.5,train,no,,,PA_MEA_C88C09E7811A,probe_assisted,MEA_16379D0BA630;MEA_926D70B83FFE;MEA_C955CAD6F09F,LIQ_0F4168490E;LIQ_53310FAFB3;LIQ_6656B41AB7,3,yes,yes,,34.38188526965672,0.0,74.76984697996178
MEA_CA8B879E78A3,REC_3E5A5111B980,SRC021,SFC_952282A2BB2E,LIQ_0F4168490E,117.9,train,no,,,ZS_MEA_CA8B879E78A3,zero_shot,,,0,no,no,zero_shot_not_applicable,0.0,0.0,0.0
MEA_CA8B879E78A3,REC_3E5A5111B980,SRC021,SFC_952282A2BB2E,LIQ_0F4168490E,117.9,train,no,,,PA_MEA_CA8B879E78A3,probe_assisted,MEA_1F00C5E26194;MEA_3FB7D4081A91;MEA_7A05A223DF99,LIQ_1BD1B94C09;LIQ_53310FAFB3;LIQ_6656B41AB7,3,yes,yes,,30.482043815435663,0.2255176586168658,101.45755211209557
MEA_3FB7D4081A91,REC_DE8684E4080C,SRC021,SFC_952282A2BB2E,LIQ_53310FAFB3,61.6,train,no,,,ZS_MEA_3FB7D4081A91,zero_shot,,,0,no,no,zero_shot_not_applicable,0.0,0.0,0.0
MEA_3FB7D4081A91,REC_DE8684E4080C,SRC021,SFC_952282A2BB2E,LIQ_53310FAFB3,61.6,train,no,,,PA_MEA_3FB7D4081A91,probe_assisted,MEA_1F00C5E26194;MEA_7A05A223DF99;MEA_CA8B879E78A3,LIQ_0F4168490E;LIQ_1BD1B94C09;LIQ_6656B41AB7,3,yes,yes,,26.981054273761348,0.0,80.47294852142744
MEA_7A05A223DF99,REC_010907AC3A61,SRC021,SFC_952282A2BB2E,LIQ_6656B41AB7,55.5,train,no,,,ZS_MEA_7A05A223DF99,zero_shot,,,0,no,no,zero_shot_not_applicable,0.0,0.0,0.0
MEA_7A05A223DF99,REC_010907AC3A61,SRC021,SFC_952282A2BB2E,LIQ_6656B41AB7,55.5,train,no,,,PA_MEA_7A05A223DF99,probe_assisted,MEA_1F00C5E26194;MEA_3FB7D4081A91;MEA_CA8B879E78A3,LIQ_0F4168490E;LIQ_1BD1B94C09;LIQ_53310FAFB3,3,yes,yes,,29.38971637483616,0.0,58.58498161655226
MEA_1F00C5E26194,REC_EBB296830276,SRC021,SFC_952282A2BB2E,LIQ_1BD1B94C09,82.2,train,no,,,ZS_MEA_1F00C5E26194,zero_shot,,,0,no,no,zero_shot_not_applicable,0.0,0.0,0.0
MEA_1F00C5E26194,REC_EBB296830276,SRC021,SFC_952282A2BB2E,LIQ_1BD1B94C09,82.2,train,no,,,PA_MEA_1F00C5E26194,probe_assisted,MEA_3FB7D4081A91;MEA_7A05A223DF99;MEA_CA8B879E78A3,LIQ_0F4168490E;LIQ_53310FAFB3;LIQ_6656B41AB7,3,yes,yes,,30.894222772758745,0.0,78.64183418285938
MEA_E979B74C723D,REC_941402D68EE6,SRC021,SFC_EBFB164587A1,LIQ_0F4168490E,158.5,train,no,,,ZS_MEA_E979B74C723D,zero_shot,,,0,no,no,zero_shot_not_applicable,0.0,0.0,0.0
MEA_E979B74C723D,REC_941402D68EE6,SRC021,SFC_EBFB164587A1,LIQ_0F4168490E,158.5,train,no,,,PA_MEA_E979B74C723D,probe_assisted,MEA_62355CB879EE;MEA_7EA0109FFC84;MEA_C9983E004AC5,LIQ_1BD1B94C09;LIQ_53310FAFB3;LIQ_6656B41AB7,3,yes,yes,,0.24975113962103906,0.4420269547422525,143.6544599836503
MEA_C9983E004AC5,REC_F6C5B2F282CE,SRC021,SFC_EBFB164587A1,LIQ_53310FAFB3,136.1,train,no,,,ZS_MEA_C9983E004AC5,zero_shot,,,0,no,no,zero_shot_not_applicable,0.0,0.0,0.0
MEA_C9983E004AC5,REC_F6C5B2F282CE,SRC021,SFC_EBFB164587A1,LIQ_53310FAFB3,136.1,train,no,,,PA_MEA_C9983E004AC5,probe_assisted,MEA_62355CB879EE;MEA_7EA0109FFC84;MEA_E979B74C723D,LIQ_0F4168490E;LIQ_1BD1B94C09;LIQ_6656B41AB7,3,yes,yes,,0.3425700615558418,0.0032724440187233503,149.12409363632509
MEA_7EA0109FFC84,REC_DC6113D080E8,SRC021,SFC_EBFB164587A1,LIQ_6656B41AB7,148.7,train,no,,,ZS_MEA_7EA0109FFC84,zero_shot,,,0,no,no,zero_shot_not_applicable,0.0,0.0,0.0
MEA_7EA0109FFC84,REC_DC6113D080E8,SRC021,SFC_EBFB164587A1,LIQ_6656B41AB7,148.7,train,no,,,PA_MEA_7EA0109FFC84,probe_assisted,MEA_62355CB879EE;MEA_C9983E004AC5;MEA_E979B74C723D,LIQ_0F4168490E;LIQ_1BD1B94C09;LIQ_53310FAFB3,3,yes,yes,,0.7651844893278945,0.0,138.98516809179318
MEA_62355CB879EE,REC_772585D7515A,SRC021,SFC_EBFB164587A1,LIQ_1BD1B94C09,146.2,train,no,,,ZS_MEA_62355CB879EE,zero_shot,,,0,no,no,zero_shot_not_applicable,0.0,0.0,0.0
MEA_62355CB879EE,REC_772585D7515A,SRC021,SFC_EBFB164587A1,LIQ_1BD1B94C09,146.2,train,no,,,PA_MEA_62355CB879EE,probe_assisted,MEA_7EA0109FFC84;MEA_C9983E004AC5;MEA_E979B74C723D,LIQ_0F4168490E;LIQ_53310FAFB3;LIQ_6656B41AB7,3,yes,yes,,0.4182251630092196,0.0228363223086012,146.93182539571816
MEA_DD03A0DAE390,REC_DC6F27BBA727,SRC021,SFC_15CCB7C5DFE8,LIQ_0F4168490E,163.2,train,no,,,ZS_MEA_DD03A0DAE390,zero_shot,,,0,no,no,zero_shot_not_applicable,0.0,0.0,0.0
MEA_DD03A0DAE390,REC_DC6F27BBA727,SRC021,SFC_15CCB7C5DFE8,LIQ_0F4168490E,163.2,train,no,,,PA_MEA_DD03A0DAE390,probe_assisted,MEA_7C181C7FC00D;MEA_BA3A34AD5D04;MEA_D6272F307437,LIQ_1BD1B94C09;LIQ_53310FAFB3;LIQ_6656B41AB7,3,yes,yes,,0.1655875670216539,0.38514543557326036,145.69468116029435
MEA_D6272F307437,REC_08B7EDDF1638,SRC021,SFC_15CCB7C5DFE8,LIQ_53310FAFB3,142.4,train,no,,,ZS_MEA_D6272F307437,zero_shot,,,0,no,no,zero_shot_not_applicable,0.0,0.0,0.0
MEA_D6272F307437,REC_08B7EDDF1638,SRC021,SFC_15CCB7C5DFE8,LIQ_53310FAFB3,142.4,train,no,,,PA_MEA_D6272F307437,probe_assisted,MEA_7C181C7FC00D;MEA_BA3A34AD5D04;MEA_DD03A0DAE390,LIQ_0F4168490E;LIQ_1BD1B94C09;LIQ_6656B41AB7,3,yes,yes,,0.27707531218414877,0.0005877017161511226,151.34069731760235
MEA_BA3A34AD5D04,REC_BD55BFF1D28B,SRC021,SFC_15CCB7C5DFE8,LIQ_6656B41AB7,152.3,train,no,,,ZS_MEA_BA3A34AD5D04,zero_shot,,,0,no,no,zero_shot_not_applicable,0.0,0.0,0.0
MEA_BA3A34AD5D04,REC_BD55BFF1D28B,SRC021,SFC_15CCB7C5DFE8,LIQ_6656B41AB7,152.3,train,no,,,PA_MEA_BA3A34AD5D04,probe_assisted,MEA_7C181C7FC00D;MEA_D6272F307437;MEA_DD03A0DAE390,LIQ_0F4168490E;LIQ_1BD1B94C09;LIQ_53310FAFB3,3,yes,yes,,0.545255510191243,0.0,142.44757353981635
MEA_7C181C7FC00D,REC_490F5D5234FF,SRC021,SFC_15CCB7C5DFE8,LIQ_1BD1B94C09,145.3,train,no,,,ZS_MEA_7C181C7FC00D,zero_shot,,,0,no,no,zero_shot_not_applicable,0.0,0.0,0.0
MEA_7C181C7FC00D,REC_490F5D5234FF,SRC021,SFC_15CCB7C5DFE8,LIQ_1BD1B94C09,145.3,train,no,,,PA_MEA_7C181C7FC00D,probe_assisted,MEA_BA3A34AD5D04;MEA_D6272F307437;MEA_DD03A0DAE390,LIQ_0F4168490E;LIQ_53310FAFB3;LIQ_6656B41AB7,3,yes,yes,,0.2584138892389288,0.003170350175158434,151.89278785487568
MEA_C0343AD62F63,REC_61E3832BED1D,SRC021,SFC_5F6F6DCB2B01,LIQ_0F4168490E,148.0,train,no,,,ZS_MEA_C0343AD62F63,zero_shot,,,0,no,no,zero_shot_not_applicable,0.0,0.0,0.0
MEA_C0343AD62F63,REC_61E3832BED1D,SRC021,SFC_5F6F6DCB2B01,LIQ_0F4168490E,148.0,train,no,,,PA_MEA_C0343AD62F63,probe_assisted,MEA_7DAEBF8E93C2;MEA_C85C84F008FD;MEA_DBAF6B6FEC1D,LIQ_1BD1B94C09;LIQ_53310FAFB3;LIQ_6656B41AB7,3,yes,yes,,5.012844058074545,0.0,135.46402609602734
MEA_C85C84F008FD,REC_5F24E4AE6351,SRC021,SFC_5F6F6DCB2B01,LIQ_53310FAFB3,129.7,train,no,,,ZS_MEA_C85C84F008FD,zero_shot,,,0,no,no,zero_shot_not_applicable,0.0,0.0,0.0
MEA_C85C84F008FD,REC_5F24E4AE6351,SRC021,SFC_5F6F6DCB2B01,LIQ_53310FAFB3,129.7,train,no,,,PA_MEA_C85C84F008FD,probe_assisted,MEA_7DAEBF8E93C2;MEA_C0343AD62F63;MEA_DBAF6B6FEC1D,LIQ_0F4168490E;LIQ_1BD1B94C09;LIQ_6656B41AB7,3,yes,yes,,4.824380236543411,0.0,120.47464911450689
MEA_DBAF6B6FEC1D,REC_2D2EFE3971DA,SRC021,SFC_5F6F6DCB2B01,LIQ_6656B41AB7,107.7,train,no,,,ZS_MEA_DBAF6B6FEC1D,zero_shot,,,0,no,no,zero_shot_not_applicable,0.0,0.0,0.0
MEA_DBAF6B6FEC1D,REC_2D2EFE3971DA,SRC021,SFC_5F6F6DCB2B01,LIQ_6656B41AB7,107.7,train,no,,,PA_MEA_DBAF6B6FEC1D,probe_assisted,MEA_7DAEBF8E93C2;MEA_C0343AD62F63;MEA_C85C84F008FD,LIQ_0F4168490E;LIQ_1BD1B94C09;LIQ_53310FAFB3,3,yes,yes,,3.4095469968074545,0.0,118.80700214726912
MEA_7DAEBF8E93C2,REC_1406ECDCFEBC,SRC021,SFC_5F6F6DCB2B01,LIQ_1BD1B94C09,119.0,train,no,,,ZS_MEA_7DAEBF8E93C2,zero_shot,,,0,no,no,zero_shot_not_applicable,0.0,0.0,0.0
MEA_7DAEBF8E93C2,REC_1406ECDCFEBC,SRC021,SFC_5F6F6DCB2B01,LIQ_1BD1B94C09,119.0,train,no,,,PA_MEA_7DAEBF8E93C2,probe_assisted,MEA_C0343AD62F63;MEA_C85C84F008FD;MEA_DBAF6B6FEC1D,LIQ_0F4168490E;LIQ_53310FAFB3;LIQ_6656B41AB7,3,yes,yes,,3.8173720583807107,0.0,125.39832466032063
MEA_6CA32286B3DA,REC_BF017243719A,SRC021,SFC_D37916923909,LIQ_0F4168490E,147.0,train,no,,,ZS_MEA_6CA32286B3DA,zero_shot,,,0,no,no,zero_shot_not_applicable,0.0,0.0,0.0
MEA_6CA32286B3DA,REC_BF017243719A,SRC021,SFC_D37916923909,LIQ_0F4168490E,147.0,train,no,,,PA_MEA_6CA32286B3DA,probe_assisted,MEA_2E8912ACAADE;MEA_A6E3B7BEB8BF;MEA_B9E64737B541,LIQ_1BD1B94C09;LIQ_53310FAFB3;LIQ_6656B41AB7,3,yes,yes,,6.2854647195253,0.0,132.71992228409616
MEA_A6E3B7BEB8BF,REC_CF6582F4BC39,SRC021,SFC_D37916923909,LIQ_53310FAFB3,122.6,train,no,,,ZS_MEA_A6E3B7BEB8BF,zero_shot,,,0,no,no,zero_shot_not_applicable,0.0,0.0,0.0
MEA_A6E3B7BEB8BF,REC_CF6582F4BC39,SRC021,SFC_D37916923909,LIQ_53310FAFB3,122.6,train,no,,,PA_MEA_A6E3B7BEB8BF,probe_assisted,MEA_2E8912ACAADE;MEA_6CA32286B3DA;MEA_B9E64737B541,LIQ_0F4168490E;LIQ_1BD1B94C09;LIQ_6656B41AB7,3,yes,yes,,5.666141750151727,0.0,117.7677755731171
MEA_2E8912ACAADE,REC_6334806729BF,SRC021,SFC_D37916923909,LIQ_6656B41AB7,97.1,train,no,,,ZS_MEA_2E8912ACAADE,zero_shot,,,0,no,no,zero_shot_not_applicable,0.0,0.0,0.0
MEA_2E8912ACAADE,REC_6334806729BF,SRC021,SFC_D37916923909,LIQ_6656B41AB7,97.1,train,no,,,PA_MEA_2E8912ACAADE,probe_assisted,MEA_6CA32286B3DA;MEA_A6E3B7BEB8BF;MEA_B9E64737B541,LIQ_0F4168490E;LIQ_1BD1B94C09;LIQ_53310FAFB3,3,yes,yes,,3.441893006431936,0.0,118.64679693908607
MEA_B9E64737B541,REC_90A29B330C03,SRC021,SFC_D37916923909,LIQ_1BD1B94C09,124.1,train,no,,,ZS_MEA_B9E64737B541,zero_shot,,,0,no,no,zero_shot_not_applicable,0.0,0.0,0.0
MEA_B9E64737B541,REC_90A29B330C03,SRC021,SFC_D37916923909,LIQ_1BD1B94C09,124.1,train,no,,,PA_MEA_B9E64737B541,probe_assisted,MEA_2E8912ACAADE;MEA_6CA32286B3DA;MEA_A6E3B7BEB8BF,LIQ_0F4168490E;LIQ_53310FAFB3;LIQ_6656B41AB7,3,yes,yes,,5.847707974358862,0.0,118.63659688610747
