measurement_id,record_id,source_group_id,surface_group_id,legacy_analysis_split,v4_split,applsci_split,allow_training,allow_tuning,allow_evaluation,freeze_status
CA0001,CA0001,SRC023,SFC_04353B2CE787,excluded_review,excluded_review,excluded_review,no,no,no,provisional_v4_bootstrap
CA0002,CA0002,SRC023,SFC_96578C5761C3,excluded_review,excluded_review,excluded_review,no,no,no,provisional_v4_bootstrap
CA0003,CA0003,SRC023,SFC_A713C80D8A86,excluded_review,excluded_review,excluded_review,no,no,no,provisional_v4_bootstrap
CA0004,CA0004,SRC023,SFC_833BD19E975A,excluded_review,excluded_review,excluded_review,no,no,no,provisional_v4_bootstrap
CA0005,CA0005,SRC023,SFC_EF3937BBEA40,excluded_review,excluded_review,excluded_review,no,no,no,provisional_v4_bootstrap
CA0006,CA0006,SRC023,SFC_B1C3F4195927,excluded_review,excluded_review,excluded_review,no,no,no,provisional_v4_bootstrap
CA0007,CA0007,SRC023,SFC_3269642DA2B0,excluded_review,excluded_review,excluded_review,no,no,no,provisional_v4_bootstrap
CA0008,CA0008,SRC023,SFC_258CBA406DD6,excluded_review,excluded_review,excluded_review,no,no,no,provisional_v4_bootstrap
CA0009,CA0009,SRC023,SFC_DB683EF7A2C1,excluded_review,excluded_review,excluded_review,no,no,no,provisional_v4_bootstrap
CA0010,CA0010,SRC023,SFC_EEA5FB824E7A,excluded_review,excluded_review,excluded_review,no,no,no,provisional_v4_bootstrap
CA0011,CA0011,SRC023,SFC_E24B19E460DE,excluded_review,excluded_review,excluded_review,no,no,no,provisional_v4_bootstrap
CA0012,CA0012,SRC023,SFC_782084083F60,excluded_review,excluded_review,excluded_review,no,no,no,provisional_v4_bootstrap
CA0013,CA0013,SRC023,SFC_F08E28324066,excluded_review,excluded_review,excluded_review,no,no,no,provisional_v4_bootstrap
CA0014,CA0014,SRC023,SFC_0C4EEBCACC30,excluded_review,excluded_review,excluded_review,no,no,no,provisional_v4_bootstrap
CA0015,CA0015,SRC023,SFC_F715B35B2C9F,excluded_review,excluded_review,excluded_review,no,no,no,provisional_v4_bootstrap
CA0016,CA0016,SRC023,SFC_04353B2CE787,excluded_review,excluded_review,excluded_review,no,no,no,provisional_v4_bootstrap
CA0017,CA0017,SRC023,SFC_96578C5761C3,excluded_review,excluded_review,excluded_review,no,no,no,provisional_v4_bootstrap
CA0018,CA0018,SRC023,SFC_A713C80D8A86,excluded_review,excluded_review,excluded_review,no,no,no,provisional_v4_bootstrap
CA0019,CA0019,SRC023,SFC_833BD19E975A,excluded_review,excluded_review,excluded_review,no,no,no,provisional_v4_bootstrap
CA0020,CA0020,SRC023,SFC_EF3937BBEA40,excluded_review,excluded_review,excluded_review,no,no,no,provisional_v4_bootstrap
CA0021,CA0021,SRC023,SFC_B1C3F4195927,excluded_review,excluded_review,excluded_review,no,no,no,provisional_v4_bootstrap
CA0022,CA0022,SRC023,SFC_3269642DA2B0,excluded_review,excluded_review,excluded_review,no,no,no,provisional_v4_bootstrap
CA0023,CA0023,SRC023,SFC_258CBA406DD6,excluded_review,excluded_review,excluded_review,no,no,no,provisional_v4_bootstrap
CA0024,CA0024,SRC023,SFC_DB683EF7A2C1,excluded_review,excluded_review,excluded_review,no,no,no,provisional_v4_bootstrap
CA0025,CA0025,SRC023,SFC_EEA5FB824E7A,excluded_review,excluded_review,excluded_review,no,no,no,provisional_v4_bootstrap
CA0026,CA0026,SRC023,SFC_E24B19E460DE,excluded_review,excluded_review,excluded_review,no,no,no,provisional_v4_bootstrap
CA0027,CA0027,SRC023,SFC_782084083F60,excluded_review,excluded_review,excluded_review,no,no,no,provisional_v4_bootstrap
CA0028,CA0028,SRC023,SFC_F08E28324066,excluded_review,excluded_review,excluded_review,no,no,no,provisional_v4_bootstrap
CA0029,CA0029,SRC023,SFC_0C4EEBCACC30,excluded_review,excluded_review,excluded_review,no,no,no,provisional_v4_bootstrap
CA0030,CA0030,SRC023,SFC_F715B35B2C9F,excluded_review,excluded_review,excluded_review,no,no,no,provisional_v4_bootstrap
CA0031,CA0031,SRC023,SFC_04353B2CE787,excluded_review,excluded_review,excluded_review,no,no,no,provisional_v4_bootstrap
CA0032,CA0032,SRC023,SFC_96578C5761C3,excluded_review,excluded_review,excluded_review,no,no,no,provisional_v4_bootstrap
CA0033,CA0033,SRC023,SFC_A713C80D8A86,excluded_review,excluded_review,excluded_review,no,no,no,provisional_v4_bootstrap
CA0034,CA0034,SRC023,SFC_833BD19E975A,excluded_review,excluded_review,excluded_review,no,no,no,provisional_v4_bootstrap
CA0035,CA0035,SRC023,SFC_EF3937BBEA40,excluded_review,excluded_review,excluded_review,no,no,no,provisional_v4_bootstrap
CA0036,CA0036,SRC023,SFC_B1C3F4195927,excluded_review,excluded_review,excluded_review,no,no,no,provisional_v4_bootstrap
CA0037,CA0037,SRC023,SFC_3269642DA2B0,excluded_review,excluded_review,excluded_review,no,no,no,provisional_v4_bootstrap
CA0038,CA0038,SRC023,SFC_258CBA406DD6,excluded_review,excluded_review,excluded_review,no,no,no,provisional_v4_bootstrap
CA0039,CA0039,SRC023,SFC_DB683EF7A2C1,excluded_review,excluded_review,excluded_review,no,no,no,provisional_v4_bootstrap
CA0040,CA0040,SRC023,SFC_EEA5FB824E7A,excluded_review,excluded_review,excluded_review,no,no,no,provisional_v4_bootstrap
CA0041,CA0041,SRC023,SFC_E24B19E460DE,excluded_review,excluded_review,excluded_review,no,no,no,provisional_v4_bootstrap
CA0042,CA0042,SRC023,SFC_782084083F60,excluded_review,excluded_review,excluded_review,no,no,no,provisional_v4_bootstrap
CA0043,CA0043,SRC023,SFC_8236ECA9EB74,excluded_review,excluded_review,excluded_review,no,no,no,provisional_v4_bootstrap
CA0044,CA0044,SRC023,SFC_49842D0D9B8F,excluded_review,excluded_review,excluded_review,no,no,no,provisional_v4_bootstrap
CA0045,CA0045,SRC023,SFC_E805A27F910D,excluded_review,excluded_review,excluded_review,no,no,no,provisional_v4_bootstrap
CA0046,CA0046,SRC023,SFC_8236ECA9EB74,excluded_review,excluded_review,excluded_review,no,no,no,provisional_v4_bootstrap
CA0047,CA0047,SRC023,SFC_49842D0D9B8F,excluded_review,excluded_review,excluded_review,no,no,no,provisional_v4_bootstrap
CA0048,CA0048,SRC023,SFC_E805A27F910D,excluded_review,excluded_review,excluded_review,no,no,no,provisional_v4_bootstrap
CA0049,CA0049,SRC023,SFC_8236ECA9EB74,excluded_review,excluded_review,excluded_review,no,no,no,provisional_v4_bootstrap
CA0050,CA0050,SRC023,SFC_49842D0D9B8F,excluded_review,excluded_review,excluded_review,no,no,no,provisional_v4_bootstrap
CA0051,CA0051,SRC023,SFC_E805A27F910D,excluded_review,excluded_review,excluded_review,no,no,no,provisional_v4_bootstrap
CA0052,CA0052,SRC023,SFC_2F8ECAFB7400,excluded_review,excluded_review,excluded_review,no,no,no,provisional_v4_bootstrap
CA0053,CA0053,SRC023,SFC_09D2365FF128,excluded_review,excluded_review,excluded_review,no,no,no,provisional_v4_bootstrap
CA0054,CA0054,SRC023,SFC_C657B6B2A8F2,excluded_review,excluded_review,excluded_review,no,no,no,provisional_v4_bootstrap
CA0055,CA0055,SRC023,SFC_EADE66E24084,excluded_review,excluded_review,excluded_review,no,no,no,provisional_v4_bootstrap
CA0056,CA0056,SRC023,SFC_7320418E2637,excluded_review,excluded_review,excluded_review,no,no,no,provisional_v4_bootstrap
CA0057,CA0057,SRC023,SFC_059D01259A34,excluded_review,excluded_review,excluded_review,no,no,no,provisional_v4_bootstrap
CA0058,CA0058,SRC023,SFC_2F8ECAFB7400,excluded_review,excluded_review,excluded_review,no,no,no,provisional_v4_bootstrap
CA0059,CA0059,SRC023,SFC_09D2365FF128,excluded_review,excluded_review,excluded_review,no,no,no,provisional_v4_bootstrap
CA0060,CA0060,SRC023,SFC_C657B6B2A8F2,excluded_review,excluded_review,excluded_review,no,no,no,provisional_v4_bootstrap
CA0061,CA0061,SRC023,SFC_EADE66E24084,excluded_review,excluded_review,excluded_review,no,no,no,provisional_v4_bootstrap
CA0062,CA0062,SRC023,SFC_7320418E2637,excluded_review,excluded_review,excluded_review,no,no,no,provisional_v4_bootstrap
CA0063,CA0063,SRC023,SFC_059D01259A34,excluded_review,excluded_review,excluded_review,no,no,no,provisional_v4_bootstrap
CA0064,CA0064,SRC023,SFC_2F8ECAFB7400,excluded_review,excluded_review,excluded_review,no,no,no,provisional_v4_bootstrap
CA0065,CA0065,SRC023,SFC_09D2365FF128,excluded_review,excluded_review,excluded_review,no,no,no,provisional_v4_bootstrap
CA0066,CA0066,SRC023,SFC_C657B6B2A8F2,excluded_review,excluded_review,excluded_review,no,no,no,provisional_v4_bootstrap
CA0067,CA0067,SRC023,SFC_EADE66E24084,excluded_review,excluded_review,excluded_review,no,no,no,provisional_v4_bootstrap
CA0068,CA0068,SRC023,SFC_7320418E2637,excluded_review,excluded_review,excluded_review,no,no,no,provisional_v4_bootstrap
CA0069,CA0069,SRC023,SFC_059D01259A34,excluded_review,excluded_review,excluded_review,no,no,no,provisional_v4_bootstrap
CA0070,CA0070,SRC024,SFC_B8D818A15C77,excluded_review,excluded_review,excluded_review,no,no,no,provisional_v4_bootstrap
CA0071,CA0071,SRC024,SFC_DFFFBB02B458,excluded_review,excluded_review,excluded_review,no,no,no,provisional_v4_bootstrap
CA0072,CA0072,SRC024,SFC_CC13B5674B11,excluded_review,excluded_review,excluded_review,no,no,no,provisional_v4_bootstrap
CA0073,CA0073,SRC024,SFC_2F5D209BCFE9,excluded_review,excluded_review,excluded_review,no,no,no,provisional_v4_bootstrap
CA0074,CA0074,SRC024,SFC_B8D818A15C77,excluded_review,excluded_review,excluded_review,no,no,no,provisional_v4_bootstrap
CA0075,CA0075,SRC024,SFC_DFFFBB02B458,excluded_review,excluded_review,excluded_review,no,no,no,provisional_v4_bootstrap
CA0076,CA0076,SRC024,SFC_8E1BAB0CA5A6,excluded_review,excluded_review,excluded_review,no,no,no,provisional_v4_bootstrap
CA0077,CA0077,SRC010,SFC_95580B5C4364,internal_train,train,train,yes,no,no,provisional_v4_bootstrap
CA0078,CA0078,SRC010,SFC_95580B5C4364,internal_train,train,train,yes,no,no,provisional_v4_bootstrap
CA0079,CA0079,SRC010,SFC_F7990EF3D076,internal_test,train,train,yes,no,no,provisional_v4_bootstrap
CA0080,CA0080,SRC010,SFC_F7990EF3D076,internal_train,train,train,yes,no,no,provisional_v4_bootstrap
CA0081,CA0081,SRC010,SFC_10C3C0102684,internal_train,train,train,yes,no,no,provisional_v4_bootstrap
CA0082,CA0082,SRC010,SFC_10C3C0102684,internal_val,train,train,yes,no,no,provisional_v4_bootstrap
CA0083,CA0083,SRC010,SFC_FA6603E349B6,internal_test,train,train,yes,no,no,provisional_v4_bootstrap
CA0084,CA0084,SRC010,SFC_FA6603E349B6,internal_train,train,train,yes,no,no,provisional_v4_bootstrap
CA0085,CA0085,SRC010,SFC_91AEF1F6D63F,internal_train,train,train,yes,no,no,provisional_v4_bootstrap
CA0086,CA0086,SRC010,SFC_91AEF1F6D63F,internal_train,train,train,yes,no,no,provisional_v4_bootstrap
CA0087,CA0087,SRC010,SFC_B26BB3C57516,internal_train,train,train,yes,no,no,provisional_v4_bootstrap
CA0088,CA0088,SRC010,SFC_B26BB3C57516,internal_train,train,train,yes,no,no,provisional_v4_bootstrap
CA0089,CA0089,SRC010,SFC_EE615B6001A2,internal_train,train,train,yes,no,no,provisional_v4_bootstrap
CA0090,CA0090,SRC010,SFC_EE615B6001A2,internal_train,train,train,yes,no,no,provisional_v4_bootstrap
CA0091,CA0091,SRC010,SFC_C256F7B116EE,internal_train,train,train,yes,no,no,provisional_v4_bootstrap
CA0092,CA0092,SRC010,SFC_C256F7B116EE,internal_train,train,train,yes,no,no,provisional_v4_bootstrap
CA0093,CA0093,SRC009,SFC_A5B2B66974AE,internal_train,train,train,yes,no,no,provisional_v4_bootstrap
CA0094,CA0094,SRC009,SFC_A5B2B66974AE,internal_train,train,train,yes,no,no,provisional_v4_bootstrap
CA0095,CA0095,SRC009,SFC_BF7DB4F8493A,internal_train,train,train,yes,no,no,provisional_v4_bootstrap
CA0096,CA0096,SRC009,SFC_BF7DB4F8493A,internal_val,train,train,yes,no,no,provisional_v4_bootstrap
CA0097,CA0097,SRC009,SFC_1CE43E1DBA17,internal_train,train,train,yes,no,no,provisional_v4_bootstrap
CA0098,CA0098,SRC009,SFC_1CE43E1DBA17,internal_train,train,train,yes,no,no,provisional_v4_bootstrap
CA0099,CA0099,SRC009,SFC_CD91556CDD43,internal_train,train,train,yes,no,no,provisional_v4_bootstrap
CA0100,CA0100,SRC009,SFC_CD91556CDD43,internal_train,train,train,yes,no,no,provisional_v4_bootstrap
CA0101,CA0101,SRC007,SFC_5EB9C176CFB3,internal_val,validation,validation,no,yes,no,provisional_v4_bootstrap
CA0102,CA0102,SRC007,SFC_5EB9C176CFB3,internal_train,validation,validation,no,yes,no,provisional_v4_bootstrap
CA0103,CA0103,SRC007,SFC_4A9A552599CA,internal_train,validation,validation,no,yes,no,provisional_v4_bootstrap
CA0104,CA0104,SRC007,SFC_4A9A552599CA,internal_train,validation,validation,no,yes,no,provisional_v4_bootstrap
CA0105,CA0105,SRC007,SFC_FE6387F77D1C,internal_test,validation,validation,no,yes,no,provisional_v4_bootstrap
CA0106,CA0106,SRC007,SFC_FE6387F77D1C,internal_test,validation,validation,no,yes,no,provisional_v4_bootstrap
CA0107,CA0107,SRC008,SFC_5B98CD5D3171,balanced_holdout,train,train,yes,no,no,provisional_v4_bootstrap
CA0108,CA0108,SRC008,SFC_501977853E73,excluded_review,excluded_review,excluded_review,no,no,no,provisional_v4_bootstrap
CA0109,CA0109,SRC008,SFC_FA2839A92EC7,excluded_review,excluded_review,excluded_review,no,no,no,provisional_v4_bootstrap
CA0110,CA0110,SRC008,SFC_1D8B05F80DC7,excluded_review,excluded_review,excluded_review,no,no,no,provisional_v4_bootstrap
CA0111,CA0111,SRC008,SFC_44B95F9FBEE4,excluded_review,excluded_review,excluded_review,no,no,no,provisional_v4_bootstrap
CA0112,CA0112,SRC008,SFC_E5CA0C67969B,excluded_review,excluded_review,excluded_review,no,no,no,provisional_v4_bootstrap
CA0235,CA0235,SRC013,SFC_2A727AF34E6D,balanced_holdout,internal_test,internal_test,no,no,yes,provisional_v4_bootstrap
CA0236,CA0236,SRC013,SFC_2A727AF34E6D,balanced_holdout,internal_test,internal_test,no,no,yes,provisional_v4_bootstrap
CA0237,CA0237,SRC013,SFC_2A727AF34E6D,balanced_holdout,internal_test,internal_test,no,no,yes,provisional_v4_bootstrap
CA0238,CA0238,SRC013,SFC_E38FF72DBA39,balanced_holdout,internal_test,internal_test,no,no,yes,provisional_v4_bootstrap
CA0239,CA0239,SRC013,SFC_E38FF72DBA39,balanced_holdout,internal_test,internal_test,no,no,yes,provisional_v4_bootstrap
CA0240,CA0240,SRC013,SFC_E38FF72DBA39,internal_test,internal_test,internal_test,no,no,yes,provisional_v4_bootstrap
CA0241,CA0241,SRC013,SFC_39DBA098ECDC,internal_test,internal_test,internal_test,no,no,yes,provisional_v4_bootstrap
CA0242,CA0242,SRC013,SFC_39DBA098ECDC,internal_train,internal_test,internal_test,no,no,yes,provisional_v4_bootstrap
CA0243,CA0243,SRC013,SFC_39DBA098ECDC,internal_test,internal_test,internal_test,no,no,yes,provisional_v4_bootstrap
CA0244,CA0244,SRC013,SFC_417F923EF7B4,internal_train,internal_test,internal_test,no,no,yes,provisional_v4_bootstrap
CA0245,CA0245,SRC013,SFC_417F923EF7B4,internal_test,internal_test,internal_test,no,no,yes,provisional_v4_bootstrap
CA0246,CA0246,SRC013,SFC_417F923EF7B4,internal_train,internal_test,internal_test,no,no,yes,provisional_v4_bootstrap
CA0247,CA0247,SRC013,SFC_8E79B764A41F,internal_train,internal_test,internal_test,no,no,yes,provisional_v4_bootstrap
CA0248,CA0248,SRC013,SFC_8E79B764A41F,internal_test,internal_test,internal_test,no,no,yes,provisional_v4_bootstrap
CA0249,CA0249,SRC013,SFC_8E79B764A41F,internal_train,internal_test,internal_test,no,no,yes,provisional_v4_bootstrap
CA0250,CA0250,SRC013,SFC_67E6ABEA7841,internal_val,internal_test,internal_test,no,no,yes,provisional_v4_bootstrap
CA0251,CA0251,SRC013,SFC_67E6ABEA7841,internal_train,internal_test,internal_test,no,no,yes,provisional_v4_bootstrap
CA0252,CA0252,SRC013,SFC_67E6ABEA7841,internal_train,internal_test,internal_test,no,no,yes,provisional_v4_bootstrap
CA0267,CA0267,SRC015,SFC_93C87B65E929,internal_val,validation,validation,no,yes,no,provisional_v4_bootstrap
CA0268,CA0268,SRC015,SFC_93C87B65E929,internal_test,validation,validation,no,yes,no,provisional_v4_bootstrap
CA0269,CA0269,SRC015,SFC_A716853C1624,balanced_holdout,validation,validation,no,yes,no,provisional_v4_bootstrap
CA0270,CA0270,SRC015,SFC_A716853C1624,balanced_holdout,validation,validation,no,yes,no,provisional_v4_bootstrap
CA0271,CA0271,SRC015,SFC_86D8700CAF9C,internal_train,validation,validation,no,yes,no,provisional_v4_bootstrap
CA0272,CA0272,SRC015,SFC_86D8700CAF9C,internal_val,validation,validation,no,yes,no,provisional_v4_bootstrap
CA0273,CA0273,SRC015,SFC_3014F50685DA,internal_test,validation,validation,no,yes,no,provisional_v4_bootstrap
CA0274,CA0274,SRC015,SFC_3014F50685DA,internal_train,validation,validation,no,yes,no,provisional_v4_bootstrap
CA0275,CA0275,SRC015,SFC_FD37A16743B7,internal_train,validation,validation,no,yes,no,provisional_v4_bootstrap
CA0276,CA0276,SRC015,SFC_FD37A16743B7,internal_train,validation,validation,no,yes,no,provisional_v4_bootstrap
CA0277,CA0277,SRC005,SFC_1B0EE35A8601,internal_train,validation,validation,no,yes,no,provisional_v4_bootstrap
CA0278,CA0278,SRC005,SFC_1B0EE35A8601,balanced_holdout,validation,validation,no,yes,no,provisional_v4_bootstrap
CA0279,CA0279,SRC005,SFC_231FB62337B5,internal_test,validation,validation,no,yes,no,provisional_v4_bootstrap
CA0280,CA0280,SRC005,SFC_231FB62337B5,balanced_holdout,validation,validation,no,yes,no,provisional_v4_bootstrap
CA0281,CA0281,SRC005,SFC_D6B816FE09EC,internal_test,validation,validation,no,yes,no,provisional_v4_bootstrap
CA0282,CA0282,SRC005,SFC_D6B816FE09EC,balanced_holdout,validation,validation,no,yes,no,provisional_v4_bootstrap
CA0283,CA0283,SRC005,SFC_F8843DC534D0,internal_val,validation,validation,no,yes,no,provisional_v4_bootstrap
CA0284,CA0284,SRC005,SFC_F8843DC534D0,balanced_holdout,validation,validation,no,yes,no,provisional_v4_bootstrap
CA0285,CA0285,SRC006,SFC_4B9DA50F6033,internal_train,train,train,yes,no,no,provisional_v4_bootstrap
CA0286,CA0286,SRC006,SFC_4B9DA50F6033,internal_train,train,train,yes,no,no,provisional_v4_bootstrap
CA0287,CA0287,SRC022,SFC_75203B72A5AD,internal_train,internal_test,internal_test,no,no,yes,provisional_v4_bootstrap
CA0288,CA0288,SRC022,SFC_75203B72A5AD,internal_val,internal_test,internal_test,no,no,yes,provisional_v4_bootstrap
CA0289,CA0289,SRC022,SFC_39B450DAB1FB,internal_train,internal_test,internal_test,no,no,yes,provisional_v4_bootstrap
CA0290,CA0290,SRC022,SFC_39B450DAB1FB,internal_train,internal_test,internal_test,no,no,yes,provisional_v4_bootstrap
CA0291,CA0291,SRC022,SFC_588A96278F34,internal_train,internal_test,internal_test,no,no,yes,provisional_v4_bootstrap
CA0292,CA0292,SRC022,SFC_588A96278F34,internal_test,internal_test,internal_test,no,no,yes,provisional_v4_bootstrap
CA0293,CA0293,SRC022,SFC_A2BE3F1765AE,internal_train,internal_test,internal_test,no,no,yes,provisional_v4_bootstrap
CA0294,CA0294,SRC022,SFC_A2BE3F1765AE,balanced_holdout,internal_test,internal_test,no,no,yes,provisional_v4_bootstrap
CA0295,CA0295,SRC022,SFC_292FB4EA5D24,internal_val,internal_test,internal_test,no,no,yes,provisional_v4_bootstrap
CA0296,CA0296,SRC022,SFC_292FB4EA5D24,internal_test,internal_test,internal_test,no,no,yes,provisional_v4_bootstrap
CA0297,CA0297,SRC022,SFC_BD3224C101E4,internal_train,internal_test,internal_test,no,no,yes,provisional_v4_bootstrap
CA0298,CA0298,SRC022,SFC_BD3224C101E4,internal_train,internal_test,internal_test,no,no,yes,provisional_v4_bootstrap
CA0299,CA0299,SRC022,SFC_2E5EA5C6D130,internal_train,internal_test,internal_test,no,no,yes,provisional_v4_bootstrap
CA0300,CA0300,SRC022,SFC_2E5EA5C6D130,internal_train,internal_test,internal_test,no,no,yes,provisional_v4_bootstrap
CA0301,CA0301,SRC022,SFC_D4A1459EC26C,internal_val,internal_test,internal_test,no,no,yes,provisional_v4_bootstrap
CA0302,CA0302,SRC022,SFC_D4A1459EC26C,internal_train,internal_test,internal_test,no,no,yes,provisional_v4_bootstrap
CA0447,CA0447,SRC017,SFC_AFFB3785B9F0,hard_external,internal_test,internal_test,no,no,yes,provisional_v4_bootstrap
CA0448,CA0448,SRC017,SFC_AFFB3785B9F0,hard_external,internal_test,internal_test,no,no,yes,provisional_v4_bootstrap
CA0449,CA0449,SRC017,SFC_AFFB3785B9F0,hard_external,internal_test,internal_test,no,no,yes,provisional_v4_bootstrap
CA0450,CA0450,SRC017,SFC_AFFB3785B9F0,hard_external,internal_test,internal_test,no,no,yes,provisional_v4_bootstrap
CA0451,CA0451,SRC017,SFC_AFFB3785B9F0,hard_external,internal_test,internal_test,no,no,yes,provisional_v4_bootstrap
CA0452,CA0452,SRC017,SFC_AFFB3785B9F0,hard_external,internal_test,internal_test,no,no,yes,provisional_v4_bootstrap
CA0453,CA0453,SRC017,SFC_AFFB3785B9F0,hard_external,internal_test,internal_test,no,no,yes,provisional_v4_bootstrap
CA0454,CA0454,SRC017,SFC_AFFB3785B9F0,hard_external,internal_test,internal_test,no,no,yes,provisional_v4_bootstrap
CA0463,CA0463,SRC002,SFC_5523B41BFD8F,hard_external,validation,validation,no,yes,no,provisional_v4_bootstrap
CA0464,CA0464,SRC002,SFC_5523B41BFD8F,hard_external,validation,validation,no,yes,no,provisional_v4_bootstrap
CA0465,CA0465,SRC002,SFC_5523B41BFD8F,hard_external,validation,validation,no,yes,no,provisional_v4_bootstrap
CA0466,CA0466,SRC002,SFC_5523B41BFD8F,hard_external,validation,validation,no,yes,no,provisional_v4_bootstrap
CA0467,CA0467,SRC003,SFC_6DD3FB38C4D9,internal_train,internal_test,internal_test,no,no,yes,provisional_v4_bootstrap
CA0468,CA0468,SRC003,SFC_6DD3FB38C4D9,internal_train,internal_test,internal_test,no,no,yes,provisional_v4_bootstrap
CA0529,CA0529,SDX006,SFC_55DDAE9FF4E5,source_disjoint_external,legacy_external,legacy_external,no,no,yes,provisional_v4_bootstrap
CA0530,CA0530,SDX006,SFC_55DDAE9FF4E5,source_disjoint_external,legacy_external,legacy_external,no,no,yes,provisional_v4_bootstrap
CA0531,CA0531,SDX006,SFC_8810EE8758ED,source_disjoint_external,legacy_external,legacy_external,no,no,yes,provisional_v4_bootstrap
CA0532,CA0532,SDX006,SFC_8810EE8758ED,source_disjoint_external,legacy_external,legacy_external,no,no,yes,provisional_v4_bootstrap
CA0533,CA0533,SDX006,SFC_15EC92D72DA3,source_disjoint_external,legacy_external,legacy_external,no,no,yes,provisional_v4_bootstrap
CA0534,CA0534,SDX006,SFC_15EC92D72DA3,source_disjoint_external,legacy_external,legacy_external,no,no,yes,provisional_v4_bootstrap
CA0535,CA0535,SDX006,SFC_7ABDB4BDAFA3,source_disjoint_external,legacy_external,legacy_external,no,no,yes,provisional_v4_bootstrap
CA0536,CA0536,SDX006,SFC_7ABDB4BDAFA3,source_disjoint_external,legacy_external,legacy_external,no,no,yes,provisional_v4_bootstrap
CA0537,CA0537,SDX006,SFC_86D193058DBE,source_disjoint_external,legacy_external,legacy_external,no,no,yes,provisional_v4_bootstrap
CA0538,CA0538,SDX006,SFC_86D193058DBE,source_disjoint_external,legacy_external,legacy_external,no,no,yes,provisional_v4_bootstrap
CA0539,CA0539,SDX006,SFC_C578D204BBE3,source_disjoint_external,legacy_external,legacy_external,no,no,yes,provisional_v4_bootstrap
CA0540,CA0540,SDX006,SFC_C578D204BBE3,source_disjoint_external,legacy_external,legacy_external,no,no,yes,provisional_v4_bootstrap
CA0541,CA0541,SDX006,SFC_AEDDDB49C107,source_disjoint_external,legacy_external,legacy_external,no,no,yes,provisional_v4_bootstrap
CA0542,CA0542,SDX006,SFC_AEDDDB49C107,source_disjoint_external,legacy_external,legacy_external,no,no,yes,provisional_v4_bootstrap
CA0543,CA0543,SDX006,SFC_12E012885148,source_disjoint_external,legacy_external,legacy_external,no,no,yes,provisional_v4_bootstrap
CA0544,CA0544,SDX006,SFC_12E012885148,source_disjoint_external,legacy_external,legacy_external,no,no,yes,provisional_v4_bootstrap
CA0545,CA0545,SDX001,SFC_159FF1E1E160,source_disjoint_external,legacy_external,legacy_external,no,no,yes,provisional_v4_bootstrap
CA0546,CA0546,SDX001,SFC_159FF1E1E160,source_disjoint_external,legacy_external,legacy_external,no,no,yes,provisional_v4_bootstrap
CA0547,CA0547,SDX001,SFC_91A5214A0C27,source_disjoint_external,legacy_external,legacy_external,no,no,yes,provisional_v4_bootstrap
CA0548,CA0548,SDX001,SFC_91A5214A0C27,source_disjoint_external,legacy_external,legacy_external,no,no,yes,provisional_v4_bootstrap
CA0549,CA0549,SDX001,SFC_3C4F304244DF,source_disjoint_external,legacy_external,legacy_external,no,no,yes,provisional_v4_bootstrap
CA0550,CA0550,SDX001,SFC_3C4F304244DF,source_disjoint_external,legacy_external,legacy_external,no,no,yes,provisional_v4_bootstrap
CA0551,CA0551,SDX001,SFC_95A0FAE91CD0,source_disjoint_external,legacy_external,legacy_external,no,no,yes,provisional_v4_bootstrap
CA0552,CA0552,SDX001,SFC_95A0FAE91CD0,source_disjoint_external,legacy_external,legacy_external,no,no,yes,provisional_v4_bootstrap
CA0553,CA0553,SDX001,SFC_38EFEBA36525,source_disjoint_external,legacy_external,legacy_external,no,no,yes,provisional_v4_bootstrap
CA0554,CA0554,SDX001,SFC_38EFEBA36525,source_disjoint_external,legacy_external,legacy_external,no,no,yes,provisional_v4_bootstrap
CA0555,CA0555,SDX009,SFC_90843D24007D,source_disjoint_external,legacy_external,legacy_external,no,no,yes,provisional_v4_bootstrap
CA0556,CA0556,SDX009,SFC_90843D24007D,source_disjoint_external,legacy_external,legacy_external,no,no,yes,provisional_v4_bootstrap
CA0557,CA0557,SDX009,SFC_962FBAB11443,source_disjoint_external,legacy_external,legacy_external,no,no,yes,provisional_v4_bootstrap
CA0558,CA0558,SDX009,SFC_962FBAB11443,source_disjoint_external,legacy_external,legacy_external,no,no,yes,provisional_v4_bootstrap
CA0559,CA0559,SDX009,SFC_4A58BED65751,source_disjoint_external,legacy_external,legacy_external,no,no,yes,provisional_v4_bootstrap
CA0560,CA0560,SDX009,SFC_4A58BED65751,source_disjoint_external,legacy_external,legacy_external,no,no,yes,provisional_v4_bootstrap
CA0561,CA0561,SDX009,SFC_FE7D2709B140,source_disjoint_external,legacy_external,legacy_external,no,no,yes,provisional_v4_bootstrap
CA0562,CA0562,SDX009,SFC_FE7D2709B140,source_disjoint_external,legacy_external,legacy_external,no,no,yes,provisional_v4_bootstrap
CA0587,CA0587,SDX010,SFC_B0B8AD6AD8FD,source_disjoint_external,legacy_external,legacy_external,no,no,yes,provisional_v4_bootstrap
CA0588,CA0588,SDX010,SFC_B0B8AD6AD8FD,source_disjoint_external,legacy_external,legacy_external,no,no,yes,provisional_v4_bootstrap
CA0589,CA0589,SDX010,SFC_B0B8AD6AD8FD,source_disjoint_external,legacy_external,legacy_external,no,no,yes,provisional_v4_bootstrap
CA0590,CA0590,SDX010,SFC_E7FC3D2DD101,source_disjoint_external,legacy_external,legacy_external,no,no,yes,provisional_v4_bootstrap
CA0591,CA0591,SDX010,SFC_E7FC3D2DD101,source_disjoint_external,legacy_external,legacy_external,no,no,yes,provisional_v4_bootstrap
CA0592,CA0592,SDX010,SFC_E7FC3D2DD101,source_disjoint_external,legacy_external,legacy_external,no,no,yes,provisional_v4_bootstrap
CA0593,CA0593,SDX010,SFC_F8664D03003D,source_disjoint_external,legacy_external,legacy_external,no,no,yes,provisional_v4_bootstrap
CA0594,CA0594,SDX010,SFC_F8664D03003D,source_disjoint_external,legacy_external,legacy_external,no,no,yes,provisional_v4_bootstrap
CA0595,CA0595,SDX010,SFC_F8664D03003D,source_disjoint_external,legacy_external,legacy_external,no,no,yes,provisional_v4_bootstrap
CA0596,CA0596,SDX010,SFC_57C35DC0B570,source_disjoint_external,legacy_external,legacy_external,no,no,yes,provisional_v4_bootstrap
CA0597,CA0597,SDX010,SFC_57C35DC0B570,source_disjoint_external,legacy_external,legacy_external,no,no,yes,provisional_v4_bootstrap
CA0598,CA0598,SDX010,SFC_57C35DC0B570,source_disjoint_external,legacy_external,legacy_external,no,no,yes,provisional_v4_bootstrap
CA0599,CA0599,SDX010,SFC_AD93A15A2199,source_disjoint_external,legacy_external,legacy_external,no,no,yes,provisional_v4_bootstrap
CA0600,CA0600,SDX010,SFC_AD93A15A2199,source_disjoint_external,legacy_external,legacy_external,no,no,yes,provisional_v4_bootstrap
CA0601,CA0601,SDX010,SFC_AD93A15A2199,source_disjoint_external,legacy_external,legacy_external,no,no,yes,provisional_v4_bootstrap
CA0602,CA0602,SDX010,SFC_B9F3779B4230,source_disjoint_external,legacy_external,legacy_external,no,no,yes,provisional_v4_bootstrap
CA0603,CA0603,SDX010,SFC_B9F3779B4230,source_disjoint_external,legacy_external,legacy_external,no,no,yes,provisional_v4_bootstrap
CA0604,CA0604,SDX010,SFC_B9F3779B4230,source_disjoint_external,legacy_external,legacy_external,no,no,yes,provisional_v4_bootstrap
CA0605,CA0605,SDX010,SFC_02B9E44B3DAE,source_disjoint_external,legacy_external,legacy_external,no,no,yes,provisional_v4_bootstrap
CA0606,CA0606,SDX010,SFC_02B9E44B3DAE,source_disjoint_external,legacy_external,legacy_external,no,no,yes,provisional_v4_bootstrap
CA0607,CA0607,SDX010,SFC_02B9E44B3DAE,source_disjoint_external,legacy_external,legacy_external,no,no,yes,provisional_v4_bootstrap
CA0608,CA0608,SDX007,SFC_82F5C36F39D2,source_disjoint_external,legacy_external,legacy_external,no,no,yes,provisional_v4_bootstrap
CA0609,CA0609,SDX007,SFC_82F5C36F39D2,source_disjoint_external,legacy_external,legacy_external,no,no,yes,provisional_v4_bootstrap
CA0610,CA0610,SDX007,SFC_82F5C36F39D2,source_disjoint_external,legacy_external,legacy_external,no,no,yes,provisional_v4_bootstrap
CA0611,CA0611,SDX007,SFC_FF44FFDB2AC3,source_disjoint_external,legacy_external,legacy_external,no,no,yes,provisional_v4_bootstrap
CA0612,CA0612,SDX007,SFC_FF44FFDB2AC3,source_disjoint_external,legacy_external,legacy_external,no,no,yes,provisional_v4_bootstrap
CA0613,CA0613,SDX007,SFC_FF44FFDB2AC3,source_disjoint_external,legacy_external,legacy_external,no,no,yes,provisional_v4_bootstrap
CA0614,CA0614,SDX007,SFC_ACA747208E92,source_disjoint_external,legacy_external,legacy_external,no,no,yes,provisional_v4_bootstrap
CA0615,CA0615,SDX007,SFC_ACA747208E92,source_disjoint_external,legacy_external,legacy_external,no,no,yes,provisional_v4_bootstrap
CA0616,CA0616,SDX007,SFC_ACA747208E92,source_disjoint_external,legacy_external,legacy_external,no,no,yes,provisional_v4_bootstrap
EXT_49031F0CF1DA,EXT_49031F0CF1DA,OPEN_CROSS_MATERIAL_2026,SFC_6CC47C08CF64,prospective_open_external,prospective_open_external,prospective_open_external,no,no,yes,provisional_open_external_pending_model_run
EXT_A0FF3F05F460,EXT_A0FF3F05F460,OPEN_CROSS_MATERIAL_2026,SFC_FFEC58F1530E,prospective_open_external,prospective_open_external,prospective_open_external,no,no,yes,provisional_open_external_pending_model_run
EXT_FEB4B983371B,EXT_FEB4B983371B,OPEN_CROSS_MATERIAL_2026,SFC_E543580D2581,prospective_open_external,prospective_open_external,prospective_open_external,no,no,yes,provisional_open_external_pending_model_run
EXT_1435D4EE7D58,EXT_1435D4EE7D58,OPEN_CROSS_MATERIAL_2026,SFC_B031A7CFA524,prospective_open_external,prospective_open_external,prospective_open_external,no,no,yes,provisional_open_external_pending_model_run
EXT_C5532BFE0392,EXT_C5532BFE0392,OPEN_CROSS_MATERIAL_2026,SFC_88AD8E0824C4,prospective_open_external,prospective_open_external,prospective_open_external,no,no,yes,provisional_open_external_pending_model_run
EXT_44B14E084099,EXT_44B14E084099,OPEN_CROSS_MATERIAL_2026,SFC_3C19B5C5940C,prospective_open_external,prospective_open_external,prospective_open_external,no,no,yes,provisional_open_external_pending_model_run
EXT_969E7805FF23,EXT_969E7805FF23,OPEN_CROSS_MATERIAL_2026,SFC_EF22972A391D,prospective_open_external,prospective_open_external,prospective_open_external,no,no,yes,provisional_open_external_pending_model_run
EXT_AF240CDD39AB,EXT_AF240CDD39AB,OPEN_CROSS_MATERIAL_2026,SFC_DFAA6FA9D311,prospective_open_external,prospective_open_external,prospective_open_external,no,no,yes,provisional_open_external_pending_model_run
EXT_1AE336EF5B2E,EXT_1AE336EF5B2E,OPEN_CROSS_MATERIAL_2026,SFC_0E29DCF6B0F6,prospective_open_external,prospective_open_external,prospective_open_external,no,no,yes,provisional_open_external_pending_model_run
EXT_0D0567136BE4,EXT_0D0567136BE4,OPEN_CROSS_MATERIAL_2026,SFC_CCA852C05DD9,prospective_open_external,prospective_open_external,prospective_open_external,no,no,yes,provisional_open_external_pending_model_run
EXT_02746EDBC523,EXT_02746EDBC523,OPEN_CROSS_MATERIAL_2026,SFC_B11F05311C95,prospective_open_external,prospective_open_external,prospective_open_external,no,no,yes,provisional_open_external_pending_model_run
EXT_D2BDCF2B48E1,EXT_D2BDCF2B48E1,OPEN_CROSS_MATERIAL_2026,SFC_276FB2540C6B,prospective_open_external,prospective_open_external,prospective_open_external,no,no,yes,provisional_open_external_pending_model_run
EXT_AD49AC8FC73F,EXT_AD49AC8FC73F,OPEN_CROSS_MATERIAL_2026,SFC_45F8C8F50DAD,prospective_open_external,prospective_open_external,prospective_open_external,no,no,yes,provisional_open_external_pending_model_run
EXT_03E658446E71,EXT_03E658446E71,OPEN_CROSS_MATERIAL_2026,SFC_CCA852C05DD9,prospective_open_external,prospective_open_external,prospective_open_external,no,no,yes,provisional_open_external_pending_model_run
EXT_4192CE86DB7A,EXT_4192CE86DB7A,OPEN_CROSS_MATERIAL_2026,SFC_CCA852C05DD9,prospective_open_external,prospective_open_external,prospective_open_external,no,no,yes,provisional_open_external_pending_model_run
EXT_CEE170F19AC5,EXT_CEE170F19AC5,OPEN_CROSS_MATERIAL_2026,SFC_C29649784C9E,prospective_open_external,prospective_open_external,prospective_open_external,no,no,yes,provisional_open_external_pending_model_run
EXT_8A4A8419F90A,EXT_8A4A8419F90A,OPEN_CROSS_MATERIAL_2026,SFC_76251AE8917C,prospective_open_external,prospective_open_external,prospective_open_external,no,no,yes,provisional_open_external_pending_model_run
EXT_9A2570B5651D,EXT_9A2570B5651D,OPEN_CROSS_MATERIAL_2026,SFC_4B11F0C60536,prospective_open_external,prospective_open_external,prospective_open_external,no,no,yes,provisional_open_external_pending_model_run
EXT_05AE5BE2451B,EXT_05AE5BE2451B,OPEN_CROSS_MATERIAL_2026,SFC_8A5FD38D06DE,prospective_open_external,prospective_open_external,prospective_open_external,no,no,yes,provisional_open_external_pending_model_run
EXT_C356E81E54A2,EXT_C356E81E54A2,OPEN_CROSS_MATERIAL_2026,SFC_8038D9A6A20A,prospective_open_external,prospective_open_external,prospective_open_external,no,no,yes,provisional_open_external_pending_model_run
EXT_7EC8DDA8A7F9,EXT_7EC8DDA8A7F9,OPEN_CROSS_MATERIAL_2026,SFC_9E83E4237A7D,prospective_open_external,prospective_open_external,prospective_open_external,no,no,yes,provisional_open_external_pending_model_run
EXT_6881AA073FB3,EXT_6881AA073FB3,OPEN_CROSS_MATERIAL_2026,SFC_127F69376811,prospective_open_external,prospective_open_external,prospective_open_external,no,no,yes,provisional_open_external_pending_model_run
EXT_88465FC708C8,EXT_88465FC708C8,OPEN_CROSS_MATERIAL_2026,SFC_B2B460B5E74C,prospective_open_external,prospective_open_external,prospective_open_external,no,no,yes,provisional_open_external_pending_model_run
EXT_F5CE170CF68A,EXT_F5CE170CF68A,OPEN_CROSS_MATERIAL_2026,SFC_CB8C71D24418,prospective_open_external,prospective_open_external,prospective_open_external,no,no,yes,provisional_open_external_pending_model_run
EXT_1A2DEF91ADCC,EXT_1A2DEF91ADCC,OPEN_CROSS_MATERIAL_2026,SFC_AFE29766ABB1,prospective_open_external,prospective_open_external,prospective_open_external,no,no,yes,provisional_open_external_pending_model_run
EXT_3FBC997EA1E4,EXT_3FBC997EA1E4,OPEN_CROSS_MATERIAL_2026,SFC_84E420BFB264,prospective_open_external,prospective_open_external,prospective_open_external,no,no,yes,provisional_open_external_pending_model_run
EXT_EDDBCE0D5ECF,EXT_EDDBCE0D5ECF,OPEN_CROSS_MATERIAL_2026,SFC_CCA852C05DD9,prospective_open_external,prospective_open_external,prospective_open_external,no,no,yes,provisional_open_external_pending_model_run
EXT_038089E43DB7,EXT_038089E43DB7,OPEN_CROSS_MATERIAL_2026,SFC_A20F2DE2FF3E,prospective_open_external,prospective_open_external,prospective_open_external,no,no,yes,provisional_open_external_pending_model_run
EXT_342CB85D601A,EXT_342CB85D601A,OPEN_CROSS_MATERIAL_2026,SFC_E32E065C262B,prospective_open_external,prospective_open_external,prospective_open_external,no,no,yes,provisional_open_external_pending_model_run
EXT_8CF003D59705,EXT_8CF003D59705,OPEN_CROSS_MATERIAL_2026,SFC_E82B74C28497,prospective_open_external,prospective_open_external,prospective_open_external,no,no,yes,provisional_open_external_pending_model_run
EXT_8EAC9776F893,EXT_8EAC9776F893,OPEN_CROSS_MATERIAL_2026,SFC_953A3ED1CCEC,prospective_open_external,prospective_open_external,prospective_open_external,no,no,yes,provisional_open_external_pending_model_run
EXT_D4DD701B186E,EXT_D4DD701B186E,OPEN_CROSS_MATERIAL_2026,SFC_A6484648C3AE,prospective_open_external,prospective_open_external,prospective_open_external,no,no,yes,provisional_open_external_pending_model_run
EXT_8802B975D414,EXT_8802B975D414,OPEN_CROSS_MATERIAL_2026,SFC_F9572A899579,prospective_open_external,prospective_open_external,prospective_open_external,no,no,yes,provisional_open_external_pending_model_run
EXT_C7165B4C6E34,EXT_C7165B4C6E34,OPEN_CROSS_MATERIAL_2026,SFC_87885EEBDCD9,prospective_open_external,prospective_open_external,prospective_open_external,no,no,yes,provisional_open_external_pending_model_run
EXT_8CA8BA32AFC9,EXT_8CA8BA32AFC9,OPEN_CROSS_MATERIAL_2026,SFC_7FF8363F812D,prospective_open_external,prospective_open_external,prospective_open_external,no,no,yes,provisional_open_external_pending_model_run
EXT_3B4C47EB271C,EXT_3B4C47EB271C,OPEN_CROSS_MATERIAL_2026,SFC_C4A57786C3BE,prospective_open_external,prospective_open_external,prospective_open_external,no,no,yes,provisional_open_external_pending_model_run
EXT_45B7FC6A550A,EXT_45B7FC6A550A,OPEN_CROSS_MATERIAL_2026,SFC_CCA852C05DD9,prospective_open_external,prospective_open_external,prospective_open_external,no,no,yes,provisional_open_external_pending_model_run
EXT_F934ECFE3262,EXT_F934ECFE3262,OPEN_CROSS_MATERIAL_2026,SFC_89A0CB9F83E8,prospective_open_external,prospective_open_external,prospective_open_external,no,no,yes,provisional_open_external_pending_model_run
EXT_E452CC93D716,EXT_E452CC93D716,OPEN_CROSS_MATERIAL_2026,SFC_7B8DA975FCE0,prospective_open_external,prospective_open_external,prospective_open_external,no,no,yes,provisional_open_external_pending_model_run
EXT_1C5304636A68,EXT_1C5304636A68,OPEN_CROSS_MATERIAL_2026,SFC_B32C6485DACA,prospective_open_external,prospective_open_external,prospective_open_external,no,no,yes,provisional_open_external_pending_model_run
EXT_9E9C5162297F,EXT_9E9C5162297F,OPEN_CROSS_MATERIAL_2026,SFC_78B198988B7B,prospective_open_external,prospective_open_external,prospective_open_external,no,no,yes,provisional_open_external_pending_model_run
EXT_15AAD062FD5E,EXT_15AAD062FD5E,OPEN_CROSS_MATERIAL_2026,SFC_6730336819E9,prospective_open_external,prospective_open_external,prospective_open_external,no,no,yes,provisional_open_external_pending_model_run
EXT_A1899B98D5EA,EXT_A1899B98D5EA,OPEN_CROSS_MATERIAL_2026,SFC_390D2EEA3DFF,prospective_open_external,prospective_open_external,prospective_open_external,no,no,yes,provisional_open_external_pending_model_run
EXT_DB8325D5E027,EXT_DB8325D5E027,OPEN_CROSS_MATERIAL_2026,SFC_2FFFD68BED4B,prospective_open_external,prospective_open_external,prospective_open_external,no,no,yes,provisional_open_external_pending_model_run
EXT_4773F90CE1B2,EXT_4773F90CE1B2,OPEN_CROSS_MATERIAL_2026,SFC_77ED72A5FED3,prospective_open_external,prospective_open_external,prospective_open_external,no,no,yes,provisional_open_external_pending_model_run
EXT_58C75DFD37D3,EXT_58C75DFD37D3,OPEN_CROSS_MATERIAL_2026,SFC_697C572C0860,prospective_open_external,prospective_open_external,prospective_open_external,no,no,yes,provisional_open_external_pending_model_run
EXT_17A43035A987,EXT_17A43035A987,OPEN_CROSS_MATERIAL_2026,SFC_51378859DFB5,prospective_open_external,prospective_open_external,prospective_open_external,no,no,yes,provisional_open_external_pending_model_run
EXT_E296A8BD1A55,EXT_E296A8BD1A55,OPEN_CROSS_MATERIAL_2026,SFC_03E930156743,prospective_open_external,prospective_open_external,prospective_open_external,no,no,yes,provisional_open_external_pending_model_run
EXT_AA469EC47BCA,EXT_AA469EC47BCA,OPEN_CROSS_MATERIAL_2026,SFC_B9F3F2625635,prospective_open_external,prospective_open_external,prospective_open_external,no,no,yes,provisional_open_external_pending_model_run
EXT_16D084CD7670,EXT_16D084CD7670,OPEN_CROSS_MATERIAL_2026,SFC_B986E6B26E76,prospective_open_external,prospective_open_external,prospective_open_external,no,no,yes,provisional_open_external_pending_model_run
EXT_9C8A1759B53C,EXT_9C8A1759B53C,OPEN_CROSS_MATERIAL_2026,SFC_57F0BA5D8921,prospective_open_external,prospective_open_external,prospective_open_external,no,no,yes,provisional_open_external_pending_model_run
EXT_184D1DD087ED,EXT_184D1DD087ED,OPEN_CROSS_MATERIAL_2026,SFC_CF1F29DEC3F3,prospective_open_external,prospective_open_external,prospective_open_external,no,no,yes,provisional_open_external_pending_model_run
EXT_98E4DE19244D,EXT_98E4DE19244D,OPEN_CROSS_MATERIAL_2026,SFC_3302282ACAA2,prospective_open_external,prospective_open_external,prospective_open_external,no,no,yes,provisional_open_external_pending_model_run
EXT_701D36C9AEAE,EXT_701D36C9AEAE,OPEN_CROSS_MATERIAL_2026,SFC_049A1C1B4B3F,prospective_open_external,prospective_open_external,prospective_open_external,no,no,yes,provisional_open_external_pending_model_run
EXT_86B54BC887BA,EXT_86B54BC887BA,OPEN_CROSS_MATERIAL_2026,SFC_7B5A5C2A83F1,prospective_open_external,prospective_open_external,prospective_open_external,no,no,yes,provisional_open_external_pending_model_run
EXT_FE78EC16D3B2,EXT_FE78EC16D3B2,OPEN_CROSS_MATERIAL_2026,SFC_05D437139AEF,prospective_open_external,prospective_open_external,prospective_open_external,no,no,yes,provisional_open_external_pending_model_run
EXT_5A22EE7F84A8,EXT_5A22EE7F84A8,OPEN_CROSS_MATERIAL_2026,SFC_E853D5C9A29E,prospective_open_external,prospective_open_external,prospective_open_external,no,no,yes,provisional_open_external_pending_model_run
EXT_8E080B773589,EXT_8E080B773589,OPEN_CROSS_MATERIAL_2026,SFC_D88CE82490CD,prospective_open_external,prospective_open_external,prospective_open_external,no,no,yes,provisional_open_external_pending_model_run
EXT_E27ED8F3E8CB,EXT_E27ED8F3E8CB,OPEN_CROSS_MATERIAL_2026,SFC_3122EC9D3530,prospective_open_external,prospective_open_external,prospective_open_external,no,no,yes,provisional_open_external_pending_model_run
EXT_441FDE2FACD6,EXT_441FDE2FACD6,OPEN_CROSS_MATERIAL_2026,SFC_C4217EEC69EE,prospective_open_external,prospective_open_external,prospective_open_external,no,no,yes,provisional_open_external_pending_model_run
EXT_69F4338326C3,EXT_69F4338326C3,OPEN_CROSS_MATERIAL_2026,SFC_EAC59F0538FF,prospective_open_external,prospective_open_external,prospective_open_external,no,no,yes,provisional_open_external_pending_model_run
EXT_5F16141B2E06,EXT_5F16141B2E06,OPEN_CROSS_MATERIAL_2026,SFC_5F7F48BBA35E,prospective_open_external,prospective_open_external,prospective_open_external,no,no,yes,provisional_open_external_pending_model_run
EXT_3AA83287CAB2,EXT_3AA83287CAB2,OPEN_CROSS_MATERIAL_2026,SFC_5ED24325E10A,prospective_open_external,prospective_open_external,prospective_open_external,no,no,yes,provisional_open_external_pending_model_run
EXT_EB30F6366EC8,EXT_EB30F6366EC8,OPEN_CROSS_MATERIAL_2026,SFC_D5CB19B7A059,prospective_open_external,prospective_open_external,prospective_open_external,no,no,yes,provisional_open_external_pending_model_run
EXT_F6AC65D6E178,EXT_F6AC65D6E178,OPEN_CROSS_MATERIAL_2026,SFC_A2FC0BD30E3E,prospective_open_external,prospective_open_external,prospective_open_external,no,no,yes,provisional_open_external_pending_model_run
EXT_AD867DED8067,EXT_AD867DED8067,OPEN_CROSS_MATERIAL_2026,SFC_BB30AA0AE8D6,prospective_open_external,prospective_open_external,prospective_open_external,no,no,yes,provisional_open_external_pending_model_run
EXT_DE77FB0D32E3,EXT_DE77FB0D32E3,OPEN_CROSS_MATERIAL_2026,SFC_5D474B7F127E,prospective_open_external,prospective_open_external,prospective_open_external,no,no,yes,provisional_open_external_pending_model_run
EXT_A1DD6DB9C693,EXT_A1DD6DB9C693,OPEN_CROSS_MATERIAL_2026,SFC_5774779C7E4E,prospective_open_external,prospective_open_external,prospective_open_external,no,no,yes,provisional_open_external_pending_model_run
EXT_D273452DCA87,EXT_D273452DCA87,OPEN_CROSS_MATERIAL_2026,SFC_8D0462C5653C,prospective_open_external,prospective_open_external,prospective_open_external,no,no,yes,provisional_open_external_pending_model_run
EXT_5C964067DDB9,EXT_5C964067DDB9,OPEN_CROSS_MATERIAL_2026,SFC_008B5AD02DF3,prospective_open_external,prospective_open_external,prospective_open_external,no,no,yes,provisional_open_external_pending_model_run
EXT_F5CA0CBE24C8,EXT_F5CA0CBE24C8,OPEN_CROSS_MATERIAL_2026,SFC_71537A54AC75,prospective_open_external,prospective_open_external,prospective_open_external,no,no,yes,provisional_open_external_pending_model_run
EXT_08D2B3E3D155,EXT_08D2B3E3D155,OPEN_CROSS_MATERIAL_2026,SFC_BD28F27D1B1C,prospective_open_external,prospective_open_external,prospective_open_external,no,no,yes,provisional_open_external_pending_model_run
EXT_FDF0865FB056,EXT_FDF0865FB056,OPEN_CROSS_MATERIAL_2026,SFC_4B7DAC13B6CB,prospective_open_external,prospective_open_external,prospective_open_external,no,no,yes,provisional_open_external_pending_model_run
EXT_BE98BFBCE0AB,EXT_BE98BFBCE0AB,OPEN_CROSS_MATERIAL_2026,SFC_5D72E873B03B,prospective_open_external,prospective_open_external,prospective_open_external,no,no,yes,provisional_open_external_pending_model_run
EXT_DA7362055C35,EXT_DA7362055C35,OPEN_CROSS_MATERIAL_2026,SFC_78D38330E7A9,prospective_open_external,prospective_open_external,prospective_open_external,no,no,yes,provisional_open_external_pending_model_run
EXT_CE8A8FA61210,EXT_CE8A8FA61210,OPEN_CROSS_MATERIAL_2026,SFC_6B46DE746EC7,prospective_open_external,prospective_open_external,prospective_open_external,no,no,yes,provisional_open_external_pending_model_run
EXT_2F6CF8AC16F3,EXT_2F6CF8AC16F3,OPEN_CROSS_MATERIAL_2026,SFC_2323C916D9CA,prospective_open_external,prospective_open_external,prospective_open_external,no,no,yes,provisional_open_external_pending_model_run
EXT_8D650D7B5C3B,EXT_8D650D7B5C3B,OPEN_CROSS_MATERIAL_2026,SFC_807168F787F5,prospective_open_external,prospective_open_external,prospective_open_external,no,no,yes,provisional_open_external_pending_model_run
EXT_568E7197F0F4,EXT_568E7197F0F4,OPEN_CROSS_MATERIAL_2026,SFC_01C5DA91E115,prospective_open_external,prospective_open_external,prospective_open_external,no,no,yes,provisional_open_external_pending_model_run
EXT_D271DBB89E1C,EXT_D271DBB89E1C,OPEN_CROSS_MATERIAL_2026,SFC_C09DABED6453,prospective_open_external,prospective_open_external,prospective_open_external,no,no,yes,provisional_open_external_pending_model_run
EXT_D75887E14A30,EXT_D75887E14A30,OPEN_CROSS_MATERIAL_2026,SFC_40D416367ED5,prospective_open_external,prospective_open_external,prospective_open_external,no,no,yes,provisional_open_external_pending_model_run
EXT_F2EF45E9B6C8,EXT_F2EF45E9B6C8,OPEN_CROSS_MATERIAL_2026,SFC_893F8367669D,prospective_open_external,prospective_open_external,prospective_open_external,no,no,yes,provisional_open_external_pending_model_run
EXT_5BBBEA92BD69,EXT_5BBBEA92BD69,OPEN_CROSS_MATERIAL_2026,SFC_10AE4DFE50CE,prospective_open_external,prospective_open_external,prospective_open_external,no,no,yes,provisional_open_external_pending_model_run
EXT_6A99656CDA81,EXT_6A99656CDA81,OPEN_CROSS_MATERIAL_2026,SFC_D382AE2DA4CA,prospective_open_external,prospective_open_external,prospective_open_external,no,no,yes,provisional_open_external_pending_model_run
EXT_DAD3265356DE,EXT_DAD3265356DE,OPEN_CROSS_MATERIAL_2026,SFC_3D43AF072E6D,prospective_open_external,prospective_open_external,prospective_open_external,no,no,yes,provisional_open_external_pending_model_run
EXT_22311927D024,EXT_22311927D024,OPEN_CROSS_MATERIAL_2026,SFC_D9DD5BCDEBD2,prospective_open_external,prospective_open_external,prospective_open_external,no,no,yes,provisional_open_external_pending_model_run
EXT_3C62AEFD5348,EXT_3C62AEFD5348,OPEN_CROSS_MATERIAL_2026,SFC_E366C485FD23,prospective_open_external,prospective_open_external,prospective_open_external,no,no,yes,provisional_open_external_pending_model_run
EXT_8D21E62DB309,EXT_8D21E62DB309,OPEN_CROSS_MATERIAL_2026,SFC_D1DB5176E829,prospective_open_external,prospective_open_external,prospective_open_external,no,no,yes,provisional_open_external_pending_model_run
EXT_2481B8573EB1,EXT_2481B8573EB1,OPEN_CROSS_MATERIAL_2026,SFC_5C7869425C1B,prospective_open_external,prospective_open_external,prospective_open_external,no,no,yes,provisional_open_external_pending_model_run
EXT_DF28A6DCCE52,EXT_DF28A6DCCE52,OPEN_CROSS_MATERIAL_2026,SFC_4A211D37EBCC,prospective_open_external,prospective_open_external,prospective_open_external,no,no,yes,provisional_open_external_pending_model_run
EXT_7112F46F959D,EXT_7112F46F959D,OPEN_CROSS_MATERIAL_2026,SFC_E45DCD7FEE37,prospective_open_external,prospective_open_external,prospective_open_external,no,no,yes,provisional_open_external_pending_model_run
EXT_CD007E6F73D6,EXT_CD007E6F73D6,OPEN_POLYMER_SURFACES_2023,SFC_D997DF0085DF,prospective_open_external,prospective_open_external,prospective_open_external,no,no,yes,provisional_open_external_pending_model_run
EXT_0D45D9BA0074,EXT_0D45D9BA0074,OPEN_POLYMER_SURFACES_2023,SFC_D997DF0085DF,prospective_open_external,prospective_open_external,prospective_open_external,no,no,yes,provisional_open_external_pending_model_run
EXT_297563844CCE,EXT_297563844CCE,OPEN_POLYMER_SURFACES_2023,SFC_D997DF0085DF,prospective_open_external,prospective_open_external,prospective_open_external,no,no,yes,provisional_open_external_pending_model_run
EXT_B5BBE06381DD,EXT_B5BBE06381DD,OPEN_POLYMER_SURFACES_2023,SFC_874E84FC80A7,prospective_open_external,prospective_open_external,prospective_open_external,no,no,yes,provisional_open_external_pending_model_run
EXT_CF2DEF31E69A,EXT_CF2DEF31E69A,OPEN_POLYMER_SURFACES_2023,SFC_874E84FC80A7,prospective_open_external,prospective_open_external,prospective_open_external,no,no,yes,provisional_open_external_pending_model_run
EXT_04AB24A5BB0A,EXT_04AB24A5BB0A,OPEN_POLYMER_SURFACES_2023,SFC_874E84FC80A7,prospective_open_external,prospective_open_external,prospective_open_external,no,no,yes,provisional_open_external_pending_model_run
EXT_1924C779E86F,EXT_1924C779E86F,OPEN_POLYMER_SURFACES_2023,SFC_E066D95CCC78,prospective_open_external,prospective_open_external,prospective_open_external,no,no,yes,provisional_open_external_pending_model_run
EXT_D02ABE046CF1,EXT_D02ABE046CF1,OPEN_POLYMER_SURFACES_2023,SFC_E066D95CCC78,prospective_open_external,prospective_open_external,prospective_open_external,no,no,yes,provisional_open_external_pending_model_run
EXT_B6135F6CB593,EXT_B6135F6CB593,OPEN_POLYMER_SURFACES_2023,SFC_E066D95CCC78,prospective_open_external,prospective_open_external,prospective_open_external,no,no,yes,provisional_open_external_pending_model_run
EXT_59D01A9DD4A8,EXT_59D01A9DD4A8,OPEN_POLYMER_SURFACES_2023,SFC_AC4DDEECE3F7,prospective_open_external,prospective_open_external,prospective_open_external,no,no,yes,provisional_open_external_pending_model_run
EXT_DA68FAFFF9C1,EXT_DA68FAFFF9C1,OPEN_POLYMER_SURFACES_2023,SFC_AC4DDEECE3F7,prospective_open_external,prospective_open_external,prospective_open_external,no,no,yes,provisional_open_external_pending_model_run
EXT_BFC1FC4FCDFE,EXT_BFC1FC4FCDFE,OPEN_POLYMER_SURFACES_2023,SFC_AC4DDEECE3F7,prospective_open_external,prospective_open_external,prospective_open_external,no,no,yes,provisional_open_external_pending_model_run
EXT_9320E89C123F,EXT_9320E89C123F,OPEN_POLYMER_SURFACES_2023,SFC_F0BFA31774A7,prospective_open_external,prospective_open_external,prospective_open_external,no,no,yes,provisional_open_external_pending_model_run
EXT_61F8100551D0,EXT_61F8100551D0,OPEN_POLYMER_SURFACES_2023,SFC_F0BFA31774A7,prospective_open_external,prospective_open_external,prospective_open_external,no,no,yes,provisional_open_external_pending_model_run
EXT_DA73FA01DE16,EXT_DA73FA01DE16,OPEN_POLYMER_SURFACES_2023,SFC_F0BFA31774A7,prospective_open_external,prospective_open_external,prospective_open_external,no,no,yes,provisional_open_external_pending_model_run
EXT_E8887E8FA242,EXT_E8887E8FA242,OPEN_POLYMER_SURFACES_2023,SFC_619070545661,prospective_open_external,prospective_open_external,prospective_open_external,no,no,yes,provisional_open_external_pending_model_run
EXT_2D6D530BDE66,EXT_2D6D530BDE66,OPEN_POLYMER_SURFACES_2023,SFC_619070545661,prospective_open_external,prospective_open_external,prospective_open_external,no,no,yes,provisional_open_external_pending_model_run
EXT_0DF8EFC4C97A,EXT_0DF8EFC4C97A,OPEN_POLYMER_SURFACES_2023,SFC_619070545661,prospective_open_external,prospective_open_external,prospective_open_external,no,no,yes,provisional_open_external_pending_model_run
EXT_398B369DB1D4,EXT_398B369DB1D4,OPEN_POLYMER_SURFACES_2023,SFC_FFE25A9A5A54,prospective_open_external,prospective_open_external,prospective_open_external,no,no,yes,provisional_open_external_pending_model_run
EXT_4A1E7242F9DF,EXT_4A1E7242F9DF,OPEN_POLYMER_SURFACES_2023,SFC_FFE25A9A5A54,prospective_open_external,prospective_open_external,prospective_open_external,no,no,yes,provisional_open_external_pending_model_run
EXT_C161311E1FB7,EXT_C161311E1FB7,OPEN_POLYMER_SURFACES_2023,SFC_FFE25A9A5A54,prospective_open_external,prospective_open_external,prospective_open_external,no,no,yes,provisional_open_external_pending_model_run
EXT_D5FF9F67F45C,EXT_D5FF9F67F45C,OPEN_POLYMER_SURFACES_2023,SFC_1D7210C10C8C,prospective_open_external,prospective_open_external,prospective_open_external,no,no,yes,provisional_open_external_pending_model_run
EXT_C9A4F8CA797A,EXT_C9A4F8CA797A,OPEN_POLYMER_SURFACES_2023,SFC_1D7210C10C8C,prospective_open_external,prospective_open_external,prospective_open_external,no,no,yes,provisional_open_external_pending_model_run
EXT_BC643C3D7862,EXT_BC643C3D7862,OPEN_POLYMER_SURFACES_2023,SFC_1D7210C10C8C,prospective_open_external,prospective_open_external,prospective_open_external,no,no,yes,provisional_open_external_pending_model_run
EXT_F80C8FA1754C,EXT_F80C8FA1754C,OPEN_POLYMER_SURFACES_2023,SFC_ECD42A787C67,prospective_open_external,prospective_open_external,prospective_open_external,no,no,yes,provisional_open_external_pending_model_run
EXT_686D150BDAAF,EXT_686D150BDAAF,OPEN_POLYMER_SURFACES_2023,SFC_ECD42A787C67,prospective_open_external,prospective_open_external,prospective_open_external,no,no,yes,provisional_open_external_pending_model_run
EXT_3D82C848D389,EXT_3D82C848D389,OPEN_POLYMER_SURFACES_2023,SFC_ECD42A787C67,prospective_open_external,prospective_open_external,prospective_open_external,no,no,yes,provisional_open_external_pending_model_run
EXT_C03E4F87416F,EXT_C03E4F87416F,OPEN_POLYMER_SURFACES_2023,SFC_5648457375F3,prospective_open_external,prospective_open_external,prospective_open_external,no,no,yes,provisional_open_external_pending_model_run
EXT_B4AB0610DC8D,EXT_B4AB0610DC8D,OPEN_POLYMER_SURFACES_2023,SFC_5648457375F3,prospective_open_external,prospective_open_external,prospective_open_external,no,no,yes,provisional_open_external_pending_model_run
EXT_8EC71DE1D3C8,EXT_8EC71DE1D3C8,OPEN_POLYMER_SURFACES_2023,SFC_5648457375F3,prospective_open_external,prospective_open_external,prospective_open_external,no,no,yes,provisional_open_external_pending_model_run
EXT_D8FBAAD59B4B,EXT_D8FBAAD59B4B,OPEN_POLYMER_SURFACES_2023,SFC_4CBC1B4A127C,prospective_open_external,prospective_open_external,prospective_open_external,no,no,yes,provisional_open_external_pending_model_run
EXT_1DC596480B9E,EXT_1DC596480B9E,OPEN_POLYMER_SURFACES_2023,SFC_4CBC1B4A127C,prospective_open_external,prospective_open_external,prospective_open_external,no,no,yes,provisional_open_external_pending_model_run
EXT_A3F4030D6CB1,EXT_A3F4030D6CB1,OPEN_POLYMER_SURFACES_2023,SFC_4CBC1B4A127C,prospective_open_external,prospective_open_external,prospective_open_external,no,no,yes,provisional_open_external_pending_model_run
EXT_31D988D57B38,EXT_31D988D57B38,OPEN_POLYMER_SURFACES_2023,SFC_4BD23D0F3546,prospective_open_external,prospective_open_external,prospective_open_external,no,no,yes,provisional_open_external_pending_model_run
EXT_CA5F8E2A53C2,EXT_CA5F8E2A53C2,OPEN_POLYMER_SURFACES_2023,SFC_4BD23D0F3546,prospective_open_external,prospective_open_external,prospective_open_external,no,no,yes,provisional_open_external_pending_model_run
EXT_C03F819C4B66,EXT_C03F819C4B66,OPEN_POLYMER_SURFACES_2023,SFC_4BD23D0F3546,prospective_open_external,prospective_open_external,prospective_open_external,no,no,yes,provisional_open_external_pending_model_run
EXT_FD5F6987DAB6,EXT_FD5F6987DAB6,OPEN_POLYMER_SURFACES_2023,SFC_A65652A71181,prospective_open_external,prospective_open_external,prospective_open_external,no,no,yes,provisional_open_external_pending_model_run
EXT_4BF4B6EE2A48,EXT_4BF4B6EE2A48,OPEN_POLYMER_SURFACES_2023,SFC_A65652A71181,prospective_open_external,prospective_open_external,prospective_open_external,no,no,yes,provisional_open_external_pending_model_run
EXT_63529BCBF35A,EXT_63529BCBF35A,OPEN_POLYMER_SURFACES_2023,SFC_A65652A71181,prospective_open_external,prospective_open_external,prospective_open_external,no,no,yes,provisional_open_external_pending_model_run
EXT_9FD20D27EB85,EXT_9FD20D27EB85,OPEN_POLYMER_SURFACES_2023,SFC_D9EFE53A22B1,prospective_open_external,prospective_open_external,prospective_open_external,no,no,yes,provisional_open_external_pending_model_run
EXT_B9EFF76773A7,EXT_B9EFF76773A7,OPEN_POLYMER_SURFACES_2023,SFC_D9EFE53A22B1,prospective_open_external,prospective_open_external,prospective_open_external,no,no,yes,provisional_open_external_pending_model_run
EXT_525C8E3D6CD6,EXT_525C8E3D6CD6,OPEN_POLYMER_SURFACES_2023,SFC_D9EFE53A22B1,prospective_open_external,prospective_open_external,prospective_open_external,no,no,yes,provisional_open_external_pending_model_run
EXT_61408262103D,EXT_61408262103D,OPEN_POLYMER_SURFACES_2023,SFC_6353761F5CC5,prospective_open_external,prospective_open_external,prospective_open_external,no,no,yes,provisional_open_external_pending_model_run
EXT_6A1E54C20CCE,EXT_6A1E54C20CCE,OPEN_POLYMER_SURFACES_2023,SFC_6353761F5CC5,prospective_open_external,prospective_open_external,prospective_open_external,no,no,yes,provisional_open_external_pending_model_run
EXT_981E9EC8865E,EXT_981E9EC8865E,OPEN_POLYMER_SURFACES_2023,SFC_6353761F5CC5,prospective_open_external,prospective_open_external,prospective_open_external,no,no,yes,provisional_open_external_pending_model_run
EXT_8A8E3AAF6896,EXT_8A8E3AAF6896,OPEN_POLYMER_SURFACES_2023,SFC_A66B59B95A03,prospective_open_external,prospective_open_external,prospective_open_external,no,no,yes,provisional_open_external_pending_model_run
EXT_80357B8C920D,EXT_80357B8C920D,OPEN_POLYMER_SURFACES_2023,SFC_A66B59B95A03,prospective_open_external,prospective_open_external,prospective_open_external,no,no,yes,provisional_open_external_pending_model_run
EXT_C6419C1CBA62,EXT_C6419C1CBA62,OPEN_POLYMER_SURFACES_2023,SFC_A66B59B95A03,prospective_open_external,prospective_open_external,prospective_open_external,no,no,yes,provisional_open_external_pending_model_run
EXT_7720DE638AE3,EXT_7720DE638AE3,OPEN_POLYMER_SURFACES_2023,SFC_62075C90581B,prospective_open_external,prospective_open_external,prospective_open_external,no,no,yes,provisional_open_external_pending_model_run
EXT_8E3054DE5097,EXT_8E3054DE5097,OPEN_POLYMER_SURFACES_2023,SFC_62075C90581B,prospective_open_external,prospective_open_external,prospective_open_external,no,no,yes,provisional_open_external_pending_model_run
EXT_BC1C15EECE17,EXT_BC1C15EECE17,OPEN_POLYMER_SURFACES_2023,SFC_62075C90581B,prospective_open_external,prospective_open_external,prospective_open_external,no,no,yes,provisional_open_external_pending_model_run
EXT_49AD89E9F838,EXT_49AD89E9F838,OPEN_POLYMER_SURFACES_2023,SFC_36EF2E368C84,prospective_open_external,prospective_open_external,prospective_open_external,no,no,yes,provisional_open_external_pending_model_run
EXT_650589542FBB,EXT_650589542FBB,OPEN_POLYMER_SURFACES_2023,SFC_36EF2E368C84,prospective_open_external,prospective_open_external,prospective_open_external,no,no,yes,provisional_open_external_pending_model_run
EXT_C92CA45A6370,EXT_C92CA45A6370,OPEN_POLYMER_SURFACES_2023,SFC_36EF2E368C84,prospective_open_external,prospective_open_external,prospective_open_external,no,no,yes,provisional_open_external_pending_model_run
EXT_C52AF747E8BF,EXT_C52AF747E8BF,OPEN_TEXTILE_ANTI_WETTING_2019,SFC_70D1A1076BBD,prospective_open_external,prospective_open_external,prospective_open_external,no,no,yes,provisional_open_external_pending_model_run
EXT_1366AD9E4A11,EXT_1366AD9E4A11,OPEN_TEXTILE_ANTI_WETTING_2019,SFC_70D1A1076BBD,prospective_open_external,prospective_open_external,prospective_open_external,no,no,yes,provisional_open_external_pending_model_run
EXT_B099AADD9565,EXT_B099AADD9565,OPEN_TEXTILE_ANTI_WETTING_2019,SFC_70D1A1076BBD,prospective_open_external,prospective_open_external,prospective_open_external,no,no,yes,provisional_open_external_pending_model_run
EXT_FA599DFEA153,EXT_FA599DFEA153,OPEN_TEXTILE_ANTI_WETTING_2019,SFC_B23DE8940451,prospective_open_external,prospective_open_external,prospective_open_external,no,no,yes,provisional_open_external_pending_model_run
EXT_77B7B95A656C,EXT_77B7B95A656C,OPEN_TEXTILE_ANTI_WETTING_2019,SFC_B23DE8940451,prospective_open_external,prospective_open_external,prospective_open_external,no,no,yes,provisional_open_external_pending_model_run
EXT_5AF9983FF446,EXT_5AF9983FF446,OPEN_TEXTILE_ANTI_WETTING_2019,SFC_B23DE8940451,prospective_open_external,prospective_open_external,prospective_open_external,no,no,yes,provisional_open_external_pending_model_run
EXT_B067D03F4F2E,EXT_B067D03F4F2E,OPEN_TEXTILE_ANTI_WETTING_2019,SFC_C90D1535E78D,prospective_open_external,prospective_open_external,prospective_open_external,no,no,yes,provisional_open_external_pending_model_run
EXT_1B40295A791F,EXT_1B40295A791F,OPEN_TEXTILE_ANTI_WETTING_2019,SFC_C90D1535E78D,prospective_open_external,prospective_open_external,prospective_open_external,no,no,yes,provisional_open_external_pending_model_run
EXT_3B5D655ADA7C,EXT_3B5D655ADA7C,OPEN_TEXTILE_ANTI_WETTING_2019,SFC_C90D1535E78D,prospective_open_external,prospective_open_external,prospective_open_external,no,no,yes,provisional_open_external_pending_model_run
EXT_2E5AD1B19DD9,EXT_2E5AD1B19DD9,OPEN_TEXTILE_ANTI_WETTING_2019,SFC_F92838A9E6A2,prospective_open_external,prospective_open_external,prospective_open_external,no,no,yes,provisional_open_external_pending_model_run
EXT_9E923F72BEB3,EXT_9E923F72BEB3,OPEN_TEXTILE_ANTI_WETTING_2019,SFC_F92838A9E6A2,prospective_open_external,prospective_open_external,prospective_open_external,no,no,yes,provisional_open_external_pending_model_run
EXT_88A27790C2BD,EXT_88A27790C2BD,OPEN_TEXTILE_ANTI_WETTING_2019,SFC_F92838A9E6A2,prospective_open_external,prospective_open_external,prospective_open_external,no,no,yes,provisional_open_external_pending_model_run
EXT_4DA44BDBC109,EXT_4DA44BDBC109,OPEN_TEXTILE_ANTI_WETTING_2019,SFC_F8CAAE03FE56,prospective_open_external,prospective_open_external,prospective_open_external,no,no,yes,provisional_open_external_pending_model_run
EXT_AB64302191E1,EXT_AB64302191E1,OPEN_TEXTILE_ANTI_WETTING_2019,SFC_F8CAAE03FE56,prospective_open_external,prospective_open_external,prospective_open_external,no,no,yes,provisional_open_external_pending_model_run
EXT_90EB026C806A,EXT_90EB026C806A,OPEN_TEXTILE_ANTI_WETTING_2019,SFC_F8CAAE03FE56,prospective_open_external,prospective_open_external,prospective_open_external,no,no,yes,provisional_open_external_pending_model_run
EXT_1D5570A27934,EXT_1D5570A27934,OPEN_TEXTILE_ANTI_WETTING_2019,SFC_96459A5711ED,prospective_open_external,prospective_open_external,prospective_open_external,no,no,yes,provisional_open_external_pending_model_run
EXT_C2CBB107CCEB,EXT_C2CBB107CCEB,OPEN_TEXTILE_ANTI_WETTING_2019,SFC_96459A5711ED,prospective_open_external,prospective_open_external,prospective_open_external,no,no,yes,provisional_open_external_pending_model_run
EXT_608AC2D3D381,EXT_608AC2D3D381,OPEN_TEXTILE_ANTI_WETTING_2019,SFC_96459A5711ED,prospective_open_external,prospective_open_external,prospective_open_external,no,no,yes,provisional_open_external_pending_model_run
EXT_0AE552940B30,EXT_0AE552940B30,OPEN_TEXTILE_ANTI_WETTING_2019,SFC_DE9D8D16E40F,prospective_open_external,prospective_open_external,prospective_open_external,no,no,yes,provisional_open_external_pending_model_run
EXT_3549187670B3,EXT_3549187670B3,OPEN_TEXTILE_ANTI_WETTING_2019,SFC_DE9D8D16E40F,prospective_open_external,prospective_open_external,prospective_open_external,no,no,yes,provisional_open_external_pending_model_run
EXT_925A4AF449D5,EXT_925A4AF449D5,OPEN_TEXTILE_ANTI_WETTING_2019,SFC_DE9D8D16E40F,prospective_open_external,prospective_open_external,prospective_open_external,no,no,yes,provisional_open_external_pending_model_run
EXT_AF4963616E76,EXT_AF4963616E76,OPEN_TEXTILE_ANTI_WETTING_2019,SFC_A7A6BDD5941D,prospective_open_external,prospective_open_external,prospective_open_external,no,no,yes,provisional_open_external_pending_model_run
EXT_74D717509DFB,EXT_74D717509DFB,OPEN_TEXTILE_ANTI_WETTING_2019,SFC_A7A6BDD5941D,prospective_open_external,prospective_open_external,prospective_open_external,no,no,yes,provisional_open_external_pending_model_run
EXT_6E149AD2F9BC,EXT_6E149AD2F9BC,OPEN_TEXTILE_ANTI_WETTING_2019,SFC_A7A6BDD5941D,prospective_open_external,prospective_open_external,prospective_open_external,no,no,yes,provisional_open_external_pending_model_run
EXT_A77898F3791B,EXT_A77898F3791B,OPEN_TEXTILE_ANTI_WETTING_2019,SFC_AEE4770633F2,prospective_open_external,prospective_open_external,prospective_open_external,no,no,yes,provisional_open_external_pending_model_run
EXT_2B7215CA739E,EXT_2B7215CA739E,OPEN_TEXTILE_ANTI_WETTING_2019,SFC_AEE4770633F2,prospective_open_external,prospective_open_external,prospective_open_external,no,no,yes,provisional_open_external_pending_model_run
EXT_6A76549F5884,EXT_6A76549F5884,OPEN_TEXTILE_ANTI_WETTING_2019,SFC_AEE4770633F2,prospective_open_external,prospective_open_external,prospective_open_external,no,no,yes,provisional_open_external_pending_model_run
EXT_14B3DFB49864,EXT_14B3DFB49864,OPEN_TEXTILE_ANTI_WETTING_2019,SFC_E0770C382AAA,prospective_open_external,prospective_open_external,prospective_open_external,no,no,yes,provisional_open_external_pending_model_run
EXT_038669031712,EXT_038669031712,OPEN_TEXTILE_ANTI_WETTING_2019,SFC_E0770C382AAA,prospective_open_external,prospective_open_external,prospective_open_external,no,no,yes,provisional_open_external_pending_model_run
EXT_6181C20E4C23,EXT_6181C20E4C23,OPEN_TEXTILE_ANTI_WETTING_2019,SFC_E0770C382AAA,prospective_open_external,prospective_open_external,prospective_open_external,no,no,yes,provisional_open_external_pending_model_run
EXT_72A5665216D0,EXT_72A5665216D0,OPEN_TEXTILE_ANTI_WETTING_2019,SFC_D1ADE9B03D51,prospective_open_external,prospective_open_external,prospective_open_external,no,no,yes,provisional_open_external_pending_model_run
EXT_2BFE763DBE7F,EXT_2BFE763DBE7F,OPEN_TEXTILE_ANTI_WETTING_2019,SFC_D1ADE9B03D51,prospective_open_external,prospective_open_external,prospective_open_external,no,no,yes,provisional_open_external_pending_model_run
EXT_8D65AE043571,EXT_8D65AE043571,OPEN_TEXTILE_ANTI_WETTING_2019,SFC_D1ADE9B03D51,prospective_open_external,prospective_open_external,prospective_open_external,no,no,yes,provisional_open_external_pending_model_run
EXT_C6C3DE3E198C,EXT_C6C3DE3E198C,OPEN_TEXTILE_ANTI_WETTING_2019,SFC_F4A35D2DD4C5,prospective_open_external,prospective_open_external,prospective_open_external,no,no,yes,provisional_open_external_pending_model_run
EXT_CB7F947E87F6,EXT_CB7F947E87F6,OPEN_TEXTILE_ANTI_WETTING_2019,SFC_F4A35D2DD4C5,prospective_open_external,prospective_open_external,prospective_open_external,no,no,yes,provisional_open_external_pending_model_run
EXT_08747D17F0BD,EXT_08747D17F0BD,OPEN_TEXTILE_ANTI_WETTING_2019,SFC_F4A35D2DD4C5,prospective_open_external,prospective_open_external,prospective_open_external,no,no,yes,provisional_open_external_pending_model_run
EXT_8197A3621B99,EXT_8197A3621B99,OPEN_TEXTILE_ANTI_WETTING_2019,SFC_B6F1BA3CA55E,prospective_open_external,prospective_open_external,prospective_open_external,no,no,yes,provisional_open_external_pending_model_run
EXT_9C403EA34EBF,EXT_9C403EA34EBF,OPEN_TEXTILE_ANTI_WETTING_2019,SFC_B6F1BA3CA55E,prospective_open_external,prospective_open_external,prospective_open_external,no,no,yes,provisional_open_external_pending_model_run
EXT_0DF6420B4440,EXT_0DF6420B4440,OPEN_TEXTILE_ANTI_WETTING_2019,SFC_B6F1BA3CA55E,prospective_open_external,prospective_open_external,prospective_open_external,no,no,yes,provisional_open_external_pending_model_run
EXT_E6B7DB163BBF,EXT_E6B7DB163BBF,OPEN_TEXTILE_ANTI_WETTING_2019,SFC_ADC096AE0D75,prospective_open_external,prospective_open_external,prospective_open_external,no,no,yes,provisional_open_external_pending_model_run
EXT_CE643B4A3F85,EXT_CE643B4A3F85,OPEN_TEXTILE_ANTI_WETTING_2019,SFC_ADC096AE0D75,prospective_open_external,prospective_open_external,prospective_open_external,no,no,yes,provisional_open_external_pending_model_run
EXT_FE000B13E4CD,EXT_FE000B13E4CD,OPEN_TEXTILE_ANTI_WETTING_2019,SFC_ADC096AE0D75,prospective_open_external,prospective_open_external,prospective_open_external,no,no,yes,provisional_open_external_pending_model_run
EXT_80DEF70D19C2,EXT_80DEF70D19C2,OPEN_TEXTILE_ANTI_WETTING_2019,SFC_7E09C519A040,prospective_open_external,prospective_open_external,prospective_open_external,no,no,yes,provisional_open_external_pending_model_run
EXT_9AB928688B6A,EXT_9AB928688B6A,OPEN_TEXTILE_ANTI_WETTING_2019,SFC_7E09C519A040,prospective_open_external,prospective_open_external,prospective_open_external,no,no,yes,provisional_open_external_pending_model_run
EXT_5361E028DB1F,EXT_5361E028DB1F,OPEN_TEXTILE_ANTI_WETTING_2019,SFC_7E09C519A040,prospective_open_external,prospective_open_external,prospective_open_external,no,no,yes,provisional_open_external_pending_model_run
EXT_3C536EB8B2E0,EXT_3C536EB8B2E0,OPEN_TEXTILE_ANTI_WETTING_2019,SFC_FE1BCA204FFA,prospective_open_external,prospective_open_external,prospective_open_external,no,no,yes,provisional_open_external_pending_model_run
EXT_E53A49812943,EXT_E53A49812943,OPEN_TEXTILE_ANTI_WETTING_2019,SFC_FE1BCA204FFA,prospective_open_external,prospective_open_external,prospective_open_external,no,no,yes,provisional_open_external_pending_model_run
EXT_EE607E307472,EXT_EE607E307472,OPEN_TEXTILE_ANTI_WETTING_2019,SFC_FE1BCA204FFA,prospective_open_external,prospective_open_external,prospective_open_external,no,no,yes,provisional_open_external_pending_model_run
EXT_618188348392,EXT_618188348392,OPEN_PLA_FILMS_2021,SFC_01B9AA1C0B74,prospective_open_external,prospective_open_external,prospective_open_external,no,no,yes,provisional_open_external_pending_model_run
EXT_069D7AE7FCAD,EXT_069D7AE7FCAD,OPEN_PLA_FILMS_2021,SFC_B1D8AACA85B5,prospective_open_external,prospective_open_external,prospective_open_external,no,no,yes,provisional_open_external_pending_model_run
EXT_8935C7528E56,EXT_8935C7528E56,OPEN_PLA_FILMS_2021,SFC_662849118DF0,prospective_open_external,prospective_open_external,prospective_open_external,no,no,yes,provisional_open_external_pending_model_run
EXT_C98B044A6F7F,EXT_C98B044A6F7F,OPEN_PLA_FILMS_2021,SFC_29A9F5906DC4,prospective_open_external,prospective_open_external,prospective_open_external,no,no,yes,provisional_open_external_pending_model_run
EXT_4299E75704B2,EXT_4299E75704B2,OPEN_PLA_FILMS_2021,SFC_01B9AA1C0B74,prospective_open_external,prospective_open_external,prospective_open_external,no,no,yes,provisional_open_external_pending_model_run
EXT_C0A69AE67463,EXT_C0A69AE67463,OPEN_PLA_FILMS_2021,SFC_B1D8AACA85B5,prospective_open_external,prospective_open_external,prospective_open_external,no,no,yes,provisional_open_external_pending_model_run
EXT_59A1C74C7C24,EXT_59A1C74C7C24,OPEN_PLA_FILMS_2021,SFC_662849118DF0,prospective_open_external,prospective_open_external,prospective_open_external,no,no,yes,provisional_open_external_pending_model_run
EXT_28942280B8C6,EXT_28942280B8C6,OPEN_PLA_FILMS_2021,SFC_29A9F5906DC4,prospective_open_external,prospective_open_external,prospective_open_external,no,no,yes,provisional_open_external_pending_model_run
EXT_264C8AB42663,EXT_264C8AB42663,OPEN_PLA_FILMS_2021,SFC_01B9AA1C0B74,prospective_open_external,prospective_open_external,prospective_open_external,no,no,yes,provisional_open_external_pending_model_run
EXT_0C90915034B7,EXT_0C90915034B7,OPEN_PLA_FILMS_2021,SFC_B1D8AACA85B5,prospective_open_external,prospective_open_external,prospective_open_external,no,no,yes,provisional_open_external_pending_model_run
EXT_197AF6112F5C,EXT_197AF6112F5C,OPEN_PLA_FILMS_2021,SFC_662849118DF0,prospective_open_external,prospective_open_external,prospective_open_external,no,no,yes,provisional_open_external_pending_model_run
EXT_F7284554E363,EXT_F7284554E363,OPEN_PLA_FILMS_2021,SFC_29A9F5906DC4,prospective_open_external,prospective_open_external,prospective_open_external,no,no,yes,provisional_open_external_pending_model_run
EXT_832E508A7F45,EXT_832E508A7F45,OPEN_PLA_FILMS_2021,SFC_4640D599C795,prospective_open_external,prospective_open_external,prospective_open_external,no,no,yes,provisional_open_external_pending_model_run
EXT_263F0D060209,EXT_263F0D060209,OPEN_PLA_FILMS_2021,SFC_869B011AB104,prospective_open_external,prospective_open_external,prospective_open_external,no,no,yes,provisional_open_external_pending_model_run
EXT_4511C3A71669,EXT_4511C3A71669,OPEN_PLA_FILMS_2021,SFC_52F0F5BD3D6C,prospective_open_external,prospective_open_external,prospective_open_external,no,no,yes,provisional_open_external_pending_model_run
EXT_8BBA4B544E54,EXT_8BBA4B544E54,OPEN_PLA_FILMS_2021,SFC_8864A171D8DB,prospective_open_external,prospective_open_external,prospective_open_external,no,no,yes,provisional_open_external_pending_model_run
EXT_2EB8A593D55E,EXT_2EB8A593D55E,OPEN_PLA_FILMS_2021,SFC_4640D599C795,prospective_open_external,prospective_open_external,prospective_open_external,no,no,yes,provisional_open_external_pending_model_run
EXT_A9A71A63993D,EXT_A9A71A63993D,OPEN_PLA_FILMS_2021,SFC_869B011AB104,prospective_open_external,prospective_open_external,prospective_open_external,no,no,yes,provisional_open_external_pending_model_run
EXT_B078FBEC9CEC,EXT_B078FBEC9CEC,OPEN_PLA_FILMS_2021,SFC_52F0F5BD3D6C,prospective_open_external,prospective_open_external,prospective_open_external,no,no,yes,provisional_open_external_pending_model_run
EXT_57487A07628B,EXT_57487A07628B,OPEN_PLA_FILMS_2021,SFC_8864A171D8DB,prospective_open_external,prospective_open_external,prospective_open_external,no,no,yes,provisional_open_external_pending_model_run
EXT_45CE8585FF60,EXT_45CE8585FF60,OPEN_PLA_FILMS_2021,SFC_4640D599C795,prospective_open_external,prospective_open_external,prospective_open_external,no,no,yes,provisional_open_external_pending_model_run
EXT_B488569FF3A6,EXT_B488569FF3A6,OPEN_PLA_FILMS_2021,SFC_869B011AB104,prospective_open_external,prospective_open_external,prospective_open_external,no,no,yes,provisional_open_external_pending_model_run
EXT_489544822E64,EXT_489544822E64,OPEN_PLA_FILMS_2021,SFC_52F0F5BD3D6C,prospective_open_external,prospective_open_external,prospective_open_external,no,no,yes,provisional_open_external_pending_model_run
EXT_5C43DD51F487,EXT_5C43DD51F487,OPEN_PLA_FILMS_2021,SFC_8864A171D8DB,prospective_open_external,prospective_open_external,prospective_open_external,no,no,yes,provisional_open_external_pending_model_run
EXT_0780FA855EA7,EXT_0780FA855EA7,OPEN_PLA_FILMS_2021,SFC_CA0DF2A414ED,prospective_open_external,prospective_open_external,prospective_open_external,no,no,yes,provisional_open_external_pending_model_run
EXT_F2DE1724D72F,EXT_F2DE1724D72F,OPEN_PLA_FILMS_2021,SFC_0FBA62725BE6,prospective_open_external,prospective_open_external,prospective_open_external,no,no,yes,provisional_open_external_pending_model_run
EXT_5763DE0B39DD,EXT_5763DE0B39DD,OPEN_PLA_FILMS_2021,SFC_84FF6543987A,prospective_open_external,prospective_open_external,prospective_open_external,no,no,yes,provisional_open_external_pending_model_run
EXT_62C7119859BF,EXT_62C7119859BF,OPEN_PLA_FILMS_2021,SFC_91B74A694C1A,prospective_open_external,prospective_open_external,prospective_open_external,no,no,yes,provisional_open_external_pending_model_run
EXT_874FDB205BEC,EXT_874FDB205BEC,OPEN_PLA_FILMS_2021,SFC_CA0DF2A414ED,prospective_open_external,prospective_open_external,prospective_open_external,no,no,yes,provisional_open_external_pending_model_run
EXT_1974721ED722,EXT_1974721ED722,OPEN_PLA_FILMS_2021,SFC_0FBA62725BE6,prospective_open_external,prospective_open_external,prospective_open_external,no,no,yes,provisional_open_external_pending_model_run
EXT_28B169088998,EXT_28B169088998,OPEN_PLA_FILMS_2021,SFC_84FF6543987A,prospective_open_external,prospective_open_external,prospective_open_external,no,no,yes,provisional_open_external_pending_model_run
EXT_C0610F416EF7,EXT_C0610F416EF7,OPEN_PLA_FILMS_2021,SFC_91B74A694C1A,prospective_open_external,prospective_open_external,prospective_open_external,no,no,yes,provisional_open_external_pending_model_run
EXT_A399484607B3,EXT_A399484607B3,OPEN_PLA_FILMS_2021,SFC_CA0DF2A414ED,prospective_open_external,prospective_open_external,prospective_open_external,no,no,yes,provisional_open_external_pending_model_run
EXT_0325D9C2E6F8,EXT_0325D9C2E6F8,OPEN_PLA_FILMS_2021,SFC_0FBA62725BE6,prospective_open_external,prospective_open_external,prospective_open_external,no,no,yes,provisional_open_external_pending_model_run
EXT_2D1C9CE8FE08,EXT_2D1C9CE8FE08,OPEN_PLA_FILMS_2021,SFC_84FF6543987A,prospective_open_external,prospective_open_external,prospective_open_external,no,no,yes,provisional_open_external_pending_model_run
EXT_CFE40CFC3BA1,EXT_CFE40CFC3BA1,OPEN_PLA_FILMS_2021,SFC_91B74A694C1A,prospective_open_external,prospective_open_external,prospective_open_external,no,no,yes,provisional_open_external_pending_model_run
EXT_20E924898243,EXT_20E924898243,OPEN_PLA_FILMS_2021,SFC_46B777D53533,prospective_open_external,prospective_open_external,prospective_open_external,no,no,yes,provisional_open_external_pending_model_run
EXT_D5A2B07B71FE,EXT_D5A2B07B71FE,OPEN_PLA_FILMS_2021,SFC_2171EA47DB00,prospective_open_external,prospective_open_external,prospective_open_external,no,no,yes,provisional_open_external_pending_model_run
EXT_FCDB7AFFCD9B,EXT_FCDB7AFFCD9B,OPEN_PLA_FILMS_2021,SFC_C73C8C6483E4,prospective_open_external,prospective_open_external,prospective_open_external,no,no,yes,provisional_open_external_pending_model_run
EXT_F0D8FCD36A83,EXT_F0D8FCD36A83,OPEN_PLA_FILMS_2021,SFC_B93E7618C45A,prospective_open_external,prospective_open_external,prospective_open_external,no,no,yes,provisional_open_external_pending_model_run
EXT_DA1010942764,EXT_DA1010942764,OPEN_PLA_FILMS_2021,SFC_46B777D53533,prospective_open_external,prospective_open_external,prospective_open_external,no,no,yes,provisional_open_external_pending_model_run
EXT_57AAA740DBD8,EXT_57AAA740DBD8,OPEN_PLA_FILMS_2021,SFC_2171EA47DB00,prospective_open_external,prospective_open_external,prospective_open_external,no,no,yes,provisional_open_external_pending_model_run
EXT_6FAB73084CB3,EXT_6FAB73084CB3,OPEN_PLA_FILMS_2021,SFC_C73C8C6483E4,prospective_open_external,prospective_open_external,prospective_open_external,no,no,yes,provisional_open_external_pending_model_run
EXT_793B32E71A38,EXT_793B32E71A38,OPEN_PLA_FILMS_2021,SFC_B93E7618C45A,prospective_open_external,prospective_open_external,prospective_open_external,no,no,yes,provisional_open_external_pending_model_run
EXT_BB5D89275AD2,EXT_BB5D89275AD2,OPEN_PLA_FILMS_2021,SFC_46B777D53533,prospective_open_external,prospective_open_external,prospective_open_external,no,no,yes,provisional_open_external_pending_model_run
EXT_E8E1679EDB31,EXT_E8E1679EDB31,OPEN_PLA_FILMS_2021,SFC_2171EA47DB00,prospective_open_external,prospective_open_external,prospective_open_external,no,no,yes,provisional_open_external_pending_model_run
EXT_882D286A650A,EXT_882D286A650A,OPEN_PLA_FILMS_2021,SFC_C73C8C6483E4,prospective_open_external,prospective_open_external,prospective_open_external,no,no,yes,provisional_open_external_pending_model_run
EXT_E31EC66D808C,EXT_E31EC66D808C,OPEN_PLA_FILMS_2021,SFC_B93E7618C45A,prospective_open_external,prospective_open_external,prospective_open_external,no,no,yes,provisional_open_external_pending_model_run
EXT_0C2F137C0768,EXT_0C2F137C0768,OPEN_CARBON_GLYCAN_2016,SFC_DDCE904A2E37,prospective_open_external,prospective_open_external,prospective_open_external,no,no,yes,provisional_open_external_pending_model_run
EXT_3D14543B75E6,EXT_3D14543B75E6,OPEN_CARBON_GLYCAN_2016,SFC_DDCE904A2E37,prospective_open_external,prospective_open_external,prospective_open_external,no,no,yes,provisional_open_external_pending_model_run
EXT_C8683F966ABC,EXT_C8683F966ABC,OPEN_CARBON_GLYCAN_2016,SFC_DDCE904A2E37,prospective_open_external,prospective_open_external,prospective_open_external,no,no,yes,provisional_open_external_pending_model_run
EXT_A05B145D5D55,EXT_A05B145D5D55,OPEN_CARBON_GLYCAN_2016,SFC_757E5A51849D,prospective_open_external,prospective_open_external,prospective_open_external,no,no,yes,provisional_open_external_pending_model_run
EXT_4D6047F3DA11,EXT_4D6047F3DA11,OPEN_CARBON_GLYCAN_2016,SFC_757E5A51849D,prospective_open_external,prospective_open_external,prospective_open_external,no,no,yes,provisional_open_external_pending_model_run
EXT_7CF183ABF3B6,EXT_7CF183ABF3B6,OPEN_CARBON_GLYCAN_2016,SFC_757E5A51849D,prospective_open_external,prospective_open_external,prospective_open_external,no,no,yes,provisional_open_external_pending_model_run
EXT_64532C66FD00,EXT_64532C66FD00,OPEN_CARBON_GLYCAN_2016,SFC_C1B0541D31DE,prospective_open_external,prospective_open_external,prospective_open_external,no,no,yes,provisional_open_external_pending_model_run
EXT_68FC9343A58A,EXT_68FC9343A58A,OPEN_CARBON_GLYCAN_2016,SFC_C1B0541D31DE,prospective_open_external,prospective_open_external,prospective_open_external,no,no,yes,provisional_open_external_pending_model_run
EXT_F1A8D658D675,EXT_F1A8D658D675,OPEN_CARBON_GLYCAN_2016,SFC_C1B0541D31DE,prospective_open_external,prospective_open_external,prospective_open_external,no,no,yes,provisional_open_external_pending_model_run
EXT_9F58E9B1730C,EXT_9F58E9B1730C,OPEN_CARBON_GLYCAN_2016,SFC_1CD855A0B4A5,prospective_open_external,prospective_open_external,prospective_open_external,no,no,yes,provisional_open_external_pending_model_run
EXT_BD0EEB764A84,EXT_BD0EEB764A84,OPEN_CARBON_GLYCAN_2016,SFC_1CD855A0B4A5,prospective_open_external,prospective_open_external,prospective_open_external,no,no,yes,provisional_open_external_pending_model_run
EXT_6B9D41D96636,EXT_6B9D41D96636,OPEN_CARBON_GLYCAN_2016,SFC_1CD855A0B4A5,prospective_open_external,prospective_open_external,prospective_open_external,no,no,yes,provisional_open_external_pending_model_run
EXT_BE673F974C34,EXT_BE673F974C34,OPEN_CARBON_GLYCAN_2016,SFC_9CBFB90624F8,prospective_open_external,prospective_open_external,prospective_open_external,no,no,yes,provisional_open_external_pending_model_run
EXT_810E90883671,EXT_810E90883671,OPEN_CARBON_GLYCAN_2016,SFC_9CBFB90624F8,prospective_open_external,prospective_open_external,prospective_open_external,no,no,yes,provisional_open_external_pending_model_run
EXT_E2B297913813,EXT_E2B297913813,OPEN_CARBON_GLYCAN_2016,SFC_9CBFB90624F8,prospective_open_external,prospective_open_external,prospective_open_external,no,no,yes,provisional_open_external_pending_model_run
EXT_97FF8568B019,EXT_97FF8568B019,OPEN_CARBON_GLYCAN_2016,SFC_73AE050E307F,prospective_open_external,prospective_open_external,prospective_open_external,no,no,yes,provisional_open_external_pending_model_run
EXT_006E9D255BB0,EXT_006E9D255BB0,OPEN_CARBON_GLYCAN_2016,SFC_73AE050E307F,prospective_open_external,prospective_open_external,prospective_open_external,no,no,yes,provisional_open_external_pending_model_run
EXT_0AFA4AD6501C,EXT_0AFA4AD6501C,OPEN_CARBON_GLYCAN_2016,SFC_73AE050E307F,prospective_open_external,prospective_open_external,prospective_open_external,no,no,yes,provisional_open_external_pending_model_run
EXT_D7EE4324C62B,EXT_D7EE4324C62B,OPEN_FACEMASK_2023,SFC_4AD1E95A7848,prospective_open_external,prospective_open_external,prospective_open_external,no,no,yes,provisional_open_external_pending_model_run
EXT_2ED76F045DA7,EXT_2ED76F045DA7,OPEN_FACEMASK_2023,SFC_4AD1E95A7848,prospective_open_external,prospective_open_external,prospective_open_external,no,no,yes,provisional_open_external_pending_model_run
EXT_3DB1AD2DD595,EXT_3DB1AD2DD595,OPEN_FACEMASK_2023,SFC_4AD1E95A7848,prospective_open_external,prospective_open_external,prospective_open_external,no,no,yes,provisional_open_external_pending_model_run
EXT_21DECF058A46,EXT_21DECF058A46,OPEN_FACEMASK_2023,SFC_2C8D133FAE44,prospective_open_external,prospective_open_external,prospective_open_external,no,no,yes,provisional_open_external_pending_model_run
EXT_F4D52482F27E,EXT_F4D52482F27E,OPEN_FACEMASK_2023,SFC_2C8D133FAE44,prospective_open_external,prospective_open_external,prospective_open_external,no,no,yes,provisional_open_external_pending_model_run
EXT_19F026C2773F,EXT_19F026C2773F,OPEN_FACEMASK_2023,SFC_2C8D133FAE44,prospective_open_external,prospective_open_external,prospective_open_external,no,no,yes,provisional_open_external_pending_model_run
EXT_161578FE82D4,EXT_161578FE82D4,OPEN_FACEMASK_2023,SFC_61C86B62E941,prospective_open_external,prospective_open_external,prospective_open_external,no,no,yes,provisional_open_external_pending_model_run
EXT_A608D8AA1EAA,EXT_A608D8AA1EAA,OPEN_FACEMASK_2023,SFC_61C86B62E941,prospective_open_external,prospective_open_external,prospective_open_external,no,no,yes,provisional_open_external_pending_model_run
EXT_6A758A73420C,EXT_6A758A73420C,OPEN_FACEMASK_2023,SFC_61C86B62E941,prospective_open_external,prospective_open_external,prospective_open_external,no,no,yes,provisional_open_external_pending_model_run
EXT_591446AFD356,EXT_591446AFD356,OPEN_FACEMASK_2023,SFC_5D5B39751D66,prospective_open_external,prospective_open_external,prospective_open_external,no,no,yes,provisional_open_external_pending_model_run
EXT_3FFCD90BF04A,EXT_3FFCD90BF04A,OPEN_FACEMASK_2023,SFC_5D5B39751D66,prospective_open_external,prospective_open_external,prospective_open_external,no,no,yes,provisional_open_external_pending_model_run
EXT_A2BFA9FEE942,EXT_A2BFA9FEE942,OPEN_FACEMASK_2023,SFC_5D5B39751D66,prospective_open_external,prospective_open_external,prospective_open_external,no,no,yes,provisional_open_external_pending_model_run
EXT_E2623286DF9C,EXT_E2623286DF9C,OPEN_FACEMASK_2023,SFC_52742E4E2FF2,prospective_open_external,prospective_open_external,prospective_open_external,no,no,yes,provisional_open_external_pending_model_run
EXT_4414CE8E7161,EXT_4414CE8E7161,OPEN_FACEMASK_2023,SFC_52742E4E2FF2,prospective_open_external,prospective_open_external,prospective_open_external,no,no,yes,provisional_open_external_pending_model_run
EXT_8930F5ABA4B7,EXT_8930F5ABA4B7,OPEN_FACEMASK_2023,SFC_52742E4E2FF2,prospective_open_external,prospective_open_external,prospective_open_external,no,no,yes,provisional_open_external_pending_model_run
EXT_FFFDDFDEE3D0,EXT_FFFDDFDEE3D0,OPEN_FACEMASK_2023,SFC_98A58E5AB649,prospective_open_external,prospective_open_external,prospective_open_external,no,no,yes,provisional_open_external_pending_model_run
EXT_E63EB3F2835E,EXT_E63EB3F2835E,OPEN_FACEMASK_2023,SFC_98A58E5AB649,prospective_open_external,prospective_open_external,prospective_open_external,no,no,yes,provisional_open_external_pending_model_run
EXT_07642A48B0AD,EXT_07642A48B0AD,OPEN_FACEMASK_2023,SFC_98A58E5AB649,prospective_open_external,prospective_open_external,prospective_open_external,no,no,yes,provisional_open_external_pending_model_run
EXT_FEA43C1D185A,EXT_FEA43C1D185A,OPEN_FACEMASK_2023,SFC_804C47F28DD6,prospective_open_external,prospective_open_external,prospective_open_external,no,no,yes,provisional_open_external_pending_model_run
EXT_1D4E7C8984A2,EXT_1D4E7C8984A2,OPEN_FACEMASK_2023,SFC_804C47F28DD6,prospective_open_external,prospective_open_external,prospective_open_external,no,no,yes,provisional_open_external_pending_model_run
EXT_8E2D528C28E4,EXT_8E2D528C28E4,OPEN_FACEMASK_2023,SFC_804C47F28DD6,prospective_open_external,prospective_open_external,prospective_open_external,no,no,yes,provisional_open_external_pending_model_run
EXT_DE22A4AE61FC,EXT_DE22A4AE61FC,OPEN_CHITOSAN_GELATIN_2022,SFC_26BB55DBD67D,prospective_open_external,prospective_open_external,prospective_open_external,no,no,yes,provisional_open_external_pending_model_run
EXT_7534CEB38FB4,EXT_7534CEB38FB4,OPEN_CHITOSAN_GELATIN_2022,SFC_26BB55DBD67D,prospective_open_external,prospective_open_external,prospective_open_external,no,no,yes,provisional_open_external_pending_model_run
EXT_397F0C3BD5CF,EXT_397F0C3BD5CF,OPEN_CHITOSAN_GELATIN_2022,SFC_D400AC079E9D,prospective_open_external,prospective_open_external,prospective_open_external,no,no,yes,provisional_open_external_pending_model_run
EXT_B24A3A78D359,EXT_B24A3A78D359,OPEN_CHITOSAN_GELATIN_2022,SFC_D400AC079E9D,prospective_open_external,prospective_open_external,prospective_open_external,no,no,yes,provisional_open_external_pending_model_run
EXT_F82FEAC10BBB,EXT_F82FEAC10BBB,OPEN_CHITOSAN_GELATIN_2022,SFC_F1718B0B4710,prospective_open_external,prospective_open_external,prospective_open_external,no,no,yes,provisional_open_external_pending_model_run
EXT_67BEF7CA0F14,EXT_67BEF7CA0F14,OPEN_CHITOSAN_GELATIN_2022,SFC_F1718B0B4710,prospective_open_external,prospective_open_external,prospective_open_external,no,no,yes,provisional_open_external_pending_model_run
EXT_D348EE3E6106,EXT_D348EE3E6106,OPEN_CHITOSAN_GELATIN_2022,SFC_C768409105A9,prospective_open_external,prospective_open_external,prospective_open_external,no,no,yes,provisional_open_external_pending_model_run
EXT_FEB300669898,EXT_FEB300669898,OPEN_CHITOSAN_GELATIN_2022,SFC_C768409105A9,prospective_open_external,prospective_open_external,prospective_open_external,no,no,yes,provisional_open_external_pending_model_run
EXT_126475924947,EXT_126475924947,OPEN_CHITOSAN_GELATIN_2022,SFC_21C07DE8FEA5,prospective_open_external,prospective_open_external,prospective_open_external,no,no,yes,provisional_open_external_pending_model_run
EXT_CC9EEC4BEE40,EXT_CC9EEC4BEE40,OPEN_CHITOSAN_GELATIN_2022,SFC_21C07DE8FEA5,prospective_open_external,prospective_open_external,prospective_open_external,no,no,yes,provisional_open_external_pending_model_run
EXT_618DAE924695,EXT_618DAE924695,OPEN_CHITOSAN_GELATIN_2022,SFC_4988FD117978,prospective_open_external,prospective_open_external,prospective_open_external,no,no,yes,provisional_open_external_pending_model_run
EXT_FC56291F305C,EXT_FC56291F305C,OPEN_CHITOSAN_GELATIN_2022,SFC_4988FD117978,prospective_open_external,prospective_open_external,prospective_open_external,no,no,yes,provisional_open_external_pending_model_run
EXT_0793ADE7D32F,EXT_0793ADE7D32F,OPEN_CHITOSAN_GELATIN_2022,SFC_728D367B9FEB,prospective_open_external,prospective_open_external,prospective_open_external,no,no,yes,provisional_open_external_pending_model_run
EXT_9F8D5B3E0335,EXT_9F8D5B3E0335,OPEN_CHITOSAN_GELATIN_2022,SFC_728D367B9FEB,prospective_open_external,prospective_open_external,prospective_open_external,no,no,yes,provisional_open_external_pending_model_run
MEA_AF2A61D0F221,REC_B6880A60A58E,SRC001,SFC_96D86F3732DF,train,train,train,yes,yes,no,v4.3_source_audit_locked
MEA_8829108AA85D,REC_006D803571ED,SRC001,SFC_96D86F3732DF,train,train,train,yes,yes,no,v4.3_source_audit_locked
MEA_1382FC3E41BA,REC_1063D03FFD29,SRC001,SFC_96D86F3732DF,train,train,train,yes,yes,no,v4.3_source_audit_locked
MEA_DE146E58D4BC,REC_71AEDCAA35B2,SRC001,SFC_96D86F3732DF,train,train,train,yes,yes,no,v4.3_source_audit_locked
MEA_811D72FA48E6,REC_2CBB1DD7035C,SRC001,SFC_96D86F3732DF,train,train,train,yes,yes,no,v4.3_source_audit_locked
MEA_8BC41BE1F860,REC_B3607A5DD9B0,SRC001,SFC_7988EDE2E950,train,train,train,yes,yes,no,v4.3_source_audit_locked
MEA_C4EE01FC9114,REC_C05C84320F50,SRC001,SFC_7988EDE2E950,train,train,train,yes,yes,no,v4.3_source_audit_locked
MEA_0FCBA2ADD4F0,REC_CD632258245F,SRC001,SFC_7988EDE2E950,train,train,train,yes,yes,no,v4.3_source_audit_locked
MEA_E99ED2021865,REC_3A20AA992E55,SRC001,SFC_7988EDE2E950,train,train,train,yes,yes,no,v4.3_source_audit_locked
MEA_E9F11B395205,REC_ECA6E657921F,SRC001,SFC_7988EDE2E950,train,train,train,yes,yes,no,v4.3_source_audit_locked
MEA_41BDD8B64CA2,REC_79BCEF5ED722,SRC001,SFC_A3534C38D4B9,train,train,train,yes,yes,no,v4.3_source_audit_locked
MEA_78F94B993AC8,REC_D72C3997600A,SRC001,SFC_A3534C38D4B9,train,train,train,yes,yes,no,v4.3_source_audit_locked
MEA_A978848F1D9F,REC_BC706840ED0F,SRC001,SFC_A3534C38D4B9,train,train,train,yes,yes,no,v4.3_source_audit_locked
MEA_4021F0E1E76D,REC_CAC2058463C2,SRC001,SFC_A3534C38D4B9,train,train,train,yes,yes,no,v4.3_source_audit_locked
MEA_70EE2B9BF84D,REC_6B25D54CA944,SRC001,SFC_A3534C38D4B9,train,train,train,yes,yes,no,v4.3_source_audit_locked
MEA_1FD0F884EAE7,REC_E01AA07F1BE7,SRC001,SFC_D5092F34D983,train,train,train,yes,yes,no,v4.3_source_audit_locked
MEA_044E1720AE6B,REC_F12803C6C7F3,SRC001,SFC_D5092F34D983,train,train,train,yes,yes,no,v4.3_source_audit_locked
MEA_7526876D67B5,REC_C7CA8DBBE403,SRC001,SFC_D5092F34D983,train,train,train,yes,yes,no,v4.3_source_audit_locked
MEA_D4EE6BBDEC82,REC_FFCB07DC115D,SRC001,SFC_D5092F34D983,train,train,train,yes,yes,no,v4.3_source_audit_locked
MEA_6744B4E9FEFA,REC_A37D45EF4078,SRC001,SFC_D5092F34D983,train,train,train,yes,yes,no,v4.3_source_audit_locked
MEA_F437690D1E4A,REC_E40A06126583,SRC001,SFC_7C5DE420C3BC,train,train,train,yes,yes,no,v4.3_source_audit_locked
MEA_D4BE013D295D,REC_FA0F03480EAF,SRC001,SFC_7C5DE420C3BC,train,train,train,yes,yes,no,v4.3_source_audit_locked
MEA_639B1567FD43,REC_E35DE00DF2F7,SRC001,SFC_7C5DE420C3BC,train,train,train,yes,yes,no,v4.3_source_audit_locked
MEA_DBFDF5BA896B,REC_F98E60FAC76C,SRC001,SFC_7C5DE420C3BC,train,train,train,yes,yes,no,v4.3_source_audit_locked
MEA_3406298196F8,REC_FDF2D56C8B9A,SRC001,SFC_7C5DE420C3BC,train,train,train,yes,yes,no,v4.3_source_audit_locked
MEA_F90CF43C7393,REC_E06E1B65A682,SRC001,SFC_CB09228EB13A,train,train,train,yes,yes,no,v4.3_source_audit_locked
MEA_9339C919B8A8,REC_E28E6D610108,SRC001,SFC_CB09228EB13A,train,train,train,yes,yes,no,v4.3_source_audit_locked
MEA_3C7AB0EF30AF,REC_33D0BBEECFEA,SRC001,SFC_CB09228EB13A,train,train,train,yes,yes,no,v4.3_source_audit_locked
MEA_CB62D87C55FB,REC_16296E8E545B,SRC001,SFC_CB09228EB13A,train,train,train,yes,yes,no,v4.3_source_audit_locked
MEA_EFD27B6C63BC,REC_947E5E183F1E,SRC001,SFC_CB09228EB13A,train,train,train,yes,yes,no,v4.3_source_audit_locked
MEA_4C33A32162FE,REC_616F9D2830CE,SRC004,SFC_D6FC0757F82D,train,train,train,yes,yes,no,v4.3_source_audit_locked
MEA_D8DC3F6A86B4,REC_28BCE99CEEA8,SRC004,SFC_D6FC0757F82D,train,train,train,yes,yes,no,v4.3_source_audit_locked
MEA_6C8B99E4D60E,REC_8788F64E04F1,SRC004,SFC_D6FC0757F82D,train,train,train,yes,yes,no,v4.3_source_audit_locked
MEA_E09909FA72FA,REC_1255B952ED4A,SRC004,SFC_B3A450C96FFB,train,train,train,yes,yes,no,v4.3_source_audit_locked
MEA_3D0EAE6570F7,REC_1C279CE5A88F,SRC004,SFC_B3A450C96FFB,train,train,train,yes,yes,no,v4.3_source_audit_locked
MEA_90054ACCAB23,REC_C4730A142B72,SRC004,SFC_B3A450C96FFB,train,train,train,yes,yes,no,v4.3_source_audit_locked
MEA_24CCCEA82F3F,REC_E1BA0DAF68A1,SRC004,SFC_DE76E6500249,train,train,train,yes,yes,no,v4.3_source_audit_locked
MEA_8D40CC53862D,REC_8D637590C72B,SRC004,SFC_DE76E6500249,train,train,train,yes,yes,no,v4.3_source_audit_locked
MEA_C61A0E1D5E09,REC_1B1FB3AC87FB,SRC004,SFC_DE76E6500249,train,train,train,yes,yes,no,v4.3_source_audit_locked
MEA_805E8D357324,REC_0E2915C328B1,SRC004,SFC_30582CAA2D88,train,train,train,yes,yes,no,v4.3_source_audit_locked
MEA_B35A3EA362DB,REC_90EA6B4E32E5,SRC004,SFC_30582CAA2D88,train,train,train,yes,yes,no,v4.3_source_audit_locked
MEA_F2D78402AA4F,REC_5CD93495A4CB,SRC004,SFC_30582CAA2D88,train,train,train,yes,yes,no,v4.3_source_audit_locked
MEA_57A5A3E826DA,REC_95A77EF838FB,SRC004,SFC_6B2C1FFAAC51,train,train,train,yes,yes,no,v4.3_source_audit_locked
MEA_46B27844C6F8,REC_E0A2EB20E5E1,SRC004,SFC_6B2C1FFAAC51,train,train,train,yes,yes,no,v4.3_source_audit_locked
MEA_A48F5EC257BB,REC_0F435FF66B87,SRC004,SFC_6B2C1FFAAC51,train,train,train,yes,yes,no,v4.3_source_audit_locked
MEA_01E5361E3133,REC_8021D3BDB434,SRC004,SFC_048F8DA4C434,train,train,train,yes,yes,no,v4.3_source_audit_locked
MEA_0C7B44B11C3C,REC_B68230783D5A,SRC004,SFC_048F8DA4C434,train,train,train,yes,yes,no,v4.3_source_audit_locked
MEA_F123652B3AE9,REC_F847405322BF,SRC004,SFC_048F8DA4C434,train,train,train,yes,yes,no,v4.3_source_audit_locked
MEA_61083FF63BA1,REC_D69CDBA004AC,SRC004,SFC_97C64E1FE93A,train,train,train,yes,yes,no,v4.3_source_audit_locked
MEA_2E1067970F7D,REC_BAD699563EED,SRC004,SFC_97C64E1FE93A,train,train,train,yes,yes,no,v4.3_source_audit_locked
MEA_2B3D260B0BE1,REC_9629C08A6F50,SRC004,SFC_97C64E1FE93A,train,train,train,yes,yes,no,v4.3_source_audit_locked
MEA_0A824356BA0E,REC_31C5D5CED204,SRC004,SFC_B14CBA5EEC9C,train,train,train,yes,yes,no,v4.3_source_audit_locked
MEA_DC6B84304002,REC_3026F2B73D7E,SRC004,SFC_B14CBA5EEC9C,train,train,train,yes,yes,no,v4.3_source_audit_locked
MEA_261C744D4654,REC_6291F47113A0,SRC004,SFC_B14CBA5EEC9C,train,train,train,yes,yes,no,v4.3_source_audit_locked
MEA_F20173EDD9C0,REC_ABC65E7967FA,SRC004,SFC_EE6E9B0961BD,train,train,train,yes,yes,no,v4.3_source_audit_locked
MEA_4037579075BA,REC_A5FFBF16AFD6,SRC004,SFC_EE6E9B0961BD,train,train,train,yes,yes,no,v4.3_source_audit_locked
MEA_8F1B0326CAD2,REC_6AAE420C6622,SRC004,SFC_EE6E9B0961BD,train,train,train,yes,yes,no,v4.3_source_audit_locked
MEA_8BF3A24B2662,REC_A610BA11376C,SRC004,SFC_3EDFEEF1E888,train,train,train,yes,yes,no,v4.3_source_audit_locked
MEA_9B544A31FCB5,REC_4F83657E9936,SRC004,SFC_3EDFEEF1E888,train,train,train,yes,yes,no,v4.3_source_audit_locked
MEA_EF1FE5336CE1,REC_C1F2C1E8CB68,SRC004,SFC_3EDFEEF1E888,train,train,train,yes,yes,no,v4.3_source_audit_locked
MEA_8B04D2C9432F,REC_953A8C3A3F16,SRC004,SFC_5AF649ABE598,train,train,train,yes,yes,no,v4.3_source_audit_locked
MEA_87DDFBC92431,REC_84DBA1799CD9,SRC004,SFC_5AF649ABE598,train,train,train,yes,yes,no,v4.3_source_audit_locked
MEA_6EDB6F2A3EFD,REC_B2898473D913,SRC004,SFC_5AF649ABE598,train,train,train,yes,yes,no,v4.3_source_audit_locked
MEA_AB5BD1D2BA5D,REC_6A4550CF1208,SRC004,SFC_49824CF36E40,train,train,train,yes,yes,no,v4.3_source_audit_locked
MEA_596B409A7C5E,REC_BAC10F9DCF31,SRC004,SFC_49824CF36E40,train,train,train,yes,yes,no,v4.3_source_audit_locked
MEA_A12926F69353,REC_3488B7817AD1,SRC004,SFC_49824CF36E40,train,train,train,yes,yes,no,v4.3_source_audit_locked
MEA_EB7B903AE81E,REC_1D905101A054,SRC004,SFC_5AED3C744401,train,train,train,yes,yes,no,v4.3_source_audit_locked
MEA_E64552D407A9,REC_AF611A5A0F3E,SRC004,SFC_5AED3C744401,train,train,train,yes,yes,no,v4.3_source_audit_locked
MEA_1B72ECBF6D8F,REC_1B27A24F9605,SRC004,SFC_5AED3C744401,train,train,train,yes,yes,no,v4.3_source_audit_locked
MEA_4B217F653B8C,REC_54C745B461B5,SRC004,SFC_F08CE41D3B56,train,train,train,yes,yes,no,v4.3_source_audit_locked
MEA_5A7527E5A57C,REC_6BF6678E2EF0,SRC004,SFC_F08CE41D3B56,train,train,train,yes,yes,no,v4.3_source_audit_locked
MEA_D3DD0856C805,REC_E8E54DDA5122,SRC004,SFC_F08CE41D3B56,train,train,train,yes,yes,no,v4.3_source_audit_locked
MEA_EE33190327F4,REC_068AC3842617,SRC004,SFC_D31ACCAB15C3,train,train,train,yes,yes,no,v4.3_source_audit_locked
MEA_8064FACE4AE6,REC_49B4DB03B333,SRC004,SFC_D31ACCAB15C3,train,train,train,yes,yes,no,v4.3_source_audit_locked
MEA_7D7331494A49,REC_F1640A076775,SRC004,SFC_D31ACCAB15C3,train,train,train,yes,yes,no,v4.3_source_audit_locked
MEA_A3DB5DA10EFE,REC_A90C767274BD,SRC012,SFC_EC8F580B7830,internal_test,internal_test,internal_test,no,no,yes,v4.3_source_audit_locked
MEA_46540AE73DFD,REC_1452FDDD0065,SRC012,SFC_DD6EFD722DF2,internal_test,internal_test,internal_test,no,no,yes,v4.3_source_audit_locked
MEA_1D9A8BA30626,REC_C86638FE3C0A,SRC012,SFC_EC8F580B7830,internal_test,internal_test,internal_test,no,no,yes,v4.3_source_audit_locked
MEA_FFE28F6E58D2,REC_49E6EBF046EB,SRC012,SFC_DD6EFD722DF2,internal_test,internal_test,internal_test,no,no,yes,v4.3_source_audit_locked
MEA_545CE42BA5FF,REC_BEF28DA29EBB,SRC012,SFC_EC8F580B7830,internal_test,internal_test,internal_test,no,no,yes,v4.3_source_audit_locked
MEA_19FD99EC69A3,REC_2A6DFA75A0D6,SRC012,SFC_DD6EFD722DF2,internal_test,internal_test,internal_test,no,no,yes,v4.3_source_audit_locked
MEA_045592B68FF5,REC_70B53D6582B7,SRC014,SFC_27CC011F7F38,train,train,train,yes,yes,no,v4.3_source_audit_locked
MEA_63F27B8C41F7,REC_FC9D5730B435,SRC014,SFC_27CC011F7F38,train,train,train,yes,yes,no,v4.3_source_audit_locked
MEA_98A9A2DEAF8E,REC_3355A12F70CF,SRC014,SFC_27CC011F7F38,train,train,train,yes,yes,no,v4.3_source_audit_locked
MEA_89FB72ABBF3E,REC_016209709BAC,SRC014,SFC_5CF465520919,train,train,train,yes,yes,no,v4.3_source_audit_locked
MEA_2913D3817FC2,REC_9E33C0A62D63,SRC014,SFC_5CF465520919,train,train,train,yes,yes,no,v4.3_source_audit_locked
MEA_09BB17C80B3C,REC_8FF54601C15E,SRC014,SFC_5CF465520919,train,train,train,yes,yes,no,v4.3_source_audit_locked
MEA_9C6BDDB69C2D,REC_500FAA3F5744,SRC014,SFC_57CAC88FEA44,train,train,train,yes,yes,no,v4.3_source_audit_locked
MEA_09BF2A8FB17B,REC_2679E2328616,SRC014,SFC_57CAC88FEA44,train,train,train,yes,yes,no,v4.3_source_audit_locked
MEA_95A08DC6925F,REC_557886264DC6,SRC014,SFC_57CAC88FEA44,train,train,train,yes,yes,no,v4.3_source_audit_locked
MEA_D591A8555CEC,REC_A61E409571E7,SRC014,SFC_5A3C9776191D,train,train,train,yes,yes,no,v4.3_source_audit_locked
MEA_43542EE89962,REC_1A10EB7B12F0,SRC014,SFC_5A3C9776191D,train,train,train,yes,yes,no,v4.3_source_audit_locked
MEA_54207E23981A,REC_72D34211B360,SRC014,SFC_5A3C9776191D,train,train,train,yes,yes,no,v4.3_source_audit_locked
MEA_B3AC27D33C28,REC_9120C0E1FF26,SRC014,SFC_B6F0FD6B29BC,train,train,train,yes,yes,no,v4.3_source_audit_locked
MEA_E136453008CD,REC_82CCBED7C1EA,SRC014,SFC_B6F0FD6B29BC,train,train,train,yes,yes,no,v4.3_source_audit_locked
MEA_1E547DD6FE81,REC_6D42847AAD9B,SRC014,SFC_B6F0FD6B29BC,train,train,train,yes,yes,no,v4.3_source_audit_locked
MEA_7C2CC6A03287,REC_78825B4816AC,SRC014,SFC_6CB60F9F2B48,train,train,train,yes,yes,no,v4.3_source_audit_locked
MEA_8A798BD9D255,REC_18C619CF4134,SRC014,SFC_6CB60F9F2B48,train,train,train,yes,yes,no,v4.3_source_audit_locked
MEA_04574BCBCF86,REC_2A27AE959A5C,SRC014,SFC_6CB60F9F2B48,train,train,train,yes,yes,no,v4.3_source_audit_locked
MEA_B8AE5C8701F1,REC_FE5ADFB7CAA9,SRC014,SFC_1C9D06C5B008,train,train,train,yes,yes,no,v4.3_source_audit_locked
MEA_BB93E8F71FCC,REC_2665BF34BC97,SRC014,SFC_1C9D06C5B008,train,train,train,yes,yes,no,v4.3_source_audit_locked
MEA_C7B03FCAA556,REC_51F74037479B,SRC014,SFC_1C9D06C5B008,train,train,train,yes,yes,no,v4.3_source_audit_locked
MEA_D1FC1ACD0D41,REC_E3E70395C013,SRC014,SFC_4AABAF84DB2B,train,train,train,yes,yes,no,v4.3_source_audit_locked
MEA_BB7E0377AFAF,REC_D99D5AFAE127,SRC014,SFC_4AABAF84DB2B,train,train,train,yes,yes,no,v4.3_source_audit_locked
MEA_1A029235C86C,REC_1406C3F9321D,SRC014,SFC_4AABAF84DB2B,train,train,train,yes,yes,no,v4.3_source_audit_locked
MEA_23AE9B7F3397,REC_545F019CEE40,SRC014,SFC_B6A2235DD98C,train,train,train,yes,yes,no,v4.3_source_audit_locked
MEA_23991151972E,REC_9212240D3AA1,SRC014,SFC_B6A2235DD98C,train,train,train,yes,yes,no,v4.3_source_audit_locked
MEA_F33184A132F6,REC_E9A9D179F4ED,SRC014,SFC_B6A2235DD98C,train,train,train,yes,yes,no,v4.3_source_audit_locked
MEA_D2A1C485FA99,REC_738699BD7760,SRC016,SFC_405F23DB01A4,train,train,train,yes,yes,no,v4.3_source_audit_locked
MEA_AC21211733A9,REC_3C3C6F773784,SRC016,SFC_405F23DB01A4,train,train,train,yes,yes,no,v4.3_source_audit_locked
MEA_B2EA305F96A5,REC_D63A28D85CC2,SRC016,SFC_405F23DB01A4,train,train,train,yes,yes,no,v4.3_source_audit_locked
MEA_9566BFC5DBF5,REC_8CDC3695E9BD,SRC016,SFC_0F23A72E37B9,train,train,train,yes,yes,no,v4.3_source_audit_locked
MEA_1D891EC769A2,REC_FD7A2332ED5B,SRC016,SFC_0F23A72E37B9,train,train,train,yes,yes,no,v4.3_source_audit_locked
MEA_A5A9C8C6AE69,REC_B3592C8F325B,SRC016,SFC_0F23A72E37B9,train,train,train,yes,yes,no,v4.3_source_audit_locked
MEA_F0375BF8E145,REC_00793330F35E,SRC016,SFC_A7196B14253F,train,train,train,yes,yes,no,v4.3_source_audit_locked
MEA_3F677E6F5C49,REC_C67EE9DC6D41,SRC016,SFC_A7196B14253F,train,train,train,yes,yes,no,v4.3_source_audit_locked
MEA_4B5671326217,REC_646A21F1638A,SRC016,SFC_A7196B14253F,train,train,train,yes,yes,no,v4.3_source_audit_locked
MEA_E188024EA8D5,REC_60C38E126879,SRC016,SFC_5B987F983A60,train,train,train,yes,yes,no,v4.3_source_audit_locked
MEA_02B2DC4A397C,REC_4C32E4E75DC5,SRC016,SFC_5B987F983A60,train,train,train,yes,yes,no,v4.3_source_audit_locked
MEA_6229321E2950,REC_AFA410415495,SRC016,SFC_5B987F983A60,train,train,train,yes,yes,no,v4.3_source_audit_locked
MEA_56FB2B3C33B5,REC_E058E319F526,SRC018,SFC_21E5A9897F5F,internal_test,internal_test,internal_test,no,no,yes,v4.3_source_audit_locked
MEA_F6B64AB682C0,REC_8A955C0EF2FE,SRC018,SFC_21E5A9897F5F,internal_test,internal_test,internal_test,no,no,yes,v4.3_source_audit_locked
MEA_F634BFCBB04B,REC_E4BDA13F9788,SRC018,SFC_21E5A9897F5F,internal_test,internal_test,internal_test,no,no,yes,v4.3_source_audit_locked
MEA_1D10DBDAD14D,REC_48B421E8D24C,SRC018,SFC_21E5A9897F5F,internal_test,internal_test,internal_test,no,no,yes,v4.3_source_audit_locked
MEA_E341DEF08371,REC_37319B88C1DB,SRC018,SFC_750CEF900F32,internal_test,internal_test,internal_test,no,no,yes,v4.3_source_audit_locked
MEA_6D62F4715B9F,REC_6BD940406B2D,SRC018,SFC_750CEF900F32,internal_test,internal_test,internal_test,no,no,yes,v4.3_source_audit_locked
MEA_609296D47DF1,REC_73115DF43270,SRC018,SFC_750CEF900F32,internal_test,internal_test,internal_test,no,no,yes,v4.3_source_audit_locked
MEA_40978EEFA8B2,REC_EDD3C9494299,SRC018,SFC_750CEF900F32,internal_test,internal_test,internal_test,no,no,yes,v4.3_source_audit_locked
MEA_E25E179C33CC,REC_11EE1691E57B,SRC018,SFC_7F45928FEC29,internal_test,internal_test,internal_test,no,no,yes,v4.3_source_audit_locked
MEA_2982E142A921,REC_E2A79D16652C,SRC018,SFC_7F45928FEC29,internal_test,internal_test,internal_test,no,no,yes,v4.3_source_audit_locked
MEA_435D8FA18713,REC_4B3DE70C985D,SRC018,SFC_7F45928FEC29,internal_test,internal_test,internal_test,no,no,yes,v4.3_source_audit_locked
MEA_34F596C94FC4,REC_43B022298DD4,SRC018,SFC_7F45928FEC29,internal_test,internal_test,internal_test,no,no,yes,v4.3_source_audit_locked
MEA_0887FC3FD803,REC_D07C4BB81E74,SRC018,SFC_989A2292E56A,internal_test,internal_test,internal_test,no,no,yes,v4.3_source_audit_locked
MEA_DD1C3EF3C513,REC_F728FF018F7A,SRC018,SFC_989A2292E56A,internal_test,internal_test,internal_test,no,no,yes,v4.3_source_audit_locked
MEA_B35409464A78,REC_8E3DB6D53856,SRC018,SFC_989A2292E56A,internal_test,internal_test,internal_test,no,no,yes,v4.3_source_audit_locked
MEA_05A05C3E4596,REC_3FFBC36EAC91,SRC018,SFC_989A2292E56A,internal_test,internal_test,internal_test,no,no,yes,v4.3_source_audit_locked
MEA_D084E7BE258F,REC_908F2BDD1D1B,SRC018,SFC_3480038F8EFE,internal_test,internal_test,internal_test,no,no,yes,v4.3_source_audit_locked
MEA_F99225720EDB,REC_166554F9D700,SRC018,SFC_3480038F8EFE,internal_test,internal_test,internal_test,no,no,yes,v4.3_source_audit_locked
MEA_8A1B3BE7D5E5,REC_21908B8DD026,SRC018,SFC_3480038F8EFE,internal_test,internal_test,internal_test,no,no,yes,v4.3_source_audit_locked
MEA_43D9A88DC413,REC_C3D75AAACE0D,SRC018,SFC_3480038F8EFE,internal_test,internal_test,internal_test,no,no,yes,v4.3_source_audit_locked
MEA_6E656DBCF040,REC_3270E5A7395A,SRC019,SFC_33502EC79F24,train,train,train,yes,yes,no,v4.3_source_audit_locked
MEA_935E36E504F1,REC_65153F8A6596,SRC019,SFC_21ED5CFE6366,train,train,train,yes,yes,no,v4.3_source_audit_locked
MEA_9D5BC323263F,REC_4BC5D63C6B07,SRC019,SFC_2CBEAAA7843B,train,train,train,yes,yes,no,v4.3_source_audit_locked
MEA_1AC5A36A0CEE,REC_283E6A0CFA0B,SRC019,SFC_D900D5201DB3,train,train,train,yes,yes,no,v4.3_source_audit_locked
MEA_188F249305A6,REC_BDDA1E451473,SRC019,SFC_C44A751DCE9E,train,train,train,yes,yes,no,v4.3_source_audit_locked
MEA_5F09B2CFC105,REC_6E7E31F1CD96,SRC019,SFC_33502EC79F24,train,train,train,yes,yes,no,v4.3_source_audit_locked
MEA_B0C1018D15F3,REC_28C2E07BF455,SRC019,SFC_21ED5CFE6366,train,train,train,yes,yes,no,v4.3_source_audit_locked
MEA_3B5A81D4DA3D,REC_228C9B144575,SRC019,SFC_2CBEAAA7843B,train,train,train,yes,yes,no,v4.3_source_audit_locked
MEA_7B1490122020,REC_56B0D8F3A55A,SRC019,SFC_D900D5201DB3,train,train,train,yes,yes,no,v4.3_source_audit_locked
MEA_024BF46B1B05,REC_244A912CB4FA,SRC019,SFC_C44A751DCE9E,train,train,train,yes,yes,no,v4.3_source_audit_locked
MEA_4DA1BDFD4B0C,REC_9B27C1FBEDAB,SRC019,SFC_33502EC79F24,train,train,train,yes,yes,no,v4.3_source_audit_locked
MEA_1A3C94173AB6,REC_FF1F46505FC5,SRC019,SFC_21ED5CFE6366,train,train,train,yes,yes,no,v4.3_source_audit_locked
MEA_98A7519E8D69,REC_208F4C366795,SRC019,SFC_2CBEAAA7843B,train,train,train,yes,yes,no,v4.3_source_audit_locked
MEA_0FB8EB7E67B8,REC_51A12CE5D05C,SRC019,SFC_D900D5201DB3,train,train,train,yes,yes,no,v4.3_source_audit_locked
MEA_933BAAC2B3E6,REC_5E74FDF581E2,SRC019,SFC_C44A751DCE9E,train,train,train,yes,yes,no,v4.3_source_audit_locked
MEA_5CF84809D015,REC_AE4B20139659,SRC019,SFC_0885B1C8D502,train,train,train,yes,yes,no,v4.3_source_audit_locked
MEA_CA61A79AD8C3,REC_C59AA9631360,SRC019,SFC_F5DABBA4867E,train,train,train,yes,yes,no,v4.3_source_audit_locked
MEA_4D3395E9F38C,REC_53EC5CD270FD,SRC019,SFC_56FA8A79F2C6,train,train,train,yes,yes,no,v4.3_source_audit_locked
MEA_363583AEB442,REC_7F8F719DDBBA,SRC019,SFC_7354A757EA1D,train,train,train,yes,yes,no,v4.3_source_audit_locked
MEA_C44546AD5C4D,REC_9DD7A9299F87,SRC019,SFC_C688F68936EE,train,train,train,yes,yes,no,v4.3_source_audit_locked
MEA_B4B2DC18E898,REC_17014257086B,SRC019,SFC_0885B1C8D502,train,train,train,yes,yes,no,v4.3_source_audit_locked
MEA_8F34D599491B,REC_E5D8C87D7B1F,SRC019,SFC_F5DABBA4867E,train,train,train,yes,yes,no,v4.3_source_audit_locked
MEA_E43A1EDBE9B6,REC_338E42F686D0,SRC019,SFC_56FA8A79F2C6,train,train,train,yes,yes,no,v4.3_source_audit_locked
MEA_1B8BD6E91A2E,REC_55F269A6CD49,SRC019,SFC_7354A757EA1D,train,train,train,yes,yes,no,v4.3_source_audit_locked
MEA_6C1120612ADF,REC_49F78FB57736,SRC019,SFC_C688F68936EE,train,train,train,yes,yes,no,v4.3_source_audit_locked
MEA_17635DD775C6,REC_53075680944E,SRC019,SFC_0885B1C8D502,train,train,train,yes,yes,no,v4.3_source_audit_locked
MEA_1C51B980E400,REC_86ED95D7F405,SRC019,SFC_F5DABBA4867E,train,train,train,yes,yes,no,v4.3_source_audit_locked
MEA_57FDF92C67C2,REC_C8D2BA164F11,SRC019,SFC_56FA8A79F2C6,train,train,train,yes,yes,no,v4.3_source_audit_locked
MEA_5DF09EEED9C3,REC_BF15D07218B1,SRC019,SFC_7354A757EA1D,train,train,train,yes,yes,no,v4.3_source_audit_locked
MEA_E0657E5D67C3,REC_20EEEC3FFA42,SRC019,SFC_C688F68936EE,train,train,train,yes,yes,no,v4.3_source_audit_locked
MEA_C2BC67E9C378,REC_983F6C4261E7,SRC019,SFC_DE1051C618E6,train,train,train,yes,yes,no,v4.3_source_audit_locked
MEA_841568C22BA2,REC_EE8F6D5976A6,SRC019,SFC_8CC973346CC4,train,train,train,yes,yes,no,v4.3_source_audit_locked
MEA_F32CE2C9D94B,REC_5B4B8AD835FD,SRC019,SFC_94A74BED0696,train,train,train,yes,yes,no,v4.3_source_audit_locked
MEA_1A105E77F8B8,REC_B33F662ADEEF,SRC019,SFC_1D05D0C244CE,train,train,train,yes,yes,no,v4.3_source_audit_locked
MEA_D28D7F5EC764,REC_D98BEFEAF526,SRC019,SFC_B43DC569AF44,train,train,train,yes,yes,no,v4.3_source_audit_locked
MEA_F115B683C814,REC_674D3C6CF9E1,SRC019,SFC_DE1051C618E6,train,train,train,yes,yes,no,v4.3_source_audit_locked
MEA_4E1FCE393618,REC_5114A4BF98EB,SRC019,SFC_8CC973346CC4,train,train,train,yes,yes,no,v4.3_source_audit_locked
MEA_6F70BD0227FB,REC_EDA5792A9168,SRC019,SFC_94A74BED0696,train,train,train,yes,yes,no,v4.3_source_audit_locked
MEA_855A8C82EF26,REC_8BFC7C50DE51,SRC019,SFC_1D05D0C244CE,train,train,train,yes,yes,no,v4.3_source_audit_locked
MEA_A70996CEF9F7,REC_328AC2427D4F,SRC019,SFC_B43DC569AF44,train,train,train,yes,yes,no,v4.3_source_audit_locked
MEA_FCD7F9E5494C,REC_47F2A8018FB8,SRC019,SFC_DE1051C618E6,train,train,train,yes,yes,no,v4.3_source_audit_locked
MEA_97F61B392E72,REC_85ECDED7EF2B,SRC019,SFC_8CC973346CC4,train,train,train,yes,yes,no,v4.3_source_audit_locked
MEA_9227D89E58CC,REC_41F008FF69D9,SRC019,SFC_94A74BED0696,train,train,train,yes,yes,no,v4.3_source_audit_locked
MEA_DF38ADE7F29B,REC_12905246C68F,SRC019,SFC_1D05D0C244CE,train,train,train,yes,yes,no,v4.3_source_audit_locked
MEA_86542109F60D,REC_2F56391852EE,SRC019,SFC_B43DC569AF44,train,train,train,yes,yes,no,v4.3_source_audit_locked
MEA_A44682026FBE,REC_08F58031B0E2,SRC019,SFC_FDBAA751F265,train,train,train,yes,yes,no,v4.3_source_audit_locked
MEA_E92A5B2CAE67,REC_93E2A67D5AF3,SRC019,SFC_A3F14E86132F,train,train,train,yes,yes,no,v4.3_source_audit_locked
MEA_89A10DEBE9A0,REC_897105A86241,SRC019,SFC_CBE685E89A46,train,train,train,yes,yes,no,v4.3_source_audit_locked
MEA_43A3BDFF16A1,REC_8BEC994F7743,SRC019,SFC_679A3FFF1571,train,train,train,yes,yes,no,v4.3_source_audit_locked
MEA_D2BDB97CDBA5,REC_3EC1E155B474,SRC019,SFC_276A65283C60,train,train,train,yes,yes,no,v4.3_source_audit_locked
MEA_907470050924,REC_9711629E7427,SRC019,SFC_FDBAA751F265,train,train,train,yes,yes,no,v4.3_source_audit_locked
MEA_F5CE001F3DFB,REC_C26FF77D6211,SRC019,SFC_A3F14E86132F,train,train,train,yes,yes,no,v4.3_source_audit_locked
MEA_CF743535E524,REC_363669E41FDC,SRC019,SFC_CBE685E89A46,train,train,train,yes,yes,no,v4.3_source_audit_locked
MEA_60FA49041735,REC_1E678FE17A76,SRC019,SFC_679A3FFF1571,train,train,train,yes,yes,no,v4.3_source_audit_locked
MEA_9E0A386747D2,REC_577CCA554554,SRC019,SFC_276A65283C60,train,train,train,yes,yes,no,v4.3_source_audit_locked
MEA_4DBC988A2EE2,REC_E63AA984C8FE,SRC019,SFC_FDBAA751F265,train,train,train,yes,yes,no,v4.3_source_audit_locked
MEA_24628BBFC3E4,REC_7B539F45E04A,SRC019,SFC_A3F14E86132F,train,train,train,yes,yes,no,v4.3_source_audit_locked
MEA_D62496BE43DF,REC_8318DC207C42,SRC019,SFC_CBE685E89A46,train,train,train,yes,yes,no,v4.3_source_audit_locked
MEA_0570C69A0D97,REC_01F820C478F3,SRC019,SFC_679A3FFF1571,train,train,train,yes,yes,no,v4.3_source_audit_locked
MEA_1C28658C2B0B,REC_20D0A13EF3DE,SRC019,SFC_276A65283C60,train,train,train,yes,yes,no,v4.3_source_audit_locked
MEA_EDD5F2A07C6A,REC_2AA3E197FC57,SRC020,SFC_73D2A29D4F26,validation,validation,validation,no,yes,no,v4.3_source_audit_locked
MEA_7D221AA30463,REC_1441423C0269,SRC020,SFC_73D2A29D4F26,validation,validation,validation,no,yes,no,v4.3_source_audit_locked
MEA_7C2DEFE0CD5F,REC_9016A28B82ED,SRC020,SFC_73D2A29D4F26,validation,validation,validation,no,yes,no,v4.3_source_audit_locked
MEA_B1F363701175,REC_4BF8B6BD91C9,SRC020,SFC_5470E7AABA76,validation,validation,validation,no,yes,no,v4.3_source_audit_locked
MEA_61A3016A97E8,REC_560795774093,SRC020,SFC_5470E7AABA76,validation,validation,validation,no,yes,no,v4.3_source_audit_locked
MEA_F53F2B1A301D,REC_1610E083E916,SRC020,SFC_5470E7AABA76,validation,validation,validation,no,yes,no,v4.3_source_audit_locked
MEA_D47CAB156E91,REC_F831DCBC3FDB,SRC020,SFC_1075187E61D9,validation,validation,validation,no,yes,no,v4.3_source_audit_locked
MEA_191644CAA491,REC_4AFD13E99785,SRC020,SFC_1075187E61D9,validation,validation,validation,no,yes,no,v4.3_source_audit_locked
MEA_09F56FBCB6CF,REC_F9D13A0D061F,SRC020,SFC_1075187E61D9,validation,validation,validation,no,yes,no,v4.3_source_audit_locked
MEA_DB062C88B61E,REC_92188698753A,SRC020,SFC_8B52F1C7FE1D,validation,validation,validation,no,yes,no,v4.3_source_audit_locked
MEA_1FEF9F85FAE0,REC_C3479456C127,SRC020,SFC_8B52F1C7FE1D,validation,validation,validation,no,yes,no,v4.3_source_audit_locked
MEA_514B9F585C2C,REC_7FF628AA8E7A,SRC020,SFC_8B52F1C7FE1D,validation,validation,validation,no,yes,no,v4.3_source_audit_locked
MEA_005A452343B0,REC_EE2935474115,SRC020,SFC_1CA3A2AD0E46,validation,validation,validation,no,yes,no,v4.3_source_audit_locked
MEA_1DDB887143F1,REC_F33A0F2EAD18,SRC020,SFC_1CA3A2AD0E46,validation,validation,validation,no,yes,no,v4.3_source_audit_locked
MEA_75C4E8A2783C,REC_71553E6DE426,SRC020,SFC_1CA3A2AD0E46,validation,validation,validation,no,yes,no,v4.3_source_audit_locked
MEA_8842CBC2F599,REC_B5949A62B44C,SRC020,SFC_BF926E361754,validation,validation,validation,no,yes,no,v4.3_source_audit_locked
MEA_CC8ABFD57C73,REC_8039F4993193,SRC020,SFC_BF926E361754,validation,validation,validation,no,yes,no,v4.3_source_audit_locked
MEA_51189A0C9E68,REC_814FD53C50A5,SRC020,SFC_BF926E361754,validation,validation,validation,no,yes,no,v4.3_source_audit_locked
MEA_9977706AA0C1,REC_9A52BD44CD5B,SRC020,SFC_D397F2986C35,validation,validation,validation,no,yes,no,v4.3_source_audit_locked
MEA_54D5496DCA61,REC_20DE772B61F7,SRC020,SFC_D397F2986C35,validation,validation,validation,no,yes,no,v4.3_source_audit_locked
MEA_8EDA9CF95D21,REC_535CED309C53,SRC020,SFC_D397F2986C35,validation,validation,validation,no,yes,no,v4.3_source_audit_locked
MEA_F66A990A547C,REC_FFEA17C61311,SRC020,SFC_6980F540F8E8,validation,validation,validation,no,yes,no,v4.3_source_audit_locked
MEA_FAB92CCEE809,REC_9AB9061D8308,SRC020,SFC_6980F540F8E8,validation,validation,validation,no,yes,no,v4.3_source_audit_locked
MEA_5D1DFDA320E1,REC_099AFF99C097,SRC020,SFC_6980F540F8E8,validation,validation,validation,no,yes,no,v4.3_source_audit_locked
MEA_16C0B9011A9E,REC_8A30B5A2E7D0,SRC021,SFC_69D0A064AEAB,train,train,train,yes,yes,no,v4.3_source_audit_locked
MEA_8671E31672F1,REC_10E7DA273E92,SRC021,SFC_69D0A064AEAB,train,train,train,yes,yes,no,v4.3_source_audit_locked
MEA_1FFE82F33FF1,REC_29A5B446D30B,SRC021,SFC_69D0A064AEAB,train,train,train,yes,yes,no,v4.3_source_audit_locked
MEA_3D3A2E972E73,REC_F4B914C767B3,SRC021,SFC_69D0A064AEAB,train,train,train,yes,yes,no,v4.3_source_audit_locked
MEA_D3F6F586086F,REC_AA2869E439FE,SRC021,SFC_49F69580DC1F,train,train,train,yes,yes,no,v4.3_source_audit_locked
MEA_DD53D6DB9E7D,REC_756809574997,SRC021,SFC_49F69580DC1F,train,train,train,yes,yes,no,v4.3_source_audit_locked
MEA_C4EE1FCEABE7,REC_8C12CD933D01,SRC021,SFC_49F69580DC1F,train,train,train,yes,yes,no,v4.3_source_audit_locked
MEA_DD106CECD7C0,REC_228382F563EF,SRC021,SFC_49F69580DC1F,train,train,train,yes,yes,no,v4.3_source_audit_locked
MEA_16379D0BA630,REC_23F3577915EA,SRC021,SFC_B77A1F4FDF6A,train,train,train,yes,yes,no,v4.3_source_audit_locked
MEA_C955CAD6F09F,REC_48C3A46F0173,SRC021,SFC_B77A1F4FDF6A,train,train,train,yes,yes,no,v4.3_source_audit_locked
MEA_926D70B83FFE,REC_D72E46CF6C42,SRC021,SFC_B77A1F4FDF6A,train,train,train,yes,yes,no,v4.3_source_audit_locked
MEA_C88C09E7811A,REC_1E2233F0DBCE,SRC021,SFC_B77A1F4FDF6A,train,train,train,yes,yes,no,v4.3_source_audit_locked
MEA_CA8B879E78A3,REC_3E5A5111B980,SRC021,SFC_952282A2BB2E,train,train,train,yes,yes,no,v4.3_source_audit_locked
MEA_3FB7D4081A91,REC_DE8684E4080C,SRC021,SFC_952282A2BB2E,train,train,train,yes,yes,no,v4.3_source_audit_locked
MEA_7A05A223DF99,REC_010907AC3A61,SRC021,SFC_952282A2BB2E,train,train,train,yes,yes,no,v4.3_source_audit_locked
MEA_1F00C5E26194,REC_EBB296830276,SRC021,SFC_952282A2BB2E,train,train,train,yes,yes,no,v4.3_source_audit_locked
MEA_E979B74C723D,REC_941402D68EE6,SRC021,SFC_EBFB164587A1,train,train,train,yes,yes,no,v4.3_source_audit_locked
MEA_C9983E004AC5,REC_F6C5B2F282CE,SRC021,SFC_EBFB164587A1,train,train,train,yes,yes,no,v4.3_source_audit_locked
MEA_7EA0109FFC84,REC_DC6113D080E8,SRC021,SFC_EBFB164587A1,train,train,train,yes,yes,no,v4.3_source_audit_locked
MEA_62355CB879EE,REC_772585D7515A,SRC021,SFC_EBFB164587A1,train,train,train,yes,yes,no,v4.3_source_audit_locked
MEA_DD03A0DAE390,REC_DC6F27BBA727,SRC021,SFC_15CCB7C5DFE8,train,train,train,yes,yes,no,v4.3_source_audit_locked
MEA_D6272F307437,REC_08B7EDDF1638,SRC021,SFC_15CCB7C5DFE8,train,train,train,yes,yes,no,v4.3_source_audit_locked
MEA_BA3A34AD5D04,REC_BD55BFF1D28B,SRC021,SFC_15CCB7C5DFE8,train,train,train,yes,yes,no,v4.3_source_audit_locked
MEA_7C181C7FC00D,REC_490F5D5234FF,SRC021,SFC_15CCB7C5DFE8,train,train,train,yes,yes,no,v4.3_source_audit_locked
MEA_C0343AD62F63,REC_61E3832BED1D,SRC021,SFC_5F6F6DCB2B01,train,train,train,yes,yes,no,v4.3_source_audit_locked
MEA_C85C84F008FD,REC_5F24E4AE6351,SRC021,SFC_5F6F6DCB2B01,train,train,train,yes,yes,no,v4.3_source_audit_locked
MEA_DBAF6B6FEC1D,REC_2D2EFE3971DA,SRC021,SFC_5F6F6DCB2B01,train,train,train,yes,yes,no,v4.3_source_audit_locked
MEA_7DAEBF8E93C2,REC_1406ECDCFEBC,SRC021,SFC_5F6F6DCB2B01,train,train,train,yes,yes,no,v4.3_source_audit_locked
MEA_6CA32286B3DA,REC_BF017243719A,SRC021,SFC_D37916923909,train,train,train,yes,yes,no,v4.3_source_audit_locked
MEA_A6E3B7BEB8BF,REC_CF6582F4BC39,SRC021,SFC_D37916923909,train,train,train,yes,yes,no,v4.3_source_audit_locked
MEA_2E8912ACAADE,REC_6334806729BF,SRC021,SFC_D37916923909,train,train,train,yes,yes,no,v4.3_source_audit_locked
MEA_B9E64737B541,REC_90A29B330C03,SRC021,SFC_D37916923909,train,train,train,yes,yes,no,v4.3_source_audit_locked
