sample_id,record_id,surface_group_id,source_group_id,v4_split,target_liquid_id,n_probes,n_unique_liquids,fit_status,boundary_fit,nnls_dispersion_mj_m2,nnls_polar_mj_m2,nnls_total_mj_m2,nnls_residual_norm,legacy_sqrt_dispersion,legacy_sqrt_polar,legacy_squared_dispersion_mj_m2,legacy_squared_polar_mj_m2,legacy_negative_coefficient,target_contact_angle_deg,nnls_physical_prediction_deg,legacy_squared_physical_prediction_deg
PA_CA0077,CA0077,SFC_95580B5C4364,SRC010,train,LIQ_0F4168490E,1,1,insufficient_probes,no,,,,,,,,,no,122.42,,
PA_CA0078,CA0078,SFC_95580B5C4364,SRC010,train,LIQ_6656B41AB7,1,1,insufficient_probes,no,,,,,,,,,no,84.98,,
PA_CA0079,CA0079,SFC_F7990EF3D076,SRC010,train,LIQ_0F4168490E,1,1,insufficient_probes,no,,,,,,,,,no,116.91,,
PA_CA0080,CA0080,SFC_F7990EF3D076,SRC010,train,LIQ_6656B41AB7,1,1,insufficient_probes,no,,,,,,,,,no,79.59,,
PA_CA0081,CA0081,SFC_10C3C0102684,SRC010,train,LIQ_0F4168490E,1,1,insufficient_probes,no,,,,,,,,,no,60.42,,
PA_CA0082,CA0082,SFC_10C3C0102684,SRC010,train,LIQ_6656B41AB7,1,1,insufficient_probes,no,,,,,,,,,no,60.25,,
PA_CA0083,CA0083,SFC_FA6603E349B6,SRC010,train,LIQ_0F4168490E,1,1,insufficient_probes,no,,,,,,,,,no,76.51,,
PA_CA0084,CA0084,SFC_FA6603E349B6,SRC010,train,LIQ_6656B41AB7,1,1,insufficient_probes,no,,,,,,,,,no,58.3,,
PA_CA0085,CA0085,SFC_91AEF1F6D63F,SRC010,train,LIQ_0F4168490E,1,1,insufficient_probes,no,,,,,,,,,no,103.37,,
PA_CA0086,CA0086,SFC_91AEF1F6D63F,SRC010,train,LIQ_6656B41AB7,1,1,insufficient_probes,no,,,,,,,,,no,80.65,,
PA_CA0087,CA0087,SFC_B26BB3C57516,SRC010,train,LIQ_0F4168490E,1,1,insufficient_probes,no,,,,,,,,,no,94.3,,
PA_CA0088,CA0088,SFC_B26BB3C57516,SRC010,train,LIQ_6656B41AB7,1,1,insufficient_probes,no,,,,,,,,,no,76.04,,
PA_CA0089,CA0089,SFC_EE615B6001A2,SRC010,train,LIQ_0F4168490E,1,1,insufficient_probes,no,,,,,,,,,no,52.45,,
PA_CA0090,CA0090,SFC_EE615B6001A2,SRC010,train,LIQ_6656B41AB7,1,1,insufficient_probes,no,,,,,,,,,no,66.51,,
PA_CA0091,CA0091,SFC_C256F7B116EE,SRC010,train,LIQ_0F4168490E,1,1,insufficient_probes,no,,,,,,,,,no,40.92,,
PA_CA0092,CA0092,SFC_C256F7B116EE,SRC010,train,LIQ_6656B41AB7,1,1,insufficient_probes,no,,,,,,,,,no,40.8,,
PA_CA0093,CA0093,SFC_A5B2B66974AE,SRC009,train,LIQ_0F4168490E,1,1,insufficient_probes,no,,,,,,,,,no,83.5,,
PA_CA0094,CA0094,SFC_A5B2B66974AE,SRC009,train,LIQ_6656B41AB7,1,1,insufficient_probes,no,,,,,,,,,no,77.7,,
PA_CA0095,CA0095,SFC_BF7DB4F8493A,SRC009,train,LIQ_0F4168490E,1,1,insufficient_probes,no,,,,,,,,,no,11.4,,
PA_CA0096,CA0096,SFC_BF7DB4F8493A,SRC009,train,LIQ_6656B41AB7,1,1,insufficient_probes,no,,,,,,,,,no,30.2,,
PA_CA0097,CA0097,SFC_1CE43E1DBA17,SRC009,train,LIQ_0F4168490E,1,1,insufficient_probes,no,,,,,,,,,no,101.3,,
PA_CA0098,CA0098,SFC_1CE43E1DBA17,SRC009,train,LIQ_6656B41AB7,1,1,insufficient_probes,no,,,,,,,,,no,83.8,,
PA_CA0099,CA0099,SFC_CD91556CDD43,SRC009,train,LIQ_0F4168490E,1,1,insufficient_probes,no,,,,,,,,,no,65.4,,
PA_CA0100,CA0100,SFC_CD91556CDD43,SRC009,train,LIQ_6656B41AB7,1,1,insufficient_probes,no,,,,,,,,,no,61.3,,
PA_CA0101,CA0101,SFC_5EB9C176CFB3,SRC007,validation,LIQ_0F4168490E,1,1,insufficient_probes,no,,,,,,,,,no,98.7,,
PA_CA0102,CA0102,SFC_5EB9C176CFB3,SRC007,validation,LIQ_6656B41AB7,1,1,insufficient_probes,no,,,,,,,,,no,45.7,,
PA_CA0103,CA0103,SFC_4A9A552599CA,SRC007,validation,LIQ_0F4168490E,1,1,insufficient_probes,no,,,,,,,,,no,85.6,,
PA_CA0104,CA0104,SFC_4A9A552599CA,SRC007,validation,LIQ_6656B41AB7,1,1,insufficient_probes,no,,,,,,,,,no,27.8,,
PA_CA0105,CA0105,SFC_FE6387F77D1C,SRC007,validation,LIQ_0F4168490E,1,1,insufficient_probes,no,,,,,,,,,no,69.3,,
PA_CA0106,CA0106,SFC_FE6387F77D1C,SRC007,validation,LIQ_6656B41AB7,1,1,insufficient_probes,no,,,,,,,,,no,31.6,,
PA_CA0119,CA0119,SFC_D5E6A21B8B20,SRC011,excluded_review,LIQ_6656B41AB7,3,3,interior_fit,no,18.445486567068222,14.023439419254466,32.46892598632269,2.9932280080955285,4.294820900464682,3.744788300993052,18.44548656706826,14.02343941925443,no,43.2,78.16138005798321,78.16138005798315
PA_CA0121,CA0121,SFC_D5E6A21B8B20,SRC011,excluded_review,LIQ_1BD1B94C09,3,3,interior_fit,no,35.0139072597855,5.369542926140332,40.38345018592583,5.992822891371716,5.917255044341543,2.3172274221880658,35.013907259785434,5.3695429261403484,no,56.7,51.497774321277596,51.49777432127763
PA_CA0122,CA0122,SFC_D5E6A21B8B20,SRC011,excluded_review,LIQ_53310FAFB3,3,3,interior_fit,no,35.54059386248353,6.006834970211738,41.547428832695275,3.7835133957112568,5.961593231887225,2.450884528126882,35.54059386248356,6.006834970211729,no,57.0,38.481878920692374,38.481878920692324
PA_CA0130,CA0130,SFC_D5E6A21B8B20,SRC011,excluded_review,LIQ_0F4168490E,3,3,interior_fit,no,38.229250985733316,1.3379678853139152,39.56721887104723,1.7983108942977495,6.182980752495784,1.156705617395337,38.22925098573333,1.3379678853139276,no,72.8,88.85218458056075,88.85218458056069
PA_CA0143,CA0143,SFC_158AAEDEF9ED,SRC019,train,LIQ_0F4168490E,2,2,interior_fit,no,38.74446073567864,0.5146234198704261,39.25908415554907,0.0,6.2245048586757985,0.7173725809301791,38.74446073567862,0.5146234198704264,no,76.3,93.48779788390725,93.48779788390725
PA_CA0144,CA0144,SFC_158AAEDEF9ED,SRC019,train,LIQ_6656B41AB7,2,2,interior_fit,no,13.075094276010207,15.524306249206512,28.59940052521672,0.0,3.615949982509465,3.940089624514462,13.0750942760102,15.524306249206512,no,41.7,89.1600118976276,89.16001189762761
PA_CA0145,CA0145,SFC_158AAEDEF9ED,SRC019,train,LIQ_53310FAFB3,2,2,interior_fit,no,38.74446073567868,4.993541507985814,43.738002243664496,0.0,6.224504858675803,2.2346233481251017,38.74446073567868,4.99354150798584,no,58.2,36.62856962202555,36.628569622025445
PA_CA0146,CA0146,SFC_2B64446C7017,SRC019,train,LIQ_0F4168490E,2,2,interior_fit,no,40.74771816221801,0.8284245020535461,41.57614266427155,0.0,6.383393937570983,0.9101782803679414,40.747718162217986,0.8284245020535429,no,82.7,90.15057562746577,90.15057562746578
PA_CA0147,CA0147,SFC_2B64446C7017,SRC019,train,LIQ_6656B41AB7,2,2,interior_fit,no,27.52976367857469,5.355860276219879,32.88562395479457,0.0,5.246881328806156,2.314273163699544,27.52976367857465,5.3558602762198975,no,37.7,61.81562529138378,61.81562529138386
PA_CA0148,CA0148,SFC_2B64446C7017,SRC019,train,LIQ_53310FAFB3,2,2,interior_fit,no,40.74771816221805,2.4687455716539923,43.21646373387204,0.0,6.383393937570989,1.571224227045271,40.74771816221805,2.468745571654009,no,53.3,44.136334670903764,44.136334670903686
PA_CA0149,CA0149,SFC_DE2A842947A3,SRC019,train,LIQ_0F4168490E,2,2,interior_fit,no,43.845545962299056,1.213263084386479,45.05880904668553,0.0,6.621596934448595,1.1014822215480713,43.845545962299035,1.2132630843864745,no,72.3,86.24679791034333,86.24679791034336
PA_CA0150,CA0150,SFC_DE2A842947A3,SRC019,train,LIQ_6656B41AB7,2,2,interior_fit,no,20.52943711240378,13.574537591247807,34.10397470365159,0.0,4.530942188155105,3.6843639330619626,20.529437112403773,13.574537591247815,no,30.9,74.25163189154424,74.25163189154424
PA_CA0151,CA0151,SFC_DE2A842947A3,SRC019,train,LIQ_53310FAFB3,2,2,interior_fit,no,43.84554596229909,5.370803428844866,49.21634939114396,0.0,6.621596934448601,2.3174993913364674,43.84554596229911,5.370803428844897,no,46.7,24.950529012969252,24.95052901296901
PA_CA0152,CA0152,SFC_F38D9A54A3DA,SRC019,train,LIQ_0F4168490E,2,2,interior_fit,no,40.74771816221801,2.455367892413208,43.203086054631214,0.0,6.383393937570984,1.5669613563879645,40.74771816221799,2.4553678924132094,no,78.1,82.74830806409736,82.74830806409736
PA_CA0153,CA0153,SFC_F38D9A54A3DA,SRC019,train,LIQ_6656B41AB7,2,2,interior_fit,no,32.29143236950317,5.918548813563784,38.20998118306695,0.0,5.682555091638195,2.4328067768657218,32.29143236950317,5.918548813563782,no,37.7,53.51848512213737,53.51848512213737
PA_CA0154,CA0154,SFC_F38D9A54A3DA,SRC019,train,LIQ_53310FAFB3,2,2,interior_fit,no,40.747718162218064,3.8990459247881395,44.646764087006204,0.0,6.383393937570988,1.974600193656469,40.74771816221804,3.899045924788165,no,44.2,37.72596763060408,37.72596763060402
PA_CA0155,CA0155,SFC_728CE2CDF422,SRC019,train,LIQ_0F4168490E,2,2,interior_fit,no,42.666923488007356,1.038832391395748,43.70575587940311,0.0,6.5319923061809675,1.0192312747339245,42.666923488007356,1.0388323913957407,no,86.2,87.8320867350994,87.83208673509942
PA_CA0156,CA0156,SFC_728CE2CDF422,SRC019,train,LIQ_6656B41AB7,2,2,interior_fit,no,39.47255936540742,1.761443223653096,41.234002589060516,0.0,6.282719106040587,1.327193740059487,39.472559365407434,1.7614432236530895,no,33.6,40.27295953811623,40.27295953811621
PA_CA0157,CA0157,SFC_728CE2CDF422,SRC019,train,LIQ_53310FAFB3,2,2,interior_fit,no,42.66692348800741,1.3554072335484735,44.02233072155589,0.0,6.531992306180971,1.164219581328406,42.6669234880074,1.3554072335484888,no,49.4,47.38200623233213,47.38200623233203
PA_CA0158,CA0158,SFC_18B35400A3DF,SRC019,train,LIQ_0F4168490E,2,2,interior_fit,no,39.35767037924625,0.9680645709346705,40.32573495018092,0.0,6.2735691898030606,0.9839027243252613,39.35767037924623,0.968064570934671,no,77.6,90.1289779983945,90.1289779983945
PA_CA0159,CA0159,SFC_18B35400A3DF,SRC019,train,LIQ_6656B41AB7,2,2,interior_fit,no,19.115175675321968,11.109345163318563,30.22452083864053,0.0,4.372090538326253,3.3330684306384373,19.115175675321943,11.109345163318576,no,40.5,76.88900610846127,76.88900610846133
PA_CA0160,CA0160,SFC_18B35400A3DF,SRC019,train,LIQ_53310FAFB3,2,2,interior_fit,no,39.35767037924629,4.3676264990332845,43.72529687827957,0.0,6.273569189803065,2.089886719186786,39.35767037924629,4.3676264990333085,no,54.1,38.071482068308725,38.07148206830865
PA_CA0161,CA0161,SFC_A2A13A70D232,SRC019,train,LIQ_0F4168490E,2,2,interior_fit,no,35.38216165976541,1.0356580772917847,36.417819737057194,0.0,5.948290650242757,1.0176728734184581,35.382161659765394,1.0356580772917812,no,79.7,92.14045321582735,92.14045321582739
PA_CA0162,CA0162,SFC_A2A13A70D232,SRC019,train,LIQ_6656B41AB7,2,2,interior_fit,no,16.435958914877073,11.27481623804047,27.71077515291754,0.0,4.054128625842685,3.357799314735836,16.435958914877094,11.27481623804045,no,48.0,82.09008649412989,82.09008649412985
PA_CA0163,CA0163,SFC_A2A13A70D232,SRC019,train,LIQ_53310FAFB3,2,2,interior_fit,no,35.382161659765416,4.491861424133114,39.87402308389853,0.0,5.948290650242758,2.1194011947088103,35.382161659765416,4.491861424133132,no,58.7,43.977224185135285,43.97722418513525
PA_CA0164,CA0164,SFC_1A0DE38C2B6C,SRC019,train,LIQ_0F4168490E,2,2,interior_fit,no,42.93501010934509,1.526567956255803,44.4615780656009,0.0,6.552481217778886,1.2355435873557026,42.93501010934507,1.5265679562557986,no,66.7,85.24499270463474,85.24499270463477
PA_CA0165,CA0165,SFC_1A0DE38C2B6C,SRC019,train,LIQ_6656B41AB7,2,2,interior_fit,no,14.53659776046017,21.348065085145965,35.88466284560614,0.0,3.8126890458651546,4.620396637210487,14.536597760460143,21.34806508514598,no,33.0,85.993689424891,85.99368942489104
PA_CA0166,CA0166,SFC_1A0DE38C2B6C,SRC019,train,LIQ_53310FAFB3,2,2,interior_fit,no,42.93501010934514,8.003963905520958,50.938974014866105,0.0,6.552481217778891,2.8291277640857775,42.93501010934514,8.00396390552099,no,46.0,10.235278262077843,10.235278262077484
PA_CA0167,CA0167,SFC_B939DB90B487,SRC019,train,LIQ_0F4168490E,2,2,interior_fit,no,38.22609388629722,1.1174413011746551,39.34353518747188,0.0,6.182725441607222,1.0570909616370046,38.22609388629722,1.1174413011746471,no,85.3,89.97390965132644,89.97390965132647
PA_CA0168,CA0168,SFC_B939DB90B487,SRC019,train,LIQ_6656B41AB7,2,2,interior_fit,no,29.9064457380364,3.7607063727919847,33.66715211082838,0.0,5.468678609868782,1.9392540763891666,29.906445738036354,3.7607063727919994,no,42.7,57.686721838498556,57.686721838498634
PA_CA0169,CA0169,SFC_B939DB90B487,SRC019,train,LIQ_53310FAFB3,2,2,interior_fit,no,38.22609388629726,2.167997530649428,40.39409141694669,0.0,6.182725441607225,1.472412147005532,38.22609388629726,2.1679975306494406,no,54.6,49.10217397752503,49.10217397752498
PA_CA0170,CA0170,SFC_20F9A903B6D3,SRC019,train,LIQ_0F4168490E,2,2,interior_fit,no,43.54693651061128,1.7971018838598767,45.344038394471156,0.0,6.599010267503095,1.3405602872903055,43.54693651061127,1.7971018838598665,no,70.8,83.71539956976211,83.71539956976216
PA_CA0171,CA0171,SFC_20F9A903B6D3,SRC019,train,LIQ_6656B41AB7,2,2,interior_fit,no,21.868581855866104,13.80754654463013,35.67612840049623,0.0,4.676385554663568,3.7158507161389216,21.86858185586609,13.807546544630137,no,31.6,71.80660346735773,71.80660346735776
PA_CA0172,CA0172,SFC_20F9A903B6D3,SRC019,train,LIQ_53310FAFB3,2,2,interior_fit,no,43.54693651061134,6.045912664200583,49.592849174811924,0.0,6.5990102675030995,2.458843765716036,43.54693651061133,6.045912664200616,no,43.6,21.985995573926086,21.985995573926015
PA_CA0173,CA0173,SFC_B194AD3300AA,SRC019,train,LIQ_0F4168490E,2,2,interior_fit,no,37.27738418939296,0.8191982159485138,38.09658240534147,0.0,6.105520795918474,0.905095694359724,37.277384189392954,0.8191982159485109,no,70.0,92.25047723795805,92.25047723795808
PA_CA0174,CA0174,SFC_B194AD3300AA,SRC019,train,LIQ_6656B41AB7,2,2,interior_fit,no,7.641048674158602,25.331561971591537,32.97261064575014,0.0,2.764244684205544,5.033046986825326,7.641048674158608,25.331561971591494,no,44.5,102.96373200179798,102.96373200179795
PA_CA0175,CA0175,SFC_B194AD3300AA,SRC019,train,LIQ_53310FAFB3,2,2,interior_fit,no,37.277384189393004,8.114120342284476,45.391504531677484,0.0,6.105520795918477,2.848529505250825,37.277384189393,8.114120342284508,no,57.7,27.46157126598799,27.46157126598785
PA_CA0176,CA0176,SFC_518FE42D18EE,SRC019,train,LIQ_0F4168490E,2,2,interior_fit,no,44.180630734995454,2.1747766287746195,46.35540736377007,0.0,6.64685118947276,1.4747123884929594,44.18063073499545,2.1747766287746093,no,67.9,81.84083654355857,81.84083654355862
PA_CA0177,CA0177,SFC_518FE42D18EE,SRC019,train,LIQ_6656B41AB7,2,2,interior_fit,no,21.101568557959713,16.090763404117983,37.192331962077695,0.0,4.593644365638207,4.011329381155082,21.101568557959645,16.09076340411801,no,30.1,73.20144265048424,73.20144265048435
PA_CA0178,CA0178,SFC_518FE42D18EE,SRC019,train,LIQ_53310FAFB3,2,2,interior_fit,no,44.1806307349955,7.12328445187084,51.30391518686634,0.0,6.646851189472764,2.6689481920544784,44.1806307349955,7.123284451870869,no,40.6,12.533482728887137,12.533482728886842
PA_CA0179,CA0179,SFC_5B4B735AB969,SRC019,train,LIQ_0F4168490E,2,2,interior_fit,no,37.9120235167005,0.7075461008206224,38.61956961752112,0.0,6.157274032938642,0.8411575957099948,37.91202351670049,0.7075461008206191,no,84.9,92.58915705406653,92.58915705406656
PA_CA0180,CA0180,SFC_5B4B735AB969,SRC019,train,LIQ_6656B41AB7,2,2,interior_fit,no,24.82448523776442,5.2561248973624135,30.080610135126832,0.0,4.982417609731687,2.292624020061381,24.82448523776442,5.256124897362407,no,43.3,66.54054011775517,66.54054011775517
PA_CA0181,CA0181,SFC_5B4B735AB969,SRC019,train,LIQ_53310FAFB3,2,2,interior_fit,no,37.91202351670054,2.324118540907509,40.23614205760805,0.0,6.157274032938644,1.5245059989739382,37.912023516700515,2.3241185409075253,no,57.7,48.81727097168764,48.8172709716876
PA_CA0182,CA0182,SFC_C21C1D938B32,SRC019,train,LIQ_0F4168490E,2,2,interior_fit,no,42.486306211089094,1.7947823994483265,44.281088610537424,0.0,6.518152054922399,1.3396948904315176,42.486306211089094,1.7947823994483159,no,71.5,84.32269217663001,84.32269217663004
PA_CA0183,CA0183,SFC_C21C1D938B32,SRC019,train,LIQ_6656B41AB7,2,2,interior_fit,no,21.20114339502541,13.71915127671537,34.920294671740784,0.0,4.604469936379798,3.703937266843946,21.201143395025376,13.7191512767154,no,34.0,73.01954785946369,73.01954785946376
PA_CA0184,CA0184,SFC_C21C1D938B32,SRC019,train,LIQ_53310FAFB3,2,2,interior_fit,no,42.48630621108912,6.016114819982154,48.50242103107128,0.0,6.5181520549224,2.4527769609123,42.4863062110891,6.016114819982178,no,45.1,24.7654271461899,24.76542714618984
PA_CA0185,CA0185,SFC_7CE7C443ED47,SRC019,train,LIQ_0F4168490E,2,2,interior_fit,no,43.19962780918939,1.4824097312127689,44.682037540402156,0.0,6.572642376486748,1.2175424966763027,43.19962780918936,1.4824097312127644,no,76.7,85.29935698533036,85.2993569853304
PA_CA0186,CA0186,SFC_7CE7C443ED47,SRC019,train,LIQ_6656B41AB7,2,2,interior_fit,no,27.823762736428808,7.957600190658788,35.7813629270876,0.0,5.274823479172433,2.820921868939088,27.82376273642877,7.957600190658797,no,32.4,61.3047249552938,61.30472495529388
PA_CA0187,CA0187,SFC_7CE7C443ED47,SRC019,train,LIQ_53310FAFB3,2,2,interior_fit,no,43.19962780918943,3.890406366392662,47.09003417558209,0.0,6.572642376486752,1.9724113076112404,43.19962780918942,3.8904063663926833,no,45.9,33.59053305590325,33.59053305590319
PA_CA0188,CA0188,SFC_3A912BE10F78,SRC019,train,LIQ_0F4168490E,2,2,interior_fit,no,37.91202351670048,1.1679052836181476,39.079928800318626,0.0,6.1572740329386395,1.0806966658679689,37.91202351670046,1.1679052836181443,no,77.6,89.89560857826,89.89560857826002
PA_CA0189,CA0189,SFC_3A912BE10F78,SRC019,train,LIQ_6656B41AB7,2,2,interior_fit,no,18.416870313090552,11.463411923261924,29.88028223635248,0.0,4.291488123377549,3.3857660762760764,18.41687031309056,11.463411923261898,no,43.3,78.21612210291288,78.21612210291286
PA_CA0190,CA0190,SFC_3A912BE10F78,SRC019,train,LIQ_53310FAFB3,2,2,interior_fit,no,37.91202351670054,4.691210248024209,42.60323376472475,0.0,6.157274032938644,2.1659201850539724,37.912023516700515,4.691210248024234,no,54.7,39.19888605101482,39.19888605101475
PA_CA0191,CA0191,SFC_A85159655264,SRC019,train,LIQ_0F4168490E,2,2,interior_fit,no,39.20530164492592,1.2084082330280577,40.41370987795398,0.0,6.261413709772411,1.099276231448699,39.2053016449259,1.2084082330280537,no,76.8,88.92133142374121,88.92133142374124
PA_CA0192,CA0192,SFC_A85159655264,SRC019,train,LIQ_6656B41AB7,2,2,interior_fit,no,19.58340882840876,11.34119721060171,30.92460603901047,0.0,4.4253145457028,3.3676694034007686,19.583408828408775,11.341197210601688,no,40.8,76.00877992485049,76.00877992485047
PA_CA0193,CA0193,SFC_A85159655264,SRC019,train,LIQ_53310FAFB3,2,2,interior_fit,no,39.205301644925946,4.696897263159328,43.902198908085275,0.0,6.261413709772413,2.1672326278365572,39.20530164492594,4.696897263159349,no,52.8,37.00697905679171,37.006979056791614
PA_CA0194,CA0194,SFC_FFB6C9027014,SRC019,train,LIQ_0F4168490E,2,2,interior_fit,no,42.39543749612158,1.5671606779267797,43.96259817404836,0.0,6.511177888533037,1.251862883037426,42.395437496121545,1.5671606779267764,no,69.2,85.36550428491897,85.36550428491901
PA_CA0195,CA0195,SFC_FFB6C9027014,SRC019,train,LIQ_6656B41AB7,2,2,interior_fit,no,16.87060148122887,17.821990777262847,34.692592258491715,0.0,4.10738377574203,4.221609974555071,16.870601481228856,17.82199077726287,no,34.2,81.22470694680031,81.22470694680034
PA_CA0196,CA0196,SFC_FFB6C9027014,SRC019,train,LIQ_53310FAFB3,2,2,interior_fit,no,42.39543749612162,7.022583440849098,49.41802093697072,0.0,6.511177888533041,2.6500157435096736,42.39543749612159,7.022583440849128,no,46.5,19.560549476613613,19.5605494766135
PA_CA0197,CA0197,SFC_A4D0CCDC96C9,SRC019,train,LIQ_0F4168490E,2,2,interior_fit,no,42.30419887628997,2.725765881156217,45.02996475744619,0.0,6.504167808128105,1.650989364337701,42.30419887628995,2.7257658811562058,no,64.0,80.89723577295607,80.89723577295612
PA_CA0198,CA0198,SFC_A4D0CCDC96C9,SRC019,train,LIQ_6656B41AB7,2,2,interior_fit,no,16.394753916879587,21.94127819572007,38.33603211259965,0.0,4.049043580511275,4.684151811771272,16.394753916879566,21.941278195720095,no,34.4,82.17261882279364,82.17261882279368
PA_CA0199,CA0199,SFC_A4D0CCDC96C9,SRC019,train,LIQ_53310FAFB3,2,2,interior_fit,no,42.30419887629002,9.480229222586402,51.784428098876425,0.0,6.504167808128109,3.0789980874606657,42.30419887629001,9.480229222586438,no,40.6,0.0,0.0
PA_CA0200,CA0200,SFC_122E5AC99B75,SRC019,train,LIQ_0F4168490E,2,2,interior_fit,no,40.6016771786686,1.7184162459057661,42.32009342457437,0.0,6.371944536691183,1.3108837652155747,40.601677178668616,1.718416245905762,no,73.5,85.72641495606358,85.72641495606359
PA_CA0201,CA0201,SFC_122E5AC99B75,SRC019,train,LIQ_6656B41AB7,2,2,interior_fit,no,20.576223184923247,12.808952103082222,33.38517528800547,0.0,4.53610220177227,3.5789596397671524,20.576223184923233,12.808952103082225,no,38.0,74.16541747223886,74.1654174722389
PA_CA0202,CA0202,SFC_122E5AC99B75,SRC019,train,LIQ_53310FAFB3,2,2,interior_fit,no,40.60167717866865,5.658169819350574,46.25984699801923,0.0,6.371944536691185,2.3786907784221554,40.60167717866864,5.6581698193506,no,48.1,30.484265443169782,30.484265443169704
PA_CA0203,CA0203,SFC_AF7901E44BC5,SRC021,train,LIQ_0F4168490E,3,3,boundary_fit,yes,45.5174266658053,0.0,45.5174266658053,16.521913389333694,6.875701608099221,-0.3024003141950436,47.27527260361821,0.09144595002526108,yes,148.4,97.73562609714786,93.36641990659587
PA_CA0204,CA0204,SFC_AF7901E44BC5,SRC021,train,LIQ_53310FAFB3,3,3,boundary_fit,yes,26.26029348382246,0.0,26.26029348382246,23.23809062342999,7.185283095055053,-3.797337073978787,51.62829315608392,14.419768853413775,yes,13.7,81.38232524650299,0.0
PA_CA0205,CA0205,SFC_AF7901E44BC5,SRC021,train,LIQ_6656B41AB7,3,3,boundary_fit,yes,27.09512238401989,0.0,27.09512238401989,27.122459571774215,10.794069964629347,-5.97193600914242,116.5119464013134,35.66401969729189,yes,10.1,62.57147640298383,0.0
PA_CA0206,CA0206,SFC_AF7901E44BC5,SRC021,train,LIQ_1BD1B94C09,3,3,boundary_fit,yes,39.590520148957374,0.0,39.590520148957374,28.043732068333608,7.940871709092323,-2.948326450529786,63.057443500262835,8.692628858893567,yes,88.0,69.20835031541715,0.0
PA_CA0207,CA0207,SFC_64CEEFE0D7DB,SRC021,train,LIQ_0F4168490E,3,3,boundary_fit,yes,43.191526364998566,0.0,43.191526364998566,18.941450291577326,6.849583355728924,-0.6504389100626826,46.9167921470787,0.4230707757235305,yes,157.0,99.03296980905216,89.64411910651914
PA_CA0208,CA0208,SFC_64CEEFE0D7DB,SRC021,train,LIQ_53310FAFB3,3,3,boundary_fit,yes,23.389552485177674,0.0,23.389552485177674,25.57129323871787,7.1127003291841,-4.194653491760877,50.5905059727756,17.595117915941717,yes,14.2,85.11406512452788,0.0
PA_CA0209,CA0209,SFC_64CEEFE0D7DB,SRC021,train,LIQ_6656B41AB7,3,3,boundary_fit,yes,23.45935010232339,0.0,23.45935010232339,29.155995998124297,10.615030962426943,-6.167240055508605,112.67888233328266,38.034849902269784,yes,10.0,68.954159851924,0.0
PA_CA0210,CA0210,SFC_64CEEFE0D7DB,SRC021,train,LIQ_1BD1B94C09,3,3,boundary_fit,yes,38.12959735729311,0.0,38.12959735729311,30.16834403882027,7.991057527925185,-3.2476146721439187,63.85700041460977,10.547001058724453,yes,94.5,70.74724955730366,0.0
PA_CA0211,CA0211,SFC_6A9094C843B2,SRC021,train,LIQ_0F4168490E,3,3,interior_fit,no,44.21052362951592,0.01149354845717938,44.2220171779731,0.0726493241424368,6.649099460040882,0.10720796825413133,44.210523629515954,0.01149354845717883,no,129.3,97.24330640142249,97.2433064014225
PA_CA0212,CA0212,SFC_6A9094C843B2,SRC021,train,LIQ_53310FAFB3,3,3,boundary_fit,yes,35.191682420144936,0.0,35.191682420144936,16.00365484789836,7.11865886317002,-2.186120755975893,50.67530401018908,4.779123959708609,yes,59.1,70.66498720235596,6.097303976388141
PA_CA0213,CA0213,SFC_6A9094C843B2,SRC021,train,LIQ_6656B41AB7,3,3,boundary_fit,yes,33.51065973849813,0.0,33.51065973849813,15.725027349397251,10.311367753323047,-4.832590914187634,106.32430494427038,23.35393494388887,yes,30.0,51.36275713347915,0.0
PA_CA0214,CA0214,SFC_6A9094C843B2,SRC021,train,LIQ_1BD1B94C09,3,3,boundary_fit,yes,34.38188526965672,0.0,34.38188526965672,15.83895769472148,7.0268297987781825,-2.0800700306529634,49.376337020997035,4.32669133242062,yes,63.5,74.76984697996178,34.32627716015141
PA_CA0215,CA0215,SFC_FF57CC803397,SRC021,train,LIQ_0F4168490E,3,3,interior_fit,no,47.27716209487403,0.16046455152025038,47.43762664639428,5.653093870084355,6.875839010249879,0.4005802685108789,47.277162094874036,0.16046455152024786,no,103.8,92.2604154414527,92.26041544145274
PA_CA0216,CA0216,SFC_FF57CC803397,SRC021,train,LIQ_53310FAFB3,3,3,boundary_fit,yes,43.53161522876258,0.0,43.53161522876258,3.9810638649548644,6.952092208170214,-0.6527453607473903,48.331586070901004,0.4260765059772407,yes,38.6,61.286004516217886,47.27536779263144
PA_CA0217,CA0217,SFC_FF57CC803397,SRC021,train,LIQ_6656B41AB7,3,3,boundary_fit,yes,46.72795795699168,0.0,46.72795795699168,7.544483707522232,7.986952410710395,-1.2300907912151078,63.79140881095259,1.5131233546322098,yes,18.5,23.340355743169052,0.0
PA_CA0218,CA0218,SFC_FF57CC803397,SRC021,train,LIQ_1BD1B94C09,3,3,boundary_fit,yes,49.16297396739229,0.0,49.16297396739229,7.100527515249896,7.217424279716132,-0.3679980163379858,52.09121323343593,0.13542254002869245,yes,66.2,59.34162829681664,52.44323634429332
PA_CA0219,CA0219,SFC_A7B1D9A554FD,SRC021,train,LIQ_0F4168490E,3,3,interior_fit,no,3.5605702698809742,0.06131496631713746,3.6218852361981115,1.2321730911205064,1.8869473415760647,0.2476185904110128,3.560570269880978,0.061314966317136926,no,143.8,135.1844296172301,135.1844296172301
PA_CA0220,CA0220,SFC_A7B1D9A554FD,SRC021,train,LIQ_53310FAFB3,3,3,boundary_fit,yes,3.3519543766753888,0.0,3.3519543766753888,1.698653419359335,1.9538720278525716,-0.2267152738513293,3.8176159012247206,0.05139981539748324,yes,119.7,126.09983091677026,121.35978029137428
PA_CA0221,CA0221,SFC_A7B1D9A554FD,SRC021,train,LIQ_6656B41AB7,3,3,boundary_fit,yes,3.708269101646522,0.0,3.708269101646522,2.623684147560692,2.5207592478721828,-0.6358704839869112,6.354227185733133,0.4043312724057486,yes,117.8,117.363834226867,107.01714768951815
PA_CA0222,CA0222,SFC_A7B1D9A554FD,SRC021,train,LIQ_1BD1B94C09,3,3,boundary_fit,yes,3.6693370530333858,0.0,3.6693370530333858,2.6271107288489897,2.0014806231936784,-0.15365830186117294,4.005924685019755,0.023610873730859343,yes,125.9,125.9795211087965,123.08589674851113
PA_CA0223,CA0223,SFC_9E60C86BF546,SRC021,train,LIQ_0F4168490E,3,3,interior_fit,no,0.7906161365485939,0.031485858307711,0.8221019948563049,2.6230198397769273,0.8891659780651724,0.17744254931585815,0.7906161365485946,0.03148585830771075,no,157.5,148.33513869421708,148.33513869421708
PA_CA0224,CA0224,SFC_9E60C86BF546,SRC021,train,LIQ_53310FAFB3,3,3,boundary_fit,yes,0.9290173342799677,0.0,0.9290173342799677,2.8645984439954995,1.0070795636584555,-0.07964686407880756,1.0142092475385052,0.0063436229575880455,yes,147.7,141.60321535308717,139.42578329088929
PA_CA0225,CA0225,SFC_9E60C86BF546,SRC021,train,LIQ_6656B41AB7,3,3,boundary_fit,yes,0.8746752470391704,0.0,0.8746752470391704,3.1213603328091564,1.5670449899265249,-0.6751204452608263,2.4556300004538225,0.4557876156091763,yes,139.4,137.52441205793932,124.07492671079214
PA_CA0226,CA0226,SFC_9E60C86BF546,SRC021,train,LIQ_1BD1B94C09,3,3,boundary_fit,yes,0.5671827487056235,0.0,0.5671827487056235,1.1092279641052085,0.8528089947922534,-0.17827170397113826,0.7272831815985736,0.03178080043677315,yes,135.9,146.91068609308752,142.1440936970163
PA_CA0227,CA0227,SFC_669705F5791A,SRC021,train,LIQ_0F4168490E,3,3,boundary_fit,yes,5.055389171222543,0.0,5.055389171222543,3.878657559735249,2.5474037561628102,-0.7006522381888162,6.489265896912395,0.49091355887899757,yes,148.2,135.36476308307655,122.39682883811345
PA_CA0228,CA0228,SFC_669705F5791A,SRC021,train,LIQ_53310FAFB3,3,3,boundary_fit,yes,4.828972219717331,0.0,4.828972219717331,5.398635576632506,2.6346309209159857,-0.8054931198453309,6.941280089446615,0.6488191661181646,yes,129.3,120.45906118858126,105.22096680429394
PA_CA0229,CA0229,SFC_669705F5791A,SRC021,train,LIQ_6656B41AB7,3,3,boundary_fit,yes,3.36870222207417,0.0,3.36870222207417,4.629772248673175,2.9841460406883593,-1.2275008839768367,8.905127592156012,1.5067584201639155,yes,107.1,119.01074589849402,99.35949266194767
PA_CA0230,CA0230,SFC_669705F5791A,SRC021,train,LIQ_1BD1B94C09,3,3,boundary_fit,yes,3.9021351789194307,0.0,3.9021351789194307,5.687837104656337,2.485383609766301,-0.9119820641138674,6.17713168769497,0.8317112852653902,yes,119.5,125.07244933056273,109.12975001483025
PA_CA0231,CA0231,SFC_DDF6B0728CC9,SRC021,train,LIQ_0F4168490E,3,3,interior_fit,no,4.1426123821055745,1.5154112090930609e-05,4.142627536217665,0.019588683406450418,2.035340851578815,0.0038928282894213294,4.142612382105576,1.5154112090918994e-05,no,147.4,137.57508233707452,137.57508233707452
PA_CA0232,CA0232,SFC_DDF6B0728CC9,SRC021,train,LIQ_53310FAFB3,3,3,boundary_fit,yes,3.5317602301689366,0.0,3.5317602301689366,3.3888287835605815,2.132536044550362,-0.4666291924581652,4.547709981306504,0.21774280325415937,yes,122.9,125.3324423926795,115.8965752838474
PA_CA0233,CA0233,SFC_DDF6B0728CC9,SRC021,train,LIQ_6656B41AB7,3,3,boundary_fit,yes,3.3920011082695924,0.0,3.3920011082695924,3.29176189682086,2.7902326800589616,-1.0135223713888706,7.785398408869016,1.0272275973057197,yes,115.4,118.89432599748135,102.53534457913156
PA_CA0234,CA0234,SFC_DDF6B0728CC9,SRC021,train,LIQ_1BD1B94C09,3,3,boundary_fit,yes,3.467847725596776,0.0,3.467847725596776,3.3399755845230494,2.1118079794027613,-0.4463195896684453,4.459732941869174,0.1992011761218094,yes,124.1,126.79699387172046,118.56453584343691
PA_CA0235,CA0235,SFC_2A727AF34E6D,SRC013,internal_test,LIQ_6656B41AB7,2,2,interior_fit,no,1.8024862410892688,81.32335839491599,83.12584463600525,0.0,1.3425670341138607,9.017946462189485,1.8024862410892883,81.32335839491586,no,19.7,128.5550737040417,128.55507370404152
PA_CA0236,CA0236,SFC_2A727AF34E6D,SRC013,internal_test,LIQ_53310FAFB3,2,2,interior_fit,no,47.87021002993398,28.860537348323252,76.73074737825723,0.0,6.918830105583892,5.372200419597474,47.87021002993401,28.86053734832328,no,20.1,0.0,0.0
PA_CA0237,CA0237,SFC_2A727AF34E6D,SRC013,internal_test,LIQ_0F4168490E,2,2,interior_fit,no,47.87021002993394,4.531787084181688,52.40199711411563,0.0,6.918830105583886,2.1287994466792073,47.87021002993393,4.531787084181699,no,19.7,72.2335521408746,72.23355214087454
PA_CA0238,CA0238,SFC_E38FF72DBA39,SRC013,internal_test,LIQ_6656B41AB7,2,2,interior_fit,no,2.7432540801942444,63.78339446316571,66.52664854335995,0.0,1.6562771749300553,7.986450679943219,2.7432540801942853,63.7833944631655,no,31.5,122.36001390073339,122.36001390073316
PA_CA0239,CA0239,SFC_E38FF72DBA39,SRC013,internal_test,LIQ_53310FAFB3,2,2,interior_fit,no,43.589899847940075,22.58889005199619,66.17878989993626,0.0,6.60226475142735,4.752777088397498,43.58989984794004,22.588890051996202,no,34.7,0.0,0.0
PA_CA0240,CA0240,SFC_E38FF72DBA39,SRC013,internal_test,LIQ_0F4168490E,2,2,interior_fit,no,43.58989984794005,3.5192716583969177,47.10917150633697,0.0,6.602264751427349,1.8759721901981723,43.58989984794003,3.5192716583969275,no,38.8,77.58865412682096,77.58865412682093
PA_CA0241,CA0241,SFC_39DBA098ECDC,SRC013,internal_test,LIQ_6656B41AB7,2,2,interior_fit,no,6.993805461896918,50.3492980038068,57.34310346570372,0.0,2.6445803942964106,7.095723923871803,6.993805461896958,50.34929800380665,no,23.8,104.94625380156116,104.94625380156104
PA_CA0242,CA0242,SFC_39DBA098ECDC,SRC013,internal_test,LIQ_53310FAFB3,2,2,interior_fit,no,46.571795724542206,19.03576519630544,65.60756092084765,0.0,6.824353135978692,4.362999564096406,46.571795724542206,19.03576519630543,no,28.1,0.0,0.0
PA_CA0243,CA0243,SFC_39DBA098ECDC,SRC013,internal_test,LIQ_0F4168490E,2,2,interior_fit,no,46.57179572454219,3.7320794537554227,50.303875178297616,0.0,6.82435313597869,1.9318590667425535,46.57179572454218,3.73207945375541,no,43.0,75.2631058999932,75.26310589999325
PA_CA0244,CA0244,SFC_417F923EF7B4,SRC013,internal_test,LIQ_6656B41AB7,2,2,interior_fit,no,5.8879011267141985,57.23110454689349,63.11900567360769,0.0,2.426499768537845,7.565124225476629,5.887901126714216,57.23110454689337,no,23.4,108.60897371581085,108.60897371581079
PA_CA0245,CA0245,SFC_417F923EF7B4,SRC013,internal_test,LIQ_53310FAFB3,2,2,interior_fit,no,46.707841615020314,21.9333667163136,68.64120833133391,0.0,6.83431354380382,4.683307241289385,46.70784161502032,21.93336671631359,no,23.3,0.0,0.0
PA_CA0246,CA0246,SFC_417F923EF7B4,SRC013,internal_test,LIQ_0F4168490E,2,2,interior_fit,no,46.707841615020286,4.492398957579917,51.2002405726002,0.0,6.834313543803814,2.1195280034903794,46.70784161502025,4.492398957579914,no,37.3,72.99364851434581,72.99364851434584
PA_CA0247,CA0247,SFC_8E79B764A41F,SRC013,internal_test,LIQ_6656B41AB7,2,2,interior_fit,no,3.7250727757767095,59.81445668127941,63.53952945705612,0.0,1.9300447600448893,7.733980649140474,3.7250727757767343,59.8144566812793,no,23.8,117.28496654747697,117.28496654747684
PA_CA0248,CA0248,SFC_8E79B764A41F,SRC013,internal_test,LIQ_53310FAFB3,2,2,interior_fit,no,46.57179572454222,20.55801549389753,67.12981121843976,0.0,6.824353135978691,4.53409478219165,46.57179572454219,20.558015493897543,no,33.1,0.0,0.0
PA_CA0249,CA0249,SFC_8E79B764A41F,SRC013,internal_test,LIQ_0F4168490E,2,2,interior_fit,no,46.571795724542206,2.847145940232778,49.418941664774984,0.0,6.82435313597869,1.6873487903313826,46.57179572454218,2.8471459402327803,no,40.1,78.08797700320571,78.08797700320572
PA_CA0250,CA0250,SFC_67E6ABEA7841,SRC013,internal_test,LIQ_6656B41AB7,2,2,interior_fit,no,4.734095695833737,52.058764432759475,56.79286012859321,0.0,2.175797714824095,7.215175980720041,4.734095695833753,52.0587644327594,no,33.1,112.9206816418528,112.92068164185274
PA_CA0251,CA0251,SFC_67E6ABEA7841,SRC013,internal_test,LIQ_53310FAFB3,2,2,interior_fit,no,42.89056803399684,18.974123064539327,61.86469109853617,0.0,6.549089099561621,4.355929644121829,42.89056803399684,18.974123064539327,no,37.0,0.0,0.0
PA_CA0252,CA0252,SFC_67E6ABEA7841,SRC013,internal_test,LIQ_0F4168490E,2,2,interior_fit,no,42.89056803399681,3.284178130787867,46.17474616478467,0.0,6.549089099561616,1.8122301539230206,42.89056803399678,3.2841781307878546,no,46.0,78.72010063362175,78.72010063362181
PA_CA0267,CA0267,SFC_93C87B65E929,SRC015,validation,LIQ_0F4168490E,1,1,insufficient_probes,no,,,,,,,,,no,79.97,,
PA_CA0268,CA0268,SFC_93C87B65E929,SRC015,validation,LIQ_53310FAFB3,1,1,insufficient_probes,no,,,,,,,,,no,48.77,,
PA_CA0269,CA0269,SFC_A716853C1624,SRC015,validation,LIQ_0F4168490E,1,1,insufficient_probes,no,,,,,,,,,no,44.35,,
PA_CA0270,CA0270,SFC_A716853C1624,SRC015,validation,LIQ_53310FAFB3,1,1,insufficient_probes,no,,,,,,,,,no,25.25,,
PA_CA0271,CA0271,SFC_86D8700CAF9C,SRC015,validation,LIQ_0F4168490E,1,1,insufficient_probes,no,,,,,,,,,no,52.13,,
PA_CA0272,CA0272,SFC_86D8700CAF9C,SRC015,validation,LIQ_53310FAFB3,1,1,insufficient_probes,no,,,,,,,,,no,47.7,,
PA_CA0273,CA0273,SFC_3014F50685DA,SRC015,validation,LIQ_0F4168490E,1,1,insufficient_probes,no,,,,,,,,,no,72.66,,
PA_CA0274,CA0274,SFC_3014F50685DA,SRC015,validation,LIQ_53310FAFB3,1,1,insufficient_probes,no,,,,,,,,,no,20.26,,
PA_CA0275,CA0275,SFC_FD37A16743B7,SRC015,validation,LIQ_0F4168490E,1,1,insufficient_probes,no,,,,,,,,,no,81.25,,
PA_CA0276,CA0276,SFC_FD37A16743B7,SRC015,validation,LIQ_53310FAFB3,1,1,insufficient_probes,no,,,,,,,,,no,39.27,,
PA_CA0277,CA0277,SFC_1B0EE35A8601,SRC005,validation,LIQ_0F4168490E,1,1,insufficient_probes,no,,,,,,,,,no,94.0,,
PA_CA0278,CA0278,SFC_1B0EE35A8601,SRC005,validation,LIQ_B6950B5CB8,1,1,insufficient_probes,no,,,,,,,,,no,16.0,,
PA_CA0279,CA0279,SFC_231FB62337B5,SRC005,validation,LIQ_0F4168490E,1,1,insufficient_probes,no,,,,,,,,,no,107.0,,
PA_CA0280,CA0280,SFC_231FB62337B5,SRC005,validation,LIQ_B6950B5CB8,1,1,insufficient_probes,no,,,,,,,,,no,48.0,,
PA_CA0281,CA0281,SFC_D6B816FE09EC,SRC005,validation,LIQ_0F4168490E,1,1,insufficient_probes,no,,,,,,,,,no,134.0,,
PA_CA0282,CA0282,SFC_D6B816FE09EC,SRC005,validation,LIQ_B6950B5CB8,1,1,insufficient_probes,no,,,,,,,,,no,46.0,,
PA_CA0283,CA0283,SFC_F8843DC534D0,SRC005,validation,LIQ_0F4168490E,1,1,insufficient_probes,no,,,,,,,,,no,153.0,,
PA_CA0284,CA0284,SFC_F8843DC534D0,SRC005,validation,LIQ_B6950B5CB8,1,1,insufficient_probes,no,,,,,,,,,no,130.0,,
PA_CA0285,CA0285,SFC_4B9DA50F6033,SRC006,train,LIQ_0F4168490E,1,1,insufficient_probes,no,,,,,,,,,no,69.0,,
PA_CA0286,CA0286,SFC_4B9DA50F6033,SRC006,train,LIQ_6656B41AB7,1,1,insufficient_probes,no,,,,,,,,,no,42.0,,
PA_CA0287,CA0287,SFC_75203B72A5AD,SRC022,internal_test,LIQ_0F4168490E,1,1,insufficient_probes,no,,,,,,,,,no,43.64,,
PA_CA0288,CA0288,SFC_75203B72A5AD,SRC022,internal_test,LIQ_6656B41AB7,1,1,insufficient_probes,no,,,,,,,,,no,30.05,,
PA_CA0289,CA0289,SFC_39B450DAB1FB,SRC022,internal_test,LIQ_0F4168490E,1,1,insufficient_probes,no,,,,,,,,,no,41.23,,
PA_CA0290,CA0290,SFC_39B450DAB1FB,SRC022,internal_test,LIQ_6656B41AB7,1,1,insufficient_probes,no,,,,,,,,,no,34.52,,
PA_CA0291,CA0291,SFC_588A96278F34,SRC022,internal_test,LIQ_0F4168490E,1,1,insufficient_probes,no,,,,,,,,,no,32.1,,
PA_CA0292,CA0292,SFC_588A96278F34,SRC022,internal_test,LIQ_6656B41AB7,1,1,insufficient_probes,no,,,,,,,,,no,28.09,,
PA_CA0293,CA0293,SFC_A2BE3F1765AE,SRC022,internal_test,LIQ_0F4168490E,1,1,insufficient_probes,no,,,,,,,,,no,19.9,,
PA_CA0294,CA0294,SFC_A2BE3F1765AE,SRC022,internal_test,LIQ_6656B41AB7,1,1,insufficient_probes,no,,,,,,,,,no,24.19,,
PA_CA0295,CA0295,SFC_292FB4EA5D24,SRC022,internal_test,LIQ_0F4168490E,1,1,insufficient_probes,no,,,,,,,,,no,23.42,,
PA_CA0296,CA0296,SFC_292FB4EA5D24,SRC022,internal_test,LIQ_6656B41AB7,1,1,insufficient_probes,no,,,,,,,,,no,29.15,,
PA_CA0297,CA0297,SFC_BD3224C101E4,SRC022,internal_test,LIQ_0F4168490E,1,1,insufficient_probes,no,,,,,,,,,no,48.03,,
PA_CA0298,CA0298,SFC_BD3224C101E4,SRC022,internal_test,LIQ_6656B41AB7,1,1,insufficient_probes,no,,,,,,,,,no,32.62,,
PA_CA0299,CA0299,SFC_2E5EA5C6D130,SRC022,internal_test,LIQ_0F4168490E,1,1,insufficient_probes,no,,,,,,,,,no,42.02,,
PA_CA0300,CA0300,SFC_2E5EA5C6D130,SRC022,internal_test,LIQ_6656B41AB7,1,1,insufficient_probes,no,,,,,,,,,no,38.05,,
PA_CA0301,CA0301,SFC_D4A1459EC26C,SRC022,internal_test,LIQ_0F4168490E,1,1,insufficient_probes,no,,,,,,,,,no,49.1,,
PA_CA0302,CA0302,SFC_D4A1459EC26C,SRC022,internal_test,LIQ_6656B41AB7,1,1,insufficient_probes,no,,,,,,,,,no,40.09,,
PA_CA0303,CA0303,SFC_B8DDD579CB88,SRC001,train,LIQ_06B74E7F53,4,4,interior_fit,no,40.79218370542244,0.5485105621304418,41.34069426755288,4.764287975760376,6.386875895570731,0.740614989134328,40.79218370542243,0.5485105621304408,no,2.7,23.505539335983876,23.505539335983936
PA_CA0304,CA0304,SFC_B8DDD579CB88,SRC001,train,LIQ_53310FAFB3,4,4,interior_fit,no,43.13995670111206,0.7072192888032504,43.847175989915314,0.9577462755142993,6.568101453320594,0.8409633100220533,43.1399567011121,0.707219288803248,no,66.7,51.20768408844424,51.20768408844422
PA_CA0305,CA0305,SFC_B8DDD579CB88,SRC001,train,LIQ_6656B41AB7,4,4,interior_fit,no,42.62354625166482,0.3681148408164551,42.99166109248127,4.952702346148097,6.528671093849408,0.6067246828805059,42.62354625166483,0.3681148408164504,no,35.3,33.6963686392288,33.69636863922877
PA_CA0306,CA0306,SFC_B8DDD579CB88,SRC001,train,LIQ_1BD1B94C09,4,4,interior_fit,no,41.72048178862558,0.32423445925155614,42.04471624787713,4.618100050506117,6.459139399999474,0.5694158930444047,41.72048178862556,0.32423445925155686,no,56.7,61.54105475599119,61.54105475599119
PA_CA0307,CA0307,SFC_B8DDD579CB88,SRC001,train,LIQ_0F4168490E,4,4,interior_fit,no,43.37072107624717,0.04371023409475641,43.414431310341925,4.185753064850236,6.5856450766988015,0.20906992632790883,43.370721076247165,0.043710234094757223,no,89.8,96.55966400438724,96.55966400438723
PA_CA0308,CA0308,SFC_F862748296EB,SRC001,train,LIQ_06B74E7F53,4,4,interior_fit,no,44.79925807521641,4.213195518797756,49.01245359401416,7.274922586473066,6.69322478893518,2.05260700544399,44.799258075216386,4.213195518797745,no,12.1,0.0,0.0
PA_CA0309,CA0309,SFC_F862748296EB,SRC001,train,LIQ_53310FAFB3,4,4,interior_fit,no,45.52274990579315,5.756357347921087,51.27910725371424,1.5514296852485314,6.747054906090003,2.3992409941314956,45.522749905793184,5.756357347921087,no,52.3,18.255544045788085,18.255544045787964
PA_CA0310,CA0310,SFC_F862748296EB,SRC001,train,LIQ_6656B41AB7,4,4,interior_fit,no,41.164851282198946,5.356410092336419,46.521261374535364,6.854178062600327,6.415984046286193,2.314391948727875,41.164851282198946,5.356410092336411,no,20.5,36.8346904343492,36.8346904343492
PA_CA0311,CA0311,SFC_F862748296EB,SRC001,train,LIQ_1BD1B94C09,4,4,interior_fit,no,43.6100400635087,4.104021676839195,47.714061740347894,7.026225640865019,6.6037898258128,2.0258385120337694,43.610040063508656,4.104021676839197,no,36.4,43.398809141665126,43.39880914166518
PA_CA0312,CA0312,SFC_F862748296EB,SRC001,train,LIQ_0F4168490E,4,4,interior_fit,no,46.12262800718895,1.9054564361847797,48.02808444337373,5.749190826489214,6.791364222833944,1.38038271366487,46.1226280071889,1.9054564361847908,no,70.1,81.83910402485816,81.83910402485814
PA_CA0313,CA0313,SFC_2202AAAAD87C,SRC001,train,LIQ_06B74E7F53,4,4,interior_fit,no,44.258721836547714,6.841340804863765,51.100062641411476,6.940353437502269,6.652722888904039,2.6155956883401816,44.2587218365477,6.841340804863749,no,13.0,4.573744779250484,4.573744779250484
PA_CA0314,CA0314,SFC_2202AAAAD87C,SRC001,train,LIQ_53310FAFB3,4,4,interior_fit,no,45.0902051016496,8.635034741932278,53.72523984358188,1.2127686334564811,6.714924057772331,2.9385429624104997,45.09020510164962,8.635034741932275,no,44.3,0.0,0.0
PA_CA0315,CA0315,SFC_2202AAAAD87C,SRC001,train,LIQ_6656B41AB7,4,4,interior_fit,no,41.53747473488441,7.906098976973411,49.44357371185782,6.690716599344847,6.444957310555628,2.811778614502463,41.537474734884434,7.90609897697339,no,24.3,36.05049799481767,36.0504979948176
PA_CA0316,CA0316,SFC_2202AAAAD87C,SRC001,train,LIQ_1BD1B94C09,4,4,interior_fit,no,43.05313487499403,6.5351886460182245,49.588323521012256,6.462489027293601,6.561488769707224,2.5564015032889933,43.05313487499402,6.5351886460182245,no,25.9,37.13389934499438,37.13389934499438
PA_CA0317,CA0317,SFC_2202AAAAD87C,SRC001,train,LIQ_0F4168490E,4,4,interior_fit,no,45.418407498638395,4.208592457148783,49.62699995578718,5.861387726546297,6.739318029195413,2.0514854269891343,45.418407498638345,4.20859245714879,no,64.4,74.51755550021652,74.51755550021653
PA_CA0318,CA0318,SFC_BC3ADCE03F16,SRC001,train,LIQ_06B74E7F53,4,4,interior_fit,no,41.55520795967212,1.0712109249917732,42.62641888466389,4.196843537444659,6.4463329079153295,1.0349932004567823,41.55520795967211,1.0712109249917732,no,7.8,20.793243033082135,20.79324303308217
PA_CA0319,CA0319,SFC_BC3ADCE03F16,SRC001,train,LIQ_53310FAFB3,4,4,interior_fit,no,43.219052098258175,1.2461156573589438,44.46516775561712,2.3216728029329143,6.574119872519681,1.1162955062880715,43.21905209825819,1.2461156573589418,no,59.6,47.323688930230475,47.32368893023046
PA_CA0320,CA0320,SFC_BC3ADCE03F16,SRC001,train,LIQ_6656B41AB7,4,4,interior_fit,no,41.06807870896891,1.1465600351893168,42.21463874415823,4.119124857220571,6.408438086536294,1.0707754363961242,41.068078708968955,1.1465600351893102,no,30.0,37.0365831416307,37.036583141630615
PA_CA0321,CA0321,SFC_BC3ADCE03F16,SRC001,train,LIQ_1BD1B94C09,4,4,interior_fit,no,42.893441322068426,0.9957309535028827,43.88917227557131,4.169621618486211,6.5493084613620365,0.9978631937810335,42.89344132206836,0.9957309535028844,no,58.8,55.92034449485443,55.9203444948545
PA_CA0322,CA0322,SFC_BC3ADCE03F16,SRC001,train,LIQ_0F4168490E,4,4,interior_fit,no,44.24341159843114,0.10380193916287776,44.347213537594016,1.5317726493140429,6.65157211480347,0.322183083297183,44.2434115984311,0.10380193916287955,no,84.6,94.79490764988216,94.79490764988215
PA_CA0323,CA0323,SFC_4E9D8F5E0021,SRC001,train,LIQ_06B74E7F53,4,4,interior_fit,no,48.416757265622174,8.914283981334787,57.33104124695696,3.9347839331269987,6.95821509193429,2.9856798189582845,48.416757265622124,8.914283981334775,no,4.4,0.0,0.0
PA_CA0324,CA0324,SFC_4E9D8F5E0021,SRC001,train,LIQ_53310FAFB3,4,4,interior_fit,no,47.33597448301863,10.647645077564546,57.98361956058318,2.1301535493945942,6.880114423686476,3.263072950083179,47.33597448301869,10.64764507756454,no,15.6,0.0,0.0
PA_CA0325,CA0325,SFC_4E9D8F5E0021,SRC001,train,LIQ_6656B41AB7,4,4,interior_fit,no,43.43134551160288,11.109788265791147,54.54113377739402,3.362608127529845,6.590246240589416,3.333134900629005,43.431345511602935,11.109788265791126,no,8.4,31.867891690346955,31.867891690346834
PA_CA0326,CA0326,SFC_4E9D8F5E0021,SRC001,train,LIQ_1BD1B94C09,4,4,interior_fit,no,46.344571170997874,9.44457218149234,55.789143352490214,4.116745239253534,6.80768471442368,3.073202268236237,46.344571170997824,9.444572181492353,no,14.9,21.88673157451846,21.886731574518564
PA_CA0327,CA0327,SFC_4E9D8F5E0021,SRC001,train,LIQ_0F4168490E,4,4,interior_fit,no,47.664284323810485,7.482591563692355,55.14687588750284,3.5240741861699547,6.903932526018084,2.735432609970929,47.66428432381045,7.482591563692369,no,58.3,65.02365790053531,65.02365790053528
PA_CA0328,CA0328,SFC_AA2B954681B3,SRC001,train,LIQ_06B74E7F53,4,4,interior_fit,no,48.963392569433864,8.710866602754786,57.67425917218865,3.578229406570085,6.997384694972388,2.9514177275937707,48.96339256943382,8.710866602754777,no,4.7,0.0,0.0
PA_CA0329,CA0329,SFC_AA2B954681B3,SRC001,train,LIQ_53310FAFB3,4,4,interior_fit,no,47.58175674680667,10.442425662772589,58.024182409579254,2.1743859831667915,6.8979530838363,3.231474224370758,47.58175674680672,10.442425662772592,no,12.5,0.0,0.0
PA_CA0330,CA0330,SFC_AA2B954681B3,SRC001,train,LIQ_6656B41AB7,4,4,interior_fit,no,43.96202219984031,10.876516910969976,54.83853911081029,3.2024476772184145,6.630386278328009,3.297956474996287,43.96202219984035,10.876516910969935,no,8.1,30.623715392299427,30.62371539229936
PA_CA0331,CA0331,SFC_AA2B954681B3,SRC001,train,LIQ_1BD1B94C09,4,4,interior_fit,no,46.5009748313977,9.23679634064624,55.737771172043935,3.7233480362355493,6.819162326224362,3.0392098217540453,46.50097483139765,9.236796340646256,no,10.9,22.288637647367285,22.288637647367352
PA_CA0332,CA0332,SFC_AA2B954681B3,SRC001,train,LIQ_0F4168490E,4,4,interior_fit,no,47.683551269204145,7.9612209844316775,55.64477225363582,3.6128832695403656,6.90532774524165,2.821563570864865,47.68355126920414,7.961220984431688,no,59.1,63.939416582052424,63.939416582052395
PA_CA0333,CA0333,SFC_2D953D8FEA9A,SRC014,train,LIQ_0F4168490E,2,2,interior_fit,no,37.7541613187138,2.743756163586133,40.49791748229993,0.0,6.1444414977045545,1.6564287378532545,37.75416131871379,2.743756163586126,no,72.8,83.50418791109784,83.50418791109787
PA_CA0334,CA0334,SFC_2D953D8FEA9A,SRC014,train,LIQ_6656B41AB7,2,2,interior_fit,no,24.499369891174524,11.344495190596698,35.84386508177122,0.0,4.949683817293236,3.3681590209781818,24.499369891174542,11.344495190596703,no,43.6,67.11300982385023,67.1130098238502
PA_CA0335,CA0335,SFC_2D953D8FEA9A,SRC014,train,LIQ_1BD1B94C09,2,2,interior_fit,no,37.754161318713855,6.692722206042316,44.446883524756174,0.0,6.144441497704559,2.5870296105847617,37.75416131871384,6.692722206042344,no,55.1,44.60036535020277,44.60036535020272
PA_CA0336,CA0336,SFC_AD3F4CCED3FF,SRC014,train,LIQ_0F4168490E,2,2,interior_fit,no,21.047673272460056,2.9702684343649626,24.01794170682502,0.0,4.587774326670838,1.7234466729101172,21.047673272460063,2.9702684343649524,no,105.4,94.20903509751275,94.20903509751277
PA_CA0337,CA0337,SFC_AD3F4CCED3FF,SRC014,train,LIQ_6656B41AB7,2,2,boundary_fit,yes,33.26307987353393,0.0,33.26307987353393,0.24294557426186003,5.845242888575098,-0.0781295402246175,34.166864426437755,0.0061042250557101245,yes,73.3,51.80237830367567,50.192168465965125
PA_CA0338,CA0338,SFC_AD3F4CCED3FF,SRC014,train,LIQ_1BD1B94C09,2,2,interior_fit,no,21.04767327246008,0.5535361169122046,21.601209389372286,0.0,4.5877743266708375,0.744000078570029,21.047673272460056,0.5535361169122094,no,75.7,84.27341328128384,84.27341328128385
PA_CA0339,CA0339,SFC_7311940ACDF8,SRC014,train,LIQ_0F4168490E,2,2,interior_fit,no,26.16058151928984,3.1099859002647436,29.27056741955458,0.0,5.114741588710992,1.7635152112371275,26.160581519289845,3.1099859002647303,no,96.4,89.88196652528451,89.88196652528454
PA_CA0340,CA0340,SFC_7311940ACDF8,SRC014,train,LIQ_6656B41AB7,2,2,interior_fit,no,34.31214812383617,0.48879588773285454,34.80094401156902,0.0,5.857657221435561,0.6991393907747269,34.31214812383618,0.48879588773285626,no,64.2,49.93185502873232,49.931855028732286
PA_CA0341,CA0341,SFC_7311940ACDF8,SRC014,train,LIQ_1BD1B94C09,2,2,interior_fit,no,26.160581519289874,1.4038829489270581,27.564464468216933,0.0,5.114741588710994,1.1848556658627518,26.160581519289863,1.403882948927065,no,68.5,73.76815899025884,73.76815899025884
PA_CA0342,CA0342,SFC_7A3F6303565B,SRC014,train,LIQ_0F4168490E,2,2,interior_fit,no,32.64250332002252,1.5042917457609557,34.14679506578348,0.0,5.7133618229569985,1.2264957177915283,32.64250332002252,1.5042917457609564,no,92.3,91.5193247468563,91.5193247468563
PA_CA0343,CA0343,SFC_7A3F6303565B,SRC014,train,LIQ_6656B41AB7,2,2,interior_fit,no,33.66870158854624,1.2074163642443514,34.876117952790594,0.0,5.802473747337965,1.0988249925462843,33.668701588546284,1.2074163642443418,no,52.9,51.08156715663334,51.081567156633255
PA_CA0344,CA0344,SFC_7A3F6303565B,SRC014,train,LIQ_1BD1B94C09,2,2,interior_fit,no,32.642503320022556,1.3388483190339275,33.981351639056484,0.0,5.713361822957,1.1570861329364979,32.642503320022534,1.3388483190339389,no,65.5,66.15520506507315,66.15520506507313
PA_CA0345,CA0345,SFC_54D3CCF77E3A,SRC014,train,LIQ_0F4168490E,2,2,interior_fit,no,16.531026387165998,4.789325803826601,21.320352190992597,0.0,4.06583649292074,2.188452833356612,16.531026387166023,4.789325803826583,no,102.9,92.81514075321031,92.81514075321036
PA_CA0346,CA0346,SFC_54D3CCF77E3A,SRC014,train,LIQ_6656B41AB7,2,2,interior_fit,no,27.095744399441923,0.30898088792614214,27.404725287368066,0.0,5.205357278750611,0.5558604932230183,27.09574439944197,0.3089808879261372,no,81.9,62.57039413333749,62.57039413333738
PA_CA0347,CA0347,SFC_54D3CCF77E3A,SRC014,train,LIQ_1BD1B94C09,2,2,interior_fit,no,16.53102638716603,1.6922788046874984,18.223305191853527,0.0,4.06583649292074,1.300876168083461,16.531026387166023,1.6922788046875092,no,78.2,85.92356579637656,85.92356579637652
PA_CA0348,CA0348,SFC_66EE1063F64A,SRC014,train,LIQ_0F4168490E,2,2,interior_fit,no,25.41723352937874,3.6952423148353364,29.112475844214078,0.0,5.041550706814199,1.9223013069847632,25.417233529378752,3.695242314835329,no,97.4,88.63482333685124,88.63482333685127
PA_CA0349,CA0349,SFC_66EE1063F64A,SRC014,train,LIQ_6656B41AB7,2,2,interior_fit,no,36.48489400760271,0.24150496153402587,36.72639896913674,0.0,6.0402726765935615,0.4914315430800345,36.48489400760275,0.24150496153402382,no,65.5,45.977453435098056,45.977453435098
PA_CA0350,CA0350,SFC_66EE1063F64A,SRC014,train,LIQ_1BD1B94C09,2,2,interior_fit,no,25.41723352937877,1.3096360812255692,26.72686961060434,0.0,5.041550706814201,1.1443933245285816,25.41723352937877,1.3096360812255794,no,68.0,75.06745399002624,75.06745399002618
PA_CA0351,CA0351,SFC_7D389175DB70,SRC014,train,LIQ_0F4168490E,2,2,interior_fit,no,23.37737258473231,2.755547243122395,26.132919827854707,0.0,4.835015262099211,1.659984109298156,23.377372584732303,2.7555472431223924,no,90.3,93.10308958211074,93.10308958211077
PA_CA0352,CA0352,SFC_7D389175DB70,SRC014,train,LIQ_6656B41AB7,2,2,interior_fit,no,20.38561440876909,4.487654350862398,24.873268759631486,0.0,4.515043123688752,2.1184084475998466,20.385614408769083,4.487654350862392,no,69.1,74.51704739982269,74.51704739982269
PA_CA0353,CA0353,SFC_7D389175DB70,SRC014,train,LIQ_1BD1B94C09,2,2,interior_fit,no,23.377372584732328,3.6450885902266807,27.02246117495901,0.0,4.835015262099213,1.909211510081243,23.37737258473232,3.6450885902267003,no,73.1,70.84269830412907,70.84269830412904
PA_CA0354,CA0354,SFC_B1FAE164CF82,SRC014,train,LIQ_0F4168490E,2,2,interior_fit,no,40.699118097839346,1.9207607861686735,42.61987888400802,0.0,6.379586044394994,1.3859151439278914,40.69911809783937,1.920760786168668,no,81.0,84.82374746479232,84.82374746479232
PA_CA0355,CA0355,SFC_B1FAE164CF82,SRC014,train,LIQ_6656B41AB7,2,2,interior_fit,no,35.3583399798163,4.026851787536687,39.385191767352985,0.0,5.946287915987276,2.0067017186260365,35.3583399798163,4.026851787536689,no,37.8,48.043313462268635,48.043313462268635
PA_CA0356,CA0356,SFC_B1FAE164CF82,SRC014,train,LIQ_1BD1B94C09,2,2,interior_fit,no,40.69911809783938,2.9701508129554206,43.6692689107948,0.0,6.379586044394996,1.7234125486822474,40.69911809783939,2.9701508129554397,no,54.4,50.739210473187846,50.73921047318777
PA_CA0357,CA0357,SFC_F13264E1CC9A,SRC014,train,LIQ_0F4168490E,2,2,interior_fit,no,27.941608181627924,11.564350576640352,39.50595875826828,0.0,5.285982234327685,3.40063973049783,27.941608181627906,11.564350576640356,no,75.2,69.8049135758857,69.80491357588572
PA_CA0358,CA0358,SFC_F13264E1CC9A,SRC014,train,LIQ_6656B41AB7,2,2,interior_fit,no,34.49724518890217,6.548454859014305,41.045700047916476,0.0,5.87343555246009,2.5589948923384553,34.49724518890216,6.548454859014303,no,61.1,49.59955923516204,49.599559235162054
PA_CA0359,CA0359,SFC_F13264E1CC9A,SRC014,train,LIQ_1BD1B94C09,2,2,interior_fit,no,27.941608181627934,8.661662893539782,36.60327107516772,0.0,5.285982234327689,2.9430703174643664,27.941608181627952,8.661662893539807,no,49.5,54.50216262482262,54.50216262482255
PA_CA0360,CA0360,SFC_9D7026B7F20A,SRC020,validation,LIQ_0F4168490E,2,2,interior_fit,no,35.546930053575664,0.2673140088887848,35.81424406246445,0.0,5.962124625800409,0.5170241859804885,35.546930053575664,0.26731400888878676,no,89.2,97.68915381137344,97.68915381137342
PA_CA0361,CA0361,SFC_9D7026B7F20A,SRC020,validation,LIQ_1BD1B94C09,2,2,interior_fit,no,35.546930053575686,1.6133158387299162,37.1602458923056,0.0,5.962124625800411,1.2701637054844255,35.546930053575686,1.6133158387299262,no,68.8,61.65193900402727,61.651939004027234
PA_CA0362,CA0362,SFC_9D7026B7F20A,SRC020,validation,LIQ_6656B41AB7,2,2,interior_fit,no,24.95204102492674,3.618879557819166,28.570920582745906,0.0,4.995201800220564,1.90233529058869,24.952041024926768,3.618879557819156,no,47.7,66.31628992213804,66.31628992213803
PA_CA0363,CA0363,SFC_3BF005A262A4,SRC020,validation,LIQ_0F4168490E,2,2,interior_fit,no,48.96922587095744,0.6338244147538593,49.6030502857113,0.0,6.997801502683352,0.796130903026547,48.969225870957374,0.6338244147538652,no,70.2,86.9155944584917,86.9155944584917
PA_CA0364,CA0364,SFC_3BF005A262A4,SRC020,validation,LIQ_1BD1B94C09,2,2,interior_fit,no,48.96922587095745,5.055433799412411,54.024659670369864,0.0,6.997801502683358,2.2484291848782862,48.969225870957466,5.055433799412435,no,51.2,32.33939729431292,32.339397294312825
PA_CA0365,CA0365,SFC_3BF005A262A4,SRC020,validation,LIQ_6656B41AB7,2,2,interior_fit,no,26.350351863717737,12.023291968615801,38.37364383233354,0.0,5.133259380132451,3.467461891443908,26.35035186371779,12.023291968615766,no,15.5,63.86885118533131,63.86885118533122
PA_CA0366,CA0366,SFC_5EBD6486C99B,SRC020,validation,LIQ_0F4168490E,2,2,interior_fit,no,49.920569462934864,2.7936509090014385,52.7142203719363,0.0,7.065448992310033,1.6714218225814363,49.920569462934864,2.7936509090014505,no,56.0,76.45492614642026,76.45492614642023
PA_CA0367,CA0367,SFC_5EBD6486C99B,SRC020,validation,LIQ_1BD1B94C09,2,2,interior_fit,no,49.92056946293493,11.074684025945114,60.99525348888004,0.0,7.065448992310036,3.3278647848049894,49.9205694629349,11.074684025945158,no,39.4,0.0,0.0
PA_CA0368,CA0368,SFC_5EBD6486C99B,SRC020,validation,LIQ_6656B41AB7,2,2,interior_fit,no,24.391888275281058,22.261909627240012,46.65379790252107,0.0,4.9388144605037665,4.718252815104334,24.39188827528111,22.261909627239973,no,10.7,67.30256408521566,67.3025640852156
PA_CA0369,CA0369,SFC_8C9D5E267A39,SRC020,validation,LIQ_0F4168490E,2,2,interior_fit,no,49.75000126288615,1.3868293838334116,51.13683064671956,0.0,7.053368079356566,1.177637203825281,49.75000126288613,1.3868293838334262,no,61.5,82.1960723706028,82.19607237060274
PA_CA0370,CA0370,SFC_8C9D5E267A39,SRC020,validation,LIQ_1BD1B94C09,2,2,interior_fit,no,49.75000126288618,8.512585973446198,58.26258723633238,0.0,7.053368079356567,2.9176336256367477,49.75000126288615,8.512585973446233,no,45.9,16.77486598471369,16.7748659847136
PA_CA0371,CA0371,SFC_8C9D5E267A39,SRC020,validation,LIQ_6656B41AB7,2,2,interior_fit,no,23.227222858479667,19.168240389468643,42.395463247948314,0.0,4.819462922201984,4.378154906974927,23.227222858479685,19.16824038946863,no,11.7,69.36741717771785,69.36741717771783
PA_CA0372,CA0372,SFC_9EBDC478F1D0,SRC020,validation,LIQ_0F4168490E,2,2,interior_fit,no,48.4499130663689,11.113217621597615,59.56313068796651,0.0,6.960597177424425,3.3336492949315497,48.44991306636888,11.113217621597618,no,0.1,56.84688025577649,56.84688025577649
PA_CA0373,CA0373,SFC_9EBDC478F1D0,SRC020,validation,LIQ_1BD1B94C09,2,2,interior_fit,no,48.449913066368936,31.845832987438957,80.29574605380789,0.0,6.960597177424431,5.643211230092227,48.44991306636895,31.845832987439024,no,0.1,0.0,0.0
PA_CA0374,CA0374,SFC_9EBDC478F1D0,SRC020,validation,LIQ_6656B41AB7,2,2,interior_fit,no,15.963635219975632,57.48392509016165,73.44756031013728,0.0,3.9954518167505912,7.5818154217945475,15.9636352199756,57.483925090161634,no,17.6,83.04147594379248,83.04147594379258
PA_CA0375,CA0375,SFC_500FB1C18BA7,SRC020,validation,LIQ_0F4168490E,2,2,interior_fit,no,46.80857518604923,12.278177751242609,59.08675293729184,0.0,6.841679266528735,3.504023080866136,46.80857518604917,12.278177751242609,no,0.1,55.594175135472206,55.59417513547226
PA_CA0376,CA0376,SFC_500FB1C18BA7,SRC020,validation,LIQ_1BD1B94C09,2,2,interior_fit,no,46.808575186049254,32.729376978266636,79.5379521643159,0.0,6.841679266528741,5.72095944560584,46.808575186049254,32.72937697826668,no,0.1,0.0,0.0
PA_CA0377,CA0377,SFC_500FB1C18BA7,SRC020,validation,LIQ_6656B41AB7,2,2,interior_fit,no,15.963635219975632,57.48392509016165,73.44756031013728,0.0,3.9954518167505912,7.5818154217945475,15.9636352199756,57.483925090161634,no,23.1,83.04147594379248,83.04147594379258
PA_CA0378,CA0378,SFC_463017990582,SRC020,validation,LIQ_0F4168490E,2,2,interior_fit,no,47.985199170073535,11.435154969400845,59.420354139474384,0.0,6.927134990028238,3.3815905975444256,47.985199170073514,11.435154969400866,no,0.1,56.49622488765749,56.496224887657476
PA_CA0379,CA0379,SFC_463017990582,SRC020,validation,LIQ_1BD1B94C09,2,2,interior_fit,no,47.985199170073564,32.09323020182796,80.07842937190152,0.0,6.927134990028241,5.665088719678452,47.985199170073564,32.09323020182804,no,0.1,0.0,0.0
PA_CA0380,CA0380,SFC_463017990582,SRC020,validation,LIQ_6656B41AB7,2,2,interior_fit,no,15.963635219975632,57.48392509016165,73.44756031013728,0.0,3.9954518167505912,7.5818154217945475,15.9636352199756,57.483925090161634,no,19.3,83.04147594379248,83.04147594379258
PA_CA0381,CA0381,SFC_EA6FE64D72B2,SRC020,validation,LIQ_0F4168490E,2,2,interior_fit,no,47.00666818632129,12.133405863434078,59.14007404975537,0.0,6.856140910623208,3.4833038718197,47.00666818632123,12.133405863434112,no,0.1,55.747505049516484,55.747505049516455
PA_CA0382,CA0382,SFC_EA6FE64D72B2,SRC020,validation,LIQ_1BD1B94C09,2,2,interior_fit,no,47.00666818632128,32.62128320755594,79.62795139387723,0.0,6.8561409106232105,5.7115044609591274,47.006668186321264,32.62128320755601,no,0.1,0.0,0.0
PA_CA0383,CA0383,SFC_EA6FE64D72B2,SRC020,validation,LIQ_6656B41AB7,2,2,interior_fit,no,15.963635219975632,57.48392509016165,73.44756031013728,0.0,3.9954518167505912,7.5818154217945475,15.9636352199756,57.483925090161634,no,22.5,83.04147594379248,83.04147594379258
PA_CA0384,CA0384,SFC_1959CDFDAA85,SRC004,train,LIQ_0F4168490E,2,2,interior_fit,no,26.848922341327285,0.0240282574828516,26.872950598810135,0.0,5.181594575159972,0.15501050765303465,26.84892234132725,0.024028257482851513,no,106.0,107.75468458085511,107.75468458085513
PA_CA0385,CA0385,SFC_1959CDFDAA85,SRC004,train,LIQ_53310FAFB3,2,2,interior_fit,no,26.84892234132732,0.09264578596796752,26.941568127295287,0.0,5.181594575159977,0.30437770281012916,26.848922341327302,0.09264578596797131,no,79.0,77.41209732591317,77.41209732591312
PA_CA0386,CA0386,SFC_1959CDFDAA85,SRC004,train,LIQ_6656B41AB7,2,2,interior_fit,no,24.25358519479579,0.22304268651388648,24.476627881309675,0.0,4.924792908823254,0.4722739528217542,24.253585194795807,0.22304268651388454,no,63.0,67.54670406100286,67.54670406100283
PA_CA0387,CA0387,SFC_309E17907FBA,SRC004,train,LIQ_0F4168490E,2,2,interior_fit,no,26.275176760124634,0.1695496175919503,26.444726377716584,0.0,5.125931794330141,0.4117640314451367,26.275176760124616,0.1695496175919515,no,104.0,105.17148013926531,105.17148013926531
PA_CA0388,CA0388,SFC_309E17907FBA,SRC004,train,LIQ_53310FAFB3,2,2,interior_fit,no,26.275176760124673,0.26277746000360946,26.53795422012828,0.0,5.1259317943301435,0.5126182400223531,26.275176760124644,0.26277746000361485,no,77.0,75.9204827490533,75.92048274905328
PA_CA0389,CA0389,SFC_309E17907FBA,SRC004,train,LIQ_6656B41AB7,2,2,interior_fit,no,24.52762043291593,0.3918552794664434,24.919475712382376,0.0,4.952536767447157,0.6259834498342928,24.52762043291593,0.39185527946644255,no,64.0,67.0632125006819,67.0632125006819
PA_CA0390,CA0390,SFC_3658FB055001,SRC004,train,LIQ_0F4168490E,2,2,interior_fit,no,26.275176760124626,0.05007687037211424,26.32525363049674,0.0,5.12593179433014,0.22377861911298416,26.27517676012461,0.05007687037211404,no,105.0,107.37294891397987,107.37294891397988
PA_CA0391,CA0391,SFC_3658FB055001,SRC004,train,LIQ_53310FAFB3,2,2,interior_fit,no,26.275176760124673,0.1818963979662199,26.457073158090893,0.0,5.125931794330144,0.4264931394128457,26.275176760124655,0.18189639796622506,no,79.0,76.84264557761604,76.84264557761598
PA_CA0392,CA0392,SFC_3658FB055001,SRC004,train,LIQ_6656B41AB7,2,2,interior_fit,no,22.823665259879974,0.42817977194185614,23.25184503182183,0.0,4.7774119834780775,0.6543544696430671,22.823665259879938,0.42817977194185963,no,64.0,70.08814300359518,70.08814300359525
PA_CA0393,CA0393,SFC_AE86A39F2CBE,SRC004,train,LIQ_0F4168490E,2,2,interior_fit,no,26.84892234132729,0.19047724799613847,27.03939958932343,0.0,5.181594575159973,0.43643699201160524,26.848922341327256,0.19047724799613797,no,107.0,104.46143117948243,104.46143117948246
PA_CA0394,CA0394,SFC_AE86A39F2CBE,SRC004,train,LIQ_53310FAFB3,2,2,interior_fit,no,26.848922341327302,0.047997097998383094,26.896919439325686,0.0,5.181594575159976,0.2190824000196836,26.84892234132729,0.04799709799838466,no,76.0,78.31998167112626,78.31998167112624
PA_CA0395,CA0395,SFC_AE86A39F2CBE,SRC004,train,LIQ_6656B41AB7,2,2,boundary_fit,yes,30.54839702122639,0.0,30.54839702122639,0.0641051012569509,5.555284536672338,-0.025235108117696567,30.861186283390794,0.0006368106817118351,yes,63.0,56.5691234950531,56.02366534782608
PA_CA0396,CA0396,SFC_1A55A8F9BE53,SRC004,train,LIQ_0F4168490E,2,2,interior_fit,no,27.42370275772239,0.13562849118211323,27.559331248904503,0.0,5.23676453143755,0.3682777364735948,27.423702757722342,0.13562849118211454,no,111.0,104.8342663804965,104.83426638049653
PA_CA0397,CA0397,SFC_1A55A8F9BE53,SRC004,train,LIQ_53310FAFB3,2,2,boundary_fit,yes,26.69090472144033,0.0,26.69090472144033,0.9162076589856198,5.236764531437555,-0.15337171860157583,27.4237027577224,0.02352288406680096,yes,76.0,80.83782657525688,78.2939615695218
PA_CA0398,CA0398,SFC_1A55A8F9BE53,SRC004,train,LIQ_6656B41AB7,2,2,boundary_fit,yes,28.156474910912728,0.0,28.156474910912728,1.8791515829579417,6.133617747205961,-0.73973197819952,37.62126666883993,0.5472033995709751,yes,62.0,60.7267947371089,43.851761644623785
PA_CA0399,CA0399,SFC_E53F0A6F08A0,SRC004,train,LIQ_0F4168490E,2,2,boundary_fit,yes,25.44561775832296,0.0,25.44561775832296,0.30064210890348164,5.069793144370312,-0.08644554133323722,25.702802526704215,0.007472831616396424,yes,112.0,110.66826545391916,109.43486121822144
PA_CA0400,CA0400,SFC_E53F0A6F08A0,SRC004,train,LIQ_53310FAFB3,2,2,boundary_fit,yes,25.114893687702853,0.0,25.114893687702853,0.7585193974489783,5.069793144370317,-0.12697495206291992,25.702802526704268,0.016122638451380813,yes,83.0,82.8490193123576,80.75647977042645
PA_CA0401,CA0401,SFC_E53F0A6F08A0,SRC004,train,LIQ_6656B41AB7,2,2,boundary_fit,yes,24.467922937240697,0.0,24.467922937240697,0.4382856036560465,5.139473907941469,-0.1725320509261502,26.41419205041116,0.029767308596783688,yes,65.0,67.16845375474932,63.757508340139545
PA_CA0402,CA0402,SFC_2A9E0C34389A,SRC004,train,LIQ_0F4168490E,2,2,interior_fit,no,25.702802526704232,7.794347843765624e-05,25.70288047018267,0.0,5.069793144370313,0.00882856038307558,25.70280252670422,7.794347843761164e-05,no,111.0,110.36276644716355,110.3627664471636
PA_CA0403,CA0403,SFC_2A9E0C34389A,SRC004,train,LIQ_53310FAFB3,2,2,boundary_fit,yes,25.497350554296855,0.0,25.497350554296855,0.26407815751922925,5.069793144370317,-0.044206267505667585,25.702802526704268,0.0019541940867826416,yes,82.0,82.35620394626007,81.6280656398111
PA_CA0404,CA0404,SFC_2A9E0C34389A,SRC004,train,LIQ_6656B41AB7,2,2,boundary_fit,yes,25.450580837664877,0.0,25.450580837664877,0.26373562716764276,5.160974023554573,-0.10382008507228399,26.63565287180508,0.010778610064416286,yes,65.0,65.44157171524253,63.37147232157494
PA_CA0405,CA0405,SFC_4CE305FCECB9,SRC004,train,LIQ_0F4168490E,2,2,boundary_fit,yes,24.44254021459272,0.0,24.44254021459272,0.14444416955235795,4.9561567783124945,-0.04153295250264295,24.563490011212885,0.0017249861435867956,yes,108.0,111.4591801590436,110.86226795795345
PA_CA0406,CA0406,SFC_4CE305FCECB9,SRC004,train,LIQ_53310FAFB3,2,2,interior_fit,no,24.563490011212938,0.07931639704170171,24.64280640825464,0.0,4.956156778312498,0.2816316691029327,24.56349001121292,0.07931639704170378,no,84.0,80.60604476558659,80.60604476558657
PA_CA0407,CA0407,SFC_4CE305FCECB9,SRC004,train,LIQ_6656B41AB7,2,2,interior_fit,no,19.36485283871731,0.4158766367714513,19.780729475488762,0.0,4.400551424391871,0.6448849794897145,19.364852838717326,0.4158766367714494,no,67.0,76.41872173177316,76.41872173177313
PA_CA0408,CA0408,SFC_B4F56FFE60FB,SRC004,train,LIQ_0F4168490E,2,2,boundary_fit,yes,26.092966309498802,0.0,26.092966309498802,0.21050366288193345,5.12593179433014,-0.06052745956588393,26.27517676012461,0.003663573361499714,yes,109.0,110.16823370821182,109.30634948693417
PA_CA0409,CA0409,SFC_B4F56FFE60FB,SRC004,train,LIQ_53310FAFB3,2,2,interior_fit,no,26.275176760124662,0.00744279363098144,26.282619553755644,0.0,5.1259317943301435,0.08627162703335485,26.275176760124644,0.007442793630982283,no,82.0,80.45426298951898,80.45426298951897
PA_CA0410,CA0410,SFC_B4F56FFE60FB,SRC004,train,LIQ_6656B41AB7,2,2,interior_fit,no,23.751444619786636,0.06314223830076879,23.814586858087406,0.0,4.873545385013528,0.2512811936870098,23.751444619786653,0.06314223830076854,no,64.0,68.43541298272866,68.43541298272862
PA_CA0411,CA0411,SFC_572551235161,SRC004,train,LIQ_0F4168490E,2,2,boundary_fit,yes,26.456229305148835,0.0,26.456229305148835,0.4496668370117689,5.181594575159973,-0.12929557102583172,26.848922341327256,0.016717344686895896,yes,107.0,109.89104747132326,108.05846272281647
PA_CA0412,CA0412,SFC_572551235161,SRC004,train,LIQ_53310FAFB3,2,2,interior_fit,no,26.848922341327302,0.047997097998383094,26.896919439325686,0.0,5.181594575159976,0.2190824000196836,26.84892234132729,0.04799709799838466,no,82.0,78.31998167112626,78.31998167112624
PA_CA0413,CA0413,SFC_572551235161,SRC004,train,LIQ_6656B41AB7,2,2,interior_fit,no,21.00059682116532,0.37292613574958583,21.373522956914908,0.0,4.582640813020951,0.6106767850095379,21.00059682116532,0.3729261357495854,no,63.0,73.38614948396517,73.38614948396517
PA_CA0414,CA0414,SFC_7E0BA3D04E9B,SRC004,train,LIQ_0F4168490E,2,2,boundary_fit,yes,23.6138543072114,0.0,23.6138543072114,1.1438682528834931,4.9561567783124945,-0.3289037277414786,24.563490011212885,0.10817766212224067,yes,112.0,112.12825260490948,107.44214033185847
PA_CA0415,CA0415,SFC_7E0BA3D04E9B,SRC004,train,LIQ_53310FAFB3,2,2,boundary_fit,yes,24.324249633055807,0.0,24.324249633055807,0.3146970872474384,4.956156778312498,-0.05267979659052928,24.56349001121292,0.0027751609688195403,yes,87.0,83.87817344679283,83.01327024102433
PA_CA0416,CA0416,SFC_7E0BA3D04E9B,SRC004,train,LIQ_6656B41AB7,2,2,interior_fit,no,20.081645222964127,0.06646590000274272,20.14811112296687,0.0,4.481254871457784,0.2578098136276873,20.08164522296412,0.06646590000274286,no,67.0,75.07998022111178,75.07998022111178
PA_CA0417,CA0417,SFC_AE01D8CAA284,SRC004,train,LIQ_0F4168490E,2,2,boundary_fit,yes,23.340191788087303,0.0,23.340191788087303,1.477755597756527,4.956156778312494,-0.4249084836192814,24.563490011212874,0.18054721945163713,yes,115.0,112.35248075463433,106.3143491456225
PA_CA0418,CA0418,SFC_AE01D8CAA284,SRC004,train,LIQ_53310FAFB3,2,2,boundary_fit,yes,23.228244443254038,0.0,23.228244443254038,1.7765770943929482,4.956156778312499,-0.297396206550943,24.563490011212927,0.08844450367089116,yes,88.0,85.32958552898815,80.43972728817741
PA_CA0419,CA0419,SFC_AE01D8CAA284,SRC004,train,LIQ_6656B41AB7,2,2,boundary_fit,yes,20.83571021139745,0.0,20.83571021139745,0.3913759962094474,4.736929489515252,-0.15406598516129347,22.438500988639227,0.0237363277837199,yes,67.0,73.6883500953487,70.77889616961544
PA_CA0420,CA0420,SFC_2E8A7F435ADF,SRC004,train,LIQ_0F4168490E,2,2,boundary_fit,yes,36.87884449995885,0.0,36.87884449995885,0.12805835625236028,6.083626569911919,-0.036821435190350076,37.01051224213826,0.001355818089477151,yes,98.0,102.77008673218405,102.26455601551966
PA_CA0421,CA0421,SFC_2E8A7F435ADF,SRC004,train,LIQ_53310FAFB3,2,2,interior_fit,no,37.010512242138326,0.16825791993181344,37.17877016207014,0.0,6.0836265699119245,0.4101925400733367,37.010512242138326,0.16825791993181596,no,69.0,63.92450940238334,63.92450940238331
PA_CA0422,CA0422,SFC_2E8A7F435ADF,SRC004,train,LIQ_6656B41AB7,2,2,interior_fit,no,28.25019722985694,0.8329460148679269,29.083143244724866,0.0,5.315091460159173,0.9126587614590258,28.25019722985697,0.832946014867923,no,45.0,60.56402812243011,60.56402812243005
PA_CA0423,CA0423,SFC_9E9E03484254,SRC004,train,LIQ_0F4168490E,2,2,interior_fit,no,26.84892234132729,0.003663085521461816,26.852585426848755,0.0,5.181594575159971,0.06052342952495326,26.84892234132724,0.003663085521461984,no,109.0,108.87350432253713,108.87350432253716
PA_CA0424,CA0424,SFC_9E9E03484254,SRC004,train,LIQ_53310FAFB3,2,2,interior_fit,no,26.848922341327313,0.002487959352534496,26.85141030067985,0.0,5.181594575159975,0.0498794481979805,26.848922341327285,0.00248795935253502,no,80.0,80.11245168662477,80.11245168662474
PA_CA0425,CA0425,SFC_9E9E03484254,SRC004,train,LIQ_6656B41AB7,2,2,interior_fit,no,27.038901675973303,0.0014375530728854907,27.04033922904619,0.0,5.199894390848077,0.03791507711828586,27.038901675973293,0.001437553072885564,no,63.0,62.66930465497574,62.66930465497576
PA_CA0426,CA0426,SFC_977322D0A384,SRC004,train,LIQ_0F4168490E,2,2,interior_fit,no,25.70280252670422,0.010788819968887222,25.71359134667311,0.0,5.069793144370313,0.10386924457647073,25.70280252670422,0.010788819968886695,no,110.0,109.22729857133281,109.22729857133285
PA_CA0427,CA0427,SFC_977322D0A384,SRC004,train,LIQ_53310FAFB3,2,2,interior_fit,no,25.702802526704268,0.001530282052674638,25.70433280875694,0.0,5.069793144370315,0.039118819673846845,25.702802526704243,0.001530282052674947,no,81.0,81.68157270816064,81.68157270816064
PA_CA0428,CA0428,SFC_977322D0A384,SRC004,train,LIQ_6656B41AB7,2,2,boundary_fit,yes,26.455231752151168,0.0,26.455231752151168,0.08551692842070402,5.181116229693813,-0.03366391897486799,26.84396538559663,0.0011332594407464773,yes,65.0,63.685946307813175,63.0086310748846
PA_CA0429,CA0429,SFC_D23857573968,SRC016,train,LIQ_0F4168490E,2,2,interior_fit,no,43.63276208761603,1.016063307408918,44.64882539502495,0.0,6.6055099793744905,1.0079996564527782,43.63276208761598,1.016063307408919,no,95.1,87.41767703228734,87.41767703228736
PA_CA0430,CA0430,SFC_D23857573968,SRC016,train,LIQ_6656B41AB7,2,2,boundary_fit,yes,53.06789482436998,0.0,53.06789482436998,1.1232678318634903,7.779322225094389,-0.44217674765988463,60.51785428184751,0.1955202761710733,yes,31.4,0.0,0.0
PA_CA0431,CA0431,SFC_D23857573968,SRC016,train,LIQ_53310FAFB3,2,2,interior_fit,no,43.632762087616065,0.10579315228727743,43.73855523990334,0.0,6.605509979374495,0.3252585929491825,43.63276208761604,0.105793152287282,no,48.3,57.232564259609795,57.232564259609696
PA_CA0432,CA0432,SFC_CDEB89D989AC,SRC016,train,LIQ_0F4168490E,2,2,interior_fit,no,38.74446073567864,1.1073315190910056,39.85179225476965,0.0,6.2245048586758,1.0522982082523005,38.74446073567864,1.107331519091002,no,88.7,89.7207321011447,89.72073210114472
PA_CA0433,CA0433,SFC_CDEB89D989AC,SRC016,train,LIQ_6656B41AB7,2,2,interior_fit,no,36.8255455709603,1.5503980578715633,38.37594362883186,0.0,6.06840552130132,1.2451498134246954,36.825545570960344,1.550398057871554,no,41.7,45.345046182099395,45.34504618209931
PA_CA0434,CA0434,SFC_CDEB89D989AC,SRC016,train,LIQ_53310FAFB3,2,2,interior_fit,no,38.74446073567868,1.3066604170390543,40.051121152717734,0.0,6.224504858675803,1.1430924796529223,38.74446073567868,1.3066604170390665,no,54.0,52.82328325415988,52.8232832541598
PA_CA0435,CA0435,SFC_6A9ED69E4397,SRC016,train,LIQ_0F4168490E,2,2,interior_fit,no,40.65043765513153,1.3306008495400932,41.98103850467162,0.0,6.375769573559848,1.153516731365477,40.65043765513152,1.330600849540094,no,68.3,87.47041167544303,87.47041167544303
PA_CA0436,CA0436,SFC_6A9ED69E4397,SRC016,train,LIQ_6656B41AB7,2,2,interior_fit,no,12.407276099802415,21.890163704238606,34.29743980404102,0.0,3.5223963575671644,4.678692520805208,12.407276099802427,21.89016370423859,no,37.9,90.66417307219301,90.664173072193
PA_CA0437,CA0437,SFC_6A9ED69E4397,SRC016,train,LIQ_53310FAFB3,2,2,interior_fit,no,40.650437655131554,7.913895413114781,48.564333068246334,0.0,6.375769573559852,2.813164661571521,40.650437655131576,7.913895413114811,no,50.2,19.68882629151261,19.688826291512306
PA_CA0438,CA0438,SFC_5A7AACDD77C7,SRC016,train,LIQ_0F4168490E,2,2,interior_fit,no,40.06012866868562,0.20803200945149258,40.268160678137114,0.0,6.329307123902712,0.4561052613722964,40.06012866868562,0.2080320094514908,no,98.1,95.66153865401051,95.66153865401053
PA_CA0439,CA0439,SFC_5A7AACDD77C7,SRC016,train,LIQ_6656B41AB7,2,2,boundary_fit,yes,44.86439678331575,0.0,44.86439678331575,0.003305454954407594,6.699544360759436,-0.0013011993042206873,44.88389464178356,1.6931196293044009e-06,yes,39.1,28.41438791609217,28.365177286444368
PA_CA0440,CA0440,SFC_5A7AACDD77C7,SRC016,train,LIQ_53310FAFB3,2,2,interior_fit,no,40.06012866868568,0.05796486073201269,40.11809352941769,0.0,6.329307123902716,0.24075892658843762,40.060128668685664,0.05796486073201669,no,59.8,62.36039023569584,62.36039023569573
PA_CA0441,CA0441,SFC_66D5DCF7DD85,SRC016,train,LIQ_0F4168490E,2,2,interior_fit,no,23.48980973982844,1.6010436680124223,25.090853407840864,0.0,4.846628698366364,1.265323542819154,23.489809739828434,1.6010436680124156,no,105.5,97.47379173535056,97.47379173535062
PA_CA0442,CA0442,SFC_66D5DCF7DD85,SRC016,train,LIQ_6656B41AB7,2,2,boundary_fit,yes,33.6740159024285,0.0,33.6740159024285,0.5580488645703205,6.048628639332169,-0.2196771108112561,36.58590841654933,0.04825803301438089,yes,68.9,51.07210404227655,45.790327064352
PA_CA0443,CA0443,SFC_66D5DCF7DD85,SRC016,train,LIQ_53310FAFB3,2,2,interior_fit,no,23.489809739828477,0.32056802513049515,23.81037776495897,0.0,4.8466286983663665,0.5661872703712982,23.48980973982846,0.3205680251305016,no,71.5,79.02813331817022,79.02813331817018
PA_CA0444,CA0444,SFC_FC48A7AD25F0,SRC016,train,LIQ_0F4168490E,2,2,interior_fit,no,41.981988616153174,0.10802066228470955,42.09000927843788,0.0,6.479350940962618,0.3286649696647132,41.98198861615317,0.10802066228470684,no,91.7,95.99308735682226,95.99308735682231
PA_CA0445,CA0445,SFC_FC48A7AD25F0,SRC016,train,LIQ_6656B41AB7,2,2,interior_fit,no,33.92335087563402,1.2946997507250801,35.2180506263591,0.0,5.82437557817437,1.13784873806894,33.92335087563402,1.294699750725079,no,35.1,50.627526383453045,50.627526383453045
PA_CA0446,CA0446,SFC_FC48A7AD25F0,SRC016,train,LIQ_53310FAFB3,2,2,interior_fit,no,41.981988616153224,0.5035713005866594,42.48555991673988,0.0,6.479350940962622,0.7096275787951496,41.98198861615321,0.5035713005866662,no,59.1,54.35707400127336,54.357074001273325
PA_CA0447,CA0447,SFC_AFFB3785B9F0,SRC017,internal_test,LIQ_0F4168490E,7,7,interior_fit,no,0.048480861144657536,0.004705890283931999,0.053186751428589536,0.4511102303619559,0.22018369863515666,0.06859949186351161,0.04848086114465749,0.004705890283931995,no,166.0,163.3951074611017,163.3951074611017
PA_CA0448,CA0448,SFC_AFFB3785B9F0,SRC017,internal_test,LIQ_6656B41AB7,7,7,interior_fit,no,0.059692644846296224,1.3278340003282633e-05,0.059705923186299505,0.2799097954359575,0.24432078267371418,0.003643945664150652,0.05969264484629628,1.3278340003282336e-05,no,162.0,158.66071353569464,158.66071353569464
PA_CA0449,CA0449,SFC_AFFB3785B9F0,SRC017,internal_test,LIQ_53310FAFB3,7,7,interior_fit,no,0.04967344233033156,0.00011952220016040884,0.049792964530491965,0.4767725131662671,0.22287539642215234,0.010932620919084583,0.04967344233033156,0.00011952220016040584,no,160.0,161.4425844578061,161.4425844578061
PA_CA0450,CA0450,SFC_AFFB3785B9F0,SRC017,internal_test,LIQ_4BDC3033E4,7,7,interior_fit,no,0.04851427103080057,0.0004690552833843578,0.04898332631418493,0.4778223843988435,0.22025955377871934,0.021657684164849193,0.048514271030800554,0.0004690552833843595,no,156.0,157.5626017518868,157.5626017518868
PA_CA0451,CA0451,SFC_AFFB3785B9F0,SRC017,internal_test,LIQ_63C19A56DE,7,7,interior_fit,no,0.051476779142318595,0.00037490433005784045,0.05185168347237643,0.5007452936248911,0.2268849469275531,0.01936244638618375,0.05147677914231858,0.0003749043300578402,no,157.0,156.18466060243955,156.18466060243955
PA_CA0452,CA0452,SFC_AFFB3785B9F0,SRC017,internal_test,LIQ_B6950B5CB8,7,7,interior_fit,no,0.05022061212841862,0.00047844952892300136,0.05069906165734162,0.5059769652599091,0.22409955851901775,0.021873489180352635,0.05022061212841866,0.0004784495289230038,no,156.0,156.13932114464583,156.13932114464583
PA_CA0453,CA0453,SFC_AFFB3785B9F0,SRC017,internal_test,LIQ_E0B206B2DD,7,7,interior_fit,no,0.04815887909734527,0.0006793272549160917,0.04883820635226136,0.4780938809530126,0.2194513137289118,0.026063907130668112,0.04815887909734527,0.0006793272549160921,no,154.0,155.91111909087678,155.91111909087678
PA_CA0454,CA0454,SFC_AFFB3785B9F0,SRC017,internal_test,LIQ_FCA4FC7284,7,7,interior_fit,no,0.04759288398249672,0.0007414672563089161,0.04833435123880563,0.457384266904311,0.21815793357679367,0.02722989636977913,0.04759288398249672,0.0007414672563089107,no,153.0,155.58340426551717,155.58340426551717
PA_CA0455,CA0455,SFC_8D989D0E7E7F,SRC018,internal_test,LIQ_0F4168490E,3,3,boundary_fit,yes,0.49766176783773086,0.0,0.49766176783773086,3.55559765710546,1.0798051232932169,-0.7989540163976472,1.1659791042902794,0.6383275203179318,yes,162.0,155.43791389871785,134.8088317181495
PA_CA0456,CA0456,SFC_8D989D0E7E7F,SRC018,internal_test,LIQ_5C0DC0DCD1,3,3,boundary_fit,yes,0.5657666302631278,0.0,0.5657666302631278,3.3074359769942943,1.0340114248629897,-0.5039793366433681,1.0691796267471902,0.2539951717634894,yes,157.8,148.83369811156393,136.0463064596815
PA_CA0457,CA0457,SFC_8D989D0E7E7F,SRC018,internal_test,LIQ_53310FAFB3,3,3,boundary_fit,yes,0.4991899967636758,0.0,0.4991899967636758,3.6265238136933604,1.0189173902521844,-0.5300090746296212,1.0381926481583224,0.2809096191897474,yes,153.8,147.29531761650668,132.46290628463987
PA_CA0458,CA0458,SFC_8D989D0E7E7F,SRC018,internal_test,LIQ_6656B41AB7,3,3,boundary_fit,yes,0.16709975168685148,0.0,0.16709975168685148,0.3236409924092031,0.46561030553536004,-0.05665715899901308,0.21679295662073134,0.003210033665839449,yes,134.2,152.2877258212464,150.38279849378682
PA_CA0459,CA0459,SFC_9BFFAF330A15,SRC012,internal_test,LIQ_0F4168490E,3,3,boundary_fit,yes,0.042411208453634615,0.0,0.042411208453634615,0.43962702898819045,0.2214090274662759,-0.07071182650238102,0.04902195744356211,0.0050001624073028345,yes,168.1,166.8012769890593,163.28088586395032
PA_CA0460,CA0460,SFC_9BFFAF330A15,SRC012,internal_test,LIQ_6656B41AB7,3,3,boundary_fit,yes,0.041699968830016775,0.0,0.041699968830016775,0.4642136348245623,0.2587353258121868,-0.07514767495850523,0.06694396882313844,0.005647173051669154,yes,161.1,160.5097872543803,158.03264130466192
PA_CA0461,CA0461,SFC_9BFFAF330A15,SRC012,internal_test,LIQ_53310FAFB3,3,3,boundary_fit,yes,0.04396498180078374,0.0,0.04396498180078374,0.41643834400437274,0.22140902746627586,-0.03521651422206891,0.049021957443562095,0.0012402028739531817,yes,164.4,162.35483037822667,160.7213036721285
PA_CA0462,CA0462,SFC_9BFFAF330A15,SRC012,internal_test,LIQ_B6950B5CB8,3,3,boundary_fit,yes,0.03199728605807529,0.0,0.03199728605807529,0.13416541231806847,0.1894557706208817,-0.018915385729865217,0.03589348902155214,0.00035779181730958865,yes,153.5,158.71379562898866,158.08589500276514
PA_CA0463,CA0463,SFC_5523B41BFD8F,SRC002,validation,LIQ_0F4168490E,3,3,boundary_fit,yes,1.3183603083444746,0.0,1.3183603083444746,14.798585639052442,3.5167556489572895,-4.046618815268508,12.367570294473007,16.375123836085105,yes,172.0,148.50875017306595,75.81729588743681
PA_CA0464,CA0464,SFC_5523B41BFD8F,SRC002,validation,LIQ_5C0DC0DCD1,3,3,boundary_fit,yes,1.766505754643382,0.0,1.766505754643382,14.262286176305729,3.0545426947529357,-2.377845804563189,9.330231074068527,5.65415067027876,yes,167.0,138.15612593394906,91.63116040312909
PA_CA0465,CA0465,SFC_5523B41BFD8F,SRC002,validation,LIQ_53310FAFB3,3,3,boundary_fit,yes,1.4345324324913797,0.0,1.4345324324913797,14.747556489184634,3.018695857729798,-2.432761788995433,9.11252468147504,5.918329921996261,yes,163.0,136.99157601551798,83.15517752487673
PA_CA0466,CA0466,SFC_5523B41BFD8F,SRC002,validation,LIQ_B6950B5CB8,3,3,boundary_fit,yes,0.01944524083929976,0.0,0.01944524083929976,0.42195174488913806,0.2646463838934554,-0.12481514857335171,0.07003770850788217,0.015578821313387862,yes,70.0,161.22990033852298,154.03580681673984
PA_CA0467,CA0467,SFC_6DD3FB38C4D9,SRC003,internal_test,LIQ_0F4168490E,1,1,insufficient_probes,no,,,,,,,,,no,166.1,,
PA_CA0468,CA0468,SFC_6DD3FB38C4D9,SRC003,internal_test,LIQ_6656B41AB7,1,1,insufficient_probes,no,,,,,,,,,no,160.5,,
PA_CA0469,CA0469,SFC_D97F8E5A47C3,SDX004,legacy_external,LIQ_0F4168490E,2,2,interior_fit,no,0.3711975252929829,0.00034053172517045595,0.37153805701815334,0.0,0.609259817559785,0.01845350170483842,0.3711975252929825,0.0003405317251704745,no,165.0,156.6686006068011,156.6686006068011
PA_CA0470,CA0470,SFC_D97F8E5A47C3,SDX004,legacy_external,LIQ_1BD1B94C09,2,2,boundary_fit,yes,0.2561170971977524,0.0,0.2561170971977524,1.342042073674965,0.6092598175597853,-0.22465572870570025,0.3711975252929829,0.05047019644028919,yes,150.0,153.0014857924576,146.6191489984972
PA_CA0471,CA0471,SFC_D97F8E5A47C3,SDX004,legacy_external,LIQ_6656B41AB7,2,2,boundary_fit,yes,0.24434940251781986,0.0,0.24434940251781986,1.3331057950057152,0.9213771051347763,-0.4287171855302435,0.8489357698665406,0.18379842516897324,yes,146.0,149.46187777326006,137.85553703261556
PA_CA0472,CA0472,SFC_D3AB5237A040,SDX004,legacy_external,LIQ_0F4168490E,2,2,boundary_fit,yes,1.0920638946365724,0.0,1.0920638946365724,3.5111897088402646,1.3696694819080946,-1.0709860318395297,1.8759944896703882,1.1470110803953821,yes,162.0,149.9919238081939,127.89321286845544
PA_CA0473,CA0473,SFC_D3AB5237A040,SDX004,legacy_external,LIQ_1BD1B94C09,2,2,boundary_fit,yes,1.1512555996928322,0.0,1.1512555996928322,3.8591784501650217,1.3696694819080952,-0.646020392306372,1.87599448967039,0.41734234727567876,yes,150.0,140.25901561623678,127.44124564339819
PA_CA0474,CA0474,SFC_D3AB5237A040,SDX004,legacy_external,LIQ_6656B41AB7,2,2,boundary_fit,yes,0.2871685129684818,0.0,0.2871685129684818,0.8996221533245592,0.8240747198347972,-0.28931198038360384,0.6790991438707995,0.08370142199348277,yes,128.0,148.1712476982055,140.24258370190577
PA_CA0475,CA0475,SFC_37A719049846,SDX004,legacy_external,LIQ_0F4168490E,2,2,boundary_fit,yes,6.622126116081985,0.0,6.622126116081985,6.013838304145175,3.1293994337023636,-1.8343460067865034,9.793140815656674,3.3648252726135905,yes,150.0,132.06051666779322,103.810079207662
PA_CA0476,CA0476,SFC_37A719049846,SDX004,legacy_external,LIQ_1BD1B94C09,2,2,boundary_fit,yes,6.26674104954191,0.0,6.26674104954191,8.142979506431136,3.1293994337023654,-1.3631219398684316,9.793140815656685,1.8581014229506758,yes,127.0,117.44633224245004,96.96215126669823
PA_CA0477,CA0477,SFC_37A719049846,SDX004,legacy_external,LIQ_6656B41AB7,2,2,boundary_fit,yes,2.435380643125006,0.0,2.435380643125006,3.00872761125804,2.524415503811446,-0.9675850471568539,6.372673635883598,0.9362208234815311,yes,97.0,124.20068913980002,106.95568244726331
PA_CA0478,CA0478,SFC_37DC2984D4A3,SDX004,legacy_external,LIQ_0F4168490E,2,2,boundary_fit,yes,8.308896637078712,0.0,8.308896637078712,8.039921491784757,3.6259011806633317,-2.452343601118603,13.147159371935743,6.013989137947357,yes,126.0,129.0691752501617,93.08233195349948
PA_CA0479,CA0479,SFC_37DC2984D4A3,SDX004,legacy_external,LIQ_1BD1B94C09,2,2,boundary_fit,yes,12.264760491015398,0.0,12.264760491015398,1.6101584574920018,3.625901180663333,-0.26953798893127545,13.147159371935752,0.07265072747711637,yes,126.0,104.23144488698568,100.29217119040163
PA_CA0480,CA0480,SFC_37DC2984D4A3,SDX004,legacy_external,LIQ_6656B41AB7,2,2,interior_fit,no,0.6781402408457994,2.4419352026175702,3.1200754434633695,0.0,0.8234927084351131,1.5626692556704287,0.6781402408457983,2.4419352026175716,no,89.0,140.2572173374801,140.25721733748014
PA_CA0481,CA0481,SFC_F4538DDCF09A,SDX004,legacy_external,LIQ_0F4168490E,2,2,interior_fit,no,1.0003808754591417,0.0024687828658855934,1.0028496583250273,0.0,1.0001904195997582,0.049686848017213466,1.0003808754591403,0.0024687828658856697,no,161.0,149.5370114773752,149.5370114773752
PA_CA0482,CA0482,SFC_F4538DDCF09A,SDX004,legacy_external,LIQ_1BD1B94C09,2,2,boundary_fit,yes,0.6845846466765421,0.0,0.6845846466765421,2.247506022649768,1.0001904195997586,-0.37622896717850707,1.0003808754591412,0.14154823574420614,yes,141.0,145.2678567107348,136.72437378367968
PA_CA0483,CA0483,SFC_F4538DDCF09A,SDX004,legacy_external,LIQ_6656B41AB7,2,2,boundary_fit,yes,0.6660295775220568,0.0,0.6660295775220568,2.2815654060625308,1.5470050705683416,-0.7337349392334621,2.3932246883641595,0.5383669610519324,yes,136.0,140.44332643271093,124.46480596950452
PA_CA0484,CA0484,SFC_4B8196140353,SDX004,legacy_external,LIQ_0F4168490E,2,2,interior_fit,no,2.633390827086982,0.10510531487050451,2.7384961419574863,0.0,1.6227725740494197,0.3241994985660915,2.6333908270869792,0.10510531487050516,no,158.0,136.73908382108016,136.73908382108016
PA_CA0485,CA0485,SFC_4B8196140353,SDX004,legacy_external,LIQ_1BD1B94C09,2,2,boundary_fit,yes,1.7055133817382713,0.0,1.7055133817382713,4.120821949144197,1.6227725740494205,-0.6898191018083157,2.633390827086982,0.47585039321963146,yes,127.0,135.95301053723003,123.15185376691987
PA_CA0486,CA0486,SFC_4B8196140353,SDX004,legacy_external,LIQ_6656B41AB7,2,2,boundary_fit,yes,1.9310307691478688,0.0,1.9310307691478688,4.791674363700494,2.9246266195128,-1.540967832319931,8.55344086356287,2.374581860244787,yes,123.0,127.59416941192595,100.33073551705442
PA_CA0487,CA0487,SFC_7287C875CEAD,SDX004,legacy_external,LIQ_0F4168490E,2,2,boundary_fit,yes,2.6469077908037186,0.0,2.6469077908037186,4.050841711224704,2.0014800781520408,-1.2355911385225475,4.005922503239499,1.5266854615954453,yes,146.0,142.30834389523378,120.05656018634238
PA_CA0488,CA0488,SFC_7287C875CEAD,SDX004,legacy_external,LIQ_1BD1B94C09,2,2,boundary_fit,yes,3.242520421111977,0.0,3.242520421111977,2.611515332705272,2.001480078152042,-0.43716355217422476,4.005922503239504,0.19111197134958613,yes,139.0,127.75082733962485,120.2174452338733
PA_CA0489,CA0489,SFC_7287C875CEAD,SDX004,legacy_external,LIQ_6656B41AB7,2,2,interior_fit,no,0.9533840809334342,0.054299257502370135,1.0076833384358044,0.0,0.9764138881301492,0.23302201076801685,0.9533840809334355,0.05429925750236976,no,116.0,136.55307086337507,136.55307086337504
PA_CA0490,CA0490,SFC_72042D49E582,SDX004,legacy_external,LIQ_0F4168490E,2,2,boundary_fit,yes,3.693113619725008,0.0,3.693113619725008,7.782711703023537,2.6413509687969867,-2.373889255481253,6.97673494036478,5.6353501972893385,yes,135.0,138.8941647882304,101.27112157125916
PA_CA0491,CA0491,SFC_72042D49E582,SDX004,legacy_external,LIQ_1BD1B94C09,2,2,boundary_fit,yes,6.420485979763648,0.0,6.420485979763648,1.3980168946884781,2.641350968796988,-0.234025825553354,6.976734940364787,0.05476808702592888,yes,142.0,117.02278880157508,113.32980535692955
PA_CA0492,CA0492,SFC_72042D49E582,SDX004,legacy_external,LIQ_6656B41AB7,2,2,boundary_fit,yes,0.0,2.1623348019779076,2.1623348019779076,0.30697197403740706,-0.10592591740823291,1.5621365339722635,0.01122029997877578,2.440270550770877,yes,105.0,180.0,165.99544034369197
PA_CA0493,CA0493,SFC_8510C10E7F44,SDX004,legacy_external,LIQ_0F4168490E,2,2,interior_fit,no,0.6307318156857115,0.004271973869306238,0.6350037895550177,0.0,0.7941862600710938,0.06536033865660663,0.6307318156857111,0.004271973869306308,no,156.0,152.28920955258099,152.28920955258099
PA_CA0494,CA0494,SFC_8510C10E7F44,SDX004,legacy_external,LIQ_1BD1B94C09,2,2,boundary_fit,yes,0.5747122216660605,0.0,0.5747122216660605,0.4693974096792637,0.7941862600710942,-0.07857638683062822,0.6307318156857116,0.006174248567356523,yes,145.0,146.79825325126436,144.80205591015064
PA_CA0495,CA0495,SFC_8510C10E7F44,SDX004,legacy_external,LIQ_6656B41AB7,2,2,boundary_fit,yes,0.6089567565215088,0.0,0.6089567565215088,0.6200209368942247,0.9789803144376716,-0.19939425065208502,0.9584024560564824,0.039758067193106504,yes,141.0,141.35466605615034,136.49310254558128
PA_CA0496,CA0496,SFC_3FA2C1A21D11,SDX004,legacy_external,LIQ_0F4168490E,2,2,boundary_fit,yes,0.6989022334558934,0.0,0.6989022334558934,1.7757248501835328,1.0001904195997582,-0.5416330841220928,1.0003808754591403,0.29336639781561,yes,153.0,153.22282510210707,139.94618651600578
PA_CA0497,CA0497,SFC_3FA2C1A21D11,SDX004,legacy_external,LIQ_1BD1B94C09,2,2,boundary_fit,yes,0.9120375079896313,0.0,0.9120375079896313,0.587699544627168,1.0001904195997586,-0.09837997783234999,1.0003808754591412,0.009678620038293674,yes,150.0,142.5933712099339,140.33836063485728
PA_CA0498,CA0498,SFC_3FA2C1A21D11,SDX004,legacy_external,LIQ_6656B41AB7,2,2,interior_fit,no,0.18586202318193107,0.0748999762938994,0.26076199947583045,0.0,0.4311171803372388,0.2736786003579735,0.18586202318193126,0.07489997629389936,no,136.0,151.52504484902798,151.52504484902798
PA_CA0499,CA0499,SFC_1D3B0F1839B5,SDX004,legacy_external,LIQ_0F4168490E,2,2,boundary_fit,yes,1.0438106213888838,0.0,1.0438106213888838,0.7189702384894812,1.0881477777767994,-0.21930090555685108,1.1840655862805867,0.04809288717805492,yes,147.0,150.33682681744398,144.8251051873164
PA_CA0500,CA0500,SFC_1D3B0F1839B5,SDX004,legacy_external,LIQ_1BD1B94C09,2,2,interior_fit,no,1.1840655862805878,0.012292406122624515,1.1963579924032124,0.0,1.0881477777767998,0.11087112393506597,1.1840655862805878,0.012292406122624758,no,143.0,138.5045543467219,138.50455434672187
PA_CA0501,CA0501,SFC_1D3B0F1839B5,SDX004,legacy_external,LIQ_6656B41AB7,2,2,interior_fit,no,0.44123387824241234,0.1505529298779954,0.5917868081204077,0.0,0.6642543776614596,0.388011507404091,0.44123387824241295,0.15055292987799498,no,134.0,144.44973169653494,144.4497316965349
PA_CA0502,CA0502,SFC_D17DAFC2AFDE,SDX004,legacy_external,LIQ_0F4168490E,2,2,boundary_fit,yes,4.244590068196572,0.0,4.244590068196572,6.284873987620539,2.6413509687969867,-1.917017538433274,6.97673494036478,3.6749562426607687,yes,145.0,137.36909704910354,106.56404545794184
PA_CA0503,CA0503,SFC_D17DAFC2AFDE,SDX004,legacy_external,LIQ_1BD1B94C09,2,2,boundary_fit,yes,5.160052549976403,0.0,5.160052549976403,4.809619443401772,2.641350968796988,-0.8051227171259476,6.976734940364787,0.6482225896322686,yes,136.0,120.71901485095954,108.07028612528855
PA_CA0504,CA0504,SFC_D17DAFC2AFDE,SDX004,legacy_external,LIQ_6656B41AB7,2,2,interior_fit,no,1.4734025259769379,0.01643050443695989,1.4898330304138978,0.0,1.2138379323356718,0.12818152923475262,1.473402525976939,0.01643050443695974,no,105.0,131.2532806209906,131.25328062099058
PA_CA0505,CA0505,SFC_65564B0B1510,SDX004,legacy_external,LIQ_0F4168490E,2,2,interior_fit,no,1.2842880461373443,0.44173293613142744,1.7260209822687718,0.0,1.1332643319796767,0.664629924191974,1.284288046137343,0.44173293613142905,no,155.0,136.4056443911353,136.40564439113527
PA_CA0506,CA0506,SFC_65564B0B1510,SDX004,legacy_external,LIQ_1BD1B94C09,2,2,boundary_fit,yes,1.0247554701254733,0.0,1.0247554701254733,1.5733372981172309,1.1332643319796771,-0.26337418486478087,1.2842880461373438,0.06936596125318777,yes,131.0,141.4446167589284,135.7556310672458
PA_CA0507,CA0507,SFC_65564B0B1510,SDX004,legacy_external,LIQ_6656B41AB7,2,2,boundary_fit,yes,1.6548076706705015,0.0,1.6548076706705015,3.241129825920572,2.324688141302403,-1.0423239191611477,5.4041749543120225,1.0864391524554549,yes,133.0,129.7194779325405,110.34528210488506
PA_CA0508,CA0508,SFC_FD7BF6ACBE27,SDX004,legacy_external,LIQ_0F4168490E,2,2,interior_fit,no,1.3903268567354017,0.11705097283419481,1.5073778295695965,0.0,1.1791212222394274,0.342127129637793,1.390326856735401,0.11705097283419523,no,149.0,141.4101082661076,141.4101082661076
PA_CA0509,CA0509,SFC_FD7BF6ACBE27,SDX004,legacy_external,LIQ_1BD1B94C09,2,2,boundary_fit,yes,1.3442661162489533,0.0,1.3442661162489533,0.25618688557373304,1.1791212222394278,-0.042885281014929624,1.3903268567354021,0.0018391473277294833,yes,134.0,138.6184449116499,137.7004578628879
PA_CA0510,CA0510,SFC_FD7BF6ACBE27,SDX004,legacy_external,LIQ_6656B41AB7,2,2,boundary_fit,yes,1.7129026900806363,0.0,1.7129026900806363,1.1382646465201773,1.673421784553359,-0.36605768084791457,2.8003404690177485,0.1339982257077537,yes,132.0,129.2531374957766,122.03427785409393
PA_CA0511,CA0511,SFC_3A3E77A94794,SDX004,legacy_external,LIQ_0F4168490E,2,2,interior_fit,no,1.8759944896703906,0.3536672279721931,2.2296617176425837,0.0,1.3696694819080948,0.5946992752410197,1.8759944896703888,0.35366722797219413,no,148.0,135.04288913689254,135.0428891368925
PA_CA0512,CA0512,SFC_3A3E77A94794,SDX004,legacy_external,LIQ_1BD1B94C09,2,2,boundary_fit,yes,1.7268689060577105,0.0,1.7268689060577105,0.7227335978476024,1.3696694819080952,-0.12098446559125435,1.87599448967039,0.014637240914401408,yes,128.0,135.80854925639395,133.38238189033845
PA_CA0513,CA0513,SFC_3A3E77A94794,SDX004,legacy_external,LIQ_6656B41AB7,2,2,boundary_fit,yes,2.4635747371045493,0.0,2.4635747371045493,2.244193339402303,2.2885044746102436,-0.721716352789651,5.237252730311107,0.520874493883996,yes,128.0,124.02577694536289,110.96699831537363
PA_CA0514,CA0514,SFC_78D1FEDEA019,SDX004,legacy_external,LIQ_0F4168490E,2,2,boundary_fit,yes,4.05594467664823,0.0,4.05594467664823,2.9487894762928875,2.2865879470879564,-0.8994422409002217,5.228484439767915,0.8089963447156125,yes,142.0,137.87396898244538,122.02125435411004
PA_CA0515,CA0515,SFC_78D1FEDEA019,SDX004,legacy_external,LIQ_1BD1B94C09,2,2,boundary_fit,yes,4.394217407085176,0.0,4.394217407085176,2.475840662314525,2.2865879470879578,-0.41445182611032155,5.2284844397679215,0.17177031616618021,yes,130.0,123.27005696292612,116.44255462003265
PA_CA0516,CA0516,SFC_78D1FEDEA019,SDX004,legacy_external,LIQ_6656B41AB7,2,2,boundary_fit,yes,2.7443193958171097,0.0,2.7443193958171097,0.022885190834458058,1.6639300064228981,-0.007359711916059281,2.768663066274506,5.4165359487384976e-05,yes,111.0,122.35389355649346,122.21447112147818
PA_CA0517,CA0517,SFC_755688E8B50B,SDX005,legacy_external,LIQ_0F4168490E,2,2,boundary_fit,yes,12.460620894297042,0.0,12.460620894297042,6.92526176143533,4.170282538823704,-2.1123491546628568,17.391256453617878,4.462018951204886,yes,125.6,123.1758257706487,92.90312292478727
PA_CA0518,CA0518,SFC_755688E8B50B,SDX005,legacy_external,LIQ_1BD1B94C09,2,2,boundary_fit,yes,15.180998899237766,0.0,15.180998899237766,3.563906410613825,4.170282538823706,-0.5965923180954426,17.391256453617896,0.3559223940104937,yes,114.8,99.26241894682146,90.70358667465325
PA_CA0519,CA0519,SFC_755688E8B50B,SDX005,legacy_external,LIQ_6656B41AB7,2,2,interior_fit,no,4.94737151095643,0.4565790614725524,5.403950572428982,0.0,2.224268758706201,0.675706342631586,4.947371510956423,0.45657906147255434,no,80.2,112.07717529121484,112.07717529121487
PA_CA0520,CA0520,SFC_590E8318F5D5,SDX005,legacy_external,LIQ_0F4168490E,2,2,boundary_fit,yes,14.646670102109857,0.0,14.646670102109857,3.9766379968290906,4.194783876535704,-1.2129574592803705,17.596211770843905,1.4712657980238917,yes,115.5,120.60365289987003,102.94167181301091
PA_CA0521,CA0521,SFC_590E8318F5D5,SDX005,legacy_external,LIQ_1BD1B94C09,2,2,interior_fit,no,17.59621177084393,0.02565040812218557,17.621862178966115,0.0,4.194783876535705,0.16015744791356645,17.596211770843915,0.02565040812218675,no,106.2,94.16348091713374,94.16348091713374
PA_CA0522,CA0522,SFC_590E8318F5D5,SDX005,legacy_external,LIQ_6656B41AB7,2,2,interior_fit,no,5.914146456253075,1.7232471174840132,7.637393573737088,0.0,2.4319018187938997,1.3127250730766176,5.914146456253077,1.723247117484011,no,79.8,108.51735518039256,108.51735518039254
PA_CA0523,CA0523,SFC_42A21ABE09F9,SDX005,legacy_external,LIQ_0F4168490E,2,2,boundary_fit,yes,17.807045997975,0.0,17.807045997975,4.365294968411639,4.623462540281044,-1.3315059349420448,21.376405861382043,1.7729080547858889,yes,116.6,117.30447610233352,98.37861496425303
PA_CA0524,CA0524,SFC_42A21ABE09F9,SDX005,legacy_external,LIQ_1BD1B94C09,2,2,boundary_fit,yes,20.502069089659564,0.0,20.502069089659564,1.242693147404836,4.6234625402810465,-0.20802487497528663,21.376405861382068,0.043274348608483636,yes,101.8,91.42887184622886,88.45821425166642
PA_CA0525,CA0525,SFC_42A21ABE09F9,SDX005,legacy_external,LIQ_6656B41AB7,2,2,interior_fit,no,10.119234591092626,0.5402318339521414,10.659466425044767,0.0,3.1810744397282873,0.7350046489323302,10.119234591092637,0.5402318339521379,no,72.7,96.16367128988166,96.16367128988165
PA_CA0526,CA0526,SFC_9B7B7B694E91,SDX005,legacy_external,LIQ_0F4168490E,2,2,boundary_fit,yes,6.34658960049022,0.0,6.34658960049022,7.401189001662946,3.2035710100756813,-2.2575168809102872,10.262867216597321,5.096382467594912,yes,136.4,132.5983891966404,98.40486709812643
PA_CA0527,CA0527,SFC_9B7B7B694E91,SDX005,legacy_external,LIQ_1BD1B94C09,2,2,boundary_fit,yes,8.336607300582525,0.0,8.336607300582525,4.113448798110586,3.203571010075683,-0.6885848479419084,10.262867216597332,0.4741490928151812,yes,130.5,112.22415744948428,101.9248610395794
PA_CA0528,CA0528,SFC_9B7B7B694E91,SDX005,legacy_external,LIQ_6656B41AB7,2,2,interior_fit,no,1.4144057697455117,0.394821339062961,1.8092271088084728,0.0,1.1892879255022781,0.6283481034131964,1.4144057697455124,0.3948213390629609,no,95.8,131.7804265219981,131.7804265219981
PA_CA0529,CA0529,SFC_55DDAE9FF4E5,SDX006,legacy_external,LIQ_0F4168490E,1,1,insufficient_probes,no,,,,,,,,,no,73.7,,
PA_CA0530,CA0530,SFC_55DDAE9FF4E5,SDX006,legacy_external,LIQ_6656B41AB7,1,1,insufficient_probes,no,,,,,,,,,no,44.2,,
PA_CA0531,CA0531,SFC_8810EE8758ED,SDX006,legacy_external,LIQ_0F4168490E,1,1,insufficient_probes,no,,,,,,,,,no,88.7,,
PA_CA0532,CA0532,SFC_8810EE8758ED,SDX006,legacy_external,LIQ_6656B41AB7,1,1,insufficient_probes,no,,,,,,,,,no,53.9,,
PA_CA0533,CA0533,SFC_15EC92D72DA3,SDX006,legacy_external,LIQ_0F4168490E,1,1,insufficient_probes,no,,,,,,,,,no,99.2,,
PA_CA0534,CA0534,SFC_15EC92D72DA3,SDX006,legacy_external,LIQ_6656B41AB7,1,1,insufficient_probes,no,,,,,,,,,no,66.2,,
PA_CA0535,CA0535,SFC_7ABDB4BDAFA3,SDX006,legacy_external,LIQ_0F4168490E,1,1,insufficient_probes,no,,,,,,,,,no,105.8,,
PA_CA0536,CA0536,SFC_7ABDB4BDAFA3,SDX006,legacy_external,LIQ_6656B41AB7,1,1,insufficient_probes,no,,,,,,,,,no,72.8,,
PA_CA0537,CA0537,SFC_86D193058DBE,SDX006,legacy_external,LIQ_0F4168490E,1,1,insufficient_probes,no,,,,,,,,,no,112.6,,
PA_CA0538,CA0538,SFC_86D193058DBE,SDX006,legacy_external,LIQ_6656B41AB7,1,1,insufficient_probes,no,,,,,,,,,no,78.4,,
PA_CA0539,CA0539,SFC_C578D204BBE3,SDX006,legacy_external,LIQ_0F4168490E,1,1,insufficient_probes,no,,,,,,,,,no,115.4,,
PA_CA0540,CA0540,SFC_C578D204BBE3,SDX006,legacy_external,LIQ_6656B41AB7,1,1,insufficient_probes,no,,,,,,,,,no,83.0,,
PA_CA0541,CA0541,SFC_AEDDDB49C107,SDX006,legacy_external,LIQ_0F4168490E,1,1,insufficient_probes,no,,,,,,,,,no,118.0,,
PA_CA0542,CA0542,SFC_AEDDDB49C107,SDX006,legacy_external,LIQ_6656B41AB7,1,1,insufficient_probes,no,,,,,,,,,no,87.5,,
PA_CA0543,CA0543,SFC_12E012885148,SDX006,legacy_external,LIQ_0F4168490E,1,1,insufficient_probes,no,,,,,,,,,no,120.5,,
PA_CA0544,CA0544,SFC_12E012885148,SDX006,legacy_external,LIQ_6656B41AB7,1,1,insufficient_probes,no,,,,,,,,,no,91.2,,
PA_CA0545,CA0545,SFC_159FF1E1E160,SDX001,legacy_external,LIQ_0F4168490E,1,1,insufficient_probes,no,,,,,,,,,no,76.4,,
PA_CA0546,CA0546,SFC_159FF1E1E160,SDX001,legacy_external,LIQ_6656B41AB7,1,1,insufficient_probes,no,,,,,,,,,no,45.1,,
PA_CA0547,CA0547,SFC_91A5214A0C27,SDX001,legacy_external,LIQ_0F4168490E,1,1,insufficient_probes,no,,,,,,,,,no,73.5,,
PA_CA0548,CA0548,SFC_91A5214A0C27,SDX001,legacy_external,LIQ_6656B41AB7,1,1,insufficient_probes,no,,,,,,,,,no,41.2,,
PA_CA0549,CA0549,SFC_3C4F304244DF,SDX001,legacy_external,LIQ_0F4168490E,1,1,insufficient_probes,no,,,,,,,,,no,51.3,,
PA_CA0550,CA0550,SFC_3C4F304244DF,SDX001,legacy_external,LIQ_6656B41AB7,1,1,insufficient_probes,no,,,,,,,,,no,41.9,,
PA_CA0551,CA0551,SFC_95A0FAE91CD0,SDX001,legacy_external,LIQ_0F4168490E,1,1,insufficient_probes,no,,,,,,,,,no,68.9,,
PA_CA0552,CA0552,SFC_95A0FAE91CD0,SDX001,legacy_external,LIQ_6656B41AB7,1,1,insufficient_probes,no,,,,,,,,,no,50.2,,
PA_CA0553,CA0553,SFC_38EFEBA36525,SDX001,legacy_external,LIQ_0F4168490E,1,1,insufficient_probes,no,,,,,,,,,no,0.0,,
PA_CA0554,CA0554,SFC_38EFEBA36525,SDX001,legacy_external,LIQ_6656B41AB7,1,1,insufficient_probes,no,,,,,,,,,no,34.9,,
PA_CA0555,CA0555,SFC_90843D24007D,SDX009,legacy_external,LIQ_0F4168490E,1,1,insufficient_probes,no,,,,,,,,,no,110.9,,
PA_CA0556,CA0556,SFC_90843D24007D,SDX009,legacy_external,LIQ_6656B41AB7,1,1,insufficient_probes,no,,,,,,,,,no,89.9,,
PA_CA0557,CA0557,SFC_962FBAB11443,SDX009,legacy_external,LIQ_0F4168490E,1,1,insufficient_probes,no,,,,,,,,,no,126.9,,
PA_CA0558,CA0558,SFC_962FBAB11443,SDX009,legacy_external,LIQ_6656B41AB7,1,1,insufficient_probes,no,,,,,,,,,no,103.2,,
PA_CA0559,CA0559,SFC_4A58BED65751,SDX009,legacy_external,LIQ_0F4168490E,1,1,insufficient_probes,no,,,,,,,,,no,120.3,,
PA_CA0560,CA0560,SFC_4A58BED65751,SDX009,legacy_external,LIQ_6656B41AB7,1,1,insufficient_probes,no,,,,,,,,,no,105.9,,
PA_CA0561,CA0561,SFC_FE7D2709B140,SDX009,legacy_external,LIQ_0F4168490E,1,1,insufficient_probes,no,,,,,,,,,no,105.7,,
PA_CA0562,CA0562,SFC_FE7D2709B140,SDX009,legacy_external,LIQ_6656B41AB7,1,1,insufficient_probes,no,,,,,,,,,no,97.3,,
PA_CA0563,CA0563,SFC_40DC495414A4,SDX008,legacy_external,LIQ_0F4168490E,2,2,interior_fit,no,20.883875071611477,0.01118820079998958,20.895063272411466,0.0,4.569887862039009,0.10577429177257791,20.88387507161146,0.011188200799990443,no,118.1,113.1454044243897,113.14540442438965
PA_CA0564,CA0564,SFC_40DC495414A4,SDX008,legacy_external,LIQ_1BD1B94C09,2,2,boundary_fit,yes,19.678094262593582,0.0,19.678094262593582,1.7414610348751367,4.5698878620390095,-0.29151783351406857,20.88387507161147,0.0849826472567362,yes,90.0,92.5637353539663,88.40017826948089
PA_CA0565,CA0565,SFC_40DC495414A4,SDX008,legacy_external,LIQ_6656B41AB7,2,2,boundary_fit,yes,19.868166135318216,0.0,19.868166135318216,1.943444193968805,5.079953811859057,-0.6249976019868918,25.805930730621363,0.39062200248936524,yes,73.6,75.4769909747144,64.81962060980418
PA_CA0566,CA0566,SFC_21ABD9D32070,SDX008,legacy_external,LIQ_0F4168490E,2,2,interior_fit,no,30.702773158289435,26.813964625077475,57.51673778336691,0.0,5.541008316027816,5.178220217900886,30.702773158289414,26.813964625077503,no,24.6,43.3912952596714,43.39129525967139
PA_CA0567,CA0567,SFC_21ABD9D32070,SDX008,legacy_external,LIQ_1BD1B94C09,2,2,interior_fit,no,30.702773158289453,37.316424758703846,68.0191979169933,0.0,5.541008316027819,6.108717112348869,30.702773158289443,37.31642475870391,no,13.7,0.0,0.0
PA_CA0568,CA0568,SFC_21ABD9D32070,SDX008,legacy_external,LIQ_6656B41AB7,2,2,interior_fit,no,18.891054994895512,47.46878245773274,66.35983745262826,0.0,4.346384128778258,6.889759245266316,18.891054994895537,47.46878245773268,no,56.3,77.31300352418468,77.31300352418462
PA_CA0569,CA0569,SFC_086288EDF921,SDX008,legacy_external,LIQ_0F4168490E,2,2,interior_fit,no,35.60176376037068,5.88229470510506,41.48405846547574,0.0,5.966721357694748,2.425344244659938,35.60176376037066,5.882294705105085,no,78.5,76.0431998606166,76.04319986061655
PA_CA0570,CA0570,SFC_086288EDF921,SDX008,legacy_external,LIQ_1BD1B94C09,2,2,interior_fit,no,35.601763760370716,4.893718758753885,40.4954825191246,0.0,5.966721357694751,2.2121751193686965,35.601763760370694,4.893718758753907,no,49.5,51.87295444675663,51.872954446756594
PA_CA0571,CA0571,SFC_086288EDF921,SDX008,legacy_external,LIQ_6656B41AB7,2,2,interior_fit,no,38.94259036675556,4.134084583694196,43.07667495044976,0.0,6.240399856319749,2.0332448410592847,38.942590366755546,4.134084583694196,no,47.6,41.31438325771212,41.314383257712144
PA_CA0572,CA0572,SFC_1B7A5069B364,SDX008,legacy_external,LIQ_0F4168490E,2,2,interior_fit,no,27.941608181627934,4.153477361092058,32.09508554271999,0.0,5.285982234327685,2.038008184746095,27.941608181627906,4.153477361092073,no,73.7,85.53334924297,85.53334924296998
PA_CA0573,CA0573,SFC_1B7A5069B364,SDX008,legacy_external,LIQ_1BD1B94C09,2,2,interior_fit,no,27.94160818162794,9.43486168994341,37.37646987157135,0.0,5.285982234327689,3.071621996591286,27.941608181627952,9.434861689943437,no,63.6,53.13050157419027,53.130501574190205
PA_CA0574,CA0574,SFC_1B7A5069B364,SDX008,legacy_external,LIQ_6656B41AB7,2,2,interior_fit,no,15.673449443248908,15.517443103324243,31.190892546573153,0.0,3.9589707555435307,3.9392185904471217,15.673449443248915,15.517443103324208,no,61.1,83.6319946517665,83.6319946517665
PA_CA0575,CA0575,SFC_775871D74DA8,SDX003,legacy_external,LIQ_0F4168490E,2,2,interior_fit,no,39.45889543450476,5.757032838799074,45.21592827330384,0.0,6.281631590160692,2.3993817617876214,39.45889543450474,5.75703283879907,no,36.2,73.94915494952863,73.94915494952866
PA_CA0576,CA0576,SFC_775871D74DA8,SDX003,legacy_external,LIQ_53310FAFB3,2,2,interior_fit,no,39.45889543450482,26.042628229387574,65.50152366389239,0.0,6.281631590160696,5.1031978434495,39.4588954345048,26.04262822938763,no,32.3,0.0,0.0
PA_CA0577,CA0577,SFC_775871D74DA8,SDX003,legacy_external,LIQ_6656B41AB7,2,2,interior_fit,no,2.666876756507514,66.2990570805079,68.96593383701541,0.0,1.6330574872023056,8.142423292884489,2.6668767565075084,66.2990570805079,no,40.3,122.80305434744761,122.80305434744764
PA_CA0578,CA0578,SFC_C6A0892F143E,SDX003,legacy_external,LIQ_0F4168490E,2,2,interior_fit,no,43.02360485817624,5.448448928481214,48.472053786657455,0.0,6.559238130924673,2.3341912793259314,43.02360485817619,5.448448928481229,no,30.0,72.58388933485459,72.58388933485458
PA_CA0579,CA0579,SFC_C6A0892F143E,SDX003,legacy_external,LIQ_53310FAFB3,2,2,interior_fit,no,43.02360485817627,27.27717340197993,70.30077826015619,0.0,6.559238130924679,5.2227553457901905,43.02360485817627,27.27717340198001,no,26.4,0.0,0.0
PA_CA0580,CA0580,SFC_C6A0892F143E,SDX003,legacy_external,LIQ_6656B41AB7,2,2,interior_fit,no,2.5377555339409623,71.73491750451967,74.27267303846064,0.0,1.5930334377975113,8.469646834698578,2.5377555339409574,71.73491750451964,no,32.8,123.57197227383281,123.57197227383284
PA_CA0581,CA0581,SFC_740023729038,SDX002,legacy_external,LIQ_0F4168490E,2,2,interior_fit,no,35.820643299637226,11.92938450797899,47.75002780761621,0.0,5.985034945565248,3.4538941078120837,35.82064329963721,11.92938450797903,no,58.3,63.55530849176076,63.55530849176071
PA_CA0582,CA0582,SFC_740023729038,SDX002,legacy_external,LIQ_1BD1B94C09,2,2,interior_fit,no,35.820643299637254,14.91781510441304,50.73845840405029,0.0,5.9850349455652525,3.8623587487975635,35.82064329963727,14.91781510441308,no,36.1,29.612758092922924,29.61275809292277
PA_CA0583,CA0583,SFC_740023729038,SDX002,legacy_external,LIQ_6656B41AB7,2,2,interior_fit,no,29.818426400109058,17.683846007878717,47.502272407987775,0.0,5.460625092433018,4.205216523305152,29.818426400109107,17.68384600787867,no,47.2,57.83979973389523,57.83979973389511
PA_CA0584,CA0584,SFC_0DD31A36BF54,SDX002,legacy_external,LIQ_0F4168490E,2,2,interior_fit,no,36.58069120661128,2.0856818558419365,38.66637306245321,0.0,6.048197351824034,1.444188995887293,36.580691206611256,2.085681855841948,no,83.8,86.60924316510359,86.60924316510355
PA_CA0585,CA0585,SFC_0DD31A36BF54,SDX002,legacy_external,LIQ_1BD1B94C09,2,2,interior_fit,no,36.5806912066113,2.866922521938342,39.44761372854964,0.0,6.048197351824037,1.6931989020603453,36.58069120661129,2.866922521938359,no,58.7,56.15507509200017,56.15507509200014
PA_CA0586,CA0586,SFC_0DD31A36BF54,SDX002,legacy_external,LIQ_6656B41AB7,2,2,interior_fit,no,32.81576317881953,3.6184153571588564,36.43417853597839,0.0,5.728504445212517,1.9022132785675872,32.815763178819566,3.618415357158849,no,45.8,52.59413829163441,52.594138291634366
PA_CA0587,CA0587,SFC_B0B8AD6AD8FD,SDX010,legacy_external,LIQ_0F4168490E,2,2,singular_fit,no,,,,,,,,,no,79.9,,
PA_CA0588,CA0588,SFC_B0B8AD6AD8FD,SDX010,legacy_external,LIQ_6656B41AB7,2,2,interior_fit,no,27.5,6.565508787196072,34.06550878719607,0.0,5.244044240850758,2.562324879322696,27.5,6.565508787196068,no,47.3,61.867362098076875,61.867362098076875
PA_CA0589,CA0589,SFC_B0B8AD6AD8FD,SDX010,legacy_external,LIQ_B6950B5CB8,2,2,interior_fit,no,35.76599244516076,4.329950249082979,40.09594269424374,0.0,5.980467577469236,2.080853250251684,35.765992445160755,4.329950249082998,no,0.0,0.0,0.0
PA_CA0590,CA0590,SFC_E7FC3D2DD101,SDX010,legacy_external,LIQ_0F4168490E,2,2,singular_fit,no,,,,,,,,,no,97.5,,
PA_CA0591,CA0591,SFC_E7FC3D2DD101,SDX010,legacy_external,LIQ_6656B41AB7,2,2,interior_fit,no,24.866647839635657,1.3723381498400657,26.238985989475722,0.0,4.986646953578691,1.1714683733844733,24.86664783963564,1.3723381498400637,no,51.3,66.46639465432675,66.46639465432676
PA_CA0592,CA0592,SFC_E7FC3D2DD101,SDX010,legacy_external,LIQ_B6950B5CB8,2,2,interior_fit,no,33.54595388805891,0.4160309668505046,33.96198485490942,0.0,5.791886902215796,0.6450046254489288,33.54595388805889,0.4160309668505129,no,25.6,0.0,0.0
PA_CA0593,CA0593,SFC_F8664D03003D,SDX010,legacy_external,LIQ_0F4168490E,2,2,singular_fit,no,,,,,,,,,no,78.7,,
PA_CA0594,CA0594,SFC_F8664D03003D,SDX010,legacy_external,LIQ_6656B41AB7,2,2,interior_fit,no,27.5,7.114054927119709,34.61405492711971,0.0,5.244044240850758,2.66721857505524,27.5,7.114054927119705,no,35.6,61.867362098076875,61.867362098076875
PA_CA0595,CA0595,SFC_F8664D03003D,SDX010,legacy_external,LIQ_B6950B5CB8,2,2,interior_fit,no,41.749146495308295,3.501921239978407,45.2510677352867,0.0,6.461357945146536,1.8713420959243228,41.74914649530826,3.5019212399784374,no,0.0,0.0,0.0
PA_CA0596,CA0596,SFC_57C35DC0B570,SDX010,legacy_external,LIQ_0F4168490E,2,2,singular_fit,no,,,,,,,,,no,96.8,,
PA_CA0597,CA0597,SFC_57C35DC0B570,SDX010,legacy_external,LIQ_6656B41AB7,2,2,interior_fit,no,22.00565030543539,2.0350077635967123,24.0406580690321,0.0,4.691018045737554,1.426536982905354,22.005650305435378,2.03500776359671,no,60.4,71.558791718714,71.55879171871402
PA_CA0598,CA0598,SFC_57C35DC0B570,SDX010,legacy_external,LIQ_B6950B5CB8,2,2,interior_fit,no,28.344651219311363,1.0255916668445193,29.370242886155882,0.0,5.323969498345323,1.0127149978372645,28.344651219311352,1.0255916668445306,no,37.9,0.0,0.0
PA_CA0599,CA0599,SFC_AD93A15A2199,SDX010,legacy_external,LIQ_0F4168490E,2,2,singular_fit,no,,,,,,,,,no,81.4,,
PA_CA0600,CA0600,SFC_AD93A15A2199,SDX010,legacy_external,LIQ_6656B41AB7,2,2,interior_fit,no,27.5,5.908116873974264,33.408116873974265,0.0,5.244044240850757,2.430661818101041,27.49999999999999,5.908116873974257,no,44.9,61.867362098076875,61.8673620980769
PA_CA0601,CA0601,SFC_AD93A15A2199,SDX010,legacy_external,LIQ_B6950B5CB8,2,2,interior_fit,no,37.06399751468973,3.530160605240192,40.59415811992992,0.0,6.088020820816048,1.8788721630915217,37.06399751468971,3.530160605240214,no,0.0,0.0,0.0
PA_CA0602,CA0602,SFC_B9F3779B4230,SDX010,legacy_external,LIQ_0F4168490E,2,2,singular_fit,no,,,,,,,,,no,99.4,,
PA_CA0603,CA0603,SFC_B9F3779B4230,SDX010,legacy_external,LIQ_6656B41AB7,2,2,interior_fit,no,20.29471107857492,1.7403139398422027,22.035025018417123,0.0,4.504965158419642,1.3192095890502777,20.294711078574913,1.7403139398422027,no,66.8,74.68511017091427,74.68511017091429
PA_CA0604,CA0604,SFC_B9F3779B4230,SDX010,legacy_external,LIQ_B6950B5CB8,2,2,interior_fit,no,24.677040400888682,1.0337617924443316,25.710802193333013,0.0,4.9675990579845175,1.0167407695397779,24.677040400888664,1.0337617924443396,no,44.1,26.547012601055627,26.547012601055737
PA_CA0605,CA0605,SFC_02B9E44B3DAE,SDX010,legacy_external,LIQ_0F4168490E,2,2,singular_fit,no,,,,,,,,,no,81.1,,
PA_CA0606,CA0606,SFC_02B9E44B3DAE,SDX010,legacy_external,LIQ_6656B41AB7,2,2,interior_fit,no,27.50000000000001,6.0370412002590434,33.537041200259054,0.0,5.244044240850757,2.4570391124805155,27.49999999999999,6.03704120025904,no,45.7,61.86736209807685,61.8673620980769
PA_CA0607,CA0607,SFC_02B9E44B3DAE,SDX010,legacy_external,LIQ_B6950B5CB8,2,2,interior_fit,no,36.63460391867822,3.7186227505216976,40.35322666919992,0.0,6.052652634893086,1.9283730838511814,36.634603918678216,3.7186227505217158,no,0.0,0.0,0.0
PA_CA0608,CA0608,SFC_82F5C36F39D2,SDX007,legacy_external,LIQ_0F4168490E,2,2,interior_fit,no,41.22922249681293,2.19066604956211,43.41988854637504,0.0,6.420998559166082,1.4800898788796955,41.2292224968129,2.1906660495621115,no,61.3,83.4535746133524,83.45357461335242
PA_CA0609,CA0609,SFC_82F5C36F39D2,SDX007,legacy_external,LIQ_6656B41AB7,2,2,interior_fit,no,10.315718653007506,29.646453050684997,39.962171703692505,0.0,3.2118092491627666,5.444855650123796,10.315718653007494,29.646453050685025,no,36.7,95.66688306732674,95.66688306732676
PA_CA0610,CA0610,SFC_82F5C36F39D2,SDX007,legacy_external,LIQ_53310FAFB3,2,2,interior_fit,no,41.22922249681299,11.200375254527781,52.429597751340765,0.0,6.420998559166085,3.3466961700351296,41.22922249681294,11.200375254527806,no,44.8,0.0,0.0
PA_CA0611,CA0611,SFC_FF44FFDB2AC3,SDX007,legacy_external,LIQ_0F4168490E,2,2,interior_fit,no,32.69917665659737,1.6733322351754738,34.372508891772846,0.0,5.718319390922247,1.293573436328787,32.69917665659737,1.6733322351754663,no,83.2,90.72870834787031,90.72870834787034
PA_CA0612,CA0612,SFC_FF44FFDB2AC3,SDX007,legacy_external,LIQ_6656B41AB7,2,2,interior_fit,no,20.878331650993236,7.361143926373927,28.239475577367163,0.0,4.569281305740891,2.713142813486593,20.878331650993186,7.361143926373947,no,52.8,73.61016529019334,73.61016529019342
PA_CA0613,CA0613,SFC_FF44FFDB2AC3,SDX007,legacy_external,LIQ_53310FAFB3,2,2,interior_fit,no,32.69917665659742,3.849070261769714,36.548246918367134,0.0,5.718319390922249,1.961904753490784,32.6991766565974,3.849070261769734,no,58.8,50.25217089126208,50.25217089126203
PA_CA0614,CA0614,SFC_ACA747208E92,SDX007,legacy_external,LIQ_0F4168490E,2,2,interior_fit,no,34.21833254082726,5.804145629919521,40.02247817074678,0.0,5.849643796063761,2.4091794515808727,34.21833254082725,5.804145629919514,no,70.0,77.11462933732575,77.11462933732578
PA_CA0615,CA0615,SFC_ACA747208E92,SDX007,legacy_external,LIQ_6656B41AB7,2,2,interior_fit,no,23.104041471227916,13.673111756714501,36.77715322794242,0.0,4.806666357386156,3.6977171006871936,23.104041471227898,13.673111756714505,no,50.1,69.58709757457488,69.58709757457491
PA_CA0616,CA0616,SFC_ACA747208E92,SDX007,legacy_external,LIQ_53310FAFB3,2,2,interior_fit,no,34.2183325408273,9.095177575287813,43.31351011611511,0.0,5.8496437960637655,3.0158212107629745,34.2183325408273,9.095177575287853,no,41.4,30.65086001336726,30.650860013367133
PA_EXT_936D30510340,EXT_936D30510340,SFC_96F700A16BD8,OPEN_CELLULOSE_ESTER,prospective_open_external,LIQ_1BD1B94C09,2,2,interior_fit,no,44.63032788922155,9.895441571947202,54.52576946116875,0.0,6.680593378527205,3.145702079337336,44.63032788922154,9.895441571947238,no,50.7,24.293302936519424,24.293302936519332
PA_EXT_A05461A4CCC6,EXT_A05461A4CCC6,SFC_96F700A16BD8,OPEN_CELLULOSE_ESTER,prospective_open_external,LIQ_6656B41AB7,2,2,interior_fit,no,18.53677461935373,22.076597946334473,40.6133725656882,0.0,4.305435473834646,4.698574033292915,18.536774619353764,22.07659794633445,no,29.0,77.98695857637682,77.98695857637672
PA_EXT_559D6064BED1,EXT_559D6064BED1,SFC_96F700A16BD8,OPEN_CELLULOSE_ESTER,prospective_open_external,LIQ_0F4168490E,2,2,interior_fit,no,44.63032788922151,1.6787954883497551,46.30912337757127,0.0,6.680593378527201,1.2956834059097018,44.630327889221476,1.6787954883497649,no,61.7,83.61969464839534,83.61969464839532
PA_EXT_14ACC371AD61,EXT_14ACC371AD61,SFC_A70448B898F8,OPEN_CELLULOSE_ESTER,prospective_open_external,LIQ_1BD1B94C09,2,2,interior_fit,no,41.65539238694304,6.73676476819577,48.39215715513881,0.0,6.454098882643729,2.595527839996288,41.65539238694303,6.736764768195798,no,61.3,38.74107211581704,38.741072115817005
PA_EXT_F0F5A1C2B409,EXT_F0F5A1C2B409,SFC_A70448B898F8,OPEN_CELLULOSE_ESTER,prospective_open_external,LIQ_6656B41AB7,2,2,interior_fit,no,15.160832536032295,18.228762546687037,33.38959508271933,0.0,3.8936913765772827,4.269515493201429,15.160832536032295,18.228762546687044,no,35.8,84.68702073767878,84.68702073767878
PA_EXT_A61229BDED6F,EXT_A61229BDED6F,SFC_A70448B898F8,OPEN_CELLULOSE_ESTER,prospective_open_external,LIQ_0F4168490E,2,2,interior_fit,no,41.65539238694301,0.36146261932162355,42.01685500626463,0.0,6.454098882643725,0.601217613948249,41.655392386942985,0.36146261932162577,no,70.3,93.10549766285342,93.10549766285342
PA_EXT_94AA6A446187,EXT_94AA6A446187,SFC_5C313003AB36,OPEN_CELLULOSE_ESTER,prospective_open_external,LIQ_1BD1B94C09,2,2,interior_fit,no,39.103372528754846,3.520163776898158,42.623536305653005,0.0,6.25326894741901,1.8762099501117075,39.10337252875485,3.520163776898176,no,71.2,51.051918843585106,51.051918843585035
PA_EXT_5EF19E47F632,EXT_5EF19E47F632,SFC_5C313003AB36,OPEN_CELLULOSE_ESTER,prospective_open_external,LIQ_6656B41AB7,2,2,interior_fit,no,13.224553102989427,12.8666316491452,26.091184752134627,0.0,3.6365578646557326,3.5870087327946636,13.224553102989463,12.866631649145178,no,41.0,88.82863544647921,88.82863544647914
PA_EXT_219685EEFF8F,EXT_219685EEFF8F,SFC_5C313003AB36,OPEN_CELLULOSE_ESTER,prospective_open_external,LIQ_0F4168490E,2,2,boundary_fit,yes,38.491787363026084,0.0,38.491787363026084,0.5309647896658376,6.253268947419007,-0.16195532576864596,39.10337252875481,0.02622952754482824,yes,80.2,101.7819245837612,99.56203704914242
PA_EXT_E11F4024C217,EXT_E11F4024C217,SFC_316C3D980026,OPEN_CELLULOSE_ESTER,prospective_open_external,LIQ_1BD1B94C09,2,2,interior_fit,no,36.90337793018325,1.9626952576707188,38.866073187853964,0.0,6.074815053166906,1.400962261329949,36.90337793018323,1.9626952576707244,no,78.7,58.75130275364871,58.75130275364871
PA_EXT_080C51B10123,EXT_080C51B10123,SFC_316C3D980026,OPEN_CELLULOSE_ESTER,prospective_open_external,LIQ_6656B41AB7,2,2,interior_fit,no,11.006015464507566,10.263481814054218,21.269497278561786,0.0,3.317531531803064,3.2036669324469718,11.006015464507584,10.26348181405419,no,45.2,93.96104401263273,93.9610440126327
PA_EXT_2280601FAB67,EXT_2280601FAB67,SFC_316C3D980026,OPEN_CELLULOSE_ESTER,prospective_open_external,LIQ_0F4168490E,2,2,boundary_fit,yes,34.20456952386242,0.0,34.20456952386242,2.4480142831220704,6.074815053166906,-0.7466953711918283,36.90337793018323,0.5575539773593022,yes,86.9,104.46650874074774,94.2600739419714
PA_EXT_0D0567136BE4,EXT_0D0567136BE4,SFC_CCA852C05DD9,OPEN_CROSS_MATERIAL_2026,prospective_open_external,LIQ_6656B41AB7,4,4,interior_fit,no,17.628003186783772,14.352891328371767,31.98089451515554,3.1497780626121163,4.1985715650425455,3.7885209948437333,17.62800318678381,14.35289132837175,no,43.2,79.73811920429965,79.73811920429958
PA_EXT_03E658446E71,EXT_03E658446E71,SFC_CCA852C05DD9,OPEN_CROSS_MATERIAL_2026,prospective_open_external,LIQ_1BD1B94C09,4,4,interior_fit,no,33.97268902932892,4.841741140139124,38.81443016946804,6.74236230364368,5.828609527951664,2.200395678085904,33.97268902932892,4.841741140139126,no,56.7,54.13375170767527,54.13375170767527
PA_EXT_4192CE86DB7A,EXT_4192CE86DB7A,SFC_CCA852C05DD9,OPEN_CROSS_MATERIAL_2026,prospective_open_external,LIQ_53310FAFB3,4,4,interior_fit,no,34.46670412658423,5.23738530534071,39.70408943192494,5.443640121826835,5.870835045083811,2.288533439856344,34.46670412658423,5.23738530534071,no,57.0,42.86537168453326,42.86537168453326
PA_EXT_EDDBCE0D5ECF,EXT_EDDBCE0D5ECF,SFC_CCA852C05DD9,OPEN_CROSS_MATERIAL_2026,prospective_open_external,LIQ_5C0DC0DCD1,4,4,interior_fit,no,34.14223664712856,5.211129386266049,39.353366033394614,6.257235410001196,5.843135857322553,2.2827898252502457,34.14223664712856,5.211129386266047,no,66.8,60.579365068186824,60.579365068186824
PA_EXT_45B7FC6A550A,EXT_45B7FC6A550A,SFC_CCA852C05DD9,OPEN_CROSS_MATERIAL_2026,prospective_open_external,LIQ_0F4168490E,4,4,interior_fit,no,38.159861084652825,1.4750579454965833,39.634919030149405,1.862873166537275,6.177366840705903,1.214519635698239,38.15986108465283,1.4750579454965833,no,72.8,88.24335536065111,88.24335536065111
PA_EXT_CD007E6F73D6,EXT_CD007E6F73D6,SFC_D997DF0085DF,OPEN_POLYMER_SURFACES_2023,prospective_open_external,LIQ_0F4168490E,2,2,interior_fit,no,46.15191911224044,6.564284287750167,52.71620339999061,0.0,6.793520376965128,2.5620859251301824,46.15191911224041,6.564284287750183,no,56.0,68.0330341980177,68.03303419801769
PA_EXT_0D45D9BA0074,EXT_0D45D9BA0074,SFC_D997DF0085DF,OPEN_POLYMER_SURFACES_2023,prospective_open_external,LIQ_1BD1B94C09,2,2,interior_fit,no,46.15191911224047,12.289588892123463,58.44150800436393,0.0,6.7935203769651284,3.5056509940556664,46.15191911224042,12.289588892123481,no,32.0,8.161277303744217,8.161277303744308
PA_EXT_297563844CCE,EXT_297563844CCE,SFC_D997DF0085DF,OPEN_POLYMER_SURFACES_2023,prospective_open_external,LIQ_6656B41AB7,2,2,interior_fit,no,31.160047318332904,18.469901368908804,49.62994868724171,0.0,5.582118533167581,4.2976623144343,31.160047318332982,18.469901368908783,no,25.0,55.50180788390887,55.50180788390872
PA_EXT_B5BBE06381DD,EXT_B5BBE06381DD,SFC_874E84FC80A7,OPEN_POLYMER_SURFACES_2023,prospective_open_external,LIQ_0F4168490E,2,2,interior_fit,no,39.103372528754825,6.552218723039677,45.655591251794505,0.0,6.253268947419006,2.559730205127034,39.1033725287548,6.552218723039688,no,60.0,72.28325615483185,72.28325615483183
PA_EXT_CF2DEF31E69A,EXT_CF2DEF31E69A,SFC_874E84FC80A7,OPEN_POLYMER_SURFACES_2023,prospective_open_external,LIQ_1BD1B94C09,2,2,interior_fit,no,39.103372528754846,12.653377061606973,51.75674959036182,0.0,6.253268947419008,3.557158565710419,39.10337252875483,12.653377061607006,no,43.0,28.20356755663591,28.203567556635857
PA_EXT_04AB24A5BB0A,EXT_04AB24A5BB0A,SFC_874E84FC80A7,OPEN_POLYMER_SURFACES_2023,prospective_open_external,LIQ_6656B41AB7,2,2,interior_fit,no,24.727888343034056,19.31059097645556,44.03847931948962,0.0,4.972714383818365,4.3943817513338015,24.727888343034067,19.31059097645553,no,41.0,66.71049233981282,66.7104923398128
PA_EXT_1924C779E86F,EXT_1924C779E86F,SFC_E066D95CCC78,OPEN_POLYMER_SURFACES_2023,prospective_open_external,LIQ_0F4168490E,2,2,interior_fit,no,43.37407842448384,0.19615848151674622,43.57023690600059,0.0,6.585899970731704,0.4428978228855319,43.37407842448386,0.196158481516744,no,82.0,93.91805513169265,93.91805513169267
PA_EXT_D02ABE046CF1,EXT_D02ABE046CF1,SFC_E066D95CCC78,OPEN_POLYMER_SURFACES_2023,prospective_open_external,LIQ_1BD1B94C09,2,2,interior_fit,no,43.3740784244839,2.2516309157029886,45.62570934018689,0.0,6.585899970731705,1.5005435400890585,43.374078424483876,2.251630915703004,no,61.0,49.92565751933823,49.9256575193382
PA_EXT_B6135F6CB593,EXT_B6135F6CB593,SFC_E066D95CCC78,OPEN_POLYMER_SURFACES_2023,prospective_open_external,LIQ_6656B41AB7,2,2,interior_fit,no,27.33234977056887,5.70403457843456,33.036384349003434,0.0,5.228034981765991,2.3883120772701645,27.33234977056893,5.704034578434528,no,32.0,62.15883941365688,62.158839413656764
PA_EXT_59D01A9DD4A8,EXT_59D01A9DD4A8,SFC_AC4DDEECE3F7,OPEN_POLYMER_SURFACES_2023,prospective_open_external,LIQ_0F4168490E,2,2,interior_fit,no,39.10337252875481,3.882850587590224,42.98622311634504,0.0,6.253268947419008,1.9704950108006407,39.10337252875483,3.8828505875902173,no,70.0,79.1226305561156,79.1226305561156
PA_EXT_DA68FAFFF9C1,EXT_DA68FAFFF9C1,SFC_AC4DDEECE3F7,OPEN_POLYMER_SURFACES_2023,prospective_open_external,LIQ_1BD1B94C09,2,2,interior_fit,no,39.10337252875485,7.573130584116233,46.67650311287109,0.0,6.253268947419009,2.751932154708081,39.103372528754846,7.573130584116262,no,50.0,40.51437744983749,40.514377449837454
PA_EXT_BFC1FC4FCDFE,EXT_BFC1FC4FCDFE,SFC_AC4DDEECE3F7,OPEN_POLYMER_SURFACES_2023,prospective_open_external,LIQ_6656B41AB7,2,2,interior_fit,no,27.562668440255962,11.613484220339231,39.17615266059519,0.0,5.250016041904632,3.407856249952338,27.56266844025598,11.613484220339213,no,41.0,61.75843189978643,61.75843189978638
PA_EXT_9320E89C123F,EXT_9320E89C123F,SFC_F0BFA31774A7,OPEN_POLYMER_SURFACES_2023,prospective_open_external,LIQ_0F4168490E,2,2,interior_fit,no,42.4863062110891,1.5007793336009208,43.98708554469002,0.0,6.518152054922397,1.225062991686932,42.486306211089065,1.500779333600936,no,96.0,85.61628356931163,85.61628356931159
PA_EXT_61F8100551D0,EXT_61F8100551D0,SFC_F0BFA31774A7,OPEN_POLYMER_SURFACES_2023,prospective_open_external,LIQ_1BD1B94C09,2,2,interior_fit,no,42.48630621108912,0.09161840398577528,42.5779246150749,0.0,6.518152054922402,0.30268532172171564,42.486306211089136,0.0916184039857785,no,54.0,63.31112277128693,63.311122771286854
PA_EXT_DA73FA01DE16,EXT_DA73FA01DE16,SFC_F0BFA31774A7,OPEN_POLYMER_SURFACES_2023,prospective_open_external,LIQ_6656B41AB7,2,2,boundary_fit,yes,52.310985426812906,0.0,52.310985426812906,1.4662695368512253,7.702352325653064,-0.47154168215501924,59.32623134849316,0.2223515580095852,yes,34.0,0.0,0.0
PA_EXT_E8887E8FA242,EXT_E8887E8FA242,SFC_619070545661,OPEN_POLYMER_SURFACES_2023,prospective_open_external,LIQ_0F4168490E,2,2,boundary_fit,yes,38.93825521501931,0.0,38.93825521501931,2.6267115111193107,6.482922939157798,-0.801201749651425,42.02828983505838,0.6419242436445047,yes,91.0,101.51270409128222,90.64412370189284
PA_EXT_2D6D530BDE66,EXT_2D6D530BDE66,SFC_619070545661,OPEN_POLYMER_SURFACES_2023,prospective_open_external,LIQ_1BD1B94C09,2,2,interior_fit,no,42.028289835058395,0.5922016379866728,42.62049147304507,0.0,6.482922939157798,0.7695463845582496,42.02828983505838,0.5922016379866735,no,74.0,59.22076187469778,59.220761874697814
PA_EXT_0DF8EFC4C97A,EXT_0DF8EFC4C97A,SFC_619070545661,OPEN_POLYMER_SURFACES_2023,prospective_open_external,LIQ_6656B41AB7,2,2,interior_fit,no,19.947909310632244,4.359759610707935,24.30766892134018,0.0,4.4663082417845095,2.088003738192999,19.947909310632237,4.359759610707937,no,35.0,75.32852733304856,75.32852733304857
PA_EXT_398B369DB1D4,EXT_398B369DB1D4,SFC_FFE25A9A5A54,OPEN_POLYMER_SURFACES_2023,prospective_open_external,LIQ_0F4168490E,2,2,interior_fit,no,41.561289571404586,0.015069025247438379,41.57635859665203,0.0,6.446804601615017,0.12275595809344378,41.56128957140455,0.015069025247439326,no,87.0,98.56788652294769,98.56788652294767
PA_EXT_4A1E7242F9DF,EXT_4A1E7242F9DF,SFC_FFE25A9A5A54,OPEN_POLYMER_SURFACES_2023,prospective_open_external,LIQ_1BD1B94C09,2,2,interior_fit,no,41.56128957140462,1.3199094089705743,42.881198980375196,0.0,6.446804601615021,1.1488731039460305,41.56128957140461,1.3199094089705865,no,66.0,55.87715674463714,55.87715674463711
PA_EXT_C161311E1FB7,EXT_C161311E1FB7,SFC_FFE25A9A5A54,OPEN_POLYMER_SURFACES_2023,prospective_open_external,LIQ_6656B41AB7,2,2,interior_fit,no,26.310926595438513,4.040812106077676,30.35173870151619,0.0,5.12941776378553,2.010177133010337,26.31092659543855,4.0408121060776585,no,36.0,63.937626579760725,63.93762657976066
PA_EXT_D5FF9F67F45C,EXT_D5FF9F67F45C,SFC_1D7210C10C8C,OPEN_POLYMER_SURFACES_2023,prospective_open_external,LIQ_0F4168490E,2,2,interior_fit,no,40.601677178668616,0.5616482389092377,41.16332541757785,0.0,6.371944536691182,0.7494319441478583,40.6016771786686,0.5616482389092387,no,81.0,92.04210888981638,92.04210888981638
PA_EXT_C9A4F8CA797A,EXT_C9A4F8CA797A,SFC_1D7210C10C8C,OPEN_POLYMER_SURFACES_2023,prospective_open_external,LIQ_1BD1B94C09,2,2,interior_fit,no,40.60167717866863,2.9873961025816467,43.58907328125028,0.0,6.371944536691183,1.7284085462012877,40.601677178668616,2.987396102581649,no,61.0,50.805381046397684,50.805381046397684
PA_EXT_BC643C3D7862,EXT_BC643C3D7862,SFC_1D7210C10C8C,OPEN_POLYMER_SURFACES_2023,prospective_open_external,LIQ_6656B41AB7,2,2,interior_fit,no,26.16403703595821,6.503232697028095,32.667269732986306,0.0,5.115079377288122,2.55014366203712,26.164037035958245,6.503232697028094,no,38.0,64.19396773407405,64.193967734074
PA_EXT_F80C8FA1754C,EXT_F80C8FA1754C,SFC_ECD42A787C67,OPEN_POLYMER_SURFACES_2023,prospective_open_external,LIQ_0F4168490E,2,2,interior_fit,no,39.61019478340704,1.1293259350691207,40.73952071847616,0.0,6.293663065608694,1.0626974805037988,39.610194783407024,1.1293259350691218,no,71.0,89.09552851916426,89.09552851916426
PA_EXT_686D150BDAAF,EXT_686D150BDAAF,SFC_ECD42A787C67,OPEN_POLYMER_SURFACES_2023,prospective_open_external,LIQ_1BD1B94C09,2,2,interior_fit,no,39.610194783407046,6.978401785936032,46.588596569343075,0.0,6.293663065608696,2.64166647893636,39.610194783407046,6.978401785936027,no,59.0,41.20408476551298,41.20408476551298
PA_EXT_3D82C848D389,EXT_3D82C848D389,SFC_ECD42A787C67,OPEN_POLYMER_SURFACES_2023,prospective_open_external,LIQ_6656B41AB7,2,2,interior_fit,no,18.202970718465668,15.737281607619705,33.94025232608537,0.0,4.266493960908143,3.967024276157093,18.202970718465654,15.737281607619709,no,40.0,78.62631628849095,78.62631628849098
PA_EXT_C03E4F87416F,EXT_C03E4F87416F,SFC_5648457375F3,OPEN_POLYMER_SURFACES_2023,prospective_open_external,LIQ_0F4168490E,2,2,interior_fit,no,34.83015014526245,4.4446917184487305,39.27484186371118,0.0,5.901707392379128,2.1082437521426978,34.83015014526245,4.444691718448721,no,80.0,80.17508751811891,80.17508751811893
PA_EXT_B4AB0610DC8D,EXT_B4AB0610DC8D,SFC_5648457375F3,OPEN_POLYMER_SURFACES_2023,prospective_open_external,LIQ_1BD1B94C09,2,2,interior_fit,no,34.83015014526247,4.509621644796577,39.33977179005905,0.0,5.90170739237913,2.123586976037615,34.83015014526247,4.5096216447965825,no,54.0,53.83650238014338,53.83650238014337
PA_EXT_8EC71DE1D3C8,EXT_8EC71DE1D3C8,SFC_5648457375F3,OPEN_POLYMER_SURFACES_2023,prospective_open_external,LIQ_6656B41AB7,2,2,interior_fit,no,34.59802869473379,4.564486108212227,39.16251480294602,0.0,5.882008899579615,2.1364657985121687,34.59802869473379,4.564486108212239,no,49.0,49.41831341386192,49.41831341386192
PA_EXT_D8FBAAD59B4B,EXT_D8FBAAD59B4B,SFC_4CBC1B4A127C,OPEN_POLYMER_SURFACES_2023,prospective_open_external,LIQ_0F4168490E,2,2,boundary_fit,yes,29.39570285900535,0.0,29.39570285900535,3.09984594058335,5.7083977067671166,-0.945517610415807,32.585804378624076,0.8940035516064176,yes,102.0,107.73081584588947,94.71944972784252
PA_EXT_1DC596480B9E,EXT_1DC596480B9E,SFC_4CBC1B4A127C,OPEN_POLYMER_SURFACES_2023,prospective_open_external,LIQ_1BD1B94C09,2,2,interior_fit,no,32.5858043786241,0.09311911306838035,32.67892349169248,0.0,5.70839770676712,0.3051542447163093,32.58580437862412,0.09311911306838119,no,85.0,74.02962456223742,74.02962456223736
PA_EXT_A3F4030D6CB1,EXT_A3F4030D6CB1,SFC_4CBC1B4A127C,OPEN_POLYMER_SURFACES_2023,prospective_open_external,LIQ_6656B41AB7,2,2,interior_fit,no,16.832269698055832,1.835877047179431,18.668146745235262,0.0,4.102714917960527,1.3549454037633513,16.832269698055853,1.835877047179431,no,53.0,81.30065223640253,81.30065223640247
PA_EXT_31D988D57B38,EXT_31D988D57B38,SFC_4BD23D0F3546,OPEN_POLYMER_SURFACES_2023,prospective_open_external,LIQ_0F4168490E,2,2,interior_fit,no,26.848922341327285,7.054117652542072,33.903039993869356,0.0,5.181594575159974,2.655958895115298,26.848922341327274,7.054117652542074,no,82.0,79.2965010389616,79.29650103896161
PA_EXT_CA5F8E2A53C2,EXT_CA5F8E2A53C2,SFC_4BD23D0F3546,OPEN_POLYMER_SURFACES_2023,prospective_open_external,LIQ_1BD1B94C09,2,2,interior_fit,no,26.848922341327313,5.849987266874174,32.69890960820149,0.0,5.181594575159976,2.418674692238334,26.84892234132729,5.8499872668742,no,59.0,61.35556440108628,61.355564401086255
PA_EXT_C03F819C4B66,EXT_C03F819C4B66,SFC_4BD23D0F3546,OPEN_POLYMER_SURFACES_2023,prospective_open_external,LIQ_6656B41AB7,2,2,interior_fit,no,30.098756536825483,4.926192045992472,35.024948582817956,0.0,5.486233365144572,2.2195026573519705,30.098756536825533,4.926192045992458,no,63.0,57.352147086645495,57.35214708664542
PA_EXT_FD5F6987DAB6,EXT_FD5F6987DAB6,SFC_A65652A71181,OPEN_POLYMER_SURFACES_2023,prospective_open_external,LIQ_0F4168490E,2,2,boundary_fit,yes,29.918253217145615,0.0,29.918253217145615,1.4925693590513802,5.607763687353325,-0.4552647585720092,31.447013573198557,0.20726600039762982,yes,102.0,107.3610050856621,101.0327129905525
PA_EXT_4BF4B6EE2A48,EXT_4BF4B6EE2A48,SFC_A65652A71181,OPEN_POLYMER_SURFACES_2023,prospective_open_external,LIQ_1BD1B94C09,2,2,interior_fit,no,31.447013573198586,0.13760278991496638,31.58461636311355,0.0,5.6077636873533265,0.3709485003541155,31.44701357319858,0.13760278991496722,no,82.0,74.73055538154082,74.73055538154082
PA_EXT_63529BCBF35A,EXT_63529BCBF35A,SFC_A65652A71181,OPEN_POLYMER_SURFACES_2023,prospective_open_external,LIQ_6656B41AB7,2,2,interior_fit,no,20.675433530665224,1.1330683863747122,21.808501917039937,0.0,4.547024689911549,1.0644568504052732,20.675433530665217,1.1330683863747142,no,55.0,73.9828008869039,73.98280088690392
PA_EXT_9FD20D27EB85,EXT_9FD20D27EB85,SFC_D9EFE53A22B1,OPEN_POLYMER_SURFACES_2023,prospective_open_external,LIQ_0F4168490E,2,2,interior_fit,no,30.874747879965913,0.03566777741001339,30.910415657375925,0.0,5.556505005843685,0.18885914701176815,30.87474787996593,0.035667777410012654,no,95.0,104.49001862434989,104.4900186243499
PA_EXT_B9EFF76773A7,EXT_B9EFF76773A7,SFC_D9EFE53A22B1,OPEN_POLYMER_SURFACES_2023,prospective_open_external,LIQ_1BD1B94C09,2,2,interior_fit,no,30.87474787996593,1.0403116973491806,31.915059577315112,0.0,5.556505005843686,1.0199567134683611,30.87474787996594,1.0403116973491806,no,77.0,69.52059202064889,69.52059202064889
PA_EXT_525C8E3D6CD6,EXT_525C8E3D6CD6,SFC_D9EFE53A22B1,OPEN_POLYMER_SURFACES_2023,prospective_open_external,LIQ_6656B41AB7,2,2,interior_fit,no,20.155567689562293,2.950029055979907,23.1055967455422,0.0,4.489495259999982,1.7175648622337096,20.155567689562307,2.950029055979902,no,56.0,74.94282838250969,74.94282838250967
PA_EXT_61408262103D,EXT_61408262103D,SFC_6353761F5CC5,OPEN_POLYMER_SURFACES_2023,prospective_open_external,LIQ_0F4168490E,2,2,interior_fit,no,26.84892234132729,0.3753152424252273,27.22423758375252,0.0,5.181594575159974,0.6126297759864701,26.848922341327274,0.3753152424252325,no,98.0,102.42493951701387,102.42493951701385
PA_EXT_6A1E54C20CCE,EXT_6A1E54C20CCE,SFC_6353761F5CC5,OPEN_POLYMER_SURFACES_2023,prospective_open_external,LIQ_1BD1B94C09,2,2,interior_fit,no,26.84892234132732,0.9998773470988281,27.848799688426148,0.0,5.181594575159977,0.9999386716688382,26.848922341327302,0.9998773470988406,no,78.0,74.566077366273,74.56607736627298
PA_EXT_981E9EC8865E,EXT_981E9EC8865E,SFC_6353761F5CC5,OPEN_POLYMER_SURFACES_2023,prospective_open_external,LIQ_6656B41AB7,2,2,interior_fit,no,21.943094228177483,1.7557275543176925,23.698821782495173,0.0,4.684345656351318,1.3250386991773861,21.943094228177458,1.7557275543176996,no,63.0,71.67183744788274,71.6718374478828
PA_EXT_8A8E3AAF6896,EXT_8A8E3AAF6896,SFC_A66B59B95A03,OPEN_POLYMER_SURFACES_2023,prospective_open_external,LIQ_0F4168490E,2,2,interior_fit,no,22.315562837809097,2.2338012914396677,24.549364129248765,0.0,4.723935100931118,1.494590676887713,22.31556283780909,2.2338012914396725,no,92.0,95.78696848214935,95.78696848214933
PA_EXT_80357B8C920D,EXT_80357B8C920D,SFC_A66B59B95A03,OPEN_POLYMER_SURFACES_2023,prospective_open_external,LIQ_1BD1B94C09,2,2,interior_fit,no,22.31556283780912,3.351242150215192,25.666804988024314,0.0,4.7239351009311195,1.8306398199031961,22.315562837809107,3.3512421502152066,no,76.0,72.99636425552802,72.996364255528
PA_EXT_C6419C1CBA62,EXT_C6419C1CBA62,SFC_A66B59B95A03,OPEN_POLYMER_SURFACES_2023,prospective_open_external,LIQ_6656B41AB7,2,2,interior_fit,no,18.425524762854486,4.463557679582063,22.88908244243655,0.0,4.292496332305306,2.1127133453410245,18.4255247628545,4.463557679582063,no,71.0,78.19956306740019,78.19956306740016
PA_EXT_7720DE638AE3,EXT_7720DE638AE3,SFC_62075C90581B,OPEN_POLYMER_SURFACES_2023,prospective_open_external,LIQ_0F4168490E,2,2,interior_fit,no,13.601915497093646,1.2926698896463693,14.894585386740015,0.0,3.688077479811622,1.13695641501615,13.601915497093644,1.2926698896463757,no,108.0,107.68991574942173,107.68991574942171
PA_EXT_8E3054DE5097,EXT_8E3054DE5097,SFC_62075C90581B,OPEN_POLYMER_SURFACES_2023,prospective_open_external,LIQ_1BD1B94C09,2,2,interior_fit,no,13.60191549709366,1.2336512898772838,14.835566786970944,0.0,3.6880774798116236,1.1106985594108298,13.601915497093657,1.2336512898772927,no,92.0,92.2262853354693,92.22628533546927
PA_EXT_BC1C15EECE17,EXT_BC1C15EECE17,SFC_62075C90581B,OPEN_POLYMER_SURFACES_2023,prospective_open_external,LIQ_6656B41AB7,2,2,interior_fit,no,13.851711797156582,1.1851766634088692,15.036888460565452,0.0,3.7217887899713764,1.0886581940209084,13.851711797156602,1.1851766634088656,no,88.0,87.4575754633953,87.45757546339526
PA_EXT_49AD89E9F838,EXT_49AD89E9F838,SFC_36EF2E368C84,OPEN_POLYMER_SURFACES_2023,prospective_open_external,LIQ_0F4168490E,2,2,interior_fit,no,7.298466637114254,0.38006632724385125,7.678532964358105,0.0,2.701567440785858,0.616495196448322,7.29846663711425,0.3800663272438551,no,125.0,122.17563851071422,122.1756385107142
PA_EXT_650589542FBB,EXT_650589542FBB,SFC_36EF2E368C84,OPEN_POLYMER_SURFACES_2023,prospective_open_external,LIQ_1BD1B94C09,2,2,interior_fit,no,7.2984666371142595,0.16582126814194284,7.464287905256202,0.0,2.701567440785859,0.4072115766305574,7.298466637114257,0.1658212681419443,no,109.0,110.91759808187014,110.91759808187014
PA_EXT_C92CA45A6370,EXT_C92CA45A6370,SFC_36EF2E368C84,OPEN_POLYMER_SURFACES_2023,prospective_open_external,LIQ_6656B41AB7,2,2,interior_fit,no,8.82242967096581,0.05361203155268507,8.876041702518496,0.0,2.9702575092011494,0.2315427207939921,8.822429670965816,0.05361203155268458,no,104.0,99.58587372255481,99.58587372255481
PA_EXT_C52AF747E8BF,EXT_C52AF747E8BF,SFC_70D1A1076BBD,OPEN_TEXTILE_ANTI_WETTING_2019,prospective_open_external,LIQ_0F4168490E,2,2,interior_fit,no,34.27413935785309,24.191562350026672,58.46570170787976,0.0,5.854411956623232,4.918491877600971,34.27413935785306,24.191562350026725,no,0.0,44.28113991671709,44.281139916717024
PA_EXT_1366AD9E4A11,EXT_1366AD9E4A11,SFC_70D1A1076BBD,OPEN_TEXTILE_ANTI_WETTING_2019,prospective_open_external,LIQ_1BD1B94C09,2,2,interior_fit,no,34.2741393578531,40.53155781442666,74.80569717227976,0.0,5.854411956623235,6.366439963937984,34.27413935785309,40.531557814426684,no,0.0,0.0,0.0
PA_EXT_B099AADD9565,EXT_B099AADD9565,SFC_70D1A1076BBD,OPEN_TEXTILE_ANTI_WETTING_2019,prospective_open_external,LIQ_6656B41AB7,2,2,interior_fit,no,15.963659534003991,57.48401264326431,73.4476721772683,0.0,3.995454859462697,7.581821195680114,15.96365953400408,57.48401264326423,no,50.0,83.04142666132327,83.0414266613231
PA_EXT_FA599DFEA153,EXT_FA599DFEA153,SFC_B23DE8940451,OPEN_TEXTILE_ANTI_WETTING_2019,prospective_open_external,LIQ_0F4168490E,2,2,interior_fit,no,10.989983330390245,0.032960980783243096,11.022944311173488,0.0,3.315114376667907,0.18155159262105955,10.989983330390245,0.032960980783243166,no,107.0,122.62575219200302,122.62575219200302
PA_EXT_77B7B95A656C,EXT_77B7B95A656C,SFC_B23DE8940451,OPEN_TEXTILE_ANTI_WETTING_2019,prospective_open_external,LIQ_1BD1B94C09,2,2,interior_fit,no,10.98998333039025,2.0718211623205156,13.061804492710767,0.0,3.315114376667907,1.4393822155079299,10.989983330390245,2.0718211623205165,no,105.0,94.00011486374069,94.00011486374069
PA_EXT_5AF9983FF446,EXT_5AF9983FF446,SFC_B23DE8940451,OPEN_TEXTILE_ANTI_WETTING_2019,prospective_open_external,LIQ_6656B41AB7,2,2,interior_fit,no,2.890818640765342,6.225934778723888,9.11675341948923,0.0,1.7002407596470976,2.495182313724567,2.89081864076534,6.225934778723883,no,94.0,121.52704261856235,121.52704261856238
PA_EXT_B067D03F4F2E,EXT_B067D03F4F2E,SFC_C90D1535E78D,OPEN_TEXTILE_ANTI_WETTING_2019,prospective_open_external,LIQ_0F4168490E,2,2,boundary_fit,yes,27.57886694415605,0.0,27.57886694415605,1.0166403112283717,5.345558904361637,-0.31009648097031695,28.57499999999998,0.09615982751017414,yes,101.0,109.04919345542869,104.68374876513815
PA_EXT_1B40295A791F,EXT_1B40295A791F,SFC_C90D1535E78D,OPEN_TEXTILE_ANTI_WETTING_2019,prospective_open_external,LIQ_1BD1B94C09,2,2,interior_fit,no,28.575,0.39633328560818043,28.97133328560818,0.0,5.345558904361637,0.6295500660060184,28.57499999999998,0.3963332856081821,no,84.0,75.77302444821828,75.77302444821828
PA_EXT_3B5D655ADA7C,EXT_3B5D655ADA7C,SFC_C90D1535E78D,OPEN_TEXTILE_ANTI_WETTING_2019,prospective_open_external,LIQ_6656B41AB7,2,2,interior_fit,no,17.132876299151278,2.011496176492746,19.144372475644023,0.0,4.139187879180079,1.4182722504839276,17.132876299151278,2.0114961764927446,no,60.0,80.70694922635106,80.70694922635106
PA_EXT_2E5AD1B19DD9,EXT_2E5AD1B19DD9,SFC_F92838A9E6A2,OPEN_TEXTILE_ANTI_WETTING_2019,prospective_open_external,LIQ_0F4168490E,2,2,boundary_fit,yes,25.184125943045295,0.0,25.184125943045295,1.765223944237377,5.181594575159974,-0.5384300889772647,26.848922341327274,0.28990696071606525,yes,105.0,110.8725218189888,103.28046363651438
PA_EXT_9E923F72BEB3,EXT_9E923F72BEB3,SFC_F92838A9E6A2,OPEN_TEXTILE_ANTI_WETTING_2019,prospective_open_external,LIQ_1BD1B94C09,2,2,interior_fit,no,26.84892234132732,0.15217875944346182,27.001101100770782,0.0,5.181594575159977,0.39010096057747096,26.848922341327302,0.15217875944346554,no,88.0,79.95252741581984,79.95252741581982
PA_EXT_88A27790C2BD,EXT_88A27790C2BD,SFC_F92838A9E6A2,OPEN_TEXTILE_ANTI_WETTING_2019,prospective_open_external,LIQ_6656B41AB7,2,2,interior_fit,no,15.916064370967247,1.367713874998247,17.283778245965493,0.0,3.9894942500230846,1.1694929991232297,15.916064370967254,1.3677138749982465,no,63.0,83.13796011472671,83.1379601147267
PA_EXT_4DA44BDBC109,EXT_4DA44BDBC109,SFC_F8CAAE03FE56,OPEN_TEXTILE_ANTI_WETTING_2019,prospective_open_external,LIQ_0F4168490E,2,2,boundary_fit,yes,27.992614260855937,0.0,27.992614260855937,0.006707295353280074,5.291424857859754,-0.002045864857915752,27.999177026376117,4.18556301685464e-06,yes,96.0,108.7443278042202,108.71523148311148
PA_EXT_AB64302191E1,EXT_AB64302191E1,SFC_F8CAAE03FE56,OPEN_TEXTILE_ANTI_WETTING_2019,prospective_open_external,LIQ_1BD1B94C09,2,2,interior_fit,no,27.999177026376156,1.220398142189712,29.219575168565868,0.0,5.291424857859756,1.1047163175176362,27.999177026376138,1.2203981421897268,no,82.0,72.21012473186013,72.2101247318601
PA_EXT_90EB026C806A,EXT_90EB026C806A,SFC_F8CAAE03FE56,OPEN_TEXTILE_ANTI_WETTING_2019,prospective_open_external,LIQ_6656B41AB7,2,2,interior_fit,no,14.980781022410978,4.135985801789823,19.116766824200802,0.0,3.870501391604322,2.0337123203122442,14.980781022410993,4.135985801789812,no,61.0,85.06135732140176,85.06135732140173
PA_EXT_1D5570A27934,EXT_1D5570A27934,SFC_96459A5711ED,OPEN_TEXTILE_ANTI_WETTING_2019,prospective_open_external,LIQ_0F4168490E,2,2,interior_fit,no,10.582714902581952,0.37097473971356215,10.953689642295513,0.0,3.25310849843376,0.6090769571355974,10.582714902581953,0.3709747397135583,no,106.0,117.59543230367245,117.59543230367248
PA_EXT_C2CBB107CCEB,EXT_C2CBB107CCEB,SFC_96459A5711ED,OPEN_TEXTILE_ANTI_WETTING_2019,prospective_open_external,LIQ_1BD1B94C09,2,2,interior_fit,no,10.582714902581971,2.4499036229704276,13.0326185255524,0.0,3.253108498433762,1.5652167974342832,10.582714902581966,2.449903622970434,no,102.0,93.6807663370289,93.6807663370289
PA_EXT_608AC2D3D381,EXT_608AC2D3D381,SFC_96459A5711ED,OPEN_TEXTILE_ANTI_WETTING_2019,prospective_open_external,LIQ_6656B41AB7,2,2,interior_fit,no,4.102903266042321,5.606397053482275,9.709300319524596,0.0,2.0255624567122874,2.3677831517016665,4.1029032660423175,5.606397053482278,no,95.0,115.56999855314648,115.5699985531465
PA_EXT_0AE552940B30,EXT_0AE552940B30,SFC_DE9D8D16E40F,OPEN_TEXTILE_ANTI_WETTING_2019,prospective_open_external,LIQ_0F4168490E,2,2,boundary_fit,yes,25.10136364422178,0.0,25.10136364422178,3.042324389145712,5.291424857859753,-0.9279723385199747,27.99917702637611,0.8611326610582306,yes,104.0,110.93744777587982,98.00181153336891
PA_EXT_3549187670B3,EXT_3549187670B3,SFC_DE9D8D16E40F,OPEN_TEXTILE_ANTI_WETTING_2019,prospective_open_external,LIQ_1BD1B94C09,2,2,interior_fit,no,27.999177026376138,0.16355498068212052,28.16273200705826,0.0,5.291424857859755,0.4044193129440341,27.999177026376127,0.1635549806821246,no,90.0,78.4473916893813,78.44739168938126
PA_EXT_925A4AF449D5,EXT_925A4AF449D5,SFC_DE9D8D16E40F,OPEN_TEXTILE_ANTI_WETTING_2019,prospective_open_external,LIQ_6656B41AB7,2,2,interior_fit,no,12.822312003439182,2.3189337873924947,15.141245790831675,0.0,3.5808256036058483,1.5228045795152099,12.822312003439189,2.318933787392495,no,61.0,89.72475606097458,89.72475606097456
PA_EXT_AF4963616E76,EXT_AF4963616E76,SFC_A7A6BDD5941D,OPEN_TEXTILE_ANTI_WETTING_2019,prospective_open_external,LIQ_0F4168490E,2,2,interior_fit,no,50.799999999999976,9.57694453790433,60.37694453790431,0.0,7.1274118724821856,3.0946638812485463,50.80000000000001,9.576944537904316,no,0.0,58.5745639041323,58.5745639041323
PA_EXT_74D717509DFB,EXT_74D717509DFB,SFC_A7A6BDD5941D,OPEN_TEXTILE_ANTI_WETTING_2019,prospective_open_external,LIQ_1BD1B94C09,2,2,interior_fit,no,50.80000000000001,30.62688248867178,81.4268824886718,0.0,7.127411872482184,5.534155987020224,50.79999999999999,30.62688248867179,no,0.0,0.0,0.0
PA_EXT_6E149AD2F9BC,EXT_6E149AD2F9BC,SFC_A7A6BDD5941D,OPEN_TEXTILE_ANTI_WETTING_2019,prospective_open_external,LIQ_6656B41AB7,2,2,interior_fit,no,15.963659534003991,57.48401264326431,73.4476721772683,0.0,3.995454859462697,7.581821195680114,15.96365953400408,57.48401264326423,no,0.0,83.04142666132327,83.0414266613231
PA_EXT_A77898F3791B,EXT_A77898F3791B,SFC_AEE4770633F2,OPEN_TEXTILE_ANTI_WETTING_2019,prospective_open_external,LIQ_0F4168490E,2,2,boundary_fit,yes,0.12509127850445625,0.0,0.12509127850445625,0.3757037782907391,0.3884206967614635,-0.11459748177252974,0.1508706376726608,0.013132582828605285,yes,166.0,162.67538721355936,158.078133818271
PA_EXT_2B7215CA739E,EXT_2B7215CA739E,SFC_AEE4770633F2,OPEN_TEXTILE_ANTI_WETTING_2019,prospective_open_external,LIQ_1BD1B94C09,2,2,boundary_fit,yes,0.11650196646723551,0.0,0.11650196646723551,0.6125814004221988,0.38842069676146357,-0.10254516129032962,0.15087063767266085,0.010515510104059716,yes,159.0,157.89528984824537,154.28221901892815
PA_EXT_6A76549F5884,EXT_6A76549F5884,SFC_AEE4770633F2,OPEN_TEXTILE_ANTI_WETTING_2019,prospective_open_external,LIQ_6656B41AB7,2,2,boundary_fit,yes,0.07889125236227898,0.0,0.07889125236227898,0.28740902076608743,0.3729472506420532,-0.09242866315670946,0.13908965176146645,0.008543057772936461,yes,153.0,157.0998418203524,153.55322581654502
PA_EXT_14B3DFB49864,EXT_14B3DFB49864,SFC_E0770C382AAA,OPEN_TEXTILE_ANTI_WETTING_2019,prospective_open_external,LIQ_0F4168490E,2,2,interior_fit,no,0.29323513973742227,8.594973199194437e-06,0.2932437347106215,0.0,0.5415119017504803,0.0029317184720225554,0.29323513973742177,8.594973199198267e-06,no,164.0,158.42932902481155,158.42932902481152
PA_EXT_038669031712,EXT_038669031712,SFC_E0770C382AAA,OPEN_TEXTILE_ANTI_WETTING_2019,prospective_open_external,LIQ_1BD1B94C09,2,2,boundary_fit,yes,0.22051830822598786,0.0,0.22051830822598786,0.9354279033113606,0.5415119017504806,-0.15658915721963862,0.29323513973742216,0.024520164158756703,yes,152.0,154.0106407139157,149.29994995988727
PA_EXT_6181C20E4C23,EXT_6181C20E4C23,SFC_E0770C382AAA,OPEN_TEXTILE_ANTI_WETTING_2019,prospective_open_external,LIQ_6656B41AB7,2,2,boundary_fit,yes,0.2088019864822894,0.0,0.2088019864822894,0.9032792389122409,0.7463137636476593,-0.29048807266845367,0.5569842338099343,0.08438332036263282,yes,148.0,150.66581621304277,142.23968171314868
PA_EXT_72A5665216D0,EXT_72A5665216D0,SFC_D1ADE9B03D51,OPEN_TEXTILE_ANTI_WETTING_2019,prospective_open_external,LIQ_0F4168490E,2,2,boundary_fit,yes,39.182035398890676,0.0,39.182035398890676,9.386108367542171,7.127411872482182,-2.862958651781328,50.79999999999996,8.196532241809559,yes,126.0,101.3664641532741,61.58011016912868
PA_EXT_2BFE763DBE7F,EXT_2BFE763DBE7F,SFC_D1ADE9B03D51,OPEN_TEXTILE_ANTI_WETTING_2019,prospective_open_external,LIQ_1BD1B94C09,2,2,boundary_fit,yes,35.42869540559912,0.0,35.42869540559912,15.285785533138935,7.127411872482186,-2.5588164150344532,50.800000000000026,6.547541445849771,yes,84.0,73.6338134331509,23.15296102627097
PA_EXT_8D65AE043571,EXT_8D65AE043571,SFC_D1ADE9B03D51,OPEN_TEXTILE_ANTI_WETTING_2019,prospective_open_external,LIQ_6656B41AB7,2,2,boundary_fit,yes,19.73417315929798,0.0,19.73417315929798,7.162863033307658,6.736936982614284,-2.303524965147362,45.38631990771606,5.306227265057155,yes,0.0,75.72690328480888,27.07265663744123
PA_EXT_C6C3DE3E198C,EXT_C6C3DE3E198C,SFC_F4A35D2DD4C5,OPEN_TEXTILE_ANTI_WETTING_2019,prospective_open_external,LIQ_0F4168490E,2,2,interior_fit,no,0.6951370729629662,0.02107627517409042,0.7162133481370566,0.0,0.8337488068734883,0.14517670327600948,0.6951370729629652,0.0210762751740905,no,147.0,149.83386220015834,149.83386220015834
PA_EXT_CB7F947E87F6,EXT_CB7F947E87F6,SFC_F4A35D2DD4C5,OPEN_TEXTILE_ANTI_WETTING_2019,prospective_open_external,LIQ_1BD1B94C09,2,2,interior_fit,no,0.6951370729629666,0.076837898519718,0.7719749714826846,0.0,0.833748806873489,0.2771964980293188,0.6951370729629663,0.07683789851971813,no,143.0,141.1501074111485,141.1501074111485
PA_EXT_08747D17F0BD,EXT_08747D17F0BD,SFC_F4A35D2DD4C5,OPEN_TEXTILE_ANTI_WETTING_2019,prospective_open_external,LIQ_6656B41AB7,2,2,interior_fit,no,0.44123387824241234,0.1505529298779954,0.5917868081204077,0.0,0.6642543776614596,0.388011507404091,0.44123387824241295,0.15055292987799498,no,140.0,144.44973169653494,144.4497316965349
PA_EXT_8197A3621B99,EXT_8197A3621B99,SFC_B6F1BA3CA55E,OPEN_TEXTILE_ANTI_WETTING_2019,prospective_open_external,LIQ_0F4168490E,2,2,boundary_fit,yes,1.8735106682064444,0.0,1.8735106682064444,0.5434862241612777,1.419014165715067,-0.16577462422735154,2.013601202500028,0.027481226037719606,yes,145.0,145.53055469075883,141.7631016118134
PA_EXT_9C403EA34EBF,EXT_9C403EA34EBF,SFC_B6F1BA3CA55E,OPEN_TEXTILE_ANTI_WETTING_2019,prospective_open_external,LIQ_1BD1B94C09,2,2,boundary_fit,yes,2.0058373539755237,0.0,2.0058373539755237,0.035616519794067436,1.4190141657150674,-0.005962149298632955,2.0136012025000287,3.5547224259189435e-05,yes,136.0,134.0282064250642,133.90992106935477
PA_EXT_0DF6420B4440,EXT_0DF6420B4440,SFC_B6F1BA3CA55E,OPEN_TEXTILE_ANTI_WETTING_2019,prospective_open_external,LIQ_6656B41AB7,2,2,interior_fit,no,1.4734025259769379,0.01643050443695989,1.4898330304138978,0.0,1.2138379323356718,0.12818152923475262,1.473402525976939,0.01643050443695974,no,127.0,131.2532806209906,131.25328062099058
PA_EXT_E6B7DB163BBF,EXT_E6B7DB163BBF,SFC_ADC096AE0D75,OPEN_TEXTILE_ANTI_WETTING_2019,prospective_open_external,LIQ_0F4168490E,2,2,interior_fit,no,50.800000000000004,9.576944537904309,60.376944537904315,0.0,7.127411872482182,3.094663881248546,50.79999999999996,9.576944537904314,no,129.0,58.57456390413233,58.57456390413233
PA_EXT_CE643B4A3F85,EXT_CE643B4A3F85,SFC_ADC096AE0D75,OPEN_TEXTILE_ANTI_WETTING_2019,prospective_open_external,LIQ_1BD1B94C09,2,2,boundary_fit,yes,34.28066209914935,0.0,34.28066209914935,16.55046537164513,7.127411872482186,-2.7705218274594205,50.800000000000026,7.6757911964290875,yes,0.0,74.88027411477913,17.958660878366135
PA_EXT_FE000B13E4CD,EXT_FE000B13E4CD,SFC_ADC096AE0D75,OPEN_TEXTILE_ANTI_WETTING_2019,prospective_open_external,LIQ_6656B41AB7,2,2,boundary_fit,yes,48.90980391315584,0.0,48.90980391315584,23.923584482606067,14.657466784153593,-7.693651805882306,214.84133252856589,59.19227811015607,yes,0.0,15.753489543639056,0.0
PA_EXT_80DEF70D19C2,EXT_80DEF70D19C2,SFC_7E09C519A040,OPEN_TEXTILE_ANTI_WETTING_2019,prospective_open_external,LIQ_0F4168490E,2,2,interior_fit,no,0.22795474387525805,0.042974605103258616,0.27092934897851667,0.0,0.47744606383889915,0.20730317195657794,0.22795474387525816,0.04297460510325852,no,156.0,153.90764830630687,153.9076483063069
PA_EXT_9AB928688B6A,EXT_9AB928688B6A,SFC_7E09C519A040,OPEN_TEXTILE_ANTI_WETTING_2019,prospective_open_external,LIQ_1BD1B94C09,2,2,interior_fit,no,0.22795474387525827,0.016514181525286612,0.24446892540054488,0.0,0.4774460638388992,0.12850751544282007,0.22795474387525821,0.01651418152528664,no,150.0,151.386352789681,151.386352789681
PA_EXT_5361E028DB1F,EXT_5361E028DB1F,SFC_7E09C519A040,OPEN_TEXTILE_ANTI_WETTING_2019,prospective_open_external,LIQ_6656B41AB7,2,2,interior_fit,no,0.3347876276809818,0.003889752154253759,0.33867737983523555,0.0,0.5786083543131593,0.06236787758336581,0.33478762768098247,0.0038897521542537034,no,150.0,146.89159325116253,146.8915932511625
PA_EXT_3C536EB8B2E0,EXT_3C536EB8B2E0,SFC_FE1BCA204FFA,OPEN_TEXTILE_ANTI_WETTING_2019,prospective_open_external,LIQ_0F4168490E,2,2,interior_fit,no,0.6951370729629663,7.532584379839864e-05,0.6952123988067648,0.0,0.8337488068734887,0.008679046249352685,0.695137072962966,7.532584379840291e-05,no,151.0,153.04361261097688,153.04361261097688
PA_EXT_E53A49812943,EXT_E53A49812943,SFC_FE1BCA204FFA,OPEN_TEXTILE_ANTI_WETTING_2019,prospective_open_external,LIQ_1BD1B94C09,2,2,interior_fit,no,0.6951370729629669,0.008829051822135303,0.7039661247851022,0.0,0.8337488068734891,0.09396303433869845,0.6951370729629666,0.008829051822135423,no,145.0,143.73921405818956,143.73921405818953
PA_EXT_EE607E307472,EXT_EE607E307472,SFC_FE1BCA204FFA,OPEN_TEXTILE_ANTI_WETTING_2019,prospective_open_external,LIQ_6656B41AB7,2,2,interior_fit,no,0.5245473790269859,0.027406424868201454,0.5519538038951873,0.0,0.7242564318160982,0.16554885945907735,0.5245473790269866,0.027406424868201346,no,140.0,142.8226386526137,142.8226386526137
PA_EXT_618188348392,EXT_618188348392,SFC_01B9AA1C0B74,OPEN_PLA_FILMS_2021,prospective_open_external,LIQ_0F4168490E,2,2,interior_fit,no,15.984103460638162,0.4801275271651883,16.46423098780335,0.0,3.9980124387798193,0.6929123517193125,15.984103460638158,0.4801275271651883,no,113.0,110.56245828080863,110.56245828080863
PA_EXT_069D7AE7FCAD,EXT_069D7AE7FCAD,SFC_B1D8AACA85B5,OPEN_PLA_FILMS_2021,prospective_open_external,LIQ_0F4168490E,2,2,interior_fit,no,35.38216165976539,1.0971377350994946,36.47929939486488,0.0,5.948290650242757,1.0474434281141323,35.382161659765394,1.0971377350994853,no,76.0,91.80560234603696,91.805602346037
PA_EXT_8935C7528E56,EXT_8935C7528E56,SFC_662849118DF0,OPEN_PLA_FILMS_2021,prospective_open_external,LIQ_0F4168490E,2,2,interior_fit,no,35.929804737312274,3.9038041259348177,39.83360886324709,0.0,5.994147540502509,1.9758046780830363,35.92980473731228,3.9038041259348106,no,64.0,80.99552199533827,80.9955219953383
PA_EXT_C98B044A6F7F,EXT_C98B044A6F7F,SFC_29A9F5906DC4,OPEN_PLA_FILMS_2021,prospective_open_external,LIQ_0F4168490E,2,2,interior_fit,no,36.47271080559766,1.761263235626932,38.23397404122459,0.0,6.039264094705383,1.3271259305834346,36.472710805597636,1.7612632356269473,no,74.0,87.99237508552132,87.99237508552127
PA_EXT_4299E75704B2,EXT_4299E75704B2,SFC_01B9AA1C0B74,OPEN_PLA_FILMS_2021,prospective_open_external,LIQ_1BD1B94C09,2,2,interior_fit,no,15.984103460638172,0.2416365107909671,16.22573997142914,0.0,3.99801243877982,0.49156536777011395,15.984103460638165,0.24163651079096737,no,92.0,93.73623112426466,93.73623112426466
PA_EXT_C0A69AE67463,EXT_C0A69AE67463,SFC_B1D8AACA85B5,OPEN_PLA_FILMS_2021,prospective_open_external,LIQ_1BD1B94C09,2,2,interior_fit,no,35.38216165976543,5.959083636311379,41.341245296076806,0.0,5.948290650242758,2.4411234373360546,35.382161659765416,5.959083636311394,no,64.0,49.62024230895628,49.620242308956264
PA_EXT_59A1C74C7C24,EXT_59A1C74C7C24,SFC_662849118DF0,OPEN_PLA_FILMS_2021,prospective_open_external,LIQ_1BD1B94C09,2,2,interior_fit,no,35.929804737312296,11.64480127787324,47.57460601518554,0.0,5.994147540502509,3.412447989035618,35.92980473731228,11.644801277873233,no,54.0,36.51293080655584,36.51293080655587
PA_EXT_28942280B8C6,EXT_28942280B8C6,SFC_29A9F5906DC4,OPEN_PLA_FILMS_2021,prospective_open_external,LIQ_1BD1B94C09,2,2,interior_fit,no,36.47271080559768,6.520329557164074,42.993040362761754,0.0,6.039264094705387,2.5534935984184686,36.47271080559768,6.520329557164099,no,60.0,46.81694601371442,46.81694601371435
PA_EXT_264C8AB42663,EXT_264C8AB42663,SFC_01B9AA1C0B74,OPEN_PLA_FILMS_2021,prospective_open_external,LIQ_6656B41AB7,2,2,interior_fit,no,18.11790298894791,0.10404390813378565,18.221946897081697,0.0,4.256513008196721,0.32255837941958176,18.117902988947897,0.10404390813378687,no,83.0,78.78995355639954,78.78995355639955
PA_EXT_0C90915034B7,EXT_0C90915034B7,SFC_B1D8AACA85B5,OPEN_PLA_FILMS_2021,prospective_open_external,LIQ_6656B41AB7,2,2,interior_fit,no,17.29733056862449,13.038981815911214,30.336312384535702,0.0,4.159005959195597,3.610953034298729,17.29733056862449,13.038981815911198,no,48.0,80.38393419527856,80.38393419527856
PA_EXT_197AF6112F5C,EXT_197AF6112F5C,SFC_662849118DF0,OPEN_PLA_FILMS_2021,prospective_open_external,LIQ_6656B41AB7,2,2,interior_fit,no,17.220044524798073,21.329066187913455,38.549110712711524,0.0,4.149704149068713,4.618340198373593,17.22004452479809,21.329066187913437,no,47.0,80.53558224523735,80.53558224523731
PA_EXT_F7284554E363,EXT_F7284554E363,SFC_29A9F5906DC4,OPEN_PLA_FILMS_2021,prospective_open_external,LIQ_6656B41AB7,2,2,interior_fit,no,19.934299621771864,12.837059660997717,32.77135928276958,0.0,4.464784386929774,3.582884265643772,19.93429962177188,12.83705966099771,no,46.0,75.35385154164516,75.35385154164514
PA_EXT_832E508A7F45,EXT_832E508A7F45,SFC_4640D599C795,OPEN_PLA_FILMS_2021,prospective_open_external,LIQ_0F4168490E,2,2,interior_fit,no,35.38216165976541,17.714038367238423,53.09620002700383,0.0,5.948290650242757,4.208804862100217,35.382161659765394,17.714038367238423,no,43.0,53.9331500375276,53.93315003752762
PA_EXT_263F0D060209,EXT_263F0D060209,SFC_869B011AB104,OPEN_PLA_FILMS_2021,prospective_open_external,LIQ_0F4168490E,2,2,interior_fit,no,34.83015014526247,1.7452949500755495,36.57544509533802,0.0,5.9017073923791274,1.3210961168951936,34.830150145262444,1.745294950075559,no,74.0,89.0714802566235,89.07148025662349
PA_EXT_4511C3A71669,EXT_4511C3A71669,SFC_52F0F5BD3D6C,OPEN_PLA_FILMS_2021,prospective_open_external,LIQ_0F4168490E,2,2,interior_fit,no,37.0105122421383,4.13337395810601,41.14388620024431,0.0,6.083626569911921,2.0330700819465153,37.01051224213828,4.13337395810601,no,71.0,79.67542178643417,79.67542178643417
PA_EXT_8BBA4B544E54,EXT_8BBA4B544E54,SFC_8864A171D8DB,OPEN_PLA_FILMS_2021,prospective_open_external,LIQ_0F4168490E,2,2,interior_fit,no,36.472710805597664,2.961633275100568,39.43434408069823,0.0,6.039264094705382,1.7209396488838822,36.47271080559762,2.9616332751005796,no,74.0,83.55231166117163,83.5523116611716
PA_EXT_2EB8A593D55E,EXT_2EB8A593D55E,SFC_4640D599C795,OPEN_PLA_FILMS_2021,prospective_open_external,LIQ_1BD1B94C09,2,2,interior_fit,no,35.38216165976541,24.36179488527885,59.743956545044256,0.0,5.948290650242759,4.935766899406705,35.38216165976543,24.361794885278876,no,24.0,0.0,0.0
PA_EXT_A9A71A63993D,EXT_A9A71A63993D,SFC_869B011AB104,OPEN_PLA_FILMS_2021,prospective_open_external,LIQ_1BD1B94C09,2,2,interior_fit,no,34.83015014526249,6.987710567941306,41.8178607132038,0.0,5.901707392379131,2.6434278064553483,34.83015014526248,6.987710567941334,no,62.0,48.069622431009016,48.06962243100897
PA_EXT_B078FBEC9CEC,EXT_B078FBEC9CEC,SFC_52F0F5BD3D6C,OPEN_PLA_FILMS_2021,prospective_open_external,LIQ_1BD1B94C09,2,2,interior_fit,no,37.010512242138326,7.722773104253106,44.73328534639143,0.0,6.083626569911924,2.778987784113692,37.01051224213832,7.722773104253128,no,52.0,43.2995601081668,43.29956010816679
PA_EXT_57487A07628B,EXT_57487A07628B,SFC_8864A171D8DB,OPEN_PLA_FILMS_2021,prospective_open_external,LIQ_1BD1B94C09,2,2,interior_fit,no,36.472710805597664,6.520329557164077,42.99304036276174,0.0,6.039264094705384,2.553493598418466,36.47271080559764,6.520329557164086,no,56.0,46.81694601371444,46.81694601371446
PA_EXT_45CE8585FF60,EXT_45CE8585FF60,SFC_4640D599C795,OPEN_PLA_FILMS_2021,prospective_open_external,LIQ_6656B41AB7,2,2,interior_fit,no,25.149983748249873,30.757734248870428,55.9077179971203,0.0,5.01497594692636,5.545965583094647,25.149983748249944,30.75773424887035,no,48.0,65.9686658807046,65.96866588070448
PA_EXT_B488569FF3A6,EXT_B488569FF3A6,SFC_869B011AB104,OPEN_PLA_FILMS_2021,prospective_open_external,LIQ_6656B41AB7,2,2,interior_fit,no,17.673815121957475,14.087778282415908,31.761593404373382,0.0,4.2040236823735295,3.753368924368598,17.673815121957492,14.087778282415888,no,49.0,79.64902478322053,79.64902478322048
PA_EXT_489544822E64,EXT_489544822E64,SFC_52F0F5BD3D6C,OPEN_PLA_FILMS_2021,prospective_open_external,LIQ_6656B41AB7,2,2,interior_fit,no,26.27562502284021,11.59468903475487,37.87031405759508,0.0,5.1259755191417185,3.4050975073784437,26.27562502284021,11.594689034754891,no,45.0,63.999217850130066,63.999217850130066
PA_EXT_5C43DD51F487,EXT_5C43DD51F487,SFC_8864A171D8DB,OPEN_PLA_FILMS_2021,prospective_open_external,LIQ_6656B41AB7,2,2,interior_fit,no,24.704722698625027,10.577612757805348,35.282335456430374,0.0,4.970384562448366,3.25232420859381,24.704722698625037,10.577612757805353,no,46.0,66.75126686095271,66.75126686095268
PA_EXT_0780FA855EA7,EXT_0780FA855EA7,SFC_CA0DF2A414ED,OPEN_PLA_FILMS_2021,prospective_open_external,LIQ_0F4168490E,2,2,interior_fit,no,32.01748749394791,11.641742699684473,43.65923019363238,0.0,5.658399729070746,3.411999809449658,32.0174874939479,11.641742699684503,no,74.0,66.72051210750223,66.72051210750219
PA_EXT_F2DE1724D72F,EXT_F2DE1724D72F,SFC_0FBA62725BE6,OPEN_PLA_FILMS_2021,prospective_open_external,LIQ_0F4168490E,2,2,interior_fit,no,37.5428427326626,0.3371230571818454,37.87996578984445,0.0,6.127221452882424,0.5806229905729213,37.5428427326626,0.3371230571818427,no,76.0,95.74745613355505,95.74745613355506
PA_EXT_5763DE0B39DD,EXT_5763DE0B39DD,SFC_84FF6543987A,OPEN_PLA_FILMS_2021,prospective_open_external,LIQ_0F4168490E,2,2,interior_fit,no,35.929804737312296,1.6659116589482705,37.59571639626056,0.0,5.994147540502506,1.290702002380211,35.92980473731224,1.665911658948286,no,74.0,88.73370325961399,88.73370325961396
PA_EXT_62C7119859BF,EXT_62C7119859BF,SFC_91B74A694C1A,OPEN_PLA_FILMS_2021,prospective_open_external,LIQ_0F4168490E,2,2,interior_fit,no,35.929804737312296,2.2255078546886677,38.15531259200096,0.0,5.994147540502506,1.4918136125832515,35.92980473731224,2.2255078546886917,no,74.0,86.47087238355216,86.4708723835521
PA_EXT_874FDB205BEC,EXT_874FDB205BEC,SFC_CA0DF2A414ED,OPEN_PLA_FILMS_2021,prospective_open_external,LIQ_1BD1B94C09,2,2,interior_fit,no,32.01748749394793,7.85401585130702,39.87150334525495,0.0,5.658399729070749,2.8025017129891374,32.017487493947925,7.854015851307049,no,43.0,50.22741946431405,50.227419464314025
PA_EXT_1974721ED722,EXT_1974721ED722,SFC_0FBA62725BE6,OPEN_PLA_FILMS_2021,prospective_open_external,LIQ_1BD1B94C09,2,2,interior_fit,no,37.54284273266264,5.401621868114432,42.944464600777074,0.0,6.127221452882425,2.3241389519808076,37.54284273266262,5.401621868114447,no,66.0,48.02555734099248,48.02555734099248
PA_EXT_28B169088998,EXT_28B169088998,SFC_84FF6543987A,OPEN_PLA_FILMS_2021,prospective_open_external,LIQ_1BD1B94C09,2,2,interior_fit,no,35.929804737312296,6.671840864270406,42.6016456015827,0.0,5.994147540502508,2.5829906821880737,35.929804737312274,6.67184086427041,no,61.0,47.230589825557814,47.23058982555783
PA_EXT_C0610F416EF7,EXT_C0610F416EF7,SFC_91B74A694C1A,OPEN_PLA_FILMS_2021,prospective_open_external,LIQ_1BD1B94C09,2,2,interior_fit,no,35.9298047373123,6.671840864270403,42.6016456015827,0.0,5.99414754050251,2.5829906821880773,35.929804737312296,6.671840864270429,no,59.0,47.23058982555779,47.230589825557765
PA_EXT_A399484607B3,EXT_A399484607B3,SFC_CA0DF2A414ED,OPEN_PLA_FILMS_2021,prospective_open_external,LIQ_6656B41AB7,2,2,interior_fit,no,41.48529104861165,5.2482233608125135,46.73351440942416,0.0,6.4409076261511204,2.29090012021749,41.485291048611664,5.24822336081251,no,54.0,36.16098781752666,36.16098781752666
PA_EXT_0325D9C2E6F8,EXT_0325D9C2E6F8,SFC_0FBA62725BE6,OPEN_PLA_FILMS_2021,prospective_open_external,LIQ_6656B41AB7,2,2,interior_fit,no,15.12274765318314,14.346023378695017,29.468771031878155,0.0,3.888797713070604,3.787614470705144,15.122747653183161,14.346023378695007,no,44.0,84.7660334598161,84.76603345981604
PA_EXT_2D1C9CE8FE08,EXT_2D1C9CE8FE08,SFC_84FF6543987A,OPEN_PLA_FILMS_2021,prospective_open_external,LIQ_6656B41AB7,2,2,interior_fit,no,18.792526146683894,13.452127785271339,32.244653931955234,0.0,4.335034734195786,3.667714245312921,18.79252614668393,13.452127785271328,no,47.0,77.49997264797418,77.49997264797409
PA_EXT_CFE40CFC3BA1,EXT_CFE40CFC3BA1,SFC_91B74A694C1A,OPEN_PLA_FILMS_2021,prospective_open_external,LIQ_6656B41AB7,2,2,interior_fit,no,21.097790472381906,12.242334977170493,33.3401254495524,0.0,4.593233117574367,3.4989048253947224,21.097790472381938,12.242334977170472,no,47.0,73.20834912687926,73.20834912687921
PA_EXT_20E924898243,EXT_20E924898243,SFC_46B777D53533,OPEN_PLA_FILMS_2021,prospective_open_external,LIQ_0F4168490E,2,2,boundary_fit,yes,15.706307978971342,0.0,15.706307978971342,1.0443176562383663,4.059677942297557,-0.3185386479741412,16.480984995177327,0.10146687025319387,yes,113.0,119.44900515964154,114.63069955375438
PA_EXT_D5A2B07B71FE,EXT_D5A2B07B71FE,SFC_2171EA47DB00,OPEN_PLA_FILMS_2021,prospective_open_external,LIQ_0F4168490E,2,2,boundary_fit,yes,28.26402569527207,0.0,28.26402569527207,4.2396491975188795,5.708397706767116,-1.2931813564531467,32.58580437862407,1.6723180206780004,yes,106.0,108.54585994969136,90.80604069781793
PA_EXT_FCDB7AFFCD9B,EXT_FCDB7AFFCD9B,SFC_C73C8C6483E4,OPEN_PLA_FILMS_2021,prospective_open_external,LIQ_0F4168490E,2,2,boundary_fit,yes,25.707295007038333,0.0,25.707295007038333,6.901894765849974,5.7083977067671166,-2.105221734058104,32.585804378624076,4.43195854955061,yes,111.0,110.46518471492534,81.64829515338702
PA_EXT_F0D8FCD36A83,EXT_F0D8FCD36A83,SFC_B93E7618C45A,OPEN_PLA_FILMS_2021,prospective_open_external,LIQ_0F4168490E,2,2,boundary_fit,yes,25.842282124065484,0.0,25.842282124065484,5.669728333387489,5.607763687353324,-1.7293852947035555,31.447013573198547,2.9907734975369036,yes,108.0,110.36093346947264,86.6403005543725
PA_EXT_DA1010942764,EXT_DA1010942764,SFC_46B777D53533,OPEN_PLA_FILMS_2021,prospective_open_external,LIQ_1BD1B94C09,2,2,interior_fit,no,16.480984995177355,0.2036253213146129,16.68461031649197,0.0,4.05967794229756,0.4512486247232413,16.480984995177348,0.20362532131461664,no,100.0,93.32179977581055,93.32179977581053
PA_EXT_57AAA740DBD8,EXT_57AAA740DBD8,SFC_2171EA47DB00,OPEN_PLA_FILMS_2021,prospective_open_external,LIQ_1BD1B94C09,2,2,boundary_fit,yes,32.37616793803422,0.0,32.37616793803422,0.23921844520977942,5.708397706767119,-0.04004479083228651,32.585804378624104,0.0016035852728015776,yes,88.0,76.9787178792405,76.39113280122548
PA_EXT_6FAB73084CB3,EXT_6FAB73084CB3,SFC_C73C8C6483E4,OPEN_PLA_FILMS_2021,prospective_open_external,LIQ_1BD1B94C09,2,2,boundary_fit,yes,30.209724789433995,0.0,30.209724789433995,2.7582352836277977,5.708397706767118,-0.46172424079698,32.5858043786241,0.21318927453954756,yes,95.0,79.42004548375446,72.62203130293949
PA_EXT_793B32E71A38,EXT_793B32E71A38,SFC_B93E7618C45A,OPEN_PLA_FILMS_2021,prospective_open_external,LIQ_1BD1B94C09,2,2,boundary_fit,yes,30.707664306097946,0.0,30.707664306097946,0.8625362184863583,5.607763687353326,-0.14438720402296504,31.447013573198568,0.020847664685569332,yes,93.0,78.85327575899574,76.74384795838911
PA_EXT_BB5D89275AD2,EXT_BB5D89275AD2,SFC_46B777D53533,OPEN_PLA_FILMS_2021,prospective_open_external,LIQ_6656B41AB7,2,2,interior_fit,no,9.433386136295951,1.2042736579958058,10.637659794291757,0.0,3.071381795917916,1.0973940304174257,9.433386136295963,1.2042736579958018,no,82.0,97.94077904911198,97.94077904911195
PA_EXT_E8E1679EDB31,EXT_E8E1679EDB31,SFC_2171EA47DB00,OPEN_PLA_FILMS_2021,prospective_open_external,LIQ_6656B41AB7,2,2,interior_fit,no,16.806314992174414,1.0237700015299953,17.83008499370441,0.0,4.099550584170711,1.0118152012744215,16.806314992174414,1.023770001529998,no,53.0,81.3521156431883,81.3521156431883
PA_EXT_882D286A650A,EXT_882D286A650A,SFC_C73C8C6483E4,OPEN_PLA_FILMS_2021,prospective_open_external,LIQ_6656B41AB7,2,2,interior_fit,no,12.948362339715189,0.8423524323887038,13.790714772103893,0.0,3.5983832952751436,0.9177975988139772,12.948362339715201,0.8423524323887022,no,53.0,89.44246306818926,89.44246306818923
PA_EXT_E31EC66D808C,EXT_E31EC66D808C,SFC_B93E7618C45A,OPEN_PLA_FILMS_2021,prospective_open_external,LIQ_6656B41AB7,2,2,interior_fit,no,12.7652863864296,1.4066702524970374,14.171956638926636,0.0,3.5728540953178594,1.1860313033377494,12.7652863864296,1.4066702524970405,no,55.0,89.85291954766862,89.85291954766862
PA_EXT_0C2F137C0768,EXT_0C2F137C0768,SFC_DDCE904A2E37,OPEN_CARBON_GLYCAN_2016,prospective_open_external,LIQ_0F4168490E,2,2,interior_fit,no,49.71412211243157,12.494091372388068,62.20821348481964,0.0,7.050824215113544,3.534698201033302,49.714122112431525,12.494091372388063,no,35.3,53.280623344970344,53.28062334497038
PA_EXT_3D14543B75E6,EXT_3D14543B75E6,SFC_DDCE904A2E37,OPEN_CARBON_GLYCAN_2016,prospective_open_external,LIQ_5C0DC0DCD1,2,2,interior_fit,no,49.71412211243162,21.595338631799855,71.30946074423147,0.0,7.0508242151135505,4.647078505017957,49.71412211243162,21.59533863179993,no,22.2,0.0,0.0
PA_EXT_C8683F966ABC,EXT_C8683F966ABC,SFC_DDCE904A2E37,OPEN_CARBON_GLYCAN_2016,prospective_open_external,LIQ_6656B41AB7,2,2,interior_fit,no,24.524541098797688,36.23000479031761,60.75454588911529,0.0,4.952225873160236,6.0191365485688735,24.524541098797663,36.23000479031761,no,11.9,67.06863994847637,67.0686399484764
PA_EXT_A05B145D5D55,EXT_A05B145D5D55,SFC_757E5A51849D,OPEN_CARBON_GLYCAN_2016,prospective_open_external,LIQ_0F4168490E,2,2,interior_fit,no,50.57479794304538,13.46218920057705,64.03698714362244,0.0,7.111596019392931,3.6690856082377037,50.57479794304538,13.46218920057704,no,20.2,50.7979245047452,50.79792450474522
PA_EXT_4D6047F3DA11,EXT_4D6047F3DA11,SFC_757E5A51849D,OPEN_CARBON_GLYCAN_2016,prospective_open_external,LIQ_5C0DC0DCD1,2,2,interior_fit,no,50.574797943045425,27.36329914015021,77.93809708319563,0.0,7.111596019392932,5.2309940871836424,50.5747979430454,27.36329914015023,no,16.4,0.0,0.0
PA_EXT_7CF183ABF3B6,EXT_7CF183ABF3B6,SFC_757E5A51849D,OPEN_CARBON_GLYCAN_2016,prospective_open_external,LIQ_6656B41AB7,2,2,interior_fit,no,17.346602203307015,51.23008754822188,68.5766897515289,0.0,4.1649252338195835,7.15751965056483,17.34660220330711,51.23008754822169,no,5.4,80.28739650485194,80.28739650485174
PA_EXT_64532C66FD00,EXT_64532C66FD00,SFC_C1B0541D31DE,OPEN_CARBON_GLYCAN_2016,prospective_open_external,LIQ_0F4168490E,2,2,interior_fit,no,50.36632847583036,13.430263478406149,63.796591954236504,0.0,7.096923874174665,3.664732388375194,50.36632847583034,13.430263478406154,no,26.1,50.999933087574455,50.99993308757443
PA_EXT_68FC9343A58A,EXT_68FC9343A58A,SFC_C1B0541D31DE,OPEN_CARBON_GLYCAN_2016,prospective_open_external,LIQ_5C0DC0DCD1,2,2,interior_fit,no,50.36632847583039,25.34451403329814,75.71084250912853,0.0,7.09692387417467,5.034333524241138,50.36632847583041,25.344514033298193,no,17.1,0.0,0.0
PA_EXT_F1A8D658D675,EXT_F1A8D658D675,SFC_C1B0541D31DE,OPEN_CARBON_GLYCAN_2016,prospective_open_external,LIQ_6656B41AB7,2,2,interior_fit,no,20.367683047767272,45.20758876063383,65.57527180840111,0.0,4.513056951531548,6.723658881935776,20.367683047767233,45.207588760633854,no,7.5,74.55018008033197,74.55018008033207
PA_EXT_9F58E9B1730C,EXT_9F58E9B1730C,SFC_1CD855A0B4A5,OPEN_CARBON_GLYCAN_2016,prospective_open_external,LIQ_0F4168490E,2,2,interior_fit,no,50.614510678619155,13.547968376079819,64.16247905469898,0.0,7.114387582822513,3.680756495080846,50.614510678619155,13.547968376079833,no,22.9,50.6018771178949,50.6018771178949
PA_EXT_BD0EEB764A84,EXT_BD0EEB764A84,SFC_1CD855A0B4A5,OPEN_CARBON_GLYCAN_2016,prospective_open_external,LIQ_5C0DC0DCD1,2,2,interior_fit,no,50.61451067861922,26.429384463600083,77.0438951422193,0.0,7.114387582822516,5.140951707962263,50.614510678619204,26.429384463600112,no,15.9,0.0,0.0
PA_EXT_6B9D41D96636,EXT_6B9D41D96636,SFC_1CD855A0B4A5,OPEN_CARBON_GLYCAN_2016,prospective_open_external,LIQ_6656B41AB7,2,2,interior_fit,no,19.006176403857143,48.19163784605128,67.19781424990842,0.0,4.359607368084548,6.9420197238304775,19.006176403857083,48.19163784605138,no,4.9,77.09499128719196,77.09499128719207
PA_EXT_BE673F974C34,EXT_BE673F974C34,SFC_9CBFB90624F8,OPEN_CARBON_GLYCAN_2016,prospective_open_external,LIQ_0F4168490E,2,2,interior_fit,no,50.503303452318775,12.551817900880366,63.05512135319914,0.0,7.106567628069035,3.542854484858274,50.503303452318754,12.551817900880387,no,25.0,52.65256910238313,52.65256910238311
PA_EXT_810E90883671,EXT_810E90883671,SFC_9CBFB90624F8,OPEN_CARBON_GLYCAN_2016,prospective_open_external,LIQ_5C0DC0DCD1,2,2,interior_fit,no,50.50330345231884,25.707261273351154,76.21056472567,0.0,7.10656762806904,5.070232861846804,50.503303452318825,25.707261273351236,no,20.3,0.0,0.0
PA_EXT_E2B297913813,EXT_E2B297913813,SFC_9CBFB90624F8,OPEN_CARBON_GLYCAN_2016,prospective_open_external,LIQ_6656B41AB7,2,2,interior_fit,no,17.85096945373625,48.36044564577346,66.21141509950971,0.0,4.225040763559135,6.954167501992836,17.850969453736358,48.360445645773275,no,6.2,79.30534040461171,79.30534040461151
PA_EXT_97FF8568B019,EXT_97FF8568B019,SFC_73AE050E307F,OPEN_CARBON_GLYCAN_2016,prospective_open_external,LIQ_0F4168490E,2,2,interior_fit,no,50.66366703581616,13.29525200372458,63.95891903954074,0.0,7.117841459025072,3.6462654872793543,50.66366703581616,13.295252003724547,no,11.8,51.06919930606612,51.06919930606618
PA_EXT_006E9D255BB0,EXT_006E9D255BB0,SFC_73AE050E307F,OPEN_CARBON_GLYCAN_2016,prospective_open_external,LIQ_5C0DC0DCD1,2,2,interior_fit,no,50.66366703581624,29.514226751036745,80.17789378685299,0.0,7.1178414590250725,5.432699766325836,50.663667035816175,29.514226751036794,no,16.9,0.0,0.0
PA_EXT_0AFA4AD6501C,EXT_0AFA4AD6501C,SFC_73AE050E307F,OPEN_CARBON_GLYCAN_2016,prospective_open_external,LIQ_6656B41AB7,2,2,interior_fit,no,14.044385842185795,58.31101858977079,72.35540443195659,0.0,3.7475840006844314,7.636165175647428,14.044385842185928,58.31101858977052,no,4.2,87.04237174018367,87.04237174018338
PA_EXT_D7EE4324C62B,EXT_D7EE4324C62B,SFC_4AD1E95A7848,OPEN_FACEMASK_2023,prospective_open_external,LIQ_6656B41AB7,2,2,boundary_fit,yes,0.0,4.666057242981158,4.666057242981158,0.18345229488067183,-0.06330334453760908,2.214876780850194,0.004007313429647242,4.905679154349319,yes,103.9,180.0,169.18453966679309
PA_EXT_2ED76F045DA7,EXT_2ED76F045DA7,SFC_4AD1E95A7848,OPEN_FACEMASK_2023,prospective_open_external,LIQ_1BD1B94C09,2,2,interior_fit,no,7.331118528461726,0.16262265855132058,7.493741187013047,0.0,2.7076038352132907,0.4032649979248416,7.331118528461721,0.16262265855132252,no,132.9,110.8742560817867,110.87425608178667
PA_EXT_3DB1AD2DD595,EXT_3DB1AD2DD595,SFC_4AD1E95A7848,OPEN_FACEMASK_2023,prospective_open_external,LIQ_0F4168490E,2,2,boundary_fit,yes,4.733255871860606,0.0,4.733255871860606,5.753718838429965,2.707603835213289,-1.7550041490426336,7.331118528461711,3.0800395631568582,yes,125.0,136.13165102358835,107.96130103377693
PA_EXT_21DECF058A46,EXT_21DECF058A46,SFC_2C8D133FAE44,OPEN_FACEMASK_2023,prospective_open_external,LIQ_6656B41AB7,2,2,interior_fit,no,2.7867073693696978,0.05276748065421382,2.8394748500239118,0.0,1.6693433946823837,0.22971173381917834,2.7867073693697044,0.05276748065421304,no,107.4,122.11165900068879,122.11165900068873
PA_EXT_F4D52482F27E,EXT_F4D52482F27E,SFC_2C8D133FAE44,OPEN_FACEMASK_2023,prospective_open_external,LIQ_1BD1B94C09,2,2,boundary_fit,yes,5.544542785162348,0.0,5.544542785162348,1.8642345590740526,2.4980124896998372,-0.31206992803160266,6.24006639869638,0.09738763998164966,yes,127.3,119.53340161721641,114.52938355814068
PA_EXT_19F026C2773F,EXT_19F026C2773F,SFC_2C8D133FAE44,OPEN_FACEMASK_2023,prospective_open_external,LIQ_0F4168490E,2,2,boundary_fit,yes,4.874186239647764,0.0,4.874186239647764,3.139205645267241,2.498012489699836,-0.9575231405720581,6.2400663986963725,0.9168505647309774,yes,137.8,135.79173178085802,119.45364307471829
PA_EXT_161578FE82D4,EXT_161578FE82D4,SFC_61C86B62E941,OPEN_FACEMASK_2023,prospective_open_external,LIQ_6656B41AB7,2,2,boundary_fit,yes,7.549267848941399,0.0,7.549267848941399,0.3860512338393427,2.8712644853664444,-0.12415128571350288,8.244159744926632,0.015413541744315825,yes,98.5,103.23860402455882,101.20405386924816
PA_EXT_A608D8AA1EAA,EXT_A608D8AA1EAA,SFC_61C86B62E941,OPEN_FACEMASK_2023,prospective_open_external,LIQ_1BD1B94C09,2,2,boundary_fit,yes,8.585973982655316,0.0,8.585973982655316,1.3887848232753104,3.036956660366198,-0.23248039134419635,9.223105756942612,0.054047132359550686,yes,113.6,111.65398205476616,108.1233579503816
PA_EXT_6A758A73420C,EXT_6A758A73420C,SFC_61C86B62E941,OPEN_FACEMASK_2023,prospective_open_external,LIQ_0F4168490E,2,2,boundary_fit,yes,8.569451173662735,0.0,8.569451173662735,1.185291464200418,3.0369566603661986,-0.3615385971943301,9.223105756942614,0.1307101572612441,yes,131.0,128.64591515427577,122.65073838010379
PA_EXT_591446AFD356,EXT_591446AFD356,SFC_5D5B39751D66,OPEN_FACEMASK_2023,prospective_open_external,LIQ_6656B41AB7,2,2,interior_fit,no,2.8888847460013087,1.0674424092161423,3.9563271552174513,0.0,1.6996719524665078,1.0331710454789864,2.888884746001311,1.0674424092161419,no,75.9,121.53777190110067,121.53777190110064
PA_EXT_3FFCD90BF04A,EXT_3FFCD90BF04A,SFC_5D5B39751D66,OPEN_FACEMASK_2023,prospective_open_external,LIQ_1BD1B94C09,2,2,boundary_fit,yes,16.695212571131012,0.0,16.695212571131012,4.499075619592896,4.4318781999003845,-0.7531381702914405,19.641544378752272,0.5672171035499388,yes,118.6,96.89822884314621,86.12479255915807
PA_EXT_A2BFA9FEE942,EXT_A2BFA9FEE942,SFC_5D5B39751D66,OPEN_FACEMASK_2023,prospective_open_external,LIQ_0F4168490E,2,2,boundary_fit,yes,12.662731515318018,0.0,12.662731515318018,9.446118614810235,4.431878199900383,-2.8812630277680547,19.641544378752258,8.301676635183137,yes,125.4,122.92582133573322,82.31289077235847
PA_EXT_E2623286DF9C,EXT_E2623286DF9C,SFC_52742E4E2FF2,OPEN_FACEMASK_2023,prospective_open_external,LIQ_6656B41AB7,2,2,interior_fit,no,25.519390052763125,11.483707531743446,37.00309758450657,0.0,5.051672005659429,3.3887619467503813,25.51939005276316,11.483707531743434,no,22.43,65.32104492699897,65.3210449269989
PA_EXT_4414CE8E7161,EXT_4414CE8E7161,SFC_52742E4E2FF2,OPEN_FACEMASK_2023,prospective_open_external,LIQ_1BD1B94C09,2,2,interior_fit,no,47.029484122221085,4.874898477363473,51.90438259958456,0.0,6.857804613884904,2.2079172261123143,47.02948412222107,4.874898477363496,no,53.33,36.03503908886465,36.03503908886461
PA_EXT_8930F5ABA4B7,EXT_8930F5ABA4B7,SFC_52742E4E2FF2,OPEN_FACEMASK_2023,prospective_open_external,LIQ_0F4168490E,2,2,interior_fit,no,47.02948412222105,0.6417841475659729,47.67126826978702,0.0,6.857804613884899,0.8011143161659181,47.029484122221014,0.6417841475659866,no,71.77,87.88947550630067,87.88947550630061
PA_EXT_FFFDDFDEE3D0,EXT_FFFDDFDEE3D0,SFC_98A58E5AB649,OPEN_FACEMASK_2023,prospective_open_external,LIQ_6656B41AB7,2,2,interior_fit,no,7.527114597549658,4.250102155464929,11.777216753014587,0.0,2.743558746874151,2.061577588999485,7.527114597549662,4.250102155464929,no,95.4,103.30524661919698,103.30524661919696
PA_EXT_E63EB3F2835E,EXT_E63EB3F2835E,SFC_98A58E5AB649,OPEN_FACEMASK_2023,prospective_open_external,LIQ_1BD1B94C09,2,2,interior_fit,no,10.422124799582573,3.0437491630548386,13.465873962637412,0.0,3.2283315814182667,1.7446343923741867,10.422124799582567,3.043749163054848,no,95.7,92.43954320573737,92.43954320573735
PA_EXT_07642A48B0AD,EXT_07642A48B0AD,SFC_98A58E5AB649,OPEN_FACEMASK_2023,prospective_open_external,LIQ_0F4168490E,2,2,interior_fit,no,10.422124799582564,1.8688070059522532,12.290931805534818,0.0,3.2283315814182645,1.3670431617005578,10.422124799582553,1.8688070059522575,no,104.1,108.52363382565225,108.52363382565225
PA_EXT_FEA43C1D185A,EXT_FEA43C1D185A,SFC_804C47F28DD6,OPEN_FACEMASK_2023,prospective_open_external,LIQ_6656B41AB7,2,2,boundary_fit,yes,55.484024226459006,0.0,55.484024226459006,7.168653259557164,9.745235598576453,-2.3053870600467863,94.96961687176177,5.314809496631165,yes,57.73,0.0,0.0
PA_EXT_1D4E7C8984A2,EXT_1D4E7C8984A2,SFC_804C47F28DD6,OPEN_FACEMASK_2023,prospective_open_external,LIQ_1BD1B94C09,2,2,interior_fit,no,29.881562816499205,0.24216468232694813,30.123727498826153,0.0,5.4664030967812085,0.49210230880067335,29.881562816499187,0.24216468232695326,no,41.23,75.45575175639223,75.45575175639222
PA_EXT_8E2D528C28E4,EXT_8E2D528C28E4,SFC_804C47F28DD6,OPEN_FACEMASK_2023,prospective_open_external,LIQ_0F4168490E,2,2,interior_fit,no,29.881562816499176,14.62985758733932,44.5114204038385,0.0,5.466403096781208,3.8248996833040403,29.881562816499176,14.629857587339348,no,101.67,63.15379103436288,63.15379103436283
PA_EXT_DE22A4AE61FC,EXT_DE22A4AE61FC,SFC_26BB55DBD67D,OPEN_CHITOSAN_GELATIN_2022,prospective_open_external,LIQ_5C0DC0DCD1,1,1,insufficient_probes,no,,,,,,,,,no,71.6,,
PA_EXT_7534CEB38FB4,EXT_7534CEB38FB4,SFC_26BB55DBD67D,OPEN_CHITOSAN_GELATIN_2022,prospective_open_external,LIQ_6656B41AB7,1,1,insufficient_probes,no,,,,,,,,,no,46.8,,
PA_EXT_397F0C3BD5CF,EXT_397F0C3BD5CF,SFC_D400AC079E9D,OPEN_CHITOSAN_GELATIN_2022,prospective_open_external,LIQ_5C0DC0DCD1,1,1,insufficient_probes,no,,,,,,,,,no,74.0,,
PA_EXT_B24A3A78D359,EXT_B24A3A78D359,SFC_D400AC079E9D,OPEN_CHITOSAN_GELATIN_2022,prospective_open_external,LIQ_6656B41AB7,1,1,insufficient_probes,no,,,,,,,,,no,44.3,,
PA_EXT_F82FEAC10BBB,EXT_F82FEAC10BBB,SFC_F1718B0B4710,OPEN_CHITOSAN_GELATIN_2022,prospective_open_external,LIQ_5C0DC0DCD1,1,1,insufficient_probes,no,,,,,,,,,no,69.4,,
PA_EXT_67BEF7CA0F14,EXT_67BEF7CA0F14,SFC_F1718B0B4710,OPEN_CHITOSAN_GELATIN_2022,prospective_open_external,LIQ_6656B41AB7,1,1,insufficient_probes,no,,,,,,,,,no,43.6,,
PA_EXT_D348EE3E6106,EXT_D348EE3E6106,SFC_C768409105A9,OPEN_CHITOSAN_GELATIN_2022,prospective_open_external,LIQ_5C0DC0DCD1,1,1,insufficient_probes,no,,,,,,,,,no,69.8,,
PA_EXT_FEB300669898,EXT_FEB300669898,SFC_C768409105A9,OPEN_CHITOSAN_GELATIN_2022,prospective_open_external,LIQ_6656B41AB7,1,1,insufficient_probes,no,,,,,,,,,no,45.2,,
PA_EXT_126475924947,EXT_126475924947,SFC_21C07DE8FEA5,OPEN_CHITOSAN_GELATIN_2022,prospective_open_external,LIQ_5C0DC0DCD1,1,1,insufficient_probes,no,,,,,,,,,no,66.8,,
PA_EXT_CC9EEC4BEE40,EXT_CC9EEC4BEE40,SFC_21C07DE8FEA5,OPEN_CHITOSAN_GELATIN_2022,prospective_open_external,LIQ_6656B41AB7,1,1,insufficient_probes,no,,,,,,,,,no,45.6,,
PA_EXT_618DAE924695,EXT_618DAE924695,SFC_4988FD117978,OPEN_CHITOSAN_GELATIN_2022,prospective_open_external,LIQ_5C0DC0DCD1,1,1,insufficient_probes,no,,,,,,,,,no,68.1,,
PA_EXT_FC56291F305C,EXT_FC56291F305C,SFC_4988FD117978,OPEN_CHITOSAN_GELATIN_2022,prospective_open_external,LIQ_6656B41AB7,1,1,insufficient_probes,no,,,,,,,,,no,43.7,,
PA_EXT_0793ADE7D32F,EXT_0793ADE7D32F,SFC_728D367B9FEB,OPEN_CHITOSAN_GELATIN_2022,prospective_open_external,LIQ_5C0DC0DCD1,1,1,insufficient_probes,no,,,,,,,,,no,67.9,,
PA_EXT_9F8D5B3E0335,EXT_9F8D5B3E0335,SFC_728D367B9FEB,OPEN_CHITOSAN_GELATIN_2022,prospective_open_external,LIQ_6656B41AB7,1,1,insufficient_probes,no,,,,,,,,,no,45.4,,
