target_measurement_id,record_id,source_group_id,surface_group_id,target_liquid_id,target_contact_angle_deg,v4_split,has_independent_sfe,independent_sfe_dispersion_mj_m2,independent_sfe_polar_mj_m2,sample_id,prediction_mode,probe_measurement_ids,probe_liquid_ids,n_probes,target_liquid_removed,loo_sfe_feasible,loo_sfe_failure_reason,nnls_dispersion_mj_m2,nnls_polar_mj_m2,nnls_physical_prediction_deg
CA0001,CA0001,SRC023,SFC_04353B2CE787,LIQ_0F4168490E,70.0,excluded_review,no,,,ZS_CA0001,zero_shot,,,0,no,no,zero_shot_not_applicable,0.0,0.0,0.0
CA0002,CA0002,SRC023,SFC_96578C5761C3,LIQ_0F4168490E,75.0,excluded_review,no,,,ZS_CA0002,zero_shot,,,0,no,no,zero_shot_not_applicable,0.0,0.0,0.0
CA0003,CA0003,SRC023,SFC_A713C80D8A86,LIQ_0F4168490E,76.0,excluded_review,no,,,ZS_CA0003,zero_shot,,,0,no,no,zero_shot_not_applicable,0.0,0.0,0.0
CA0004,CA0004,SRC023,SFC_833BD19E975A,LIQ_0F4168490E,78.0,excluded_review,no,,,ZS_CA0004,zero_shot,,,0,no,no,zero_shot_not_applicable,0.0,0.0,0.0
CA0005,CA0005,SRC023,SFC_EF3937BBEA40,LIQ_0F4168490E,65.0,excluded_review,no,,,ZS_CA0005,zero_shot,,,0,no,no,zero_shot_not_applicable,0.0,0.0,0.0
CA0006,CA0006,SRC023,SFC_B1C3F4195927,LIQ_0F4168490E,64.0,excluded_review,no,,,ZS_CA0006,zero_shot,,,0,no,no,zero_shot_not_applicable,0.0,0.0,0.0
CA0007,CA0007,SRC023,SFC_3269642DA2B0,LIQ_0F4168490E,72.0,excluded_review,no,,,ZS_CA0007,zero_shot,,,0,no,no,zero_shot_not_applicable,0.0,0.0,0.0
CA0008,CA0008,SRC023,SFC_258CBA406DD6,LIQ_0F4168490E,74.0,excluded_review,no,,,ZS_CA0008,zero_shot,,,0,no,no,zero_shot_not_applicable,0.0,0.0,0.0
CA0009,CA0009,SRC023,SFC_DB683EF7A2C1,LIQ_0F4168490E,80.0,excluded_review,no,,,ZS_CA0009,zero_shot,,,0,no,no,zero_shot_not_applicable,0.0,0.0,0.0
CA0010,CA0010,SRC023,SFC_EEA5FB824E7A,LIQ_0F4168490E,75.0,excluded_review,no,,,ZS_CA0010,zero_shot,,,0,no,no,zero_shot_not_applicable,0.0,0.0,0.0
CA0011,CA0011,SRC023,SFC_E24B19E460DE,LIQ_0F4168490E,82.0,excluded_review,no,,,ZS_CA0011,zero_shot,,,0,no,no,zero_shot_not_applicable,0.0,0.0,0.0
CA0012,CA0012,SRC023,SFC_782084083F60,LIQ_0F4168490E,73.0,excluded_review,no,,,ZS_CA0012,zero_shot,,,0,no,no,zero_shot_not_applicable,0.0,0.0,0.0
CA0013,CA0013,SRC023,SFC_F08E28324066,LIQ_0F4168490E,88.0,excluded_review,no,,,ZS_CA0013,zero_shot,,,0,no,no,zero_shot_not_applicable,0.0,0.0,0.0
CA0014,CA0014,SRC023,SFC_0C4EEBCACC30,LIQ_0F4168490E,92.0,excluded_review,no,,,ZS_CA0014,zero_shot,,,0,no,no,zero_shot_not_applicable,0.0,0.0,0.0
CA0015,CA0015,SRC023,SFC_F715B35B2C9F,LIQ_0F4168490E,62.0,excluded_review,no,,,ZS_CA0015,zero_shot,,,0,no,no,zero_shot_not_applicable,0.0,0.0,0.0
CA0016,CA0016,SRC023,SFC_04353B2CE787,LIQ_53310FAFB3,58.0,excluded_review,no,,,ZS_CA0016,zero_shot,,,0,no,no,zero_shot_not_applicable,0.0,0.0,0.0
CA0017,CA0017,SRC023,SFC_96578C5761C3,LIQ_53310FAFB3,55.0,excluded_review,no,,,ZS_CA0017,zero_shot,,,0,no,no,zero_shot_not_applicable,0.0,0.0,0.0
CA0018,CA0018,SRC023,SFC_A713C80D8A86,LIQ_53310FAFB3,62.0,excluded_review,no,,,ZS_CA0018,zero_shot,,,0,no,no,zero_shot_not_applicable,0.0,0.0,0.0
CA0019,CA0019,SRC023,SFC_833BD19E975A,LIQ_53310FAFB3,68.0,excluded_review,no,,,ZS_CA0019,zero_shot,,,0,no,no,zero_shot_not_applicable,0.0,0.0,0.0
CA0020,CA0020,SRC023,SFC_EF3937BBEA40,LIQ_53310FAFB3,52.0,excluded_review,no,,,ZS_CA0020,zero_shot,,,0,no,no,zero_shot_not_applicable,0.0,0.0,0.0
CA0021,CA0021,SRC023,SFC_B1C3F4195927,LIQ_53310FAFB3,50.0,excluded_review,no,,,ZS_CA0021,zero_shot,,,0,no,no,zero_shot_not_applicable,0.0,0.0,0.0
CA0022,CA0022,SRC023,SFC_3269642DA2B0,LIQ_53310FAFB3,56.0,excluded_review,no,,,ZS_CA0022,zero_shot,,,0,no,no,zero_shot_not_applicable,0.0,0.0,0.0
CA0023,CA0023,SRC023,SFC_258CBA406DD6,LIQ_53310FAFB3,60.0,excluded_review,no,,,ZS_CA0023,zero_shot,,,0,no,no,zero_shot_not_applicable,0.0,0.0,0.0
CA0024,CA0024,SRC023,SFC_DB683EF7A2C1,LIQ_53310FAFB3,65.0,excluded_review,no,,,ZS_CA0024,zero_shot,,,0,no,no,zero_shot_not_applicable,0.0,0.0,0.0
CA0025,CA0025,SRC023,SFC_EEA5FB824E7A,LIQ_53310FAFB3,60.0,excluded_review,no,,,ZS_CA0025,zero_shot,,,0,no,no,zero_shot_not_applicable,0.0,0.0,0.0
CA0026,CA0026,SRC023,SFC_E24B19E460DE,LIQ_53310FAFB3,70.0,excluded_review,no,,,ZS_CA0026,zero_shot,,,0,no,no,zero_shot_not_applicable,0.0,0.0,0.0
CA0027,CA0027,SRC023,SFC_782084083F60,LIQ_53310FAFB3,58.0,excluded_review,no,,,ZS_CA0027,zero_shot,,,0,no,no,zero_shot_not_applicable,0.0,0.0,0.0
CA0028,CA0028,SRC023,SFC_F08E28324066,LIQ_53310FAFB3,78.0,excluded_review,no,,,ZS_CA0028,zero_shot,,,0,no,no,zero_shot_not_applicable,0.0,0.0,0.0
CA0029,CA0029,SRC023,SFC_0C4EEBCACC30,LIQ_53310FAFB3,82.0,excluded_review,no,,,ZS_CA0029,zero_shot,,,0,no,no,zero_shot_not_applicable,0.0,0.0,0.0
CA0030,CA0030,SRC023,SFC_F715B35B2C9F,LIQ_53310FAFB3,48.0,excluded_review,no,,,ZS_CA0030,zero_shot,,,0,no,no,zero_shot_not_applicable,0.0,0.0,0.0
CA0031,CA0031,SRC023,SFC_04353B2CE787,LIQ_1BD1B94C09,55.0,excluded_review,no,,,ZS_CA0031,zero_shot,,,0,no,no,zero_shot_not_applicable,0.0,0.0,0.0
CA0032,CA0032,SRC023,SFC_96578C5761C3,LIQ_1BD1B94C09,52.0,excluded_review,no,,,ZS_CA0032,zero_shot,,,0,no,no,zero_shot_not_applicable,0.0,0.0,0.0
CA0033,CA0033,SRC023,SFC_A713C80D8A86,LIQ_1BD1B94C09,58.0,excluded_review,no,,,ZS_CA0033,zero_shot,,,0,no,no,zero_shot_not_applicable,0.0,0.0,0.0
CA0034,CA0034,SRC023,SFC_833BD19E975A,LIQ_1BD1B94C09,62.0,excluded_review,no,,,ZS_CA0034,zero_shot,,,0,no,no,zero_shot_not_applicable,0.0,0.0,0.0
CA0035,CA0035,SRC023,SFC_EF3937BBEA40,LIQ_1BD1B94C09,48.0,excluded_review,no,,,ZS_CA0035,zero_shot,,,0,no,no,zero_shot_not_applicable,0.0,0.0,0.0
CA0036,CA0036,SRC023,SFC_B1C3F4195927,LIQ_1BD1B94C09,46.0,excluded_review,no,,,ZS_CA0036,zero_shot,,,0,no,no,zero_shot_not_applicable,0.0,0.0,0.0
CA0037,CA0037,SRC023,SFC_3269642DA2B0,LIQ_1BD1B94C09,50.0,excluded_review,no,,,ZS_CA0037,zero_shot,,,0,no,no,zero_shot_not_applicable,0.0,0.0,0.0
CA0038,CA0038,SRC023,SFC_258CBA406DD6,LIQ_1BD1B94C09,56.0,excluded_review,no,,,ZS_CA0038,zero_shot,,,0,no,no,zero_shot_not_applicable,0.0,0.0,0.0
CA0039,CA0039,SRC023,SFC_DB683EF7A2C1,LIQ_1BD1B94C09,60.0,excluded_review,no,,,ZS_CA0039,zero_shot,,,0,no,no,zero_shot_not_applicable,0.0,0.0,0.0
CA0040,CA0040,SRC023,SFC_EEA5FB824E7A,LIQ_1BD1B94C09,55.0,excluded_review,no,,,ZS_CA0040,zero_shot,,,0,no,no,zero_shot_not_applicable,0.0,0.0,0.0
CA0041,CA0041,SRC023,SFC_E24B19E460DE,LIQ_1BD1B94C09,65.0,excluded_review,no,,,ZS_CA0041,zero_shot,,,0,no,no,zero_shot_not_applicable,0.0,0.0,0.0
CA0042,CA0042,SRC023,SFC_782084083F60,LIQ_1BD1B94C09,54.0,excluded_review,no,,,ZS_CA0042,zero_shot,,,0,no,no,zero_shot_not_applicable,0.0,0.0,0.0
CA0043,CA0043,SRC023,SFC_8236ECA9EB74,LIQ_0F4168490E,115.0,excluded_review,no,,,ZS_CA0043,zero_shot,,,0,no,no,zero_shot_not_applicable,0.0,0.0,0.0
CA0044,CA0044,SRC023,SFC_49842D0D9B8F,LIQ_0F4168490E,110.0,excluded_review,no,,,ZS_CA0044,zero_shot,,,0,no,no,zero_shot_not_applicable,0.0,0.0,0.0
CA0045,CA0045,SRC023,SFC_E805A27F910D,LIQ_0F4168490E,118.0,excluded_review,no,,,ZS_CA0045,zero_shot,,,0,no,no,zero_shot_not_applicable,0.0,0.0,0.0
CA0046,CA0046,SRC023,SFC_8236ECA9EB74,LIQ_6656B41AB7,88.0,excluded_review,no,,,ZS_CA0046,zero_shot,,,0,no,no,zero_shot_not_applicable,0.0,0.0,0.0
CA0047,CA0047,SRC023,SFC_49842D0D9B8F,LIQ_6656B41AB7,82.0,excluded_review,no,,,ZS_CA0047,zero_shot,,,0,no,no,zero_shot_not_applicable,0.0,0.0,0.0
CA0048,CA0048,SRC023,SFC_E805A27F910D,LIQ_6656B41AB7,90.0,excluded_review,no,,,ZS_CA0048,zero_shot,,,0,no,no,zero_shot_not_applicable,0.0,0.0,0.0
CA0049,CA0049,SRC023,SFC_8236ECA9EB74,LIQ_53310FAFB3,98.0,excluded_review,no,,,ZS_CA0049,zero_shot,,,0,no,no,zero_shot_not_applicable,0.0,0.0,0.0
CA0050,CA0050,SRC023,SFC_49842D0D9B8F,LIQ_53310FAFB3,95.0,excluded_review,no,,,ZS_CA0050,zero_shot,,,0,no,no,zero_shot_not_applicable,0.0,0.0,0.0
CA0051,CA0051,SRC023,SFC_E805A27F910D,LIQ_53310FAFB3,100.0,excluded_review,no,,,ZS_CA0051,zero_shot,,,0,no,no,zero_shot_not_applicable,0.0,0.0,0.0
CA0052,CA0052,SRC023,SFC_2F8ECAFB7400,LIQ_0F4168490E,85.0,excluded_review,no,,,ZS_CA0052,zero_shot,,,0,no,no,zero_shot_not_applicable,0.0,0.0,0.0
CA0053,CA0053,SRC023,SFC_09D2365FF128,LIQ_0F4168490E,95.0,excluded_review,no,,,ZS_CA0053,zero_shot,,,0,no,no,zero_shot_not_applicable,0.0,0.0,0.0
CA0054,CA0054,SRC023,SFC_C657B6B2A8F2,LIQ_0F4168490E,98.0,excluded_review,no,,,ZS_CA0054,zero_shot,,,0,no,no,zero_shot_not_applicable,0.0,0.0,0.0
CA0055,CA0055,SRC023,SFC_EADE66E24084,LIQ_0F4168490E,94.0,excluded_review,no,,,ZS_CA0055,zero_shot,,,0,no,no,zero_shot_not_applicable,0.0,0.0,0.0
CA0056,CA0056,SRC023,SFC_7320418E2637,LIQ_0F4168490E,96.0,excluded_review,no,,,ZS_CA0056,zero_shot,,,0,no,no,zero_shot_not_applicable,0.0,0.0,0.0
CA0057,CA0057,SRC023,SFC_059D01259A34,LIQ_0F4168490E,95.0,excluded_review,no,,,ZS_CA0057,zero_shot,,,0,no,no,zero_shot_not_applicable,0.0,0.0,0.0
CA0058,CA0058,SRC023,SFC_2F8ECAFB7400,LIQ_53310FAFB3,72.0,excluded_review,no,,,ZS_CA0058,zero_shot,,,0,no,no,zero_shot_not_applicable,0.0,0.0,0.0
CA0059,CA0059,SRC023,SFC_09D2365FF128,LIQ_53310FAFB3,82.0,excluded_review,no,,,ZS_CA0059,zero_shot,,,0,no,no,zero_shot_not_applicable,0.0,0.0,0.0
CA0060,CA0060,SRC023,SFC_C657B6B2A8F2,LIQ_53310FAFB3,85.0,excluded_review,no,,,ZS_CA0060,zero_shot,,,0,no,no,zero_shot_not_applicable,0.0,0.0,0.0
CA0061,CA0061,SRC023,SFC_EADE66E24084,LIQ_53310FAFB3,80.0,excluded_review,no,,,ZS_CA0061,zero_shot,,,0,no,no,zero_shot_not_applicable,0.0,0.0,0.0
CA0062,CA0062,SRC023,SFC_7320418E2637,LIQ_53310FAFB3,82.0,excluded_review,no,,,ZS_CA0062,zero_shot,,,0,no,no,zero_shot_not_applicable,0.0,0.0,0.0
CA0063,CA0063,SRC023,SFC_059D01259A34,LIQ_53310FAFB3,81.0,excluded_review,no,,,ZS_CA0063,zero_shot,,,0,no,no,zero_shot_not_applicable,0.0,0.0,0.0
CA0064,CA0064,SRC023,SFC_2F8ECAFB7400,LIQ_6656B41AB7,48.0,excluded_review,no,,,ZS_CA0064,zero_shot,,,0,no,no,zero_shot_not_applicable,0.0,0.0,0.0
CA0065,CA0065,SRC023,SFC_09D2365FF128,LIQ_6656B41AB7,52.0,excluded_review,no,,,ZS_CA0065,zero_shot,,,0,no,no,zero_shot_not_applicable,0.0,0.0,0.0
CA0066,CA0066,SRC023,SFC_C657B6B2A8F2,LIQ_6656B41AB7,55.0,excluded_review,no,,,ZS_CA0066,zero_shot,,,0,no,no,zero_shot_not_applicable,0.0,0.0,0.0
CA0067,CA0067,SRC023,SFC_EADE66E24084,LIQ_6656B41AB7,50.0,excluded_review,no,,,ZS_CA0067,zero_shot,,,0,no,no,zero_shot_not_applicable,0.0,0.0,0.0
CA0068,CA0068,SRC023,SFC_7320418E2637,LIQ_6656B41AB7,52.0,excluded_review,no,,,ZS_CA0068,zero_shot,,,0,no,no,zero_shot_not_applicable,0.0,0.0,0.0
CA0069,CA0069,SRC023,SFC_059D01259A34,LIQ_6656B41AB7,51.0,excluded_review,no,,,ZS_CA0069,zero_shot,,,0,no,no,zero_shot_not_applicable,0.0,0.0,0.0
CA0070,CA0070,SRC024,SFC_B8D818A15C77,LIQ_0F4168490E,91.0,excluded_review,no,,,ZS_CA0070,zero_shot,,,0,no,no,zero_shot_not_applicable,0.0,0.0,0.0
CA0071,CA0071,SRC024,SFC_DFFFBB02B458,LIQ_0F4168490E,108.0,excluded_review,no,,,ZS_CA0071,zero_shot,,,0,no,no,zero_shot_not_applicable,0.0,0.0,0.0
CA0072,CA0072,SRC024,SFC_CC13B5674B11,LIQ_53310FAFB3,55.0,excluded_review,no,,,ZS_CA0072,zero_shot,,,0,no,no,zero_shot_not_applicable,0.0,0.0,0.0
CA0073,CA0073,SRC024,SFC_2F5D209BCFE9,LIQ_53310FAFB3,52.0,excluded_review,no,,,ZS_CA0073,zero_shot,,,0,no,no,zero_shot_not_applicable,0.0,0.0,0.0
CA0074,CA0074,SRC024,SFC_B8D818A15C77,LIQ_53310FAFB3,68.0,excluded_review,no,,,ZS_CA0074,zero_shot,,,0,no,no,zero_shot_not_applicable,0.0,0.0,0.0
CA0075,CA0075,SRC024,SFC_DFFFBB02B458,LIQ_53310FAFB3,78.0,excluded_review,no,,,ZS_CA0075,zero_shot,,,0,no,no,zero_shot_not_applicable,0.0,0.0,0.0
CA0076,CA0076,SRC024,SFC_8E1BAB0CA5A6,LIQ_53310FAFB3,58.0,excluded_review,no,,,ZS_CA0076,zero_shot,,,0,no,no,zero_shot_not_applicable,0.0,0.0,0.0
CA0077,CA0077,SRC010,SFC_95580B5C4364,LIQ_0F4168490E,122.42,train,no,,,ZS_CA0077,zero_shot,,,0,no,no,zero_shot_not_applicable,0.0,0.0,0.0
CA0077,CA0077,SRC010,SFC_95580B5C4364,LIQ_0F4168490E,122.42,train,no,,,PA_CA0077,probe_assisted,CA0078,LIQ_6656B41AB7,1,yes,no,insufficient_probes,0.0,0.0,
CA0078,CA0078,SRC010,SFC_95580B5C4364,LIQ_6656B41AB7,84.98,train,no,,,ZS_CA0078,zero_shot,,,0,no,no,zero_shot_not_applicable,0.0,0.0,0.0
CA0078,CA0078,SRC010,SFC_95580B5C4364,LIQ_6656B41AB7,84.98,train,no,,,PA_CA0078,probe_assisted,CA0077,LIQ_0F4168490E,1,yes,no,insufficient_probes,0.0,0.0,
CA0079,CA0079,SRC010,SFC_F7990EF3D076,LIQ_0F4168490E,116.91,train,no,,,ZS_CA0079,zero_shot,,,0,no,no,zero_shot_not_applicable,0.0,0.0,0.0
CA0079,CA0079,SRC010,SFC_F7990EF3D076,LIQ_0F4168490E,116.91,train,no,,,PA_CA0079,probe_assisted,CA0080,LIQ_6656B41AB7,1,yes,no,insufficient_probes,0.0,0.0,
CA0080,CA0080,SRC010,SFC_F7990EF3D076,LIQ_6656B41AB7,79.59,train,no,,,ZS_CA0080,zero_shot,,,0,no,no,zero_shot_not_applicable,0.0,0.0,0.0
CA0080,CA0080,SRC010,SFC_F7990EF3D076,LIQ_6656B41AB7,79.59,train,no,,,PA_CA0080,probe_assisted,CA0079,LIQ_0F4168490E,1,yes,no,insufficient_probes,0.0,0.0,
CA0081,CA0081,SRC010,SFC_10C3C0102684,LIQ_0F4168490E,60.42,train,no,,,ZS_CA0081,zero_shot,,,0,no,no,zero_shot_not_applicable,0.0,0.0,0.0
CA0081,CA0081,SRC010,SFC_10C3C0102684,LIQ_0F4168490E,60.42,train,no,,,PA_CA0081,probe_assisted,CA0082,LIQ_6656B41AB7,1,yes,no,insufficient_probes,0.0,0.0,
CA0082,CA0082,SRC010,SFC_10C3C0102684,LIQ_6656B41AB7,60.25,train,no,,,ZS_CA0082,zero_shot,,,0,no,no,zero_shot_not_applicable,0.0,0.0,0.0
CA0082,CA0082,SRC010,SFC_10C3C0102684,LIQ_6656B41AB7,60.25,train,no,,,PA_CA0082,probe_assisted,CA0081,LIQ_0F4168490E,1,yes,no,insufficient_probes,0.0,0.0,
CA0083,CA0083,SRC010,SFC_FA6603E349B6,LIQ_0F4168490E,76.51,train,no,,,ZS_CA0083,zero_shot,,,0,no,no,zero_shot_not_applicable,0.0,0.0,0.0
CA0083,CA0083,SRC010,SFC_FA6603E349B6,LIQ_0F4168490E,76.51,train,no,,,PA_CA0083,probe_assisted,CA0084,LIQ_6656B41AB7,1,yes,no,insufficient_probes,0.0,0.0,
CA0084,CA0084,SRC010,SFC_FA6603E349B6,LIQ_6656B41AB7,58.3,train,no,,,ZS_CA0084,zero_shot,,,0,no,no,zero_shot_not_applicable,0.0,0.0,0.0
CA0084,CA0084,SRC010,SFC_FA6603E349B6,LIQ_6656B41AB7,58.3,train,no,,,PA_CA0084,probe_assisted,CA0083,LIQ_0F4168490E,1,yes,no,insufficient_probes,0.0,0.0,
CA0085,CA0085,SRC010,SFC_91AEF1F6D63F,LIQ_0F4168490E,103.37,train,no,,,ZS_CA0085,zero_shot,,,0,no,no,zero_shot_not_applicable,0.0,0.0,0.0
CA0085,CA0085,SRC010,SFC_91AEF1F6D63F,LIQ_0F4168490E,103.37,train,no,,,PA_CA0085,probe_assisted,CA0086,LIQ_6656B41AB7,1,yes,no,insufficient_probes,0.0,0.0,
CA0086,CA0086,SRC010,SFC_91AEF1F6D63F,LIQ_6656B41AB7,80.65,train,no,,,ZS_CA0086,zero_shot,,,0,no,no,zero_shot_not_applicable,0.0,0.0,0.0
CA0086,CA0086,SRC010,SFC_91AEF1F6D63F,LIQ_6656B41AB7,80.65,train,no,,,PA_CA0086,probe_assisted,CA0085,LIQ_0F4168490E,1,yes,no,insufficient_probes,0.0,0.0,
CA0087,CA0087,SRC010,SFC_B26BB3C57516,LIQ_0F4168490E,94.3,train,no,,,ZS_CA0087,zero_shot,,,0,no,no,zero_shot_not_applicable,0.0,0.0,0.0
CA0087,CA0087,SRC010,SFC_B26BB3C57516,LIQ_0F4168490E,94.3,train,no,,,PA_CA0087,probe_assisted,CA0088,LIQ_6656B41AB7,1,yes,no,insufficient_probes,0.0,0.0,
CA0088,CA0088,SRC010,SFC_B26BB3C57516,LIQ_6656B41AB7,76.04,train,no,,,ZS_CA0088,zero_shot,,,0,no,no,zero_shot_not_applicable,0.0,0.0,0.0
CA0088,CA0088,SRC010,SFC_B26BB3C57516,LIQ_6656B41AB7,76.04,train,no,,,PA_CA0088,probe_assisted,CA0087,LIQ_0F4168490E,1,yes,no,insufficient_probes,0.0,0.0,
CA0089,CA0089,SRC010,SFC_EE615B6001A2,LIQ_0F4168490E,52.45,train,no,,,ZS_CA0089,zero_shot,,,0,no,no,zero_shot_not_applicable,0.0,0.0,0.0
CA0089,CA0089,SRC010,SFC_EE615B6001A2,LIQ_0F4168490E,52.45,train,no,,,PA_CA0089,probe_assisted,CA0090,LIQ_6656B41AB7,1,yes,no,insufficient_probes,0.0,0.0,
CA0090,CA0090,SRC010,SFC_EE615B6001A2,LIQ_6656B41AB7,66.51,train,no,,,ZS_CA0090,zero_shot,,,0,no,no,zero_shot_not_applicable,0.0,0.0,0.0
CA0090,CA0090,SRC010,SFC_EE615B6001A2,LIQ_6656B41AB7,66.51,train,no,,,PA_CA0090,probe_assisted,CA0089,LIQ_0F4168490E,1,yes,no,insufficient_probes,0.0,0.0,
CA0091,CA0091,SRC010,SFC_C256F7B116EE,LIQ_0F4168490E,40.92,train,no,,,ZS_CA0091,zero_shot,,,0,no,no,zero_shot_not_applicable,0.0,0.0,0.0
CA0091,CA0091,SRC010,SFC_C256F7B116EE,LIQ_0F4168490E,40.92,train,no,,,PA_CA0091,probe_assisted,CA0092,LIQ_6656B41AB7,1,yes,no,insufficient_probes,0.0,0.0,
CA0092,CA0092,SRC010,SFC_C256F7B116EE,LIQ_6656B41AB7,40.8,train,no,,,ZS_CA0092,zero_shot,,,0,no,no,zero_shot_not_applicable,0.0,0.0,0.0
CA0092,CA0092,SRC010,SFC_C256F7B116EE,LIQ_6656B41AB7,40.8,train,no,,,PA_CA0092,probe_assisted,CA0091,LIQ_0F4168490E,1,yes,no,insufficient_probes,0.0,0.0,
CA0093,CA0093,SRC009,SFC_A5B2B66974AE,LIQ_0F4168490E,83.5,train,no,,,ZS_CA0093,zero_shot,,,0,no,no,zero_shot_not_applicable,0.0,0.0,0.0
CA0093,CA0093,SRC009,SFC_A5B2B66974AE,LIQ_0F4168490E,83.5,train,no,,,PA_CA0093,probe_assisted,CA0094,LIQ_6656B41AB7,1,yes,no,insufficient_probes,0.0,0.0,
CA0094,CA0094,SRC009,SFC_A5B2B66974AE,LIQ_6656B41AB7,77.7,train,no,,,ZS_CA0094,zero_shot,,,0,no,no,zero_shot_not_applicable,0.0,0.0,0.0
CA0094,CA0094,SRC009,SFC_A5B2B66974AE,LIQ_6656B41AB7,77.7,train,no,,,PA_CA0094,probe_assisted,CA0093,LIQ_0F4168490E,1,yes,no,insufficient_probes,0.0,0.0,
CA0095,CA0095,SRC009,SFC_BF7DB4F8493A,LIQ_0F4168490E,11.4,train,no,,,ZS_CA0095,zero_shot,,,0,no,no,zero_shot_not_applicable,0.0,0.0,0.0
CA0095,CA0095,SRC009,SFC_BF7DB4F8493A,LIQ_0F4168490E,11.4,train,no,,,PA_CA0095,probe_assisted,CA0096,LIQ_6656B41AB7,1,yes,no,insufficient_probes,0.0,0.0,
CA0096,CA0096,SRC009,SFC_BF7DB4F8493A,LIQ_6656B41AB7,30.2,train,no,,,ZS_CA0096,zero_shot,,,0,no,no,zero_shot_not_applicable,0.0,0.0,0.0
CA0096,CA0096,SRC009,SFC_BF7DB4F8493A,LIQ_6656B41AB7,30.2,train,no,,,PA_CA0096,probe_assisted,CA0095,LIQ_0F4168490E,1,yes,no,insufficient_probes,0.0,0.0,
CA0097,CA0097,SRC009,SFC_1CE43E1DBA17,LIQ_0F4168490E,101.3,train,no,,,ZS_CA0097,zero_shot,,,0,no,no,zero_shot_not_applicable,0.0,0.0,0.0
CA0097,CA0097,SRC009,SFC_1CE43E1DBA17,LIQ_0F4168490E,101.3,train,no,,,PA_CA0097,probe_assisted,CA0098,LIQ_6656B41AB7,1,yes,no,insufficient_probes,0.0,0.0,
CA0098,CA0098,SRC009,SFC_1CE43E1DBA17,LIQ_6656B41AB7,83.8,train,no,,,ZS_CA0098,zero_shot,,,0,no,no,zero_shot_not_applicable,0.0,0.0,0.0
CA0098,CA0098,SRC009,SFC_1CE43E1DBA17,LIQ_6656B41AB7,83.8,train,no,,,PA_CA0098,probe_assisted,CA0097,LIQ_0F4168490E,1,yes,no,insufficient_probes,0.0,0.0,
CA0099,CA0099,SRC009,SFC_CD91556CDD43,LIQ_0F4168490E,65.4,train,no,,,ZS_CA0099,zero_shot,,,0,no,no,zero_shot_not_applicable,0.0,0.0,0.0
CA0099,CA0099,SRC009,SFC_CD91556CDD43,LIQ_0F4168490E,65.4,train,no,,,PA_CA0099,probe_assisted,CA0100,LIQ_6656B41AB7,1,yes,no,insufficient_probes,0.0,0.0,
CA0100,CA0100,SRC009,SFC_CD91556CDD43,LIQ_6656B41AB7,61.3,train,no,,,ZS_CA0100,zero_shot,,,0,no,no,zero_shot_not_applicable,0.0,0.0,0.0
CA0100,CA0100,SRC009,SFC_CD91556CDD43,LIQ_6656B41AB7,61.3,train,no,,,PA_CA0100,probe_assisted,CA0099,LIQ_0F4168490E,1,yes,no,insufficient_probes,0.0,0.0,
CA0101,CA0101,SRC007,SFC_5EB9C176CFB3,LIQ_0F4168490E,98.7,validation,no,,,ZS_CA0101,zero_shot,,,0,no,no,zero_shot_not_applicable,0.0,0.0,0.0
CA0101,CA0101,SRC007,SFC_5EB9C176CFB3,LIQ_0F4168490E,98.7,validation,no,,,PA_CA0101,probe_assisted,CA0102,LIQ_6656B41AB7,1,yes,no,insufficient_probes,0.0,0.0,
CA0102,CA0102,SRC007,SFC_5EB9C176CFB3,LIQ_6656B41AB7,45.7,validation,no,,,ZS_CA0102,zero_shot,,,0,no,no,zero_shot_not_applicable,0.0,0.0,0.0
CA0102,CA0102,SRC007,SFC_5EB9C176CFB3,LIQ_6656B41AB7,45.7,validation,no,,,PA_CA0102,probe_assisted,CA0101,LIQ_0F4168490E,1,yes,no,insufficient_probes,0.0,0.0,
CA0103,CA0103,SRC007,SFC_4A9A552599CA,LIQ_0F4168490E,85.6,validation,no,,,ZS_CA0103,zero_shot,,,0,no,no,zero_shot_not_applicable,0.0,0.0,0.0
CA0103,CA0103,SRC007,SFC_4A9A552599CA,LIQ_0F4168490E,85.6,validation,no,,,PA_CA0103,probe_assisted,CA0104,LIQ_6656B41AB7,1,yes,no,insufficient_probes,0.0,0.0,
CA0104,CA0104,SRC007,SFC_4A9A552599CA,LIQ_6656B41AB7,27.8,validation,no,,,ZS_CA0104,zero_shot,,,0,no,no,zero_shot_not_applicable,0.0,0.0,0.0
CA0104,CA0104,SRC007,SFC_4A9A552599CA,LIQ_6656B41AB7,27.8,validation,no,,,PA_CA0104,probe_assisted,CA0103,LIQ_0F4168490E,1,yes,no,insufficient_probes,0.0,0.0,
CA0105,CA0105,SRC007,SFC_FE6387F77D1C,LIQ_0F4168490E,69.3,validation,no,,,ZS_CA0105,zero_shot,,,0,no,no,zero_shot_not_applicable,0.0,0.0,0.0
CA0105,CA0105,SRC007,SFC_FE6387F77D1C,LIQ_0F4168490E,69.3,validation,no,,,PA_CA0105,probe_assisted,CA0106,LIQ_6656B41AB7,1,yes,no,insufficient_probes,0.0,0.0,
CA0106,CA0106,SRC007,SFC_FE6387F77D1C,LIQ_6656B41AB7,31.6,validation,no,,,ZS_CA0106,zero_shot,,,0,no,no,zero_shot_not_applicable,0.0,0.0,0.0
CA0106,CA0106,SRC007,SFC_FE6387F77D1C,LIQ_6656B41AB7,31.6,validation,no,,,PA_CA0106,probe_assisted,CA0105,LIQ_0F4168490E,1,yes,no,insufficient_probes,0.0,0.0,
CA0107,CA0107,SRC008,SFC_5B98CD5D3171,LIQ_0F4168490E,48.4,train,yes,36.4,15.6,ZS_CA0107,zero_shot,,,0,no,no,zero_shot_not_applicable,0.0,0.0,0.0
CA0108,CA0108,SRC008,SFC_501977853E73,LIQ_0F4168490E,56.2,excluded_review,yes,39.3,12.7,ZS_CA0108,zero_shot,,,0,no,no,zero_shot_not_applicable,0.0,0.0,0.0
CA0109,CA0109,SRC008,SFC_FA2839A92EC7,LIQ_0F4168490E,44.7,excluded_review,yes,36.4,15.6,ZS_CA0109,zero_shot,,,0,no,no,zero_shot_not_applicable,0.0,0.0,0.0
CA0110,CA0110,SRC008,SFC_1D8B05F80DC7,LIQ_0F4168490E,49.9,excluded_review,yes,39.3,12.7,ZS_CA0110,zero_shot,,,0,no,no,zero_shot_not_applicable,0.0,0.0,0.0
CA0111,CA0111,SRC008,SFC_44B95F9FBEE4,LIQ_0F4168490E,45.4,excluded_review,yes,36.4,15.6,ZS_CA0111,zero_shot,,,0,no,no,zero_shot_not_applicable,0.0,0.0,0.0
CA0112,CA0112,SRC008,SFC_E5CA0C67969B,LIQ_0F4168490E,34.6,excluded_review,yes,39.3,12.7,ZS_CA0112,zero_shot,,,0,no,no,zero_shot_not_applicable,0.0,0.0,0.0
CA0113,CA0113,SRC011,SFC_80F2E516B76C,LIQ_0F4168490E,0.0,excluded_review,no,,,ZS_CA0113,zero_shot,,,0,no,no,zero_shot_not_applicable,0.0,0.0,0.0
CA0114,CA0114,SRC011,SFC_3D1A32355659,LIQ_0F4168490E,0.0,excluded_review,no,,,ZS_CA0114,zero_shot,,,0,no,no,zero_shot_not_applicable,0.0,0.0,0.0
CA0115,CA0115,SRC011,SFC_CB2D9C2A1945,LIQ_0F4168490E,5.0,excluded_review,no,,,ZS_CA0115,zero_shot,,,0,no,no,zero_shot_not_applicable,0.0,0.0,0.0
CA0116,CA0116,SRC011,SFC_37C517499760,LIQ_0F4168490E,5.0,excluded_review,no,,,ZS_CA0116,zero_shot,,,0,no,no,zero_shot_not_applicable,0.0,0.0,0.0
CA0117,CA0117,SRC011,SFC_9F03DB4646F7,LIQ_0F4168490E,23.5,excluded_review,no,,,ZS_CA0117,zero_shot,,,0,no,no,zero_shot_not_applicable,0.0,0.0,0.0
CA0118,CA0118,SRC011,SFC_E8782E4956D5,LIQ_0F4168490E,39.1,excluded_review,no,,,ZS_CA0118,zero_shot,,,0,no,no,zero_shot_not_applicable,0.0,0.0,0.0
CA0119,CA0119,SRC011,SFC_D5E6A21B8B20,LIQ_6656B41AB7,43.2,excluded_review,no,,,ZS_CA0119,zero_shot,,,0,no,no,zero_shot_not_applicable,0.0,0.0,0.0
CA0119,CA0119,SRC011,SFC_D5E6A21B8B20,LIQ_6656B41AB7,43.2,excluded_review,no,,,PA_CA0119,probe_assisted,CA0121;CA0122;CA0130,LIQ_0F4168490E;LIQ_1BD1B94C09;LIQ_53310FAFB3,3,yes,yes,,18.445486567068222,14.023439419254466,78.16138005798321
CA0120,CA0120,SRC011,SFC_3A2A2BDFA9F8,LIQ_0F4168490E,59.0,excluded_review,no,,,ZS_CA0120,zero_shot,,,0,no,no,zero_shot_not_applicable,0.0,0.0,0.0
CA0121,CA0121,SRC011,SFC_D5E6A21B8B20,LIQ_1BD1B94C09,56.7,excluded_review,no,,,ZS_CA0121,zero_shot,,,0,no,no,zero_shot_not_applicable,0.0,0.0,0.0
CA0121,CA0121,SRC011,SFC_D5E6A21B8B20,LIQ_1BD1B94C09,56.7,excluded_review,no,,,PA_CA0121,probe_assisted,CA0119;CA0122;CA0130,LIQ_0F4168490E;LIQ_53310FAFB3;LIQ_6656B41AB7,3,yes,yes,,35.0139072597855,5.369542926140332,51.497774321277596
CA0122,CA0122,SRC011,SFC_D5E6A21B8B20,LIQ_53310FAFB3,57.0,excluded_review,no,,,ZS_CA0122,zero_shot,,,0,no,no,zero_shot_not_applicable,0.0,0.0,0.0
CA0122,CA0122,SRC011,SFC_D5E6A21B8B20,LIQ_53310FAFB3,57.0,excluded_review,no,,,PA_CA0122,probe_assisted,CA0119;CA0121;CA0130,LIQ_0F4168490E;LIQ_1BD1B94C09;LIQ_6656B41AB7,3,yes,yes,,35.54059386248353,6.006834970211738,38.481878920692374
CA0123,CA0123,SRC011,SFC_B7019C8ED9E7,LIQ_5C0DC0DCD1,58.0,train,no,,,ZS_CA0123,zero_shot,,,0,no,no,zero_shot_not_applicable,0.0,0.0,0.0
CA0124,CA0124,SRC011,SFC_9BD6477E2B8C,LIQ_0F4168490E,60.0,excluded_review,no,,,ZS_CA0124,zero_shot,,,0,no,no,zero_shot_not_applicable,0.0,0.0,0.0
CA0125,CA0125,SRC011,SFC_C87A66F3CAD4,LIQ_53310FAFB3,60.0,train,no,,,ZS_CA0125,zero_shot,,,0,no,no,zero_shot_not_applicable,0.0,0.0,0.0
CA0126,CA0126,SRC011,SFC_D5E6A21B8B20,LIQ_5C0DC0DCD1,66.8,train,no,,,ZS_CA0126,zero_shot,,,0,no,no,zero_shot_not_applicable,0.0,0.0,0.0
CA0127,CA0127,SRC011,SFC_83F1B2FBD3D1,LIQ_0F4168490E,67.3,excluded_review,no,,,ZS_CA0127,zero_shot,,,0,no,no,zero_shot_not_applicable,0.0,0.0,0.0
CA0128,CA0128,SRC011,SFC_B82DDA1FA6EB,LIQ_0F4168490E,70.0,excluded_review,no,,,ZS_CA0128,zero_shot,,,0,no,no,zero_shot_not_applicable,0.0,0.0,0.0
CA0129,CA0129,SRC011,SFC_B20AB2F2D7BA,LIQ_0F4168490E,72.0,excluded_review,no,,,ZS_CA0129,zero_shot,,,0,no,no,zero_shot_not_applicable,0.0,0.0,0.0
CA0130,CA0130,SRC011,SFC_D5E6A21B8B20,LIQ_0F4168490E,72.8,excluded_review,no,,,ZS_CA0130,zero_shot,,,0,no,no,zero_shot_not_applicable,0.0,0.0,0.0
CA0130,CA0130,SRC011,SFC_D5E6A21B8B20,LIQ_0F4168490E,72.8,excluded_review,no,,,PA_CA0130,probe_assisted,CA0119;CA0121;CA0122,LIQ_1BD1B94C09;LIQ_53310FAFB3;LIQ_6656B41AB7,3,yes,yes,,38.229250985733316,1.3379678853139152,88.85218458056075
CA0131,CA0131,SRC011,SFC_92FF2746E615,LIQ_0F4168490E,75.9,excluded_review,no,,,ZS_CA0131,zero_shot,,,0,no,no,zero_shot_not_applicable,0.0,0.0,0.0
CA0132,CA0132,SRC011,SFC_21F55DB1DB1F,LIQ_0F4168490E,82.0,excluded_review,no,,,ZS_CA0132,zero_shot,,,0,no,no,zero_shot_not_applicable,0.0,0.0,0.0
CA0133,CA0133,SRC011,SFC_6A14591A116F,LIQ_0F4168490E,100.0,excluded_review,no,,,ZS_CA0133,zero_shot,,,0,no,no,zero_shot_not_applicable,0.0,0.0,0.0
CA0134,CA0134,SRC011,SFC_24AA4E8E6A9C,LIQ_0F4168490E,101.0,excluded_review,no,,,ZS_CA0134,zero_shot,,,0,no,no,zero_shot_not_applicable,0.0,0.0,0.0
CA0135,CA0135,SRC011,SFC_8A02B7A7BFD9,LIQ_0F4168490E,104.0,excluded_review,no,,,ZS_CA0135,zero_shot,,,0,no,no,zero_shot_not_applicable,0.0,0.0,0.0
CA0136,CA0136,SRC011,SFC_DB32F86CDC1A,LIQ_0F4168490E,108.0,excluded_review,no,,,ZS_CA0136,zero_shot,,,0,no,no,zero_shot_not_applicable,0.0,0.0,0.0
CA0137,CA0137,SRC011,SFC_BBDC727ABD48,LIQ_0F4168490E,113.8,excluded_review,no,,,ZS_CA0137,zero_shot,,,0,no,no,zero_shot_not_applicable,0.0,0.0,0.0
CA0138,CA0138,SRC011,SFC_251879E7A061,LIQ_0F4168490E,120.0,excluded_review,no,,,ZS_CA0138,zero_shot,,,0,no,no,zero_shot_not_applicable,0.0,0.0,0.0
CA0139,CA0139,SRC011,SFC_FA48F1E5F5A9,LIQ_0F4168490E,150.0,excluded_review,no,,,ZS_CA0139,zero_shot,,,0,no,no,zero_shot_not_applicable,0.0,0.0,0.0
CA0140,CA0140,SRC011,SFC_F8D6EADE4C8B,LIQ_0F4168490E,150.0,excluded_review,no,,,ZS_CA0140,zero_shot,,,0,no,no,zero_shot_not_applicable,0.0,0.0,0.0
CA0141,CA0141,SRC011,SFC_587171B3415D,LIQ_0F4168490E,152.3,excluded_review,no,,,ZS_CA0141,zero_shot,,,0,no,no,zero_shot_not_applicable,0.0,0.0,0.0
CA0142,CA0142,SRC011,SFC_035481CA46C7,LIQ_0F4168490E,172.5,excluded_review,no,,,ZS_CA0142,zero_shot,,,0,no,no,zero_shot_not_applicable,0.0,0.0,0.0
CA0143,CA0143,SRC019,SFC_158AAEDEF9ED,LIQ_0F4168490E,76.3,train,no,,,ZS_CA0143,zero_shot,,,0,no,no,zero_shot_not_applicable,0.0,0.0,0.0
CA0143,CA0143,SRC019,SFC_158AAEDEF9ED,LIQ_0F4168490E,76.3,train,no,,,PA_CA0143,probe_assisted,CA0144;CA0145,LIQ_53310FAFB3;LIQ_6656B41AB7,2,yes,yes,,38.74446073567864,0.5146234198704261,93.48779788390725
CA0144,CA0144,SRC019,SFC_158AAEDEF9ED,LIQ_6656B41AB7,41.7,train,no,,,ZS_CA0144,zero_shot,,,0,no,no,zero_shot_not_applicable,0.0,0.0,0.0
CA0144,CA0144,SRC019,SFC_158AAEDEF9ED,LIQ_6656B41AB7,41.7,train,no,,,PA_CA0144,probe_assisted,CA0143;CA0145,LIQ_0F4168490E;LIQ_53310FAFB3,2,yes,yes,,13.075094276010207,15.524306249206512,89.1600118976276
CA0145,CA0145,SRC019,SFC_158AAEDEF9ED,LIQ_53310FAFB3,58.2,train,no,,,ZS_CA0145,zero_shot,,,0,no,no,zero_shot_not_applicable,0.0,0.0,0.0
CA0145,CA0145,SRC019,SFC_158AAEDEF9ED,LIQ_53310FAFB3,58.2,train,no,,,PA_CA0145,probe_assisted,CA0143;CA0144,LIQ_0F4168490E;LIQ_6656B41AB7,2,yes,yes,,38.74446073567868,4.993541507985814,36.62856962202555
CA0146,CA0146,SRC019,SFC_2B64446C7017,LIQ_0F4168490E,82.7,train,no,,,ZS_CA0146,zero_shot,,,0,no,no,zero_shot_not_applicable,0.0,0.0,0.0
CA0146,CA0146,SRC019,SFC_2B64446C7017,LIQ_0F4168490E,82.7,train,no,,,PA_CA0146,probe_assisted,CA0147;CA0148,LIQ_53310FAFB3;LIQ_6656B41AB7,2,yes,yes,,40.74771816221801,0.8284245020535461,90.15057562746577
CA0147,CA0147,SRC019,SFC_2B64446C7017,LIQ_6656B41AB7,37.7,train,no,,,ZS_CA0147,zero_shot,,,0,no,no,zero_shot_not_applicable,0.0,0.0,0.0
CA0147,CA0147,SRC019,SFC_2B64446C7017,LIQ_6656B41AB7,37.7,train,no,,,PA_CA0147,probe_assisted,CA0146;CA0148,LIQ_0F4168490E;LIQ_53310FAFB3,2,yes,yes,,27.52976367857469,5.355860276219879,61.81562529138378
CA0148,CA0148,SRC019,SFC_2B64446C7017,LIQ_53310FAFB3,53.3,train,no,,,ZS_CA0148,zero_shot,,,0,no,no,zero_shot_not_applicable,0.0,0.0,0.0
CA0148,CA0148,SRC019,SFC_2B64446C7017,LIQ_53310FAFB3,53.3,train,no,,,PA_CA0148,probe_assisted,CA0146;CA0147,LIQ_0F4168490E;LIQ_6656B41AB7,2,yes,yes,,40.74771816221805,2.4687455716539923,44.136334670903764
CA0149,CA0149,SRC019,SFC_DE2A842947A3,LIQ_0F4168490E,72.3,train,no,,,ZS_CA0149,zero_shot,,,0,no,no,zero_shot_not_applicable,0.0,0.0,0.0
CA0149,CA0149,SRC019,SFC_DE2A842947A3,LIQ_0F4168490E,72.3,train,no,,,PA_CA0149,probe_assisted,CA0150;CA0151,LIQ_53310FAFB3;LIQ_6656B41AB7,2,yes,yes,,43.845545962299056,1.213263084386479,86.24679791034333
CA0150,CA0150,SRC019,SFC_DE2A842947A3,LIQ_6656B41AB7,30.9,train,no,,,ZS_CA0150,zero_shot,,,0,no,no,zero_shot_not_applicable,0.0,0.0,0.0
CA0150,CA0150,SRC019,SFC_DE2A842947A3,LIQ_6656B41AB7,30.9,train,no,,,PA_CA0150,probe_assisted,CA0149;CA0151,LIQ_0F4168490E;LIQ_53310FAFB3,2,yes,yes,,20.52943711240378,13.574537591247807,74.25163189154424
CA0151,CA0151,SRC019,SFC_DE2A842947A3,LIQ_53310FAFB3,46.7,train,no,,,ZS_CA0151,zero_shot,,,0,no,no,zero_shot_not_applicable,0.0,0.0,0.0
CA0151,CA0151,SRC019,SFC_DE2A842947A3,LIQ_53310FAFB3,46.7,train,no,,,PA_CA0151,probe_assisted,CA0149;CA0150,LIQ_0F4168490E;LIQ_6656B41AB7,2,yes,yes,,43.84554596229909,5.370803428844866,24.950529012969252
CA0152,CA0152,SRC019,SFC_F38D9A54A3DA,LIQ_0F4168490E,78.1,train,no,,,ZS_CA0152,zero_shot,,,0,no,no,zero_shot_not_applicable,0.0,0.0,0.0
CA0152,CA0152,SRC019,SFC_F38D9A54A3DA,LIQ_0F4168490E,78.1,train,no,,,PA_CA0152,probe_assisted,CA0153;CA0154,LIQ_53310FAFB3;LIQ_6656B41AB7,2,yes,yes,,40.74771816221801,2.455367892413208,82.74830806409736
CA0153,CA0153,SRC019,SFC_F38D9A54A3DA,LIQ_6656B41AB7,37.7,train,no,,,ZS_CA0153,zero_shot,,,0,no,no,zero_shot_not_applicable,0.0,0.0,0.0
CA0153,CA0153,SRC019,SFC_F38D9A54A3DA,LIQ_6656B41AB7,37.7,train,no,,,PA_CA0153,probe_assisted,CA0152;CA0154,LIQ_0F4168490E;LIQ_53310FAFB3,2,yes,yes,,32.29143236950317,5.918548813563784,53.51848512213737
CA0154,CA0154,SRC019,SFC_F38D9A54A3DA,LIQ_53310FAFB3,44.2,train,no,,,ZS_CA0154,zero_shot,,,0,no,no,zero_shot_not_applicable,0.0,0.0,0.0
CA0154,CA0154,SRC019,SFC_F38D9A54A3DA,LIQ_53310FAFB3,44.2,train,no,,,PA_CA0154,probe_assisted,CA0152;CA0153,LIQ_0F4168490E;LIQ_6656B41AB7,2,yes,yes,,40.747718162218064,3.8990459247881395,37.72596763060408
CA0155,CA0155,SRC019,SFC_728CE2CDF422,LIQ_0F4168490E,86.2,train,no,,,ZS_CA0155,zero_shot,,,0,no,no,zero_shot_not_applicable,0.0,0.0,0.0
CA0155,CA0155,SRC019,SFC_728CE2CDF422,LIQ_0F4168490E,86.2,train,no,,,PA_CA0155,probe_assisted,CA0156;CA0157,LIQ_53310FAFB3;LIQ_6656B41AB7,2,yes,yes,,42.666923488007356,1.038832391395748,87.8320867350994
CA0156,CA0156,SRC019,SFC_728CE2CDF422,LIQ_6656B41AB7,33.6,train,no,,,ZS_CA0156,zero_shot,,,0,no,no,zero_shot_not_applicable,0.0,0.0,0.0
CA0156,CA0156,SRC019,SFC_728CE2CDF422,LIQ_6656B41AB7,33.6,train,no,,,PA_CA0156,probe_assisted,CA0155;CA0157,LIQ_0F4168490E;LIQ_53310FAFB3,2,yes,yes,,39.47255936540742,1.761443223653096,40.27295953811623
CA0157,CA0157,SRC019,SFC_728CE2CDF422,LIQ_53310FAFB3,49.4,train,no,,,ZS_CA0157,zero_shot,,,0,no,no,zero_shot_not_applicable,0.0,0.0,0.0
CA0157,CA0157,SRC019,SFC_728CE2CDF422,LIQ_53310FAFB3,49.4,train,no,,,PA_CA0157,probe_assisted,CA0155;CA0156,LIQ_0F4168490E;LIQ_6656B41AB7,2,yes,yes,,42.66692348800741,1.3554072335484735,47.38200623233213
CA0158,CA0158,SRC019,SFC_18B35400A3DF,LIQ_0F4168490E,77.6,train,no,,,ZS_CA0158,zero_shot,,,0,no,no,zero_shot_not_applicable,0.0,0.0,0.0
CA0158,CA0158,SRC019,SFC_18B35400A3DF,LIQ_0F4168490E,77.6,train,no,,,PA_CA0158,probe_assisted,CA0159;CA0160,LIQ_53310FAFB3;LIQ_6656B41AB7,2,yes,yes,,39.35767037924625,0.9680645709346705,90.1289779983945
CA0159,CA0159,SRC019,SFC_18B35400A3DF,LIQ_6656B41AB7,40.5,train,no,,,ZS_CA0159,zero_shot,,,0,no,no,zero_shot_not_applicable,0.0,0.0,0.0
CA0159,CA0159,SRC019,SFC_18B35400A3DF,LIQ_6656B41AB7,40.5,train,no,,,PA_CA0159,probe_assisted,CA0158;CA0160,LIQ_0F4168490E;LIQ_53310FAFB3,2,yes,yes,,19.115175675321968,11.109345163318563,76.88900610846127
CA0160,CA0160,SRC019,SFC_18B35400A3DF,LIQ_53310FAFB3,54.1,train,no,,,ZS_CA0160,zero_shot,,,0,no,no,zero_shot_not_applicable,0.0,0.0,0.0
CA0160,CA0160,SRC019,SFC_18B35400A3DF,LIQ_53310FAFB3,54.1,train,no,,,PA_CA0160,probe_assisted,CA0158;CA0159,LIQ_0F4168490E;LIQ_6656B41AB7,2,yes,yes,,39.35767037924629,4.3676264990332845,38.071482068308725
CA0161,CA0161,SRC019,SFC_A2A13A70D232,LIQ_0F4168490E,79.7,train,no,,,ZS_CA0161,zero_shot,,,0,no,no,zero_shot_not_applicable,0.0,0.0,0.0
CA0161,CA0161,SRC019,SFC_A2A13A70D232,LIQ_0F4168490E,79.7,train,no,,,PA_CA0161,probe_assisted,CA0162;CA0163,LIQ_53310FAFB3;LIQ_6656B41AB7,2,yes,yes,,35.38216165976541,1.0356580772917847,92.14045321582735
CA0162,CA0162,SRC019,SFC_A2A13A70D232,LIQ_6656B41AB7,48.0,train,no,,,ZS_CA0162,zero_shot,,,0,no,no,zero_shot_not_applicable,0.0,0.0,0.0
CA0162,CA0162,SRC019,SFC_A2A13A70D232,LIQ_6656B41AB7,48.0,train,no,,,PA_CA0162,probe_assisted,CA0161;CA0163,LIQ_0F4168490E;LIQ_53310FAFB3,2,yes,yes,,16.435958914877073,11.27481623804047,82.09008649412989
CA0163,CA0163,SRC019,SFC_A2A13A70D232,LIQ_53310FAFB3,58.7,train,no,,,ZS_CA0163,zero_shot,,,0,no,no,zero_shot_not_applicable,0.0,0.0,0.0
CA0163,CA0163,SRC019,SFC_A2A13A70D232,LIQ_53310FAFB3,58.7,train,no,,,PA_CA0163,probe_assisted,CA0161;CA0162,LIQ_0F4168490E;LIQ_6656B41AB7,2,yes,yes,,35.382161659765416,4.491861424133114,43.977224185135285
CA0164,CA0164,SRC019,SFC_1A0DE38C2B6C,LIQ_0F4168490E,66.7,train,no,,,ZS_CA0164,zero_shot,,,0,no,no,zero_shot_not_applicable,0.0,0.0,0.0
CA0164,CA0164,SRC019,SFC_1A0DE38C2B6C,LIQ_0F4168490E,66.7,train,no,,,PA_CA0164,probe_assisted,CA0165;CA0166,LIQ_53310FAFB3;LIQ_6656B41AB7,2,yes,yes,,42.93501010934509,1.526567956255803,85.24499270463474
CA0165,CA0165,SRC019,SFC_1A0DE38C2B6C,LIQ_6656B41AB7,33.0,train,no,,,ZS_CA0165,zero_shot,,,0,no,no,zero_shot_not_applicable,0.0,0.0,0.0
CA0165,CA0165,SRC019,SFC_1A0DE38C2B6C,LIQ_6656B41AB7,33.0,train,no,,,PA_CA0165,probe_assisted,CA0164;CA0166,LIQ_0F4168490E;LIQ_53310FAFB3,2,yes,yes,,14.53659776046017,21.348065085145965,85.993689424891
CA0166,CA0166,SRC019,SFC_1A0DE38C2B6C,LIQ_53310FAFB3,46.0,train,no,,,ZS_CA0166,zero_shot,,,0,no,no,zero_shot_not_applicable,0.0,0.0,0.0
CA0166,CA0166,SRC019,SFC_1A0DE38C2B6C,LIQ_53310FAFB3,46.0,train,no,,,PA_CA0166,probe_assisted,CA0164;CA0165,LIQ_0F4168490E;LIQ_6656B41AB7,2,yes,yes,,42.93501010934514,8.003963905520958,10.235278262077843
CA0167,CA0167,SRC019,SFC_B939DB90B487,LIQ_0F4168490E,85.3,train,no,,,ZS_CA0167,zero_shot,,,0,no,no,zero_shot_not_applicable,0.0,0.0,0.0
CA0167,CA0167,SRC019,SFC_B939DB90B487,LIQ_0F4168490E,85.3,train,no,,,PA_CA0167,probe_assisted,CA0168;CA0169,LIQ_53310FAFB3;LIQ_6656B41AB7,2,yes,yes,,38.22609388629722,1.1174413011746551,89.97390965132644
CA0168,CA0168,SRC019,SFC_B939DB90B487,LIQ_6656B41AB7,42.7,train,no,,,ZS_CA0168,zero_shot,,,0,no,no,zero_shot_not_applicable,0.0,0.0,0.0
CA0168,CA0168,SRC019,SFC_B939DB90B487,LIQ_6656B41AB7,42.7,train,no,,,PA_CA0168,probe_assisted,CA0167;CA0169,LIQ_0F4168490E;LIQ_53310FAFB3,2,yes,yes,,29.9064457380364,3.7607063727919847,57.686721838498556
CA0169,CA0169,SRC019,SFC_B939DB90B487,LIQ_53310FAFB3,54.6,train,no,,,ZS_CA0169,zero_shot,,,0,no,no,zero_shot_not_applicable,0.0,0.0,0.0
CA0169,CA0169,SRC019,SFC_B939DB90B487,LIQ_53310FAFB3,54.6,train,no,,,PA_CA0169,probe_assisted,CA0167;CA0168,LIQ_0F4168490E;LIQ_6656B41AB7,2,yes,yes,,38.22609388629726,2.167997530649428,49.10217397752503
CA0170,CA0170,SRC019,SFC_20F9A903B6D3,LIQ_0F4168490E,70.8,train,no,,,ZS_CA0170,zero_shot,,,0,no,no,zero_shot_not_applicable,0.0,0.0,0.0
CA0170,CA0170,SRC019,SFC_20F9A903B6D3,LIQ_0F4168490E,70.8,train,no,,,PA_CA0170,probe_assisted,CA0171;CA0172,LIQ_53310FAFB3;LIQ_6656B41AB7,2,yes,yes,,43.54693651061128,1.7971018838598767,83.71539956976211
CA0171,CA0171,SRC019,SFC_20F9A903B6D3,LIQ_6656B41AB7,31.6,train,no,,,ZS_CA0171,zero_shot,,,0,no,no,zero_shot_not_applicable,0.0,0.0,0.0
CA0171,CA0171,SRC019,SFC_20F9A903B6D3,LIQ_6656B41AB7,31.6,train,no,,,PA_CA0171,probe_assisted,CA0170;CA0172,LIQ_0F4168490E;LIQ_53310FAFB3,2,yes,yes,,21.868581855866104,13.80754654463013,71.80660346735773
CA0172,CA0172,SRC019,SFC_20F9A903B6D3,LIQ_53310FAFB3,43.6,train,no,,,ZS_CA0172,zero_shot,,,0,no,no,zero_shot_not_applicable,0.0,0.0,0.0
CA0172,CA0172,SRC019,SFC_20F9A903B6D3,LIQ_53310FAFB3,43.6,train,no,,,PA_CA0172,probe_assisted,CA0170;CA0171,LIQ_0F4168490E;LIQ_6656B41AB7,2,yes,yes,,43.54693651061134,6.045912664200583,21.985995573926086
CA0173,CA0173,SRC019,SFC_B194AD3300AA,LIQ_0F4168490E,70.0,train,no,,,ZS_CA0173,zero_shot,,,0,no,no,zero_shot_not_applicable,0.0,0.0,0.0
CA0173,CA0173,SRC019,SFC_B194AD3300AA,LIQ_0F4168490E,70.0,train,no,,,PA_CA0173,probe_assisted,CA0174;CA0175,LIQ_53310FAFB3;LIQ_6656B41AB7,2,yes,yes,,37.27738418939296,0.8191982159485138,92.25047723795805
CA0174,CA0174,SRC019,SFC_B194AD3300AA,LIQ_6656B41AB7,44.5,train,no,,,ZS_CA0174,zero_shot,,,0,no,no,zero_shot_not_applicable,0.0,0.0,0.0
CA0174,CA0174,SRC019,SFC_B194AD3300AA,LIQ_6656B41AB7,44.5,train,no,,,PA_CA0174,probe_assisted,CA0173;CA0175,LIQ_0F4168490E;LIQ_53310FAFB3,2,yes,yes,,7.641048674158602,25.331561971591537,102.96373200179798
CA0175,CA0175,SRC019,SFC_B194AD3300AA,LIQ_53310FAFB3,57.7,train,no,,,ZS_CA0175,zero_shot,,,0,no,no,zero_shot_not_applicable,0.0,0.0,0.0
CA0175,CA0175,SRC019,SFC_B194AD3300AA,LIQ_53310FAFB3,57.7,train,no,,,PA_CA0175,probe_assisted,CA0173;CA0174,LIQ_0F4168490E;LIQ_6656B41AB7,2,yes,yes,,37.277384189393004,8.114120342284476,27.46157126598799
CA0176,CA0176,SRC019,SFC_518FE42D18EE,LIQ_0F4168490E,67.9,train,no,,,ZS_CA0176,zero_shot,,,0,no,no,zero_shot_not_applicable,0.0,0.0,0.0
CA0176,CA0176,SRC019,SFC_518FE42D18EE,LIQ_0F4168490E,67.9,train,no,,,PA_CA0176,probe_assisted,CA0177;CA0178,LIQ_53310FAFB3;LIQ_6656B41AB7,2,yes,yes,,44.180630734995454,2.1747766287746195,81.84083654355857
CA0177,CA0177,SRC019,SFC_518FE42D18EE,LIQ_6656B41AB7,30.1,train,no,,,ZS_CA0177,zero_shot,,,0,no,no,zero_shot_not_applicable,0.0,0.0,0.0
CA0177,CA0177,SRC019,SFC_518FE42D18EE,LIQ_6656B41AB7,30.1,train,no,,,PA_CA0177,probe_assisted,CA0176;CA0178,LIQ_0F4168490E;LIQ_53310FAFB3,2,yes,yes,,21.101568557959713,16.090763404117983,73.20144265048424
CA0178,CA0178,SRC019,SFC_518FE42D18EE,LIQ_53310FAFB3,40.6,train,no,,,ZS_CA0178,zero_shot,,,0,no,no,zero_shot_not_applicable,0.0,0.0,0.0
CA0178,CA0178,SRC019,SFC_518FE42D18EE,LIQ_53310FAFB3,40.6,train,no,,,PA_CA0178,probe_assisted,CA0176;CA0177,LIQ_0F4168490E;LIQ_6656B41AB7,2,yes,yes,,44.1806307349955,7.12328445187084,12.533482728887137
CA0179,CA0179,SRC019,SFC_5B4B735AB969,LIQ_0F4168490E,84.9,train,no,,,ZS_CA0179,zero_shot,,,0,no,no,zero_shot_not_applicable,0.0,0.0,0.0
CA0179,CA0179,SRC019,SFC_5B4B735AB969,LIQ_0F4168490E,84.9,train,no,,,PA_CA0179,probe_assisted,CA0180;CA0181,LIQ_53310FAFB3;LIQ_6656B41AB7,2,yes,yes,,37.9120235167005,0.7075461008206224,92.58915705406653
CA0180,CA0180,SRC019,SFC_5B4B735AB969,LIQ_6656B41AB7,43.3,train,no,,,ZS_CA0180,zero_shot,,,0,no,no,zero_shot_not_applicable,0.0,0.0,0.0
CA0180,CA0180,SRC019,SFC_5B4B735AB969,LIQ_6656B41AB7,43.3,train,no,,,PA_CA0180,probe_assisted,CA0179;CA0181,LIQ_0F4168490E;LIQ_53310FAFB3,2,yes,yes,,24.82448523776442,5.2561248973624135,66.54054011775517
CA0181,CA0181,SRC019,SFC_5B4B735AB969,LIQ_53310FAFB3,57.7,train,no,,,ZS_CA0181,zero_shot,,,0,no,no,zero_shot_not_applicable,0.0,0.0,0.0
CA0181,CA0181,SRC019,SFC_5B4B735AB969,LIQ_53310FAFB3,57.7,train,no,,,PA_CA0181,probe_assisted,CA0179;CA0180,LIQ_0F4168490E;LIQ_6656B41AB7,2,yes,yes,,37.91202351670054,2.324118540907509,48.81727097168764
CA0182,CA0182,SRC019,SFC_C21C1D938B32,LIQ_0F4168490E,71.5,train,no,,,ZS_CA0182,zero_shot,,,0,no,no,zero_shot_not_applicable,0.0,0.0,0.0
CA0182,CA0182,SRC019,SFC_C21C1D938B32,LIQ_0F4168490E,71.5,train,no,,,PA_CA0182,probe_assisted,CA0183;CA0184,LIQ_53310FAFB3;LIQ_6656B41AB7,2,yes,yes,,42.486306211089094,1.7947823994483265,84.32269217663001
CA0183,CA0183,SRC019,SFC_C21C1D938B32,LIQ_6656B41AB7,34.0,train,no,,,ZS_CA0183,zero_shot,,,0,no,no,zero_shot_not_applicable,0.0,0.0,0.0
CA0183,CA0183,SRC019,SFC_C21C1D938B32,LIQ_6656B41AB7,34.0,train,no,,,PA_CA0183,probe_assisted,CA0182;CA0184,LIQ_0F4168490E;LIQ_53310FAFB3,2,yes,yes,,21.20114339502541,13.71915127671537,73.01954785946369
CA0184,CA0184,SRC019,SFC_C21C1D938B32,LIQ_53310FAFB3,45.1,train,no,,,ZS_CA0184,zero_shot,,,0,no,no,zero_shot_not_applicable,0.0,0.0,0.0
CA0184,CA0184,SRC019,SFC_C21C1D938B32,LIQ_53310FAFB3,45.1,train,no,,,PA_CA0184,probe_assisted,CA0182;CA0183,LIQ_0F4168490E;LIQ_6656B41AB7,2,yes,yes,,42.48630621108912,6.016114819982154,24.7654271461899
CA0185,CA0185,SRC019,SFC_7CE7C443ED47,LIQ_0F4168490E,76.7,train,no,,,ZS_CA0185,zero_shot,,,0,no,no,zero_shot_not_applicable,0.0,0.0,0.0
CA0185,CA0185,SRC019,SFC_7CE7C443ED47,LIQ_0F4168490E,76.7,train,no,,,PA_CA0185,probe_assisted,CA0186;CA0187,LIQ_53310FAFB3;LIQ_6656B41AB7,2,yes,yes,,43.19962780918939,1.4824097312127689,85.29935698533036
CA0186,CA0186,SRC019,SFC_7CE7C443ED47,LIQ_6656B41AB7,32.4,train,no,,,ZS_CA0186,zero_shot,,,0,no,no,zero_shot_not_applicable,0.0,0.0,0.0
CA0186,CA0186,SRC019,SFC_7CE7C443ED47,LIQ_6656B41AB7,32.4,train,no,,,PA_CA0186,probe_assisted,CA0185;CA0187,LIQ_0F4168490E;LIQ_53310FAFB3,2,yes,yes,,27.823762736428808,7.957600190658788,61.3047249552938
CA0187,CA0187,SRC019,SFC_7CE7C443ED47,LIQ_53310FAFB3,45.9,train,no,,,ZS_CA0187,zero_shot,,,0,no,no,zero_shot_not_applicable,0.0,0.0,0.0
CA0187,CA0187,SRC019,SFC_7CE7C443ED47,LIQ_53310FAFB3,45.9,train,no,,,PA_CA0187,probe_assisted,CA0185;CA0186,LIQ_0F4168490E;LIQ_6656B41AB7,2,yes,yes,,43.19962780918943,3.890406366392662,33.59053305590325
CA0188,CA0188,SRC019,SFC_3A912BE10F78,LIQ_0F4168490E,77.6,train,no,,,ZS_CA0188,zero_shot,,,0,no,no,zero_shot_not_applicable,0.0,0.0,0.0
CA0188,CA0188,SRC019,SFC_3A912BE10F78,LIQ_0F4168490E,77.6,train,no,,,PA_CA0188,probe_assisted,CA0189;CA0190,LIQ_53310FAFB3;LIQ_6656B41AB7,2,yes,yes,,37.91202351670048,1.1679052836181476,89.89560857826
CA0189,CA0189,SRC019,SFC_3A912BE10F78,LIQ_6656B41AB7,43.3,train,no,,,ZS_CA0189,zero_shot,,,0,no,no,zero_shot_not_applicable,0.0,0.0,0.0
CA0189,CA0189,SRC019,SFC_3A912BE10F78,LIQ_6656B41AB7,43.3,train,no,,,PA_CA0189,probe_assisted,CA0188;CA0190,LIQ_0F4168490E;LIQ_53310FAFB3,2,yes,yes,,18.416870313090552,11.463411923261924,78.21612210291288
CA0190,CA0190,SRC019,SFC_3A912BE10F78,LIQ_53310FAFB3,54.7,train,no,,,ZS_CA0190,zero_shot,,,0,no,no,zero_shot_not_applicable,0.0,0.0,0.0
CA0190,CA0190,SRC019,SFC_3A912BE10F78,LIQ_53310FAFB3,54.7,train,no,,,PA_CA0190,probe_assisted,CA0188;CA0189,LIQ_0F4168490E;LIQ_6656B41AB7,2,yes,yes,,37.91202351670054,4.691210248024209,39.19888605101482
CA0191,CA0191,SRC019,SFC_A85159655264,LIQ_0F4168490E,76.8,train,no,,,ZS_CA0191,zero_shot,,,0,no,no,zero_shot_not_applicable,0.0,0.0,0.0
CA0191,CA0191,SRC019,SFC_A85159655264,LIQ_0F4168490E,76.8,train,no,,,PA_CA0191,probe_assisted,CA0192;CA0193,LIQ_53310FAFB3;LIQ_6656B41AB7,2,yes,yes,,39.20530164492592,1.2084082330280577,88.92133142374121
CA0192,CA0192,SRC019,SFC_A85159655264,LIQ_6656B41AB7,40.8,train,no,,,ZS_CA0192,zero_shot,,,0,no,no,zero_shot_not_applicable,0.0,0.0,0.0
CA0192,CA0192,SRC019,SFC_A85159655264,LIQ_6656B41AB7,40.8,train,no,,,PA_CA0192,probe_assisted,CA0191;CA0193,LIQ_0F4168490E;LIQ_53310FAFB3,2,yes,yes,,19.58340882840876,11.34119721060171,76.00877992485049
CA0193,CA0193,SRC019,SFC_A85159655264,LIQ_53310FAFB3,52.8,train,no,,,ZS_CA0193,zero_shot,,,0,no,no,zero_shot_not_applicable,0.0,0.0,0.0
CA0193,CA0193,SRC019,SFC_A85159655264,LIQ_53310FAFB3,52.8,train,no,,,PA_CA0193,probe_assisted,CA0191;CA0192,LIQ_0F4168490E;LIQ_6656B41AB7,2,yes,yes,,39.205301644925946,4.696897263159328,37.00697905679171
CA0194,CA0194,SRC019,SFC_FFB6C9027014,LIQ_0F4168490E,69.2,train,no,,,ZS_CA0194,zero_shot,,,0,no,no,zero_shot_not_applicable,0.0,0.0,0.0
CA0194,CA0194,SRC019,SFC_FFB6C9027014,LIQ_0F4168490E,69.2,train,no,,,PA_CA0194,probe_assisted,CA0195;CA0196,LIQ_53310FAFB3;LIQ_6656B41AB7,2,yes,yes,,42.39543749612158,1.5671606779267797,85.36550428491897
CA0195,CA0195,SRC019,SFC_FFB6C9027014,LIQ_6656B41AB7,34.2,train,no,,,ZS_CA0195,zero_shot,,,0,no,no,zero_shot_not_applicable,0.0,0.0,0.0
CA0195,CA0195,SRC019,SFC_FFB6C9027014,LIQ_6656B41AB7,34.2,train,no,,,PA_CA0195,probe_assisted,CA0194;CA0196,LIQ_0F4168490E;LIQ_53310FAFB3,2,yes,yes,,16.87060148122887,17.821990777262847,81.22470694680031
CA0196,CA0196,SRC019,SFC_FFB6C9027014,LIQ_53310FAFB3,46.5,train,no,,,ZS_CA0196,zero_shot,,,0,no,no,zero_shot_not_applicable,0.0,0.0,0.0
CA0196,CA0196,SRC019,SFC_FFB6C9027014,LIQ_53310FAFB3,46.5,train,no,,,PA_CA0196,probe_assisted,CA0194;CA0195,LIQ_0F4168490E;LIQ_6656B41AB7,2,yes,yes,,42.39543749612162,7.022583440849098,19.560549476613613
CA0197,CA0197,SRC019,SFC_A4D0CCDC96C9,LIQ_0F4168490E,64.0,train,no,,,ZS_CA0197,zero_shot,,,0,no,no,zero_shot_not_applicable,0.0,0.0,0.0
CA0197,CA0197,SRC019,SFC_A4D0CCDC96C9,LIQ_0F4168490E,64.0,train,no,,,PA_CA0197,probe_assisted,CA0198;CA0199,LIQ_53310FAFB3;LIQ_6656B41AB7,2,yes,yes,,42.30419887628997,2.725765881156217,80.89723577295607
CA0198,CA0198,SRC019,SFC_A4D0CCDC96C9,LIQ_6656B41AB7,34.4,train,no,,,ZS_CA0198,zero_shot,,,0,no,no,zero_shot_not_applicable,0.0,0.0,0.0
CA0198,CA0198,SRC019,SFC_A4D0CCDC96C9,LIQ_6656B41AB7,34.4,train,no,,,PA_CA0198,probe_assisted,CA0197;CA0199,LIQ_0F4168490E;LIQ_53310FAFB3,2,yes,yes,,16.394753916879587,21.94127819572007,82.17261882279364
CA0199,CA0199,SRC019,SFC_A4D0CCDC96C9,LIQ_53310FAFB3,40.6,train,no,,,ZS_CA0199,zero_shot,,,0,no,no,zero_shot_not_applicable,0.0,0.0,0.0
CA0199,CA0199,SRC019,SFC_A4D0CCDC96C9,LIQ_53310FAFB3,40.6,train,no,,,PA_CA0199,probe_assisted,CA0197;CA0198,LIQ_0F4168490E;LIQ_6656B41AB7,2,yes,yes,,42.30419887629002,9.480229222586402,0.0
CA0200,CA0200,SRC019,SFC_122E5AC99B75,LIQ_0F4168490E,73.5,train,no,,,ZS_CA0200,zero_shot,,,0,no,no,zero_shot_not_applicable,0.0,0.0,0.0
CA0200,CA0200,SRC019,SFC_122E5AC99B75,LIQ_0F4168490E,73.5,train,no,,,PA_CA0200,probe_assisted,CA0201;CA0202,LIQ_53310FAFB3;LIQ_6656B41AB7,2,yes,yes,,40.6016771786686,1.7184162459057661,85.72641495606358
CA0201,CA0201,SRC019,SFC_122E5AC99B75,LIQ_6656B41AB7,38.0,train,no,,,ZS_CA0201,zero_shot,,,0,no,no,zero_shot_not_applicable,0.0,0.0,0.0
CA0201,CA0201,SRC019,SFC_122E5AC99B75,LIQ_6656B41AB7,38.0,train,no,,,PA_CA0201,probe_assisted,CA0200;CA0202,LIQ_0F4168490E;LIQ_53310FAFB3,2,yes,yes,,20.576223184923247,12.808952103082222,74.16541747223886
CA0202,CA0202,SRC019,SFC_122E5AC99B75,LIQ_53310FAFB3,48.1,train,no,,,ZS_CA0202,zero_shot,,,0,no,no,zero_shot_not_applicable,0.0,0.0,0.0
CA0202,CA0202,SRC019,SFC_122E5AC99B75,LIQ_53310FAFB3,48.1,train,no,,,PA_CA0202,probe_assisted,CA0200;CA0201,LIQ_0F4168490E;LIQ_6656B41AB7,2,yes,yes,,40.60167717866865,5.658169819350574,30.484265443169782
CA0203,CA0203,SRC021,SFC_AF7901E44BC5,LIQ_0F4168490E,148.4,train,no,,,ZS_CA0203,zero_shot,,,0,no,no,zero_shot_not_applicable,0.0,0.0,0.0
CA0203,CA0203,SRC021,SFC_AF7901E44BC5,LIQ_0F4168490E,148.4,train,no,,,PA_CA0203,probe_assisted,CA0204;CA0205;CA0206,LIQ_1BD1B94C09;LIQ_53310FAFB3;LIQ_6656B41AB7,3,yes,yes,,45.5174266658053,0.0,97.73562609714786
CA0204,CA0204,SRC021,SFC_AF7901E44BC5,LIQ_53310FAFB3,13.7,train,no,,,ZS_CA0204,zero_shot,,,0,no,no,zero_shot_not_applicable,0.0,0.0,0.0
CA0204,CA0204,SRC021,SFC_AF7901E44BC5,LIQ_53310FAFB3,13.7,train,no,,,PA_CA0204,probe_assisted,CA0203;CA0205;CA0206,LIQ_0F4168490E;LIQ_1BD1B94C09;LIQ_6656B41AB7,3,yes,yes,,26.26029348382246,0.0,81.38232524650299
CA0205,CA0205,SRC021,SFC_AF7901E44BC5,LIQ_6656B41AB7,10.1,train,no,,,ZS_CA0205,zero_shot,,,0,no,no,zero_shot_not_applicable,0.0,0.0,0.0
CA0205,CA0205,SRC021,SFC_AF7901E44BC5,LIQ_6656B41AB7,10.1,train,no,,,PA_CA0205,probe_assisted,CA0203;CA0204;CA0206,LIQ_0F4168490E;LIQ_1BD1B94C09;LIQ_53310FAFB3,3,yes,yes,,27.09512238401989,0.0,62.57147640298383
CA0206,CA0206,SRC021,SFC_AF7901E44BC5,LIQ_1BD1B94C09,88.0,train,no,,,ZS_CA0206,zero_shot,,,0,no,no,zero_shot_not_applicable,0.0,0.0,0.0
CA0206,CA0206,SRC021,SFC_AF7901E44BC5,LIQ_1BD1B94C09,88.0,train,no,,,PA_CA0206,probe_assisted,CA0203;CA0204;CA0205,LIQ_0F4168490E;LIQ_53310FAFB3;LIQ_6656B41AB7,3,yes,yes,,39.590520148957374,0.0,69.20835031541715
CA0207,CA0207,SRC021,SFC_64CEEFE0D7DB,LIQ_0F4168490E,157.0,train,no,,,ZS_CA0207,zero_shot,,,0,no,no,zero_shot_not_applicable,0.0,0.0,0.0
CA0207,CA0207,SRC021,SFC_64CEEFE0D7DB,LIQ_0F4168490E,157.0,train,no,,,PA_CA0207,probe_assisted,CA0208;CA0209;CA0210,LIQ_1BD1B94C09;LIQ_53310FAFB3;LIQ_6656B41AB7,3,yes,yes,,43.191526364998566,0.0,99.03296980905216
CA0208,CA0208,SRC021,SFC_64CEEFE0D7DB,LIQ_53310FAFB3,14.2,train,no,,,ZS_CA0208,zero_shot,,,0,no,no,zero_shot_not_applicable,0.0,0.0,0.0
CA0208,CA0208,SRC021,SFC_64CEEFE0D7DB,LIQ_53310FAFB3,14.2,train,no,,,PA_CA0208,probe_assisted,CA0207;CA0209;CA0210,LIQ_0F4168490E;LIQ_1BD1B94C09;LIQ_6656B41AB7,3,yes,yes,,23.389552485177674,0.0,85.11406512452788
CA0209,CA0209,SRC021,SFC_64CEEFE0D7DB,LIQ_6656B41AB7,10.0,train,no,,,ZS_CA0209,zero_shot,,,0,no,no,zero_shot_not_applicable,0.0,0.0,0.0
CA0209,CA0209,SRC021,SFC_64CEEFE0D7DB,LIQ_6656B41AB7,10.0,train,no,,,PA_CA0209,probe_assisted,CA0207;CA0208;CA0210,LIQ_0F4168490E;LIQ_1BD1B94C09;LIQ_53310FAFB3,3,yes,yes,,23.45935010232339,0.0,68.954159851924
CA0210,CA0210,SRC021,SFC_64CEEFE0D7DB,LIQ_1BD1B94C09,94.5,train,no,,,ZS_CA0210,zero_shot,,,0,no,no,zero_shot_not_applicable,0.0,0.0,0.0
CA0210,CA0210,SRC021,SFC_64CEEFE0D7DB,LIQ_1BD1B94C09,94.5,train,no,,,PA_CA0210,probe_assisted,CA0207;CA0208;CA0209,LIQ_0F4168490E;LIQ_53310FAFB3;LIQ_6656B41AB7,3,yes,yes,,38.12959735729311,0.0,70.74724955730366
CA0211,CA0211,SRC021,SFC_6A9094C843B2,LIQ_0F4168490E,129.3,train,no,,,ZS_CA0211,zero_shot,,,0,no,no,zero_shot_not_applicable,0.0,0.0,0.0
CA0211,CA0211,SRC021,SFC_6A9094C843B2,LIQ_0F4168490E,129.3,train,no,,,PA_CA0211,probe_assisted,CA0212;CA0213;CA0214,LIQ_1BD1B94C09;LIQ_53310FAFB3;LIQ_6656B41AB7,3,yes,yes,,44.21052362951592,0.01149354845717938,97.24330640142249
CA0212,CA0212,SRC021,SFC_6A9094C843B2,LIQ_53310FAFB3,59.1,train,no,,,ZS_CA0212,zero_shot,,,0,no,no,zero_shot_not_applicable,0.0,0.0,0.0
CA0212,CA0212,SRC021,SFC_6A9094C843B2,LIQ_53310FAFB3,59.1,train,no,,,PA_CA0212,probe_assisted,CA0211;CA0213;CA0214,LIQ_0F4168490E;LIQ_1BD1B94C09;LIQ_6656B41AB7,3,yes,yes,,35.191682420144936,0.0,70.66498720235596
CA0213,CA0213,SRC021,SFC_6A9094C843B2,LIQ_6656B41AB7,30.0,train,no,,,ZS_CA0213,zero_shot,,,0,no,no,zero_shot_not_applicable,0.0,0.0,0.0
CA0213,CA0213,SRC021,SFC_6A9094C843B2,LIQ_6656B41AB7,30.0,train,no,,,PA_CA0213,probe_assisted,CA0211;CA0212;CA0214,LIQ_0F4168490E;LIQ_1BD1B94C09;LIQ_53310FAFB3,3,yes,yes,,33.51065973849813,0.0,51.36275713347915
CA0214,CA0214,SRC021,SFC_6A9094C843B2,LIQ_1BD1B94C09,63.5,train,no,,,ZS_CA0214,zero_shot,,,0,no,no,zero_shot_not_applicable,0.0,0.0,0.0
CA0214,CA0214,SRC021,SFC_6A9094C843B2,LIQ_1BD1B94C09,63.5,train,no,,,PA_CA0214,probe_assisted,CA0211;CA0212;CA0213,LIQ_0F4168490E;LIQ_53310FAFB3;LIQ_6656B41AB7,3,yes,yes,,34.38188526965672,0.0,74.76984697996178
CA0215,CA0215,SRC021,SFC_FF57CC803397,LIQ_0F4168490E,103.8,train,no,,,ZS_CA0215,zero_shot,,,0,no,no,zero_shot_not_applicable,0.0,0.0,0.0
CA0215,CA0215,SRC021,SFC_FF57CC803397,LIQ_0F4168490E,103.8,train,no,,,PA_CA0215,probe_assisted,CA0216;CA0217;CA0218,LIQ_1BD1B94C09;LIQ_53310FAFB3;LIQ_6656B41AB7,3,yes,yes,,47.27716209487403,0.16046455152025038,92.2604154414527
CA0216,CA0216,SRC021,SFC_FF57CC803397,LIQ_53310FAFB3,38.6,train,no,,,ZS_CA0216,zero_shot,,,0,no,no,zero_shot_not_applicable,0.0,0.0,0.0
CA0216,CA0216,SRC021,SFC_FF57CC803397,LIQ_53310FAFB3,38.6,train,no,,,PA_CA0216,probe_assisted,CA0215;CA0217;CA0218,LIQ_0F4168490E;LIQ_1BD1B94C09;LIQ_6656B41AB7,3,yes,yes,,43.53161522876258,0.0,61.286004516217886
CA0217,CA0217,SRC021,SFC_FF57CC803397,LIQ_6656B41AB7,18.5,train,no,,,ZS_CA0217,zero_shot,,,0,no,no,zero_shot_not_applicable,0.0,0.0,0.0
CA0217,CA0217,SRC021,SFC_FF57CC803397,LIQ_6656B41AB7,18.5,train,no,,,PA_CA0217,probe_assisted,CA0215;CA0216;CA0218,LIQ_0F4168490E;LIQ_1BD1B94C09;LIQ_53310FAFB3,3,yes,yes,,46.72795795699168,0.0,23.340355743169052
CA0218,CA0218,SRC021,SFC_FF57CC803397,LIQ_1BD1B94C09,66.2,train,no,,,ZS_CA0218,zero_shot,,,0,no,no,zero_shot_not_applicable,0.0,0.0,0.0
CA0218,CA0218,SRC021,SFC_FF57CC803397,LIQ_1BD1B94C09,66.2,train,no,,,PA_CA0218,probe_assisted,CA0215;CA0216;CA0217,LIQ_0F4168490E;LIQ_53310FAFB3;LIQ_6656B41AB7,3,yes,yes,,49.16297396739229,0.0,59.34162829681664
CA0219,CA0219,SRC021,SFC_A7B1D9A554FD,LIQ_0F4168490E,143.8,train,no,,,ZS_CA0219,zero_shot,,,0,no,no,zero_shot_not_applicable,0.0,0.0,0.0
CA0219,CA0219,SRC021,SFC_A7B1D9A554FD,LIQ_0F4168490E,143.8,train,no,,,PA_CA0219,probe_assisted,CA0220;CA0221;CA0222,LIQ_1BD1B94C09;LIQ_53310FAFB3;LIQ_6656B41AB7,3,yes,yes,,3.5605702698809742,0.06131496631713746,135.1844296172301
CA0220,CA0220,SRC021,SFC_A7B1D9A554FD,LIQ_53310FAFB3,119.7,train,no,,,ZS_CA0220,zero_shot,,,0,no,no,zero_shot_not_applicable,0.0,0.0,0.0
CA0220,CA0220,SRC021,SFC_A7B1D9A554FD,LIQ_53310FAFB3,119.7,train,no,,,PA_CA0220,probe_assisted,CA0219;CA0221;CA0222,LIQ_0F4168490E;LIQ_1BD1B94C09;LIQ_6656B41AB7,3,yes,yes,,3.3519543766753888,0.0,126.09983091677026
CA0221,CA0221,SRC021,SFC_A7B1D9A554FD,LIQ_6656B41AB7,117.8,train,no,,,ZS_CA0221,zero_shot,,,0,no,no,zero_shot_not_applicable,0.0,0.0,0.0
CA0221,CA0221,SRC021,SFC_A7B1D9A554FD,LIQ_6656B41AB7,117.8,train,no,,,PA_CA0221,probe_assisted,CA0219;CA0220;CA0222,LIQ_0F4168490E;LIQ_1BD1B94C09;LIQ_53310FAFB3,3,yes,yes,,3.708269101646522,0.0,117.363834226867
CA0222,CA0222,SRC021,SFC_A7B1D9A554FD,LIQ_1BD1B94C09,125.9,train,no,,,ZS_CA0222,zero_shot,,,0,no,no,zero_shot_not_applicable,0.0,0.0,0.0
CA0222,CA0222,SRC021,SFC_A7B1D9A554FD,LIQ_1BD1B94C09,125.9,train,no,,,PA_CA0222,probe_assisted,CA0219;CA0220;CA0221,LIQ_0F4168490E;LIQ_53310FAFB3;LIQ_6656B41AB7,3,yes,yes,,3.6693370530333858,0.0,125.9795211087965
CA0223,CA0223,SRC021,SFC_9E60C86BF546,LIQ_0F4168490E,157.5,train,no,,,ZS_CA0223,zero_shot,,,0,no,no,zero_shot_not_applicable,0.0,0.0,0.0
CA0223,CA0223,SRC021,SFC_9E60C86BF546,LIQ_0F4168490E,157.5,train,no,,,PA_CA0223,probe_assisted,CA0224;CA0225;CA0226,LIQ_1BD1B94C09;LIQ_53310FAFB3;LIQ_6656B41AB7,3,yes,yes,,0.7906161365485939,0.031485858307711,148.33513869421708
CA0224,CA0224,SRC021,SFC_9E60C86BF546,LIQ_53310FAFB3,147.7,train,no,,,ZS_CA0224,zero_shot,,,0,no,no,zero_shot_not_applicable,0.0,0.0,0.0
CA0224,CA0224,SRC021,SFC_9E60C86BF546,LIQ_53310FAFB3,147.7,train,no,,,PA_CA0224,probe_assisted,CA0223;CA0225;CA0226,LIQ_0F4168490E;LIQ_1BD1B94C09;LIQ_6656B41AB7,3,yes,yes,,0.9290173342799677,0.0,141.60321535308717
CA0225,CA0225,SRC021,SFC_9E60C86BF546,LIQ_6656B41AB7,139.4,train,no,,,ZS_CA0225,zero_shot,,,0,no,no,zero_shot_not_applicable,0.0,0.0,0.0
CA0225,CA0225,SRC021,SFC_9E60C86BF546,LIQ_6656B41AB7,139.4,train,no,,,PA_CA0225,probe_assisted,CA0223;CA0224;CA0226,LIQ_0F4168490E;LIQ_1BD1B94C09;LIQ_53310FAFB3,3,yes,yes,,0.8746752470391704,0.0,137.52441205793932
CA0226,CA0226,SRC021,SFC_9E60C86BF546,LIQ_1BD1B94C09,135.9,train,no,,,ZS_CA0226,zero_shot,,,0,no,no,zero_shot_not_applicable,0.0,0.0,0.0
CA0226,CA0226,SRC021,SFC_9E60C86BF546,LIQ_1BD1B94C09,135.9,train,no,,,PA_CA0226,probe_assisted,CA0223;CA0224;CA0225,LIQ_0F4168490E;LIQ_53310FAFB3;LIQ_6656B41AB7,3,yes,yes,,0.5671827487056235,0.0,146.91068609308752
CA0227,CA0227,SRC021,SFC_669705F5791A,LIQ_0F4168490E,148.2,train,no,,,ZS_CA0227,zero_shot,,,0,no,no,zero_shot_not_applicable,0.0,0.0,0.0
CA0227,CA0227,SRC021,SFC_669705F5791A,LIQ_0F4168490E,148.2,train,no,,,PA_CA0227,probe_assisted,CA0228;CA0229;CA0230,LIQ_1BD1B94C09;LIQ_53310FAFB3;LIQ_6656B41AB7,3,yes,yes,,5.055389171222543,0.0,135.36476308307655
CA0228,CA0228,SRC021,SFC_669705F5791A,LIQ_53310FAFB3,129.3,train,no,,,ZS_CA0228,zero_shot,,,0,no,no,zero_shot_not_applicable,0.0,0.0,0.0
CA0228,CA0228,SRC021,SFC_669705F5791A,LIQ_53310FAFB3,129.3,train,no,,,PA_CA0228,probe_assisted,CA0227;CA0229;CA0230,LIQ_0F4168490E;LIQ_1BD1B94C09;LIQ_6656B41AB7,3,yes,yes,,4.828972219717331,0.0,120.45906118858126
CA0229,CA0229,SRC021,SFC_669705F5791A,LIQ_6656B41AB7,107.1,train,no,,,ZS_CA0229,zero_shot,,,0,no,no,zero_shot_not_applicable,0.0,0.0,0.0
CA0229,CA0229,SRC021,SFC_669705F5791A,LIQ_6656B41AB7,107.1,train,no,,,PA_CA0229,probe_assisted,CA0227;CA0228;CA0230,LIQ_0F4168490E;LIQ_1BD1B94C09;LIQ_53310FAFB3,3,yes,yes,,3.36870222207417,0.0,119.01074589849402
CA0230,CA0230,SRC021,SFC_669705F5791A,LIQ_1BD1B94C09,119.5,train,no,,,ZS_CA0230,zero_shot,,,0,no,no,zero_shot_not_applicable,0.0,0.0,0.0
CA0230,CA0230,SRC021,SFC_669705F5791A,LIQ_1BD1B94C09,119.5,train,no,,,PA_CA0230,probe_assisted,CA0227;CA0228;CA0229,LIQ_0F4168490E;LIQ_53310FAFB3;LIQ_6656B41AB7,3,yes,yes,,3.9021351789194307,0.0,125.07244933056273
CA0231,CA0231,SRC021,SFC_DDF6B0728CC9,LIQ_0F4168490E,147.4,train,no,,,ZS_CA0231,zero_shot,,,0,no,no,zero_shot_not_applicable,0.0,0.0,0.0
CA0231,CA0231,SRC021,SFC_DDF6B0728CC9,LIQ_0F4168490E,147.4,train,no,,,PA_CA0231,probe_assisted,CA0232;CA0233;CA0234,LIQ_1BD1B94C09;LIQ_53310FAFB3;LIQ_6656B41AB7,3,yes,yes,,4.1426123821055745,1.5154112090930609e-05,137.57508233707452
CA0232,CA0232,SRC021,SFC_DDF6B0728CC9,LIQ_53310FAFB3,122.9,train,no,,,ZS_CA0232,zero_shot,,,0,no,no,zero_shot_not_applicable,0.0,0.0,0.0
CA0232,CA0232,SRC021,SFC_DDF6B0728CC9,LIQ_53310FAFB3,122.9,train,no,,,PA_CA0232,probe_assisted,CA0231;CA0233;CA0234,LIQ_0F4168490E;LIQ_1BD1B94C09;LIQ_6656B41AB7,3,yes,yes,,3.5317602301689366,0.0,125.3324423926795
CA0233,CA0233,SRC021,SFC_DDF6B0728CC9,LIQ_6656B41AB7,115.4,train,no,,,ZS_CA0233,zero_shot,,,0,no,no,zero_shot_not_applicable,0.0,0.0,0.0
CA0233,CA0233,SRC021,SFC_DDF6B0728CC9,LIQ_6656B41AB7,115.4,train,no,,,PA_CA0233,probe_assisted,CA0231;CA0232;CA0234,LIQ_0F4168490E;LIQ_1BD1B94C09;LIQ_53310FAFB3,3,yes,yes,,3.3920011082695924,0.0,118.89432599748135
CA0234,CA0234,SRC021,SFC_DDF6B0728CC9,LIQ_1BD1B94C09,124.1,train,no,,,ZS_CA0234,zero_shot,,,0,no,no,zero_shot_not_applicable,0.0,0.0,0.0
CA0234,CA0234,SRC021,SFC_DDF6B0728CC9,LIQ_1BD1B94C09,124.1,train,no,,,PA_CA0234,probe_assisted,CA0231;CA0232;CA0233,LIQ_0F4168490E;LIQ_53310FAFB3;LIQ_6656B41AB7,3,yes,yes,,3.467847725596776,0.0,126.79699387172046
CA0235,CA0235,SRC013,SFC_2A727AF34E6D,LIQ_6656B41AB7,19.7,internal_test,yes,47.9,18.0,ZS_CA0235,zero_shot,,,0,no,no,zero_shot_not_applicable,0.0,0.0,0.0
CA0235,CA0235,SRC013,SFC_2A727AF34E6D,LIQ_6656B41AB7,19.7,internal_test,yes,47.9,18.0,PA_CA0235,probe_assisted,CA0236;CA0237,LIQ_0F4168490E;LIQ_53310FAFB3,2,yes,yes,,1.8024862410892688,81.32335839491599,128.5550737040417
CA0236,CA0236,SRC013,SFC_2A727AF34E6D,LIQ_53310FAFB3,20.1,internal_test,yes,47.9,18.0,ZS_CA0236,zero_shot,,,0,no,no,zero_shot_not_applicable,0.0,0.0,0.0
CA0236,CA0236,SRC013,SFC_2A727AF34E6D,LIQ_53310FAFB3,20.1,internal_test,yes,47.9,18.0,PA_CA0236,probe_assisted,CA0235;CA0237,LIQ_0F4168490E;LIQ_6656B41AB7,2,yes,yes,,47.87021002993398,28.860537348323252,0.0
CA0237,CA0237,SRC013,SFC_2A727AF34E6D,LIQ_0F4168490E,19.7,internal_test,yes,47.9,18.0,ZS_CA0237,zero_shot,,,0,no,no,zero_shot_not_applicable,0.0,0.0,0.0
CA0237,CA0237,SRC013,SFC_2A727AF34E6D,LIQ_0F4168490E,19.7,internal_test,yes,47.9,18.0,PA_CA0237,probe_assisted,CA0235;CA0236,LIQ_53310FAFB3;LIQ_6656B41AB7,2,yes,yes,,47.87021002993394,4.531787084181688,72.2335521408746
CA0238,CA0238,SRC013,SFC_E38FF72DBA39,LIQ_6656B41AB7,31.5,internal_test,yes,43.6,14.1,ZS_CA0238,zero_shot,,,0,no,no,zero_shot_not_applicable,0.0,0.0,0.0
CA0238,CA0238,SRC013,SFC_E38FF72DBA39,LIQ_6656B41AB7,31.5,internal_test,yes,43.6,14.1,PA_CA0238,probe_assisted,CA0239;CA0240,LIQ_0F4168490E;LIQ_53310FAFB3,2,yes,yes,,2.7432540801942444,63.78339446316571,122.36001390073339
CA0239,CA0239,SRC013,SFC_E38FF72DBA39,LIQ_53310FAFB3,34.7,internal_test,yes,43.6,14.1,ZS_CA0239,zero_shot,,,0,no,no,zero_shot_not_applicable,0.0,0.0,0.0
CA0239,CA0239,SRC013,SFC_E38FF72DBA39,LIQ_53310FAFB3,34.7,internal_test,yes,43.6,14.1,PA_CA0239,probe_assisted,CA0238;CA0240,LIQ_0F4168490E;LIQ_6656B41AB7,2,yes,yes,,43.589899847940075,22.58889005199619,0.0
CA0240,CA0240,SRC013,SFC_E38FF72DBA39,LIQ_0F4168490E,38.8,internal_test,yes,43.6,14.1,ZS_CA0240,zero_shot,,,0,no,no,zero_shot_not_applicable,0.0,0.0,0.0
CA0240,CA0240,SRC013,SFC_E38FF72DBA39,LIQ_0F4168490E,38.8,internal_test,yes,43.6,14.1,PA_CA0240,probe_assisted,CA0238;CA0239,LIQ_53310FAFB3;LIQ_6656B41AB7,2,yes,yes,,43.58989984794005,3.5192716583969177,77.58865412682096
CA0241,CA0241,SRC013,SFC_39DBA098ECDC,LIQ_6656B41AB7,23.8,internal_test,yes,46.6,8.1,ZS_CA0241,zero_shot,,,0,no,no,zero_shot_not_applicable,0.0,0.0,0.0
CA0241,CA0241,SRC013,SFC_39DBA098ECDC,LIQ_6656B41AB7,23.8,internal_test,yes,46.6,8.1,PA_CA0241,probe_assisted,CA0242;CA0243,LIQ_0F4168490E;LIQ_53310FAFB3,2,yes,yes,,6.993805461896918,50.3492980038068,104.94625380156116
CA0242,CA0242,SRC013,SFC_39DBA098ECDC,LIQ_53310FAFB3,28.1,internal_test,yes,46.6,8.1,ZS_CA0242,zero_shot,,,0,no,no,zero_shot_not_applicable,0.0,0.0,0.0
CA0242,CA0242,SRC013,SFC_39DBA098ECDC,LIQ_53310FAFB3,28.1,internal_test,yes,46.6,8.1,PA_CA0242,probe_assisted,CA0241;CA0243,LIQ_0F4168490E;LIQ_6656B41AB7,2,yes,yes,,46.571795724542206,19.03576519630544,0.0
CA0243,CA0243,SRC013,SFC_39DBA098ECDC,LIQ_0F4168490E,43.0,internal_test,yes,46.6,8.1,ZS_CA0243,zero_shot,,,0,no,no,zero_shot_not_applicable,0.0,0.0,0.0
CA0243,CA0243,SRC013,SFC_39DBA098ECDC,LIQ_0F4168490E,43.0,internal_test,yes,46.6,8.1,PA_CA0243,probe_assisted,CA0241;CA0242,LIQ_53310FAFB3;LIQ_6656B41AB7,2,yes,yes,,46.57179572454219,3.7320794537554227,75.2631058999932
CA0244,CA0244,SRC013,SFC_417F923EF7B4,LIQ_6656B41AB7,23.4,internal_test,yes,46.7,8.6,ZS_CA0244,zero_shot,,,0,no,no,zero_shot_not_applicable,0.0,0.0,0.0
CA0244,CA0244,SRC013,SFC_417F923EF7B4,LIQ_6656B41AB7,23.4,internal_test,yes,46.7,8.6,PA_CA0244,probe_assisted,CA0245;CA0246,LIQ_0F4168490E;LIQ_53310FAFB3,2,yes,yes,,5.8879011267141985,57.23110454689349,108.60897371581085
CA0245,CA0245,SRC013,SFC_417F923EF7B4,LIQ_53310FAFB3,23.3,internal_test,yes,46.7,8.6,ZS_CA0245,zero_shot,,,0,no,no,zero_shot_not_applicable,0.0,0.0,0.0
CA0245,CA0245,SRC013,SFC_417F923EF7B4,LIQ_53310FAFB3,23.3,internal_test,yes,46.7,8.6,PA_CA0245,probe_assisted,CA0244;CA0246,LIQ_0F4168490E;LIQ_6656B41AB7,2,yes,yes,,46.707841615020314,21.9333667163136,0.0
CA0246,CA0246,SRC013,SFC_417F923EF7B4,LIQ_0F4168490E,37.3,internal_test,yes,46.7,8.6,ZS_CA0246,zero_shot,,,0,no,no,zero_shot_not_applicable,0.0,0.0,0.0
CA0246,CA0246,SRC013,SFC_417F923EF7B4,LIQ_0F4168490E,37.3,internal_test,yes,46.7,8.6,PA_CA0246,probe_assisted,CA0244;CA0245,LIQ_53310FAFB3;LIQ_6656B41AB7,2,yes,yes,,46.707841615020286,4.492398957579917,72.99364851434581
CA0247,CA0247,SRC013,SFC_8E79B764A41F,LIQ_6656B41AB7,23.8,internal_test,yes,46.6,14.8,ZS_CA0247,zero_shot,,,0,no,no,zero_shot_not_applicable,0.0,0.0,0.0
CA0247,CA0247,SRC013,SFC_8E79B764A41F,LIQ_6656B41AB7,23.8,internal_test,yes,46.6,14.8,PA_CA0247,probe_assisted,CA0248;CA0249,LIQ_0F4168490E;LIQ_53310FAFB3,2,yes,yes,,3.7250727757767095,59.81445668127941,117.28496654747697
CA0248,CA0248,SRC013,SFC_8E79B764A41F,LIQ_53310FAFB3,33.1,internal_test,yes,46.6,14.8,ZS_CA0248,zero_shot,,,0,no,no,zero_shot_not_applicable,0.0,0.0,0.0
CA0248,CA0248,SRC013,SFC_8E79B764A41F,LIQ_53310FAFB3,33.1,internal_test,yes,46.6,14.8,PA_CA0248,probe_assisted,CA0247;CA0249,LIQ_0F4168490E;LIQ_6656B41AB7,2,yes,yes,,46.57179572454222,20.55801549389753,0.0
CA0249,CA0249,SRC013,SFC_8E79B764A41F,LIQ_0F4168490E,40.1,internal_test,yes,46.6,14.8,ZS_CA0249,zero_shot,,,0,no,no,zero_shot_not_applicable,0.0,0.0,0.0
CA0249,CA0249,SRC013,SFC_8E79B764A41F,LIQ_0F4168490E,40.1,internal_test,yes,46.6,14.8,PA_CA0249,probe_assisted,CA0247;CA0248,LIQ_53310FAFB3;LIQ_6656B41AB7,2,yes,yes,,46.571795724542206,2.847145940232778,78.08797700320571
CA0250,CA0250,SRC013,SFC_67E6ABEA7841,LIQ_6656B41AB7,33.1,internal_test,yes,42.9,10.1,ZS_CA0250,zero_shot,,,0,no,no,zero_shot_not_applicable,0.0,0.0,0.0
CA0250,CA0250,SRC013,SFC_67E6ABEA7841,LIQ_6656B41AB7,33.1,internal_test,yes,42.9,10.1,PA_CA0250,probe_assisted,CA0251;CA0252,LIQ_0F4168490E;LIQ_53310FAFB3,2,yes,yes,,4.734095695833737,52.058764432759475,112.9206816418528
CA0251,CA0251,SRC013,SFC_67E6ABEA7841,LIQ_53310FAFB3,37.0,internal_test,yes,42.9,10.1,ZS_CA0251,zero_shot,,,0,no,no,zero_shot_not_applicable,0.0,0.0,0.0
CA0251,CA0251,SRC013,SFC_67E6ABEA7841,LIQ_53310FAFB3,37.0,internal_test,yes,42.9,10.1,PA_CA0251,probe_assisted,CA0250;CA0252,LIQ_0F4168490E;LIQ_6656B41AB7,2,yes,yes,,42.89056803399684,18.974123064539327,0.0
CA0252,CA0252,SRC013,SFC_67E6ABEA7841,LIQ_0F4168490E,46.0,internal_test,yes,42.9,10.1,ZS_CA0252,zero_shot,,,0,no,no,zero_shot_not_applicable,0.0,0.0,0.0
CA0252,CA0252,SRC013,SFC_67E6ABEA7841,LIQ_0F4168490E,46.0,internal_test,yes,42.9,10.1,PA_CA0252,probe_assisted,CA0250;CA0251,LIQ_53310FAFB3;LIQ_6656B41AB7,2,yes,yes,,42.89056803399681,3.284178130787867,78.72010063362175
CA0253,CA0253,SRC011,SFC_DD1904FD1DBF,LIQ_0F4168490E,57.0,excluded_review,no,,,ZS_CA0253,zero_shot,,,0,no,no,zero_shot_not_applicable,0.0,0.0,0.0
CA0254,CA0254,SRC011,SFC_74C7FAE58BD3,LIQ_0F4168490E,58.0,excluded_review,no,,,ZS_CA0254,zero_shot,,,0,no,no,zero_shot_not_applicable,0.0,0.0,0.0
CA0255,CA0255,SRC011,SFC_BFB36F36DFF3,LIQ_0F4168490E,58.0,excluded_review,no,,,ZS_CA0255,zero_shot,,,0,no,no,zero_shot_not_applicable,0.0,0.0,0.0
CA0256,CA0256,SRC011,SFC_5909B52DF857,LIQ_0F4168490E,63.0,excluded_review,no,,,ZS_CA0256,zero_shot,,,0,no,no,zero_shot_not_applicable,0.0,0.0,0.0
CA0257,CA0257,SRC011,SFC_D48BBEC17BF3,LIQ_0F4168490E,64.0,train,no,,,ZS_CA0257,zero_shot,,,0,no,no,zero_shot_not_applicable,0.0,0.0,0.0
CA0258,CA0258,SRC011,SFC_179EF7E9B650,LIQ_0F4168490E,64.0,excluded_review,no,,,ZS_CA0258,zero_shot,,,0,no,no,zero_shot_not_applicable,0.0,0.0,0.0
CA0259,CA0259,SRC011,SFC_B2AC4F8CCBF8,LIQ_0F4168490E,64.4,excluded_review,no,,,ZS_CA0259,zero_shot,,,0,no,no,zero_shot_not_applicable,0.0,0.0,0.0
CA0260,CA0260,SRC011,SFC_C13E21BB974A,LIQ_0F4168490E,67.0,excluded_review,no,,,ZS_CA0260,zero_shot,,,0,no,no,zero_shot_not_applicable,0.0,0.0,0.0
CA0261,CA0261,SRC011,SFC_27BD567B723E,LIQ_0F4168490E,68.0,excluded_review,no,,,ZS_CA0261,zero_shot,,,0,no,no,zero_shot_not_applicable,0.0,0.0,0.0
CA0262,CA0262,SRC011,SFC_B6256FFE081B,LIQ_0F4168490E,68.0,excluded_review,no,,,ZS_CA0262,zero_shot,,,0,no,no,zero_shot_not_applicable,0.0,0.0,0.0
CA0263,CA0263,SRC011,SFC_21F140E4B18D,LIQ_0F4168490E,71.0,excluded_review,no,,,ZS_CA0263,zero_shot,,,0,no,no,zero_shot_not_applicable,0.0,0.0,0.0
CA0264,CA0264,SRC011,SFC_00EE5242D2A3,LIQ_0F4168490E,72.0,excluded_review,no,,,ZS_CA0264,zero_shot,,,0,no,no,zero_shot_not_applicable,0.0,0.0,0.0
CA0265,CA0265,SRC011,SFC_3165A119B1C7,LIQ_0F4168490E,73.0,excluded_review,no,,,ZS_CA0265,zero_shot,,,0,no,no,zero_shot_not_applicable,0.0,0.0,0.0
CA0266,CA0266,SRC011,SFC_614D12C0AF73,LIQ_0F4168490E,73.0,excluded_review,no,,,ZS_CA0266,zero_shot,,,0,no,no,zero_shot_not_applicable,0.0,0.0,0.0
CA0267,CA0267,SRC015,SFC_93C87B65E929,LIQ_0F4168490E,79.97,validation,no,,,ZS_CA0267,zero_shot,,,0,no,no,zero_shot_not_applicable,0.0,0.0,0.0
CA0267,CA0267,SRC015,SFC_93C87B65E929,LIQ_0F4168490E,79.97,validation,no,,,PA_CA0267,probe_assisted,CA0268,LIQ_53310FAFB3,1,yes,no,insufficient_probes,0.0,0.0,
CA0268,CA0268,SRC015,SFC_93C87B65E929,LIQ_53310FAFB3,48.77,validation,no,,,ZS_CA0268,zero_shot,,,0,no,no,zero_shot_not_applicable,0.0,0.0,0.0
CA0268,CA0268,SRC015,SFC_93C87B65E929,LIQ_53310FAFB3,48.77,validation,no,,,PA_CA0268,probe_assisted,CA0267,LIQ_0F4168490E,1,yes,no,insufficient_probes,0.0,0.0,
CA0269,CA0269,SRC015,SFC_A716853C1624,LIQ_0F4168490E,44.35,validation,no,,,ZS_CA0269,zero_shot,,,0,no,no,zero_shot_not_applicable,0.0,0.0,0.0
CA0269,CA0269,SRC015,SFC_A716853C1624,LIQ_0F4168490E,44.35,validation,no,,,PA_CA0269,probe_assisted,CA0270,LIQ_53310FAFB3,1,yes,no,insufficient_probes,0.0,0.0,
CA0270,CA0270,SRC015,SFC_A716853C1624,LIQ_53310FAFB3,25.25,validation,no,,,ZS_CA0270,zero_shot,,,0,no,no,zero_shot_not_applicable,0.0,0.0,0.0
CA0270,CA0270,SRC015,SFC_A716853C1624,LIQ_53310FAFB3,25.25,validation,no,,,PA_CA0270,probe_assisted,CA0269,LIQ_0F4168490E,1,yes,no,insufficient_probes,0.0,0.0,
CA0271,CA0271,SRC015,SFC_86D8700CAF9C,LIQ_0F4168490E,52.13,validation,no,,,ZS_CA0271,zero_shot,,,0,no,no,zero_shot_not_applicable,0.0,0.0,0.0
CA0271,CA0271,SRC015,SFC_86D8700CAF9C,LIQ_0F4168490E,52.13,validation,no,,,PA_CA0271,probe_assisted,CA0272,LIQ_53310FAFB3,1,yes,no,insufficient_probes,0.0,0.0,
CA0272,CA0272,SRC015,SFC_86D8700CAF9C,LIQ_53310FAFB3,47.7,validation,no,,,ZS_CA0272,zero_shot,,,0,no,no,zero_shot_not_applicable,0.0,0.0,0.0
CA0272,CA0272,SRC015,SFC_86D8700CAF9C,LIQ_53310FAFB3,47.7,validation,no,,,PA_CA0272,probe_assisted,CA0271,LIQ_0F4168490E,1,yes,no,insufficient_probes,0.0,0.0,
CA0273,CA0273,SRC015,SFC_3014F50685DA,LIQ_0F4168490E,72.66,validation,no,,,ZS_CA0273,zero_shot,,,0,no,no,zero_shot_not_applicable,0.0,0.0,0.0
CA0273,CA0273,SRC015,SFC_3014F50685DA,LIQ_0F4168490E,72.66,validation,no,,,PA_CA0273,probe_assisted,CA0274,LIQ_53310FAFB3,1,yes,no,insufficient_probes,0.0,0.0,
CA0274,CA0274,SRC015,SFC_3014F50685DA,LIQ_53310FAFB3,20.26,validation,no,,,ZS_CA0274,zero_shot,,,0,no,no,zero_shot_not_applicable,0.0,0.0,0.0
CA0274,CA0274,SRC015,SFC_3014F50685DA,LIQ_53310FAFB3,20.26,validation,no,,,PA_CA0274,probe_assisted,CA0273,LIQ_0F4168490E,1,yes,no,insufficient_probes,0.0,0.0,
CA0275,CA0275,SRC015,SFC_FD37A16743B7,LIQ_0F4168490E,81.25,validation,no,,,ZS_CA0275,zero_shot,,,0,no,no,zero_shot_not_applicable,0.0,0.0,0.0
CA0275,CA0275,SRC015,SFC_FD37A16743B7,LIQ_0F4168490E,81.25,validation,no,,,PA_CA0275,probe_assisted,CA0276,LIQ_53310FAFB3,1,yes,no,insufficient_probes,0.0,0.0,
CA0276,CA0276,SRC015,SFC_FD37A16743B7,LIQ_53310FAFB3,39.27,validation,no,,,ZS_CA0276,zero_shot,,,0,no,no,zero_shot_not_applicable,0.0,0.0,0.0
CA0276,CA0276,SRC015,SFC_FD37A16743B7,LIQ_53310FAFB3,39.27,validation,no,,,PA_CA0276,probe_assisted,CA0275,LIQ_0F4168490E,1,yes,no,insufficient_probes,0.0,0.0,
CA0277,CA0277,SRC005,SFC_1B0EE35A8601,LIQ_0F4168490E,94.0,validation,no,,,ZS_CA0277,zero_shot,,,0,no,no,zero_shot_not_applicable,0.0,0.0,0.0
CA0277,CA0277,SRC005,SFC_1B0EE35A8601,LIQ_0F4168490E,94.0,validation,no,,,PA_CA0277,probe_assisted,CA0278,LIQ_B6950B5CB8,1,yes,no,insufficient_probes,0.0,0.0,
CA0278,CA0278,SRC005,SFC_1B0EE35A8601,LIQ_B6950B5CB8,16.0,validation,no,,,ZS_CA0278,zero_shot,,,0,no,no,zero_shot_not_applicable,0.0,0.0,0.0
CA0278,CA0278,SRC005,SFC_1B0EE35A8601,LIQ_B6950B5CB8,16.0,validation,no,,,PA_CA0278,probe_assisted,CA0277,LIQ_0F4168490E,1,yes,no,insufficient_probes,0.0,0.0,
CA0279,CA0279,SRC005,SFC_231FB62337B5,LIQ_0F4168490E,107.0,validation,no,,,ZS_CA0279,zero_shot,,,0,no,no,zero_shot_not_applicable,0.0,0.0,0.0
CA0279,CA0279,SRC005,SFC_231FB62337B5,LIQ_0F4168490E,107.0,validation,no,,,PA_CA0279,probe_assisted,CA0280,LIQ_B6950B5CB8,1,yes,no,insufficient_probes,0.0,0.0,
CA0280,CA0280,SRC005,SFC_231FB62337B5,LIQ_B6950B5CB8,48.0,validation,no,,,ZS_CA0280,zero_shot,,,0,no,no,zero_shot_not_applicable,0.0,0.0,0.0
CA0280,CA0280,SRC005,SFC_231FB62337B5,LIQ_B6950B5CB8,48.0,validation,no,,,PA_CA0280,probe_assisted,CA0279,LIQ_0F4168490E,1,yes,no,insufficient_probes,0.0,0.0,
CA0281,CA0281,SRC005,SFC_D6B816FE09EC,LIQ_0F4168490E,134.0,validation,no,,,ZS_CA0281,zero_shot,,,0,no,no,zero_shot_not_applicable,0.0,0.0,0.0
CA0281,CA0281,SRC005,SFC_D6B816FE09EC,LIQ_0F4168490E,134.0,validation,no,,,PA_CA0281,probe_assisted,CA0282,LIQ_B6950B5CB8,1,yes,no,insufficient_probes,0.0,0.0,
CA0282,CA0282,SRC005,SFC_D6B816FE09EC,LIQ_B6950B5CB8,46.0,validation,no,,,ZS_CA0282,zero_shot,,,0,no,no,zero_shot_not_applicable,0.0,0.0,0.0
CA0282,CA0282,SRC005,SFC_D6B816FE09EC,LIQ_B6950B5CB8,46.0,validation,no,,,PA_CA0282,probe_assisted,CA0281,LIQ_0F4168490E,1,yes,no,insufficient_probes,0.0,0.0,
CA0283,CA0283,SRC005,SFC_F8843DC534D0,LIQ_0F4168490E,153.0,validation,no,,,ZS_CA0283,zero_shot,,,0,no,no,zero_shot_not_applicable,0.0,0.0,0.0
CA0283,CA0283,SRC005,SFC_F8843DC534D0,LIQ_0F4168490E,153.0,validation,no,,,PA_CA0283,probe_assisted,CA0284,LIQ_B6950B5CB8,1,yes,no,insufficient_probes,0.0,0.0,
CA0284,CA0284,SRC005,SFC_F8843DC534D0,LIQ_B6950B5CB8,130.0,validation,no,,,ZS_CA0284,zero_shot,,,0,no,no,zero_shot_not_applicable,0.0,0.0,0.0
CA0284,CA0284,SRC005,SFC_F8843DC534D0,LIQ_B6950B5CB8,130.0,validation,no,,,PA_CA0284,probe_assisted,CA0283,LIQ_0F4168490E,1,yes,no,insufficient_probes,0.0,0.0,
CA0285,CA0285,SRC006,SFC_4B9DA50F6033,LIQ_0F4168490E,69.0,train,no,,,ZS_CA0285,zero_shot,,,0,no,no,zero_shot_not_applicable,0.0,0.0,0.0
CA0285,CA0285,SRC006,SFC_4B9DA50F6033,LIQ_0F4168490E,69.0,train,no,,,PA_CA0285,probe_assisted,CA0286,LIQ_6656B41AB7,1,yes,no,insufficient_probes,0.0,0.0,
CA0286,CA0286,SRC006,SFC_4B9DA50F6033,LIQ_6656B41AB7,42.0,train,no,,,ZS_CA0286,zero_shot,,,0,no,no,zero_shot_not_applicable,0.0,0.0,0.0
CA0286,CA0286,SRC006,SFC_4B9DA50F6033,LIQ_6656B41AB7,42.0,train,no,,,PA_CA0286,probe_assisted,CA0285,LIQ_0F4168490E,1,yes,no,insufficient_probes,0.0,0.0,
CA0287,CA0287,SRC022,SFC_75203B72A5AD,LIQ_0F4168490E,43.64,internal_test,yes,45.14,10.51,ZS_CA0287,zero_shot,,,0,no,no,zero_shot_not_applicable,0.0,0.0,0.0
CA0287,CA0287,SRC022,SFC_75203B72A5AD,LIQ_0F4168490E,43.64,internal_test,yes,45.14,10.51,PA_CA0287,probe_assisted,CA0288,LIQ_6656B41AB7,1,yes,no,insufficient_probes,0.0,0.0,
CA0288,CA0288,SRC022,SFC_75203B72A5AD,LIQ_6656B41AB7,30.05,internal_test,yes,45.14,10.51,ZS_CA0288,zero_shot,,,0,no,no,zero_shot_not_applicable,0.0,0.0,0.0
CA0288,CA0288,SRC022,SFC_75203B72A5AD,LIQ_6656B41AB7,30.05,internal_test,yes,45.14,10.51,PA_CA0288,probe_assisted,CA0287,LIQ_0F4168490E,1,yes,no,insufficient_probes,0.0,0.0,
CA0289,CA0289,SRC022,SFC_39B450DAB1FB,LIQ_0F4168490E,41.23,internal_test,yes,42.42,13.82,ZS_CA0289,zero_shot,,,0,no,no,zero_shot_not_applicable,0.0,0.0,0.0
CA0289,CA0289,SRC022,SFC_39B450DAB1FB,LIQ_0F4168490E,41.23,internal_test,yes,42.42,13.82,PA_CA0289,probe_assisted,CA0290,LIQ_6656B41AB7,1,yes,no,insufficient_probes,0.0,0.0,
CA0290,CA0290,SRC022,SFC_39B450DAB1FB,LIQ_6656B41AB7,34.52,internal_test,yes,42.42,13.82,ZS_CA0290,zero_shot,,,0,no,no,zero_shot_not_applicable,0.0,0.0,0.0
CA0290,CA0290,SRC022,SFC_39B450DAB1FB,LIQ_6656B41AB7,34.52,internal_test,yes,42.42,13.82,PA_CA0290,probe_assisted,CA0289,LIQ_0F4168490E,1,yes,no,insufficient_probes,0.0,0.0,
CA0291,CA0291,SRC022,SFC_588A96278F34,LIQ_0F4168490E,32.1,internal_test,yes,46.21,15.82,ZS_CA0291,zero_shot,,,0,no,no,zero_shot_not_applicable,0.0,0.0,0.0
CA0291,CA0291,SRC022,SFC_588A96278F34,LIQ_0F4168490E,32.1,internal_test,yes,46.21,15.82,PA_CA0291,probe_assisted,CA0292,LIQ_6656B41AB7,1,yes,no,insufficient_probes,0.0,0.0,
CA0292,CA0292,SRC022,SFC_588A96278F34,LIQ_6656B41AB7,28.09,internal_test,yes,46.21,15.82,ZS_CA0292,zero_shot,,,0,no,no,zero_shot_not_applicable,0.0,0.0,0.0
CA0292,CA0292,SRC022,SFC_588A96278F34,LIQ_6656B41AB7,28.09,internal_test,yes,46.21,15.82,PA_CA0292,probe_assisted,CA0291,LIQ_0F4168490E,1,yes,no,insufficient_probes,0.0,0.0,
CA0293,CA0293,SRC022,SFC_A2BE3F1765AE,LIQ_0F4168490E,19.9,internal_test,yes,47.75,19.12,ZS_CA0293,zero_shot,,,0,no,no,zero_shot_not_applicable,0.0,0.0,0.0
CA0293,CA0293,SRC022,SFC_A2BE3F1765AE,LIQ_0F4168490E,19.9,internal_test,yes,47.75,19.12,PA_CA0293,probe_assisted,CA0294,LIQ_6656B41AB7,1,yes,no,insufficient_probes,0.0,0.0,
CA0294,CA0294,SRC022,SFC_A2BE3F1765AE,LIQ_6656B41AB7,24.19,internal_test,yes,47.75,19.12,ZS_CA0294,zero_shot,,,0,no,no,zero_shot_not_applicable,0.0,0.0,0.0
CA0294,CA0294,SRC022,SFC_A2BE3F1765AE,LIQ_6656B41AB7,24.19,internal_test,yes,47.75,19.12,PA_CA0294,probe_assisted,CA0293,LIQ_0F4168490E,1,yes,no,insufficient_probes,0.0,0.0,
CA0295,CA0295,SRC022,SFC_292FB4EA5D24,LIQ_0F4168490E,23.42,internal_test,yes,45.73,19.24,ZS_CA0295,zero_shot,,,0,no,no,zero_shot_not_applicable,0.0,0.0,0.0
CA0295,CA0295,SRC022,SFC_292FB4EA5D24,LIQ_0F4168490E,23.42,internal_test,yes,45.73,19.24,PA_CA0295,probe_assisted,CA0296,LIQ_6656B41AB7,1,yes,no,insufficient_probes,0.0,0.0,
CA0296,CA0296,SRC022,SFC_292FB4EA5D24,LIQ_6656B41AB7,29.15,internal_test,yes,45.73,19.24,ZS_CA0296,zero_shot,,,0,no,no,zero_shot_not_applicable,0.0,0.0,0.0
CA0296,CA0296,SRC022,SFC_292FB4EA5D24,LIQ_6656B41AB7,29.15,internal_test,yes,45.73,19.24,PA_CA0296,probe_assisted,CA0295,LIQ_0F4168490E,1,yes,no,insufficient_probes,0.0,0.0,
CA0297,CA0297,SRC022,SFC_BD3224C101E4,LIQ_0F4168490E,48.03,internal_test,yes,43.51,9.4,ZS_CA0297,zero_shot,,,0,no,no,zero_shot_not_applicable,0.0,0.0,0.0
CA0297,CA0297,SRC022,SFC_BD3224C101E4,LIQ_0F4168490E,48.03,internal_test,yes,43.51,9.4,PA_CA0297,probe_assisted,CA0298,LIQ_6656B41AB7,1,yes,no,insufficient_probes,0.0,0.0,
CA0298,CA0298,SRC022,SFC_BD3224C101E4,LIQ_6656B41AB7,32.62,internal_test,yes,43.51,9.4,ZS_CA0298,zero_shot,,,0,no,no,zero_shot_not_applicable,0.0,0.0,0.0
CA0298,CA0298,SRC022,SFC_BD3224C101E4,LIQ_6656B41AB7,32.62,internal_test,yes,43.51,9.4,PA_CA0298,probe_assisted,CA0297,LIQ_0F4168490E,1,yes,no,insufficient_probes,0.0,0.0,
CA0299,CA0299,SRC022,SFC_2E5EA5C6D130,LIQ_0F4168490E,42.02,internal_test,yes,40.2,14.16,ZS_CA0299,zero_shot,,,0,no,no,zero_shot_not_applicable,0.0,0.0,0.0
CA0299,CA0299,SRC022,SFC_2E5EA5C6D130,LIQ_0F4168490E,42.02,internal_test,yes,40.2,14.16,PA_CA0299,probe_assisted,CA0300,LIQ_6656B41AB7,1,yes,no,insufficient_probes,0.0,0.0,
CA0300,CA0300,SRC022,SFC_2E5EA5C6D130,LIQ_6656B41AB7,38.05,internal_test,yes,40.2,14.16,ZS_CA0300,zero_shot,,,0,no,no,zero_shot_not_applicable,0.0,0.0,0.0
CA0300,CA0300,SRC022,SFC_2E5EA5C6D130,LIQ_6656B41AB7,38.05,internal_test,yes,40.2,14.16,PA_CA0300,probe_assisted,CA0299,LIQ_0F4168490E,1,yes,no,insufficient_probes,0.0,0.0,
CA0301,CA0301,SRC022,SFC_D4A1459EC26C,LIQ_0F4168490E,49.1,internal_test,yes,38.47,10.7,ZS_CA0301,zero_shot,,,0,no,no,zero_shot_not_applicable,0.0,0.0,0.0
CA0301,CA0301,SRC022,SFC_D4A1459EC26C,LIQ_0F4168490E,49.1,internal_test,yes,38.47,10.7,PA_CA0301,probe_assisted,CA0302,LIQ_6656B41AB7,1,yes,no,insufficient_probes,0.0,0.0,
CA0302,CA0302,SRC022,SFC_D4A1459EC26C,LIQ_6656B41AB7,40.09,internal_test,yes,38.47,10.7,ZS_CA0302,zero_shot,,,0,no,no,zero_shot_not_applicable,0.0,0.0,0.0
CA0302,CA0302,SRC022,SFC_D4A1459EC26C,LIQ_6656B41AB7,40.09,internal_test,yes,38.47,10.7,PA_CA0302,probe_assisted,CA0301,LIQ_0F4168490E,1,yes,no,insufficient_probes,0.0,0.0,
CA0303,CA0303,SRC001,SFC_B8DDD579CB88,LIQ_06B74E7F53,2.7,train,no,,,ZS_CA0303,zero_shot,,,0,no,no,zero_shot_not_applicable,0.0,0.0,0.0
CA0303,CA0303,SRC001,SFC_B8DDD579CB88,LIQ_06B74E7F53,2.7,train,no,,,PA_CA0303,probe_assisted,CA0304;CA0305;CA0306;CA0307,LIQ_0F4168490E;LIQ_1BD1B94C09;LIQ_53310FAFB3;LIQ_6656B41AB7,4,yes,yes,,40.79218370542244,0.5485105621304418,23.505539335983876
CA0304,CA0304,SRC001,SFC_B8DDD579CB88,LIQ_53310FAFB3,66.7,train,no,,,ZS_CA0304,zero_shot,,,0,no,no,zero_shot_not_applicable,0.0,0.0,0.0
CA0304,CA0304,SRC001,SFC_B8DDD579CB88,LIQ_53310FAFB3,66.7,train,no,,,PA_CA0304,probe_assisted,CA0303;CA0305;CA0306;CA0307,LIQ_06B74E7F53;LIQ_0F4168490E;LIQ_1BD1B94C09;LIQ_6656B41AB7,4,yes,yes,,43.13995670111206,0.7072192888032504,51.20768408844424
CA0305,CA0305,SRC001,SFC_B8DDD579CB88,LIQ_6656B41AB7,35.3,train,no,,,ZS_CA0305,zero_shot,,,0,no,no,zero_shot_not_applicable,0.0,0.0,0.0
CA0305,CA0305,SRC001,SFC_B8DDD579CB88,LIQ_6656B41AB7,35.3,train,no,,,PA_CA0305,probe_assisted,CA0303;CA0304;CA0306;CA0307,LIQ_06B74E7F53;LIQ_0F4168490E;LIQ_1BD1B94C09;LIQ_53310FAFB3,4,yes,yes,,42.62354625166482,0.3681148408164551,33.6963686392288
CA0306,CA0306,SRC001,SFC_B8DDD579CB88,LIQ_1BD1B94C09,56.7,train,no,,,ZS_CA0306,zero_shot,,,0,no,no,zero_shot_not_applicable,0.0,0.0,0.0
CA0306,CA0306,SRC001,SFC_B8DDD579CB88,LIQ_1BD1B94C09,56.7,train,no,,,PA_CA0306,probe_assisted,CA0303;CA0304;CA0305;CA0307,LIQ_06B74E7F53;LIQ_0F4168490E;LIQ_53310FAFB3;LIQ_6656B41AB7,4,yes,yes,,41.72048178862558,0.32423445925155614,61.54105475599119
CA0307,CA0307,SRC001,SFC_B8DDD579CB88,LIQ_0F4168490E,89.8,train,no,,,ZS_CA0307,zero_shot,,,0,no,no,zero_shot_not_applicable,0.0,0.0,0.0
CA0307,CA0307,SRC001,SFC_B8DDD579CB88,LIQ_0F4168490E,89.8,train,no,,,PA_CA0307,probe_assisted,CA0303;CA0304;CA0305;CA0306,LIQ_06B74E7F53;LIQ_1BD1B94C09;LIQ_53310FAFB3;LIQ_6656B41AB7,4,yes,yes,,43.37072107624717,0.04371023409475641,96.55966400438724
CA0308,CA0308,SRC001,SFC_F862748296EB,LIQ_06B74E7F53,12.1,train,no,,,ZS_CA0308,zero_shot,,,0,no,no,zero_shot_not_applicable,0.0,0.0,0.0
CA0308,CA0308,SRC001,SFC_F862748296EB,LIQ_06B74E7F53,12.1,train,no,,,PA_CA0308,probe_assisted,CA0309;CA0310;CA0311;CA0312,LIQ_0F4168490E;LIQ_1BD1B94C09;LIQ_53310FAFB3;LIQ_6656B41AB7,4,yes,yes,,44.79925807521641,4.213195518797756,0.0
CA0309,CA0309,SRC001,SFC_F862748296EB,LIQ_53310FAFB3,52.3,train,no,,,ZS_CA0309,zero_shot,,,0,no,no,zero_shot_not_applicable,0.0,0.0,0.0
CA0309,CA0309,SRC001,SFC_F862748296EB,LIQ_53310FAFB3,52.3,train,no,,,PA_CA0309,probe_assisted,CA0308;CA0310;CA0311;CA0312,LIQ_06B74E7F53;LIQ_0F4168490E;LIQ_1BD1B94C09;LIQ_6656B41AB7,4,yes,yes,,45.52274990579315,5.756357347921087,18.255544045788085
CA0310,CA0310,SRC001,SFC_F862748296EB,LIQ_6656B41AB7,20.5,train,no,,,ZS_CA0310,zero_shot,,,0,no,no,zero_shot_not_applicable,0.0,0.0,0.0
CA0310,CA0310,SRC001,SFC_F862748296EB,LIQ_6656B41AB7,20.5,train,no,,,PA_CA0310,probe_assisted,CA0308;CA0309;CA0311;CA0312,LIQ_06B74E7F53;LIQ_0F4168490E;LIQ_1BD1B94C09;LIQ_53310FAFB3,4,yes,yes,,41.164851282198946,5.356410092336419,36.8346904343492
CA0311,CA0311,SRC001,SFC_F862748296EB,LIQ_1BD1B94C09,36.4,train,no,,,ZS_CA0311,zero_shot,,,0,no,no,zero_shot_not_applicable,0.0,0.0,0.0
CA0311,CA0311,SRC001,SFC_F862748296EB,LIQ_1BD1B94C09,36.4,train,no,,,PA_CA0311,probe_assisted,CA0308;CA0309;CA0310;CA0312,LIQ_06B74E7F53;LIQ_0F4168490E;LIQ_53310FAFB3;LIQ_6656B41AB7,4,yes,yes,,43.6100400635087,4.104021676839195,43.398809141665126
CA0312,CA0312,SRC001,SFC_F862748296EB,LIQ_0F4168490E,70.1,train,no,,,ZS_CA0312,zero_shot,,,0,no,no,zero_shot_not_applicable,0.0,0.0,0.0
CA0312,CA0312,SRC001,SFC_F862748296EB,LIQ_0F4168490E,70.1,train,no,,,PA_CA0312,probe_assisted,CA0308;CA0309;CA0310;CA0311,LIQ_06B74E7F53;LIQ_1BD1B94C09;LIQ_53310FAFB3;LIQ_6656B41AB7,4,yes,yes,,46.12262800718895,1.9054564361847797,81.83910402485816
CA0313,CA0313,SRC001,SFC_2202AAAAD87C,LIQ_06B74E7F53,13.0,train,no,,,ZS_CA0313,zero_shot,,,0,no,no,zero_shot_not_applicable,0.0,0.0,0.0
CA0313,CA0313,SRC001,SFC_2202AAAAD87C,LIQ_06B74E7F53,13.0,train,no,,,PA_CA0313,probe_assisted,CA0314;CA0315;CA0316;CA0317,LIQ_0F4168490E;LIQ_1BD1B94C09;LIQ_53310FAFB3;LIQ_6656B41AB7,4,yes,yes,,44.258721836547714,6.841340804863765,4.573744779250484
CA0314,CA0314,SRC001,SFC_2202AAAAD87C,LIQ_53310FAFB3,44.3,train,no,,,ZS_CA0314,zero_shot,,,0,no,no,zero_shot_not_applicable,0.0,0.0,0.0
CA0314,CA0314,SRC001,SFC_2202AAAAD87C,LIQ_53310FAFB3,44.3,train,no,,,PA_CA0314,probe_assisted,CA0313;CA0315;CA0316;CA0317,LIQ_06B74E7F53;LIQ_0F4168490E;LIQ_1BD1B94C09;LIQ_6656B41AB7,4,yes,yes,,45.0902051016496,8.635034741932278,0.0
CA0315,CA0315,SRC001,SFC_2202AAAAD87C,LIQ_6656B41AB7,24.3,train,no,,,ZS_CA0315,zero_shot,,,0,no,no,zero_shot_not_applicable,0.0,0.0,0.0
CA0315,CA0315,SRC001,SFC_2202AAAAD87C,LIQ_6656B41AB7,24.3,train,no,,,PA_CA0315,probe_assisted,CA0313;CA0314;CA0316;CA0317,LIQ_06B74E7F53;LIQ_0F4168490E;LIQ_1BD1B94C09;LIQ_53310FAFB3,4,yes,yes,,41.53747473488441,7.906098976973411,36.05049799481767
CA0316,CA0316,SRC001,SFC_2202AAAAD87C,LIQ_1BD1B94C09,25.9,train,no,,,ZS_CA0316,zero_shot,,,0,no,no,zero_shot_not_applicable,0.0,0.0,0.0
CA0316,CA0316,SRC001,SFC_2202AAAAD87C,LIQ_1BD1B94C09,25.9,train,no,,,PA_CA0316,probe_assisted,CA0313;CA0314;CA0315;CA0317,LIQ_06B74E7F53;LIQ_0F4168490E;LIQ_53310FAFB3;LIQ_6656B41AB7,4,yes,yes,,43.05313487499403,6.5351886460182245,37.13389934499438
CA0317,CA0317,SRC001,SFC_2202AAAAD87C,LIQ_0F4168490E,64.4,train,no,,,ZS_CA0317,zero_shot,,,0,no,no,zero_shot_not_applicable,0.0,0.0,0.0
CA0317,CA0317,SRC001,SFC_2202AAAAD87C,LIQ_0F4168490E,64.4,train,no,,,PA_CA0317,probe_assisted,CA0313;CA0314;CA0315;CA0316,LIQ_06B74E7F53;LIQ_1BD1B94C09;LIQ_53310FAFB3;LIQ_6656B41AB7,4,yes,yes,,45.418407498638395,4.208592457148783,74.51755550021652
CA0318,CA0318,SRC001,SFC_BC3ADCE03F16,LIQ_06B74E7F53,7.8,train,no,,,ZS_CA0318,zero_shot,,,0,no,no,zero_shot_not_applicable,0.0,0.0,0.0
CA0318,CA0318,SRC001,SFC_BC3ADCE03F16,LIQ_06B74E7F53,7.8,train,no,,,PA_CA0318,probe_assisted,CA0319;CA0320;CA0321;CA0322,LIQ_0F4168490E;LIQ_1BD1B94C09;LIQ_53310FAFB3;LIQ_6656B41AB7,4,yes,yes,,41.55520795967212,1.0712109249917732,20.793243033082135
CA0319,CA0319,SRC001,SFC_BC3ADCE03F16,LIQ_53310FAFB3,59.6,train,no,,,ZS_CA0319,zero_shot,,,0,no,no,zero_shot_not_applicable,0.0,0.0,0.0
CA0319,CA0319,SRC001,SFC_BC3ADCE03F16,LIQ_53310FAFB3,59.6,train,no,,,PA_CA0319,probe_assisted,CA0318;CA0320;CA0321;CA0322,LIQ_06B74E7F53;LIQ_0F4168490E;LIQ_1BD1B94C09;LIQ_6656B41AB7,4,yes,yes,,43.219052098258175,1.2461156573589438,47.323688930230475
CA0320,CA0320,SRC001,SFC_BC3ADCE03F16,LIQ_6656B41AB7,30.0,train,no,,,ZS_CA0320,zero_shot,,,0,no,no,zero_shot_not_applicable,0.0,0.0,0.0
CA0320,CA0320,SRC001,SFC_BC3ADCE03F16,LIQ_6656B41AB7,30.0,train,no,,,PA_CA0320,probe_assisted,CA0318;CA0319;CA0321;CA0322,LIQ_06B74E7F53;LIQ_0F4168490E;LIQ_1BD1B94C09;LIQ_53310FAFB3,4,yes,yes,,41.06807870896891,1.1465600351893168,37.0365831416307
CA0321,CA0321,SRC001,SFC_BC3ADCE03F16,LIQ_1BD1B94C09,58.8,train,no,,,ZS_CA0321,zero_shot,,,0,no,no,zero_shot_not_applicable,0.0,0.0,0.0
CA0321,CA0321,SRC001,SFC_BC3ADCE03F16,LIQ_1BD1B94C09,58.8,train,no,,,PA_CA0321,probe_assisted,CA0318;CA0319;CA0320;CA0322,LIQ_06B74E7F53;LIQ_0F4168490E;LIQ_53310FAFB3;LIQ_6656B41AB7,4,yes,yes,,42.893441322068426,0.9957309535028827,55.92034449485443
CA0322,CA0322,SRC001,SFC_BC3ADCE03F16,LIQ_0F4168490E,84.6,train,no,,,ZS_CA0322,zero_shot,,,0,no,no,zero_shot_not_applicable,0.0,0.0,0.0
CA0322,CA0322,SRC001,SFC_BC3ADCE03F16,LIQ_0F4168490E,84.6,train,no,,,PA_CA0322,probe_assisted,CA0318;CA0319;CA0320;CA0321,LIQ_06B74E7F53;LIQ_1BD1B94C09;LIQ_53310FAFB3;LIQ_6656B41AB7,4,yes,yes,,44.24341159843114,0.10380193916287776,94.79490764988216
CA0323,CA0323,SRC001,SFC_4E9D8F5E0021,LIQ_06B74E7F53,4.4,train,no,,,ZS_CA0323,zero_shot,,,0,no,no,zero_shot_not_applicable,0.0,0.0,0.0
CA0323,CA0323,SRC001,SFC_4E9D8F5E0021,LIQ_06B74E7F53,4.4,train,no,,,PA_CA0323,probe_assisted,CA0324;CA0325;CA0326;CA0327,LIQ_0F4168490E;LIQ_1BD1B94C09;LIQ_53310FAFB3;LIQ_6656B41AB7,4,yes,yes,,48.416757265622174,8.914283981334787,0.0
CA0324,CA0324,SRC001,SFC_4E9D8F5E0021,LIQ_53310FAFB3,15.6,train,no,,,ZS_CA0324,zero_shot,,,0,no,no,zero_shot_not_applicable,0.0,0.0,0.0
CA0324,CA0324,SRC001,SFC_4E9D8F5E0021,LIQ_53310FAFB3,15.6,train,no,,,PA_CA0324,probe_assisted,CA0323;CA0325;CA0326;CA0327,LIQ_06B74E7F53;LIQ_0F4168490E;LIQ_1BD1B94C09;LIQ_6656B41AB7,4,yes,yes,,47.33597448301863,10.647645077564546,0.0
CA0325,CA0325,SRC001,SFC_4E9D8F5E0021,LIQ_6656B41AB7,8.4,train,no,,,ZS_CA0325,zero_shot,,,0,no,no,zero_shot_not_applicable,0.0,0.0,0.0
CA0325,CA0325,SRC001,SFC_4E9D8F5E0021,LIQ_6656B41AB7,8.4,train,no,,,PA_CA0325,probe_assisted,CA0323;CA0324;CA0326;CA0327,LIQ_06B74E7F53;LIQ_0F4168490E;LIQ_1BD1B94C09;LIQ_53310FAFB3,4,yes,yes,,43.43134551160288,11.109788265791147,31.867891690346955
CA0326,CA0326,SRC001,SFC_4E9D8F5E0021,LIQ_1BD1B94C09,14.9,train,no,,,ZS_CA0326,zero_shot,,,0,no,no,zero_shot_not_applicable,0.0,0.0,0.0
CA0326,CA0326,SRC001,SFC_4E9D8F5E0021,LIQ_1BD1B94C09,14.9,train,no,,,PA_CA0326,probe_assisted,CA0323;CA0324;CA0325;CA0327,LIQ_06B74E7F53;LIQ_0F4168490E;LIQ_53310FAFB3;LIQ_6656B41AB7,4,yes,yes,,46.344571170997874,9.44457218149234,21.88673157451846
CA0327,CA0327,SRC001,SFC_4E9D8F5E0021,LIQ_0F4168490E,58.3,train,no,,,ZS_CA0327,zero_shot,,,0,no,no,zero_shot_not_applicable,0.0,0.0,0.0
CA0327,CA0327,SRC001,SFC_4E9D8F5E0021,LIQ_0F4168490E,58.3,train,no,,,PA_CA0327,probe_assisted,CA0323;CA0324;CA0325;CA0326,LIQ_06B74E7F53;LIQ_1BD1B94C09;LIQ_53310FAFB3;LIQ_6656B41AB7,4,yes,yes,,47.664284323810485,7.482591563692355,65.02365790053531
CA0328,CA0328,SRC001,SFC_AA2B954681B3,LIQ_06B74E7F53,4.7,train,no,,,ZS_CA0328,zero_shot,,,0,no,no,zero_shot_not_applicable,0.0,0.0,0.0
CA0328,CA0328,SRC001,SFC_AA2B954681B3,LIQ_06B74E7F53,4.7,train,no,,,PA_CA0328,probe_assisted,CA0329;CA0330;CA0331;CA0332,LIQ_0F4168490E;LIQ_1BD1B94C09;LIQ_53310FAFB3;LIQ_6656B41AB7,4,yes,yes,,48.963392569433864,8.710866602754786,0.0
CA0329,CA0329,SRC001,SFC_AA2B954681B3,LIQ_53310FAFB3,12.5,train,no,,,ZS_CA0329,zero_shot,,,0,no,no,zero_shot_not_applicable,0.0,0.0,0.0
CA0329,CA0329,SRC001,SFC_AA2B954681B3,LIQ_53310FAFB3,12.5,train,no,,,PA_CA0329,probe_assisted,CA0328;CA0330;CA0331;CA0332,LIQ_06B74E7F53;LIQ_0F4168490E;LIQ_1BD1B94C09;LIQ_6656B41AB7,4,yes,yes,,47.58175674680667,10.442425662772589,0.0
CA0330,CA0330,SRC001,SFC_AA2B954681B3,LIQ_6656B41AB7,8.1,train,no,,,ZS_CA0330,zero_shot,,,0,no,no,zero_shot_not_applicable,0.0,0.0,0.0
CA0330,CA0330,SRC001,SFC_AA2B954681B3,LIQ_6656B41AB7,8.1,train,no,,,PA_CA0330,probe_assisted,CA0328;CA0329;CA0331;CA0332,LIQ_06B74E7F53;LIQ_0F4168490E;LIQ_1BD1B94C09;LIQ_53310FAFB3,4,yes,yes,,43.96202219984031,10.876516910969976,30.623715392299427
CA0331,CA0331,SRC001,SFC_AA2B954681B3,LIQ_1BD1B94C09,10.9,train,no,,,ZS_CA0331,zero_shot,,,0,no,no,zero_shot_not_applicable,0.0,0.0,0.0
CA0331,CA0331,SRC001,SFC_AA2B954681B3,LIQ_1BD1B94C09,10.9,train,no,,,PA_CA0331,probe_assisted,CA0328;CA0329;CA0330;CA0332,LIQ_06B74E7F53;LIQ_0F4168490E;LIQ_53310FAFB3;LIQ_6656B41AB7,4,yes,yes,,46.5009748313977,9.23679634064624,22.288637647367285
CA0332,CA0332,SRC001,SFC_AA2B954681B3,LIQ_0F4168490E,59.1,train,no,,,ZS_CA0332,zero_shot,,,0,no,no,zero_shot_not_applicable,0.0,0.0,0.0
CA0332,CA0332,SRC001,SFC_AA2B954681B3,LIQ_0F4168490E,59.1,train,no,,,PA_CA0332,probe_assisted,CA0328;CA0329;CA0330;CA0331,LIQ_06B74E7F53;LIQ_1BD1B94C09;LIQ_53310FAFB3;LIQ_6656B41AB7,4,yes,yes,,47.683551269204145,7.9612209844316775,63.939416582052424
CA0333,CA0333,SRC014,SFC_2D953D8FEA9A,LIQ_0F4168490E,72.8,train,yes,44.6,2.09,ZS_CA0333,zero_shot,,,0,no,no,zero_shot_not_applicable,0.0,0.0,0.0
CA0333,CA0333,SRC014,SFC_2D953D8FEA9A,LIQ_0F4168490E,72.8,train,yes,44.6,2.09,PA_CA0333,probe_assisted,CA0334;CA0335,LIQ_1BD1B94C09;LIQ_6656B41AB7,2,yes,yes,,37.7541613187138,2.743756163586133,83.50418791109784
CA0334,CA0334,SRC014,SFC_2D953D8FEA9A,LIQ_6656B41AB7,43.6,train,yes,44.6,2.09,ZS_CA0334,zero_shot,,,0,no,no,zero_shot_not_applicable,0.0,0.0,0.0
CA0334,CA0334,SRC014,SFC_2D953D8FEA9A,LIQ_6656B41AB7,43.6,train,yes,44.6,2.09,PA_CA0334,probe_assisted,CA0333;CA0335,LIQ_0F4168490E;LIQ_1BD1B94C09,2,yes,yes,,24.499369891174524,11.344495190596698,67.11300982385023
CA0335,CA0335,SRC014,SFC_2D953D8FEA9A,LIQ_1BD1B94C09,55.1,train,yes,44.6,2.09,ZS_CA0335,zero_shot,,,0,no,no,zero_shot_not_applicable,0.0,0.0,0.0
CA0335,CA0335,SRC014,SFC_2D953D8FEA9A,LIQ_1BD1B94C09,55.1,train,yes,44.6,2.09,PA_CA0335,probe_assisted,CA0333;CA0334,LIQ_0F4168490E;LIQ_6656B41AB7,2,yes,yes,,37.754161318713855,6.692722206042316,44.60036535020277
CA0336,CA0336,SRC014,SFC_AD3F4CCED3FF,LIQ_0F4168490E,105.4,train,yes,41.7,5.4,ZS_CA0336,zero_shot,,,0,no,no,zero_shot_not_applicable,0.0,0.0,0.0
CA0336,CA0336,SRC014,SFC_AD3F4CCED3FF,LIQ_0F4168490E,105.4,train,yes,41.7,5.4,PA_CA0336,probe_assisted,CA0337;CA0338,LIQ_1BD1B94C09;LIQ_6656B41AB7,2,yes,yes,,21.047673272460056,2.9702684343649626,94.20903509751275
CA0337,CA0337,SRC014,SFC_AD3F4CCED3FF,LIQ_6656B41AB7,73.3,train,yes,41.7,5.4,ZS_CA0337,zero_shot,,,0,no,no,zero_shot_not_applicable,0.0,0.0,0.0
CA0337,CA0337,SRC014,SFC_AD3F4CCED3FF,LIQ_6656B41AB7,73.3,train,yes,41.7,5.4,PA_CA0337,probe_assisted,CA0336;CA0338,LIQ_0F4168490E;LIQ_1BD1B94C09,2,yes,yes,,33.26307987353393,0.0,51.80237830367567
CA0338,CA0338,SRC014,SFC_AD3F4CCED3FF,LIQ_1BD1B94C09,75.7,train,yes,41.7,5.4,ZS_CA0338,zero_shot,,,0,no,no,zero_shot_not_applicable,0.0,0.0,0.0
CA0338,CA0338,SRC014,SFC_AD3F4CCED3FF,LIQ_1BD1B94C09,75.7,train,yes,41.7,5.4,PA_CA0338,probe_assisted,CA0336;CA0337,LIQ_0F4168490E;LIQ_6656B41AB7,2,yes,yes,,21.04767327246008,0.5535361169122046,84.27341328128384
CA0339,CA0339,SRC014,SFC_7311940ACDF8,LIQ_0F4168490E,96.4,train,yes,39.1,7.29,ZS_CA0339,zero_shot,,,0,no,no,zero_shot_not_applicable,0.0,0.0,0.0
CA0339,CA0339,SRC014,SFC_7311940ACDF8,LIQ_0F4168490E,96.4,train,yes,39.1,7.29,PA_CA0339,probe_assisted,CA0340;CA0341,LIQ_1BD1B94C09;LIQ_6656B41AB7,2,yes,yes,,26.16058151928984,3.1099859002647436,89.88196652528451
CA0340,CA0340,SRC014,SFC_7311940ACDF8,LIQ_6656B41AB7,64.2,train,yes,39.1,7.29,ZS_CA0340,zero_shot,,,0,no,no,zero_shot_not_applicable,0.0,0.0,0.0
CA0340,CA0340,SRC014,SFC_7311940ACDF8,LIQ_6656B41AB7,64.2,train,yes,39.1,7.29,PA_CA0340,probe_assisted,CA0339;CA0341,LIQ_0F4168490E;LIQ_1BD1B94C09,2,yes,yes,,34.31214812383617,0.48879588773285454,49.93185502873232
CA0341,CA0341,SRC014,SFC_7311940ACDF8,LIQ_1BD1B94C09,68.5,train,yes,39.1,7.29,ZS_CA0341,zero_shot,,,0,no,no,zero_shot_not_applicable,0.0,0.0,0.0
CA0341,CA0341,SRC014,SFC_7311940ACDF8,LIQ_1BD1B94C09,68.5,train,yes,39.1,7.29,PA_CA0341,probe_assisted,CA0339;CA0340,LIQ_0F4168490E;LIQ_6656B41AB7,2,yes,yes,,26.160581519289874,1.4038829489270581,73.76815899025884
CA0342,CA0342,SRC014,SFC_7A3F6303565B,LIQ_0F4168490E,92.3,train,yes,36.9,8.61,ZS_CA0342,zero_shot,,,0,no,no,zero_shot_not_applicable,0.0,0.0,0.0
CA0342,CA0342,SRC014,SFC_7A3F6303565B,LIQ_0F4168490E,92.3,train,yes,36.9,8.61,PA_CA0342,probe_assisted,CA0343;CA0344,LIQ_1BD1B94C09;LIQ_6656B41AB7,2,yes,yes,,32.64250332002252,1.5042917457609557,91.5193247468563
CA0343,CA0343,SRC014,SFC_7A3F6303565B,LIQ_6656B41AB7,52.9,train,yes,36.9,8.61,ZS_CA0343,zero_shot,,,0,no,no,zero_shot_not_applicable,0.0,0.0,0.0
CA0343,CA0343,SRC014,SFC_7A3F6303565B,LIQ_6656B41AB7,52.9,train,yes,36.9,8.61,PA_CA0343,probe_assisted,CA0342;CA0344,LIQ_0F4168490E;LIQ_1BD1B94C09,2,yes,yes,,33.66870158854624,1.2074163642443514,51.08156715663334
CA0344,CA0344,SRC014,SFC_7A3F6303565B,LIQ_1BD1B94C09,65.5,train,yes,36.9,8.61,ZS_CA0344,zero_shot,,,0,no,no,zero_shot_not_applicable,0.0,0.0,0.0
CA0344,CA0344,SRC014,SFC_7A3F6303565B,LIQ_1BD1B94C09,65.5,train,yes,36.9,8.61,PA_CA0344,probe_assisted,CA0342;CA0343,LIQ_0F4168490E;LIQ_6656B41AB7,2,yes,yes,,32.642503320022556,1.3388483190339275,66.15520506507315
CA0345,CA0345,SRC014,SFC_54D3CCF77E3A,LIQ_0F4168490E,102.9,train,yes,31.8,3.67,ZS_CA0345,zero_shot,,,0,no,no,zero_shot_not_applicable,0.0,0.0,0.0
CA0345,CA0345,SRC014,SFC_54D3CCF77E3A,LIQ_0F4168490E,102.9,train,yes,31.8,3.67,PA_CA0345,probe_assisted,CA0346;CA0347,LIQ_1BD1B94C09;LIQ_6656B41AB7,2,yes,yes,,16.531026387165998,4.789325803826601,92.81514075321031
CA0346,CA0346,SRC014,SFC_54D3CCF77E3A,LIQ_6656B41AB7,81.9,train,yes,31.8,3.67,ZS_CA0346,zero_shot,,,0,no,no,zero_shot_not_applicable,0.0,0.0,0.0
CA0346,CA0346,SRC014,SFC_54D3CCF77E3A,LIQ_6656B41AB7,81.9,train,yes,31.8,3.67,PA_CA0346,probe_assisted,CA0345;CA0347,LIQ_0F4168490E;LIQ_1BD1B94C09,2,yes,yes,,27.095744399441923,0.30898088792614214,62.57039413333749
CA0347,CA0347,SRC014,SFC_54D3CCF77E3A,LIQ_1BD1B94C09,78.2,train,yes,31.8,3.67,ZS_CA0347,zero_shot,,,0,no,no,zero_shot_not_applicable,0.0,0.0,0.0
CA0347,CA0347,SRC014,SFC_54D3CCF77E3A,LIQ_1BD1B94C09,78.2,train,yes,31.8,3.67,PA_CA0347,probe_assisted,CA0345;CA0346,LIQ_0F4168490E;LIQ_6656B41AB7,2,yes,yes,,16.53102638716603,1.6922788046874984,85.92356579637656
CA0348,CA0348,SRC014,SFC_66EE1063F64A,LIQ_0F4168490E,97.4,train,yes,36.5,6.43,ZS_CA0348,zero_shot,,,0,no,no,zero_shot_not_applicable,0.0,0.0,0.0
CA0348,CA0348,SRC014,SFC_66EE1063F64A,LIQ_0F4168490E,97.4,train,yes,36.5,6.43,PA_CA0348,probe_assisted,CA0349;CA0350,LIQ_1BD1B94C09;LIQ_6656B41AB7,2,yes,yes,,25.41723352937874,3.6952423148353364,88.63482333685124
CA0349,CA0349,SRC014,SFC_66EE1063F64A,LIQ_6656B41AB7,65.5,train,yes,36.5,6.43,ZS_CA0349,zero_shot,,,0,no,no,zero_shot_not_applicable,0.0,0.0,0.0
CA0349,CA0349,SRC014,SFC_66EE1063F64A,LIQ_6656B41AB7,65.5,train,yes,36.5,6.43,PA_CA0349,probe_assisted,CA0348;CA0350,LIQ_0F4168490E;LIQ_1BD1B94C09,2,yes,yes,,36.48489400760271,0.24150496153402587,45.977453435098056
CA0350,CA0350,SRC014,SFC_66EE1063F64A,LIQ_1BD1B94C09,68.0,train,yes,36.5,6.43,ZS_CA0350,zero_shot,,,0,no,no,zero_shot_not_applicable,0.0,0.0,0.0
CA0350,CA0350,SRC014,SFC_66EE1063F64A,LIQ_1BD1B94C09,68.0,train,yes,36.5,6.43,PA_CA0350,probe_assisted,CA0348;CA0349,LIQ_0F4168490E;LIQ_6656B41AB7,2,yes,yes,,25.41723352937877,1.3096360812255692,75.06745399002624
CA0351,CA0351,SRC014,SFC_7D389175DB70,LIQ_0F4168490E,90.3,train,yes,35.6,4.6,ZS_CA0351,zero_shot,,,0,no,no,zero_shot_not_applicable,0.0,0.0,0.0
CA0351,CA0351,SRC014,SFC_7D389175DB70,LIQ_0F4168490E,90.3,train,yes,35.6,4.6,PA_CA0351,probe_assisted,CA0352;CA0353,LIQ_1BD1B94C09;LIQ_6656B41AB7,2,yes,yes,,23.37737258473231,2.755547243122395,93.10308958211074
CA0352,CA0352,SRC014,SFC_7D389175DB70,LIQ_6656B41AB7,69.1,train,yes,35.6,4.6,ZS_CA0352,zero_shot,,,0,no,no,zero_shot_not_applicable,0.0,0.0,0.0
CA0352,CA0352,SRC014,SFC_7D389175DB70,LIQ_6656B41AB7,69.1,train,yes,35.6,4.6,PA_CA0352,probe_assisted,CA0351;CA0353,LIQ_0F4168490E;LIQ_1BD1B94C09,2,yes,yes,,20.38561440876909,4.487654350862398,74.51704739982269
CA0353,CA0353,SRC014,SFC_7D389175DB70,LIQ_1BD1B94C09,73.1,train,yes,35.6,4.6,ZS_CA0353,zero_shot,,,0,no,no,zero_shot_not_applicable,0.0,0.0,0.0
CA0353,CA0353,SRC014,SFC_7D389175DB70,LIQ_1BD1B94C09,73.1,train,yes,35.6,4.6,PA_CA0353,probe_assisted,CA0351;CA0352,LIQ_0F4168490E;LIQ_6656B41AB7,2,yes,yes,,23.377372584732328,3.6450885902266807,70.84269830412907
CA0354,CA0354,SRC014,SFC_B1FAE164CF82,LIQ_0F4168490E,81.0,train,yes,45.0,0.37,ZS_CA0354,zero_shot,,,0,no,no,zero_shot_not_applicable,0.0,0.0,0.0
CA0354,CA0354,SRC014,SFC_B1FAE164CF82,LIQ_0F4168490E,81.0,train,yes,45.0,0.37,PA_CA0354,probe_assisted,CA0355;CA0356,LIQ_1BD1B94C09;LIQ_6656B41AB7,2,yes,yes,,40.699118097839346,1.9207607861686735,84.82374746479232
CA0355,CA0355,SRC014,SFC_B1FAE164CF82,LIQ_6656B41AB7,37.8,train,yes,45.0,0.37,ZS_CA0355,zero_shot,,,0,no,no,zero_shot_not_applicable,0.0,0.0,0.0
CA0355,CA0355,SRC014,SFC_B1FAE164CF82,LIQ_6656B41AB7,37.8,train,yes,45.0,0.37,PA_CA0355,probe_assisted,CA0354;CA0356,LIQ_0F4168490E;LIQ_1BD1B94C09,2,yes,yes,,35.3583399798163,4.026851787536687,48.043313462268635
CA0356,CA0356,SRC014,SFC_B1FAE164CF82,LIQ_1BD1B94C09,54.4,train,yes,45.0,0.37,ZS_CA0356,zero_shot,,,0,no,no,zero_shot_not_applicable,0.0,0.0,0.0
CA0356,CA0356,SRC014,SFC_B1FAE164CF82,LIQ_1BD1B94C09,54.4,train,yes,45.0,0.37,PA_CA0356,probe_assisted,CA0354;CA0355,LIQ_0F4168490E;LIQ_6656B41AB7,2,yes,yes,,40.69911809783938,2.9701508129554206,50.739210473187846
CA0357,CA0357,SRC014,SFC_F13264E1CC9A,LIQ_0F4168490E,75.2,train,yes,41.5,0.59,ZS_CA0357,zero_shot,,,0,no,no,zero_shot_not_applicable,0.0,0.0,0.0
CA0357,CA0357,SRC014,SFC_F13264E1CC9A,LIQ_0F4168490E,75.2,train,yes,41.5,0.59,PA_CA0357,probe_assisted,CA0358;CA0359,LIQ_1BD1B94C09;LIQ_6656B41AB7,2,yes,yes,,27.941608181627924,11.564350576640352,69.8049135758857
CA0358,CA0358,SRC014,SFC_F13264E1CC9A,LIQ_6656B41AB7,61.1,train,yes,41.5,0.59,ZS_CA0358,zero_shot,,,0,no,no,zero_shot_not_applicable,0.0,0.0,0.0
CA0358,CA0358,SRC014,SFC_F13264E1CC9A,LIQ_6656B41AB7,61.1,train,yes,41.5,0.59,PA_CA0358,probe_assisted,CA0357;CA0359,LIQ_0F4168490E;LIQ_1BD1B94C09,2,yes,yes,,34.49724518890217,6.548454859014305,49.59955923516204
CA0359,CA0359,SRC014,SFC_F13264E1CC9A,LIQ_1BD1B94C09,49.5,train,yes,41.5,0.59,ZS_CA0359,zero_shot,,,0,no,no,zero_shot_not_applicable,0.0,0.0,0.0
CA0359,CA0359,SRC014,SFC_F13264E1CC9A,LIQ_1BD1B94C09,49.5,train,yes,41.5,0.59,PA_CA0359,probe_assisted,CA0357;CA0358,LIQ_0F4168490E;LIQ_6656B41AB7,2,yes,yes,,27.941608181627934,8.661662893539782,54.50216262482262
CA0360,CA0360,SRC020,SFC_9D7026B7F20A,LIQ_0F4168490E,89.2,validation,no,,,ZS_CA0360,zero_shot,,,0,no,no,zero_shot_not_applicable,0.0,0.0,0.0
CA0360,CA0360,SRC020,SFC_9D7026B7F20A,LIQ_0F4168490E,89.2,validation,no,,,PA_CA0360,probe_assisted,CA0361;CA0362,LIQ_1BD1B94C09;LIQ_6656B41AB7,2,yes,yes,,35.546930053575664,0.2673140088887848,97.68915381137344
CA0361,CA0361,SRC020,SFC_9D7026B7F20A,LIQ_1BD1B94C09,68.8,validation,no,,,ZS_CA0361,zero_shot,,,0,no,no,zero_shot_not_applicable,0.0,0.0,0.0
CA0361,CA0361,SRC020,SFC_9D7026B7F20A,LIQ_1BD1B94C09,68.8,validation,no,,,PA_CA0361,probe_assisted,CA0360;CA0362,LIQ_0F4168490E;LIQ_6656B41AB7,2,yes,yes,,35.546930053575686,1.6133158387299162,61.65193900402727
CA0362,CA0362,SRC020,SFC_9D7026B7F20A,LIQ_6656B41AB7,47.7,validation,no,,,ZS_CA0362,zero_shot,,,0,no,no,zero_shot_not_applicable,0.0,0.0,0.0
CA0362,CA0362,SRC020,SFC_9D7026B7F20A,LIQ_6656B41AB7,47.7,validation,no,,,PA_CA0362,probe_assisted,CA0360;CA0361,LIQ_0F4168490E;LIQ_1BD1B94C09,2,yes,yes,,24.95204102492674,3.618879557819166,66.31628992213804
CA0363,CA0363,SRC020,SFC_3BF005A262A4,LIQ_0F4168490E,70.2,validation,no,,,ZS_CA0363,zero_shot,,,0,no,no,zero_shot_not_applicable,0.0,0.0,0.0
CA0363,CA0363,SRC020,SFC_3BF005A262A4,LIQ_0F4168490E,70.2,validation,no,,,PA_CA0363,probe_assisted,CA0364;CA0365,LIQ_1BD1B94C09;LIQ_6656B41AB7,2,yes,yes,,48.96922587095744,0.6338244147538593,86.9155944584917
CA0364,CA0364,SRC020,SFC_3BF005A262A4,LIQ_1BD1B94C09,51.2,validation,no,,,ZS_CA0364,zero_shot,,,0,no,no,zero_shot_not_applicable,0.0,0.0,0.0
CA0364,CA0364,SRC020,SFC_3BF005A262A4,LIQ_1BD1B94C09,51.2,validation,no,,,PA_CA0364,probe_assisted,CA0363;CA0365,LIQ_0F4168490E;LIQ_6656B41AB7,2,yes,yes,,48.96922587095745,5.055433799412411,32.33939729431292
CA0365,CA0365,SRC020,SFC_3BF005A262A4,LIQ_6656B41AB7,15.5,validation,no,,,ZS_CA0365,zero_shot,,,0,no,no,zero_shot_not_applicable,0.0,0.0,0.0
CA0365,CA0365,SRC020,SFC_3BF005A262A4,LIQ_6656B41AB7,15.5,validation,no,,,PA_CA0365,probe_assisted,CA0363;CA0364,LIQ_0F4168490E;LIQ_1BD1B94C09,2,yes,yes,,26.350351863717737,12.023291968615801,63.86885118533131
CA0366,CA0366,SRC020,SFC_5EBD6486C99B,LIQ_0F4168490E,56.0,validation,no,,,ZS_CA0366,zero_shot,,,0,no,no,zero_shot_not_applicable,0.0,0.0,0.0
CA0366,CA0366,SRC020,SFC_5EBD6486C99B,LIQ_0F4168490E,56.0,validation,no,,,PA_CA0366,probe_assisted,CA0367;CA0368,LIQ_1BD1B94C09;LIQ_6656B41AB7,2,yes,yes,,49.920569462934864,2.7936509090014385,76.45492614642026
CA0367,CA0367,SRC020,SFC_5EBD6486C99B,LIQ_1BD1B94C09,39.4,validation,no,,,ZS_CA0367,zero_shot,,,0,no,no,zero_shot_not_applicable,0.0,0.0,0.0
CA0367,CA0367,SRC020,SFC_5EBD6486C99B,LIQ_1BD1B94C09,39.4,validation,no,,,PA_CA0367,probe_assisted,CA0366;CA0368,LIQ_0F4168490E;LIQ_6656B41AB7,2,yes,yes,,49.92056946293493,11.074684025945114,0.0
CA0368,CA0368,SRC020,SFC_5EBD6486C99B,LIQ_6656B41AB7,10.7,validation,no,,,ZS_CA0368,zero_shot,,,0,no,no,zero_shot_not_applicable,0.0,0.0,0.0
CA0368,CA0368,SRC020,SFC_5EBD6486C99B,LIQ_6656B41AB7,10.7,validation,no,,,PA_CA0368,probe_assisted,CA0366;CA0367,LIQ_0F4168490E;LIQ_1BD1B94C09,2,yes,yes,,24.391888275281058,22.261909627240012,67.30256408521566
CA0369,CA0369,SRC020,SFC_8C9D5E267A39,LIQ_0F4168490E,61.5,validation,no,,,ZS_CA0369,zero_shot,,,0,no,no,zero_shot_not_applicable,0.0,0.0,0.0
CA0369,CA0369,SRC020,SFC_8C9D5E267A39,LIQ_0F4168490E,61.5,validation,no,,,PA_CA0369,probe_assisted,CA0370;CA0371,LIQ_1BD1B94C09;LIQ_6656B41AB7,2,yes,yes,,49.75000126288615,1.3868293838334116,82.1960723706028
CA0370,CA0370,SRC020,SFC_8C9D5E267A39,LIQ_1BD1B94C09,45.9,validation,no,,,ZS_CA0370,zero_shot,,,0,no,no,zero_shot_not_applicable,0.0,0.0,0.0
CA0370,CA0370,SRC020,SFC_8C9D5E267A39,LIQ_1BD1B94C09,45.9,validation,no,,,PA_CA0370,probe_assisted,CA0369;CA0371,LIQ_0F4168490E;LIQ_6656B41AB7,2,yes,yes,,49.75000126288618,8.512585973446198,16.77486598471369
CA0371,CA0371,SRC020,SFC_8C9D5E267A39,LIQ_6656B41AB7,11.7,validation,no,,,ZS_CA0371,zero_shot,,,0,no,no,zero_shot_not_applicable,0.0,0.0,0.0
CA0371,CA0371,SRC020,SFC_8C9D5E267A39,LIQ_6656B41AB7,11.7,validation,no,,,PA_CA0371,probe_assisted,CA0369;CA0370,LIQ_0F4168490E;LIQ_1BD1B94C09,2,yes,yes,,23.227222858479667,19.168240389468643,69.36741717771785
CA0372,CA0372,SRC020,SFC_9EBDC478F1D0,LIQ_0F4168490E,0.1,validation,no,,,ZS_CA0372,zero_shot,,,0,no,no,zero_shot_not_applicable,0.0,0.0,0.0
CA0372,CA0372,SRC020,SFC_9EBDC478F1D0,LIQ_0F4168490E,0.1,validation,no,,,PA_CA0372,probe_assisted,CA0373;CA0374,LIQ_1BD1B94C09;LIQ_6656B41AB7,2,yes,yes,,48.4499130663689,11.113217621597615,56.84688025577649
CA0373,CA0373,SRC020,SFC_9EBDC478F1D0,LIQ_1BD1B94C09,0.1,validation,no,,,ZS_CA0373,zero_shot,,,0,no,no,zero_shot_not_applicable,0.0,0.0,0.0
CA0373,CA0373,SRC020,SFC_9EBDC478F1D0,LIQ_1BD1B94C09,0.1,validation,no,,,PA_CA0373,probe_assisted,CA0372;CA0374,LIQ_0F4168490E;LIQ_6656B41AB7,2,yes,yes,,48.449913066368936,31.845832987438957,0.0
CA0374,CA0374,SRC020,SFC_9EBDC478F1D0,LIQ_6656B41AB7,17.6,validation,no,,,ZS_CA0374,zero_shot,,,0,no,no,zero_shot_not_applicable,0.0,0.0,0.0
CA0374,CA0374,SRC020,SFC_9EBDC478F1D0,LIQ_6656B41AB7,17.6,validation,no,,,PA_CA0374,probe_assisted,CA0372;CA0373,LIQ_0F4168490E;LIQ_1BD1B94C09,2,yes,yes,,15.963635219975632,57.48392509016165,83.04147594379248
CA0375,CA0375,SRC020,SFC_500FB1C18BA7,LIQ_0F4168490E,0.1,validation,no,,,ZS_CA0375,zero_shot,,,0,no,no,zero_shot_not_applicable,0.0,0.0,0.0
CA0375,CA0375,SRC020,SFC_500FB1C18BA7,LIQ_0F4168490E,0.1,validation,no,,,PA_CA0375,probe_assisted,CA0376;CA0377,LIQ_1BD1B94C09;LIQ_6656B41AB7,2,yes,yes,,46.80857518604923,12.278177751242609,55.594175135472206
CA0376,CA0376,SRC020,SFC_500FB1C18BA7,LIQ_1BD1B94C09,0.1,validation,no,,,ZS_CA0376,zero_shot,,,0,no,no,zero_shot_not_applicable,0.0,0.0,0.0
CA0376,CA0376,SRC020,SFC_500FB1C18BA7,LIQ_1BD1B94C09,0.1,validation,no,,,PA_CA0376,probe_assisted,CA0375;CA0377,LIQ_0F4168490E;LIQ_6656B41AB7,2,yes,yes,,46.808575186049254,32.729376978266636,0.0
CA0377,CA0377,SRC020,SFC_500FB1C18BA7,LIQ_6656B41AB7,23.1,validation,no,,,ZS_CA0377,zero_shot,,,0,no,no,zero_shot_not_applicable,0.0,0.0,0.0
CA0377,CA0377,SRC020,SFC_500FB1C18BA7,LIQ_6656B41AB7,23.1,validation,no,,,PA_CA0377,probe_assisted,CA0375;CA0376,LIQ_0F4168490E;LIQ_1BD1B94C09,2,yes,yes,,15.963635219975632,57.48392509016165,83.04147594379248
CA0378,CA0378,SRC020,SFC_463017990582,LIQ_0F4168490E,0.1,validation,no,,,ZS_CA0378,zero_shot,,,0,no,no,zero_shot_not_applicable,0.0,0.0,0.0
CA0378,CA0378,SRC020,SFC_463017990582,LIQ_0F4168490E,0.1,validation,no,,,PA_CA0378,probe_assisted,CA0379;CA0380,LIQ_1BD1B94C09;LIQ_6656B41AB7,2,yes,yes,,47.985199170073535,11.435154969400845,56.49622488765749
CA0379,CA0379,SRC020,SFC_463017990582,LIQ_1BD1B94C09,0.1,validation,no,,,ZS_CA0379,zero_shot,,,0,no,no,zero_shot_not_applicable,0.0,0.0,0.0
CA0379,CA0379,SRC020,SFC_463017990582,LIQ_1BD1B94C09,0.1,validation,no,,,PA_CA0379,probe_assisted,CA0378;CA0380,LIQ_0F4168490E;LIQ_6656B41AB7,2,yes,yes,,47.985199170073564,32.09323020182796,0.0
CA0380,CA0380,SRC020,SFC_463017990582,LIQ_6656B41AB7,19.3,validation,no,,,ZS_CA0380,zero_shot,,,0,no,no,zero_shot_not_applicable,0.0,0.0,0.0
CA0380,CA0380,SRC020,SFC_463017990582,LIQ_6656B41AB7,19.3,validation,no,,,PA_CA0380,probe_assisted,CA0378;CA0379,LIQ_0F4168490E;LIQ_1BD1B94C09,2,yes,yes,,15.963635219975632,57.48392509016165,83.04147594379248
CA0381,CA0381,SRC020,SFC_EA6FE64D72B2,LIQ_0F4168490E,0.1,validation,no,,,ZS_CA0381,zero_shot,,,0,no,no,zero_shot_not_applicable,0.0,0.0,0.0
CA0381,CA0381,SRC020,SFC_EA6FE64D72B2,LIQ_0F4168490E,0.1,validation,no,,,PA_CA0381,probe_assisted,CA0382;CA0383,LIQ_1BD1B94C09;LIQ_6656B41AB7,2,yes,yes,,47.00666818632129,12.133405863434078,55.747505049516484
CA0382,CA0382,SRC020,SFC_EA6FE64D72B2,LIQ_1BD1B94C09,0.1,validation,no,,,ZS_CA0382,zero_shot,,,0,no,no,zero_shot_not_applicable,0.0,0.0,0.0
CA0382,CA0382,SRC020,SFC_EA6FE64D72B2,LIQ_1BD1B94C09,0.1,validation,no,,,PA_CA0382,probe_assisted,CA0381;CA0383,LIQ_0F4168490E;LIQ_6656B41AB7,2,yes,yes,,47.00666818632128,32.62128320755594,0.0
CA0383,CA0383,SRC020,SFC_EA6FE64D72B2,LIQ_6656B41AB7,22.5,validation,no,,,ZS_CA0383,zero_shot,,,0,no,no,zero_shot_not_applicable,0.0,0.0,0.0
CA0383,CA0383,SRC020,SFC_EA6FE64D72B2,LIQ_6656B41AB7,22.5,validation,no,,,PA_CA0383,probe_assisted,CA0381;CA0382,LIQ_0F4168490E;LIQ_1BD1B94C09,2,yes,yes,,15.963635219975632,57.48392509016165,83.04147594379248
CA0384,CA0384,SRC004,SFC_1959CDFDAA85,LIQ_0F4168490E,106.0,train,no,,,ZS_CA0384,zero_shot,,,0,no,no,zero_shot_not_applicable,0.0,0.0,0.0
CA0384,CA0384,SRC004,SFC_1959CDFDAA85,LIQ_0F4168490E,106.0,train,no,,,PA_CA0384,probe_assisted,CA0385;CA0386,LIQ_53310FAFB3;LIQ_6656B41AB7,2,yes,yes,,26.848922341327285,0.0240282574828516,107.75468458085511
CA0385,CA0385,SRC004,SFC_1959CDFDAA85,LIQ_53310FAFB3,79.0,train,no,,,ZS_CA0385,zero_shot,,,0,no,no,zero_shot_not_applicable,0.0,0.0,0.0
CA0385,CA0385,SRC004,SFC_1959CDFDAA85,LIQ_53310FAFB3,79.0,train,no,,,PA_CA0385,probe_assisted,CA0384;CA0386,LIQ_0F4168490E;LIQ_6656B41AB7,2,yes,yes,,26.84892234132732,0.09264578596796752,77.41209732591317
CA0386,CA0386,SRC004,SFC_1959CDFDAA85,LIQ_6656B41AB7,63.0,train,no,,,ZS_CA0386,zero_shot,,,0,no,no,zero_shot_not_applicable,0.0,0.0,0.0
CA0386,CA0386,SRC004,SFC_1959CDFDAA85,LIQ_6656B41AB7,63.0,train,no,,,PA_CA0386,probe_assisted,CA0384;CA0385,LIQ_0F4168490E;LIQ_53310FAFB3,2,yes,yes,,24.25358519479579,0.22304268651388648,67.54670406100286
CA0387,CA0387,SRC004,SFC_309E17907FBA,LIQ_0F4168490E,104.0,train,no,,,ZS_CA0387,zero_shot,,,0,no,no,zero_shot_not_applicable,0.0,0.0,0.0
CA0387,CA0387,SRC004,SFC_309E17907FBA,LIQ_0F4168490E,104.0,train,no,,,PA_CA0387,probe_assisted,CA0388;CA0389,LIQ_53310FAFB3;LIQ_6656B41AB7,2,yes,yes,,26.275176760124634,0.1695496175919503,105.17148013926531
CA0388,CA0388,SRC004,SFC_309E17907FBA,LIQ_53310FAFB3,77.0,train,no,,,ZS_CA0388,zero_shot,,,0,no,no,zero_shot_not_applicable,0.0,0.0,0.0
CA0388,CA0388,SRC004,SFC_309E17907FBA,LIQ_53310FAFB3,77.0,train,no,,,PA_CA0388,probe_assisted,CA0387;CA0389,LIQ_0F4168490E;LIQ_6656B41AB7,2,yes,yes,,26.275176760124673,0.26277746000360946,75.9204827490533
CA0389,CA0389,SRC004,SFC_309E17907FBA,LIQ_6656B41AB7,64.0,train,no,,,ZS_CA0389,zero_shot,,,0,no,no,zero_shot_not_applicable,0.0,0.0,0.0
CA0389,CA0389,SRC004,SFC_309E17907FBA,LIQ_6656B41AB7,64.0,train,no,,,PA_CA0389,probe_assisted,CA0387;CA0388,LIQ_0F4168490E;LIQ_53310FAFB3,2,yes,yes,,24.52762043291593,0.3918552794664434,67.0632125006819
CA0390,CA0390,SRC004,SFC_3658FB055001,LIQ_0F4168490E,105.0,train,no,,,ZS_CA0390,zero_shot,,,0,no,no,zero_shot_not_applicable,0.0,0.0,0.0
CA0390,CA0390,SRC004,SFC_3658FB055001,LIQ_0F4168490E,105.0,train,no,,,PA_CA0390,probe_assisted,CA0391;CA0392,LIQ_53310FAFB3;LIQ_6656B41AB7,2,yes,yes,,26.275176760124626,0.05007687037211424,107.37294891397987
CA0391,CA0391,SRC004,SFC_3658FB055001,LIQ_53310FAFB3,79.0,train,no,,,ZS_CA0391,zero_shot,,,0,no,no,zero_shot_not_applicable,0.0,0.0,0.0
CA0391,CA0391,SRC004,SFC_3658FB055001,LIQ_53310FAFB3,79.0,train,no,,,PA_CA0391,probe_assisted,CA0390;CA0392,LIQ_0F4168490E;LIQ_6656B41AB7,2,yes,yes,,26.275176760124673,0.1818963979662199,76.84264557761604
CA0392,CA0392,SRC004,SFC_3658FB055001,LIQ_6656B41AB7,64.0,train,no,,,ZS_CA0392,zero_shot,,,0,no,no,zero_shot_not_applicable,0.0,0.0,0.0
CA0392,CA0392,SRC004,SFC_3658FB055001,LIQ_6656B41AB7,64.0,train,no,,,PA_CA0392,probe_assisted,CA0390;CA0391,LIQ_0F4168490E;LIQ_53310FAFB3,2,yes,yes,,22.823665259879974,0.42817977194185614,70.08814300359518
CA0393,CA0393,SRC004,SFC_AE86A39F2CBE,LIQ_0F4168490E,107.0,train,no,,,ZS_CA0393,zero_shot,,,0,no,no,zero_shot_not_applicable,0.0,0.0,0.0
CA0393,CA0393,SRC004,SFC_AE86A39F2CBE,LIQ_0F4168490E,107.0,train,no,,,PA_CA0393,probe_assisted,CA0394;CA0395,LIQ_53310FAFB3;LIQ_6656B41AB7,2,yes,yes,,26.84892234132729,0.19047724799613847,104.46143117948243
CA0394,CA0394,SRC004,SFC_AE86A39F2CBE,LIQ_53310FAFB3,76.0,train,no,,,ZS_CA0394,zero_shot,,,0,no,no,zero_shot_not_applicable,0.0,0.0,0.0
CA0394,CA0394,SRC004,SFC_AE86A39F2CBE,LIQ_53310FAFB3,76.0,train,no,,,PA_CA0394,probe_assisted,CA0393;CA0395,LIQ_0F4168490E;LIQ_6656B41AB7,2,yes,yes,,26.848922341327302,0.047997097998383094,78.31998167112626
CA0395,CA0395,SRC004,SFC_AE86A39F2CBE,LIQ_6656B41AB7,63.0,train,no,,,ZS_CA0395,zero_shot,,,0,no,no,zero_shot_not_applicable,0.0,0.0,0.0
CA0395,CA0395,SRC004,SFC_AE86A39F2CBE,LIQ_6656B41AB7,63.0,train,no,,,PA_CA0395,probe_assisted,CA0393;CA0394,LIQ_0F4168490E;LIQ_53310FAFB3,2,yes,yes,,30.54839702122639,0.0,56.5691234950531
CA0396,CA0396,SRC004,SFC_1A55A8F9BE53,LIQ_0F4168490E,111.0,train,no,,,ZS_CA0396,zero_shot,,,0,no,no,zero_shot_not_applicable,0.0,0.0,0.0
CA0396,CA0396,SRC004,SFC_1A55A8F9BE53,LIQ_0F4168490E,111.0,train,no,,,PA_CA0396,probe_assisted,CA0397;CA0398,LIQ_53310FAFB3;LIQ_6656B41AB7,2,yes,yes,,27.42370275772239,0.13562849118211323,104.8342663804965
CA0397,CA0397,SRC004,SFC_1A55A8F9BE53,LIQ_53310FAFB3,76.0,train,no,,,ZS_CA0397,zero_shot,,,0,no,no,zero_shot_not_applicable,0.0,0.0,0.0
CA0397,CA0397,SRC004,SFC_1A55A8F9BE53,LIQ_53310FAFB3,76.0,train,no,,,PA_CA0397,probe_assisted,CA0396;CA0398,LIQ_0F4168490E;LIQ_6656B41AB7,2,yes,yes,,26.69090472144033,0.0,80.83782657525688
CA0398,CA0398,SRC004,SFC_1A55A8F9BE53,LIQ_6656B41AB7,62.0,train,no,,,ZS_CA0398,zero_shot,,,0,no,no,zero_shot_not_applicable,0.0,0.0,0.0
CA0398,CA0398,SRC004,SFC_1A55A8F9BE53,LIQ_6656B41AB7,62.0,train,no,,,PA_CA0398,probe_assisted,CA0396;CA0397,LIQ_0F4168490E;LIQ_53310FAFB3,2,yes,yes,,28.156474910912728,0.0,60.7267947371089
CA0399,CA0399,SRC004,SFC_E53F0A6F08A0,LIQ_0F4168490E,112.0,train,no,,,ZS_CA0399,zero_shot,,,0,no,no,zero_shot_not_applicable,0.0,0.0,0.0
CA0399,CA0399,SRC004,SFC_E53F0A6F08A0,LIQ_0F4168490E,112.0,train,no,,,PA_CA0399,probe_assisted,CA0400;CA0401,LIQ_53310FAFB3;LIQ_6656B41AB7,2,yes,yes,,25.44561775832296,0.0,110.66826545391916
CA0400,CA0400,SRC004,SFC_E53F0A6F08A0,LIQ_53310FAFB3,83.0,train,no,,,ZS_CA0400,zero_shot,,,0,no,no,zero_shot_not_applicable,0.0,0.0,0.0
CA0400,CA0400,SRC004,SFC_E53F0A6F08A0,LIQ_53310FAFB3,83.0,train,no,,,PA_CA0400,probe_assisted,CA0399;CA0401,LIQ_0F4168490E;LIQ_6656B41AB7,2,yes,yes,,25.114893687702853,0.0,82.8490193123576
CA0401,CA0401,SRC004,SFC_E53F0A6F08A0,LIQ_6656B41AB7,65.0,train,no,,,ZS_CA0401,zero_shot,,,0,no,no,zero_shot_not_applicable,0.0,0.0,0.0
CA0401,CA0401,SRC004,SFC_E53F0A6F08A0,LIQ_6656B41AB7,65.0,train,no,,,PA_CA0401,probe_assisted,CA0399;CA0400,LIQ_0F4168490E;LIQ_53310FAFB3,2,yes,yes,,24.467922937240697,0.0,67.16845375474932
CA0402,CA0402,SRC004,SFC_2A9E0C34389A,LIQ_0F4168490E,111.0,train,no,,,ZS_CA0402,zero_shot,,,0,no,no,zero_shot_not_applicable,0.0,0.0,0.0
CA0402,CA0402,SRC004,SFC_2A9E0C34389A,LIQ_0F4168490E,111.0,train,no,,,PA_CA0402,probe_assisted,CA0403;CA0404,LIQ_53310FAFB3;LIQ_6656B41AB7,2,yes,yes,,25.702802526704232,7.794347843765624e-05,110.36276644716355
CA0403,CA0403,SRC004,SFC_2A9E0C34389A,LIQ_53310FAFB3,82.0,train,no,,,ZS_CA0403,zero_shot,,,0,no,no,zero_shot_not_applicable,0.0,0.0,0.0
CA0403,CA0403,SRC004,SFC_2A9E0C34389A,LIQ_53310FAFB3,82.0,train,no,,,PA_CA0403,probe_assisted,CA0402;CA0404,LIQ_0F4168490E;LIQ_6656B41AB7,2,yes,yes,,25.497350554296855,0.0,82.35620394626007
CA0404,CA0404,SRC004,SFC_2A9E0C34389A,LIQ_6656B41AB7,65.0,train,no,,,ZS_CA0404,zero_shot,,,0,no,no,zero_shot_not_applicable,0.0,0.0,0.0
CA0404,CA0404,SRC004,SFC_2A9E0C34389A,LIQ_6656B41AB7,65.0,train,no,,,PA_CA0404,probe_assisted,CA0402;CA0403,LIQ_0F4168490E;LIQ_53310FAFB3,2,yes,yes,,25.450580837664877,0.0,65.44157171524253
CA0405,CA0405,SRC004,SFC_4CE305FCECB9,LIQ_0F4168490E,108.0,train,no,,,ZS_CA0405,zero_shot,,,0,no,no,zero_shot_not_applicable,0.0,0.0,0.0
CA0405,CA0405,SRC004,SFC_4CE305FCECB9,LIQ_0F4168490E,108.0,train,no,,,PA_CA0405,probe_assisted,CA0406;CA0407,LIQ_53310FAFB3;LIQ_6656B41AB7,2,yes,yes,,24.44254021459272,0.0,111.4591801590436
CA0406,CA0406,SRC004,SFC_4CE305FCECB9,LIQ_53310FAFB3,84.0,train,no,,,ZS_CA0406,zero_shot,,,0,no,no,zero_shot_not_applicable,0.0,0.0,0.0
CA0406,CA0406,SRC004,SFC_4CE305FCECB9,LIQ_53310FAFB3,84.0,train,no,,,PA_CA0406,probe_assisted,CA0405;CA0407,LIQ_0F4168490E;LIQ_6656B41AB7,2,yes,yes,,24.563490011212938,0.07931639704170171,80.60604476558659
CA0407,CA0407,SRC004,SFC_4CE305FCECB9,LIQ_6656B41AB7,67.0,train,no,,,ZS_CA0407,zero_shot,,,0,no,no,zero_shot_not_applicable,0.0,0.0,0.0
CA0407,CA0407,SRC004,SFC_4CE305FCECB9,LIQ_6656B41AB7,67.0,train,no,,,PA_CA0407,probe_assisted,CA0405;CA0406,LIQ_0F4168490E;LIQ_53310FAFB3,2,yes,yes,,19.36485283871731,0.4158766367714513,76.41872173177316
CA0408,CA0408,SRC004,SFC_B4F56FFE60FB,LIQ_0F4168490E,109.0,train,no,,,ZS_CA0408,zero_shot,,,0,no,no,zero_shot_not_applicable,0.0,0.0,0.0
CA0408,CA0408,SRC004,SFC_B4F56FFE60FB,LIQ_0F4168490E,109.0,train,no,,,PA_CA0408,probe_assisted,CA0409;CA0410,LIQ_53310FAFB3;LIQ_6656B41AB7,2,yes,yes,,26.092966309498802,0.0,110.16823370821182
CA0409,CA0409,SRC004,SFC_B4F56FFE60FB,LIQ_53310FAFB3,82.0,train,no,,,ZS_CA0409,zero_shot,,,0,no,no,zero_shot_not_applicable,0.0,0.0,0.0
CA0409,CA0409,SRC004,SFC_B4F56FFE60FB,LIQ_53310FAFB3,82.0,train,no,,,PA_CA0409,probe_assisted,CA0408;CA0410,LIQ_0F4168490E;LIQ_6656B41AB7,2,yes,yes,,26.275176760124662,0.00744279363098144,80.45426298951898
CA0410,CA0410,SRC004,SFC_B4F56FFE60FB,LIQ_6656B41AB7,64.0,train,no,,,ZS_CA0410,zero_shot,,,0,no,no,zero_shot_not_applicable,0.0,0.0,0.0
CA0410,CA0410,SRC004,SFC_B4F56FFE60FB,LIQ_6656B41AB7,64.0,train,no,,,PA_CA0410,probe_assisted,CA0408;CA0409,LIQ_0F4168490E;LIQ_53310FAFB3,2,yes,yes,,23.751444619786636,0.06314223830076879,68.43541298272866
CA0411,CA0411,SRC004,SFC_572551235161,LIQ_0F4168490E,107.0,train,no,,,ZS_CA0411,zero_shot,,,0,no,no,zero_shot_not_applicable,0.0,0.0,0.0
CA0411,CA0411,SRC004,SFC_572551235161,LIQ_0F4168490E,107.0,train,no,,,PA_CA0411,probe_assisted,CA0412;CA0413,LIQ_53310FAFB3;LIQ_6656B41AB7,2,yes,yes,,26.456229305148835,0.0,109.89104747132326
CA0412,CA0412,SRC004,SFC_572551235161,LIQ_53310FAFB3,82.0,train,no,,,ZS_CA0412,zero_shot,,,0,no,no,zero_shot_not_applicable,0.0,0.0,0.0
CA0412,CA0412,SRC004,SFC_572551235161,LIQ_53310FAFB3,82.0,train,no,,,PA_CA0412,probe_assisted,CA0411;CA0413,LIQ_0F4168490E;LIQ_6656B41AB7,2,yes,yes,,26.848922341327302,0.047997097998383094,78.31998167112626
CA0413,CA0413,SRC004,SFC_572551235161,LIQ_6656B41AB7,63.0,train,no,,,ZS_CA0413,zero_shot,,,0,no,no,zero_shot_not_applicable,0.0,0.0,0.0
CA0413,CA0413,SRC004,SFC_572551235161,LIQ_6656B41AB7,63.0,train,no,,,PA_CA0413,probe_assisted,CA0411;CA0412,LIQ_0F4168490E;LIQ_53310FAFB3,2,yes,yes,,21.00059682116532,0.37292613574958583,73.38614948396517
CA0414,CA0414,SRC004,SFC_7E0BA3D04E9B,LIQ_0F4168490E,112.0,train,no,,,ZS_CA0414,zero_shot,,,0,no,no,zero_shot_not_applicable,0.0,0.0,0.0
CA0414,CA0414,SRC004,SFC_7E0BA3D04E9B,LIQ_0F4168490E,112.0,train,no,,,PA_CA0414,probe_assisted,CA0415;CA0416,LIQ_53310FAFB3;LIQ_6656B41AB7,2,yes,yes,,23.6138543072114,0.0,112.12825260490948
CA0415,CA0415,SRC004,SFC_7E0BA3D04E9B,LIQ_53310FAFB3,87.0,train,no,,,ZS_CA0415,zero_shot,,,0,no,no,zero_shot_not_applicable,0.0,0.0,0.0
CA0415,CA0415,SRC004,SFC_7E0BA3D04E9B,LIQ_53310FAFB3,87.0,train,no,,,PA_CA0415,probe_assisted,CA0414;CA0416,LIQ_0F4168490E;LIQ_6656B41AB7,2,yes,yes,,24.324249633055807,0.0,83.87817344679283
CA0416,CA0416,SRC004,SFC_7E0BA3D04E9B,LIQ_6656B41AB7,67.0,train,no,,,ZS_CA0416,zero_shot,,,0,no,no,zero_shot_not_applicable,0.0,0.0,0.0
CA0416,CA0416,SRC004,SFC_7E0BA3D04E9B,LIQ_6656B41AB7,67.0,train,no,,,PA_CA0416,probe_assisted,CA0414;CA0415,LIQ_0F4168490E;LIQ_53310FAFB3,2,yes,yes,,20.081645222964127,0.06646590000274272,75.07998022111178
CA0417,CA0417,SRC004,SFC_AE01D8CAA284,LIQ_0F4168490E,115.0,train,no,,,ZS_CA0417,zero_shot,,,0,no,no,zero_shot_not_applicable,0.0,0.0,0.0
CA0417,CA0417,SRC004,SFC_AE01D8CAA284,LIQ_0F4168490E,115.0,train,no,,,PA_CA0417,probe_assisted,CA0418;CA0419,LIQ_53310FAFB3;LIQ_6656B41AB7,2,yes,yes,,23.340191788087303,0.0,112.35248075463433
CA0418,CA0418,SRC004,SFC_AE01D8CAA284,LIQ_53310FAFB3,88.0,train,no,,,ZS_CA0418,zero_shot,,,0,no,no,zero_shot_not_applicable,0.0,0.0,0.0
CA0418,CA0418,SRC004,SFC_AE01D8CAA284,LIQ_53310FAFB3,88.0,train,no,,,PA_CA0418,probe_assisted,CA0417;CA0419,LIQ_0F4168490E;LIQ_6656B41AB7,2,yes,yes,,23.228244443254038,0.0,85.32958552898815
CA0419,CA0419,SRC004,SFC_AE01D8CAA284,LIQ_6656B41AB7,67.0,train,no,,,ZS_CA0419,zero_shot,,,0,no,no,zero_shot_not_applicable,0.0,0.0,0.0
CA0419,CA0419,SRC004,SFC_AE01D8CAA284,LIQ_6656B41AB7,67.0,train,no,,,PA_CA0419,probe_assisted,CA0417;CA0418,LIQ_0F4168490E;LIQ_53310FAFB3,2,yes,yes,,20.83571021139745,0.0,73.6883500953487
CA0420,CA0420,SRC004,SFC_2E8A7F435ADF,LIQ_0F4168490E,98.0,train,no,,,ZS_CA0420,zero_shot,,,0,no,no,zero_shot_not_applicable,0.0,0.0,0.0
CA0420,CA0420,SRC004,SFC_2E8A7F435ADF,LIQ_0F4168490E,98.0,train,no,,,PA_CA0420,probe_assisted,CA0421;CA0422,LIQ_53310FAFB3;LIQ_6656B41AB7,2,yes,yes,,36.87884449995885,0.0,102.77008673218405
CA0421,CA0421,SRC004,SFC_2E8A7F435ADF,LIQ_53310FAFB3,69.0,train,no,,,ZS_CA0421,zero_shot,,,0,no,no,zero_shot_not_applicable,0.0,0.0,0.0
CA0421,CA0421,SRC004,SFC_2E8A7F435ADF,LIQ_53310FAFB3,69.0,train,no,,,PA_CA0421,probe_assisted,CA0420;CA0422,LIQ_0F4168490E;LIQ_6656B41AB7,2,yes,yes,,37.010512242138326,0.16825791993181344,63.92450940238334
CA0422,CA0422,SRC004,SFC_2E8A7F435ADF,LIQ_6656B41AB7,45.0,train,no,,,ZS_CA0422,zero_shot,,,0,no,no,zero_shot_not_applicable,0.0,0.0,0.0
CA0422,CA0422,SRC004,SFC_2E8A7F435ADF,LIQ_6656B41AB7,45.0,train,no,,,PA_CA0422,probe_assisted,CA0420;CA0421,LIQ_0F4168490E;LIQ_53310FAFB3,2,yes,yes,,28.25019722985694,0.8329460148679269,60.56402812243011
CA0423,CA0423,SRC004,SFC_9E9E03484254,LIQ_0F4168490E,109.0,train,no,,,ZS_CA0423,zero_shot,,,0,no,no,zero_shot_not_applicable,0.0,0.0,0.0
CA0423,CA0423,SRC004,SFC_9E9E03484254,LIQ_0F4168490E,109.0,train,no,,,PA_CA0423,probe_assisted,CA0424;CA0425,LIQ_53310FAFB3;LIQ_6656B41AB7,2,yes,yes,,26.84892234132729,0.003663085521461816,108.87350432253713
CA0424,CA0424,SRC004,SFC_9E9E03484254,LIQ_53310FAFB3,80.0,train,no,,,ZS_CA0424,zero_shot,,,0,no,no,zero_shot_not_applicable,0.0,0.0,0.0
CA0424,CA0424,SRC004,SFC_9E9E03484254,LIQ_53310FAFB3,80.0,train,no,,,PA_CA0424,probe_assisted,CA0423;CA0425,LIQ_0F4168490E;LIQ_6656B41AB7,2,yes,yes,,26.848922341327313,0.002487959352534496,80.11245168662477
CA0425,CA0425,SRC004,SFC_9E9E03484254,LIQ_6656B41AB7,63.0,train,no,,,ZS_CA0425,zero_shot,,,0,no,no,zero_shot_not_applicable,0.0,0.0,0.0
CA0425,CA0425,SRC004,SFC_9E9E03484254,LIQ_6656B41AB7,63.0,train,no,,,PA_CA0425,probe_assisted,CA0423;CA0424,LIQ_0F4168490E;LIQ_53310FAFB3,2,yes,yes,,27.038901675973303,0.0014375530728854907,62.66930465497574
CA0426,CA0426,SRC004,SFC_977322D0A384,LIQ_0F4168490E,110.0,train,no,,,ZS_CA0426,zero_shot,,,0,no,no,zero_shot_not_applicable,0.0,0.0,0.0
CA0426,CA0426,SRC004,SFC_977322D0A384,LIQ_0F4168490E,110.0,train,no,,,PA_CA0426,probe_assisted,CA0427;CA0428,LIQ_53310FAFB3;LIQ_6656B41AB7,2,yes,yes,,25.70280252670422,0.010788819968887222,109.22729857133281
CA0427,CA0427,SRC004,SFC_977322D0A384,LIQ_53310FAFB3,81.0,train,no,,,ZS_CA0427,zero_shot,,,0,no,no,zero_shot_not_applicable,0.0,0.0,0.0
CA0427,CA0427,SRC004,SFC_977322D0A384,LIQ_53310FAFB3,81.0,train,no,,,PA_CA0427,probe_assisted,CA0426;CA0428,LIQ_0F4168490E;LIQ_6656B41AB7,2,yes,yes,,25.702802526704268,0.001530282052674638,81.68157270816064
CA0428,CA0428,SRC004,SFC_977322D0A384,LIQ_6656B41AB7,65.0,train,no,,,ZS_CA0428,zero_shot,,,0,no,no,zero_shot_not_applicable,0.0,0.0,0.0
CA0428,CA0428,SRC004,SFC_977322D0A384,LIQ_6656B41AB7,65.0,train,no,,,PA_CA0428,probe_assisted,CA0426;CA0427,LIQ_0F4168490E;LIQ_53310FAFB3,2,yes,yes,,26.455231752151168,0.0,63.685946307813175
CA0429,CA0429,SRC016,SFC_D23857573968,LIQ_0F4168490E,95.1,train,no,,,ZS_CA0429,zero_shot,,,0,no,no,zero_shot_not_applicable,0.0,0.0,0.0
CA0429,CA0429,SRC016,SFC_D23857573968,LIQ_0F4168490E,95.1,train,no,,,PA_CA0429,probe_assisted,CA0430;CA0431,LIQ_53310FAFB3;LIQ_6656B41AB7,2,yes,yes,,43.63276208761603,1.016063307408918,87.41767703228734
CA0430,CA0430,SRC016,SFC_D23857573968,LIQ_6656B41AB7,31.4,train,no,,,ZS_CA0430,zero_shot,,,0,no,no,zero_shot_not_applicable,0.0,0.0,0.0
CA0430,CA0430,SRC016,SFC_D23857573968,LIQ_6656B41AB7,31.4,train,no,,,PA_CA0430,probe_assisted,CA0429;CA0431,LIQ_0F4168490E;LIQ_53310FAFB3,2,yes,yes,,53.06789482436998,0.0,0.0
CA0431,CA0431,SRC016,SFC_D23857573968,LIQ_53310FAFB3,48.3,train,no,,,ZS_CA0431,zero_shot,,,0,no,no,zero_shot_not_applicable,0.0,0.0,0.0
CA0431,CA0431,SRC016,SFC_D23857573968,LIQ_53310FAFB3,48.3,train,no,,,PA_CA0431,probe_assisted,CA0429;CA0430,LIQ_0F4168490E;LIQ_6656B41AB7,2,yes,yes,,43.632762087616065,0.10579315228727743,57.232564259609795
CA0432,CA0432,SRC016,SFC_CDEB89D989AC,LIQ_0F4168490E,88.7,train,no,,,ZS_CA0432,zero_shot,,,0,no,no,zero_shot_not_applicable,0.0,0.0,0.0
CA0432,CA0432,SRC016,SFC_CDEB89D989AC,LIQ_0F4168490E,88.7,train,no,,,PA_CA0432,probe_assisted,CA0433;CA0434,LIQ_53310FAFB3;LIQ_6656B41AB7,2,yes,yes,,38.74446073567864,1.1073315190910056,89.7207321011447
CA0433,CA0433,SRC016,SFC_CDEB89D989AC,LIQ_6656B41AB7,41.7,train,no,,,ZS_CA0433,zero_shot,,,0,no,no,zero_shot_not_applicable,0.0,0.0,0.0
CA0433,CA0433,SRC016,SFC_CDEB89D989AC,LIQ_6656B41AB7,41.7,train,no,,,PA_CA0433,probe_assisted,CA0432;CA0434,LIQ_0F4168490E;LIQ_53310FAFB3,2,yes,yes,,36.8255455709603,1.5503980578715633,45.345046182099395
CA0434,CA0434,SRC016,SFC_CDEB89D989AC,LIQ_53310FAFB3,54.0,train,no,,,ZS_CA0434,zero_shot,,,0,no,no,zero_shot_not_applicable,0.0,0.0,0.0
CA0434,CA0434,SRC016,SFC_CDEB89D989AC,LIQ_53310FAFB3,54.0,train,no,,,PA_CA0434,probe_assisted,CA0432;CA0433,LIQ_0F4168490E;LIQ_6656B41AB7,2,yes,yes,,38.74446073567868,1.3066604170390543,52.82328325415988
CA0435,CA0435,SRC016,SFC_6A9ED69E4397,LIQ_0F4168490E,68.3,train,no,,,ZS_CA0435,zero_shot,,,0,no,no,zero_shot_not_applicable,0.0,0.0,0.0
CA0435,CA0435,SRC016,SFC_6A9ED69E4397,LIQ_0F4168490E,68.3,train,no,,,PA_CA0435,probe_assisted,CA0436;CA0437,LIQ_53310FAFB3;LIQ_6656B41AB7,2,yes,yes,,40.65043765513153,1.3306008495400932,87.47041167544303
CA0436,CA0436,SRC016,SFC_6A9ED69E4397,LIQ_6656B41AB7,37.9,train,no,,,ZS_CA0436,zero_shot,,,0,no,no,zero_shot_not_applicable,0.0,0.0,0.0
CA0436,CA0436,SRC016,SFC_6A9ED69E4397,LIQ_6656B41AB7,37.9,train,no,,,PA_CA0436,probe_assisted,CA0435;CA0437,LIQ_0F4168490E;LIQ_53310FAFB3,2,yes,yes,,12.407276099802415,21.890163704238606,90.66417307219301
CA0437,CA0437,SRC016,SFC_6A9ED69E4397,LIQ_53310FAFB3,50.2,train,no,,,ZS_CA0437,zero_shot,,,0,no,no,zero_shot_not_applicable,0.0,0.0,0.0
CA0437,CA0437,SRC016,SFC_6A9ED69E4397,LIQ_53310FAFB3,50.2,train,no,,,PA_CA0437,probe_assisted,CA0435;CA0436,LIQ_0F4168490E;LIQ_6656B41AB7,2,yes,yes,,40.650437655131554,7.913895413114781,19.68882629151261
CA0438,CA0438,SRC016,SFC_5A7AACDD77C7,LIQ_0F4168490E,98.1,train,no,,,ZS_CA0438,zero_shot,,,0,no,no,zero_shot_not_applicable,0.0,0.0,0.0
CA0438,CA0438,SRC016,SFC_5A7AACDD77C7,LIQ_0F4168490E,98.1,train,no,,,PA_CA0438,probe_assisted,CA0439;CA0440,LIQ_53310FAFB3;LIQ_6656B41AB7,2,yes,yes,,40.06012866868562,0.20803200945149258,95.66153865401051
CA0439,CA0439,SRC016,SFC_5A7AACDD77C7,LIQ_6656B41AB7,39.1,train,no,,,ZS_CA0439,zero_shot,,,0,no,no,zero_shot_not_applicable,0.0,0.0,0.0
CA0439,CA0439,SRC016,SFC_5A7AACDD77C7,LIQ_6656B41AB7,39.1,train,no,,,PA_CA0439,probe_assisted,CA0438;CA0440,LIQ_0F4168490E;LIQ_53310FAFB3,2,yes,yes,,44.86439678331575,0.0,28.41438791609217
CA0440,CA0440,SRC016,SFC_5A7AACDD77C7,LIQ_53310FAFB3,59.8,train,no,,,ZS_CA0440,zero_shot,,,0,no,no,zero_shot_not_applicable,0.0,0.0,0.0
CA0440,CA0440,SRC016,SFC_5A7AACDD77C7,LIQ_53310FAFB3,59.8,train,no,,,PA_CA0440,probe_assisted,CA0438;CA0439,LIQ_0F4168490E;LIQ_6656B41AB7,2,yes,yes,,40.06012866868568,0.05796486073201269,62.36039023569584
CA0441,CA0441,SRC016,SFC_66D5DCF7DD85,LIQ_0F4168490E,105.5,train,no,,,ZS_CA0441,zero_shot,,,0,no,no,zero_shot_not_applicable,0.0,0.0,0.0
CA0441,CA0441,SRC016,SFC_66D5DCF7DD85,LIQ_0F4168490E,105.5,train,no,,,PA_CA0441,probe_assisted,CA0442;CA0443,LIQ_53310FAFB3;LIQ_6656B41AB7,2,yes,yes,,23.48980973982844,1.6010436680124223,97.47379173535056
CA0442,CA0442,SRC016,SFC_66D5DCF7DD85,LIQ_6656B41AB7,68.9,train,no,,,ZS_CA0442,zero_shot,,,0,no,no,zero_shot_not_applicable,0.0,0.0,0.0
CA0442,CA0442,SRC016,SFC_66D5DCF7DD85,LIQ_6656B41AB7,68.9,train,no,,,PA_CA0442,probe_assisted,CA0441;CA0443,LIQ_0F4168490E;LIQ_53310FAFB3,2,yes,yes,,33.6740159024285,0.0,51.07210404227655
CA0443,CA0443,SRC016,SFC_66D5DCF7DD85,LIQ_53310FAFB3,71.5,train,no,,,ZS_CA0443,zero_shot,,,0,no,no,zero_shot_not_applicable,0.0,0.0,0.0
CA0443,CA0443,SRC016,SFC_66D5DCF7DD85,LIQ_53310FAFB3,71.5,train,no,,,PA_CA0443,probe_assisted,CA0441;CA0442,LIQ_0F4168490E;LIQ_6656B41AB7,2,yes,yes,,23.489809739828477,0.32056802513049515,79.02813331817022
CA0444,CA0444,SRC016,SFC_FC48A7AD25F0,LIQ_0F4168490E,91.7,train,no,,,ZS_CA0444,zero_shot,,,0,no,no,zero_shot_not_applicable,0.0,0.0,0.0
CA0444,CA0444,SRC016,SFC_FC48A7AD25F0,LIQ_0F4168490E,91.7,train,no,,,PA_CA0444,probe_assisted,CA0445;CA0446,LIQ_53310FAFB3;LIQ_6656B41AB7,2,yes,yes,,41.981988616153174,0.10802066228470955,95.99308735682226
CA0445,CA0445,SRC016,SFC_FC48A7AD25F0,LIQ_6656B41AB7,35.1,train,no,,,ZS_CA0445,zero_shot,,,0,no,no,zero_shot_not_applicable,0.0,0.0,0.0
CA0445,CA0445,SRC016,SFC_FC48A7AD25F0,LIQ_6656B41AB7,35.1,train,no,,,PA_CA0445,probe_assisted,CA0444;CA0446,LIQ_0F4168490E;LIQ_53310FAFB3,2,yes,yes,,33.92335087563402,1.2946997507250801,50.627526383453045
CA0446,CA0446,SRC016,SFC_FC48A7AD25F0,LIQ_53310FAFB3,59.1,train,no,,,ZS_CA0446,zero_shot,,,0,no,no,zero_shot_not_applicable,0.0,0.0,0.0
CA0446,CA0446,SRC016,SFC_FC48A7AD25F0,LIQ_53310FAFB3,59.1,train,no,,,PA_CA0446,probe_assisted,CA0444;CA0445,LIQ_0F4168490E;LIQ_6656B41AB7,2,yes,yes,,41.981988616153224,0.5035713005866594,54.35707400127336
CA0447,CA0447,SRC017,SFC_AFFB3785B9F0,LIQ_0F4168490E,166.0,internal_test,no,,,ZS_CA0447,zero_shot,,,0,no,no,zero_shot_not_applicable,0.0,0.0,0.0
CA0447,CA0447,SRC017,SFC_AFFB3785B9F0,LIQ_0F4168490E,166.0,internal_test,no,,,PA_CA0447,probe_assisted,CA0448;CA0449;CA0450;CA0451;CA0452;CA0453;CA0454,LIQ_4BDC3033E4;LIQ_53310FAFB3;LIQ_63C19A56DE;LIQ_6656B41AB7;LIQ_B6950B5CB8;LIQ_E0B206B2DD;LIQ_FCA4FC7284,7,yes,yes,,0.048480861144657536,0.004705890283931999,163.3951074611017
CA0448,CA0448,SRC017,SFC_AFFB3785B9F0,LIQ_6656B41AB7,162.0,internal_test,no,,,ZS_CA0448,zero_shot,,,0,no,no,zero_shot_not_applicable,0.0,0.0,0.0
CA0448,CA0448,SRC017,SFC_AFFB3785B9F0,LIQ_6656B41AB7,162.0,internal_test,no,,,PA_CA0448,probe_assisted,CA0447;CA0449;CA0450;CA0451;CA0452;CA0453;CA0454,LIQ_0F4168490E;LIQ_4BDC3033E4;LIQ_53310FAFB3;LIQ_63C19A56DE;LIQ_B6950B5CB8;LIQ_E0B206B2DD;LIQ_FCA4FC7284,7,yes,yes,,0.059692644846296224,1.3278340003282633e-05,158.66071353569464
CA0449,CA0449,SRC017,SFC_AFFB3785B9F0,LIQ_53310FAFB3,160.0,internal_test,no,,,ZS_CA0449,zero_shot,,,0,no,no,zero_shot_not_applicable,0.0,0.0,0.0
CA0449,CA0449,SRC017,SFC_AFFB3785B9F0,LIQ_53310FAFB3,160.0,internal_test,no,,,PA_CA0449,probe_assisted,CA0447;CA0448;CA0450;CA0451;CA0452;CA0453;CA0454,LIQ_0F4168490E;LIQ_4BDC3033E4;LIQ_63C19A56DE;LIQ_6656B41AB7;LIQ_B6950B5CB8;LIQ_E0B206B2DD;LIQ_FCA4FC7284,7,yes,yes,,0.04967344233033156,0.00011952220016040884,161.4425844578061
CA0450,CA0450,SRC017,SFC_AFFB3785B9F0,LIQ_4BDC3033E4,156.0,internal_test,no,,,ZS_CA0450,zero_shot,,,0,no,no,zero_shot_not_applicable,0.0,0.0,0.0
CA0450,CA0450,SRC017,SFC_AFFB3785B9F0,LIQ_4BDC3033E4,156.0,internal_test,no,,,PA_CA0450,probe_assisted,CA0447;CA0448;CA0449;CA0451;CA0452;CA0453;CA0454,LIQ_0F4168490E;LIQ_53310FAFB3;LIQ_63C19A56DE;LIQ_6656B41AB7;LIQ_B6950B5CB8;LIQ_E0B206B2DD;LIQ_FCA4FC7284,7,yes,yes,,0.04851427103080057,0.0004690552833843578,157.5626017518868
CA0451,CA0451,SRC017,SFC_AFFB3785B9F0,LIQ_63C19A56DE,157.0,internal_test,no,,,ZS_CA0451,zero_shot,,,0,no,no,zero_shot_not_applicable,0.0,0.0,0.0
CA0451,CA0451,SRC017,SFC_AFFB3785B9F0,LIQ_63C19A56DE,157.0,internal_test,no,,,PA_CA0451,probe_assisted,CA0447;CA0448;CA0449;CA0450;CA0452;CA0453;CA0454,LIQ_0F4168490E;LIQ_4BDC3033E4;LIQ_53310FAFB3;LIQ_6656B41AB7;LIQ_B6950B5CB8;LIQ_E0B206B2DD;LIQ_FCA4FC7284,7,yes,yes,,0.051476779142318595,0.00037490433005784045,156.18466060243955
CA0452,CA0452,SRC017,SFC_AFFB3785B9F0,LIQ_B6950B5CB8,156.0,internal_test,no,,,ZS_CA0452,zero_shot,,,0,no,no,zero_shot_not_applicable,0.0,0.0,0.0
CA0452,CA0452,SRC017,SFC_AFFB3785B9F0,LIQ_B6950B5CB8,156.0,internal_test,no,,,PA_CA0452,probe_assisted,CA0447;CA0448;CA0449;CA0450;CA0451;CA0453;CA0454,LIQ_0F4168490E;LIQ_4BDC3033E4;LIQ_53310FAFB3;LIQ_63C19A56DE;LIQ_6656B41AB7;LIQ_E0B206B2DD;LIQ_FCA4FC7284,7,yes,yes,,0.05022061212841862,0.00047844952892300136,156.13932114464583
CA0453,CA0453,SRC017,SFC_AFFB3785B9F0,LIQ_E0B206B2DD,154.0,internal_test,no,,,ZS_CA0453,zero_shot,,,0,no,no,zero_shot_not_applicable,0.0,0.0,0.0
CA0453,CA0453,SRC017,SFC_AFFB3785B9F0,LIQ_E0B206B2DD,154.0,internal_test,no,,,PA_CA0453,probe_assisted,CA0447;CA0448;CA0449;CA0450;CA0451;CA0452;CA0454,LIQ_0F4168490E;LIQ_4BDC3033E4;LIQ_53310FAFB3;LIQ_63C19A56DE;LIQ_6656B41AB7;LIQ_B6950B5CB8;LIQ_FCA4FC7284,7,yes,yes,,0.04815887909734527,0.0006793272549160917,155.91111909087678
CA0454,CA0454,SRC017,SFC_AFFB3785B9F0,LIQ_FCA4FC7284,153.0,internal_test,no,,,ZS_CA0454,zero_shot,,,0,no,no,zero_shot_not_applicable,0.0,0.0,0.0
CA0454,CA0454,SRC017,SFC_AFFB3785B9F0,LIQ_FCA4FC7284,153.0,internal_test,no,,,PA_CA0454,probe_assisted,CA0447;CA0448;CA0449;CA0450;CA0451;CA0452;CA0453,LIQ_0F4168490E;LIQ_4BDC3033E4;LIQ_53310FAFB3;LIQ_63C19A56DE;LIQ_6656B41AB7;LIQ_B6950B5CB8;LIQ_E0B206B2DD,7,yes,yes,,0.04759288398249672,0.0007414672563089161,155.58340426551717
CA0455,CA0455,SRC018,SFC_8D989D0E7E7F,LIQ_0F4168490E,162.0,internal_test,no,,,ZS_CA0455,zero_shot,,,0,no,no,zero_shot_not_applicable,0.0,0.0,0.0
CA0455,CA0455,SRC018,SFC_8D989D0E7E7F,LIQ_0F4168490E,162.0,internal_test,no,,,PA_CA0455,probe_assisted,CA0456;CA0457;CA0458,LIQ_53310FAFB3;LIQ_5C0DC0DCD1;LIQ_6656B41AB7,3,yes,yes,,0.49766176783773086,0.0,155.43791389871785
CA0456,CA0456,SRC018,SFC_8D989D0E7E7F,LIQ_5C0DC0DCD1,157.8,internal_test,no,,,ZS_CA0456,zero_shot,,,0,no,no,zero_shot_not_applicable,0.0,0.0,0.0
CA0456,CA0456,SRC018,SFC_8D989D0E7E7F,LIQ_5C0DC0DCD1,157.8,internal_test,no,,,PA_CA0456,probe_assisted,CA0455;CA0457;CA0458,LIQ_0F4168490E;LIQ_53310FAFB3;LIQ_6656B41AB7,3,yes,yes,,0.5657666302631278,0.0,148.83369811156393
CA0457,CA0457,SRC018,SFC_8D989D0E7E7F,LIQ_53310FAFB3,153.8,internal_test,no,,,ZS_CA0457,zero_shot,,,0,no,no,zero_shot_not_applicable,0.0,0.0,0.0
CA0457,CA0457,SRC018,SFC_8D989D0E7E7F,LIQ_53310FAFB3,153.8,internal_test,no,,,PA_CA0457,probe_assisted,CA0455;CA0456;CA0458,LIQ_0F4168490E;LIQ_5C0DC0DCD1;LIQ_6656B41AB7,3,yes,yes,,0.4991899967636758,0.0,147.29531761650668
CA0458,CA0458,SRC018,SFC_8D989D0E7E7F,LIQ_6656B41AB7,134.2,internal_test,no,,,ZS_CA0458,zero_shot,,,0,no,no,zero_shot_not_applicable,0.0,0.0,0.0
CA0458,CA0458,SRC018,SFC_8D989D0E7E7F,LIQ_6656B41AB7,134.2,internal_test,no,,,PA_CA0458,probe_assisted,CA0455;CA0456;CA0457,LIQ_0F4168490E;LIQ_53310FAFB3;LIQ_5C0DC0DCD1,3,yes,yes,,0.16709975168685148,0.0,152.2877258212464
CA0459,CA0459,SRC012,SFC_9BFFAF330A15,LIQ_0F4168490E,168.1,internal_test,no,,,ZS_CA0459,zero_shot,,,0,no,no,zero_shot_not_applicable,0.0,0.0,0.0
CA0459,CA0459,SRC012,SFC_9BFFAF330A15,LIQ_0F4168490E,168.1,internal_test,no,,,PA_CA0459,probe_assisted,CA0460;CA0461;CA0462,LIQ_53310FAFB3;LIQ_6656B41AB7;LIQ_B6950B5CB8,3,yes,yes,,0.042411208453634615,0.0,166.8012769890593
CA0460,CA0460,SRC012,SFC_9BFFAF330A15,LIQ_6656B41AB7,161.1,internal_test,no,,,ZS_CA0460,zero_shot,,,0,no,no,zero_shot_not_applicable,0.0,0.0,0.0
CA0460,CA0460,SRC012,SFC_9BFFAF330A15,LIQ_6656B41AB7,161.1,internal_test,no,,,PA_CA0460,probe_assisted,CA0459;CA0461;CA0462,LIQ_0F4168490E;LIQ_53310FAFB3;LIQ_B6950B5CB8,3,yes,yes,,0.041699968830016775,0.0,160.5097872543803
CA0461,CA0461,SRC012,SFC_9BFFAF330A15,LIQ_53310FAFB3,164.4,internal_test,no,,,ZS_CA0461,zero_shot,,,0,no,no,zero_shot_not_applicable,0.0,0.0,0.0
CA0461,CA0461,SRC012,SFC_9BFFAF330A15,LIQ_53310FAFB3,164.4,internal_test,no,,,PA_CA0461,probe_assisted,CA0459;CA0460;CA0462,LIQ_0F4168490E;LIQ_6656B41AB7;LIQ_B6950B5CB8,3,yes,yes,,0.04396498180078374,0.0,162.35483037822667
CA0462,CA0462,SRC012,SFC_9BFFAF330A15,LIQ_B6950B5CB8,153.5,internal_test,no,,,ZS_CA0462,zero_shot,,,0,no,no,zero_shot_not_applicable,0.0,0.0,0.0
CA0462,CA0462,SRC012,SFC_9BFFAF330A15,LIQ_B6950B5CB8,153.5,internal_test,no,,,PA_CA0462,probe_assisted,CA0459;CA0460;CA0461,LIQ_0F4168490E;LIQ_53310FAFB3;LIQ_6656B41AB7,3,yes,yes,,0.03199728605807529,0.0,158.71379562898866
CA0463,CA0463,SRC002,SFC_5523B41BFD8F,LIQ_0F4168490E,172.0,validation,no,,,ZS_CA0463,zero_shot,,,0,no,no,zero_shot_not_applicable,0.0,0.0,0.0
CA0463,CA0463,SRC002,SFC_5523B41BFD8F,LIQ_0F4168490E,172.0,validation,no,,,PA_CA0463,probe_assisted,CA0464;CA0465;CA0466,LIQ_53310FAFB3;LIQ_5C0DC0DCD1;LIQ_B6950B5CB8,3,yes,yes,,1.3183603083444746,0.0,148.50875017306595
CA0464,CA0464,SRC002,SFC_5523B41BFD8F,LIQ_5C0DC0DCD1,167.0,validation,no,,,ZS_CA0464,zero_shot,,,0,no,no,zero_shot_not_applicable,0.0,0.0,0.0
CA0464,CA0464,SRC002,SFC_5523B41BFD8F,LIQ_5C0DC0DCD1,167.0,validation,no,,,PA_CA0464,probe_assisted,CA0463;CA0465;CA0466,LIQ_0F4168490E;LIQ_53310FAFB3;LIQ_B6950B5CB8,3,yes,yes,,1.766505754643382,0.0,138.15612593394906
CA0465,CA0465,SRC002,SFC_5523B41BFD8F,LIQ_53310FAFB3,163.0,validation,no,,,ZS_CA0465,zero_shot,,,0,no,no,zero_shot_not_applicable,0.0,0.0,0.0
CA0465,CA0465,SRC002,SFC_5523B41BFD8F,LIQ_53310FAFB3,163.0,validation,no,,,PA_CA0465,probe_assisted,CA0463;CA0464;CA0466,LIQ_0F4168490E;LIQ_5C0DC0DCD1;LIQ_B6950B5CB8,3,yes,yes,,1.4345324324913797,0.0,136.99157601551798
CA0466,CA0466,SRC002,SFC_5523B41BFD8F,LIQ_B6950B5CB8,70.0,validation,no,,,ZS_CA0466,zero_shot,,,0,no,no,zero_shot_not_applicable,0.0,0.0,0.0
CA0466,CA0466,SRC002,SFC_5523B41BFD8F,LIQ_B6950B5CB8,70.0,validation,no,,,PA_CA0466,probe_assisted,CA0463;CA0464;CA0465,LIQ_0F4168490E;LIQ_53310FAFB3;LIQ_5C0DC0DCD1,3,yes,yes,,0.01944524083929976,0.0,161.22990033852298
CA0467,CA0467,SRC003,SFC_6DD3FB38C4D9,LIQ_0F4168490E,166.1,internal_test,no,,,ZS_CA0467,zero_shot,,,0,no,no,zero_shot_not_applicable,0.0,0.0,0.0
CA0467,CA0467,SRC003,SFC_6DD3FB38C4D9,LIQ_0F4168490E,166.1,internal_test,no,,,PA_CA0467,probe_assisted,CA0468,LIQ_6656B41AB7,1,yes,no,insufficient_probes,0.0,0.0,
CA0468,CA0468,SRC003,SFC_6DD3FB38C4D9,LIQ_6656B41AB7,160.5,internal_test,no,,,ZS_CA0468,zero_shot,,,0,no,no,zero_shot_not_applicable,0.0,0.0,0.0
CA0468,CA0468,SRC003,SFC_6DD3FB38C4D9,LIQ_6656B41AB7,160.5,internal_test,no,,,PA_CA0468,probe_assisted,CA0467,LIQ_0F4168490E,1,yes,no,insufficient_probes,0.0,0.0,
CA0469,CA0469,SDX004,SFC_D97F8E5A47C3,LIQ_0F4168490E,165.0,legacy_external,no,,,ZS_CA0469,zero_shot,,,0,no,no,zero_shot_not_applicable,0.0,0.0,0.0
CA0469,CA0469,SDX004,SFC_D97F8E5A47C3,LIQ_0F4168490E,165.0,legacy_external,no,,,PA_CA0469,probe_assisted,CA0470;CA0471,LIQ_1BD1B94C09;LIQ_6656B41AB7,2,yes,yes,,0.3711975252929829,0.00034053172517045595,156.6686006068011
CA0470,CA0470,SDX004,SFC_D97F8E5A47C3,LIQ_1BD1B94C09,150.0,legacy_external,no,,,ZS_CA0470,zero_shot,,,0,no,no,zero_shot_not_applicable,0.0,0.0,0.0
CA0470,CA0470,SDX004,SFC_D97F8E5A47C3,LIQ_1BD1B94C09,150.0,legacy_external,no,,,PA_CA0470,probe_assisted,CA0469;CA0471,LIQ_0F4168490E;LIQ_6656B41AB7,2,yes,yes,,0.2561170971977524,0.0,153.0014857924576
CA0471,CA0471,SDX004,SFC_D97F8E5A47C3,LIQ_6656B41AB7,146.0,legacy_external,no,,,ZS_CA0471,zero_shot,,,0,no,no,zero_shot_not_applicable,0.0,0.0,0.0
CA0471,CA0471,SDX004,SFC_D97F8E5A47C3,LIQ_6656B41AB7,146.0,legacy_external,no,,,PA_CA0471,probe_assisted,CA0469;CA0470,LIQ_0F4168490E;LIQ_1BD1B94C09,2,yes,yes,,0.24434940251781986,0.0,149.46187777326006
CA0472,CA0472,SDX004,SFC_D3AB5237A040,LIQ_0F4168490E,162.0,legacy_external,no,,,ZS_CA0472,zero_shot,,,0,no,no,zero_shot_not_applicable,0.0,0.0,0.0
CA0472,CA0472,SDX004,SFC_D3AB5237A040,LIQ_0F4168490E,162.0,legacy_external,no,,,PA_CA0472,probe_assisted,CA0473;CA0474,LIQ_1BD1B94C09;LIQ_6656B41AB7,2,yes,yes,,1.0920638946365724,0.0,149.9919238081939
CA0473,CA0473,SDX004,SFC_D3AB5237A040,LIQ_1BD1B94C09,150.0,legacy_external,no,,,ZS_CA0473,zero_shot,,,0,no,no,zero_shot_not_applicable,0.0,0.0,0.0
CA0473,CA0473,SDX004,SFC_D3AB5237A040,LIQ_1BD1B94C09,150.0,legacy_external,no,,,PA_CA0473,probe_assisted,CA0472;CA0474,LIQ_0F4168490E;LIQ_6656B41AB7,2,yes,yes,,1.1512555996928322,0.0,140.25901561623678
CA0474,CA0474,SDX004,SFC_D3AB5237A040,LIQ_6656B41AB7,128.0,legacy_external,no,,,ZS_CA0474,zero_shot,,,0,no,no,zero_shot_not_applicable,0.0,0.0,0.0
CA0474,CA0474,SDX004,SFC_D3AB5237A040,LIQ_6656B41AB7,128.0,legacy_external,no,,,PA_CA0474,probe_assisted,CA0472;CA0473,LIQ_0F4168490E;LIQ_1BD1B94C09,2,yes,yes,,0.2871685129684818,0.0,148.1712476982055
CA0475,CA0475,SDX004,SFC_37A719049846,LIQ_0F4168490E,150.0,legacy_external,no,,,ZS_CA0475,zero_shot,,,0,no,no,zero_shot_not_applicable,0.0,0.0,0.0
CA0475,CA0475,SDX004,SFC_37A719049846,LIQ_0F4168490E,150.0,legacy_external,no,,,PA_CA0475,probe_assisted,CA0476;CA0477,LIQ_1BD1B94C09;LIQ_6656B41AB7,2,yes,yes,,6.622126116081985,0.0,132.06051666779322
CA0476,CA0476,SDX004,SFC_37A719049846,LIQ_1BD1B94C09,127.0,legacy_external,no,,,ZS_CA0476,zero_shot,,,0,no,no,zero_shot_not_applicable,0.0,0.0,0.0
CA0476,CA0476,SDX004,SFC_37A719049846,LIQ_1BD1B94C09,127.0,legacy_external,no,,,PA_CA0476,probe_assisted,CA0475;CA0477,LIQ_0F4168490E;LIQ_6656B41AB7,2,yes,yes,,6.26674104954191,0.0,117.44633224245004
CA0477,CA0477,SDX004,SFC_37A719049846,LIQ_6656B41AB7,97.0,legacy_external,no,,,ZS_CA0477,zero_shot,,,0,no,no,zero_shot_not_applicable,0.0,0.0,0.0
CA0477,CA0477,SDX004,SFC_37A719049846,LIQ_6656B41AB7,97.0,legacy_external,no,,,PA_CA0477,probe_assisted,CA0475;CA0476,LIQ_0F4168490E;LIQ_1BD1B94C09,2,yes,yes,,2.435380643125006,0.0,124.20068913980002
CA0478,CA0478,SDX004,SFC_37DC2984D4A3,LIQ_0F4168490E,126.0,legacy_external,no,,,ZS_CA0478,zero_shot,,,0,no,no,zero_shot_not_applicable,0.0,0.0,0.0
CA0478,CA0478,SDX004,SFC_37DC2984D4A3,LIQ_0F4168490E,126.0,legacy_external,no,,,PA_CA0478,probe_assisted,CA0479;CA0480,LIQ_1BD1B94C09;LIQ_6656B41AB7,2,yes,yes,,8.308896637078712,0.0,129.0691752501617
CA0479,CA0479,SDX004,SFC_37DC2984D4A3,LIQ_1BD1B94C09,126.0,legacy_external,no,,,ZS_CA0479,zero_shot,,,0,no,no,zero_shot_not_applicable,0.0,0.0,0.0
CA0479,CA0479,SDX004,SFC_37DC2984D4A3,LIQ_1BD1B94C09,126.0,legacy_external,no,,,PA_CA0479,probe_assisted,CA0478;CA0480,LIQ_0F4168490E;LIQ_6656B41AB7,2,yes,yes,,12.264760491015398,0.0,104.23144488698568
CA0480,CA0480,SDX004,SFC_37DC2984D4A3,LIQ_6656B41AB7,89.0,legacy_external,no,,,ZS_CA0480,zero_shot,,,0,no,no,zero_shot_not_applicable,0.0,0.0,0.0
CA0480,CA0480,SDX004,SFC_37DC2984D4A3,LIQ_6656B41AB7,89.0,legacy_external,no,,,PA_CA0480,probe_assisted,CA0478;CA0479,LIQ_0F4168490E;LIQ_1BD1B94C09,2,yes,yes,,0.6781402408457994,2.4419352026175702,140.2572173374801
CA0481,CA0481,SDX004,SFC_F4538DDCF09A,LIQ_0F4168490E,161.0,legacy_external,no,,,ZS_CA0481,zero_shot,,,0,no,no,zero_shot_not_applicable,0.0,0.0,0.0
CA0481,CA0481,SDX004,SFC_F4538DDCF09A,LIQ_0F4168490E,161.0,legacy_external,no,,,PA_CA0481,probe_assisted,CA0482;CA0483,LIQ_1BD1B94C09;LIQ_6656B41AB7,2,yes,yes,,1.0003808754591417,0.0024687828658855934,149.5370114773752
CA0482,CA0482,SDX004,SFC_F4538DDCF09A,LIQ_1BD1B94C09,141.0,legacy_external,no,,,ZS_CA0482,zero_shot,,,0,no,no,zero_shot_not_applicable,0.0,0.0,0.0
CA0482,CA0482,SDX004,SFC_F4538DDCF09A,LIQ_1BD1B94C09,141.0,legacy_external,no,,,PA_CA0482,probe_assisted,CA0481;CA0483,LIQ_0F4168490E;LIQ_6656B41AB7,2,yes,yes,,0.6845846466765421,0.0,145.2678567107348
CA0483,CA0483,SDX004,SFC_F4538DDCF09A,LIQ_6656B41AB7,136.0,legacy_external,no,,,ZS_CA0483,zero_shot,,,0,no,no,zero_shot_not_applicable,0.0,0.0,0.0
CA0483,CA0483,SDX004,SFC_F4538DDCF09A,LIQ_6656B41AB7,136.0,legacy_external,no,,,PA_CA0483,probe_assisted,CA0481;CA0482,LIQ_0F4168490E;LIQ_1BD1B94C09,2,yes,yes,,0.6660295775220568,0.0,140.44332643271093
CA0484,CA0484,SDX004,SFC_4B8196140353,LIQ_0F4168490E,158.0,legacy_external,no,,,ZS_CA0484,zero_shot,,,0,no,no,zero_shot_not_applicable,0.0,0.0,0.0
CA0484,CA0484,SDX004,SFC_4B8196140353,LIQ_0F4168490E,158.0,legacy_external,no,,,PA_CA0484,probe_assisted,CA0485;CA0486,LIQ_1BD1B94C09;LIQ_6656B41AB7,2,yes,yes,,2.633390827086982,0.10510531487050451,136.73908382108016
CA0485,CA0485,SDX004,SFC_4B8196140353,LIQ_1BD1B94C09,127.0,legacy_external,no,,,ZS_CA0485,zero_shot,,,0,no,no,zero_shot_not_applicable,0.0,0.0,0.0
CA0485,CA0485,SDX004,SFC_4B8196140353,LIQ_1BD1B94C09,127.0,legacy_external,no,,,PA_CA0485,probe_assisted,CA0484;CA0486,LIQ_0F4168490E;LIQ_6656B41AB7,2,yes,yes,,1.7055133817382713,0.0,135.95301053723003
CA0486,CA0486,SDX004,SFC_4B8196140353,LIQ_6656B41AB7,123.0,legacy_external,no,,,ZS_CA0486,zero_shot,,,0,no,no,zero_shot_not_applicable,0.0,0.0,0.0
CA0486,CA0486,SDX004,SFC_4B8196140353,LIQ_6656B41AB7,123.0,legacy_external,no,,,PA_CA0486,probe_assisted,CA0484;CA0485,LIQ_0F4168490E;LIQ_1BD1B94C09,2,yes,yes,,1.9310307691478688,0.0,127.59416941192595
CA0487,CA0487,SDX004,SFC_7287C875CEAD,LIQ_0F4168490E,146.0,legacy_external,no,,,ZS_CA0487,zero_shot,,,0,no,no,zero_shot_not_applicable,0.0,0.0,0.0
CA0487,CA0487,SDX004,SFC_7287C875CEAD,LIQ_0F4168490E,146.0,legacy_external,no,,,PA_CA0487,probe_assisted,CA0488;CA0489,LIQ_1BD1B94C09;LIQ_6656B41AB7,2,yes,yes,,2.6469077908037186,0.0,142.30834389523378
CA0488,CA0488,SDX004,SFC_7287C875CEAD,LIQ_1BD1B94C09,139.0,legacy_external,no,,,ZS_CA0488,zero_shot,,,0,no,no,zero_shot_not_applicable,0.0,0.0,0.0
CA0488,CA0488,SDX004,SFC_7287C875CEAD,LIQ_1BD1B94C09,139.0,legacy_external,no,,,PA_CA0488,probe_assisted,CA0487;CA0489,LIQ_0F4168490E;LIQ_6656B41AB7,2,yes,yes,,3.242520421111977,0.0,127.75082733962485
CA0489,CA0489,SDX004,SFC_7287C875CEAD,LIQ_6656B41AB7,116.0,legacy_external,no,,,ZS_CA0489,zero_shot,,,0,no,no,zero_shot_not_applicable,0.0,0.0,0.0
CA0489,CA0489,SDX004,SFC_7287C875CEAD,LIQ_6656B41AB7,116.0,legacy_external,no,,,PA_CA0489,probe_assisted,CA0487;CA0488,LIQ_0F4168490E;LIQ_1BD1B94C09,2,yes,yes,,0.9533840809334342,0.054299257502370135,136.55307086337507
CA0490,CA0490,SDX004,SFC_72042D49E582,LIQ_0F4168490E,135.0,legacy_external,no,,,ZS_CA0490,zero_shot,,,0,no,no,zero_shot_not_applicable,0.0,0.0,0.0
CA0490,CA0490,SDX004,SFC_72042D49E582,LIQ_0F4168490E,135.0,legacy_external,no,,,PA_CA0490,probe_assisted,CA0491;CA0492,LIQ_1BD1B94C09;LIQ_6656B41AB7,2,yes,yes,,3.693113619725008,0.0,138.8941647882304
CA0491,CA0491,SDX004,SFC_72042D49E582,LIQ_1BD1B94C09,142.0,legacy_external,no,,,ZS_CA0491,zero_shot,,,0,no,no,zero_shot_not_applicable,0.0,0.0,0.0
CA0491,CA0491,SDX004,SFC_72042D49E582,LIQ_1BD1B94C09,142.0,legacy_external,no,,,PA_CA0491,probe_assisted,CA0490;CA0492,LIQ_0F4168490E;LIQ_6656B41AB7,2,yes,yes,,6.420485979763648,0.0,117.02278880157508
CA0492,CA0492,SDX004,SFC_72042D49E582,LIQ_6656B41AB7,105.0,legacy_external,no,,,ZS_CA0492,zero_shot,,,0,no,no,zero_shot_not_applicable,0.0,0.0,0.0
CA0492,CA0492,SDX004,SFC_72042D49E582,LIQ_6656B41AB7,105.0,legacy_external,no,,,PA_CA0492,probe_assisted,CA0490;CA0491,LIQ_0F4168490E;LIQ_1BD1B94C09,2,yes,yes,,0.0,2.1623348019779076,180.0
CA0493,CA0493,SDX004,SFC_8510C10E7F44,LIQ_0F4168490E,156.0,legacy_external,no,,,ZS_CA0493,zero_shot,,,0,no,no,zero_shot_not_applicable,0.0,0.0,0.0
CA0493,CA0493,SDX004,SFC_8510C10E7F44,LIQ_0F4168490E,156.0,legacy_external,no,,,PA_CA0493,probe_assisted,CA0494;CA0495,LIQ_1BD1B94C09;LIQ_6656B41AB7,2,yes,yes,,0.6307318156857115,0.004271973869306238,152.28920955258099
CA0494,CA0494,SDX004,SFC_8510C10E7F44,LIQ_1BD1B94C09,145.0,legacy_external,no,,,ZS_CA0494,zero_shot,,,0,no,no,zero_shot_not_applicable,0.0,0.0,0.0
CA0494,CA0494,SDX004,SFC_8510C10E7F44,LIQ_1BD1B94C09,145.0,legacy_external,no,,,PA_CA0494,probe_assisted,CA0493;CA0495,LIQ_0F4168490E;LIQ_6656B41AB7,2,yes,yes,,0.5747122216660605,0.0,146.79825325126436
CA0495,CA0495,SDX004,SFC_8510C10E7F44,LIQ_6656B41AB7,141.0,legacy_external,no,,,ZS_CA0495,zero_shot,,,0,no,no,zero_shot_not_applicable,0.0,0.0,0.0
CA0495,CA0495,SDX004,SFC_8510C10E7F44,LIQ_6656B41AB7,141.0,legacy_external,no,,,PA_CA0495,probe_assisted,CA0493;CA0494,LIQ_0F4168490E;LIQ_1BD1B94C09,2,yes,yes,,0.6089567565215088,0.0,141.35466605615034
CA0496,CA0496,SDX004,SFC_3FA2C1A21D11,LIQ_0F4168490E,153.0,legacy_external,no,,,ZS_CA0496,zero_shot,,,0,no,no,zero_shot_not_applicable,0.0,0.0,0.0
CA0496,CA0496,SDX004,SFC_3FA2C1A21D11,LIQ_0F4168490E,153.0,legacy_external,no,,,PA_CA0496,probe_assisted,CA0497;CA0498,LIQ_1BD1B94C09;LIQ_6656B41AB7,2,yes,yes,,0.6989022334558934,0.0,153.22282510210707
CA0497,CA0497,SDX004,SFC_3FA2C1A21D11,LIQ_1BD1B94C09,150.0,legacy_external,no,,,ZS_CA0497,zero_shot,,,0,no,no,zero_shot_not_applicable,0.0,0.0,0.0
CA0497,CA0497,SDX004,SFC_3FA2C1A21D11,LIQ_1BD1B94C09,150.0,legacy_external,no,,,PA_CA0497,probe_assisted,CA0496;CA0498,LIQ_0F4168490E;LIQ_6656B41AB7,2,yes,yes,,0.9120375079896313,0.0,142.5933712099339
CA0498,CA0498,SDX004,SFC_3FA2C1A21D11,LIQ_6656B41AB7,136.0,legacy_external,no,,,ZS_CA0498,zero_shot,,,0,no,no,zero_shot_not_applicable,0.0,0.0,0.0
CA0498,CA0498,SDX004,SFC_3FA2C1A21D11,LIQ_6656B41AB7,136.0,legacy_external,no,,,PA_CA0498,probe_assisted,CA0496;CA0497,LIQ_0F4168490E;LIQ_1BD1B94C09,2,yes,yes,,0.18586202318193107,0.0748999762938994,151.52504484902798
CA0499,CA0499,SDX004,SFC_1D3B0F1839B5,LIQ_0F4168490E,147.0,legacy_external,no,,,ZS_CA0499,zero_shot,,,0,no,no,zero_shot_not_applicable,0.0,0.0,0.0
CA0499,CA0499,SDX004,SFC_1D3B0F1839B5,LIQ_0F4168490E,147.0,legacy_external,no,,,PA_CA0499,probe_assisted,CA0500;CA0501,LIQ_1BD1B94C09;LIQ_6656B41AB7,2,yes,yes,,1.0438106213888838,0.0,150.33682681744398
CA0500,CA0500,SDX004,SFC_1D3B0F1839B5,LIQ_1BD1B94C09,143.0,legacy_external,no,,,ZS_CA0500,zero_shot,,,0,no,no,zero_shot_not_applicable,0.0,0.0,0.0
CA0500,CA0500,SDX004,SFC_1D3B0F1839B5,LIQ_1BD1B94C09,143.0,legacy_external,no,,,PA_CA0500,probe_assisted,CA0499;CA0501,LIQ_0F4168490E;LIQ_6656B41AB7,2,yes,yes,,1.1840655862805878,0.012292406122624515,138.5045543467219
CA0501,CA0501,SDX004,SFC_1D3B0F1839B5,LIQ_6656B41AB7,134.0,legacy_external,no,,,ZS_CA0501,zero_shot,,,0,no,no,zero_shot_not_applicable,0.0,0.0,0.0
CA0501,CA0501,SDX004,SFC_1D3B0F1839B5,LIQ_6656B41AB7,134.0,legacy_external,no,,,PA_CA0501,probe_assisted,CA0499;CA0500,LIQ_0F4168490E;LIQ_1BD1B94C09,2,yes,yes,,0.44123387824241234,0.1505529298779954,144.44973169653494
CA0502,CA0502,SDX004,SFC_D17DAFC2AFDE,LIQ_0F4168490E,145.0,legacy_external,no,,,ZS_CA0502,zero_shot,,,0,no,no,zero_shot_not_applicable,0.0,0.0,0.0
CA0502,CA0502,SDX004,SFC_D17DAFC2AFDE,LIQ_0F4168490E,145.0,legacy_external,no,,,PA_CA0502,probe_assisted,CA0503;CA0504,LIQ_1BD1B94C09;LIQ_6656B41AB7,2,yes,yes,,4.244590068196572,0.0,137.36909704910354
CA0503,CA0503,SDX004,SFC_D17DAFC2AFDE,LIQ_1BD1B94C09,136.0,legacy_external,no,,,ZS_CA0503,zero_shot,,,0,no,no,zero_shot_not_applicable,0.0,0.0,0.0
CA0503,CA0503,SDX004,SFC_D17DAFC2AFDE,LIQ_1BD1B94C09,136.0,legacy_external,no,,,PA_CA0503,probe_assisted,CA0502;CA0504,LIQ_0F4168490E;LIQ_6656B41AB7,2,yes,yes,,5.160052549976403,0.0,120.71901485095954
CA0504,CA0504,SDX004,SFC_D17DAFC2AFDE,LIQ_6656B41AB7,105.0,legacy_external,no,,,ZS_CA0504,zero_shot,,,0,no,no,zero_shot_not_applicable,0.0,0.0,0.0
CA0504,CA0504,SDX004,SFC_D17DAFC2AFDE,LIQ_6656B41AB7,105.0,legacy_external,no,,,PA_CA0504,probe_assisted,CA0502;CA0503,LIQ_0F4168490E;LIQ_1BD1B94C09,2,yes,yes,,1.4734025259769379,0.01643050443695989,131.2532806209906
CA0505,CA0505,SDX004,SFC_65564B0B1510,LIQ_0F4168490E,155.0,legacy_external,no,,,ZS_CA0505,zero_shot,,,0,no,no,zero_shot_not_applicable,0.0,0.0,0.0
CA0505,CA0505,SDX004,SFC_65564B0B1510,LIQ_0F4168490E,155.0,legacy_external,no,,,PA_CA0505,probe_assisted,CA0506;CA0507,LIQ_1BD1B94C09;LIQ_6656B41AB7,2,yes,yes,,1.2842880461373443,0.44173293613142744,136.4056443911353
CA0506,CA0506,SDX004,SFC_65564B0B1510,LIQ_1BD1B94C09,131.0,legacy_external,no,,,ZS_CA0506,zero_shot,,,0,no,no,zero_shot_not_applicable,0.0,0.0,0.0
CA0506,CA0506,SDX004,SFC_65564B0B1510,LIQ_1BD1B94C09,131.0,legacy_external,no,,,PA_CA0506,probe_assisted,CA0505;CA0507,LIQ_0F4168490E;LIQ_6656B41AB7,2,yes,yes,,1.0247554701254733,0.0,141.4446167589284
CA0507,CA0507,SDX004,SFC_65564B0B1510,LIQ_6656B41AB7,133.0,legacy_external,no,,,ZS_CA0507,zero_shot,,,0,no,no,zero_shot_not_applicable,0.0,0.0,0.0
CA0507,CA0507,SDX004,SFC_65564B0B1510,LIQ_6656B41AB7,133.0,legacy_external,no,,,PA_CA0507,probe_assisted,CA0505;CA0506,LIQ_0F4168490E;LIQ_1BD1B94C09,2,yes,yes,,1.6548076706705015,0.0,129.7194779325405
CA0508,CA0508,SDX004,SFC_FD7BF6ACBE27,LIQ_0F4168490E,149.0,legacy_external,no,,,ZS_CA0508,zero_shot,,,0,no,no,zero_shot_not_applicable,0.0,0.0,0.0
CA0508,CA0508,SDX004,SFC_FD7BF6ACBE27,LIQ_0F4168490E,149.0,legacy_external,no,,,PA_CA0508,probe_assisted,CA0509;CA0510,LIQ_1BD1B94C09;LIQ_6656B41AB7,2,yes,yes,,1.3903268567354017,0.11705097283419481,141.4101082661076
CA0509,CA0509,SDX004,SFC_FD7BF6ACBE27,LIQ_1BD1B94C09,134.0,legacy_external,no,,,ZS_CA0509,zero_shot,,,0,no,no,zero_shot_not_applicable,0.0,0.0,0.0
CA0509,CA0509,SDX004,SFC_FD7BF6ACBE27,LIQ_1BD1B94C09,134.0,legacy_external,no,,,PA_CA0509,probe_assisted,CA0508;CA0510,LIQ_0F4168490E;LIQ_6656B41AB7,2,yes,yes,,1.3442661162489533,0.0,138.6184449116499
CA0510,CA0510,SDX004,SFC_FD7BF6ACBE27,LIQ_6656B41AB7,132.0,legacy_external,no,,,ZS_CA0510,zero_shot,,,0,no,no,zero_shot_not_applicable,0.0,0.0,0.0
CA0510,CA0510,SDX004,SFC_FD7BF6ACBE27,LIQ_6656B41AB7,132.0,legacy_external,no,,,PA_CA0510,probe_assisted,CA0508;CA0509,LIQ_0F4168490E;LIQ_1BD1B94C09,2,yes,yes,,1.7129026900806363,0.0,129.2531374957766
CA0511,CA0511,SDX004,SFC_3A3E77A94794,LIQ_0F4168490E,148.0,legacy_external,no,,,ZS_CA0511,zero_shot,,,0,no,no,zero_shot_not_applicable,0.0,0.0,0.0
CA0511,CA0511,SDX004,SFC_3A3E77A94794,LIQ_0F4168490E,148.0,legacy_external,no,,,PA_CA0511,probe_assisted,CA0512;CA0513,LIQ_1BD1B94C09;LIQ_6656B41AB7,2,yes,yes,,1.8759944896703906,0.3536672279721931,135.04288913689254
CA0512,CA0512,SDX004,SFC_3A3E77A94794,LIQ_1BD1B94C09,128.0,legacy_external,no,,,ZS_CA0512,zero_shot,,,0,no,no,zero_shot_not_applicable,0.0,0.0,0.0
CA0512,CA0512,SDX004,SFC_3A3E77A94794,LIQ_1BD1B94C09,128.0,legacy_external,no,,,PA_CA0512,probe_assisted,CA0511;CA0513,LIQ_0F4168490E;LIQ_6656B41AB7,2,yes,yes,,1.7268689060577105,0.0,135.80854925639395
CA0513,CA0513,SDX004,SFC_3A3E77A94794,LIQ_6656B41AB7,128.0,legacy_external,no,,,ZS_CA0513,zero_shot,,,0,no,no,zero_shot_not_applicable,0.0,0.0,0.0
CA0513,CA0513,SDX004,SFC_3A3E77A94794,LIQ_6656B41AB7,128.0,legacy_external,no,,,PA_CA0513,probe_assisted,CA0511;CA0512,LIQ_0F4168490E;LIQ_1BD1B94C09,2,yes,yes,,2.4635747371045493,0.0,124.02577694536289
CA0514,CA0514,SDX004,SFC_78D1FEDEA019,LIQ_0F4168490E,142.0,legacy_external,no,,,ZS_CA0514,zero_shot,,,0,no,no,zero_shot_not_applicable,0.0,0.0,0.0
CA0514,CA0514,SDX004,SFC_78D1FEDEA019,LIQ_0F4168490E,142.0,legacy_external,no,,,PA_CA0514,probe_assisted,CA0515;CA0516,LIQ_1BD1B94C09;LIQ_6656B41AB7,2,yes,yes,,4.05594467664823,0.0,137.87396898244538
CA0515,CA0515,SDX004,SFC_78D1FEDEA019,LIQ_1BD1B94C09,130.0,legacy_external,no,,,ZS_CA0515,zero_shot,,,0,no,no,zero_shot_not_applicable,0.0,0.0,0.0
CA0515,CA0515,SDX004,SFC_78D1FEDEA019,LIQ_1BD1B94C09,130.0,legacy_external,no,,,PA_CA0515,probe_assisted,CA0514;CA0516,LIQ_0F4168490E;LIQ_6656B41AB7,2,yes,yes,,4.394217407085176,0.0,123.27005696292612
CA0516,CA0516,SDX004,SFC_78D1FEDEA019,LIQ_6656B41AB7,111.0,legacy_external,no,,,ZS_CA0516,zero_shot,,,0,no,no,zero_shot_not_applicable,0.0,0.0,0.0
CA0516,CA0516,SDX004,SFC_78D1FEDEA019,LIQ_6656B41AB7,111.0,legacy_external,no,,,PA_CA0516,probe_assisted,CA0514;CA0515,LIQ_0F4168490E;LIQ_1BD1B94C09,2,yes,yes,,2.7443193958171097,0.0,122.35389355649346
CA0517,CA0517,SDX005,SFC_755688E8B50B,LIQ_0F4168490E,125.6,legacy_external,no,,,ZS_CA0517,zero_shot,,,0,no,no,zero_shot_not_applicable,0.0,0.0,0.0
CA0517,CA0517,SDX005,SFC_755688E8B50B,LIQ_0F4168490E,125.6,legacy_external,no,,,PA_CA0517,probe_assisted,CA0518;CA0519,LIQ_1BD1B94C09;LIQ_6656B41AB7,2,yes,yes,,12.460620894297042,0.0,123.1758257706487
CA0518,CA0518,SDX005,SFC_755688E8B50B,LIQ_1BD1B94C09,114.8,legacy_external,no,,,ZS_CA0518,zero_shot,,,0,no,no,zero_shot_not_applicable,0.0,0.0,0.0
CA0518,CA0518,SDX005,SFC_755688E8B50B,LIQ_1BD1B94C09,114.8,legacy_external,no,,,PA_CA0518,probe_assisted,CA0517;CA0519,LIQ_0F4168490E;LIQ_6656B41AB7,2,yes,yes,,15.180998899237766,0.0,99.26241894682146
CA0519,CA0519,SDX005,SFC_755688E8B50B,LIQ_6656B41AB7,80.2,legacy_external,no,,,ZS_CA0519,zero_shot,,,0,no,no,zero_shot_not_applicable,0.0,0.0,0.0
CA0519,CA0519,SDX005,SFC_755688E8B50B,LIQ_6656B41AB7,80.2,legacy_external,no,,,PA_CA0519,probe_assisted,CA0517;CA0518,LIQ_0F4168490E;LIQ_1BD1B94C09,2,yes,yes,,4.94737151095643,0.4565790614725524,112.07717529121484
CA0520,CA0520,SDX005,SFC_590E8318F5D5,LIQ_0F4168490E,115.5,legacy_external,no,,,ZS_CA0520,zero_shot,,,0,no,no,zero_shot_not_applicable,0.0,0.0,0.0
CA0520,CA0520,SDX005,SFC_590E8318F5D5,LIQ_0F4168490E,115.5,legacy_external,no,,,PA_CA0520,probe_assisted,CA0521;CA0522,LIQ_1BD1B94C09;LIQ_6656B41AB7,2,yes,yes,,14.646670102109857,0.0,120.60365289987003
CA0521,CA0521,SDX005,SFC_590E8318F5D5,LIQ_1BD1B94C09,106.2,legacy_external,no,,,ZS_CA0521,zero_shot,,,0,no,no,zero_shot_not_applicable,0.0,0.0,0.0
CA0521,CA0521,SDX005,SFC_590E8318F5D5,LIQ_1BD1B94C09,106.2,legacy_external,no,,,PA_CA0521,probe_assisted,CA0520;CA0522,LIQ_0F4168490E;LIQ_6656B41AB7,2,yes,yes,,17.59621177084393,0.02565040812218557,94.16348091713374
CA0522,CA0522,SDX005,SFC_590E8318F5D5,LIQ_6656B41AB7,79.8,legacy_external,no,,,ZS_CA0522,zero_shot,,,0,no,no,zero_shot_not_applicable,0.0,0.0,0.0
CA0522,CA0522,SDX005,SFC_590E8318F5D5,LIQ_6656B41AB7,79.8,legacy_external,no,,,PA_CA0522,probe_assisted,CA0520;CA0521,LIQ_0F4168490E;LIQ_1BD1B94C09,2,yes,yes,,5.914146456253075,1.7232471174840132,108.51735518039256
CA0523,CA0523,SDX005,SFC_42A21ABE09F9,LIQ_0F4168490E,116.6,legacy_external,no,,,ZS_CA0523,zero_shot,,,0,no,no,zero_shot_not_applicable,0.0,0.0,0.0
CA0523,CA0523,SDX005,SFC_42A21ABE09F9,LIQ_0F4168490E,116.6,legacy_external,no,,,PA_CA0523,probe_assisted,CA0524;CA0525,LIQ_1BD1B94C09;LIQ_6656B41AB7,2,yes,yes,,17.807045997975,0.0,117.30447610233352
CA0524,CA0524,SDX005,SFC_42A21ABE09F9,LIQ_1BD1B94C09,101.8,legacy_external,no,,,ZS_CA0524,zero_shot,,,0,no,no,zero_shot_not_applicable,0.0,0.0,0.0
CA0524,CA0524,SDX005,SFC_42A21ABE09F9,LIQ_1BD1B94C09,101.8,legacy_external,no,,,PA_CA0524,probe_assisted,CA0523;CA0525,LIQ_0F4168490E;LIQ_6656B41AB7,2,yes,yes,,20.502069089659564,0.0,91.42887184622886
CA0525,CA0525,SDX005,SFC_42A21ABE09F9,LIQ_6656B41AB7,72.7,legacy_external,no,,,ZS_CA0525,zero_shot,,,0,no,no,zero_shot_not_applicable,0.0,0.0,0.0
CA0525,CA0525,SDX005,SFC_42A21ABE09F9,LIQ_6656B41AB7,72.7,legacy_external,no,,,PA_CA0525,probe_assisted,CA0523;CA0524,LIQ_0F4168490E;LIQ_1BD1B94C09,2,yes,yes,,10.119234591092626,0.5402318339521414,96.16367128988166
CA0526,CA0526,SDX005,SFC_9B7B7B694E91,LIQ_0F4168490E,136.4,legacy_external,no,,,ZS_CA0526,zero_shot,,,0,no,no,zero_shot_not_applicable,0.0,0.0,0.0
CA0526,CA0526,SDX005,SFC_9B7B7B694E91,LIQ_0F4168490E,136.4,legacy_external,no,,,PA_CA0526,probe_assisted,CA0527;CA0528,LIQ_1BD1B94C09;LIQ_6656B41AB7,2,yes,yes,,6.34658960049022,0.0,132.5983891966404
CA0527,CA0527,SDX005,SFC_9B7B7B694E91,LIQ_1BD1B94C09,130.5,legacy_external,no,,,ZS_CA0527,zero_shot,,,0,no,no,zero_shot_not_applicable,0.0,0.0,0.0
CA0527,CA0527,SDX005,SFC_9B7B7B694E91,LIQ_1BD1B94C09,130.5,legacy_external,no,,,PA_CA0527,probe_assisted,CA0526;CA0528,LIQ_0F4168490E;LIQ_6656B41AB7,2,yes,yes,,8.336607300582525,0.0,112.22415744948428
CA0528,CA0528,SDX005,SFC_9B7B7B694E91,LIQ_6656B41AB7,95.8,legacy_external,no,,,ZS_CA0528,zero_shot,,,0,no,no,zero_shot_not_applicable,0.0,0.0,0.0
CA0528,CA0528,SDX005,SFC_9B7B7B694E91,LIQ_6656B41AB7,95.8,legacy_external,no,,,PA_CA0528,probe_assisted,CA0526;CA0527,LIQ_0F4168490E;LIQ_1BD1B94C09,2,yes,yes,,1.4144057697455117,0.394821339062961,131.7804265219981
CA0529,CA0529,SDX006,SFC_55DDAE9FF4E5,LIQ_0F4168490E,73.7,legacy_external,no,,,ZS_CA0529,zero_shot,,,0,no,no,zero_shot_not_applicable,0.0,0.0,0.0
CA0529,CA0529,SDX006,SFC_55DDAE9FF4E5,LIQ_0F4168490E,73.7,legacy_external,no,,,PA_CA0529,probe_assisted,CA0530,LIQ_6656B41AB7,1,yes,no,insufficient_probes,0.0,0.0,
CA0530,CA0530,SDX006,SFC_55DDAE9FF4E5,LIQ_6656B41AB7,44.2,legacy_external,no,,,ZS_CA0530,zero_shot,,,0,no,no,zero_shot_not_applicable,0.0,0.0,0.0
CA0530,CA0530,SDX006,SFC_55DDAE9FF4E5,LIQ_6656B41AB7,44.2,legacy_external,no,,,PA_CA0530,probe_assisted,CA0529,LIQ_0F4168490E,1,yes,no,insufficient_probes,0.0,0.0,
CA0531,CA0531,SDX006,SFC_8810EE8758ED,LIQ_0F4168490E,88.7,legacy_external,no,,,ZS_CA0531,zero_shot,,,0,no,no,zero_shot_not_applicable,0.0,0.0,0.0
CA0531,CA0531,SDX006,SFC_8810EE8758ED,LIQ_0F4168490E,88.7,legacy_external,no,,,PA_CA0531,probe_assisted,CA0532,LIQ_6656B41AB7,1,yes,no,insufficient_probes,0.0,0.0,
CA0532,CA0532,SDX006,SFC_8810EE8758ED,LIQ_6656B41AB7,53.9,legacy_external,no,,,ZS_CA0532,zero_shot,,,0,no,no,zero_shot_not_applicable,0.0,0.0,0.0
CA0532,CA0532,SDX006,SFC_8810EE8758ED,LIQ_6656B41AB7,53.9,legacy_external,no,,,PA_CA0532,probe_assisted,CA0531,LIQ_0F4168490E,1,yes,no,insufficient_probes,0.0,0.0,
CA0533,CA0533,SDX006,SFC_15EC92D72DA3,LIQ_0F4168490E,99.2,legacy_external,no,,,ZS_CA0533,zero_shot,,,0,no,no,zero_shot_not_applicable,0.0,0.0,0.0
CA0533,CA0533,SDX006,SFC_15EC92D72DA3,LIQ_0F4168490E,99.2,legacy_external,no,,,PA_CA0533,probe_assisted,CA0534,LIQ_6656B41AB7,1,yes,no,insufficient_probes,0.0,0.0,
CA0534,CA0534,SDX006,SFC_15EC92D72DA3,LIQ_6656B41AB7,66.2,legacy_external,no,,,ZS_CA0534,zero_shot,,,0,no,no,zero_shot_not_applicable,0.0,0.0,0.0
CA0534,CA0534,SDX006,SFC_15EC92D72DA3,LIQ_6656B41AB7,66.2,legacy_external,no,,,PA_CA0534,probe_assisted,CA0533,LIQ_0F4168490E,1,yes,no,insufficient_probes,0.0,0.0,
CA0535,CA0535,SDX006,SFC_7ABDB4BDAFA3,LIQ_0F4168490E,105.8,legacy_external,no,,,ZS_CA0535,zero_shot,,,0,no,no,zero_shot_not_applicable,0.0,0.0,0.0
CA0535,CA0535,SDX006,SFC_7ABDB4BDAFA3,LIQ_0F4168490E,105.8,legacy_external,no,,,PA_CA0535,probe_assisted,CA0536,LIQ_6656B41AB7,1,yes,no,insufficient_probes,0.0,0.0,
CA0536,CA0536,SDX006,SFC_7ABDB4BDAFA3,LIQ_6656B41AB7,72.8,legacy_external,no,,,ZS_CA0536,zero_shot,,,0,no,no,zero_shot_not_applicable,0.0,0.0,0.0
CA0536,CA0536,SDX006,SFC_7ABDB4BDAFA3,LIQ_6656B41AB7,72.8,legacy_external,no,,,PA_CA0536,probe_assisted,CA0535,LIQ_0F4168490E,1,yes,no,insufficient_probes,0.0,0.0,
CA0537,CA0537,SDX006,SFC_86D193058DBE,LIQ_0F4168490E,112.6,legacy_external,no,,,ZS_CA0537,zero_shot,,,0,no,no,zero_shot_not_applicable,0.0,0.0,0.0
CA0537,CA0537,SDX006,SFC_86D193058DBE,LIQ_0F4168490E,112.6,legacy_external,no,,,PA_CA0537,probe_assisted,CA0538,LIQ_6656B41AB7,1,yes,no,insufficient_probes,0.0,0.0,
CA0538,CA0538,SDX006,SFC_86D193058DBE,LIQ_6656B41AB7,78.4,legacy_external,no,,,ZS_CA0538,zero_shot,,,0,no,no,zero_shot_not_applicable,0.0,0.0,0.0
CA0538,CA0538,SDX006,SFC_86D193058DBE,LIQ_6656B41AB7,78.4,legacy_external,no,,,PA_CA0538,probe_assisted,CA0537,LIQ_0F4168490E,1,yes,no,insufficient_probes,0.0,0.0,
CA0539,CA0539,SDX006,SFC_C578D204BBE3,LIQ_0F4168490E,115.4,legacy_external,no,,,ZS_CA0539,zero_shot,,,0,no,no,zero_shot_not_applicable,0.0,0.0,0.0
CA0539,CA0539,SDX006,SFC_C578D204BBE3,LIQ_0F4168490E,115.4,legacy_external,no,,,PA_CA0539,probe_assisted,CA0540,LIQ_6656B41AB7,1,yes,no,insufficient_probes,0.0,0.0,
CA0540,CA0540,SDX006,SFC_C578D204BBE3,LIQ_6656B41AB7,83.0,legacy_external,no,,,ZS_CA0540,zero_shot,,,0,no,no,zero_shot_not_applicable,0.0,0.0,0.0
CA0540,CA0540,SDX006,SFC_C578D204BBE3,LIQ_6656B41AB7,83.0,legacy_external,no,,,PA_CA0540,probe_assisted,CA0539,LIQ_0F4168490E,1,yes,no,insufficient_probes,0.0,0.0,
CA0541,CA0541,SDX006,SFC_AEDDDB49C107,LIQ_0F4168490E,118.0,legacy_external,no,,,ZS_CA0541,zero_shot,,,0,no,no,zero_shot_not_applicable,0.0,0.0,0.0
CA0541,CA0541,SDX006,SFC_AEDDDB49C107,LIQ_0F4168490E,118.0,legacy_external,no,,,PA_CA0541,probe_assisted,CA0542,LIQ_6656B41AB7,1,yes,no,insufficient_probes,0.0,0.0,
CA0542,CA0542,SDX006,SFC_AEDDDB49C107,LIQ_6656B41AB7,87.5,legacy_external,no,,,ZS_CA0542,zero_shot,,,0,no,no,zero_shot_not_applicable,0.0,0.0,0.0
CA0542,CA0542,SDX006,SFC_AEDDDB49C107,LIQ_6656B41AB7,87.5,legacy_external,no,,,PA_CA0542,probe_assisted,CA0541,LIQ_0F4168490E,1,yes,no,insufficient_probes,0.0,0.0,
CA0543,CA0543,SDX006,SFC_12E012885148,LIQ_0F4168490E,120.5,legacy_external,no,,,ZS_CA0543,zero_shot,,,0,no,no,zero_shot_not_applicable,0.0,0.0,0.0
CA0543,CA0543,SDX006,SFC_12E012885148,LIQ_0F4168490E,120.5,legacy_external,no,,,PA_CA0543,probe_assisted,CA0544,LIQ_6656B41AB7,1,yes,no,insufficient_probes,0.0,0.0,
CA0544,CA0544,SDX006,SFC_12E012885148,LIQ_6656B41AB7,91.2,legacy_external,no,,,ZS_CA0544,zero_shot,,,0,no,no,zero_shot_not_applicable,0.0,0.0,0.0
CA0544,CA0544,SDX006,SFC_12E012885148,LIQ_6656B41AB7,91.2,legacy_external,no,,,PA_CA0544,probe_assisted,CA0543,LIQ_0F4168490E,1,yes,no,insufficient_probes,0.0,0.0,
CA0545,CA0545,SDX001,SFC_159FF1E1E160,LIQ_0F4168490E,76.4,legacy_external,no,,,ZS_CA0545,zero_shot,,,0,no,no,zero_shot_not_applicable,0.0,0.0,0.0
CA0545,CA0545,SDX001,SFC_159FF1E1E160,LIQ_0F4168490E,76.4,legacy_external,no,,,PA_CA0545,probe_assisted,CA0546,LIQ_6656B41AB7,1,yes,no,insufficient_probes,0.0,0.0,
CA0546,CA0546,SDX001,SFC_159FF1E1E160,LIQ_6656B41AB7,45.1,legacy_external,no,,,ZS_CA0546,zero_shot,,,0,no,no,zero_shot_not_applicable,0.0,0.0,0.0
CA0546,CA0546,SDX001,SFC_159FF1E1E160,LIQ_6656B41AB7,45.1,legacy_external,no,,,PA_CA0546,probe_assisted,CA0545,LIQ_0F4168490E,1,yes,no,insufficient_probes,0.0,0.0,
CA0547,CA0547,SDX001,SFC_91A5214A0C27,LIQ_0F4168490E,73.5,legacy_external,no,,,ZS_CA0547,zero_shot,,,0,no,no,zero_shot_not_applicable,0.0,0.0,0.0
CA0547,CA0547,SDX001,SFC_91A5214A0C27,LIQ_0F4168490E,73.5,legacy_external,no,,,PA_CA0547,probe_assisted,CA0548,LIQ_6656B41AB7,1,yes,no,insufficient_probes,0.0,0.0,
CA0548,CA0548,SDX001,SFC_91A5214A0C27,LIQ_6656B41AB7,41.2,legacy_external,no,,,ZS_CA0548,zero_shot,,,0,no,no,zero_shot_not_applicable,0.0,0.0,0.0
CA0548,CA0548,SDX001,SFC_91A5214A0C27,LIQ_6656B41AB7,41.2,legacy_external,no,,,PA_CA0548,probe_assisted,CA0547,LIQ_0F4168490E,1,yes,no,insufficient_probes,0.0,0.0,
CA0549,CA0549,SDX001,SFC_3C4F304244DF,LIQ_0F4168490E,51.3,legacy_external,no,,,ZS_CA0549,zero_shot,,,0,no,no,zero_shot_not_applicable,0.0,0.0,0.0
CA0549,CA0549,SDX001,SFC_3C4F304244DF,LIQ_0F4168490E,51.3,legacy_external,no,,,PA_CA0549,probe_assisted,CA0550,LIQ_6656B41AB7,1,yes,no,insufficient_probes,0.0,0.0,
CA0550,CA0550,SDX001,SFC_3C4F304244DF,LIQ_6656B41AB7,41.9,legacy_external,no,,,ZS_CA0550,zero_shot,,,0,no,no,zero_shot_not_applicable,0.0,0.0,0.0
CA0550,CA0550,SDX001,SFC_3C4F304244DF,LIQ_6656B41AB7,41.9,legacy_external,no,,,PA_CA0550,probe_assisted,CA0549,LIQ_0F4168490E,1,yes,no,insufficient_probes,0.0,0.0,
CA0551,CA0551,SDX001,SFC_95A0FAE91CD0,LIQ_0F4168490E,68.9,legacy_external,no,,,ZS_CA0551,zero_shot,,,0,no,no,zero_shot_not_applicable,0.0,0.0,0.0
CA0551,CA0551,SDX001,SFC_95A0FAE91CD0,LIQ_0F4168490E,68.9,legacy_external,no,,,PA_CA0551,probe_assisted,CA0552,LIQ_6656B41AB7,1,yes,no,insufficient_probes,0.0,0.0,
CA0552,CA0552,SDX001,SFC_95A0FAE91CD0,LIQ_6656B41AB7,50.2,legacy_external,no,,,ZS_CA0552,zero_shot,,,0,no,no,zero_shot_not_applicable,0.0,0.0,0.0
CA0552,CA0552,SDX001,SFC_95A0FAE91CD0,LIQ_6656B41AB7,50.2,legacy_external,no,,,PA_CA0552,probe_assisted,CA0551,LIQ_0F4168490E,1,yes,no,insufficient_probes,0.0,0.0,
CA0553,CA0553,SDX001,SFC_38EFEBA36525,LIQ_0F4168490E,0.0,legacy_external,no,,,ZS_CA0553,zero_shot,,,0,no,no,zero_shot_not_applicable,0.0,0.0,0.0
CA0553,CA0553,SDX001,SFC_38EFEBA36525,LIQ_0F4168490E,0.0,legacy_external,no,,,PA_CA0553,probe_assisted,CA0554,LIQ_6656B41AB7,1,yes,no,insufficient_probes,0.0,0.0,
CA0554,CA0554,SDX001,SFC_38EFEBA36525,LIQ_6656B41AB7,34.9,legacy_external,no,,,ZS_CA0554,zero_shot,,,0,no,no,zero_shot_not_applicable,0.0,0.0,0.0
CA0554,CA0554,SDX001,SFC_38EFEBA36525,LIQ_6656B41AB7,34.9,legacy_external,no,,,PA_CA0554,probe_assisted,CA0553,LIQ_0F4168490E,1,yes,no,insufficient_probes,0.0,0.0,
CA0555,CA0555,SDX009,SFC_90843D24007D,LIQ_0F4168490E,110.9,legacy_external,no,,,ZS_CA0555,zero_shot,,,0,no,no,zero_shot_not_applicable,0.0,0.0,0.0
CA0555,CA0555,SDX009,SFC_90843D24007D,LIQ_0F4168490E,110.9,legacy_external,no,,,PA_CA0555,probe_assisted,CA0556,LIQ_6656B41AB7,1,yes,no,insufficient_probes,0.0,0.0,
CA0556,CA0556,SDX009,SFC_90843D24007D,LIQ_6656B41AB7,89.9,legacy_external,no,,,ZS_CA0556,zero_shot,,,0,no,no,zero_shot_not_applicable,0.0,0.0,0.0
CA0556,CA0556,SDX009,SFC_90843D24007D,LIQ_6656B41AB7,89.9,legacy_external,no,,,PA_CA0556,probe_assisted,CA0555,LIQ_0F4168490E,1,yes,no,insufficient_probes,0.0,0.0,
CA0557,CA0557,SDX009,SFC_962FBAB11443,LIQ_0F4168490E,126.9,legacy_external,no,,,ZS_CA0557,zero_shot,,,0,no,no,zero_shot_not_applicable,0.0,0.0,0.0
CA0557,CA0557,SDX009,SFC_962FBAB11443,LIQ_0F4168490E,126.9,legacy_external,no,,,PA_CA0557,probe_assisted,CA0558,LIQ_6656B41AB7,1,yes,no,insufficient_probes,0.0,0.0,
CA0558,CA0558,SDX009,SFC_962FBAB11443,LIQ_6656B41AB7,103.2,legacy_external,no,,,ZS_CA0558,zero_shot,,,0,no,no,zero_shot_not_applicable,0.0,0.0,0.0
CA0558,CA0558,SDX009,SFC_962FBAB11443,LIQ_6656B41AB7,103.2,legacy_external,no,,,PA_CA0558,probe_assisted,CA0557,LIQ_0F4168490E,1,yes,no,insufficient_probes,0.0,0.0,
CA0559,CA0559,SDX009,SFC_4A58BED65751,LIQ_0F4168490E,120.3,legacy_external,no,,,ZS_CA0559,zero_shot,,,0,no,no,zero_shot_not_applicable,0.0,0.0,0.0
CA0559,CA0559,SDX009,SFC_4A58BED65751,LIQ_0F4168490E,120.3,legacy_external,no,,,PA_CA0559,probe_assisted,CA0560,LIQ_6656B41AB7,1,yes,no,insufficient_probes,0.0,0.0,
CA0560,CA0560,SDX009,SFC_4A58BED65751,LIQ_6656B41AB7,105.9,legacy_external,no,,,ZS_CA0560,zero_shot,,,0,no,no,zero_shot_not_applicable,0.0,0.0,0.0
CA0560,CA0560,SDX009,SFC_4A58BED65751,LIQ_6656B41AB7,105.9,legacy_external,no,,,PA_CA0560,probe_assisted,CA0559,LIQ_0F4168490E,1,yes,no,insufficient_probes,0.0,0.0,
CA0561,CA0561,SDX009,SFC_FE7D2709B140,LIQ_0F4168490E,105.7,legacy_external,no,,,ZS_CA0561,zero_shot,,,0,no,no,zero_shot_not_applicable,0.0,0.0,0.0
CA0561,CA0561,SDX009,SFC_FE7D2709B140,LIQ_0F4168490E,105.7,legacy_external,no,,,PA_CA0561,probe_assisted,CA0562,LIQ_6656B41AB7,1,yes,no,insufficient_probes,0.0,0.0,
CA0562,CA0562,SDX009,SFC_FE7D2709B140,LIQ_6656B41AB7,97.3,legacy_external,no,,,ZS_CA0562,zero_shot,,,0,no,no,zero_shot_not_applicable,0.0,0.0,0.0
CA0562,CA0562,SDX009,SFC_FE7D2709B140,LIQ_6656B41AB7,97.3,legacy_external,no,,,PA_CA0562,probe_assisted,CA0561,LIQ_0F4168490E,1,yes,no,insufficient_probes,0.0,0.0,
CA0563,CA0563,SDX008,SFC_40DC495414A4,LIQ_0F4168490E,118.1,legacy_external,no,,,ZS_CA0563,zero_shot,,,0,no,no,zero_shot_not_applicable,0.0,0.0,0.0
CA0563,CA0563,SDX008,SFC_40DC495414A4,LIQ_0F4168490E,118.1,legacy_external,no,,,PA_CA0563,probe_assisted,CA0564;CA0565,LIQ_1BD1B94C09;LIQ_6656B41AB7,2,yes,yes,,20.883875071611477,0.01118820079998958,113.1454044243897
CA0564,CA0564,SDX008,SFC_40DC495414A4,LIQ_1BD1B94C09,90.0,legacy_external,no,,,ZS_CA0564,zero_shot,,,0,no,no,zero_shot_not_applicable,0.0,0.0,0.0
CA0564,CA0564,SDX008,SFC_40DC495414A4,LIQ_1BD1B94C09,90.0,legacy_external,no,,,PA_CA0564,probe_assisted,CA0563;CA0565,LIQ_0F4168490E;LIQ_6656B41AB7,2,yes,yes,,19.678094262593582,0.0,92.5637353539663
CA0565,CA0565,SDX008,SFC_40DC495414A4,LIQ_6656B41AB7,73.6,legacy_external,no,,,ZS_CA0565,zero_shot,,,0,no,no,zero_shot_not_applicable,0.0,0.0,0.0
CA0565,CA0565,SDX008,SFC_40DC495414A4,LIQ_6656B41AB7,73.6,legacy_external,no,,,PA_CA0565,probe_assisted,CA0563;CA0564,LIQ_0F4168490E;LIQ_1BD1B94C09,2,yes,yes,,19.868166135318216,0.0,75.4769909747144
CA0566,CA0566,SDX008,SFC_21ABD9D32070,LIQ_0F4168490E,24.6,legacy_external,no,,,ZS_CA0566,zero_shot,,,0,no,no,zero_shot_not_applicable,0.0,0.0,0.0
CA0566,CA0566,SDX008,SFC_21ABD9D32070,LIQ_0F4168490E,24.6,legacy_external,no,,,PA_CA0566,probe_assisted,CA0567;CA0568,LIQ_1BD1B94C09;LIQ_6656B41AB7,2,yes,yes,,30.702773158289435,26.813964625077475,43.3912952596714
CA0567,CA0567,SDX008,SFC_21ABD9D32070,LIQ_1BD1B94C09,13.7,legacy_external,no,,,ZS_CA0567,zero_shot,,,0,no,no,zero_shot_not_applicable,0.0,0.0,0.0
CA0567,CA0567,SDX008,SFC_21ABD9D32070,LIQ_1BD1B94C09,13.7,legacy_external,no,,,PA_CA0567,probe_assisted,CA0566;CA0568,LIQ_0F4168490E;LIQ_6656B41AB7,2,yes,yes,,30.702773158289453,37.316424758703846,0.0
CA0568,CA0568,SDX008,SFC_21ABD9D32070,LIQ_6656B41AB7,56.3,legacy_external,no,,,ZS_CA0568,zero_shot,,,0,no,no,zero_shot_not_applicable,0.0,0.0,0.0
CA0568,CA0568,SDX008,SFC_21ABD9D32070,LIQ_6656B41AB7,56.3,legacy_external,no,,,PA_CA0568,probe_assisted,CA0566;CA0567,LIQ_0F4168490E;LIQ_1BD1B94C09,2,yes,yes,,18.891054994895512,47.46878245773274,77.31300352418468
CA0569,CA0569,SDX008,SFC_086288EDF921,LIQ_0F4168490E,78.5,legacy_external,no,,,ZS_CA0569,zero_shot,,,0,no,no,zero_shot_not_applicable,0.0,0.0,0.0
CA0569,CA0569,SDX008,SFC_086288EDF921,LIQ_0F4168490E,78.5,legacy_external,no,,,PA_CA0569,probe_assisted,CA0570;CA0571,LIQ_1BD1B94C09;LIQ_6656B41AB7,2,yes,yes,,35.60176376037068,5.88229470510506,76.0431998606166
CA0570,CA0570,SDX008,SFC_086288EDF921,LIQ_1BD1B94C09,49.5,legacy_external,no,,,ZS_CA0570,zero_shot,,,0,no,no,zero_shot_not_applicable,0.0,0.0,0.0
CA0570,CA0570,SDX008,SFC_086288EDF921,LIQ_1BD1B94C09,49.5,legacy_external,no,,,PA_CA0570,probe_assisted,CA0569;CA0571,LIQ_0F4168490E;LIQ_6656B41AB7,2,yes,yes,,35.601763760370716,4.893718758753885,51.87295444675663
CA0571,CA0571,SDX008,SFC_086288EDF921,LIQ_6656B41AB7,47.6,legacy_external,no,,,ZS_CA0571,zero_shot,,,0,no,no,zero_shot_not_applicable,0.0,0.0,0.0
CA0571,CA0571,SDX008,SFC_086288EDF921,LIQ_6656B41AB7,47.6,legacy_external,no,,,PA_CA0571,probe_assisted,CA0569;CA0570,LIQ_0F4168490E;LIQ_1BD1B94C09,2,yes,yes,,38.94259036675556,4.134084583694196,41.31438325771212
CA0572,CA0572,SDX008,SFC_1B7A5069B364,LIQ_0F4168490E,73.7,legacy_external,no,,,ZS_CA0572,zero_shot,,,0,no,no,zero_shot_not_applicable,0.0,0.0,0.0
CA0572,CA0572,SDX008,SFC_1B7A5069B364,LIQ_0F4168490E,73.7,legacy_external,no,,,PA_CA0572,probe_assisted,CA0573;CA0574,LIQ_1BD1B94C09;LIQ_6656B41AB7,2,yes,yes,,27.941608181627934,4.153477361092058,85.53334924297
CA0573,CA0573,SDX008,SFC_1B7A5069B364,LIQ_1BD1B94C09,63.6,legacy_external,no,,,ZS_CA0573,zero_shot,,,0,no,no,zero_shot_not_applicable,0.0,0.0,0.0
CA0573,CA0573,SDX008,SFC_1B7A5069B364,LIQ_1BD1B94C09,63.6,legacy_external,no,,,PA_CA0573,probe_assisted,CA0572;CA0574,LIQ_0F4168490E;LIQ_6656B41AB7,2,yes,yes,,27.94160818162794,9.43486168994341,53.13050157419027
CA0574,CA0574,SDX008,SFC_1B7A5069B364,LIQ_6656B41AB7,61.1,legacy_external,no,,,ZS_CA0574,zero_shot,,,0,no,no,zero_shot_not_applicable,0.0,0.0,0.0
CA0574,CA0574,SDX008,SFC_1B7A5069B364,LIQ_6656B41AB7,61.1,legacy_external,no,,,PA_CA0574,probe_assisted,CA0572;CA0573,LIQ_0F4168490E;LIQ_1BD1B94C09,2,yes,yes,,15.673449443248908,15.517443103324243,83.6319946517665
CA0575,CA0575,SDX003,SFC_775871D74DA8,LIQ_0F4168490E,36.2,legacy_external,no,,,ZS_CA0575,zero_shot,,,0,no,no,zero_shot_not_applicable,0.0,0.0,0.0
CA0575,CA0575,SDX003,SFC_775871D74DA8,LIQ_0F4168490E,36.2,legacy_external,no,,,PA_CA0575,probe_assisted,CA0576;CA0577,LIQ_53310FAFB3;LIQ_6656B41AB7,2,yes,yes,,39.45889543450476,5.757032838799074,73.94915494952863
CA0576,CA0576,SDX003,SFC_775871D74DA8,LIQ_53310FAFB3,32.3,legacy_external,no,,,ZS_CA0576,zero_shot,,,0,no,no,zero_shot_not_applicable,0.0,0.0,0.0
CA0576,CA0576,SDX003,SFC_775871D74DA8,LIQ_53310FAFB3,32.3,legacy_external,no,,,PA_CA0576,probe_assisted,CA0575;CA0577,LIQ_0F4168490E;LIQ_6656B41AB7,2,yes,yes,,39.45889543450482,26.042628229387574,0.0
CA0577,CA0577,SDX003,SFC_775871D74DA8,LIQ_6656B41AB7,40.3,legacy_external,no,,,ZS_CA0577,zero_shot,,,0,no,no,zero_shot_not_applicable,0.0,0.0,0.0
CA0577,CA0577,SDX003,SFC_775871D74DA8,LIQ_6656B41AB7,40.3,legacy_external,no,,,PA_CA0577,probe_assisted,CA0575;CA0576,LIQ_0F4168490E;LIQ_53310FAFB3,2,yes,yes,,2.666876756507514,66.2990570805079,122.80305434744761
CA0578,CA0578,SDX003,SFC_C6A0892F143E,LIQ_0F4168490E,30.0,legacy_external,no,,,ZS_CA0578,zero_shot,,,0,no,no,zero_shot_not_applicable,0.0,0.0,0.0
CA0578,CA0578,SDX003,SFC_C6A0892F143E,LIQ_0F4168490E,30.0,legacy_external,no,,,PA_CA0578,probe_assisted,CA0579;CA0580,LIQ_53310FAFB3;LIQ_6656B41AB7,2,yes,yes,,43.02360485817624,5.448448928481214,72.58388933485459
CA0579,CA0579,SDX003,SFC_C6A0892F143E,LIQ_53310FAFB3,26.4,legacy_external,no,,,ZS_CA0579,zero_shot,,,0,no,no,zero_shot_not_applicable,0.0,0.0,0.0
CA0579,CA0579,SDX003,SFC_C6A0892F143E,LIQ_53310FAFB3,26.4,legacy_external,no,,,PA_CA0579,probe_assisted,CA0578;CA0580,LIQ_0F4168490E;LIQ_6656B41AB7,2,yes,yes,,43.02360485817627,27.27717340197993,0.0
CA0580,CA0580,SDX003,SFC_C6A0892F143E,LIQ_6656B41AB7,32.8,legacy_external,no,,,ZS_CA0580,zero_shot,,,0,no,no,zero_shot_not_applicable,0.0,0.0,0.0
CA0580,CA0580,SDX003,SFC_C6A0892F143E,LIQ_6656B41AB7,32.8,legacy_external,no,,,PA_CA0580,probe_assisted,CA0578;CA0579,LIQ_0F4168490E;LIQ_53310FAFB3,2,yes,yes,,2.5377555339409623,71.73491750451967,123.57197227383281
CA0581,CA0581,SDX002,SFC_740023729038,LIQ_0F4168490E,58.3,legacy_external,no,,,ZS_CA0581,zero_shot,,,0,no,no,zero_shot_not_applicable,0.0,0.0,0.0
CA0581,CA0581,SDX002,SFC_740023729038,LIQ_0F4168490E,58.3,legacy_external,no,,,PA_CA0581,probe_assisted,CA0582;CA0583,LIQ_1BD1B94C09;LIQ_6656B41AB7,2,yes,yes,,35.820643299637226,11.92938450797899,63.55530849176076
CA0582,CA0582,SDX002,SFC_740023729038,LIQ_1BD1B94C09,36.1,legacy_external,no,,,ZS_CA0582,zero_shot,,,0,no,no,zero_shot_not_applicable,0.0,0.0,0.0
CA0582,CA0582,SDX002,SFC_740023729038,LIQ_1BD1B94C09,36.1,legacy_external,no,,,PA_CA0582,probe_assisted,CA0581;CA0583,LIQ_0F4168490E;LIQ_6656B41AB7,2,yes,yes,,35.820643299637254,14.91781510441304,29.612758092922924
CA0583,CA0583,SDX002,SFC_740023729038,LIQ_6656B41AB7,47.2,legacy_external,no,,,ZS_CA0583,zero_shot,,,0,no,no,zero_shot_not_applicable,0.0,0.0,0.0
CA0583,CA0583,SDX002,SFC_740023729038,LIQ_6656B41AB7,47.2,legacy_external,no,,,PA_CA0583,probe_assisted,CA0581;CA0582,LIQ_0F4168490E;LIQ_1BD1B94C09,2,yes,yes,,29.818426400109058,17.683846007878717,57.83979973389523
CA0584,CA0584,SDX002,SFC_0DD31A36BF54,LIQ_0F4168490E,83.8,legacy_external,no,,,ZS_CA0584,zero_shot,,,0,no,no,zero_shot_not_applicable,0.0,0.0,0.0
CA0584,CA0584,SDX002,SFC_0DD31A36BF54,LIQ_0F4168490E,83.8,legacy_external,no,,,PA_CA0584,probe_assisted,CA0585;CA0586,LIQ_1BD1B94C09;LIQ_6656B41AB7,2,yes,yes,,36.58069120661128,2.0856818558419365,86.60924316510359
CA0585,CA0585,SDX002,SFC_0DD31A36BF54,LIQ_1BD1B94C09,58.7,legacy_external,no,,,ZS_CA0585,zero_shot,,,0,no,no,zero_shot_not_applicable,0.0,0.0,0.0
CA0585,CA0585,SDX002,SFC_0DD31A36BF54,LIQ_1BD1B94C09,58.7,legacy_external,no,,,PA_CA0585,probe_assisted,CA0584;CA0586,LIQ_0F4168490E;LIQ_6656B41AB7,2,yes,yes,,36.5806912066113,2.866922521938342,56.15507509200017
CA0586,CA0586,SDX002,SFC_0DD31A36BF54,LIQ_6656B41AB7,45.8,legacy_external,no,,,ZS_CA0586,zero_shot,,,0,no,no,zero_shot_not_applicable,0.0,0.0,0.0
CA0586,CA0586,SDX002,SFC_0DD31A36BF54,LIQ_6656B41AB7,45.8,legacy_external,no,,,PA_CA0586,probe_assisted,CA0584;CA0585,LIQ_0F4168490E;LIQ_1BD1B94C09,2,yes,yes,,32.81576317881953,3.6184153571588564,52.59413829163441
CA0587,CA0587,SDX010,SFC_B0B8AD6AD8FD,LIQ_0F4168490E,79.9,legacy_external,no,,,ZS_CA0587,zero_shot,,,0,no,no,zero_shot_not_applicable,0.0,0.0,0.0
CA0587,CA0587,SDX010,SFC_B0B8AD6AD8FD,LIQ_0F4168490E,79.9,legacy_external,no,,,PA_CA0587,probe_assisted,CA0588;CA0589,LIQ_6656B41AB7;LIQ_B6950B5CB8,2,yes,no,singular_fit,0.0,0.0,
CA0588,CA0588,SDX010,SFC_B0B8AD6AD8FD,LIQ_6656B41AB7,47.3,legacy_external,no,,,ZS_CA0588,zero_shot,,,0,no,no,zero_shot_not_applicable,0.0,0.0,0.0
CA0588,CA0588,SDX010,SFC_B0B8AD6AD8FD,LIQ_6656B41AB7,47.3,legacy_external,no,,,PA_CA0588,probe_assisted,CA0587;CA0589,LIQ_0F4168490E;LIQ_B6950B5CB8,2,yes,yes,,27.5,6.565508787196072,61.867362098076875
CA0589,CA0589,SDX010,SFC_B0B8AD6AD8FD,LIQ_B6950B5CB8,0.0,legacy_external,no,,,ZS_CA0589,zero_shot,,,0,no,no,zero_shot_not_applicable,0.0,0.0,0.0
CA0589,CA0589,SDX010,SFC_B0B8AD6AD8FD,LIQ_B6950B5CB8,0.0,legacy_external,no,,,PA_CA0589,probe_assisted,CA0587;CA0588,LIQ_0F4168490E;LIQ_6656B41AB7,2,yes,yes,,35.76599244516076,4.329950249082979,0.0
CA0590,CA0590,SDX010,SFC_E7FC3D2DD101,LIQ_0F4168490E,97.5,legacy_external,no,,,ZS_CA0590,zero_shot,,,0,no,no,zero_shot_not_applicable,0.0,0.0,0.0
CA0590,CA0590,SDX010,SFC_E7FC3D2DD101,LIQ_0F4168490E,97.5,legacy_external,no,,,PA_CA0590,probe_assisted,CA0591;CA0592,LIQ_6656B41AB7;LIQ_B6950B5CB8,2,yes,no,singular_fit,0.0,0.0,
CA0591,CA0591,SDX010,SFC_E7FC3D2DD101,LIQ_6656B41AB7,51.3,legacy_external,no,,,ZS_CA0591,zero_shot,,,0,no,no,zero_shot_not_applicable,0.0,0.0,0.0
CA0591,CA0591,SDX010,SFC_E7FC3D2DD101,LIQ_6656B41AB7,51.3,legacy_external,no,,,PA_CA0591,probe_assisted,CA0590;CA0592,LIQ_0F4168490E;LIQ_B6950B5CB8,2,yes,yes,,24.866647839635657,1.3723381498400657,66.46639465432675
CA0592,CA0592,SDX010,SFC_E7FC3D2DD101,LIQ_B6950B5CB8,25.6,legacy_external,no,,,ZS_CA0592,zero_shot,,,0,no,no,zero_shot_not_applicable,0.0,0.0,0.0
CA0592,CA0592,SDX010,SFC_E7FC3D2DD101,LIQ_B6950B5CB8,25.6,legacy_external,no,,,PA_CA0592,probe_assisted,CA0590;CA0591,LIQ_0F4168490E;LIQ_6656B41AB7,2,yes,yes,,33.54595388805891,0.4160309668505046,0.0
CA0593,CA0593,SDX010,SFC_F8664D03003D,LIQ_0F4168490E,78.7,legacy_external,no,,,ZS_CA0593,zero_shot,,,0,no,no,zero_shot_not_applicable,0.0,0.0,0.0
CA0593,CA0593,SDX010,SFC_F8664D03003D,LIQ_0F4168490E,78.7,legacy_external,no,,,PA_CA0593,probe_assisted,CA0594;CA0595,LIQ_6656B41AB7;LIQ_B6950B5CB8,2,yes,no,singular_fit,0.0,0.0,
CA0594,CA0594,SDX010,SFC_F8664D03003D,LIQ_6656B41AB7,35.6,legacy_external,no,,,ZS_CA0594,zero_shot,,,0,no,no,zero_shot_not_applicable,0.0,0.0,0.0
CA0594,CA0594,SDX010,SFC_F8664D03003D,LIQ_6656B41AB7,35.6,legacy_external,no,,,PA_CA0594,probe_assisted,CA0593;CA0595,LIQ_0F4168490E;LIQ_B6950B5CB8,2,yes,yes,,27.5,7.114054927119709,61.867362098076875
CA0595,CA0595,SDX010,SFC_F8664D03003D,LIQ_B6950B5CB8,0.0,legacy_external,no,,,ZS_CA0595,zero_shot,,,0,no,no,zero_shot_not_applicable,0.0,0.0,0.0
CA0595,CA0595,SDX010,SFC_F8664D03003D,LIQ_B6950B5CB8,0.0,legacy_external,no,,,PA_CA0595,probe_assisted,CA0593;CA0594,LIQ_0F4168490E;LIQ_6656B41AB7,2,yes,yes,,41.749146495308295,3.501921239978407,0.0
CA0596,CA0596,SDX010,SFC_57C35DC0B570,LIQ_0F4168490E,96.8,legacy_external,no,,,ZS_CA0596,zero_shot,,,0,no,no,zero_shot_not_applicable,0.0,0.0,0.0
CA0596,CA0596,SDX010,SFC_57C35DC0B570,LIQ_0F4168490E,96.8,legacy_external,no,,,PA_CA0596,probe_assisted,CA0597;CA0598,LIQ_6656B41AB7;LIQ_B6950B5CB8,2,yes,no,singular_fit,0.0,0.0,
CA0597,CA0597,SDX010,SFC_57C35DC0B570,LIQ_6656B41AB7,60.4,legacy_external,no,,,ZS_CA0597,zero_shot,,,0,no,no,zero_shot_not_applicable,0.0,0.0,0.0
CA0597,CA0597,SDX010,SFC_57C35DC0B570,LIQ_6656B41AB7,60.4,legacy_external,no,,,PA_CA0597,probe_assisted,CA0596;CA0598,LIQ_0F4168490E;LIQ_B6950B5CB8,2,yes,yes,,22.00565030543539,2.0350077635967123,71.558791718714
CA0598,CA0598,SDX010,SFC_57C35DC0B570,LIQ_B6950B5CB8,37.9,legacy_external,no,,,ZS_CA0598,zero_shot,,,0,no,no,zero_shot_not_applicable,0.0,0.0,0.0
CA0598,CA0598,SDX010,SFC_57C35DC0B570,LIQ_B6950B5CB8,37.9,legacy_external,no,,,PA_CA0598,probe_assisted,CA0596;CA0597,LIQ_0F4168490E;LIQ_6656B41AB7,2,yes,yes,,28.344651219311363,1.0255916668445193,0.0
CA0599,CA0599,SDX010,SFC_AD93A15A2199,LIQ_0F4168490E,81.4,legacy_external,no,,,ZS_CA0599,zero_shot,,,0,no,no,zero_shot_not_applicable,0.0,0.0,0.0
CA0599,CA0599,SDX010,SFC_AD93A15A2199,LIQ_0F4168490E,81.4,legacy_external,no,,,PA_CA0599,probe_assisted,CA0600;CA0601,LIQ_6656B41AB7;LIQ_B6950B5CB8,2,yes,no,singular_fit,0.0,0.0,
CA0600,CA0600,SDX010,SFC_AD93A15A2199,LIQ_6656B41AB7,44.9,legacy_external,no,,,ZS_CA0600,zero_shot,,,0,no,no,zero_shot_not_applicable,0.0,0.0,0.0
CA0600,CA0600,SDX010,SFC_AD93A15A2199,LIQ_6656B41AB7,44.9,legacy_external,no,,,PA_CA0600,probe_assisted,CA0599;CA0601,LIQ_0F4168490E;LIQ_B6950B5CB8,2,yes,yes,,27.5,5.908116873974264,61.867362098076875
CA0601,CA0601,SDX010,SFC_AD93A15A2199,LIQ_B6950B5CB8,0.0,legacy_external,no,,,ZS_CA0601,zero_shot,,,0,no,no,zero_shot_not_applicable,0.0,0.0,0.0
CA0601,CA0601,SDX010,SFC_AD93A15A2199,LIQ_B6950B5CB8,0.0,legacy_external,no,,,PA_CA0601,probe_assisted,CA0599;CA0600,LIQ_0F4168490E;LIQ_6656B41AB7,2,yes,yes,,37.06399751468973,3.530160605240192,0.0
CA0602,CA0602,SDX010,SFC_B9F3779B4230,LIQ_0F4168490E,99.4,legacy_external,no,,,ZS_CA0602,zero_shot,,,0,no,no,zero_shot_not_applicable,0.0,0.0,0.0
CA0602,CA0602,SDX010,SFC_B9F3779B4230,LIQ_0F4168490E,99.4,legacy_external,no,,,PA_CA0602,probe_assisted,CA0603;CA0604,LIQ_6656B41AB7;LIQ_B6950B5CB8,2,yes,no,singular_fit,0.0,0.0,
CA0603,CA0603,SDX010,SFC_B9F3779B4230,LIQ_6656B41AB7,66.8,legacy_external,no,,,ZS_CA0603,zero_shot,,,0,no,no,zero_shot_not_applicable,0.0,0.0,0.0
CA0603,CA0603,SDX010,SFC_B9F3779B4230,LIQ_6656B41AB7,66.8,legacy_external,no,,,PA_CA0603,probe_assisted,CA0602;CA0604,LIQ_0F4168490E;LIQ_B6950B5CB8,2,yes,yes,,20.29471107857492,1.7403139398422027,74.68511017091427
CA0604,CA0604,SDX010,SFC_B9F3779B4230,LIQ_B6950B5CB8,44.1,legacy_external,no,,,ZS_CA0604,zero_shot,,,0,no,no,zero_shot_not_applicable,0.0,0.0,0.0
CA0604,CA0604,SDX010,SFC_B9F3779B4230,LIQ_B6950B5CB8,44.1,legacy_external,no,,,PA_CA0604,probe_assisted,CA0602;CA0603,LIQ_0F4168490E;LIQ_6656B41AB7,2,yes,yes,,24.677040400888682,1.0337617924443316,26.547012601055627
CA0605,CA0605,SDX010,SFC_02B9E44B3DAE,LIQ_0F4168490E,81.1,legacy_external,no,,,ZS_CA0605,zero_shot,,,0,no,no,zero_shot_not_applicable,0.0,0.0,0.0
CA0605,CA0605,SDX010,SFC_02B9E44B3DAE,LIQ_0F4168490E,81.1,legacy_external,no,,,PA_CA0605,probe_assisted,CA0606;CA0607,LIQ_6656B41AB7;LIQ_B6950B5CB8,2,yes,no,singular_fit,0.0,0.0,
CA0606,CA0606,SDX010,SFC_02B9E44B3DAE,LIQ_6656B41AB7,45.7,legacy_external,no,,,ZS_CA0606,zero_shot,,,0,no,no,zero_shot_not_applicable,0.0,0.0,0.0
CA0606,CA0606,SDX010,SFC_02B9E44B3DAE,LIQ_6656B41AB7,45.7,legacy_external,no,,,PA_CA0606,probe_assisted,CA0605;CA0607,LIQ_0F4168490E;LIQ_B6950B5CB8,2,yes,yes,,27.50000000000001,6.0370412002590434,61.86736209807685
CA0607,CA0607,SDX010,SFC_02B9E44B3DAE,LIQ_B6950B5CB8,0.0,legacy_external,no,,,ZS_CA0607,zero_shot,,,0,no,no,zero_shot_not_applicable,0.0,0.0,0.0
CA0607,CA0607,SDX010,SFC_02B9E44B3DAE,LIQ_B6950B5CB8,0.0,legacy_external,no,,,PA_CA0607,probe_assisted,CA0605;CA0606,LIQ_0F4168490E;LIQ_6656B41AB7,2,yes,yes,,36.63460391867822,3.7186227505216976,0.0
CA0608,CA0608,SDX007,SFC_82F5C36F39D2,LIQ_0F4168490E,61.3,legacy_external,no,,,ZS_CA0608,zero_shot,,,0,no,no,zero_shot_not_applicable,0.0,0.0,0.0
CA0608,CA0608,SDX007,SFC_82F5C36F39D2,LIQ_0F4168490E,61.3,legacy_external,no,,,PA_CA0608,probe_assisted,CA0609;CA0610,LIQ_53310FAFB3;LIQ_6656B41AB7,2,yes,yes,,41.22922249681293,2.19066604956211,83.4535746133524
CA0609,CA0609,SDX007,SFC_82F5C36F39D2,LIQ_6656B41AB7,36.7,legacy_external,no,,,ZS_CA0609,zero_shot,,,0,no,no,zero_shot_not_applicable,0.0,0.0,0.0
CA0609,CA0609,SDX007,SFC_82F5C36F39D2,LIQ_6656B41AB7,36.7,legacy_external,no,,,PA_CA0609,probe_assisted,CA0608;CA0610,LIQ_0F4168490E;LIQ_53310FAFB3,2,yes,yes,,10.315718653007506,29.646453050684997,95.66688306732674
CA0610,CA0610,SDX007,SFC_82F5C36F39D2,LIQ_53310FAFB3,44.8,legacy_external,no,,,ZS_CA0610,zero_shot,,,0,no,no,zero_shot_not_applicable,0.0,0.0,0.0
CA0610,CA0610,SDX007,SFC_82F5C36F39D2,LIQ_53310FAFB3,44.8,legacy_external,no,,,PA_CA0610,probe_assisted,CA0608;CA0609,LIQ_0F4168490E;LIQ_6656B41AB7,2,yes,yes,,41.22922249681299,11.200375254527781,0.0
CA0611,CA0611,SDX007,SFC_FF44FFDB2AC3,LIQ_0F4168490E,83.2,legacy_external,no,,,ZS_CA0611,zero_shot,,,0,no,no,zero_shot_not_applicable,0.0,0.0,0.0
CA0611,CA0611,SDX007,SFC_FF44FFDB2AC3,LIQ_0F4168490E,83.2,legacy_external,no,,,PA_CA0611,probe_assisted,CA0612;CA0613,LIQ_53310FAFB3;LIQ_6656B41AB7,2,yes,yes,,32.69917665659737,1.6733322351754738,90.72870834787031
CA0612,CA0612,SDX007,SFC_FF44FFDB2AC3,LIQ_6656B41AB7,52.8,legacy_external,no,,,ZS_CA0612,zero_shot,,,0,no,no,zero_shot_not_applicable,0.0,0.0,0.0
CA0612,CA0612,SDX007,SFC_FF44FFDB2AC3,LIQ_6656B41AB7,52.8,legacy_external,no,,,PA_CA0612,probe_assisted,CA0611;CA0613,LIQ_0F4168490E;LIQ_53310FAFB3,2,yes,yes,,20.878331650993236,7.361143926373927,73.61016529019334
CA0613,CA0613,SDX007,SFC_FF44FFDB2AC3,LIQ_53310FAFB3,58.8,legacy_external,no,,,ZS_CA0613,zero_shot,,,0,no,no,zero_shot_not_applicable,0.0,0.0,0.0
CA0613,CA0613,SDX007,SFC_FF44FFDB2AC3,LIQ_53310FAFB3,58.8,legacy_external,no,,,PA_CA0613,probe_assisted,CA0611;CA0612,LIQ_0F4168490E;LIQ_6656B41AB7,2,yes,yes,,32.69917665659742,3.849070261769714,50.25217089126208
CA0614,CA0614,SDX007,SFC_ACA747208E92,LIQ_0F4168490E,70.0,legacy_external,no,,,ZS_CA0614,zero_shot,,,0,no,no,zero_shot_not_applicable,0.0,0.0,0.0
CA0614,CA0614,SDX007,SFC_ACA747208E92,LIQ_0F4168490E,70.0,legacy_external,no,,,PA_CA0614,probe_assisted,CA0615;CA0616,LIQ_53310FAFB3;LIQ_6656B41AB7,2,yes,yes,,34.21833254082726,5.804145629919521,77.11462933732575
CA0615,CA0615,SDX007,SFC_ACA747208E92,LIQ_6656B41AB7,50.1,legacy_external,no,,,ZS_CA0615,zero_shot,,,0,no,no,zero_shot_not_applicable,0.0,0.0,0.0
CA0615,CA0615,SDX007,SFC_ACA747208E92,LIQ_6656B41AB7,50.1,legacy_external,no,,,PA_CA0615,probe_assisted,CA0614;CA0616,LIQ_0F4168490E;LIQ_53310FAFB3,2,yes,yes,,23.104041471227916,13.673111756714501,69.58709757457488
CA0616,CA0616,SDX007,SFC_ACA747208E92,LIQ_53310FAFB3,41.4,legacy_external,no,,,ZS_CA0616,zero_shot,,,0,no,no,zero_shot_not_applicable,0.0,0.0,0.0
CA0616,CA0616,SDX007,SFC_ACA747208E92,LIQ_53310FAFB3,41.4,legacy_external,no,,,PA_CA0616,probe_assisted,CA0614;CA0615,LIQ_0F4168490E;LIQ_6656B41AB7,2,yes,yes,,34.2183325408273,9.095177575287813,30.65086001336726
EXT_936D30510340,EXT_936D30510340,OPEN_CELLULOSE_ESTER,SFC_96F700A16BD8,LIQ_1BD1B94C09,50.7,prospective_open_external,no,,,ZS_EXT_936D30510340,zero_shot,,,0,no,no,zero_shot_not_applicable,0.0,0.0,0.0
EXT_936D30510340,EXT_936D30510340,OPEN_CELLULOSE_ESTER,SFC_96F700A16BD8,LIQ_1BD1B94C09,50.7,prospective_open_external,no,,,PA_EXT_936D30510340,probe_assisted,EXT_559D6064BED1;EXT_A05461A4CCC6,LIQ_0F4168490E;LIQ_6656B41AB7,2,yes,yes,,44.63032788922155,9.895441571947202,24.293302936519424
EXT_A05461A4CCC6,EXT_A05461A4CCC6,OPEN_CELLULOSE_ESTER,SFC_96F700A16BD8,LIQ_6656B41AB7,29.0,prospective_open_external,no,,,ZS_EXT_A05461A4CCC6,zero_shot,,,0,no,no,zero_shot_not_applicable,0.0,0.0,0.0
EXT_A05461A4CCC6,EXT_A05461A4CCC6,OPEN_CELLULOSE_ESTER,SFC_96F700A16BD8,LIQ_6656B41AB7,29.0,prospective_open_external,no,,,PA_EXT_A05461A4CCC6,probe_assisted,EXT_559D6064BED1;EXT_936D30510340,LIQ_0F4168490E;LIQ_1BD1B94C09,2,yes,yes,,18.53677461935373,22.076597946334473,77.98695857637682
EXT_559D6064BED1,EXT_559D6064BED1,OPEN_CELLULOSE_ESTER,SFC_96F700A16BD8,LIQ_0F4168490E,61.7,prospective_open_external,no,,,ZS_EXT_559D6064BED1,zero_shot,,,0,no,no,zero_shot_not_applicable,0.0,0.0,0.0
EXT_559D6064BED1,EXT_559D6064BED1,OPEN_CELLULOSE_ESTER,SFC_96F700A16BD8,LIQ_0F4168490E,61.7,prospective_open_external,no,,,PA_EXT_559D6064BED1,probe_assisted,EXT_936D30510340;EXT_A05461A4CCC6,LIQ_1BD1B94C09;LIQ_6656B41AB7,2,yes,yes,,44.63032788922151,1.6787954883497551,83.61969464839534
EXT_14ACC371AD61,EXT_14ACC371AD61,OPEN_CELLULOSE_ESTER,SFC_A70448B898F8,LIQ_1BD1B94C09,61.3,prospective_open_external,no,,,ZS_EXT_14ACC371AD61,zero_shot,,,0,no,no,zero_shot_not_applicable,0.0,0.0,0.0
EXT_14ACC371AD61,EXT_14ACC371AD61,OPEN_CELLULOSE_ESTER,SFC_A70448B898F8,LIQ_1BD1B94C09,61.3,prospective_open_external,no,,,PA_EXT_14ACC371AD61,probe_assisted,EXT_A61229BDED6F;EXT_F0F5A1C2B409,LIQ_0F4168490E;LIQ_6656B41AB7,2,yes,yes,,41.65539238694304,6.73676476819577,38.74107211581704
EXT_F0F5A1C2B409,EXT_F0F5A1C2B409,OPEN_CELLULOSE_ESTER,SFC_A70448B898F8,LIQ_6656B41AB7,35.8,prospective_open_external,no,,,ZS_EXT_F0F5A1C2B409,zero_shot,,,0,no,no,zero_shot_not_applicable,0.0,0.0,0.0
EXT_F0F5A1C2B409,EXT_F0F5A1C2B409,OPEN_CELLULOSE_ESTER,SFC_A70448B898F8,LIQ_6656B41AB7,35.8,prospective_open_external,no,,,PA_EXT_F0F5A1C2B409,probe_assisted,EXT_14ACC371AD61;EXT_A61229BDED6F,LIQ_0F4168490E;LIQ_1BD1B94C09,2,yes,yes,,15.160832536032295,18.228762546687037,84.68702073767878
EXT_A61229BDED6F,EXT_A61229BDED6F,OPEN_CELLULOSE_ESTER,SFC_A70448B898F8,LIQ_0F4168490E,70.3,prospective_open_external,no,,,ZS_EXT_A61229BDED6F,zero_shot,,,0,no,no,zero_shot_not_applicable,0.0,0.0,0.0
EXT_A61229BDED6F,EXT_A61229BDED6F,OPEN_CELLULOSE_ESTER,SFC_A70448B898F8,LIQ_0F4168490E,70.3,prospective_open_external,no,,,PA_EXT_A61229BDED6F,probe_assisted,EXT_14ACC371AD61;EXT_F0F5A1C2B409,LIQ_1BD1B94C09;LIQ_6656B41AB7,2,yes,yes,,41.65539238694301,0.36146261932162355,93.10549766285342
EXT_94AA6A446187,EXT_94AA6A446187,OPEN_CELLULOSE_ESTER,SFC_5C313003AB36,LIQ_1BD1B94C09,71.2,prospective_open_external,no,,,ZS_EXT_94AA6A446187,zero_shot,,,0,no,no,zero_shot_not_applicable,0.0,0.0,0.0
EXT_94AA6A446187,EXT_94AA6A446187,OPEN_CELLULOSE_ESTER,SFC_5C313003AB36,LIQ_1BD1B94C09,71.2,prospective_open_external,no,,,PA_EXT_94AA6A446187,probe_assisted,EXT_219685EEFF8F;EXT_5EF19E47F632,LIQ_0F4168490E;LIQ_6656B41AB7,2,yes,yes,,39.103372528754846,3.520163776898158,51.051918843585106
EXT_5EF19E47F632,EXT_5EF19E47F632,OPEN_CELLULOSE_ESTER,SFC_5C313003AB36,LIQ_6656B41AB7,41.0,prospective_open_external,no,,,ZS_EXT_5EF19E47F632,zero_shot,,,0,no,no,zero_shot_not_applicable,0.0,0.0,0.0
EXT_5EF19E47F632,EXT_5EF19E47F632,OPEN_CELLULOSE_ESTER,SFC_5C313003AB36,LIQ_6656B41AB7,41.0,prospective_open_external,no,,,PA_EXT_5EF19E47F632,probe_assisted,EXT_219685EEFF8F;EXT_94AA6A446187,LIQ_0F4168490E;LIQ_1BD1B94C09,2,yes,yes,,13.224553102989427,12.8666316491452,88.82863544647921
EXT_219685EEFF8F,EXT_219685EEFF8F,OPEN_CELLULOSE_ESTER,SFC_5C313003AB36,LIQ_0F4168490E,80.2,prospective_open_external,no,,,ZS_EXT_219685EEFF8F,zero_shot,,,0,no,no,zero_shot_not_applicable,0.0,0.0,0.0
EXT_219685EEFF8F,EXT_219685EEFF8F,OPEN_CELLULOSE_ESTER,SFC_5C313003AB36,LIQ_0F4168490E,80.2,prospective_open_external,no,,,PA_EXT_219685EEFF8F,probe_assisted,EXT_5EF19E47F632;EXT_94AA6A446187,LIQ_1BD1B94C09;LIQ_6656B41AB7,2,yes,yes,,38.491787363026084,0.0,101.7819245837612
EXT_E11F4024C217,EXT_E11F4024C217,OPEN_CELLULOSE_ESTER,SFC_316C3D980026,LIQ_1BD1B94C09,78.7,prospective_open_external,no,,,ZS_EXT_E11F4024C217,zero_shot,,,0,no,no,zero_shot_not_applicable,0.0,0.0,0.0
EXT_E11F4024C217,EXT_E11F4024C217,OPEN_CELLULOSE_ESTER,SFC_316C3D980026,LIQ_1BD1B94C09,78.7,prospective_open_external,no,,,PA_EXT_E11F4024C217,probe_assisted,EXT_080C51B10123;EXT_2280601FAB67,LIQ_0F4168490E;LIQ_6656B41AB7,2,yes,yes,,36.90337793018325,1.9626952576707188,58.75130275364871
EXT_080C51B10123,EXT_080C51B10123,OPEN_CELLULOSE_ESTER,SFC_316C3D980026,LIQ_6656B41AB7,45.2,prospective_open_external,no,,,ZS_EXT_080C51B10123,zero_shot,,,0,no,no,zero_shot_not_applicable,0.0,0.0,0.0
EXT_080C51B10123,EXT_080C51B10123,OPEN_CELLULOSE_ESTER,SFC_316C3D980026,LIQ_6656B41AB7,45.2,prospective_open_external,no,,,PA_EXT_080C51B10123,probe_assisted,EXT_2280601FAB67;EXT_E11F4024C217,LIQ_0F4168490E;LIQ_1BD1B94C09,2,yes,yes,,11.006015464507566,10.263481814054218,93.96104401263273
EXT_2280601FAB67,EXT_2280601FAB67,OPEN_CELLULOSE_ESTER,SFC_316C3D980026,LIQ_0F4168490E,86.9,prospective_open_external,no,,,ZS_EXT_2280601FAB67,zero_shot,,,0,no,no,zero_shot_not_applicable,0.0,0.0,0.0
EXT_2280601FAB67,EXT_2280601FAB67,OPEN_CELLULOSE_ESTER,SFC_316C3D980026,LIQ_0F4168490E,86.9,prospective_open_external,no,,,PA_EXT_2280601FAB67,probe_assisted,EXT_080C51B10123;EXT_E11F4024C217,LIQ_1BD1B94C09;LIQ_6656B41AB7,2,yes,yes,,34.20456952386242,0.0,104.46650874074774
EXT_49031F0CF1DA,EXT_49031F0CF1DA,OPEN_CROSS_MATERIAL_2026,SFC_6CC47C08CF64,LIQ_0F4168490E,0.0,prospective_open_external,no,,,ZS_EXT_49031F0CF1DA,zero_shot,,,0,no,no,zero_shot_not_applicable,0.0,0.0,0.0
EXT_A0FF3F05F460,EXT_A0FF3F05F460,OPEN_CROSS_MATERIAL_2026,SFC_FFEC58F1530E,LIQ_0F4168490E,0.0,prospective_open_external,no,,,ZS_EXT_A0FF3F05F460,zero_shot,,,0,no,no,zero_shot_not_applicable,0.0,0.0,0.0
EXT_FEB4B983371B,EXT_FEB4B983371B,OPEN_CROSS_MATERIAL_2026,SFC_E543580D2581,LIQ_0F4168490E,5.0,prospective_open_external,no,,,ZS_EXT_FEB4B983371B,zero_shot,,,0,no,no,zero_shot_not_applicable,0.0,0.0,0.0
EXT_1435D4EE7D58,EXT_1435D4EE7D58,OPEN_CROSS_MATERIAL_2026,SFC_B031A7CFA524,LIQ_0F4168490E,5.0,prospective_open_external,no,,,ZS_EXT_1435D4EE7D58,zero_shot,,,0,no,no,zero_shot_not_applicable,0.0,0.0,0.0
EXT_C5532BFE0392,EXT_C5532BFE0392,OPEN_CROSS_MATERIAL_2026,SFC_88AD8E0824C4,LIQ_0F4168490E,11.0,prospective_open_external,no,,,ZS_EXT_C5532BFE0392,zero_shot,,,0,no,no,zero_shot_not_applicable,0.0,0.0,0.0
EXT_44B14E084099,EXT_44B14E084099,OPEN_CROSS_MATERIAL_2026,SFC_3C19B5C5940C,LIQ_0F4168490E,23.5,prospective_open_external,no,,,ZS_EXT_44B14E084099,zero_shot,,,0,no,no,zero_shot_not_applicable,0.0,0.0,0.0
EXT_969E7805FF23,EXT_969E7805FF23,OPEN_CROSS_MATERIAL_2026,SFC_EF22972A391D,LIQ_0F4168490E,32.0,prospective_open_external,no,,,ZS_EXT_969E7805FF23,zero_shot,,,0,no,no,zero_shot_not_applicable,0.0,0.0,0.0
EXT_AF240CDD39AB,EXT_AF240CDD39AB,OPEN_CROSS_MATERIAL_2026,SFC_DFAA6FA9D311,LIQ_0F4168490E,34.0,prospective_open_external,no,,,ZS_EXT_AF240CDD39AB,zero_shot,,,0,no,no,zero_shot_not_applicable,0.0,0.0,0.0
EXT_1AE336EF5B2E,EXT_1AE336EF5B2E,OPEN_CROSS_MATERIAL_2026,SFC_0E29DCF6B0F6,LIQ_0F4168490E,39.1,prospective_open_external,no,,,ZS_EXT_1AE336EF5B2E,zero_shot,,,0,no,no,zero_shot_not_applicable,0.0,0.0,0.0
EXT_0D0567136BE4,EXT_0D0567136BE4,OPEN_CROSS_MATERIAL_2026,SFC_CCA852C05DD9,LIQ_6656B41AB7,43.2,prospective_open_external,no,,,ZS_EXT_0D0567136BE4,zero_shot,,,0,no,no,zero_shot_not_applicable,0.0,0.0,0.0
EXT_0D0567136BE4,EXT_0D0567136BE4,OPEN_CROSS_MATERIAL_2026,SFC_CCA852C05DD9,LIQ_6656B41AB7,43.2,prospective_open_external,no,,,PA_EXT_0D0567136BE4,probe_assisted,EXT_03E658446E71;EXT_4192CE86DB7A;EXT_45B7FC6A550A;EXT_EDDBCE0D5ECF,LIQ_0F4168490E;LIQ_1BD1B94C09;LIQ_53310FAFB3;LIQ_5C0DC0DCD1,4,yes,yes,,17.628003186783772,14.352891328371767,79.73811920429965
EXT_02746EDBC523,EXT_02746EDBC523,OPEN_CROSS_MATERIAL_2026,SFC_B11F05311C95,LIQ_0F4168490E,48.0,prospective_open_external,no,,,ZS_EXT_02746EDBC523,zero_shot,,,0,no,no,zero_shot_not_applicable,0.0,0.0,0.0
EXT_D2BDCF2B48E1,EXT_D2BDCF2B48E1,OPEN_CROSS_MATERIAL_2026,SFC_276FB2540C6B,LIQ_0F4168490E,49.0,prospective_open_external,no,,,ZS_EXT_D2BDCF2B48E1,zero_shot,,,0,no,no,zero_shot_not_applicable,0.0,0.0,0.0
EXT_AD49AC8FC73F,EXT_AD49AC8FC73F,OPEN_CROSS_MATERIAL_2026,SFC_45F8C8F50DAD,LIQ_0F4168490E,50.0,prospective_open_external,no,,,ZS_EXT_AD49AC8FC73F,zero_shot,,,0,no,no,zero_shot_not_applicable,0.0,0.0,0.0
EXT_03E658446E71,EXT_03E658446E71,OPEN_CROSS_MATERIAL_2026,SFC_CCA852C05DD9,LIQ_1BD1B94C09,56.7,prospective_open_external,no,,,ZS_EXT_03E658446E71,zero_shot,,,0,no,no,zero_shot_not_applicable,0.0,0.0,0.0
EXT_03E658446E71,EXT_03E658446E71,OPEN_CROSS_MATERIAL_2026,SFC_CCA852C05DD9,LIQ_1BD1B94C09,56.7,prospective_open_external,no,,,PA_EXT_03E658446E71,probe_assisted,EXT_0D0567136BE4;EXT_4192CE86DB7A;EXT_45B7FC6A550A;EXT_EDDBCE0D5ECF,LIQ_0F4168490E;LIQ_53310FAFB3;LIQ_5C0DC0DCD1;LIQ_6656B41AB7,4,yes,yes,,33.97268902932892,4.841741140139124,54.13375170767527
EXT_4192CE86DB7A,EXT_4192CE86DB7A,OPEN_CROSS_MATERIAL_2026,SFC_CCA852C05DD9,LIQ_53310FAFB3,57.0,prospective_open_external,no,,,ZS_EXT_4192CE86DB7A,zero_shot,,,0,no,no,zero_shot_not_applicable,0.0,0.0,0.0
EXT_4192CE86DB7A,EXT_4192CE86DB7A,OPEN_CROSS_MATERIAL_2026,SFC_CCA852C05DD9,LIQ_53310FAFB3,57.0,prospective_open_external,no,,,PA_EXT_4192CE86DB7A,probe_assisted,EXT_03E658446E71;EXT_0D0567136BE4;EXT_45B7FC6A550A;EXT_EDDBCE0D5ECF,LIQ_0F4168490E;LIQ_1BD1B94C09;LIQ_5C0DC0DCD1;LIQ_6656B41AB7,4,yes,yes,,34.46670412658423,5.23738530534071,42.86537168453326
EXT_CEE170F19AC5,EXT_CEE170F19AC5,OPEN_CROSS_MATERIAL_2026,SFC_C29649784C9E,LIQ_0F4168490E,57.0,prospective_open_external,no,,,ZS_EXT_CEE170F19AC5,zero_shot,,,0,no,no,zero_shot_not_applicable,0.0,0.0,0.0
EXT_8A4A8419F90A,EXT_8A4A8419F90A,OPEN_CROSS_MATERIAL_2026,SFC_76251AE8917C,LIQ_0F4168490E,58.0,prospective_open_external,no,,,ZS_EXT_8A4A8419F90A,zero_shot,,,0,no,no,zero_shot_not_applicable,0.0,0.0,0.0
EXT_9A2570B5651D,EXT_9A2570B5651D,OPEN_CROSS_MATERIAL_2026,SFC_4B11F0C60536,LIQ_0F4168490E,58.0,prospective_open_external,no,,,ZS_EXT_9A2570B5651D,zero_shot,,,0,no,no,zero_shot_not_applicable,0.0,0.0,0.0
EXT_05AE5BE2451B,EXT_05AE5BE2451B,OPEN_CROSS_MATERIAL_2026,SFC_8A5FD38D06DE,LIQ_5C0DC0DCD1,58.0,prospective_open_external,no,,,ZS_EXT_05AE5BE2451B,zero_shot,,,0,no,no,zero_shot_not_applicable,0.0,0.0,0.0
EXT_C356E81E54A2,EXT_C356E81E54A2,OPEN_CROSS_MATERIAL_2026,SFC_8038D9A6A20A,LIQ_0F4168490E,59.0,prospective_open_external,no,,,ZS_EXT_C356E81E54A2,zero_shot,,,0,no,no,zero_shot_not_applicable,0.0,0.0,0.0
EXT_7EC8DDA8A7F9,EXT_7EC8DDA8A7F9,OPEN_CROSS_MATERIAL_2026,SFC_9E83E4237A7D,LIQ_0F4168490E,60.0,prospective_open_external,no,,,ZS_EXT_7EC8DDA8A7F9,zero_shot,,,0,no,no,zero_shot_not_applicable,0.0,0.0,0.0
EXT_6881AA073FB3,EXT_6881AA073FB3,OPEN_CROSS_MATERIAL_2026,SFC_127F69376811,LIQ_53310FAFB3,60.0,prospective_open_external,no,,,ZS_EXT_6881AA073FB3,zero_shot,,,0,no,no,zero_shot_not_applicable,0.0,0.0,0.0
EXT_88465FC708C8,EXT_88465FC708C8,OPEN_CROSS_MATERIAL_2026,SFC_B2B460B5E74C,LIQ_0F4168490E,63.0,prospective_open_external,no,,,ZS_EXT_88465FC708C8,zero_shot,,,0,no,no,zero_shot_not_applicable,0.0,0.0,0.0
EXT_F5CE170CF68A,EXT_F5CE170CF68A,OPEN_CROSS_MATERIAL_2026,SFC_CB8C71D24418,LIQ_0F4168490E,64.0,prospective_open_external,no,,,ZS_EXT_F5CE170CF68A,zero_shot,,,0,no,no,zero_shot_not_applicable,0.0,0.0,0.0
EXT_1A2DEF91ADCC,EXT_1A2DEF91ADCC,OPEN_CROSS_MATERIAL_2026,SFC_AFE29766ABB1,LIQ_0F4168490E,64.0,prospective_open_external,no,,,ZS_EXT_1A2DEF91ADCC,zero_shot,,,0,no,no,zero_shot_not_applicable,0.0,0.0,0.0
EXT_3FBC997EA1E4,EXT_3FBC997EA1E4,OPEN_CROSS_MATERIAL_2026,SFC_84E420BFB264,LIQ_0F4168490E,64.4,prospective_open_external,no,,,ZS_EXT_3FBC997EA1E4,zero_shot,,,0,no,no,zero_shot_not_applicable,0.0,0.0,0.0
EXT_EDDBCE0D5ECF,EXT_EDDBCE0D5ECF,OPEN_CROSS_MATERIAL_2026,SFC_CCA852C05DD9,LIQ_5C0DC0DCD1,66.8,prospective_open_external,no,,,ZS_EXT_EDDBCE0D5ECF,zero_shot,,,0,no,no,zero_shot_not_applicable,0.0,0.0,0.0
EXT_EDDBCE0D5ECF,EXT_EDDBCE0D5ECF,OPEN_CROSS_MATERIAL_2026,SFC_CCA852C05DD9,LIQ_5C0DC0DCD1,66.8,prospective_open_external,no,,,PA_EXT_EDDBCE0D5ECF,probe_assisted,EXT_03E658446E71;EXT_0D0567136BE4;EXT_4192CE86DB7A;EXT_45B7FC6A550A,LIQ_0F4168490E;LIQ_1BD1B94C09;LIQ_53310FAFB3;LIQ_6656B41AB7,4,yes,yes,,34.14223664712856,5.211129386266049,60.579365068186824
EXT_038089E43DB7,EXT_038089E43DB7,OPEN_CROSS_MATERIAL_2026,SFC_A20F2DE2FF3E,LIQ_0F4168490E,67.0,prospective_open_external,no,,,ZS_EXT_038089E43DB7,zero_shot,,,0,no,no,zero_shot_not_applicable,0.0,0.0,0.0
EXT_342CB85D601A,EXT_342CB85D601A,OPEN_CROSS_MATERIAL_2026,SFC_E32E065C262B,LIQ_0F4168490E,67.3,prospective_open_external,no,,,ZS_EXT_342CB85D601A,zero_shot,,,0,no,no,zero_shot_not_applicable,0.0,0.0,0.0
EXT_8CF003D59705,EXT_8CF003D59705,OPEN_CROSS_MATERIAL_2026,SFC_E82B74C28497,LIQ_0F4168490E,68.0,prospective_open_external,no,,,ZS_EXT_8CF003D59705,zero_shot,,,0,no,no,zero_shot_not_applicable,0.0,0.0,0.0
EXT_8EAC9776F893,EXT_8EAC9776F893,OPEN_CROSS_MATERIAL_2026,SFC_953A3ED1CCEC,LIQ_0F4168490E,68.0,prospective_open_external,no,,,ZS_EXT_8EAC9776F893,zero_shot,,,0,no,no,zero_shot_not_applicable,0.0,0.0,0.0
EXT_D4DD701B186E,EXT_D4DD701B186E,OPEN_CROSS_MATERIAL_2026,SFC_A6484648C3AE,LIQ_0F4168490E,69.0,prospective_open_external,no,,,ZS_EXT_D4DD701B186E,zero_shot,,,0,no,no,zero_shot_not_applicable,0.0,0.0,0.0
EXT_8802B975D414,EXT_8802B975D414,OPEN_CROSS_MATERIAL_2026,SFC_F9572A899579,LIQ_0F4168490E,70.0,prospective_open_external,no,,,ZS_EXT_8802B975D414,zero_shot,,,0,no,no,zero_shot_not_applicable,0.0,0.0,0.0
EXT_C7165B4C6E34,EXT_C7165B4C6E34,OPEN_CROSS_MATERIAL_2026,SFC_87885EEBDCD9,LIQ_0F4168490E,71.0,prospective_open_external,no,,,ZS_EXT_C7165B4C6E34,zero_shot,,,0,no,no,zero_shot_not_applicable,0.0,0.0,0.0
EXT_8CA8BA32AFC9,EXT_8CA8BA32AFC9,OPEN_CROSS_MATERIAL_2026,SFC_7FF8363F812D,LIQ_0F4168490E,72.0,prospective_open_external,no,,,ZS_EXT_8CA8BA32AFC9,zero_shot,,,0,no,no,zero_shot_not_applicable,0.0,0.0,0.0
EXT_3B4C47EB271C,EXT_3B4C47EB271C,OPEN_CROSS_MATERIAL_2026,SFC_C4A57786C3BE,LIQ_0F4168490E,72.0,prospective_open_external,no,,,ZS_EXT_3B4C47EB271C,zero_shot,,,0,no,no,zero_shot_not_applicable,0.0,0.0,0.0
EXT_45B7FC6A550A,EXT_45B7FC6A550A,OPEN_CROSS_MATERIAL_2026,SFC_CCA852C05DD9,LIQ_0F4168490E,72.8,prospective_open_external,no,,,ZS_EXT_45B7FC6A550A,zero_shot,,,0,no,no,zero_shot_not_applicable,0.0,0.0,0.0
EXT_45B7FC6A550A,EXT_45B7FC6A550A,OPEN_CROSS_MATERIAL_2026,SFC_CCA852C05DD9,LIQ_0F4168490E,72.8,prospective_open_external,no,,,PA_EXT_45B7FC6A550A,probe_assisted,EXT_03E658446E71;EXT_0D0567136BE4;EXT_4192CE86DB7A;EXT_EDDBCE0D5ECF,LIQ_1BD1B94C09;LIQ_53310FAFB3;LIQ_5C0DC0DCD1;LIQ_6656B41AB7,4,yes,yes,,38.159861084652825,1.4750579454965833,88.24335536065111
EXT_F934ECFE3262,EXT_F934ECFE3262,OPEN_CROSS_MATERIAL_2026,SFC_89A0CB9F83E8,LIQ_0F4168490E,73.0,prospective_open_external,no,,,ZS_EXT_F934ECFE3262,zero_shot,,,0,no,no,zero_shot_not_applicable,0.0,0.0,0.0
EXT_E452CC93D716,EXT_E452CC93D716,OPEN_CROSS_MATERIAL_2026,SFC_7B8DA975FCE0,LIQ_0F4168490E,73.0,prospective_open_external,no,,,ZS_EXT_E452CC93D716,zero_shot,,,0,no,no,zero_shot_not_applicable,0.0,0.0,0.0
EXT_1C5304636A68,EXT_1C5304636A68,OPEN_CROSS_MATERIAL_2026,SFC_B32C6485DACA,LIQ_0F4168490E,75.9,prospective_open_external,no,,,ZS_EXT_1C5304636A68,zero_shot,,,0,no,no,zero_shot_not_applicable,0.0,0.0,0.0
EXT_9E9C5162297F,EXT_9E9C5162297F,OPEN_CROSS_MATERIAL_2026,SFC_78B198988B7B,LIQ_0F4168490E,77.0,prospective_open_external,no,,,ZS_EXT_9E9C5162297F,zero_shot,,,0,no,no,zero_shot_not_applicable,0.0,0.0,0.0
EXT_15AAD062FD5E,EXT_15AAD062FD5E,OPEN_CROSS_MATERIAL_2026,SFC_6730336819E9,LIQ_0F4168490E,80.0,prospective_open_external,no,,,ZS_EXT_15AAD062FD5E,zero_shot,,,0,no,no,zero_shot_not_applicable,0.0,0.0,0.0
EXT_A1899B98D5EA,EXT_A1899B98D5EA,OPEN_CROSS_MATERIAL_2026,SFC_390D2EEA3DFF,LIQ_0F4168490E,82.0,prospective_open_external,no,,,ZS_EXT_A1899B98D5EA,zero_shot,,,0,no,no,zero_shot_not_applicable,0.0,0.0,0.0
EXT_DB8325D5E027,EXT_DB8325D5E027,OPEN_CROSS_MATERIAL_2026,SFC_2FFFD68BED4B,LIQ_0F4168490E,86.0,prospective_open_external,no,,,ZS_EXT_DB8325D5E027,zero_shot,,,0,no,no,zero_shot_not_applicable,0.0,0.0,0.0
EXT_4773F90CE1B2,EXT_4773F90CE1B2,OPEN_CROSS_MATERIAL_2026,SFC_77ED72A5FED3,LIQ_0F4168490E,92.0,prospective_open_external,no,,,ZS_EXT_4773F90CE1B2,zero_shot,,,0,no,no,zero_shot_not_applicable,0.0,0.0,0.0
EXT_58C75DFD37D3,EXT_58C75DFD37D3,OPEN_CROSS_MATERIAL_2026,SFC_697C572C0860,LIQ_0F4168490E,93.0,prospective_open_external,no,,,ZS_EXT_58C75DFD37D3,zero_shot,,,0,no,no,zero_shot_not_applicable,0.0,0.0,0.0
EXT_17A43035A987,EXT_17A43035A987,OPEN_CROSS_MATERIAL_2026,SFC_51378859DFB5,LIQ_0F4168490E,96.0,prospective_open_external,no,,,ZS_EXT_17A43035A987,zero_shot,,,0,no,no,zero_shot_not_applicable,0.0,0.0,0.0
EXT_E296A8BD1A55,EXT_E296A8BD1A55,OPEN_CROSS_MATERIAL_2026,SFC_03E930156743,LIQ_0F4168490E,97.97,prospective_open_external,no,,,ZS_EXT_E296A8BD1A55,zero_shot,,,0,no,no,zero_shot_not_applicable,0.0,0.0,0.0
EXT_AA469EC47BCA,EXT_AA469EC47BCA,OPEN_CROSS_MATERIAL_2026,SFC_B9F3F2625635,LIQ_0F4168490E,100.0,prospective_open_external,no,,,ZS_EXT_AA469EC47BCA,zero_shot,,,0,no,no,zero_shot_not_applicable,0.0,0.0,0.0
EXT_16D084CD7670,EXT_16D084CD7670,OPEN_CROSS_MATERIAL_2026,SFC_B986E6B26E76,LIQ_0F4168490E,101.0,prospective_open_external,no,,,ZS_EXT_16D084CD7670,zero_shot,,,0,no,no,zero_shot_not_applicable,0.0,0.0,0.0
EXT_9C8A1759B53C,EXT_9C8A1759B53C,OPEN_CROSS_MATERIAL_2026,SFC_57F0BA5D8921,LIQ_0F4168490E,104.0,prospective_open_external,no,,,ZS_EXT_9C8A1759B53C,zero_shot,,,0,no,no,zero_shot_not_applicable,0.0,0.0,0.0
EXT_184D1DD087ED,EXT_184D1DD087ED,OPEN_CROSS_MATERIAL_2026,SFC_CF1F29DEC3F3,LIQ_0F4168490E,108.0,prospective_open_external,no,,,ZS_EXT_184D1DD087ED,zero_shot,,,0,no,no,zero_shot_not_applicable,0.0,0.0,0.0
EXT_98E4DE19244D,EXT_98E4DE19244D,OPEN_CROSS_MATERIAL_2026,SFC_3302282ACAA2,LIQ_0F4168490E,109.0,prospective_open_external,no,,,ZS_EXT_98E4DE19244D,zero_shot,,,0,no,no,zero_shot_not_applicable,0.0,0.0,0.0
EXT_701D36C9AEAE,EXT_701D36C9AEAE,OPEN_CROSS_MATERIAL_2026,SFC_049A1C1B4B3F,LIQ_0F4168490E,110.0,prospective_open_external,no,,,ZS_EXT_701D36C9AEAE,zero_shot,,,0,no,no,zero_shot_not_applicable,0.0,0.0,0.0
EXT_86B54BC887BA,EXT_86B54BC887BA,OPEN_CROSS_MATERIAL_2026,SFC_7B5A5C2A83F1,LIQ_0F4168490E,110.0,prospective_open_external,no,,,ZS_EXT_86B54BC887BA,zero_shot,,,0,no,no,zero_shot_not_applicable,0.0,0.0,0.0
EXT_FE78EC16D3B2,EXT_FE78EC16D3B2,OPEN_CROSS_MATERIAL_2026,SFC_05D437139AEF,LIQ_0F4168490E,110.0,prospective_open_external,no,,,ZS_EXT_FE78EC16D3B2,zero_shot,,,0,no,no,zero_shot_not_applicable,0.0,0.0,0.0
EXT_5A22EE7F84A8,EXT_5A22EE7F84A8,OPEN_CROSS_MATERIAL_2026,SFC_E853D5C9A29E,LIQ_0F4168490E,112.0,prospective_open_external,no,,,ZS_EXT_5A22EE7F84A8,zero_shot,,,0,no,no,zero_shot_not_applicable,0.0,0.0,0.0
EXT_8E080B773589,EXT_8E080B773589,OPEN_CROSS_MATERIAL_2026,SFC_D88CE82490CD,LIQ_0F4168490E,113.8,prospective_open_external,no,,,ZS_EXT_8E080B773589,zero_shot,,,0,no,no,zero_shot_not_applicable,0.0,0.0,0.0
EXT_E27ED8F3E8CB,EXT_E27ED8F3E8CB,OPEN_CROSS_MATERIAL_2026,SFC_3122EC9D3530,LIQ_0F4168490E,118.0,prospective_open_external,no,,,ZS_EXT_E27ED8F3E8CB,zero_shot,,,0,no,no,zero_shot_not_applicable,0.0,0.0,0.0
EXT_441FDE2FACD6,EXT_441FDE2FACD6,OPEN_CROSS_MATERIAL_2026,SFC_C4217EEC69EE,LIQ_0F4168490E,118.0,prospective_open_external,no,,,ZS_EXT_441FDE2FACD6,zero_shot,,,0,no,no,zero_shot_not_applicable,0.0,0.0,0.0
EXT_69F4338326C3,EXT_69F4338326C3,OPEN_CROSS_MATERIAL_2026,SFC_EAC59F0538FF,LIQ_0F4168490E,119.0,prospective_open_external,no,,,ZS_EXT_69F4338326C3,zero_shot,,,0,no,no,zero_shot_not_applicable,0.0,0.0,0.0
EXT_5F16141B2E06,EXT_5F16141B2E06,OPEN_CROSS_MATERIAL_2026,SFC_5F7F48BBA35E,LIQ_0F4168490E,120.0,prospective_open_external,no,,,ZS_EXT_5F16141B2E06,zero_shot,,,0,no,no,zero_shot_not_applicable,0.0,0.0,0.0
EXT_3AA83287CAB2,EXT_3AA83287CAB2,OPEN_CROSS_MATERIAL_2026,SFC_5ED24325E10A,LIQ_0F4168490E,130.0,prospective_open_external,no,,,ZS_EXT_3AA83287CAB2,zero_shot,,,0,no,no,zero_shot_not_applicable,0.0,0.0,0.0
EXT_EB30F6366EC8,EXT_EB30F6366EC8,OPEN_CROSS_MATERIAL_2026,SFC_D5CB19B7A059,LIQ_0F4168490E,130.0,prospective_open_external,no,,,ZS_EXT_EB30F6366EC8,zero_shot,,,0,no,no,zero_shot_not_applicable,0.0,0.0,0.0
EXT_F6AC65D6E178,EXT_F6AC65D6E178,OPEN_CROSS_MATERIAL_2026,SFC_A2FC0BD30E3E,LIQ_0F4168490E,130.1,prospective_open_external,no,,,ZS_EXT_F6AC65D6E178,zero_shot,,,0,no,no,zero_shot_not_applicable,0.0,0.0,0.0
EXT_AD867DED8067,EXT_AD867DED8067,OPEN_CROSS_MATERIAL_2026,SFC_BB30AA0AE8D6,LIQ_0F4168490E,134.1,prospective_open_external,no,,,ZS_EXT_AD867DED8067,zero_shot,,,0,no,no,zero_shot_not_applicable,0.0,0.0,0.0
EXT_DE77FB0D32E3,EXT_DE77FB0D32E3,OPEN_CROSS_MATERIAL_2026,SFC_5D474B7F127E,LIQ_0F4168490E,138.0,prospective_open_external,no,,,ZS_EXT_DE77FB0D32E3,zero_shot,,,0,no,no,zero_shot_not_applicable,0.0,0.0,0.0
EXT_A1DD6DB9C693,EXT_A1DD6DB9C693,OPEN_CROSS_MATERIAL_2026,SFC_5774779C7E4E,LIQ_0F4168490E,140.0,prospective_open_external,no,,,ZS_EXT_A1DD6DB9C693,zero_shot,,,0,no,no,zero_shot_not_applicable,0.0,0.0,0.0
EXT_D273452DCA87,EXT_D273452DCA87,OPEN_CROSS_MATERIAL_2026,SFC_8D0462C5653C,LIQ_0F4168490E,140.0,prospective_open_external,no,,,ZS_EXT_D273452DCA87,zero_shot,,,0,no,no,zero_shot_not_applicable,0.0,0.0,0.0
EXT_5C964067DDB9,EXT_5C964067DDB9,OPEN_CROSS_MATERIAL_2026,SFC_008B5AD02DF3,LIQ_0F4168490E,140.8,prospective_open_external,no,,,ZS_EXT_5C964067DDB9,zero_shot,,,0,no,no,zero_shot_not_applicable,0.0,0.0,0.0
EXT_F5CA0CBE24C8,EXT_F5CA0CBE24C8,OPEN_CROSS_MATERIAL_2026,SFC_71537A54AC75,LIQ_0F4168490E,141.0,prospective_open_external,no,,,ZS_EXT_F5CA0CBE24C8,zero_shot,,,0,no,no,zero_shot_not_applicable,0.0,0.0,0.0
EXT_08D2B3E3D155,EXT_08D2B3E3D155,OPEN_CROSS_MATERIAL_2026,SFC_BD28F27D1B1C,LIQ_0F4168490E,142.5,prospective_open_external,no,,,ZS_EXT_08D2B3E3D155,zero_shot,,,0,no,no,zero_shot_not_applicable,0.0,0.0,0.0
EXT_FDF0865FB056,EXT_FDF0865FB056,OPEN_CROSS_MATERIAL_2026,SFC_4B7DAC13B6CB,LIQ_0F4168490E,150.0,prospective_open_external,no,,,ZS_EXT_FDF0865FB056,zero_shot,,,0,no,no,zero_shot_not_applicable,0.0,0.0,0.0
EXT_BE98BFBCE0AB,EXT_BE98BFBCE0AB,OPEN_CROSS_MATERIAL_2026,SFC_5D72E873B03B,LIQ_0F4168490E,150.0,prospective_open_external,no,,,ZS_EXT_BE98BFBCE0AB,zero_shot,,,0,no,no,zero_shot_not_applicable,0.0,0.0,0.0
EXT_DA7362055C35,EXT_DA7362055C35,OPEN_CROSS_MATERIAL_2026,SFC_78D38330E7A9,LIQ_0F4168490E,150.0,prospective_open_external,no,,,ZS_EXT_DA7362055C35,zero_shot,,,0,no,no,zero_shot_not_applicable,0.0,0.0,0.0
EXT_CE8A8FA61210,EXT_CE8A8FA61210,OPEN_CROSS_MATERIAL_2026,SFC_6B46DE746EC7,LIQ_0F4168490E,150.0,prospective_open_external,no,,,ZS_EXT_CE8A8FA61210,zero_shot,,,0,no,no,zero_shot_not_applicable,0.0,0.0,0.0
EXT_2F6CF8AC16F3,EXT_2F6CF8AC16F3,OPEN_CROSS_MATERIAL_2026,SFC_2323C916D9CA,LIQ_0F4168490E,150.5,prospective_open_external,no,,,ZS_EXT_2F6CF8AC16F3,zero_shot,,,0,no,no,zero_shot_not_applicable,0.0,0.0,0.0
EXT_8D650D7B5C3B,EXT_8D650D7B5C3B,OPEN_CROSS_MATERIAL_2026,SFC_807168F787F5,LIQ_0F4168490E,150.0,prospective_open_external,no,,,ZS_EXT_8D650D7B5C3B,zero_shot,,,0,no,no,zero_shot_not_applicable,0.0,0.0,0.0
EXT_568E7197F0F4,EXT_568E7197F0F4,OPEN_CROSS_MATERIAL_2026,SFC_01C5DA91E115,LIQ_0F4168490E,150.0,prospective_open_external,no,,,ZS_EXT_568E7197F0F4,zero_shot,,,0,no,no,zero_shot_not_applicable,0.0,0.0,0.0
EXT_D271DBB89E1C,EXT_D271DBB89E1C,OPEN_CROSS_MATERIAL_2026,SFC_C09DABED6453,LIQ_0F4168490E,151.0,prospective_open_external,no,,,ZS_EXT_D271DBB89E1C,zero_shot,,,0,no,no,zero_shot_not_applicable,0.0,0.0,0.0
EXT_D75887E14A30,EXT_D75887E14A30,OPEN_CROSS_MATERIAL_2026,SFC_40D416367ED5,LIQ_0F4168490E,152.3,prospective_open_external,no,,,ZS_EXT_D75887E14A30,zero_shot,,,0,no,no,zero_shot_not_applicable,0.0,0.0,0.0
EXT_F2EF45E9B6C8,EXT_F2EF45E9B6C8,OPEN_CROSS_MATERIAL_2026,SFC_893F8367669D,LIQ_0F4168490E,155.4,prospective_open_external,no,,,ZS_EXT_F2EF45E9B6C8,zero_shot,,,0,no,no,zero_shot_not_applicable,0.0,0.0,0.0
EXT_5BBBEA92BD69,EXT_5BBBEA92BD69,OPEN_CROSS_MATERIAL_2026,SFC_10AE4DFE50CE,LIQ_0F4168490E,158.0,prospective_open_external,no,,,ZS_EXT_5BBBEA92BD69,zero_shot,,,0,no,no,zero_shot_not_applicable,0.0,0.0,0.0
EXT_6A99656CDA81,EXT_6A99656CDA81,OPEN_CROSS_MATERIAL_2026,SFC_D382AE2DA4CA,LIQ_0F4168490E,160.0,prospective_open_external,no,,,ZS_EXT_6A99656CDA81,zero_shot,,,0,no,no,zero_shot_not_applicable,0.0,0.0,0.0
EXT_DAD3265356DE,EXT_DAD3265356DE,OPEN_CROSS_MATERIAL_2026,SFC_3D43AF072E6D,LIQ_0F4168490E,160.0,prospective_open_external,no,,,ZS_EXT_DAD3265356DE,zero_shot,,,0,no,no,zero_shot_not_applicable,0.0,0.0,0.0
EXT_22311927D024,EXT_22311927D024,OPEN_CROSS_MATERIAL_2026,SFC_D9DD5BCDEBD2,LIQ_0F4168490E,161.1,prospective_open_external,no,,,ZS_EXT_22311927D024,zero_shot,,,0,no,no,zero_shot_not_applicable,0.0,0.0,0.0
EXT_3C62AEFD5348,EXT_3C62AEFD5348,OPEN_CROSS_MATERIAL_2026,SFC_E366C485FD23,LIQ_0F4168490E,166.0,prospective_open_external,no,,,ZS_EXT_3C62AEFD5348,zero_shot,,,0,no,no,zero_shot_not_applicable,0.0,0.0,0.0
EXT_8D21E62DB309,EXT_8D21E62DB309,OPEN_CROSS_MATERIAL_2026,SFC_D1DB5176E829,LIQ_0F4168490E,166.0,prospective_open_external,no,,,ZS_EXT_8D21E62DB309,zero_shot,,,0,no,no,zero_shot_not_applicable,0.0,0.0,0.0
EXT_2481B8573EB1,EXT_2481B8573EB1,OPEN_CROSS_MATERIAL_2026,SFC_5C7869425C1B,LIQ_0F4168490E,170.0,prospective_open_external,no,,,ZS_EXT_2481B8573EB1,zero_shot,,,0,no,no,zero_shot_not_applicable,0.0,0.0,0.0
EXT_DF28A6DCCE52,EXT_DF28A6DCCE52,OPEN_CROSS_MATERIAL_2026,SFC_4A211D37EBCC,LIQ_0F4168490E,172.5,prospective_open_external,no,,,ZS_EXT_DF28A6DCCE52,zero_shot,,,0,no,no,zero_shot_not_applicable,0.0,0.0,0.0
EXT_7112F46F959D,EXT_7112F46F959D,OPEN_CROSS_MATERIAL_2026,SFC_E45DCD7FEE37,LIQ_0F4168490E,174.0,prospective_open_external,no,,,ZS_EXT_7112F46F959D,zero_shot,,,0,no,no,zero_shot_not_applicable,0.0,0.0,0.0
EXT_CD007E6F73D6,EXT_CD007E6F73D6,OPEN_POLYMER_SURFACES_2023,SFC_D997DF0085DF,LIQ_0F4168490E,56.0,prospective_open_external,no,,,ZS_EXT_CD007E6F73D6,zero_shot,,,0,no,no,zero_shot_not_applicable,0.0,0.0,0.0
EXT_CD007E6F73D6,EXT_CD007E6F73D6,OPEN_POLYMER_SURFACES_2023,SFC_D997DF0085DF,LIQ_0F4168490E,56.0,prospective_open_external,no,,,PA_EXT_CD007E6F73D6,probe_assisted,EXT_0D45D9BA0074;EXT_297563844CCE,LIQ_1BD1B94C09;LIQ_6656B41AB7,2,yes,yes,,46.15191911224044,6.564284287750167,68.0330341980177
EXT_0D45D9BA0074,EXT_0D45D9BA0074,OPEN_POLYMER_SURFACES_2023,SFC_D997DF0085DF,LIQ_1BD1B94C09,32.0,prospective_open_external,no,,,ZS_EXT_0D45D9BA0074,zero_shot,,,0,no,no,zero_shot_not_applicable,0.0,0.0,0.0
EXT_0D45D9BA0074,EXT_0D45D9BA0074,OPEN_POLYMER_SURFACES_2023,SFC_D997DF0085DF,LIQ_1BD1B94C09,32.0,prospective_open_external,no,,,PA_EXT_0D45D9BA0074,probe_assisted,EXT_297563844CCE;EXT_CD007E6F73D6,LIQ_0F4168490E;LIQ_6656B41AB7,2,yes,yes,,46.15191911224047,12.289588892123463,8.161277303744217
EXT_297563844CCE,EXT_297563844CCE,OPEN_POLYMER_SURFACES_2023,SFC_D997DF0085DF,LIQ_6656B41AB7,25.0,prospective_open_external,no,,,ZS_EXT_297563844CCE,zero_shot,,,0,no,no,zero_shot_not_applicable,0.0,0.0,0.0
EXT_297563844CCE,EXT_297563844CCE,OPEN_POLYMER_SURFACES_2023,SFC_D997DF0085DF,LIQ_6656B41AB7,25.0,prospective_open_external,no,,,PA_EXT_297563844CCE,probe_assisted,EXT_0D45D9BA0074;EXT_CD007E6F73D6,LIQ_0F4168490E;LIQ_1BD1B94C09,2,yes,yes,,31.160047318332904,18.469901368908804,55.50180788390887
EXT_B5BBE06381DD,EXT_B5BBE06381DD,OPEN_POLYMER_SURFACES_2023,SFC_874E84FC80A7,LIQ_0F4168490E,60.0,prospective_open_external,no,,,ZS_EXT_B5BBE06381DD,zero_shot,,,0,no,no,zero_shot_not_applicable,0.0,0.0,0.0
EXT_B5BBE06381DD,EXT_B5BBE06381DD,OPEN_POLYMER_SURFACES_2023,SFC_874E84FC80A7,LIQ_0F4168490E,60.0,prospective_open_external,no,,,PA_EXT_B5BBE06381DD,probe_assisted,EXT_04AB24A5BB0A;EXT_CF2DEF31E69A,LIQ_1BD1B94C09;LIQ_6656B41AB7,2,yes,yes,,39.103372528754825,6.552218723039677,72.28325615483185
EXT_CF2DEF31E69A,EXT_CF2DEF31E69A,OPEN_POLYMER_SURFACES_2023,SFC_874E84FC80A7,LIQ_1BD1B94C09,43.0,prospective_open_external,no,,,ZS_EXT_CF2DEF31E69A,zero_shot,,,0,no,no,zero_shot_not_applicable,0.0,0.0,0.0
EXT_CF2DEF31E69A,EXT_CF2DEF31E69A,OPEN_POLYMER_SURFACES_2023,SFC_874E84FC80A7,LIQ_1BD1B94C09,43.0,prospective_open_external,no,,,PA_EXT_CF2DEF31E69A,probe_assisted,EXT_04AB24A5BB0A;EXT_B5BBE06381DD,LIQ_0F4168490E;LIQ_6656B41AB7,2,yes,yes,,39.103372528754846,12.653377061606973,28.20356755663591
EXT_04AB24A5BB0A,EXT_04AB24A5BB0A,OPEN_POLYMER_SURFACES_2023,SFC_874E84FC80A7,LIQ_6656B41AB7,41.0,prospective_open_external,no,,,ZS_EXT_04AB24A5BB0A,zero_shot,,,0,no,no,zero_shot_not_applicable,0.0,0.0,0.0
EXT_04AB24A5BB0A,EXT_04AB24A5BB0A,OPEN_POLYMER_SURFACES_2023,SFC_874E84FC80A7,LIQ_6656B41AB7,41.0,prospective_open_external,no,,,PA_EXT_04AB24A5BB0A,probe_assisted,EXT_B5BBE06381DD;EXT_CF2DEF31E69A,LIQ_0F4168490E;LIQ_1BD1B94C09,2,yes,yes,,24.727888343034056,19.31059097645556,66.71049233981282
EXT_1924C779E86F,EXT_1924C779E86F,OPEN_POLYMER_SURFACES_2023,SFC_E066D95CCC78,LIQ_0F4168490E,82.0,prospective_open_external,no,,,ZS_EXT_1924C779E86F,zero_shot,,,0,no,no,zero_shot_not_applicable,0.0,0.0,0.0
EXT_1924C779E86F,EXT_1924C779E86F,OPEN_POLYMER_SURFACES_2023,SFC_E066D95CCC78,LIQ_0F4168490E,82.0,prospective_open_external,no,,,PA_EXT_1924C779E86F,probe_assisted,EXT_B6135F6CB593;EXT_D02ABE046CF1,LIQ_1BD1B94C09;LIQ_6656B41AB7,2,yes,yes,,43.37407842448384,0.19615848151674622,93.91805513169265
EXT_D02ABE046CF1,EXT_D02ABE046CF1,OPEN_POLYMER_SURFACES_2023,SFC_E066D95CCC78,LIQ_1BD1B94C09,61.0,prospective_open_external,no,,,ZS_EXT_D02ABE046CF1,zero_shot,,,0,no,no,zero_shot_not_applicable,0.0,0.0,0.0
EXT_D02ABE046CF1,EXT_D02ABE046CF1,OPEN_POLYMER_SURFACES_2023,SFC_E066D95CCC78,LIQ_1BD1B94C09,61.0,prospective_open_external,no,,,PA_EXT_D02ABE046CF1,probe_assisted,EXT_1924C779E86F;EXT_B6135F6CB593,LIQ_0F4168490E;LIQ_6656B41AB7,2,yes,yes,,43.3740784244839,2.2516309157029886,49.92565751933823
EXT_B6135F6CB593,EXT_B6135F6CB593,OPEN_POLYMER_SURFACES_2023,SFC_E066D95CCC78,LIQ_6656B41AB7,32.0,prospective_open_external,no,,,ZS_EXT_B6135F6CB593,zero_shot,,,0,no,no,zero_shot_not_applicable,0.0,0.0,0.0
EXT_B6135F6CB593,EXT_B6135F6CB593,OPEN_POLYMER_SURFACES_2023,SFC_E066D95CCC78,LIQ_6656B41AB7,32.0,prospective_open_external,no,,,PA_EXT_B6135F6CB593,probe_assisted,EXT_1924C779E86F;EXT_D02ABE046CF1,LIQ_0F4168490E;LIQ_1BD1B94C09,2,yes,yes,,27.33234977056887,5.70403457843456,62.15883941365688
EXT_59D01A9DD4A8,EXT_59D01A9DD4A8,OPEN_POLYMER_SURFACES_2023,SFC_AC4DDEECE3F7,LIQ_0F4168490E,70.0,prospective_open_external,no,,,ZS_EXT_59D01A9DD4A8,zero_shot,,,0,no,no,zero_shot_not_applicable,0.0,0.0,0.0
EXT_59D01A9DD4A8,EXT_59D01A9DD4A8,OPEN_POLYMER_SURFACES_2023,SFC_AC4DDEECE3F7,LIQ_0F4168490E,70.0,prospective_open_external,no,,,PA_EXT_59D01A9DD4A8,probe_assisted,EXT_BFC1FC4FCDFE;EXT_DA68FAFFF9C1,LIQ_1BD1B94C09;LIQ_6656B41AB7,2,yes,yes,,39.10337252875481,3.882850587590224,79.1226305561156
EXT_DA68FAFFF9C1,EXT_DA68FAFFF9C1,OPEN_POLYMER_SURFACES_2023,SFC_AC4DDEECE3F7,LIQ_1BD1B94C09,50.0,prospective_open_external,no,,,ZS_EXT_DA68FAFFF9C1,zero_shot,,,0,no,no,zero_shot_not_applicable,0.0,0.0,0.0
EXT_DA68FAFFF9C1,EXT_DA68FAFFF9C1,OPEN_POLYMER_SURFACES_2023,SFC_AC4DDEECE3F7,LIQ_1BD1B94C09,50.0,prospective_open_external,no,,,PA_EXT_DA68FAFFF9C1,probe_assisted,EXT_59D01A9DD4A8;EXT_BFC1FC4FCDFE,LIQ_0F4168490E;LIQ_6656B41AB7,2,yes,yes,,39.10337252875485,7.573130584116233,40.51437744983749
EXT_BFC1FC4FCDFE,EXT_BFC1FC4FCDFE,OPEN_POLYMER_SURFACES_2023,SFC_AC4DDEECE3F7,LIQ_6656B41AB7,41.0,prospective_open_external,no,,,ZS_EXT_BFC1FC4FCDFE,zero_shot,,,0,no,no,zero_shot_not_applicable,0.0,0.0,0.0
EXT_BFC1FC4FCDFE,EXT_BFC1FC4FCDFE,OPEN_POLYMER_SURFACES_2023,SFC_AC4DDEECE3F7,LIQ_6656B41AB7,41.0,prospective_open_external,no,,,PA_EXT_BFC1FC4FCDFE,probe_assisted,EXT_59D01A9DD4A8;EXT_DA68FAFFF9C1,LIQ_0F4168490E;LIQ_1BD1B94C09,2,yes,yes,,27.562668440255962,11.613484220339231,61.75843189978643
EXT_9320E89C123F,EXT_9320E89C123F,OPEN_POLYMER_SURFACES_2023,SFC_F0BFA31774A7,LIQ_0F4168490E,96.0,prospective_open_external,no,,,ZS_EXT_9320E89C123F,zero_shot,,,0,no,no,zero_shot_not_applicable,0.0,0.0,0.0
EXT_9320E89C123F,EXT_9320E89C123F,OPEN_POLYMER_SURFACES_2023,SFC_F0BFA31774A7,LIQ_0F4168490E,96.0,prospective_open_external,no,,,PA_EXT_9320E89C123F,probe_assisted,EXT_61F8100551D0;EXT_DA73FA01DE16,LIQ_1BD1B94C09;LIQ_6656B41AB7,2,yes,yes,,42.4863062110891,1.5007793336009208,85.61628356931163
EXT_61F8100551D0,EXT_61F8100551D0,OPEN_POLYMER_SURFACES_2023,SFC_F0BFA31774A7,LIQ_1BD1B94C09,54.0,prospective_open_external,no,,,ZS_EXT_61F8100551D0,zero_shot,,,0,no,no,zero_shot_not_applicable,0.0,0.0,0.0
EXT_61F8100551D0,EXT_61F8100551D0,OPEN_POLYMER_SURFACES_2023,SFC_F0BFA31774A7,LIQ_1BD1B94C09,54.0,prospective_open_external,no,,,PA_EXT_61F8100551D0,probe_assisted,EXT_9320E89C123F;EXT_DA73FA01DE16,LIQ_0F4168490E;LIQ_6656B41AB7,2,yes,yes,,42.48630621108912,0.09161840398577528,63.31112277128693
EXT_DA73FA01DE16,EXT_DA73FA01DE16,OPEN_POLYMER_SURFACES_2023,SFC_F0BFA31774A7,LIQ_6656B41AB7,34.0,prospective_open_external,no,,,ZS_EXT_DA73FA01DE16,zero_shot,,,0,no,no,zero_shot_not_applicable,0.0,0.0,0.0
EXT_DA73FA01DE16,EXT_DA73FA01DE16,OPEN_POLYMER_SURFACES_2023,SFC_F0BFA31774A7,LIQ_6656B41AB7,34.0,prospective_open_external,no,,,PA_EXT_DA73FA01DE16,probe_assisted,EXT_61F8100551D0;EXT_9320E89C123F,LIQ_0F4168490E;LIQ_1BD1B94C09,2,yes,yes,,52.310985426812906,0.0,0.0
EXT_E8887E8FA242,EXT_E8887E8FA242,OPEN_POLYMER_SURFACES_2023,SFC_619070545661,LIQ_0F4168490E,91.0,prospective_open_external,no,,,ZS_EXT_E8887E8FA242,zero_shot,,,0,no,no,zero_shot_not_applicable,0.0,0.0,0.0
EXT_E8887E8FA242,EXT_E8887E8FA242,OPEN_POLYMER_SURFACES_2023,SFC_619070545661,LIQ_0F4168490E,91.0,prospective_open_external,no,,,PA_EXT_E8887E8FA242,probe_assisted,EXT_0DF8EFC4C97A;EXT_2D6D530BDE66,LIQ_1BD1B94C09;LIQ_6656B41AB7,2,yes,yes,,38.93825521501931,0.0,101.51270409128222
EXT_2D6D530BDE66,EXT_2D6D530BDE66,OPEN_POLYMER_SURFACES_2023,SFC_619070545661,LIQ_1BD1B94C09,74.0,prospective_open_external,no,,,ZS_EXT_2D6D530BDE66,zero_shot,,,0,no,no,zero_shot_not_applicable,0.0,0.0,0.0
EXT_2D6D530BDE66,EXT_2D6D530BDE66,OPEN_POLYMER_SURFACES_2023,SFC_619070545661,LIQ_1BD1B94C09,74.0,prospective_open_external,no,,,PA_EXT_2D6D530BDE66,probe_assisted,EXT_0DF8EFC4C97A;EXT_E8887E8FA242,LIQ_0F4168490E;LIQ_6656B41AB7,2,yes,yes,,42.028289835058395,0.5922016379866728,59.22076187469778
EXT_0DF8EFC4C97A,EXT_0DF8EFC4C97A,OPEN_POLYMER_SURFACES_2023,SFC_619070545661,LIQ_6656B41AB7,35.0,prospective_open_external,no,,,ZS_EXT_0DF8EFC4C97A,zero_shot,,,0,no,no,zero_shot_not_applicable,0.0,0.0,0.0
EXT_0DF8EFC4C97A,EXT_0DF8EFC4C97A,OPEN_POLYMER_SURFACES_2023,SFC_619070545661,LIQ_6656B41AB7,35.0,prospective_open_external,no,,,PA_EXT_0DF8EFC4C97A,probe_assisted,EXT_2D6D530BDE66;EXT_E8887E8FA242,LIQ_0F4168490E;LIQ_1BD1B94C09,2,yes,yes,,19.947909310632244,4.359759610707935,75.32852733304856
EXT_398B369DB1D4,EXT_398B369DB1D4,OPEN_POLYMER_SURFACES_2023,SFC_FFE25A9A5A54,LIQ_0F4168490E,87.0,prospective_open_external,no,,,ZS_EXT_398B369DB1D4,zero_shot,,,0,no,no,zero_shot_not_applicable,0.0,0.0,0.0
EXT_398B369DB1D4,EXT_398B369DB1D4,OPEN_POLYMER_SURFACES_2023,SFC_FFE25A9A5A54,LIQ_0F4168490E,87.0,prospective_open_external,no,,,PA_EXT_398B369DB1D4,probe_assisted,EXT_4A1E7242F9DF;EXT_C161311E1FB7,LIQ_1BD1B94C09;LIQ_6656B41AB7,2,yes,yes,,41.561289571404586,0.015069025247438379,98.56788652294769
EXT_4A1E7242F9DF,EXT_4A1E7242F9DF,OPEN_POLYMER_SURFACES_2023,SFC_FFE25A9A5A54,LIQ_1BD1B94C09,66.0,prospective_open_external,no,,,ZS_EXT_4A1E7242F9DF,zero_shot,,,0,no,no,zero_shot_not_applicable,0.0,0.0,0.0
EXT_4A1E7242F9DF,EXT_4A1E7242F9DF,OPEN_POLYMER_SURFACES_2023,SFC_FFE25A9A5A54,LIQ_1BD1B94C09,66.0,prospective_open_external,no,,,PA_EXT_4A1E7242F9DF,probe_assisted,EXT_398B369DB1D4;EXT_C161311E1FB7,LIQ_0F4168490E;LIQ_6656B41AB7,2,yes,yes,,41.56128957140462,1.3199094089705743,55.87715674463714
EXT_C161311E1FB7,EXT_C161311E1FB7,OPEN_POLYMER_SURFACES_2023,SFC_FFE25A9A5A54,LIQ_6656B41AB7,36.0,prospective_open_external,no,,,ZS_EXT_C161311E1FB7,zero_shot,,,0,no,no,zero_shot_not_applicable,0.0,0.0,0.0
EXT_C161311E1FB7,EXT_C161311E1FB7,OPEN_POLYMER_SURFACES_2023,SFC_FFE25A9A5A54,LIQ_6656B41AB7,36.0,prospective_open_external,no,,,PA_EXT_C161311E1FB7,probe_assisted,EXT_398B369DB1D4;EXT_4A1E7242F9DF,LIQ_0F4168490E;LIQ_1BD1B94C09,2,yes,yes,,26.310926595438513,4.040812106077676,63.937626579760725
EXT_D5FF9F67F45C,EXT_D5FF9F67F45C,OPEN_POLYMER_SURFACES_2023,SFC_1D7210C10C8C,LIQ_0F4168490E,81.0,prospective_open_external,no,,,ZS_EXT_D5FF9F67F45C,zero_shot,,,0,no,no,zero_shot_not_applicable,0.0,0.0,0.0
EXT_D5FF9F67F45C,EXT_D5FF9F67F45C,OPEN_POLYMER_SURFACES_2023,SFC_1D7210C10C8C,LIQ_0F4168490E,81.0,prospective_open_external,no,,,PA_EXT_D5FF9F67F45C,probe_assisted,EXT_BC643C3D7862;EXT_C9A4F8CA797A,LIQ_1BD1B94C09;LIQ_6656B41AB7,2,yes,yes,,40.601677178668616,0.5616482389092377,92.04210888981638
EXT_C9A4F8CA797A,EXT_C9A4F8CA797A,OPEN_POLYMER_SURFACES_2023,SFC_1D7210C10C8C,LIQ_1BD1B94C09,61.0,prospective_open_external,no,,,ZS_EXT_C9A4F8CA797A,zero_shot,,,0,no,no,zero_shot_not_applicable,0.0,0.0,0.0
EXT_C9A4F8CA797A,EXT_C9A4F8CA797A,OPEN_POLYMER_SURFACES_2023,SFC_1D7210C10C8C,LIQ_1BD1B94C09,61.0,prospective_open_external,no,,,PA_EXT_C9A4F8CA797A,probe_assisted,EXT_BC643C3D7862;EXT_D5FF9F67F45C,LIQ_0F4168490E;LIQ_6656B41AB7,2,yes,yes,,40.60167717866863,2.9873961025816467,50.805381046397684
EXT_BC643C3D7862,EXT_BC643C3D7862,OPEN_POLYMER_SURFACES_2023,SFC_1D7210C10C8C,LIQ_6656B41AB7,38.0,prospective_open_external,no,,,ZS_EXT_BC643C3D7862,zero_shot,,,0,no,no,zero_shot_not_applicable,0.0,0.0,0.0
EXT_BC643C3D7862,EXT_BC643C3D7862,OPEN_POLYMER_SURFACES_2023,SFC_1D7210C10C8C,LIQ_6656B41AB7,38.0,prospective_open_external,no,,,PA_EXT_BC643C3D7862,probe_assisted,EXT_C9A4F8CA797A;EXT_D5FF9F67F45C,LIQ_0F4168490E;LIQ_1BD1B94C09,2,yes,yes,,26.16403703595821,6.503232697028095,64.19396773407405
EXT_F80C8FA1754C,EXT_F80C8FA1754C,OPEN_POLYMER_SURFACES_2023,SFC_ECD42A787C67,LIQ_0F4168490E,71.0,prospective_open_external,no,,,ZS_EXT_F80C8FA1754C,zero_shot,,,0,no,no,zero_shot_not_applicable,0.0,0.0,0.0
EXT_F80C8FA1754C,EXT_F80C8FA1754C,OPEN_POLYMER_SURFACES_2023,SFC_ECD42A787C67,LIQ_0F4168490E,71.0,prospective_open_external,no,,,PA_EXT_F80C8FA1754C,probe_assisted,EXT_3D82C848D389;EXT_686D150BDAAF,LIQ_1BD1B94C09;LIQ_6656B41AB7,2,yes,yes,,39.61019478340704,1.1293259350691207,89.09552851916426
EXT_686D150BDAAF,EXT_686D150BDAAF,OPEN_POLYMER_SURFACES_2023,SFC_ECD42A787C67,LIQ_1BD1B94C09,59.0,prospective_open_external,no,,,ZS_EXT_686D150BDAAF,zero_shot,,,0,no,no,zero_shot_not_applicable,0.0,0.0,0.0
EXT_686D150BDAAF,EXT_686D150BDAAF,OPEN_POLYMER_SURFACES_2023,SFC_ECD42A787C67,LIQ_1BD1B94C09,59.0,prospective_open_external,no,,,PA_EXT_686D150BDAAF,probe_assisted,EXT_3D82C848D389;EXT_F80C8FA1754C,LIQ_0F4168490E;LIQ_6656B41AB7,2,yes,yes,,39.610194783407046,6.978401785936032,41.20408476551298
EXT_3D82C848D389,EXT_3D82C848D389,OPEN_POLYMER_SURFACES_2023,SFC_ECD42A787C67,LIQ_6656B41AB7,40.0,prospective_open_external,no,,,ZS_EXT_3D82C848D389,zero_shot,,,0,no,no,zero_shot_not_applicable,0.0,0.0,0.0
EXT_3D82C848D389,EXT_3D82C848D389,OPEN_POLYMER_SURFACES_2023,SFC_ECD42A787C67,LIQ_6656B41AB7,40.0,prospective_open_external,no,,,PA_EXT_3D82C848D389,probe_assisted,EXT_686D150BDAAF;EXT_F80C8FA1754C,LIQ_0F4168490E;LIQ_1BD1B94C09,2,yes,yes,,18.202970718465668,15.737281607619705,78.62631628849095
EXT_C03E4F87416F,EXT_C03E4F87416F,OPEN_POLYMER_SURFACES_2023,SFC_5648457375F3,LIQ_0F4168490E,80.0,prospective_open_external,no,,,ZS_EXT_C03E4F87416F,zero_shot,,,0,no,no,zero_shot_not_applicable,0.0,0.0,0.0
EXT_C03E4F87416F,EXT_C03E4F87416F,OPEN_POLYMER_SURFACES_2023,SFC_5648457375F3,LIQ_0F4168490E,80.0,prospective_open_external,no,,,PA_EXT_C03E4F87416F,probe_assisted,EXT_8EC71DE1D3C8;EXT_B4AB0610DC8D,LIQ_1BD1B94C09;LIQ_6656B41AB7,2,yes,yes,,34.83015014526245,4.4446917184487305,80.17508751811891
EXT_B4AB0610DC8D,EXT_B4AB0610DC8D,OPEN_POLYMER_SURFACES_2023,SFC_5648457375F3,LIQ_1BD1B94C09,54.0,prospective_open_external,no,,,ZS_EXT_B4AB0610DC8D,zero_shot,,,0,no,no,zero_shot_not_applicable,0.0,0.0,0.0
EXT_B4AB0610DC8D,EXT_B4AB0610DC8D,OPEN_POLYMER_SURFACES_2023,SFC_5648457375F3,LIQ_1BD1B94C09,54.0,prospective_open_external,no,,,PA_EXT_B4AB0610DC8D,probe_assisted,EXT_8EC71DE1D3C8;EXT_C03E4F87416F,LIQ_0F4168490E;LIQ_6656B41AB7,2,yes,yes,,34.83015014526247,4.509621644796577,53.83650238014338
EXT_8EC71DE1D3C8,EXT_8EC71DE1D3C8,OPEN_POLYMER_SURFACES_2023,SFC_5648457375F3,LIQ_6656B41AB7,49.0,prospective_open_external,no,,,ZS_EXT_8EC71DE1D3C8,zero_shot,,,0,no,no,zero_shot_not_applicable,0.0,0.0,0.0
EXT_8EC71DE1D3C8,EXT_8EC71DE1D3C8,OPEN_POLYMER_SURFACES_2023,SFC_5648457375F3,LIQ_6656B41AB7,49.0,prospective_open_external,no,,,PA_EXT_8EC71DE1D3C8,probe_assisted,EXT_B4AB0610DC8D;EXT_C03E4F87416F,LIQ_0F4168490E;LIQ_1BD1B94C09,2,yes,yes,,34.59802869473379,4.564486108212227,49.41831341386192
EXT_D8FBAAD59B4B,EXT_D8FBAAD59B4B,OPEN_POLYMER_SURFACES_2023,SFC_4CBC1B4A127C,LIQ_0F4168490E,102.0,prospective_open_external,no,,,ZS_EXT_D8FBAAD59B4B,zero_shot,,,0,no,no,zero_shot_not_applicable,0.0,0.0,0.0
EXT_D8FBAAD59B4B,EXT_D8FBAAD59B4B,OPEN_POLYMER_SURFACES_2023,SFC_4CBC1B4A127C,LIQ_0F4168490E,102.0,prospective_open_external,no,,,PA_EXT_D8FBAAD59B4B,probe_assisted,EXT_1DC596480B9E;EXT_A3F4030D6CB1,LIQ_1BD1B94C09;LIQ_6656B41AB7,2,yes,yes,,29.39570285900535,0.0,107.73081584588947
EXT_1DC596480B9E,EXT_1DC596480B9E,OPEN_POLYMER_SURFACES_2023,SFC_4CBC1B4A127C,LIQ_1BD1B94C09,85.0,prospective_open_external,no,,,ZS_EXT_1DC596480B9E,zero_shot,,,0,no,no,zero_shot_not_applicable,0.0,0.0,0.0
EXT_1DC596480B9E,EXT_1DC596480B9E,OPEN_POLYMER_SURFACES_2023,SFC_4CBC1B4A127C,LIQ_1BD1B94C09,85.0,prospective_open_external,no,,,PA_EXT_1DC596480B9E,probe_assisted,EXT_A3F4030D6CB1;EXT_D8FBAAD59B4B,LIQ_0F4168490E;LIQ_6656B41AB7,2,yes,yes,,32.5858043786241,0.09311911306838035,74.02962456223742
EXT_A3F4030D6CB1,EXT_A3F4030D6CB1,OPEN_POLYMER_SURFACES_2023,SFC_4CBC1B4A127C,LIQ_6656B41AB7,53.0,prospective_open_external,no,,,ZS_EXT_A3F4030D6CB1,zero_shot,,,0,no,no,zero_shot_not_applicable,0.0,0.0,0.0
EXT_A3F4030D6CB1,EXT_A3F4030D6CB1,OPEN_POLYMER_SURFACES_2023,SFC_4CBC1B4A127C,LIQ_6656B41AB7,53.0,prospective_open_external,no,,,PA_EXT_A3F4030D6CB1,probe_assisted,EXT_1DC596480B9E;EXT_D8FBAAD59B4B,LIQ_0F4168490E;LIQ_1BD1B94C09,2,yes,yes,,16.832269698055832,1.835877047179431,81.30065223640253
EXT_31D988D57B38,EXT_31D988D57B38,OPEN_POLYMER_SURFACES_2023,SFC_4BD23D0F3546,LIQ_0F4168490E,82.0,prospective_open_external,no,,,ZS_EXT_31D988D57B38,zero_shot,,,0,no,no,zero_shot_not_applicable,0.0,0.0,0.0
EXT_31D988D57B38,EXT_31D988D57B38,OPEN_POLYMER_SURFACES_2023,SFC_4BD23D0F3546,LIQ_0F4168490E,82.0,prospective_open_external,no,,,PA_EXT_31D988D57B38,probe_assisted,EXT_C03F819C4B66;EXT_CA5F8E2A53C2,LIQ_1BD1B94C09;LIQ_6656B41AB7,2,yes,yes,,26.848922341327285,7.054117652542072,79.2965010389616
EXT_CA5F8E2A53C2,EXT_CA5F8E2A53C2,OPEN_POLYMER_SURFACES_2023,SFC_4BD23D0F3546,LIQ_1BD1B94C09,59.0,prospective_open_external,no,,,ZS_EXT_CA5F8E2A53C2,zero_shot,,,0,no,no,zero_shot_not_applicable,0.0,0.0,0.0
EXT_CA5F8E2A53C2,EXT_CA5F8E2A53C2,OPEN_POLYMER_SURFACES_2023,SFC_4BD23D0F3546,LIQ_1BD1B94C09,59.0,prospective_open_external,no,,,PA_EXT_CA5F8E2A53C2,probe_assisted,EXT_31D988D57B38;EXT_C03F819C4B66,LIQ_0F4168490E;LIQ_6656B41AB7,2,yes,yes,,26.848922341327313,5.849987266874174,61.35556440108628
EXT_C03F819C4B66,EXT_C03F819C4B66,OPEN_POLYMER_SURFACES_2023,SFC_4BD23D0F3546,LIQ_6656B41AB7,63.0,prospective_open_external,no,,,ZS_EXT_C03F819C4B66,zero_shot,,,0,no,no,zero_shot_not_applicable,0.0,0.0,0.0
EXT_C03F819C4B66,EXT_C03F819C4B66,OPEN_POLYMER_SURFACES_2023,SFC_4BD23D0F3546,LIQ_6656B41AB7,63.0,prospective_open_external,no,,,PA_EXT_C03F819C4B66,probe_assisted,EXT_31D988D57B38;EXT_CA5F8E2A53C2,LIQ_0F4168490E;LIQ_1BD1B94C09,2,yes,yes,,30.098756536825483,4.926192045992472,57.352147086645495
EXT_FD5F6987DAB6,EXT_FD5F6987DAB6,OPEN_POLYMER_SURFACES_2023,SFC_A65652A71181,LIQ_0F4168490E,102.0,prospective_open_external,no,,,ZS_EXT_FD5F6987DAB6,zero_shot,,,0,no,no,zero_shot_not_applicable,0.0,0.0,0.0
EXT_FD5F6987DAB6,EXT_FD5F6987DAB6,OPEN_POLYMER_SURFACES_2023,SFC_A65652A71181,LIQ_0F4168490E,102.0,prospective_open_external,no,,,PA_EXT_FD5F6987DAB6,probe_assisted,EXT_4BF4B6EE2A48;EXT_63529BCBF35A,LIQ_1BD1B94C09;LIQ_6656B41AB7,2,yes,yes,,29.918253217145615,0.0,107.3610050856621
EXT_4BF4B6EE2A48,EXT_4BF4B6EE2A48,OPEN_POLYMER_SURFACES_2023,SFC_A65652A71181,LIQ_1BD1B94C09,82.0,prospective_open_external,no,,,ZS_EXT_4BF4B6EE2A48,zero_shot,,,0,no,no,zero_shot_not_applicable,0.0,0.0,0.0
EXT_4BF4B6EE2A48,EXT_4BF4B6EE2A48,OPEN_POLYMER_SURFACES_2023,SFC_A65652A71181,LIQ_1BD1B94C09,82.0,prospective_open_external,no,,,PA_EXT_4BF4B6EE2A48,probe_assisted,EXT_63529BCBF35A;EXT_FD5F6987DAB6,LIQ_0F4168490E;LIQ_6656B41AB7,2,yes,yes,,31.447013573198586,0.13760278991496638,74.73055538154082
EXT_63529BCBF35A,EXT_63529BCBF35A,OPEN_POLYMER_SURFACES_2023,SFC_A65652A71181,LIQ_6656B41AB7,55.0,prospective_open_external,no,,,ZS_EXT_63529BCBF35A,zero_shot,,,0,no,no,zero_shot_not_applicable,0.0,0.0,0.0
EXT_63529BCBF35A,EXT_63529BCBF35A,OPEN_POLYMER_SURFACES_2023,SFC_A65652A71181,LIQ_6656B41AB7,55.0,prospective_open_external,no,,,PA_EXT_63529BCBF35A,probe_assisted,EXT_4BF4B6EE2A48;EXT_FD5F6987DAB6,LIQ_0F4168490E;LIQ_1BD1B94C09,2,yes,yes,,20.675433530665224,1.1330683863747122,73.9828008869039
EXT_9FD20D27EB85,EXT_9FD20D27EB85,OPEN_POLYMER_SURFACES_2023,SFC_D9EFE53A22B1,LIQ_0F4168490E,95.0,prospective_open_external,no,,,ZS_EXT_9FD20D27EB85,zero_shot,,,0,no,no,zero_shot_not_applicable,0.0,0.0,0.0
EXT_9FD20D27EB85,EXT_9FD20D27EB85,OPEN_POLYMER_SURFACES_2023,SFC_D9EFE53A22B1,LIQ_0F4168490E,95.0,prospective_open_external,no,,,PA_EXT_9FD20D27EB85,probe_assisted,EXT_525C8E3D6CD6;EXT_B9EFF76773A7,LIQ_1BD1B94C09;LIQ_6656B41AB7,2,yes,yes,,30.874747879965913,0.03566777741001339,104.49001862434989
EXT_B9EFF76773A7,EXT_B9EFF76773A7,OPEN_POLYMER_SURFACES_2023,SFC_D9EFE53A22B1,LIQ_1BD1B94C09,77.0,prospective_open_external,no,,,ZS_EXT_B9EFF76773A7,zero_shot,,,0,no,no,zero_shot_not_applicable,0.0,0.0,0.0
EXT_B9EFF76773A7,EXT_B9EFF76773A7,OPEN_POLYMER_SURFACES_2023,SFC_D9EFE53A22B1,LIQ_1BD1B94C09,77.0,prospective_open_external,no,,,PA_EXT_B9EFF76773A7,probe_assisted,EXT_525C8E3D6CD6;EXT_9FD20D27EB85,LIQ_0F4168490E;LIQ_6656B41AB7,2,yes,yes,,30.87474787996593,1.0403116973491806,69.52059202064889
EXT_525C8E3D6CD6,EXT_525C8E3D6CD6,OPEN_POLYMER_SURFACES_2023,SFC_D9EFE53A22B1,LIQ_6656B41AB7,56.0,prospective_open_external,no,,,ZS_EXT_525C8E3D6CD6,zero_shot,,,0,no,no,zero_shot_not_applicable,0.0,0.0,0.0
EXT_525C8E3D6CD6,EXT_525C8E3D6CD6,OPEN_POLYMER_SURFACES_2023,SFC_D9EFE53A22B1,LIQ_6656B41AB7,56.0,prospective_open_external,no,,,PA_EXT_525C8E3D6CD6,probe_assisted,EXT_9FD20D27EB85;EXT_B9EFF76773A7,LIQ_0F4168490E;LIQ_1BD1B94C09,2,yes,yes,,20.155567689562293,2.950029055979907,74.94282838250969
EXT_61408262103D,EXT_61408262103D,OPEN_POLYMER_SURFACES_2023,SFC_6353761F5CC5,LIQ_0F4168490E,98.0,prospective_open_external,no,,,ZS_EXT_61408262103D,zero_shot,,,0,no,no,zero_shot_not_applicable,0.0,0.0,0.0
EXT_61408262103D,EXT_61408262103D,OPEN_POLYMER_SURFACES_2023,SFC_6353761F5CC5,LIQ_0F4168490E,98.0,prospective_open_external,no,,,PA_EXT_61408262103D,probe_assisted,EXT_6A1E54C20CCE;EXT_981E9EC8865E,LIQ_1BD1B94C09;LIQ_6656B41AB7,2,yes,yes,,26.84892234132729,0.3753152424252273,102.42493951701387
EXT_6A1E54C20CCE,EXT_6A1E54C20CCE,OPEN_POLYMER_SURFACES_2023,SFC_6353761F5CC5,LIQ_1BD1B94C09,78.0,prospective_open_external,no,,,ZS_EXT_6A1E54C20CCE,zero_shot,,,0,no,no,zero_shot_not_applicable,0.0,0.0,0.0
EXT_6A1E54C20CCE,EXT_6A1E54C20CCE,OPEN_POLYMER_SURFACES_2023,SFC_6353761F5CC5,LIQ_1BD1B94C09,78.0,prospective_open_external,no,,,PA_EXT_6A1E54C20CCE,probe_assisted,EXT_61408262103D;EXT_981E9EC8865E,LIQ_0F4168490E;LIQ_6656B41AB7,2,yes,yes,,26.84892234132732,0.9998773470988281,74.566077366273
EXT_981E9EC8865E,EXT_981E9EC8865E,OPEN_POLYMER_SURFACES_2023,SFC_6353761F5CC5,LIQ_6656B41AB7,63.0,prospective_open_external,no,,,ZS_EXT_981E9EC8865E,zero_shot,,,0,no,no,zero_shot_not_applicable,0.0,0.0,0.0
EXT_981E9EC8865E,EXT_981E9EC8865E,OPEN_POLYMER_SURFACES_2023,SFC_6353761F5CC5,LIQ_6656B41AB7,63.0,prospective_open_external,no,,,PA_EXT_981E9EC8865E,probe_assisted,EXT_61408262103D;EXT_6A1E54C20CCE,LIQ_0F4168490E;LIQ_1BD1B94C09,2,yes,yes,,21.943094228177483,1.7557275543176925,71.67183744788274
EXT_8A8E3AAF6896,EXT_8A8E3AAF6896,OPEN_POLYMER_SURFACES_2023,SFC_A66B59B95A03,LIQ_0F4168490E,92.0,prospective_open_external,no,,,ZS_EXT_8A8E3AAF6896,zero_shot,,,0,no,no,zero_shot_not_applicable,0.0,0.0,0.0
EXT_8A8E3AAF6896,EXT_8A8E3AAF6896,OPEN_POLYMER_SURFACES_2023,SFC_A66B59B95A03,LIQ_0F4168490E,92.0,prospective_open_external,no,,,PA_EXT_8A8E3AAF6896,probe_assisted,EXT_80357B8C920D;EXT_C6419C1CBA62,LIQ_1BD1B94C09;LIQ_6656B41AB7,2,yes,yes,,22.315562837809097,2.2338012914396677,95.78696848214935
EXT_80357B8C920D,EXT_80357B8C920D,OPEN_POLYMER_SURFACES_2023,SFC_A66B59B95A03,LIQ_1BD1B94C09,76.0,prospective_open_external,no,,,ZS_EXT_80357B8C920D,zero_shot,,,0,no,no,zero_shot_not_applicable,0.0,0.0,0.0
EXT_80357B8C920D,EXT_80357B8C920D,OPEN_POLYMER_SURFACES_2023,SFC_A66B59B95A03,LIQ_1BD1B94C09,76.0,prospective_open_external,no,,,PA_EXT_80357B8C920D,probe_assisted,EXT_8A8E3AAF6896;EXT_C6419C1CBA62,LIQ_0F4168490E;LIQ_6656B41AB7,2,yes,yes,,22.31556283780912,3.351242150215192,72.99636425552802
EXT_C6419C1CBA62,EXT_C6419C1CBA62,OPEN_POLYMER_SURFACES_2023,SFC_A66B59B95A03,LIQ_6656B41AB7,71.0,prospective_open_external,no,,,ZS_EXT_C6419C1CBA62,zero_shot,,,0,no,no,zero_shot_not_applicable,0.0,0.0,0.0
EXT_C6419C1CBA62,EXT_C6419C1CBA62,OPEN_POLYMER_SURFACES_2023,SFC_A66B59B95A03,LIQ_6656B41AB7,71.0,prospective_open_external,no,,,PA_EXT_C6419C1CBA62,probe_assisted,EXT_80357B8C920D;EXT_8A8E3AAF6896,LIQ_0F4168490E;LIQ_1BD1B94C09,2,yes,yes,,18.425524762854486,4.463557679582063,78.19956306740019
EXT_7720DE638AE3,EXT_7720DE638AE3,OPEN_POLYMER_SURFACES_2023,SFC_62075C90581B,LIQ_0F4168490E,108.0,prospective_open_external,no,,,ZS_EXT_7720DE638AE3,zero_shot,,,0,no,no,zero_shot_not_applicable,0.0,0.0,0.0
EXT_7720DE638AE3,EXT_7720DE638AE3,OPEN_POLYMER_SURFACES_2023,SFC_62075C90581B,LIQ_0F4168490E,108.0,prospective_open_external,no,,,PA_EXT_7720DE638AE3,probe_assisted,EXT_8E3054DE5097;EXT_BC1C15EECE17,LIQ_1BD1B94C09;LIQ_6656B41AB7,2,yes,yes,,13.601915497093646,1.2926698896463693,107.68991574942173
EXT_8E3054DE5097,EXT_8E3054DE5097,OPEN_POLYMER_SURFACES_2023,SFC_62075C90581B,LIQ_1BD1B94C09,92.0,prospective_open_external,no,,,ZS_EXT_8E3054DE5097,zero_shot,,,0,no,no,zero_shot_not_applicable,0.0,0.0,0.0
EXT_8E3054DE5097,EXT_8E3054DE5097,OPEN_POLYMER_SURFACES_2023,SFC_62075C90581B,LIQ_1BD1B94C09,92.0,prospective_open_external,no,,,PA_EXT_8E3054DE5097,probe_assisted,EXT_7720DE638AE3;EXT_BC1C15EECE17,LIQ_0F4168490E;LIQ_6656B41AB7,2,yes,yes,,13.60191549709366,1.2336512898772838,92.2262853354693
EXT_BC1C15EECE17,EXT_BC1C15EECE17,OPEN_POLYMER_SURFACES_2023,SFC_62075C90581B,LIQ_6656B41AB7,88.0,prospective_open_external,no,,,ZS_EXT_BC1C15EECE17,zero_shot,,,0,no,no,zero_shot_not_applicable,0.0,0.0,0.0
EXT_BC1C15EECE17,EXT_BC1C15EECE17,OPEN_POLYMER_SURFACES_2023,SFC_62075C90581B,LIQ_6656B41AB7,88.0,prospective_open_external,no,,,PA_EXT_BC1C15EECE17,probe_assisted,EXT_7720DE638AE3;EXT_8E3054DE5097,LIQ_0F4168490E;LIQ_1BD1B94C09,2,yes,yes,,13.851711797156582,1.1851766634088692,87.4575754633953
EXT_49AD89E9F838,EXT_49AD89E9F838,OPEN_POLYMER_SURFACES_2023,SFC_36EF2E368C84,LIQ_0F4168490E,125.0,prospective_open_external,no,,,ZS_EXT_49AD89E9F838,zero_shot,,,0,no,no,zero_shot_not_applicable,0.0,0.0,0.0
EXT_49AD89E9F838,EXT_49AD89E9F838,OPEN_POLYMER_SURFACES_2023,SFC_36EF2E368C84,LIQ_0F4168490E,125.0,prospective_open_external,no,,,PA_EXT_49AD89E9F838,probe_assisted,EXT_650589542FBB;EXT_C92CA45A6370,LIQ_1BD1B94C09;LIQ_6656B41AB7,2,yes,yes,,7.298466637114254,0.38006632724385125,122.17563851071422
EXT_650589542FBB,EXT_650589542FBB,OPEN_POLYMER_SURFACES_2023,SFC_36EF2E368C84,LIQ_1BD1B94C09,109.0,prospective_open_external,no,,,ZS_EXT_650589542FBB,zero_shot,,,0,no,no,zero_shot_not_applicable,0.0,0.0,0.0
EXT_650589542FBB,EXT_650589542FBB,OPEN_POLYMER_SURFACES_2023,SFC_36EF2E368C84,LIQ_1BD1B94C09,109.0,prospective_open_external,no,,,PA_EXT_650589542FBB,probe_assisted,EXT_49AD89E9F838;EXT_C92CA45A6370,LIQ_0F4168490E;LIQ_6656B41AB7,2,yes,yes,,7.2984666371142595,0.16582126814194284,110.91759808187014
EXT_C92CA45A6370,EXT_C92CA45A6370,OPEN_POLYMER_SURFACES_2023,SFC_36EF2E368C84,LIQ_6656B41AB7,104.0,prospective_open_external,no,,,ZS_EXT_C92CA45A6370,zero_shot,,,0,no,no,zero_shot_not_applicable,0.0,0.0,0.0
EXT_C92CA45A6370,EXT_C92CA45A6370,OPEN_POLYMER_SURFACES_2023,SFC_36EF2E368C84,LIQ_6656B41AB7,104.0,prospective_open_external,no,,,PA_EXT_C92CA45A6370,probe_assisted,EXT_49AD89E9F838;EXT_650589542FBB,LIQ_0F4168490E;LIQ_1BD1B94C09,2,yes,yes,,8.82242967096581,0.05361203155268507,99.58587372255481
EXT_C52AF747E8BF,EXT_C52AF747E8BF,OPEN_TEXTILE_ANTI_WETTING_2019,SFC_70D1A1076BBD,LIQ_0F4168490E,0.0,prospective_open_external,no,,,ZS_EXT_C52AF747E8BF,zero_shot,,,0,no,no,zero_shot_not_applicable,0.0,0.0,0.0
EXT_C52AF747E8BF,EXT_C52AF747E8BF,OPEN_TEXTILE_ANTI_WETTING_2019,SFC_70D1A1076BBD,LIQ_0F4168490E,0.0,prospective_open_external,no,,,PA_EXT_C52AF747E8BF,probe_assisted,EXT_1366AD9E4A11;EXT_B099AADD9565,LIQ_1BD1B94C09;LIQ_6656B41AB7,2,yes,yes,,34.27413935785309,24.191562350026672,44.28113991671709
EXT_1366AD9E4A11,EXT_1366AD9E4A11,OPEN_TEXTILE_ANTI_WETTING_2019,SFC_70D1A1076BBD,LIQ_1BD1B94C09,0.0,prospective_open_external,no,,,ZS_EXT_1366AD9E4A11,zero_shot,,,0,no,no,zero_shot_not_applicable,0.0,0.0,0.0
EXT_1366AD9E4A11,EXT_1366AD9E4A11,OPEN_TEXTILE_ANTI_WETTING_2019,SFC_70D1A1076BBD,LIQ_1BD1B94C09,0.0,prospective_open_external,no,,,PA_EXT_1366AD9E4A11,probe_assisted,EXT_B099AADD9565;EXT_C52AF747E8BF,LIQ_0F4168490E;LIQ_6656B41AB7,2,yes,yes,,34.2741393578531,40.53155781442666,0.0
EXT_B099AADD9565,EXT_B099AADD9565,OPEN_TEXTILE_ANTI_WETTING_2019,SFC_70D1A1076BBD,LIQ_6656B41AB7,50.0,prospective_open_external,no,,,ZS_EXT_B099AADD9565,zero_shot,,,0,no,no,zero_shot_not_applicable,0.0,0.0,0.0
EXT_B099AADD9565,EXT_B099AADD9565,OPEN_TEXTILE_ANTI_WETTING_2019,SFC_70D1A1076BBD,LIQ_6656B41AB7,50.0,prospective_open_external,no,,,PA_EXT_B099AADD9565,probe_assisted,EXT_1366AD9E4A11;EXT_C52AF747E8BF,LIQ_0F4168490E;LIQ_1BD1B94C09,2,yes,yes,,15.963659534003991,57.48401264326431,83.04142666132327
EXT_FA599DFEA153,EXT_FA599DFEA153,OPEN_TEXTILE_ANTI_WETTING_2019,SFC_B23DE8940451,LIQ_0F4168490E,107.0,prospective_open_external,no,,,ZS_EXT_FA599DFEA153,zero_shot,,,0,no,no,zero_shot_not_applicable,0.0,0.0,0.0
EXT_FA599DFEA153,EXT_FA599DFEA153,OPEN_TEXTILE_ANTI_WETTING_2019,SFC_B23DE8940451,LIQ_0F4168490E,107.0,prospective_open_external,no,,,PA_EXT_FA599DFEA153,probe_assisted,EXT_5AF9983FF446;EXT_77B7B95A656C,LIQ_1BD1B94C09;LIQ_6656B41AB7,2,yes,yes,,10.989983330390245,0.032960980783243096,122.62575219200302
EXT_77B7B95A656C,EXT_77B7B95A656C,OPEN_TEXTILE_ANTI_WETTING_2019,SFC_B23DE8940451,LIQ_1BD1B94C09,105.0,prospective_open_external,no,,,ZS_EXT_77B7B95A656C,zero_shot,,,0,no,no,zero_shot_not_applicable,0.0,0.0,0.0
EXT_77B7B95A656C,EXT_77B7B95A656C,OPEN_TEXTILE_ANTI_WETTING_2019,SFC_B23DE8940451,LIQ_1BD1B94C09,105.0,prospective_open_external,no,,,PA_EXT_77B7B95A656C,probe_assisted,EXT_5AF9983FF446;EXT_FA599DFEA153,LIQ_0F4168490E;LIQ_6656B41AB7,2,yes,yes,,10.98998333039025,2.0718211623205156,94.00011486374069
EXT_5AF9983FF446,EXT_5AF9983FF446,OPEN_TEXTILE_ANTI_WETTING_2019,SFC_B23DE8940451,LIQ_6656B41AB7,94.0,prospective_open_external,no,,,ZS_EXT_5AF9983FF446,zero_shot,,,0,no,no,zero_shot_not_applicable,0.0,0.0,0.0
EXT_5AF9983FF446,EXT_5AF9983FF446,OPEN_TEXTILE_ANTI_WETTING_2019,SFC_B23DE8940451,LIQ_6656B41AB7,94.0,prospective_open_external,no,,,PA_EXT_5AF9983FF446,probe_assisted,EXT_77B7B95A656C;EXT_FA599DFEA153,LIQ_0F4168490E;LIQ_1BD1B94C09,2,yes,yes,,2.890818640765342,6.225934778723888,121.52704261856235
EXT_B067D03F4F2E,EXT_B067D03F4F2E,OPEN_TEXTILE_ANTI_WETTING_2019,SFC_C90D1535E78D,LIQ_0F4168490E,101.0,prospective_open_external,no,,,ZS_EXT_B067D03F4F2E,zero_shot,,,0,no,no,zero_shot_not_applicable,0.0,0.0,0.0
EXT_B067D03F4F2E,EXT_B067D03F4F2E,OPEN_TEXTILE_ANTI_WETTING_2019,SFC_C90D1535E78D,LIQ_0F4168490E,101.0,prospective_open_external,no,,,PA_EXT_B067D03F4F2E,probe_assisted,EXT_1B40295A791F;EXT_3B5D655ADA7C,LIQ_1BD1B94C09;LIQ_6656B41AB7,2,yes,yes,,27.57886694415605,0.0,109.04919345542869
EXT_1B40295A791F,EXT_1B40295A791F,OPEN_TEXTILE_ANTI_WETTING_2019,SFC_C90D1535E78D,LIQ_1BD1B94C09,84.0,prospective_open_external,no,,,ZS_EXT_1B40295A791F,zero_shot,,,0,no,no,zero_shot_not_applicable,0.0,0.0,0.0
EXT_1B40295A791F,EXT_1B40295A791F,OPEN_TEXTILE_ANTI_WETTING_2019,SFC_C90D1535E78D,LIQ_1BD1B94C09,84.0,prospective_open_external,no,,,PA_EXT_1B40295A791F,probe_assisted,EXT_3B5D655ADA7C;EXT_B067D03F4F2E,LIQ_0F4168490E;LIQ_6656B41AB7,2,yes,yes,,28.575,0.39633328560818043,75.77302444821828
EXT_3B5D655ADA7C,EXT_3B5D655ADA7C,OPEN_TEXTILE_ANTI_WETTING_2019,SFC_C90D1535E78D,LIQ_6656B41AB7,60.0,prospective_open_external,no,,,ZS_EXT_3B5D655ADA7C,zero_shot,,,0,no,no,zero_shot_not_applicable,0.0,0.0,0.0
EXT_3B5D655ADA7C,EXT_3B5D655ADA7C,OPEN_TEXTILE_ANTI_WETTING_2019,SFC_C90D1535E78D,LIQ_6656B41AB7,60.0,prospective_open_external,no,,,PA_EXT_3B5D655ADA7C,probe_assisted,EXT_1B40295A791F;EXT_B067D03F4F2E,LIQ_0F4168490E;LIQ_1BD1B94C09,2,yes,yes,,17.132876299151278,2.011496176492746,80.70694922635106
EXT_2E5AD1B19DD9,EXT_2E5AD1B19DD9,OPEN_TEXTILE_ANTI_WETTING_2019,SFC_F92838A9E6A2,LIQ_0F4168490E,105.0,prospective_open_external,no,,,ZS_EXT_2E5AD1B19DD9,zero_shot,,,0,no,no,zero_shot_not_applicable,0.0,0.0,0.0
EXT_2E5AD1B19DD9,EXT_2E5AD1B19DD9,OPEN_TEXTILE_ANTI_WETTING_2019,SFC_F92838A9E6A2,LIQ_0F4168490E,105.0,prospective_open_external,no,,,PA_EXT_2E5AD1B19DD9,probe_assisted,EXT_88A27790C2BD;EXT_9E923F72BEB3,LIQ_1BD1B94C09;LIQ_6656B41AB7,2,yes,yes,,25.184125943045295,0.0,110.8725218189888
EXT_9E923F72BEB3,EXT_9E923F72BEB3,OPEN_TEXTILE_ANTI_WETTING_2019,SFC_F92838A9E6A2,LIQ_1BD1B94C09,88.0,prospective_open_external,no,,,ZS_EXT_9E923F72BEB3,zero_shot,,,0,no,no,zero_shot_not_applicable,0.0,0.0,0.0
EXT_9E923F72BEB3,EXT_9E923F72BEB3,OPEN_TEXTILE_ANTI_WETTING_2019,SFC_F92838A9E6A2,LIQ_1BD1B94C09,88.0,prospective_open_external,no,,,PA_EXT_9E923F72BEB3,probe_assisted,EXT_2E5AD1B19DD9;EXT_88A27790C2BD,LIQ_0F4168490E;LIQ_6656B41AB7,2,yes,yes,,26.84892234132732,0.15217875944346182,79.95252741581984
EXT_88A27790C2BD,EXT_88A27790C2BD,OPEN_TEXTILE_ANTI_WETTING_2019,SFC_F92838A9E6A2,LIQ_6656B41AB7,63.0,prospective_open_external,no,,,ZS_EXT_88A27790C2BD,zero_shot,,,0,no,no,zero_shot_not_applicable,0.0,0.0,0.0
EXT_88A27790C2BD,EXT_88A27790C2BD,OPEN_TEXTILE_ANTI_WETTING_2019,SFC_F92838A9E6A2,LIQ_6656B41AB7,63.0,prospective_open_external,no,,,PA_EXT_88A27790C2BD,probe_assisted,EXT_2E5AD1B19DD9;EXT_9E923F72BEB3,LIQ_0F4168490E;LIQ_1BD1B94C09,2,yes,yes,,15.916064370967247,1.367713874998247,83.13796011472671
EXT_4DA44BDBC109,EXT_4DA44BDBC109,OPEN_TEXTILE_ANTI_WETTING_2019,SFC_F8CAAE03FE56,LIQ_0F4168490E,96.0,prospective_open_external,no,,,ZS_EXT_4DA44BDBC109,zero_shot,,,0,no,no,zero_shot_not_applicable,0.0,0.0,0.0
EXT_4DA44BDBC109,EXT_4DA44BDBC109,OPEN_TEXTILE_ANTI_WETTING_2019,SFC_F8CAAE03FE56,LIQ_0F4168490E,96.0,prospective_open_external,no,,,PA_EXT_4DA44BDBC109,probe_assisted,EXT_90EB026C806A;EXT_AB64302191E1,LIQ_1BD1B94C09;LIQ_6656B41AB7,2,yes,yes,,27.992614260855937,0.0,108.7443278042202
EXT_AB64302191E1,EXT_AB64302191E1,OPEN_TEXTILE_ANTI_WETTING_2019,SFC_F8CAAE03FE56,LIQ_1BD1B94C09,82.0,prospective_open_external,no,,,ZS_EXT_AB64302191E1,zero_shot,,,0,no,no,zero_shot_not_applicable,0.0,0.0,0.0
EXT_AB64302191E1,EXT_AB64302191E1,OPEN_TEXTILE_ANTI_WETTING_2019,SFC_F8CAAE03FE56,LIQ_1BD1B94C09,82.0,prospective_open_external,no,,,PA_EXT_AB64302191E1,probe_assisted,EXT_4DA44BDBC109;EXT_90EB026C806A,LIQ_0F4168490E;LIQ_6656B41AB7,2,yes,yes,,27.999177026376156,1.220398142189712,72.21012473186013
EXT_90EB026C806A,EXT_90EB026C806A,OPEN_TEXTILE_ANTI_WETTING_2019,SFC_F8CAAE03FE56,LIQ_6656B41AB7,61.0,prospective_open_external,no,,,ZS_EXT_90EB026C806A,zero_shot,,,0,no,no,zero_shot_not_applicable,0.0,0.0,0.0
EXT_90EB026C806A,EXT_90EB026C806A,OPEN_TEXTILE_ANTI_WETTING_2019,SFC_F8CAAE03FE56,LIQ_6656B41AB7,61.0,prospective_open_external,no,,,PA_EXT_90EB026C806A,probe_assisted,EXT_4DA44BDBC109;EXT_AB64302191E1,LIQ_0F4168490E;LIQ_1BD1B94C09,2,yes,yes,,14.980781022410978,4.135985801789823,85.06135732140176
EXT_1D5570A27934,EXT_1D5570A27934,OPEN_TEXTILE_ANTI_WETTING_2019,SFC_96459A5711ED,LIQ_0F4168490E,106.0,prospective_open_external,no,,,ZS_EXT_1D5570A27934,zero_shot,,,0,no,no,zero_shot_not_applicable,0.0,0.0,0.0
EXT_1D5570A27934,EXT_1D5570A27934,OPEN_TEXTILE_ANTI_WETTING_2019,SFC_96459A5711ED,LIQ_0F4168490E,106.0,prospective_open_external,no,,,PA_EXT_1D5570A27934,probe_assisted,EXT_608AC2D3D381;EXT_C2CBB107CCEB,LIQ_1BD1B94C09;LIQ_6656B41AB7,2,yes,yes,,10.582714902581952,0.37097473971356215,117.59543230367245
EXT_C2CBB107CCEB,EXT_C2CBB107CCEB,OPEN_TEXTILE_ANTI_WETTING_2019,SFC_96459A5711ED,LIQ_1BD1B94C09,102.0,prospective_open_external,no,,,ZS_EXT_C2CBB107CCEB,zero_shot,,,0,no,no,zero_shot_not_applicable,0.0,0.0,0.0
EXT_C2CBB107CCEB,EXT_C2CBB107CCEB,OPEN_TEXTILE_ANTI_WETTING_2019,SFC_96459A5711ED,LIQ_1BD1B94C09,102.0,prospective_open_external,no,,,PA_EXT_C2CBB107CCEB,probe_assisted,EXT_1D5570A27934;EXT_608AC2D3D381,LIQ_0F4168490E;LIQ_6656B41AB7,2,yes,yes,,10.582714902581971,2.4499036229704276,93.6807663370289
EXT_608AC2D3D381,EXT_608AC2D3D381,OPEN_TEXTILE_ANTI_WETTING_2019,SFC_96459A5711ED,LIQ_6656B41AB7,95.0,prospective_open_external,no,,,ZS_EXT_608AC2D3D381,zero_shot,,,0,no,no,zero_shot_not_applicable,0.0,0.0,0.0
EXT_608AC2D3D381,EXT_608AC2D3D381,OPEN_TEXTILE_ANTI_WETTING_2019,SFC_96459A5711ED,LIQ_6656B41AB7,95.0,prospective_open_external,no,,,PA_EXT_608AC2D3D381,probe_assisted,EXT_1D5570A27934;EXT_C2CBB107CCEB,LIQ_0F4168490E;LIQ_1BD1B94C09,2,yes,yes,,4.102903266042321,5.606397053482275,115.56999855314648
EXT_0AE552940B30,EXT_0AE552940B30,OPEN_TEXTILE_ANTI_WETTING_2019,SFC_DE9D8D16E40F,LIQ_0F4168490E,104.0,prospective_open_external,no,,,ZS_EXT_0AE552940B30,zero_shot,,,0,no,no,zero_shot_not_applicable,0.0,0.0,0.0
EXT_0AE552940B30,EXT_0AE552940B30,OPEN_TEXTILE_ANTI_WETTING_2019,SFC_DE9D8D16E40F,LIQ_0F4168490E,104.0,prospective_open_external,no,,,PA_EXT_0AE552940B30,probe_assisted,EXT_3549187670B3;EXT_925A4AF449D5,LIQ_1BD1B94C09;LIQ_6656B41AB7,2,yes,yes,,25.10136364422178,0.0,110.93744777587982
EXT_3549187670B3,EXT_3549187670B3,OPEN_TEXTILE_ANTI_WETTING_2019,SFC_DE9D8D16E40F,LIQ_1BD1B94C09,90.0,prospective_open_external,no,,,ZS_EXT_3549187670B3,zero_shot,,,0,no,no,zero_shot_not_applicable,0.0,0.0,0.0
EXT_3549187670B3,EXT_3549187670B3,OPEN_TEXTILE_ANTI_WETTING_2019,SFC_DE9D8D16E40F,LIQ_1BD1B94C09,90.0,prospective_open_external,no,,,PA_EXT_3549187670B3,probe_assisted,EXT_0AE552940B30;EXT_925A4AF449D5,LIQ_0F4168490E;LIQ_6656B41AB7,2,yes,yes,,27.999177026376138,0.16355498068212052,78.4473916893813
EXT_925A4AF449D5,EXT_925A4AF449D5,OPEN_TEXTILE_ANTI_WETTING_2019,SFC_DE9D8D16E40F,LIQ_6656B41AB7,61.0,prospective_open_external,no,,,ZS_EXT_925A4AF449D5,zero_shot,,,0,no,no,zero_shot_not_applicable,0.0,0.0,0.0
EXT_925A4AF449D5,EXT_925A4AF449D5,OPEN_TEXTILE_ANTI_WETTING_2019,SFC_DE9D8D16E40F,LIQ_6656B41AB7,61.0,prospective_open_external,no,,,PA_EXT_925A4AF449D5,probe_assisted,EXT_0AE552940B30;EXT_3549187670B3,LIQ_0F4168490E;LIQ_1BD1B94C09,2,yes,yes,,12.822312003439182,2.3189337873924947,89.72475606097458
EXT_AF4963616E76,EXT_AF4963616E76,OPEN_TEXTILE_ANTI_WETTING_2019,SFC_A7A6BDD5941D,LIQ_0F4168490E,0.0,prospective_open_external,no,,,ZS_EXT_AF4963616E76,zero_shot,,,0,no,no,zero_shot_not_applicable,0.0,0.0,0.0
EXT_AF4963616E76,EXT_AF4963616E76,OPEN_TEXTILE_ANTI_WETTING_2019,SFC_A7A6BDD5941D,LIQ_0F4168490E,0.0,prospective_open_external,no,,,PA_EXT_AF4963616E76,probe_assisted,EXT_6E149AD2F9BC;EXT_74D717509DFB,LIQ_1BD1B94C09;LIQ_6656B41AB7,2,yes,yes,,50.799999999999976,9.57694453790433,58.5745639041323
EXT_74D717509DFB,EXT_74D717509DFB,OPEN_TEXTILE_ANTI_WETTING_2019,SFC_A7A6BDD5941D,LIQ_1BD1B94C09,0.0,prospective_open_external,no,,,ZS_EXT_74D717509DFB,zero_shot,,,0,no,no,zero_shot_not_applicable,0.0,0.0,0.0
EXT_74D717509DFB,EXT_74D717509DFB,OPEN_TEXTILE_ANTI_WETTING_2019,SFC_A7A6BDD5941D,LIQ_1BD1B94C09,0.0,prospective_open_external,no,,,PA_EXT_74D717509DFB,probe_assisted,EXT_6E149AD2F9BC;EXT_AF4963616E76,LIQ_0F4168490E;LIQ_6656B41AB7,2,yes,yes,,50.80000000000001,30.62688248867178,0.0
EXT_6E149AD2F9BC,EXT_6E149AD2F9BC,OPEN_TEXTILE_ANTI_WETTING_2019,SFC_A7A6BDD5941D,LIQ_6656B41AB7,0.0,prospective_open_external,no,,,ZS_EXT_6E149AD2F9BC,zero_shot,,,0,no,no,zero_shot_not_applicable,0.0,0.0,0.0
EXT_6E149AD2F9BC,EXT_6E149AD2F9BC,OPEN_TEXTILE_ANTI_WETTING_2019,SFC_A7A6BDD5941D,LIQ_6656B41AB7,0.0,prospective_open_external,no,,,PA_EXT_6E149AD2F9BC,probe_assisted,EXT_74D717509DFB;EXT_AF4963616E76,LIQ_0F4168490E;LIQ_1BD1B94C09,2,yes,yes,,15.963659534003991,57.48401264326431,83.04142666132327
EXT_A77898F3791B,EXT_A77898F3791B,OPEN_TEXTILE_ANTI_WETTING_2019,SFC_AEE4770633F2,LIQ_0F4168490E,166.0,prospective_open_external,no,,,ZS_EXT_A77898F3791B,zero_shot,,,0,no,no,zero_shot_not_applicable,0.0,0.0,0.0
EXT_A77898F3791B,EXT_A77898F3791B,OPEN_TEXTILE_ANTI_WETTING_2019,SFC_AEE4770633F2,LIQ_0F4168490E,166.0,prospective_open_external,no,,,PA_EXT_A77898F3791B,probe_assisted,EXT_2B7215CA739E;EXT_6A76549F5884,LIQ_1BD1B94C09;LIQ_6656B41AB7,2,yes,yes,,0.12509127850445625,0.0,162.67538721355936
EXT_2B7215CA739E,EXT_2B7215CA739E,OPEN_TEXTILE_ANTI_WETTING_2019,SFC_AEE4770633F2,LIQ_1BD1B94C09,159.0,prospective_open_external,no,,,ZS_EXT_2B7215CA739E,zero_shot,,,0,no,no,zero_shot_not_applicable,0.0,0.0,0.0
EXT_2B7215CA739E,EXT_2B7215CA739E,OPEN_TEXTILE_ANTI_WETTING_2019,SFC_AEE4770633F2,LIQ_1BD1B94C09,159.0,prospective_open_external,no,,,PA_EXT_2B7215CA739E,probe_assisted,EXT_6A76549F5884;EXT_A77898F3791B,LIQ_0F4168490E;LIQ_6656B41AB7,2,yes,yes,,0.11650196646723551,0.0,157.89528984824537
EXT_6A76549F5884,EXT_6A76549F5884,OPEN_TEXTILE_ANTI_WETTING_2019,SFC_AEE4770633F2,LIQ_6656B41AB7,153.0,prospective_open_external,no,,,ZS_EXT_6A76549F5884,zero_shot,,,0,no,no,zero_shot_not_applicable,0.0,0.0,0.0
EXT_6A76549F5884,EXT_6A76549F5884,OPEN_TEXTILE_ANTI_WETTING_2019,SFC_AEE4770633F2,LIQ_6656B41AB7,153.0,prospective_open_external,no,,,PA_EXT_6A76549F5884,probe_assisted,EXT_2B7215CA739E;EXT_A77898F3791B,LIQ_0F4168490E;LIQ_1BD1B94C09,2,yes,yes,,0.07889125236227898,0.0,157.0998418203524
EXT_14B3DFB49864,EXT_14B3DFB49864,OPEN_TEXTILE_ANTI_WETTING_2019,SFC_E0770C382AAA,LIQ_0F4168490E,164.0,prospective_open_external,no,,,ZS_EXT_14B3DFB49864,zero_shot,,,0,no,no,zero_shot_not_applicable,0.0,0.0,0.0
EXT_14B3DFB49864,EXT_14B3DFB49864,OPEN_TEXTILE_ANTI_WETTING_2019,SFC_E0770C382AAA,LIQ_0F4168490E,164.0,prospective_open_external,no,,,PA_EXT_14B3DFB49864,probe_assisted,EXT_038669031712;EXT_6181C20E4C23,LIQ_1BD1B94C09;LIQ_6656B41AB7,2,yes,yes,,0.29323513973742227,8.594973199194437e-06,158.42932902481155
EXT_038669031712,EXT_038669031712,OPEN_TEXTILE_ANTI_WETTING_2019,SFC_E0770C382AAA,LIQ_1BD1B94C09,152.0,prospective_open_external,no,,,ZS_EXT_038669031712,zero_shot,,,0,no,no,zero_shot_not_applicable,0.0,0.0,0.0
EXT_038669031712,EXT_038669031712,OPEN_TEXTILE_ANTI_WETTING_2019,SFC_E0770C382AAA,LIQ_1BD1B94C09,152.0,prospective_open_external,no,,,PA_EXT_038669031712,probe_assisted,EXT_14B3DFB49864;EXT_6181C20E4C23,LIQ_0F4168490E;LIQ_6656B41AB7,2,yes,yes,,0.22051830822598786,0.0,154.0106407139157
EXT_6181C20E4C23,EXT_6181C20E4C23,OPEN_TEXTILE_ANTI_WETTING_2019,SFC_E0770C382AAA,LIQ_6656B41AB7,148.0,prospective_open_external,no,,,ZS_EXT_6181C20E4C23,zero_shot,,,0,no,no,zero_shot_not_applicable,0.0,0.0,0.0
EXT_6181C20E4C23,EXT_6181C20E4C23,OPEN_TEXTILE_ANTI_WETTING_2019,SFC_E0770C382AAA,LIQ_6656B41AB7,148.0,prospective_open_external,no,,,PA_EXT_6181C20E4C23,probe_assisted,EXT_038669031712;EXT_14B3DFB49864,LIQ_0F4168490E;LIQ_1BD1B94C09,2,yes,yes,,0.2088019864822894,0.0,150.66581621304277
EXT_72A5665216D0,EXT_72A5665216D0,OPEN_TEXTILE_ANTI_WETTING_2019,SFC_D1ADE9B03D51,LIQ_0F4168490E,126.0,prospective_open_external,no,,,ZS_EXT_72A5665216D0,zero_shot,,,0,no,no,zero_shot_not_applicable,0.0,0.0,0.0
EXT_72A5665216D0,EXT_72A5665216D0,OPEN_TEXTILE_ANTI_WETTING_2019,SFC_D1ADE9B03D51,LIQ_0F4168490E,126.0,prospective_open_external,no,,,PA_EXT_72A5665216D0,probe_assisted,EXT_2BFE763DBE7F;EXT_8D65AE043571,LIQ_1BD1B94C09;LIQ_6656B41AB7,2,yes,yes,,39.182035398890676,0.0,101.3664641532741
EXT_2BFE763DBE7F,EXT_2BFE763DBE7F,OPEN_TEXTILE_ANTI_WETTING_2019,SFC_D1ADE9B03D51,LIQ_1BD1B94C09,84.0,prospective_open_external,no,,,ZS_EXT_2BFE763DBE7F,zero_shot,,,0,no,no,zero_shot_not_applicable,0.0,0.0,0.0
EXT_2BFE763DBE7F,EXT_2BFE763DBE7F,OPEN_TEXTILE_ANTI_WETTING_2019,SFC_D1ADE9B03D51,LIQ_1BD1B94C09,84.0,prospective_open_external,no,,,PA_EXT_2BFE763DBE7F,probe_assisted,EXT_72A5665216D0;EXT_8D65AE043571,LIQ_0F4168490E;LIQ_6656B41AB7,2,yes,yes,,35.42869540559912,0.0,73.6338134331509
EXT_8D65AE043571,EXT_8D65AE043571,OPEN_TEXTILE_ANTI_WETTING_2019,SFC_D1ADE9B03D51,LIQ_6656B41AB7,0.0,prospective_open_external,no,,,ZS_EXT_8D65AE043571,zero_shot,,,0,no,no,zero_shot_not_applicable,0.0,0.0,0.0
EXT_8D65AE043571,EXT_8D65AE043571,OPEN_TEXTILE_ANTI_WETTING_2019,SFC_D1ADE9B03D51,LIQ_6656B41AB7,0.0,prospective_open_external,no,,,PA_EXT_8D65AE043571,probe_assisted,EXT_2BFE763DBE7F;EXT_72A5665216D0,LIQ_0F4168490E;LIQ_1BD1B94C09,2,yes,yes,,19.73417315929798,0.0,75.72690328480888
EXT_C6C3DE3E198C,EXT_C6C3DE3E198C,OPEN_TEXTILE_ANTI_WETTING_2019,SFC_F4A35D2DD4C5,LIQ_0F4168490E,147.0,prospective_open_external,no,,,ZS_EXT_C6C3DE3E198C,zero_shot,,,0,no,no,zero_shot_not_applicable,0.0,0.0,0.0
EXT_C6C3DE3E198C,EXT_C6C3DE3E198C,OPEN_TEXTILE_ANTI_WETTING_2019,SFC_F4A35D2DD4C5,LIQ_0F4168490E,147.0,prospective_open_external,no,,,PA_EXT_C6C3DE3E198C,probe_assisted,EXT_08747D17F0BD;EXT_CB7F947E87F6,LIQ_1BD1B94C09;LIQ_6656B41AB7,2,yes,yes,,0.6951370729629662,0.02107627517409042,149.83386220015834
EXT_CB7F947E87F6,EXT_CB7F947E87F6,OPEN_TEXTILE_ANTI_WETTING_2019,SFC_F4A35D2DD4C5,LIQ_1BD1B94C09,143.0,prospective_open_external,no,,,ZS_EXT_CB7F947E87F6,zero_shot,,,0,no,no,zero_shot_not_applicable,0.0,0.0,0.0
EXT_CB7F947E87F6,EXT_CB7F947E87F6,OPEN_TEXTILE_ANTI_WETTING_2019,SFC_F4A35D2DD4C5,LIQ_1BD1B94C09,143.0,prospective_open_external,no,,,PA_EXT_CB7F947E87F6,probe_assisted,EXT_08747D17F0BD;EXT_C6C3DE3E198C,LIQ_0F4168490E;LIQ_6656B41AB7,2,yes,yes,,0.6951370729629666,0.076837898519718,141.1501074111485
EXT_08747D17F0BD,EXT_08747D17F0BD,OPEN_TEXTILE_ANTI_WETTING_2019,SFC_F4A35D2DD4C5,LIQ_6656B41AB7,140.0,prospective_open_external,no,,,ZS_EXT_08747D17F0BD,zero_shot,,,0,no,no,zero_shot_not_applicable,0.0,0.0,0.0
EXT_08747D17F0BD,EXT_08747D17F0BD,OPEN_TEXTILE_ANTI_WETTING_2019,SFC_F4A35D2DD4C5,LIQ_6656B41AB7,140.0,prospective_open_external,no,,,PA_EXT_08747D17F0BD,probe_assisted,EXT_C6C3DE3E198C;EXT_CB7F947E87F6,LIQ_0F4168490E;LIQ_1BD1B94C09,2,yes,yes,,0.44123387824241234,0.1505529298779954,144.44973169653494
EXT_8197A3621B99,EXT_8197A3621B99,OPEN_TEXTILE_ANTI_WETTING_2019,SFC_B6F1BA3CA55E,LIQ_0F4168490E,145.0,prospective_open_external,no,,,ZS_EXT_8197A3621B99,zero_shot,,,0,no,no,zero_shot_not_applicable,0.0,0.0,0.0
EXT_8197A3621B99,EXT_8197A3621B99,OPEN_TEXTILE_ANTI_WETTING_2019,SFC_B6F1BA3CA55E,LIQ_0F4168490E,145.0,prospective_open_external,no,,,PA_EXT_8197A3621B99,probe_assisted,EXT_0DF6420B4440;EXT_9C403EA34EBF,LIQ_1BD1B94C09;LIQ_6656B41AB7,2,yes,yes,,1.8735106682064444,0.0,145.53055469075883
EXT_9C403EA34EBF,EXT_9C403EA34EBF,OPEN_TEXTILE_ANTI_WETTING_2019,SFC_B6F1BA3CA55E,LIQ_1BD1B94C09,136.0,prospective_open_external,no,,,ZS_EXT_9C403EA34EBF,zero_shot,,,0,no,no,zero_shot_not_applicable,0.0,0.0,0.0
EXT_9C403EA34EBF,EXT_9C403EA34EBF,OPEN_TEXTILE_ANTI_WETTING_2019,SFC_B6F1BA3CA55E,LIQ_1BD1B94C09,136.0,prospective_open_external,no,,,PA_EXT_9C403EA34EBF,probe_assisted,EXT_0DF6420B4440;EXT_8197A3621B99,LIQ_0F4168490E;LIQ_6656B41AB7,2,yes,yes,,2.0058373539755237,0.0,134.0282064250642
EXT_0DF6420B4440,EXT_0DF6420B4440,OPEN_TEXTILE_ANTI_WETTING_2019,SFC_B6F1BA3CA55E,LIQ_6656B41AB7,127.0,prospective_open_external,no,,,ZS_EXT_0DF6420B4440,zero_shot,,,0,no,no,zero_shot_not_applicable,0.0,0.0,0.0
EXT_0DF6420B4440,EXT_0DF6420B4440,OPEN_TEXTILE_ANTI_WETTING_2019,SFC_B6F1BA3CA55E,LIQ_6656B41AB7,127.0,prospective_open_external,no,,,PA_EXT_0DF6420B4440,probe_assisted,EXT_8197A3621B99;EXT_9C403EA34EBF,LIQ_0F4168490E;LIQ_1BD1B94C09,2,yes,yes,,1.4734025259769379,0.01643050443695989,131.2532806209906
EXT_E6B7DB163BBF,EXT_E6B7DB163BBF,OPEN_TEXTILE_ANTI_WETTING_2019,SFC_ADC096AE0D75,LIQ_0F4168490E,129.0,prospective_open_external,no,,,ZS_EXT_E6B7DB163BBF,zero_shot,,,0,no,no,zero_shot_not_applicable,0.0,0.0,0.0
EXT_E6B7DB163BBF,EXT_E6B7DB163BBF,OPEN_TEXTILE_ANTI_WETTING_2019,SFC_ADC096AE0D75,LIQ_0F4168490E,129.0,prospective_open_external,no,,,PA_EXT_E6B7DB163BBF,probe_assisted,EXT_CE643B4A3F85;EXT_FE000B13E4CD,LIQ_1BD1B94C09;LIQ_6656B41AB7,2,yes,yes,,50.800000000000004,9.576944537904309,58.57456390413233
EXT_CE643B4A3F85,EXT_CE643B4A3F85,OPEN_TEXTILE_ANTI_WETTING_2019,SFC_ADC096AE0D75,LIQ_1BD1B94C09,0.0,prospective_open_external,no,,,ZS_EXT_CE643B4A3F85,zero_shot,,,0,no,no,zero_shot_not_applicable,0.0,0.0,0.0
EXT_CE643B4A3F85,EXT_CE643B4A3F85,OPEN_TEXTILE_ANTI_WETTING_2019,SFC_ADC096AE0D75,LIQ_1BD1B94C09,0.0,prospective_open_external,no,,,PA_EXT_CE643B4A3F85,probe_assisted,EXT_E6B7DB163BBF;EXT_FE000B13E4CD,LIQ_0F4168490E;LIQ_6656B41AB7,2,yes,yes,,34.28066209914935,0.0,74.88027411477913
EXT_FE000B13E4CD,EXT_FE000B13E4CD,OPEN_TEXTILE_ANTI_WETTING_2019,SFC_ADC096AE0D75,LIQ_6656B41AB7,0.0,prospective_open_external,no,,,ZS_EXT_FE000B13E4CD,zero_shot,,,0,no,no,zero_shot_not_applicable,0.0,0.0,0.0
EXT_FE000B13E4CD,EXT_FE000B13E4CD,OPEN_TEXTILE_ANTI_WETTING_2019,SFC_ADC096AE0D75,LIQ_6656B41AB7,0.0,prospective_open_external,no,,,PA_EXT_FE000B13E4CD,probe_assisted,EXT_CE643B4A3F85;EXT_E6B7DB163BBF,LIQ_0F4168490E;LIQ_1BD1B94C09,2,yes,yes,,48.90980391315584,0.0,15.753489543639056
EXT_80DEF70D19C2,EXT_80DEF70D19C2,OPEN_TEXTILE_ANTI_WETTING_2019,SFC_7E09C519A040,LIQ_0F4168490E,156.0,prospective_open_external,no,,,ZS_EXT_80DEF70D19C2,zero_shot,,,0,no,no,zero_shot_not_applicable,0.0,0.0,0.0
EXT_80DEF70D19C2,EXT_80DEF70D19C2,OPEN_TEXTILE_ANTI_WETTING_2019,SFC_7E09C519A040,LIQ_0F4168490E,156.0,prospective_open_external,no,,,PA_EXT_80DEF70D19C2,probe_assisted,EXT_5361E028DB1F;EXT_9AB928688B6A,LIQ_1BD1B94C09;LIQ_6656B41AB7,2,yes,yes,,0.22795474387525805,0.042974605103258616,153.90764830630687
EXT_9AB928688B6A,EXT_9AB928688B6A,OPEN_TEXTILE_ANTI_WETTING_2019,SFC_7E09C519A040,LIQ_1BD1B94C09,150.0,prospective_open_external,no,,,ZS_EXT_9AB928688B6A,zero_shot,,,0,no,no,zero_shot_not_applicable,0.0,0.0,0.0
EXT_9AB928688B6A,EXT_9AB928688B6A,OPEN_TEXTILE_ANTI_WETTING_2019,SFC_7E09C519A040,LIQ_1BD1B94C09,150.0,prospective_open_external,no,,,PA_EXT_9AB928688B6A,probe_assisted,EXT_5361E028DB1F;EXT_80DEF70D19C2,LIQ_0F4168490E;LIQ_6656B41AB7,2,yes,yes,,0.22795474387525827,0.016514181525286612,151.386352789681
EXT_5361E028DB1F,EXT_5361E028DB1F,OPEN_TEXTILE_ANTI_WETTING_2019,SFC_7E09C519A040,LIQ_6656B41AB7,150.0,prospective_open_external,no,,,ZS_EXT_5361E028DB1F,zero_shot,,,0,no,no,zero_shot_not_applicable,0.0,0.0,0.0
EXT_5361E028DB1F,EXT_5361E028DB1F,OPEN_TEXTILE_ANTI_WETTING_2019,SFC_7E09C519A040,LIQ_6656B41AB7,150.0,prospective_open_external,no,,,PA_EXT_5361E028DB1F,probe_assisted,EXT_80DEF70D19C2;EXT_9AB928688B6A,LIQ_0F4168490E;LIQ_1BD1B94C09,2,yes,yes,,0.3347876276809818,0.003889752154253759,146.89159325116253
EXT_3C536EB8B2E0,EXT_3C536EB8B2E0,OPEN_TEXTILE_ANTI_WETTING_2019,SFC_FE1BCA204FFA,LIQ_0F4168490E,151.0,prospective_open_external,no,,,ZS_EXT_3C536EB8B2E0,zero_shot,,,0,no,no,zero_shot_not_applicable,0.0,0.0,0.0
EXT_3C536EB8B2E0,EXT_3C536EB8B2E0,OPEN_TEXTILE_ANTI_WETTING_2019,SFC_FE1BCA204FFA,LIQ_0F4168490E,151.0,prospective_open_external,no,,,PA_EXT_3C536EB8B2E0,probe_assisted,EXT_E53A49812943;EXT_EE607E307472,LIQ_1BD1B94C09;LIQ_6656B41AB7,2,yes,yes,,0.6951370729629663,7.532584379839864e-05,153.04361261097688
EXT_E53A49812943,EXT_E53A49812943,OPEN_TEXTILE_ANTI_WETTING_2019,SFC_FE1BCA204FFA,LIQ_1BD1B94C09,145.0,prospective_open_external,no,,,ZS_EXT_E53A49812943,zero_shot,,,0,no,no,zero_shot_not_applicable,0.0,0.0,0.0
EXT_E53A49812943,EXT_E53A49812943,OPEN_TEXTILE_ANTI_WETTING_2019,SFC_FE1BCA204FFA,LIQ_1BD1B94C09,145.0,prospective_open_external,no,,,PA_EXT_E53A49812943,probe_assisted,EXT_3C536EB8B2E0;EXT_EE607E307472,LIQ_0F4168490E;LIQ_6656B41AB7,2,yes,yes,,0.6951370729629669,0.008829051822135303,143.73921405818956
EXT_EE607E307472,EXT_EE607E307472,OPEN_TEXTILE_ANTI_WETTING_2019,SFC_FE1BCA204FFA,LIQ_6656B41AB7,140.0,prospective_open_external,no,,,ZS_EXT_EE607E307472,zero_shot,,,0,no,no,zero_shot_not_applicable,0.0,0.0,0.0
EXT_EE607E307472,EXT_EE607E307472,OPEN_TEXTILE_ANTI_WETTING_2019,SFC_FE1BCA204FFA,LIQ_6656B41AB7,140.0,prospective_open_external,no,,,PA_EXT_EE607E307472,probe_assisted,EXT_3C536EB8B2E0;EXT_E53A49812943,LIQ_0F4168490E;LIQ_1BD1B94C09,2,yes,yes,,0.5245473790269859,0.027406424868201454,142.8226386526137
EXT_618188348392,EXT_618188348392,OPEN_PLA_FILMS_2021,SFC_01B9AA1C0B74,LIQ_0F4168490E,113.0,prospective_open_external,no,,,ZS_EXT_618188348392,zero_shot,,,0,no,no,zero_shot_not_applicable,0.0,0.0,0.0
EXT_618188348392,EXT_618188348392,OPEN_PLA_FILMS_2021,SFC_01B9AA1C0B74,LIQ_0F4168490E,113.0,prospective_open_external,no,,,PA_EXT_618188348392,probe_assisted,EXT_264C8AB42663;EXT_4299E75704B2,LIQ_1BD1B94C09;LIQ_6656B41AB7,2,yes,yes,,15.984103460638162,0.4801275271651883,110.56245828080863
EXT_069D7AE7FCAD,EXT_069D7AE7FCAD,OPEN_PLA_FILMS_2021,SFC_B1D8AACA85B5,LIQ_0F4168490E,76.0,prospective_open_external,no,,,ZS_EXT_069D7AE7FCAD,zero_shot,,,0,no,no,zero_shot_not_applicable,0.0,0.0,0.0
EXT_069D7AE7FCAD,EXT_069D7AE7FCAD,OPEN_PLA_FILMS_2021,SFC_B1D8AACA85B5,LIQ_0F4168490E,76.0,prospective_open_external,no,,,PA_EXT_069D7AE7FCAD,probe_assisted,EXT_0C90915034B7;EXT_C0A69AE67463,LIQ_1BD1B94C09;LIQ_6656B41AB7,2,yes,yes,,35.38216165976539,1.0971377350994946,91.80560234603696
EXT_8935C7528E56,EXT_8935C7528E56,OPEN_PLA_FILMS_2021,SFC_662849118DF0,LIQ_0F4168490E,64.0,prospective_open_external,no,,,ZS_EXT_8935C7528E56,zero_shot,,,0,no,no,zero_shot_not_applicable,0.0,0.0,0.0
EXT_8935C7528E56,EXT_8935C7528E56,OPEN_PLA_FILMS_2021,SFC_662849118DF0,LIQ_0F4168490E,64.0,prospective_open_external,no,,,PA_EXT_8935C7528E56,probe_assisted,EXT_197AF6112F5C;EXT_59A1C74C7C24,LIQ_1BD1B94C09;LIQ_6656B41AB7,2,yes,yes,,35.929804737312274,3.9038041259348177,80.99552199533827
EXT_C98B044A6F7F,EXT_C98B044A6F7F,OPEN_PLA_FILMS_2021,SFC_29A9F5906DC4,LIQ_0F4168490E,74.0,prospective_open_external,no,,,ZS_EXT_C98B044A6F7F,zero_shot,,,0,no,no,zero_shot_not_applicable,0.0,0.0,0.0
EXT_C98B044A6F7F,EXT_C98B044A6F7F,OPEN_PLA_FILMS_2021,SFC_29A9F5906DC4,LIQ_0F4168490E,74.0,prospective_open_external,no,,,PA_EXT_C98B044A6F7F,probe_assisted,EXT_28942280B8C6;EXT_F7284554E363,LIQ_1BD1B94C09;LIQ_6656B41AB7,2,yes,yes,,36.47271080559766,1.761263235626932,87.99237508552132
EXT_4299E75704B2,EXT_4299E75704B2,OPEN_PLA_FILMS_2021,SFC_01B9AA1C0B74,LIQ_1BD1B94C09,92.0,prospective_open_external,no,,,ZS_EXT_4299E75704B2,zero_shot,,,0,no,no,zero_shot_not_applicable,0.0,0.0,0.0
EXT_4299E75704B2,EXT_4299E75704B2,OPEN_PLA_FILMS_2021,SFC_01B9AA1C0B74,LIQ_1BD1B94C09,92.0,prospective_open_external,no,,,PA_EXT_4299E75704B2,probe_assisted,EXT_264C8AB42663;EXT_618188348392,LIQ_0F4168490E;LIQ_6656B41AB7,2,yes,yes,,15.984103460638172,0.2416365107909671,93.73623112426466
EXT_C0A69AE67463,EXT_C0A69AE67463,OPEN_PLA_FILMS_2021,SFC_B1D8AACA85B5,LIQ_1BD1B94C09,64.0,prospective_open_external,no,,,ZS_EXT_C0A69AE67463,zero_shot,,,0,no,no,zero_shot_not_applicable,0.0,0.0,0.0
EXT_C0A69AE67463,EXT_C0A69AE67463,OPEN_PLA_FILMS_2021,SFC_B1D8AACA85B5,LIQ_1BD1B94C09,64.0,prospective_open_external,no,,,PA_EXT_C0A69AE67463,probe_assisted,EXT_069D7AE7FCAD;EXT_0C90915034B7,LIQ_0F4168490E;LIQ_6656B41AB7,2,yes,yes,,35.38216165976543,5.959083636311379,49.62024230895628
EXT_59A1C74C7C24,EXT_59A1C74C7C24,OPEN_PLA_FILMS_2021,SFC_662849118DF0,LIQ_1BD1B94C09,54.0,prospective_open_external,no,,,ZS_EXT_59A1C74C7C24,zero_shot,,,0,no,no,zero_shot_not_applicable,0.0,0.0,0.0
EXT_59A1C74C7C24,EXT_59A1C74C7C24,OPEN_PLA_FILMS_2021,SFC_662849118DF0,LIQ_1BD1B94C09,54.0,prospective_open_external,no,,,PA_EXT_59A1C74C7C24,probe_assisted,EXT_197AF6112F5C;EXT_8935C7528E56,LIQ_0F4168490E;LIQ_6656B41AB7,2,yes,yes,,35.929804737312296,11.64480127787324,36.51293080655584
EXT_28942280B8C6,EXT_28942280B8C6,OPEN_PLA_FILMS_2021,SFC_29A9F5906DC4,LIQ_1BD1B94C09,60.0,prospective_open_external,no,,,ZS_EXT_28942280B8C6,zero_shot,,,0,no,no,zero_shot_not_applicable,0.0,0.0,0.0
EXT_28942280B8C6,EXT_28942280B8C6,OPEN_PLA_FILMS_2021,SFC_29A9F5906DC4,LIQ_1BD1B94C09,60.0,prospective_open_external,no,,,PA_EXT_28942280B8C6,probe_assisted,EXT_C98B044A6F7F;EXT_F7284554E363,LIQ_0F4168490E;LIQ_6656B41AB7,2,yes,yes,,36.47271080559768,6.520329557164074,46.81694601371442
EXT_264C8AB42663,EXT_264C8AB42663,OPEN_PLA_FILMS_2021,SFC_01B9AA1C0B74,LIQ_6656B41AB7,83.0,prospective_open_external,no,,,ZS_EXT_264C8AB42663,zero_shot,,,0,no,no,zero_shot_not_applicable,0.0,0.0,0.0
EXT_264C8AB42663,EXT_264C8AB42663,OPEN_PLA_FILMS_2021,SFC_01B9AA1C0B74,LIQ_6656B41AB7,83.0,prospective_open_external,no,,,PA_EXT_264C8AB42663,probe_assisted,EXT_4299E75704B2;EXT_618188348392,LIQ_0F4168490E;LIQ_1BD1B94C09,2,yes,yes,,18.11790298894791,0.10404390813378565,78.78995355639954
EXT_0C90915034B7,EXT_0C90915034B7,OPEN_PLA_FILMS_2021,SFC_B1D8AACA85B5,LIQ_6656B41AB7,48.0,prospective_open_external,no,,,ZS_EXT_0C90915034B7,zero_shot,,,0,no,no,zero_shot_not_applicable,0.0,0.0,0.0
EXT_0C90915034B7,EXT_0C90915034B7,OPEN_PLA_FILMS_2021,SFC_B1D8AACA85B5,LIQ_6656B41AB7,48.0,prospective_open_external,no,,,PA_EXT_0C90915034B7,probe_assisted,EXT_069D7AE7FCAD;EXT_C0A69AE67463,LIQ_0F4168490E;LIQ_1BD1B94C09,2,yes,yes,,17.29733056862449,13.038981815911214,80.38393419527856
EXT_197AF6112F5C,EXT_197AF6112F5C,OPEN_PLA_FILMS_2021,SFC_662849118DF0,LIQ_6656B41AB7,47.0,prospective_open_external,no,,,ZS_EXT_197AF6112F5C,zero_shot,,,0,no,no,zero_shot_not_applicable,0.0,0.0,0.0
EXT_197AF6112F5C,EXT_197AF6112F5C,OPEN_PLA_FILMS_2021,SFC_662849118DF0,LIQ_6656B41AB7,47.0,prospective_open_external,no,,,PA_EXT_197AF6112F5C,probe_assisted,EXT_59A1C74C7C24;EXT_8935C7528E56,LIQ_0F4168490E;LIQ_1BD1B94C09,2,yes,yes,,17.220044524798073,21.329066187913455,80.53558224523735
EXT_F7284554E363,EXT_F7284554E363,OPEN_PLA_FILMS_2021,SFC_29A9F5906DC4,LIQ_6656B41AB7,46.0,prospective_open_external,no,,,ZS_EXT_F7284554E363,zero_shot,,,0,no,no,zero_shot_not_applicable,0.0,0.0,0.0
EXT_F7284554E363,EXT_F7284554E363,OPEN_PLA_FILMS_2021,SFC_29A9F5906DC4,LIQ_6656B41AB7,46.0,prospective_open_external,no,,,PA_EXT_F7284554E363,probe_assisted,EXT_28942280B8C6;EXT_C98B044A6F7F,LIQ_0F4168490E;LIQ_1BD1B94C09,2,yes,yes,,19.934299621771864,12.837059660997717,75.35385154164516
EXT_832E508A7F45,EXT_832E508A7F45,OPEN_PLA_FILMS_2021,SFC_4640D599C795,LIQ_0F4168490E,43.0,prospective_open_external,no,,,ZS_EXT_832E508A7F45,zero_shot,,,0,no,no,zero_shot_not_applicable,0.0,0.0,0.0
EXT_832E508A7F45,EXT_832E508A7F45,OPEN_PLA_FILMS_2021,SFC_4640D599C795,LIQ_0F4168490E,43.0,prospective_open_external,no,,,PA_EXT_832E508A7F45,probe_assisted,EXT_2EB8A593D55E;EXT_45CE8585FF60,LIQ_1BD1B94C09;LIQ_6656B41AB7,2,yes,yes,,35.38216165976541,17.714038367238423,53.9331500375276
EXT_263F0D060209,EXT_263F0D060209,OPEN_PLA_FILMS_2021,SFC_869B011AB104,LIQ_0F4168490E,74.0,prospective_open_external,no,,,ZS_EXT_263F0D060209,zero_shot,,,0,no,no,zero_shot_not_applicable,0.0,0.0,0.0
EXT_263F0D060209,EXT_263F0D060209,OPEN_PLA_FILMS_2021,SFC_869B011AB104,LIQ_0F4168490E,74.0,prospective_open_external,no,,,PA_EXT_263F0D060209,probe_assisted,EXT_A9A71A63993D;EXT_B488569FF3A6,LIQ_1BD1B94C09;LIQ_6656B41AB7,2,yes,yes,,34.83015014526247,1.7452949500755495,89.0714802566235
EXT_4511C3A71669,EXT_4511C3A71669,OPEN_PLA_FILMS_2021,SFC_52F0F5BD3D6C,LIQ_0F4168490E,71.0,prospective_open_external,no,,,ZS_EXT_4511C3A71669,zero_shot,,,0,no,no,zero_shot_not_applicable,0.0,0.0,0.0
EXT_4511C3A71669,EXT_4511C3A71669,OPEN_PLA_FILMS_2021,SFC_52F0F5BD3D6C,LIQ_0F4168490E,71.0,prospective_open_external,no,,,PA_EXT_4511C3A71669,probe_assisted,EXT_489544822E64;EXT_B078FBEC9CEC,LIQ_1BD1B94C09;LIQ_6656B41AB7,2,yes,yes,,37.0105122421383,4.13337395810601,79.67542178643417
EXT_8BBA4B544E54,EXT_8BBA4B544E54,OPEN_PLA_FILMS_2021,SFC_8864A171D8DB,LIQ_0F4168490E,74.0,prospective_open_external,no,,,ZS_EXT_8BBA4B544E54,zero_shot,,,0,no,no,zero_shot_not_applicable,0.0,0.0,0.0
EXT_8BBA4B544E54,EXT_8BBA4B544E54,OPEN_PLA_FILMS_2021,SFC_8864A171D8DB,LIQ_0F4168490E,74.0,prospective_open_external,no,,,PA_EXT_8BBA4B544E54,probe_assisted,EXT_57487A07628B;EXT_5C43DD51F487,LIQ_1BD1B94C09;LIQ_6656B41AB7,2,yes,yes,,36.472710805597664,2.961633275100568,83.55231166117163
EXT_2EB8A593D55E,EXT_2EB8A593D55E,OPEN_PLA_FILMS_2021,SFC_4640D599C795,LIQ_1BD1B94C09,24.0,prospective_open_external,no,,,ZS_EXT_2EB8A593D55E,zero_shot,,,0,no,no,zero_shot_not_applicable,0.0,0.0,0.0
EXT_2EB8A593D55E,EXT_2EB8A593D55E,OPEN_PLA_FILMS_2021,SFC_4640D599C795,LIQ_1BD1B94C09,24.0,prospective_open_external,no,,,PA_EXT_2EB8A593D55E,probe_assisted,EXT_45CE8585FF60;EXT_832E508A7F45,LIQ_0F4168490E;LIQ_6656B41AB7,2,yes,yes,,35.38216165976541,24.36179488527885,0.0
EXT_A9A71A63993D,EXT_A9A71A63993D,OPEN_PLA_FILMS_2021,SFC_869B011AB104,LIQ_1BD1B94C09,62.0,prospective_open_external,no,,,ZS_EXT_A9A71A63993D,zero_shot,,,0,no,no,zero_shot_not_applicable,0.0,0.0,0.0
EXT_A9A71A63993D,EXT_A9A71A63993D,OPEN_PLA_FILMS_2021,SFC_869B011AB104,LIQ_1BD1B94C09,62.0,prospective_open_external,no,,,PA_EXT_A9A71A63993D,probe_assisted,EXT_263F0D060209;EXT_B488569FF3A6,LIQ_0F4168490E;LIQ_6656B41AB7,2,yes,yes,,34.83015014526249,6.987710567941306,48.069622431009016
EXT_B078FBEC9CEC,EXT_B078FBEC9CEC,OPEN_PLA_FILMS_2021,SFC_52F0F5BD3D6C,LIQ_1BD1B94C09,52.0,prospective_open_external,no,,,ZS_EXT_B078FBEC9CEC,zero_shot,,,0,no,no,zero_shot_not_applicable,0.0,0.0,0.0
EXT_B078FBEC9CEC,EXT_B078FBEC9CEC,OPEN_PLA_FILMS_2021,SFC_52F0F5BD3D6C,LIQ_1BD1B94C09,52.0,prospective_open_external,no,,,PA_EXT_B078FBEC9CEC,probe_assisted,EXT_4511C3A71669;EXT_489544822E64,LIQ_0F4168490E;LIQ_6656B41AB7,2,yes,yes,,37.010512242138326,7.722773104253106,43.2995601081668
EXT_57487A07628B,EXT_57487A07628B,OPEN_PLA_FILMS_2021,SFC_8864A171D8DB,LIQ_1BD1B94C09,56.0,prospective_open_external,no,,,ZS_EXT_57487A07628B,zero_shot,,,0,no,no,zero_shot_not_applicable,0.0,0.0,0.0
EXT_57487A07628B,EXT_57487A07628B,OPEN_PLA_FILMS_2021,SFC_8864A171D8DB,LIQ_1BD1B94C09,56.0,prospective_open_external,no,,,PA_EXT_57487A07628B,probe_assisted,EXT_5C43DD51F487;EXT_8BBA4B544E54,LIQ_0F4168490E;LIQ_6656B41AB7,2,yes,yes,,36.472710805597664,6.520329557164077,46.81694601371444
EXT_45CE8585FF60,EXT_45CE8585FF60,OPEN_PLA_FILMS_2021,SFC_4640D599C795,LIQ_6656B41AB7,48.0,prospective_open_external,no,,,ZS_EXT_45CE8585FF60,zero_shot,,,0,no,no,zero_shot_not_applicable,0.0,0.0,0.0
EXT_45CE8585FF60,EXT_45CE8585FF60,OPEN_PLA_FILMS_2021,SFC_4640D599C795,LIQ_6656B41AB7,48.0,prospective_open_external,no,,,PA_EXT_45CE8585FF60,probe_assisted,EXT_2EB8A593D55E;EXT_832E508A7F45,LIQ_0F4168490E;LIQ_1BD1B94C09,2,yes,yes,,25.149983748249873,30.757734248870428,65.9686658807046
EXT_B488569FF3A6,EXT_B488569FF3A6,OPEN_PLA_FILMS_2021,SFC_869B011AB104,LIQ_6656B41AB7,49.0,prospective_open_external,no,,,ZS_EXT_B488569FF3A6,zero_shot,,,0,no,no,zero_shot_not_applicable,0.0,0.0,0.0
EXT_B488569FF3A6,EXT_B488569FF3A6,OPEN_PLA_FILMS_2021,SFC_869B011AB104,LIQ_6656B41AB7,49.0,prospective_open_external,no,,,PA_EXT_B488569FF3A6,probe_assisted,EXT_263F0D060209;EXT_A9A71A63993D,LIQ_0F4168490E;LIQ_1BD1B94C09,2,yes,yes,,17.673815121957475,14.087778282415908,79.64902478322053
EXT_489544822E64,EXT_489544822E64,OPEN_PLA_FILMS_2021,SFC_52F0F5BD3D6C,LIQ_6656B41AB7,45.0,prospective_open_external,no,,,ZS_EXT_489544822E64,zero_shot,,,0,no,no,zero_shot_not_applicable,0.0,0.0,0.0
EXT_489544822E64,EXT_489544822E64,OPEN_PLA_FILMS_2021,SFC_52F0F5BD3D6C,LIQ_6656B41AB7,45.0,prospective_open_external,no,,,PA_EXT_489544822E64,probe_assisted,EXT_4511C3A71669;EXT_B078FBEC9CEC,LIQ_0F4168490E;LIQ_1BD1B94C09,2,yes,yes,,26.27562502284021,11.59468903475487,63.999217850130066
EXT_5C43DD51F487,EXT_5C43DD51F487,OPEN_PLA_FILMS_2021,SFC_8864A171D8DB,LIQ_6656B41AB7,46.0,prospective_open_external,no,,,ZS_EXT_5C43DD51F487,zero_shot,,,0,no,no,zero_shot_not_applicable,0.0,0.0,0.0
EXT_5C43DD51F487,EXT_5C43DD51F487,OPEN_PLA_FILMS_2021,SFC_8864A171D8DB,LIQ_6656B41AB7,46.0,prospective_open_external,no,,,PA_EXT_5C43DD51F487,probe_assisted,EXT_57487A07628B;EXT_8BBA4B544E54,LIQ_0F4168490E;LIQ_1BD1B94C09,2,yes,yes,,24.704722698625027,10.577612757805348,66.75126686095271
EXT_0780FA855EA7,EXT_0780FA855EA7,OPEN_PLA_FILMS_2021,SFC_CA0DF2A414ED,LIQ_0F4168490E,74.0,prospective_open_external,no,,,ZS_EXT_0780FA855EA7,zero_shot,,,0,no,no,zero_shot_not_applicable,0.0,0.0,0.0
EXT_0780FA855EA7,EXT_0780FA855EA7,OPEN_PLA_FILMS_2021,SFC_CA0DF2A414ED,LIQ_0F4168490E,74.0,prospective_open_external,no,,,PA_EXT_0780FA855EA7,probe_assisted,EXT_874FDB205BEC;EXT_A399484607B3,LIQ_1BD1B94C09;LIQ_6656B41AB7,2,yes,yes,,32.01748749394791,11.641742699684473,66.72051210750223
EXT_F2DE1724D72F,EXT_F2DE1724D72F,OPEN_PLA_FILMS_2021,SFC_0FBA62725BE6,LIQ_0F4168490E,76.0,prospective_open_external,no,,,ZS_EXT_F2DE1724D72F,zero_shot,,,0,no,no,zero_shot_not_applicable,0.0,0.0,0.0
EXT_F2DE1724D72F,EXT_F2DE1724D72F,OPEN_PLA_FILMS_2021,SFC_0FBA62725BE6,LIQ_0F4168490E,76.0,prospective_open_external,no,,,PA_EXT_F2DE1724D72F,probe_assisted,EXT_0325D9C2E6F8;EXT_1974721ED722,LIQ_1BD1B94C09;LIQ_6656B41AB7,2,yes,yes,,37.5428427326626,0.3371230571818454,95.74745613355505
EXT_5763DE0B39DD,EXT_5763DE0B39DD,OPEN_PLA_FILMS_2021,SFC_84FF6543987A,LIQ_0F4168490E,74.0,prospective_open_external,no,,,ZS_EXT_5763DE0B39DD,zero_shot,,,0,no,no,zero_shot_not_applicable,0.0,0.0,0.0
EXT_5763DE0B39DD,EXT_5763DE0B39DD,OPEN_PLA_FILMS_2021,SFC_84FF6543987A,LIQ_0F4168490E,74.0,prospective_open_external,no,,,PA_EXT_5763DE0B39DD,probe_assisted,EXT_28B169088998;EXT_2D1C9CE8FE08,LIQ_1BD1B94C09;LIQ_6656B41AB7,2,yes,yes,,35.929804737312296,1.6659116589482705,88.73370325961399
EXT_62C7119859BF,EXT_62C7119859BF,OPEN_PLA_FILMS_2021,SFC_91B74A694C1A,LIQ_0F4168490E,74.0,prospective_open_external,no,,,ZS_EXT_62C7119859BF,zero_shot,,,0,no,no,zero_shot_not_applicable,0.0,0.0,0.0
EXT_62C7119859BF,EXT_62C7119859BF,OPEN_PLA_FILMS_2021,SFC_91B74A694C1A,LIQ_0F4168490E,74.0,prospective_open_external,no,,,PA_EXT_62C7119859BF,probe_assisted,EXT_C0610F416EF7;EXT_CFE40CFC3BA1,LIQ_1BD1B94C09;LIQ_6656B41AB7,2,yes,yes,,35.929804737312296,2.2255078546886677,86.47087238355216
EXT_874FDB205BEC,EXT_874FDB205BEC,OPEN_PLA_FILMS_2021,SFC_CA0DF2A414ED,LIQ_1BD1B94C09,43.0,prospective_open_external,no,,,ZS_EXT_874FDB205BEC,zero_shot,,,0,no,no,zero_shot_not_applicable,0.0,0.0,0.0
EXT_874FDB205BEC,EXT_874FDB205BEC,OPEN_PLA_FILMS_2021,SFC_CA0DF2A414ED,LIQ_1BD1B94C09,43.0,prospective_open_external,no,,,PA_EXT_874FDB205BEC,probe_assisted,EXT_0780FA855EA7;EXT_A399484607B3,LIQ_0F4168490E;LIQ_6656B41AB7,2,yes,yes,,32.01748749394793,7.85401585130702,50.22741946431405
EXT_1974721ED722,EXT_1974721ED722,OPEN_PLA_FILMS_2021,SFC_0FBA62725BE6,LIQ_1BD1B94C09,66.0,prospective_open_external,no,,,ZS_EXT_1974721ED722,zero_shot,,,0,no,no,zero_shot_not_applicable,0.0,0.0,0.0
EXT_1974721ED722,EXT_1974721ED722,OPEN_PLA_FILMS_2021,SFC_0FBA62725BE6,LIQ_1BD1B94C09,66.0,prospective_open_external,no,,,PA_EXT_1974721ED722,probe_assisted,EXT_0325D9C2E6F8;EXT_F2DE1724D72F,LIQ_0F4168490E;LIQ_6656B41AB7,2,yes,yes,,37.54284273266264,5.401621868114432,48.02555734099248
EXT_28B169088998,EXT_28B169088998,OPEN_PLA_FILMS_2021,SFC_84FF6543987A,LIQ_1BD1B94C09,61.0,prospective_open_external,no,,,ZS_EXT_28B169088998,zero_shot,,,0,no,no,zero_shot_not_applicable,0.0,0.0,0.0
EXT_28B169088998,EXT_28B169088998,OPEN_PLA_FILMS_2021,SFC_84FF6543987A,LIQ_1BD1B94C09,61.0,prospective_open_external,no,,,PA_EXT_28B169088998,probe_assisted,EXT_2D1C9CE8FE08;EXT_5763DE0B39DD,LIQ_0F4168490E;LIQ_6656B41AB7,2,yes,yes,,35.929804737312296,6.671840864270406,47.230589825557814
EXT_C0610F416EF7,EXT_C0610F416EF7,OPEN_PLA_FILMS_2021,SFC_91B74A694C1A,LIQ_1BD1B94C09,59.0,prospective_open_external,no,,,ZS_EXT_C0610F416EF7,zero_shot,,,0,no,no,zero_shot_not_applicable,0.0,0.0,0.0
EXT_C0610F416EF7,EXT_C0610F416EF7,OPEN_PLA_FILMS_2021,SFC_91B74A694C1A,LIQ_1BD1B94C09,59.0,prospective_open_external,no,,,PA_EXT_C0610F416EF7,probe_assisted,EXT_62C7119859BF;EXT_CFE40CFC3BA1,LIQ_0F4168490E;LIQ_6656B41AB7,2,yes,yes,,35.9298047373123,6.671840864270403,47.23058982555779
EXT_A399484607B3,EXT_A399484607B3,OPEN_PLA_FILMS_2021,SFC_CA0DF2A414ED,LIQ_6656B41AB7,54.0,prospective_open_external,no,,,ZS_EXT_A399484607B3,zero_shot,,,0,no,no,zero_shot_not_applicable,0.0,0.0,0.0
EXT_A399484607B3,EXT_A399484607B3,OPEN_PLA_FILMS_2021,SFC_CA0DF2A414ED,LIQ_6656B41AB7,54.0,prospective_open_external,no,,,PA_EXT_A399484607B3,probe_assisted,EXT_0780FA855EA7;EXT_874FDB205BEC,LIQ_0F4168490E;LIQ_1BD1B94C09,2,yes,yes,,41.48529104861165,5.2482233608125135,36.16098781752666
EXT_0325D9C2E6F8,EXT_0325D9C2E6F8,OPEN_PLA_FILMS_2021,SFC_0FBA62725BE6,LIQ_6656B41AB7,44.0,prospective_open_external,no,,,ZS_EXT_0325D9C2E6F8,zero_shot,,,0,no,no,zero_shot_not_applicable,0.0,0.0,0.0
EXT_0325D9C2E6F8,EXT_0325D9C2E6F8,OPEN_PLA_FILMS_2021,SFC_0FBA62725BE6,LIQ_6656B41AB7,44.0,prospective_open_external,no,,,PA_EXT_0325D9C2E6F8,probe_assisted,EXT_1974721ED722;EXT_F2DE1724D72F,LIQ_0F4168490E;LIQ_1BD1B94C09,2,yes,yes,,15.12274765318314,14.346023378695017,84.7660334598161
EXT_2D1C9CE8FE08,EXT_2D1C9CE8FE08,OPEN_PLA_FILMS_2021,SFC_84FF6543987A,LIQ_6656B41AB7,47.0,prospective_open_external,no,,,ZS_EXT_2D1C9CE8FE08,zero_shot,,,0,no,no,zero_shot_not_applicable,0.0,0.0,0.0
EXT_2D1C9CE8FE08,EXT_2D1C9CE8FE08,OPEN_PLA_FILMS_2021,SFC_84FF6543987A,LIQ_6656B41AB7,47.0,prospective_open_external,no,,,PA_EXT_2D1C9CE8FE08,probe_assisted,EXT_28B169088998;EXT_5763DE0B39DD,LIQ_0F4168490E;LIQ_1BD1B94C09,2,yes,yes,,18.792526146683894,13.452127785271339,77.49997264797418
EXT_CFE40CFC3BA1,EXT_CFE40CFC3BA1,OPEN_PLA_FILMS_2021,SFC_91B74A694C1A,LIQ_6656B41AB7,47.0,prospective_open_external,no,,,ZS_EXT_CFE40CFC3BA1,zero_shot,,,0,no,no,zero_shot_not_applicable,0.0,0.0,0.0
EXT_CFE40CFC3BA1,EXT_CFE40CFC3BA1,OPEN_PLA_FILMS_2021,SFC_91B74A694C1A,LIQ_6656B41AB7,47.0,prospective_open_external,no,,,PA_EXT_CFE40CFC3BA1,probe_assisted,EXT_62C7119859BF;EXT_C0610F416EF7,LIQ_0F4168490E;LIQ_1BD1B94C09,2,yes,yes,,21.097790472381906,12.242334977170493,73.20834912687926
EXT_20E924898243,EXT_20E924898243,OPEN_PLA_FILMS_2021,SFC_46B777D53533,LIQ_0F4168490E,113.0,prospective_open_external,no,,,ZS_EXT_20E924898243,zero_shot,,,0,no,no,zero_shot_not_applicable,0.0,0.0,0.0
EXT_20E924898243,EXT_20E924898243,OPEN_PLA_FILMS_2021,SFC_46B777D53533,LIQ_0F4168490E,113.0,prospective_open_external,no,,,PA_EXT_20E924898243,probe_assisted,EXT_BB5D89275AD2;EXT_DA1010942764,LIQ_1BD1B94C09;LIQ_6656B41AB7,2,yes,yes,,15.706307978971342,0.0,119.44900515964154
EXT_D5A2B07B71FE,EXT_D5A2B07B71FE,OPEN_PLA_FILMS_2021,SFC_2171EA47DB00,LIQ_0F4168490E,106.0,prospective_open_external,no,,,ZS_EXT_D5A2B07B71FE,zero_shot,,,0,no,no,zero_shot_not_applicable,0.0,0.0,0.0
EXT_D5A2B07B71FE,EXT_D5A2B07B71FE,OPEN_PLA_FILMS_2021,SFC_2171EA47DB00,LIQ_0F4168490E,106.0,prospective_open_external,no,,,PA_EXT_D5A2B07B71FE,probe_assisted,EXT_57AAA740DBD8;EXT_E8E1679EDB31,LIQ_1BD1B94C09;LIQ_6656B41AB7,2,yes,yes,,28.26402569527207,0.0,108.54585994969136
EXT_FCDB7AFFCD9B,EXT_FCDB7AFFCD9B,OPEN_PLA_FILMS_2021,SFC_C73C8C6483E4,LIQ_0F4168490E,111.0,prospective_open_external,no,,,ZS_EXT_FCDB7AFFCD9B,zero_shot,,,0,no,no,zero_shot_not_applicable,0.0,0.0,0.0
EXT_FCDB7AFFCD9B,EXT_FCDB7AFFCD9B,OPEN_PLA_FILMS_2021,SFC_C73C8C6483E4,LIQ_0F4168490E,111.0,prospective_open_external,no,,,PA_EXT_FCDB7AFFCD9B,probe_assisted,EXT_6FAB73084CB3;EXT_882D286A650A,LIQ_1BD1B94C09;LIQ_6656B41AB7,2,yes,yes,,25.707295007038333,0.0,110.46518471492534
EXT_F0D8FCD36A83,EXT_F0D8FCD36A83,OPEN_PLA_FILMS_2021,SFC_B93E7618C45A,LIQ_0F4168490E,108.0,prospective_open_external,no,,,ZS_EXT_F0D8FCD36A83,zero_shot,,,0,no,no,zero_shot_not_applicable,0.0,0.0,0.0
EXT_F0D8FCD36A83,EXT_F0D8FCD36A83,OPEN_PLA_FILMS_2021,SFC_B93E7618C45A,LIQ_0F4168490E,108.0,prospective_open_external,no,,,PA_EXT_F0D8FCD36A83,probe_assisted,EXT_793B32E71A38;EXT_E31EC66D808C,LIQ_1BD1B94C09;LIQ_6656B41AB7,2,yes,yes,,25.842282124065484,0.0,110.36093346947264
EXT_DA1010942764,EXT_DA1010942764,OPEN_PLA_FILMS_2021,SFC_46B777D53533,LIQ_1BD1B94C09,100.0,prospective_open_external,no,,,ZS_EXT_DA1010942764,zero_shot,,,0,no,no,zero_shot_not_applicable,0.0,0.0,0.0
EXT_DA1010942764,EXT_DA1010942764,OPEN_PLA_FILMS_2021,SFC_46B777D53533,LIQ_1BD1B94C09,100.0,prospective_open_external,no,,,PA_EXT_DA1010942764,probe_assisted,EXT_20E924898243;EXT_BB5D89275AD2,LIQ_0F4168490E;LIQ_6656B41AB7,2,yes,yes,,16.480984995177355,0.2036253213146129,93.32179977581055
EXT_57AAA740DBD8,EXT_57AAA740DBD8,OPEN_PLA_FILMS_2021,SFC_2171EA47DB00,LIQ_1BD1B94C09,88.0,prospective_open_external,no,,,ZS_EXT_57AAA740DBD8,zero_shot,,,0,no,no,zero_shot_not_applicable,0.0,0.0,0.0
EXT_57AAA740DBD8,EXT_57AAA740DBD8,OPEN_PLA_FILMS_2021,SFC_2171EA47DB00,LIQ_1BD1B94C09,88.0,prospective_open_external,no,,,PA_EXT_57AAA740DBD8,probe_assisted,EXT_D5A2B07B71FE;EXT_E8E1679EDB31,LIQ_0F4168490E;LIQ_6656B41AB7,2,yes,yes,,32.37616793803422,0.0,76.9787178792405
EXT_6FAB73084CB3,EXT_6FAB73084CB3,OPEN_PLA_FILMS_2021,SFC_C73C8C6483E4,LIQ_1BD1B94C09,95.0,prospective_open_external,no,,,ZS_EXT_6FAB73084CB3,zero_shot,,,0,no,no,zero_shot_not_applicable,0.0,0.0,0.0
EXT_6FAB73084CB3,EXT_6FAB73084CB3,OPEN_PLA_FILMS_2021,SFC_C73C8C6483E4,LIQ_1BD1B94C09,95.0,prospective_open_external,no,,,PA_EXT_6FAB73084CB3,probe_assisted,EXT_882D286A650A;EXT_FCDB7AFFCD9B,LIQ_0F4168490E;LIQ_6656B41AB7,2,yes,yes,,30.209724789433995,0.0,79.42004548375446
EXT_793B32E71A38,EXT_793B32E71A38,OPEN_PLA_FILMS_2021,SFC_B93E7618C45A,LIQ_1BD1B94C09,93.0,prospective_open_external,no,,,ZS_EXT_793B32E71A38,zero_shot,,,0,no,no,zero_shot_not_applicable,0.0,0.0,0.0
EXT_793B32E71A38,EXT_793B32E71A38,OPEN_PLA_FILMS_2021,SFC_B93E7618C45A,LIQ_1BD1B94C09,93.0,prospective_open_external,no,,,PA_EXT_793B32E71A38,probe_assisted,EXT_E31EC66D808C;EXT_F0D8FCD36A83,LIQ_0F4168490E;LIQ_6656B41AB7,2,yes,yes,,30.707664306097946,0.0,78.85327575899574
EXT_BB5D89275AD2,EXT_BB5D89275AD2,OPEN_PLA_FILMS_2021,SFC_46B777D53533,LIQ_6656B41AB7,82.0,prospective_open_external,no,,,ZS_EXT_BB5D89275AD2,zero_shot,,,0,no,no,zero_shot_not_applicable,0.0,0.0,0.0
EXT_BB5D89275AD2,EXT_BB5D89275AD2,OPEN_PLA_FILMS_2021,SFC_46B777D53533,LIQ_6656B41AB7,82.0,prospective_open_external,no,,,PA_EXT_BB5D89275AD2,probe_assisted,EXT_20E924898243;EXT_DA1010942764,LIQ_0F4168490E;LIQ_1BD1B94C09,2,yes,yes,,9.433386136295951,1.2042736579958058,97.94077904911198
EXT_E8E1679EDB31,EXT_E8E1679EDB31,OPEN_PLA_FILMS_2021,SFC_2171EA47DB00,LIQ_6656B41AB7,53.0,prospective_open_external,no,,,ZS_EXT_E8E1679EDB31,zero_shot,,,0,no,no,zero_shot_not_applicable,0.0,0.0,0.0
EXT_E8E1679EDB31,EXT_E8E1679EDB31,OPEN_PLA_FILMS_2021,SFC_2171EA47DB00,LIQ_6656B41AB7,53.0,prospective_open_external,no,,,PA_EXT_E8E1679EDB31,probe_assisted,EXT_57AAA740DBD8;EXT_D5A2B07B71FE,LIQ_0F4168490E;LIQ_1BD1B94C09,2,yes,yes,,16.806314992174414,1.0237700015299953,81.3521156431883
EXT_882D286A650A,EXT_882D286A650A,OPEN_PLA_FILMS_2021,SFC_C73C8C6483E4,LIQ_6656B41AB7,53.0,prospective_open_external,no,,,ZS_EXT_882D286A650A,zero_shot,,,0,no,no,zero_shot_not_applicable,0.0,0.0,0.0
EXT_882D286A650A,EXT_882D286A650A,OPEN_PLA_FILMS_2021,SFC_C73C8C6483E4,LIQ_6656B41AB7,53.0,prospective_open_external,no,,,PA_EXT_882D286A650A,probe_assisted,EXT_6FAB73084CB3;EXT_FCDB7AFFCD9B,LIQ_0F4168490E;LIQ_1BD1B94C09,2,yes,yes,,12.948362339715189,0.8423524323887038,89.44246306818926
EXT_E31EC66D808C,EXT_E31EC66D808C,OPEN_PLA_FILMS_2021,SFC_B93E7618C45A,LIQ_6656B41AB7,55.0,prospective_open_external,no,,,ZS_EXT_E31EC66D808C,zero_shot,,,0,no,no,zero_shot_not_applicable,0.0,0.0,0.0
EXT_E31EC66D808C,EXT_E31EC66D808C,OPEN_PLA_FILMS_2021,SFC_B93E7618C45A,LIQ_6656B41AB7,55.0,prospective_open_external,no,,,PA_EXT_E31EC66D808C,probe_assisted,EXT_793B32E71A38;EXT_F0D8FCD36A83,LIQ_0F4168490E;LIQ_1BD1B94C09,2,yes,yes,,12.7652863864296,1.4066702524970374,89.85291954766862
EXT_0C2F137C0768,EXT_0C2F137C0768,OPEN_CARBON_GLYCAN_2016,SFC_DDCE904A2E37,LIQ_0F4168490E,35.3,prospective_open_external,no,,,ZS_EXT_0C2F137C0768,zero_shot,,,0,no,no,zero_shot_not_applicable,0.0,0.0,0.0
EXT_0C2F137C0768,EXT_0C2F137C0768,OPEN_CARBON_GLYCAN_2016,SFC_DDCE904A2E37,LIQ_0F4168490E,35.3,prospective_open_external,no,,,PA_EXT_0C2F137C0768,probe_assisted,EXT_3D14543B75E6;EXT_C8683F966ABC,LIQ_5C0DC0DCD1;LIQ_6656B41AB7,2,yes,yes,,49.71412211243157,12.494091372388068,53.280623344970344
EXT_3D14543B75E6,EXT_3D14543B75E6,OPEN_CARBON_GLYCAN_2016,SFC_DDCE904A2E37,LIQ_5C0DC0DCD1,22.2,prospective_open_external,no,,,ZS_EXT_3D14543B75E6,zero_shot,,,0,no,no,zero_shot_not_applicable,0.0,0.0,0.0
EXT_3D14543B75E6,EXT_3D14543B75E6,OPEN_CARBON_GLYCAN_2016,SFC_DDCE904A2E37,LIQ_5C0DC0DCD1,22.2,prospective_open_external,no,,,PA_EXT_3D14543B75E6,probe_assisted,EXT_0C2F137C0768;EXT_C8683F966ABC,LIQ_0F4168490E;LIQ_6656B41AB7,2,yes,yes,,49.71412211243162,21.595338631799855,0.0
EXT_C8683F966ABC,EXT_C8683F966ABC,OPEN_CARBON_GLYCAN_2016,SFC_DDCE904A2E37,LIQ_6656B41AB7,11.9,prospective_open_external,no,,,ZS_EXT_C8683F966ABC,zero_shot,,,0,no,no,zero_shot_not_applicable,0.0,0.0,0.0
EXT_C8683F966ABC,EXT_C8683F966ABC,OPEN_CARBON_GLYCAN_2016,SFC_DDCE904A2E37,LIQ_6656B41AB7,11.9,prospective_open_external,no,,,PA_EXT_C8683F966ABC,probe_assisted,EXT_0C2F137C0768;EXT_3D14543B75E6,LIQ_0F4168490E;LIQ_5C0DC0DCD1,2,yes,yes,,24.524541098797688,36.23000479031761,67.06863994847637
EXT_A05B145D5D55,EXT_A05B145D5D55,OPEN_CARBON_GLYCAN_2016,SFC_757E5A51849D,LIQ_0F4168490E,20.2,prospective_open_external,no,,,ZS_EXT_A05B145D5D55,zero_shot,,,0,no,no,zero_shot_not_applicable,0.0,0.0,0.0
EXT_A05B145D5D55,EXT_A05B145D5D55,OPEN_CARBON_GLYCAN_2016,SFC_757E5A51849D,LIQ_0F4168490E,20.2,prospective_open_external,no,,,PA_EXT_A05B145D5D55,probe_assisted,EXT_4D6047F3DA11;EXT_7CF183ABF3B6,LIQ_5C0DC0DCD1;LIQ_6656B41AB7,2,yes,yes,,50.57479794304538,13.46218920057705,50.7979245047452
EXT_4D6047F3DA11,EXT_4D6047F3DA11,OPEN_CARBON_GLYCAN_2016,SFC_757E5A51849D,LIQ_5C0DC0DCD1,16.4,prospective_open_external,no,,,ZS_EXT_4D6047F3DA11,zero_shot,,,0,no,no,zero_shot_not_applicable,0.0,0.0,0.0
EXT_4D6047F3DA11,EXT_4D6047F3DA11,OPEN_CARBON_GLYCAN_2016,SFC_757E5A51849D,LIQ_5C0DC0DCD1,16.4,prospective_open_external,no,,,PA_EXT_4D6047F3DA11,probe_assisted,EXT_7CF183ABF3B6;EXT_A05B145D5D55,LIQ_0F4168490E;LIQ_6656B41AB7,2,yes,yes,,50.574797943045425,27.36329914015021,0.0
EXT_7CF183ABF3B6,EXT_7CF183ABF3B6,OPEN_CARBON_GLYCAN_2016,SFC_757E5A51849D,LIQ_6656B41AB7,5.4,prospective_open_external,no,,,ZS_EXT_7CF183ABF3B6,zero_shot,,,0,no,no,zero_shot_not_applicable,0.0,0.0,0.0
EXT_7CF183ABF3B6,EXT_7CF183ABF3B6,OPEN_CARBON_GLYCAN_2016,SFC_757E5A51849D,LIQ_6656B41AB7,5.4,prospective_open_external,no,,,PA_EXT_7CF183ABF3B6,probe_assisted,EXT_4D6047F3DA11;EXT_A05B145D5D55,LIQ_0F4168490E;LIQ_5C0DC0DCD1,2,yes,yes,,17.346602203307015,51.23008754822188,80.28739650485194
EXT_64532C66FD00,EXT_64532C66FD00,OPEN_CARBON_GLYCAN_2016,SFC_C1B0541D31DE,LIQ_0F4168490E,26.1,prospective_open_external,no,,,ZS_EXT_64532C66FD00,zero_shot,,,0,no,no,zero_shot_not_applicable,0.0,0.0,0.0
EXT_64532C66FD00,EXT_64532C66FD00,OPEN_CARBON_GLYCAN_2016,SFC_C1B0541D31DE,LIQ_0F4168490E,26.1,prospective_open_external,no,,,PA_EXT_64532C66FD00,probe_assisted,EXT_68FC9343A58A;EXT_F1A8D658D675,LIQ_5C0DC0DCD1;LIQ_6656B41AB7,2,yes,yes,,50.36632847583036,13.430263478406149,50.999933087574455
EXT_68FC9343A58A,EXT_68FC9343A58A,OPEN_CARBON_GLYCAN_2016,SFC_C1B0541D31DE,LIQ_5C0DC0DCD1,17.1,prospective_open_external,no,,,ZS_EXT_68FC9343A58A,zero_shot,,,0,no,no,zero_shot_not_applicable,0.0,0.0,0.0
EXT_68FC9343A58A,EXT_68FC9343A58A,OPEN_CARBON_GLYCAN_2016,SFC_C1B0541D31DE,LIQ_5C0DC0DCD1,17.1,prospective_open_external,no,,,PA_EXT_68FC9343A58A,probe_assisted,EXT_64532C66FD00;EXT_F1A8D658D675,LIQ_0F4168490E;LIQ_6656B41AB7,2,yes,yes,,50.36632847583039,25.34451403329814,0.0
EXT_F1A8D658D675,EXT_F1A8D658D675,OPEN_CARBON_GLYCAN_2016,SFC_C1B0541D31DE,LIQ_6656B41AB7,7.5,prospective_open_external,no,,,ZS_EXT_F1A8D658D675,zero_shot,,,0,no,no,zero_shot_not_applicable,0.0,0.0,0.0
EXT_F1A8D658D675,EXT_F1A8D658D675,OPEN_CARBON_GLYCAN_2016,SFC_C1B0541D31DE,LIQ_6656B41AB7,7.5,prospective_open_external,no,,,PA_EXT_F1A8D658D675,probe_assisted,EXT_64532C66FD00;EXT_68FC9343A58A,LIQ_0F4168490E;LIQ_5C0DC0DCD1,2,yes,yes,,20.367683047767272,45.20758876063383,74.55018008033197
EXT_9F58E9B1730C,EXT_9F58E9B1730C,OPEN_CARBON_GLYCAN_2016,SFC_1CD855A0B4A5,LIQ_0F4168490E,22.9,prospective_open_external,no,,,ZS_EXT_9F58E9B1730C,zero_shot,,,0,no,no,zero_shot_not_applicable,0.0,0.0,0.0
EXT_9F58E9B1730C,EXT_9F58E9B1730C,OPEN_CARBON_GLYCAN_2016,SFC_1CD855A0B4A5,LIQ_0F4168490E,22.9,prospective_open_external,no,,,PA_EXT_9F58E9B1730C,probe_assisted,EXT_6B9D41D96636;EXT_BD0EEB764A84,LIQ_5C0DC0DCD1;LIQ_6656B41AB7,2,yes,yes,,50.614510678619155,13.547968376079819,50.6018771178949
EXT_BD0EEB764A84,EXT_BD0EEB764A84,OPEN_CARBON_GLYCAN_2016,SFC_1CD855A0B4A5,LIQ_5C0DC0DCD1,15.9,prospective_open_external,no,,,ZS_EXT_BD0EEB764A84,zero_shot,,,0,no,no,zero_shot_not_applicable,0.0,0.0,0.0
EXT_BD0EEB764A84,EXT_BD0EEB764A84,OPEN_CARBON_GLYCAN_2016,SFC_1CD855A0B4A5,LIQ_5C0DC0DCD1,15.9,prospective_open_external,no,,,PA_EXT_BD0EEB764A84,probe_assisted,EXT_6B9D41D96636;EXT_9F58E9B1730C,LIQ_0F4168490E;LIQ_6656B41AB7,2,yes,yes,,50.61451067861922,26.429384463600083,0.0
EXT_6B9D41D96636,EXT_6B9D41D96636,OPEN_CARBON_GLYCAN_2016,SFC_1CD855A0B4A5,LIQ_6656B41AB7,4.9,prospective_open_external,no,,,ZS_EXT_6B9D41D96636,zero_shot,,,0,no,no,zero_shot_not_applicable,0.0,0.0,0.0
EXT_6B9D41D96636,EXT_6B9D41D96636,OPEN_CARBON_GLYCAN_2016,SFC_1CD855A0B4A5,LIQ_6656B41AB7,4.9,prospective_open_external,no,,,PA_EXT_6B9D41D96636,probe_assisted,EXT_9F58E9B1730C;EXT_BD0EEB764A84,LIQ_0F4168490E;LIQ_5C0DC0DCD1,2,yes,yes,,19.006176403857143,48.19163784605128,77.09499128719196
EXT_BE673F974C34,EXT_BE673F974C34,OPEN_CARBON_GLYCAN_2016,SFC_9CBFB90624F8,LIQ_0F4168490E,25.0,prospective_open_external,no,,,ZS_EXT_BE673F974C34,zero_shot,,,0,no,no,zero_shot_not_applicable,0.0,0.0,0.0
EXT_BE673F974C34,EXT_BE673F974C34,OPEN_CARBON_GLYCAN_2016,SFC_9CBFB90624F8,LIQ_0F4168490E,25.0,prospective_open_external,no,,,PA_EXT_BE673F974C34,probe_assisted,EXT_810E90883671;EXT_E2B297913813,LIQ_5C0DC0DCD1;LIQ_6656B41AB7,2,yes,yes,,50.503303452318775,12.551817900880366,52.65256910238313
EXT_810E90883671,EXT_810E90883671,OPEN_CARBON_GLYCAN_2016,SFC_9CBFB90624F8,LIQ_5C0DC0DCD1,20.3,prospective_open_external,no,,,ZS_EXT_810E90883671,zero_shot,,,0,no,no,zero_shot_not_applicable,0.0,0.0,0.0
EXT_810E90883671,EXT_810E90883671,OPEN_CARBON_GLYCAN_2016,SFC_9CBFB90624F8,LIQ_5C0DC0DCD1,20.3,prospective_open_external,no,,,PA_EXT_810E90883671,probe_assisted,EXT_BE673F974C34;EXT_E2B297913813,LIQ_0F4168490E;LIQ_6656B41AB7,2,yes,yes,,50.50330345231884,25.707261273351154,0.0
EXT_E2B297913813,EXT_E2B297913813,OPEN_CARBON_GLYCAN_2016,SFC_9CBFB90624F8,LIQ_6656B41AB7,6.2,prospective_open_external,no,,,ZS_EXT_E2B297913813,zero_shot,,,0,no,no,zero_shot_not_applicable,0.0,0.0,0.0
EXT_E2B297913813,EXT_E2B297913813,OPEN_CARBON_GLYCAN_2016,SFC_9CBFB90624F8,LIQ_6656B41AB7,6.2,prospective_open_external,no,,,PA_EXT_E2B297913813,probe_assisted,EXT_810E90883671;EXT_BE673F974C34,LIQ_0F4168490E;LIQ_5C0DC0DCD1,2,yes,yes,,17.85096945373625,48.36044564577346,79.30534040461171
EXT_97FF8568B019,EXT_97FF8568B019,OPEN_CARBON_GLYCAN_2016,SFC_73AE050E307F,LIQ_0F4168490E,11.8,prospective_open_external,no,,,ZS_EXT_97FF8568B019,zero_shot,,,0,no,no,zero_shot_not_applicable,0.0,0.0,0.0
EXT_97FF8568B019,EXT_97FF8568B019,OPEN_CARBON_GLYCAN_2016,SFC_73AE050E307F,LIQ_0F4168490E,11.8,prospective_open_external,no,,,PA_EXT_97FF8568B019,probe_assisted,EXT_006E9D255BB0;EXT_0AFA4AD6501C,LIQ_5C0DC0DCD1;LIQ_6656B41AB7,2,yes,yes,,50.66366703581616,13.29525200372458,51.06919930606612
EXT_006E9D255BB0,EXT_006E9D255BB0,OPEN_CARBON_GLYCAN_2016,SFC_73AE050E307F,LIQ_5C0DC0DCD1,16.9,prospective_open_external,no,,,ZS_EXT_006E9D255BB0,zero_shot,,,0,no,no,zero_shot_not_applicable,0.0,0.0,0.0
EXT_006E9D255BB0,EXT_006E9D255BB0,OPEN_CARBON_GLYCAN_2016,SFC_73AE050E307F,LIQ_5C0DC0DCD1,16.9,prospective_open_external,no,,,PA_EXT_006E9D255BB0,probe_assisted,EXT_0AFA4AD6501C;EXT_97FF8568B019,LIQ_0F4168490E;LIQ_6656B41AB7,2,yes,yes,,50.66366703581624,29.514226751036745,0.0
EXT_0AFA4AD6501C,EXT_0AFA4AD6501C,OPEN_CARBON_GLYCAN_2016,SFC_73AE050E307F,LIQ_6656B41AB7,4.2,prospective_open_external,no,,,ZS_EXT_0AFA4AD6501C,zero_shot,,,0,no,no,zero_shot_not_applicable,0.0,0.0,0.0
EXT_0AFA4AD6501C,EXT_0AFA4AD6501C,OPEN_CARBON_GLYCAN_2016,SFC_73AE050E307F,LIQ_6656B41AB7,4.2,prospective_open_external,no,,,PA_EXT_0AFA4AD6501C,probe_assisted,EXT_006E9D255BB0;EXT_97FF8568B019,LIQ_0F4168490E;LIQ_5C0DC0DCD1,2,yes,yes,,14.044385842185795,58.31101858977079,87.04237174018367
EXT_D7EE4324C62B,EXT_D7EE4324C62B,OPEN_FACEMASK_2023,SFC_4AD1E95A7848,LIQ_6656B41AB7,103.9,prospective_open_external,no,,,ZS_EXT_D7EE4324C62B,zero_shot,,,0,no,no,zero_shot_not_applicable,0.0,0.0,0.0
EXT_D7EE4324C62B,EXT_D7EE4324C62B,OPEN_FACEMASK_2023,SFC_4AD1E95A7848,LIQ_6656B41AB7,103.9,prospective_open_external,no,,,PA_EXT_D7EE4324C62B,probe_assisted,EXT_2ED76F045DA7;EXT_3DB1AD2DD595,LIQ_0F4168490E;LIQ_1BD1B94C09,2,yes,yes,,0.0,4.666057242981158,180.0
EXT_2ED76F045DA7,EXT_2ED76F045DA7,OPEN_FACEMASK_2023,SFC_4AD1E95A7848,LIQ_1BD1B94C09,132.9,prospective_open_external,no,,,ZS_EXT_2ED76F045DA7,zero_shot,,,0,no,no,zero_shot_not_applicable,0.0,0.0,0.0
EXT_2ED76F045DA7,EXT_2ED76F045DA7,OPEN_FACEMASK_2023,SFC_4AD1E95A7848,LIQ_1BD1B94C09,132.9,prospective_open_external,no,,,PA_EXT_2ED76F045DA7,probe_assisted,EXT_3DB1AD2DD595;EXT_D7EE4324C62B,LIQ_0F4168490E;LIQ_6656B41AB7,2,yes,yes,,7.331118528461726,0.16262265855132058,110.8742560817867
EXT_3DB1AD2DD595,EXT_3DB1AD2DD595,OPEN_FACEMASK_2023,SFC_4AD1E95A7848,LIQ_0F4168490E,125.0,prospective_open_external,no,,,ZS_EXT_3DB1AD2DD595,zero_shot,,,0,no,no,zero_shot_not_applicable,0.0,0.0,0.0
EXT_3DB1AD2DD595,EXT_3DB1AD2DD595,OPEN_FACEMASK_2023,SFC_4AD1E95A7848,LIQ_0F4168490E,125.0,prospective_open_external,no,,,PA_EXT_3DB1AD2DD595,probe_assisted,EXT_2ED76F045DA7;EXT_D7EE4324C62B,LIQ_1BD1B94C09;LIQ_6656B41AB7,2,yes,yes,,4.733255871860606,0.0,136.13165102358835
EXT_21DECF058A46,EXT_21DECF058A46,OPEN_FACEMASK_2023,SFC_2C8D133FAE44,LIQ_6656B41AB7,107.4,prospective_open_external,no,,,ZS_EXT_21DECF058A46,zero_shot,,,0,no,no,zero_shot_not_applicable,0.0,0.0,0.0
EXT_21DECF058A46,EXT_21DECF058A46,OPEN_FACEMASK_2023,SFC_2C8D133FAE44,LIQ_6656B41AB7,107.4,prospective_open_external,no,,,PA_EXT_21DECF058A46,probe_assisted,EXT_19F026C2773F;EXT_F4D52482F27E,LIQ_0F4168490E;LIQ_1BD1B94C09,2,yes,yes,,2.7867073693696978,0.05276748065421382,122.11165900068879
EXT_F4D52482F27E,EXT_F4D52482F27E,OPEN_FACEMASK_2023,SFC_2C8D133FAE44,LIQ_1BD1B94C09,127.3,prospective_open_external,no,,,ZS_EXT_F4D52482F27E,zero_shot,,,0,no,no,zero_shot_not_applicable,0.0,0.0,0.0
EXT_F4D52482F27E,EXT_F4D52482F27E,OPEN_FACEMASK_2023,SFC_2C8D133FAE44,LIQ_1BD1B94C09,127.3,prospective_open_external,no,,,PA_EXT_F4D52482F27E,probe_assisted,EXT_19F026C2773F;EXT_21DECF058A46,LIQ_0F4168490E;LIQ_6656B41AB7,2,yes,yes,,5.544542785162348,0.0,119.53340161721641
EXT_19F026C2773F,EXT_19F026C2773F,OPEN_FACEMASK_2023,SFC_2C8D133FAE44,LIQ_0F4168490E,137.8,prospective_open_external,no,,,ZS_EXT_19F026C2773F,zero_shot,,,0,no,no,zero_shot_not_applicable,0.0,0.0,0.0
EXT_19F026C2773F,EXT_19F026C2773F,OPEN_FACEMASK_2023,SFC_2C8D133FAE44,LIQ_0F4168490E,137.8,prospective_open_external,no,,,PA_EXT_19F026C2773F,probe_assisted,EXT_21DECF058A46;EXT_F4D52482F27E,LIQ_1BD1B94C09;LIQ_6656B41AB7,2,yes,yes,,4.874186239647764,0.0,135.79173178085802
EXT_161578FE82D4,EXT_161578FE82D4,OPEN_FACEMASK_2023,SFC_61C86B62E941,LIQ_6656B41AB7,98.5,prospective_open_external,no,,,ZS_EXT_161578FE82D4,zero_shot,,,0,no,no,zero_shot_not_applicable,0.0,0.0,0.0
EXT_161578FE82D4,EXT_161578FE82D4,OPEN_FACEMASK_2023,SFC_61C86B62E941,LIQ_6656B41AB7,98.5,prospective_open_external,no,,,PA_EXT_161578FE82D4,probe_assisted,EXT_6A758A73420C;EXT_A608D8AA1EAA,LIQ_0F4168490E;LIQ_1BD1B94C09,2,yes,yes,,7.549267848941399,0.0,103.23860402455882
EXT_A608D8AA1EAA,EXT_A608D8AA1EAA,OPEN_FACEMASK_2023,SFC_61C86B62E941,LIQ_1BD1B94C09,113.6,prospective_open_external,no,,,ZS_EXT_A608D8AA1EAA,zero_shot,,,0,no,no,zero_shot_not_applicable,0.0,0.0,0.0
EXT_A608D8AA1EAA,EXT_A608D8AA1EAA,OPEN_FACEMASK_2023,SFC_61C86B62E941,LIQ_1BD1B94C09,113.6,prospective_open_external,no,,,PA_EXT_A608D8AA1EAA,probe_assisted,EXT_161578FE82D4;EXT_6A758A73420C,LIQ_0F4168490E;LIQ_6656B41AB7,2,yes,yes,,8.585973982655316,0.0,111.65398205476616
EXT_6A758A73420C,EXT_6A758A73420C,OPEN_FACEMASK_2023,SFC_61C86B62E941,LIQ_0F4168490E,131.0,prospective_open_external,no,,,ZS_EXT_6A758A73420C,zero_shot,,,0,no,no,zero_shot_not_applicable,0.0,0.0,0.0
EXT_6A758A73420C,EXT_6A758A73420C,OPEN_FACEMASK_2023,SFC_61C86B62E941,LIQ_0F4168490E,131.0,prospective_open_external,no,,,PA_EXT_6A758A73420C,probe_assisted,EXT_161578FE82D4;EXT_A608D8AA1EAA,LIQ_1BD1B94C09;LIQ_6656B41AB7,2,yes,yes,,8.569451173662735,0.0,128.64591515427577
EXT_591446AFD356,EXT_591446AFD356,OPEN_FACEMASK_2023,SFC_5D5B39751D66,LIQ_6656B41AB7,75.9,prospective_open_external,no,,,ZS_EXT_591446AFD356,zero_shot,,,0,no,no,zero_shot_not_applicable,0.0,0.0,0.0
EXT_591446AFD356,EXT_591446AFD356,OPEN_FACEMASK_2023,SFC_5D5B39751D66,LIQ_6656B41AB7,75.9,prospective_open_external,no,,,PA_EXT_591446AFD356,probe_assisted,EXT_3FFCD90BF04A;EXT_A2BFA9FEE942,LIQ_0F4168490E;LIQ_1BD1B94C09,2,yes,yes,,2.8888847460013087,1.0674424092161423,121.53777190110067
EXT_3FFCD90BF04A,EXT_3FFCD90BF04A,OPEN_FACEMASK_2023,SFC_5D5B39751D66,LIQ_1BD1B94C09,118.6,prospective_open_external,no,,,ZS_EXT_3FFCD90BF04A,zero_shot,,,0,no,no,zero_shot_not_applicable,0.0,0.0,0.0
EXT_3FFCD90BF04A,EXT_3FFCD90BF04A,OPEN_FACEMASK_2023,SFC_5D5B39751D66,LIQ_1BD1B94C09,118.6,prospective_open_external,no,,,PA_EXT_3FFCD90BF04A,probe_assisted,EXT_591446AFD356;EXT_A2BFA9FEE942,LIQ_0F4168490E;LIQ_6656B41AB7,2,yes,yes,,16.695212571131012,0.0,96.89822884314621
EXT_A2BFA9FEE942,EXT_A2BFA9FEE942,OPEN_FACEMASK_2023,SFC_5D5B39751D66,LIQ_0F4168490E,125.4,prospective_open_external,no,,,ZS_EXT_A2BFA9FEE942,zero_shot,,,0,no,no,zero_shot_not_applicable,0.0,0.0,0.0
EXT_A2BFA9FEE942,EXT_A2BFA9FEE942,OPEN_FACEMASK_2023,SFC_5D5B39751D66,LIQ_0F4168490E,125.4,prospective_open_external,no,,,PA_EXT_A2BFA9FEE942,probe_assisted,EXT_3FFCD90BF04A;EXT_591446AFD356,LIQ_1BD1B94C09;LIQ_6656B41AB7,2,yes,yes,,12.662731515318018,0.0,122.92582133573322
EXT_E2623286DF9C,EXT_E2623286DF9C,OPEN_FACEMASK_2023,SFC_52742E4E2FF2,LIQ_6656B41AB7,22.43,prospective_open_external,no,,,ZS_EXT_E2623286DF9C,zero_shot,,,0,no,no,zero_shot_not_applicable,0.0,0.0,0.0
EXT_E2623286DF9C,EXT_E2623286DF9C,OPEN_FACEMASK_2023,SFC_52742E4E2FF2,LIQ_6656B41AB7,22.43,prospective_open_external,no,,,PA_EXT_E2623286DF9C,probe_assisted,EXT_4414CE8E7161;EXT_8930F5ABA4B7,LIQ_0F4168490E;LIQ_1BD1B94C09,2,yes,yes,,25.519390052763125,11.483707531743446,65.32104492699897
EXT_4414CE8E7161,EXT_4414CE8E7161,OPEN_FACEMASK_2023,SFC_52742E4E2FF2,LIQ_1BD1B94C09,53.33,prospective_open_external,no,,,ZS_EXT_4414CE8E7161,zero_shot,,,0,no,no,zero_shot_not_applicable,0.0,0.0,0.0
EXT_4414CE8E7161,EXT_4414CE8E7161,OPEN_FACEMASK_2023,SFC_52742E4E2FF2,LIQ_1BD1B94C09,53.33,prospective_open_external,no,,,PA_EXT_4414CE8E7161,probe_assisted,EXT_8930F5ABA4B7;EXT_E2623286DF9C,LIQ_0F4168490E;LIQ_6656B41AB7,2,yes,yes,,47.029484122221085,4.874898477363473,36.03503908886465
EXT_8930F5ABA4B7,EXT_8930F5ABA4B7,OPEN_FACEMASK_2023,SFC_52742E4E2FF2,LIQ_0F4168490E,71.77,prospective_open_external,no,,,ZS_EXT_8930F5ABA4B7,zero_shot,,,0,no,no,zero_shot_not_applicable,0.0,0.0,0.0
EXT_8930F5ABA4B7,EXT_8930F5ABA4B7,OPEN_FACEMASK_2023,SFC_52742E4E2FF2,LIQ_0F4168490E,71.77,prospective_open_external,no,,,PA_EXT_8930F5ABA4B7,probe_assisted,EXT_4414CE8E7161;EXT_E2623286DF9C,LIQ_1BD1B94C09;LIQ_6656B41AB7,2,yes,yes,,47.02948412222105,0.6417841475659729,87.88947550630067
EXT_FFFDDFDEE3D0,EXT_FFFDDFDEE3D0,OPEN_FACEMASK_2023,SFC_98A58E5AB649,LIQ_6656B41AB7,95.4,prospective_open_external,no,,,ZS_EXT_FFFDDFDEE3D0,zero_shot,,,0,no,no,zero_shot_not_applicable,0.0,0.0,0.0
EXT_FFFDDFDEE3D0,EXT_FFFDDFDEE3D0,OPEN_FACEMASK_2023,SFC_98A58E5AB649,LIQ_6656B41AB7,95.4,prospective_open_external,no,,,PA_EXT_FFFDDFDEE3D0,probe_assisted,EXT_07642A48B0AD;EXT_E63EB3F2835E,LIQ_0F4168490E;LIQ_1BD1B94C09,2,yes,yes,,7.527114597549658,4.250102155464929,103.30524661919698
EXT_E63EB3F2835E,EXT_E63EB3F2835E,OPEN_FACEMASK_2023,SFC_98A58E5AB649,LIQ_1BD1B94C09,95.7,prospective_open_external,no,,,ZS_EXT_E63EB3F2835E,zero_shot,,,0,no,no,zero_shot_not_applicable,0.0,0.0,0.0
EXT_E63EB3F2835E,EXT_E63EB3F2835E,OPEN_FACEMASK_2023,SFC_98A58E5AB649,LIQ_1BD1B94C09,95.7,prospective_open_external,no,,,PA_EXT_E63EB3F2835E,probe_assisted,EXT_07642A48B0AD;EXT_FFFDDFDEE3D0,LIQ_0F4168490E;LIQ_6656B41AB7,2,yes,yes,,10.422124799582573,3.0437491630548386,92.43954320573737
EXT_07642A48B0AD,EXT_07642A48B0AD,OPEN_FACEMASK_2023,SFC_98A58E5AB649,LIQ_0F4168490E,104.1,prospective_open_external,no,,,ZS_EXT_07642A48B0AD,zero_shot,,,0,no,no,zero_shot_not_applicable,0.0,0.0,0.0
EXT_07642A48B0AD,EXT_07642A48B0AD,OPEN_FACEMASK_2023,SFC_98A58E5AB649,LIQ_0F4168490E,104.1,prospective_open_external,no,,,PA_EXT_07642A48B0AD,probe_assisted,EXT_E63EB3F2835E;EXT_FFFDDFDEE3D0,LIQ_1BD1B94C09;LIQ_6656B41AB7,2,yes,yes,,10.422124799582564,1.8688070059522532,108.52363382565225
EXT_FEA43C1D185A,EXT_FEA43C1D185A,OPEN_FACEMASK_2023,SFC_804C47F28DD6,LIQ_6656B41AB7,57.73,prospective_open_external,no,,,ZS_EXT_FEA43C1D185A,zero_shot,,,0,no,no,zero_shot_not_applicable,0.0,0.0,0.0
EXT_FEA43C1D185A,EXT_FEA43C1D185A,OPEN_FACEMASK_2023,SFC_804C47F28DD6,LIQ_6656B41AB7,57.73,prospective_open_external,no,,,PA_EXT_FEA43C1D185A,probe_assisted,EXT_1D4E7C8984A2;EXT_8E2D528C28E4,LIQ_0F4168490E;LIQ_1BD1B94C09,2,yes,yes,,55.484024226459006,0.0,0.0
EXT_1D4E7C8984A2,EXT_1D4E7C8984A2,OPEN_FACEMASK_2023,SFC_804C47F28DD6,LIQ_1BD1B94C09,41.23,prospective_open_external,no,,,ZS_EXT_1D4E7C8984A2,zero_shot,,,0,no,no,zero_shot_not_applicable,0.0,0.0,0.0
EXT_1D4E7C8984A2,EXT_1D4E7C8984A2,OPEN_FACEMASK_2023,SFC_804C47F28DD6,LIQ_1BD1B94C09,41.23,prospective_open_external,no,,,PA_EXT_1D4E7C8984A2,probe_assisted,EXT_8E2D528C28E4;EXT_FEA43C1D185A,LIQ_0F4168490E;LIQ_6656B41AB7,2,yes,yes,,29.881562816499205,0.24216468232694813,75.45575175639223
EXT_8E2D528C28E4,EXT_8E2D528C28E4,OPEN_FACEMASK_2023,SFC_804C47F28DD6,LIQ_0F4168490E,101.67,prospective_open_external,no,,,ZS_EXT_8E2D528C28E4,zero_shot,,,0,no,no,zero_shot_not_applicable,0.0,0.0,0.0
EXT_8E2D528C28E4,EXT_8E2D528C28E4,OPEN_FACEMASK_2023,SFC_804C47F28DD6,LIQ_0F4168490E,101.67,prospective_open_external,no,,,PA_EXT_8E2D528C28E4,probe_assisted,EXT_1D4E7C8984A2;EXT_FEA43C1D185A,LIQ_1BD1B94C09;LIQ_6656B41AB7,2,yes,yes,,29.881562816499176,14.62985758733932,63.15379103436288
EXT_DE22A4AE61FC,EXT_DE22A4AE61FC,OPEN_CHITOSAN_GELATIN_2022,SFC_26BB55DBD67D,LIQ_5C0DC0DCD1,71.6,prospective_open_external,no,,,ZS_EXT_DE22A4AE61FC,zero_shot,,,0,no,no,zero_shot_not_applicable,0.0,0.0,0.0
EXT_DE22A4AE61FC,EXT_DE22A4AE61FC,OPEN_CHITOSAN_GELATIN_2022,SFC_26BB55DBD67D,LIQ_5C0DC0DCD1,71.6,prospective_open_external,no,,,PA_EXT_DE22A4AE61FC,probe_assisted,EXT_7534CEB38FB4,LIQ_6656B41AB7,1,yes,no,insufficient_probes,0.0,0.0,
EXT_7534CEB38FB4,EXT_7534CEB38FB4,OPEN_CHITOSAN_GELATIN_2022,SFC_26BB55DBD67D,LIQ_6656B41AB7,46.8,prospective_open_external,no,,,ZS_EXT_7534CEB38FB4,zero_shot,,,0,no,no,zero_shot_not_applicable,0.0,0.0,0.0
EXT_7534CEB38FB4,EXT_7534CEB38FB4,OPEN_CHITOSAN_GELATIN_2022,SFC_26BB55DBD67D,LIQ_6656B41AB7,46.8,prospective_open_external,no,,,PA_EXT_7534CEB38FB4,probe_assisted,EXT_DE22A4AE61FC,LIQ_5C0DC0DCD1,1,yes,no,insufficient_probes,0.0,0.0,
EXT_397F0C3BD5CF,EXT_397F0C3BD5CF,OPEN_CHITOSAN_GELATIN_2022,SFC_D400AC079E9D,LIQ_5C0DC0DCD1,74.0,prospective_open_external,no,,,ZS_EXT_397F0C3BD5CF,zero_shot,,,0,no,no,zero_shot_not_applicable,0.0,0.0,0.0
EXT_397F0C3BD5CF,EXT_397F0C3BD5CF,OPEN_CHITOSAN_GELATIN_2022,SFC_D400AC079E9D,LIQ_5C0DC0DCD1,74.0,prospective_open_external,no,,,PA_EXT_397F0C3BD5CF,probe_assisted,EXT_B24A3A78D359,LIQ_6656B41AB7,1,yes,no,insufficient_probes,0.0,0.0,
EXT_B24A3A78D359,EXT_B24A3A78D359,OPEN_CHITOSAN_GELATIN_2022,SFC_D400AC079E9D,LIQ_6656B41AB7,44.3,prospective_open_external,no,,,ZS_EXT_B24A3A78D359,zero_shot,,,0,no,no,zero_shot_not_applicable,0.0,0.0,0.0
EXT_B24A3A78D359,EXT_B24A3A78D359,OPEN_CHITOSAN_GELATIN_2022,SFC_D400AC079E9D,LIQ_6656B41AB7,44.3,prospective_open_external,no,,,PA_EXT_B24A3A78D359,probe_assisted,EXT_397F0C3BD5CF,LIQ_5C0DC0DCD1,1,yes,no,insufficient_probes,0.0,0.0,
EXT_F82FEAC10BBB,EXT_F82FEAC10BBB,OPEN_CHITOSAN_GELATIN_2022,SFC_F1718B0B4710,LIQ_5C0DC0DCD1,69.4,prospective_open_external,no,,,ZS_EXT_F82FEAC10BBB,zero_shot,,,0,no,no,zero_shot_not_applicable,0.0,0.0,0.0
EXT_F82FEAC10BBB,EXT_F82FEAC10BBB,OPEN_CHITOSAN_GELATIN_2022,SFC_F1718B0B4710,LIQ_5C0DC0DCD1,69.4,prospective_open_external,no,,,PA_EXT_F82FEAC10BBB,probe_assisted,EXT_67BEF7CA0F14,LIQ_6656B41AB7,1,yes,no,insufficient_probes,0.0,0.0,
EXT_67BEF7CA0F14,EXT_67BEF7CA0F14,OPEN_CHITOSAN_GELATIN_2022,SFC_F1718B0B4710,LIQ_6656B41AB7,43.6,prospective_open_external,no,,,ZS_EXT_67BEF7CA0F14,zero_shot,,,0,no,no,zero_shot_not_applicable,0.0,0.0,0.0
EXT_67BEF7CA0F14,EXT_67BEF7CA0F14,OPEN_CHITOSAN_GELATIN_2022,SFC_F1718B0B4710,LIQ_6656B41AB7,43.6,prospective_open_external,no,,,PA_EXT_67BEF7CA0F14,probe_assisted,EXT_F82FEAC10BBB,LIQ_5C0DC0DCD1,1,yes,no,insufficient_probes,0.0,0.0,
EXT_D348EE3E6106,EXT_D348EE3E6106,OPEN_CHITOSAN_GELATIN_2022,SFC_C768409105A9,LIQ_5C0DC0DCD1,69.8,prospective_open_external,no,,,ZS_EXT_D348EE3E6106,zero_shot,,,0,no,no,zero_shot_not_applicable,0.0,0.0,0.0
EXT_D348EE3E6106,EXT_D348EE3E6106,OPEN_CHITOSAN_GELATIN_2022,SFC_C768409105A9,LIQ_5C0DC0DCD1,69.8,prospective_open_external,no,,,PA_EXT_D348EE3E6106,probe_assisted,EXT_FEB300669898,LIQ_6656B41AB7,1,yes,no,insufficient_probes,0.0,0.0,
EXT_FEB300669898,EXT_FEB300669898,OPEN_CHITOSAN_GELATIN_2022,SFC_C768409105A9,LIQ_6656B41AB7,45.2,prospective_open_external,no,,,ZS_EXT_FEB300669898,zero_shot,,,0,no,no,zero_shot_not_applicable,0.0,0.0,0.0
EXT_FEB300669898,EXT_FEB300669898,OPEN_CHITOSAN_GELATIN_2022,SFC_C768409105A9,LIQ_6656B41AB7,45.2,prospective_open_external,no,,,PA_EXT_FEB300669898,probe_assisted,EXT_D348EE3E6106,LIQ_5C0DC0DCD1,1,yes,no,insufficient_probes,0.0,0.0,
EXT_126475924947,EXT_126475924947,OPEN_CHITOSAN_GELATIN_2022,SFC_21C07DE8FEA5,LIQ_5C0DC0DCD1,66.8,prospective_open_external,no,,,ZS_EXT_126475924947,zero_shot,,,0,no,no,zero_shot_not_applicable,0.0,0.0,0.0
EXT_126475924947,EXT_126475924947,OPEN_CHITOSAN_GELATIN_2022,SFC_21C07DE8FEA5,LIQ_5C0DC0DCD1,66.8,prospective_open_external,no,,,PA_EXT_126475924947,probe_assisted,EXT_CC9EEC4BEE40,LIQ_6656B41AB7,1,yes,no,insufficient_probes,0.0,0.0,
EXT_CC9EEC4BEE40,EXT_CC9EEC4BEE40,OPEN_CHITOSAN_GELATIN_2022,SFC_21C07DE8FEA5,LIQ_6656B41AB7,45.6,prospective_open_external,no,,,ZS_EXT_CC9EEC4BEE40,zero_shot,,,0,no,no,zero_shot_not_applicable,0.0,0.0,0.0
EXT_CC9EEC4BEE40,EXT_CC9EEC4BEE40,OPEN_CHITOSAN_GELATIN_2022,SFC_21C07DE8FEA5,LIQ_6656B41AB7,45.6,prospective_open_external,no,,,PA_EXT_CC9EEC4BEE40,probe_assisted,EXT_126475924947,LIQ_5C0DC0DCD1,1,yes,no,insufficient_probes,0.0,0.0,
EXT_618DAE924695,EXT_618DAE924695,OPEN_CHITOSAN_GELATIN_2022,SFC_4988FD117978,LIQ_5C0DC0DCD1,68.1,prospective_open_external,no,,,ZS_EXT_618DAE924695,zero_shot,,,0,no,no,zero_shot_not_applicable,0.0,0.0,0.0
EXT_618DAE924695,EXT_618DAE924695,OPEN_CHITOSAN_GELATIN_2022,SFC_4988FD117978,LIQ_5C0DC0DCD1,68.1,prospective_open_external,no,,,PA_EXT_618DAE924695,probe_assisted,EXT_FC56291F305C,LIQ_6656B41AB7,1,yes,no,insufficient_probes,0.0,0.0,
EXT_FC56291F305C,EXT_FC56291F305C,OPEN_CHITOSAN_GELATIN_2022,SFC_4988FD117978,LIQ_6656B41AB7,43.7,prospective_open_external,no,,,ZS_EXT_FC56291F305C,zero_shot,,,0,no,no,zero_shot_not_applicable,0.0,0.0,0.0
EXT_FC56291F305C,EXT_FC56291F305C,OPEN_CHITOSAN_GELATIN_2022,SFC_4988FD117978,LIQ_6656B41AB7,43.7,prospective_open_external,no,,,PA_EXT_FC56291F305C,probe_assisted,EXT_618DAE924695,LIQ_5C0DC0DCD1,1,yes,no,insufficient_probes,0.0,0.0,
EXT_0793ADE7D32F,EXT_0793ADE7D32F,OPEN_CHITOSAN_GELATIN_2022,SFC_728D367B9FEB,LIQ_5C0DC0DCD1,67.9,prospective_open_external,no,,,ZS_EXT_0793ADE7D32F,zero_shot,,,0,no,no,zero_shot_not_applicable,0.0,0.0,0.0
EXT_0793ADE7D32F,EXT_0793ADE7D32F,OPEN_CHITOSAN_GELATIN_2022,SFC_728D367B9FEB,LIQ_5C0DC0DCD1,67.9,prospective_open_external,no,,,PA_EXT_0793ADE7D32F,probe_assisted,EXT_9F8D5B3E0335,LIQ_6656B41AB7,1,yes,no,insufficient_probes,0.0,0.0,
EXT_9F8D5B3E0335,EXT_9F8D5B3E0335,OPEN_CHITOSAN_GELATIN_2022,SFC_728D367B9FEB,LIQ_6656B41AB7,45.4,prospective_open_external,no,,,ZS_EXT_9F8D5B3E0335,zero_shot,,,0,no,no,zero_shot_not_applicable,0.0,0.0,0.0
EXT_9F8D5B3E0335,EXT_9F8D5B3E0335,OPEN_CHITOSAN_GELATIN_2022,SFC_728D367B9FEB,LIQ_6656B41AB7,45.4,prospective_open_external,no,,,PA_EXT_9F8D5B3E0335,probe_assisted,EXT_0793ADE7D32F,LIQ_5C0DC0DCD1,1,yes,no,insufficient_probes,0.0,0.0,
