measurement_id,record_id,source_group_id,surface_group_id,legacy_analysis_split,v4_split,applsci_split,allow_training,allow_tuning,allow_evaluation,freeze_status
CA0001,CA0001,SRC023,SFC_04353B2CE787,excluded_review,excluded_review,excluded_review,no,no,no,provisional_v4_bootstrap
CA0002,CA0002,SRC023,SFC_96578C5761C3,excluded_review,excluded_review,excluded_review,no,no,no,provisional_v4_bootstrap
CA0003,CA0003,SRC023,SFC_A713C80D8A86,excluded_review,excluded_review,excluded_review,no,no,no,provisional_v4_bootstrap
CA0004,CA0004,SRC023,SFC_833BD19E975A,excluded_review,excluded_review,excluded_review,no,no,no,provisional_v4_bootstrap
CA0005,CA0005,SRC023,SFC_EF3937BBEA40,excluded_review,excluded_review,excluded_review,no,no,no,provisional_v4_bootstrap
CA0006,CA0006,SRC023,SFC_B1C3F4195927,excluded_review,excluded_review,excluded_review,no,no,no,provisional_v4_bootstrap
CA0007,CA0007,SRC023,SFC_3269642DA2B0,excluded_review,excluded_review,excluded_review,no,no,no,provisional_v4_bootstrap
CA0008,CA0008,SRC023,SFC_258CBA406DD6,excluded_review,excluded_review,excluded_review,no,no,no,provisional_v4_bootstrap
CA0009,CA0009,SRC023,SFC_DB683EF7A2C1,excluded_review,excluded_review,excluded_review,no,no,no,provisional_v4_bootstrap
CA0010,CA0010,SRC023,SFC_EEA5FB824E7A,excluded_review,excluded_review,excluded_review,no,no,no,provisional_v4_bootstrap
CA0011,CA0011,SRC023,SFC_E24B19E460DE,excluded_review,excluded_review,excluded_review,no,no,no,provisional_v4_bootstrap
CA0012,CA0012,SRC023,SFC_782084083F60,excluded_review,excluded_review,excluded_review,no,no,no,provisional_v4_bootstrap
CA0013,CA0013,SRC023,SFC_F08E28324066,excluded_review,excluded_review,excluded_review,no,no,no,provisional_v4_bootstrap
CA0014,CA0014,SRC023,SFC_0C4EEBCACC30,excluded_review,excluded_review,excluded_review,no,no,no,provisional_v4_bootstrap
CA0015,CA0015,SRC023,SFC_F715B35B2C9F,excluded_review,excluded_review,excluded_review,no,no,no,provisional_v4_bootstrap
CA0016,CA0016,SRC023,SFC_04353B2CE787,excluded_review,excluded_review,excluded_review,no,no,no,provisional_v4_bootstrap
CA0017,CA0017,SRC023,SFC_96578C5761C3,excluded_review,excluded_review,excluded_review,no,no,no,provisional_v4_bootstrap
CA0018,CA0018,SRC023,SFC_A713C80D8A86,excluded_review,excluded_review,excluded_review,no,no,no,provisional_v4_bootstrap
CA0019,CA0019,SRC023,SFC_833BD19E975A,excluded_review,excluded_review,excluded_review,no,no,no,provisional_v4_bootstrap
CA0020,CA0020,SRC023,SFC_EF3937BBEA40,excluded_review,excluded_review,excluded_review,no,no,no,provisional_v4_bootstrap
CA0021,CA0021,SRC023,SFC_B1C3F4195927,excluded_review,excluded_review,excluded_review,no,no,no,provisional_v4_bootstrap
CA0022,CA0022,SRC023,SFC_3269642DA2B0,excluded_review,excluded_review,excluded_review,no,no,no,provisional_v4_bootstrap
CA0023,CA0023,SRC023,SFC_258CBA406DD6,excluded_review,excluded_review,excluded_review,no,no,no,provisional_v4_bootstrap
CA0024,CA0024,SRC023,SFC_DB683EF7A2C1,excluded_review,excluded_review,excluded_review,no,no,no,provisional_v4_bootstrap
CA0025,CA0025,SRC023,SFC_EEA5FB824E7A,excluded_review,excluded_review,excluded_review,no,no,no,provisional_v4_bootstrap
CA0026,CA0026,SRC023,SFC_E24B19E460DE,excluded_review,excluded_review,excluded_review,no,no,no,provisional_v4_bootstrap
CA0027,CA0027,SRC023,SFC_782084083F60,excluded_review,excluded_review,excluded_review,no,no,no,provisional_v4_bootstrap
CA0028,CA0028,SRC023,SFC_F08E28324066,excluded_review,excluded_review,excluded_review,no,no,no,provisional_v4_bootstrap
CA0029,CA0029,SRC023,SFC_0C4EEBCACC30,excluded_review,excluded_review,excluded_review,no,no,no,provisional_v4_bootstrap
CA0030,CA0030,SRC023,SFC_F715B35B2C9F,excluded_review,excluded_review,excluded_review,no,no,no,provisional_v4_bootstrap
CA0031,CA0031,SRC023,SFC_04353B2CE787,excluded_review,excluded_review,excluded_review,no,no,no,provisional_v4_bootstrap
CA0032,CA0032,SRC023,SFC_96578C5761C3,excluded_review,excluded_review,excluded_review,no,no,no,provisional_v4_bootstrap
CA0033,CA0033,SRC023,SFC_A713C80D8A86,excluded_review,excluded_review,excluded_review,no,no,no,provisional_v4_bootstrap
CA0034,CA0034,SRC023,SFC_833BD19E975A,excluded_review,excluded_review,excluded_review,no,no,no,provisional_v4_bootstrap
CA0035,CA0035,SRC023,SFC_EF3937BBEA40,excluded_review,excluded_review,excluded_review,no,no,no,provisional_v4_bootstrap
CA0036,CA0036,SRC023,SFC_B1C3F4195927,excluded_review,excluded_review,excluded_review,no,no,no,provisional_v4_bootstrap
CA0037,CA0037,SRC023,SFC_3269642DA2B0,excluded_review,excluded_review,excluded_review,no,no,no,provisional_v4_bootstrap
CA0038,CA0038,SRC023,SFC_258CBA406DD6,excluded_review,excluded_review,excluded_review,no,no,no,provisional_v4_bootstrap
CA0039,CA0039,SRC023,SFC_DB683EF7A2C1,excluded_review,excluded_review,excluded_review,no,no,no,provisional_v4_bootstrap
CA0040,CA0040,SRC023,SFC_EEA5FB824E7A,excluded_review,excluded_review,excluded_review,no,no,no,provisional_v4_bootstrap
CA0041,CA0041,SRC023,SFC_E24B19E460DE,excluded_review,excluded_review,excluded_review,no,no,no,provisional_v4_bootstrap
CA0042,CA0042,SRC023,SFC_782084083F60,excluded_review,excluded_review,excluded_review,no,no,no,provisional_v4_bootstrap
CA0043,CA0043,SRC023,SFC_8236ECA9EB74,excluded_review,excluded_review,excluded_review,no,no,no,provisional_v4_bootstrap
CA0044,CA0044,SRC023,SFC_49842D0D9B8F,excluded_review,excluded_review,excluded_review,no,no,no,provisional_v4_bootstrap
CA0045,CA0045,SRC023,SFC_E805A27F910D,excluded_review,excluded_review,excluded_review,no,no,no,provisional_v4_bootstrap
CA0046,CA0046,SRC023,SFC_8236ECA9EB74,excluded_review,excluded_review,excluded_review,no,no,no,provisional_v4_bootstrap
CA0047,CA0047,SRC023,SFC_49842D0D9B8F,excluded_review,excluded_review,excluded_review,no,no,no,provisional_v4_bootstrap
CA0048,CA0048,SRC023,SFC_E805A27F910D,excluded_review,excluded_review,excluded_review,no,no,no,provisional_v4_bootstrap
CA0049,CA0049,SRC023,SFC_8236ECA9EB74,excluded_review,excluded_review,excluded_review,no,no,no,provisional_v4_bootstrap
CA0050,CA0050,SRC023,SFC_49842D0D9B8F,excluded_review,excluded_review,excluded_review,no,no,no,provisional_v4_bootstrap
CA0051,CA0051,SRC023,SFC_E805A27F910D,excluded_review,excluded_review,excluded_review,no,no,no,provisional_v4_bootstrap
CA0052,CA0052,SRC023,SFC_2F8ECAFB7400,excluded_review,excluded_review,excluded_review,no,no,no,provisional_v4_bootstrap
CA0053,CA0053,SRC023,SFC_09D2365FF128,excluded_review,excluded_review,excluded_review,no,no,no,provisional_v4_bootstrap
CA0054,CA0054,SRC023,SFC_C657B6B2A8F2,excluded_review,excluded_review,excluded_review,no,no,no,provisional_v4_bootstrap
CA0055,CA0055,SRC023,SFC_EADE66E24084,excluded_review,excluded_review,excluded_review,no,no,no,provisional_v4_bootstrap
CA0056,CA0056,SRC023,SFC_7320418E2637,excluded_review,excluded_review,excluded_review,no,no,no,provisional_v4_bootstrap
CA0057,CA0057,SRC023,SFC_059D01259A34,excluded_review,excluded_review,excluded_review,no,no,no,provisional_v4_bootstrap
CA0058,CA0058,SRC023,SFC_2F8ECAFB7400,excluded_review,excluded_review,excluded_review,no,no,no,provisional_v4_bootstrap
CA0059,CA0059,SRC023,SFC_09D2365FF128,excluded_review,excluded_review,excluded_review,no,no,no,provisional_v4_bootstrap
CA0060,CA0060,SRC023,SFC_C657B6B2A8F2,excluded_review,excluded_review,excluded_review,no,no,no,provisional_v4_bootstrap
CA0061,CA0061,SRC023,SFC_EADE66E24084,excluded_review,excluded_review,excluded_review,no,no,no,provisional_v4_bootstrap
CA0062,CA0062,SRC023,SFC_7320418E2637,excluded_review,excluded_review,excluded_review,no,no,no,provisional_v4_bootstrap
CA0063,CA0063,SRC023,SFC_059D01259A34,excluded_review,excluded_review,excluded_review,no,no,no,provisional_v4_bootstrap
CA0064,CA0064,SRC023,SFC_2F8ECAFB7400,excluded_review,excluded_review,excluded_review,no,no,no,provisional_v4_bootstrap
CA0065,CA0065,SRC023,SFC_09D2365FF128,excluded_review,excluded_review,excluded_review,no,no,no,provisional_v4_bootstrap
CA0066,CA0066,SRC023,SFC_C657B6B2A8F2,excluded_review,excluded_review,excluded_review,no,no,no,provisional_v4_bootstrap
CA0067,CA0067,SRC023,SFC_EADE66E24084,excluded_review,excluded_review,excluded_review,no,no,no,provisional_v4_bootstrap
CA0068,CA0068,SRC023,SFC_7320418E2637,excluded_review,excluded_review,excluded_review,no,no,no,provisional_v4_bootstrap
CA0069,CA0069,SRC023,SFC_059D01259A34,excluded_review,excluded_review,excluded_review,no,no,no,provisional_v4_bootstrap
CA0070,CA0070,SRC024,SFC_B8D818A15C77,excluded_review,excluded_review,excluded_review,no,no,no,provisional_v4_bootstrap
CA0071,CA0071,SRC024,SFC_DFFFBB02B458,excluded_review,excluded_review,excluded_review,no,no,no,provisional_v4_bootstrap
CA0072,CA0072,SRC024,SFC_CC13B5674B11,excluded_review,excluded_review,excluded_review,no,no,no,provisional_v4_bootstrap
CA0073,CA0073,SRC024,SFC_2F5D209BCFE9,excluded_review,excluded_review,excluded_review,no,no,no,provisional_v4_bootstrap
CA0074,CA0074,SRC024,SFC_B8D818A15C77,excluded_review,excluded_review,excluded_review,no,no,no,provisional_v4_bootstrap
CA0075,CA0075,SRC024,SFC_DFFFBB02B458,excluded_review,excluded_review,excluded_review,no,no,no,provisional_v4_bootstrap
CA0076,CA0076,SRC024,SFC_8E1BAB0CA5A6,excluded_review,excluded_review,excluded_review,no,no,no,provisional_v4_bootstrap
CA0077,CA0077,SRC010,SFC_95580B5C4364,internal_train,train,train,yes,no,no,provisional_v4_bootstrap
CA0078,CA0078,SRC010,SFC_95580B5C4364,internal_train,train,train,yes,no,no,provisional_v4_bootstrap
CA0079,CA0079,SRC010,SFC_F7990EF3D076,internal_test,train,train,yes,no,no,provisional_v4_bootstrap
CA0080,CA0080,SRC010,SFC_F7990EF3D076,internal_train,train,train,yes,no,no,provisional_v4_bootstrap
CA0081,CA0081,SRC010,SFC_10C3C0102684,internal_train,train,train,yes,no,no,provisional_v4_bootstrap
CA0082,CA0082,SRC010,SFC_10C3C0102684,internal_val,train,train,yes,no,no,provisional_v4_bootstrap
CA0083,CA0083,SRC010,SFC_FA6603E349B6,internal_test,train,train,yes,no,no,provisional_v4_bootstrap
CA0084,CA0084,SRC010,SFC_FA6603E349B6,internal_train,train,train,yes,no,no,provisional_v4_bootstrap
CA0085,CA0085,SRC010,SFC_91AEF1F6D63F,internal_train,train,train,yes,no,no,provisional_v4_bootstrap
CA0086,CA0086,SRC010,SFC_91AEF1F6D63F,internal_train,train,train,yes,no,no,provisional_v4_bootstrap
CA0087,CA0087,SRC010,SFC_B26BB3C57516,internal_train,train,train,yes,no,no,provisional_v4_bootstrap
CA0088,CA0088,SRC010,SFC_B26BB3C57516,internal_train,train,train,yes,no,no,provisional_v4_bootstrap
CA0089,CA0089,SRC010,SFC_EE615B6001A2,internal_train,train,train,yes,no,no,provisional_v4_bootstrap
CA0090,CA0090,SRC010,SFC_EE615B6001A2,internal_train,train,train,yes,no,no,provisional_v4_bootstrap
CA0091,CA0091,SRC010,SFC_C256F7B116EE,internal_train,train,train,yes,no,no,provisional_v4_bootstrap
CA0092,CA0092,SRC010,SFC_C256F7B116EE,internal_train,train,train,yes,no,no,provisional_v4_bootstrap
CA0093,CA0093,SRC009,SFC_A5B2B66974AE,internal_train,train,train,yes,no,no,provisional_v4_bootstrap
CA0094,CA0094,SRC009,SFC_A5B2B66974AE,internal_train,train,train,yes,no,no,provisional_v4_bootstrap
CA0095,CA0095,SRC009,SFC_BF7DB4F8493A,internal_train,train,train,yes,no,no,provisional_v4_bootstrap
CA0096,CA0096,SRC009,SFC_BF7DB4F8493A,internal_val,train,train,yes,no,no,provisional_v4_bootstrap
CA0097,CA0097,SRC009,SFC_1CE43E1DBA17,internal_train,train,train,yes,no,no,provisional_v4_bootstrap
CA0098,CA0098,SRC009,SFC_1CE43E1DBA17,internal_train,train,train,yes,no,no,provisional_v4_bootstrap
CA0099,CA0099,SRC009,SFC_CD91556CDD43,internal_train,train,train,yes,no,no,provisional_v4_bootstrap
CA0100,CA0100,SRC009,SFC_CD91556CDD43,internal_train,train,train,yes,no,no,provisional_v4_bootstrap
CA0101,CA0101,SRC007,SFC_5EB9C176CFB3,internal_val,validation,validation,no,yes,no,provisional_v4_bootstrap
CA0102,CA0102,SRC007,SFC_5EB9C176CFB3,internal_train,validation,validation,no,yes,no,provisional_v4_bootstrap
CA0103,CA0103,SRC007,SFC_4A9A552599CA,internal_train,validation,validation,no,yes,no,provisional_v4_bootstrap
CA0104,CA0104,SRC007,SFC_4A9A552599CA,internal_train,validation,validation,no,yes,no,provisional_v4_bootstrap
CA0105,CA0105,SRC007,SFC_FE6387F77D1C,internal_test,validation,validation,no,yes,no,provisional_v4_bootstrap
CA0106,CA0106,SRC007,SFC_FE6387F77D1C,internal_test,validation,validation,no,yes,no,provisional_v4_bootstrap
CA0107,CA0107,SRC008,SFC_5B98CD5D3171,balanced_holdout,train,train,yes,no,no,provisional_v4_bootstrap
CA0108,CA0108,SRC008,SFC_501977853E73,excluded_review,excluded_review,excluded_review,no,no,no,provisional_v4_bootstrap
CA0109,CA0109,SRC008,SFC_FA2839A92EC7,excluded_review,excluded_review,excluded_review,no,no,no,provisional_v4_bootstrap
CA0110,CA0110,SRC008,SFC_1D8B05F80DC7,excluded_review,excluded_review,excluded_review,no,no,no,provisional_v4_bootstrap
CA0111,CA0111,SRC008,SFC_44B95F9FBEE4,excluded_review,excluded_review,excluded_review,no,no,no,provisional_v4_bootstrap
CA0112,CA0112,SRC008,SFC_E5CA0C67969B,excluded_review,excluded_review,excluded_review,no,no,no,provisional_v4_bootstrap
CA0113,CA0113,SRC011,SFC_80F2E516B76C,excluded_review,excluded_review,excluded_review,no,no,no,provisional_v4_bootstrap
CA0114,CA0114,SRC011,SFC_3D1A32355659,excluded_review,excluded_review,excluded_review,no,no,no,provisional_v4_bootstrap
CA0115,CA0115,SRC011,SFC_CB2D9C2A1945,excluded_review,excluded_review,excluded_review,no,no,no,provisional_v4_bootstrap
CA0116,CA0116,SRC011,SFC_37C517499760,excluded_review,excluded_review,excluded_review,no,no,no,provisional_v4_bootstrap
CA0117,CA0117,SRC011,SFC_9F03DB4646F7,excluded_review,excluded_review,excluded_review,no,no,no,provisional_v4_bootstrap
CA0118,CA0118,SRC011,SFC_E8782E4956D5,excluded_review,excluded_review,excluded_review,no,no,no,provisional_v4_bootstrap
CA0119,CA0119,SRC011,SFC_D5E6A21B8B20,excluded_review,excluded_review,excluded_review,no,no,no,provisional_v4_bootstrap
CA0120,CA0120,SRC011,SFC_3A2A2BDFA9F8,excluded_review,excluded_review,excluded_review,no,no,no,provisional_v4_bootstrap
CA0121,CA0121,SRC011,SFC_D5E6A21B8B20,excluded_review,excluded_review,excluded_review,no,no,no,provisional_v4_bootstrap
CA0122,CA0122,SRC011,SFC_D5E6A21B8B20,excluded_review,excluded_review,excluded_review,no,no,no,provisional_v4_bootstrap
CA0123,CA0123,SRC011,SFC_B7019C8ED9E7,balanced_holdout,train,train,yes,no,no,provisional_v4_bootstrap
CA0124,CA0124,SRC011,SFC_9BD6477E2B8C,excluded_review,excluded_review,excluded_review,no,no,no,provisional_v4_bootstrap
CA0125,CA0125,SRC011,SFC_C87A66F3CAD4,balanced_holdout,train,train,yes,no,no,provisional_v4_bootstrap
CA0126,CA0126,SRC011,SFC_D5E6A21B8B20,balanced_holdout,train,train,yes,no,no,provisional_v4_bootstrap
CA0127,CA0127,SRC011,SFC_83F1B2FBD3D1,excluded_review,excluded_review,excluded_review,no,no,no,provisional_v4_bootstrap
CA0128,CA0128,SRC011,SFC_B82DDA1FA6EB,excluded_review,excluded_review,excluded_review,no,no,no,provisional_v4_bootstrap
CA0129,CA0129,SRC011,SFC_B20AB2F2D7BA,excluded_review,excluded_review,excluded_review,no,no,no,provisional_v4_bootstrap
CA0130,CA0130,SRC011,SFC_D5E6A21B8B20,excluded_review,excluded_review,excluded_review,no,no,no,provisional_v4_bootstrap
CA0131,CA0131,SRC011,SFC_92FF2746E615,excluded_review,excluded_review,excluded_review,no,no,no,provisional_v4_bootstrap
CA0132,CA0132,SRC011,SFC_21F55DB1DB1F,excluded_review,excluded_review,excluded_review,no,no,no,provisional_v4_bootstrap
CA0133,CA0133,SRC011,SFC_6A14591A116F,excluded_review,excluded_review,excluded_review,no,no,no,provisional_v4_bootstrap
CA0134,CA0134,SRC011,SFC_24AA4E8E6A9C,excluded_review,excluded_review,excluded_review,no,no,no,provisional_v4_bootstrap
CA0135,CA0135,SRC011,SFC_8A02B7A7BFD9,excluded_review,excluded_review,excluded_review,no,no,no,provisional_v4_bootstrap
CA0136,CA0136,SRC011,SFC_DB32F86CDC1A,excluded_review,excluded_review,excluded_review,no,no,no,provisional_v4_bootstrap
CA0137,CA0137,SRC011,SFC_BBDC727ABD48,excluded_review,excluded_review,excluded_review,no,no,no,provisional_v4_bootstrap
CA0138,CA0138,SRC011,SFC_251879E7A061,excluded_review,excluded_review,excluded_review,no,no,no,provisional_v4_bootstrap
CA0139,CA0139,SRC011,SFC_FA48F1E5F5A9,excluded_review,excluded_review,excluded_review,no,no,no,provisional_v4_bootstrap
CA0140,CA0140,SRC011,SFC_F8D6EADE4C8B,excluded_review,excluded_review,excluded_review,no,no,no,provisional_v4_bootstrap
CA0141,CA0141,SRC011,SFC_587171B3415D,excluded_review,excluded_review,excluded_review,no,no,no,provisional_v4_bootstrap
CA0142,CA0142,SRC011,SFC_035481CA46C7,excluded_review,excluded_review,excluded_review,no,no,no,provisional_v4_bootstrap
CA0143,CA0143,SRC019,SFC_158AAEDEF9ED,internal_train,train,train,yes,no,no,provisional_v4_bootstrap
CA0144,CA0144,SRC019,SFC_158AAEDEF9ED,internal_train,train,train,yes,no,no,provisional_v4_bootstrap
CA0145,CA0145,SRC019,SFC_158AAEDEF9ED,internal_val,train,train,yes,no,no,provisional_v4_bootstrap
CA0146,CA0146,SRC019,SFC_2B64446C7017,internal_train,train,train,yes,no,no,provisional_v4_bootstrap
CA0147,CA0147,SRC019,SFC_2B64446C7017,internal_train,train,train,yes,no,no,provisional_v4_bootstrap
CA0148,CA0148,SRC019,SFC_2B64446C7017,internal_train,train,train,yes,no,no,provisional_v4_bootstrap
CA0149,CA0149,SRC019,SFC_DE2A842947A3,internal_train,train,train,yes,no,no,provisional_v4_bootstrap
CA0150,CA0150,SRC019,SFC_DE2A842947A3,internal_train,train,train,yes,no,no,provisional_v4_bootstrap
CA0151,CA0151,SRC019,SFC_DE2A842947A3,internal_train,train,train,yes,no,no,provisional_v4_bootstrap
CA0152,CA0152,SRC019,SFC_F38D9A54A3DA,internal_train,train,train,yes,no,no,provisional_v4_bootstrap
CA0153,CA0153,SRC019,SFC_F38D9A54A3DA,internal_train,train,train,yes,no,no,provisional_v4_bootstrap
CA0154,CA0154,SRC019,SFC_F38D9A54A3DA,internal_train,train,train,yes,no,no,provisional_v4_bootstrap
CA0155,CA0155,SRC019,SFC_728CE2CDF422,internal_val,train,train,yes,no,no,provisional_v4_bootstrap
CA0156,CA0156,SRC019,SFC_728CE2CDF422,internal_train,train,train,yes,no,no,provisional_v4_bootstrap
CA0157,CA0157,SRC019,SFC_728CE2CDF422,internal_train,train,train,yes,no,no,provisional_v4_bootstrap
CA0158,CA0158,SRC019,SFC_18B35400A3DF,internal_train,train,train,yes,no,no,provisional_v4_bootstrap
CA0159,CA0159,SRC019,SFC_18B35400A3DF,internal_train,train,train,yes,no,no,provisional_v4_bootstrap
CA0160,CA0160,SRC019,SFC_18B35400A3DF,internal_train,train,train,yes,no,no,provisional_v4_bootstrap
CA0161,CA0161,SRC019,SFC_A2A13A70D232,internal_train,train,train,yes,no,no,provisional_v4_bootstrap
CA0162,CA0162,SRC019,SFC_A2A13A70D232,internal_train,train,train,yes,no,no,provisional_v4_bootstrap
CA0163,CA0163,SRC019,SFC_A2A13A70D232,internal_train,train,train,yes,no,no,provisional_v4_bootstrap
CA0164,CA0164,SRC019,SFC_1A0DE38C2B6C,internal_train,train,train,yes,no,no,provisional_v4_bootstrap
CA0165,CA0165,SRC019,SFC_1A0DE38C2B6C,internal_train,train,train,yes,no,no,provisional_v4_bootstrap
CA0166,CA0166,SRC019,SFC_1A0DE38C2B6C,internal_val,train,train,yes,no,no,provisional_v4_bootstrap
CA0167,CA0167,SRC019,SFC_B939DB90B487,internal_val,train,train,yes,no,no,provisional_v4_bootstrap
CA0168,CA0168,SRC019,SFC_B939DB90B487,internal_train,train,train,yes,no,no,provisional_v4_bootstrap
CA0169,CA0169,SRC019,SFC_B939DB90B487,internal_train,train,train,yes,no,no,provisional_v4_bootstrap
CA0170,CA0170,SRC019,SFC_20F9A903B6D3,internal_train,train,train,yes,no,no,provisional_v4_bootstrap
CA0171,CA0171,SRC019,SFC_20F9A903B6D3,internal_test,train,train,yes,no,no,provisional_v4_bootstrap
CA0172,CA0172,SRC019,SFC_20F9A903B6D3,internal_test,train,train,yes,no,no,provisional_v4_bootstrap
CA0173,CA0173,SRC019,SFC_B194AD3300AA,internal_train,train,train,yes,no,no,provisional_v4_bootstrap
CA0174,CA0174,SRC019,SFC_B194AD3300AA,internal_train,train,train,yes,no,no,provisional_v4_bootstrap
CA0175,CA0175,SRC019,SFC_B194AD3300AA,balanced_holdout,train,train,yes,no,no,provisional_v4_bootstrap
CA0176,CA0176,SRC019,SFC_518FE42D18EE,internal_train,train,train,yes,no,no,provisional_v4_bootstrap
CA0177,CA0177,SRC019,SFC_518FE42D18EE,internal_train,train,train,yes,no,no,provisional_v4_bootstrap
CA0178,CA0178,SRC019,SFC_518FE42D18EE,internal_train,train,train,yes,no,no,provisional_v4_bootstrap
CA0179,CA0179,SRC019,SFC_5B4B735AB969,internal_train,train,train,yes,no,no,provisional_v4_bootstrap
CA0180,CA0180,SRC019,SFC_5B4B735AB969,internal_train,train,train,yes,no,no,provisional_v4_bootstrap
CA0181,CA0181,SRC019,SFC_5B4B735AB969,internal_train,train,train,yes,no,no,provisional_v4_bootstrap
CA0182,CA0182,SRC019,SFC_C21C1D938B32,internal_train,train,train,yes,no,no,provisional_v4_bootstrap
CA0183,CA0183,SRC019,SFC_C21C1D938B32,internal_train,train,train,yes,no,no,provisional_v4_bootstrap
CA0184,CA0184,SRC019,SFC_C21C1D938B32,internal_train,train,train,yes,no,no,provisional_v4_bootstrap
CA0185,CA0185,SRC019,SFC_7CE7C443ED47,internal_train,train,train,yes,no,no,provisional_v4_bootstrap
CA0186,CA0186,SRC019,SFC_7CE7C443ED47,internal_val,train,train,yes,no,no,provisional_v4_bootstrap
CA0187,CA0187,SRC019,SFC_7CE7C443ED47,internal_val,train,train,yes,no,no,provisional_v4_bootstrap
CA0188,CA0188,SRC019,SFC_3A912BE10F78,internal_test,train,train,yes,no,no,provisional_v4_bootstrap
CA0189,CA0189,SRC019,SFC_3A912BE10F78,internal_train,train,train,yes,no,no,provisional_v4_bootstrap
CA0190,CA0190,SRC019,SFC_3A912BE10F78,internal_train,train,train,yes,no,no,provisional_v4_bootstrap
CA0191,CA0191,SRC019,SFC_A85159655264,internal_test,train,train,yes,no,no,provisional_v4_bootstrap
CA0192,CA0192,SRC019,SFC_A85159655264,internal_train,train,train,yes,no,no,provisional_v4_bootstrap
CA0193,CA0193,SRC019,SFC_A85159655264,internal_test,train,train,yes,no,no,provisional_v4_bootstrap
CA0194,CA0194,SRC019,SFC_FFB6C9027014,internal_train,train,train,yes,no,no,provisional_v4_bootstrap
CA0195,CA0195,SRC019,SFC_FFB6C9027014,internal_train,train,train,yes,no,no,provisional_v4_bootstrap
CA0196,CA0196,SRC019,SFC_FFB6C9027014,internal_train,train,train,yes,no,no,provisional_v4_bootstrap
CA0197,CA0197,SRC019,SFC_A4D0CCDC96C9,internal_test,train,train,yes,no,no,provisional_v4_bootstrap
CA0198,CA0198,SRC019,SFC_A4D0CCDC96C9,internal_val,train,train,yes,no,no,provisional_v4_bootstrap
CA0199,CA0199,SRC019,SFC_A4D0CCDC96C9,internal_train,train,train,yes,no,no,provisional_v4_bootstrap
CA0200,CA0200,SRC019,SFC_122E5AC99B75,internal_train,train,train,yes,no,no,provisional_v4_bootstrap
CA0201,CA0201,SRC019,SFC_122E5AC99B75,internal_train,train,train,yes,no,no,provisional_v4_bootstrap
CA0202,CA0202,SRC019,SFC_122E5AC99B75,internal_train,train,train,yes,no,no,provisional_v4_bootstrap
CA0203,CA0203,SRC021,SFC_AF7901E44BC5,internal_train,train,train,yes,no,no,provisional_v4_bootstrap
CA0204,CA0204,SRC021,SFC_AF7901E44BC5,internal_train,train,train,yes,no,no,provisional_v4_bootstrap
CA0205,CA0205,SRC021,SFC_AF7901E44BC5,internal_test,train,train,yes,no,no,provisional_v4_bootstrap
CA0206,CA0206,SRC021,SFC_AF7901E44BC5,balanced_holdout,train,train,yes,no,no,provisional_v4_bootstrap
CA0207,CA0207,SRC021,SFC_64CEEFE0D7DB,hard_external,train,train,yes,no,no,provisional_v4_bootstrap
CA0208,CA0208,SRC021,SFC_64CEEFE0D7DB,internal_train,train,train,yes,no,no,provisional_v4_bootstrap
CA0209,CA0209,SRC021,SFC_64CEEFE0D7DB,internal_train,train,train,yes,no,no,provisional_v4_bootstrap
CA0210,CA0210,SRC021,SFC_64CEEFE0D7DB,hard_external,train,train,yes,no,no,provisional_v4_bootstrap
CA0211,CA0211,SRC021,SFC_6A9094C843B2,internal_train,train,train,yes,no,no,provisional_v4_bootstrap
CA0212,CA0212,SRC021,SFC_6A9094C843B2,internal_train,train,train,yes,no,no,provisional_v4_bootstrap
CA0213,CA0213,SRC021,SFC_6A9094C843B2,internal_train,train,train,yes,no,no,provisional_v4_bootstrap
CA0214,CA0214,SRC021,SFC_6A9094C843B2,balanced_holdout,train,train,yes,no,no,provisional_v4_bootstrap
CA0215,CA0215,SRC021,SFC_FF57CC803397,balanced_holdout,train,train,yes,no,no,provisional_v4_bootstrap
CA0216,CA0216,SRC021,SFC_FF57CC803397,internal_train,train,train,yes,no,no,provisional_v4_bootstrap
CA0217,CA0217,SRC021,SFC_FF57CC803397,internal_val,train,train,yes,no,no,provisional_v4_bootstrap
CA0218,CA0218,SRC021,SFC_FF57CC803397,internal_train,train,train,yes,no,no,provisional_v4_bootstrap
CA0219,CA0219,SRC021,SFC_A7B1D9A554FD,internal_train,train,train,yes,no,no,provisional_v4_bootstrap
CA0220,CA0220,SRC021,SFC_A7B1D9A554FD,balanced_holdout,train,train,yes,no,no,provisional_v4_bootstrap
CA0221,CA0221,SRC021,SFC_A7B1D9A554FD,balanced_holdout,train,train,yes,no,no,provisional_v4_bootstrap
CA0222,CA0222,SRC021,SFC_A7B1D9A554FD,hard_external,train,train,yes,no,no,provisional_v4_bootstrap
CA0223,CA0223,SRC021,SFC_9E60C86BF546,hard_external,train,train,yes,no,no,provisional_v4_bootstrap
CA0224,CA0224,SRC021,SFC_9E60C86BF546,hard_external,train,train,yes,no,no,provisional_v4_bootstrap
CA0225,CA0225,SRC021,SFC_9E60C86BF546,hard_external,train,train,yes,no,no,provisional_v4_bootstrap
CA0226,CA0226,SRC021,SFC_9E60C86BF546,hard_external,train,train,yes,no,no,provisional_v4_bootstrap
CA0227,CA0227,SRC021,SFC_669705F5791A,internal_train,train,train,yes,no,no,provisional_v4_bootstrap
CA0228,CA0228,SRC021,SFC_669705F5791A,hard_external,train,train,yes,no,no,provisional_v4_bootstrap
CA0229,CA0229,SRC021,SFC_669705F5791A,balanced_holdout,train,train,yes,no,no,provisional_v4_bootstrap
CA0230,CA0230,SRC021,SFC_669705F5791A,balanced_holdout,train,train,yes,no,no,provisional_v4_bootstrap
CA0231,CA0231,SRC021,SFC_DDF6B0728CC9,internal_train,train,train,yes,no,no,provisional_v4_bootstrap
CA0232,CA0232,SRC021,SFC_DDF6B0728CC9,hard_external,train,train,yes,no,no,provisional_v4_bootstrap
CA0233,CA0233,SRC021,SFC_DDF6B0728CC9,internal_train,train,train,yes,no,no,provisional_v4_bootstrap
CA0234,CA0234,SRC021,SFC_DDF6B0728CC9,hard_external,train,train,yes,no,no,provisional_v4_bootstrap
CA0235,CA0235,SRC013,SFC_2A727AF34E6D,balanced_holdout,internal_test,internal_test,no,no,yes,provisional_v4_bootstrap
CA0236,CA0236,SRC013,SFC_2A727AF34E6D,balanced_holdout,internal_test,internal_test,no,no,yes,provisional_v4_bootstrap
CA0237,CA0237,SRC013,SFC_2A727AF34E6D,balanced_holdout,internal_test,internal_test,no,no,yes,provisional_v4_bootstrap
CA0238,CA0238,SRC013,SFC_E38FF72DBA39,balanced_holdout,internal_test,internal_test,no,no,yes,provisional_v4_bootstrap
CA0239,CA0239,SRC013,SFC_E38FF72DBA39,balanced_holdout,internal_test,internal_test,no,no,yes,provisional_v4_bootstrap
CA0240,CA0240,SRC013,SFC_E38FF72DBA39,internal_test,internal_test,internal_test,no,no,yes,provisional_v4_bootstrap
CA0241,CA0241,SRC013,SFC_39DBA098ECDC,internal_test,internal_test,internal_test,no,no,yes,provisional_v4_bootstrap
CA0242,CA0242,SRC013,SFC_39DBA098ECDC,internal_train,internal_test,internal_test,no,no,yes,provisional_v4_bootstrap
CA0243,CA0243,SRC013,SFC_39DBA098ECDC,internal_test,internal_test,internal_test,no,no,yes,provisional_v4_bootstrap
CA0244,CA0244,SRC013,SFC_417F923EF7B4,internal_train,internal_test,internal_test,no,no,yes,provisional_v4_bootstrap
CA0245,CA0245,SRC013,SFC_417F923EF7B4,internal_test,internal_test,internal_test,no,no,yes,provisional_v4_bootstrap
CA0246,CA0246,SRC013,SFC_417F923EF7B4,internal_train,internal_test,internal_test,no,no,yes,provisional_v4_bootstrap
CA0247,CA0247,SRC013,SFC_8E79B764A41F,internal_train,internal_test,internal_test,no,no,yes,provisional_v4_bootstrap
CA0248,CA0248,SRC013,SFC_8E79B764A41F,internal_test,internal_test,internal_test,no,no,yes,provisional_v4_bootstrap
CA0249,CA0249,SRC013,SFC_8E79B764A41F,internal_train,internal_test,internal_test,no,no,yes,provisional_v4_bootstrap
CA0250,CA0250,SRC013,SFC_67E6ABEA7841,internal_val,internal_test,internal_test,no,no,yes,provisional_v4_bootstrap
CA0251,CA0251,SRC013,SFC_67E6ABEA7841,internal_train,internal_test,internal_test,no,no,yes,provisional_v4_bootstrap
CA0252,CA0252,SRC013,SFC_67E6ABEA7841,internal_train,internal_test,internal_test,no,no,yes,provisional_v4_bootstrap
CA0253,CA0253,SRC011,SFC_DD1904FD1DBF,excluded_review,excluded_review,excluded_review,no,no,no,provisional_v4_bootstrap
CA0254,CA0254,SRC011,SFC_74C7FAE58BD3,excluded_review,excluded_review,excluded_review,no,no,no,provisional_v4_bootstrap
CA0255,CA0255,SRC011,SFC_BFB36F36DFF3,excluded_review,excluded_review,excluded_review,no,no,no,provisional_v4_bootstrap
CA0256,CA0256,SRC011,SFC_5909B52DF857,excluded_review,excluded_review,excluded_review,no,no,no,provisional_v4_bootstrap
CA0257,CA0257,SRC011,SFC_D48BBEC17BF3,balanced_holdout,train,train,yes,no,no,provisional_v4_bootstrap
CA0258,CA0258,SRC011,SFC_179EF7E9B650,excluded_review,excluded_review,excluded_review,no,no,no,provisional_v4_bootstrap
CA0259,CA0259,SRC011,SFC_B2AC4F8CCBF8,excluded_review,excluded_review,excluded_review,no,no,no,provisional_v4_bootstrap
CA0260,CA0260,SRC011,SFC_C13E21BB974A,excluded_review,excluded_review,excluded_review,no,no,no,provisional_v4_bootstrap
CA0261,CA0261,SRC011,SFC_27BD567B723E,excluded_review,excluded_review,excluded_review,no,no,no,provisional_v4_bootstrap
CA0262,CA0262,SRC011,SFC_B6256FFE081B,excluded_review,excluded_review,excluded_review,no,no,no,provisional_v4_bootstrap
CA0263,CA0263,SRC011,SFC_21F140E4B18D,excluded_review,excluded_review,excluded_review,no,no,no,provisional_v4_bootstrap
CA0264,CA0264,SRC011,SFC_00EE5242D2A3,excluded_review,excluded_review,excluded_review,no,no,no,provisional_v4_bootstrap
CA0265,CA0265,SRC011,SFC_3165A119B1C7,excluded_review,excluded_review,excluded_review,no,no,no,provisional_v4_bootstrap
CA0266,CA0266,SRC011,SFC_614D12C0AF73,excluded_review,excluded_review,excluded_review,no,no,no,provisional_v4_bootstrap
CA0267,CA0267,SRC015,SFC_93C87B65E929,internal_val,validation,validation,no,yes,no,provisional_v4_bootstrap
CA0268,CA0268,SRC015,SFC_93C87B65E929,internal_test,validation,validation,no,yes,no,provisional_v4_bootstrap
CA0269,CA0269,SRC015,SFC_A716853C1624,balanced_holdout,validation,validation,no,yes,no,provisional_v4_bootstrap
CA0270,CA0270,SRC015,SFC_A716853C1624,balanced_holdout,validation,validation,no,yes,no,provisional_v4_bootstrap
CA0271,CA0271,SRC015,SFC_86D8700CAF9C,internal_train,validation,validation,no,yes,no,provisional_v4_bootstrap
CA0272,CA0272,SRC015,SFC_86D8700CAF9C,internal_val,validation,validation,no,yes,no,provisional_v4_bootstrap
CA0273,CA0273,SRC015,SFC_3014F50685DA,internal_test,validation,validation,no,yes,no,provisional_v4_bootstrap
CA0274,CA0274,SRC015,SFC_3014F50685DA,internal_train,validation,validation,no,yes,no,provisional_v4_bootstrap
CA0275,CA0275,SRC015,SFC_FD37A16743B7,internal_train,validation,validation,no,yes,no,provisional_v4_bootstrap
CA0276,CA0276,SRC015,SFC_FD37A16743B7,internal_train,validation,validation,no,yes,no,provisional_v4_bootstrap
CA0277,CA0277,SRC005,SFC_1B0EE35A8601,internal_train,validation,validation,no,yes,no,provisional_v4_bootstrap
CA0278,CA0278,SRC005,SFC_1B0EE35A8601,balanced_holdout,validation,validation,no,yes,no,provisional_v4_bootstrap
CA0279,CA0279,SRC005,SFC_231FB62337B5,internal_test,validation,validation,no,yes,no,provisional_v4_bootstrap
CA0280,CA0280,SRC005,SFC_231FB62337B5,balanced_holdout,validation,validation,no,yes,no,provisional_v4_bootstrap
CA0281,CA0281,SRC005,SFC_D6B816FE09EC,internal_test,validation,validation,no,yes,no,provisional_v4_bootstrap
CA0282,CA0282,SRC005,SFC_D6B816FE09EC,balanced_holdout,validation,validation,no,yes,no,provisional_v4_bootstrap
CA0283,CA0283,SRC005,SFC_F8843DC534D0,internal_val,validation,validation,no,yes,no,provisional_v4_bootstrap
CA0284,CA0284,SRC005,SFC_F8843DC534D0,balanced_holdout,validation,validation,no,yes,no,provisional_v4_bootstrap
CA0285,CA0285,SRC006,SFC_4B9DA50F6033,internal_train,train,train,yes,no,no,provisional_v4_bootstrap
CA0286,CA0286,SRC006,SFC_4B9DA50F6033,internal_train,train,train,yes,no,no,provisional_v4_bootstrap
CA0287,CA0287,SRC022,SFC_75203B72A5AD,internal_train,internal_test,internal_test,no,no,yes,provisional_v4_bootstrap
CA0288,CA0288,SRC022,SFC_75203B72A5AD,internal_val,internal_test,internal_test,no,no,yes,provisional_v4_bootstrap
CA0289,CA0289,SRC022,SFC_39B450DAB1FB,internal_train,internal_test,internal_test,no,no,yes,provisional_v4_bootstrap
CA0290,CA0290,SRC022,SFC_39B450DAB1FB,internal_train,internal_test,internal_test,no,no,yes,provisional_v4_bootstrap
CA0291,CA0291,SRC022,SFC_588A96278F34,internal_train,internal_test,internal_test,no,no,yes,provisional_v4_bootstrap
CA0292,CA0292,SRC022,SFC_588A96278F34,internal_test,internal_test,internal_test,no,no,yes,provisional_v4_bootstrap
CA0293,CA0293,SRC022,SFC_A2BE3F1765AE,internal_train,internal_test,internal_test,no,no,yes,provisional_v4_bootstrap
CA0294,CA0294,SRC022,SFC_A2BE3F1765AE,balanced_holdout,internal_test,internal_test,no,no,yes,provisional_v4_bootstrap
CA0295,CA0295,SRC022,SFC_292FB4EA5D24,internal_val,internal_test,internal_test,no,no,yes,provisional_v4_bootstrap
CA0296,CA0296,SRC022,SFC_292FB4EA5D24,internal_test,internal_test,internal_test,no,no,yes,provisional_v4_bootstrap
CA0297,CA0297,SRC022,SFC_BD3224C101E4,internal_train,internal_test,internal_test,no,no,yes,provisional_v4_bootstrap
CA0298,CA0298,SRC022,SFC_BD3224C101E4,internal_train,internal_test,internal_test,no,no,yes,provisional_v4_bootstrap
CA0299,CA0299,SRC022,SFC_2E5EA5C6D130,internal_train,internal_test,internal_test,no,no,yes,provisional_v4_bootstrap
CA0300,CA0300,SRC022,SFC_2E5EA5C6D130,internal_train,internal_test,internal_test,no,no,yes,provisional_v4_bootstrap
CA0301,CA0301,SRC022,SFC_D4A1459EC26C,internal_val,internal_test,internal_test,no,no,yes,provisional_v4_bootstrap
CA0302,CA0302,SRC022,SFC_D4A1459EC26C,internal_train,internal_test,internal_test,no,no,yes,provisional_v4_bootstrap
CA0303,CA0303,SRC001,SFC_B8DDD579CB88,balanced_holdout,train,train,yes,no,no,provisional_v4_bootstrap
CA0304,CA0304,SRC001,SFC_B8DDD579CB88,internal_train,train,train,yes,no,no,provisional_v4_bootstrap
CA0305,CA0305,SRC001,SFC_B8DDD579CB88,internal_val,train,train,yes,no,no,provisional_v4_bootstrap
CA0306,CA0306,SRC001,SFC_B8DDD579CB88,internal_train,train,train,yes,no,no,provisional_v4_bootstrap
CA0307,CA0307,SRC001,SFC_B8DDD579CB88,internal_train,train,train,yes,no,no,provisional_v4_bootstrap
CA0308,CA0308,SRC001,SFC_F862748296EB,balanced_holdout,train,train,yes,no,no,provisional_v4_bootstrap
CA0309,CA0309,SRC001,SFC_F862748296EB,balanced_holdout,train,train,yes,no,no,provisional_v4_bootstrap
CA0310,CA0310,SRC001,SFC_F862748296EB,balanced_holdout,train,train,yes,no,no,provisional_v4_bootstrap
CA0311,CA0311,SRC001,SFC_F862748296EB,balanced_holdout,train,train,yes,no,no,provisional_v4_bootstrap
CA0312,CA0312,SRC001,SFC_F862748296EB,balanced_holdout,train,train,yes,no,no,provisional_v4_bootstrap
CA0313,CA0313,SRC001,SFC_2202AAAAD87C,balanced_holdout,train,train,yes,no,no,provisional_v4_bootstrap
CA0314,CA0314,SRC001,SFC_2202AAAAD87C,internal_val,train,train,yes,no,no,provisional_v4_bootstrap
CA0315,CA0315,SRC001,SFC_2202AAAAD87C,balanced_holdout,train,train,yes,no,no,provisional_v4_bootstrap
CA0316,CA0316,SRC001,SFC_2202AAAAD87C,balanced_holdout,train,train,yes,no,no,provisional_v4_bootstrap
CA0317,CA0317,SRC001,SFC_2202AAAAD87C,internal_test,train,train,yes,no,no,provisional_v4_bootstrap
CA0318,CA0318,SRC001,SFC_BC3ADCE03F16,internal_train,train,train,yes,no,no,provisional_v4_bootstrap
CA0319,CA0319,SRC001,SFC_BC3ADCE03F16,internal_test,train,train,yes,no,no,provisional_v4_bootstrap
CA0320,CA0320,SRC001,SFC_BC3ADCE03F16,internal_train,train,train,yes,no,no,provisional_v4_bootstrap
CA0321,CA0321,SRC001,SFC_BC3ADCE03F16,internal_train,train,train,yes,no,no,provisional_v4_bootstrap
CA0322,CA0322,SRC001,SFC_BC3ADCE03F16,internal_train,train,train,yes,no,no,provisional_v4_bootstrap
CA0323,CA0323,SRC001,SFC_4E9D8F5E0021,balanced_holdout,train,train,yes,no,no,provisional_v4_bootstrap
CA0324,CA0324,SRC001,SFC_4E9D8F5E0021,balanced_holdout,train,train,yes,no,no,provisional_v4_bootstrap
CA0325,CA0325,SRC001,SFC_4E9D8F5E0021,internal_val,train,train,yes,no,no,provisional_v4_bootstrap
CA0326,CA0326,SRC001,SFC_4E9D8F5E0021,internal_train,train,train,yes,no,no,provisional_v4_bootstrap
CA0327,CA0327,SRC001,SFC_4E9D8F5E0021,internal_train,train,train,yes,no,no,provisional_v4_bootstrap
CA0328,CA0328,SRC001,SFC_AA2B954681B3,internal_val,train,train,yes,no,no,provisional_v4_bootstrap
CA0329,CA0329,SRC001,SFC_AA2B954681B3,balanced_holdout,train,train,yes,no,no,provisional_v4_bootstrap
CA0330,CA0330,SRC001,SFC_AA2B954681B3,internal_train,train,train,yes,no,no,provisional_v4_bootstrap
CA0331,CA0331,SRC001,SFC_AA2B954681B3,internal_test,train,train,yes,no,no,provisional_v4_bootstrap
CA0332,CA0332,SRC001,SFC_AA2B954681B3,internal_test,train,train,yes,no,no,provisional_v4_bootstrap
CA0333,CA0333,SRC014,SFC_2D953D8FEA9A,internal_test,train,train,yes,no,no,provisional_v4_bootstrap
CA0334,CA0334,SRC014,SFC_2D953D8FEA9A,internal_train,train,train,yes,no,no,provisional_v4_bootstrap
CA0335,CA0335,SRC014,SFC_2D953D8FEA9A,balanced_holdout,train,train,yes,no,no,provisional_v4_bootstrap
CA0336,CA0336,SRC014,SFC_AD3F4CCED3FF,internal_train,train,train,yes,no,no,provisional_v4_bootstrap
CA0337,CA0337,SRC014,SFC_AD3F4CCED3FF,internal_train,train,train,yes,no,no,provisional_v4_bootstrap
CA0338,CA0338,SRC014,SFC_AD3F4CCED3FF,internal_train,train,train,yes,no,no,provisional_v4_bootstrap
CA0339,CA0339,SRC014,SFC_7311940ACDF8,internal_train,train,train,yes,no,no,provisional_v4_bootstrap
CA0340,CA0340,SRC014,SFC_7311940ACDF8,balanced_holdout,train,train,yes,no,no,provisional_v4_bootstrap
CA0341,CA0341,SRC014,SFC_7311940ACDF8,balanced_holdout,train,train,yes,no,no,provisional_v4_bootstrap
CA0342,CA0342,SRC014,SFC_7A3F6303565B,internal_train,train,train,yes,no,no,provisional_v4_bootstrap
CA0343,CA0343,SRC014,SFC_7A3F6303565B,internal_val,train,train,yes,no,no,provisional_v4_bootstrap
CA0344,CA0344,SRC014,SFC_7A3F6303565B,internal_val,train,train,yes,no,no,provisional_v4_bootstrap
CA0345,CA0345,SRC014,SFC_54D3CCF77E3A,internal_train,train,train,yes,no,no,provisional_v4_bootstrap
CA0346,CA0346,SRC014,SFC_54D3CCF77E3A,internal_test,train,train,yes,no,no,provisional_v4_bootstrap
CA0347,CA0347,SRC014,SFC_54D3CCF77E3A,internal_train,train,train,yes,no,no,provisional_v4_bootstrap
CA0348,CA0348,SRC014,SFC_66EE1063F64A,internal_train,train,train,yes,no,no,provisional_v4_bootstrap
CA0349,CA0349,SRC014,SFC_66EE1063F64A,internal_train,train,train,yes,no,no,provisional_v4_bootstrap
CA0350,CA0350,SRC014,SFC_66EE1063F64A,internal_train,train,train,yes,no,no,provisional_v4_bootstrap
CA0351,CA0351,SRC014,SFC_7D389175DB70,internal_train,train,train,yes,no,no,provisional_v4_bootstrap
CA0352,CA0352,SRC014,SFC_7D389175DB70,internal_train,train,train,yes,no,no,provisional_v4_bootstrap
CA0353,CA0353,SRC014,SFC_7D389175DB70,internal_train,train,train,yes,no,no,provisional_v4_bootstrap
CA0354,CA0354,SRC014,SFC_B1FAE164CF82,internal_train,train,train,yes,no,no,provisional_v4_bootstrap
CA0355,CA0355,SRC014,SFC_B1FAE164CF82,internal_test,train,train,yes,no,no,provisional_v4_bootstrap
CA0356,CA0356,SRC014,SFC_B1FAE164CF82,internal_train,train,train,yes,no,no,provisional_v4_bootstrap
CA0357,CA0357,SRC014,SFC_F13264E1CC9A,internal_val,train,train,yes,no,no,provisional_v4_bootstrap
CA0358,CA0358,SRC014,SFC_F13264E1CC9A,internal_train,train,train,yes,no,no,provisional_v4_bootstrap
CA0359,CA0359,SRC014,SFC_F13264E1CC9A,internal_train,train,train,yes,no,no,provisional_v4_bootstrap
CA0360,CA0360,SRC020,SFC_9D7026B7F20A,internal_train,validation,validation,no,yes,no,provisional_v4_bootstrap
CA0361,CA0361,SRC020,SFC_9D7026B7F20A,balanced_holdout,validation,validation,no,yes,no,provisional_v4_bootstrap
CA0362,CA0362,SRC020,SFC_9D7026B7F20A,internal_val,validation,validation,no,yes,no,provisional_v4_bootstrap
CA0363,CA0363,SRC020,SFC_3BF005A262A4,internal_val,validation,validation,no,yes,no,provisional_v4_bootstrap
CA0364,CA0364,SRC020,SFC_3BF005A262A4,internal_train,validation,validation,no,yes,no,provisional_v4_bootstrap
CA0365,CA0365,SRC020,SFC_3BF005A262A4,internal_train,validation,validation,no,yes,no,provisional_v4_bootstrap
CA0366,CA0366,SRC020,SFC_5EBD6486C99B,internal_test,validation,validation,no,yes,no,provisional_v4_bootstrap
CA0367,CA0367,SRC020,SFC_5EBD6486C99B,internal_train,validation,validation,no,yes,no,provisional_v4_bootstrap
CA0368,CA0368,SRC020,SFC_5EBD6486C99B,internal_train,validation,validation,no,yes,no,provisional_v4_bootstrap
CA0369,CA0369,SRC020,SFC_8C9D5E267A39,internal_val,validation,validation,no,yes,no,provisional_v4_bootstrap
CA0370,CA0370,SRC020,SFC_8C9D5E267A39,internal_train,validation,validation,no,yes,no,provisional_v4_bootstrap
CA0371,CA0371,SRC020,SFC_8C9D5E267A39,internal_train,validation,validation,no,yes,no,provisional_v4_bootstrap
CA0372,CA0372,SRC020,SFC_9EBDC478F1D0,balanced_holdout,validation,validation,no,yes,no,provisional_v4_bootstrap
CA0373,CA0373,SRC020,SFC_9EBDC478F1D0,balanced_holdout,validation,validation,no,yes,no,provisional_v4_bootstrap
CA0374,CA0374,SRC020,SFC_9EBDC478F1D0,balanced_holdout,validation,validation,no,yes,no,provisional_v4_bootstrap
CA0375,CA0375,SRC020,SFC_500FB1C18BA7,internal_train,validation,validation,no,yes,no,provisional_v4_bootstrap
CA0376,CA0376,SRC020,SFC_500FB1C18BA7,internal_train,validation,validation,no,yes,no,provisional_v4_bootstrap
CA0377,CA0377,SRC020,SFC_500FB1C18BA7,internal_train,validation,validation,no,yes,no,provisional_v4_bootstrap
CA0378,CA0378,SRC020,SFC_463017990582,internal_train,validation,validation,no,yes,no,provisional_v4_bootstrap
CA0379,CA0379,SRC020,SFC_463017990582,balanced_holdout,validation,validation,no,yes,no,provisional_v4_bootstrap
CA0380,CA0380,SRC020,SFC_463017990582,internal_train,validation,validation,no,yes,no,provisional_v4_bootstrap
CA0381,CA0381,SRC020,SFC_EA6FE64D72B2,internal_val,validation,validation,no,yes,no,provisional_v4_bootstrap
CA0382,CA0382,SRC020,SFC_EA6FE64D72B2,internal_val,validation,validation,no,yes,no,provisional_v4_bootstrap
CA0383,CA0383,SRC020,SFC_EA6FE64D72B2,internal_train,validation,validation,no,yes,no,provisional_v4_bootstrap
CA0384,CA0384,SRC004,SFC_1959CDFDAA85,hard_external,train,train,yes,no,no,provisional_v4_bootstrap
CA0385,CA0385,SRC004,SFC_1959CDFDAA85,hard_external,train,train,yes,no,no,provisional_v4_bootstrap
CA0386,CA0386,SRC004,SFC_1959CDFDAA85,hard_external,train,train,yes,no,no,provisional_v4_bootstrap
CA0387,CA0387,SRC004,SFC_309E17907FBA,hard_external,train,train,yes,no,no,provisional_v4_bootstrap
CA0388,CA0388,SRC004,SFC_309E17907FBA,hard_external,train,train,yes,no,no,provisional_v4_bootstrap
CA0389,CA0389,SRC004,SFC_309E17907FBA,hard_external,train,train,yes,no,no,provisional_v4_bootstrap
CA0390,CA0390,SRC004,SFC_3658FB055001,hard_external,train,train,yes,no,no,provisional_v4_bootstrap
CA0391,CA0391,SRC004,SFC_3658FB055001,hard_external,train,train,yes,no,no,provisional_v4_bootstrap
CA0392,CA0392,SRC004,SFC_3658FB055001,hard_external,train,train,yes,no,no,provisional_v4_bootstrap
CA0393,CA0393,SRC004,SFC_AE86A39F2CBE,hard_external,train,train,yes,no,no,provisional_v4_bootstrap
CA0394,CA0394,SRC004,SFC_AE86A39F2CBE,hard_external,train,train,yes,no,no,provisional_v4_bootstrap
CA0395,CA0395,SRC004,SFC_AE86A39F2CBE,hard_external,train,train,yes,no,no,provisional_v4_bootstrap
CA0396,CA0396,SRC004,SFC_1A55A8F9BE53,hard_external,train,train,yes,no,no,provisional_v4_bootstrap
CA0397,CA0397,SRC004,SFC_1A55A8F9BE53,hard_external,train,train,yes,no,no,provisional_v4_bootstrap
CA0398,CA0398,SRC004,SFC_1A55A8F9BE53,hard_external,train,train,yes,no,no,provisional_v4_bootstrap
CA0399,CA0399,SRC004,SFC_E53F0A6F08A0,hard_external,train,train,yes,no,no,provisional_v4_bootstrap
CA0400,CA0400,SRC004,SFC_E53F0A6F08A0,hard_external,train,train,yes,no,no,provisional_v4_bootstrap
CA0401,CA0401,SRC004,SFC_E53F0A6F08A0,hard_external,train,train,yes,no,no,provisional_v4_bootstrap
CA0402,CA0402,SRC004,SFC_2A9E0C34389A,hard_external,train,train,yes,no,no,provisional_v4_bootstrap
CA0403,CA0403,SRC004,SFC_2A9E0C34389A,hard_external,train,train,yes,no,no,provisional_v4_bootstrap
CA0404,CA0404,SRC004,SFC_2A9E0C34389A,hard_external,train,train,yes,no,no,provisional_v4_bootstrap
CA0405,CA0405,SRC004,SFC_4CE305FCECB9,hard_external,train,train,yes,no,no,provisional_v4_bootstrap
CA0406,CA0406,SRC004,SFC_4CE305FCECB9,hard_external,train,train,yes,no,no,provisional_v4_bootstrap
CA0407,CA0407,SRC004,SFC_4CE305FCECB9,hard_external,train,train,yes,no,no,provisional_v4_bootstrap
CA0408,CA0408,SRC004,SFC_B4F56FFE60FB,hard_external,train,train,yes,no,no,provisional_v4_bootstrap
CA0409,CA0409,SRC004,SFC_B4F56FFE60FB,hard_external,train,train,yes,no,no,provisional_v4_bootstrap
CA0410,CA0410,SRC004,SFC_B4F56FFE60FB,hard_external,train,train,yes,no,no,provisional_v4_bootstrap
CA0411,CA0411,SRC004,SFC_572551235161,hard_external,train,train,yes,no,no,provisional_v4_bootstrap
CA0412,CA0412,SRC004,SFC_572551235161,hard_external,train,train,yes,no,no,provisional_v4_bootstrap
CA0413,CA0413,SRC004,SFC_572551235161,hard_external,train,train,yes,no,no,provisional_v4_bootstrap
CA0414,CA0414,SRC004,SFC_7E0BA3D04E9B,hard_external,train,train,yes,no,no,provisional_v4_bootstrap
CA0415,CA0415,SRC004,SFC_7E0BA3D04E9B,hard_external,train,train,yes,no,no,provisional_v4_bootstrap
CA0416,CA0416,SRC004,SFC_7E0BA3D04E9B,hard_external,train,train,yes,no,no,provisional_v4_bootstrap
CA0417,CA0417,SRC004,SFC_AE01D8CAA284,hard_external,train,train,yes,no,no,provisional_v4_bootstrap
CA0418,CA0418,SRC004,SFC_AE01D8CAA284,hard_external,train,train,yes,no,no,provisional_v4_bootstrap
CA0419,CA0419,SRC004,SFC_AE01D8CAA284,hard_external,train,train,yes,no,no,provisional_v4_bootstrap
CA0420,CA0420,SRC004,SFC_2E8A7F435ADF,hard_external,train,train,yes,no,no,provisional_v4_bootstrap
CA0421,CA0421,SRC004,SFC_2E8A7F435ADF,hard_external,train,train,yes,no,no,provisional_v4_bootstrap
CA0422,CA0422,SRC004,SFC_2E8A7F435ADF,hard_external,train,train,yes,no,no,provisional_v4_bootstrap
CA0423,CA0423,SRC004,SFC_9E9E03484254,hard_external,train,train,yes,no,no,provisional_v4_bootstrap
CA0424,CA0424,SRC004,SFC_9E9E03484254,hard_external,train,train,yes,no,no,provisional_v4_bootstrap
CA0425,CA0425,SRC004,SFC_9E9E03484254,hard_external,train,train,yes,no,no,provisional_v4_bootstrap
CA0426,CA0426,SRC004,SFC_977322D0A384,hard_external,train,train,yes,no,no,provisional_v4_bootstrap
CA0427,CA0427,SRC004,SFC_977322D0A384,hard_external,train,train,yes,no,no,provisional_v4_bootstrap
CA0428,CA0428,SRC004,SFC_977322D0A384,hard_external,train,train,yes,no,no,provisional_v4_bootstrap
CA0429,CA0429,SRC016,SFC_D23857573968,internal_test,train,train,yes,no,no,provisional_v4_bootstrap
CA0430,CA0430,SRC016,SFC_D23857573968,internal_train,train,train,yes,no,no,provisional_v4_bootstrap
CA0431,CA0431,SRC016,SFC_D23857573968,internal_val,train,train,yes,no,no,provisional_v4_bootstrap
CA0432,CA0432,SRC016,SFC_CDEB89D989AC,balanced_holdout,train,train,yes,no,no,provisional_v4_bootstrap
CA0433,CA0433,SRC016,SFC_CDEB89D989AC,balanced_holdout,train,train,yes,no,no,provisional_v4_bootstrap
CA0434,CA0434,SRC016,SFC_CDEB89D989AC,balanced_holdout,train,train,yes,no,no,provisional_v4_bootstrap
CA0435,CA0435,SRC016,SFC_6A9ED69E4397,internal_val,train,train,yes,no,no,provisional_v4_bootstrap
CA0436,CA0436,SRC016,SFC_6A9ED69E4397,internal_train,train,train,yes,no,no,provisional_v4_bootstrap
CA0437,CA0437,SRC016,SFC_6A9ED69E4397,internal_val,train,train,yes,no,no,provisional_v4_bootstrap
CA0438,CA0438,SRC016,SFC_5A7AACDD77C7,internal_test,train,train,yes,no,no,provisional_v4_bootstrap
CA0439,CA0439,SRC016,SFC_5A7AACDD77C7,balanced_holdout,train,train,yes,no,no,provisional_v4_bootstrap
CA0440,CA0440,SRC016,SFC_5A7AACDD77C7,balanced_holdout,train,train,yes,no,no,provisional_v4_bootstrap
CA0441,CA0441,SRC016,SFC_66D5DCF7DD85,internal_train,train,train,yes,no,no,provisional_v4_bootstrap
CA0442,CA0442,SRC016,SFC_66D5DCF7DD85,internal_train,train,train,yes,no,no,provisional_v4_bootstrap
CA0443,CA0443,SRC016,SFC_66D5DCF7DD85,internal_train,train,train,yes,no,no,provisional_v4_bootstrap
CA0444,CA0444,SRC016,SFC_FC48A7AD25F0,internal_test,train,train,yes,no,no,provisional_v4_bootstrap
CA0445,CA0445,SRC016,SFC_FC48A7AD25F0,internal_train,train,train,yes,no,no,provisional_v4_bootstrap
CA0446,CA0446,SRC016,SFC_FC48A7AD25F0,internal_train,train,train,yes,no,no,provisional_v4_bootstrap
CA0447,CA0447,SRC017,SFC_AFFB3785B9F0,hard_external,internal_test,internal_test,no,no,yes,provisional_v4_bootstrap
CA0448,CA0448,SRC017,SFC_AFFB3785B9F0,hard_external,internal_test,internal_test,no,no,yes,provisional_v4_bootstrap
CA0449,CA0449,SRC017,SFC_AFFB3785B9F0,hard_external,internal_test,internal_test,no,no,yes,provisional_v4_bootstrap
CA0450,CA0450,SRC017,SFC_AFFB3785B9F0,hard_external,internal_test,internal_test,no,no,yes,provisional_v4_bootstrap
CA0451,CA0451,SRC017,SFC_AFFB3785B9F0,hard_external,internal_test,internal_test,no,no,yes,provisional_v4_bootstrap
CA0452,CA0452,SRC017,SFC_AFFB3785B9F0,hard_external,internal_test,internal_test,no,no,yes,provisional_v4_bootstrap
CA0453,CA0453,SRC017,SFC_AFFB3785B9F0,hard_external,internal_test,internal_test,no,no,yes,provisional_v4_bootstrap
CA0454,CA0454,SRC017,SFC_AFFB3785B9F0,hard_external,internal_test,internal_test,no,no,yes,provisional_v4_bootstrap
CA0455,CA0455,SRC018,SFC_8D989D0E7E7F,hard_external,internal_test,internal_test,no,no,yes,provisional_v4_bootstrap
CA0456,CA0456,SRC018,SFC_8D989D0E7E7F,hard_external,internal_test,internal_test,no,no,yes,provisional_v4_bootstrap
CA0457,CA0457,SRC018,SFC_8D989D0E7E7F,hard_external,internal_test,internal_test,no,no,yes,provisional_v4_bootstrap
CA0458,CA0458,SRC018,SFC_8D989D0E7E7F,hard_external,internal_test,internal_test,no,no,yes,provisional_v4_bootstrap
CA0459,CA0459,SRC012,SFC_9BFFAF330A15,hard_external,internal_test,internal_test,no,no,yes,provisional_v4_bootstrap
CA0460,CA0460,SRC012,SFC_9BFFAF330A15,hard_external,internal_test,internal_test,no,no,yes,provisional_v4_bootstrap
CA0461,CA0461,SRC012,SFC_9BFFAF330A15,hard_external,internal_test,internal_test,no,no,yes,provisional_v4_bootstrap
CA0462,CA0462,SRC012,SFC_9BFFAF330A15,hard_external,internal_test,internal_test,no,no,yes,provisional_v4_bootstrap
CA0463,CA0463,SRC002,SFC_5523B41BFD8F,hard_external,validation,validation,no,yes,no,provisional_v4_bootstrap
CA0464,CA0464,SRC002,SFC_5523B41BFD8F,hard_external,validation,validation,no,yes,no,provisional_v4_bootstrap
CA0465,CA0465,SRC002,SFC_5523B41BFD8F,hard_external,validation,validation,no,yes,no,provisional_v4_bootstrap
CA0466,CA0466,SRC002,SFC_5523B41BFD8F,hard_external,validation,validation,no,yes,no,provisional_v4_bootstrap
CA0467,CA0467,SRC003,SFC_6DD3FB38C4D9,internal_train,internal_test,internal_test,no,no,yes,provisional_v4_bootstrap
CA0468,CA0468,SRC003,SFC_6DD3FB38C4D9,internal_train,internal_test,internal_test,no,no,yes,provisional_v4_bootstrap
CA0469,CA0469,SDX004,SFC_D97F8E5A47C3,source_disjoint_external,legacy_external,legacy_external,no,no,yes,provisional_v4_bootstrap
CA0470,CA0470,SDX004,SFC_D97F8E5A47C3,source_disjoint_external,legacy_external,legacy_external,no,no,yes,provisional_v4_bootstrap
CA0471,CA0471,SDX004,SFC_D97F8E5A47C3,source_disjoint_external,legacy_external,legacy_external,no,no,yes,provisional_v4_bootstrap
CA0472,CA0472,SDX004,SFC_D3AB5237A040,source_disjoint_external,legacy_external,legacy_external,no,no,yes,provisional_v4_bootstrap
CA0473,CA0473,SDX004,SFC_D3AB5237A040,source_disjoint_external,legacy_external,legacy_external,no,no,yes,provisional_v4_bootstrap
CA0474,CA0474,SDX004,SFC_D3AB5237A040,source_disjoint_external,legacy_external,legacy_external,no,no,yes,provisional_v4_bootstrap
CA0475,CA0475,SDX004,SFC_37A719049846,source_disjoint_external,legacy_external,legacy_external,no,no,yes,provisional_v4_bootstrap
CA0476,CA0476,SDX004,SFC_37A719049846,source_disjoint_external,legacy_external,legacy_external,no,no,yes,provisional_v4_bootstrap
CA0477,CA0477,SDX004,SFC_37A719049846,source_disjoint_external,legacy_external,legacy_external,no,no,yes,provisional_v4_bootstrap
CA0478,CA0478,SDX004,SFC_37DC2984D4A3,source_disjoint_external,legacy_external,legacy_external,no,no,yes,provisional_v4_bootstrap
CA0479,CA0479,SDX004,SFC_37DC2984D4A3,source_disjoint_external,legacy_external,legacy_external,no,no,yes,provisional_v4_bootstrap
CA0480,CA0480,SDX004,SFC_37DC2984D4A3,source_disjoint_external,legacy_external,legacy_external,no,no,yes,provisional_v4_bootstrap
CA0481,CA0481,SDX004,SFC_F4538DDCF09A,source_disjoint_external,legacy_external,legacy_external,no,no,yes,provisional_v4_bootstrap
CA0482,CA0482,SDX004,SFC_F4538DDCF09A,source_disjoint_external,legacy_external,legacy_external,no,no,yes,provisional_v4_bootstrap
CA0483,CA0483,SDX004,SFC_F4538DDCF09A,source_disjoint_external,legacy_external,legacy_external,no,no,yes,provisional_v4_bootstrap
CA0484,CA0484,SDX004,SFC_4B8196140353,source_disjoint_external,legacy_external,legacy_external,no,no,yes,provisional_v4_bootstrap
CA0485,CA0485,SDX004,SFC_4B8196140353,source_disjoint_external,legacy_external,legacy_external,no,no,yes,provisional_v4_bootstrap
CA0486,CA0486,SDX004,SFC_4B8196140353,source_disjoint_external,legacy_external,legacy_external,no,no,yes,provisional_v4_bootstrap
CA0487,CA0487,SDX004,SFC_7287C875CEAD,source_disjoint_external,legacy_external,legacy_external,no,no,yes,provisional_v4_bootstrap
CA0488,CA0488,SDX004,SFC_7287C875CEAD,source_disjoint_external,legacy_external,legacy_external,no,no,yes,provisional_v4_bootstrap
CA0489,CA0489,SDX004,SFC_7287C875CEAD,source_disjoint_external,legacy_external,legacy_external,no,no,yes,provisional_v4_bootstrap
CA0490,CA0490,SDX004,SFC_72042D49E582,source_disjoint_external,legacy_external,legacy_external,no,no,yes,provisional_v4_bootstrap
CA0491,CA0491,SDX004,SFC_72042D49E582,source_disjoint_external,legacy_external,legacy_external,no,no,yes,provisional_v4_bootstrap
CA0492,CA0492,SDX004,SFC_72042D49E582,source_disjoint_external,legacy_external,legacy_external,no,no,yes,provisional_v4_bootstrap
CA0493,CA0493,SDX004,SFC_8510C10E7F44,source_disjoint_external,legacy_external,legacy_external,no,no,yes,provisional_v4_bootstrap
CA0494,CA0494,SDX004,SFC_8510C10E7F44,source_disjoint_external,legacy_external,legacy_external,no,no,yes,provisional_v4_bootstrap
CA0495,CA0495,SDX004,SFC_8510C10E7F44,source_disjoint_external,legacy_external,legacy_external,no,no,yes,provisional_v4_bootstrap
CA0496,CA0496,SDX004,SFC_3FA2C1A21D11,source_disjoint_external,legacy_external,legacy_external,no,no,yes,provisional_v4_bootstrap
CA0497,CA0497,SDX004,SFC_3FA2C1A21D11,source_disjoint_external,legacy_external,legacy_external,no,no,yes,provisional_v4_bootstrap
CA0498,CA0498,SDX004,SFC_3FA2C1A21D11,source_disjoint_external,legacy_external,legacy_external,no,no,yes,provisional_v4_bootstrap
CA0499,CA0499,SDX004,SFC_1D3B0F1839B5,source_disjoint_external,legacy_external,legacy_external,no,no,yes,provisional_v4_bootstrap
CA0500,CA0500,SDX004,SFC_1D3B0F1839B5,source_disjoint_external,legacy_external,legacy_external,no,no,yes,provisional_v4_bootstrap
CA0501,CA0501,SDX004,SFC_1D3B0F1839B5,source_disjoint_external,legacy_external,legacy_external,no,no,yes,provisional_v4_bootstrap
CA0502,CA0502,SDX004,SFC_D17DAFC2AFDE,source_disjoint_external,legacy_external,legacy_external,no,no,yes,provisional_v4_bootstrap
CA0503,CA0503,SDX004,SFC_D17DAFC2AFDE,source_disjoint_external,legacy_external,legacy_external,no,no,yes,provisional_v4_bootstrap
CA0504,CA0504,SDX004,SFC_D17DAFC2AFDE,source_disjoint_external,legacy_external,legacy_external,no,no,yes,provisional_v4_bootstrap
CA0505,CA0505,SDX004,SFC_65564B0B1510,source_disjoint_external,legacy_external,legacy_external,no,no,yes,provisional_v4_bootstrap
CA0506,CA0506,SDX004,SFC_65564B0B1510,source_disjoint_external,legacy_external,legacy_external,no,no,yes,provisional_v4_bootstrap
CA0507,CA0507,SDX004,SFC_65564B0B1510,source_disjoint_external,legacy_external,legacy_external,no,no,yes,provisional_v4_bootstrap
CA0508,CA0508,SDX004,SFC_FD7BF6ACBE27,source_disjoint_external,legacy_external,legacy_external,no,no,yes,provisional_v4_bootstrap
CA0509,CA0509,SDX004,SFC_FD7BF6ACBE27,source_disjoint_external,legacy_external,legacy_external,no,no,yes,provisional_v4_bootstrap
CA0510,CA0510,SDX004,SFC_FD7BF6ACBE27,source_disjoint_external,legacy_external,legacy_external,no,no,yes,provisional_v4_bootstrap
CA0511,CA0511,SDX004,SFC_3A3E77A94794,source_disjoint_external,legacy_external,legacy_external,no,no,yes,provisional_v4_bootstrap
CA0512,CA0512,SDX004,SFC_3A3E77A94794,source_disjoint_external,legacy_external,legacy_external,no,no,yes,provisional_v4_bootstrap
CA0513,CA0513,SDX004,SFC_3A3E77A94794,source_disjoint_external,legacy_external,legacy_external,no,no,yes,provisional_v4_bootstrap
CA0514,CA0514,SDX004,SFC_78D1FEDEA019,source_disjoint_external,legacy_external,legacy_external,no,no,yes,provisional_v4_bootstrap
CA0515,CA0515,SDX004,SFC_78D1FEDEA019,source_disjoint_external,legacy_external,legacy_external,no,no,yes,provisional_v4_bootstrap
CA0516,CA0516,SDX004,SFC_78D1FEDEA019,source_disjoint_external,legacy_external,legacy_external,no,no,yes,provisional_v4_bootstrap
CA0517,CA0517,SDX005,SFC_755688E8B50B,source_disjoint_external,legacy_external,legacy_external,no,no,yes,provisional_v4_bootstrap
CA0518,CA0518,SDX005,SFC_755688E8B50B,source_disjoint_external,legacy_external,legacy_external,no,no,yes,provisional_v4_bootstrap
CA0519,CA0519,SDX005,SFC_755688E8B50B,source_disjoint_external,legacy_external,legacy_external,no,no,yes,provisional_v4_bootstrap
CA0520,CA0520,SDX005,SFC_590E8318F5D5,source_disjoint_external,legacy_external,legacy_external,no,no,yes,provisional_v4_bootstrap
CA0521,CA0521,SDX005,SFC_590E8318F5D5,source_disjoint_external,legacy_external,legacy_external,no,no,yes,provisional_v4_bootstrap
CA0522,CA0522,SDX005,SFC_590E8318F5D5,source_disjoint_external,legacy_external,legacy_external,no,no,yes,provisional_v4_bootstrap
CA0523,CA0523,SDX005,SFC_42A21ABE09F9,source_disjoint_external,legacy_external,legacy_external,no,no,yes,provisional_v4_bootstrap
CA0524,CA0524,SDX005,SFC_42A21ABE09F9,source_disjoint_external,legacy_external,legacy_external,no,no,yes,provisional_v4_bootstrap
CA0525,CA0525,SDX005,SFC_42A21ABE09F9,source_disjoint_external,legacy_external,legacy_external,no,no,yes,provisional_v4_bootstrap
CA0526,CA0526,SDX005,SFC_9B7B7B694E91,source_disjoint_external,legacy_external,legacy_external,no,no,yes,provisional_v4_bootstrap
CA0527,CA0527,SDX005,SFC_9B7B7B694E91,source_disjoint_external,legacy_external,legacy_external,no,no,yes,provisional_v4_bootstrap
CA0528,CA0528,SDX005,SFC_9B7B7B694E91,source_disjoint_external,legacy_external,legacy_external,no,no,yes,provisional_v4_bootstrap
CA0529,CA0529,SDX006,SFC_55DDAE9FF4E5,source_disjoint_external,legacy_external,legacy_external,no,no,yes,provisional_v4_bootstrap
CA0530,CA0530,SDX006,SFC_55DDAE9FF4E5,source_disjoint_external,legacy_external,legacy_external,no,no,yes,provisional_v4_bootstrap
CA0531,CA0531,SDX006,SFC_8810EE8758ED,source_disjoint_external,legacy_external,legacy_external,no,no,yes,provisional_v4_bootstrap
CA0532,CA0532,SDX006,SFC_8810EE8758ED,source_disjoint_external,legacy_external,legacy_external,no,no,yes,provisional_v4_bootstrap
CA0533,CA0533,SDX006,SFC_15EC92D72DA3,source_disjoint_external,legacy_external,legacy_external,no,no,yes,provisional_v4_bootstrap
CA0534,CA0534,SDX006,SFC_15EC92D72DA3,source_disjoint_external,legacy_external,legacy_external,no,no,yes,provisional_v4_bootstrap
CA0535,CA0535,SDX006,SFC_7ABDB4BDAFA3,source_disjoint_external,legacy_external,legacy_external,no,no,yes,provisional_v4_bootstrap
CA0536,CA0536,SDX006,SFC_7ABDB4BDAFA3,source_disjoint_external,legacy_external,legacy_external,no,no,yes,provisional_v4_bootstrap
CA0537,CA0537,SDX006,SFC_86D193058DBE,source_disjoint_external,legacy_external,legacy_external,no,no,yes,provisional_v4_bootstrap
CA0538,CA0538,SDX006,SFC_86D193058DBE,source_disjoint_external,legacy_external,legacy_external,no,no,yes,provisional_v4_bootstrap
CA0539,CA0539,SDX006,SFC_C578D204BBE3,source_disjoint_external,legacy_external,legacy_external,no,no,yes,provisional_v4_bootstrap
CA0540,CA0540,SDX006,SFC_C578D204BBE3,source_disjoint_external,legacy_external,legacy_external,no,no,yes,provisional_v4_bootstrap
CA0541,CA0541,SDX006,SFC_AEDDDB49C107,source_disjoint_external,legacy_external,legacy_external,no,no,yes,provisional_v4_bootstrap
CA0542,CA0542,SDX006,SFC_AEDDDB49C107,source_disjoint_external,legacy_external,legacy_external,no,no,yes,provisional_v4_bootstrap
CA0543,CA0543,SDX006,SFC_12E012885148,source_disjoint_external,legacy_external,legacy_external,no,no,yes,provisional_v4_bootstrap
CA0544,CA0544,SDX006,SFC_12E012885148,source_disjoint_external,legacy_external,legacy_external,no,no,yes,provisional_v4_bootstrap
CA0545,CA0545,SDX001,SFC_159FF1E1E160,source_disjoint_external,legacy_external,legacy_external,no,no,yes,provisional_v4_bootstrap
CA0546,CA0546,SDX001,SFC_159FF1E1E160,source_disjoint_external,legacy_external,legacy_external,no,no,yes,provisional_v4_bootstrap
CA0547,CA0547,SDX001,SFC_91A5214A0C27,source_disjoint_external,legacy_external,legacy_external,no,no,yes,provisional_v4_bootstrap
CA0548,CA0548,SDX001,SFC_91A5214A0C27,source_disjoint_external,legacy_external,legacy_external,no,no,yes,provisional_v4_bootstrap
CA0549,CA0549,SDX001,SFC_3C4F304244DF,source_disjoint_external,legacy_external,legacy_external,no,no,yes,provisional_v4_bootstrap
CA0550,CA0550,SDX001,SFC_3C4F304244DF,source_disjoint_external,legacy_external,legacy_external,no,no,yes,provisional_v4_bootstrap
CA0551,CA0551,SDX001,SFC_95A0FAE91CD0,source_disjoint_external,legacy_external,legacy_external,no,no,yes,provisional_v4_bootstrap
CA0552,CA0552,SDX001,SFC_95A0FAE91CD0,source_disjoint_external,legacy_external,legacy_external,no,no,yes,provisional_v4_bootstrap
CA0553,CA0553,SDX001,SFC_38EFEBA36525,source_disjoint_external,legacy_external,legacy_external,no,no,yes,provisional_v4_bootstrap
CA0554,CA0554,SDX001,SFC_38EFEBA36525,source_disjoint_external,legacy_external,legacy_external,no,no,yes,provisional_v4_bootstrap
CA0555,CA0555,SDX009,SFC_90843D24007D,source_disjoint_external,legacy_external,legacy_external,no,no,yes,provisional_v4_bootstrap
CA0556,CA0556,SDX009,SFC_90843D24007D,source_disjoint_external,legacy_external,legacy_external,no,no,yes,provisional_v4_bootstrap
CA0557,CA0557,SDX009,SFC_962FBAB11443,source_disjoint_external,legacy_external,legacy_external,no,no,yes,provisional_v4_bootstrap
CA0558,CA0558,SDX009,SFC_962FBAB11443,source_disjoint_external,legacy_external,legacy_external,no,no,yes,provisional_v4_bootstrap
CA0559,CA0559,SDX009,SFC_4A58BED65751,source_disjoint_external,legacy_external,legacy_external,no,no,yes,provisional_v4_bootstrap
CA0560,CA0560,SDX009,SFC_4A58BED65751,source_disjoint_external,legacy_external,legacy_external,no,no,yes,provisional_v4_bootstrap
CA0561,CA0561,SDX009,SFC_FE7D2709B140,source_disjoint_external,legacy_external,legacy_external,no,no,yes,provisional_v4_bootstrap
CA0562,CA0562,SDX009,SFC_FE7D2709B140,source_disjoint_external,legacy_external,legacy_external,no,no,yes,provisional_v4_bootstrap
CA0563,CA0563,SDX008,SFC_40DC495414A4,source_disjoint_external,legacy_external,legacy_external,no,no,yes,provisional_v4_bootstrap
CA0564,CA0564,SDX008,SFC_40DC495414A4,source_disjoint_external,legacy_external,legacy_external,no,no,yes,provisional_v4_bootstrap
CA0565,CA0565,SDX008,SFC_40DC495414A4,source_disjoint_external,legacy_external,legacy_external,no,no,yes,provisional_v4_bootstrap
CA0566,CA0566,SDX008,SFC_21ABD9D32070,source_disjoint_external,legacy_external,legacy_external,no,no,yes,provisional_v4_bootstrap
CA0567,CA0567,SDX008,SFC_21ABD9D32070,source_disjoint_external,legacy_external,legacy_external,no,no,yes,provisional_v4_bootstrap
CA0568,CA0568,SDX008,SFC_21ABD9D32070,source_disjoint_external,legacy_external,legacy_external,no,no,yes,provisional_v4_bootstrap
CA0569,CA0569,SDX008,SFC_086288EDF921,source_disjoint_external,legacy_external,legacy_external,no,no,yes,provisional_v4_bootstrap
CA0570,CA0570,SDX008,SFC_086288EDF921,source_disjoint_external,legacy_external,legacy_external,no,no,yes,provisional_v4_bootstrap
CA0571,CA0571,SDX008,SFC_086288EDF921,source_disjoint_external,legacy_external,legacy_external,no,no,yes,provisional_v4_bootstrap
CA0572,CA0572,SDX008,SFC_1B7A5069B364,source_disjoint_external,legacy_external,legacy_external,no,no,yes,provisional_v4_bootstrap
CA0573,CA0573,SDX008,SFC_1B7A5069B364,source_disjoint_external,legacy_external,legacy_external,no,no,yes,provisional_v4_bootstrap
CA0574,CA0574,SDX008,SFC_1B7A5069B364,source_disjoint_external,legacy_external,legacy_external,no,no,yes,provisional_v4_bootstrap
CA0575,CA0575,SDX003,SFC_775871D74DA8,source_disjoint_external,legacy_external,legacy_external,no,no,yes,provisional_v4_bootstrap
CA0576,CA0576,SDX003,SFC_775871D74DA8,source_disjoint_external,legacy_external,legacy_external,no,no,yes,provisional_v4_bootstrap
CA0577,CA0577,SDX003,SFC_775871D74DA8,source_disjoint_external,legacy_external,legacy_external,no,no,yes,provisional_v4_bootstrap
CA0578,CA0578,SDX003,SFC_C6A0892F143E,source_disjoint_external,legacy_external,legacy_external,no,no,yes,provisional_v4_bootstrap
CA0579,CA0579,SDX003,SFC_C6A0892F143E,source_disjoint_external,legacy_external,legacy_external,no,no,yes,provisional_v4_bootstrap
CA0580,CA0580,SDX003,SFC_C6A0892F143E,source_disjoint_external,legacy_external,legacy_external,no,no,yes,provisional_v4_bootstrap
CA0581,CA0581,SDX002,SFC_740023729038,source_disjoint_external,legacy_external,legacy_external,no,no,yes,provisional_v4_bootstrap
CA0582,CA0582,SDX002,SFC_740023729038,source_disjoint_external,legacy_external,legacy_external,no,no,yes,provisional_v4_bootstrap
CA0583,CA0583,SDX002,SFC_740023729038,source_disjoint_external,legacy_external,legacy_external,no,no,yes,provisional_v4_bootstrap
CA0584,CA0584,SDX002,SFC_0DD31A36BF54,source_disjoint_external,legacy_external,legacy_external,no,no,yes,provisional_v4_bootstrap
CA0585,CA0585,SDX002,SFC_0DD31A36BF54,source_disjoint_external,legacy_external,legacy_external,no,no,yes,provisional_v4_bootstrap
CA0586,CA0586,SDX002,SFC_0DD31A36BF54,source_disjoint_external,legacy_external,legacy_external,no,no,yes,provisional_v4_bootstrap
CA0587,CA0587,SDX010,SFC_B0B8AD6AD8FD,source_disjoint_external,legacy_external,legacy_external,no,no,yes,provisional_v4_bootstrap
CA0588,CA0588,SDX010,SFC_B0B8AD6AD8FD,source_disjoint_external,legacy_external,legacy_external,no,no,yes,provisional_v4_bootstrap
CA0589,CA0589,SDX010,SFC_B0B8AD6AD8FD,source_disjoint_external,legacy_external,legacy_external,no,no,yes,provisional_v4_bootstrap
CA0590,CA0590,SDX010,SFC_E7FC3D2DD101,source_disjoint_external,legacy_external,legacy_external,no,no,yes,provisional_v4_bootstrap
CA0591,CA0591,SDX010,SFC_E7FC3D2DD101,source_disjoint_external,legacy_external,legacy_external,no,no,yes,provisional_v4_bootstrap
CA0592,CA0592,SDX010,SFC_E7FC3D2DD101,source_disjoint_external,legacy_external,legacy_external,no,no,yes,provisional_v4_bootstrap
CA0593,CA0593,SDX010,SFC_F8664D03003D,source_disjoint_external,legacy_external,legacy_external,no,no,yes,provisional_v4_bootstrap
CA0594,CA0594,SDX010,SFC_F8664D03003D,source_disjoint_external,legacy_external,legacy_external,no,no,yes,provisional_v4_bootstrap
CA0595,CA0595,SDX010,SFC_F8664D03003D,source_disjoint_external,legacy_external,legacy_external,no,no,yes,provisional_v4_bootstrap
CA0596,CA0596,SDX010,SFC_57C35DC0B570,source_disjoint_external,legacy_external,legacy_external,no,no,yes,provisional_v4_bootstrap
CA0597,CA0597,SDX010,SFC_57C35DC0B570,source_disjoint_external,legacy_external,legacy_external,no,no,yes,provisional_v4_bootstrap
CA0598,CA0598,SDX010,SFC_57C35DC0B570,source_disjoint_external,legacy_external,legacy_external,no,no,yes,provisional_v4_bootstrap
CA0599,CA0599,SDX010,SFC_AD93A15A2199,source_disjoint_external,legacy_external,legacy_external,no,no,yes,provisional_v4_bootstrap
CA0600,CA0600,SDX010,SFC_AD93A15A2199,source_disjoint_external,legacy_external,legacy_external,no,no,yes,provisional_v4_bootstrap
CA0601,CA0601,SDX010,SFC_AD93A15A2199,source_disjoint_external,legacy_external,legacy_external,no,no,yes,provisional_v4_bootstrap
CA0602,CA0602,SDX010,SFC_B9F3779B4230,source_disjoint_external,legacy_external,legacy_external,no,no,yes,provisional_v4_bootstrap
CA0603,CA0603,SDX010,SFC_B9F3779B4230,source_disjoint_external,legacy_external,legacy_external,no,no,yes,provisional_v4_bootstrap
CA0604,CA0604,SDX010,SFC_B9F3779B4230,source_disjoint_external,legacy_external,legacy_external,no,no,yes,provisional_v4_bootstrap
CA0605,CA0605,SDX010,SFC_02B9E44B3DAE,source_disjoint_external,legacy_external,legacy_external,no,no,yes,provisional_v4_bootstrap
CA0606,CA0606,SDX010,SFC_02B9E44B3DAE,source_disjoint_external,legacy_external,legacy_external,no,no,yes,provisional_v4_bootstrap
CA0607,CA0607,SDX010,SFC_02B9E44B3DAE,source_disjoint_external,legacy_external,legacy_external,no,no,yes,provisional_v4_bootstrap
CA0608,CA0608,SDX007,SFC_82F5C36F39D2,source_disjoint_external,legacy_external,legacy_external,no,no,yes,provisional_v4_bootstrap
CA0609,CA0609,SDX007,SFC_82F5C36F39D2,source_disjoint_external,legacy_external,legacy_external,no,no,yes,provisional_v4_bootstrap
CA0610,CA0610,SDX007,SFC_82F5C36F39D2,source_disjoint_external,legacy_external,legacy_external,no,no,yes,provisional_v4_bootstrap
CA0611,CA0611,SDX007,SFC_FF44FFDB2AC3,source_disjoint_external,legacy_external,legacy_external,no,no,yes,provisional_v4_bootstrap
CA0612,CA0612,SDX007,SFC_FF44FFDB2AC3,source_disjoint_external,legacy_external,legacy_external,no,no,yes,provisional_v4_bootstrap
CA0613,CA0613,SDX007,SFC_FF44FFDB2AC3,source_disjoint_external,legacy_external,legacy_external,no,no,yes,provisional_v4_bootstrap
CA0614,CA0614,SDX007,SFC_ACA747208E92,source_disjoint_external,legacy_external,legacy_external,no,no,yes,provisional_v4_bootstrap
CA0615,CA0615,SDX007,SFC_ACA747208E92,source_disjoint_external,legacy_external,legacy_external,no,no,yes,provisional_v4_bootstrap
CA0616,CA0616,SDX007,SFC_ACA747208E92,source_disjoint_external,legacy_external,legacy_external,no,no,yes,provisional_v4_bootstrap
EXT_936D30510340,EXT_936D30510340,OPEN_CELLULOSE_ESTER,SFC_96F700A16BD8,prospective_open_external,prospective_open_external,prospective_open_external,no,no,yes,provisional_open_external_pending_model_run
EXT_A05461A4CCC6,EXT_A05461A4CCC6,OPEN_CELLULOSE_ESTER,SFC_96F700A16BD8,prospective_open_external,prospective_open_external,prospective_open_external,no,no,yes,provisional_open_external_pending_model_run
EXT_559D6064BED1,EXT_559D6064BED1,OPEN_CELLULOSE_ESTER,SFC_96F700A16BD8,prospective_open_external,prospective_open_external,prospective_open_external,no,no,yes,provisional_open_external_pending_model_run
EXT_14ACC371AD61,EXT_14ACC371AD61,OPEN_CELLULOSE_ESTER,SFC_A70448B898F8,prospective_open_external,prospective_open_external,prospective_open_external,no,no,yes,provisional_open_external_pending_model_run
EXT_F0F5A1C2B409,EXT_F0F5A1C2B409,OPEN_CELLULOSE_ESTER,SFC_A70448B898F8,prospective_open_external,prospective_open_external,prospective_open_external,no,no,yes,provisional_open_external_pending_model_run
EXT_A61229BDED6F,EXT_A61229BDED6F,OPEN_CELLULOSE_ESTER,SFC_A70448B898F8,prospective_open_external,prospective_open_external,prospective_open_external,no,no,yes,provisional_open_external_pending_model_run
EXT_94AA6A446187,EXT_94AA6A446187,OPEN_CELLULOSE_ESTER,SFC_5C313003AB36,prospective_open_external,prospective_open_external,prospective_open_external,no,no,yes,provisional_open_external_pending_model_run
EXT_5EF19E47F632,EXT_5EF19E47F632,OPEN_CELLULOSE_ESTER,SFC_5C313003AB36,prospective_open_external,prospective_open_external,prospective_open_external,no,no,yes,provisional_open_external_pending_model_run
EXT_219685EEFF8F,EXT_219685EEFF8F,OPEN_CELLULOSE_ESTER,SFC_5C313003AB36,prospective_open_external,prospective_open_external,prospective_open_external,no,no,yes,provisional_open_external_pending_model_run
EXT_E11F4024C217,EXT_E11F4024C217,OPEN_CELLULOSE_ESTER,SFC_316C3D980026,prospective_open_external,prospective_open_external,prospective_open_external,no,no,yes,provisional_open_external_pending_model_run
EXT_080C51B10123,EXT_080C51B10123,OPEN_CELLULOSE_ESTER,SFC_316C3D980026,prospective_open_external,prospective_open_external,prospective_open_external,no,no,yes,provisional_open_external_pending_model_run
EXT_2280601FAB67,EXT_2280601FAB67,OPEN_CELLULOSE_ESTER,SFC_316C3D980026,prospective_open_external,prospective_open_external,prospective_open_external,no,no,yes,provisional_open_external_pending_model_run
EXT_49031F0CF1DA,EXT_49031F0CF1DA,OPEN_CROSS_MATERIAL_2026,SFC_6CC47C08CF64,prospective_open_external,prospective_open_external,prospective_open_external,no,no,yes,provisional_open_external_pending_model_run
EXT_A0FF3F05F460,EXT_A0FF3F05F460,OPEN_CROSS_MATERIAL_2026,SFC_FFEC58F1530E,prospective_open_external,prospective_open_external,prospective_open_external,no,no,yes,provisional_open_external_pending_model_run
EXT_FEB4B983371B,EXT_FEB4B983371B,OPEN_CROSS_MATERIAL_2026,SFC_E543580D2581,prospective_open_external,prospective_open_external,prospective_open_external,no,no,yes,provisional_open_external_pending_model_run
EXT_1435D4EE7D58,EXT_1435D4EE7D58,OPEN_CROSS_MATERIAL_2026,SFC_B031A7CFA524,prospective_open_external,prospective_open_external,prospective_open_external,no,no,yes,provisional_open_external_pending_model_run
EXT_C5532BFE0392,EXT_C5532BFE0392,OPEN_CROSS_MATERIAL_2026,SFC_88AD8E0824C4,prospective_open_external,prospective_open_external,prospective_open_external,no,no,yes,provisional_open_external_pending_model_run
EXT_44B14E084099,EXT_44B14E084099,OPEN_CROSS_MATERIAL_2026,SFC_3C19B5C5940C,prospective_open_external,prospective_open_external,prospective_open_external,no,no,yes,provisional_open_external_pending_model_run
EXT_969E7805FF23,EXT_969E7805FF23,OPEN_CROSS_MATERIAL_2026,SFC_EF22972A391D,prospective_open_external,prospective_open_external,prospective_open_external,no,no,yes,provisional_open_external_pending_model_run
EXT_AF240CDD39AB,EXT_AF240CDD39AB,OPEN_CROSS_MATERIAL_2026,SFC_DFAA6FA9D311,prospective_open_external,prospective_open_external,prospective_open_external,no,no,yes,provisional_open_external_pending_model_run
EXT_1AE336EF5B2E,EXT_1AE336EF5B2E,OPEN_CROSS_MATERIAL_2026,SFC_0E29DCF6B0F6,prospective_open_external,prospective_open_external,prospective_open_external,no,no,yes,provisional_open_external_pending_model_run
EXT_0D0567136BE4,EXT_0D0567136BE4,OPEN_CROSS_MATERIAL_2026,SFC_CCA852C05DD9,prospective_open_external,prospective_open_external,prospective_open_external,no,no,yes,provisional_open_external_pending_model_run
EXT_02746EDBC523,EXT_02746EDBC523,OPEN_CROSS_MATERIAL_2026,SFC_B11F05311C95,prospective_open_external,prospective_open_external,prospective_open_external,no,no,yes,provisional_open_external_pending_model_run
EXT_D2BDCF2B48E1,EXT_D2BDCF2B48E1,OPEN_CROSS_MATERIAL_2026,SFC_276FB2540C6B,prospective_open_external,prospective_open_external,prospective_open_external,no,no,yes,provisional_open_external_pending_model_run
EXT_AD49AC8FC73F,EXT_AD49AC8FC73F,OPEN_CROSS_MATERIAL_2026,SFC_45F8C8F50DAD,prospective_open_external,prospective_open_external,prospective_open_external,no,no,yes,provisional_open_external_pending_model_run
EXT_03E658446E71,EXT_03E658446E71,OPEN_CROSS_MATERIAL_2026,SFC_CCA852C05DD9,prospective_open_external,prospective_open_external,prospective_open_external,no,no,yes,provisional_open_external_pending_model_run
EXT_4192CE86DB7A,EXT_4192CE86DB7A,OPEN_CROSS_MATERIAL_2026,SFC_CCA852C05DD9,prospective_open_external,prospective_open_external,prospective_open_external,no,no,yes,provisional_open_external_pending_model_run
EXT_CEE170F19AC5,EXT_CEE170F19AC5,OPEN_CROSS_MATERIAL_2026,SFC_C29649784C9E,prospective_open_external,prospective_open_external,prospective_open_external,no,no,yes,provisional_open_external_pending_model_run
EXT_8A4A8419F90A,EXT_8A4A8419F90A,OPEN_CROSS_MATERIAL_2026,SFC_76251AE8917C,prospective_open_external,prospective_open_external,prospective_open_external,no,no,yes,provisional_open_external_pending_model_run
EXT_9A2570B5651D,EXT_9A2570B5651D,OPEN_CROSS_MATERIAL_2026,SFC_4B11F0C60536,prospective_open_external,prospective_open_external,prospective_open_external,no,no,yes,provisional_open_external_pending_model_run
EXT_05AE5BE2451B,EXT_05AE5BE2451B,OPEN_CROSS_MATERIAL_2026,SFC_8A5FD38D06DE,prospective_open_external,prospective_open_external,prospective_open_external,no,no,yes,provisional_open_external_pending_model_run
EXT_C356E81E54A2,EXT_C356E81E54A2,OPEN_CROSS_MATERIAL_2026,SFC_8038D9A6A20A,prospective_open_external,prospective_open_external,prospective_open_external,no,no,yes,provisional_open_external_pending_model_run
EXT_7EC8DDA8A7F9,EXT_7EC8DDA8A7F9,OPEN_CROSS_MATERIAL_2026,SFC_9E83E4237A7D,prospective_open_external,prospective_open_external,prospective_open_external,no,no,yes,provisional_open_external_pending_model_run
EXT_6881AA073FB3,EXT_6881AA073FB3,OPEN_CROSS_MATERIAL_2026,SFC_127F69376811,prospective_open_external,prospective_open_external,prospective_open_external,no,no,yes,provisional_open_external_pending_model_run
EXT_88465FC708C8,EXT_88465FC708C8,OPEN_CROSS_MATERIAL_2026,SFC_B2B460B5E74C,prospective_open_external,prospective_open_external,prospective_open_external,no,no,yes,provisional_open_external_pending_model_run
EXT_F5CE170CF68A,EXT_F5CE170CF68A,OPEN_CROSS_MATERIAL_2026,SFC_CB8C71D24418,prospective_open_external,prospective_open_external,prospective_open_external,no,no,yes,provisional_open_external_pending_model_run
EXT_1A2DEF91ADCC,EXT_1A2DEF91ADCC,OPEN_CROSS_MATERIAL_2026,SFC_AFE29766ABB1,prospective_open_external,prospective_open_external,prospective_open_external,no,no,yes,provisional_open_external_pending_model_run
EXT_3FBC997EA1E4,EXT_3FBC997EA1E4,OPEN_CROSS_MATERIAL_2026,SFC_84E420BFB264,prospective_open_external,prospective_open_external,prospective_open_external,no,no,yes,provisional_open_external_pending_model_run
EXT_EDDBCE0D5ECF,EXT_EDDBCE0D5ECF,OPEN_CROSS_MATERIAL_2026,SFC_CCA852C05DD9,prospective_open_external,prospective_open_external,prospective_open_external,no,no,yes,provisional_open_external_pending_model_run
EXT_038089E43DB7,EXT_038089E43DB7,OPEN_CROSS_MATERIAL_2026,SFC_A20F2DE2FF3E,prospective_open_external,prospective_open_external,prospective_open_external,no,no,yes,provisional_open_external_pending_model_run
EXT_342CB85D601A,EXT_342CB85D601A,OPEN_CROSS_MATERIAL_2026,SFC_E32E065C262B,prospective_open_external,prospective_open_external,prospective_open_external,no,no,yes,provisional_open_external_pending_model_run
EXT_8CF003D59705,EXT_8CF003D59705,OPEN_CROSS_MATERIAL_2026,SFC_E82B74C28497,prospective_open_external,prospective_open_external,prospective_open_external,no,no,yes,provisional_open_external_pending_model_run
EXT_8EAC9776F893,EXT_8EAC9776F893,OPEN_CROSS_MATERIAL_2026,SFC_953A3ED1CCEC,prospective_open_external,prospective_open_external,prospective_open_external,no,no,yes,provisional_open_external_pending_model_run
EXT_D4DD701B186E,EXT_D4DD701B186E,OPEN_CROSS_MATERIAL_2026,SFC_A6484648C3AE,prospective_open_external,prospective_open_external,prospective_open_external,no,no,yes,provisional_open_external_pending_model_run
EXT_8802B975D414,EXT_8802B975D414,OPEN_CROSS_MATERIAL_2026,SFC_F9572A899579,prospective_open_external,prospective_open_external,prospective_open_external,no,no,yes,provisional_open_external_pending_model_run
EXT_C7165B4C6E34,EXT_C7165B4C6E34,OPEN_CROSS_MATERIAL_2026,SFC_87885EEBDCD9,prospective_open_external,prospective_open_external,prospective_open_external,no,no,yes,provisional_open_external_pending_model_run
EXT_8CA8BA32AFC9,EXT_8CA8BA32AFC9,OPEN_CROSS_MATERIAL_2026,SFC_7FF8363F812D,prospective_open_external,prospective_open_external,prospective_open_external,no,no,yes,provisional_open_external_pending_model_run
EXT_3B4C47EB271C,EXT_3B4C47EB271C,OPEN_CROSS_MATERIAL_2026,SFC_C4A57786C3BE,prospective_open_external,prospective_open_external,prospective_open_external,no,no,yes,provisional_open_external_pending_model_run
EXT_45B7FC6A550A,EXT_45B7FC6A550A,OPEN_CROSS_MATERIAL_2026,SFC_CCA852C05DD9,prospective_open_external,prospective_open_external,prospective_open_external,no,no,yes,provisional_open_external_pending_model_run
EXT_F934ECFE3262,EXT_F934ECFE3262,OPEN_CROSS_MATERIAL_2026,SFC_89A0CB9F83E8,prospective_open_external,prospective_open_external,prospective_open_external,no,no,yes,provisional_open_external_pending_model_run
EXT_E452CC93D716,EXT_E452CC93D716,OPEN_CROSS_MATERIAL_2026,SFC_7B8DA975FCE0,prospective_open_external,prospective_open_external,prospective_open_external,no,no,yes,provisional_open_external_pending_model_run
EXT_1C5304636A68,EXT_1C5304636A68,OPEN_CROSS_MATERIAL_2026,SFC_B32C6485DACA,prospective_open_external,prospective_open_external,prospective_open_external,no,no,yes,provisional_open_external_pending_model_run
EXT_9E9C5162297F,EXT_9E9C5162297F,OPEN_CROSS_MATERIAL_2026,SFC_78B198988B7B,prospective_open_external,prospective_open_external,prospective_open_external,no,no,yes,provisional_open_external_pending_model_run
EXT_15AAD062FD5E,EXT_15AAD062FD5E,OPEN_CROSS_MATERIAL_2026,SFC_6730336819E9,prospective_open_external,prospective_open_external,prospective_open_external,no,no,yes,provisional_open_external_pending_model_run
EXT_A1899B98D5EA,EXT_A1899B98D5EA,OPEN_CROSS_MATERIAL_2026,SFC_390D2EEA3DFF,prospective_open_external,prospective_open_external,prospective_open_external,no,no,yes,provisional_open_external_pending_model_run
EXT_DB8325D5E027,EXT_DB8325D5E027,OPEN_CROSS_MATERIAL_2026,SFC_2FFFD68BED4B,prospective_open_external,prospective_open_external,prospective_open_external,no,no,yes,provisional_open_external_pending_model_run
EXT_4773F90CE1B2,EXT_4773F90CE1B2,OPEN_CROSS_MATERIAL_2026,SFC_77ED72A5FED3,prospective_open_external,prospective_open_external,prospective_open_external,no,no,yes,provisional_open_external_pending_model_run
EXT_58C75DFD37D3,EXT_58C75DFD37D3,OPEN_CROSS_MATERIAL_2026,SFC_697C572C0860,prospective_open_external,prospective_open_external,prospective_open_external,no,no,yes,provisional_open_external_pending_model_run
EXT_17A43035A987,EXT_17A43035A987,OPEN_CROSS_MATERIAL_2026,SFC_51378859DFB5,prospective_open_external,prospective_open_external,prospective_open_external,no,no,yes,provisional_open_external_pending_model_run
EXT_E296A8BD1A55,EXT_E296A8BD1A55,OPEN_CROSS_MATERIAL_2026,SFC_03E930156743,prospective_open_external,prospective_open_external,prospective_open_external,no,no,yes,provisional_open_external_pending_model_run
EXT_AA469EC47BCA,EXT_AA469EC47BCA,OPEN_CROSS_MATERIAL_2026,SFC_B9F3F2625635,prospective_open_external,prospective_open_external,prospective_open_external,no,no,yes,provisional_open_external_pending_model_run
EXT_16D084CD7670,EXT_16D084CD7670,OPEN_CROSS_MATERIAL_2026,SFC_B986E6B26E76,prospective_open_external,prospective_open_external,prospective_open_external,no,no,yes,provisional_open_external_pending_model_run
EXT_9C8A1759B53C,EXT_9C8A1759B53C,OPEN_CROSS_MATERIAL_2026,SFC_57F0BA5D8921,prospective_open_external,prospective_open_external,prospective_open_external,no,no,yes,provisional_open_external_pending_model_run
EXT_184D1DD087ED,EXT_184D1DD087ED,OPEN_CROSS_MATERIAL_2026,SFC_CF1F29DEC3F3,prospective_open_external,prospective_open_external,prospective_open_external,no,no,yes,provisional_open_external_pending_model_run
EXT_98E4DE19244D,EXT_98E4DE19244D,OPEN_CROSS_MATERIAL_2026,SFC_3302282ACAA2,prospective_open_external,prospective_open_external,prospective_open_external,no,no,yes,provisional_open_external_pending_model_run
EXT_701D36C9AEAE,EXT_701D36C9AEAE,OPEN_CROSS_MATERIAL_2026,SFC_049A1C1B4B3F,prospective_open_external,prospective_open_external,prospective_open_external,no,no,yes,provisional_open_external_pending_model_run
EXT_86B54BC887BA,EXT_86B54BC887BA,OPEN_CROSS_MATERIAL_2026,SFC_7B5A5C2A83F1,prospective_open_external,prospective_open_external,prospective_open_external,no,no,yes,provisional_open_external_pending_model_run
EXT_FE78EC16D3B2,EXT_FE78EC16D3B2,OPEN_CROSS_MATERIAL_2026,SFC_05D437139AEF,prospective_open_external,prospective_open_external,prospective_open_external,no,no,yes,provisional_open_external_pending_model_run
EXT_5A22EE7F84A8,EXT_5A22EE7F84A8,OPEN_CROSS_MATERIAL_2026,SFC_E853D5C9A29E,prospective_open_external,prospective_open_external,prospective_open_external,no,no,yes,provisional_open_external_pending_model_run
EXT_8E080B773589,EXT_8E080B773589,OPEN_CROSS_MATERIAL_2026,SFC_D88CE82490CD,prospective_open_external,prospective_open_external,prospective_open_external,no,no,yes,provisional_open_external_pending_model_run
EXT_E27ED8F3E8CB,EXT_E27ED8F3E8CB,OPEN_CROSS_MATERIAL_2026,SFC_3122EC9D3530,prospective_open_external,prospective_open_external,prospective_open_external,no,no,yes,provisional_open_external_pending_model_run
EXT_441FDE2FACD6,EXT_441FDE2FACD6,OPEN_CROSS_MATERIAL_2026,SFC_C4217EEC69EE,prospective_open_external,prospective_open_external,prospective_open_external,no,no,yes,provisional_open_external_pending_model_run
EXT_69F4338326C3,EXT_69F4338326C3,OPEN_CROSS_MATERIAL_2026,SFC_EAC59F0538FF,prospective_open_external,prospective_open_external,prospective_open_external,no,no,yes,provisional_open_external_pending_model_run
EXT_5F16141B2E06,EXT_5F16141B2E06,OPEN_CROSS_MATERIAL_2026,SFC_5F7F48BBA35E,prospective_open_external,prospective_open_external,prospective_open_external,no,no,yes,provisional_open_external_pending_model_run
EXT_3AA83287CAB2,EXT_3AA83287CAB2,OPEN_CROSS_MATERIAL_2026,SFC_5ED24325E10A,prospective_open_external,prospective_open_external,prospective_open_external,no,no,yes,provisional_open_external_pending_model_run
EXT_EB30F6366EC8,EXT_EB30F6366EC8,OPEN_CROSS_MATERIAL_2026,SFC_D5CB19B7A059,prospective_open_external,prospective_open_external,prospective_open_external,no,no,yes,provisional_open_external_pending_model_run
EXT_F6AC65D6E178,EXT_F6AC65D6E178,OPEN_CROSS_MATERIAL_2026,SFC_A2FC0BD30E3E,prospective_open_external,prospective_open_external,prospective_open_external,no,no,yes,provisional_open_external_pending_model_run
EXT_AD867DED8067,EXT_AD867DED8067,OPEN_CROSS_MATERIAL_2026,SFC_BB30AA0AE8D6,prospective_open_external,prospective_open_external,prospective_open_external,no,no,yes,provisional_open_external_pending_model_run
EXT_DE77FB0D32E3,EXT_DE77FB0D32E3,OPEN_CROSS_MATERIAL_2026,SFC_5D474B7F127E,prospective_open_external,prospective_open_external,prospective_open_external,no,no,yes,provisional_open_external_pending_model_run
EXT_A1DD6DB9C693,EXT_A1DD6DB9C693,OPEN_CROSS_MATERIAL_2026,SFC_5774779C7E4E,prospective_open_external,prospective_open_external,prospective_open_external,no,no,yes,provisional_open_external_pending_model_run
EXT_D273452DCA87,EXT_D273452DCA87,OPEN_CROSS_MATERIAL_2026,SFC_8D0462C5653C,prospective_open_external,prospective_open_external,prospective_open_external,no,no,yes,provisional_open_external_pending_model_run
EXT_5C964067DDB9,EXT_5C964067DDB9,OPEN_CROSS_MATERIAL_2026,SFC_008B5AD02DF3,prospective_open_external,prospective_open_external,prospective_open_external,no,no,yes,provisional_open_external_pending_model_run
EXT_F5CA0CBE24C8,EXT_F5CA0CBE24C8,OPEN_CROSS_MATERIAL_2026,SFC_71537A54AC75,prospective_open_external,prospective_open_external,prospective_open_external,no,no,yes,provisional_open_external_pending_model_run
EXT_08D2B3E3D155,EXT_08D2B3E3D155,OPEN_CROSS_MATERIAL_2026,SFC_BD28F27D1B1C,prospective_open_external,prospective_open_external,prospective_open_external,no,no,yes,provisional_open_external_pending_model_run
EXT_FDF0865FB056,EXT_FDF0865FB056,OPEN_CROSS_MATERIAL_2026,SFC_4B7DAC13B6CB,prospective_open_external,prospective_open_external,prospective_open_external,no,no,yes,provisional_open_external_pending_model_run
EXT_BE98BFBCE0AB,EXT_BE98BFBCE0AB,OPEN_CROSS_MATERIAL_2026,SFC_5D72E873B03B,prospective_open_external,prospective_open_external,prospective_open_external,no,no,yes,provisional_open_external_pending_model_run
EXT_DA7362055C35,EXT_DA7362055C35,OPEN_CROSS_MATERIAL_2026,SFC_78D38330E7A9,prospective_open_external,prospective_open_external,prospective_open_external,no,no,yes,provisional_open_external_pending_model_run
EXT_CE8A8FA61210,EXT_CE8A8FA61210,OPEN_CROSS_MATERIAL_2026,SFC_6B46DE746EC7,prospective_open_external,prospective_open_external,prospective_open_external,no,no,yes,provisional_open_external_pending_model_run
EXT_2F6CF8AC16F3,EXT_2F6CF8AC16F3,OPEN_CROSS_MATERIAL_2026,SFC_2323C916D9CA,prospective_open_external,prospective_open_external,prospective_open_external,no,no,yes,provisional_open_external_pending_model_run
EXT_8D650D7B5C3B,EXT_8D650D7B5C3B,OPEN_CROSS_MATERIAL_2026,SFC_807168F787F5,prospective_open_external,prospective_open_external,prospective_open_external,no,no,yes,provisional_open_external_pending_model_run
EXT_568E7197F0F4,EXT_568E7197F0F4,OPEN_CROSS_MATERIAL_2026,SFC_01C5DA91E115,prospective_open_external,prospective_open_external,prospective_open_external,no,no,yes,provisional_open_external_pending_model_run
EXT_D271DBB89E1C,EXT_D271DBB89E1C,OPEN_CROSS_MATERIAL_2026,SFC_C09DABED6453,prospective_open_external,prospective_open_external,prospective_open_external,no,no,yes,provisional_open_external_pending_model_run
EXT_D75887E14A30,EXT_D75887E14A30,OPEN_CROSS_MATERIAL_2026,SFC_40D416367ED5,prospective_open_external,prospective_open_external,prospective_open_external,no,no,yes,provisional_open_external_pending_model_run
EXT_F2EF45E9B6C8,EXT_F2EF45E9B6C8,OPEN_CROSS_MATERIAL_2026,SFC_893F8367669D,prospective_open_external,prospective_open_external,prospective_open_external,no,no,yes,provisional_open_external_pending_model_run
EXT_5BBBEA92BD69,EXT_5BBBEA92BD69,OPEN_CROSS_MATERIAL_2026,SFC_10AE4DFE50CE,prospective_open_external,prospective_open_external,prospective_open_external,no,no,yes,provisional_open_external_pending_model_run
EXT_6A99656CDA81,EXT_6A99656CDA81,OPEN_CROSS_MATERIAL_2026,SFC_D382AE2DA4CA,prospective_open_external,prospective_open_external,prospective_open_external,no,no,yes,provisional_open_external_pending_model_run
EXT_DAD3265356DE,EXT_DAD3265356DE,OPEN_CROSS_MATERIAL_2026,SFC_3D43AF072E6D,prospective_open_external,prospective_open_external,prospective_open_external,no,no,yes,provisional_open_external_pending_model_run
EXT_22311927D024,EXT_22311927D024,OPEN_CROSS_MATERIAL_2026,SFC_D9DD5BCDEBD2,prospective_open_external,prospective_open_external,prospective_open_external,no,no,yes,provisional_open_external_pending_model_run
EXT_3C62AEFD5348,EXT_3C62AEFD5348,OPEN_CROSS_MATERIAL_2026,SFC_E366C485FD23,prospective_open_external,prospective_open_external,prospective_open_external,no,no,yes,provisional_open_external_pending_model_run
EXT_8D21E62DB309,EXT_8D21E62DB309,OPEN_CROSS_MATERIAL_2026,SFC_D1DB5176E829,prospective_open_external,prospective_open_external,prospective_open_external,no,no,yes,provisional_open_external_pending_model_run
EXT_2481B8573EB1,EXT_2481B8573EB1,OPEN_CROSS_MATERIAL_2026,SFC_5C7869425C1B,prospective_open_external,prospective_open_external,prospective_open_external,no,no,yes,provisional_open_external_pending_model_run
EXT_DF28A6DCCE52,EXT_DF28A6DCCE52,OPEN_CROSS_MATERIAL_2026,SFC_4A211D37EBCC,prospective_open_external,prospective_open_external,prospective_open_external,no,no,yes,provisional_open_external_pending_model_run
EXT_7112F46F959D,EXT_7112F46F959D,OPEN_CROSS_MATERIAL_2026,SFC_E45DCD7FEE37,prospective_open_external,prospective_open_external,prospective_open_external,no,no,yes,provisional_open_external_pending_model_run
EXT_CD007E6F73D6,EXT_CD007E6F73D6,OPEN_POLYMER_SURFACES_2023,SFC_D997DF0085DF,prospective_open_external,prospective_open_external,prospective_open_external,no,no,yes,provisional_open_external_pending_model_run
EXT_0D45D9BA0074,EXT_0D45D9BA0074,OPEN_POLYMER_SURFACES_2023,SFC_D997DF0085DF,prospective_open_external,prospective_open_external,prospective_open_external,no,no,yes,provisional_open_external_pending_model_run
EXT_297563844CCE,EXT_297563844CCE,OPEN_POLYMER_SURFACES_2023,SFC_D997DF0085DF,prospective_open_external,prospective_open_external,prospective_open_external,no,no,yes,provisional_open_external_pending_model_run
EXT_B5BBE06381DD,EXT_B5BBE06381DD,OPEN_POLYMER_SURFACES_2023,SFC_874E84FC80A7,prospective_open_external,prospective_open_external,prospective_open_external,no,no,yes,provisional_open_external_pending_model_run
EXT_CF2DEF31E69A,EXT_CF2DEF31E69A,OPEN_POLYMER_SURFACES_2023,SFC_874E84FC80A7,prospective_open_external,prospective_open_external,prospective_open_external,no,no,yes,provisional_open_external_pending_model_run
EXT_04AB24A5BB0A,EXT_04AB24A5BB0A,OPEN_POLYMER_SURFACES_2023,SFC_874E84FC80A7,prospective_open_external,prospective_open_external,prospective_open_external,no,no,yes,provisional_open_external_pending_model_run
EXT_1924C779E86F,EXT_1924C779E86F,OPEN_POLYMER_SURFACES_2023,SFC_E066D95CCC78,prospective_open_external,prospective_open_external,prospective_open_external,no,no,yes,provisional_open_external_pending_model_run
EXT_D02ABE046CF1,EXT_D02ABE046CF1,OPEN_POLYMER_SURFACES_2023,SFC_E066D95CCC78,prospective_open_external,prospective_open_external,prospective_open_external,no,no,yes,provisional_open_external_pending_model_run
EXT_B6135F6CB593,EXT_B6135F6CB593,OPEN_POLYMER_SURFACES_2023,SFC_E066D95CCC78,prospective_open_external,prospective_open_external,prospective_open_external,no,no,yes,provisional_open_external_pending_model_run
EXT_59D01A9DD4A8,EXT_59D01A9DD4A8,OPEN_POLYMER_SURFACES_2023,SFC_AC4DDEECE3F7,prospective_open_external,prospective_open_external,prospective_open_external,no,no,yes,provisional_open_external_pending_model_run
EXT_DA68FAFFF9C1,EXT_DA68FAFFF9C1,OPEN_POLYMER_SURFACES_2023,SFC_AC4DDEECE3F7,prospective_open_external,prospective_open_external,prospective_open_external,no,no,yes,provisional_open_external_pending_model_run
EXT_BFC1FC4FCDFE,EXT_BFC1FC4FCDFE,OPEN_POLYMER_SURFACES_2023,SFC_AC4DDEECE3F7,prospective_open_external,prospective_open_external,prospective_open_external,no,no,yes,provisional_open_external_pending_model_run
EXT_9320E89C123F,EXT_9320E89C123F,OPEN_POLYMER_SURFACES_2023,SFC_F0BFA31774A7,prospective_open_external,prospective_open_external,prospective_open_external,no,no,yes,provisional_open_external_pending_model_run
EXT_61F8100551D0,EXT_61F8100551D0,OPEN_POLYMER_SURFACES_2023,SFC_F0BFA31774A7,prospective_open_external,prospective_open_external,prospective_open_external,no,no,yes,provisional_open_external_pending_model_run
EXT_DA73FA01DE16,EXT_DA73FA01DE16,OPEN_POLYMER_SURFACES_2023,SFC_F0BFA31774A7,prospective_open_external,prospective_open_external,prospective_open_external,no,no,yes,provisional_open_external_pending_model_run
EXT_E8887E8FA242,EXT_E8887E8FA242,OPEN_POLYMER_SURFACES_2023,SFC_619070545661,prospective_open_external,prospective_open_external,prospective_open_external,no,no,yes,provisional_open_external_pending_model_run
EXT_2D6D530BDE66,EXT_2D6D530BDE66,OPEN_POLYMER_SURFACES_2023,SFC_619070545661,prospective_open_external,prospective_open_external,prospective_open_external,no,no,yes,provisional_open_external_pending_model_run
EXT_0DF8EFC4C97A,EXT_0DF8EFC4C97A,OPEN_POLYMER_SURFACES_2023,SFC_619070545661,prospective_open_external,prospective_open_external,prospective_open_external,no,no,yes,provisional_open_external_pending_model_run
EXT_398B369DB1D4,EXT_398B369DB1D4,OPEN_POLYMER_SURFACES_2023,SFC_FFE25A9A5A54,prospective_open_external,prospective_open_external,prospective_open_external,no,no,yes,provisional_open_external_pending_model_run
EXT_4A1E7242F9DF,EXT_4A1E7242F9DF,OPEN_POLYMER_SURFACES_2023,SFC_FFE25A9A5A54,prospective_open_external,prospective_open_external,prospective_open_external,no,no,yes,provisional_open_external_pending_model_run
EXT_C161311E1FB7,EXT_C161311E1FB7,OPEN_POLYMER_SURFACES_2023,SFC_FFE25A9A5A54,prospective_open_external,prospective_open_external,prospective_open_external,no,no,yes,provisional_open_external_pending_model_run
EXT_D5FF9F67F45C,EXT_D5FF9F67F45C,OPEN_POLYMER_SURFACES_2023,SFC_1D7210C10C8C,prospective_open_external,prospective_open_external,prospective_open_external,no,no,yes,provisional_open_external_pending_model_run
EXT_C9A4F8CA797A,EXT_C9A4F8CA797A,OPEN_POLYMER_SURFACES_2023,SFC_1D7210C10C8C,prospective_open_external,prospective_open_external,prospective_open_external,no,no,yes,provisional_open_external_pending_model_run
EXT_BC643C3D7862,EXT_BC643C3D7862,OPEN_POLYMER_SURFACES_2023,SFC_1D7210C10C8C,prospective_open_external,prospective_open_external,prospective_open_external,no,no,yes,provisional_open_external_pending_model_run
EXT_F80C8FA1754C,EXT_F80C8FA1754C,OPEN_POLYMER_SURFACES_2023,SFC_ECD42A787C67,prospective_open_external,prospective_open_external,prospective_open_external,no,no,yes,provisional_open_external_pending_model_run
EXT_686D150BDAAF,EXT_686D150BDAAF,OPEN_POLYMER_SURFACES_2023,SFC_ECD42A787C67,prospective_open_external,prospective_open_external,prospective_open_external,no,no,yes,provisional_open_external_pending_model_run
EXT_3D82C848D389,EXT_3D82C848D389,OPEN_POLYMER_SURFACES_2023,SFC_ECD42A787C67,prospective_open_external,prospective_open_external,prospective_open_external,no,no,yes,provisional_open_external_pending_model_run
EXT_C03E4F87416F,EXT_C03E4F87416F,OPEN_POLYMER_SURFACES_2023,SFC_5648457375F3,prospective_open_external,prospective_open_external,prospective_open_external,no,no,yes,provisional_open_external_pending_model_run
EXT_B4AB0610DC8D,EXT_B4AB0610DC8D,OPEN_POLYMER_SURFACES_2023,SFC_5648457375F3,prospective_open_external,prospective_open_external,prospective_open_external,no,no,yes,provisional_open_external_pending_model_run
EXT_8EC71DE1D3C8,EXT_8EC71DE1D3C8,OPEN_POLYMER_SURFACES_2023,SFC_5648457375F3,prospective_open_external,prospective_open_external,prospective_open_external,no,no,yes,provisional_open_external_pending_model_run
EXT_D8FBAAD59B4B,EXT_D8FBAAD59B4B,OPEN_POLYMER_SURFACES_2023,SFC_4CBC1B4A127C,prospective_open_external,prospective_open_external,prospective_open_external,no,no,yes,provisional_open_external_pending_model_run
EXT_1DC596480B9E,EXT_1DC596480B9E,OPEN_POLYMER_SURFACES_2023,SFC_4CBC1B4A127C,prospective_open_external,prospective_open_external,prospective_open_external,no,no,yes,provisional_open_external_pending_model_run
EXT_A3F4030D6CB1,EXT_A3F4030D6CB1,OPEN_POLYMER_SURFACES_2023,SFC_4CBC1B4A127C,prospective_open_external,prospective_open_external,prospective_open_external,no,no,yes,provisional_open_external_pending_model_run
EXT_31D988D57B38,EXT_31D988D57B38,OPEN_POLYMER_SURFACES_2023,SFC_4BD23D0F3546,prospective_open_external,prospective_open_external,prospective_open_external,no,no,yes,provisional_open_external_pending_model_run
EXT_CA5F8E2A53C2,EXT_CA5F8E2A53C2,OPEN_POLYMER_SURFACES_2023,SFC_4BD23D0F3546,prospective_open_external,prospective_open_external,prospective_open_external,no,no,yes,provisional_open_external_pending_model_run
EXT_C03F819C4B66,EXT_C03F819C4B66,OPEN_POLYMER_SURFACES_2023,SFC_4BD23D0F3546,prospective_open_external,prospective_open_external,prospective_open_external,no,no,yes,provisional_open_external_pending_model_run
EXT_FD5F6987DAB6,EXT_FD5F6987DAB6,OPEN_POLYMER_SURFACES_2023,SFC_A65652A71181,prospective_open_external,prospective_open_external,prospective_open_external,no,no,yes,provisional_open_external_pending_model_run
EXT_4BF4B6EE2A48,EXT_4BF4B6EE2A48,OPEN_POLYMER_SURFACES_2023,SFC_A65652A71181,prospective_open_external,prospective_open_external,prospective_open_external,no,no,yes,provisional_open_external_pending_model_run
EXT_63529BCBF35A,EXT_63529BCBF35A,OPEN_POLYMER_SURFACES_2023,SFC_A65652A71181,prospective_open_external,prospective_open_external,prospective_open_external,no,no,yes,provisional_open_external_pending_model_run
EXT_9FD20D27EB85,EXT_9FD20D27EB85,OPEN_POLYMER_SURFACES_2023,SFC_D9EFE53A22B1,prospective_open_external,prospective_open_external,prospective_open_external,no,no,yes,provisional_open_external_pending_model_run
EXT_B9EFF76773A7,EXT_B9EFF76773A7,OPEN_POLYMER_SURFACES_2023,SFC_D9EFE53A22B1,prospective_open_external,prospective_open_external,prospective_open_external,no,no,yes,provisional_open_external_pending_model_run
EXT_525C8E3D6CD6,EXT_525C8E3D6CD6,OPEN_POLYMER_SURFACES_2023,SFC_D9EFE53A22B1,prospective_open_external,prospective_open_external,prospective_open_external,no,no,yes,provisional_open_external_pending_model_run
EXT_61408262103D,EXT_61408262103D,OPEN_POLYMER_SURFACES_2023,SFC_6353761F5CC5,prospective_open_external,prospective_open_external,prospective_open_external,no,no,yes,provisional_open_external_pending_model_run
EXT_6A1E54C20CCE,EXT_6A1E54C20CCE,OPEN_POLYMER_SURFACES_2023,SFC_6353761F5CC5,prospective_open_external,prospective_open_external,prospective_open_external,no,no,yes,provisional_open_external_pending_model_run
EXT_981E9EC8865E,EXT_981E9EC8865E,OPEN_POLYMER_SURFACES_2023,SFC_6353761F5CC5,prospective_open_external,prospective_open_external,prospective_open_external,no,no,yes,provisional_open_external_pending_model_run
EXT_8A8E3AAF6896,EXT_8A8E3AAF6896,OPEN_POLYMER_SURFACES_2023,SFC_A66B59B95A03,prospective_open_external,prospective_open_external,prospective_open_external,no,no,yes,provisional_open_external_pending_model_run
EXT_80357B8C920D,EXT_80357B8C920D,OPEN_POLYMER_SURFACES_2023,SFC_A66B59B95A03,prospective_open_external,prospective_open_external,prospective_open_external,no,no,yes,provisional_open_external_pending_model_run
EXT_C6419C1CBA62,EXT_C6419C1CBA62,OPEN_POLYMER_SURFACES_2023,SFC_A66B59B95A03,prospective_open_external,prospective_open_external,prospective_open_external,no,no,yes,provisional_open_external_pending_model_run
EXT_7720DE638AE3,EXT_7720DE638AE3,OPEN_POLYMER_SURFACES_2023,SFC_62075C90581B,prospective_open_external,prospective_open_external,prospective_open_external,no,no,yes,provisional_open_external_pending_model_run
EXT_8E3054DE5097,EXT_8E3054DE5097,OPEN_POLYMER_SURFACES_2023,SFC_62075C90581B,prospective_open_external,prospective_open_external,prospective_open_external,no,no,yes,provisional_open_external_pending_model_run
EXT_BC1C15EECE17,EXT_BC1C15EECE17,OPEN_POLYMER_SURFACES_2023,SFC_62075C90581B,prospective_open_external,prospective_open_external,prospective_open_external,no,no,yes,provisional_open_external_pending_model_run
EXT_49AD89E9F838,EXT_49AD89E9F838,OPEN_POLYMER_SURFACES_2023,SFC_36EF2E368C84,prospective_open_external,prospective_open_external,prospective_open_external,no,no,yes,provisional_open_external_pending_model_run
EXT_650589542FBB,EXT_650589542FBB,OPEN_POLYMER_SURFACES_2023,SFC_36EF2E368C84,prospective_open_external,prospective_open_external,prospective_open_external,no,no,yes,provisional_open_external_pending_model_run
EXT_C92CA45A6370,EXT_C92CA45A6370,OPEN_POLYMER_SURFACES_2023,SFC_36EF2E368C84,prospective_open_external,prospective_open_external,prospective_open_external,no,no,yes,provisional_open_external_pending_model_run
EXT_C52AF747E8BF,EXT_C52AF747E8BF,OPEN_TEXTILE_ANTI_WETTING_2019,SFC_70D1A1076BBD,prospective_open_external,prospective_open_external,prospective_open_external,no,no,yes,provisional_open_external_pending_model_run
EXT_1366AD9E4A11,EXT_1366AD9E4A11,OPEN_TEXTILE_ANTI_WETTING_2019,SFC_70D1A1076BBD,prospective_open_external,prospective_open_external,prospective_open_external,no,no,yes,provisional_open_external_pending_model_run
EXT_B099AADD9565,EXT_B099AADD9565,OPEN_TEXTILE_ANTI_WETTING_2019,SFC_70D1A1076BBD,prospective_open_external,prospective_open_external,prospective_open_external,no,no,yes,provisional_open_external_pending_model_run
EXT_FA599DFEA153,EXT_FA599DFEA153,OPEN_TEXTILE_ANTI_WETTING_2019,SFC_B23DE8940451,prospective_open_external,prospective_open_external,prospective_open_external,no,no,yes,provisional_open_external_pending_model_run
EXT_77B7B95A656C,EXT_77B7B95A656C,OPEN_TEXTILE_ANTI_WETTING_2019,SFC_B23DE8940451,prospective_open_external,prospective_open_external,prospective_open_external,no,no,yes,provisional_open_external_pending_model_run
EXT_5AF9983FF446,EXT_5AF9983FF446,OPEN_TEXTILE_ANTI_WETTING_2019,SFC_B23DE8940451,prospective_open_external,prospective_open_external,prospective_open_external,no,no,yes,provisional_open_external_pending_model_run
EXT_B067D03F4F2E,EXT_B067D03F4F2E,OPEN_TEXTILE_ANTI_WETTING_2019,SFC_C90D1535E78D,prospective_open_external,prospective_open_external,prospective_open_external,no,no,yes,provisional_open_external_pending_model_run
EXT_1B40295A791F,EXT_1B40295A791F,OPEN_TEXTILE_ANTI_WETTING_2019,SFC_C90D1535E78D,prospective_open_external,prospective_open_external,prospective_open_external,no,no,yes,provisional_open_external_pending_model_run
EXT_3B5D655ADA7C,EXT_3B5D655ADA7C,OPEN_TEXTILE_ANTI_WETTING_2019,SFC_C90D1535E78D,prospective_open_external,prospective_open_external,prospective_open_external,no,no,yes,provisional_open_external_pending_model_run
EXT_2E5AD1B19DD9,EXT_2E5AD1B19DD9,OPEN_TEXTILE_ANTI_WETTING_2019,SFC_F92838A9E6A2,prospective_open_external,prospective_open_external,prospective_open_external,no,no,yes,provisional_open_external_pending_model_run
EXT_9E923F72BEB3,EXT_9E923F72BEB3,OPEN_TEXTILE_ANTI_WETTING_2019,SFC_F92838A9E6A2,prospective_open_external,prospective_open_external,prospective_open_external,no,no,yes,provisional_open_external_pending_model_run
EXT_88A27790C2BD,EXT_88A27790C2BD,OPEN_TEXTILE_ANTI_WETTING_2019,SFC_F92838A9E6A2,prospective_open_external,prospective_open_external,prospective_open_external,no,no,yes,provisional_open_external_pending_model_run
EXT_4DA44BDBC109,EXT_4DA44BDBC109,OPEN_TEXTILE_ANTI_WETTING_2019,SFC_F8CAAE03FE56,prospective_open_external,prospective_open_external,prospective_open_external,no,no,yes,provisional_open_external_pending_model_run
EXT_AB64302191E1,EXT_AB64302191E1,OPEN_TEXTILE_ANTI_WETTING_2019,SFC_F8CAAE03FE56,prospective_open_external,prospective_open_external,prospective_open_external,no,no,yes,provisional_open_external_pending_model_run
EXT_90EB026C806A,EXT_90EB026C806A,OPEN_TEXTILE_ANTI_WETTING_2019,SFC_F8CAAE03FE56,prospective_open_external,prospective_open_external,prospective_open_external,no,no,yes,provisional_open_external_pending_model_run
EXT_1D5570A27934,EXT_1D5570A27934,OPEN_TEXTILE_ANTI_WETTING_2019,SFC_96459A5711ED,prospective_open_external,prospective_open_external,prospective_open_external,no,no,yes,provisional_open_external_pending_model_run
EXT_C2CBB107CCEB,EXT_C2CBB107CCEB,OPEN_TEXTILE_ANTI_WETTING_2019,SFC_96459A5711ED,prospective_open_external,prospective_open_external,prospective_open_external,no,no,yes,provisional_open_external_pending_model_run
EXT_608AC2D3D381,EXT_608AC2D3D381,OPEN_TEXTILE_ANTI_WETTING_2019,SFC_96459A5711ED,prospective_open_external,prospective_open_external,prospective_open_external,no,no,yes,provisional_open_external_pending_model_run
EXT_0AE552940B30,EXT_0AE552940B30,OPEN_TEXTILE_ANTI_WETTING_2019,SFC_DE9D8D16E40F,prospective_open_external,prospective_open_external,prospective_open_external,no,no,yes,provisional_open_external_pending_model_run
EXT_3549187670B3,EXT_3549187670B3,OPEN_TEXTILE_ANTI_WETTING_2019,SFC_DE9D8D16E40F,prospective_open_external,prospective_open_external,prospective_open_external,no,no,yes,provisional_open_external_pending_model_run
EXT_925A4AF449D5,EXT_925A4AF449D5,OPEN_TEXTILE_ANTI_WETTING_2019,SFC_DE9D8D16E40F,prospective_open_external,prospective_open_external,prospective_open_external,no,no,yes,provisional_open_external_pending_model_run
EXT_AF4963616E76,EXT_AF4963616E76,OPEN_TEXTILE_ANTI_WETTING_2019,SFC_A7A6BDD5941D,prospective_open_external,prospective_open_external,prospective_open_external,no,no,yes,provisional_open_external_pending_model_run
EXT_74D717509DFB,EXT_74D717509DFB,OPEN_TEXTILE_ANTI_WETTING_2019,SFC_A7A6BDD5941D,prospective_open_external,prospective_open_external,prospective_open_external,no,no,yes,provisional_open_external_pending_model_run
EXT_6E149AD2F9BC,EXT_6E149AD2F9BC,OPEN_TEXTILE_ANTI_WETTING_2019,SFC_A7A6BDD5941D,prospective_open_external,prospective_open_external,prospective_open_external,no,no,yes,provisional_open_external_pending_model_run
EXT_A77898F3791B,EXT_A77898F3791B,OPEN_TEXTILE_ANTI_WETTING_2019,SFC_AEE4770633F2,prospective_open_external,prospective_open_external,prospective_open_external,no,no,yes,provisional_open_external_pending_model_run
EXT_2B7215CA739E,EXT_2B7215CA739E,OPEN_TEXTILE_ANTI_WETTING_2019,SFC_AEE4770633F2,prospective_open_external,prospective_open_external,prospective_open_external,no,no,yes,provisional_open_external_pending_model_run
EXT_6A76549F5884,EXT_6A76549F5884,OPEN_TEXTILE_ANTI_WETTING_2019,SFC_AEE4770633F2,prospective_open_external,prospective_open_external,prospective_open_external,no,no,yes,provisional_open_external_pending_model_run
EXT_14B3DFB49864,EXT_14B3DFB49864,OPEN_TEXTILE_ANTI_WETTING_2019,SFC_E0770C382AAA,prospective_open_external,prospective_open_external,prospective_open_external,no,no,yes,provisional_open_external_pending_model_run
EXT_038669031712,EXT_038669031712,OPEN_TEXTILE_ANTI_WETTING_2019,SFC_E0770C382AAA,prospective_open_external,prospective_open_external,prospective_open_external,no,no,yes,provisional_open_external_pending_model_run
EXT_6181C20E4C23,EXT_6181C20E4C23,OPEN_TEXTILE_ANTI_WETTING_2019,SFC_E0770C382AAA,prospective_open_external,prospective_open_external,prospective_open_external,no,no,yes,provisional_open_external_pending_model_run
EXT_72A5665216D0,EXT_72A5665216D0,OPEN_TEXTILE_ANTI_WETTING_2019,SFC_D1ADE9B03D51,prospective_open_external,prospective_open_external,prospective_open_external,no,no,yes,provisional_open_external_pending_model_run
EXT_2BFE763DBE7F,EXT_2BFE763DBE7F,OPEN_TEXTILE_ANTI_WETTING_2019,SFC_D1ADE9B03D51,prospective_open_external,prospective_open_external,prospective_open_external,no,no,yes,provisional_open_external_pending_model_run
EXT_8D65AE043571,EXT_8D65AE043571,OPEN_TEXTILE_ANTI_WETTING_2019,SFC_D1ADE9B03D51,prospective_open_external,prospective_open_external,prospective_open_external,no,no,yes,provisional_open_external_pending_model_run
EXT_C6C3DE3E198C,EXT_C6C3DE3E198C,OPEN_TEXTILE_ANTI_WETTING_2019,SFC_F4A35D2DD4C5,prospective_open_external,prospective_open_external,prospective_open_external,no,no,yes,provisional_open_external_pending_model_run
EXT_CB7F947E87F6,EXT_CB7F947E87F6,OPEN_TEXTILE_ANTI_WETTING_2019,SFC_F4A35D2DD4C5,prospective_open_external,prospective_open_external,prospective_open_external,no,no,yes,provisional_open_external_pending_model_run
EXT_08747D17F0BD,EXT_08747D17F0BD,OPEN_TEXTILE_ANTI_WETTING_2019,SFC_F4A35D2DD4C5,prospective_open_external,prospective_open_external,prospective_open_external,no,no,yes,provisional_open_external_pending_model_run
EXT_8197A3621B99,EXT_8197A3621B99,OPEN_TEXTILE_ANTI_WETTING_2019,SFC_B6F1BA3CA55E,prospective_open_external,prospective_open_external,prospective_open_external,no,no,yes,provisional_open_external_pending_model_run
EXT_9C403EA34EBF,EXT_9C403EA34EBF,OPEN_TEXTILE_ANTI_WETTING_2019,SFC_B6F1BA3CA55E,prospective_open_external,prospective_open_external,prospective_open_external,no,no,yes,provisional_open_external_pending_model_run
EXT_0DF6420B4440,EXT_0DF6420B4440,OPEN_TEXTILE_ANTI_WETTING_2019,SFC_B6F1BA3CA55E,prospective_open_external,prospective_open_external,prospective_open_external,no,no,yes,provisional_open_external_pending_model_run
EXT_E6B7DB163BBF,EXT_E6B7DB163BBF,OPEN_TEXTILE_ANTI_WETTING_2019,SFC_ADC096AE0D75,prospective_open_external,prospective_open_external,prospective_open_external,no,no,yes,provisional_open_external_pending_model_run
EXT_CE643B4A3F85,EXT_CE643B4A3F85,OPEN_TEXTILE_ANTI_WETTING_2019,SFC_ADC096AE0D75,prospective_open_external,prospective_open_external,prospective_open_external,no,no,yes,provisional_open_external_pending_model_run
EXT_FE000B13E4CD,EXT_FE000B13E4CD,OPEN_TEXTILE_ANTI_WETTING_2019,SFC_ADC096AE0D75,prospective_open_external,prospective_open_external,prospective_open_external,no,no,yes,provisional_open_external_pending_model_run
EXT_80DEF70D19C2,EXT_80DEF70D19C2,OPEN_TEXTILE_ANTI_WETTING_2019,SFC_7E09C519A040,prospective_open_external,prospective_open_external,prospective_open_external,no,no,yes,provisional_open_external_pending_model_run
EXT_9AB928688B6A,EXT_9AB928688B6A,OPEN_TEXTILE_ANTI_WETTING_2019,SFC_7E09C519A040,prospective_open_external,prospective_open_external,prospective_open_external,no,no,yes,provisional_open_external_pending_model_run
EXT_5361E028DB1F,EXT_5361E028DB1F,OPEN_TEXTILE_ANTI_WETTING_2019,SFC_7E09C519A040,prospective_open_external,prospective_open_external,prospective_open_external,no,no,yes,provisional_open_external_pending_model_run
EXT_3C536EB8B2E0,EXT_3C536EB8B2E0,OPEN_TEXTILE_ANTI_WETTING_2019,SFC_FE1BCA204FFA,prospective_open_external,prospective_open_external,prospective_open_external,no,no,yes,provisional_open_external_pending_model_run
EXT_E53A49812943,EXT_E53A49812943,OPEN_TEXTILE_ANTI_WETTING_2019,SFC_FE1BCA204FFA,prospective_open_external,prospective_open_external,prospective_open_external,no,no,yes,provisional_open_external_pending_model_run
EXT_EE607E307472,EXT_EE607E307472,OPEN_TEXTILE_ANTI_WETTING_2019,SFC_FE1BCA204FFA,prospective_open_external,prospective_open_external,prospective_open_external,no,no,yes,provisional_open_external_pending_model_run
EXT_618188348392,EXT_618188348392,OPEN_PLA_FILMS_2021,SFC_01B9AA1C0B74,prospective_open_external,prospective_open_external,prospective_open_external,no,no,yes,provisional_open_external_pending_model_run
EXT_069D7AE7FCAD,EXT_069D7AE7FCAD,OPEN_PLA_FILMS_2021,SFC_B1D8AACA85B5,prospective_open_external,prospective_open_external,prospective_open_external,no,no,yes,provisional_open_external_pending_model_run
EXT_8935C7528E56,EXT_8935C7528E56,OPEN_PLA_FILMS_2021,SFC_662849118DF0,prospective_open_external,prospective_open_external,prospective_open_external,no,no,yes,provisional_open_external_pending_model_run
EXT_C98B044A6F7F,EXT_C98B044A6F7F,OPEN_PLA_FILMS_2021,SFC_29A9F5906DC4,prospective_open_external,prospective_open_external,prospective_open_external,no,no,yes,provisional_open_external_pending_model_run
EXT_4299E75704B2,EXT_4299E75704B2,OPEN_PLA_FILMS_2021,SFC_01B9AA1C0B74,prospective_open_external,prospective_open_external,prospective_open_external,no,no,yes,provisional_open_external_pending_model_run
EXT_C0A69AE67463,EXT_C0A69AE67463,OPEN_PLA_FILMS_2021,SFC_B1D8AACA85B5,prospective_open_external,prospective_open_external,prospective_open_external,no,no,yes,provisional_open_external_pending_model_run
EXT_59A1C74C7C24,EXT_59A1C74C7C24,OPEN_PLA_FILMS_2021,SFC_662849118DF0,prospective_open_external,prospective_open_external,prospective_open_external,no,no,yes,provisional_open_external_pending_model_run
EXT_28942280B8C6,EXT_28942280B8C6,OPEN_PLA_FILMS_2021,SFC_29A9F5906DC4,prospective_open_external,prospective_open_external,prospective_open_external,no,no,yes,provisional_open_external_pending_model_run
EXT_264C8AB42663,EXT_264C8AB42663,OPEN_PLA_FILMS_2021,SFC_01B9AA1C0B74,prospective_open_external,prospective_open_external,prospective_open_external,no,no,yes,provisional_open_external_pending_model_run
EXT_0C90915034B7,EXT_0C90915034B7,OPEN_PLA_FILMS_2021,SFC_B1D8AACA85B5,prospective_open_external,prospective_open_external,prospective_open_external,no,no,yes,provisional_open_external_pending_model_run
EXT_197AF6112F5C,EXT_197AF6112F5C,OPEN_PLA_FILMS_2021,SFC_662849118DF0,prospective_open_external,prospective_open_external,prospective_open_external,no,no,yes,provisional_open_external_pending_model_run
EXT_F7284554E363,EXT_F7284554E363,OPEN_PLA_FILMS_2021,SFC_29A9F5906DC4,prospective_open_external,prospective_open_external,prospective_open_external,no,no,yes,provisional_open_external_pending_model_run
EXT_832E508A7F45,EXT_832E508A7F45,OPEN_PLA_FILMS_2021,SFC_4640D599C795,prospective_open_external,prospective_open_external,prospective_open_external,no,no,yes,provisional_open_external_pending_model_run
EXT_263F0D060209,EXT_263F0D060209,OPEN_PLA_FILMS_2021,SFC_869B011AB104,prospective_open_external,prospective_open_external,prospective_open_external,no,no,yes,provisional_open_external_pending_model_run
EXT_4511C3A71669,EXT_4511C3A71669,OPEN_PLA_FILMS_2021,SFC_52F0F5BD3D6C,prospective_open_external,prospective_open_external,prospective_open_external,no,no,yes,provisional_open_external_pending_model_run
EXT_8BBA4B544E54,EXT_8BBA4B544E54,OPEN_PLA_FILMS_2021,SFC_8864A171D8DB,prospective_open_external,prospective_open_external,prospective_open_external,no,no,yes,provisional_open_external_pending_model_run
EXT_2EB8A593D55E,EXT_2EB8A593D55E,OPEN_PLA_FILMS_2021,SFC_4640D599C795,prospective_open_external,prospective_open_external,prospective_open_external,no,no,yes,provisional_open_external_pending_model_run
EXT_A9A71A63993D,EXT_A9A71A63993D,OPEN_PLA_FILMS_2021,SFC_869B011AB104,prospective_open_external,prospective_open_external,prospective_open_external,no,no,yes,provisional_open_external_pending_model_run
EXT_B078FBEC9CEC,EXT_B078FBEC9CEC,OPEN_PLA_FILMS_2021,SFC_52F0F5BD3D6C,prospective_open_external,prospective_open_external,prospective_open_external,no,no,yes,provisional_open_external_pending_model_run
EXT_57487A07628B,EXT_57487A07628B,OPEN_PLA_FILMS_2021,SFC_8864A171D8DB,prospective_open_external,prospective_open_external,prospective_open_external,no,no,yes,provisional_open_external_pending_model_run
EXT_45CE8585FF60,EXT_45CE8585FF60,OPEN_PLA_FILMS_2021,SFC_4640D599C795,prospective_open_external,prospective_open_external,prospective_open_external,no,no,yes,provisional_open_external_pending_model_run
EXT_B488569FF3A6,EXT_B488569FF3A6,OPEN_PLA_FILMS_2021,SFC_869B011AB104,prospective_open_external,prospective_open_external,prospective_open_external,no,no,yes,provisional_open_external_pending_model_run
EXT_489544822E64,EXT_489544822E64,OPEN_PLA_FILMS_2021,SFC_52F0F5BD3D6C,prospective_open_external,prospective_open_external,prospective_open_external,no,no,yes,provisional_open_external_pending_model_run
EXT_5C43DD51F487,EXT_5C43DD51F487,OPEN_PLA_FILMS_2021,SFC_8864A171D8DB,prospective_open_external,prospective_open_external,prospective_open_external,no,no,yes,provisional_open_external_pending_model_run
EXT_0780FA855EA7,EXT_0780FA855EA7,OPEN_PLA_FILMS_2021,SFC_CA0DF2A414ED,prospective_open_external,prospective_open_external,prospective_open_external,no,no,yes,provisional_open_external_pending_model_run
EXT_F2DE1724D72F,EXT_F2DE1724D72F,OPEN_PLA_FILMS_2021,SFC_0FBA62725BE6,prospective_open_external,prospective_open_external,prospective_open_external,no,no,yes,provisional_open_external_pending_model_run
EXT_5763DE0B39DD,EXT_5763DE0B39DD,OPEN_PLA_FILMS_2021,SFC_84FF6543987A,prospective_open_external,prospective_open_external,prospective_open_external,no,no,yes,provisional_open_external_pending_model_run
EXT_62C7119859BF,EXT_62C7119859BF,OPEN_PLA_FILMS_2021,SFC_91B74A694C1A,prospective_open_external,prospective_open_external,prospective_open_external,no,no,yes,provisional_open_external_pending_model_run
EXT_874FDB205BEC,EXT_874FDB205BEC,OPEN_PLA_FILMS_2021,SFC_CA0DF2A414ED,prospective_open_external,prospective_open_external,prospective_open_external,no,no,yes,provisional_open_external_pending_model_run
EXT_1974721ED722,EXT_1974721ED722,OPEN_PLA_FILMS_2021,SFC_0FBA62725BE6,prospective_open_external,prospective_open_external,prospective_open_external,no,no,yes,provisional_open_external_pending_model_run
EXT_28B169088998,EXT_28B169088998,OPEN_PLA_FILMS_2021,SFC_84FF6543987A,prospective_open_external,prospective_open_external,prospective_open_external,no,no,yes,provisional_open_external_pending_model_run
EXT_C0610F416EF7,EXT_C0610F416EF7,OPEN_PLA_FILMS_2021,SFC_91B74A694C1A,prospective_open_external,prospective_open_external,prospective_open_external,no,no,yes,provisional_open_external_pending_model_run
EXT_A399484607B3,EXT_A399484607B3,OPEN_PLA_FILMS_2021,SFC_CA0DF2A414ED,prospective_open_external,prospective_open_external,prospective_open_external,no,no,yes,provisional_open_external_pending_model_run
EXT_0325D9C2E6F8,EXT_0325D9C2E6F8,OPEN_PLA_FILMS_2021,SFC_0FBA62725BE6,prospective_open_external,prospective_open_external,prospective_open_external,no,no,yes,provisional_open_external_pending_model_run
EXT_2D1C9CE8FE08,EXT_2D1C9CE8FE08,OPEN_PLA_FILMS_2021,SFC_84FF6543987A,prospective_open_external,prospective_open_external,prospective_open_external,no,no,yes,provisional_open_external_pending_model_run
EXT_CFE40CFC3BA1,EXT_CFE40CFC3BA1,OPEN_PLA_FILMS_2021,SFC_91B74A694C1A,prospective_open_external,prospective_open_external,prospective_open_external,no,no,yes,provisional_open_external_pending_model_run
EXT_20E924898243,EXT_20E924898243,OPEN_PLA_FILMS_2021,SFC_46B777D53533,prospective_open_external,prospective_open_external,prospective_open_external,no,no,yes,provisional_open_external_pending_model_run
EXT_D5A2B07B71FE,EXT_D5A2B07B71FE,OPEN_PLA_FILMS_2021,SFC_2171EA47DB00,prospective_open_external,prospective_open_external,prospective_open_external,no,no,yes,provisional_open_external_pending_model_run
EXT_FCDB7AFFCD9B,EXT_FCDB7AFFCD9B,OPEN_PLA_FILMS_2021,SFC_C73C8C6483E4,prospective_open_external,prospective_open_external,prospective_open_external,no,no,yes,provisional_open_external_pending_model_run
EXT_F0D8FCD36A83,EXT_F0D8FCD36A83,OPEN_PLA_FILMS_2021,SFC_B93E7618C45A,prospective_open_external,prospective_open_external,prospective_open_external,no,no,yes,provisional_open_external_pending_model_run
EXT_DA1010942764,EXT_DA1010942764,OPEN_PLA_FILMS_2021,SFC_46B777D53533,prospective_open_external,prospective_open_external,prospective_open_external,no,no,yes,provisional_open_external_pending_model_run
EXT_57AAA740DBD8,EXT_57AAA740DBD8,OPEN_PLA_FILMS_2021,SFC_2171EA47DB00,prospective_open_external,prospective_open_external,prospective_open_external,no,no,yes,provisional_open_external_pending_model_run
EXT_6FAB73084CB3,EXT_6FAB73084CB3,OPEN_PLA_FILMS_2021,SFC_C73C8C6483E4,prospective_open_external,prospective_open_external,prospective_open_external,no,no,yes,provisional_open_external_pending_model_run
EXT_793B32E71A38,EXT_793B32E71A38,OPEN_PLA_FILMS_2021,SFC_B93E7618C45A,prospective_open_external,prospective_open_external,prospective_open_external,no,no,yes,provisional_open_external_pending_model_run
EXT_BB5D89275AD2,EXT_BB5D89275AD2,OPEN_PLA_FILMS_2021,SFC_46B777D53533,prospective_open_external,prospective_open_external,prospective_open_external,no,no,yes,provisional_open_external_pending_model_run
EXT_E8E1679EDB31,EXT_E8E1679EDB31,OPEN_PLA_FILMS_2021,SFC_2171EA47DB00,prospective_open_external,prospective_open_external,prospective_open_external,no,no,yes,provisional_open_external_pending_model_run
EXT_882D286A650A,EXT_882D286A650A,OPEN_PLA_FILMS_2021,SFC_C73C8C6483E4,prospective_open_external,prospective_open_external,prospective_open_external,no,no,yes,provisional_open_external_pending_model_run
EXT_E31EC66D808C,EXT_E31EC66D808C,OPEN_PLA_FILMS_2021,SFC_B93E7618C45A,prospective_open_external,prospective_open_external,prospective_open_external,no,no,yes,provisional_open_external_pending_model_run
EXT_0C2F137C0768,EXT_0C2F137C0768,OPEN_CARBON_GLYCAN_2016,SFC_DDCE904A2E37,prospective_open_external,prospective_open_external,prospective_open_external,no,no,yes,provisional_open_external_pending_model_run
EXT_3D14543B75E6,EXT_3D14543B75E6,OPEN_CARBON_GLYCAN_2016,SFC_DDCE904A2E37,prospective_open_external,prospective_open_external,prospective_open_external,no,no,yes,provisional_open_external_pending_model_run
EXT_C8683F966ABC,EXT_C8683F966ABC,OPEN_CARBON_GLYCAN_2016,SFC_DDCE904A2E37,prospective_open_external,prospective_open_external,prospective_open_external,no,no,yes,provisional_open_external_pending_model_run
EXT_A05B145D5D55,EXT_A05B145D5D55,OPEN_CARBON_GLYCAN_2016,SFC_757E5A51849D,prospective_open_external,prospective_open_external,prospective_open_external,no,no,yes,provisional_open_external_pending_model_run
EXT_4D6047F3DA11,EXT_4D6047F3DA11,OPEN_CARBON_GLYCAN_2016,SFC_757E5A51849D,prospective_open_external,prospective_open_external,prospective_open_external,no,no,yes,provisional_open_external_pending_model_run
EXT_7CF183ABF3B6,EXT_7CF183ABF3B6,OPEN_CARBON_GLYCAN_2016,SFC_757E5A51849D,prospective_open_external,prospective_open_external,prospective_open_external,no,no,yes,provisional_open_external_pending_model_run
EXT_64532C66FD00,EXT_64532C66FD00,OPEN_CARBON_GLYCAN_2016,SFC_C1B0541D31DE,prospective_open_external,prospective_open_external,prospective_open_external,no,no,yes,provisional_open_external_pending_model_run
EXT_68FC9343A58A,EXT_68FC9343A58A,OPEN_CARBON_GLYCAN_2016,SFC_C1B0541D31DE,prospective_open_external,prospective_open_external,prospective_open_external,no,no,yes,provisional_open_external_pending_model_run
EXT_F1A8D658D675,EXT_F1A8D658D675,OPEN_CARBON_GLYCAN_2016,SFC_C1B0541D31DE,prospective_open_external,prospective_open_external,prospective_open_external,no,no,yes,provisional_open_external_pending_model_run
EXT_9F58E9B1730C,EXT_9F58E9B1730C,OPEN_CARBON_GLYCAN_2016,SFC_1CD855A0B4A5,prospective_open_external,prospective_open_external,prospective_open_external,no,no,yes,provisional_open_external_pending_model_run
EXT_BD0EEB764A84,EXT_BD0EEB764A84,OPEN_CARBON_GLYCAN_2016,SFC_1CD855A0B4A5,prospective_open_external,prospective_open_external,prospective_open_external,no,no,yes,provisional_open_external_pending_model_run
EXT_6B9D41D96636,EXT_6B9D41D96636,OPEN_CARBON_GLYCAN_2016,SFC_1CD855A0B4A5,prospective_open_external,prospective_open_external,prospective_open_external,no,no,yes,provisional_open_external_pending_model_run
EXT_BE673F974C34,EXT_BE673F974C34,OPEN_CARBON_GLYCAN_2016,SFC_9CBFB90624F8,prospective_open_external,prospective_open_external,prospective_open_external,no,no,yes,provisional_open_external_pending_model_run
EXT_810E90883671,EXT_810E90883671,OPEN_CARBON_GLYCAN_2016,SFC_9CBFB90624F8,prospective_open_external,prospective_open_external,prospective_open_external,no,no,yes,provisional_open_external_pending_model_run
EXT_E2B297913813,EXT_E2B297913813,OPEN_CARBON_GLYCAN_2016,SFC_9CBFB90624F8,prospective_open_external,prospective_open_external,prospective_open_external,no,no,yes,provisional_open_external_pending_model_run
EXT_97FF8568B019,EXT_97FF8568B019,OPEN_CARBON_GLYCAN_2016,SFC_73AE050E307F,prospective_open_external,prospective_open_external,prospective_open_external,no,no,yes,provisional_open_external_pending_model_run
EXT_006E9D255BB0,EXT_006E9D255BB0,OPEN_CARBON_GLYCAN_2016,SFC_73AE050E307F,prospective_open_external,prospective_open_external,prospective_open_external,no,no,yes,provisional_open_external_pending_model_run
EXT_0AFA4AD6501C,EXT_0AFA4AD6501C,OPEN_CARBON_GLYCAN_2016,SFC_73AE050E307F,prospective_open_external,prospective_open_external,prospective_open_external,no,no,yes,provisional_open_external_pending_model_run
EXT_D7EE4324C62B,EXT_D7EE4324C62B,OPEN_FACEMASK_2023,SFC_4AD1E95A7848,prospective_open_external,prospective_open_external,prospective_open_external,no,no,yes,provisional_open_external_pending_model_run
EXT_2ED76F045DA7,EXT_2ED76F045DA7,OPEN_FACEMASK_2023,SFC_4AD1E95A7848,prospective_open_external,prospective_open_external,prospective_open_external,no,no,yes,provisional_open_external_pending_model_run
EXT_3DB1AD2DD595,EXT_3DB1AD2DD595,OPEN_FACEMASK_2023,SFC_4AD1E95A7848,prospective_open_external,prospective_open_external,prospective_open_external,no,no,yes,provisional_open_external_pending_model_run
EXT_21DECF058A46,EXT_21DECF058A46,OPEN_FACEMASK_2023,SFC_2C8D133FAE44,prospective_open_external,prospective_open_external,prospective_open_external,no,no,yes,provisional_open_external_pending_model_run
EXT_F4D52482F27E,EXT_F4D52482F27E,OPEN_FACEMASK_2023,SFC_2C8D133FAE44,prospective_open_external,prospective_open_external,prospective_open_external,no,no,yes,provisional_open_external_pending_model_run
EXT_19F026C2773F,EXT_19F026C2773F,OPEN_FACEMASK_2023,SFC_2C8D133FAE44,prospective_open_external,prospective_open_external,prospective_open_external,no,no,yes,provisional_open_external_pending_model_run
EXT_161578FE82D4,EXT_161578FE82D4,OPEN_FACEMASK_2023,SFC_61C86B62E941,prospective_open_external,prospective_open_external,prospective_open_external,no,no,yes,provisional_open_external_pending_model_run
EXT_A608D8AA1EAA,EXT_A608D8AA1EAA,OPEN_FACEMASK_2023,SFC_61C86B62E941,prospective_open_external,prospective_open_external,prospective_open_external,no,no,yes,provisional_open_external_pending_model_run
EXT_6A758A73420C,EXT_6A758A73420C,OPEN_FACEMASK_2023,SFC_61C86B62E941,prospective_open_external,prospective_open_external,prospective_open_external,no,no,yes,provisional_open_external_pending_model_run
EXT_591446AFD356,EXT_591446AFD356,OPEN_FACEMASK_2023,SFC_5D5B39751D66,prospective_open_external,prospective_open_external,prospective_open_external,no,no,yes,provisional_open_external_pending_model_run
EXT_3FFCD90BF04A,EXT_3FFCD90BF04A,OPEN_FACEMASK_2023,SFC_5D5B39751D66,prospective_open_external,prospective_open_external,prospective_open_external,no,no,yes,provisional_open_external_pending_model_run
EXT_A2BFA9FEE942,EXT_A2BFA9FEE942,OPEN_FACEMASK_2023,SFC_5D5B39751D66,prospective_open_external,prospective_open_external,prospective_open_external,no,no,yes,provisional_open_external_pending_model_run
EXT_E2623286DF9C,EXT_E2623286DF9C,OPEN_FACEMASK_2023,SFC_52742E4E2FF2,prospective_open_external,prospective_open_external,prospective_open_external,no,no,yes,provisional_open_external_pending_model_run
EXT_4414CE8E7161,EXT_4414CE8E7161,OPEN_FACEMASK_2023,SFC_52742E4E2FF2,prospective_open_external,prospective_open_external,prospective_open_external,no,no,yes,provisional_open_external_pending_model_run
EXT_8930F5ABA4B7,EXT_8930F5ABA4B7,OPEN_FACEMASK_2023,SFC_52742E4E2FF2,prospective_open_external,prospective_open_external,prospective_open_external,no,no,yes,provisional_open_external_pending_model_run
EXT_FFFDDFDEE3D0,EXT_FFFDDFDEE3D0,OPEN_FACEMASK_2023,SFC_98A58E5AB649,prospective_open_external,prospective_open_external,prospective_open_external,no,no,yes,provisional_open_external_pending_model_run
EXT_E63EB3F2835E,EXT_E63EB3F2835E,OPEN_FACEMASK_2023,SFC_98A58E5AB649,prospective_open_external,prospective_open_external,prospective_open_external,no,no,yes,provisional_open_external_pending_model_run
EXT_07642A48B0AD,EXT_07642A48B0AD,OPEN_FACEMASK_2023,SFC_98A58E5AB649,prospective_open_external,prospective_open_external,prospective_open_external,no,no,yes,provisional_open_external_pending_model_run
EXT_FEA43C1D185A,EXT_FEA43C1D185A,OPEN_FACEMASK_2023,SFC_804C47F28DD6,prospective_open_external,prospective_open_external,prospective_open_external,no,no,yes,provisional_open_external_pending_model_run
EXT_1D4E7C8984A2,EXT_1D4E7C8984A2,OPEN_FACEMASK_2023,SFC_804C47F28DD6,prospective_open_external,prospective_open_external,prospective_open_external,no,no,yes,provisional_open_external_pending_model_run
EXT_8E2D528C28E4,EXT_8E2D528C28E4,OPEN_FACEMASK_2023,SFC_804C47F28DD6,prospective_open_external,prospective_open_external,prospective_open_external,no,no,yes,provisional_open_external_pending_model_run
EXT_DE22A4AE61FC,EXT_DE22A4AE61FC,OPEN_CHITOSAN_GELATIN_2022,SFC_26BB55DBD67D,prospective_open_external,prospective_open_external,prospective_open_external,no,no,yes,provisional_open_external_pending_model_run
EXT_7534CEB38FB4,EXT_7534CEB38FB4,OPEN_CHITOSAN_GELATIN_2022,SFC_26BB55DBD67D,prospective_open_external,prospective_open_external,prospective_open_external,no,no,yes,provisional_open_external_pending_model_run
EXT_397F0C3BD5CF,EXT_397F0C3BD5CF,OPEN_CHITOSAN_GELATIN_2022,SFC_D400AC079E9D,prospective_open_external,prospective_open_external,prospective_open_external,no,no,yes,provisional_open_external_pending_model_run
EXT_B24A3A78D359,EXT_B24A3A78D359,OPEN_CHITOSAN_GELATIN_2022,SFC_D400AC079E9D,prospective_open_external,prospective_open_external,prospective_open_external,no,no,yes,provisional_open_external_pending_model_run
EXT_F82FEAC10BBB,EXT_F82FEAC10BBB,OPEN_CHITOSAN_GELATIN_2022,SFC_F1718B0B4710,prospective_open_external,prospective_open_external,prospective_open_external,no,no,yes,provisional_open_external_pending_model_run
EXT_67BEF7CA0F14,EXT_67BEF7CA0F14,OPEN_CHITOSAN_GELATIN_2022,SFC_F1718B0B4710,prospective_open_external,prospective_open_external,prospective_open_external,no,no,yes,provisional_open_external_pending_model_run
EXT_D348EE3E6106,EXT_D348EE3E6106,OPEN_CHITOSAN_GELATIN_2022,SFC_C768409105A9,prospective_open_external,prospective_open_external,prospective_open_external,no,no,yes,provisional_open_external_pending_model_run
EXT_FEB300669898,EXT_FEB300669898,OPEN_CHITOSAN_GELATIN_2022,SFC_C768409105A9,prospective_open_external,prospective_open_external,prospective_open_external,no,no,yes,provisional_open_external_pending_model_run
EXT_126475924947,EXT_126475924947,OPEN_CHITOSAN_GELATIN_2022,SFC_21C07DE8FEA5,prospective_open_external,prospective_open_external,prospective_open_external,no,no,yes,provisional_open_external_pending_model_run
EXT_CC9EEC4BEE40,EXT_CC9EEC4BEE40,OPEN_CHITOSAN_GELATIN_2022,SFC_21C07DE8FEA5,prospective_open_external,prospective_open_external,prospective_open_external,no,no,yes,provisional_open_external_pending_model_run
EXT_618DAE924695,EXT_618DAE924695,OPEN_CHITOSAN_GELATIN_2022,SFC_4988FD117978,prospective_open_external,prospective_open_external,prospective_open_external,no,no,yes,provisional_open_external_pending_model_run
EXT_FC56291F305C,EXT_FC56291F305C,OPEN_CHITOSAN_GELATIN_2022,SFC_4988FD117978,prospective_open_external,prospective_open_external,prospective_open_external,no,no,yes,provisional_open_external_pending_model_run
EXT_0793ADE7D32F,EXT_0793ADE7D32F,OPEN_CHITOSAN_GELATIN_2022,SFC_728D367B9FEB,prospective_open_external,prospective_open_external,prospective_open_external,no,no,yes,provisional_open_external_pending_model_run
EXT_9F8D5B3E0335,EXT_9F8D5B3E0335,OPEN_CHITOSAN_GELATIN_2022,SFC_728D367B9FEB,prospective_open_external,prospective_open_external,prospective_open_external,no,no,yes,provisional_open_external_pending_model_run
