surface_group_id,source_group_id,solid_name,solid_family,solid_substrate,surface_treatment,surface_treatment_detail,coating_or_layer,surface_state,roughness_Ra_nm,roughness_Rq_nm,roughness_r_factor,sample_preparation_notes
SFC_00EE5242D2A3,SRC011,Si,other,,untreated,"water contact angle from Berry Table 1, primary ref [24]",,smooth,,,,"water contact angle from Berry Table 1, primary ref [24]"
SFC_02B9E44B3DAE,SDX010,smooth PIndole-6-F4 film,polymer,electrodeposited polyindole film,electrodeposition,smooth PIndole-6-F4 film; smooth-film Table 4 roughness/contact angles,fluorinated polyindole film,smooth_nanostructured,7.8,10.1,,smooth PIndole-6-F4 film; smooth-film Table 4 roughness/contact angles
SFC_035481CA46C7,SRC011,PTFE,polymer,,plasma,"Treated with O2/Ar plasma, RIE method.",,smooth,,,,"Treated with O2/Ar plasma, RIE method."
SFC_04353B2CE787,SRC023,PMMA,polymer,,unknown,existing project typical literature-derived value; original script does not specify treatment,,smooth,,,,
SFC_059D01259A34,SRC023,BR,polymer,,unknown,existing project typical literature-derived value; original script does not specify treatment,,unknown,,,,
SFC_086288EDF921,SDX008,PLA-C adsorption layer on PTFE,polymer,PTFE,PLA adsorption,PLA-C adsorption layer on PTFE; Table 4 contact angles for PLA interfacial adsorption study,PLA adsorption layer,smooth,,,,PLA-C adsorption layer on PTFE; Table 4 contact angles for PLA interfacial adsorption study
SFC_09D2365FF128,SRC023,PE,polymer,,unknown,existing project typical literature-derived value; original script does not specify treatment,,smooth,,,,
SFC_0C4EEBCACC30,SRC023,PVDF,polymer,,unknown,existing project typical literature-derived value; original script does not specify treatment,,smooth,,,,
SFC_0DD31A36BF54,SDX002,Pseudomonas aeruginosa microbial lawn,biomaterial,microbial lawn on membrane filter,hydrated_microbial_lawn,Pseudomonas aeruginosa microbial lawn; Table 2 microbial surface contact angles,,biological_surface,,,,Pseudomonas aeruginosa microbial lawn; Table 2 microbial surface contact angles
SFC_10C3C0102684,SRC010,PTFE,polymer,,plasma,"SDBD air plasma, 15 s",,smooth,,,,air SDBD plasma study; values grouped by polymer and treatment time
SFC_122E5AC99B75,SRC019,PLA/CBD,polymer,,other,PLA/CBD after 400 h weather aging; CBD plant-origin stabilizer additive,CBD plant-origin stabilizer additive,smooth,,,,polymer packaging film weather-aging series
SFC_12E012885148,SDX006,CSDA/LA chitosan-dialdehyde film,biomaterial,chitosan film,deep_eutectic_solvent_functionalization,CSDA/LA chitosan/dialdehyde film; Table 3,,coated,,,,CSDA/LA chitosan/dialdehyde film; Table 3
SFC_158AAEDEF9ED,SRC019,Topas,polymer,,untreated,Topas reference sample before weather aging,,smooth,,,,polymer packaging film weather-aging series
SFC_159FF1E1E160,SDX001,PMMA,polymer,PMMA,untreated,"PMMA; PMMA laser/GO/CBD surface, Table 3",,smooth,150.0,190.0,,"PMMA; PMMA laser/GO/CBD surface, Table 3"
SFC_15EC92D72DA3,SDX006,CSDA/GE chitosan-dialdehyde film,biomaterial,chitosan film,deep_eutectic_solvent_functionalization,CSDA/GE chitosan/dialdehyde film; Table 3,,coated,,,,CSDA/GE chitosan/dialdehyde film; Table 3
SFC_179EF7E9B650,SRC011,CeO2,oxide,,untreated,"CeO2 (110) water contact angle from Berry Table 1, primary ref [27]",,smooth,,,,"CeO2 (110) water contact angle from Berry Table 1, primary ref [27]"
SFC_18B35400A3DF,SRC019,Topas/CBD,polymer,,other,Topas/CBD reference sample before weather aging; CBD plant-origin stabilizer additive,CBD plant-origin stabilizer additive,smooth,,,,polymer packaging film weather-aging series
SFC_1959CDFDAA85,SRC004,CeO2 ceramic,oxide,rare-earth oxide ceramic,sintering,CeO2 ceramic; sintered rare-earth oxide ceramic,,ceramic,,,,rare-earth oxide high-angle ceramic/sputtered surface; reserved for hard external evaluation
SFC_1A0DE38C2B6C,SRC019,Topas/CBD,polymer,,other,Topas/CBD after 200 h weather aging; CBD plant-origin stabilizer additive,CBD plant-origin stabilizer additive,smooth,,,,polymer packaging film weather-aging series
SFC_1A55A8F9BE53,SRC004,Eu2O3 ceramic,oxide,rare-earth oxide ceramic,sintering,Eu2O3 ceramic; sintered rare-earth oxide ceramic,,ceramic,,,,rare-earth oxide high-angle ceramic/sputtered surface; reserved for hard external evaluation
SFC_1B0EE35A8601,SRC005,Flat polystyrene,polymer,polystyrene,untreated,flat polystyrene reference surface,,smooth,,,,flat polystyrene reference surface
SFC_1B7A5069B364,SDX008,PLA-C adsorption layer on silicone,polymer,silicone,PLA adsorption,PLA-C adsorption layer on silicone; Table 4 contact angles for PLA interfacial adsorption study,PLA adsorption layer,smooth,,,,PLA-C adsorption layer on silicone; Table 4 contact angles for PLA interfacial adsorption study
SFC_1CE43E1DBA17,SRC009,PEEK,polymer,,mechanical_polishing,IPA cleaning + sand blasting,,rough,,,,IPA cleaning + sand blasting
SFC_1D3B0F1839B5,SDX004,"L3-C coated laser-textured CFRP, cleaning step 2",composite,carbon-fiber-reinforced polymer composite,laser_texturing_and_coating,L3-C femtosecond-laser-textured CFRP with hydrophobic coating after cleaning step 2; Table 4,hydrophobic coating on laser-textured CFRP,rough_coated,,,,L3-C femtosecond-laser-textured CFRP with hydrophobic coating after cleaning step 2; Table 4
SFC_1D8B05F80DC7,SRC008,PEGDA hydrogel,biomaterial,,other,PEGDA-3 swollen sample,,smooth,,,,photopolymerized PEGDA hydrogel formulation
SFC_20F9A903B6D3,SRC019,Topas/CBD,polymer,,other,Topas/CBD after 400 h weather aging; CBD plant-origin stabilizer additive,CBD plant-origin stabilizer additive,smooth,,,,polymer packaging film weather-aging series
SFC_21ABD9D32070,SDX008,Glass control substrate,glass,glass,untreated,Glass control substrate; Table 4 contact angles for PLA interfacial adsorption study,,smooth,,,,Glass control substrate; Table 4 contact angles for PLA interfacial adsorption study
SFC_21F140E4B18D,SRC011,Sn,metal,,untreated,"water contact angle from Berry Table 1, primary ref [24]",,smooth,,,,"water contact angle from Berry Table 1, primary ref [24]"
SFC_21F55DB1DB1F,SRC011,PC,polymer,,untreated,Untreated PC substrate; sessile drop method.,,smooth,,,,Untreated PC substrate; sessile drop method.
SFC_2202AAAAD87C,SRC001,Diamond powder (200 h irradiation),carbon_material,,other,diamond nanopowder after 200 h low-energy electron flux,,powder,,,,diamond nanopowder after 200 h low-energy electron flux
SFC_231FB62337B5,SRC005,Fluorosilane-treated flat polystyrene,polymer,polystyrene,coating,flat polystyrene following fluorosilane treatment,fluorosilane,smooth,,,,flat polystyrene following fluorosilane treatment
SFC_24AA4E8E6A9C,SRC011,PET,polymer,,coating,"FDTS SAM, optimal concentration 26.5 mM dm^-2.","FDTS SAM, optimal concentration 26.5 mM dm^-2.",smooth,,,,"FDTS SAM, optimal concentration 26.5 mM dm^-2."
SFC_251879E7A061,SRC011,PC,polymer,,laser,Surface textured via CO2 laser ablation.,,rough,,,,Surface textured via CO2 laser ablation.
SFC_258CBA406DD6,SRC023,PBT,polymer,,unknown,existing project typical literature-derived value; original script does not specify treatment,,smooth,,,,
SFC_27BD567B723E,SRC011,Ni,metal,,untreated,"water contact angle from Berry Table 1, primary ref [24]",,smooth,,,,"water contact angle from Berry Table 1, primary ref [24]"
SFC_292FB4EA5D24,SRC022,Ionene C11Br,polymer,,untreated,Ionene C11Br synthesized ionene film,,smooth,,,,ionene phase-change/self-healing polymer film
SFC_2A727AF34E6D,SRC013,RSC coated paper S1,coating,coated inkjet paper,coating,RSC coated paper S1 coated inkjet paper substrate,,smooth,,105.0,,commercial coated inkjet paper substrate used for printed PEDOT:PSS line performance study
SFC_2A9E0C34389A,SRC004,Tb4O7 ceramic,oxide,rare-earth oxide ceramic,sintering,Tb4O7 ceramic; sintered rare-earth oxide ceramic,,ceramic,,,,rare-earth oxide high-angle ceramic/sputtered surface; reserved for hard external evaluation
SFC_2B64446C7017,SRC019,Topas,polymer,,other,Topas after 100 h weather aging,,smooth,,,,polymer packaging film weather-aging series
SFC_2D953D8FEA9A,SRC014,Cellulose acetate CA,polymer,cellulose ester film/membrane,chemical_modification,"cellulose acetate film, Table 2/4",,smooth,,,,"cellulose acetate film, Table 2/4"
SFC_2E5EA5C6D130,SRC022,Ionene C5PF6,polymer,,untreated,Ionene C5PF6 synthesized ionene film,,smooth,,,,ionene phase-change/self-healing polymer film
SFC_2E8A7F435ADF,SRC004,Lu2O3 ceramic,oxide,rare-earth oxide ceramic,sintering,Lu2O3 ceramic; sintered rare-earth oxide ceramic,,ceramic,,,,rare-earth oxide high-angle ceramic/sputtered surface; reserved for hard external evaluation
SFC_2F5D209BCFE9,SRC024,PP,polymer,,unknown,existing project low_polarity; condition not specified,,smooth,,,,
SFC_2F8ECAFB7400,SRC023,PS,polymer,,unknown,existing project typical literature-derived value; original script does not specify treatment,,smooth,,,,
SFC_3014F50685DA,SRC015,Un-doped DLC-coated PMMA,polymer,PMMA microfluidic device,coating,un-doped diamond-like carbon coating on PMMA,,smooth,,,,un-doped diamond-like carbon coating on PMMA
SFC_309E17907FBA,SRC004,Pr6O11 ceramic,oxide,rare-earth oxide ceramic,sintering,Pr6O11 ceramic; sintered rare-earth oxide ceramic,,ceramic,,,,rare-earth oxide high-angle ceramic/sputtered surface; reserved for hard external evaluation
SFC_3165A119B1C7,SRC011,Copper,metal,,oxidation,"oxidized copper, water contact angle from Berry Table 1, primary ref [24]",,smooth,,,,"oxidized copper, water contact angle from Berry Table 1, primary ref [24]"
SFC_3269642DA2B0,SRC023,Epoxy,polymer,,unknown,existing project typical literature-derived value; original script does not specify treatment,,smooth,,,,
SFC_3658FB055001,SRC004,Nd2O3 ceramic,oxide,rare-earth oxide ceramic,sintering,Nd2O3 ceramic; sintered rare-earth oxide ceramic,,ceramic,,,,rare-earth oxide high-angle ceramic/sputtered surface; reserved for hard external evaluation
SFC_37A719049846,SDX004,"L1-C coated laser-textured CFRP, cleaning step 2",composite,carbon-fiber-reinforced polymer composite,laser_texturing_and_coating,L1-C femtosecond-laser-textured CFRP with hydrophobic coating after cleaning step 2; Table 4,hydrophobic coating on laser-textured CFRP,rough_coated,,,,L1-C femtosecond-laser-textured CFRP with hydrophobic coating after cleaning step 2; Table 4
SFC_37C517499760,SRC011,TiO2,oxide,,UV_ozone,Superhydrophilic after UV irradiation.,,smooth,,,,Superhydrophilic after UV irradiation.
SFC_37DC2984D4A3,SDX004,"L1-C coated laser-textured CFRP, cleaning step 5",composite,carbon-fiber-reinforced polymer composite,laser_texturing_and_coating,L1-C femtosecond-laser-textured CFRP with hydrophobic coating after cleaning step 5; Table 4,hydrophobic coating on laser-textured CFRP,rough_coated,,,,L1-C femtosecond-laser-textured CFRP with hydrophobic coating after cleaning step 5; Table 4
SFC_38EFEBA36525,SDX001,SG3/CBD coated PMMA,polymer,PMMA,laser_texturing_or_hybrid_coating,"SG3/CBD coated PMMA; PMMA laser/GO/CBD surface, Table 3",GO/CBD hybrid coating,rough_coated,1310.0,1660.0,,"SG3/CBD coated PMMA; PMMA laser/GO/CBD surface, Table 3"
SFC_39B450DAB1FB,SRC022,Ionene C6Br,polymer,,untreated,Ionene C6Br synthesized ionene film,,smooth,,,,ionene phase-change/self-healing polymer film
SFC_39DBA098ECDC,SRC013,RSC coated paper S3,coating,coated inkjet paper,coating,RSC coated paper S3 coated inkjet paper substrate,,smooth,,10.0,,commercial coated inkjet paper substrate used for printed PEDOT:PSS line performance study
SFC_3A2A2BDFA9F8,SRC011,PET,polymer,,untreated,Before atmospheric-pressure plasma treatment.,,smooth,,,,Before atmospheric-pressure plasma treatment.
SFC_3A3E77A94794,SDX004,"L4-C coated laser-textured CFRP, cleaning step 2",composite,carbon-fiber-reinforced polymer composite,laser_texturing_and_coating,L4-C femtosecond-laser-textured CFRP with hydrophobic coating after cleaning step 2; Table 4,hydrophobic coating on laser-textured CFRP,rough_coated,,,,L4-C femtosecond-laser-textured CFRP with hydrophobic coating after cleaning step 2; Table 4
SFC_3A912BE10F78,SRC019,PLA/CBD,polymer,,other,PLA/CBD reference sample before weather aging; CBD plant-origin stabilizer additive,CBD plant-origin stabilizer additive,smooth,,,,polymer packaging film weather-aging series
SFC_3BF005A262A4,SRC020,Ti-NT-EG before UV,oxide,titanium/titania nanotube array,anodization,TiO2 nanotube array anodized in ethylene glycol electrolyte before UV irradiation,,nanotube_array,,,,TiO2 nanotube array anodized in ethylene glycol electrolyte before UV irradiation
SFC_3C4F304244DF,SDX001,SG9.5 laser-textured PMMA,polymer,PMMA,laser_texturing_or_hybrid_coating,"SG9.5 laser-textured PMMA; PMMA laser/GO/CBD surface, Table 3",,rough_coated,510.0,680.0,,"SG9.5 laser-textured PMMA; PMMA laser/GO/CBD surface, Table 3"
SFC_3D1A32355659,SRC011,TiO2,oxide,,UV_ozone,Film prepared with SiO2; superhydrophilic after UV illumination.,,smooth,,,,Film prepared with SiO2; superhydrophilic after UV illumination.
SFC_3FA2C1A21D11,SDX004,"L3-C coated laser-textured CFRP, cleaning step 1",composite,carbon-fiber-reinforced polymer composite,laser_texturing_and_coating,L3-C femtosecond-laser-textured CFRP with hydrophobic coating after cleaning step 1; Table 4,hydrophobic coating on laser-textured CFRP,rough_coated,,,,L3-C femtosecond-laser-textured CFRP with hydrophobic coating after cleaning step 1; Table 4
SFC_40DC495414A4,SDX008,PTFE control substrate,polymer,PTFE,untreated,PTFE control substrate; Table 4 contact angles for PLA interfacial adsorption study,,smooth,,,,PTFE control substrate; Table 4 contact angles for PLA interfacial adsorption study
SFC_417F923EF7B4,SRC013,RSC coated paper S4,coating,coated inkjet paper,coating,RSC coated paper S4 coated inkjet paper substrate,,smooth,,10.0,,commercial coated inkjet paper substrate used for printed PEDOT:PSS line performance study
SFC_42A21ABE09F9,SDX005,low-energy coating sample 14,coating,coated substrate,low_surface_energy_coating,0/5 polymer/silica low-surface-energy coating; Table 4,polymer/silica low-surface-energy coating,coated,,,,0/5 polymer/silica low-surface-energy coating; Table 4
SFC_44B95F9FBEE4,SRC008,PEGDA hydrogel,biomaterial,,other,PEGDA-0 captive bubble method,,smooth,,,,photopolymerized PEGDA hydrogel formulation
SFC_463017990582,SRC020,Ti-NT-ChCl after UV,oxide,titanium/titania nanotube array,UV_ozone,TiO2 nanotube array anodized in choline chloride electrolyte after 20 min UV irradiation,,nanotube_array,,,,TiO2 nanotube array anodized in choline chloride electrolyte after 20 min UV irradiation
SFC_49842D0D9B8F,SRC023,PDMS,polymer,,unknown,existing project typical literature-derived value; original script does not specify treatment,,smooth,,,,
SFC_4A58BED65751,SDX009,M-Poly-PyB modified nonwoven PET membrane,polymer,nonwoven polyester membrane,co_polyamide_membrane_modification,M-Poly-PyB modified nonwoven PET membrane; surface porosity 58%; Table 3,pendant phenyl/pyridinyl co-polyamide,porous_membrane,,,,M-Poly-PyB modified nonwoven PET membrane; surface porosity 58%; Table 3
SFC_4A9A552599CA,SRC007,PET,polymer,,untreated,neat polymer matrix film before carbon black addition,,smooth,,,,neat polymer matrix reference
SFC_4B8196140353,SDX004,"L2-C coated laser-textured CFRP, cleaning step 1",composite,carbon-fiber-reinforced polymer composite,laser_texturing_and_coating,L2-C femtosecond-laser-textured CFRP with hydrophobic coating after cleaning step 1; Table 4,hydrophobic coating on laser-textured CFRP,rough_coated,,,,L2-C femtosecond-laser-textured CFRP with hydrophobic coating after cleaning step 1; Table 4
SFC_4B9DA50F6033,SRC006,Polypropylene carbonate (PPC),polymer,biodegradable PPC film,untreated,biodegradable CO2-based PPC polymer dielectric/substrate film,,smooth,,,,PPC film used as both dielectric and flexible substrate in organic thin-film transistors
SFC_4CE305FCECB9,SRC004,Dy2O3 ceramic,oxide,rare-earth oxide ceramic,sintering,Dy2O3 ceramic; sintered rare-earth oxide ceramic,,ceramic,,,,rare-earth oxide high-angle ceramic/sputtered surface; reserved for hard external evaluation
SFC_4E9D8F5E0021,SRC001,ZnO powder (100 h irradiation),oxide,,other,ZnO nanopowder after 100 h low-energy electron flux,,powder,,,,ZnO nanopowder after 100 h low-energy electron flux
SFC_500FB1C18BA7,SRC020,Ti-NT-EG after UV,oxide,titanium/titania nanotube array,UV_ozone,TiO2 nanotube array anodized in ethylene glycol electrolyte after 20 min UV irradiation,,nanotube_array,,,,TiO2 nanotube array anodized in ethylene glycol electrolyte after 20 min UV irradiation
SFC_501977853E73,SRC008,PEGDA hydrogel,biomaterial,,other,PEGDA-3 dry film,,smooth,,,,photopolymerized PEGDA hydrogel formulation
SFC_518FE42D18EE,SRC019,PLA,polymer,,other,PLA after 100 h weather aging,,smooth,,,,polymer packaging film weather-aging series
SFC_54D3CCF77E3A,SRC014,Cellulose tri-laurate CTL,polymer,cellulose ester film/membrane,chemical_modification,"cellulose tri-laurate film, Table 7/8",,smooth,,,,"cellulose tri-laurate film, Table 7/8"
SFC_5523B41BFD8F,SRC002,Fluorinated terpolymer electrospun nanofiber mat,polymer,electrospun terpolymer nanofibers containing perfluoroethyl alkyl methacrylate,coating,electrospun terpolymer nanofibers containing perfluoroethyl alkyl methacrylate,electrospun terpolymer nanofibers containing perfluoroethyl alkyl methacrylate,rough,,,,reserved as hard external high-contact-angle / non-water-rich challenge case
SFC_55DDAE9FF4E5,SDX006,CS chitosan-dialdehyde film,biomaterial,chitosan film,deep_eutectic_solvent_functionalization,CS chitosan/dialdehyde film; Table 3,,coated,,,,CS chitosan/dialdehyde film; Table 3
SFC_572551235161,SRC004,Er2O3 ceramic,oxide,rare-earth oxide ceramic,sintering,Er2O3 ceramic; sintered rare-earth oxide ceramic,,ceramic,,,,rare-earth oxide high-angle ceramic/sputtered surface; reserved for hard external evaluation
SFC_57C35DC0B570,SDX010,smooth PIndole-5-F6 film,polymer,electrodeposited polyindole film,electrodeposition,smooth PIndole-5-F6 film; smooth-film Table 4 roughness/contact angles,fluorinated polyindole film,smooth_nanostructured,6.4,9.8,,smooth PIndole-5-F6 film; smooth-film Table 4 roughness/contact angles
SFC_587171B3415D,SRC011,PTFE,polymer,,plasma,"Treated with O2/Ar plasma, plasma etching method.",,smooth,,,,"Treated with O2/Ar plasma, plasma etching method."
SFC_588A96278F34,SRC022,Ionene C9Br,polymer,,untreated,Ionene C9Br synthesized ionene film,,smooth,,,,ionene phase-change/self-healing polymer film
SFC_5909B52DF857,SRC011,Ti,metal,,untreated,"water contact angle from Berry Table 1, primary ref [24]",,smooth,,,,"water contact angle from Berry Table 1, primary ref [24]"
SFC_590E8318F5D5,SDX005,low-energy coating sample 7,coating,coated substrate,low_surface_energy_coating,10/5 polymer/silica low-surface-energy coating; Table 4,polymer/silica low-surface-energy coating,coated,,,,10/5 polymer/silica low-surface-energy coating; Table 4
SFC_5A7AACDD77C7,SRC016,BOND reference paper,cellulose,,untreated,BOND reference paper; laboratory conditions 24 +/- 1 C and RH 15 +/- 5%,,smooth,118.0,151.5,1.008,paper/polymer planar reaction array substrate; AFM roughness from Table 1
SFC_5B4B735AB969,SRC019,PLA,polymer,,other,PLA after 200 h weather aging,,smooth,,,,polymer packaging film weather-aging series
SFC_5B98CD5D3171,SRC008,PEGDA hydrogel,biomaterial,,other,PEGDA-0 dry film,,smooth,,,,photopolymerized PEGDA hydrogel formulation
SFC_5EB9C176CFB3,SRC007,PP,polymer,,untreated,neat polymer matrix film before carbon black addition,,smooth,,,,neat polymer matrix reference
SFC_5EBD6486C99B,SRC020,Ti-NT-ChCl before UV,oxide,titanium/titania nanotube array,anodization,TiO2 nanotube array anodized in choline chloride electrolyte before UV irradiation,,nanotube_array,,,,TiO2 nanotube array anodized in choline chloride electrolyte before UV irradiation
SFC_614D12C0AF73,SRC011,Gold,metal,,untreated,"water contact angle from Berry Table 1, primary ref [24]",,smooth,,,,"water contact angle from Berry Table 1, primary ref [24]"
SFC_64CEEFE0D7DB,SRC021,MacroPSi-2,semiconductor,silicon,etching,"electrochemically etched macroporous silicon, 10 mA cm^-2 for 40 min; porosity 86.2 +/- 6.2%; Table 4 before FOTS treatment",,porous,,,,"electrochemically etched macroporous silicon, 10 mA cm^-2 for 40 min; porosity 86.2 +/- 6.2%; Table 4 before FOTS treatment"
SFC_65564B0B1510,SDX004,"L4-C coated laser-textured CFRP, cleaning step 0",composite,carbon-fiber-reinforced polymer composite,laser_texturing_and_coating,L4-C femtosecond-laser-textured CFRP with hydrophobic coating after cleaning step 0; Table 4,hydrophobic coating on laser-textured CFRP,rough_coated,,,,L4-C femtosecond-laser-textured CFRP with hydrophobic coating after cleaning step 0; Table 4
SFC_669705F5791A,SRC021,FOTS-MacroPSi-3,semiconductor,silicon,coating,FOTS fluoroalkylsilane-treated MacroPSi-3 surface from Table 5,FOTS fluoroalkylsilane layer,porous,,,,FOTS fluoroalkylsilane-treated MacroPSi-3 surface from Table 5
SFC_66D5DCF7DD85,SRC016,PDMS reference film,polymer,,untreated,PDMS reference film; laboratory conditions 24 +/- 1 C and RH 15 +/- 5%,,smooth,0.8,1.8,1.0,paper/polymer planar reaction array substrate; AFM roughness from Table 1
SFC_66EE1063F64A,SRC014,Cellulose laurate oleate dodecanoate CLTOD(a),polymer,cellulose ester film/membrane,chemical_modification,"cellulose mixed ester CLTOD(a), Table 7/8",,smooth,,,,"cellulose mixed ester CLTOD(a), Table 7/8"
SFC_67E6ABEA7841,SRC013,RSC coated paper S6,coating,coated inkjet paper,coating,RSC coated paper S6 coated inkjet paper substrate,,smooth,,10.0,,commercial coated inkjet paper substrate used for printed PEDOT:PSS line performance study
SFC_6A14591A116F,SRC011,ODS/FAS silane SAM on Si,coating,,coating,Organosilane SAMs formed at vapor/solid interface.,Organosilane SAMs formed at vapor/solid interface.,smooth,,,,Organosilane SAMs formed at vapor/solid interface.
SFC_6A9094C843B2,SRC021,MacroPSi-3,semiconductor,silicon,etching,"electrochemically etched macroporous silicon, 5 mA cm^-2 for 20 min; porosity 30.2 +/- 1.4%; Table 4 before FOTS treatment",,porous,,,,"electrochemically etched macroporous silicon, 5 mA cm^-2 for 20 min; porosity 30.2 +/- 1.4%; Table 4 before FOTS treatment"
SFC_6A9ED69E4397,SRC016,Semi-bleached kraft paper SBKP,cellulose,,untreated,Semi-bleached kraft paper SBKP; laboratory conditions 24 +/- 1 C and RH 15 +/- 5%,,rough,576.9,748.1,1.079,paper/polymer planar reaction array substrate; AFM roughness from Table 1
SFC_6DD3FB38C4D9,SRC003,"FTS-treated Cu micro-cone array, 15 min",metal,copper,chemical_deposition_plasma_fluorosilane,"template-free Cu micro-cone arrays, air plasma activation, 15 min FTS treatment",fluorocarbon FTS layer on Cu micro-cone array,rough,,,,selected from high-angle candidate audit because paired water/diiodomethane values allow apparent OWRK feature completion
SFC_72042D49E582,SDX004,"L2-C coated laser-textured CFRP, cleaning step 5",composite,carbon-fiber-reinforced polymer composite,laser_texturing_and_coating,L2-C femtosecond-laser-textured CFRP with hydrophobic coating after cleaning step 5; Table 4,hydrophobic coating on laser-textured CFRP,rough_coated,,,,L2-C femtosecond-laser-textured CFRP with hydrophobic coating after cleaning step 5; Table 4
SFC_7287C875CEAD,SDX004,"L2-C coated laser-textured CFRP, cleaning step 2",composite,carbon-fiber-reinforced polymer composite,laser_texturing_and_coating,L2-C femtosecond-laser-textured CFRP with hydrophobic coating after cleaning step 2; Table 4,hydrophobic coating on laser-textured CFRP,rough_coated,,,,L2-C femtosecond-laser-textured CFRP with hydrophobic coating after cleaning step 2; Table 4
SFC_728CE2CDF422,SRC019,Topas,polymer,,other,Topas after 400 h weather aging,,smooth,,,,polymer packaging film weather-aging series
SFC_7311940ACDF8,SRC014,Cellulose acetate benzoate CA-Bz,polymer,cellulose ester film/membrane,chemical_modification,"aromatic cellulose acetate benzoate film, Table 2/4",,smooth,,,,"aromatic cellulose acetate benzoate film, Table 2/4"
SFC_7320418E2637,SRC023,PIB,polymer,,unknown,existing project typical literature-derived value; original script does not specify treatment,,unknown,,,,
SFC_740023729038,SDX002,Staphylococcus epidermidis microbial lawn,biomaterial,microbial lawn on membrane filter,hydrated_microbial_lawn,Staphylococcus epidermidis microbial lawn; Table 2 microbial surface contact angles,,biological_surface,,,,Staphylococcus epidermidis microbial lawn; Table 2 microbial surface contact angles
SFC_74C7FAE58BD3,SRC011,Aluminum,metal,,mechanical_polishing,"polished aluminum, water contact angle from Berry Table 1, primary ref [24]",,smooth,,,,"polished aluminum, water contact angle from Berry Table 1, primary ref [24]"
SFC_75203B72A5AD,SRC022,Ionene C5Br,polymer,,untreated,Ionene C5Br synthesized ionene film,,smooth,,,,ionene phase-change/self-healing polymer film
SFC_755688E8B50B,SDX005,low-energy coating sample 2,coating,coated substrate,low_surface_energy_coating,10/20 polymer/silica low-surface-energy coating; Table 4,polymer/silica low-surface-energy coating,coated,,,,10/20 polymer/silica low-surface-energy coating; Table 4
SFC_775871D74DA8,SDX003,Ankit microcrystalline cellulose powder column,cellulose,microcrystalline cellulose powder,powder_column_capillary_intrusion,Ankit microcrystalline cellulose powder column; Table II capillary intrusion contact angles,,porous_powder,,,,Ankit microcrystalline cellulose powder column; Table II capillary intrusion contact angles
SFC_782084083F60,SRC023,PLA,polymer,,unknown,existing project typical literature-derived value; original script does not specify treatment,,smooth,,,,
SFC_78D1FEDEA019,SDX004,"L4-C coated laser-textured CFRP, cleaning step 5",composite,carbon-fiber-reinforced polymer composite,laser_texturing_and_coating,L4-C femtosecond-laser-textured CFRP with hydrophobic coating after cleaning step 5; Table 4,hydrophobic coating on laser-textured CFRP,rough_coated,,,,L4-C femtosecond-laser-textured CFRP with hydrophobic coating after cleaning step 5; Table 4
SFC_7A3F6303565B,SRC014,Cellulose acetate hydroxybenzoate CA-HBz,polymer,cellulose ester film/membrane,chemical_modification,"hydroxybenzoate cellulose acetate film, Table 2/4",,smooth,,,,"hydroxybenzoate cellulose acetate film, Table 2/4"
SFC_7ABDB4BDAFA3,SDX006,CSDA/PH chitosan-dialdehyde film,biomaterial,chitosan film,deep_eutectic_solvent_functionalization,CSDA/PH chitosan/dialdehyde film; Table 3,,coated,,,,CSDA/PH chitosan/dialdehyde film; Table 3
SFC_7CE7C443ED47,SRC019,PLA,polymer,,other,PLA after 400 h weather aging,,smooth,,,,polymer packaging film weather-aging series
SFC_7D389175DB70,SRC014,Cellulose laurate oleate dodecanoate CLTOD(b),polymer,cellulose ester film/membrane,chemical_modification,"cellulose mixed ester CLTOD(b), Table 7/8",,smooth,,,,"cellulose mixed ester CLTOD(b), Table 7/8"
SFC_7E0BA3D04E9B,SRC004,Tm2O3 ceramic,oxide,rare-earth oxide ceramic,sintering,Tm2O3 ceramic; sintered rare-earth oxide ceramic,,ceramic,,,,rare-earth oxide high-angle ceramic/sputtered surface; reserved for hard external evaluation
SFC_80F2E516B76C,SRC011,TiO2,oxide,,UV_ozone,"After UV illumination (lambda < 380 nm, 1.1 mW cm^-2).",,smooth,,,,"After UV illumination (lambda < 380 nm, 1.1 mW cm^-2)."
SFC_8236ECA9EB74,SRC023,PTFE,polymer,,unknown,existing project typical literature-derived value; original script does not specify treatment,,smooth,,,,
SFC_82F5C36F39D2,SDX007,PLA film before composting,polymer,PLA,extruded_film_before_composting,PLA film before composting; month 0 before composting; Table 1/2,,smooth,,,,PLA film before composting; month 0 before composting; Table 1/2
SFC_833BD19E975A,SRC023,PVC,polymer,,unknown,existing project typical literature-derived value; original script does not specify treatment,,smooth,,,,
SFC_83F1B2FBD3D1,SRC011,PMMA,polymer,,UV_ozone,"100% acetic acid treatment + UV irradiation (234 nm, 30 s).",,smooth,,,,"100% acetic acid treatment + UV irradiation (234 nm, 30 s)."
SFC_8510C10E7F44,SDX004,"L3-C coated laser-textured CFRP, cleaning step 0",composite,carbon-fiber-reinforced polymer composite,laser_texturing_and_coating,L3-C femtosecond-laser-textured CFRP with hydrophobic coating after cleaning step 0; Table 4,hydrophobic coating on laser-textured CFRP,rough_coated,,,,L3-C femtosecond-laser-textured CFRP with hydrophobic coating after cleaning step 0; Table 4
SFC_86D193058DBE,SDX006,CSDA/BE chitosan-dialdehyde film,biomaterial,chitosan film,deep_eutectic_solvent_functionalization,CSDA/BE chitosan/dialdehyde film; Table 3,,coated,,,,CSDA/BE chitosan/dialdehyde film; Table 3
SFC_86D8700CAF9C,SRC015,N2 plasma-treated PMMA,polymer,PMMA microfluidic device,plasma,PMMA treated by nitrogen plasma,,smooth,,,,PMMA treated by nitrogen plasma
SFC_8810EE8758ED,SDX006,CSDA chitosan-dialdehyde film,biomaterial,chitosan film,deep_eutectic_solvent_functionalization,CSDA chitosan/dialdehyde film; Table 3,,coated,,,,CSDA chitosan/dialdehyde film; Table 3
SFC_8A02B7A7BFD9,SRC011,PP,polymer,,untreated,"Room temperature, sessile drop 3 uL.",,smooth,,,,"Room temperature, sessile drop 3 uL."
SFC_8C9D5E267A39,SRC020,Ti-NT-NH4F before UV,oxide,titanium/titania nanotube array,anodization,TiO2 nanotube array anodized in ammonium fluoride electrolyte before UV irradiation,,nanotube_array,,,,TiO2 nanotube array anodized in ammonium fluoride electrolyte before UV irradiation
SFC_8D989D0E7E7F,SRC018,FEP-S superhydrophobic hybrid coating,coating,FEP/SiO2 hybrid coating after fluoroalkylsilane modification,coating,FEP/SiO2 hybrid coating after fluoroalkylsilane modification,FEP/SiO2 hybrid coating after fluoroalkylsilane modification,rough,,,,reserved as hard external high-contact-angle / non-water-rich challenge case
SFC_8E1BAB0CA5A6,SRC024,PVDF,polymer,,unknown,existing project low_polarity; condition not specified,,smooth,,,,
SFC_8E79B764A41F,SRC013,RSC coated paper S5,coating,coated inkjet paper,coating,RSC coated paper S5 coated inkjet paper substrate,,smooth,,10.0,,commercial coated inkjet paper substrate used for printed PEDOT:PSS line performance study
SFC_90843D24007D,SDX009,Unmodified nonwoven PET membrane,polymer,nonwoven polyester membrane,co_polyamide_membrane_modification,Unmodified nonwoven PET membrane; surface porosity 34%; Table 3,pendant phenyl/pyridinyl co-polyamide,porous_membrane,,,,Unmodified nonwoven PET membrane; surface porosity 34%; Table 3
SFC_91A5214A0C27,SDX001,SG3 laser-textured PMMA,polymer,PMMA,laser_texturing_or_hybrid_coating,"SG3 laser-textured PMMA; PMMA laser/GO/CBD surface, Table 3",,rough_coated,1270.0,1610.0,,"SG3 laser-textured PMMA; PMMA laser/GO/CBD surface, Table 3"
SFC_91AEF1F6D63F,SRC010,PE,polymer,,untreated,untreated PE control,,smooth,,,,air SDBD plasma study; values grouped by polymer and treatment time
SFC_92FF2746E615,SRC011,Ti,metal,,untreated,Baseline contact angle for anodized TiO2 nanotube comparison.,,smooth,,,,Baseline contact angle for anodized TiO2 nanotube comparison.
SFC_93C87B65E929,SRC015,PMMA microfluidic control,polymer,PMMA microfluidic device,untreated,untreated PMMA microfluidic device substrate,,smooth,,,,untreated PMMA microfluidic device substrate
SFC_95580B5C4364,SRC010,PTFE,polymer,,untreated,untreated PTFE control,,smooth,,,,air SDBD plasma study; values grouped by polymer and treatment time
SFC_95A0FAE91CD0,SDX001,SG3/GO coated PMMA,polymer,PMMA,laser_texturing_or_hybrid_coating,"SG3/GO coated PMMA; PMMA laser/GO/CBD surface, Table 3",GO/CBD hybrid coating,rough_coated,2360.0,2840.0,,"SG3/GO coated PMMA; PMMA laser/GO/CBD surface, Table 3"
SFC_962FBAB11443,SDX009,M-Poly-Ph modified nonwoven PET membrane,polymer,nonwoven polyester membrane,co_polyamide_membrane_modification,M-Poly-Ph modified nonwoven PET membrane; surface porosity 54%; Table 3,pendant phenyl/pyridinyl co-polyamide,porous_membrane,,,,M-Poly-Ph modified nonwoven PET membrane; surface porosity 54%; Table 3
SFC_96578C5761C3,SRC023,PC,polymer,,unknown,existing project typical literature-derived value; original script does not specify treatment,,smooth,,,,
SFC_977322D0A384,SRC004,Er2O3 sputtered on smooth Si,oxide,smooth silicon,coating,Er2O3 sputtered on smooth Si; sputtered rare-earth oxide film on smooth silicon,Er2O3 sputtered on smooth Si,smooth,,,,rare-earth oxide high-angle ceramic/sputtered surface; reserved for hard external evaluation
SFC_9B7B7B694E91,SDX005,OFAC reference low-energy coating,coating,coated substrate,low_surface_energy_coating,OFAC fluorinated reference coating; Table 4,polymer/silica low-surface-energy coating,coated,,,,OFAC fluorinated reference coating; Table 4
SFC_9BD6477E2B8C,SRC011,Graphite,carbon_material,,untreated,Fresh exfoliation; experimental reference matched by modeling.,,smooth,,,,Fresh exfoliation; experimental reference matched by modeling.
SFC_9BFFAF330A15,SRC012,Transparent PEDOT-derived superhydrophobic coating,coating,transparent PEDOT-derived superhydrophobic coating on silica-coated ITO glass,coating,transparent PEDOT-derived superhydrophobic coating on silica-coated ITO glass,transparent PEDOT-derived superhydrophobic coating on silica-coated ITO glass,rough,,,,reserved as hard external high-contact-angle / non-water-rich challenge case
SFC_9D7026B7F20A,SRC020,Ti n-P before UV,oxide,titanium/titania nanotube array,anodization,non-polished Ti reference before UV irradiation,,rough,,,,non-polished Ti reference before UV irradiation
SFC_9E60C86BF546,SRC021,FOTS-MacroPSi-2,semiconductor,silicon,coating,FOTS fluoroalkylsilane-treated MacroPSi-2 surface from Table 5,FOTS fluoroalkylsilane layer,porous,,,,FOTS fluoroalkylsilane-treated MacroPSi-2 surface from Table 5
SFC_9E9E03484254,SRC004,CeO2 sputtered on smooth Si,oxide,smooth silicon,coating,CeO2 sputtered on smooth Si; sputtered rare-earth oxide film on smooth silicon,CeO2 sputtered on smooth Si,smooth,,,,rare-earth oxide high-angle ceramic/sputtered surface; reserved for hard external evaluation
SFC_9EBDC478F1D0,SRC020,Ti n-P after UV,oxide,titanium/titania nanotube array,UV_ozone,non-polished Ti reference after 20 min UV irradiation,,rough,,,,non-polished Ti reference after 20 min UV irradiation
SFC_9F03DB4646F7,SRC011,PET,polymer,,plasma,"Plasma treatment at 20 kHz, CDA 0.6%, 7 repetitions.",,smooth,,,,"Plasma treatment at 20 kHz, CDA 0.6%, 7 repetitions."
SFC_A2A13A70D232,SRC019,Topas/CBD,polymer,,other,Topas/CBD after 100 h weather aging; CBD plant-origin stabilizer additive,CBD plant-origin stabilizer additive,smooth,,,,polymer packaging film weather-aging series
SFC_A2BE3F1765AE,SRC022,Ionene C10Br,polymer,,untreated,Ionene C10Br synthesized ionene film,,smooth,,,,ionene phase-change/self-healing polymer film
SFC_A4D0CCDC96C9,SRC019,PLA/CBD,polymer,,other,PLA/CBD after 300 h weather aging; CBD plant-origin stabilizer additive,CBD plant-origin stabilizer additive,smooth,,,,polymer packaging film weather-aging series
SFC_A5B2B66974AE,SRC009,PEEK,polymer,,cleaning,IPA-cleaned PEEK control,,smooth,,,,IPA-cleaned PEEK control
SFC_A713C80D8A86,SRC023,PET,polymer,,unknown,existing project typical literature-derived value; original script does not specify treatment,,smooth,,,,
SFC_A716853C1624,SRC015,Air DBD plasma-treated PMMA,polymer,PMMA microfluidic device,plasma,PMMA treated by air dielectric-barrier-discharge plasma,,smooth,,,,PMMA treated by air dielectric-barrier-discharge plasma
SFC_A7B1D9A554FD,SRC021,FOTS-MacroPSi-1,semiconductor,silicon,coating,FOTS fluoroalkylsilane-treated MacroPSi-1 surface from Table 5,FOTS fluoroalkylsilane layer,porous,,,,FOTS fluoroalkylsilane-treated MacroPSi-1 surface from Table 5
SFC_A85159655264,SRC019,PLA/CBD,polymer,,other,PLA/CBD after 100 h weather aging; CBD plant-origin stabilizer additive,CBD plant-origin stabilizer additive,smooth,,,,polymer packaging film weather-aging series
SFC_AA2B954681B3,SRC001,ZnO powder (200 h irradiation),oxide,,other,ZnO nanopowder after 200 h low-energy electron flux,,powder,,,,ZnO nanopowder after 200 h low-energy electron flux
SFC_ACA747208E92,SDX007,PHA film before composting,polymer,PHA,extruded_film_before_composting,PHA film before composting; month 0 before composting; Table 1/2,,smooth,,,,PHA film before composting; month 0 before composting; Table 1/2
SFC_AD3F4CCED3FF,SRC014,Cellulose acetate octanoate CA-Oc,polymer,cellulose ester film/membrane,chemical_modification,"hydrophobic cellulose acetate octanoate film, Table 2/4",,smooth,,,,"hydrophobic cellulose acetate octanoate film, Table 2/4"
SFC_AD93A15A2199,SDX010,smooth PIndole-5-F4 film,polymer,electrodeposited polyindole film,electrodeposition,smooth PIndole-5-F4 film; smooth-film Table 4 roughness/contact angles,fluorinated polyindole film,smooth_nanostructured,6.3,8.1,,smooth PIndole-5-F4 film; smooth-film Table 4 roughness/contact angles
SFC_AE01D8CAA284,SRC004,Yb2O3 ceramic,oxide,rare-earth oxide ceramic,sintering,Yb2O3 ceramic; sintered rare-earth oxide ceramic,,ceramic,,,,rare-earth oxide high-angle ceramic/sputtered surface; reserved for hard external evaluation
SFC_AE86A39F2CBE,SRC004,Sm2O3 ceramic,oxide,rare-earth oxide ceramic,sintering,Sm2O3 ceramic; sintered rare-earth oxide ceramic,,ceramic,,,,rare-earth oxide high-angle ceramic/sputtered surface; reserved for hard external evaluation
SFC_AEDDDB49C107,SDX006,CSDA/PG chitosan-dialdehyde film,biomaterial,chitosan film,deep_eutectic_solvent_functionalization,CSDA/PG chitosan/dialdehyde film; Table 3,,coated,,,,CSDA/PG chitosan/dialdehyde film; Table 3
SFC_AF7901E44BC5,SRC021,MacroPSi-1,semiconductor,silicon,etching,"electrochemically etched macroporous silicon, 10 mA cm^-2 for 20 min; porosity 53.4 +/- 7.6%; Table 4 before FOTS treatment",,porous,,,,"electrochemically etched macroporous silicon, 10 mA cm^-2 for 20 min; porosity 53.4 +/- 7.6%; Table 4 before FOTS treatment"
SFC_AFFB3785B9F0,SRC017,Colorful superamphiphobic coating,coating,PTES/TEOS-based colorful superamphiphobic coating; thermally stable and mechanically robust,coating,PTES/TEOS-based colorful superamphiphobic coating; thermally stable and mechanically robust,PTES/TEOS-based colorful superamphiphobic coating; thermally stable and mechanically robust,rough,,,,reserved as hard external high-contact-angle / non-water-rich challenge case
SFC_B0B8AD6AD8FD,SDX010,smooth PIndole film,polymer,electrodeposited polyindole film,electrodeposition,smooth PIndole film; smooth-film Table 4 roughness/contact angles,fluorinated polyindole film,smooth_nanostructured,6.3,8.8,,smooth PIndole film; smooth-film Table 4 roughness/contact angles
SFC_B194AD3300AA,SRC019,PLA,polymer,,untreated,PLA reference sample before weather aging,,smooth,,,,polymer packaging film weather-aging series
SFC_B1C3F4195927,SRC023,Nylon66,polymer,,unknown,existing project typical literature-derived value; original script does not specify treatment,,smooth,,,,
SFC_B1FAE164CF82,SRC014,Polyethersulfone PES membrane reference,polymer,cellulose ester film/membrane,chemical_modification,"PES membrane reference, Table 7/8",,smooth,,,,"PES membrane reference, Table 7/8"
SFC_B20AB2F2D7BA,SRC011,PMMA,polymer,,untreated,"Sessile drop 2 uL, 22 C, surface energy probe.",,smooth,,,,"Sessile drop 2 uL, 22 C, surface energy probe."
SFC_B26BB3C57516,SRC010,PE,polymer,,plasma,"SDBD air plasma, 5 s",,smooth,,,,air SDBD plasma study; values grouped by polymer and treatment time
SFC_B2AC4F8CCBF8,SRC011,Talc,ceramic,,untreated,"talc equilibrium/Young water contact angle from Berry Table 1, primary ref [17]",,smooth,,,,"talc equilibrium/Young water contact angle from Berry Table 1, primary ref [17]"
SFC_B4F56FFE60FB,SRC004,Ho2O3 ceramic,oxide,rare-earth oxide ceramic,sintering,Ho2O3 ceramic; sintered rare-earth oxide ceramic,,ceramic,,,,rare-earth oxide high-angle ceramic/sputtered surface; reserved for hard external evaluation
SFC_B6256FFE081B,SRC011,W,metal,,untreated,"water contact angle from Berry Table 1, primary ref [24]",,smooth,,,,"water contact angle from Berry Table 1, primary ref [24]"
SFC_B7019C8ED9E7,SRC011,PMMA,polymer,,untreated,"Sessile drop, surface energy probe liquid.",,smooth,,,,"Sessile drop, surface energy probe liquid."
SFC_B82DDA1FA6EB,SRC011,PET,polymer,,untreated,Initial contact angle before Ar+ irradiation.,,smooth,,,,Initial contact angle before Ar+ irradiation.
SFC_B8D818A15C77,SRC024,PS,polymer,,unknown,existing project low_polarity; condition not specified,,smooth,,,,
SFC_B8DDD579CB88,SRC001,Diamond powder (as received),carbon_material,,untreated,as-received diamond nanopowder,,powder,,,,as-received diamond nanopowder
SFC_B939DB90B487,SRC019,Topas/CBD,polymer,,other,Topas/CBD after 300 h weather aging; CBD plant-origin stabilizer additive,CBD plant-origin stabilizer additive,smooth,,,,polymer packaging film weather-aging series
SFC_B9F3779B4230,SDX010,smooth PIndole-6-F6 film,polymer,electrodeposited polyindole film,electrodeposition,smooth PIndole-6-F6 film; smooth-film Table 4 roughness/contact angles,fluorinated polyindole film,smooth_nanostructured,6.8,9.5,,smooth PIndole-6-F6 film; smooth-film Table 4 roughness/contact angles
SFC_BBDC727ABD48,SRC011,PTFE,polymer,,untreated,Conventional PTFE surface.,,smooth,,,,Conventional PTFE surface.
SFC_BC3ADCE03F16,SRC001,ZnO powder (as received),oxide,,untreated,as-received ZnO nanopowder,,powder,,,,as-received ZnO nanopowder
SFC_BD3224C101E4,SRC022,Ionene C5BF4,polymer,,untreated,Ionene C5BF4 synthesized ionene film,,smooth,,,,ionene phase-change/self-healing polymer film
SFC_BF7DB4F8493A,SRC009,PEEK,polymer,,plasma,IPA cleaning + air plasma,,smooth,,,,IPA cleaning + air plasma
SFC_BFB36F36DFF3,SRC011,Mo,metal,,untreated,"water contact angle from Berry Table 1, primary ref [24]",,smooth,,,,"water contact angle from Berry Table 1, primary ref [24]"
SFC_C13E21BB974A,SRC011,Nb,metal,,untreated,"water contact angle from Berry Table 1, primary ref [24]",,smooth,,,,"water contact angle from Berry Table 1, primary ref [24]"
SFC_C21C1D938B32,SRC019,PLA,polymer,,other,PLA after 300 h weather aging,,smooth,,,,polymer packaging film weather-aging series
SFC_C256F7B116EE,SRC010,PE,polymer,,plasma,"SDBD air plasma, 30 s",,smooth,,,,air SDBD plasma study; values grouped by polymer and treatment time
SFC_C578D204BBE3,SDX006,CSDA/GM chitosan-dialdehyde film,biomaterial,chitosan film,deep_eutectic_solvent_functionalization,CSDA/GM chitosan/dialdehyde film; Table 3,,coated,,,,CSDA/GM chitosan/dialdehyde film; Table 3
SFC_C657B6B2A8F2,SRC023,PP,polymer,,unknown,existing project typical literature-derived value; original script does not specify treatment,,smooth,,,,
SFC_C6A0892F143E,SDX003,Emcocel 90M microcrystalline cellulose powder column,cellulose,microcrystalline cellulose powder,powder_column_capillary_intrusion,Emcocel 90M microcrystalline cellulose powder column; Table II capillary intrusion contact angles,,porous_powder,,,,Emcocel 90M microcrystalline cellulose powder column; Table II capillary intrusion contact angles
SFC_C87A66F3CAD4,SRC011,Stainless steel,metal,,untreated,Sessile drop; stable across 25-80 C.,,smooth,,,,Sessile drop; stable across 25-80 C.
SFC_CB2D9C2A1945,SRC011,Titania-coated glass,oxide,,UV_ozone,"After UV/ozone, aqua regia immersion, or heating above 500 C.",,smooth,,,,"After UV/ozone, aqua regia immersion, or heating above 500 C."
SFC_CC13B5674B11,SRC024,PE,polymer,,unknown,existing project low_polarity; condition not specified,,smooth,,,,
SFC_CD91556CDD43,SRC009,PEEK,polymer,,plasma,IPA cleaning + sand blasting + air plasma,,rough,,,,IPA cleaning + sand blasting + air plasma
SFC_CDEB89D989AC,SRC016,Bleached hardwood kraft paper HBKP,cellulose,,untreated,Bleached hardwood kraft paper HBKP; laboratory conditions 24 +/- 1 C and RH 15 +/- 5%,,rough,910.4,1198.0,1.059,paper/polymer planar reaction array substrate; AFM roughness from Table 1
SFC_D17DAFC2AFDE,SDX004,"L3-C coated laser-textured CFRP, cleaning step 5",composite,carbon-fiber-reinforced polymer composite,laser_texturing_and_coating,L3-C femtosecond-laser-textured CFRP with hydrophobic coating after cleaning step 5; Table 4,hydrophobic coating on laser-textured CFRP,rough_coated,,,,L3-C femtosecond-laser-textured CFRP with hydrophobic coating after cleaning step 5; Table 4
SFC_D23857573968,SRC016,Uncoated paper UP,cellulose,,untreated,Uncoated paper UP; laboratory conditions 24 +/- 1 C and RH 15 +/- 5%,,rough,461.4,578.1,1.064,paper/polymer planar reaction array substrate; AFM roughness from Table 1
SFC_D3AB5237A040,SDX004,"L1-C coated laser-textured CFRP, cleaning step 1",composite,carbon-fiber-reinforced polymer composite,laser_texturing_and_coating,L1-C femtosecond-laser-textured CFRP with hydrophobic coating after cleaning step 1; Table 4,hydrophobic coating on laser-textured CFRP,rough_coated,,,,L1-C femtosecond-laser-textured CFRP with hydrophobic coating after cleaning step 1; Table 4
SFC_D48BBEC17BF3,SRC011,Ag,metal,,mechanical_polishing,"polished silver substrate, water contact angle from Berry Table 1, primary ref [24]",,smooth,,,,"polished silver substrate, water contact angle from Berry Table 1, primary ref [24]"
SFC_D4A1459EC26C,SRC022,Ionene C5TFSI,polymer,,untreated,Ionene C5TFSI synthesized ionene film,,smooth,,,,ionene phase-change/self-healing polymer film
SFC_D5E6A21B8B20,SRC011,PMMA,polymer,,untreated,Equilibrium/Young angle.,,smooth,,,,Equilibrium/Young angle.
SFC_D6B816FE09EC,SRC005,Polystyrene honeycomb surface,polymer,polystyrene,microstructure,polystyrene honeycomb structured surface,,rough,,,,polystyrene honeycomb structured surface
SFC_D97F8E5A47C3,SDX004,"L1-C coated laser-textured CFRP, cleaning step 0",composite,carbon-fiber-reinforced polymer composite,laser_texturing_and_coating,L1-C femtosecond-laser-textured CFRP with hydrophobic coating after cleaning step 0; Table 4,hydrophobic coating on laser-textured CFRP,rough_coated,,,,L1-C femtosecond-laser-textured CFRP with hydrophobic coating after cleaning step 0; Table 4
SFC_DB32F86CDC1A,SRC011,PDMS,polymer,,untreated,"Drop approximately 2 uL, 22 C.",,smooth,,,,"Drop approximately 2 uL, 22 C."
SFC_DB683EF7A2C1,SRC023,ABS,polymer,,unknown,existing project typical literature-derived value; original script does not specify treatment,,smooth,,,,
SFC_DD1904FD1DBF,SRC011,Fe,metal,,untreated,"water contact angle from Berry Table 1, primary ref [24]",,smooth,,,,"water contact angle from Berry Table 1, primary ref [24]"
SFC_DDF6B0728CC9,SRC021,FOTS-MacroPSi-4,semiconductor,silicon,coating,FOTS fluoroalkylsilane-treated MacroPSi-4 surface from Table 5,FOTS fluoroalkylsilane layer,porous,,,,FOTS fluoroalkylsilane-treated MacroPSi-4 surface from Table 5
SFC_DE2A842947A3,SRC019,Topas,polymer,,other,Topas after 200 h weather aging,,smooth,,,,polymer packaging film weather-aging series
SFC_DFFFBB02B458,SRC024,PTFE,polymer,,unknown,existing project low_polarity; condition not specified,,smooth,,,,
SFC_E24B19E460DE,SRC023,PPS,polymer,,unknown,existing project typical literature-derived value; original script does not specify treatment,,unknown,,,,
SFC_E38FF72DBA39,SRC013,RSC coated paper S2,coating,coated inkjet paper,coating,RSC coated paper S2 coated inkjet paper substrate,,smooth,,10.0,,commercial coated inkjet paper substrate used for printed PEDOT:PSS line performance study
SFC_E53F0A6F08A0,SRC004,Gd2O3 ceramic,oxide,rare-earth oxide ceramic,sintering,Gd2O3 ceramic; sintered rare-earth oxide ceramic,,ceramic,,,,rare-earth oxide high-angle ceramic/sputtered surface; reserved for hard external evaluation
SFC_E5CA0C67969B,SRC008,PEGDA hydrogel,biomaterial,,other,PEGDA-3 captive bubble method,,smooth,,,,photopolymerized PEGDA hydrogel formulation
SFC_E7FC3D2DD101,SDX010,smooth PIndole-4-F6 film,polymer,electrodeposited polyindole film,electrodeposition,smooth PIndole-4-F6 film; smooth-film Table 4 roughness/contact angles,fluorinated polyindole film,smooth_nanostructured,6.6,9.5,,smooth PIndole-4-F6 film; smooth-film Table 4 roughness/contact angles
SFC_E805A27F910D,SRC023,FEP,polymer,,unknown,existing project typical literature-derived value; original script does not specify treatment,,smooth,,,,
SFC_E8782E4956D5,SRC011,TiO2,oxide,,etching,TiO2 nanotube surfaces; increased hydrophilicity vs non-anodized Ti.,,smooth,,,,TiO2 nanotube surfaces; increased hydrophilicity vs non-anodized Ti.
SFC_EA6FE64D72B2,SRC020,Ti-NT-NH4F after UV,oxide,titanium/titania nanotube array,UV_ozone,TiO2 nanotube array anodized in ammonium fluoride electrolyte after 20 min UV irradiation,,nanotube_array,,,,TiO2 nanotube array anodized in ammonium fluoride electrolyte after 20 min UV irradiation
SFC_EADE66E24084,SRC023,PB,polymer,,unknown,existing project typical literature-derived value; original script does not specify treatment,,unknown,,,,
SFC_EE615B6001A2,SRC010,PE,polymer,,plasma,"SDBD air plasma, 15 s",,smooth,,,,air SDBD plasma study; values grouped by polymer and treatment time
SFC_EEA5FB824E7A,SRC023,PSU,polymer,,unknown,existing project typical literature-derived value; original script does not specify treatment,,unknown,,,,
SFC_EF3937BBEA40,SRC023,Nylon6,polymer,,unknown,existing project typical literature-derived value; original script does not specify treatment,,smooth,,,,
SFC_F08E28324066,SRC023,EVA,polymer,,unknown,existing project typical literature-derived value; original script does not specify treatment,,unknown,,,,
SFC_F13264E1CC9A,SRC014,Cellulose triacetate CTA(b) membrane reference,polymer,cellulose ester film/membrane,chemical_modification,"CTA membrane reference, Table 7/8",,smooth,,,,"CTA membrane reference, Table 7/8"
SFC_F38D9A54A3DA,SRC019,Topas,polymer,,other,Topas after 300 h weather aging,,smooth,,,,polymer packaging film weather-aging series
SFC_F4538DDCF09A,SDX004,"L2-C coated laser-textured CFRP, cleaning step 0",composite,carbon-fiber-reinforced polymer composite,laser_texturing_and_coating,L2-C femtosecond-laser-textured CFRP with hydrophobic coating after cleaning step 0; Table 4,hydrophobic coating on laser-textured CFRP,rough_coated,,,,L2-C femtosecond-laser-textured CFRP with hydrophobic coating after cleaning step 0; Table 4
SFC_F715B35B2C9F,SRC023,PVA,polymer,,unknown,existing project typical literature-derived value; original script does not specify treatment,,smooth,,,,
SFC_F7990EF3D076,SRC010,PTFE,polymer,,plasma,"SDBD air plasma, 5 s",,smooth,,,,air SDBD plasma study; values grouped by polymer and treatment time
SFC_F862748296EB,SRC001,Diamond powder (100 h irradiation),carbon_material,,other,diamond nanopowder after 100 h low-energy electron flux,,powder,,,,diamond nanopowder after 100 h low-energy electron flux
SFC_F8664D03003D,SDX010,smooth PIndole-4-F4 film,polymer,electrodeposited polyindole film,electrodeposition,smooth PIndole-4-F4 film; smooth-film Table 4 roughness/contact angles,fluorinated polyindole film,smooth_nanostructured,7.3,9.4,,smooth PIndole-4-F4 film; smooth-film Table 4 roughness/contact angles
SFC_F8843DC534D0,SRC005,Fluorosilane-treated polystyrene honeycomb surface,polymer,polystyrene,coating,polystyrene honeycomb structured surface following fluorosilane treatment,fluorosilane,rough,,,,polystyrene honeycomb structured surface following fluorosilane treatment
SFC_F8D6EADE4C8B,SRC011,POTS-functionalized silica/PMMA coating,coating,,coating,Sol-gel processed surface modified with POTS.,Sol-gel processed surface modified with POTS.,rough,,,,Sol-gel processed surface modified with POTS.
SFC_FA2839A92EC7,SRC008,PEGDA hydrogel,biomaterial,,other,PEGDA-0 swollen sample,,smooth,,,,photopolymerized PEGDA hydrogel formulation
SFC_FA48F1E5F5A9,SRC011,POTS-functionalized silica/PMMA coating,coating,,coating,Superhydrophobic self-cleaning plastic surface via sol-gel process.,,rough,,,,Superhydrophobic self-cleaning plastic surface via sol-gel process.
SFC_FA6603E349B6,SRC010,PTFE,polymer,,plasma,"SDBD air plasma, 30 s",,smooth,,,,air SDBD plasma study; values grouped by polymer and treatment time
SFC_FC48A7AD25F0,SRC016,Polystyrene reference film,polymer,,untreated,Polystyrene reference film; laboratory conditions 24 +/- 1 C and RH 15 +/- 5%,,smooth,0.3,0.4,1.0,paper/polymer planar reaction array substrate; AFM roughness from Table 1
SFC_FD37A16743B7,SRC015,Si-doped DLC-coated PMMA,polymer,PMMA microfluidic device,coating,silicon-doped diamond-like carbon coating on PMMA,,smooth,,,,silicon-doped diamond-like carbon coating on PMMA
SFC_FD7BF6ACBE27,SDX004,"L4-C coated laser-textured CFRP, cleaning step 1",composite,carbon-fiber-reinforced polymer composite,laser_texturing_and_coating,L4-C femtosecond-laser-textured CFRP with hydrophobic coating after cleaning step 1; Table 4,hydrophobic coating on laser-textured CFRP,rough_coated,,,,L4-C femtosecond-laser-textured CFRP with hydrophobic coating after cleaning step 1; Table 4
SFC_FE6387F77D1C,SRC007,Nylon6,polymer,,untreated,neat polymer matrix film before carbon black addition,,smooth,,,,neat polymer matrix reference
SFC_FE7D2709B140,SDX009,M-Poly-PyM modified nonwoven PET membrane,polymer,nonwoven polyester membrane,co_polyamide_membrane_modification,M-Poly-PyM modified nonwoven PET membrane; surface porosity 65%; Table 3,pendant phenyl/pyridinyl co-polyamide,porous_membrane,,,,M-Poly-PyM modified nonwoven PET membrane; surface porosity 65%; Table 3
SFC_FF44FFDB2AC3,SDX007,PLA/Morin film before composting,polymer,PLA with morin,extruded_film_before_composting,PLA/Morin film before composting; month 0 before composting; Table 1/2,,smooth,,,,PLA/Morin film before composting; month 0 before composting; Table 1/2
SFC_FF57CC803397,SRC021,MacroPSi-4,semiconductor,silicon,etching,"electrochemically etched macroporous silicon, 20 mA cm^-2 for 10 min; porosity 47.5 +/- 3.5%; Table 4 before FOTS treatment",,porous,,,,"electrochemically etched macroporous silicon, 20 mA cm^-2 for 10 min; porosity 47.5 +/- 3.5%; Table 4 before FOTS treatment"
SFC_FFB6C9027014,SRC019,PLA/CBD,polymer,,other,PLA/CBD after 200 h weather aging; CBD plant-origin stabilizer additive,CBD plant-origin stabilizer additive,smooth,,,,polymer packaging film weather-aging series
SFC_96F700A16BD8,OPEN_CELLULOSE_ESTER,CTA(a),cellulose_ester,glass-supported film,ester substitution,cellulose ester; substituent carbon number 2,,dried film,,,,Candidate extracted from the article's average/SD/n contact-angle table; license review required.
SFC_A70448B898F8,OPEN_CELLULOSE_ESTER,CTP,cellulose_ester,glass-supported film,ester substitution,cellulose ester; substituent carbon number 3,,dried film,,,,Candidate extracted from the article's average/SD/n contact-angle table; license review required.
SFC_5C313003AB36,OPEN_CELLULOSE_ESTER,CTB,cellulose_ester,glass-supported film,ester substitution,cellulose ester; substituent carbon number 4,,dried film,,,,Candidate extracted from the article's average/SD/n contact-angle table; license review required.
SFC_316C3D980026,OPEN_CELLULOSE_ESTER,CTV,cellulose_ester,glass-supported film,ester substitution,cellulose ester; substituent carbon number 5,,dried film,,,,Candidate extracted from the article's average/SD/n contact-angle table; license review required.
SFC_6CC47C08CF64,OPEN_CROSS_MATERIAL_2026,TiO2 (polycrystalline film),other,,literature-described condition,"After UV illumination (λ < 380 nm, 1.1 mW cm⁻²).",,static literature condition,,,,Exact/static row extracted; range-only and unsupported-liquid rows were excluded.
SFC_FFEC58F1530E,OPEN_CROSS_MATERIAL_2026,TiO2 (with certain % SiO2),other,,literature-described condition,Film prepared with SiO2 acquires this property after UV illumination.,,static literature condition,,,,Exact/static row extracted; range-only and unsupported-liquid rows were excluded.
SFC_E543580D2581,OPEN_CROSS_MATERIAL_2026,Titania-coated glass / Plain glass,other,,literature-described condition,"After treatment with UV/ozone, immersion in aqua regia, or heating above 500 °C.",,static literature condition,,,,Exact/static row extracted; range-only and unsupported-liquid rows were excluded.
SFC_B031A7CFA524,OPEN_CROSS_MATERIAL_2026,"TiO₂ (anatase, UV treated)",other,,literature-described condition,Superhydrophilic after UV irradiation,,static literature condition,,,,Exact/static row extracted; range-only and unsupported-liquid rows were excluded.
SFC_88AD8E0824C4,OPEN_CROSS_MATERIAL_2026,"Iα (010), Iα (11̅0), Iβ (010), Iβ (110), Human-made cellulose II & III_I faces",other,,literature-described condition,Values determined via molecular dynamics simulation.,,static literature condition,,,,Exact/static row extracted; range-only and unsupported-liquid rows were excluded.
SFC_3C19B5C5940C,OPEN_CROSS_MATERIAL_2026,PET film (plasma treated),other,,literature-described condition,"After plasma treatment at 20 kHz, CDA 0.6%, 7 repetitions",,static literature condition,,,,Exact/static row extracted; range-only and unsupported-liquid rows were excluded.
SFC_EF22972A391D,OPEN_CROSS_MATERIAL_2026,Iβ (11̅0) crystal face,other,,literature-described condition,Value determined via molecular dynamics simulation.,,static literature condition,,,,Exact/static row extracted; range-only and unsupported-liquid rows were excluded.
SFC_DFAA6FA9D311,OPEN_CROSS_MATERIAL_2026,Iβ (100) crystal face,other,,literature-described condition,Value determined via molecular dynamics simulation.,,static literature condition,,,,Exact/static row extracted; range-only and unsupported-liquid rows were excluded.
SFC_0E29DCF6B0F6,OPEN_CROSS_MATERIAL_2026,TiO2 nanotube surfaces,other,,literature-described condition,Increased hydrophilicity compared to non-anodized Ti (75.9°).,,static literature condition,,,,Exact/static row extracted; range-only and unsupported-liquid rows were excluded.
SFC_CCA852C05DD9,OPEN_CROSS_MATERIAL_2026,PMMA,other,,literature-described condition,Equilibrium/Young,,static literature condition,,,,Exact/static row extracted; range-only and unsupported-liquid rows were excluded.
SFC_B11F05311C95,OPEN_CROSS_MATERIAL_2026,Iα (001) crystal face,other,,literature-described condition,Near the hydrophilic/hydrophobic boundary.,,static literature condition,,,,Exact/static row extracted; range-only and unsupported-liquid rows were excluded.
SFC_276FB2540C6B,OPEN_CROSS_MATERIAL_2026,Anodized Ti (TiO₂ NTs),other,,literature-described condition,Hydrophilic surface after anodic oxidation,,static literature condition,,,,Exact/static row extracted; range-only and unsupported-liquid rows were excluded.
SFC_45F8C8F50DAD,OPEN_CROSS_MATERIAL_2026,PET (incipient alkaline hydrolysis),other,,literature-described condition,Predicted limiting advancing contact angle under specific NaOH treatment,,static literature condition,,,,Exact/static row extracted; range-only and unsupported-liquid rows were excluded.
SFC_C29649784C9E,OPEN_CROSS_MATERIAL_2026,Iron (Fe),other,,literature-described condition,Freshly polished surface. Measured via sessile drop method.,,static literature condition,,,,Exact/static row extracted; range-only and unsupported-liquid rows were excluded.
SFC_76251AE8917C,OPEN_CROSS_MATERIAL_2026,Aluminum (polished),other,,literature-described condition,"Smooth metal, ambient",,static literature condition,,,,Exact/static row extracted; range-only and unsupported-liquid rows were excluded.
SFC_4B11F0C60536,OPEN_CROSS_MATERIAL_2026,Molybdenum (Mo),other,,literature-described condition,Used for validation of derived equation.,,static literature condition,,,,Exact/static row extracted; range-only and unsupported-liquid rows were excluded.
SFC_8A5FD38D06DE,OPEN_CROSS_MATERIAL_2026,PMMA,other,,literature-described condition,"Sessile drop, surface energy probe liquid",,static literature condition,,,,Exact/static row extracted; range-only and unsupported-liquid rows were excluded.
SFC_8038D9A6A20A,OPEN_CROSS_MATERIAL_2026,PET film,other,,literature-described condition,Before atmospheric-pressure plasma treatment,,static literature condition,,,,Exact/static row extracted; range-only and unsupported-liquid rows were excluded.
SFC_9E83E4237A7D,OPEN_CROSS_MATERIAL_2026,Graphite (freshly exfoliated),other,,literature-described condition,Fresh exfoliation; experimental reference matched by modeling,,static literature condition,,,,Exact/static row extracted; range-only and unsupported-liquid rows were excluded.
SFC_127F69376811,OPEN_CROSS_MATERIAL_2026,Stainless steel (SS316L),other,,literature-described condition,"sessile drop, Value is stable across a temperature range of 25–80 °C",,static literature condition,,,,Exact/static row extracted; range-only and unsupported-liquid rows were excluded.
SFC_B2B460B5E74C,OPEN_CROSS_MATERIAL_2026,Titanium (Ti),other,,literature-described condition,Freshly polished surface. Measured via sessile drop method.,,static literature condition,,,,Exact/static row extracted; range-only and unsupported-liquid rows were excluded.
SFC_CB8C71D24418,OPEN_CROSS_MATERIAL_2026,"Silver (Ag, polished substrate)",other,,literature-described condition,Measured distilled water on freshly polished substrates,,static literature condition,,,,Exact/static row extracted; range-only and unsupported-liquid rows were excluded.
SFC_AFE29766ABB1,OPEN_CROSS_MATERIAL_2026,CeO2 (110),other,,literature-described condition,Orientation-dependent,,static literature condition,,,,Exact/static row extracted; range-only and unsupported-liquid rows were excluded.
SFC_84E420BFB264,OPEN_CROSS_MATERIAL_2026,Talc,other,,literature-described condition,Equilibrium/Young,,static literature condition,,,,Exact/static row extracted; range-only and unsupported-liquid rows were excluded.
SFC_A20F2DE2FF3E,OPEN_CROSS_MATERIAL_2026,Niobium (Nb),other,,literature-described condition,Freshly polished surface. Measured via sessile drop method.,,static literature condition,,,,Exact/static row extracted; range-only and unsupported-liquid rows were excluded.
SFC_E32E065C262B,OPEN_CROSS_MATERIAL_2026,PMMA,other,,literature-described condition,"100% acetic acid treatment + UV irradiation (234 nm, 30 s)",,static literature condition,,,,Exact/static row extracted; range-only and unsupported-liquid rows were excluded.
SFC_E82B74C28497,OPEN_CROSS_MATERIAL_2026,Nickel (Ni),other,,literature-described condition,Freshly polished surface. Measured via sessile drop method.,,static literature condition,,,,Exact/static row extracted; range-only and unsupported-liquid rows were excluded.
SFC_953A3ED1CCEC,OPEN_CROSS_MATERIAL_2026,Tungsten (W),other,,literature-described condition,Freshly polished surface. Measured via sessile drop method.,,static literature condition,,,,Exact/static row extracted; range-only and unsupported-liquid rows were excluded.
SFC_A6484648C3AE,OPEN_CROSS_MATERIAL_2026,Mercury (Hg),other,,literature-described condition,"Liquid metal substrate, used for validation.",,static literature condition,,,,Exact/static row extracted; range-only and unsupported-liquid rows were excluded.
SFC_F9572A899579,OPEN_CROSS_MATERIAL_2026,PET film (untreated),other,,literature-described condition,Initial contact angle before Ar⁺ irradiation,,static literature condition,,,,Exact/static row extracted; range-only and unsupported-liquid rows were excluded.
SFC_87885EEBDCD9,OPEN_CROSS_MATERIAL_2026,Tin (Sn),other,,literature-described condition,Freshly polished surface. Measured via sessile drop method.,,static literature condition,,,,Exact/static row extracted; range-only and unsupported-liquid rows were excluded.
SFC_7FF8363F812D,OPEN_CROSS_MATERIAL_2026,PMMA,other,,literature-described condition,"Sessile drop 2 µL, 22 °C, surface energy probe",,static literature condition,,,,Exact/static row extracted; range-only and unsupported-liquid rows were excluded.
SFC_C4A57786C3BE,OPEN_CROSS_MATERIAL_2026,Silicon (Si),other,,literature-described condition,"Semi-metal, used for validation of derived equation.",,static literature condition,,,,Exact/static row extracted; range-only and unsupported-liquid rows were excluded.
SFC_89A0CB9F83E8,OPEN_CROSS_MATERIAL_2026,Copper (oxidized),other,,literature-described condition,Freshly polished surface. Measured via sessile drop method.,,static literature condition,,,,Exact/static row extracted; range-only and unsupported-liquid rows were excluded.
SFC_7B8DA975FCE0,OPEN_CROSS_MATERIAL_2026,Gold (Au),other,,literature-described condition,Freshly polished surface. Measured via sessile drop method.,,static literature condition,,,,Exact/static row extracted; range-only and unsupported-liquid rows were excluded.
SFC_B32C6485DACA,OPEN_CROSS_MATERIAL_2026,Non-anodized Titanium,other,,literature-described condition,Baseline contact angle for comparison with anodized TiO2 nanotubes.,,static literature condition,,,,Exact/static row extracted; range-only and unsupported-liquid rows were excluded.
SFC_78B198988B7B,OPEN_CROSS_MATERIAL_2026,Untreated Ti,other,,literature-described condition,Bare titanium substrate,,static literature condition,,,,Exact/static row extracted; range-only and unsupported-liquid rows were excluded.
SFC_6730336819E9,OPEN_CROSS_MATERIAL_2026,Graphene,other,,literature-described condition,Optimized force fields consistent with experimental means,,static literature condition,,,,Exact/static row extracted; range-only and unsupported-liquid rows were excluded.
SFC_390D2EEA3DFF,OPEN_CROSS_MATERIAL_2026,Polycarbonate (PC),other,,literature-described condition,Untreated PC substrate; sessile drop method,,static literature condition,,,,Exact/static row extracted; range-only and unsupported-liquid rows were excluded.
SFC_2FFFD68BED4B,OPEN_CROSS_MATERIAL_2026,Graphene (fully suspended),other,,literature-described condition,Computational modeling; consistent with experimental value 85 ± 5°,,static literature condition,,,,Exact/static row extracted; range-only and unsupported-liquid rows were excluded.
SFC_77ED72A5FED3,OPEN_CROSS_MATERIAL_2026,Graphene (epitaxial on SiC),other,,literature-described condition,No thickness dependence; surface-energy engineering study,,static literature condition,,,,Exact/static row extracted; range-only and unsupported-liquid rows were excluded.
SFC_697C572C0860,OPEN_CROSS_MATERIAL_2026,CeO2 (100),other,,literature-described condition,Single crystal,,static literature condition,,,,Exact/static row extracted; range-only and unsupported-liquid rows were excluded.
SFC_51378859DFB5,OPEN_CROSS_MATERIAL_2026,Graphene (partial wetting transparency limit),other,,literature-described condition,Predicted highest water contact angle; theory + experiment,,static literature condition,,,,Exact/static row extracted; range-only and unsupported-liquid rows were excluded.
SFC_03E930156743,OPEN_CROSS_MATERIAL_2026,"Graphene bilayer (misoriented, 40°)",other,,literature-described condition,Maximum angle at 40° mismatch; MD simulations,,static literature condition,,,,Exact/static row extracted; range-only and unsupported-liquid rows were excluded.
SFC_B9F3F2625635,OPEN_CROSS_MATERIAL_2026,Si wafer (ODS or FAS SAM),other,,literature-described condition,"Organosilane SAMs formed at vapour/solid interface (ODS, FAS)",,static literature condition,,,,Exact/static row extracted; range-only and unsupported-liquid rows were excluded.
SFC_B986E6B26E76,OPEN_CROSS_MATERIAL_2026,PET–SiOx film (FDTS SAM),other,,literature-described condition,"1 H,1 H,2 H,2 H-perfluorodecyltrichlorosilane; optimal concentration 26.5 mM dm⁻²",,static literature condition,,,,Exact/static row extracted; range-only and unsupported-liquid rows were excluded.
SFC_57F0BA5D8921,OPEN_CROSS_MATERIAL_2026,Polypropylene (PP),other,,literature-described condition,"RT, sessile drop 3 µL",,static literature condition,,,,Exact/static row extracted; range-only and unsupported-liquid rows were excluded.
SFC_CF1F29DEC3F3,OPEN_CROSS_MATERIAL_2026,PDMS (Sylgard 184),other,,literature-described condition,"Drop ~ 2 µL, 22 °C",,static literature condition,,,,Exact/static row extracted; range-only and unsupported-liquid rows were excluded.
SFC_3302282ACAA2,OPEN_CROSS_MATERIAL_2026,Dentin surface (OTS silanized),other,,literature-described condition,OTS increases CA from 51° to 109°,,static literature condition,,,,Exact/static row extracted; range-only and unsupported-liquid rows were excluded.
SFC_049A1C1B4B3F,OPEN_CROSS_MATERIAL_2026,Si-based MEMS surface (FOTS SAM),other,,literature-described condition,Chemical vapor deposition of FOTS monolayer for adhesion control,,static literature condition,,,,Exact/static row extracted; range-only and unsupported-liquid rows were excluded.
SFC_7B5A5C2A83F1,OPEN_CROSS_MATERIAL_2026,"SLA Titanium (sandblasted, acid-etched, aged 4 weeks)",other,,literature-described condition,Stored in dark ambient conditions. Hydrocarbon-contaminated surface.,,static literature condition,,,,Exact/static row extracted; range-only and unsupported-liquid rows were excluded.
SFC_05D437139AEF,OPEN_CROSS_MATERIAL_2026,SLA Titanium + TiO2-B@anatase NWs (no UV),other,,literature-described condition,Treated with nanowire suspension in the dark.,,static literature condition,,,,Exact/static row extracted; range-only and unsupported-liquid rows were excluded.
SFC_E853D5C9A29E,OPEN_CROSS_MATERIAL_2026,CeO₂ (111),other,,literature-described condition,Single-crystal surface,,static literature condition,,,,Exact/static row extracted; range-only and unsupported-liquid rows were excluded.
SFC_D88CE82490CD,OPEN_CROSS_MATERIAL_2026,Pristine (untreated) PTFE,other,,literature-described condition,Conventional PTFE surface,,static literature condition,,,,Exact/static row extracted; range-only and unsupported-liquid rows were excluded.
SFC_3122EC9D3530,OPEN_CROSS_MATERIAL_2026,SLIPS on TiO2 Nanotubes (Krytox GPL 105 Oil),other,,literature-described condition,The measured water contact angle (WCA) indicates a slippery surface.,,static literature condition,,,,Exact/static row extracted; range-only and unsupported-liquid rows were excluded.
SFC_C4217EEC69EE,OPEN_CROSS_MATERIAL_2026,SLIPS Ti (Final),other,,literature-described condition,"Anodized, modified (5 vol% TMPSi), infused with Krytox GPL 105 Oil",,static literature condition,,,,Exact/static row extracted; range-only and unsupported-liquid rows were excluded.
SFC_EAC59F0538FF,OPEN_CROSS_MATERIAL_2026,H-terminated Si(111) (fluoro-hydro alkyne SAM),other,,literature-described condition,Fluoro-hydro alkyne–derived SAM; static CA reported,,static literature condition,,,,Exact/static row extracted; range-only and unsupported-liquid rows were excluded.
SFC_5F7F48BBA35E,OPEN_CROSS_MATERIAL_2026,Polycarbonate (PC) - Laser textured,other,,literature-described condition,Surface textured via CO₂ laser ablation.,,static literature condition,,,,Exact/static row extracted; range-only and unsupported-liquid rows were excluded.
SFC_5ED24325E10A,OPEN_CROSS_MATERIAL_2026,Pressed Drop on Spikes,other,,literature-described condition,Transition to Wenzel state upon pressing.,,static literature condition,,,,Exact/static row extracted; range-only and unsupported-liquid rows were excluded.
SFC_D5CB19B7A059,OPEN_CROSS_MATERIAL_2026,"Glass (OTS-treated, oil–solid interface)",other,,literature-described condition,Water droplets at oil/OTS-glass interface,,static literature condition,,,,Exact/static row extracted; range-only and unsupported-liquid rows were excluded.
SFC_A2FC0BD30E3E,OPEN_CROSS_MATERIAL_2026,Lubricant-Infused Multiscale-Textured Surface,other,,literature-described condition,Chemically functionalized.,,static literature condition,,,,Exact/static row extracted; range-only and unsupported-liquid rows were excluded.
SFC_BB30AA0AE8D6,OPEN_CROSS_MATERIAL_2026,SLIMS2,other,,literature-described condition,Infused with Fomblin Y-LVAC 16/6,,static literature condition,,,,Exact/static row extracted; range-only and unsupported-liquid rows were excluded.
SFC_5D474B7F127E,OPEN_CROSS_MATERIAL_2026,Flat Si wafer (fluoro-polymer film),other,,literature-described condition,Fluoro-based block copolymer film; smooth surface,,static literature condition,,,,Exact/static row extracted; range-only and unsupported-liquid rows were excluded.
SFC_5774779C7E4E,OPEN_CROSS_MATERIAL_2026,SrTiO3 nanorod arrays (oleic acid treated),other,,literature-described condition,Surface treated with oleic acid. Wettability is reversible with UV illumination.,,static literature condition,,,,Exact/static row extracted; range-only and unsupported-liquid rows were excluded.
SFC_8D0462C5653C,OPEN_CROSS_MATERIAL_2026,Generic SLIPS / LIS,other,,literature-described condition,The high apparent contact angle at the drop-lubricant interface facilitates easy sliding.,,static literature condition,,,,Exact/static row extracted; range-only and unsupported-liquid rows were excluded.
SFC_008B5AD02DF3,OPEN_CROSS_MATERIAL_2026,Wood surface (OTS modified),other,,literature-described condition,OTS at 2 vol % on Bi2O3-doped Si–Ti composite film,,static literature condition,,,,Exact/static row extracted; range-only and unsupported-liquid rows were excluded.
SFC_71537A54AC75,OPEN_CROSS_MATERIAL_2026,TiO2 nanorods on Si pyramids,other,,literature-described condition,Hydrophobicity enhanced by ion irradiation-induced oxygen vacancy migration.,,static literature condition,,,,Exact/static row extracted; range-only and unsupported-liquid rows were excluded.
SFC_BD28F27D1B1C,OPEN_CROSS_MATERIAL_2026,SS 316 L (laser-irradiated in water),other,,literature-described condition,Hydrophobic surface created; unpolished SS316L reference 82 ± 4°,,static literature condition,,,,Exact/static row extracted; range-only and unsupported-liquid rows were excluded.
SFC_4B7DAC13B6CB,OPEN_CROSS_MATERIAL_2026,Rough CNT-structured Si (fluoro-polymer film),other,,literature-described condition,Hierarchical roughness on CNTs enhances hydrophobicity,,static literature condition,,,,Exact/static row extracted; range-only and unsupported-liquid rows were excluded.
SFC_5D72E873B03B,OPEN_CROSS_MATERIAL_2026,Biomimetic superhydrophobic surfaces (general),other,,literature-described condition,Artificial surfaces created by combining hierarchical roughness,,static literature condition,,,,Exact/static row extracted; range-only and unsupported-liquid rows were excluded.
SFC_78D38330E7A9,OPEN_CROSS_MATERIAL_2026,Titanium oxide (various structures),other,,literature-described condition,High static contact angle achieved via a two-step process. Adhesion is tunable.,,static literature condition,,,,Exact/static row extracted; range-only and unsupported-liquid rows were excluded.
SFC_6B46DE746EC7,OPEN_CROSS_MATERIAL_2026,Cellulose paper (fluorine-free modified),other,,literature-described condition,Filter paper modified with organosilanes.,,static literature condition,,,,Exact/static row extracted; range-only and unsupported-liquid rows were excluded.
SFC_2323C916D9CA,OPEN_CROSS_MATERIAL_2026,Hairy PDMS-coated glass,other,,literature-described condition,AAO-templated hierarchical PDMS,,static literature condition,,,,Exact/static row extracted; range-only and unsupported-liquid rows were excluded.
SFC_807168F787F5,OPEN_CROSS_MATERIAL_2026,PMMA with POTS-functionalized silica nanoparticles,other,,literature-described condition,"Superhydrophobic, self-cleaning plastic surface created via sol-gel process.",,static literature condition,,,,Exact/static row extracted; range-only and unsupported-liquid rows were excluded.
SFC_01C5DA91E115,OPEN_CROSS_MATERIAL_2026,PMMA substrate (POTS coating),other,,literature-described condition,Sol-gel processed surface modified with perfluorooctyltriethoxysilane,,static literature condition,,,,Exact/static row extracted; range-only and unsupported-liquid rows were excluded.
SFC_C09DABED6453,OPEN_CROSS_MATERIAL_2026,Fluorinated silica nanoparticle film,other,,literature-described condition,Superhydrophobic thin film from fluorinated SiO2 nanoparticles,,static literature condition,,,,Exact/static row extracted; range-only and unsupported-liquid rows were excluded.
SFC_40D416367ED5,OPEN_CROSS_MATERIAL_2026,PTFE - Plasma Etching (PE) treated,other,,literature-described condition,Treated with O2/Ar plasma (PE method).,,static literature condition,,,,Exact/static row extracted; range-only and unsupported-liquid rows were excluded.
SFC_893F8367669D,OPEN_CROSS_MATERIAL_2026,SLIMS1,other,,literature-described condition,Infused with Krytox 101,,static literature condition,,,,Exact/static row extracted; range-only and unsupported-liquid rows were excluded.
SFC_10AE4DFE50CE,OPEN_CROSS_MATERIAL_2026,Micropillar array (lubricant-infused),other,,literature-described condition,"Lubricant: Decanol, surface underfilled by 1–2 μm.",,static literature condition,,,,Exact/static row extracted; range-only and unsupported-liquid rows were excluded.
SFC_D382AE2DA4CA,OPEN_CROSS_MATERIAL_2026,Micropillar array (lubricant-infused),other,,literature-described condition,Apparent contact angle at solid-TPCL.,,static literature condition,,,,Exact/static row extracted; range-only and unsupported-liquid rows were excluded.
SFC_3D43AF072E6D,OPEN_CROSS_MATERIAL_2026,Superhydrophobic coating on glass,other,,literature-described condition,Optically transparent coating based on functionalized SiO2 nanoparticles.,,static literature condition,,,,Exact/static row extracted; range-only and unsupported-liquid rows were excluded.
SFC_D9DD5BCDEBD2,OPEN_CROSS_MATERIAL_2026,SHS (Superhydrophobic Surface),other,,literature-described condition,Base fluoroalkyl-functionalized silica/PVDF-HFP composite.,,static literature condition,,,,Exact/static row extracted; range-only and unsupported-liquid rows were excluded.
SFC_E366C485FD23,OPEN_CROSS_MATERIAL_2026,Micropillar array (lubricant-infused),other,,literature-described condition,"Decanol, surface overfilled by 32 ± 1 μm.",,static literature condition,,,,Exact/static row extracted; range-only and unsupported-liquid rows were excluded.
SFC_D1DB5176E829,OPEN_CROSS_MATERIAL_2026,Modified Anodized Ti (5 vol% TMPSi),other,,literature-described condition,Superhydrophobic surface after silane modification,,static literature condition,,,,Exact/static row extracted; range-only and unsupported-liquid rows were excluded.
SFC_5C7869425C1B,OPEN_CROSS_MATERIAL_2026,PDMS hierarchical surface,other,,literature-described condition,Dual-scale roughness induces superhydrophobicity,,static literature condition,,,,Exact/static row extracted; range-only and unsupported-liquid rows were excluded.
SFC_4A211D37EBCC,OPEN_CROSS_MATERIAL_2026,PTFE - Reactive Ion Etching (RIE) treated,other,,literature-described condition,Treated with O₂/Ar plasma (RIE method),,static literature condition,,,,Exact/static row extracted; range-only and unsupported-liquid rows were excluded.
SFC_E45DCD7FEE37,OPEN_CROSS_MATERIAL_2026,Inverse opal (infused with FC70),other,,literature-described condition,Surface overfilled by ~ 10–25 μm.,,static literature condition,,,,Exact/static row extracted; range-only and unsupported-liquid rows were excluded.
SFC_D997DF0085DF,OPEN_POLYMER_SURFACES_2023,PCa,polymer,polymer surface,literature-reported,Table-reported polymer surface; treatment detail not available in this table,,literature-reported surface,,,,Diagnostic literature-reported angle; advancing/receding status is not specified in the source table.
SFC_874E84FC80A7,OPEN_POLYMER_SURFACES_2023,PVAc,polymer,polymer surface,literature-reported,Table-reported polymer surface; treatment detail not available in this table,,literature-reported surface,,,,Diagnostic literature-reported angle; advancing/receding status is not specified in the source table.
SFC_E066D95CCC78,OPEN_POLYMER_SURFACES_2023,PC,polymer,polymer surface,literature-reported,Table-reported polymer surface; treatment detail not available in this table,,literature-reported surface,,,,Diagnostic literature-reported angle; advancing/receding status is not specified in the source table.
SFC_AC4DDEECE3F7,OPEN_POLYMER_SURFACES_2023,Nylon 66,polymer,polymer surface,literature-reported,Table-reported polymer surface; treatment detail not available in this table,,literature-reported surface,,,,Diagnostic literature-reported angle; advancing/receding status is not specified in the source table.
SFC_F0BFA31774A7,OPEN_POLYMER_SURFACES_2023,PPS,polymer,polymer surface,literature-reported,Table-reported polymer surface; treatment detail not available in this table,,literature-reported surface,,,,Diagnostic literature-reported angle; advancing/receding status is not specified in the source table.
SFC_619070545661,OPEN_POLYMER_SURFACES_2023,PS,polymer,polymer surface,literature-reported,Table-reported polymer surface; treatment detail not available in this table,,literature-reported surface,,,,Diagnostic literature-reported angle; advancing/receding status is not specified in the source table.
SFC_FFE25A9A5A54,OPEN_POLYMER_SURFACES_2023,PVC,polymer,polymer surface,literature-reported,Table-reported polymer surface; treatment detail not available in this table,,literature-reported surface,,,,Diagnostic literature-reported angle; advancing/receding status is not specified in the source table.
SFC_1D7210C10C8C,OPEN_POLYMER_SURFACES_2023,PET,polymer,polymer surface,literature-reported,Table-reported polymer surface; treatment detail not available in this table,,literature-reported surface,,,,Diagnostic literature-reported angle; advancing/receding status is not specified in the source table.
SFC_ECD42A787C67,OPEN_POLYMER_SURFACES_2023,PMMA,polymer,polymer surface,literature-reported,Table-reported polymer surface; treatment detail not available in this table,,literature-reported surface,,,,Diagnostic literature-reported angle; advancing/receding status is not specified in the source table.
SFC_5648457375F3,OPEN_POLYMER_SURFACES_2023,PVF,polymer,polymer surface,literature-reported,Table-reported polymer surface; treatment detail not available in this table,,literature-reported surface,,,,Diagnostic literature-reported angle; advancing/receding status is not specified in the source table.
SFC_4CBC1B4A127C,OPEN_POLYMER_SURFACES_2023,HDPE,polymer,polymer surface,literature-reported,Table-reported polymer surface; treatment detail not available in this table,,literature-reported surface,,,,Diagnostic literature-reported angle; advancing/receding status is not specified in the source table.
SFC_4BD23D0F3546,OPEN_POLYMER_SURFACES_2023,PVDF,polymer,polymer surface,literature-reported,Table-reported polymer surface; treatment detail not available in this table,,literature-reported surface,,,,Diagnostic literature-reported angle; advancing/receding status is not specified in the source table.
SFC_A65652A71181,OPEN_POLYMER_SURFACES_2023,LDPE,polymer,polymer surface,literature-reported,Table-reported polymer surface; treatment detail not available in this table,,literature-reported surface,,,,Diagnostic literature-reported angle; advancing/receding status is not specified in the source table.
SFC_D9EFE53A22B1,OPEN_POLYMER_SURFACES_2023,PP,polymer,polymer surface,literature-reported,Table-reported polymer surface; treatment detail not available in this table,,literature-reported surface,,,,Diagnostic literature-reported angle; advancing/receding status is not specified in the source table.
SFC_6353761F5CC5,OPEN_POLYMER_SURFACES_2023,SBR,polymer,polymer surface,literature-reported,Table-reported polymer surface; treatment detail not available in this table,,literature-reported surface,,,,Diagnostic literature-reported angle; advancing/receding status is not specified in the source table.
SFC_A66B59B95A03,OPEN_POLYMER_SURFACES_2023,PTrFE,polymer,polymer surface,literature-reported,Table-reported polymer surface; treatment detail not available in this table,,literature-reported surface,,,,Diagnostic literature-reported angle; advancing/receding status is not specified in the source table.
SFC_62075C90581B,OPEN_POLYMER_SURFACES_2023,PTFE,polymer,polymer surface,literature-reported,Table-reported polymer surface; treatment detail not available in this table,,literature-reported surface,,,,Diagnostic literature-reported angle; advancing/receding status is not specified in the source table.
SFC_36EF2E368C84,OPEN_POLYMER_SURFACES_2023,PPFA,polymer,polymer surface,literature-reported,Table-reported polymer surface; treatment detail not available in this table,,literature-reported surface,,,,Diagnostic literature-reported angle; advancing/receding status is not specified in the source table.
SFC_70D1A1076BBD,OPEN_TEXTILE_ANTI_WETTING_2019,Cel,polymer_textile,polymeric film,flat film; untreated,Specimen label Cel; flat film; untreated.,,flat film,,,,Static contact angle and SD extracted from CA columns only; shedding-angle columns were intentionally excluded.
SFC_B23DE8940451,OPEN_TEXTILE_ANTI_WETTING_2019,Cel-f,polymer_textile,polymeric film,flat film; fluorinated anti-wetting coating,Specimen label Cel-f; flat film; fluorinated anti-wetting coating.,,flat film,,,,Static contact angle and SD extracted from CA columns only; shedding-angle columns were intentionally excluded.
SFC_C90D1535E78D,OPEN_TEXTILE_ANTI_WETTING_2019,Cel-Si,polymer_textile,polymeric film,flat film; silane anti-wetting coating,Specimen label Cel-Si; flat film; silane anti-wetting coating.,,flat film,,,,Static contact angle and SD extracted from CA columns only; shedding-angle columns were intentionally excluded.
SFC_F92838A9E6A2,OPEN_TEXTILE_ANTI_WETTING_2019,PP,polymer_textile,polymeric film,flat film; untreated,Specimen label PP; flat film; untreated.,,flat film,,,,Static contact angle and SD extracted from CA columns only; shedding-angle columns were intentionally excluded.
SFC_F8CAAE03FE56,OPEN_TEXTILE_ANTI_WETTING_2019,PET,polymer_textile,polymeric film,flat film; untreated,Specimen label PET; flat film; untreated.,,flat film,,,,Static contact angle and SD extracted from CA columns only; shedding-angle columns were intentionally excluded.
SFC_96459A5711ED,OPEN_TEXTILE_ANTI_WETTING_2019,PET-f,polymer_textile,polymeric film,flat film; fluorinated anti-wetting coating,Specimen label PET-f; flat film; fluorinated anti-wetting coating.,,flat film,,,,Static contact angle and SD extracted from CA columns only; shedding-angle columns were intentionally excluded.
SFC_DE9D8D16E40F,OPEN_TEXTILE_ANTI_WETTING_2019,PET-Si,polymer_textile,polymeric film,flat film; silane anti-wetting coating,Specimen label PET-Si; flat film; silane anti-wetting coating.,,flat film,,,,Static contact angle and SD extracted from CA columns only; shedding-angle columns were intentionally excluded.
SFC_A7A6BDD5941D,OPEN_TEXTILE_ANTI_WETTING_2019,Cel(SL),polymer_textile,polymeric nonwoven textile,spunlace nonwoven; untreated,Specimen label Cel(SL); spunlace nonwoven; untreated.,,spunlace nonwoven,,,,Static contact angle and SD extracted from CA columns only; shedding-angle columns were intentionally excluded.
SFC_AEE4770633F2,OPEN_TEXTILE_ANTI_WETTING_2019,Cel(SL)-f,polymer_textile,polymeric nonwoven textile,spunlace nonwoven; fluorinated anti-wetting coating,Specimen label Cel(SL)-f; spunlace nonwoven; fluorinated anti-wetting coating.,,spunlace nonwoven,,,,Static contact angle and SD extracted from CA columns only; shedding-angle columns were intentionally excluded.
SFC_E0770C382AAA,OPEN_TEXTILE_ANTI_WETTING_2019,Cel(SL)-Si,polymer_textile,polymeric nonwoven textile,spunlace nonwoven; silane anti-wetting coating,Specimen label Cel(SL)-Si; spunlace nonwoven; silane anti-wetting coating.,,spunlace nonwoven,,,,Static contact angle and SD extracted from CA columns only; shedding-angle columns were intentionally excluded.
SFC_D1ADE9B03D51,OPEN_TEXTILE_ANTI_WETTING_2019,PET(SB),polymer_textile,polymeric nonwoven textile,spunbond nonwoven; untreated,Specimen label PET(SB); spunbond nonwoven; untreated.,,spunbond nonwoven,,,,Static contact angle and SD extracted from CA columns only; shedding-angle columns were intentionally excluded.
SFC_F4A35D2DD4C5,OPEN_TEXTILE_ANTI_WETTING_2019,PET(SB)-f,polymer_textile,polymeric nonwoven textile,spunbond nonwoven; fluorinated anti-wetting coating,Specimen label PET(SB)-f; spunbond nonwoven; fluorinated anti-wetting coating.,,spunbond nonwoven,,,,Static contact angle and SD extracted from CA columns only; shedding-angle columns were intentionally excluded.
SFC_B6F1BA3CA55E,OPEN_TEXTILE_ANTI_WETTING_2019,PET(SB)-Si,polymer_textile,polymeric nonwoven textile,spunbond nonwoven; silane anti-wetting coating,Specimen label PET(SB)-Si; spunbond nonwoven; silane anti-wetting coating.,,spunbond nonwoven,,,,Static contact angle and SD extracted from CA columns only; shedding-angle columns were intentionally excluded.
SFC_ADC096AE0D75,OPEN_TEXTILE_ANTI_WETTING_2019,PET(SB-etch),polymer_textile,polymeric nonwoven textile,spunbond nonwoven; alkaline etching,Specimen label PET(SB-etch); spunbond nonwoven; alkaline etching.,,spunbond nonwoven,,,,Static contact angle and SD extracted from CA columns only; shedding-angle columns were intentionally excluded.
SFC_7E09C519A040,OPEN_TEXTILE_ANTI_WETTING_2019,PET(SB-etch)-f,polymer_textile,polymeric nonwoven textile,spunbond nonwoven; fluorinated anti-wetting coating; alkaline etching,Specimen label PET(SB-etch)-f; spunbond nonwoven; fluorinated anti-wetting coating; alkaline etching.,,spunbond nonwoven,,,,Static contact angle and SD extracted from CA columns only; shedding-angle columns were intentionally excluded.
SFC_FE1BCA204FFA,OPEN_TEXTILE_ANTI_WETTING_2019,PET(SB-etch)-Si,polymer_textile,polymeric nonwoven textile,spunbond nonwoven; silane anti-wetting coating; alkaline etching,Specimen label PET(SB-etch)-Si; spunbond nonwoven; silane anti-wetting coating; alkaline etching.,,spunbond nonwoven,,,,Static contact angle and SD extracted from CA columns only; shedding-angle columns were intentionally excluded.
SFC_01B9AA1C0B74,OPEN_PLA_FILMS_2021,Control on PTFE,polymer_film,PTFE,substrate control; no PLA film,substrate control; no PLA film; source Table 1 condition Control; film preparation and substrate are retained as separate fields.,,bare substrate control,,,,Average +/- standard deviation extracted from Table 1. The article reports at least fifteen drops on three samples; replicates_n=15 is a conservative lower bound.
SFC_B1D8AACA85B5,OPEN_PLA_FILMS_2021,PLA-C on PTFE,polymer_film,PTFE,PLA film cast from chloroform,PLA film cast from chloroform; source Table 1 condition PLA-C; film preparation and substrate are retained as separate fields.,,flat film,,,,Average +/- standard deviation extracted from Table 1. The article reports at least fifteen drops on three samples; replicates_n=15 is a conservative lower bound.
SFC_662849118DF0,OPEN_PLA_FILMS_2021,PLA-A on PTFE,polymer_film,PTFE,PLA film cast from acetone,PLA film cast from acetone; source Table 1 condition PLA-A; film preparation and substrate are retained as separate fields.,,flat film,,,,Average +/- standard deviation extracted from Table 1. The article reports at least fifteen drops on three samples; replicates_n=15 is a conservative lower bound.
SFC_29A9F5906DC4,OPEN_PLA_FILMS_2021,PLA-T on PTFE,polymer_film,PTFE,PLA film cast from tetrahydrofuran,PLA film cast from tetrahydrofuran; source Table 1 condition PLA-T; film preparation and substrate are retained as separate fields.,,flat film,,,,Average +/- standard deviation extracted from Table 1. The article reports at least fifteen drops on three samples; replicates_n=15 is a conservative lower bound.
SFC_4640D599C795,OPEN_PLA_FILMS_2021,Control on Glass,polymer_film,Glass,substrate control; no PLA film,substrate control; no PLA film; source Table 1 condition Control; film preparation and substrate are retained as separate fields.,,bare substrate control,,,,Average +/- standard deviation extracted from Table 1. The article reports at least fifteen drops on three samples; replicates_n=15 is a conservative lower bound.
SFC_869B011AB104,OPEN_PLA_FILMS_2021,PLA-C on Glass,polymer_film,Glass,PLA film cast from chloroform,PLA film cast from chloroform; source Table 1 condition PLA-C; film preparation and substrate are retained as separate fields.,,flat film,,,,Average +/- standard deviation extracted from Table 1. The article reports at least fifteen drops on three samples; replicates_n=15 is a conservative lower bound.
SFC_52F0F5BD3D6C,OPEN_PLA_FILMS_2021,PLA-A on Glass,polymer_film,Glass,PLA film cast from acetone,PLA film cast from acetone; source Table 1 condition PLA-A; film preparation and substrate are retained as separate fields.,,flat film,,,,Average +/- standard deviation extracted from Table 1. The article reports at least fifteen drops on three samples; replicates_n=15 is a conservative lower bound.
SFC_8864A171D8DB,OPEN_PLA_FILMS_2021,PLA-T on Glass,polymer_film,Glass,PLA film cast from tetrahydrofuran,PLA film cast from tetrahydrofuran; source Table 1 condition PLA-T; film preparation and substrate are retained as separate fields.,,flat film,,,,Average +/- standard deviation extracted from Table 1. The article reports at least fifteen drops on three samples; replicates_n=15 is a conservative lower bound.
SFC_CA0DF2A414ED,OPEN_PLA_FILMS_2021,Control on Ti6Al4V,polymer_film,Ti6Al4V,substrate control; no PLA film,substrate control; no PLA film; source Table 1 condition Control; film preparation and substrate are retained as separate fields.,,bare substrate control,,,,Average +/- standard deviation extracted from Table 1. The article reports at least fifteen drops on three samples; replicates_n=15 is a conservative lower bound.
SFC_0FBA62725BE6,OPEN_PLA_FILMS_2021,PLA-C on Ti6Al4V,polymer_film,Ti6Al4V,PLA film cast from chloroform,PLA film cast from chloroform; source Table 1 condition PLA-C; film preparation and substrate are retained as separate fields.,,flat film,,,,Average +/- standard deviation extracted from Table 1. The article reports at least fifteen drops on three samples; replicates_n=15 is a conservative lower bound.
SFC_84FF6543987A,OPEN_PLA_FILMS_2021,PLA-A on Ti6Al4V,polymer_film,Ti6Al4V,PLA film cast from acetone,PLA film cast from acetone; source Table 1 condition PLA-A; film preparation and substrate are retained as separate fields.,,flat film,,,,Average +/- standard deviation extracted from Table 1. The article reports at least fifteen drops on three samples; replicates_n=15 is a conservative lower bound.
SFC_91B74A694C1A,OPEN_PLA_FILMS_2021,PLA-T on Ti6Al4V,polymer_film,Ti6Al4V,PLA film cast from tetrahydrofuran,PLA film cast from tetrahydrofuran; source Table 1 condition PLA-T; film preparation and substrate are retained as separate fields.,,flat film,,,,Average +/- standard deviation extracted from Table 1. The article reports at least fifteen drops on three samples; replicates_n=15 is a conservative lower bound.
SFC_46B777D53533,OPEN_PLA_FILMS_2021,Control on Silicone,polymer_film,Silicone,substrate control; no PLA film,substrate control; no PLA film; source Table 1 condition Control; film preparation and substrate are retained as separate fields.,,bare substrate control,,,,Average +/- standard deviation extracted from Table 1. The article reports at least fifteen drops on three samples; replicates_n=15 is a conservative lower bound.
SFC_2171EA47DB00,OPEN_PLA_FILMS_2021,PLA-C on Silicone,polymer_film,Silicone,PLA film cast from chloroform,PLA film cast from chloroform; source Table 1 condition PLA-C; film preparation and substrate are retained as separate fields.,,flat film,,,,Average +/- standard deviation extracted from Table 1. The article reports at least fifteen drops on three samples; replicates_n=15 is a conservative lower bound.
SFC_C73C8C6483E4,OPEN_PLA_FILMS_2021,PLA-A on Silicone,polymer_film,Silicone,PLA film cast from acetone,PLA film cast from acetone; source Table 1 condition PLA-A; film preparation and substrate are retained as separate fields.,,flat film,,,,Average +/- standard deviation extracted from Table 1. The article reports at least fifteen drops on three samples; replicates_n=15 is a conservative lower bound.
SFC_B93E7618C45A,OPEN_PLA_FILMS_2021,PLA-T on Silicone,polymer_film,Silicone,PLA film cast from tetrahydrofuran,PLA film cast from tetrahydrofuran; source Table 1 condition PLA-T; film preparation and substrate are retained as separate fields.,,flat film,,,,Average +/- standard deviation extracted from Table 1. The article reports at least fifteen drops on three samples; replicates_n=15 is a conservative lower bound.
SFC_DDCE904A2E37,OPEN_CARBON_GLYCAN_2016,a-C,carbon_surface,carbon substrate,glycan functionalization condition,Surface label a-C from source Table 4; SFE is angle-derived and not used as an input.,,solid carbon surface,,,,Mean +/- SD extracted from the three static contact-angle columns; reported surface energy is not imported as independent SFE.
SFC_757E5A51849D,OPEN_CARBON_GLYCAN_2016,Glc-C,carbon_surface,carbon substrate,glycan functionalization condition,Surface label Glc-C from source Table 4; SFE is angle-derived and not used as an input.,,solid carbon surface,,,,Mean +/- SD extracted from the three static contact-angle columns; reported surface energy is not imported as independent SFE.
SFC_C1B0541D31DE,OPEN_CARBON_GLYCAN_2016,Gal-C,carbon_surface,carbon substrate,glycan functionalization condition,Surface label Gal-C from source Table 4; SFE is angle-derived and not used as an input.,,solid carbon surface,,,,Mean +/- SD extracted from the three static contact-angle columns; reported surface energy is not imported as independent SFE.
SFC_1CD855A0B4A5,OPEN_CARBON_GLYCAN_2016,Man-C,carbon_surface,carbon substrate,glycan functionalization condition,Surface label Man-C from source Table 4; SFE is angle-derived and not used as an input.,,solid carbon surface,,,,Mean +/- SD extracted from the three static contact-angle columns; reported surface energy is not imported as independent SFE.
SFC_9CBFB90624F8,OPEN_CARBON_GLYCAN_2016,Rha-C,carbon_surface,carbon substrate,glycan functionalization condition,Surface label Rha-C from source Table 4; SFE is angle-derived and not used as an input.,,solid carbon surface,,,,Mean +/- SD extracted from the three static contact-angle columns; reported surface energy is not imported as independent SFE.
SFC_73AE050E307F,OPEN_CARBON_GLYCAN_2016,Lac-C,carbon_surface,carbon substrate,glycan functionalization condition,Surface label Lac-C from source Table 4; SFE is angle-derived and not used as an input.,,solid carbon surface,,,,Mean +/- SD extracted from the three static contact-angle columns; reported surface energy is not imported as independent SFE.
SFC_4AD1E95A7848,OPEN_FACEMASK_2023,facemask_A,textile_composite,reusable facemask fabric,commercial facemask construction,Commercial reusable facemask species A; composition details are not expanded in Table 2.,,fabric surface,,,,Mean (SD) extracted from the three static contact-angle columns; the article reports triplicate measurements and calculated SFE is not imported as independent SFE.
SFC_2C8D133FAE44,OPEN_FACEMASK_2023,facemask_B,textile_composite,reusable facemask fabric,commercial facemask construction,Commercial reusable facemask species B; composition details are not expanded in Table 2.,,fabric surface,,,,Mean (SD) extracted from the three static contact-angle columns; the article reports triplicate measurements and calculated SFE is not imported as independent SFE.
SFC_61C86B62E941,OPEN_FACEMASK_2023,facemask_C,textile_composite,reusable facemask fabric,commercial facemask construction,Commercial reusable facemask species C; composition details are not expanded in Table 2.,,fabric surface,,,,Mean (SD) extracted from the three static contact-angle columns; the article reports triplicate measurements and calculated SFE is not imported as independent SFE.
SFC_5D5B39751D66,OPEN_FACEMASK_2023,facemask_D,textile_composite,reusable facemask fabric,commercial facemask construction,Commercial reusable facemask species D; composition details are not expanded in Table 2.,,fabric surface,,,,Mean (SD) extracted from the three static contact-angle columns; the article reports triplicate measurements and calculated SFE is not imported as independent SFE.
SFC_52742E4E2FF2,OPEN_FACEMASK_2023,facemask_E,textile_composite,reusable facemask fabric,commercial facemask construction,Commercial reusable facemask species E; composition details are not expanded in Table 2.,,fabric surface,,,,Mean (SD) extracted from the three static contact-angle columns; the article reports triplicate measurements and calculated SFE is not imported as independent SFE.
SFC_98A58E5AB649,OPEN_FACEMASK_2023,facemask_F,textile_composite,reusable facemask fabric,commercial facemask construction,Commercial reusable facemask species F; composition details are not expanded in Table 2.,,fabric surface,,,,Mean (SD) extracted from the three static contact-angle columns; the article reports triplicate measurements and calculated SFE is not imported as independent SFE.
SFC_804C47F28DD6,OPEN_FACEMASK_2023,facemask_G,textile_composite,reusable facemask fabric,commercial facemask construction,Commercial reusable facemask species G; composition details are not expanded in Table 2.,,fabric surface,,,,Mean (SD) extracted from the three static contact-angle columns; the article reports triplicate measurements and calculated SFE is not imported as independent SFE.
SFC_26BB55DBD67D,OPEN_CHITOSAN_GELATIN_2022,CS-Gel,biopolymer_film,chitosan-gelatin film,cellulose-nanocrystal crosslinking,Sample formulation CS-Gel; crosslinker and concentration are encoded in the source sample label.,,dried biopolymer film,,,,Average static contact angles extracted from Table 3; article methods report five measurements per angle and calculated SFE is not imported as independent SFE.
SFC_D400AC079E9D,OPEN_CHITOSAN_GELATIN_2022,CS-Gel-5%DAMC,biopolymer_film,chitosan-gelatin film,cellulose-nanocrystal crosslinking,Sample formulation CS-Gel-5%DAMC; crosslinker and concentration are encoded in the source sample label.,,dried biopolymer film,,,,Average static contact angles extracted from Table 3; article methods report five measurements per angle and calculated SFE is not imported as independent SFE.
SFC_F1718B0B4710,OPEN_CHITOSAN_GELATIN_2022,CS-Gel-10%DAMC,biopolymer_film,chitosan-gelatin film,cellulose-nanocrystal crosslinking,Sample formulation CS-Gel-10%DAMC; crosslinker and concentration are encoded in the source sample label.,,dried biopolymer film,,,,Average static contact angles extracted from Table 3; article methods report five measurements per angle and calculated SFE is not imported as independent SFE.
SFC_C768409105A9,OPEN_CHITOSAN_GELATIN_2022,CS-Gel-15%DAMC,biopolymer_film,chitosan-gelatin film,cellulose-nanocrystal crosslinking,Sample formulation CS-Gel-15%DAMC; crosslinker and concentration are encoded in the source sample label.,,dried biopolymer film,,,,Average static contact angles extracted from Table 3; article methods report five measurements per angle and calculated SFE is not imported as independent SFE.
SFC_21C07DE8FEA5,OPEN_CHITOSAN_GELATIN_2022,CS-Gel-5%DNCL,biopolymer_film,chitosan-gelatin film,cellulose-nanocrystal crosslinking,Sample formulation CS-Gel-5%DNCL; crosslinker and concentration are encoded in the source sample label.,,dried biopolymer film,,,,Average static contact angles extracted from Table 3; article methods report five measurements per angle and calculated SFE is not imported as independent SFE.
SFC_4988FD117978,OPEN_CHITOSAN_GELATIN_2022,CS-Gel-10%DNCL,biopolymer_film,chitosan-gelatin film,cellulose-nanocrystal crosslinking,Sample formulation CS-Gel-10%DNCL; crosslinker and concentration are encoded in the source sample label.,,dried biopolymer film,,,,Average static contact angles extracted from Table 3; article methods report five measurements per angle and calculated SFE is not imported as independent SFE.
SFC_728D367B9FEB,OPEN_CHITOSAN_GELATIN_2022,CS-Gel-15%DNCL,biopolymer_film,chitosan-gelatin film,cellulose-nanocrystal crosslinking,Sample formulation CS-Gel-15%DNCL; crosslinker and concentration are encoded in the source sample label.,,dried biopolymer film,,,,Average static contact angles extracted from Table 3; article methods report five measurements per angle and calculated SFE is not imported as independent SFE.
