sample_id,record_id,source_group_id,surface_group_id,target_liquid_id,solid_family,prediction_mode,v4_split,n_probes,theta_observed_deg,theta_pred_deg,physics_prediction,neural_prediction,xgboost_prediction,random_forest_prediction,xgboost_direct_prediction,random_forest_direct_prediction,ensemble_std_deg,aleatoric_sigma_deg,residual_shift_cosine,unknown_category,model_version,weight_physics,weight_neural,weight_xgboost,weight_random_forest,tree_prediction,ood_score,interval_lower_deg,interval_upper_deg,confidence_level,abstain_flag,risk_level,predictive_scale_deg,expert_weights
PA_CA0143,CA0143,SRC019,SFC_158AAEDEF9ED,LIQ_0F4168490E,polymer,probe_assisted,train,2,76.3,87.45207418687514,93.4878,95.529335,85.78589944839477,82.67611667958104,83.03522033691407,80.92429542505286,0.2344791498703794,10.741579,-0.03549149,no,ls-psrmoe-v4.1,0.2163329165208103,9.299473083951293e-16,0.7836670834791888,0.0,85.78589944839476,0.0053419549312927,47.74398502124387,127.1601633525064,0.9,no,low,10.744137931214627,"{""neural"": 9.299473083951293e-16, ""physics"": 0.21633291652081033, ""xgboost"": 0.7836670834791888}"
PA_CA0144,CA0144,SRC019,SFC_158AAEDEF9ED,LIQ_6656B41AB7,polymer,probe_assisted,train,2,41.7,51.50391169241527,89.16001,81.74957,41.10886764526367,45.153930445222215,38.69982223510742,43.54960604193053,0.356385262760499,10.8514385,0.12860502,no,ls-psrmoe-v4.1,0.2163329165208103,9.299473083951293e-16,0.7836670834791888,0.0,41.10886764526367,0.0281575966471299,11.795822526784008,91.21200085804654,0.9,no,low,10.857289163267005,"{""neural"": 9.299473083951293e-16, ""physics"": 0.21633291652081033, ""xgboost"": 0.7836670834791888}"
PA_CA0145,CA0145,SRC019,SFC_158AAEDEF9ED,LIQ_53310FAFB3,polymer,probe_assisted,train,2,58.2,49.50331696686933,36.62857,41.8425,53.05741729736328,52.88001114417356,52.91916580200196,53.67043192530001,0.1156880888404948,10.872154,-0.05765841,no,ls-psrmoe-v4.1,0.2163329165208103,9.299473083951293e-16,0.7836670834791888,0.0,53.05741729736328,0.0080975125446912,9.795227801238063,89.2114061325006,0.9,no,low,10.872769487743938,"{""neural"": 9.299473083951293e-16, ""physics"": 0.21633291652081033, ""xgboost"": 0.7836670834791888}"
PA_CA0146,CA0146,SRC019,SFC_2B64446C7017,LIQ_0F4168490E,polymer,probe_assisted,train,2,82.7,82.67605610489593,90.15057,91.8876,80.61270008087158,81.71137354082282,80.95955047607421,80.31436540969337,0.1717202984445998,10.784999,-0.030299613,no,ls-psrmoe-v4.1,0.2163329165208103,9.299473083951293e-16,0.7836670834791888,0.0,80.61270008087158,0.0067525364915118,42.96796693926467,122.3841452705272,0.9,no,low,10.786365990958164,"{""neural"": 9.299473083951293e-16, ""physics"": 0.21633291652081033, ""xgboost"": 0.7836670834791888}"
PA_CA0147,CA0147,SRC019,SFC_2B64446C7017,LIQ_6656B41AB7,polymer,probe_assisted,train,2,37.7,49.588660086081696,61.815624,56.371124,46.21338138580322,41.79597266590055,42.49230804443359,39.55122637088749,0.5006347143510096,10.803278,0.08075469,no,ls-psrmoe-v4.1,0.2163329165208103,9.299473083951293e-16,0.7836670834791888,0.0,46.21338138580322,0.0125184309103168,9.880570920450431,89.29674925171295,0.9,no,low,10.814871735831975,"{""neural"": 9.299473083951293e-16, ""physics"": 0.21633291652081033, ""xgboost"": 0.7836670834791888}"
PA_CA0148,CA0148,SRC019,SFC_2B64446C7017,LIQ_53310FAFB3,polymer,probe_assisted,train,2,53.3,51.12364459212524,44.136333,48.02352,53.05250625610351,52.89441426437261,53.551588439941405,51.96463197726795,0.0834249617120097,10.878415,-0.048930697,no,ls-psrmoe-v4.1,0.2163329165208103,9.299473083951293e-16,0.7836670834791888,0.0,53.05250625610351,0.0106481643963983,11.415555426493974,90.8317337577565,0.9,no,low,10.878734882166292,"{""neural"": 9.299473083951293e-16, ""physics"": 0.21633291652081033, ""xgboost"": 0.7836670834791888}"
PA_CA0149,CA0149,SRC019,SFC_DE2A842947A3,LIQ_0F4168490E,polymer,probe_assisted,train,2,72.3,77.02733136018601,86.246796,88.27072,74.48227920532227,76.085313008333,72.72718658447266,74.57550983190802,0.2114975801582978,10.782015,-0.035288356,no,ls-psrmoe-v4.1,0.2163329165208103,9.299473083951293e-16,0.7836670834791888,0.0,74.48227920532227,0.0042664906424376,37.31924219455475,116.73542052581728,0.9,no,low,10.78408914496898,"{""neural"": 9.299473083951293e-16, ""physics"": 0.21633291652081033, ""xgboost"": 0.7836670834791888}"
PA_CA0150,CA0150,SRC019,SFC_DE2A842947A3,LIQ_6656B41AB7,polymer,probe_assisted,train,2,30.9,39.85205570174907,74.25163,67.23053,30.3559814453125,34.70319819833969,33.586489868164065,35.52795593403195,0.1943816737782802,10.874762,0.11492439,no,ls-psrmoe-v4.1,0.2163329165208103,9.299473083951293e-16,0.7836670834791888,0.0,30.3559814453125,0.0106273796102817,0.14396653611780863,79.56014486738033,0.9,no,low,10.876499105490923,"{""neural"": 9.299473083951293e-16, ""physics"": 0.21633291652081033, ""xgboost"": 0.7836670834791888}"
PA_CA0151,CA0151,SRC019,SFC_DE2A842947A3,LIQ_53310FAFB3,polymer,probe_assisted,train,2,46.7,39.76107018165487,24.95053,32.515244,43.84955062866211,44.1832292450008,46.406281280517575,46.2261198401058,0.280570152900355,10.919206,-0.06352027,no,ls-psrmoe-v4.1,0.2163329165208103,9.299473083951293e-16,0.7836670834791888,0.0,43.84955062866211,0.0123456098532738,0.05298101602360816,79.46915934728614,0.9,no,low,10.922810045090712,"{""neural"": 9.299473083951293e-16, ""physics"": 0.21633291652081033, ""xgboost"": 0.7836670834791888}"
PA_CA0152,CA0152,SRC019,SFC_F38D9A54A3DA,LIQ_0F4168490E,polymer,probe_assisted,train,2,78.1,73.85946035003138,82.74831,84.67967,71.40567607879639,73.44151412943577,71.70549011230469,73.67577057355774,0.1028906118527227,10.80696,-0.033524137,no,ls-psrmoe-v4.1,0.2163329165208103,9.299473083951293e-16,0.7836670834791888,0.0,71.40567607879639,0.0072824933501251,34.15137118440012,113.56754951566265,0.9,no,low,10.807449787975303,"{""neural"": 9.299473083951293e-16, ""physics"": 0.21633291652081033, ""xgboost"": 0.7836670834791888}"
PA_CA0153,CA0153,SRC019,SFC_F38D9A54A3DA,LIQ_6656B41AB7,polymer,probe_assisted,train,2,37.7,42.76087313998186,53.518486,48.197273,39.79121189117432,37.89220504742664,40.52021408081055,39.36170502710346,0.448445780916421,10.799659,0.07105594,no,ls-psrmoe-v4.1,0.2163329165208103,9.299473083951293e-16,0.7836670834791888,0.0,39.79121189117432,0.0274326530349742,3.0527839743505965,82.46896230561313,0.9,no,low,10.80896563666953,"{""neural"": 9.299473083951293e-16, ""physics"": 0.21633291652081033, ""xgboost"": 0.7836670834791888}"
PA_CA0154,CA0154,SRC019,SFC_F38D9A54A3DA,LIQ_53310FAFB3,polymer,probe_assisted,train,2,44.2,45.64469229077515,37.725967,42.3432,47.830672645568846,48.67624762561273,48.726565551757815,48.868277440189374,0.128760195955853,10.89831,-0.0518893,no,ls-psrmoe-v4.1,0.2163329165208103,9.299473083951293e-16,0.7836670834791888,0.0,47.830672645568846,0.0092490973722217,5.936603125143883,85.3527814564064,0.9,no,low,10.8990706046049,"{""neural"": 9.299473083951293e-16, ""physics"": 0.21633291652081033, ""xgboost"": 0.7836670834791888}"
PA_CA0155,CA0155,SRC019,SFC_728CE2CDF422,LIQ_0F4168490E,polymer,probe_assisted,train,2,86.2,81.01815311526937,87.832085,89.743996,79.13715324401855,79.53066958675531,81.30404052734374,79.37889181004357,0.2446483751420662,10.782781,-0.03335973,no,ls-psrmoe-v4.1,0.2163329165208103,9.299473083951293e-16,0.7836670834791888,0.0,79.13715324401855,0.0042664906424376,41.310063949638106,120.72624228090064,0.9,no,low,10.785556032093137,"{""neural"": 9.299473083951293e-16, ""physics"": 0.21633291652081033, ""xgboost"": 0.7836670834791888}"
PA_CA0156,CA0156,SRC019,SFC_728CE2CDF422,LIQ_6656B41AB7,polymer,probe_assisted,train,2,33.6,38.10375927772165,40.27296,36.172066,37.50494675636291,31.42446585662795,40.69008560180664,43.2988570632548,0.3797404703088455,10.762697,0.043226182,no,ls-psrmoe-v4.1,0.2163329165208103,9.299473083951293e-16,0.7836670834791888,0.0,37.50494675636291,0.0434727218288998,0.0,77.81184844335291,0.9,no,low,10.769394111954458,"{""neural"": 9.299473083951293e-16, ""physics"": 0.21633291652081033, ""xgboost"": 0.7836670834791888}"
PA_CA0157,CA0157,SRC019,SFC_728CE2CDF422,LIQ_53310FAFB3,polymer,probe_assisted,train,2,49.4,52.62235327949282,47.382008,51.142727,54.06896152496338,54.99373229970172,53.18318862915039,52.12650577359693,0.3337555914092249,10.859493,-0.04980257,no,ls-psrmoe-v4.1,0.2163329165208103,9.299473083951293e-16,0.7836670834791888,0.0,54.06896152496338,0.0174978613009434,12.914264113861556,92.33044244512408,0.9,no,low,10.864620610580285,"{""neural"": 9.299473083951293e-16, ""physics"": 0.21633291652081033, ""xgboost"": 0.7836670834791888}"
PA_CA0158,CA0158,SRC019,SFC_18B35400A3DF,LIQ_0F4168490E,polymer,probe_assisted,train,2,77.6,82.72863472781205,90.128975,93.53073,80.68575553894043,79.57690896721911,80.82194671630859,79.20125859318843,0.1793047236983617,10.821161,-0.059304554,no,ls-psrmoe-v4.1,0.2163329165208103,9.299473083951293e-16,0.7836670834791888,0.0,80.68575553894043,0.0046527380829411,43.020545562180786,122.43672389344331,0.9,no,low,10.822646421825928,"{""neural"": 9.299473083951293e-16, ""physics"": 0.21633291652081033, ""xgboost"": 0.7836670834791888}"
PA_CA0159,CA0159,SRC019,SFC_18B35400A3DF,LIQ_6656B41AB7,polymer,probe_assisted,train,2,40.5,47.63407237059873,76.88901,71.851906,39.558187103271486,41.58192991383834,40.28410186767578,41.1665146967412,0.1965395624074785,10.884508,0.08393867,no,ls-psrmoe-v4.1,0.2163329165208103,9.299473083951293e-16,0.7836670834791888,0.0,39.558187103271486,0.010615516780679,7.925983204967466,87.34216153623,0.9,no,low,10.886282294780681,"{""neural"": 9.299473083951293e-16, ""physics"": 0.21633291652081033, ""xgboost"": 0.7836670834791888}"
PA_CA0160,CA0160,SRC019,SFC_18B35400A3DF,LIQ_53310FAFB3,polymer,probe_assisted,train,2,54.1,47.60441533745364,38.071484,44.8802,50.23600082397461,52.73985397375227,51.68427047729492,52.883368637184375,0.2969081307712783,10.936541,-0.07907173,no,ls-psrmoe-v4.1,0.2163329165208103,9.299473083951293e-16,0.7836670834791888,0.0,50.2360008239746,0.0049773191675147,7.896326171822373,87.31250450308491,0.9,no,low,10.940570528212827,"{""neural"": 9.299473083951293e-16, ""physics"": 0.21633291652081033, ""xgboost"": 0.7836670834791888}"
PA_CA0161,CA0161,SRC019,SFC_A2A13A70D232,LIQ_0F4168490E,polymer,probe_assisted,train,2,79.7,84.89766111655419,92.14045,95.2756,82.8982744216919,81.62950969316383,80.768310546875,80.02435965867465,0.1096824295425662,10.833324,-0.05455316,no,ls-psrmoe-v4.1,0.2163329165208103,9.299473083951293e-16,0.7836670834791888,0.0,82.8982744216919,0.0084591412105487,45.189571950922925,124.60575028218545,0.9,no,low,10.83387922788169,"{""neural"": 9.299473083951293e-16, ""physics"": 0.21633291652081033, ""xgboost"": 0.7836670834791888}"
PA_CA0162,CA0162,SRC019,SFC_A2A13A70D232,LIQ_6656B41AB7,polymer,probe_assisted,train,2,48.0,52.12433139652272,82.09009,76.78292,43.85222244262695,43.42565077936551,40.411474609375,41.2752183244735,0.2726039780300602,10.891025,0.09050336,no,ls-psrmoe-v4.1,0.2163329165208103,9.299473083951293e-16,0.7836670834791888,0.0,43.85222244262695,0.017663169518728,12.416242230891456,91.83242056215398,0.9,no,low,10.894436124897094,"{""neural"": 9.299473083951293e-16, ""physics"": 0.21633291652081033, ""xgboost"": 0.7836670834791888}"
PA_CA0163,CA0163,SRC019,SFC_A2A13A70D232,LIQ_53310FAFB3,polymer,probe_assisted,train,2,58.7,53.13018710922309,43.977222,49.466988,55.65688190460205,57.28863202051307,53.5221420288086,53.984394729875326,0.3150660461082837,10.940976,-0.07007102,no,ls-psrmoe-v4.1,0.2163329165208103,9.299473083951293e-16,0.7836670834791888,0.0,55.65688190460205,0.014491008657524,13.422097943591822,92.83827627485435,0.9,no,low,10.945511520526862,"{""neural"": 9.299473083951293e-16, ""physics"": 0.21633291652081033, ""xgboost"": 0.7836670834791888}"
PA_CA0164,CA0164,SRC019,SFC_1A0DE38C2B6C,LIQ_0F4168490E,polymer,probe_assisted,train,2,66.7,76.13604535818757,85.244995,88.973305,73.6215009689331,71.5175539996842,71.62386627197266,70.86846694634141,0.1080033620289781,10.819417,-0.06499213,no,ls-psrmoe-v4.1,0.2163329165208103,9.299473083951293e-16,0.7836670834791888,0.0,73.6215009689331,0.0029511008394863,36.42795619255631,115.84413452381884,0.9,no,low,10.819956051024356,"{""neural"": 9.299473083951293e-16, ""physics"": 0.21633291652081033, ""xgboost"": 0.7836670834791888}"
PA_CA0165,CA0165,SRC019,SFC_1A0DE38C2B6C,LIQ_6656B41AB7,polymer,probe_assisted,train,2,33.0,47.766176144252,85.99369,79.13491,37.21339187622071,40.699967742515845,35.296050262451175,38.46983420560869,0.3603828430955699,10.963461,0.118106484,no,ls-psrmoe-v4.1,0.2163329165208103,9.299473083951293e-16,0.7836670834791888,0.0,37.21339187622071,0.0349735078499564,8.058086978620736,87.47426530988326,0.9,no,low,10.969382521004482,"{""neural"": 9.299473083951293e-16, ""physics"": 0.21633291652081033, ""xgboost"": 0.7836670834791888}"
PA_CA0166,CA0166,SRC019,SFC_1A0DE38C2B6C,LIQ_53310FAFB3,polymer,probe_assisted,train,2,46.0,37.80090112054767,10.235278,27.766745,45.410448265075686,38.12447077773184,47.17525177001953,45.47133966881244,0.0735518425035374,10.99666,-0.10007892,no,ls-psrmoe-v4.1,0.2163329165208103,9.299473083951293e-16,0.7836670834791888,0.0,45.410448265075686,0.0169823144751876,0.0,77.50899028617894,0.9,no,low,10.996905975279395,"{""neural"": 9.299473083951293e-16, ""physics"": 0.21633291652081033, ""xgboost"": 0.7836670834791888}"
PA_CA0167,CA0167,SRC019,SFC_B939DB90B487,LIQ_0F4168490E,polymer,probe_assisted,train,2,85.3,82.98638812877486,89.97391,93.31966,81.05746898651122,80.08366661074038,81.06715698242188,79.7302537884686,0.2250616540247654,10.8265705,-0.058336012,no,ls-psrmoe-v4.1,0.2163329165208103,9.299473083951293e-16,0.7836670834791888,0.0,81.05746898651122,0.0038268825436661,43.2782989631436,122.69447729440613,0.9,no,low,10.828909526798284,"{""neural"": 9.299473083951293e-16, ""physics"": 0.21633291652081033, ""xgboost"": 0.7836670834791888}"
PA_CA0168,CA0168,SRC019,SFC_B939DB90B487,LIQ_6656B41AB7,polymer,probe_assisted,train,2,42.7,46.31136228851221,57.68672,54.76361,43.17117080688477,40.67436515916869,42.43106536865234,43.82702544249726,0.289664856558738,10.813817,0.041287474,no,ls-psrmoe-v4.1,0.2163329165208103,9.299473083951293e-16,0.7836670834791888,0.0,43.17117080688477,0.0188859288711029,6.6032731228809425,86.01945145414348,0.9,no,low,10.817695865507321,"{""neural"": 9.299473083951293e-16, ""physics"": 0.21633291652081033, ""xgboost"": 0.7836670834791888}"
PA_CA0169,CA0169,SRC019,SFC_B939DB90B487,LIQ_53310FAFB3,polymer,probe_assisted,train,2,54.6,54.731941229803766,49.102173,54.388714,56.28605041503906,57.51008048388592,55.18325881958008,54.75156036416811,0.1168008990517926,10.907636,-0.07273165,no,ls-psrmoe-v4.1,0.2163329165208103,9.299473083951293e-16,0.7836670834791888,0.0,56.28605041503906,0.0150867108311553,15.023852064172502,94.44003039543503,0.9,no,low,10.908261344435937,"{""neural"": 9.299473083951293e-16, ""physics"": 0.21633291652081033, ""xgboost"": 0.7836670834791888}"
PA_CA0170,CA0170,SRC019,SFC_20F9A903B6D3,LIQ_0F4168490E,polymer,probe_assisted,train,2,70.8,74.62254839212221,83.7154,87.51922,72.11244773864746,70.3422644361569,71.20118408203125,70.48185165840559,0.1174450420852586,10.821379,-0.06621132,no,ls-psrmoe-v4.1,0.2163329165208103,9.299473083951293e-16,0.7836670834791888,0.0,72.11244773864746,0.0034833482801311,34.91445922649095,114.33063755775348,0.9,no,low,10.822016300096365,"{""neural"": 9.299473083951293e-16, ""physics"": 0.21633291652081033, ""xgboost"": 0.7836670834791888}"
PA_CA0171,CA0171,SRC019,SFC_20F9A903B6D3,LIQ_6656B41AB7,polymer,probe_assisted,train,2,31.6,38.22882662910902,71.8066,66.59129,28.95961227416992,33.806558277301875,33.10519104003906,36.59778625698992,0.2503148037680933,10.897639,0.08410629,no,ls-psrmoe-v4.1,0.2163329165208103,9.299473083951293e-16,0.7836670834791888,0.0,28.95961227416992,0.0106141309647532,0.0,77.93691579474029,0.9,no,low,10.900513440902976,"{""neural"": 9.299473083951293e-16, ""physics"": 0.21633291652081033, ""xgboost"": 0.7836670834791888}"
PA_CA0172,CA0172,SRC019,SFC_20F9A903B6D3,LIQ_53310FAFB3,polymer,probe_assisted,train,2,43.6,37.16567554436173,21.985996,33.469894,41.35605735778809,44.32352309747172,46.394189453125,46.11255313590866,0.3065392282909182,10.9615,-0.09378256,no,ls-psrmoe-v4.1,0.2163329165208103,9.299473083951293e-16,0.7836670834791888,0.0,41.35605735778809,0.0127238554331911,0.0,76.873764709993,0.9,no,low,10.96578535940227,"{""neural"": 9.299473083951293e-16, ""physics"": 0.21633291652081033, ""xgboost"": 0.7836670834791888}"
PA_CA0173,CA0173,SRC019,SFC_B194AD3300AA,LIQ_0F4168490E,polymer,probe_assisted,train,2,70.0,85.39372295962532,92.25048,94.25636,83.50090084075927,80.78844492055136,80.28876037597657,79.18629488508606,0.3003972349863541,10.751037,-0.034930017,no,ls-psrmoe-v4.1,0.2163329165208103,9.299473083951293e-16,0.7836670834791888,0.0,83.50090084075926,0.0050545204586544,45.68563379399406,125.10181212525659,0.9,no,low,10.755232915848751,"{""neural"": 9.299473083951293e-16, ""physics"": 0.21633291652081033, ""xgboost"": 0.7836670834791888}"
PA_CA0174,CA0174,SRC019,SFC_B194AD3300AA,LIQ_6656B41AB7,polymer,probe_assisted,train,2,44.5,63.726126086645806,102.96373,93.584785,52.89450454711914,59.137528026126425,53.904841613769534,52.91008418242025,0.370063824471033,10.92464,0.16190946,no,ls-psrmoe-v4.1,0.2163329165208103,9.299473083951293e-16,0.7836670834791888,0.0,52.89450454711914,0.0517993220099962,24.01803692101454,103.43421525227707,0.9,no,low,10.93090601751667,"{""neural"": 9.299473083951293e-16, ""physics"": 0.21633291652081033, ""xgboost"": 0.7836670834791888}"
PA_CA0175,CA0175,SRC019,SFC_B194AD3300AA,LIQ_53310FAFB3,polymer,probe_assisted,train,2,57.7,43.36372631327706,27.46157,33.951855,47.75354919433594,46.817437495248654,49.95387115478516,52.12724613737991,0.1086549878015917,10.913175,-0.057987172,no,ls-psrmoe-v4.1,0.2163329165208103,9.299473083951293e-16,0.7836670834791888,0.0,47.75354919433594,0.0194482488239357,3.6556371476457983,83.07181547890832,0.9,no,low,10.913715888138155,"{""neural"": 9.299473083951293e-16, ""physics"": 0.21633291652081033, ""xgboost"": 0.7836670834791888}"
PA_CA0176,CA0176,SRC019,SFC_518FE42D18EE,LIQ_0F4168490E,polymer,probe_assisted,train,2,67.9,72.75630321336563,81.840836,84.004074,70.24849929809571,71.52232965851982,70.99119415283204,71.32697215691353,0.1142145464685262,10.793852,-0.03748957,no,ls-psrmoe-v4.1,0.2163329165208103,9.299473083951293e-16,0.7836670834791888,0.0,70.24849929809571,0.0064243648559851,33.04821404773436,112.46439237899689,0.9,no,low,10.794456260531561,"{""neural"": 9.299473083951293e-16, ""physics"": 0.21633291652081033, ""xgboost"": 0.7836670834791888}"
PA_CA0177,CA0177,SRC019,SFC_518FE42D18EE,LIQ_6656B41AB7,polymer,probe_assisted,train,2,30.1,38.12020990437114,73.20144,65.84551,28.43596420288086,33.04998370281864,32.3022819519043,35.18736545821581,0.3764142767344181,10.890656,0.11941643,no,ls-psrmoe-v4.1,0.2163329165208103,9.299473083951293e-16,0.7836670834791888,0.0,28.43596420288086,0.0147904761207912,0.0,77.8282990700024,0.9,no,low,10.897159070971915,"{""neural"": 9.299473083951293e-16, ""physics"": 0.21633291652081033, ""xgboost"": 0.7836670834791888}"
PA_CA0178,CA0178,SRC019,SFC_518FE42D18EE,LIQ_53310FAFB3,polymer,probe_assisted,train,2,40.6,38.394936951713056,12.533483,25.257483,45.53404483795166,35.7304935150557,46.32842178344727,44.97414668333239,0.186291163892718,10.9508705,-0.07197903,no,ls-psrmoe-v4.1,0.2163329165208103,9.299473083951293e-16,0.7836670834791888,0.0,45.53404483795166,0.0166926789466794,0.0,78.10302611734431,0.9,no,low,10.952454935105406,"{""neural"": 9.299473083951293e-16, ""physics"": 0.21633291652081033, ""xgboost"": 0.7836670834791888}"
PA_CA0179,CA0179,SRC019,SFC_5B4B735AB969,LIQ_0F4168490E,polymer,probe_assisted,train,2,84.9,85.52767780641236,92.58916,94.09854,83.57834186553956,83.30267371271452,83.02006072998047,81.76329042964119,0.2731474995207886,10.791236,-0.026274443,no,ls-psrmoe-v4.1,0.2163329165208103,9.299473083951293e-16,0.7836670834791888,0.0,83.57834186553956,0.0038944631449965,45.81958864078109,125.23576697204362,0.9,no,low,10.79469239784953,"{""neural"": 9.299473083951293e-16, ""physics"": 0.21633291652081033, ""xgboost"": 0.7836670834791888}"
PA_CA0180,CA0180,SRC019,SFC_5B4B735AB969,LIQ_6656B41AB7,polymer,probe_assisted,train,2,43.3,53.75975738056615,66.54054,60.963062,50.23159523010254,45.48989611389421,44.92380981445312,40.28941111788047,0.4219710089018214,10.807413,0.086619236,no,ls-psrmoe-v4.1,0.2163329165208103,9.299473083951293e-16,0.7836670834791888,0.0,50.23159523010255,0.0204811011126487,14.051668214934885,93.46784654619742,0.9,no,low,10.815647705288972,"{""neural"": 9.299473083951293e-16, ""physics"": 0.21633291652081033, ""xgboost"": 0.7836670834791888}"
PA_CA0181,CA0181,SRC019,SFC_5B4B735AB969,LIQ_53310FAFB3,polymer,probe_assisted,train,2,57.7,54.502266368086566,48.817272,51.96943,56.07162075042724,56.93820691041539,55.0722541809082,53.2987529858986,0.1124790536388047,10.879559,-0.042453762,no,ls-psrmoe-v4.1,0.2163329165208103,9.299473083951293e-16,0.7836670834791888,0.0,56.07162075042724,0.0157003942730213,14.794177202455302,94.21035553371783,0.9,no,low,10.880140420600668,"{""neural"": 9.299473083951293e-16, ""physics"": 0.21633291652081033, ""xgboost"": 0.7836670834791888}"
PA_CA0182,CA0182,SRC019,SFC_C21C1D938B32,LIQ_0F4168490E,polymer,probe_assisted,train,2,71.5,75.38493501667894,84.32269,86.323586,72.91764850616455,73.97260199079821,71.80514984130859,73.6845451231768,0.1362002334476908,10.793802,-0.034818392,no,ls-psrmoe-v4.1,0.2163329165208103,9.299473083951293e-16,0.7836670834791888,0.0,72.91764850616455,0.0034258421313468,35.67684585104767,115.0930241823102,0.9,no,low,10.794661278557804,"{""neural"": 9.299473083951293e-16, ""physics"": 0.21633291652081033, ""xgboost"": 0.7836670834791888}"
PA_CA0183,CA0183,SRC019,SFC_C21C1D938B32,LIQ_6656B41AB7,polymer,probe_assisted,train,2,34.0,39.05808098512339,73.01955,66.00862,29.682948303222656,33.74236857014167,32.73353271484375,35.40839854589842,0.2969926310953,10.874295,0.113829195,no,ls-psrmoe-v4.1,0.2163329165208103,9.299473083951293e-16,0.7836670834791888,0.0,29.68294830322265,0.0105936638125523,0.0,78.76617015075465,0.9,no,low,10.878349891870085,"{""neural"": 9.299473083951293e-16, ""physics"": 0.21633291652081033, ""xgboost"": 0.7836670834791888}"
PA_CA0184,CA0184,SRC019,SFC_C21C1D938B32,LIQ_53310FAFB3,polymer,probe_assisted,train,2,45.1,39.80842785826791,24.765427,32.112637,43.96107940673828,44.04383659275125,47.07321319580078,46.23656040072198,0.1707857256566482,10.928171,-0.061104238,no,ls-psrmoe-v4.1,0.2163329165208103,9.299473083951293e-16,0.7836670834791888,0.0,43.96107940673828,0.0093372855469243,0.10033869263664741,79.51651702389918,0.9,no,low,10.929505440290018,"{""neural"": 9.299473083951293e-16, ""physics"": 0.21633291652081033, ""xgboost"": 0.7836670834791888}"
PA_CA0185,CA0185,SRC019,SFC_7CE7C443ED47,LIQ_0F4168490E,polymer,probe_assisted,train,2,76.7,76.51904922834596,85.299355,87.31514,74.0952278137207,75.27499230988805,73.28397064208984,74.40825308193509,0.1237797945874354,10.787625,-0.03511768,no,ls-psrmoe-v4.1,0.2163329165208103,9.299473083951293e-16,0.7836670834791888,0.0,74.0952278137207,0.0026375397508915,36.8109600627147,116.22713839397723,0.9,no,low,10.78833511614156,"{""neural"": 9.299473083951293e-16, ""physics"": 0.21633291652081033, ""xgboost"": 0.7836670834791888}"
PA_CA0186,CA0186,SRC019,SFC_7CE7C443ED47,LIQ_6656B41AB7,polymer,probe_assisted,train,2,32.4,48.65402825206368,61.304726,55.449806,45.161777114868165,40.74684497223485,40.36243515014648,38.21936562624135,0.393226907965294,10.821159,0.086124346,no,ls-psrmoe-v4.1,0.2163329165208103,9.299473083951293e-16,0.7836670834791888,0.0,45.161777114868165,0.0193045703720667,8.945939086432418,88.36211741769495,0.9,no,low,10.828301321279758,"{""neural"": 9.299473083951293e-16, ""physics"": 0.21633291652081033, ""xgboost"": 0.7836670834791888}"
PA_CA0187,CA0187,SRC019,SFC_7CE7C443ED47,LIQ_53310FAFB3,polymer,probe_assisted,train,2,45.9,44.857472104161374,33.590534,39.179943,47.96773357391358,46.9458959017294,48.29301834106445,47.91959475762155,0.2170015075385414,10.897024,-0.05792445,no,ls-psrmoe-v4.1,0.2163329165208103,9.299473083951293e-16,0.7836670834791888,0.0,47.96773357391358,0.0134729747881316,5.14938293853011,84.56556126979264,0.9,no,low,10.89918445163903,"{""neural"": 9.299473083951293e-16, ""physics"": 0.21633291652081033, ""xgboost"": 0.7836670834791888}"
PA_CA0188,CA0188,SRC019,SFC_3A912BE10F78,LIQ_0F4168490E,polymer,probe_assisted,train,2,77.6,81.48160588349081,89.89561,93.22634,79.15890350341797,79.09923656230583,79.44342498779297,78.84729712675968,0.1432417469948576,10.828188,-0.058077693,no,ls-psrmoe-v4.1,0.2163329165208103,9.299473083951293e-16,0.7836670834791888,0.0,79.15890350341797,0.0042528795999125,41.77351671785955,121.18969504912208,0.9,no,low,10.829135402303647,"{""neural"": 9.299473083951293e-16, ""physics"": 0.21633291652081033, ""xgboost"": 0.7836670834791888}"
PA_CA0189,CA0189,SRC019,SFC_3A912BE10F78,LIQ_6656B41AB7,polymer,probe_assisted,train,2,43.3,48.71150283217704,78.216125,73.06699,40.566690826416014,41.55499786222428,39.80426712036133,41.36848542227661,0.104262264983148,10.888379,0.08637383,no,ls-psrmoe-v4.1,0.2163329165208103,9.299473083951293e-16,0.7836670834791888,0.0,40.566690826416014,0.0103521577937884,9.003413666545775,88.41959199780831,0.9,no,low,10.888878173050722,"{""neural"": 9.299473083951293e-16, ""physics"": 0.21633291652081033, ""xgboost"": 0.7836670834791888}"
PA_CA0190,CA0190,SRC019,SFC_3A912BE10F78,LIQ_53310FAFB3,polymer,probe_assisted,train,2,54.7,48.73963840705266,39.198887,45.636047,51.373382568359375,53.92213556013642,51.76556625366211,53.48069856579485,0.3066756300773058,10.941598,-0.07613868,no,ls-psrmoe-v4.1,0.2163329165208103,9.299473083951293e-16,0.7836670834791888,0.0,51.373382568359375,0.0097822483525864,9.031549241421395,88.44772757268393,0.9,no,low,10.945894971891851,"{""neural"": 9.299473083951293e-16, ""physics"": 0.21633291652081033, ""xgboost"": 0.7836670834791888}"
PA_CA0191,CA0191,SRC019,SFC_A85159655264,LIQ_0F4168490E,polymer,probe_assisted,train,2,76.8,80.50929836487816,88.92133,92.347855,78.18713874816895,77.71973458490257,79.03425445556641,77.96920586028558,0.2092253763307769,10.825181,-0.059774786,no,ls-psrmoe-v4.1,0.2163329165208103,9.299473083951293e-16,0.7836670834791888,0.0,78.18713874816895,0.005366575238921,40.8012091992469,120.21738753050943,0.9,no,low,10.827202729276928,"{""neural"": 9.299473083951293e-16, ""physics"": 0.21633291652081033, ""xgboost"": 0.7836670834791888}"
PA_CA0192,CA0192,SRC019,SFC_A85159655264,LIQ_6656B41AB7,polymer,probe_assisted,train,2,40.8,46.79832929123079,76.00878,70.97864,38.73472366333008,39.85936500246808,39.84455871582031,40.82276047553624,0.1366433096186156,10.885198,0.083414115,no,ls-psrmoe-v4.1,0.2163329165208103,9.299473083951293e-16,0.7836670834791888,0.0,38.73472366333008,0.0106273796102817,7.090240125599529,86.50641845686206,0.9,no,low,10.886055616855334,"{""neural"": 9.299473083951293e-16, ""physics"": 0.21633291652081033, ""xgboost"": 0.7836670834791888}"
PA_CA0193,CA0193,SRC019,SFC_A85159655264,LIQ_53310FAFB3,polymer,probe_assisted,train,2,52.8,47.90980838606339,37.00698,43.96432,50.91955642700195,52.790054068011344,51.36773681640625,52.49990165746127,0.1092966837530851,10.940992,-0.07921556,no,ls-psrmoe-v4.1,0.2163329165208103,9.299473083951293e-16,0.7836670834791888,0.0,50.91955642700195,0.0060916353577253,8.201719220432125,87.61789755169465,0.9,no,low,10.941537904204482,"{""neural"": 9.299473083951293e-16, ""physics"": 0.21633291652081033, ""xgboost"": 0.7836670834791888}"
PA_CA0194,CA0194,SRC019,SFC_FFB6C9027014,LIQ_0F4168490E,polymer,probe_assisted,train,2,69.2,76.23971983043633,85.3655,89.06099,73.72052898406983,71.54150920804832,72.67164916992188,71.21467446205342,0.1780867083445543,10.821437,-0.06442489,no,ls-psrmoe-v4.1,0.2163329165208103,9.299473083951293e-16,0.7836670834791888,0.0,73.72052898406983,0.0039334202089323,36.531630664805064,115.9478089960676,0.9,no,low,10.822902273450406,"{""neural"": 9.299473083951293e-16, ""physics"": 0.21633291652081033, ""xgboost"": 0.7836670834791888}"
PA_CA0195,CA0195,SRC019,SFC_FFB6C9027014,LIQ_6656B41AB7,polymer,probe_assisted,train,2,34.2,44.76289889124658,81.22471,75.04754,34.697541046142575,38.67120154341358,34.47266082763672,37.66479219107302,0.2240548361839183,10.935118,0.10478814,no,ls-psrmoe-v4.1,0.2163329165208103,9.299473083951293e-16,0.7836670834791888,0.0,34.697541046142575,0.0185297606879092,5.054809725615314,84.47098805687784,0.9,no,low,10.93741314221701,"{""neural"": 9.299473083951293e-16, ""physics"": 0.21633291652081033, ""xgboost"": 0.7836670834791888}"
PA_CA0196,CA0196,SRC019,SFC_FFB6C9027014,LIQ_53310FAFB3,polymer,probe_assisted,train,2,46.5,44.26061456759181,19.560549,31.78917,51.079118728637695,45.50375133389871,47.26140365600586,46.07936661659424,0.2497932502516304,10.975725,-0.093011625,no,ls-psrmoe-v4.1,0.2163329165208103,9.299473083951293e-16,0.7836670834791888,0.0,51.079118728637695,0.0109127203358054,4.552525401960544,83.96870373322307,0.9,no,low,10.978567117046572,"{""neural"": 9.299473083951293e-16, ""physics"": 0.21633291652081033, ""xgboost"": 0.7836670834791888}"
PA_CA0197,CA0197,SRC019,SFC_A4D0CCDC96C9,LIQ_0F4168490E,polymer,probe_assisted,train,2,64.0,71.99592101043947,80.89723,84.69867,69.53869571685792,67.49390354230442,70.32196197509765,68.88808839321486,0.1150670861444288,10.836253,-0.065862924,no,ls-psrmoe-v4.1,0.2163329165208103,9.299473083951293e-16,0.7836670834791888,0.0,69.53869571685792,0.006671842760281,32.28783184480821,111.70401017607074,0.9,no,low,10.836863915096599,"{""neural"": 9.299473083951293e-16, ""physics"": 0.21633291652081033, ""xgboost"": 0.7836670834791888}"
PA_CA0198,CA0198,SRC019,SFC_A4D0CCDC96C9,LIQ_6656B41AB7,polymer,probe_assisted,train,2,34.4,44.53428117157062,82.172615,75.38578,34.144141387939456,37.62684529639878,34.76399154663086,37.25740788474518,0.2436355814984424,10.963266,0.115419745,no,ls-psrmoe-v4.1,0.2163329165208103,9.299473083951293e-16,0.7836670834791888,0.0,34.144141387939456,0.0311637968533169,4.826192005939355,84.24237033720189,0.9,no,low,10.965972810623237,"{""neural"": 9.299473083951293e-16, ""physics"": 0.21633291652081033, ""xgboost"": 0.7836670834791888}"
PA_CA0199,CA0199,SRC019,SFC_A4D0CCDC96C9,LIQ_53310FAFB3,polymer,probe_assisted,train,2,40.6,28.023261560894056,0.0,26.506414,35.75914077758789,27.904191253905665,40.15516357421875,43.38881446965025,0.2646650567836582,11.026172,-0.10594014,no,ls-psrmoe-v4.1,0.2163329165208103,9.299473083951293e-16,0.7836670834791888,0.0,35.75914077758789,0.0312971712119034,0.0,67.73135072652532,0.9,no,low,11.029347966487698,"{""neural"": 9.299473083951293e-16, ""physics"": 0.21633291652081033, ""xgboost"": 0.7836670834791888}"
PA_CA0200,CA0200,SRC019,SFC_122E5AC99B75,LIQ_0F4168490E,polymer,probe_assisted,train,2,73.5,76.7878848209543,85.72642,89.3123,74.32038440704346,73.32097185680965,72.94237365722657,72.84487489059424,0.1354136748456851,10.828365,-0.06252773,no,ls-psrmoe-v4.1,0.2163329165208103,9.299473083951293e-16,0.7836670834791888,0.0,74.32038440704346,0.0063212730281506,37.07979565532304,116.49597398658557,0.9,no,low,10.82921167198057,"{""neural"": 9.299473083951293e-16, ""physics"": 0.21633291652081033, ""xgboost"": 0.7836670834791888}"
PA_CA0201,CA0201,SRC019,SFC_122E5AC99B75,LIQ_6656B41AB7,polymer,probe_assisted,train,2,38.0,40.33675845443979,74.16542,69.002,30.99828643798828,36.4277012269997,34.73026657104492,37.5381248377304,0.1929178035999883,10.893392,0.084637806,no,ls-psrmoe-v4.1,0.2163329165208103,9.299473083951293e-16,0.7836670834791888,0.0,30.99828643798828,0.0076058673644995,0.6286692888085241,80.04484762007105,0.9,no,low,10.895100116318797,"{""neural"": 9.299473083951293e-16, ""physics"": 0.21633291652081033, ""xgboost"": 0.7836670834791888}"
PA_CA0202,CA0202,SRC019,SFC_122E5AC99B75,LIQ_53310FAFB3,polymer,probe_assisted,train,2,48.1,45.05138041773201,30.484266,38.924423,49.072662353515625,48.63255384347264,48.18779220581055,48.115848289982296,0.2508446743484209,10.953758,-0.08431424,no,ls-psrmoe-v4.1,0.2163329165208103,9.299473083951293e-16,0.7836670834791888,0.0,49.072662353515625,0.0116361751156301,5.343291252100748,84.75946958336328,0.9,no,low,10.956629836460342,"{""neural"": 9.299473083951293e-16, ""physics"": 0.21633291652081033, ""xgboost"": 0.7836670834791888}"
PA_CA0203,CA0203,SRC021,SFC_AF7901E44BC5,LIQ_0F4168490E,semiconductor,probe_assisted,train,3,148.4,134.36661140533758,97.73563,101.50444,144.478670501709,127.02389247955014,147.42979736328124,127.7440780785184,1.2543678603688655,10.9946995,-0.0646445,no,ls-psrmoe-v4.1,0.2163329165208103,9.299473083951293e-16,0.7836670834791888,0.0,144.478670501709,0.1243760423886799,94.65852223970631,174.07470057096884,0.9,no,low,11.066022583766337,"{""neural"": 9.299473083951293e-16, ""physics"": 0.21633291652081033, ""xgboost"": 0.7836670834791888}"
PA_CA0204,CA0204,SRC021,SFC_AF7901E44BC5,LIQ_53310FAFB3,semiconductor,probe_assisted,train,3,13.7,34.55868771650146,81.382324,84.78977,21.632926177978515,43.83585214194552,22.527224731445312,37.07285920395283,0.2731801375709872,11.074247,-0.059093915,no,ls-psrmoe-v4.1,0.2163329165208103,9.299473083951293e-16,0.7836670834791888,0.0,21.632926177978515,0.0838058960735132,0.0,74.26677688213272,0.9,no,low,11.077615898945599,"{""neural"": 9.299473083951293e-16, ""physics"": 0.21633291652081033, ""xgboost"": 0.7836670834791888}"
PA_CA0205,CA0205,SRC021,SFC_AF7901E44BC5,LIQ_6656B41AB7,semiconductor,probe_assisted,train,3,10.1,22.49098406983333,62.571476,61.565216,11.426681518554688,29.8575964887474,10.022774124145508,27.54054064174276,0.8654181580374999,10.968615,0.015343711,no,ls-psrmoe-v4.1,0.2163329165208103,9.299473083951293e-16,0.7836670834791888,0.0,11.426681518554686,0.0939093232099366,0.0,62.199073235464596,0.9,no,low,11.002702559211805,"{""neural"": 9.299473083951293e-16, ""physics"": 0.21633291652081033, ""xgboost"": 0.7836670834791888}"
PA_CA0206,CA0206,SRC021,SFC_AF7901E44BC5,LIQ_1BD1B94C09,semiconductor,probe_assisted,train,3,88.0,76.22304714308277,69.20835,71.73447,78.159468460083,70.06852354219691,77.91565704345703,69.20968480084787,0.5880438896929217,11.003855,-0.041789062,no,ls-psrmoe-v4.1,0.2163329165208103,9.299473083951293e-16,0.7836670834791888,0.0,78.159468460083,0.082645862674378,36.5149579774515,115.93113630871403,0.9,no,low,11.019556274062499,"{""neural"": 9.299473083951293e-16, ""physics"": 0.21633291652081033, ""xgboost"": 0.7836670834791888}"
PA_CA0207,CA0207,SRC021,SFC_64CEEFE0D7DB,LIQ_0F4168490E,semiconductor,probe_assisted,train,3,157.0,132.29010572598725,99.03297,102.96922,141.47080764770507,127.83680038239086,145.1683349609375,129.2762099768674,0.5960462448341612,11.011342,-0.06719665,no,ls-psrmoe-v4.1,0.2163329165208103,9.299473083951293e-16,0.7836670834791888,0.0,141.47080764770507,0.1284136085040206,92.58201656035598,171.9981948916185,0.9,no,low,11.02746225416097,"{""neural"": 9.299473083951293e-16, ""physics"": 0.21633291652081033, ""xgboost"": 0.7836670834791888}"
PA_CA0208,CA0208,SRC021,SFC_64CEEFE0D7DB,LIQ_53310FAFB3,semiconductor,probe_assisted,train,3,14.2,37.896075729257845,85.11407,88.49274,24.861451721191408,45.617242027508745,24.468238830566406,38.41138903468452,0.5231928422548857,11.075708,-0.05888927,no,ls-psrmoe-v4.1,0.2163329165208103,9.299473083951293e-16,0.7836670834791888,0.0,24.861451721191408,0.0865564831453652,0.0,77.60416489488911,0.9,no,low,11.088058371574833,"{""neural"": 9.299473083951293e-16, ""physics"": 0.21633291652081033, ""xgboost"": 0.7836670834791888}"
PA_CA0209,CA0209,SRC021,SFC_64CEEFE0D7DB,LIQ_6656B41AB7,semiconductor,probe_assisted,train,3,10.0,33.8241074654786,68.95416,67.777,24.126383209228518,33.416385122375175,24.548978805541992,30.090749240581097,0.5414887983635474,10.964549,0.018980073,no,ls-psrmoe-v4.1,0.2163329165208103,9.299473083951293e-16,0.7836670834791888,0.0,24.126383209228518,0.1111917379634514,0.0,73.53219663110985,0.9,no,low,10.977911681743217,"{""neural"": 9.299473083951293e-16, ""physics"": 0.21633291652081033, ""xgboost"": 0.7836670834791888}"
PA_CA0210,CA0210,SRC021,SFC_64CEEFE0D7DB,LIQ_1BD1B94C09,semiconductor,probe_assisted,train,3,94.5,75.84666739931353,70.747246,73.32405,77.25437326431275,71.17060635813137,79.24702758789063,70.06857313286531,1.1286796047732466,11.004626,-0.042996775,no,ls-psrmoe-v4.1,0.2163329165208103,9.299473083951293e-16,0.7836670834791888,0.0,77.25437326431275,0.0858315714192397,36.13857823368227,115.5547565649448,0.9,no,low,11.06235558324298,"{""neural"": 9.299473083951293e-16, ""physics"": 0.21633291652081033, ""xgboost"": 0.7836670834791888}"
PA_CA0211,CA0211,SRC021,SFC_6A9094C843B2,LIQ_0F4168490E,semiconductor,probe_assisted,train,3,129.3,108.99550354346528,97.24331,97.58997,112.23972110748292,116.08166841065592,119.5887008666992,119.68395404736346,0.9276719176443486,10.831942,-0.0059091845,no,ls-psrmoe-v4.1,0.2163329165208103,9.299473083951293e-16,0.7836670834791888,0.0,112.23972110748292,0.073197943640295,69.28741437783401,148.70359270909654,0.9,no,low,10.871593382671646,"{""neural"": 9.299473083951293e-16, ""physics"": 0.21633291652081033, ""xgboost"": 0.7836670834791888}"
PA_CA0212,CA0212,SRC021,SFC_6A9094C843B2,LIQ_53310FAFB3,semiconductor,probe_assisted,train,3,59.1,67.76669506520462,70.664986,74.173355,66.96661596298217,54.61513608090563,60.77038497924805,51.88504347353705,0.9682449868939604,11.052743,-0.058571935,no,ls-psrmoe-v4.1,0.2163329165208103,9.299473083951293e-16,0.7836670834791888,0.0,66.96661596298217,0.0998542135381623,28.05860589957335,107.47478423083588,0.9,no,low,11.095072157435222,"{""neural"": 9.299473083951293e-16, ""physics"": 0.21633291652081033, ""xgboost"": 0.7836670834791888}"
PA_CA0213,CA0213,SRC021,SFC_6A9094C843B2,LIQ_6656B41AB7,semiconductor,probe_assisted,train,3,30.0,37.26830447162357,51.36276,49.63976,33.37750129699707,34.52524265182494,30.657703399658203,33.283265622116375,1.2736512499868926,10.949838,0.022890726,no,ls-psrmoe-v4.1,0.2163329165208103,9.299473083951293e-16,0.7836670834791888,0.0,33.37750129699707,0.1084041532855358,0.0,76.97639363725483,0.9,no,low,11.023662718572133,"{""neural"": 9.299473083951293e-16, ""physics"": 0.21633291652081033, ""xgboost"": 0.7836670834791888}"
PA_CA0214,CA0214,SRC021,SFC_6A9094C843B2,LIQ_1BD1B94C09,semiconductor,probe_assisted,train,3,63.5,72.4453414440868,74.769844,75.551155,71.80365769863128,71.87601066403703,70.49344024658203,64.55664368957594,0.8716107891472401,10.96506,-0.013309797,no,ls-psrmoe-v4.1,0.2163329165208103,9.299473083951293e-16,0.7836670834791888,0.0,71.80365769863128,0.0858055033632039,32.73725227845553,112.15343060971806,0.9,no,low,10.999647547597053,"{""neural"": 9.299473083951293e-16, ""physics"": 0.21633291652081033, ""xgboost"": 0.7836670834791888}"
PA_CA0215,CA0215,SRC021,SFC_FF57CC803397,LIQ_0F4168490E,semiconductor,probe_assisted,train,3,103.8,96.29262522979522,92.260414,93.89522,97.40572543144226,107.12919874484484,107.10299072265624,108.56637788214996,0.71881471931496,10.895217,-0.028433884,no,ls-psrmoe-v4.1,0.2163329165208103,9.299473083951293e-16,0.7836670834791888,0.0,97.40572543144226,0.077380473459797,56.584536064163956,136.00071439542648,0.9,no,low,10.918903245188725,"{""neural"": 9.299473083951293e-16, ""physics"": 0.21633291652081033, ""xgboost"": 0.7836670834791888}"
PA_CA0216,CA0216,SRC021,SFC_FF57CC803397,LIQ_53310FAFB3,semiconductor,probe_assisted,train,3,38.6,59.093712465685975,61.286003,64.11153,58.48852610588074,49.5670629657649,47.21846694946289,51.47184297133761,0.6984466768620573,10.954435,-0.04415714,no,ls-psrmoe-v4.1,0.2163329165208103,9.299473083951293e-16,0.7836670834791888,0.0,58.48852610588074,0.0996268023711117,19.38562330005471,98.80180163131723,0.9,no,low,10.976678638351615,"{""neural"": 9.299473083951293e-16, ""physics"": 0.21633291652081033, ""xgboost"": 0.7836670834791888}"
PA_CA0217,CA0217,SRC021,SFC_FF57CC803397,LIQ_6656B41AB7,semiconductor,probe_assisted,train,3,18.5,21.96809031245536,23.340355,21.817968,21.589273834228518,14.260957158408038,21.29509468078613,35.548682514106495,0.4136682567125782,10.909984,0.00664764,no,ls-psrmoe-v4.1,0.2163329165208103,9.299473083951293e-16,0.7836670834791888,0.0,21.589273834228518,0.106834006672117,0.0,61.676179478086624,0.9,no,low,10.917823606693213,"{""neural"": 9.299473083951293e-16, ""physics"": 0.21633291652081033, ""xgboost"": 0.7836670834791888}"
PA_CA0218,CA0218,SRC021,SFC_FF57CC803397,LIQ_1BD1B94C09,semiconductor,probe_assisted,train,3,66.2,63.001198841681486,59.34163,60.36844,64.01143064498902,62.60553645224633,59.94618225097656,61.40701182435199,0.7933001108593231,10.89164,-0.015876126,no,ls-psrmoe-v4.1,0.2163329165208103,9.299473083951293e-16,0.7836670834791888,0.0,64.01143064498902,0.0999342327572168,23.29310967605022,102.70928800731275,0.9,no,low,10.920492065630075,"{""neural"": 9.299473083951293e-16, ""physics"": 0.21633291652081033, ""xgboost"": 0.7836670834791888}"
PA_CA0219,CA0219,SRC021,SFC_A7B1D9A554FD,LIQ_0F4168490E,semiconductor,probe_assisted,train,3,143.8,141.18290184591066,135.18443,136.59363,142.8387915611267,143.6304931180477,142.95650329589844,140.86553900419048,0.2429249716034117,10.86755,-0.016674966,no,ls-psrmoe-v4.1,0.2163329165208103,9.299473083951293e-16,0.7836670834791888,0.0,142.8387915611267,0.1051061370369325,101.4748126802794,180.0,0.9,no,low,10.87026474122542,"{""neural"": 9.299473083951293e-16, ""physics"": 0.21633291652081033, ""xgboost"": 0.7836670834791888}"
PA_CA0220,CA0220,SRC021,SFC_A7B1D9A554FD,LIQ_53310FAFB3,semiconductor,probe_assisted,train,3,119.7,125.9985384510874,126.09983,127.602806,125.97057653665544,123.850674685171,124.41886444091796,125.7294531634254,0.3695171586585687,10.9195795,-0.020930992,no,ls-psrmoe-v4.1,0.2163329165208103,9.299473083951293e-16,0.7836670834791888,0.0,125.97057653665544,0.0537867635527978,86.29044928545613,165.70662761671866,0.9,no,low,10.925829917556072,"{""neural"": 9.299473083951293e-16, ""physics"": 0.21633291652081033, ""xgboost"": 0.7836670834791888}"
PA_CA0221,CA0221,SRC021,SFC_A7B1D9A554FD,LIQ_6656B41AB7,semiconductor,probe_assisted,train,3,117.8,112.2310796972046,117.36383,113.25205,110.81417322158812,111.74481418283744,112.5348663330078,118.9319979979975,0.7149117370913985,10.821625,0.06494101,no,ls-psrmoe-v4.1,0.2163329165208103,9.299473083951293e-16,0.7836670834791888,0.0,110.81417322158812,0.0725978927027052,72.52299053157334,151.93916886283586,0.9,no,low,10.845213987398129,"{""neural"": 9.299473083951293e-16, ""physics"": 0.21633291652081033, ""xgboost"": 0.7836670834791888}"
PA_CA0222,CA0222,SRC021,SFC_A7B1D9A554FD,LIQ_1BD1B94C09,semiconductor,probe_assisted,train,3,125.9,127.3258763804207,125.97952,124.75374,127.69754009246826,124.3775107779666,126.99844207763672,125.21189549450165,0.3208609482815169,10.847568,0.017519895,no,ls-psrmoe-v4.1,0.2163329165208103,9.299473083951293e-16,0.7836670834791888,0.0,127.69754009246826,0.0536188271902971,87.61778721478943,167.03396554605195,0.9,no,low,10.852312346350713,"{""neural"": 9.299473083951293e-16, ""physics"": 0.21633291652081033, ""xgboost"": 0.7836670834791888}"
PA_CA0223,CA0223,SRC021,SFC_9E60C86BF546,LIQ_0F4168490E,semiconductor,probe_assisted,train,3,157.5,143.00947841127908,148.33514,149.43494,141.5393174171448,155.46466557997533,150.4413848876953,142.16058817593867,0.3162690846759096,10.8696575,-0.008817406,no,ls-psrmoe-v4.1,0.2163329165208103,9.299473083951293e-16,0.7836670834791888,0.0,141.5393174171448,0.1180149461616399,103.30138924564781,180.0,0.9,no,low,10.874257689664523,"{""neural"": 9.299473083951293e-16, ""physics"": 0.21633291652081033, ""xgboost"": 0.7836670834791888}"
PA_CA0224,CA0224,SRC021,SFC_9E60C86BF546,LIQ_53310FAFB3,semiconductor,probe_assisted,train,3,147.7,148.1416263328348,141.60321,142.63487,149.94656953811645,140.70813051820448,147.75870666503906,133.33531554132733,0.4500318469981869,10.918731,-0.01077448,no,ls-psrmoe-v4.1,0.2163329165208103,9.299473083951293e-16,0.7836670834791888,0.0,149.94656953811645,0.055463733272772,108.43353716720353,180.0,0.9,no,low,10.928001432726553,"{""neural"": 9.299473083951293e-16, ""physics"": 0.21633291652081033, ""xgboost"": 0.7836670834791888}"
PA_CA0225,CA0225,SRC021,SFC_9E60C86BF546,LIQ_6656B41AB7,semiconductor,probe_assisted,train,3,139.4,136.00417033337146,137.52441,131.09898,135.58450391292573,131.2862516135963,131.67649841308594,127.08472585683036,0.5380610223900624,10.81502,0.080645345,no,ls-psrmoe-v4.1,0.2163329165208103,9.299473083951293e-16,0.7836670834791888,0.0,135.58450391292573,0.0734976674181893,96.2960811677402,175.71225949900273,0.9,no,low,10.828396338526561,"{""neural"": 9.299473083951293e-16, ""physics"": 0.21633291652081033, ""xgboost"": 0.7836670834791888}"
PA_CA0226,CA0226,SRC021,SFC_9E60C86BF546,LIQ_1BD1B94C09,semiconductor,probe_assisted,train,3,135.9,138.0322648679156,146.91069,142.78227,135.58135719299315,142.1250595160466,140.6154815673828,130.8580562346881,0.6128968215875433,10.826536,0.042185467,no,ls-psrmoe-v4.1,0.2163329165208103,9.299473083951293e-16,0.7836670834791888,0.0,135.58135719299315,0.055463733272772,98.32417570228432,177.74035403354685,0.9,no,low,10.843870354869065,"{""neural"": 9.299473083951293e-16, ""physics"": 0.21633291652081033, ""xgboost"": 0.7836670834791888}"
PA_CA0227,CA0227,SRC021,SFC_669705F5791A,LIQ_0F4168490E,semiconductor,probe_assisted,train,3,148.2,144.4632184315757,135.36476,139.20258,146.97486629486085,145.2039189795127,147.87574157714843,140.93706026998456,0.1389901687216591,10.904576,-0.044970937,no,ls-psrmoe-v4.1,0.2163329165208103,9.299473083951293e-16,0.7836670834791888,0.0,146.97486629486085,0.0981608200598877,104.75512926594445,180.0,0.9,no,low,10.905461751195007,"{""neural"": 9.299473083951293e-16, ""physics"": 0.21633291652081033, ""xgboost"": 0.7836670834791888}"
PA_CA0228,CA0228,SRC021,SFC_669705F5791A,LIQ_53310FAFB3,semiconductor,probe_assisted,train,3,129.3,121.06378554229254,120.45906,123.11757,121.23072109222412,120.13469749581236,125.3707763671875,125.1976882221837,0.3137618733420884,10.944032,-0.039373584,no,ls-psrmoe-v4.1,0.2163329165208103,9.299473083951293e-16,0.7836670834791888,0.0,121.23072109222412,0.0536970755082923,81.35569637666127,160.7718747079238,0.9,no,low,10.948528802089674,"{""neural"": 9.299473083951293e-16, ""physics"": 0.21633291652081033, ""xgboost"": 0.7836670834791888}"
PA_CA0229,CA0229,SRC021,SFC_669705F5791A,LIQ_6656B41AB7,semiconductor,probe_assisted,train,3,107.1,111.79493045164467,119.01074,115.16777,109.80299072265623,111.81423965637536,108.93479461669922,117.10850911373984,0.3250173155451433,10.832309,0.05977832,no,ls-psrmoe-v4.1,0.2163329165208103,9.299473083951293e-16,0.7836670834791888,0.0,109.80299072265623,0.0727156502648314,72.08684128601341,151.50301961727592,0.9,no,low,10.837183883596568,"{""neural"": 9.299473083951293e-16, ""physics"": 0.21633291652081033, ""xgboost"": 0.7836670834791888}"
PA_CA0230,CA0230,SRC021,SFC_669705F5791A,LIQ_1BD1B94C09,semiconductor,probe_assisted,train,3,119.5,126.23990741968969,125.07245,124.656715,126.56218680143355,123.6581296676312,127.30064392089844,124.02520328304044,0.5304948561820333,10.865583,0.006013804,no,ls-psrmoe-v4.1,0.2163329165208103,9.299473083951293e-16,0.7836670834791888,0.0,126.56218680143355,0.0536970755082923,86.53181825405842,165.94799658532094,0.9,no,low,10.878525576672816,"{""neural"": 9.299473083951293e-16, ""physics"": 0.21633291652081033, ""xgboost"": 0.7836670834791888}"
PA_CA0231,CA0231,SRC021,SFC_DDF6B0728CC9,LIQ_0F4168490E,semiconductor,probe_assisted,train,3,147.4,145.24932323913927,137.57509,138.5153,147.36781158447266,145.85056578390413,142.55545349121093,140.74690146260198,0.1687748397474122,10.853195,-0.0105025275,no,ls-psrmoe-v4.1,0.2163329165208103,9.299473083951293e-16,0.7836670834791888,0.0,147.36781158447266,0.104336055069938,105.54123407350801,180.0,0.9,no,low,10.854507204592789,"{""neural"": 9.299473083951293e-16, ""physics"": 0.21633291652081033, ""xgboost"": 0.7836670834791888}"
PA_CA0232,CA0232,SRC021,SFC_DDF6B0728CC9,LIQ_53310FAFB3,semiconductor,probe_assisted,train,3,122.9,125.56373156641196,125.33244,127.30821,125.62757918722929,124.10455891398767,125.46641998291015,125.31398457075748,0.2743340438654831,10.931041,-0.027723644,no,ls-psrmoe-v4.1,0.2163329165208103,9.299473083951293e-16,0.7836670834791888,0.0,125.62757918722926,0.0532998001003026,85.8556424007807,165.27182073204324,0.9,no,low,10.934482910101629,"{""neural"": 9.299473083951293e-16, ""physics"": 0.21633291652081033, ""xgboost"": 0.7836670834791888}"
PA_CA0233,CA0233,SRC021,SFC_DDF6B0728CC9,LIQ_6656B41AB7,semiconductor,probe_assisted,train,3,115.4,113.22535977245012,118.894325,114.78212,111.66043014526367,112.53387316279029,112.48479614257812,117.74143533079643,0.3822872594234007,10.825132,0.06411214,no,ls-psrmoe-v4.1,0.2163329165208103,9.299473083951293e-16,0.7836670834791888,0.0,111.66043014526367,0.0724767257881241,73.51727060681885,152.93344893808137,0.9,no,low,10.831880093785264,"{""neural"": 9.299473083951293e-16, ""physics"": 0.21633291652081033, ""xgboost"": 0.7836670834791888}"
PA_CA0234,CA0234,SRC021,SFC_DDF6B0728CC9,LIQ_1BD1B94C09,semiconductor,probe_assisted,train,3,124.1,128.8455835312864,126.797,125.68022,129.41110005378724,124.7662985929976,128.96532592773437,124.8891527970438,0.1418538042695186,10.851906,0.015797831,no,ls-psrmoe-v4.1,0.2163329165208103,9.299473083951293e-16,0.7836670834791888,0.0,129.41110005378724,0.0532998001003026,89.13749436565513,168.55367269691766,0.9,no,low,10.852833101758348,"{""neural"": 9.299473083951293e-16, ""physics"": 0.21633291652081033, ""xgboost"": 0.7836670834791888}"
PA_CA0235,CA0235,SRC013,SFC_2A727AF34E6D,LIQ_6656B41AB7,coating,probe_assisted,internal_test,2,19.7,89.58988086715686,128.55507,111.40991,78.83346023559571,99.03401344083946,76.1412109375,80.94403835829569,1.0632039079281008,11.311302,0.25873178,yes,ls-psrmoe-v4.1,0.2163329165208103,9.299473083951293e-16,0.7836670834791888,0.0,78.83346023559571,0.3466724547366361,49.8817917015256,129.29797003278813,0.9,no,medium,11.361159953325082,"{""neural"": 9.299473083951293e-16, ""physics"": 0.21633291652081033, ""xgboost"": 0.7836670834791888}"
PA_CA0236,CA0236,SRC013,SFC_2A727AF34E6D,LIQ_53310FAFB3,coating,probe_assisted,internal_test,2,20.1,9.836997925885653,0.0,16.79272,12.55252151489258,3.6872469787999664,29.52964782714844,52.19834566338957,0.3317193954078072,11.1581135,-0.051953115,yes,ls-psrmoe-v4.1,0.2163329165208103,9.299473083951293e-16,0.7836670834791888,0.0,12.552521514892575,0.2611723901090385,0.0,49.54508709151692,0.9,no,medium,11.163043251558777,"{""neural"": 9.299473083951293e-16, ""physics"": 0.21633291652081033, ""xgboost"": 0.7836670834791888}"
PA_CA0237,CA0237,SRC013,SFC_2A727AF34E6D,LIQ_0F4168490E,coating,probe_assisted,internal_test,2,19.7,67.81604875721412,72.23355,76.041046,66.59658813476562,72.4220238364918,67.00650329589844,78.0351436100716,0.4932237558823509,10.858343,-0.06397745,yes,ls-psrmoe-v4.1,0.2163329165208103,9.299473083951293e-16,0.7836670834791888,0.0,66.59658813476562,0.2090257016865564,28.107959591582855,107.52413792284538,0.9,no,medium,10.869539198099233,"{""neural"": 9.299473083951293e-16, ""physics"": 0.21633291652081033, ""xgboost"": 0.7836670834791888}"
PA_CA0238,CA0238,SRC013,SFC_E38FF72DBA39,LIQ_6656B41AB7,coating,probe_assisted,internal_test,2,31.5,83.08071640718133,122.360016,107.636,72.23758468627929,92.75516712836956,75.2333999633789,80.02792025071918,1.13174767476087,11.239225,0.23280156,yes,ls-psrmoe-v4.1,0.2163329165208103,9.299473083951293e-16,0.7836670834791888,0.0,72.23758468627929,0.3305269388409948,43.37262724155006,122.78880557281259,0.9,no,medium,11.296062650319872,"{""neural"": 9.299473083951293e-16, ""physics"": 0.21633291652081033, ""xgboost"": 0.7836670834791888}"
PA_CA0239,CA0239,SRC013,SFC_E38FF72DBA39,LIQ_53310FAFB3,coating,probe_assisted,internal_test,2,34.7,10.13813924587559,0.0,18.57017,12.936793518066406,3.599402310591844,31.37973098754883,55.23179010710359,0.4026996380033598,11.133784,-0.06501492,yes,ls-psrmoe-v4.1,0.2163329165208103,9.299473083951293e-16,0.7836670834791888,0.0,12.936793518066406,0.2446963583414614,0.0,49.84622841150686,0.9,no,medium,11.141064273986757,"{""neural"": 9.299473083951293e-16, ""physics"": 0.21633291652081033, ""xgboost"": 0.7836670834791888}"
PA_CA0240,CA0240,SRC013,SFC_E38FF72DBA39,LIQ_0F4168490E,coating,probe_assisted,internal_test,2,38.8,71.56669873958334,77.58865,80.9855,69.90432567596436,77.55938996923166,72.87574005126953,85.7970946119081,0.3980587151209303,10.856844,-0.058281768,yes,ls-psrmoe-v4.1,0.2163329165208103,9.299473083951293e-16,0.7836670834791888,0.0,69.90432567596436,0.2044794405627855,31.85860957395208,111.27478790521461,0.9,no,medium,10.864138823718138,"{""neural"": 9.299473083951293e-16, ""physics"": 0.21633291652081033, ""xgboost"": 0.7836670834791888}"
PA_CA0241,CA0241,SRC013,SFC_39DBA098ECDC,LIQ_6656B41AB7,coating,probe_assisted,internal_test,2,23.8,64.78986218015137,104.94625,93.22745,53.70460815429688,74.85819873603623,74.2134506225586,71.0656756708972,0.7557638867699847,11.174742,0.20170596,yes,ls-psrmoe-v4.1,0.2163329165208103,9.299473083951293e-16,0.7836670834791888,0.0,53.70460815429688,0.3269955364738446,25.08177301452011,104.49795134578264,0.9,no,medium,11.20026954225253,"{""neural"": 9.299473083951293e-16, ""physics"": 0.21633291652081033, ""xgboost"": 0.7836670834791888}"
PA_CA0242,CA0242,SRC013,SFC_39DBA098ECDC,LIQ_53310FAFB3,coating,probe_assisted,internal_test,2,28.1,9.554549952452204,0.0,21.328604,12.19210319519043,3.393508172595311,28.91135444641113,52.86795108673763,0.3212661171265026,11.100079,-0.076383285,yes,ls-psrmoe-v4.1,0.2163329165208103,9.299473083951293e-16,0.7836670834791888,0.0,12.192103195190429,0.2413593135919509,0.0,49.26263911808347,0.9,no,medium,11.104727179190604,"{""neural"": 9.299473083951293e-16, ""physics"": 0.21633291652081033, ""xgboost"": 0.7836670834791888}"
PA_CA0243,CA0243,SRC013,SFC_39DBA098ECDC,LIQ_0F4168490E,coating,probe_assisted,internal_test,2,43.0,68.90285524757893,75.26311,78.90786,67.14709453582763,75.06675578134943,69.81768951416015,80.23297252984761,0.2660373259217797,10.851662,-0.062043536,yes,ls-psrmoe-v4.1,0.2163329165208103,9.299473083951293e-16,0.7836670834791888,0.0,67.14709453582763,0.2066127631463082,29.194766081947662,108.61094441321019,0.9,no,medium,10.854922570936543,"{""neural"": 9.299473083951293e-16, ""physics"": 0.21633291652081033, ""xgboost"": 0.7836670834791888}"
PA_CA0244,CA0244,SRC013,SFC_417F923EF7B4,LIQ_6656B41AB7,coating,probe_assisted,internal_test,2,23.4,68.45258190671387,108.60897,95.94334,57.36732788085938,78.75489815422938,74.19752349853516,77.30360587501086,0.7557638867699823,11.210833,0.21573853,yes,ls-psrmoe-v4.1,0.2163329165208103,9.299473083951293e-16,0.7836670834791888,0.0,57.36732788085938,0.3261665781785585,28.74449274108261,108.16067107234514,0.9,no,medium,11.236278547919442,"{""neural"": 9.299473083951293e-16, ""physics"": 0.21633291652081033, ""xgboost"": 0.7836670834791888}"
PA_CA0245,CA0245,SRC013,SFC_417F923EF7B4,LIQ_53310FAFB3,coating,probe_assisted,internal_test,2,23.3,9.400710774368996,0.0,19.742002,11.995796394348144,3.069789375225986,28.89971351623535,52.44632465043951,0.4022978826003877,11.118686,-0.06925203,yes,ls-psrmoe-v4.1,0.2163329165208103,9.299473083951293e-16,0.7836670834791888,0.0,11.995796394348142,0.2462629140973307,0.0,49.10879994000026,0.9,no,medium,11.125961619246256,"{""neural"": 9.299473083951293e-16, ""physics"": 0.21633291652081033, ""xgboost"": 0.7836670834791888}"
PA_CA0246,CA0246,SRC013,SFC_417F923EF7B4,LIQ_0F4168490E,coating,probe_assisted,internal_test,2,37.3,68.61032586600845,72.993645,76.70234,67.40030164718628,73.43319766103716,66.4373565673828,78.25612202749731,0.5048560847707917,10.860058,-0.06252991,yes,ls-psrmoe-v4.1,0.2163329165208103,9.299473083951293e-16,0.7836670834791888,0.0,67.40030164718628,0.2073339368485912,28.902236700377188,108.31841503163972,0.9,no,medium,10.871786395514498,"{""neural"": 9.299473083951293e-16, ""physics"": 0.21633291652081033, ""xgboost"": 0.7836670834791888}"
PA_CA0247,CA0247,SRC013,SFC_8E79B764A41F,LIQ_6656B41AB7,coating,probe_assisted,internal_test,2,23.8,77.06397709889711,117.284966,103.55857,65.96089019775391,87.80346158111034,74.60410003662109,79.66883092747088,0.7814057119237536,11.22272,0.22439584,yes,ls-psrmoe-v4.1,0.2163329165208103,9.299473083951293e-16,0.7836670834791888,0.0,65.96089019775391,0.3282590277769683,37.35588793326585,116.77206626452838,0.9,no,medium,11.249890625469524,"{""neural"": 9.299473083951293e-16, ""physics"": 0.21633291652081033, ""xgboost"": 0.7836670834791888}"
PA_CA0248,CA0248,SRC013,SFC_8E79B764A41F,LIQ_53310FAFB3,coating,probe_assisted,internal_test,2,33.1,9.298485842068478,0.0,20.555014,11.865352058410645,3.35641278147195,28.89971351623535,52.81275699178527,0.3028349224223532,11.110175,-0.07260983,yes,ls-psrmoe-v4.1,0.2163329165208103,9.299473083951293e-16,0.7836670834791888,0.0,11.865352058410645,0.2437947391417715,0.0,49.006575007699745,0.9,no,medium,11.11430148596229,"{""neural"": 9.299473083951293e-16, ""physics"": 0.21633291652081033, ""xgboost"": 0.7836670834791888}"
PA_CA0249,CA0249,SRC013,SFC_8E79B764A41F,LIQ_0F4168490E,coating,probe_assisted,internal_test,2,40.1,71.39325610289555,78.087975,81.66051,69.54516525268555,76.69278967413854,70.33906555175781,82.89259475106424,0.1626737449838697,10.841039,-0.061407574,yes,ls-psrmoe-v4.1,0.2163329165208103,9.299473083951293e-16,0.7836670834791888,0.0,69.54516525268555,0.2060389127144178,31.685166937264285,111.10134526852681,0.9,no,medium,10.842259420749352,"{""neural"": 9.299473083951293e-16, ""physics"": 0.21633291652081033, ""xgboost"": 0.7836670834791888}"
PA_CA0250,CA0250,SRC013,SFC_67E6ABEA7841,LIQ_6656B41AB7,coating,probe_assisted,internal_test,2,33.1,72.6996963982135,112.920685,100.39327,61.59660949707031,83.47102159212572,74.20728759765625,79.43469374963229,0.7814057119237523,11.184736,0.2093937,yes,ls-psrmoe-v4.1,0.2163329165208103,9.299473083951293e-16,0.7836670834791888,0.0,61.59660949707031,0.3279859263814801,32.99160723258224,112.40778556384477,0.9,no,medium,11.211998674470268,"{""neural"": 9.299473083951293e-16, ""physics"": 0.21633291652081033, ""xgboost"": 0.7836670834791888}"
PA_CA0251,CA0251,SRC013,SFC_67E6ABEA7841,LIQ_53310FAFB3,coating,probe_assisted,internal_test,2,37.0,10.52792830092699,0.0,20.676668,13.434184646606443,3.608052865516393,32.38597679138184,55.8613557599081,0.3633388041823736,11.111791,-0.07354891,yes,ls-psrmoe-v4.1,0.2163329165208103,9.299473083951293e-16,0.7836670834791888,0.0,13.434184646606443,0.2380213858446823,0.0,50.23601746655825,0.9,no,medium,11.11772972842503,"{""neural"": 9.299473083951293e-16, ""physics"": 0.21633291652081033, ""xgboost"": 0.7836670834791888}"
PA_CA0252,CA0252,SRC013,SFC_67E6ABEA7841,LIQ_0F4168490E,coating,probe_assisted,internal_test,2,46.0,73.01829914437337,78.7201,82.047005,71.44430513381958,78.56491288290151,73.33721771240235,86.75237776773032,0.4475558925670957,10.855879,-0.057273705,yes,ls-psrmoe-v4.1,0.2163329165208103,9.299473083951293e-16,0.7836670834791888,0.0,71.44430513381958,0.2042661083044332,33.31020997874211,112.72638831000464,0.9,no,medium,10.865100788285975,"{""neural"": 9.299473083951293e-16, ""physics"": 0.21633291652081033, ""xgboost"": 0.7836670834791888}"
PA_CA0303,CA0303,SRC001,SFC_B8DDD579CB88,LIQ_06B74E7F53,carbon_material,probe_assisted,train,4,2.7,7.088903044762256,23.505539,22.051613,2.55705680847168,13.75205896005094,6.922495746612549,16.781143247237658,0.4339780540697175,10.712467,0.007321812,no,ls-psrmoe-v4.1,0.2163329165208103,9.299473083951293e-16,0.7836670834791888,0.0,2.55705680847168,0.0533787057610733,0.0,46.79699221039352,0.9,no,low,10.721253946134432,"{""neural"": 9.299473083951293e-16, ""physics"": 0.21633291652081033, ""xgboost"": 0.7836670834791888}"
PA_CA0304,CA0304,SRC001,SFC_B8DDD579CB88,LIQ_53310FAFB3,carbon_material,probe_assisted,train,4,66.7,58.22658348889325,51.207684,52.407616,60.164165306091306,61.02269831389911,58.1249496459961,56.05206437287824,0.3037513221232757,10.743246,-0.016613228,no,ls-psrmoe-v4.1,0.2163329165208103,9.299473083951293e-16,0.7836670834791888,0.0,60.164165306091306,0.0622038317597527,18.518494323261983,97.93467265452452,0.9,no,low,10.74753922915416,"{""neural"": 9.299473083951293e-16, ""physics"": 0.21633291652081033, ""xgboost"": 0.7836670834791888}"
PA_CA0305,CA0305,SRC001,SFC_B8DDD579CB88,LIQ_6656B41AB7,carbon_material,probe_assisted,train,4,35.3,30.99781680520836,33.69637,27.91178,30.25287585258484,27.785173751383542,30.24451332092285,36.01979169412454,0.3059052749513241,10.683465,0.050614715,no,ls-psrmoe-v4.1,0.2163329165208103,9.299473083951293e-16,0.7836670834791888,0.0,30.25287585258484,0.0492576129633613,0.0,70.70590597083962,0.9,no,low,10.687843676039993,"{""neural"": 9.299473083951293e-16, ""physics"": 0.21633291652081033, ""xgboost"": 0.7836670834791888}"
PA_CA0306,CA0306,SRC001,SFC_B8DDD579CB88,LIQ_1BD1B94C09,carbon_material,probe_assisted,train,4,56.7,60.01969639698429,61.541054,59.93026,59.5997225522995,58.27146280421289,56.67738418579101,52.38486466543351,0.2730174056065431,10.679262,0.024331477,no,ls-psrmoe-v4.1,0.2163329165208103,9.299473083951293e-16,0.7836670834791888,0.0,59.5997225522995,0.0592901059465522,20.311607231353022,99.72778556261555,0.9,no,low,10.682751301439536,"{""neural"": 9.299473083951293e-16, ""physics"": 0.21633291652081033, ""xgboost"": 0.7836670834791888}"
PA_CA0307,CA0307,SRC001,SFC_B8DDD579CB88,LIQ_0F4168490E,carbon_material,probe_assisted,train,4,89.8,96.07423876624637,96.55966,96.97594,95.94023671746254,92.01696236667718,96.7089111328125,84.02709312097197,0.4136537496401501,10.679138,-0.0071585686,no,ls-psrmoe-v4.1,0.2163329165208103,9.299473083951293e-16,0.7836670834791888,0.0,95.94023671746253,0.0530445892205018,56.3661496006151,135.78232793187763,0.9,no,low,10.687146384682645,"{""neural"": 9.299473083951293e-16, ""physics"": 0.21633291652081033, ""xgboost"": 0.7836670834791888}"
PA_CA0308,CA0308,SRC001,SFC_F862748296EB,LIQ_06B74E7F53,carbon_material,probe_assisted,train,4,12.1,5.390854309467718,0.0,10.003904,6.879010772705078,2.935547311322498,12.015911102294922,13.552559405680569,0.447903404922838,10.851118,-0.013404456,no,ls-psrmoe-v4.1,0.2163329165208103,9.299473083951293e-16,0.7836670834791888,0.0,6.879010772705078,0.0394087172890193,0.0,45.098943475098984,0.9,no,low,10.860358157540913,"{""neural"": 9.299473083951293e-16, ""physics"": 0.21633291652081033, ""xgboost"": 0.7836670834791888}"
PA_CA0309,CA0309,SRC001,SFC_F862748296EB,LIQ_53310FAFB3,carbon_material,probe_assisted,train,4,52.3,42.948239653189695,18.255545,24.109776,49.764709091186525,40.68047053763755,43.381980895996094,42.046704517398936,0.585029912612756,10.900256,-0.037528194,no,ls-psrmoe-v4.1,0.2163329165208103,9.299473083951293e-16,0.7836670834791888,0.0,49.764709091186525,0.0420734745260143,3.240150487558431,82.65632881882095,0.9,no,low,10.91594434138374,"{""neural"": 9.299473083951293e-16, ""physics"": 0.21633291652081033, ""xgboost"": 0.7836670834791888}"
PA_CA0310,CA0310,SRC001,SFC_F862748296EB,LIQ_6656B41AB7,carbon_material,probe_assisted,train,4,20.5,27.54149707789652,36.83469,29.965796,24.976091957092287,25.294743063202628,21.745051193237305,26.42418832064123,0.2874381104465314,10.794366,0.06341242,no,ls-psrmoe-v4.1,0.2163329165208103,9.299473083951293e-16,0.7836670834791888,0.0,24.976091957092287,0.0389785747422566,0.0,67.24958624352779,0.9,no,low,10.798192349152384,"{""neural"": 9.299473083951293e-16, ""physics"": 0.21633291652081033, ""xgboost"": 0.7836670834791888}"
PA_CA0311,CA0311,SRC001,SFC_F862748296EB,LIQ_1BD1B94C09,carbon_material,probe_assisted,train,4,36.4,38.776298607295466,43.398808,42.435684,37.50024547576904,38.44731448950098,38.29523239135742,37.15698030380058,0.1192172204942559,10.814342,0.010950698,no,ls-psrmoe-v4.1,0.2163329165208103,9.299473083951293e-16,0.7836670834791888,0.0,37.50024547576904,0.043317186679357,0.0,78.48438777292674,0.9,no,low,10.814999104883292,"{""neural"": 9.299473083951293e-16, ""physics"": 0.21633291652081033, ""xgboost"": 0.7836670834791888}"
PA_CA0312,CA0312,SRC001,SFC_F862748296EB,LIQ_0F4168490E,carbon_material,probe_assisted,train,4,70.1,72.48897536055149,81.8391,82.966286,69.90785312652588,74.54170785716491,66.5900146484375,66.12441646570713,0.2824124760749568,10.792406,-0.019540723,no,ls-psrmoe-v4.1,0.2163329165208103,9.299473083951293e-16,0.7836670834791888,0.0,69.90785312652588,0.0384517488465271,32.78088619492023,112.19706452618276,0.9,no,low,10.796100410587092,"{""neural"": 9.299473083951293e-16, ""physics"": 0.21633291652081033, ""xgboost"": 0.7836670834791888}"
PA_CA0313,CA0313,SRC001,SFC_2202AAAAD87C,LIQ_06B74E7F53,carbon_material,probe_assisted,train,4,13.0,8.701992757481143,4.573745,7.4834566,9.841604137420656,7.505308100600236,11.686627960205078,13.02233612587084,0.4822148409629924,10.856451,-0.0016637571,no,ls-psrmoe-v4.1,0.2163329165208103,9.299473083951293e-16,0.7836670834791888,0.0,9.841604137420656,0.0401149756875054,0.0,48.41008192311241,0.9,no,low,10.867155077031246,"{""neural"": 9.299473083951293e-16, ""physics"": 0.21633291652081033, ""xgboost"": 0.7836670834791888}"
PA_CA0314,CA0314,SRC001,SFC_2202AAAAD87C,LIQ_53310FAFB3,carbon_material,probe_assisted,train,4,44.3,28.409912587466717,0.0,17.654928,36.2525276184082,23.93157602378525,42.25219345092773,39.04162190103604,0.3734734452079203,10.947411,-0.047839902,no,ls-psrmoe-v4.1,0.2163329165208103,9.299473083951293e-16,0.7836670834791888,0.0,36.2525276184082,0.0633455282387785,0.0,68.11800175309799,0.9,no,low,10.95377971374249,"{""neural"": 9.299473083951293e-16, ""physics"": 0.21633291652081033, ""xgboost"": 0.7836670834791888}"
PA_CA0315,CA0315,SRC001,SFC_2202AAAAD87C,LIQ_6656B41AB7,carbon_material,probe_assisted,train,4,24.3,27.529330606319668,36.0505,28.324625,25.177044486999517,24.70292257803831,21.532429122924803,25.59175775909643,0.330190278607985,10.806821,0.06864171,no,ls-psrmoe-v4.1,0.2163329165208103,9.299473083951293e-16,0.7836670834791888,0.0,25.177044486999517,0.0365049521810843,0.0,67.23741977195093,0.9,no,low,10.811864119851313,"{""neural"": 9.299473083951293e-16, ""physics"": 0.21633291652081033, ""xgboost"": 0.7836670834791888}"
PA_CA0316,CA0316,SRC001,SFC_2202AAAAD87C,LIQ_1BD1B94C09,carbon_material,probe_assisted,train,4,25.9,32.80361544986119,37.1339,35.86695,31.60823154449463,32.18475160631675,35.252593231201175,32.80360597673437,0.3542592595156584,10.834204,0.012466526,no,ls-psrmoe-v4.1,0.2163329165208103,9.299473083951293e-16,0.7836670834791888,0.0,31.608231544494625,0.0384286363802093,0.0,72.51170461549245,0.9,no,low,10.83999427751549,"{""neural"": 9.299473083951293e-16, ""physics"": 0.21633291652081033, ""xgboost"": 0.7836670834791888}"
PA_CA0317,CA0317,SRC001,SFC_2202AAAAD87C,LIQ_0F4168490E,carbon_material,probe_assisted,train,4,64.4,66.49227489981433,74.517555,75.76306,64.27687969207764,67.65128270872762,62.44600448608399,62.87121903886226,0.2448167393041802,10.818605,-0.021081429,no,ls-psrmoe-v4.1,0.2163329165208103,9.299473083951293e-16,0.7836670834791888,0.0,64.27687969207764,0.0360259357084118,26.78418573418307,106.2003640654456,0.9,no,low,10.821374653059033,"{""neural"": 9.299473083951293e-16, ""physics"": 0.21633291652081033, ""xgboost"": 0.7836670834791888}"
PA_CA0318,CA0318,SRC001,SFC_BC3ADCE03F16,LIQ_06B74E7F53,oxide,probe_assisted,train,4,7.8,5.917736137296727,20.793243,11.01515,1.8113216400146483,11.564428405404753,7.943777751922608,15.858078723323146,0.4261392163189593,10.726448,0.046312634,no,ls-psrmoe-v4.1,0.2163329165208103,9.299473083951293e-16,0.7836670834791888,0.0,1.8113216400146483,0.0484786176245533,0.0,45.62582530292799,0.9,no,low,10.73490946996708,"{""neural"": 9.299473083951293e-16, ""physics"": 0.21633291652081033, ""xgboost"": 0.7836670834791888}"
PA_CA0319,CA0319,SRC001,SFC_BC3ADCE03F16,LIQ_53310FAFB3,oxide,probe_assisted,train,4,59.6,53.09322216860261,47.32369,46.045723,54.68591384887695,55.147295234564446,54.10169982910156,51.81361753960364,0.3252348071688271,10.779137,0.016029606,no,ls-psrmoe-v4.1,0.2163329165208103,9.299473083951293e-16,0.7836670834791888,0.0,54.68591384887695,0.0592901059465522,13.385133002971344,92.80131133423387,0.9,no,low,10.784042476945421,"{""neural"": 9.299473083951293e-16, ""physics"": 0.21633291652081033, ""xgboost"": 0.7836670834791888}"
PA_CA0320,CA0320,SRC001,SFC_BC3ADCE03F16,LIQ_6656B41AB7,oxide,probe_assisted,train,4,30.0,30.46097610446257,37.036583,26.478607,28.645766258239743,28.93289549370713,28.86335411071777,33.62282463840162,0.1938177620546204,10.697248,0.09661982,no,ls-psrmoe-v4.1,0.2163329165208103,9.299473083951293e-16,0.7836670834791888,0.0,28.645766258239743,0.0456609227230872,0.0,70.16906527009384,0.9,no,low,10.699003696531367,"{""neural"": 9.299473083951293e-16, ""physics"": 0.21633291652081033, ""xgboost"": 0.7836670834791888}"
PA_CA0321,CA0321,SRC001,SFC_BC3ADCE03F16,LIQ_1BD1B94C09,oxide,probe_assisted,train,4,58.8,52.13296278893389,55.920345,51.642097,51.08744802474976,53.83412002097843,52.152783966064455,50.71476925705177,0.1094517712029238,10.701895,0.060112793,no,ls-psrmoe-v4.1,0.2163329165208103,9.299473083951293e-16,0.7836670834791888,0.0,51.08744802474976,0.056278965858463,12.424873623302624,91.84105195456516,0.9,no,low,10.702454684848915,"{""neural"": 9.299473083951293e-16, ""physics"": 0.21633291652081033, ""xgboost"": 0.7836670834791888}"
PA_CA0322,CA0322,SRC001,SFC_BC3ADCE03F16,LIQ_0F4168490E,oxide,probe_assisted,train,4,84.6,94.01886481376228,94.79491,92.5798,93.80463687181472,90.04086715231523,90.92632598876952,81.49658593895381,0.2991518523823179,10.670258,0.03859457,no,ls-psrmoe-v4.1,0.2163329165208103,9.299473083951293e-16,0.7836670834791888,0.0,93.80463687181472,0.0528143475550823,54.31077564813101,133.72695397939356,0.9,no,low,10.674450693939608,"{""neural"": 9.299473083951293e-16, ""physics"": 0.21633291652081033, ""xgboost"": 0.7836670834791888}"
PA_CA0323,CA0323,SRC001,SFC_4E9D8F5E0021,LIQ_06B74E7F53,oxide,probe_assisted,train,4,4.4,2.193367485330677,0.0,0.08156469,2.798851108551025,1.251559240950281,1.5682408690452576,8.951949441931827,0.2485623842061808,10.880112,0.042391885,no,ls-psrmoe-v4.1,0.2163329165208103,9.299473083951293e-16,0.7836670834791888,0.0,2.798851108551025,0.0484786176245533,0.0,41.90145665096194,0.9,no,low,10.882950904574837,"{""neural"": 9.299473083951293e-16, ""physics"": 0.21633291652081033, ""xgboost"": 0.7836670834791888}"
PA_CA0324,CA0324,SRC001,SFC_4E9D8F5E0021,LIQ_53310FAFB3,oxide,probe_assisted,train,4,15.6,16.207517701760516,0.0,6.838702,20.68163642883301,15.692984406475436,18.695746231079102,20.61781467934016,0.2461392540545223,10.995743,-0.008883019,no,ls-psrmoe-v4.1,0.2163329165208103,9.299473083951293e-16,0.7836670834791888,0.0,20.68163642883301,0.0615955640374696,0.0,55.91560686739178,0.9,no,low,10.998497563505458,"{""neural"": 9.299473083951293e-16, ""physics"": 0.21633291652081033, ""xgboost"": 0.7836670834791888}"
PA_CA0325,CA0325,SRC001,SFC_4E9D8F5E0021,LIQ_6656B41AB7,oxide,probe_assisted,train,4,8.4,11.31438233822418,31.867891,13.810611,5.640543746948242,11.234398987867468,8.20643196105957,15.690787538983477,0.2451090883100661,10.844888,0.11654059,no,ls-psrmoe-v4.1,0.2163329165208103,9.299473083951293e-16,0.7836670834791888,0.0,5.640543746948242,0.0459351622045746,0.0,51.02247150385544,0.9,no,low,10.84765754426808,"{""neural"": 9.299473083951293e-16, ""physics"": 0.21633291652081033, ""xgboost"": 0.7836670834791888}"
PA_CA0326,CA0326,SRC001,SFC_4E9D8F5E0021,LIQ_1BD1B94C09,oxide,probe_assisted,train,4,14.9,18.573500657359748,21.886732,12.672955,17.658876276016237,17.697997178237294,16.691767120361327,18.284313160762487,0.0997251260571329,10.88903,0.047392555,no,ls-psrmoe-v4.1,0.2163329165208103,9.299473083951293e-16,0.7836670834791888,0.0,17.658876276016237,0.0573421736478816,0.0,58.28158982299101,0.9,no,low,10.889486647297343,"{""neural"": 9.299473083951293e-16, ""physics"": 0.21633291652081033, ""xgboost"": 0.7836670834791888}"
PA_CA0327,CA0327,SRC001,SFC_4E9D8F5E0021,LIQ_0F4168490E,oxide,probe_assisted,train,4,58.3,58.15472427208039,65.02366,63.6155,56.25854072570801,58.11303148816715,53.53016815185547,55.36771300238662,0.1943805362260051,10.862071,0.022098728,no,ls-psrmoe-v4.1,0.2163329165208103,9.299473083951293e-16,0.7836670834791888,0.0,56.25854072570801,0.0528143475550823,18.446635106449122,97.86281343771165,0.9,no,low,10.863810114407583,"{""neural"": 9.299473083951293e-16, ""physics"": 0.21633291652081033, ""xgboost"": 0.7836670834791888}"
PA_CA0328,CA0328,SRC001,SFC_AA2B954681B3,LIQ_06B74E7F53,oxide,probe_assisted,train,4,4.7,2.7435430682534903,0.0,0.08156469,3.5009037971496584,1.366740440302681,3.654917573928833,9.493362013662264,0.1647664282419559,10.874984,0.042523175,no,ls-psrmoe-v4.1,0.2163329165208103,9.299473083951293e-16,0.7836670834791888,0.0,3.5009037971496584,0.0488345393042063,0.0,42.45163223388475,0.9,no,low,10.876232113012833,"{""neural"": 9.299473083951293e-16, ""physics"": 0.21633291652081033, ""xgboost"": 0.7836670834791888}"
PA_CA0329,CA0329,SRC001,SFC_AA2B954681B3,LIQ_53310FAFB3,oxide,probe_assisted,train,4,12.5,15.875766478939044,0.0,6.993332,20.258304595947266,15.441442828220357,18.473328018188475,20.640772572780914,0.5739413838780648,10.994358,-0.009706227,no,ls-psrmoe-v4.1,0.2163329165208103,9.299473083951293e-16,0.7836670834791888,0.0,20.258304595947266,0.0614751820097846,0.0,55.583855644570306,0.9,no,low,11.009328614601886,"{""neural"": 9.299473083951293e-16, ""physics"": 0.21633291652081033, ""xgboost"": 0.7836670834791888}"
PA_CA0330,CA0330,SRC001,SFC_AA2B954681B3,LIQ_6656B41AB7,oxide,probe_assisted,train,4,8.1,19.305117316019658,30.623714,10.007405,16.180595207214356,14.60038573310874,9.788190269470215,15.034126179372777,0.67654591931353,10.842975,0.11505143,no,ls-psrmoe-v4.1,0.2163329165208103,9.299473083951293e-16,0.7836670834791888,0.0,16.180595207214356,0.0456609227230872,0.0,59.013206481650926,0.9,no,low,10.864060991708614,"{""neural"": 9.299473083951293e-16, ""physics"": 0.21633291652081033, ""xgboost"": 0.7836670834791888}"
PA_CA0331,CA0331,SRC001,SFC_AA2B954681B3,LIQ_1BD1B94C09,oxide,probe_assisted,train,4,10.9,18.684529916112016,22.288637,13.10997,17.689608669281007,17.875115020691428,16.321923446655273,18.11231869303897,0.1167245010854399,10.8839035,0.048341878,no,ls-psrmoe-v4.1,0.2163329165208103,9.299473083951293e-16,0.7836670834791888,0.0,17.689608669281007,0.0565809314695542,0.0,58.39261908174328,0.9,no,low,10.884529388378072,"{""neural"": 9.299473083951293e-16, ""physics"": 0.21633291652081033, ""xgboost"": 0.7836670834791888}"
PA_CA0332,CA0332,SRC001,SFC_AA2B954681B3,LIQ_0F4168490E,oxide,probe_assisted,train,4,59.1,57.06433418295519,63.939415,62.52877,55.16645393371582,56.84637611884193,52.83981552124023,54.77809661644185,0.2287452539097121,10.866994,0.021930838,no,ls-psrmoe-v4.1,0.2163329165208103,9.299473083951293e-16,0.7836670834791888,0.0,55.166453933715815,0.0552994515398811,17.35624501732393,96.77242334858646,0.9,no,low,10.86940122487077,"{""neural"": 9.299473083951293e-16, ""physics"": 0.21633291652081033, ""xgboost"": 0.7836670834791888}"
PA_CA0333,CA0333,SRC014,SFC_2D953D8FEA9A,LIQ_0F4168490E,polymer,probe_assisted,train,2,72.8,80.20209982996568,83.50419,86.67149,79.29055142402649,80.14743407210185,75.7896957397461,78.64558073358586,0.3744389528963392,10.749705,-0.055086635,no,ls-psrmoe-v4.1,0.2163329165208103,9.299473083951293e-16,0.7836670834791888,0.0,79.29055142402649,0.0396277105441095,40.49401066433441,119.91018899559694,0.9,no,low,10.756224342977935,"{""neural"": 9.299473083951293e-16, ""physics"": 0.21633291652081033, ""xgboost"": 0.7836670834791888}"
PA_CA0334,CA0334,SRC014,SFC_2D953D8FEA9A,LIQ_6656B41AB7,polymer,probe_assisted,train,2,43.6,48.90968842819144,67.11301,62.091602,43.8846248626709,50.9452854134539,47.40057983398437,53.49096710060987,0.6560168351605908,10.781463,0.078923866,no,ls-psrmoe-v4.1,0.2163329165208103,9.299473083951293e-16,0.7836670834791888,0.0,43.8846248626709,0.0437753104439647,9.201599262560173,88.6177775938227,0.9,no,low,10.801402802802196,"{""neural"": 9.299473083951293e-16, ""physics"": 0.21633291652081033, ""xgboost"": 0.7836670834791888}"
PA_CA0335,CA0335,SRC014,SFC_2D953D8FEA9A,LIQ_1BD1B94C09,polymer,probe_assisted,train,2,55.1,52.3505916093051,44.600365,46.131313,54.4900577545166,50.82565490128549,55.86391296386719,55.70779284464757,0.5036221011602658,10.766407,-0.019137269,no,ls-psrmoe-v4.1,0.2163329165208103,9.299473083951293e-16,0.7836670834791888,0.0,54.4900577545166,0.0519084409107226,12.642502443673834,92.05868077493636,0.9,no,low,10.778179573120225,"{""neural"": 9.299473083951293e-16, ""physics"": 0.21633291652081033, ""xgboost"": 0.7836670834791888}"
PA_CA0336,CA0336,SRC014,SFC_AD3F4CCED3FF,LIQ_0F4168490E,polymer,probe_assisted,train,2,105.4,96.77417528300757,94.20904,96.07992,97.48228678703308,98.64254515871728,101.64867706298828,95.9534603052108,0.3014593791260378,10.799621,-0.03249324,no,ls-psrmoe-v4.1,0.2163329165208103,9.299473083951293e-16,0.7836670834791888,0.0,97.48228678703308,0.0169834439764865,57.0660861173763,136.48226444863883,0.9,no,low,10.80382763195082,"{""neural"": 9.299473083951293e-16, ""physics"": 0.21633291652081033, ""xgboost"": 0.7836670834791888}"
PA_CA0337,CA0337,SRC014,SFC_AD3F4CCED3FF,LIQ_6656B41AB7,polymer,probe_assisted,train,2,73.3,62.90413484583119,51.80238,50.68283,65.96879730224609,60.59693048838527,67.72929992675782,65.26111028138267,0.5676387348411294,10.675321,0.015102166,no,ls-psrmoe-v4.1,0.2163329165208103,9.299473083951293e-16,0.7836670834791888,0.0,65.96879730224609,0.0507995870427543,23.196045680199923,102.61222401146244,0.9,no,low,10.690401872068843,"{""neural"": 9.299473083951293e-16, ""physics"": 0.21633291652081033, ""xgboost"": 0.7836670834791888}"
PA_CA0338,CA0338,SRC014,SFC_AD3F4CCED3FF,LIQ_1BD1B94C09,polymer,probe_assisted,train,2,75.7,82.15347200797567,84.273415,83.268555,81.5682574748993,79.65222599513253,76.88373413085938,72.10543707649266,0.318439315991821,10.728196,0.01741345,no,ls-psrmoe-v4.1,0.2163329165208103,9.299473083951293e-16,0.7836670834791888,0.0,81.5682574748993,0.0227262921538056,42.4453828423444,121.86156117360693,0.9,no,low,10.73292099162131,"{""neural"": 9.299473083951293e-16, ""physics"": 0.21633291652081033, ""xgboost"": 0.7836670834791888}"
PA_CA0339,CA0339,SRC014,SFC_7311940ACDF8,LIQ_0F4168490E,polymer,probe_assisted,train,2,96.4,91.7052918126873,89.881966,92.17286,92.20862476825714,93.8924743665361,93.22414855957032,92.31087266659353,0.338966946028603,10.78641,-0.03996618,no,ls-psrmoe-v4.1,0.2163329165208103,9.299473083951293e-16,0.7836670834791888,0.0,92.20862476825714,0.0217481195012617,51.99720264705604,131.41338097831857,0.9,no,low,10.791734766875988,"{""neural"": 9.299473083951293e-16, ""physics"": 0.21633291652081033, ""xgboost"": 0.7836670834791888}"
PA_CA0340,CA0340,SRC014,SFC_7311940ACDF8,LIQ_6656B41AB7,polymer,probe_assisted,train,2,64.2,59.74887007432545,49.931854,47.676308,62.45887756347656,58.32510442703142,61.67274017333985,61.71842165195115,0.3465159637212637,10.683924,0.029488195,no,ls-psrmoe-v4.1,0.2163329165208103,9.299473083951293e-16,0.7836670834791888,0.0,62.45887756347656,0.0270591229083622,20.040780908694188,99.45695923995672,0.9,no,low,10.68954186814803,"{""neural"": 9.299473083951293e-16, ""physics"": 0.21633291652081033, ""xgboost"": 0.7836670834791888}"
PA_CA0341,CA0341,SRC014,SFC_7311940ACDF8,LIQ_1BD1B94C09,polymer,probe_assisted,train,2,68.5,72.0777983413949,73.76816,73.42928,71.61117107868195,70.25707640755803,73.50635070800782,68.83837166352241,0.4022235112713101,10.728149,0.0056395517,no,ls-psrmoe-v4.1,0.2163329165208103,9.299473083951293e-16,0.7836670834791888,0.0,71.61117107868195,0.022473730267279,32.36970917576363,111.78588750702616,0.9,no,low,10.73568650432847,"{""neural"": 9.299473083951293e-16, ""physics"": 0.21633291652081033, ""xgboost"": 0.7836670834791888}"
PA_CA0342,CA0342,SRC014,SFC_7A3F6303565B,LIQ_0F4168490E,polymer,probe_assisted,train,2,92.3,91.06917817309817,91.519325,94.21371,90.94491414129736,91.0727798994447,92.37071990966795,87.39022422177436,0.4871364193017801,10.748082,-0.04694424,no,ls-psrmoe-v4.1,0.2163329165208103,9.299473083951293e-16,0.7836670834791888,0.0,90.94491414129732,0.0267612705951607,51.3610890074669,130.77726733872942,0.9,no,low,10.759115603511944,"{""neural"": 9.299473083951293e-16, ""physics"": 0.21633291652081033, ""xgboost"": 0.7836670834791888}"
PA_CA0343,CA0343,SRC014,SFC_7A3F6303565B,LIQ_6656B41AB7,polymer,probe_assisted,train,2,52.9,54.53691793669436,51.081566,48.616276,55.49077501296997,55.5821396528519,55.1325798034668,59.33351671464349,0.3507807636282037,10.690203,0.032758083,no,ls-psrmoe-v4.1,0.2163329165208103,9.299473083951293e-16,0.7836670834791888,0.0,55.49077501296997,0.0240535138201187,14.828828771063094,94.24500710232562,0.9,no,low,10.695956587670903,"{""neural"": 9.299473083951293e-16, ""physics"": 0.21633291652081033, ""xgboost"": 0.7836670834791888}"
PA_CA0344,CA0344,SRC014,SFC_7A3F6303565B,LIQ_1BD1B94C09,polymer,probe_assisted,train,2,65.5,66.19183761893268,66.155205,66.57816,66.20195019170642,64.83096021194265,67.59300994873047,65.07268006113385,0.4440451296803505,10.714238,-0.006810692,no,ls-psrmoe-v4.1,0.2163329165208103,9.299473083951293e-16,0.7836670834791888,0.0,66.20195019170642,0.032505251952936,26.483748453301416,105.89992678456395,0.9,no,low,10.723435643385791,"{""neural"": 9.299473083951293e-16, ""physics"": 0.21633291652081033, ""xgboost"": 0.7836670834791888}"
PA_CA0345,CA0345,SRC014,SFC_54D3CCF77E3A,LIQ_0F4168490E,polymer,probe_assisted,train,2,102.9,95.94806686034264,92.81514,94.300644,96.81291785240174,97.3004049828588,98.80818481445311,91.04917148620724,0.5351145436615247,10.833254,-0.025855105,no,ls-psrmoe-v4.1,0.2163329165208103,9.299473083951293e-16,0.7836670834791888,0.0,96.81291785240174,0.0314759733523717,56.23997769471137,135.6561560259739,0.9,no,low,10.846462086936647,"{""neural"": 9.299473083951293e-16, ""physics"": 0.21633291652081033, ""xgboost"": 0.7836670834791888}"
PA_CA0346,CA0346,SRC014,SFC_54D3CCF77E3A,LIQ_6656B41AB7,polymer,probe_assisted,train,2,81.9,68.00530397698928,62.570393,59.50188,69.5056224822998,66.57219609619384,69.11398620605469,66.1028288266737,0.188496546271712,10.692156,0.046745963,no,ls-psrmoe-v4.1,0.2163329165208103,9.299473083951293e-16,0.7836670834791888,0.0,69.5056224822998,0.0356687116070656,28.297214811358018,107.71339314262055,0.9,no,low,10.693817413641042,"{""neural"": 9.299473083951293e-16, ""physics"": 0.21633291652081033, ""xgboost"": 0.7836670834791888}"
PA_CA0347,CA0347,SRC014,SFC_54D3CCF77E3A,LIQ_1BD1B94C09,polymer,probe_assisted,train,2,78.2,83.37472134888674,85.92357,84.47703,82.67110676765442,81.12844841321716,77.10702819824219,72.15724787103323,0.3417240686276993,10.752848,0.025135154,no,ls-psrmoe-v4.1,0.2163329165208103,9.299473083951293e-16,0.7836670834791888,0.0,82.67110676765442,0.0338540065006886,43.66663218325547,123.082810514518,0.9,no,low,10.758276602234368,"{""neural"": 9.299473083951293e-16, ""physics"": 0.21633291652081033, ""xgboost"": 0.7836670834791888}"
PA_CA0348,CA0348,SRC014,SFC_66EE1063F64A,LIQ_0F4168490E,polymer,probe_assisted,train,2,97.4,90.4698106174139,88.63483,90.87883,90.97636172771452,93.01588193507992,92.07406005859374,91.17231496948564,0.345853950018959,10.795239,-0.03915938,no,ls-psrmoe-v4.1,0.2163329165208103,9.299473083951293e-16,0.7836670834791888,0.0,90.97636172771456,0.025040518903015,50.761721451782634,130.17789978304518,0.9,no,low,10.800777750785576,"{""neural"": 9.299473083951293e-16, ""physics"": 0.21633291652081033, ""xgboost"": 0.7836670834791888}"
PA_CA0349,CA0349,SRC014,SFC_66EE1063F64A,LIQ_6656B41AB7,polymer,probe_assisted,train,2,65.5,58.00449904423947,45.977455,44.07189,61.32458934783936,54.59613766981969,62.5372200012207,61.39589565526326,0.3731603459939944,10.679896,0.023364937,no,ls-psrmoe-v4.1,0.2163329165208103,9.299473083951293e-16,0.7836670834791888,0.0,61.32458934783936,0.0291835689116446,18.29640987860821,97.71258820987075,0.9,no,low,10.686413206246442,"{""neural"": 9.299473083951293e-16, ""physics"": 0.21633291652081033, ""xgboost"": 0.7836670834791888}"
PA_CA0350,CA0350,SRC014,SFC_66EE1063F64A,LIQ_1BD1B94C09,polymer,probe_assisted,train,2,68.0,73.0055077678188,75.06745,74.636765,72.43630394935607,71.03758923417435,73.40718078613281,69.29260617182766,0.3201635468681537,10.728563,0.0072223963,no,ls-psrmoe-v4.1,0.2163329165208103,9.299473083951293e-16,0.7836670834791888,0.0,72.43630394935607,0.0252715675302745,33.297418602187534,112.71359693345006,0.9,no,low,10.733339123577164,"{""neural"": 9.299473083951293e-16, ""physics"": 0.21633291652081033, ""xgboost"": 0.7836670834791888}"
PA_CA0351,CA0351,SRC014,SFC_7D389175DB70,LIQ_0F4168490E,polymer,probe_assisted,train,2,90.3,93.4217593647964,93.10309,95.15966,93.50972914844752,94.25000172684392,98.01880950927736,93.6568928701886,0.3198442359422831,10.790298,-0.03577725,no,ls-psrmoe-v4.1,0.2163329165208103,9.299473083951293e-16,0.7836670834791888,0.0,93.50972914844752,0.0234174929877448,53.713670199165136,133.12984853042767,0.9,no,low,10.795037344264701,"{""neural"": 9.299473083951293e-16, ""physics"": 0.21633291652081033, ""xgboost"": 0.7836670834791888}"
PA_CA0352,CA0352,SRC014,SFC_7D389175DB70,LIQ_6656B41AB7,polymer,probe_assisted,train,2,69.1,69.9894842766739,74.517044,70.154564,68.73964204788209,66.38502957405237,65.27854766845704,60.3419064637888,0.9726980167406448,10.736805,0.07240193,no,ls-psrmoe-v4.1,0.2163329165208103,9.299473083951293e-16,0.7836670834791888,0.0,68.73964204788209,0.0449121210020625,30.28139511104264,109.69757344230517,0.9,no,low,10.780775623293353,"{""neural"": 9.299473083951293e-16, ""physics"": 0.21633291652081033, ""xgboost"": 0.7836670834791888}"
PA_CA0353,CA0353,SRC014,SFC_7D389175DB70,LIQ_1BD1B94C09,polymer,probe_assisted,train,2,73.1,72.2975618415058,70.8427,70.20594,72.69918024539948,69.45633535260649,73.55184631347656,68.018637282575,0.5267166351144518,10.759311,0.01043795,no,ls-psrmoe-v4.1,0.2163329165208103,9.299473083951293e-16,0.7836670834791888,0.0,72.69918024539948,0.0297469901589034,32.58947267587453,112.00565100713706,0.9,no,low,10.772195858246697,"{""neural"": 9.299473083951293e-16, ""physics"": 0.21633291652081033, ""xgboost"": 0.7836670834791888}"
PA_CA0354,CA0354,SRC014,SFC_B1FAE164CF82,LIQ_0F4168490E,polymer,probe_assisted,train,2,81.0,81.67923910485077,84.823746,88.14016,80.81119155883789,81.34574754852541,77.06951446533203,79.32950717905285,0.295506984339323,10.731543,-0.057775438,no,ls-psrmoe-v4.1,0.2163329165208103,9.299473083951293e-16,0.7836670834791888,0.0,80.81119155883789,0.0412988402150227,41.9711499392195,121.38732827048203,0.9,no,low,10.735610813486224,"{""neural"": 9.299473083951293e-16, ""physics"": 0.21633291652081033, ""xgboost"": 0.7836670834791888}"
PA_CA0355,CA0355,SRC014,SFC_B1FAE164CF82,LIQ_6656B41AB7,polymer,probe_assisted,train,2,37.8,50.9453611910383,48.043312,45.26992,51.74647784233093,51.38181958360171,49.08844299316407,54.55786626713316,0.462097377986834,10.709974,0.0350476,no,ls-psrmoe-v4.1,0.2163329165208103,9.299473083951293e-16,0.7836670834791888,0.0,51.74647784233094,0.0174520423019994,11.237272025407037,90.65345035666957,0.9,no,low,10.719938295877375,"{""neural"": 9.299473083951293e-16, ""physics"": 0.21633291652081033, ""xgboost"": 0.7836670834791888}"
PA_CA0356,CA0356,SRC014,SFC_B1FAE164CF82,LIQ_1BD1B94C09,polymer,probe_assisted,train,2,54.4,54.98318845928022,50.739212,52.497475,56.15474691390991,54.27659823194397,57.98877410888672,59.413901609969216,0.1949736097539277,10.720534,-0.024197364,no,ls-psrmoe-v4.1,0.2163329165208103,9.299473083951293e-16,0.7836670834791888,0.0,56.154746913909904,0.0477948045385233,15.275099293648957,94.69127762491149,0.9,no,low,10.722306839186077,"{""neural"": 9.299473083951293e-16, ""physics"": 0.21633291652081033, ""xgboost"": 0.7836670834791888}"
PA_CA0357,CA0357,SRC014,SFC_F13264E1CC9A,LIQ_0F4168490E,polymer,probe_assisted,train,2,75.2,59.20935021928613,69.80492,72.18359,56.28442230224609,62.61307607988226,62.86320266723633,70.01482599487778,0.1906261368558673,10.868762,-0.03930054,no,ls-psrmoe-v4.1,0.2163329165208103,9.299473083951293e-16,0.7836670834791888,0.0,56.28442230224609,0.0528236877091455,19.501261053654865,98.9174393849174,0.9,no,low,10.870433557898995,"{""neural"": 9.299473083951293e-16, ""physics"": 0.21633291652081033, ""xgboost"": 0.7836670834791888}"
PA_CA0358,CA0358,SRC014,SFC_F13264E1CC9A,LIQ_6656B41AB7,polymer,probe_assisted,train,2,61.1,54.17530155506833,49.59956,46.249306,55.43844451904297,53.99151805379794,52.31877822875977,54.76960274909878,0.3278184875934535,10.7299385,0.04322856,no,ls-psrmoe-v4.1,0.2163329165208103,9.299473083951293e-16,0.7836670834791888,0.0,55.43844451904296,0.0291835689116446,14.467212389437066,93.8833907206996,0.9,no,low,10.7349450475813,"{""neural"": 9.299473083951293e-16, ""physics"": 0.21633291652081033, ""xgboost"": 0.7836670834791888}"
PA_CA0359,CA0359,SRC014,SFC_F13264E1CC9A,LIQ_1BD1B94C09,polymer,probe_assisted,train,2,49.5,56.572687642292045,54.502163,54.260773,57.144260263443,55.14837745450181,56.270354461669925,55.963075885390445,0.1740387635037356,10.801744,0.0033894635,no,ls-psrmoe-v4.1,0.2163329165208103,9.299473083951293e-16,0.7836670834791888,0.0,57.144260263443,0.0405098498321475,16.86459847666078,96.2807768079233,0.9,no,low,10.803145973869736,"{""neural"": 9.299473083951293e-16, ""physics"": 0.21633291652081033, ""xgboost"": 0.7836670834791888}"
PA_CA0360,CA0360,SRC020,SFC_9D7026B7F20A,LIQ_0F4168490E,oxide,probe_assisted,validation,2,89.2,95.4598351416752,97.689156,95.04558,94.84442663192748,88.33054314990821,97.28690185546876,84.54297309602285,0.5322915527813075,10.652735,0.0459368,no,ls-psrmoe-v4.1,0.2163329165208103,9.299473083951293e-16,0.7836670834791888,0.0,94.84442663192748,0.0113778553478895,55.751745976043935,135.16792430730646,0.9,no,low,10.666025373933222,"{""neural"": 9.299473083951293e-16, ""physics"": 0.21633291652081033, ""xgboost"": 0.7836670834791888}"
PA_CA0361,CA0361,SRC020,SFC_9D7026B7F20A,LIQ_1BD1B94C09,oxide,probe_assisted,validation,2,68.8,55.65999276796331,61.65194,56.395424,54.00590353012085,59.583900514684615,59.23302459716797,55.51989031727247,0.6006187967496399,10.651281,0.07799784,no,ls-psrmoe-v4.1,0.2163329165208103,9.299473083951293e-16,0.7836670834791888,0.0,54.00590353012085,0.0528326746641055,15.951903602332045,95.36808193359457,0.9,no,low,10.66820181098811,"{""neural"": 9.299473083951293e-16, ""physics"": 0.21633291652081033, ""xgboost"": 0.7836670834791888}"
PA_CA0362,CA0362,SRC020,SFC_9D7026B7F20A,LIQ_6656B41AB7,oxide,probe_assisted,validation,2,47.7,52.69550326786575,66.31629,56.91263,48.93545646667481,45.3662986238764,48.914188385009766,44.88081771268183,0.4783537258787703,10.664969,0.14407769,no,ls-psrmoe-v4.1,0.2163329165208103,9.299473083951293e-16,0.7836670834791888,0.0,48.935456466674815,0.0153921422084469,12.987414102234489,92.40359243349701,0.9,no,low,10.675691362062837,"{""neural"": 9.299473083951293e-16, ""physics"": 0.21633291652081033, ""xgboost"": 0.7836670834791888}"
PA_CA0363,CA0363,SRC020,SFC_3BF005A262A4,LIQ_0F4168490E,oxide,probe_assisted,validation,2,70.2,76.4260709638708,86.915596,84.61161,73.53041591644288,71.89059297653141,71.89402618408204,64.77568545418339,0.2893123542726186,10.642708,0.039955832,no,ls-psrmoe-v4.1,0.2163329165208103,9.299473083951293e-16,0.7836670834791888,0.0,73.53041591644288,0.0177215761412677,36.717981798239535,116.13416012950206,0.9,no,low,10.646639620631422,"{""neural"": 9.299473083951293e-16, ""physics"": 0.21633291652081033, ""xgboost"": 0.7836670834791888}"
PA_CA0364,CA0364,SRC020,SFC_3BF005A262A4,LIQ_1BD1B94C09,oxide,probe_assisted,validation,2,51.2,41.58283907817271,32.339397,24.161102,44.13451023101807,45.78985359166698,47.77385559082031,43.848830612889806,0.2863503753920647,10.694152,0.059624296,no,ls-psrmoe-v4.1,0.2163329165208103,9.299473083951293e-16,0.7836670834791888,0.0,44.13451023101807,0.0564152222236211,1.8747499125414464,81.29092824380398,0.9,no,low,10.697985022264294,"{""neural"": 9.299473083951293e-16, ""physics"": 0.21633291652081033, ""xgboost"": 0.7836670834791888}"
PA_CA0365,CA0365,SRC020,SFC_3BF005A262A4,LIQ_6656B41AB7,oxide,probe_assisted,validation,2,15.5,24.535441554640784,63.86885,52.421425,13.67737274169922,21.881791863488345,15.705725288391111,22.751886870714674,0.5414342736179125,10.74412,0.16937457,no,ls-psrmoe-v4.1,0.2163329165208103,9.299473083951293e-16,0.7836670834791888,0.0,13.67737274169922,0.0224403480464805,0.0,64.24353072027205,0.9,no,low,10.757753745417682,"{""neural"": 9.299473083951293e-16, ""physics"": 0.21633291652081033, ""xgboost"": 0.7836670834791888}"
PA_CA0366,CA0366,SRC020,SFC_5EBD6486C99B,LIQ_0F4168490E,oxide,probe_assisted,validation,2,56.0,65.41604984922375,76.454926,74.39115,62.36874542236328,62.2284194875287,65.25356216430664,59.71618373362587,0.3591727402587787,10.6696,0.03434656,no,ls-psrmoe-v4.1,0.2163329165208103,9.299473083951293e-16,0.7836670834791888,0.0,62.36874542236328,0.022428336824199,25.70796068359249,105.12413901485502,0.9,no,low,10.675643737842933,"{""neural"": 9.299473083951293e-16, ""physics"": 0.21633291652081033, ""xgboost"": 0.7836670834791888}"
PA_CA0367,CA0367,SRC020,SFC_5EBD6486C99B,LIQ_1BD1B94C09,oxide,probe_assisted,validation,2,39.4,21.51714888084408,0.0,6.495036,27.457002258300783,14.980872376228458,23.70420379638672,33.63580855172394,0.294990484445963,10.785036,0.040626965,no,ls-psrmoe-v4.1,0.2163329165208103,9.299473083951293e-16,0.7836670834791888,0.0,27.457002258300783,0.0605667195774696,0.0,61.22523804647534,0.9,no,low,10.789069510722863,"{""neural"": 9.299473083951293e-16, ""physics"": 0.21633291652081033, ""xgboost"": 0.7836670834791888}"
PA_CA0368,CA0368,SRC020,SFC_5EBD6486C99B,LIQ_6656B41AB7,oxide,probe_assisted,validation,2,10.7,25.72778652899639,67.30257,54.550945,14.250982666015624,20.46808249505224,14.892877006530762,20.01276410274796,0.4917685315848491,10.815559,0.19410506,no,ls-psrmoe-v4.1,0.2163329165208103,9.299473083951293e-16,0.7836670834791888,0.0,14.250982666015624,0.0353183356438877,0.0,65.43587569462765,0.9,no,low,10.826733245588816,"{""neural"": 9.299473083951293e-16, ""physics"": 0.21633291652081033, ""xgboost"": 0.7836670834791888}"
PA_CA0369,CA0369,SRC020,SFC_8C9D5E267A39,LIQ_0F4168490E,oxide,probe_assisted,validation,2,61.5,70.61821458686364,82.196075,80.05202,67.42212219238282,67.53858550594053,65.32354888916015,61.03280163725426,0.1983833898844481,10.652203,0.036673304,no,ls-psrmoe-v4.1,0.2163329165208103,9.299473083951293e-16,0.7836670834791888,0.0,67.42212219238282,0.0192827922134722,30.91012542123238,110.32630375249491,0.9,no,low,10.654050155813565,"{""neural"": 9.299473083951293e-16, ""physics"": 0.21633291652081033, ""xgboost"": 0.7836670834791888}"
PA_CA0370,CA0370,SRC020,SFC_8C9D5E267A39,LIQ_1BD1B94C09,oxide,probe_assisted,validation,2,45.9,39.263928501631376,16.774866,8.237231,45.472080612182616,35.773986447004155,43.19752883911133,40.955906905936025,0.3244775138521014,10.739963,0.051621914,no,ls-psrmoe-v4.1,0.2163329165208103,9.299473083951293e-16,0.7836670834791888,0.0,45.472080612182616,0.0580403452585666,0.0,78.97201766726263,0.9,no,low,10.744863465785158,"{""neural"": 9.299473083951293e-16, ""physics"": 0.21633291652081033, ""xgboost"": 0.7836670834791888}"
PA_CA0371,CA0371,SRC020,SFC_8C9D5E267A39,LIQ_6656B41AB7,oxide,probe_assisted,validation,2,11.7,26.783581905748044,69.36742,57.156075,15.028226470947263,20.25409652487404,16.210066986083984,20.15694138903033,0.5168220948983783,10.798569,0.1899707,no,ls-psrmoe-v4.1,0.2163329165208103,9.299473083951293e-16,0.7836670834791888,0.0,15.028226470947269,0.0254904602217312,0.0,66.4916710713793,0.9,no,low,10.81092954030948,"{""neural"": 9.299473083951293e-16, ""physics"": 0.21633291652081033, ""xgboost"": 0.7836670834791888}"
PA_CA0372,CA0372,SRC020,SFC_9EBDC478F1D0,LIQ_0F4168490E,oxide,probe_assisted,validation,2,0.1,17.912630413894895,56.84688,53.372272,7.1647499084472654,20.254518459103476,4.402300453186035,16.957320657478444,0.4584578911911171,10.730873,0.048362873,no,ls-psrmoe-v4.1,0.2163329165208103,9.299473083951293e-16,0.7836670834791888,0.0,7.164749908447265,0.0445045488591049,0.0,57.62071957952616,0.9,no,low,10.740661943294016,"{""neural"": 9.299473083951293e-16, ""physics"": 0.21633291652081033, ""xgboost"": 0.7836670834791888}"
PA_CA0373,CA0373,SRC020,SFC_9EBDC478F1D0,LIQ_1BD1B94C09,oxide,probe_assisted,validation,2,0.1,0.5564596740343519,0.0,0.08156469,0.7100715160369873,0.0,0.8407785058021545,11.709359525074396,0.0797004212359188,10.887063,0.107592836,no,ls-psrmoe-v4.1,0.2163329165208103,9.299473083951293e-16,0.7836670834791888,0.0,0.7100715160369873,0.0928363043343171,0.0,40.264548839665615,0.9,no,low,10.887354725695042,"{""neural"": 9.299473083951293e-16, ""physics"": 0.21633291652081033, ""xgboost"": 0.7836670834791888}"
PA_CA0374,CA0374,SRC020,SFC_9EBDC478F1D0,LIQ_6656B41AB7,oxide,probe_assisted,validation,2,17.6,33.7035038993335,83.04147,67.05898,20.083655548095702,32.02624693031869,17.98653564453125,23.60693781194498,0.4676973121815697,11.0164,0.26848295,no,ls-psrmoe-v4.1,0.2163329165208103,9.299473083951293e-16,0.7836670834791888,0.0,20.083655548095702,0.1479409665687657,0.0,73.41159306496476,0.9,no,low,11.0263234913466,"{""neural"": 9.299473083951293e-16, ""physics"": 0.21633291652081033, ""xgboost"": 0.7836670834791888}"
PA_CA0375,CA0375,SRC020,SFC_500FB1C18BA7,LIQ_0F4168490E,oxide,probe_assisted,validation,2,0.1,13.06525759261168,55.594173,50.912434,1.3250625610351563,11.83632010372703,1.9318284273147583,8.568237353575574,0.3220593715529342,10.762365,0.0636803,no,ls-psrmoe-v4.1,0.2163329165208103,9.299473083951293e-16,0.7836670834791888,0.0,1.3250625610351563,0.0504497138977442,0.0,52.773346758242944,0.9,no,low,10.767182669205074,"{""neural"": 9.299473083951293e-16, ""physics"": 0.21633291652081033, ""xgboost"": 0.7836670834791888}"
PA_CA0376,CA0376,SRC020,SFC_500FB1C18BA7,LIQ_1BD1B94C09,oxide,probe_assisted,validation,2,0.1,0.2972988234837832,0.0,0.08156469,0.3793687775731086,0.0,1.0121792078018188,6.262064496725638,0.1952887742818382,10.914118,0.12262119,no,ls-psrmoe-v4.1,0.2163329165208103,9.299473083951293e-16,0.7836670834791888,0.0,0.3793687775731086,0.0971610899981889,0.0,40.00538798911505,0.9,no,low,10.91586503321127,"{""neural"": 9.299473083951293e-16, ""physics"": 0.21633291652081033, ""xgboost"": 0.7836670834791888}"
PA_CA0377,CA0377,SRC020,SFC_500FB1C18BA7,LIQ_6656B41AB7,oxide,probe_assisted,validation,2,23.1,35.09574223545128,83.04147,66.67045,21.860224151611327,26.40498709382492,19.016686630249023,20.34501352385101,0.1060041304569422,11.033444,0.27477854,no,ls-psrmoe-v4.1,0.2163329165208103,9.299473083951293e-16,0.7836670834791888,0.0,21.860224151611327,0.1479409665687657,0.0,74.80383140108255,0.9,no,low,11.033953207115296,"{""neural"": 9.299473083951293e-16, ""physics"": 0.21633291652081033, ""xgboost"": 0.7836670834791888}"
PA_CA0378,CA0378,SRC020,SFC_463017990582,LIQ_0F4168490E,oxide,probe_assisted,validation,2,0.1,17.49839470909994,56.496223,52.025177,6.732963562011719,12.818508736497243,4.758169174194336,9.689758233805165,0.2050837675486752,10.751158,0.061595082,no,ls-psrmoe-v4.1,0.2163329165208103,9.299473083951293e-16,0.7836670834791888,0.0,6.732963562011719,0.0461098731220971,0.0,57.206483874731205,0.9,no,low,10.75311386030465,"{""neural"": 9.299473083951293e-16, ""physics"": 0.21633291652081033, ""xgboost"": 0.7836670834791888}"
PA_CA0379,CA0379,SRC020,SFC_463017990582,LIQ_1BD1B94C09,oxide,probe_assisted,validation,2,0.1,0.5270905762350062,0.0,0.08156469,0.6725950181484223,0.0,1.2664304733276368,6.460506699586117,0.1966545521756126,10.905466,0.12003434,no,ls-psrmoe-v4.1,0.2163329165208103,9.299473083951293e-16,0.7836670834791888,0.0,0.6725950181484223,0.0940229944546601,0.0,40.23517974186627,0.9,no,low,10.907238958143688,"{""neural"": 9.299473083951293e-16, ""physics"": 0.21633291652081033, ""xgboost"": 0.7836670834791888}"
PA_CA0380,CA0380,SRC020,SFC_463017990582,LIQ_6656B41AB7,oxide,probe_assisted,validation,2,19.3,35.09574223545128,83.04147,66.67045,21.860224151611327,26.40498709382492,19.016686630249023,20.34501352385101,0.1060041304569422,11.033444,0.27477854,no,ls-psrmoe-v4.1,0.2163329165208103,9.299473083951293e-16,0.7836670834791888,0.0,21.860224151611327,0.1479409665687657,0.0,74.80383140108255,0.9,no,low,11.033953207115296,"{""neural"": 9.299473083951293e-16, ""physics"": 0.21633291652081033, ""xgboost"": 0.7836670834791888}"
PA_CA0381,CA0381,SRC020,SFC_EA6FE64D72B2,LIQ_0F4168490E,oxide,probe_assisted,validation,2,0.1,12.892664868601589,55.747505,51.102367,1.0624977111816407,11.73770499855769,1.919637942314148,8.434784960951866,0.5591079555847087,10.760454,0.06332199,no,ls-psrmoe-v4.1,0.2163329165208103,9.299473083951293e-16,0.7836670834791888,0.0,1.0624977111816407,0.0496929750079829,0.0,52.60075403423285,0.9,no,low,10.774969697967327,"{""neural"": 9.299473083951293e-16, ""physics"": 0.21633291652081033, ""xgboost"": 0.7836670834791888}"
PA_CA0382,CA0382,SRC020,SFC_EA6FE64D72B2,LIQ_1BD1B94C09,oxide,probe_assisted,validation,2,0.1,0.4762566710223317,0.0,0.08156469,0.6077283084392547,0.0,0.895170795917511,6.133433449703942,0.1259312599367404,10.912653,0.12218325,no,ls-psrmoe-v4.1,0.2163329165208103,9.299473083951293e-16,0.7836670834791888,0.0,0.6077283084392547,0.0966196848283649,0.0,40.1843458366536,0.9,no,low,10.913379594820217,"{""neural"": 9.299473083951293e-16, ""physics"": 0.21633291652081033, ""xgboost"": 0.7836670834791888}"
PA_CA0383,CA0383,SRC020,SFC_EA6FE64D72B2,LIQ_6656B41AB7,oxide,probe_assisted,validation,2,22.5,35.09574223545128,83.04147,66.67045,21.860224151611327,26.40498709382492,19.016686630249023,20.34501352385101,0.1060041304569422,11.033444,0.27477854,no,ls-psrmoe-v4.1,0.2163329165208103,9.299473083951293e-16,0.7836670834791888,0.0,21.860224151611327,0.1479409665687657,0.0,74.80383140108255,0.9,no,low,11.033953207115296,"{""neural"": 9.299473083951293e-16, ""physics"": 0.21633291652081033, ""xgboost"": 0.7836670834791888}"
PA_CA0384,CA0384,SRC004,SFC_1959CDFDAA85,LIQ_0F4168490E,oxide,probe_assisted,train,2,106.0,108.59146024226722,107.754684,106.40123,108.82245392799378,107.47147176495476,108.8068588256836,105.87438478843448,0.1176011876175542,10.781824,0.022592176,no,ls-psrmoe-v4.1,0.2163329165208103,9.299473083951293e-16,0.7836670834791888,0.0,108.82245392799378,0.0040409766941812,68.88337107663595,148.2995494078985,0.9,no,low,10.78246533990743,"{""neural"": 9.299473083951293e-16, ""physics"": 0.21633291652081033, ""xgboost"": 0.7836670834791888}"
PA_CA0385,CA0385,SRC004,SFC_1959CDFDAA85,LIQ_53310FAFB3,oxide,probe_assisted,train,2,79.0,76.46956275284933,77.412094,76.41115,76.20937502384186,79.09518542017123,78.46079711914062,77.74963299039294,0.1403850668207938,10.835769,0.017011855,no,ls-psrmoe-v4.1,0.2163329165208103,9.299473083951293e-16,0.7836670834791888,0.0,76.20937502384186,0.0026840973406685,36.76147358721806,116.17765191848059,0.9,no,low,10.836678355859203,"{""neural"": 9.299473083951293e-16, ""physics"": 0.21633291652081033, ""xgboost"": 0.7836670834791888}"
PA_CA0386,CA0386,SRC004,SFC_1959CDFDAA85,LIQ_6656B41AB7,oxide,probe_assisted,train,2,63.0,64.42533934279705,67.54671,60.919334,63.56367931365967,61.21047769278484,63.10883026123047,63.68377228549379,0.1804571079884623,10.74422,0.10400289,no,ls-psrmoe-v4.1,0.2163329165208103,9.299473083951293e-16,0.7836670834791888,0.0,63.56367931365968,0.010675366859276,24.71725017716578,104.13342850842831,0.9,no,low,10.74573534832417,"{""neural"": 9.299473083951293e-16, ""physics"": 0.21633291652081033, ""xgboost"": 0.7836670834791888}"
PA_CA0387,CA0387,SRC004,SFC_309E17907FBA,LIQ_0F4168490E,oxide,probe_assisted,train,2,104.0,105.7420033390646,105.17148,103.93282,105.89949796199798,105.43398320725336,105.09635162353516,104.65806345152497,0.1880706369733443,10.789147,0.020934692,no,ls-psrmoe-v4.1,0.2163329165208103,9.299473083951293e-16,0.7836670834791888,0.0,105.89949796199798,0.0037093156845279,66.03391417343333,145.45009250469587,0.9,no,low,10.790786048852075,"{""neural"": 9.299473083951293e-16, ""physics"": 0.21633291652081033, ""xgboost"": 0.7836670834791888}"
PA_CA0388,CA0388,SRC004,SFC_309E17907FBA,LIQ_53310FAFB3,oxide,probe_assisted,train,2,77.0,74.92346302574406,75.92049,74.94722,74.64823265075684,77.42408606080863,77.902294921875,75.24315175433378,0.100899599969519,10.841316,0.016435295,no,ls-psrmoe-v4.1,0.2163329165208103,9.299473083951293e-16,0.7836670834791888,0.0,74.64823265075684,0.0035882536259306,35.21537386011279,114.63155219137532,0.9,no,low,10.841785523663988,"{""neural"": 9.299473083951293e-16, ""physics"": 0.21633291652081033, ""xgboost"": 0.7836670834791888}"
PA_CA0389,CA0389,SRC004,SFC_309E17907FBA,LIQ_6656B41AB7,oxide,probe_assisted,train,2,64.0,62.885027526171406,67.06321,60.423473,61.73163175582886,60.18263925575005,61.14273376464844,62.32838322464575,0.3099020320531968,10.744985,0.10376062,no,ls-psrmoe-v4.1,0.2163329165208103,9.299473083951293e-16,0.7836670834791888,0.0,61.73163175582886,0.0097383578452738,23.17693836054014,102.59311669180266,0.9,no,low,10.749453098632307,"{""neural"": 9.299473083951293e-16, ""physics"": 0.21633291652081033, ""xgboost"": 0.7836670834791888}"
PA_CA0390,CA0390,SRC004,SFC_3658FB055001,LIQ_0F4168490E,oxide,probe_assisted,train,2,105.0,107.93433643720832,107.37295,106.0157,108.08930895924568,106.77556492923786,107.5907974243164,105.29882498478442,0.1830633834883395,10.785019,0.02270158,no,ls-psrmoe-v4.1,0.2163329165208103,9.299473083951293e-16,0.7836670834791888,0.0,108.08930895924568,0.0029109290404403,68.22624727157705,147.64242560283958,0.9,no,low,10.78657253406916,"{""neural"": 9.299473083951293e-16, ""physics"": 0.21633291652081033, ""xgboost"": 0.7836670834791888}"
PA_CA0391,CA0391,SRC004,SFC_3658FB055001,LIQ_53310FAFB3,oxide,probe_assisted,train,2,79.0,75.87636212577277,76.84264,75.8328,75.60961809158326,78.52756394347439,78.31929779052734,77.16188537398928,0.1270690608235958,10.839422,0.017121624,no,ls-psrmoe-v4.1,0.2163329165208103,9.299473083951293e-16,0.7836670834791888,0.0,75.60961809158326,0.0026307661156591,36.16827296014151,115.58445129140404,0.9,no,low,10.840166781018759,"{""neural"": 9.299473083951293e-16, ""physics"": 0.21633291652081033, ""xgboost"": 0.7836670834791888}"
PA_CA0392,CA0392,SRC004,SFC_3658FB055001,LIQ_6656B41AB7,oxide,probe_assisted,train,2,64.0,65.0949321517302,70.08814,63.36387,63.71654615402222,61.21514494594474,66.13584442138672,62.65647879966582,0.1801246371950529,10.748184,0.10763987,no,ls-psrmoe-v4.1,0.2163329165208103,9.299473083951293e-16,0.7836670834791888,0.0,63.71654615402222,0.0070355047737536,25.38684298609894,104.80302131736147,0.9,no,low,10.74969321342617,"{""neural"": 9.299473083951293e-16, ""physics"": 0.21633291652081033, ""xgboost"": 0.7836670834791888}"
PA_CA0393,CA0393,SRC004,SFC_AE86A39F2CBE,LIQ_0F4168490E,oxide,probe_assisted,train,2,107.0,105.07823955910948,104.46143,103.286705,105.24851016998292,105.4259456329684,105.00437774658204,104.76503214880802,0.1414258214149826,10.787944,0.019913374,no,ls-psrmoe-v4.1,0.2163329165208103,9.299473083951293e-16,0.7836670834791888,0.0,105.24851016998292,0.0041123636903611,65.37015039347821,144.78632872474074,0.9,no,low,10.788870979398117,"{""neural"": 9.299473083951293e-16, ""physics"": 0.21633291652081033, ""xgboost"": 0.7836670834791888}"
PA_CA0394,CA0394,SRC004,SFC_AE86A39F2CBE,LIQ_53310FAFB3,oxide,probe_assisted,train,2,76.0,77.42045790026124,78.319984,77.27788,77.1721417427063,79.5355241615395,78.6794647216797,78.41024227510941,0.1492470213731632,10.83414,0.017773394,no,ls-psrmoe-v4.1,0.2163329165208103,9.299473083951293e-16,0.7836670834791888,0.0,77.1721417427063,0.0026307661156591,37.712368734629976,117.1285470658925,0.9,no,low,10.835167936538351,"{""neural"": 9.299473083951293e-16, ""physics"": 0.21633291652081033, ""xgboost"": 0.7836670834791888}"
PA_CA0395,CA0395,SRC004,SFC_AE86A39F2CBE,LIQ_6656B41AB7,oxide,probe_assisted,train,2,63.0,55.55409849857671,56.569122,51.210857,55.27389907836914,56.92581557445101,59.45244216918945,64.68143726370324,0.313328477670981,10.724076,0.07535016,no,ls-psrmoe-v4.1,0.2163329165208103,9.299473083951293e-16,0.7836670834791888,0.0,55.27389907836914,0.0233616041352014,15.846009332945442,95.26218766420797,0.9,no,low,10.72865232863362,"{""neural"": 9.299473083951293e-16, ""physics"": 0.21633291652081033, ""xgboost"": 0.7836670834791888}"
PA_CA0396,CA0396,SRC004,SFC_1A55A8F9BE53,LIQ_0F4168490E,oxide,probe_assisted,train,2,111.0,105.80393064414304,104.83427,103.66896,106.07160838842393,106.00167713169306,105.36474304199218,104.9380905120125,0.1443184891233351,10.784599,0.019721331,no,ls-psrmoe-v4.1,0.2163329165208103,9.299473083951293e-16,0.7836670834791888,0.0,106.07160838842393,0.0047934468416557,66.09584147851177,145.5120198097743,0.9,no,low,10.785564584995255,"{""neural"": 9.299473083951293e-16, ""physics"": 0.21633291652081033, ""xgboost"": 0.7836670834791888}"
PA_CA0397,CA0397,SRC004,SFC_1A55A8F9BE53,LIQ_53310FAFB3,oxide,probe_assisted,train,2,76.0,79.49139873056978,80.83783,80.72398,79.11971371173858,79.69371287418379,79.70443878173828,79.76725924890665,0.0991862457479129,10.837178,0.0019531125,no,ls-psrmoe-v4.1,0.2163329165208103,9.299473083951293e-16,0.7836670834791888,0.0,79.11971371173858,0.0140156149284312,39.78330956493852,119.19948789620105,0.9,no,low,10.837631886857459,"{""neural"": 9.299473083951293e-16, ""physics"": 0.21633291652081033, ""xgboost"": 0.7836670834791888}"
PA_CA0398,CA0398,SRC004,SFC_1A55A8F9BE53,LIQ_6656B41AB7,oxide,probe_assisted,train,2,62.0,58.9754650188979,60.726795,55.584534,58.49200670719146,60.47050140353125,59.51850357055664,65.38298844968054,0.3320472923766092,10.7475195,0.076077774,no,ls-psrmoe-v4.1,0.2163329165208103,9.299473083951293e-16,0.7836670834791888,0.0,58.49200670719146,0.0181434638853782,19.267375853266635,98.68355418452916,0.9,no,low,10.752647618482383,"{""neural"": 9.299473083951293e-16, ""physics"": 0.21633291652081033, ""xgboost"": 0.7836670834791888}"
PA_CA0399,CA0399,SRC004,SFC_E53F0A6F08A0,LIQ_0F4168490E,oxide,probe_assisted,train,2,112.0,111.59522601178531,110.66827,110.156044,111.85111515522004,110.26747825004914,109.46046905517578,108.96031337226232,0.1771360268001965,10.786575,0.008394792,no,ls-psrmoe-v4.1,0.2163329165208103,9.299473083951293e-16,0.7836670834791888,0.0,111.85111515522004,0.0090308994283067,71.88713684615405,151.30331517741658,0.9,no,low,10.788029356773903,"{""neural"": 9.299473083951293e-16, ""physics"": 0.21633291652081033, ""xgboost"": 0.7836670834791888}"
PA_CA0400,CA0400,SRC004,SFC_E53F0A6F08A0,LIQ_53310FAFB3,oxide,probe_assisted,train,2,83.0,81.45474858032738,82.84902,82.532974,81.06985654830933,82.39249927089635,80.17350158691406,81.1216640406731,0.1229733733257592,10.839256,0.0054645017,no,ls-psrmoe-v4.1,0.2163329165208103,9.299473083951293e-16,0.7836670834791888,0.0,81.06985654830933,0.0104997287941076,41.74665941469611,121.16283774595864,0.9,no,low,10.839953555439392,"{""neural"": 9.299473083951293e-16, ""physics"": 0.21633291652081033, ""xgboost"": 0.7836670834791888}"
PA_CA0401,CA0401,SRC004,SFC_E53F0A6F08A0,LIQ_6656B41AB7,oxide,probe_assisted,train,2,65.0,64.8276025063643,67.16846,61.554558,64.18140478134156,64.86799428725328,64.47038879394532,66.7750531612409,0.1353808722866898,10.74018,0.0881693,no,ls-psrmoe-v4.1,0.2163329165208103,9.299473083951293e-16,0.7836670834791888,0.0,64.18140478134156,0.0181434638853782,25.119513340733036,104.53569167199556,0.9,no,low,10.741033209751338,"{""neural"": 9.299473083951293e-16, ""physics"": 0.21633291652081033, ""xgboost"": 0.7836670834791888}"
PA_CA0402,CA0402,SRC004,SFC_2A9E0C34389A,LIQ_0F4168490E,oxide,probe_assisted,train,2,111.0,111.23396994536172,110.36277,108.79641,111.47446646690368,110.04056588919144,109.20872497558594,106.67102391228444,0.1707916776323397,10.782574,0.025773143,no,ls-psrmoe-v4.1,0.2163329165208103,9.299473083951293e-16,0.7836670834791888,0.0,111.47446646690368,0.0048297674827714,71.52588077973046,150.942059110993,0.9,no,low,10.783926551243962,"{""neural"": 9.299473083951293e-16, ""physics"": 0.21633291652081033, ""xgboost"": 0.7836670834791888}"
PA_CA0403,CA0403,SRC004,SFC_2A9E0C34389A,LIQ_53310FAFB3,oxide,probe_assisted,train,2,82.0,80.91724553767416,82.3562,81.99743,80.52001886367798,81.87897233736354,80.18099365234374,80.55957657401811,0.1245127992863705,10.832781,0.006196477,no,ls-psrmoe-v4.1,0.2163329165208103,9.299473083951293e-16,0.7836670834791888,0.0,80.52001886367798,0.0144662859466835,41.2091563720429,120.62533470330543,0.9,no,low,10.83349655610538,"{""neural"": 9.299473083951293e-16, ""physics"": 0.21633291652081033, ""xgboost"": 0.7836670834791888}"
PA_CA0404,CA0404,SRC004,SFC_2A9E0C34389A,LIQ_6656B41AB7,oxide,probe_assisted,train,2,65.0,63.15545921561782,65.441574,59.855003,62.5243724822998,64.0255151999194,64.3864532470703,66.47912529152877,0.0937377151379199,10.736313,0.086433984,no,ls-psrmoe-v4.1,0.2163329165208103,9.299473083951293e-16,0.7836670834791888,0.0,62.5243724822998,0.0177559419234579,23.447370049986553,102.86354838124907,0.9,no,low,10.73672219968498,"{""neural"": 9.299473083951293e-16, ""physics"": 0.21633291652081033, ""xgboost"": 0.7836670834791888}"
PA_CA0405,CA0405,SRC004,SFC_4CE305FCECB9,LIQ_0F4168490E,oxide,probe_assisted,train,2,108.0,112.33026272700062,111.45918,110.82573,112.57072615623474,110.61207294433191,109.40927581787108,108.53184667458515,0.2493807069556226,10.788218,0.010331864,no,ls-psrmoe-v4.1,0.2163329165208103,9.299473083951293e-16,0.7836670834791888,0.0,112.57072615623473,0.0084088661388909,72.62217356136935,152.03835189263188,0.9,no,low,10.791099960269374,"{""neural"": 9.299473083951293e-16, ""physics"": 0.21633291652081033, ""xgboost"": 0.7836670834791888}"
PA_CA0406,CA0406,SRC004,SFC_4CE305FCECB9,LIQ_53310FAFB3,oxide,probe_assisted,train,2,84.0,79.55213101087224,80.60604,79.33919,79.2611969947815,82.06105852893856,78.64751434326172,79.37348977904234,0.1543939245314863,10.839969,0.021768821,no,ls-psrmoe-v4.1,0.2163329165208103,9.299473083951293e-16,0.7836670834791888,0.0,79.2611969947815,0.0072384323751898,39.84404184524098,119.26022017650351,0.9,no,low,10.841068462328481,"{""neural"": 9.299473083951293e-16, ""physics"": 0.21633291652081033, ""xgboost"": 0.7836670834791888}"
PA_CA0407,CA0407,SRC004,SFC_4CE305FCECB9,LIQ_6656B41AB7,oxide,probe_assisted,train,2,67.0,70.82504801665596,76.418724,69.49814,69.2809021949768,66.14599171535068,66.64961242675781,65.016646862776,0.1613702213894135,10.754354,0.11531098,no,ls-psrmoe-v4.1,0.2163329165208103,9.299473083951293e-16,0.7836670834791888,0.0,69.2809021949768,0.0170249804363037,31.11695885102469,110.53313718228722,0.9,no,low,10.755564620496093,"{""neural"": 9.299473083951293e-16, ""physics"": 0.21633291652081033, ""xgboost"": 0.7836670834791888}"
PA_CA0408,CA0408,SRC004,SFC_B4F56FFE60FB,LIQ_0F4168490E,oxide,probe_assisted,train,2,109.0,111.11760762647783,110.168236,109.69619,111.37968368530274,109.05633803198457,109.34313507080078,107.56837829262956,0.1614641405475161,10.783251,0.007759334,no,ls-psrmoe-v4.1,0.2163329165208103,9.299473083951293e-16,0.7836670834791888,0.0,111.37968368530274,0.0110455783859806,71.40951846084657,150.8256967921091,0.9,no,low,10.784459782375924,"{""neural"": 9.299473083951293e-16, ""physics"": 0.21633291652081033, ""xgboost"": 0.7836670834791888}"
PA_CA0409,CA0409,SRC004,SFC_B4F56FFE60FB,LIQ_53310FAFB3,oxide,probe_assisted,train,2,82.0,79.55080094678495,80.45426,79.28119,79.30139871835709,81.72967380433008,79.19339141845703,79.69885979347433,0.104469384181186,10.832988,0.02015135,no,ls-psrmoe-v4.1,0.2163329165208103,9.299473083951293e-16,0.7836670834791888,0.0,79.30139871835709,0.0031898818290579,39.84271178115368,119.25889011241621,0.9,no,low,10.833491720603067,"{""neural"": 9.299473083951293e-16, ""physics"": 0.21633291652081033, ""xgboost"": 0.7836670834791888}"
PA_CA0410,CA0410,SRC004,SFC_B4F56FFE60FB,LIQ_6656B41AB7,oxide,probe_assisted,train,2,64.0,65.31383105369751,68.43541,61.807873,64.452112865448,62.09603182440405,63.22512664794922,64.45949267126369,0.1724801329559974,10.74391,0.10477473,no,ls-psrmoe-v4.1,0.2163329165208103,9.299473083951293e-16,0.7836670834791888,0.0,64.452112865448,0.0106811946444794,25.605741888066248,105.02192021932878,0.9,no,low,10.745294387980467,"{""neural"": 9.299473083951293e-16, ""physics"": 0.21633291652081033, ""xgboost"": 0.7836670834791888}"
PA_CA0411,CA0411,SRC004,SFC_572551235161,LIQ_0F4168490E,oxide,probe_assisted,train,2,107.0,110.89793133856212,109.891045,109.49674,111.17588449716568,108.71537299036832,110.13196563720705,107.16048060251212,0.1643406971777462,10.784859,0.0064923964,no,ls-psrmoe-v4.1,0.2163329165208103,9.299473083951293e-16,0.7836670834791888,0.0,111.17588449716568,0.0108783619119299,71.18984217293085,150.6060205041934,0.9,no,low,10.786111046833788,"{""neural"": 9.299473083951293e-16, ""physics"": 0.21633291652081033, ""xgboost"": 0.7836670834791888}"
PA_CA0412,CA0412,SRC004,SFC_572551235161,LIQ_53310FAFB3,oxide,probe_assisted,train,2,82.0,77.42045790026124,78.319984,77.27788,77.1721417427063,79.5355241615395,78.6794647216797,78.41024227510941,0.1492470213731632,10.83414,0.017773394,no,ls-psrmoe-v4.1,0.2163329165208103,9.299473083951293e-16,0.7836670834791888,0.0,77.1721417427063,0.0026307661156591,37.712368734629976,117.1285470658925,0.9,no,low,10.835167936538351,"{""neural"": 9.299473083951293e-16, ""physics"": 0.21633291652081033, ""xgboost"": 0.7836670834791888}"
PA_CA0413,CA0413,SRC004,SFC_572551235161,LIQ_6656B41AB7,oxide,probe_assisted,train,2,63.0,68.08790787154673,73.38615,66.57167,66.62531814575195,63.74938108614599,65.84949645996093,63.97106985629265,0.1941986025709972,10.751035,0.11157574,no,ls-psrmoe-v4.1,0.2163329165208103,9.299473083951293e-16,0.7836670834791888,0.0,66.62531814575195,0.0106811946444794,28.37981870591547,107.795997037178,0.9,no,low,10.752788785634428,"{""neural"": 9.299473083951293e-16, ""physics"": 0.21633291652081033, ""xgboost"": 0.7836670834791888}"
PA_CA0414,CA0414,SRC004,SFC_7E0BA3D04E9B,LIQ_0F4168490E,oxide,probe_assisted,train,2,112.0,113.15002695273732,112.12825,111.613205,113.43209055662156,112.56619399464564,113.97708435058594,110.61476310797396,0.1809381241957409,10.802647,0.0083652595,no,ls-psrmoe-v4.1,0.2163329165208103,9.299473083951293e-16,0.7836670834791888,0.0,113.43209055662156,0.0108783619119299,73.44193778710606,152.85811611836857,0.9,no,low,10.804162198495378,"{""neural"": 9.299473083951293e-16, ""physics"": 0.21633291652081033, ""xgboost"": 0.7836670834791888}"
PA_CA0415,CA0415,SRC004,SFC_7E0BA3D04E9B,LIQ_53310FAFB3,oxide,probe_assisted,train,2,87.0,82.40950948028724,83.878174,83.39689,82.00408165454864,83.98470953837206,80.49805450439453,82.34324827949388,0.1236066324337814,10.836301,0.008342175,no,ls-psrmoe-v4.1,0.2163329165208103,9.299473083951293e-16,0.7836670834791888,0.0,82.00408165454864,0.0122619286462948,42.70142031465598,122.1175986459185,0.9,no,low,10.837005950085228,"{""neural"": 9.299473083951293e-16, ""physics"": 0.21633291652081033, ""xgboost"": 0.7836670834791888}"
PA_CA0416,CA0416,SRC004,SFC_7E0BA3D04E9B,LIQ_6656B41AB7,oxide,probe_assisted,train,2,67.0,70.79181713858839,75.07998,68.251526,69.60806121826172,65.89476582069176,68.81820526123047,65.94354176309608,0.330609114709622,10.750456,0.11296169,no,ls-psrmoe-v4.1,0.2163329165208103,9.299473083951293e-16,0.7836670834791888,0.0,69.60806121826172,0.0141576990787925,31.08372797295712,110.49990630421965,0.9,no,low,10.755538414912806,"{""neural"": 9.299473083951293e-16, ""physics"": 0.21633291652081033, ""xgboost"": 0.7836670834791888}"
PA_CA0417,CA0417,SRC004,SFC_AE01D8CAA284,LIQ_0F4168490E,oxide,probe_assisted,train,2,115.0,113.33584782732976,112.35248,111.876816,113.60730909109115,112.80373233227924,114.71856536865236,110.81498489098152,0.1518581618374102,10.807341,0.007715246,no,ls-psrmoe-v4.1,0.2163329165208103,9.299473083951293e-16,0.7836670834791888,0.0,113.60730909109115,0.01313482343836,73.6277586616985,153.04393699296102,0.9,no,low,10.808407856460526,"{""neural"": 9.299473083951293e-16, ""physics"": 0.21633291652081033, ""xgboost"": 0.7836670834791888}"
PA_CA0418,CA0418,SRC004,SFC_AE01D8CAA284,LIQ_53310FAFB3,oxide,probe_assisted,train,2,88.0,83.45985130675398,85.32958,84.97644,82.94370822906494,84.99377182523918,81.61955413818359,82.97095953812098,0.138902653801457,10.854774,0.0061365524,no,ls-psrmoe-v4.1,0.2163329165208103,9.299473083951293e-16,0.7836670834791888,0.0,82.94370822906494,0.0144662859466835,43.75176214112271,123.16794047238524,0.9,no,low,10.855662694571397,"{""neural"": 9.299473083951293e-16, ""physics"": 0.21633291652081033, ""xgboost"": 0.7836670834791888}"
PA_CA0419,CA0419,SRC004,SFC_AE01D8CAA284,LIQ_6656B41AB7,oxide,probe_assisted,train,2,67.0,70.16654743357121,73.68835,67.827736,69.19434742927551,68.38998258702763,69.23645782470703,67.7659158668632,0.3685489373463286,10.747727,0.096413806,no,ls-psrmoe-v4.1,0.2163329165208103,9.299473083951293e-16,0.7836670834791888,0.0,69.19434742927551,0.0304321915136308,30.458458267939946,109.87463659920247,0.9,no,low,10.754044075869695,"{""neural"": 9.299473083951293e-16, ""physics"": 0.21633291652081033, ""xgboost"": 0.7836670834791888}"
PA_CA0420,CA0420,SRC004,SFC_2E8A7F435ADF,LIQ_0F4168490E,oxide,probe_assisted,train,2,98.0,104.03833160178318,102.77009,103.15326,104.38843281269074,101.59087275262672,107.10226135253906,104.2465204778578,0.3385011602298855,10.745091,-0.0065086037,no,ls-psrmoe-v4.1,0.2163329165208103,9.299473083951293e-16,0.7836670834791888,0.0,104.38843281269074,0.0406322308686459,64.33024243615192,143.74642076741446,0.9,no,low,10.750421556095276,"{""neural"": 9.299473083951293e-16, ""physics"": 0.21633291652081033, ""xgboost"": 0.7836670834791888}"
PA_CA0421,CA0421,SRC004,SFC_2E8A7F435ADF,LIQ_53310FAFB3,oxide,probe_assisted,train,2,69.0,65.88774248911425,63.92451,64.15479,66.42969660758972,66.15494464663155,70.18181915283203,71.34639061797262,0.2308719514653089,10.819159,-0.0036570784,no,ls-psrmoe-v4.1,0.2163329165208103,9.299473083951293e-16,0.7836670834791888,0.0,66.42969660758972,0.0288948433613815,26.17965332348298,105.59583165474551,0.9,no,low,10.821622028386244,"{""neural"": 9.299473083951293e-16, ""physics"": 0.21633291652081033, ""xgboost"": 0.7836670834791888}"
PA_CA0422,CA0422,SRC004,SFC_2E8A7F435ADF,LIQ_6656B41AB7,oxide,probe_assisted,train,2,45.0,53.68028068153896,60.56403,53.99032,51.78000755310059,52.789094687279885,51.4067626953125,58.40526045388306,0.6358627450657308,10.742197,0.096353054,no,ls-psrmoe-v4.1,0.2163329165208103,9.299473083951293e-16,0.7836670834791888,0.0,51.78000755310059,0.0154823355238917,13.972191515907696,93.38836984717022,0.9,no,low,10.760999852122087,"{""neural"": 9.299473083951293e-16, ""physics"": 0.21633291652081033, ""xgboost"": 0.7836670834791888}"
PA_CA0423,CA0423,SRC004,SFC_9E9E03484254,LIQ_0F4168490E,oxide,probe_assisted,train,2,109.0,109.92336117415796,108.873505,109.18579,110.21317623853685,108.54691392052496,109.7783218383789,104.47275365224289,0.2420879721532967,10.754503,-0.0050419257,no,ls-psrmoe-v4.1,0.2163329165208103,9.299473083951293e-16,0.7836670834791888,0.0,110.21317623853685,0.0040497695735923,70.2152720085267,149.63145033978924,0.9,no,low,10.75722740129957,"{""neural"": 9.299473083951293e-16, ""physics"": 0.21633291652081033, ""xgboost"": 0.7836670834791888}"
PA_CA0424,CA0424,SRC004,SFC_9E9E03484254,LIQ_53310FAFB3,oxide,probe_assisted,train,2,80.0,79.08360843035774,80.11245,80.646286,78.79959468841552,80.7752044185262,77.1704116821289,76.46267830443539,0.2395077625609417,10.80607,-0.009237319,no,ls-psrmoe-v4.1,0.2163329165208103,9.299473083951293e-16,0.7836670834791888,0.0,78.79959468841552,0.0033408339749591,39.37551926472648,118.791697595989,0.9,no,low,10.80872392159347,"{""neural"": 9.299473083951293e-16, ""physics"": 0.21633291652081033, ""xgboost"": 0.7836670834791888}"
PA_CA0425,CA0425,SRC004,SFC_9E9E03484254,LIQ_6656B41AB7,oxide,probe_assisted,train,2,63.0,58.427237133267866,62.669304,58.025036,57.25620584487915,56.61919241148824,62.34473037719727,66.29122198050501,0.3910977537075348,10.716359,0.07032462,no,ls-psrmoe-v4.1,0.2163329165208103,9.299473083951293e-16,0.7836670834791888,0.0,57.25620584487915,0.0125552580487576,18.7191479676366,98.13532629889913,0.9,no,low,10.723493258721064,"{""neural"": 9.299473083951293e-16, ""physics"": 0.21633291652081033, ""xgboost"": 0.7836670834791888}"
PA_CA0426,CA0426,SRC004,SFC_977322D0A384,LIQ_0F4168490E,oxide,probe_assisted,train,2,110.0,110.20134194552014,109.227295,110.285446,110.47022963762284,108.82802752625932,109.69113006591796,104.8295410886133,0.2643920026519553,10.759909,-0.017300108,no,ls-psrmoe-v4.1,0.2163329165208103,9.299473083951293e-16,0.7836670834791888,0.0,110.47022963762284,0.0040409766941812,70.49325277988888,149.9094311111514,0.9,no,low,10.763156824061765,"{""neural"": 9.299473083951293e-16, ""physics"": 0.21633291652081033, ""xgboost"": 0.7836670834791888}"
PA_CA0427,CA0427,SRC004,SFC_977322D0A384,LIQ_53310FAFB3,oxide,probe_assisted,train,2,81.0,79.96924025802367,81.68157,82.85284,79.49654755592346,82.01814642495997,77.2531524658203,76.68229232042435,0.1985569171783347,10.809824,-0.020291684,no,ls-psrmoe-v4.1,0.2163329165208103,9.299473083951293e-16,0.7836670834791888,0.0,79.49654755592346,0.0054902985546503,40.26115109239241,119.67732942365494,0.9,no,low,10.811647411950474,"{""neural"": 9.299473083951293e-16, ""physics"": 0.21633291652081033, ""xgboost"": 0.7836670834791888}"
PA_CA0428,CA0428,SRC004,SFC_977322D0A384,LIQ_6656B41AB7,oxide,probe_assisted,train,2,65.0,59.54822436432563,63.685947,60.8213,58.40599737167359,61.44757127568825,62.84885864257812,70.62694170773091,0.3945003078561548,10.711212,0.044145264,no,ls-psrmoe-v4.1,0.2163329165208103,9.299473083951293e-16,0.7836670834791888,0.0,58.40599737167359,0.0156702815966992,19.840135198694362,99.25631352995688,0.9,no,low,10.718474378466489,"{""neural"": 9.299473083951293e-16, ""physics"": 0.21633291652081033, ""xgboost"": 0.7836670834791888}"
PA_CA0429,CA0429,SRC016,SFC_D23857573968,LIQ_0F4168490E,cellulose,probe_assisted,train,2,95.1,81.5194338379081,87.41768,91.402435,79.89121112823486,85.29396551900251,80.8014923095703,81.81147756089152,0.1710902258483733,10.667091,-0.06952645,no,ls-psrmoe-v4.1,0.2163329165208103,9.299473083951293e-16,0.7836670834791888,0.0,79.89121112823486,0.1124864383317802,41.81134467227683,121.22752300353936,0.9,no,low,10.668462975877164,"{""neural"": 9.299473083951293e-16, ""physics"": 0.21633291652081033, ""xgboost"": 0.7836670834791888}"
PA_CA0430,CA0430,SRC016,SFC_D23857573968,LIQ_6656B41AB7,cellulose,probe_assisted,train,2,31.4,23.745272864083116,0.0,19.662764,30.30020446777344,13.392511855536398,39.09647216796875,43.800593927158936,0.3957076861707334,10.653855,-0.061875176,no,ls-psrmoe-v4.1,0.2163329165208103,9.299473083951293e-16,0.7836670834791888,0.0,30.30020446777344,0.143129138963709,0.0,63.453362029714384,0.9,no,low,10.66120119564018,"{""neural"": 9.299473083951293e-16, ""physics"": 0.21633291652081033, ""xgboost"": 0.7836670834791888}"
PA_CA0431,CA0431,SRC016,SFC_D23857573968,LIQ_53310FAFB3,cellulose,probe_assisted,train,2,48.3,56.89497096829754,57.232563,62.427147,56.80177798569203,57.2659685789773,54.87098388671875,53.24134241088035,0.2378637578960885,10.720967,-0.07839859,no,ls-psrmoe-v4.1,0.2163329165208103,9.299473083951293e-16,0.7836670834791888,0.0,56.80177798569203,0.1119887023066363,17.186881802666278,96.6030601339288,0.9,no,low,10.723605391024488,"{""neural"": 9.299473083951293e-16, ""physics"": 0.21633291652081033, ""xgboost"": 0.7836670834791888}"
PA_CA0432,CA0432,SRC016,SFC_CDEB89D989AC,LIQ_0F4168490E,cellulose,probe_assisted,train,2,88.7,83.75083871614937,89.72073,93.30055,82.10283689498901,85.79527341126878,82.95968627929688,82.6062859953445,0.1089936832208507,10.687556,-0.06244263,no,ls-psrmoe-v4.1,0.2163329165208103,9.299473083951293e-16,0.7836670834791888,0.0,82.10283689498901,0.1440069859015341,44.04274955051811,123.45892788178064,0.9,no,low,10.688111754473661,"{""neural"": 9.299473083951293e-16, ""physics"": 0.21633291652081033, ""xgboost"": 0.7836670834791888}"
PA_CA0433,CA0433,SRC016,SFC_CDEB89D989AC,LIQ_6656B41AB7,cellulose,probe_assisted,train,2,41.7,43.19276802542281,45.345047,43.998413,42.59862697124481,41.87584425010272,41.58207473754883,44.27553428096784,0.3964078991416938,10.645904,0.016033085,no,ls-psrmoe-v4.1,0.2163329165208103,9.299473083951293e-16,0.7836670834791888,0.0,42.59862697124482,0.1353385870993709,3.4846788597915435,82.90085719105407,0.9,no,low,10.653281710333108,"{""neural"": 9.299473083951293e-16, ""physics"": 0.21633291652081033, ""xgboost"": 0.7836670834791888}"
PA_CA0434,CA0434,SRC016,SFC_CDEB89D989AC,LIQ_53310FAFB3,cellulose,probe_assisted,train,2,54.0,53.37561313294993,52.823284,58.03766,53.52808468937874,54.53670728017401,54.13124542236328,53.12216506815959,0.1169362512503112,10.758387,-0.074938275,no,ls-psrmoe-v4.1,0.2163329165208103,9.299473083951293e-16,0.7836670834791888,0.0,53.52808468937874,0.1204077032975728,13.667523967318665,93.08370229858119,0.9,no,low,10.759022489456257,"{""neural"": 9.299473083951293e-16, ""physics"": 0.21633291652081033, ""xgboost"": 0.7836670834791888}"
PA_CA0435,CA0435,SRC016,SFC_6A9ED69E4397,LIQ_0F4168490E,cellulose,probe_assisted,train,2,68.3,79.73442609318701,87.47041,91.27378,77.59889087677001,82.33303804294907,78.43810119628907,79.54748753414069,0.0791080578182547,10.6809635,-0.06636252,no,ls-psrmoe-v4.1,0.2163329165208103,9.299473083951293e-16,0.7836670834791888,0.0,77.59889087677001,0.1214309210996366,40.02633692755575,119.44251525881828,0.9,no,low,10.68125645105219,"{""neural"": 9.299473083951293e-16, ""physics"": 0.21633291652081033, ""xgboost"": 0.7836670834791888}"
PA_CA0436,CA0436,SRC016,SFC_6A9ED69E4397,LIQ_6656B41AB7,cellulose,probe_assisted,train,2,37.9,48.09409468823339,90.66417,83.61307,36.34253768920898,54.033874381582486,36.09188385009766,43.39534264985879,0.5642970291720899,10.800807,0.12260441,no,ls-psrmoe-v4.1,0.2163329165208103,9.299473083951293e-16,0.7836670834791888,0.0,36.34253768920898,0.1810888495734035,8.386005522602126,87.80218385386465,0.9,no,low,10.815538035085517,"{""neural"": 9.299473083951293e-16, ""physics"": 0.21633291652081033, ""xgboost"": 0.7836670834791888}"
PA_CA0437,CA0437,SRC016,SFC_6A9ED69E4397,LIQ_53310FAFB3,cellulose,probe_assisted,train,2,50.2,43.58648522388129,19.688826,31.9828,50.18348350524902,33.73870113884178,44.23787384033203,48.07762262414808,0.2213533489644037,10.850338,-0.09366411,no,ls-psrmoe-v4.1,0.2163329165208103,9.299473083951293e-16,0.7836670834791888,0.0,50.18348350524902,0.1345846149359183,3.8783960582500256,83.29457438951255,0.9,no,low,10.852595635116135,"{""neural"": 9.299473083951293e-16, ""physics"": 0.21633291652081033, ""xgboost"": 0.7836670834791888}"
PA_CA0438,CA0438,SRC016,SFC_5A7AACDD77C7,LIQ_0F4168490E,cellulose,probe_assisted,train,2,98.1,95.14263621964524,95.66154,99.373886,94.9993925407529,94.68919978728,92.83407440185547,92.2649999261116,0.2886485335535383,10.64787,-0.06420096,no,ls-psrmoe-v4.1,0.2163329165208103,9.299473083951293e-16,0.7836670834791888,0.0,94.9993925407529,0.1188144221428922,55.434547054013976,134.85072538527652,0.9,no,low,10.651781706025645,"{""neural"": 9.299473083951293e-16, ""physics"": 0.21633291652081033, ""xgboost"": 0.7836670834791888}"
PA_CA0439,CA0439,SRC016,SFC_5A7AACDD77C7,LIQ_6656B41AB7,cellulose,probe_assisted,train,2,39.1,39.38327856674371,28.414389,31.50644,42.41126327514648,38.842738962979,43.93496932983398,47.64729677440487,0.3006860443920086,10.607576,-0.028751563,no,ls-psrmoe-v4.1,0.2163329165208103,9.299473083951293e-16,0.7836670834791888,0.0,42.41126327514648,0.133595510280575,0.0,79.09136773237498,0.9,no,low,10.611836819941594,"{""neural"": 9.299473083951293e-16, ""physics"": 0.21633291652081033, ""xgboost"": 0.7836670834791888}"
PA_CA0440,CA0440,SRC016,SFC_5A7AACDD77C7,LIQ_53310FAFB3,cellulose,probe_assisted,train,2,59.8,62.94009438196547,62.36039,67.038284,63.10012305378914,62.17319063366563,64.15733261108399,58.980454906523015,0.2316171021985391,10.710378,-0.07386169,no,ls-psrmoe-v4.1,0.2163329165208103,9.299473083951293e-16,0.7836670834791888,0.0,63.10012305378914,0.1108025812292929,23.23200521633421,102.64818354759674,0.9,no,low,10.712882123169042,"{""neural"": 9.299473083951293e-16, ""physics"": 0.21633291652081033, ""xgboost"": 0.7836670834791888}"
PA_CA0441,CA0441,SRC016,SFC_66D5DCF7DD85,LIQ_0F4168490E,polymer,probe_assisted,train,2,105.5,95.5348479968987,97.47379,99.57299,94.9995982170105,96.24200993029832,93.87311096191408,92.62863771090149,0.3487966399830362,10.780454,-0.036193766,no,ls-psrmoe-v4.1,0.2163329165208103,9.299473083951293e-16,0.7836670834791888,0.0,94.9995982170105,0.1291098620473533,55.82675883126744,135.24293716252998,0.9,no,low,10.786095101665824,"{""neural"": 9.299473083951293e-16, ""physics"": 0.21633291652081033, ""xgboost"": 0.7836670834791888}"
PA_CA0442,CA0442,SRC016,SFC_66D5DCF7DD85,LIQ_6656B41AB7,polymer,probe_assisted,train,2,68.9,56.06970244860387,51.072105,50.15791,57.44929943084717,58.87817895872163,58.37170333862305,56.10761999273119,0.4471176853274303,10.684331,0.011811957,no,ls-psrmoe-v4.1,0.2163329165208103,9.299473083951293e-16,0.7836670834791888,0.0,57.44929943084717,0.1317451001787414,16.361613282972606,95.77779161423513,0.9,no,low,10.693682393922758,"{""neural"": 9.299473083951293e-16, ""physics"": 0.21633291652081033, ""xgboost"": 0.7836670834791888}"
PA_CA0443,CA0443,SRC016,SFC_66D5DCF7DD85,LIQ_53310FAFB3,polymer,probe_assisted,train,2,71.5,76.73965938154421,79.02813,80.99544,76.10792245864869,76.83088710477253,75.26988220214844,64.14971625419464,0.2304497938240019,10.806967,-0.033854812,no,ls-psrmoe-v4.1,0.2163329165208103,9.299473083951293e-16,0.7836670834791888,0.0,76.10792245864869,0.1160773155034802,37.03157021591295,116.44774854717548,0.9,no,low,10.809423798082973,"{""neural"": 9.299473083951293e-16, ""physics"": 0.21633291652081033, ""xgboost"": 0.7836670834791888}"
PA_CA0444,CA0444,SRC016,SFC_FC48A7AD25F0,LIQ_0F4168490E,polymer,probe_assisted,train,2,91.7,96.15201333221708,95.99309,99.12356,96.19588506221773,94.0506431630151,92.52772369384766,91.36999139076386,0.3448512191141377,10.702042,-0.05413286,no,ls-psrmoe-v4.1,0.2163329165208103,9.299473083951293e-16,0.7836670834791888,0.0,96.19588506221773,0.1212229064500052,56.443924166585816,135.86010249784835,0.9,no,low,10.70759661796654,"{""neural"": 9.299473083951293e-16, ""physics"": 0.21633291652081033, ""xgboost"": 0.7836670834791888}"
PA_CA0445,CA0445,SRC016,SFC_FC48A7AD25F0,LIQ_6656B41AB7,polymer,probe_assisted,train,2,35.1,47.47791892483754,50.627525,48.335114,46.60846357345581,45.93577082326811,45.58660049438477,49.195931386024746,0.3433660458634233,10.695918,0.029879933,no,ls-psrmoe-v4.1,0.2163329165208103,9.299473083951293e-16,0.7836670834791888,0.0,46.6084635734558,0.1108025812292929,7.769829759206274,87.1860080904688,0.9,no,low,10.701428040414788,"{""neural"": 9.299473083951293e-16, ""physics"": 0.21633291652081033, ""xgboost"": 0.7836670834791888}"
PA_CA0446,CA0446,SRC016,SFC_FC48A7AD25F0,LIQ_53310FAFB3,polymer,probe_assisted,train,2,59.1,56.202578205107606,54.357075,59.213757,56.712033247947694,55.56632522623003,59.41501312255859,58.15860324209312,0.3046492882896047,10.7823925,-0.07091538,no,ls-psrmoe-v4.1,0.2163329165208103,9.299473083951293e-16,0.7836670834791888,0.0,56.712033247947694,0.1119887023066363,16.494489039476342,95.91066737073888,0.9,no,low,10.786695472335891,"{""neural"": 9.299473083951293e-16, ""physics"": 0.21633291652081033, ""xgboost"": 0.7836670834791888}"
PA_CA0447,CA0447,SRC017,SFC_AFFB3785B9F0,LIQ_0F4168490E,coating,probe_assisted,internal_test,7,166.0,154.16488027604467,163.39511,162.52936,151.61685600280762,162.19449567120944,136.2466583251953,119.84619315742596,0.9778860599123544,10.606333,0.025367236,yes,ls-psrmoe-v4.1,0.2163329165208103,9.299473083951293e-16,0.7836670834791888,0.0,151.61685600280762,0.2415555353159688,114.4567911104134,180.0,0.9,no,medium,10.651317329469622,"{""neural"": 9.299473083951293e-16, ""physics"": 0.21633291652081033, ""xgboost"": 0.7836670834791888}"
PA_CA0448,CA0448,SRC017,SFC_AFFB3785B9F0,LIQ_6656B41AB7,coating,probe_assisted,internal_test,7,162.0,135.30402090681318,158.66072,143.84872,128.85635566711426,142.23966817477125,108.90198974609376,97.1294171715292,0.6971481542065284,10.521627,0.13105097,yes,ls-psrmoe-v4.1,0.2163329165208103,9.299473083951293e-16,0.7836670834791888,0.0,128.85635566711426,0.2597697187370689,95.59593174118191,175.01211007244444,0.9,no,medium,10.544697732796449,"{""neural"": 9.299473083951293e-16, ""physics"": 0.21633291652081033, ""xgboost"": 0.7836670834791888}"
PA_CA0449,CA0449,SRC017,SFC_AFFB3785B9F0,LIQ_53310FAFB3,coating,probe_assisted,internal_test,7,160.0,150.37137934125678,161.44258,158.34286,147.3151512145996,158.18117069248308,129.97478790283202,104.65178057432578,0.8202776087484616,10.6202545,0.0457546,yes,ls-psrmoe-v4.1,0.2163329165208103,9.299473083951293e-16,0.7836670834791888,0.0,147.3151512145996,0.2576064723406335,110.66329017562552,180.0,0.9,no,medium,10.651885326090603,"{""neural"": 9.299473083951293e-16, ""physics"": 0.21633291652081033, ""xgboost"": 0.7836670834791888}"
PA_CA0450,CA0450,SRC017,SFC_AFFB3785B9F0,LIQ_4BDC3033E4,coating,probe_assisted,internal_test,7,156.0,115.74094644992296,157.5626,153.78186,104.19599075317385,139.93998395489527,87.69062957763671,94.72961842119692,0.5599098092747337,10.776632,0.04683869,yes,ls-psrmoe-v4.1,0.2163329165208103,9.299473083951293e-16,0.7836670834791888,0.0,104.19599075317382,0.3603969477569997,76.0328572842917,155.44903561555424,0.9,no,medium,10.79116751134677,"{""neural"": 9.299473083951293e-16, ""physics"": 0.21633291652081033, ""xgboost"": 0.7836670834791888}"
PA_CA0451,CA0451,SRC017,SFC_AFFB3785B9F0,LIQ_63C19A56DE,coating,probe_assisted,internal_test,7,157.0,113.19508990298984,156.18466,145.22867,101.32772979736328,138.3754593258788,87.37605438232421,97.78666427210456,0.5028024677340331,10.713324,0.10291791,yes,ls-psrmoe-v4.1,0.2163329165208103,9.299473083951293e-16,0.7836670834791888,0.0,101.32772979736326,0.3145450326188396,73.48700073735857,152.9031790686211,0.9,no,medium,10.725116384008867,"{""neural"": 9.299473083951293e-16, ""physics"": 0.21633291652081033, ""xgboost"": 0.7836670834791888}"
PA_CA0452,CA0452,SRC017,SFC_AFFB3785B9F0,LIQ_B6950B5CB8,coating,probe_assisted,internal_test,7,156.0,113.14975604068516,156.13933,148.07002,101.2823959350586,137.83283713293434,87.37605438232421,97.87735669343434,0.5028024677340318,10.589453,0.07670192,yes,ls-psrmoe-v4.1,0.2163329165208103,9.299473083951293e-16,0.7836670834791888,0.0,101.28239593505856,0.2861188231481585,73.4416668750539,152.85784520631643,0.9,no,medium,10.601383172056769,"{""neural"": 9.299473083951293e-16, ""physics"": 0.21633291652081033, ""xgboost"": 0.7836670834791888}"
PA_CA0453,CA0453,SRC017,SFC_AFFB3785B9F0,LIQ_E0B206B2DD,coating,probe_assisted,internal_test,7,154.0,112.95361046091756,155.91112,146.55673,101.09510192871092,137.6094223938747,87.61196594238281,100.28487754048288,0.565774574815178,10.6765175,0.08911298,yes,ls-psrmoe-v4.1,0.2163329165208103,9.299473083951293e-16,0.7836670834791888,0.0,101.09510192871092,0.3066073340836605,73.2455212952863,152.66169962654882,0.9,no,medium,10.69149787435388,"{""neural"": 9.299473083951293e-16, ""physics"": 0.21633291652081033, ""xgboost"": 0.7836670834791888}"
PA_CA0454,CA0454,SRC017,SFC_AFFB3785B9F0,LIQ_FCA4FC7284,coating,probe_assisted,internal_test,7,153.0,112.62589744822222,155.5834,146.32826,100.76738891601562,137.70852689347538,87.61196594238281,101.41881876133668,0.5657745748151775,10.710735,0.08891932,yes,ls-psrmoe-v4.1,0.2163329165208103,9.299473083951293e-16,0.7836670834791888,0.0,100.76738891601562,0.3155806516338613,72.91780828259095,152.33398661385348,0.9,no,medium,10.72566758340628,"{""neural"": 9.299473083951293e-16, ""physics"": 0.21633291652081033, ""xgboost"": 0.7836670834791888}"
PA_CA0455,CA0455,SRC018,SFC_8D989D0E7E7F,LIQ_0F4168490E,coating,probe_assisted,internal_test,3,162.0,148.10567205578218,155.43791,159.27458,146.0815920829773,157.46441707817883,146.22547607421876,131.14668155110704,0.9097677705105592,10.855076,-0.018708961,yes,ls-psrmoe-v4.1,0.2163329165208103,9.299473083951293e-16,0.7836670834791888,0.0,146.0815920829773,0.0904327942479079,108.39758289015091,180.0,0.9,no,medium,10.893133266514083,"{""neural"": 9.299473083951293e-16, ""physics"": 0.21633291652081033, ""xgboost"": 0.7836670834791888}"
PA_CA0456,CA0456,SRC018,SFC_8D989D0E7E7F,LIQ_5C0DC0DCD1,coating,probe_assisted,internal_test,3,157.8,142.63917893290682,148.8337,145.64871,140.92917013168335,148.76372155852513,145.99189453125,124.8086571770738,0.4225032550901861,10.793068,0.032430094,yes,ls-psrmoe-v4.1,0.2163329165208103,9.299473083951293e-16,0.7836670834791888,0.0,140.92917013168335,0.0742945189338829,102.93108976727555,180.0,0.9,no,medium,10.801334447797911,"{""neural"": 9.299473083951293e-16, ""physics"": 0.21633291652081033, ""xgboost"": 0.7836670834791888}"
PA_CA0457,CA0457,SRC018,SFC_8D989D0E7E7F,LIQ_53310FAFB3,coating,probe_assisted,internal_test,3,153.8,138.10569427869842,147.29532,147.82513,135.56887950897217,144.90616054866695,140.52307739257813,117.60178602720768,0.8516342527197719,10.874938,-0.0027078905,yes,ls-psrmoe-v4.1,0.2163329165208103,9.299473083951293e-16,0.7836670834791888,0.0,135.56887950897217,0.0702288538676629,98.39760511306716,177.8137834443297,0.9,no,medium,10.908233468543363,"{""neural"": 9.299473083951293e-16, ""physics"": 0.21633291652081033, ""xgboost"": 0.7836670834791888}"
PA_CA0458,CA0458,SRC018,SFC_8D989D0E7E7F,LIQ_6656B41AB7,coating,probe_assisted,internal_test,3,134.2,128.95043630334027,152.28772,141.41447,122.50813102722168,139.11844618649295,108.8507293701172,106.95091209888984,0.6851257089575563,10.737594,0.10611035,yes,ls-psrmoe-v4.1,0.2163329165208103,9.299473083951293e-16,0.7836670834791888,0.0,122.50813102722168,0.0832832693226777,89.242347137709,168.65852546897153,0.9,no,medium,10.759429452620179,"{""neural"": 9.299473083951293e-16, ""physics"": 0.21633291652081033, ""xgboost"": 0.7836670834791888}"
PA_CA0459,CA0459,SRC012,SFC_9BFFAF330A15,LIQ_0F4168490E,coating,probe_assisted,internal_test,3,168.1,157.5147842490769,166.80127,168.34474,154.95123081207277,167.79078560028248,136.0572540283203,128.9517530703434,0.9936231444656932,10.8182535,0.0025735714,yes,ls-psrmoe-v4.1,0.2163329165208103,9.299473083951293e-16,0.7836670834791888,0.0,154.95123081207277,0.1157168758186318,117.80669508344565,180.0,0.9,no,medium,10.863788277736278,"{""neural"": 9.299473083951293e-16, ""physics"": 0.21633291652081033, ""xgboost"": 0.7836670834791888}"
PA_CA0460,CA0460,SRC012,SFC_9BFFAF330A15,LIQ_6656B41AB7,coating,probe_assisted,internal_test,3,161.1,137.51522625257638,160.50978,146.64856,131.1675319671631,147.632639002169,110.59938049316406,106.97850038009048,0.5304457533434921,10.729486,0.11137323,yes,ls-psrmoe-v4.1,0.2163329165208103,9.299473083951293e-16,0.7836670834791888,0.0,131.1675319671631,0.0846160563276383,97.80713708694512,177.22331541820765,0.9,no,medium,10.742590121634361,"{""neural"": 9.299473083951293e-16, ""physics"": 0.21633291652081033, ""xgboost"": 0.7836670834791888}"
PA_CA0461,CA0461,SRC012,SFC_9BFFAF330A15,LIQ_53310FAFB3,coating,probe_assisted,internal_test,3,164.4,150.9764851927839,162.35483,160.21927,147.83547019958496,158.09464306329198,128.07704467773436,115.09601252110602,0.7823607387851947,10.834596,0.021771712,yes,ls-psrmoe-v4.1,0.2163329165208103,9.299473083951293e-16,0.7836670834791888,0.0,147.83547019958496,0.0783541452765462,111.26839602715265,180.0,0.9,no,medium,10.862806212430032,"{""neural"": 9.299473083951293e-16, ""physics"": 0.21633291652081033, ""xgboost"": 0.7836670834791888}"
PA_CA0462,CA0462,SRC012,SFC_9BFFAF330A15,LIQ_B6950B5CB8,coating,probe_assisted,internal_test,3,153.5,115.31361162673696,158.71379,151.70935,103.33290252685546,139.58151109149415,85.41792602539063,107.94437357550888,0.4087511607044873,10.7964,0.057596974,yes,ls-psrmoe-v4.1,0.2163329165208103,9.299473083951293e-16,0.7836670834791888,0.0,103.33290252685546,0.1483836133448915,75.60552246110569,155.02170079236822,0.9,no,medium,10.804134878433223,"{""neural"": 9.299473083951293e-16, ""physics"": 0.21633291652081033, ""xgboost"": 0.7836670834791888}"
PA_CA0463,CA0463,SRC002,SFC_5523B41BFD8F,LIQ_0F4168490E,polymer,probe_assisted,validation,3,172.0,163.37151489072974,148.50874,165.33362,167.47441368103028,158.7116853674031,167.32007446289063,143.66141533184427,0.4543286637411978,11.0485325,-0.11521169,no,ls-psrmoe-v4.1,0.2163329165208103,9.299473083951293e-16,0.7836670834791888,0.0,167.47441368103028,0.127112226785989,123.66342572509848,180.0,0.9,no,low,11.057869819194524,"{""neural"": 9.299473083951293e-16, ""physics"": 0.21633291652081033, ""xgboost"": 0.7836670834791888}"
PA_CA0464,CA0464,SRC002,SFC_5523B41BFD8F,LIQ_5C0DC0DCD1,polymer,probe_assisted,validation,3,167.0,157.61948066773954,138.15613,144.87027,162.99237937927245,150.5533607094656,166.7003662109375,140.11254772488047,0.2878118174707744,10.980818,-0.06962316,no,ls-psrmoe-v4.1,0.2163329165208103,9.299473083951293e-16,0.7836670834791888,0.0,162.99237937927245,0.1005994145905513,117.91139150210827,180.0,0.9,no,low,10.984589186282745,"{""neural"": 9.299473083951293e-16, ""physics"": 0.21633291652081033, ""xgboost"": 0.7836670834791888}"
PA_CA0465,CA0465,SRC002,SFC_5523B41BFD8F,LIQ_53310FAFB3,polymer,probe_assisted,validation,3,163.0,150.97995686277133,136.99158,146.77818,154.8414779663086,145.2258530877564,159.68792724609375,130.7403366110293,0.6333040650795554,11.066614,-0.1027936,no,ls-psrmoe-v4.1,0.2163329165208103,9.299473083951293e-16,0.7836670834791888,0.0,154.8414779663086,0.1005325716602646,111.27186769714007,180.0,0.9,no,low,11.084720089557619,"{""neural"": 9.299473083951293e-16, ""physics"": 0.21633291652081033, ""xgboost"": 0.7836670834791888}"
PA_CA0466,CA0466,SRC002,SFC_5523B41BFD8F,LIQ_B6950B5CB8,polymer,probe_assisted,validation,3,70.0,112.61059851197,161.2299,161.4111,99.18913879394532,141.84567797657687,83.58892822265625,115.51078117072726,0.2103177027330727,10.923876,0.0004974976,no,ls-psrmoe-v4.1,0.2163329165208103,9.299473083951293e-16,0.7836670834791888,0.0,99.18913879394532,0.1487693263877935,72.90250934633873,152.31868767760125,0.9,no,low,10.925900438840678,"{""neural"": 9.299473083951293e-16, ""physics"": 0.21633291652081033, ""xgboost"": 0.7836670834791888}"
PA_CA0469,CA0469,SDX004,SFC_D97F8E5A47C3,LIQ_0F4168490E,composite,probe_assisted,legacy_external,2,165.0,148.06952012005166,156.6686,151.36624,145.69572792053222,152.4083575378285,131.7696563720703,110.40451905295656,0.4595903030976212,10.799494,0.04239904,yes,ls-psrmoe-v4.1,0.2163329165208103,9.299473083951293e-16,0.7836670834791888,0.0,145.69572792053222,0.0988547581868771,108.3614309544204,180.0,0.9,no,medium,10.809268888446496,"{""neural"": 9.299473083951293e-16, ""physics"": 0.21633291652081033, ""xgboost"": 0.7836670834791888}"
PA_CA0470,CA0470,SDX004,SFC_D97F8E5A47C3,LIQ_1BD1B94C09,composite,probe_assisted,legacy_external,2,150.0,143.8152153246442,153.00148,144.39856,141.2793279647827,149.19645189675248,136.31887817382812,102.025326691138,0.6343972601349993,10.767405,0.07973139,yes,ls-psrmoe-v4.1,0.2163329165208103,9.299473083951293e-16,0.7836670834791888,0.0,141.2793279647827,0.0912900084714525,104.10712615901295,180.0,0.9,no,medium,10.786077615041151,"{""neural"": 9.299473083951293e-16, ""physics"": 0.21633291652081033, ""xgboost"": 0.7836670834791888}"
PA_CA0471,CA0471,SDX004,SFC_D97F8E5A47C3,LIQ_6656B41AB7,composite,probe_assisted,legacy_external,2,146.0,128.6535455534918,149.46188,137.41666,122.90936088562012,136.2968654033249,116.84849700927734,94.83052371528268,0.3243566793856259,10.738797,0.1263911,yes,ls-psrmoe-v4.1,0.2163329165208103,9.299473083951293e-16,0.7836670834791888,0.0,122.90936088562012,0.1015959952935796,88.94545638786053,168.36163471912306,0.9,no,medium,10.743694348903968,"{""neural"": 9.299473083951293e-16, ""physics"": 0.21633291652081033, ""xgboost"": 0.7836670834791888}"
PA_CA0472,CA0472,SDX004,SFC_D3AB5237A040,LIQ_0F4168490E,composite,probe_assisted,legacy_external,2,162.0,156.9789733900554,149.99193,149.45575,158.90776166915893,151.52427399085147,145.13865661621094,121.07379059186027,0.5772420395806981,10.847969,0.006245759,yes,ls-psrmoe-v4.1,0.2163329165208103,9.299473083951293e-16,0.7836670834791888,0.0,158.90776166915893,0.094229419708327,117.27088422442412,180.0,0.9,no,medium,10.86331624308251,"{""neural"": 9.299473083951293e-16, ""physics"": 0.21633291652081033, ""xgboost"": 0.7836670834791888}"
PA_CA0473,CA0473,SDX004,SFC_D3AB5237A040,LIQ_1BD1B94C09,composite,probe_assisted,legacy_external,2,150.0,149.2001449119217,140.25902,135.10529,151.6683614730835,139.8609816734187,141.42340087890625,103.27128829598696,1.2795999421449242,10.796701,0.06127003,yes,ls-psrmoe-v4.1,0.2163329165208103,9.299473083951293e-16,0.7836670834791888,0.0,151.6683614730835,0.0897357656287653,109.49205574629045,180.0,0.9,no,medium,10.87226418439776,"{""neural"": 9.299473083951293e-16, ""physics"": 0.21633291652081033, ""xgboost"": 0.7836670834791888}"
PA_CA0474,CA0474,SDX004,SFC_D3AB5237A040,LIQ_6656B41AB7,composite,probe_assisted,legacy_external,2,128.0,127.39657562485355,148.17125,136.39749,121.66168403625488,135.01069843210357,113.42006988525392,94.75550417245084,0.3485560599264808,10.736501,0.12680326,yes,ls-psrmoe-v4.1,0.2163329165208103,9.299473083951293e-16,0.7836670834791888,0.0,121.66168403625488,0.1015562800166384,87.68848645922229,167.10466479048483,0.9,no,medium,10.742157374099138,"{""neural"": 9.299473083951293e-16, ""physics"": 0.21633291652081033, ""xgboost"": 0.7836670834791888}"
PA_CA0475,CA0475,SDX004,SFC_37A719049846,LIQ_0F4168490E,composite,probe_assisted,legacy_external,2,150.0,136.09776353303567,132.06052,133.68112,137.21225395202637,134.8873492983887,137.34334716796874,117.66535075856063,0.6314231659027435,10.865145,-0.020268654,yes,ls-psrmoe-v4.1,0.2163329165208103,9.299473083951293e-16,0.7836670834791888,0.0,137.21225395202637,0.0792289605887353,96.38967436740441,175.80585269866694,0.9,no,medium,10.88347697592381,"{""neural"": 9.299473083951293e-16, ""physics"": 0.21633291652081033, ""xgboost"": 0.7836670834791888}"
PA_CA0476,CA0476,SDX004,SFC_37A719049846,LIQ_1BD1B94C09,composite,probe_assisted,legacy_external,2,127.0,123.2095464805973,117.446335,115.74028,124.80049295425415,116.99649110238175,134.10243225097656,97.54194066048156,0.8456696240654712,10.827967,0.026772354,yes,ls-psrmoe-v4.1,0.2163329165208103,9.299473083951293e-16,0.7836670834791888,0.0,124.80049295425415,0.0921820618620966,83.50145731496603,162.91763564622858,0.9,no,medium,10.860940404318404,"{""neural"": 9.299473083951293e-16, ""physics"": 0.21633291652081033, ""xgboost"": 0.7836670834791888}"
PA_CA0477,CA0477,SDX004,SFC_37A719049846,LIQ_6656B41AB7,composite,probe_assisted,legacy_external,2,97.0,117.8769949456592,124.20069,117.37002,116.13132553100586,113.57612797780948,105.43008270263672,93.98764096965894,0.7389829099801309,10.765714,0.10264605,yes,ls-psrmoe-v4.1,0.2163329165208103,9.299473083951293e-16,0.7836670834791888,0.0,116.13132553100586,0.0874474180721823,78.16890578002794,157.58508411129048,0.9,no,medium,10.791046921918127,"{""neural"": 9.299473083951293e-16, ""physics"": 0.21633291652081033, ""xgboost"": 0.7836670834791888}"
PA_CA0478,CA0478,SDX004,SFC_37DC2984D4A3,LIQ_0F4168490E,composite,probe_assisted,legacy_external,2,126.0,135.88869842776538,129.06917,131.34273,137.7712438583374,131.92870242357623,135.48594970703124,116.80351777837204,0.8382336278472541,10.877405,-0.029870193,yes,ls-psrmoe-v4.1,0.2163329165208103,9.299473083951293e-16,0.7836670834791888,0.0,137.7712438583374,0.0849685195994055,96.18060926213411,175.59678759339664,0.9,no,medium,10.90965513427803,"{""neural"": 9.299473083951293e-16, ""physics"": 0.21633291652081033, ""xgboost"": 0.7836670834791888}"
PA_CA0479,CA0479,SDX004,SFC_37DC2984D4A3,LIQ_1BD1B94C09,composite,probe_assisted,legacy_external,2,126.0,105.3350436218472,104.231445,102.39262,105.6396942138672,102.83854669865998,112.35644836425782,88.1855591853018,0.3219932181777778,10.767692,0.031287994,yes,ls-psrmoe-v4.1,0.2163329165208103,9.299473083951293e-16,0.7836670834791888,0.0,105.63969421386716,0.0759059211647765,65.62695445621594,145.04313278747847,0.9,no,medium,10.772505309324126,"{""neural"": 9.299473083951293e-16, ""physics"": 0.21633291652081033, ""xgboost"": 0.7836670834791888}"
PA_CA0480,CA0480,SDX004,SFC_37DC2984D4A3,LIQ_6656B41AB7,composite,probe_assisted,legacy_external,2,89.0,118.73612214989896,140.25722,128.73586,112.79517936706544,120.78467546603954,96.17786102294922,81.6979017530983,0.9855247536340048,10.743493,0.14396626,yes,ls-psrmoe-v4.1,0.2163329165208103,9.299473083951293e-16,0.7836670834791888,0.0,112.79517936706544,0.1027374661176228,79.0280329842677,158.44421131553023,0.9,no,medium,10.788600506139542,"{""neural"": 9.299473083951293e-16, ""physics"": 0.21633291652081033, ""xgboost"": 0.7836670834791888}"
PA_CA0481,CA0481,SDX004,SFC_F4538DDCF09A,LIQ_0F4168490E,composite,probe_assisted,legacy_external,2,161.0,154.48358834376896,149.53702,145.80959,155.84909934997555,146.8464467723158,134.08272399902344,110.7810624068968,0.6277844645679903,10.805686,0.035917863,yes,ls-psrmoe-v4.1,0.2163329165208103,9.299473083951293e-16,0.7836670834791888,0.0,155.84909934997555,0.0922790836935372,114.7754991781377,180.0,0.9,no,medium,10.823907024016277,"{""neural"": 9.299473083951293e-16, ""physics"": 0.21633291652081033, ""xgboost"": 0.7836670834791888}"
PA_CA0482,CA0482,SDX004,SFC_F4538DDCF09A,LIQ_1BD1B94C09,composite,probe_assisted,legacy_external,2,141.0,139.22422450113598,145.26785,138.78525,137.55586843490602,142.98485069396148,138.8438262939453,102.6807604969832,0.7526120351263298,10.7811575,0.07065478,yes,ls-psrmoe-v4.1,0.2163329165208103,9.299473083951293e-16,0.7836670834791888,0.0,137.55586843490602,0.0896194355796813,99.51613533550471,178.93231366676724,0.9,no,medium,10.807394779280678,"{""neural"": 9.299473083951293e-16, ""physics"": 0.21633291652081033, ""xgboost"": 0.7836670834791888}"
PA_CA0483,CA0483,SDX004,SFC_F4538DDCF09A,LIQ_6656B41AB7,composite,probe_assisted,legacy_external,2,136.0,124.08281724532355,140.44333,130.88152,119.56646423339843,128.35135836173305,120.16185760498048,95.46232391446456,0.871463480089472,10.753016,0.11731894,yes,ls-psrmoe-v4.1,0.2163329165208103,9.299473083951293e-16,0.7836670834791888,0.0,119.56646423339843,0.1022637966869297,84.37472807969229,163.79090641095482,0.9,no,medium,10.788271487749354,"{""neural"": 9.299473083951293e-16, ""physics"": 0.21633291652081033, ""xgboost"": 0.7836670834791888}"
PA_CA0484,CA0484,SDX004,SFC_4B8196140353,LIQ_0F4168490E,composite,probe_assisted,legacy_external,2,158.0,146.43358471818723,136.73909,134.81139,149.10977001190184,134.713682371932,125.9572967529297,108.96457464261395,0.7192386136777127,10.815161,0.023977367,yes,ls-psrmoe-v4.1,0.2163329165208103,9.299473083951293e-16,0.7836670834791888,0.0,149.10977001190184,0.0801937484669296,106.72549555255597,180.0,0.9,no,medium,10.839050310766439,"{""neural"": 9.299473083951293e-16, ""physics"": 0.21633291652081033, ""xgboost"": 0.7836670834791888}"
PA_CA0485,CA0485,SDX004,SFC_4B8196140353,LIQ_1BD1B94C09,composite,probe_assisted,legacy_external,2,127.0,147.1897941365051,135.953,131.49689,150.2917335510254,135.93740518087287,138.47135314941406,103.35769761740455,0.839441884505058,10.800606,0.05673452,yes,ls-psrmoe-v4.1,0.2163329165208103,9.299473083951293e-16,0.7836670834791888,0.0,150.2917335510254,0.0902258686288449,107.48170497087384,180.0,0.9,no,medium,10.833178326082212,"{""neural"": 9.299473083951293e-16, ""physics"": 0.21633291652081033, ""xgboost"": 0.7836670834791888}"
PA_CA0486,CA0486,SDX004,SFC_4B8196140353,LIQ_6656B41AB7,composite,probe_assisted,legacy_external,2,123.0,121.59782924449551,127.59417,120.67747,119.94252710342408,116.71886711592408,102.87212371826172,94.1938589578463,0.7981484345732597,10.777133,0.100196496,yes,ls-psrmoe-v4.1,0.2163329165208103,9.299473083951293e-16,0.7836670834791888,0.0,119.94252710342408,0.0957095496058526,81.88974007886425,161.30591841012676,0.9,no,medium,10.806647797689195,"{""neural"": 9.299473083951293e-16, ""physics"": 0.21633291652081033, ""xgboost"": 0.7836670834791888}"
PA_CA0487,CA0487,SDX004,SFC_7287C875CEAD,LIQ_0F4168490E,composite,probe_assisted,legacy_external,2,146.0,152.7399472818516,142.30835,142.65984,155.61961135864257,145.0675218116592,145.5716339111328,120.92967477929024,0.7485555974515852,10.854411,-0.0028814562,yes,ls-psrmoe-v4.1,0.2163329165208103,9.299473083951293e-16,0.7836670834791888,0.0,155.61961135864257,0.0869816269437086,113.03185811622035,180.0,0.9,no,medium,10.880191801590499,"{""neural"": 9.299473083951293e-16, ""physics"": 0.21633291652081033, ""xgboost"": 0.7836670834791888}"
PA_CA0488,CA0488,SDX004,SFC_7287C875CEAD,LIQ_1BD1B94C09,composite,probe_assisted,legacy_external,2,139.0,132.92839241945194,127.750824,123.9492,134.357670879364,126.8968656064834,122.58822326660156,100.93710937398468,0.5278139784825565,10.790698,0.05409968,yes,ls-psrmoe-v4.1,0.2163329165208103,9.299473083951293e-16,0.7836670834791888,0.0,134.357670879364,0.0896358397158092,93.22030325382067,172.6364815850832,0.9,no,medium,10.803598980112396,"{""neural"": 9.299473083951293e-16, ""physics"": 0.21633291652081033, ""xgboost"": 0.7836670834791888}"
PA_CA0489,CA0489,SDX004,SFC_7287C875CEAD,LIQ_6656B41AB7,composite,probe_assisted,legacy_external,2,116.0,131.7967623658712,136.55307,126.179214,130.48377380371093,118.88643813746472,106.34842071533204,86.55428885868355,0.9204395611932692,10.729168,0.13630116,yes,ls-psrmoe-v4.1,0.2163329165208103,9.299473083951293e-16,0.7836670834791888,0.0,130.48377380371093,0.1000738837582003,92.08867320023992,171.50485153150245,0.9,no,medium,10.7685772021207,"{""neural"": 9.299473083951293e-16, ""physics"": 0.21633291652081033, ""xgboost"": 0.7836670834791888}"
PA_CA0490,CA0490,SDX004,SFC_72042D49E582,LIQ_0F4168490E,composite,probe_assisted,legacy_external,2,135.0,151.9253925561808,138.89417,140.57831,155.52268981933594,142.24935107817956,160.89911499023438,120.94887444961932,1.0136405338415286,10.882236,-0.018260669,yes,ls-psrmoe-v4.1,0.2163329165208103,9.299473083951293e-16,0.7836670834791888,0.0,155.52268981933594,0.0954265880687326,112.21730339054955,180.0,0.9,no,medium,10.929342500422546,"{""neural"": 9.299473083951293e-16, ""physics"": 0.21633291652081033, ""xgboost"": 0.7836670834791888}"
PA_CA0491,CA0491,SDX004,SFC_72042D49E582,LIQ_1BD1B94C09,composite,probe_assisted,legacy_external,2,142.0,118.28905512739212,117.02279,114.04281,118.63861050605774,115.8387847321525,117.80670928955078,94.42840226516356,0.2209999452665737,10.777654,0.0470841,yes,ls-psrmoe-v4.1,0.2163329165208103,9.299473083951293e-16,0.7836670834791888,0.0,118.63861050605774,0.0846712927429494,78.58096596176085,157.99714429302338,0.9,no,medium,10.779919606357176,"{""neural"": 9.299473083951293e-16, ""physics"": 0.21633291652081033, ""xgboost"": 0.7836670834791888}"
PA_CA0492,CA0492,SDX004,SFC_72042D49E582,LIQ_6656B41AB7,composite,probe_assisted,legacy_external,2,105.0,155.7549307064018,180.0,148.3708,149.06202926635743,165.85212959882023,95.72237243652344,90.87889342540794,0.791895008457055,10.712709,0.1527057,yes,ls-psrmoe-v4.1,0.2163329165208103,9.299473083951293e-16,0.7836670834791888,0.0,149.06202926635743,0.1102204208073904,116.04684154077054,180.0,0.9,no,medium,10.741937991959375,"{""neural"": 9.299473083951293e-16, ""physics"": 0.21633291652081033, ""xgboost"": 0.7836670834791888}"
PA_CA0493,CA0493,SDX004,SFC_8510C10E7F44,LIQ_0F4168490E,composite,probe_assisted,legacy_external,2,156.0,143.69967481007942,152.28922,148.01212,141.32851448059083,148.02744354395185,131.7696563720703,110.33134651113036,0.444305753410818,10.80393,0.038522284,yes,ls-psrmoe-v4.1,0.2163329165208103,9.299473083951293e-16,0.7836670834791888,0.0,141.32851448059083,0.095102037337207,103.99158564444815,180.0,0.9,no,medium,10.813062056948251,"{""neural"": 9.299473083951293e-16, ""physics"": 0.21633291652081033, ""xgboost"": 0.7836670834791888}"
PA_CA0494,CA0494,SDX004,SFC_8510C10E7F44,LIQ_1BD1B94C09,composite,probe_assisted,legacy_external,2,145.0,138.97884363807054,146.79825,139.48216,136.8202808380127,142.9628957889033,128.7856246948242,101.34559846316829,0.6308436227764939,10.765388,0.07780438,yes,ls-psrmoe-v4.1,0.2163329165208103,9.299473083951293e-16,0.7836670834791888,0.0,136.8202808380127,0.0916062197797074,99.27075447243928,178.6869328037018,0.9,no,medium,10.783855640119715,"{""neural"": 9.299473083951293e-16, ""physics"": 0.21633291652081033, ""xgboost"": 0.7836670834791888}"
PA_CA0495,CA0495,SDX004,SFC_8510C10E7F44,LIQ_6656B41AB7,composite,probe_assisted,legacy_external,2,141.0,123.63525115276404,141.35466,131.22554,118.74377174377442,128.6372443464821,114.29913330078124,94.62523491687574,0.7627029115658911,10.739599,0.1229161,yes,ls-psrmoe-v4.1,0.2163329165208103,9.299473083951293e-16,0.7836670834791888,0.0,118.7437717437744,0.101830480253781,83.92716198713278,163.3433403183953,0.9,no,medium,10.766647686820262,"{""neural"": 9.299473083951293e-16, ""physics"": 0.21633291652081033, ""xgboost"": 0.7836670834791888}"
PA_CA0496,CA0496,SDX004,SFC_3FA2C1A21D11,LIQ_0F4168490E,composite,probe_assisted,legacy_external,2,153.0,145.98069979622105,153.22282,151.58505,143.98149642944335,153.53132835568024,141.40574951171874,120.32301485073027,0.5348979006360775,10.831077,0.015198654,yes,ls-psrmoe-v4.1,0.2163329165208103,9.299473083951293e-16,0.7836670834791888,0.0,143.98149642944335,0.0946333911826489,106.27261063058978,180.0,0.9,no,medium,10.844277050317089,"{""neural"": 9.299473083951293e-16, ""physics"": 0.21633291652081033, ""xgboost"": 0.7836670834791888}"
PA_CA0497,CA0497,SDX004,SFC_3FA2C1A21D11,LIQ_1BD1B94C09,composite,probe_assisted,legacy_external,2,150.0,147.15996093200488,142.59337,136.16309,148.42057819366454,141.17280262063645,135.72832641601562,102.00103166222956,0.684834264623611,10.7693405,0.0739929,yes,ls-psrmoe-v4.1,0.2163329165208103,9.299473083951293e-16,0.7836670834791888,0.0,148.42057819366454,0.0911934575721495,107.45187176637361,180.0,0.9,no,medium,10.791093215005736,"{""neural"": 9.299473083951293e-16, ""physics"": 0.21633291652081033, ""xgboost"": 0.7836670834791888}"
PA_CA0498,CA0498,SDX004,SFC_3FA2C1A21D11,LIQ_6656B41AB7,composite,probe_assisted,legacy_external,2,136.0,129.78601451089594,151.52504,137.1832,123.78491172790528,132.2194617155548,102.93934478759766,85.75644422283081,0.5134443478194375,10.717134,0.14686494,yes,ls-psrmoe-v4.1,0.2163329165208103,9.299473083951293e-16,0.7836670834791888,0.0,123.78491172790524,0.1120210592689269,90.07792534526467,169.4941036765272,0.9,no,medium,10.729426185601154,"{""neural"": 9.299473083951293e-16, ""physics"": 0.21633291652081033, ""xgboost"": 0.7836670834791888}"
PA_CA0499,CA0499,SDX004,SFC_1D3B0F1839B5,LIQ_0F4168490E,composite,probe_assisted,legacy_external,2,147.0,155.8163442846825,150.33682,148.66211,157.32897758483887,151.10627113019888,139.79231872558594,119.60226850140636,0.6284119179058494,10.823413,0.016393645,yes,ls-psrmoe-v4.1,0.2163329165208103,9.299473083951293e-16,0.7836670834791888,0.0,157.32897758483887,0.091117784664282,116.10825511905122,180.0,0.9,no,medium,10.841640581901574,"{""neural"": 9.299473083951293e-16, ""physics"": 0.21633291652081033, ""xgboost"": 0.7836670834791888}"
PA_CA0500,CA0500,SDX004,SFC_1D3B0F1839B5,LIQ_1BD1B94C09,composite,probe_assisted,legacy_external,2,143.0,145.39277687235534,138.50455,131.34709,147.29428691864013,135.8450182408438,130.54860076904296,92.97741071337347,1.0981107824385576,10.757423,0.0890187,yes,ls-psrmoe-v4.1,0.2163329165208103,9.299473083951293e-16,0.7836670834791888,0.0,147.29428691864013,0.1058013015496969,105.68468770672408,180.0,0.9,no,medium,10.813324969288438,"{""neural"": 9.299473083951293e-16, ""physics"": 0.21633291652081033, ""xgboost"": 0.7836670834791888}"
PA_CA0501,CA0501,SDX004,SFC_1D3B0F1839B5,LIQ_6656B41AB7,composite,probe_assisted,legacy_external,2,134.0,124.46032932786068,144.44974,132.24924,118.9422119140625,125.46231726548058,103.23358764648438,85.65766246688632,0.717804054836934,10.723976,0.14219226,yes,ls-psrmoe-v4.1,0.2163329165208103,9.299473083951293e-16,0.7836670834791888,0.0,118.9422119140625,0.1053210096358183,84.75224016222941,164.16841849349194,0.9,no,medium,10.74797208359402,"{""neural"": 9.299473083951293e-16, ""physics"": 0.21633291652081033, ""xgboost"": 0.7836670834791888}"
PA_CA0502,CA0502,SDX004,SFC_D17DAFC2AFDE,LIQ_0F4168490E,composite,probe_assisted,legacy_external,2,145.0,148.04106230386574,137.3691,138.7281,150.98708095550538,140.38942044142,158.47577514648438,120.8616383228164,0.296613681440192,10.870834,-0.015217532,yes,ls-psrmoe-v4.1,0.2163329165208103,9.299473083951293e-16,0.7836670834791888,0.0,150.98708095550538,0.088366805148982,108.33297313823448,180.0,0.9,no,medium,10.874879839868278,"{""neural"": 9.299473083951293e-16, ""physics"": 0.21633291652081033, ""xgboost"": 0.7836670834791888}"
PA_CA0503,CA0503,SDX004,SFC_D17DAFC2AFDE,LIQ_1BD1B94C09,composite,probe_assisted,legacy_external,2,136.0,122.00752888659667,120.71902,118.092285,122.36322524547576,119.93894251831787,118.47041473388671,100.05758858225909,0.3491800567627557,10.806337,0.040122338,yes,ls-psrmoe-v4.1,0.2163329165208103,9.299473083951293e-16,0.7836670834791888,0.0,122.36322524547576,0.089497719244273,82.29943972096541,161.71561805222794,0.9,no,medium,10.811976973227877,"{""neural"": 9.299473083951293e-16, ""physics"": 0.21633291652081033, ""xgboost"": 0.7836670834791888}"
PA_CA0504,CA0504,SDX004,SFC_D17DAFC2AFDE,LIQ_6656B41AB7,composite,probe_assisted,legacy_external,2,105.0,124.58671454272331,131.25328,121.84615,122.7463952064514,113.68879823928133,98.26790771484374,86.72427133901253,0.7060429913313372,10.731984,0.13218576,yes,ls-psrmoe-v4.1,0.2163329165208103,9.299473083951293e-16,0.7836670834791888,0.0,122.7463952064514,0.0940382408826163,84.87862537709205,164.29480370835458,0.9,no,medium,10.755183740032715,"{""neural"": 9.299473083951293e-16, ""physics"": 0.21633291652081033, ""xgboost"": 0.7836670834791888}"
PA_CA0505,CA0505,SDX004,SFC_65564B0B1510,LIQ_0F4168490E,composite,probe_assisted,legacy_external,2,155.0,143.43278605405382,136.40564,134.36636,145.37264432907105,133.83151094387807,122.31732635498048,106.2954400006572,0.8746261038052038,10.8242,0.025518578,yes,ls-psrmoe-v4.1,0.2163329165208103,9.299473083951293e-16,0.7836670834791888,0.0,145.37264432907105,0.0839271218546115,103.72469688842256,180.0,0.9,no,medium,10.859478645932201,"{""neural"": 9.299473083951293e-16, ""physics"": 0.21633291652081033, ""xgboost"": 0.7836670834791888}"
PA_CA0506,CA0506,SDX004,SFC_65564B0B1510,LIQ_1BD1B94C09,composite,probe_assisted,legacy_external,2,131.0,149.63174647762384,141.44461,135.48947,151.89182224273682,140.801466745299,140.10852661132813,103.13187929020536,1.1263530027223736,10.778222,0.06974532,yes,ls-psrmoe-v4.1,0.2163329165208103,9.299473083951293e-16,0.7836670834791888,0.0,151.89182224273682,0.089957417688216,109.92365731199257,180.0,0.9,no,medium,10.836915639056423,"{""neural"": 9.299473083951293e-16, ""physics"": 0.21633291652081033, ""xgboost"": 0.7836670834791888}"
PA_CA0507,CA0507,SDX004,SFC_65564B0B1510,LIQ_6656B41AB7,composite,probe_assisted,legacy_external,2,133.0,124.08445514795082,129.71948,122.209915,122.5288942337036,118.94122473471865,106.6914077758789,94.67174763734428,0.6703814839301241,10.765721,0.10641836,yes,ls-psrmoe-v4.1,0.2163329165208103,9.299473083951293e-16,0.7836670834791888,0.0,122.5288942337036,0.0943712095261023,84.37636598231956,163.79254431358208,0.9,no,medium,10.786573134403591,"{""neural"": 9.299473083951293e-16, ""physics"": 0.21633291652081033, ""xgboost"": 0.7836670834791888}"
PA_CA0508,CA0508,SDX004,SFC_FD7BF6ACBE27,LIQ_0F4168490E,composite,probe_assisted,legacy_external,2,149.0,150.71393368451706,141.41011,138.88287,153.2822732925415,139.42880812879702,129.97887115478517,109.30671071203427,0.964535004597615,10.815069,0.028949674,yes,ls-psrmoe-v4.1,0.2163329165208103,9.299473083951293e-16,0.7836670834791888,0.0,153.2822732925415,0.0862382605644392,111.0058445188858,180.0,0.9,no,medium,10.857994531673661,"{""neural"": 9.299473083951293e-16, ""physics"": 0.21633291652081033, ""xgboost"": 0.7836670834791888}"
PA_CA0509,CA0509,SDX004,SFC_FD7BF6ACBE27,LIQ_1BD1B94C09,composite,probe_assisted,legacy_external,2,134.0,147.2081646435258,138.61844,132.79018,149.57937622070312,137.6318972830685,131.13055572509765,102.18968605632551,1.1888904790406325,10.768722,0.07176411,yes,ls-psrmoe-v4.1,0.2163329165208103,9.299473083951293e-16,0.7836670834791888,0.0,149.57937622070312,0.0916232322031798,107.50007547789454,180.0,0.9,no,medium,10.834151285838567,"{""neural"": 9.299473083951293e-16, ""physics"": 0.21633291652081033, ""xgboost"": 0.7836670834791888}"
PA_CA0510,CA0510,SDX004,SFC_FD7BF6ACBE27,LIQ_6656B41AB7,composite,probe_assisted,legacy_external,2,132.0,123.18864655615288,129.25314,121.39003,121.5145297050476,118.24237103776868,103.95434875488282,94.6347065768053,0.458733002341769,10.750241,0.112322524,yes,ls-psrmoe-v4.1,0.2163329165208103,9.299473083951293e-16,0.7836670834791888,0.0,121.5145297050476,0.091250715071218,83.48055739052161,162.89673572178413,0.9,no,medium,10.7600240485567,"{""neural"": 9.299473083951293e-16, ""physics"": 0.21633291652081033, ""xgboost"": 0.7836670834791888}"
PA_CA0511,CA0511,SDX004,SFC_3A3E77A94794,LIQ_0F4168490E,composite,probe_assisted,legacy_external,2,148.0,138.77482025261227,135.0429,133.19125,139.8050266265869,132.6857154958107,110.6371124267578,106.85626427916208,0.5071283310842786,10.822576,0.023679247,yes,ls-psrmoe-v4.1,0.2163329165208103,9.299473083951293e-16,0.7836670834791888,0.0,139.8050266265869,0.0815460644389731,99.06673108698101,178.48290941824354,0.9,no,medium,10.834451089924414,"{""neural"": 9.299473083951293e-16, ""physics"": 0.21633291652081033, ""xgboost"": 0.7836670834791888}"
PA_CA0512,CA0512,SDX004,SFC_3A3E77A94794,LIQ_1BD1B94C09,composite,probe_assisted,legacy_external,2,128.0,145.6205625950495,135.80855,130.53244,148.32918949127196,135.2504698411693,133.54284057617187,102.4216715371784,0.7921134100673153,10.773851,0.067752466,yes,ls-psrmoe-v4.1,0.2163329165208103,9.299473083951293e-16,0.7836670834791888,0.0,148.32918949127196,0.0906388074359543,105.91247342941824,180.0,0.9,no,medium,10.80293057575626,"{""neural"": 9.299473083951293e-16, ""physics"": 0.21633291652081033, ""xgboost"": 0.7836670834791888}"
PA_CA0513,CA0513,SDX004,SFC_3A3E77A94794,LIQ_6656B41AB7,composite,probe_assisted,legacy_external,2,128.0,117.8375145466845,124.02578,117.07036,116.1292311668396,113.47634871123378,105.0719467163086,94.01073278958312,0.6642356556761743,10.760147,0.104775645,yes,ls-psrmoe-v4.1,0.2163329165208103,9.299473083951293e-16,0.7836670834791888,0.0,116.1292311668396,0.0859875971230925,78.12942538105324,157.54560371231577,0.9,no,medium,10.78062950239366,"{""neural"": 9.299473083951293e-16, ""physics"": 0.21633291652081033, ""xgboost"": 0.7836670834791888}"
PA_CA0514,CA0514,SDX004,SFC_78D1FEDEA019,LIQ_0F4168490E,composite,probe_assisted,legacy_external,2,142.0,146.07504079262108,137.87396,138.25151,148.3389654159546,140.7652833296799,145.63561401367187,120.84279188167368,0.5565317739587946,10.844043,-0.0037908875,yes,ls-psrmoe-v4.1,0.2163329165208103,9.299473083951293e-16,0.7836670834791888,0.0,148.3389654159546,0.0781484607598876,106.36695162698982,180.0,0.9,no,medium,10.858314611452125,"{""neural"": 9.299473083951293e-16, ""physics"": 0.21633291652081033, ""xgboost"": 0.7836670834791888}"
PA_CA0515,CA0515,SDX004,SFC_78D1FEDEA019,LIQ_1BD1B94C09,composite,probe_assisted,legacy_external,2,130.0,124.87246926083463,123.27006,119.91355,125.31481828689576,122.51541735338408,120.07334747314454,100.7292333104695,0.3742594613436796,10.789108,0.050133806,yes,ls-psrmoe-v4.1,0.2163329165208103,9.299473083951293e-16,0.7836670834791888,0.0,125.31481828689576,0.0897094915399193,85.16438009520337,164.5805584264659,0.9,no,medium,10.795597323912618,"{""neural"": 9.299473083951293e-16, ""physics"": 0.21633291652081033, ""xgboost"": 0.7836670834791888}"
PA_CA0516,CA0516,SDX004,SFC_78D1FEDEA019,LIQ_6656B41AB7,composite,probe_assisted,legacy_external,2,111.0,115.25837592740164,122.3539,115.17226,113.29964265823364,110.33140254528958,97.24461975097655,92.2619907264164,0.7323339972991633,10.743104,0.110096015,yes,ls-psrmoe-v4.1,0.2163329165208103,9.299473083951293e-16,0.7836670834791888,0.0,113.29964265823364,0.0826668387766755,75.55028676177038,154.96646509303292,0.9,no,medium,10.768035876538312,"{""neural"": 9.299473083951293e-16, ""physics"": 0.21633291652081033, ""xgboost"": 0.7836670834791888}"
PA_CA0517,CA0517,SDX005,SFC_755688E8B50B,LIQ_0F4168490E,coating,probe_assisted,legacy_external,2,125.6,126.72344355577862,123.17583,125.56638,127.70277042388916,125.16286719673178,131.8247039794922,112.90094843517042,0.3950038779899407,10.860128,-0.034111563,yes,ls-psrmoe-v4.1,0.2163329165208103,9.299473083951293e-16,0.7836670834791888,0.0,127.70277042388916,0.069760418651458,87.01535439014735,166.4315327214099,0.9,no,medium,10.867309153604266,"{""neural"": 9.299473083951293e-16, ""physics"": 0.21633291652081033, ""xgboost"": 0.7836670834791888}"
PA_CA0518,CA0518,SDX005,SFC_755688E8B50B,LIQ_1BD1B94C09,coating,probe_assisted,legacy_external,2,114.8,101.82196033166214,99.26242,98.17298,102.52852654457092,97.88497773241347,114.39673614501952,84.62583590469325,0.3906516939902234,10.778639,0.018833464,yes,ls-psrmoe-v4.1,0.2163329165208103,9.299473083951293e-16,0.7836670834791888,0.0,102.52852654457094,0.071482352579491,62.113871166030876,141.53004949729342,0.9,no,medium,10.785715898276685,"{""neural"": 9.299473083951293e-16, ""physics"": 0.21633291652081033, ""xgboost"": 0.7836670834791888}"
PA_CA0519,CA0519,SDX005,SFC_755688E8B50B,LIQ_6656B41AB7,coating,probe_assisted,legacy_external,2,80.2,102.58002813829069,112.07718,105.02456,99.9583200454712,94.1882988463872,88.19898986816406,82.18425544984639,0.9715766143818458,10.7394285,0.11672975,yes,ls-psrmoe-v4.1,0.2163329165208103,9.299473083951293e-16,0.7836670834791888,0.0,99.9583200454712,0.0763895684701359,62.87193897265942,142.28811730392195,0.9,no,medium,10.783287329206523,"{""neural"": 9.299473083951293e-16, ""physics"": 0.21633291652081033, ""xgboost"": 0.7836670834791888}"
PA_CA0520,CA0520,SDX005,SFC_590E8318F5D5,LIQ_0F4168490E,coating,probe_assisted,legacy_external,2,115.5,121.6898301532168,120.60365,122.56704,121.9896716117859,122.41856494000513,117.84062805175782,111.53012498344094,0.4196093085946556,10.828799,-0.02893813,yes,ls-psrmoe-v4.1,0.2163329165208103,9.299473083951293e-16,0.7836670834791888,0.0,121.9896716117859,0.0484391770580257,81.98174098758554,161.39791931884807,0.9,no,medium,10.836925751995365,"{""neural"": 9.299473083951293e-16, ""physics"": 0.21633291652081033, ""xgboost"": 0.7836670834791888}"
PA_CA0521,CA0521,SDX005,SFC_590E8318F5D5,LIQ_1BD1B94C09,coating,probe_assisted,legacy_external,2,106.2,92.89802003023256,94.16348,91.91186,92.5486864566803,90.704971378178,101.72957458496094,75.67692235174502,0.4740510190200181,10.739181,0.03924811,yes,ls-psrmoe-v4.1,0.2163329165208103,9.299473083951293e-16,0.7836670834791888,0.0,92.54868645668029,0.0557399300659565,53.189930864601294,132.60610919586384,0.9,no,medium,10.749638734366608,"{""neural"": 9.299473083951293e-16, ""physics"": 0.21633291652081033, ""xgboost"": 0.7836670834791888}"
PA_CA0522,CA0522,SDX005,SFC_590E8318F5D5,LIQ_6656B41AB7,coating,probe_assisted,legacy_external,2,79.8,96.06998201964484,108.51736,101.625854,92.63385848999025,89.80921623417599,84.48712310791015,77.61036497481567,0.925519148351758,10.748249,0.11614994,yes,ls-psrmoe-v4.1,0.2163329165208103,9.299473083951293e-16,0.7836670834791888,0.0,92.63385848999025,0.0694906186864765,56.361892854013576,135.7780711852761,0.9,no,medium,10.788023093225503,"{""neural"": 9.299473083951293e-16, ""physics"": 0.21633291652081033, ""xgboost"": 0.7836670834791888}"
PA_CA0523,CA0523,SDX005,SFC_42A21ABE09F9,LIQ_0F4168490E,coating,probe_assisted,legacy_external,2,116.6,118.4144437002187,117.304474,119.60356,118.72085316181185,119.34952905579964,117.57993621826172,111.40467133354188,0.4281535132362751,10.824031,-0.035038467,yes,ls-psrmoe-v4.1,0.2163329165208103,9.299473083951293e-16,0.7836670834791888,0.0,118.72085316181185,0.0423864972312539,78.70635453458743,158.12253286584996,0.9,no,medium,10.832495673659766,"{""neural"": 9.299473083951293e-16, ""physics"": 0.21633291652081033, ""xgboost"": 0.7836670834791888}"
PA_CA0524,CA0524,SDX005,SFC_42A21ABE09F9,LIQ_1BD1B94C09,coating,probe_assisted,legacy_external,2,101.8,89.95529246436999,91.42887,90.5692,89.54850802421569,89.32516979721464,94.69595794677734,78.25656859073007,0.3568131416943309,10.744528,0.015004602,yes,ls-psrmoe-v4.1,0.2163329165208103,9.299473083951293e-16,0.7836670834791888,0.0,89.54850802421569,0.0582583917438385,50.247203298738725,129.66338163000125,0.9,no,medium,10.750451039880597,"{""neural"": 9.299473083951293e-16, ""physics"": 0.21633291652081033, ""xgboost"": 0.7836670834791888}"
PA_CA0525,CA0525,SDX005,SFC_42A21ABE09F9,LIQ_6656B41AB7,coating,probe_assisted,legacy_external,2,72.7,84.29738522107705,96.16367,90.38557,81.0216718673706,76.83814187883164,80.50165252685547,67.96247451280544,0.5902786834023622,10.734788,0.100642696,yes,ls-psrmoe-v4.1,0.2163329165208103,9.299473083951293e-16,0.7836670834791888,0.0,81.0216718673706,0.0546942841208375,44.589296055445786,124.00547438670831,0.9,no,medium,10.751004712538416,"{""neural"": 9.299473083951293e-16, ""physics"": 0.21633291652081033, ""xgboost"": 0.7836670834791888}"
PA_CA0526,CA0526,SDX005,SFC_9B7B7B694E91,LIQ_0F4168490E,coating,probe_assisted,legacy_external,2,136.4,140.04482001583287,132.59839,134.52603,142.10042276382447,135.81168545663576,139.7564697265625,119.67946382106484,0.903598741908338,10.876174,-0.02387651,yes,ls-psrmoe-v4.1,0.2163329165208103,9.299473083951293e-16,0.7836670834791888,0.0,142.10042276382447,0.0868400431587435,100.3367308502016,179.75290918146413,0.9,no,medium,10.913645200603433,"{""neural"": 9.299473083951293e-16, ""physics"": 0.21633291652081033, ""xgboost"": 0.7836670834791888}"
PA_CA0527,CA0527,SDX005,SFC_9B7B7B694E91,LIQ_1BD1B94C09,coating,probe_assisted,legacy_external,2,130.5,113.4618203215745,112.22416,110.19747,113.80347921848298,111.2318191890508,113.1194793701172,93.7230038397286,0.310856642743814,10.796692,0.033079702,yes,ls-psrmoe-v4.1,0.2163329165208103,9.299473083951293e-16,0.7836670834791888,0.0,113.80347921848298,0.0866193427746543,73.75373115594324,153.16990948720576,0.9,no,medium,10.801166140523993,"{""neural"": 9.299473083951293e-16, ""physics"": 0.21633291652081033, ""xgboost"": 0.7836670834791888}"
PA_CA0528,CA0528,SDX005,SFC_9B7B7B694E91,LIQ_6656B41AB7,coating,probe_assisted,legacy_external,2,95.8,123.41474777263396,131.78043,122.23112,121.10538501739502,113.8511387594447,90.0781005859375,84.58759488491606,0.8667794840530325,10.734448,0.13339716,yes,ls-psrmoe-v4.1,0.2163329165208103,9.299473083951293e-16,0.7836670834791888,0.0,121.10538501739502,0.0946363933750263,83.7066586070027,163.1228369382652,0.9,no,medium,10.769386265645746,"{""neural"": 9.299473083951293e-16, ""physics"": 0.21633291652081033, ""xgboost"": 0.7836670834791888}"
PA_CA0563,CA0563,SDX008,SFC_40DC495414A4,LIQ_0F4168490E,polymer,probe_assisted,legacy_external,2,118.1,114.64678384340998,113.1454,113.37636,115.06124367713927,108.91382519744911,108.96038818359376,97.334430372847,0.4579256108536074,10.775301,-0.0033468052,yes,ls-psrmoe-v4.1,0.2163329165208103,9.299473083951293e-16,0.7836670834791888,0.0,115.06124367713927,0.0196285005523901,74.93869467777871,154.35487300904123,0.9,no,medium,10.78502700532904,"{""neural"": 9.299473083951293e-16, ""physics"": 0.21633291652081033, ""xgboost"": 0.7836670834791888}"
PA_CA0564,CA0564,SDX008,SFC_40DC495414A4,LIQ_1BD1B94C09,polymer,probe_assisted,legacy_external,2,90.0,92.2978297132546,92.563736,91.301674,92.22442574426532,90.5346423596106,106.19092712402345,78.97078936384575,0.5419397040156159,10.7593155,0.022030804,yes,ls-psrmoe-v4.1,0.2163329165208103,9.299473083951293e-16,0.7836670834791888,0.0,92.22442574426532,0.0598055362656593,52.589740547623336,132.00591887888586,0.9,no,medium,10.77295542881937,"{""neural"": 9.299473083951293e-16, ""physics"": 0.21633291652081033, ""xgboost"": 0.7836670834791888}"
PA_CA0565,CA0565,SDX008,SFC_40DC495414A4,LIQ_6656B41AB7,polymer,probe_assisted,legacy_external,2,73.6,69.39465881384366,75.47699,71.8408,67.71561880111695,64.33035321621577,66.95282592773438,59.78689943337095,0.648794659498463,10.741157,0.060674883,yes,ls-psrmoe-v4.1,0.2163329165208103,9.299473083951293e-16,0.7836670834791888,0.0,67.71561880111695,0.0317988463881569,29.686569648212398,109.10274797947493,0.9,no,medium,10.760733627817515,"{""neural"": 9.299473083951293e-16, ""physics"": 0.21633291652081033, ""xgboost"": 0.7836670834791888}"
PA_CA0566,CA0566,SDX008,SFC_21ABD9D32070,LIQ_0F4168490E,glass,probe_assisted,legacy_external,2,24.6,23.534862907268828,43.391296,42.057014,18.05345344543457,32.42788780922852,36.21640548706055,56.82383657176658,0.5035991975365262,11.040776,0.014001384,yes,ls-psrmoe-v4.1,0.2163329165208103,9.299473083951293e-16,0.7836670834791888,0.0,18.05345344543457,0.0911889346614109,0.0,63.242952072900096,0.9,no,medium,11.052255282698432,"{""neural"": 9.299473083951293e-16, ""physics"": 0.21633291652081033, ""xgboost"": 0.7836670834791888}"
PA_CA0567,CA0567,SDX008,SFC_21ABD9D32070,LIQ_1BD1B94C09,glass,probe_assisted,legacy_external,2,13.7,8.67335825312204,0.0,1.87929,11.067656707763671,0.0,30.938273620605468,42.71413649683585,1.1141516173975734,11.113157,0.06365476,yes,ls-psrmoe-v4.1,0.2163329165208103,9.299473083951293e-16,0.7836670834791888,0.0,11.067656707763671,0.130011275214233,0.0,48.381447418753304,0.9,no,medium,11.168867101599814,"{""neural"": 9.299473083951293e-16, ""physics"": 0.21633291652081033, ""xgboost"": 0.7836670834791888}"
PA_CA0568,CA0568,SDX008,SFC_21ABD9D32070,LIQ_6656B41AB7,glass,probe_assisted,legacy_external,2,56.3,39.16528545818814,77.313,64.99199,28.63452911376953,39.74472864661156,32.12074012756348,41.2859836185573,0.720340185078973,11.056568,0.20231113,yes,ls-psrmoe-v4.1,0.2163329165208103,9.299473083951293e-16,0.7836670834791888,0.0,28.63452911376953,0.1096147039675195,0.0,78.8733746238194,0.9,no,medium,11.080008389927492,"{""neural"": 9.299473083951293e-16, ""physics"": 0.21633291652081033, ""xgboost"": 0.7836670834791888}"
PA_CA0569,CA0569,SDX008,SFC_086288EDF921,LIQ_0F4168490E,polymer,probe_assisted,legacy_external,2,78.5,70.24901578349,76.0432,79.6236,68.64951992034912,71.93104568447578,63.91325988769531,69.33247057315154,0.5652875537219373,10.772741,-0.061189808,yes,ls-psrmoe-v4.1,0.2163329165208103,9.299473083951293e-16,0.7836670834791888,0.0,68.64951992034912,0.0285233612990139,30.54092661785873,109.95710494912126,0.9,no,medium,10.7875622209781,"{""neural"": 9.299473083951293e-16, ""physics"": 0.21633291652081033, ""xgboost"": 0.7836670834791888}"
PA_CA0570,CA0570,SDX008,SFC_086288EDF921,LIQ_1BD1B94C09,polymer,probe_assisted,legacy_external,2,49.5,52.380973501021806,51.872955,53.541527,52.521212968230245,54.859397763848186,54.6278579711914,55.38992464272669,0.5895880804253454,10.7326565,-0.023586918,yes,ls-psrmoe-v4.1,0.2163329165208103,9.299473083951293e-16,0.7836670834791888,0.0,52.521212968230245,0.0484967730395681,12.672884335390542,92.08906266665306,0.9,no,medium,10.748838525699968,"{""neural"": 9.299473083951293e-16, ""physics"": 0.21633291652081033, ""xgboost"": 0.7836670834791888}"
PA_CA0571,CA0571,SDX008,SFC_086288EDF921,LIQ_6656B41AB7,polymer,probe_assisted,legacy_external,2,47.6,41.30721519823776,41.314384,39.78705,41.30523610860109,36.15635430902229,40.18443374633789,49.23636945694034,0.6273474308246002,10.6897335,0.016343802,yes,ls-psrmoe-v4.1,0.2163329165208103,9.299473083951293e-16,0.7836670834791888,0.0,41.30523610860109,0.0437299488869149,1.5991260326064989,81.01530436386903,0.9,no,medium,10.708126217970374,"{""neural"": 9.299473083951293e-16, ""physics"": 0.21633291652081033, ""xgboost"": 0.7836670834791888}"
PA_CA0572,CA0572,SDX008,SFC_1B7A5069B364,LIQ_0F4168490E,polymer,probe_assisted,legacy_external,2,73.7,79.21084056186916,85.53335,88.46542,77.4654993057251,81.8819879149304,71.80368041992188,76.19962537741219,0.3828366710621224,10.775366,-0.051112365,yes,ls-psrmoe-v4.1,0.2163329165208103,9.299473083951293e-16,0.7836670834791888,0.0,77.4654993057251,0.0329026058496154,39.5027513962379,118.91892972750043,0.9,no,medium,10.782164733979254,"{""neural"": 9.299473083951293e-16, ""physics"": 0.21633291652081033, ""xgboost"": 0.7836670834791888}"
PA_CA0573,CA0573,SDX008,SFC_1B7A5069B364,LIQ_1BD1B94C09,polymer,probe_assisted,legacy_external,2,63.6,52.25680913110317,53.1305,53.448616,52.01562474370003,54.36502840697855,43.80475158691407,50.654467818600885,0.4713729475843401,10.788439,-0.004731466,yes,ls-psrmoe-v4.1,0.2163329165208103,9.299473083951293e-16,0.7836670834791888,0.0,52.01562474370003,0.0589489499516316,12.548719965471903,91.96489829673443,0.9,no,medium,10.798731801116062,"{""neural"": 9.299473083951293e-16, ""physics"": 0.21633291652081033, ""xgboost"": 0.7836670834791888}"
PA_CA0574,CA0574,SDX008,SFC_1B7A5069B364,LIQ_6656B41AB7,polymer,probe_assisted,legacy_external,2,61.1,47.37969988845412,83.631996,77.68565,37.372178649902345,44.33814370996606,36.48979949951172,44.65927933908671,0.3208449019023875,10.797941,0.10214941,yes,ls-psrmoe-v4.1,0.2163329165208103,9.299473083951293e-16,0.7836670834791888,0.0,37.372178649902345,0.0211314485836475,7.671610722822855,87.08778905408539,0.9,no,medium,10.802706665024175,"{""neural"": 9.299473083951293e-16, ""physics"": 0.21633291652081033, ""xgboost"": 0.7836670834791888}"
PA_CA0575,CA0575,SDX003,SFC_775871D74DA8,LIQ_0F4168490E,cellulose,probe_assisted,legacy_external,2,36.2,68.89754133875427,73.94916,75.8626,67.50303220748901,70.58713150519523,60.47696228027344,65.96618836905353,0.6005660265513819,10.679314,-0.032293696,yes,ls-psrmoe-v4.1,0.2163329165208103,9.299473083951293e-16,0.7836670834791888,0.0,67.50303220748901,0.0239002450314883,29.189452173123,108.60563050438553,0.9,no,medium,10.696187501294268,"{""neural"": 9.299473083951293e-16, ""physics"": 0.21633291652081033, ""xgboost"": 0.7836670834791888}"
PA_CA0576,CA0576,SDX003,SFC_775871D74DA8,LIQ_53310FAFB3,cellulose,probe_assisted,legacy_external,2,32.3,10.573741812728407,0.0,14.021362,13.492645072937012,3.724231515045269,30.722165298461917,41.40880528278628,0.5590181579025744,10.940359,-0.030588483,yes,ls-psrmoe-v4.1,0.2163329165208103,9.299473083951293e-16,0.7836670834791888,0.0,13.492645072937012,0.0744751361252983,0.0,50.28183097835967,0.9,no,medium,10.95463173044835,"{""neural"": 9.299473083951293e-16, ""physics"": 0.21633291652081033, ""xgboost"": 0.7836670834791888}"
PA_CA0577,CA0577,SDX003,SFC_775871D74DA8,LIQ_6656B41AB7,cellulose,probe_assisted,legacy_external,2,40.3,82.47841369842996,122.803055,106.88423,71.34671325683594,85.6560940486809,74.0288803100586,65.02024766884145,1.0046111992089122,11.002345,0.25165677,yes,ls-psrmoe-v4.1,0.2163329165208103,9.299473083951293e-16,0.7836670834791888,0.0,71.34671325683594,0.1851563885570878,42.770324532798696,122.18650286406123,0.9,no,medium,11.048114733319933,"{""neural"": 9.299473083951293e-16, ""physics"": 0.21633291652081033, ""xgboost"": 0.7836670834791888}"
PA_CA0578,CA0578,SDX003,SFC_C6A0892F143E,LIQ_0F4168490E,cellulose,probe_assisted,legacy_external,2,30.0,68.33370162594072,72.58389,74.787186,67.16042757034302,69.34847881986848,59.971369934082034,65.61554728291009,0.6128547499077194,10.666933,-0.03696858,yes,ls-psrmoe-v4.1,0.2163329165208103,9.299473083951293e-16,0.7836670834791888,0.0,67.16042757034302,0.0218341725383297,28.625612460309455,108.04179079157198,0.9,no,medium,10.684523881342278,"{""neural"": 9.299473083951293e-16, ""physics"": 0.21633291652081033, ""xgboost"": 0.7836670834791888}"
PA_CA0579,CA0579,SDX003,SFC_C6A0892F143E,LIQ_53310FAFB3,cellulose,probe_assisted,legacy_external,2,26.4,10.469355805085147,0.0,13.903727,13.359443092346192,4.203470499268537,28.87380027770996,40.57081975887861,0.5489093117222272,10.933802,-0.03015717,yes,ls-psrmoe-v4.1,0.2163329165208103,9.299473083951293e-16,0.7836670834791888,0.0,13.359443092346192,0.079476258827515,0.0,50.17744497071641,0.9,no,medium,10.947571767643241,"{""neural"": 9.299473083951293e-16, ""physics"": 0.21633291652081033, ""xgboost"": 0.7836670834791888}"
PA_CA0580,CA0580,SDX003,SFC_C6A0892F143E,LIQ_6656B41AB7,cellulose,probe_assisted,legacy_external,2,32.8,83.24733459686746,123.571976,107.12205,72.11563415527344,86.51458960774355,74.0288803100586,65.24147158441025,1.0046111992089122,11.024213,0.25889322,yes,ls-psrmoe-v4.1,0.2163329165208103,9.299473083951293e-16,0.7836670834791888,0.0,72.11563415527344,0.2093000785232506,43.539245431236196,122.95542376249873,0.9,no,medium,11.069892317947133,"{""neural"": 9.299473083951293e-16, ""physics"": 0.21633291652081033, ""xgboost"": 0.7836670834791888}"
PA_CA0581,CA0581,SDX002,SFC_740023729038,LIQ_0F4168490E,biomaterial,probe_assisted,legacy_external,2,58.3,39.81348596101924,63.55531,63.263966,33.25950660705566,46.75812822475153,41.39544677734375,57.445014091493896,0.7998402708520678,10.932962,0.004079846,yes,ls-psrmoe-v4.1,0.2163329165208103,9.299473083951293e-16,0.7836670834791888,0.0,33.25950660705566,0.0487022662400458,0.10539679538797486,79.5215751266505,0.9,no,medium,10.96218055645503,"{""neural"": 9.299473083951293e-16, ""physics"": 0.21633291652081033, ""xgboost"": 0.7836670834791888}"
PA_CA0582,CA0582,SDX002,SFC_740023729038,LIQ_1BD1B94C09,biomaterial,probe_assisted,legacy_external,2,36.1,21.32936499401263,29.612759,23.578354,19.042717075347905,25.29689790451172,27.695248794555663,42.69048194361835,1.5293354792600669,10.940947,0.042016137,yes,ls-psrmoe-v4.1,0.2163329165208103,9.299473083951293e-16,0.7836670834791888,0.0,19.042717075347905,0.0615460278632413,0.0,61.03745415964389,0.9,no,medium,11.047315885088677,"{""neural"": 9.299473083951293e-16, ""physics"": 0.21633291652081033, ""xgboost"": 0.7836670834791888}"
PA_CA0583,CA0583,SDX002,SFC_740023729038,LIQ_6656B41AB7,biomaterial,probe_assisted,legacy_external,2,47.2,25.30293340502303,57.839798,48.358635,16.321064758300782,30.30605423910085,23.396327209472656,37.36785122358007,0.8424291890062282,10.902727,0.13149513,yes,ls-psrmoe-v4.1,0.2163329165208103,9.299473083951293e-16,0.7836670834791888,0.0,16.321064758300782,0.034953660022572,0.0,65.01102257065429,0.9,no,medium,10.935224870802553,"{""neural"": 9.299473083951293e-16, ""physics"": 0.21633291652081033, ""xgboost"": 0.7836670834791888}"
PA_CA0584,CA0584,SDX002,SFC_0DD31A36BF54,LIQ_0F4168490E,biomaterial,probe_assisted,legacy_external,2,83.8,79.58221496017697,86.609245,86.557556,77.64238872528077,80.77047997942118,74.68117065429688,78.19447250439111,0.2649511052525305,10.8312435,0.0008513428,yes,ls-psrmoe-v4.1,0.2163329165208103,9.299473083951293e-16,0.7836670834791888,0.0,77.64238872528077,0.0095843630362645,39.874125794545705,119.29030412580823,0.9,no,medium,10.834483598421604,"{""neural"": 9.299473083951293e-16, ""physics"": 0.21633291652081033, ""xgboost"": 0.7836670834791888}"
PA_CA0585,CA0585,SDX002,SFC_0DD31A36BF54,LIQ_1BD1B94C09,biomaterial,probe_assisted,legacy_external,2,58.7,52.02650796555215,56.155075,53.481586,50.886808490753175,55.36741060380909,54.99071502685547,56.71163785836856,0.366964985308072,10.816341,0.03746506,yes,ls-psrmoe-v4.1,0.2163329165208103,9.299473083951293e-16,0.7836670834791888,0.0,50.886808490753175,0.0497622314654751,12.318418799920885,91.73459713118342,0.9,no,medium,10.822564203030774,"{""neural"": 9.299473083951293e-16, ""physics"": 0.21633291652081033, ""xgboost"": 0.7836670834791888}"
PA_CA0586,CA0586,SDX002,SFC_0DD31A36BF54,LIQ_6656B41AB7,biomaterial,probe_assisted,legacy_external,2,45.8,47.82530686041897,52.59414,45.57262,46.50886087417602,43.71210934725114,45.13878402709961,47.91979772163995,0.3756739949646402,10.802783,0.091939844,yes,ls-psrmoe-v4.1,0.2163329165208103,9.299473083951293e-16,0.7836670834791888,0.0,46.50886087417603,0.0271532455638304,8.117217694787705,87.53339602605024,0.9,no,medium,10.809313183342487,"{""neural"": 9.299473083951293e-16, ""physics"": 0.21633291652081033, ""xgboost"": 0.7836670834791888}"
PA_CA0588,CA0588,SDX010,SFC_B0B8AD6AD8FD,LIQ_6656B41AB7,polymer,probe_assisted,legacy_external,2,47.3,51.85142642739983,61.867363,58.714317,49.08650646209717,51.44548959197014,44.49399337768555,46.90072375017819,0.5982623240278429,10.714708,0.047599904,yes,ls-psrmoe-v4.1,0.2163329165208103,9.299473083951293e-16,0.7836670834791888,0.0,49.08650646209717,0.0840018038427727,12.143337261768565,91.5595155930311,0.9,no,medium,10.731397175280355,"{""neural"": 9.299473083951293e-16, ""physics"": 0.21633291652081033, ""xgboost"": 0.7836670834791888}"
PA_CA0589,CA0589,SDX010,SFC_B0B8AD6AD8FD,LIQ_B6950B5CB8,polymer,probe_assisted,legacy_external,2,0.0,15.044669935012,0.0,22.31099,19.197782135009767,2.593657498309425,31.087321853637697,46.59994652652442,1.0812152662116652,10.840051,-0.0815117,yes,ls-psrmoe-v4.1,0.2163329165208103,9.299473083951293e-16,0.7836670834791888,0.0,19.197782135009767,0.1559255424738127,0.0,54.75275910064326,0.9,no,medium,10.893839182514592,"{""neural"": 9.299473083951293e-16, ""physics"": 0.21633291652081033, ""xgboost"": 0.7836670834791888}"
PA_CA0591,CA0591,SDX010,SFC_E7FC3D2DD101,LIQ_6656B41AB7,polymer,probe_assisted,legacy_external,2,51.3,56.05401493273203,66.46639,63.85479,53.17965660095215,54.57321924484122,51.98601455688477,53.903029722148005,0.3774732205002046,10.682079,0.0412248,yes,ls-psrmoe-v4.1,0.2163329165208103,9.299473083951293e-16,0.7836670834791888,0.0,53.17965660095215,0.0829527632618282,16.345925767100766,95.7621040983633,0.9,no,medium,10.68874631537468,"{""neural"": 9.299473083951293e-16, ""physics"": 0.21633291652081033, ""xgboost"": 0.7836670834791888}"
PA_CA0592,CA0592,SDX010,SFC_E7FC3D2DD101,LIQ_B6950B5CB8,polymer,probe_assisted,legacy_external,2,25.6,14.182609537056033,0.0,23.193262,18.0977481842041,0.3511321383800439,35.22431411743164,50.99999194388543,1.3718107367447412,10.816513,-0.08792758,yes,ls-psrmoe-v4.1,0.2163329165208103,9.299473083951293e-16,0.7836670834791888,0.0,18.0977481842041,0.1589641045478333,0.0,53.890698702687295,0.9,no,medium,10.903156340097906,"{""neural"": 9.299473083951293e-16, ""physics"": 0.21633291652081033, ""xgboost"": 0.7836670834791888}"
PA_CA0594,CA0594,SDX010,SFC_F8664D03003D,LIQ_6656B41AB7,polymer,probe_assisted,legacy_external,2,35.6,51.85142642739983,61.867363,58.621376,49.08650646209717,50.874547014199926,44.1428840637207,46.61968756213888,0.5982623240278429,10.718411,0.048982304,yes,ls-psrmoe-v4.1,0.2163329165208103,9.299473083951293e-16,0.7836670834791888,0.0,49.08650646209717,0.0843323785812256,12.143337261768565,91.5595155930311,0.9,no,medium,10.735094418460985,"{""neural"": 9.299473083951293e-16, ""physics"": 0.21633291652081033, ""xgboost"": 0.7836670834791888}"
PA_CA0595,CA0595,SDX010,SFC_F8664D03003D,LIQ_B6950B5CB8,polymer,probe_assisted,legacy_external,2,0.0,13.690636206260576,0.0,23.278868,17.469964599609376,2.249297709982827,30.906439208984374,47.76652156471423,0.9600690342012048,10.818376,-0.08790354,yes,ls-psrmoe-v4.1,0.2163329165208103,9.299473083951293e-16,0.7836670834791888,0.0,17.469964599609376,0.1542683420925333,0.0,53.39872537189184,0.9,no,medium,10.860892773055447,"{""neural"": 9.299473083951293e-16, ""physics"": 0.21633291652081033, ""xgboost"": 0.7836670834791888}"
PA_CA0597,CA0597,SDX010,SFC_57C35DC0B570,LIQ_6656B41AB7,polymer,probe_assisted,legacy_external,2,60.4,60.31352909748892,71.55879,68.51266,57.20925102233887,55.43378051015045,57.90997009277344,53.73383725454456,0.6799857666546155,10.690724,0.04985732,yes,ls-psrmoe-v4.1,0.2163329165208103,9.299473083951293e-16,0.7836670834791888,0.0,57.20925102233887,0.0831873953883226,20.605439931857653,100.02161826312019,0.9,no,medium,10.71232749158785,"{""neural"": 9.299473083951293e-16, ""physics"": 0.21633291652081033, ""xgboost"": 0.7836670834791888}"
PA_CA0598,CA0598,SDX010,SFC_57C35DC0B570,LIQ_B6950B5CB8,polymer,probe_assisted,legacy_external,2,37.9,13.443083366603526,0.0,22.354681,17.154074287414552,0.0577749927082343,33.1167911529541,49.95684626930333,1.3612640152511766,10.834412,-0.08252687,yes,ls-psrmoe-v4.1,0.2163329165208103,9.299473083951293e-16,0.7836670834791888,0.0,17.154074287414552,0.1620975005810719,0.0,53.15117253223479,0.9,no,medium,10.919593541197482,"{""neural"": 9.299473083951293e-16, ""physics"": 0.21633291652081033, ""xgboost"": 0.7836670834791888}"
PA_CA0600,CA0600,SDX010,SFC_AD93A15A2199,LIQ_6656B41AB7,polymer,probe_assisted,legacy_external,2,44.9,51.86282894728646,61.867363,58.824932,49.10105667114258,51.41062022894554,44.41551208496094,46.96772532566534,0.5839311415290473,10.71023,0.04595242,yes,ls-psrmoe-v4.1,0.2163329165208103,9.299473083951293e-16,0.7836670834791888,0.0,49.10105667114258,0.0836247638000723,12.154739781655195,91.57091811291772,0.9,no,medium,10.726136407437087,"{""neural"": 9.299473083951293e-16, ""physics"": 0.21633291652081033, ""xgboost"": 0.7836670834791888}"
PA_CA0601,CA0601,SDX010,SFC_AD93A15A2199,LIQ_B6950B5CB8,polymer,probe_assisted,legacy_external,2,0.0,13.30030322029396,0.0,22.71693,16.971879386901854,1.4798218683475513,31.02417449951172,48.53870811421324,1.2273900608332684,10.830772,-0.08423604,yes,ls-psrmoe-v4.1,0.2163329165208103,9.299473083951293e-16,0.7836670834791888,0.0,16.971879386901854,0.1555686249689103,0.0,53.00839238592523,0.9,no,medium,10.90009671871843,"{""neural"": 9.299473083951293e-16, ""physics"": 0.21633291652081033, ""xgboost"": 0.7836670834791888}"
PA_CA0603,CA0603,SDX010,SFC_B9F3779B4230,LIQ_6656B41AB7,polymer,probe_assisted,legacy_external,2,66.8,63.04465200779239,74.68511,71.48301,59.83127899169922,58.46548111909967,58.98027801513672,54.30342054567232,0.7243679362725695,10.691078,0.053370588,yes,ls-psrmoe-v4.1,0.2163329165208103,9.299473083951293e-16,0.7836670834791888,0.0,59.83127899169922,0.0837387391884681,23.33656284216113,102.75274117342366,0.9,no,medium,10.715589470914969,"{""neural"": 9.299473083951293e-16, ""physics"": 0.21633291652081033, ""xgboost"": 0.7836670834791888}"
PA_CA0604,CA0604,SDX010,SFC_B9F3779B4230,LIQ_B6950B5CB8,polymer,probe_assisted,legacy_external,2,44.1,19.217548029656573,26.547012,32.700783,17.19423427581787,22.3422876079255,33.5607177734375,51.81908798114106,1.406941318027155,10.807746,-0.05518509,yes,ls-psrmoe-v4.1,0.2163329165208103,9.299473083951293e-16,0.7836670834791888,0.0,17.19423427581787,0.1595083353104832,0.0,58.925637195287834,0.9,no,medium,10.898938364487066,"{""neural"": 9.299473083951293e-16, ""physics"": 0.21633291652081033, ""xgboost"": 0.7836670834791888}"
PA_CA0606,CA0606,SDX010,SFC_02B9E44B3DAE,LIQ_6656B41AB7,polymer,probe_assisted,legacy_external,2,45.7,51.86282894728646,61.867363,58.803123,49.10105667114258,51.45997737685436,44.44154357910156,46.96949865832475,0.5839311415290473,10.711101,0.04627733,yes,ls-psrmoe-v4.1,0.2163329165208103,9.299473083951293e-16,0.7836670834791888,0.0,49.10105667114258,0.0835141241809848,12.154739781655195,91.57091811291772,0.9,no,medium,10.727006115885663,"{""neural"": 9.299473083951293e-16, ""physics"": 0.21633291652081033, ""xgboost"": 0.7836670834791888}"
PA_CA0607,CA0607,SDX010,SFC_02B9E44B3DAE,LIQ_B6950B5CB8,polymer,probe_assisted,legacy_external,2,0.0,13.282094762962252,0.0,22.60679,16.94864444732666,1.5644365574850467,30.88854370117188,48.24504369357497,1.2330112979791477,10.833273,-0.083498165,yes,ls-psrmoe-v4.1,0.2163329165208103,9.299473083951293e-16,0.7836670834791888,0.0,16.94864444732666,0.1555955858337904,0.0,52.99018392859352,0.9,no,medium,10.903216073868903,"{""neural"": 9.299473083951293e-16, ""physics"": 0.21633291652081033, ""xgboost"": 0.7836670834791888}"
PA_CA0608,CA0608,SDX007,SFC_82F5C36F39D2,LIQ_0F4168490E,polymer,probe_assisted,legacy_external,2,61.3,76.55960503402551,83.453575,84.84307,74.65651035308838,76.92784859201272,72.94878540039062,77.19108292219342,0.3398213357137656,11.359617,-0.02425587,yes,ls-psrmoe-v4.1,0.2163329165208103,9.299473083951293e-16,0.7836670834791888,0.0,74.65651035308838,2.0102333239557546,36.851515868394245,116.26769419965677,0.9,no,medium,11.364698716943414,"{""neural"": 9.299473083951293e-16, ""physics"": 0.21633291652081033, ""xgboost"": 0.7836670834791888}"
PA_CA0609,CA0609,SDX007,SFC_82F5C36F39D2,LIQ_6656B41AB7,polymer,probe_assisted,legacy_external,2,36.7,57.80695831633496,95.666885,85.9784,47.355647277832034,56.72865590918102,69.48990631103516,53.40374551361431,0.4422786106698119,11.3785095,0.16864696,yes,ls-psrmoe-v4.1,0.2163329165208103,9.299473083951293e-16,0.7836670834791888,0.0,47.35564727783204,2.011249438531409,18.0988691507037,97.51504748196623,0.9,no,medium,11.387101861801634,"{""neural"": 9.299473083951293e-16, ""physics"": 0.21633291652081033, ""xgboost"": 0.7836670834791888}"
PA_CA0610,CA0610,SDX007,SFC_82F5C36F39D2,LIQ_53310FAFB3,polymer,probe_assisted,legacy_external,2,44.8,11.086108591819764,0.0,18.759266,14.14645175933838,6.513882178346121,39.38105392456055,47.295740120703385,1.056597972518732,11.618162,-0.061560918,yes,ls-psrmoe-v4.1,0.2163329165208103,9.299473083951293e-16,0.7836670834791888,0.0,14.14645175933838,2.010552929899835,0.0,50.79419775745103,0.9,no,medium,11.666108500000103,"{""neural"": 9.299473083951293e-16, ""physics"": 0.21633291652081033, ""xgboost"": 0.7836670834791888}"
PA_CA0611,CA0611,SDX007,SFC_FF44FFDB2AC3,LIQ_0F4168490E,polymer,probe_assisted,legacy_external,2,83.2,84.65821336128273,90.72871,91.46564,82.98244123458862,85.7295610130941,87.35567169189453,83.99078729574497,0.2705446534524133,11.363814,-0.012748281,yes,ls-psrmoe-v4.1,0.2163329165208103,9.299473083951293e-16,0.7836670834791888,0.0,82.98244123458862,2.010299725387162,44.95012419565147,124.366302526914,0.9,no,medium,11.367034047459684,"{""neural"": 9.299473083951293e-16, ""physics"": 0.21633291652081033, ""xgboost"": 0.7836670834791888}"
PA_CA0612,CA0612,SDX007,SFC_FF44FFDB2AC3,LIQ_6656B41AB7,polymer,probe_assisted,legacy_external,2,52.8,61.36394326243188,73.61017,67.1851,57.98334751129151,53.79079053236651,49.83591842651367,46.55001679886967,0.5093557564846983,11.271701,0.10392791,yes,ls-psrmoe-v4.1,0.2163329165208103,9.299473083951293e-16,0.7836670834791888,0.0,57.98334751129151,2.0103570221305755,21.655854096800617,101.07203242806315,0.9,no,medium,11.283203743621096,"{""neural"": 9.299473083951293e-16, ""physics"": 0.21633291652081033, ""xgboost"": 0.7836670834791888}"
PA_CA0613,CA0613,SDX007,SFC_FF44FFDB2AC3,LIQ_53310FAFB3,polymer,probe_assisted,legacy_external,2,58.8,57.08458529126955,50.25217,51.804596,58.97068748474121,56.57758548541526,53.97524871826172,55.42675737239771,0.147890371849253,11.462425,-0.023423111,yes,ls-psrmoe-v4.1,0.2163329165208103,9.299473083951293e-16,0.7836670834791888,0.0,58.97068748474121,2.0103929699504155,17.376496125638283,96.79267445690081,0.9,no,medium,11.46337901505096,"{""neural"": 9.299473083951293e-16, ""physics"": 0.21633291652081033, ""xgboost"": 0.7836670834791888}"
PA_CA0614,CA0614,SDX007,SFC_ACA747208E92,LIQ_0F4168490E,polymer,probe_assisted,legacy_external,2,70.0,71.1531282695501,77.11463,78.054245,69.50744295120239,73.82848945122912,64.46826934814453,69.98226328021711,0.5702967145738304,11.415591,-0.016439686,yes,ls-psrmoe-v4.1,0.2163329165208103,9.299473083951293e-16,0.7836670834791888,0.0,69.50744295120239,2.010437865480871,31.44503910391883,110.86121743518136,0.9,no,medium,11.429827479972507,"{""neural"": 9.299473083951293e-16, ""physics"": 0.21633291652081033, ""xgboost"": 0.7836670834791888}"
PA_CA0615,CA0615,SDX007,SFC_ACA747208E92,LIQ_6656B41AB7,polymer,probe_assisted,legacy_external,2,50.1,36.59263707755356,69.5871,62.36618,27.4844482421875,37.01723299685839,33.989236450195314,42.70107374398808,0.4259027490637977,11.308714,0.11272893,yes,ls-psrmoe-v4.1,0.2163329165208103,9.299473083951293e-16,0.7836670834791888,0.0,27.4844482421875,2.010270370617249,0.0,76.30072624318483,0.9,no,medium,11.316731219104575,"{""neural"": 9.299473083951293e-16, ""physics"": 0.21633291652081033, ""xgboost"": 0.7836670834791888}"
PA_CA0616,CA0616,SDX007,SFC_ACA747208E92,LIQ_53310FAFB3,polymer,probe_assisted,legacy_external,2,41.4,43.96314821727167,30.65086,33.24646,47.63803291320801,45.14762751457052,43.37352447509765,50.90226192293851,0.5315560463233929,11.539286,-0.030816576,yes,ls-psrmoe-v4.1,0.2163329165208103,9.299473083951293e-16,0.7836670834791888,0.0,47.63803291320801,2.010399092068205,4.2550590516404085,83.67123738290294,0.9,no,medium,11.551522549871034,"{""neural"": 9.299473083951293e-16, ""physics"": 0.21633291652081033, ""xgboost"": 0.7836670834791888}"
PA_EXT_936D30510340,EXT_936D30510340,OPEN_CELLULOSE_ESTER,SFC_96F700A16BD8,LIQ_1BD1B94C09,cellulose_ester,probe_assisted,prospective_open_external,2,50.7,36.19915851360128,24.293303,26.084784,39.48579463958741,32.97977815939821,29.96108741760254,42.402317726465455,0.5456906276647714,11.025497,-0.017582769,yes,ls-psrmoe-v4.1,0.2163329165208103,9.299473083951293e-16,0.7836670834791888,0.0,39.48579463958741,0.64285611801919,0.0,75.90724767923254,0.9,no,medium,11.038992814479506,"{""neural"": 9.299473083951293e-16, ""physics"": 0.21633291652081033, ""xgboost"": 0.7836670834791888}"
PA_EXT_A05461A4CCC6,EXT_A05461A4CCC6,OPEN_CELLULOSE_ESTER,SFC_96F700A16BD8,LIQ_6656B41AB7,cellulose_ester,probe_assisted,prospective_open_external,2,29.0,39.15418210030148,77.98696,70.24107,28.434313201904292,41.77162208543422,29.976603698730468,38.43356989972857,0.4002449252048234,11.073356,0.128616,yes,ls-psrmoe-v4.1,0.2163329165208103,9.299473083951293e-16,0.7836670834791888,0.0,28.434313201904292,0.6521223749811771,0.0,78.86227126593275,0.9,no,medium,11.080587037828286,"{""neural"": 9.299473083951293e-16, ""physics"": 0.21633291652081033, ""xgboost"": 0.7836670834791888}"
PA_EXT_559D6064BED1,EXT_559D6064BED1,OPEN_CELLULOSE_ESTER,SFC_96F700A16BD8,LIQ_0F4168490E,cellulose_ester,probe_assisted,prospective_open_external,2,61.7,76.89117020921154,83.6197,86.08052,75.03374633789062,78.503908450355,71.94705810546876,75.73738662945387,0.4888066804469611,10.940518,-0.04281818,yes,ls-psrmoe-v4.1,0.2163329165208103,9.299473083951293e-16,0.7836670834791888,0.0,75.03374633789062,0.6396571544968708,37.18308104358027,116.5992593748428,0.9,no,medium,10.951432147403079,"{""neural"": 9.299473083951293e-16, ""physics"": 0.21633291652081033, ""xgboost"": 0.7836670834791888}"
PA_EXT_14ACC371AD61,EXT_14ACC371AD61,OPEN_CELLULOSE_ESTER,SFC_A70448B898F8,LIQ_1BD1B94C09,cellulose_ester,probe_assisted,prospective_open_external,2,61.3,45.163430643225965,38.741074,39.32323,46.93633556365967,44.65081483694178,42.67884216308594,48.70959217830159,0.3306527695477831,10.988259,-0.008449497,yes,ls-psrmoe-v4.1,0.2163329165208103,9.299473083951293e-16,0.7836670834791888,0.0,46.93633556365967,0.6410944001366123,5.4553414775947005,84.87151980885723,0.9,no,medium,10.993232786814378,"{""neural"": 9.299473083951293e-16, ""physics"": 0.21633291652081033, ""xgboost"": 0.7836670834791888}"
PA_EXT_F0F5A1C2B409,EXT_F0F5A1C2B409,OPEN_CELLULOSE_ESTER,SFC_A70448B898F8,LIQ_6656B41AB7,cellulose_ester,probe_assisted,prospective_open_external,2,35.8,44.15333238785214,84.68702,77.26144,32.963924407958984,45.84661897075488,31.16565284729004,39.25964640514455,0.4945106630407229,11.05472,0.12710789,yes,ls-psrmoe-v4.1,0.2163329165208103,9.299473083951293e-16,0.7836670834791888,0.0,32.963924407958984,0.6501651025284433,4.445243222220874,83.86142155348341,0.9,no,medium,11.065774942328304,"{""neural"": 9.299473083951293e-16, ""physics"": 0.21633291652081033, ""xgboost"": 0.7836670834791888}"
PA_EXT_A61229BDED6F,EXT_A61229BDED6F,OPEN_CELLULOSE_ESTER,SFC_A70448B898F8,LIQ_0F4168490E,cellulose_ester,probe_assisted,prospective_open_external,2,70.3,91.48085340644592,93.1055,95.10984,91.03236656188965,89.17345683976103,96.66044158935549,87.97166339929349,0.5704802541995683,10.92592,-0.034820065,yes,ls-psrmoe-v4.1,0.2163329165208103,9.299473083951293e-16,0.7836670834791888,0.0,91.03236656188965,0.6385678492181578,51.77276424081465,131.18894257207717,0.9,no,medium,10.94080324139099,"{""neural"": 9.299473083951293e-16, ""physics"": 0.21633291652081033, ""xgboost"": 0.7836670834791888}"
PA_EXT_94AA6A446187,EXT_94AA6A446187,OPEN_CELLULOSE_ESTER,SFC_5C313003AB36,LIQ_1BD1B94C09,cellulose_ester,probe_assisted,prospective_open_external,2,71.2,54.44222840073531,51.051918,51.119095,55.37813057899475,52.983435224129565,54.75381164550781,55.64030317024183,0.229806789515407,10.9539995,-0.0021104403,yes,ls-psrmoe-v4.1,0.2163329165208103,9.299473083951293e-16,0.7836670834791888,0.0,55.37813057899475,0.6402891454255877,14.734139235104045,94.15031756636657,0.9,no,medium,10.956409822862032,"{""neural"": 9.299473083951293e-16, ""physics"": 0.21633291652081033, ""xgboost"": 0.7836670834791888}"
PA_EXT_5EF19E47F632,EXT_5EF19E47F632,OPEN_CELLULOSE_ESTER,SFC_5C313003AB36,LIQ_6656B41AB7,cellulose_ester,probe_assisted,prospective_open_external,2,41.0,50.09978821687953,88.828636,81.9008,39.408609771728514,51.418387047726014,46.587100219726565,42.90594447875978,0.5036784536778154,11.02169,0.11995703,yes,ls-psrmoe-v4.1,0.2163329165208103,9.299473083951293e-16,0.7836670834791888,0.0,39.408609771728514,0.6485538474638426,10.391699051248267,89.8078773825108,0.9,no,medium,11.033192758254488,"{""neural"": 9.299473083951293e-16, ""physics"": 0.21633291652081033, ""xgboost"": 0.7836670834791888}"
PA_EXT_219685EEFF8F,EXT_219685EEFF8F,OPEN_CELLULOSE_ESTER,SFC_5C313003AB36,LIQ_0F4168490E,cellulose_ester,probe_assisted,prospective_open_external,2,80.2,106.43113075114664,101.78192,104.344826,107.71455459594726,104.65170245403392,112.09883880615234,105.24688454056924,0.8234471267666198,10.921249,-0.04330004,yes,ls-psrmoe-v4.1,0.2163329165208103,9.299473083951293e-16,0.7836670834791888,0.0,107.71455459594728,0.6417505263373834,66.72304158551538,146.1392199167779,0.9,no,medium,10.952248394306128,"{""neural"": 9.299473083951293e-16, ""physics"": 0.21633291652081033, ""xgboost"": 0.7836670834791888}"
PA_EXT_E11F4024C217,EXT_E11F4024C217,OPEN_CELLULOSE_ESTER,SFC_316C3D980026,LIQ_1BD1B94C09,cellulose_ester,probe_assisted,prospective_open_external,2,78.7,54.20064473700311,58.751305,58.467945,52.944425678253175,57.510307959344814,55.92078857421875,57.35363656300906,0.2603063367738065,10.938103,0.0033234723,yes,ls-psrmoe-v4.1,0.2163329165208103,9.299473083951293e-16,0.7836670834791888,0.0,52.944425678253175,0.6401011650139785,14.492555571371845,93.90873390263437,0.9,no,medium,10.941199962873068,"{""neural"": 9.299473083951293e-16, ""physics"": 0.21633291652081033, ""xgboost"": 0.7836670834791888}"
PA_EXT_080C51B10123,EXT_080C51B10123,OPEN_CELLULOSE_ESTER,SFC_316C3D980026,LIQ_6656B41AB7,cellulose_ester,probe_assisted,prospective_open_external,2,45.2,80.19961577317156,93.961044,87.099236,76.40074501037597,68.65388599175489,71.29237213134766,51.58244905746041,0.4850388459642171,11.006693,0.11949296,yes,ls-psrmoe-v4.1,0.2163329165208103,9.299473083951293e-16,0.7836670834791888,0.0,76.40074501037597,0.6491423556585172,40.491526607540294,119.90770493880282,0.9,no,medium,11.017375072055199,"{""neural"": 9.299473083951293e-16, ""physics"": 0.21633291652081033, ""xgboost"": 0.7836670834791888}"
PA_EXT_2280601FAB67,EXT_2280601FAB67,OPEN_CELLULOSE_ESTER,SFC_316C3D980026,LIQ_0F4168490E,cellulose_ester,probe_assisted,prospective_open_external,2,86.9,105.69481300445597,104.46651,107.07286,106.03388942480088,107.3096579354559,116.4943832397461,106.44132423750548,0.4425606688998489,10.960175,-0.043434374,yes,ls-psrmoe-v4.1,0.2163329165208103,9.299473083951293e-16,0.7836670834791888,0.0,106.03388942480088,0.6412138206778496,65.9867238388247,145.40290217008723,0.9,no,medium,10.969106434723026,"{""neural"": 9.299473083951293e-16, ""physics"": 0.21633291652081033, ""xgboost"": 0.7836670834791888}"
PA_EXT_0D0567136BE4,EXT_0D0567136BE4,OPEN_CROSS_MATERIAL_2026,SFC_CCA852C05DD9,LIQ_6656B41AB7,other,probe_assisted,prospective_open_external,4,43.2,40.90997781148716,79.73812,71.78562,30.19138870239258,45.50254634869181,29.36044998168945,34.914390539469125,0.320695946777002,10.858061,0.13433388,yes,ls-psrmoe-v4.1,0.2163329165208103,9.299473083951293e-16,0.7836670834791888,0.0,30.19138870239258,0.1235709544661207,1.2018886458558953,80.61806697711842,0.9,no,medium,10.862795891021804,"{""neural"": 9.299473083951293e-16, ""physics"": 0.21633291652081033, ""xgboost"": 0.7836670834791888}"
PA_EXT_03E658446E71,EXT_03E658446E71,OPEN_CROSS_MATERIAL_2026,SFC_CCA852C05DD9,LIQ_1BD1B94C09,other,probe_assisted,prospective_open_external,4,56.7,49.510565558782766,54.13375,53.008156,48.23432569503784,52.22099154619782,44.98822937011719,48.55141252057401,0.2117403144262107,10.846623,0.015404025,yes,ls-psrmoe-v4.1,0.2163329165208103,9.299473083951293e-16,0.7836670834791888,0.0,48.23432569503784,0.086441997580487,9.802476393151501,89.21865472441402,0.9,no,medium,10.8486895275366,"{""neural"": 9.299473083951293e-16, ""physics"": 0.21633291652081033, ""xgboost"": 0.7836670834791888}"
PA_EXT_4192CE86DB7A,EXT_4192CE86DB7A,OPEN_CROSS_MATERIAL_2026,SFC_CCA852C05DD9,LIQ_53310FAFB3,other,probe_assisted,prospective_open_external,4,57.0,43.79755725837585,42.86537,45.447895,44.0548890054226,49.963736274804354,40.209154510498045,46.85585729831888,0.3857515807640967,10.938994,-0.032533683,yes,ls-psrmoe-v4.1,0.2163329165208103,9.299473083951293e-16,0.7836670834791888,0.0,44.0548890054226,0.0858886915631013,4.089468092744589,83.50564642400713,0.9,no,medium,10.945793439221205,"{""neural"": 9.299473083951293e-16, ""physics"": 0.21633291652081033, ""xgboost"": 0.7836670834791888}"
PA_EXT_EDDBCE0D5ECF,EXT_EDDBCE0D5ECF,OPEN_CROSS_MATERIAL_2026,SFC_CCA852C05DD9,LIQ_5C0DC0DCD1,other,probe_assisted,prospective_open_external,4,66.8,54.98684198931653,60.579365,59.567554,53.44301452636719,58.48525827181392,47.62656860351562,50.430132900967166,0.553662096983292,10.833913,0.015030526,yes,ls-psrmoe-v4.1,0.2163329165208103,9.299473083951293e-16,0.7836670834791888,0.0,53.44301452636719,0.0925382141022752,15.278752823685267,94.6949311549478,0.9,no,medium,10.84805109728033,"{""neural"": 9.299473083951293e-16, ""physics"": 0.21633291652081033, ""xgboost"": 0.7836670834791888}"
PA_EXT_45B7FC6A550A,EXT_45B7FC6A550A,OPEN_CROSS_MATERIAL_2026,SFC_CCA852C05DD9,LIQ_0F4168490E,other,probe_assisted,prospective_open_external,4,72.8,81.0397820302546,88.243355,88.919205,79.05122089385986,83.21141901328893,80.58426208496094,79.41702010792213,0.2775052409215491,10.795132,-0.011799063,yes,ls-psrmoe-v4.1,0.2163329165208103,9.299473083951293e-16,0.7836670834791888,0.0,79.05122089385986,0.0782871502744234,41.331692864623335,120.74787119588586,0.9,no,medium,10.79869825748284,"{""neural"": 9.299473083951293e-16, ""physics"": 0.21633291652081033, ""xgboost"": 0.7836670834791888}"
PA_EXT_CD007E6F73D6,EXT_CD007E6F73D6,OPEN_POLYMER_SURFACES_2023,SFC_D997DF0085DF,LIQ_0F4168490E,polymer,probe_assisted,prospective_open_external,2,56.0,63.81956472505116,68.033035,70.09524,62.656427478790285,64.29432558690351,58.06705780029297,62.56350962114806,0.6419833401058148,10.759781,-0.033697132,yes,ls-psrmoe-v4.1,0.2163329165208103,9.299473083951293e-16,0.7836670834791888,0.0,62.656427478790285,0.0650707537862318,24.111475559419894,103.52765389068242,0.9,no,medium,10.778915983387867,"{""neural"": 9.299473083951293e-16, ""physics"": 0.21633291652081033, ""xgboost"": 0.7836670834791888}"
PA_EXT_0D45D9BA0074,EXT_0D45D9BA0074,OPEN_POLYMER_SURFACES_2023,SFC_D997DF0085DF,LIQ_1BD1B94C09,polymer,probe_assisted,prospective_open_external,2,32.0,3.9638801595363264,8.161278,10.301245,2.8051798820495604,7.733754056884915,29.1765811920166,38.72102120944815,1.4503277048475178,10.826555,-0.015849566,yes,ls-psrmoe-v4.1,0.2163329165208103,9.299473083951293e-16,0.7836670834791888,0.0,2.8051798820495604,0.0826850383415781,0.0,43.67196932516759,0.9,no,medium,10.923266160790613,"{""neural"": 9.299473083951293e-16, ""physics"": 0.21633291652081033, ""xgboost"": 0.7836670834791888}"
PA_EXT_297563844CCE,EXT_297563844CCE,OPEN_POLYMER_SURFACES_2023,SFC_D997DF0085DF,LIQ_6656B41AB7,polymer,probe_assisted,prospective_open_external,2,25.0,25.72186648477345,55.50181,47.198112,17.50105209350586,29.346488978183157,27.10442352294922,38.92825530852228,1.1177365011696283,10.806454,0.11242849,yes,ls-psrmoe-v4.1,0.2163329165208103,9.299473083951293e-16,0.7836670834791888,0.0,17.50105209350586,0.0722232858093826,0.0,65.42995565040471,0.9,no,medium,10.864105252627246,"{""neural"": 9.299473083951293e-16, ""physics"": 0.21633291652081033, ""xgboost"": 0.7836670834791888}"
PA_EXT_B5BBE06381DD,EXT_B5BBE06381DD,OPEN_POLYMER_SURFACES_2023,SFC_874E84FC80A7,LIQ_0F4168490E,polymer,probe_assisted,prospective_open_external,2,60.0,68.1446783439352,72.28326,73.74205,67.00221529006959,68.40851367639945,62.69346923828125,66.02542714549963,0.6341878306439295,10.778952,-0.024399266,yes,ls-psrmoe-v4.1,0.2163329165208103,9.299473083951293e-16,0.7836670834791888,0.0,67.00221529006959,0.0656310502025356,28.436589178303933,107.85276750956646,0.9,no,medium,10.797592343797799,"{""neural"": 9.299473083951293e-16, ""physics"": 0.21633291652081033, ""xgboost"": 0.7836670834791888}"
PA_EXT_CF2DEF31E69A,EXT_CF2DEF31E69A,OPEN_POLYMER_SURFACES_2023,SFC_874E84FC80A7,LIQ_1BD1B94C09,polymer,probe_assisted,prospective_open_external,2,43.0,20.42552738552371,28.203568,26.680933,18.27838335037232,24.867812394284822,32.02333145141601,43.28363458696987,1.3630738774527864,10.819548,0.011805998,yes,ls-psrmoe-v4.1,0.2163329165208103,9.299473083951293e-16,0.7836670834791888,0.0,18.27838335037232,0.0824987748700541,0.0,60.13361655115497,0.9,no,medium,10.905071724647122,"{""neural"": 9.299473083951293e-16, ""physics"": 0.21633291652081033, ""xgboost"": 0.7836670834791888}"
PA_EXT_04AB24A5BB0A,EXT_04AB24A5BB0A,OPEN_POLYMER_SURFACES_2023,SFC_874E84FC80A7,LIQ_6656B41AB7,polymer,probe_assisted,prospective_open_external,2,41.0,34.64312516576232,66.710495,58.389557,25.790861511230467,36.43571379029432,29.80889129638672,38.76900958614255,1.0662320363702535,10.824481,0.12824115,yes,ls-psrmoe-v4.1,0.2163329165208103,9.299473083951293e-16,0.7836670834791888,0.0,25.790861511230467,0.0658080176698843,0.0,74.35121433139358,0.9,no,medium,10.876867181074855,"{""neural"": 9.299473083951293e-16, ""physics"": 0.21633291652081033, ""xgboost"": 0.7836670834791888}"
PA_EXT_1924C779E86F,EXT_1924C779E86F,OPEN_POLYMER_SURFACES_2023,SFC_E066D95CCC78,LIQ_0F4168490E,polymer,probe_assisted,prospective_open_external,2,82.0,94.55551823862572,93.91805,95.18771,94.7314919241704,90.01700778459345,97.04740600585936,88.77812477472565,0.6291532154410258,10.688702,-0.022077367,yes,ls-psrmoe-v4.1,0.2163329165208103,9.299473083951293e-16,0.7836670834791888,0.0,94.7314919241704,0.0606193756771098,54.84742907299446,134.263607404257,0.9,no,medium,10.707202445704656,"{""neural"": 9.299473083951293e-16, ""physics"": 0.21633291652081033, ""xgboost"": 0.7836670834791888}"
PA_EXT_D02ABE046CF1,EXT_D02ABE046CF1,OPEN_POLYMER_SURFACES_2023,SFC_E066D95CCC78,LIQ_1BD1B94C09,polymer,probe_assisted,prospective_open_external,2,61.0,53.05207755841002,49.92566,49.597218,53.91513180732727,51.94606605871062,53.76886367797852,54.88236186557236,0.2567268492588918,10.702143,0.004289749,yes,ls-psrmoe-v4.1,0.2163329165208103,9.299473083951293e-16,0.7836670834791888,0.0,53.91513180732727,0.0797927742794421,13.343988392778755,92.76016672404128,0.9,no,medium,10.705221785071965,"{""neural"": 9.299473083951293e-16, ""physics"": 0.21633291652081033, ""xgboost"": 0.7836670834791888}"
PA_EXT_B6135F6CB593,EXT_B6135F6CB593,OPEN_POLYMER_SURFACES_2023,SFC_E066D95CCC78,LIQ_6656B41AB7,polymer,probe_assisted,prospective_open_external,2,32.0,51.86463072694912,62.15884,56.095043,49.02289295196533,49.2602525154232,42.80755767822266,43.955589141989975,0.5710728493629882,10.727678,0.09056131,yes,ls-psrmoe-v4.1,0.2163329165208103,9.299473083951293e-16,0.7836670834791888,0.0,49.02289295196534,0.0607892202958766,12.156541561317859,91.57271989258038,0.9,no,medium,10.742867376588224,"{""neural"": 9.299473083951293e-16, ""physics"": 0.21633291652081033, ""xgboost"": 0.7836670834791888}"
PA_EXT_59D01A9DD4A8,EXT_59D01A9DD4A8,OPEN_POLYMER_SURFACES_2023,SFC_AC4DDEECE3F7,LIQ_0F4168490E,polymer,probe_assisted,prospective_open_external,2,70.0,73.34450258240132,79.12263,80.54282,71.74943933486938,74.02612272583852,66.52052001953125,70.28561120887233,0.4469432143191072,10.751399,-0.024424728,yes,ls-psrmoe-v4.1,0.2163329165208103,9.299473083951293e-16,0.7836670834791888,0.0,71.74943933486938,0.0616231135675217,33.636413416770054,113.05259174803258,0.9,no,medium,10.760684861756099,"{""neural"": 9.299473083951293e-16, ""physics"": 0.21633291652081033, ""xgboost"": 0.7836670834791888}"
PA_EXT_DA68FAFFF9C1,EXT_DA68FAFFF9C1,OPEN_POLYMER_SURFACES_2023,SFC_AC4DDEECE3F7,LIQ_1BD1B94C09,polymer,probe_assisted,prospective_open_external,2,50.0,46.63422981946415,40.514378,39.494385,48.32362766265869,46.233375230140645,46.33580856323242,49.0855447342513,0.4158808963369176,10.766489,0.011308188,yes,ls-psrmoe-v4.1,0.2163329165208103,9.299473083951293e-16,0.7836670834791888,0.0,48.3236276626587,0.0763061791429713,6.9261406538328885,86.34231898509542,0.9,no,medium,10.774518193731867,"{""neural"": 9.299473083951293e-16, ""physics"": 0.21633291652081033, ""xgboost"": 0.7836670834791888}"
PA_EXT_BFC1FC4FCDFE,EXT_BFC1FC4FCDFE,OPEN_POLYMER_SURFACES_2023,SFC_AC4DDEECE3F7,LIQ_6656B41AB7,polymer,probe_assisted,prospective_open_external,2,41.0,35.7590926579998,61.75843,54.72354,28.58192176818848,36.65998438675481,32.11230239868164,40.3781116702812,0.891862926584768,10.768143,0.10396004,yes,ls-psrmoe-v4.1,0.2163329165208103,9.299473083951293e-16,0.7836670834791888,0.0,28.58192176818848,0.0653438797094354,0.0,75.46718182363107,0.9,no,medium,10.80501379676423,"{""neural"": 9.299473083951293e-16, ""physics"": 0.21633291652081033, ""xgboost"": 0.7836670834791888}"
PA_EXT_9320E89C123F,EXT_9320E89C123F,OPEN_POLYMER_SURFACES_2023,SFC_F0BFA31774A7,LIQ_0F4168490E,polymer,probe_assisted,prospective_open_external,2,96.0,78.5022593341475,85.61629,87.129944,76.53841724395753,79.1604007889882,74.05890350341797,76.2223521366745,0.3849363438551024,10.713617,-0.026373763,yes,ls-psrmoe-v4.1,0.2163329165208103,9.299473083951293e-16,0.7836670834791888,0.0,76.53841724395753,0.0594646108312644,38.79417016851623,118.21034849977876,0.9,no,medium,10.720530080714736,"{""neural"": 9.299473083951293e-16, ""physics"": 0.21633291652081033, ""xgboost"": 0.7836670834791888}"
PA_EXT_61F8100551D0,EXT_61F8100551D0,OPEN_POLYMER_SURFACES_2023,SFC_F0BFA31774A7,LIQ_1BD1B94C09,polymer,probe_assisted,prospective_open_external,2,54.0,66.1207327173072,63.311123,62.4611,66.89633131027222,62.57477598757691,67.77043151855469,59.759999235044674,0.4941150077072403,10.670626,0.013176699,yes,ls-psrmoe-v4.1,0.2163329165208103,9.299473083951293e-16,0.7836670834791888,0.0,66.89633131027222,0.0816099100824254,26.41264355167594,105.82882188293847,0.9,no,medium,10.68206014178527,"{""neural"": 9.299473083951293e-16, ""physics"": 0.21633291652081033, ""xgboost"": 0.7836670834791888}"
PA_EXT_DA73FA01DE16,EXT_DA73FA01DE16,OPEN_POLYMER_SURFACES_2023,SFC_F0BFA31774A7,LIQ_6656B41AB7,polymer,probe_assisted,prospective_open_external,2,34.0,24.77816433968565,0.0,9.390789,31.618227767944337,5.795636158954908,44.25820388793945,51.02754143772624,0.6000896745731096,10.691919,-0.019014064,yes,ls-psrmoe-v4.1,0.2163329165208103,9.299473083951293e-16,0.7836670834791888,0.0,31.618227767944337,0.1220487055755345,0.0,64.48625350531691,0.9,no,medium,10.708745935920334,"{""neural"": 9.299473083951293e-16, ""physics"": 0.21633291652081033, ""xgboost"": 0.7836670834791888}"
PA_EXT_E8887E8FA242,EXT_E8887E8FA242,OPEN_POLYMER_SURFACES_2023,SFC_619070545661,LIQ_0F4168490E,polymer,probe_assisted,prospective_open_external,2,91.0,107.13116132380964,101.5127,103.66321,108.68214836120606,104.1048297051104,117.0921875,104.58765893108878,0.6862468767859042,10.7215605,-0.03660598,yes,ls-psrmoe-v4.1,0.2163329165208103,9.299473083951293e-16,0.7836670834791888,0.0,108.68214836120606,0.0784315253134127,67.42307215817837,146.8392504894409,0.9,no,medium,10.743500096851989,"{""neural"": 9.299473083951293e-16, ""physics"": 0.21633291652081033, ""xgboost"": 0.7836670834791888}"
PA_EXT_2D6D530BDE66,EXT_2D6D530BDE66,OPEN_POLYMER_SURFACES_2023,SFC_619070545661,LIQ_1BD1B94C09,polymer,probe_assisted,prospective_open_external,2,74.0,55.9374607963419,59.22076,58.506268,55.03109917640686,57.69269316769292,57.755862426757815,57.31540908262241,0.46550899954738,10.681646,0.010635586,yes,ls-psrmoe-v4.1,0.2163329165208103,9.299473083951293e-16,0.7836670834791888,0.0,55.03109917640686,0.0803928644613768,16.229371630710638,95.64554996197316,0.9,no,medium,10.69178469190133,"{""neural"": 9.299473083951293e-16, ""physics"": 0.21633291652081033, ""xgboost"": 0.7836670834791888}"
PA_EXT_0DF8EFC4C97A,EXT_0DF8EFC4C97A,OPEN_POLYMER_SURFACES_2023,SFC_619070545661,LIQ_6656B41AB7,polymer,probe_assisted,prospective_open_external,2,35.0,63.29662684486184,75.32853,69.04533,59.9751953125,56.46070809709751,54.419578552246094,47.565684622901394,0.8766838288256028,10.731464,0.10417296,yes,ls-psrmoe-v4.1,0.2163329165208103,9.299473083951293e-16,0.7836670834791888,0.0,59.9751953125,0.062501019371864,23.588537679230576,103.0047160104931,0.9,no,medium,10.767213851271848,"{""neural"": 9.299473083951293e-16, ""physics"": 0.21633291652081033, ""xgboost"": 0.7836670834791888}"
PA_EXT_398B369DB1D4,EXT_398B369DB1D4,OPEN_POLYMER_SURFACES_2023,SFC_FFE25A9A5A54,LIQ_0F4168490E,polymer,probe_assisted,prospective_open_external,2,87.0,103.92916406349428,98.56789,99.54242,105.40915584564208,96.2244641953283,109.46293792724607,93.57865815356142,0.6402006322501353,10.6867695,-0.016776303,yes,ls-psrmoe-v4.1,0.2163329165208103,9.299473083951293e-16,0.7836670834791888,0.0,105.40915584564208,0.0610814729316289,64.22107489786302,143.63725322912555,0.9,no,medium,10.705928226719239,"{""neural"": 9.299473083951293e-16, ""physics"": 0.21633291652081033, ""xgboost"": 0.7836670834791888}"
PA_EXT_4A1E7242F9DF,EXT_4A1E7242F9DF,OPEN_POLYMER_SURFACES_2023,SFC_FFE25A9A5A54,LIQ_1BD1B94C09,polymer,probe_assisted,prospective_open_external,2,66.0,51.5782009776052,55.877155,55.220818,50.39146575927735,54.26849753649386,54.235511016845706,56.029902350281965,0.5254975136611021,10.693067,0.009397942,yes,ls-psrmoe-v4.1,0.2163329165208103,9.299473083951293e-16,0.7836670834791888,0.0,50.39146575927735,0.0785323440352131,11.870111811973935,91.28629014323647,0.9,no,medium,10.705971674880939,"{""neural"": 9.299473083951293e-16, ""physics"": 0.21633291652081033, ""xgboost"": 0.7836670834791888}"
PA_EXT_C161311E1FB7,EXT_C161311E1FB7,OPEN_POLYMER_SURFACES_2023,SFC_FFE25A9A5A54,LIQ_6656B41AB7,polymer,probe_assisted,prospective_open_external,2,36.0,53.47288325382856,63.937626,58.090466,50.58406944274903,50.43961431193269,47.185037231445314,46.59769002375869,0.2847080499612687,10.717563,0.08903004,yes,ls-psrmoe-v4.1,0.2163329165208103,9.299473083951293e-16,0.7836670834791888,0.0,50.58406944274903,0.0615113996344952,13.764794088197299,93.18097241945983,0.9,no,medium,10.721343914485802,"{""neural"": 9.299473083951293e-16, ""physics"": 0.21633291652081033, ""xgboost"": 0.7836670834791888}"
PA_EXT_D5FF9F67F45C,EXT_D5FF9F67F45C,OPEN_POLYMER_SURFACES_2023,SFC_1D7210C10C8C,LIQ_0F4168490E,polymer,probe_assisted,prospective_open_external,2,81.0,86.5948405995059,92.04211,93.25413,85.09111156463624,86.07857234202604,88.46499176025391,82.56101814139916,0.5438274546026808,10.704487,-0.02112392,yes,ls-psrmoe-v4.1,0.2163329165208103,9.299473083951293e-16,0.7836670834791888,0.0,85.09111156463624,0.0599395606087067,46.886751433874636,126.30292976513716,0.9,no,medium,10.718292318907366,"{""neural"": 9.299473083951293e-16, ""physics"": 0.21633291652081033, ""xgboost"": 0.7836670834791888}"
PA_EXT_C9A4F8CA797A,EXT_C9A4F8CA797A,OPEN_POLYMER_SURFACES_2023,SFC_1D7210C10C8C,LIQ_1BD1B94C09,polymer,probe_assisted,prospective_open_external,2,61.0,54.00853633974451,50.80538,50.12423,54.89277377128601,52.437338106504754,54.79143447875977,55.36433665895844,0.127892843191101,10.71504,0.00910227,yes,ls-psrmoe-v4.1,0.2163329165208103,9.299473083951293e-16,0.7836670834791888,0.0,54.892773771286016,0.0790985074810651,14.300447174113245,93.71662550537577,0.9,no,medium,10.715803226120732,"{""neural"": 9.299473083951293e-16, ""physics"": 0.21633291652081033, ""xgboost"": 0.7836670834791888}"
PA_EXT_BC643C3D7862,EXT_BC643C3D7862,OPEN_POLYMER_SURFACES_2023,SFC_1D7210C10C8C,LIQ_6656B41AB7,polymer,probe_assisted,prospective_open_external,2,38.0,53.19097404763888,64.19397,57.950233,50.15357437133789,50.14593650801993,45.03245239257812,43.97467051109185,0.2739674416836554,10.735331,0.095083736,yes,ls-psrmoe-v4.1,0.2163329165208103,9.299473083951293e-16,0.7836670834791888,0.0,50.15357437133789,0.0622655434919563,13.482884882007617,92.89906321327015,0.9,no,medium,10.738826278446993,"{""neural"": 9.299473083951293e-16, ""physics"": 0.21633291652081033, ""xgboost"": 0.7836670834791888}"
PA_EXT_F80C8FA1754C,EXT_F80C8FA1754C,OPEN_POLYMER_SURFACES_2023,SFC_ECD42A787C67,LIQ_0F4168490E,polymer,probe_assisted,prospective_open_external,2,71.0,84.12907233450015,89.09553,90.35054,82.75807209014893,83.22743550746438,86.38871459960937,80.84524360879726,0.5141132942981331,10.716476,-0.02190355,yes,ls-psrmoe-v4.1,0.2163329165208103,9.299473083951293e-16,0.7836670834791888,0.0,82.75807209014893,0.0596130231322254,44.42098316886889,123.83716150013142,0.9,no,medium,10.728800973918291,"{""neural"": 9.299473083951293e-16, ""physics"": 0.21633291652081033, ""xgboost"": 0.7836670834791888}"
PA_EXT_686D150BDAAF,EXT_686D150BDAAF,OPEN_POLYMER_SURFACES_2023,SFC_ECD42A787C67,LIQ_1BD1B94C09,polymer,probe_assisted,prospective_open_external,2,59.0,47.24214545964325,41.204086,40.306194,48.90896415710449,46.774310643245926,45.9840087890625,49.11654313736825,0.3581767702287743,10.759695,0.010099145,yes,ls-psrmoe-v4.1,0.2163329165208103,9.299473083951293e-16,0.7836670834791888,0.0,48.90896415710449,0.0754089062544685,7.534056294011982,86.9502346252745,0.9,no,medium,10.765654977369307,"{""neural"": 9.299473083951293e-16, ""physics"": 0.21633291652081033, ""xgboost"": 0.7836670834791888}"
PA_EXT_3D82C848D389,EXT_3D82C848D389,OPEN_POLYMER_SURFACES_2023,SFC_ECD42A787C67,LIQ_6656B41AB7,polymer,probe_assisted,prospective_open_external,2,40.0,42.64739830452571,78.62632,70.65879,32.71534271240235,42.28922008215236,33.81599426269531,40.155736474042136,0.4859916470349557,10.815118,0.13368113,yes,ls-psrmoe-v4.1,0.2163329165208103,9.299473083951293e-16,0.7836670834791888,0.0,32.71534271240235,0.0614892020519657,2.939309138894444,82.35548747015697,0.9,no,medium,10.82603183234336,"{""neural"": 9.299473083951293e-16, ""physics"": 0.21633291652081033, ""xgboost"": 0.7836670834791888}"
PA_EXT_C03E4F87416F,EXT_C03E4F87416F,OPEN_POLYMER_SURFACES_2023,SFC_5648457375F3,LIQ_0F4168490E,polymer,probe_assisted,prospective_open_external,2,80.0,74.65879127013102,80.17509,81.26935,73.13600645065307,76.14874615237974,68.71373901367187,70.91830278277517,0.1733154487402004,10.769516,-0.018871628,yes,ls-psrmoe-v4.1,0.2163329165208103,9.299473083951293e-16,0.7836670834791888,0.0,73.13600645065307,0.0635482890517493,34.950702104499754,114.36688043576228,0.9,no,medium,10.770910505571385,"{""neural"": 9.299473083951293e-16, ""physics"": 0.21633291652081033, ""xgboost"": 0.7836670834791888}"
PA_EXT_B4AB0610DC8D,EXT_B4AB0610DC8D,OPEN_POLYMER_SURFACES_2023,SFC_5648457375F3,LIQ_1BD1B94C09,polymer,probe_assisted,prospective_open_external,2,54.0,51.56700410422621,53.836502,52.371773,50.940504503250125,54.15390319923684,53.19489974975586,52.81922017832511,0.4620711278200001,10.740979,0.02039791,yes,ls-psrmoe-v4.1,0.2163329165208103,9.299473083951293e-16,0.7836670834791888,0.0,50.940504503250125,0.0776737955039452,11.858914938594943,91.27509326985748,0.9,no,medium,10.750913431220894,"{""neural"": 9.299473083951293e-16, ""physics"": 0.21633291652081033, ""xgboost"": 0.7836670834791888}"
PA_EXT_8EC71DE1D3C8,EXT_8EC71DE1D3C8,OPEN_POLYMER_SURFACES_2023,SFC_5648457375F3,LIQ_6656B41AB7,polymer,probe_assisted,prospective_open_external,2,49.0,47.57209373363882,49.418312,43.827,47.06244134902954,42.86013151668484,42.82125015258789,45.890176411177386,0.6523151567367721,10.709183,0.070683815,yes,ls-psrmoe-v4.1,0.2163329165208103,9.299473083951293e-16,0.7836670834791888,0.0,47.06244134902954,0.0662523274251211,7.864004568007559,87.28018289927009,0.9,no,medium,10.729031437701984,"{""neural"": 9.299473083951293e-16, ""physics"": 0.21633291652081033, ""xgboost"": 0.7836670834791888}"
PA_EXT_D8FBAAD59B4B,EXT_D8FBAAD59B4B,OPEN_POLYMER_SURFACES_2023,SFC_4CBC1B4A127C,LIQ_0F4168490E,polymer,probe_assisted,prospective_open_external,2,102.0,110.13478918993384,107.73081,109.299484,110.79841203689575,109.8742961353348,116.55512847900393,105.612315289995,0.2955249718516972,10.755585,-0.025914535,yes,ls-psrmoe-v4.1,0.2163329165208103,9.299473083951293e-16,0.7836670834791888,0.0,110.79841203689575,0.0647146751291996,70.42670002430258,149.84287835556512,0.9,no,medium,10.759644218152054,"{""neural"": 9.299473083951293e-16, ""physics"": 0.21633291652081033, ""xgboost"": 0.7836670834791888}"
PA_EXT_1DC596480B9E,EXT_1DC596480B9E,OPEN_POLYMER_SURFACES_2023,SFC_4CBC1B4A127C,LIQ_1BD1B94C09,polymer,probe_assisted,prospective_open_external,2,85.0,73.99195268422334,74.029625,72.16936,73.98155318051576,71.97839535441055,75.10650177001953,61.856340322196914,0.4675696700200547,10.690384,0.031045625,yes,ls-psrmoe-v4.1,0.2163329165208103,9.299473083951293e-16,0.7836670834791888,0.0,73.98155318051576,0.0795416840558457,34.28386351859207,113.7000418498546,0.9,no,medium,10.700604256946365,"{""neural"": 9.299473083951293e-16, ""physics"": 0.21633291652081033, ""xgboost"": 0.7836670834791888}"
PA_EXT_A3F4030D6CB1,EXT_A3F4030D6CB1,OPEN_POLYMER_SURFACES_2023,SFC_4CBC1B4A127C,LIQ_6656B41AB7,polymer,probe_assisted,prospective_open_external,2,53.0,68.63337599607159,81.30065,75.105644,65.1365484237671,61.077760324287375,57.52408218383789,51.61416657089608,0.8887743163563173,10.718828,0.105658986,yes,ls-psrmoe-v4.1,0.2163329165208103,9.299473083951293e-16,0.7836670834791888,0.0,65.1365484237671,0.0656668704782551,28.925286830440328,108.34146516170286,0.9,no,medium,10.755612185226774,"{""neural"": 9.299473083951293e-16, ""physics"": 0.21633291652081033, ""xgboost"": 0.7836670834791888}"
PA_EXT_31D988D57B38,EXT_31D988D57B38,OPEN_POLYMER_SURFACES_2023,SFC_4BD23D0F3546,LIQ_0F4168490E,polymer,probe_assisted,prospective_open_external,2,82.0,73.83265614934402,79.2965,79.70351,72.32435045242309,76.13740350114881,63.74136657714844,69.19087251913389,0.5665715171108092,10.819207,-0.0070145293,yes,ls-psrmoe-v4.1,0.2163329165208103,9.299473083951293e-16,0.7836670834791888,0.0,72.32435045242309,0.0747940994432325,34.124566983712754,113.54074531497528,0.9,no,medium,10.834031723825174,"{""neural"": 9.299473083951293e-16, ""physics"": 0.21633291652081033, ""xgboost"": 0.7836670834791888}"
PA_EXT_CA5F8E2A53C2,EXT_CA5F8E2A53C2,OPEN_POLYMER_SURFACES_2023,SFC_4BD23D0F3546,LIQ_1BD1B94C09,polymer,probe_assisted,prospective_open_external,2,59.0,57.45826503013053,61.355564,58.878517,56.38240756988525,60.23123766302465,50.98839569091797,50.98381006800552,0.3800016002648287,10.769197,0.0374173,yes,ls-psrmoe-v4.1,0.2163329165208103,9.299473083951293e-16,0.7836670834791888,0.0,56.38240756988525,0.0770207205509826,17.75017586449927,97.1663541957618,0.9,no,medium,10.775899277601514,"{""neural"": 9.299473083951293e-16, ""physics"": 0.21633291652081033, ""xgboost"": 0.7836670834791888}"
PA_EXT_C03F819C4B66,EXT_C03F819C4B66,OPEN_POLYMER_SURFACES_2023,SFC_4BD23D0F3546,LIQ_6656B41AB7,polymer,probe_assisted,prospective_open_external,2,63.0,47.62275641201095,57.352146,51.534996,44.93693828582764,45.72510405236666,43.2057991027832,45.08203817181959,0.7233062281347252,10.7177725,0.08234093,yes,ls-psrmoe-v4.1,0.2163329165208103,9.299473083951293e-16,0.7836670834791888,0.0,44.93693828582764,0.0625095255836002,7.914667246379686,87.33084557764221,0.9,no,medium,10.742151519198318,"{""neural"": 9.299473083951293e-16, ""physics"": 0.21633291652081033, ""xgboost"": 0.7836670834791888}"
PA_EXT_FD5F6987DAB6,EXT_FD5F6987DAB6,OPEN_POLYMER_SURFACES_2023,SFC_A65652A71181,LIQ_0F4168490E,polymer,probe_assisted,prospective_open_external,2,102.0,109.70783958858192,107.36101,108.68181,110.35568737983704,109.59566672156448,115.39232635498048,105.31556820816832,0.1713018300787481,10.735449,-0.02187999,yes,ls-psrmoe-v4.1,0.2163329165208103,9.299473083951293e-16,0.7836670834791888,0.0,110.35568737983702,0.0629474924716081,69.99975042295065,149.41592875421318,0.9,no,medium,10.736815614910658,"{""neural"": 9.299473083951293e-16, ""physics"": 0.21633291652081033, ""xgboost"": 0.7836670834791888}"
PA_EXT_4BF4B6EE2A48,EXT_4BF4B6EE2A48,OPEN_POLYMER_SURFACES_2023,SFC_A65652A71181,LIQ_1BD1B94C09,polymer,probe_assisted,prospective_open_external,2,82.0,74.20089379247483,74.73055,72.779305,74.05468036476523,72.54976328401072,75.12088928222656,62.07415622635424,0.6552893445468252,10.693931,0.03267476,yes,ls-psrmoe-v4.1,0.2163329165208103,9.299473083951293e-16,0.7836670834791888,0.0,74.05468036476523,0.0783106282037022,34.492804626843565,113.9089829581061,0.9,no,medium,10.713989189738694,"{""neural"": 9.299473083951293e-16, ""physics"": 0.21633291652081033, ""xgboost"": 0.7836670834791888}"
PA_EXT_63529BCBF35A,EXT_63529BCBF35A,OPEN_POLYMER_SURFACES_2023,SFC_A65652A71181,LIQ_6656B41AB7,polymer,probe_assisted,prospective_open_external,2,55.0,63.466955422081526,73.9828,68.202415,60.564033889770506,55.574956049714544,58.18903503417969,51.35011860729823,0.5840909487428203,10.706342,0.095256895,yes,ls-psrmoe-v4.1,0.2163329165208103,9.299473083951293e-16,0.7836670834791888,0.0,60.564033889770506,0.0607233241354083,23.75886625645026,103.17504458771279,0.9,no,medium,10.722262879512295,"{""neural"": 9.299473083951293e-16, ""physics"": 0.21633291652081033, ""xgboost"": 0.7836670834791888}"
PA_EXT_9FD20D27EB85,EXT_9FD20D27EB85,OPEN_POLYMER_SURFACES_2023,SFC_D9EFE53A22B1,LIQ_0F4168490E,polymer,probe_assisted,prospective_open_external,2,95.0,106.33930361637915,104.49002,104.712135,106.8498019695282,102.64500112757544,108.6227081298828,94.91618366686184,0.4595027551523582,10.71961,-0.0037162013,yes,ls-psrmoe-v4.1,0.2163329165208103,9.299473083951293e-16,0.7836670834791888,0.0,106.8498019695282,0.0611176807452533,66.63121445074789,146.04739278201043,0.9,no,medium,10.729453915931257,"{""neural"": 9.299473083951293e-16, ""physics"": 0.21633291652081033, ""xgboost"": 0.7836670834791888}"
PA_EXT_B9EFF76773A7,EXT_B9EFF76773A7,OPEN_POLYMER_SURFACES_2023,SFC_D9EFE53A22B1,LIQ_1BD1B94C09,polymer,probe_assisted,prospective_open_external,2,77.0,67.88931336288618,69.52059,67.65565,67.4389955997467,66.73150143722158,71.81964111328125,59.539092535361895,0.4049075750658215,10.709391,0.03027687,yes,ls-psrmoe-v4.1,0.2163329165208103,9.299473083951293e-16,0.7836670834791888,0.0,67.4389955997467,0.0769019475414345,28.18122419725492,107.59740252851745,0.9,no,medium,10.717042770056798,"{""neural"": 9.299473083951293e-16, ""physics"": 0.21633291652081033, ""xgboost"": 0.7836670834791888}"
PA_EXT_525C8E3D6CD6,EXT_525C8E3D6CD6,OPEN_POLYMER_SURFACES_2023,SFC_D9EFE53A22B1,LIQ_6656B41AB7,polymer,probe_assisted,prospective_open_external,2,56.0,62.91385859633939,74.942825,68.87073,59.593237495422365,56.244382013692224,56.804090118408205,50.804341011284535,0.7197332014952548,10.72074,0.10052608,yes,ls-psrmoe-v4.1,0.2163329165208103,9.299473083951293e-16,0.7836670834791888,0.0,59.593237495422365,0.0622403878669372,23.205769430708123,102.62194776197066,0.9,no,medium,10.744872359825155,"{""neural"": 9.299473083951293e-16, ""physics"": 0.21633291652081033, ""xgboost"": 0.7836670834791888}"
PA_EXT_61408262103D,EXT_61408262103D,OPEN_POLYMER_SURFACES_2023,SFC_6353761F5CC5,LIQ_0F4168490E,polymer,probe_assisted,prospective_open_external,2,98.0,103.75560951057528,102.42494,102.54342,104.12294301986694,99.79307147794992,102.52079162597656,92.18817857119303,0.2723968749717637,10.741178,-0.0019838284,yes,ls-psrmoe-v4.1,0.2163329165208103,9.299473083951293e-16,0.7836670834791888,0.0,104.12294301986697,0.0597441581103865,64.04752034494402,143.46369867620655,0.9,no,medium,10.744631444827617,"{""neural"": 9.299473083951293e-16, ""physics"": 0.21633291652081033, ""xgboost"": 0.7836670834791888}"
PA_EXT_6A1E54C20CCE,EXT_6A1E54C20CCE,OPEN_POLYMER_SURFACES_2023,SFC_6353761F5CC5,LIQ_1BD1B94C09,polymer,probe_assisted,prospective_open_external,2,78.0,70.11567213324905,74.56608,72.28899,68.8871283531189,70.97214706489441,71.74003601074219,61.19699948663465,0.380562884708892,10.717367,0.038059004,yes,ls-psrmoe-v4.1,0.2163329165208103,9.299473083951293e-16,0.7836670834791888,0.0,68.8871283531189,0.0752331014008346,30.407582967617785,109.82376129888031,0.9,no,medium,10.724121573439334,"{""neural"": 9.299473083951293e-16, ""physics"": 0.21633291652081033, ""xgboost"": 0.7836670834791888}"
PA_EXT_981E9EC8865E,EXT_981E9EC8865E,OPEN_POLYMER_SURFACES_2023,SFC_6353761F5CC5,LIQ_6656B41AB7,polymer,probe_assisted,prospective_open_external,2,63.0,60.08370992098772,71.67184,65.89693,56.884783554077146,53.31116765974211,56.24298858642578,50.60697747644499,0.632409547513584,10.7086315,0.09376289,yes,ls-psrmoe-v4.1,0.2163329165208103,9.299473083951293e-16,0.7836670834791888,0.0,56.88478355407714,0.0604118368651592,20.375620755356458,99.791799086619,0.9,no,medium,10.727289053557687,"{""neural"": 9.299473083951293e-16, ""physics"": 0.21633291652081033, ""xgboost"": 0.7836670834791888}"
PA_EXT_8A8E3AAF6896,EXT_8A8E3AAF6896,OPEN_POLYMER_SURFACES_2023,SFC_A66B59B95A03,LIQ_0F4168490E,polymer,probe_assisted,prospective_open_external,2,92.0,90.93493033497862,95.78697,95.802505,89.59551420211793,91.76030759622938,97.76715087890624,89.62252927520967,0.2405596893003961,10.7815275,-0.00025020912,yes,ls-psrmoe-v4.1,0.2163329165208103,9.299473083951293e-16,0.7836670834791888,0.0,89.59551420211791,0.0633169681668477,51.22684116934735,130.64301950060988,0.9,no,medium,10.784210875041927,"{""neural"": 9.299473083951293e-16, ""physics"": 0.21633291652081033, ""xgboost"": 0.7836670834791888}"
PA_EXT_80357B8C920D,EXT_80357B8C920D,OPEN_POLYMER_SURFACES_2023,SFC_A66B59B95A03,LIQ_1BD1B94C09,polymer,probe_assisted,prospective_open_external,2,76.0,68.7068486387501,72.99636,70.22777,67.52271995544433,68.62592848814896,69.27865142822266,59.455729804869215,0.5518396092092502,10.753599,0.045793746,yes,ls-psrmoe-v4.1,0.2163329165208103,9.299473083951293e-16,0.7836670834791888,0.0,67.52271995544433,0.0747074773631648,28.998759473118838,108.41493780438137,0.9,no,medium,10.767748994432086,"{""neural"": 9.299473083951293e-16, ""physics"": 0.21633291652081033, ""xgboost"": 0.7836670834791888}"
PA_EXT_C6419C1CBA62,EXT_C6419C1CBA62,OPEN_POLYMER_SURFACES_2023,SFC_A66B59B95A03,LIQ_6656B41AB7,polymer,probe_assisted,prospective_open_external,2,71.0,66.01463351275149,78.19956,71.78858,62.65095882415771,58.72892587622052,54.78547134399414,47.86837568404886,0.9142035977980684,10.735176,0.10785176,yes,ls-psrmoe-v4.1,0.2163329165208103,9.299473083951293e-16,0.7836670834791888,0.0,62.65095882415771,0.0644093001656536,26.306544347120223,105.72272267838275,0.9,no,medium,10.774032298503792,"{""neural"": 9.299473083951293e-16, ""physics"": 0.21633291652081033, ""xgboost"": 0.7836670834791888}"
PA_EXT_7720DE638AE3,EXT_7720DE638AE3,OPEN_POLYMER_SURFACES_2023,SFC_62075C90581B,LIQ_0F4168490E,polymer,probe_assisted,prospective_open_external,2,108.0,104.47851369908474,107.68992,106.80621,103.5919987678528,103.25146657445715,99.41326599121092,91.65972695258354,0.143461821472165,10.795562,0.014838676,yes,ls-psrmoe-v4.1,0.2163329165208103,9.299473083951293e-16,0.7836670834791888,0.0,103.5919987678528,0.072802071217632,64.77042453345348,144.186602864716,0.9,no,medium,10.796515187321514,"{""neural"": 9.299473083951293e-16, ""physics"": 0.21633291652081033, ""xgboost"": 0.7836670834791888}"
PA_EXT_8E3054DE5097,EXT_8E3054DE5097,OPEN_POLYMER_SURFACES_2023,SFC_62075C90581B,LIQ_1BD1B94C09,polymer,probe_assisted,prospective_open_external,2,92.0,86.22351484005156,92.22629,88.52284,84.56643695831299,86.21447724933043,84.30813598632812,66.67070398428339,0.3225285446407837,10.75007,0.064612485,yes,ls-psrmoe-v4.1,0.2163329165208103,9.299473083951293e-16,0.7836670834791888,0.0,84.56643695831299,0.085436547655533,46.5154256744203,125.93160400568283,0.9,no,medium,10.75490723655988,"{""neural"": 9.299473083951293e-16, ""physics"": 0.21633291652081033, ""xgboost"": 0.7836670834791888}"
PA_EXT_BC1C15EECE17,EXT_BC1C15EECE17,OPEN_POLYMER_SURFACES_2023,SFC_62075C90581B,LIQ_6656B41AB7,polymer,probe_assisted,prospective_open_external,2,88.0,73.84589056760552,87.45757,81.043015,70.0883575439453,66.01233975916819,66.58338775634766,54.62978868744117,0.8192695342929716,10.719652,0.11124432,yes,ls-psrmoe-v4.1,0.2163329165208103,9.299473083951293e-16,0.7836670834791888,0.0,70.0883575439453,0.0711965801661744,34.13780140197426,113.55397973323679,0.9,no,medium,10.750913522623303,"{""neural"": 9.299473083951293e-16, ""physics"": 0.21633291652081033, ""xgboost"": 0.7836670834791888}"
PA_EXT_49AD89E9F838,EXT_49AD89E9F838,OPEN_POLYMER_SURFACES_2023,SFC_36EF2E368C84,LIQ_0F4168490E,polymer,probe_assisted,prospective_open_external,2,125.0,121.82901574591652,122.17564,120.189125,121.73333042860033,118.30043637570544,105.73196411132812,97.0471331023369,0.5318581654332281,10.798616,0.030039709,yes,ls-psrmoe-v4.1,0.2163329165208103,9.299473083951293e-16,0.7836670834791888,0.0,121.73333042860033,0.0871344542334599,82.12092658028526,161.53710491154777,0.9,no,medium,10.811705722206558,"{""neural"": 9.299473083951293e-16, ""physics"": 0.21633291652081033, ""xgboost"": 0.7836670834791888}"
PA_EXT_650589542FBB,EXT_650589542FBB,OPEN_POLYMER_SURFACES_2023,SFC_36EF2E368C84,LIQ_1BD1B94C09,polymer,probe_assisted,prospective_open_external,2,109.0,112.27039409722478,110.917595,105.952614,112.64383710622788,106.70562810337336,105.19573974609376,79.5746870103005,0.6383838737950505,10.748424,0.08236073,yes,ls-psrmoe-v4.1,0.2163329165208103,9.299473083951293e-16,0.7836670834791888,0.0,112.64383710622788,0.1034890443760423,72.56230493159352,151.97848326285606,0.9,no,medium,10.767365158389381,"{""neural"": 9.299473083951293e-16, ""physics"": 0.21633291652081033, ""xgboost"": 0.7836670834791888}"
PA_EXT_C92CA45A6370,EXT_C92CA45A6370,OPEN_POLYMER_SURFACES_2023,SFC_36EF2E368C84,LIQ_6656B41AB7,polymer,probe_assisted,prospective_open_external,2,104.0,93.10568622582228,99.58588,92.58206,91.31681632995604,80.14309092256022,89.44981384277344,68.83722635606316,0.993587353443543,10.720093,0.12150122,yes,ls-psrmoe-v4.1,0.2163329165208103,9.299473083951293e-16,0.7836670834791888,0.0,91.31681632995604,0.0840887398775988,53.39759706019102,132.81377539145353,0.9,no,medium,10.766039650566588,"{""neural"": 9.299473083951293e-16, ""physics"": 0.21633291652081033, ""xgboost"": 0.7836670834791888}"
PA_EXT_C52AF747E8BF,EXT_C52AF747E8BF,OPEN_TEXTILE_ANTI_WETTING_2019,SFC_70D1A1076BBD,LIQ_0F4168490E,polymer_textile,probe_assisted,prospective_open_external,2,0.0,23.21970265955192,44.28114,42.580647,17.40564956665039,32.463900593601544,33.518733978271484,53.16863444023338,0.5477579744071892,11.04332,0.019175364,yes,ls-psrmoe-v4.1,0.2163329165208103,9.299473083951293e-16,0.7836670834791888,0.0,17.40564956665039,0.0988728890741763,0.0,62.927791825183185,0.9,no,medium,11.05689628335758,"{""neural"": 9.299473083951293e-16, ""physics"": 0.21633291652081033, ""xgboost"": 0.7836670834791888}"
PA_EXT_1366AD9E4A11,EXT_1366AD9E4A11,OPEN_TEXTILE_ANTI_WETTING_2019,SFC_70D1A1076BBD,LIQ_1BD1B94C09,polymer_textile,probe_assisted,prospective_open_external,2,0.0,8.315490798002061,0.0,0.08156469,10.610999202728271,0.0,27.641961288452148,39.70799045632205,1.081209709637466,11.150085,0.0842754,yes,ls-psrmoe-v4.1,0.2163329165208103,9.299473083951293e-16,0.7836670834791888,0.0,10.610999202728271,0.1521074994122171,0.0,48.023579963633324,0.9,no,medium,11.202384118723986,"{""neural"": 9.299473083951293e-16, ""physics"": 0.21633291652081033, ""xgboost"": 0.7836670834791888}"
PA_EXT_B099AADD9565,EXT_B099AADD9565,OPEN_TEXTILE_ANTI_WETTING_2019,SFC_70D1A1076BBD,LIQ_6656B41AB7,polymer_textile,probe_assisted,prospective_open_external,2,50.0,42.33417482305357,83.04143,69.12017,31.09685363769531,42.62344761485516,31.019616317749023,37.606272239341415,0.3997984164567018,11.157232,0.23486805,yes,ls-psrmoe-v4.1,0.2163329165208103,9.299473083951293e-16,0.7836670834791888,0.0,31.09685363769531,0.1594073694223898,2.6260856574223084,82.04226398868484,0.9,no,medium,11.164392714143716,"{""neural"": 9.299473083951293e-16, ""physics"": 0.21633291652081033, ""xgboost"": 0.7836670834791888}"
PA_EXT_FA599DFEA153,EXT_FA599DFEA153,OPEN_TEXTILE_ANTI_WETTING_2019,SFC_B23DE8940451,LIQ_0F4168490E,polymer_textile,probe_assisted,prospective_open_external,2,107.0,123.06512229381812,122.625755,119.53908,123.18641045689584,119.67703222908428,110.69806518554688,100.62687242245632,0.2012001593494821,10.872627,0.046622355,yes,ls-psrmoe-v4.1,0.2163329165208103,9.299473083951293e-16,0.7836670834791888,0.0,123.18641045689584,0.0794285573264063,83.35703312818686,162.77321145944939,0.9,no,medium,10.874488465452123,"{""neural"": 9.299473083951293e-16, ""physics"": 0.21633291652081033, ""xgboost"": 0.7836670834791888}"
PA_EXT_77B7B95A656C,EXT_77B7B95A656C,OPEN_TEXTILE_ANTI_WETTING_2019,SFC_B23DE8940451,LIQ_1BD1B94C09,polymer_textile,probe_assisted,prospective_open_external,2,105.0,88.67100398816821,94.000114,88.90941,87.19989204406738,89.06870941181135,91.53735046386718,70.69463810830607,0.4459624380113023,10.861876,0.08878055,yes,ls-psrmoe-v4.1,0.2163329165208103,9.299473083951293e-16,0.7836670834791888,0.0,87.19989204406738,0.0901722706649294,48.962914822536945,128.3790931537995,0.9,no,medium,10.871027216206064,"{""neural"": 9.299473083951293e-16, ""physics"": 0.21633291652081033, ""xgboost"": 0.7836670834791888}"
PA_EXT_5AF9983FF446,EXT_5AF9983FF446,OPEN_TEXTILE_ANTI_WETTING_2019,SFC_B23DE8940451,LIQ_6656B41AB7,polymer_textile,probe_assisted,prospective_open_external,2,94.0,109.53442151144364,121.52705,110.72722,106.22383270263671,101.71982809412827,79.86990966796876,69.43285854538881,1.0114965866185524,10.871214,0.16934581,yes,ls-psrmoe-v4.1,0.2163329165208103,9.299473083951293e-16,0.7836670834791888,0.0,106.22383270263671,0.0996994534644293,69.82633234581238,149.2425106770749,0.9,no,medium,10.91816922283846,"{""neural"": 9.299473083951293e-16, ""physics"": 0.21633291652081033, ""xgboost"": 0.7836670834791888}"
PA_EXT_B067D03F4F2E,EXT_B067D03F4F2E,OPEN_TEXTILE_ANTI_WETTING_2019,SFC_C90D1535E78D,LIQ_0F4168490E,polymer_textile,probe_assisted,prospective_open_external,2,101.0,110.54253257989174,109.049194,108.88725,110.95477168560028,111.25931704759456,115.65608978271484,107.40496244091848,0.3289344716162617,10.828313,0.0028908537,yes,ls-psrmoe-v4.1,0.2163329165208103,9.299473083951293e-16,0.7836670834791888,0.0,110.95477168560028,0.0607916583507975,70.83444341426048,150.250621745523,0.9,no,medium,10.833307911833138,"{""neural"": 9.299473083951293e-16, ""physics"": 0.21633291652081033, ""xgboost"": 0.7836670834791888}"
PA_EXT_1B40295A791F,EXT_1B40295A791F,OPEN_TEXTILE_ANTI_WETTING_2019,SFC_C90D1535E78D,LIQ_1BD1B94C09,polymer_textile,probe_assisted,prospective_open_external,2,84.0,73.14233394681759,75.773026,72.43408,72.41612610816955,73.40246538097492,72.89446258544922,62.154949874598174,0.355384967532494,10.799211,0.055852614,yes,ls-psrmoe-v4.1,0.2163329165208103,9.299473083951293e-16,0.7836670834791888,0.0,72.41612610816955,0.0757159245749531,33.43424478118632,112.85042311244885,0.9,no,medium,10.805056996502566,"{""neural"": 9.299473083951293e-16, ""physics"": 0.21633291652081033, ""xgboost"": 0.7836670834791888}"
PA_EXT_3B5D655ADA7C,EXT_3B5D655ADA7C,OPEN_TEXTILE_ANTI_WETTING_2019,SFC_C90D1535E78D,LIQ_6656B41AB7,polymer_textile,probe_assisted,prospective_open_external,2,60.0,68.62577803554652,80.70695,73.44624,65.29074630737304,60.79920119677049,57.73598098754883,51.472301980584426,0.7577846262708214,10.817041,0.12328243,yes,ls-psrmoe-v4.1,0.2163329165208103,9.299473083951293e-16,0.7836670834791888,0.0,65.29074630737304,0.0652855626130573,28.917688869915253,108.33386720117778,0.9,no,medium,10.843551702993508,"{""neural"": 9.299473083951293e-16, ""physics"": 0.21633291652081033, ""xgboost"": 0.7836670834791888}"
PA_EXT_2E5AD1B19DD9,EXT_2E5AD1B19DD9,OPEN_TEXTILE_ANTI_WETTING_2019,SFC_F92838A9E6A2,LIQ_0F4168490E,polymer_textile,probe_assisted,prospective_open_external,2,105.0,111.8732034190695,110.87252,110.64758,112.14944401979446,113.28500811421831,117.00787811279297,108.91855847146962,0.3244414425472534,10.844908,0.0039249496,yes,ls-psrmoe-v4.1,0.2163329165208103,9.299473083951293e-16,0.7836670834791888,0.0,112.14944401979446,0.0607122474190875,72.16511425343823,151.58129258470075,0.9,no,medium,10.849759987119814,"{""neural"": 9.299473083951293e-16, ""physics"": 0.21633291652081033, ""xgboost"": 0.7836670834791888}"
PA_EXT_9E923F72BEB3,EXT_9E923F72BEB3,OPEN_TEXTILE_ANTI_WETTING_2019,SFC_F92838A9E6A2,LIQ_1BD1B94C09,polymer_textile,probe_assisted,prospective_open_external,2,88.0,78.27810696845648,79.95253,76.40665,77.8158790588379,77.97009096083607,75.8036880493164,64.50320076836773,0.349248776299314,10.79875,0.06042836,yes,ls-psrmoe-v4.1,0.2163329165208103,9.299473083951293e-16,0.7836670834791888,0.0,77.8158790588379,0.0755347677737967,38.57001780282522,117.98619613408775,0.9,no,medium,10.804396154818027,"{""neural"": 9.299473083951293e-16, ""physics"": 0.21633291652081033, ""xgboost"": 0.7836670834791888}"
PA_EXT_88A27790C2BD,EXT_88A27790C2BD,OPEN_TEXTILE_ANTI_WETTING_2019,SFC_F92838A9E6A2,LIQ_6656B41AB7,polymer_textile,probe_assisted,prospective_open_external,2,63.0,69.51051060901273,83.13796,75.86211,65.74862442016601,62.09703942712751,57.37882995605469,51.54154851598851,0.7300970066849483,10.814715,0.124650225,yes,ls-psrmoe-v4.1,0.2163329165208103,9.299473083951293e-16,0.7836670834791888,0.0,65.74862442016601,0.0670386467397781,29.802421443381462,109.21859977464399,0.9,no,medium,10.839331260294397,"{""neural"": 9.299473083951293e-16, ""physics"": 0.21633291652081033, ""xgboost"": 0.7836670834791888}"
PA_EXT_4DA44BDBC109,EXT_4DA44BDBC109,OPEN_TEXTILE_ANTI_WETTING_2019,SFC_F8CAAE03FE56,LIQ_0F4168490E,polymer_textile,probe_assisted,prospective_open_external,2,96.0,109.90056450479624,108.74433,108.4279,110.2197450518608,110.39414433230388,110.25189514160157,105.11580960770128,0.2550139583607692,10.814932,0.005439606,yes,ls-psrmoe-v4.1,0.2163329165208103,9.299473083951293e-16,0.7836670834791888,0.0,110.2197450518608,0.0617552787097339,70.19247533916497,149.6086536704275,0.9,no,medium,10.81793817155482,"{""neural"": 9.299473083951293e-16, ""physics"": 0.21633291652081033, ""xgboost"": 0.7836670834791888}"
PA_EXT_AB64302191E1,EXT_AB64302191E1,OPEN_TEXTILE_ANTI_WETTING_2019,SFC_F8CAAE03FE56,LIQ_1BD1B94C09,polymer_textile,probe_assisted,prospective_open_external,2,82.0,67.90933735813113,72.21012,68.85888,66.7220971107483,69.62579136838782,69.3567611694336,60.46809520276937,0.3971493576951526,10.811956,0.05490002,yes,ls-psrmoe-v4.1,0.2163329165208103,9.299473083951293e-16,0.7836670834791888,0.0,66.7220971107483,0.0744963084493198,28.20124819249986,107.61742652376239,0.9,no,medium,10.819247670621728,"{""neural"": 9.299473083951293e-16, ""physics"": 0.21633291652081033, ""xgboost"": 0.7836670834791888}"
PA_EXT_90EB026C806A,EXT_90EB026C806A,OPEN_TEXTILE_ANTI_WETTING_2019,SFC_F8CAAE03FE56,LIQ_6656B41AB7,polymer_textile,probe_assisted,prospective_open_external,2,61.0,71.67576986234737,85.061356,77.354774,67.98065128326417,63.78034924134515,54.1108642578125,47.52151070387549,0.6505695560712146,10.837346,0.13270131,yes,ls-psrmoe-v4.1,0.2163329165208103,9.299473083951293e-16,0.7836670834791888,0.0,67.98065128326417,0.0689020908696296,31.9676806967161,111.38385902797863,0.9,no,medium,10.856855395141022,"{""neural"": 9.299473083951293e-16, ""physics"": 0.21633291652081033, ""xgboost"": 0.7836670834791888}"
PA_EXT_1D5570A27934,EXT_1D5570A27934,OPEN_TEXTILE_ANTI_WETTING_2019,SFC_96459A5711ED,LIQ_0F4168490E,polymer_textile,probe_assisted,prospective_open_external,2,106.0,116.97025220627542,117.595436,114.852806,116.79766890257596,113.9504996047217,103.28738250732422,96.59467932096314,0.299931675482193,10.883275,0.04332893,yes,ls-psrmoe-v4.1,0.2163329165208103,9.299473083951293e-16,0.7836670834791888,0.0,116.79766890257596,0.0791900645374918,77.26216304064415,156.6783413719067,0.9,no,medium,10.88740711719657,"{""neural"": 9.299473083951293e-16, ""physics"": 0.21633291652081033, ""xgboost"": 0.7836670834791888}"
PA_EXT_C2CBB107CCEB,EXT_C2CBB107CCEB,OPEN_TEXTILE_ANTI_WETTING_2019,SFC_96459A5711ED,LIQ_1BD1B94C09,polymer_textile,probe_assisted,prospective_open_external,2,102.0,88.35165279187915,93.68076,88.53882,86.88054084777832,88.8524502125101,91.53735046386718,70.6314117216127,0.4459624380113023,10.866866,0.089681156,yes,ls-psrmoe-v4.1,0.2163329165208103,9.299473083951293e-16,0.7836670834791888,0.0,86.88054084777832,0.0908243939425305,48.64356362624788,128.05974195751043,0.9,no,medium,10.876013017557169,"{""neural"": 9.299473083951293e-16, ""physics"": 0.21633291652081033, ""xgboost"": 0.7836670834791888}"
PA_EXT_608AC2D3D381,EXT_608AC2D3D381,OPEN_TEXTILE_ANTI_WETTING_2019,SFC_96459A5711ED,LIQ_6656B41AB7,polymer_textile,probe_assisted,prospective_open_external,2,95.0,102.4607033683176,115.57,105.55129,98.8418550491333,96.25771012666708,79.34657592773438,69.4146419161542,0.8252778337755976,10.86675,0.16375652,yes,ls-psrmoe-v4.1,0.2163329165208103,9.299473083951293e-16,0.7836670834791888,0.0,98.8418550491333,0.0932090863656063,62.75261420268633,142.16879253394887,0.9,no,medium,10.898042900696497,"{""neural"": 9.299473083951293e-16, ""physics"": 0.21633291652081033, ""xgboost"": 0.7836670834791888}"
PA_EXT_0AE552940B30,EXT_0AE552940B30,OPEN_TEXTILE_ANTI_WETTING_2019,SFC_DE9D8D16E40F,LIQ_0F4168490E,polymer_textile,probe_assisted,prospective_open_external,2,104.0,112.07566680138687,110.93745,110.94121,112.38987483978272,113.36235587358736,117.89786834716796,109.0465075888536,0.3300525450462528,10.859093,0.00020650476,yes,ls-psrmoe-v4.1,0.2163329165208103,9.299473083951293e-16,0.7836670834791888,0.0,112.38987483978272,0.0635782373923775,72.36757763575561,151.78375596701812,0.9,no,medium,10.864107669990227,"{""neural"": 9.299473083951293e-16, ""physics"": 0.21633291652081033, ""xgboost"": 0.7836670834791888}"
PA_EXT_3549187670B3,EXT_3549187670B3,OPEN_TEXTILE_ANTI_WETTING_2019,SFC_DE9D8D16E40F,LIQ_1BD1B94C09,polymer_textile,probe_assisted,prospective_open_external,2,90.0,77.04838053462123,78.447395,75.01052,76.66217961311341,76.61032506094202,75.3031234741211,63.48701435963684,0.2952997717778384,10.796282,0.058221124,yes,ls-psrmoe-v4.1,0.2163329165208103,9.299473083951293e-16,0.7836670834791888,0.0,76.66217961311341,0.0758414034619194,37.340291368989966,116.7564697002525,0.9,no,medium,10.80031976280036,"{""neural"": 9.299473083951293e-16, ""physics"": 0.21633291652081033, ""xgboost"": 0.7836670834791888}"
PA_EXT_925A4AF449D5,EXT_925A4AF449D5,OPEN_TEXTILE_ANTI_WETTING_2019,SFC_DE9D8D16E40F,LIQ_6656B41AB7,polymer_textile,probe_assisted,prospective_open_external,2,61.0,76.62925134165735,89.724754,82.02762,73.01421070098877,68.81399685436564,69.3271255493164,56.36530215749272,0.6813855630197961,10.828225,0.13381411,yes,ls-psrmoe-v4.1,0.2163329165208103,9.299473083951293e-16,0.7836670834791888,0.0,73.01421070098877,0.0730754178902751,36.92116217602609,116.33734050728862,0.9,no,medium,10.849642525729445,"{""neural"": 9.299473083951293e-16, ""physics"": 0.21633291652081033, ""xgboost"": 0.7836670834791888}"
PA_EXT_AF4963616E76,EXT_AF4963616E76,OPEN_TEXTILE_ANTI_WETTING_2019,SFC_A7A6BDD5941D,LIQ_0F4168490E,polymer_textile,probe_assisted,prospective_open_external,2,0.0,52.88453709050325,58.574562,59.779724,51.3137939453125,53.4339475659865,37.39991073608398,49.76888308248871,0.6722912114685116,10.86544,-0.018711781,yes,ls-psrmoe-v4.1,0.2163329165208103,9.299473083951293e-16,0.7836670834791888,0.0,51.3137939453125,0.0702201612452889,13.176447924871987,92.59262625613451,0.9,no,medium,10.8862188966885,"{""neural"": 9.299473083951293e-16, ""physics"": 0.21633291652081033, ""xgboost"": 0.7836670834791888}"
PA_EXT_74D717509DFB,EXT_74D717509DFB,OPEN_TEXTILE_ANTI_WETTING_2019,SFC_A7A6BDD5941D,LIQ_1BD1B94C09,polymer_textile,probe_assisted,prospective_open_external,2,0.0,8.076408796724186,0.0,1.0482161,10.305918121337893,0.8591254101183952,26.70084495544433,36.22543936387767,0.8757987936204512,11.023287,0.04173455,yes,ls-psrmoe-v4.1,0.2163329165208103,9.299473083951293e-16,0.7836670834791888,0.0,10.305918121337893,0.1055907163954809,0.0,47.78449796235545,0.9,no,medium,11.058023322966724,"{""neural"": 9.299473083951293e-16, ""physics"": 0.21633291652081033, ""xgboost"": 0.7836670834791888}"
PA_EXT_6E149AD2F9BC,EXT_6E149AD2F9BC,OPEN_TEXTILE_ANTI_WETTING_2019,SFC_A7A6BDD5941D,LIQ_6656B41AB7,polymer_textile,probe_assisted,prospective_open_external,2,0.0,42.33417482305357,83.04143,69.12017,31.09685363769531,42.62344761485516,31.019616317749023,37.606272239341415,0.3997984164567018,11.157232,0.23486805,yes,ls-psrmoe-v4.1,0.2163329165208103,9.299473083951293e-16,0.7836670834791888,0.0,31.09685363769531,0.1594073694223898,2.6260856574223084,82.04226398868484,0.9,no,medium,11.164392714143716,"{""neural"": 9.299473083951293e-16, ""physics"": 0.21633291652081033, ""xgboost"": 0.7836670834791888}"
PA_EXT_A77898F3791B,EXT_A77898F3791B,OPEN_TEXTILE_ANTI_WETTING_2019,SFC_AEE4770633F2,LIQ_0F4168490E,polymer_textile,probe_assisted,prospective_open_external,2,166.0,154.14190081613907,162.67538,153.2421,151.78621501922606,161.12029239278195,131.90032348632812,117.12712263401475,0.5276028211241889,10.890192,0.067800835,yes,ls-psrmoe-v4.1,0.2163329165208103,9.299473083951293e-16,0.7836670834791888,0.0,151.78621501922606,0.1182201744627902,114.4338116505078,180.0,0.9,no,medium,10.902965034050244,"{""neural"": 9.299473083951293e-16, ""physics"": 0.21633291652081033, ""xgboost"": 0.7836670834791888}"
PA_EXT_2B7215CA739E,EXT_2B7215CA739E,OPEN_TEXTILE_ANTI_WETTING_2019,SFC_AEE4770633F2,LIQ_1BD1B94C09,polymer_textile,probe_assisted,prospective_open_external,2,159.0,148.7022155520636,157.8953,143.94217,146.16444721221924,153.5150519206049,132.96742553710936,97.94713011796117,0.6249792635862494,10.842707,0.121347666,yes,ls-psrmoe-v4.1,0.2163329165208103,9.299473083951293e-16,0.7836670834791888,0.0,146.16444721221924,0.1106283461494512,108.99412638643233,180.0,0.9,no,medium,10.860704128543501,"{""neural"": 9.299473083951293e-16, ""physics"": 0.21633291652081033, ""xgboost"": 0.7836670834791888}"
PA_EXT_6A76549F5884,EXT_6A76549F5884,OPEN_TEXTILE_ANTI_WETTING_2019,SFC_AEE4770633F2,LIQ_6656B41AB7,polymer_textile,probe_assisted,prospective_open_external,2,153.0,135.7712745141627,157.09984,139.28297,129.88348045349122,143.13794081945426,107.66354675292968,90.58714426682933,0.4028123194756334,10.814067,0.16551204,yes,ls-psrmoe-v4.1,0.2163329165208103,9.299473083951293e-16,0.7836670834791888,0.0,129.88348045349122,0.1184630282795209,96.06318534853145,175.47936367979398,0.9,no,medium,10.821566561510876,"{""neural"": 9.299473083951293e-16, ""physics"": 0.21633291652081033, ""xgboost"": 0.7836670834791888}"
PA_EXT_14B3DFB49864,EXT_14B3DFB49864,OPEN_TEXTILE_ANTI_WETTING_2019,SFC_E0770C382AAA,LIQ_0F4168490E,polymer_textile,probe_assisted,prospective_open_external,2,164.0,149.81281511434506,158.42934,148.23727,147.43420658111572,154.10166953422524,131.5178680419922,109.16982075791644,0.4595190567656467,10.88056,0.08310725,yes,ls-psrmoe-v4.1,0.2163329165208103,9.299473083951293e-16,0.7836670834791888,0.0,147.43420658111572,0.1165860693784277,110.10472594871379,180.0,0.9,no,medium,10.890259118915894,"{""neural"": 9.299473083951293e-16, ""physics"": 0.21633291652081033, ""xgboost"": 0.7836670834791888}"
PA_EXT_038669031712,EXT_038669031712,OPEN_TEXTILE_ANTI_WETTING_2019,SFC_E0770C382AAA,LIQ_1BD1B94C09,polymer_textile,probe_assisted,prospective_open_external,2,152.0,144.81755673858703,154.01064,141.61673,142.27978839874268,149.6784047252599,132.96742553710936,98.12231506724814,0.6249792635862416,10.848805,0.11778118,yes,ls-psrmoe-v4.1,0.2163329165208103,9.299473083951293e-16,0.7836670834791888,0.0,142.27978839874268,0.1094690289596086,105.10946757295577,180.0,0.9,no,medium,10.86679202929447,"{""neural"": 9.299473083951293e-16, ""physics"": 0.21633291652081033, ""xgboost"": 0.7836670834791888}"
PA_EXT_6181C20E4C23,EXT_6181C20E4C23,OPEN_TEXTILE_ANTI_WETTING_2019,SFC_E0770C382AAA,LIQ_6656B41AB7,polymer_textile,probe_assisted,prospective_open_external,2,148.0,129.8346942588718,150.66582,135.50104,124.08421974182129,137.08403953340013,113.32779693603516,90.79456329142944,0.3523644019487302,10.8242235,0.16028094,yes,ls-psrmoe-v4.1,0.2163329165208103,9.299473083951293e-16,0.7836670834791888,0.0,124.08421974182129,0.1177157963322884,90.12660509324053,169.54278342450306,0.9,no,medium,10.82995729676313,"{""neural"": 9.299473083951293e-16, ""physics"": 0.21633291652081033, ""xgboost"": 0.7836670834791888}"
PA_EXT_72A5665216D0,EXT_72A5665216D0,OPEN_TEXTILE_ANTI_WETTING_2019,SFC_D1ADE9B03D51,LIQ_0F4168490E,polymer_textile,probe_assisted,prospective_open_external,2,126.0,112.11071766960194,101.36646,103.3505,115.07669143676758,105.33664129467954,135.168798828125,107.67442682745676,1.3334792858299338,10.887575,-0.033629097,yes,ls-psrmoe-v4.1,0.2163329165208103,9.299473083951293e-16,0.7836670834791888,0.0,115.0766914367676,0.1033024080832427,72.40262850397067,151.8188068352332,0.9,no,medium,10.96893141497213,"{""neural"": 9.299473083951293e-16, ""physics"": 0.21633291652081033, ""xgboost"": 0.7836670834791888}"
PA_EXT_2BFE763DBE7F,EXT_2BFE763DBE7F,OPEN_TEXTILE_ANTI_WETTING_2019,SFC_D1ADE9B03D51,LIQ_1BD1B94C09,polymer_textile,probe_assisted,prospective_open_external,2,84.0,77.76007149984954,73.63381,73.77687,78.89913396835327,74.1803583645762,74.8359603881836,67.73383986780158,0.5429494022228742,10.908212,-0.0026870563,yes,ls-psrmoe-v4.1,0.2163329165208103,9.299473083951293e-16,0.7836670834791888,0.0,78.89913396835327,0.1282131582018501,38.05198233421828,117.46816066548081,0.9,no,medium,10.921716123866165,"{""neural"": 9.299473083951293e-16, ""physics"": 0.21633291652081033, ""xgboost"": 0.7836670834791888}"
PA_EXT_8D65AE043571,EXT_8D65AE043571,OPEN_TEXTILE_ANTI_WETTING_2019,SFC_D1ADE9B03D51,LIQ_6656B41AB7,polymer_textile,probe_assisted,prospective_open_external,2,0.0,68.74919218456299,75.726906,70.876976,66.82297992706299,63.86816919272495,52.18552322387696,54.55921440286072,1.092444481414008,10.852394,0.08085804,yes,ls-psrmoe-v4.1,0.2163329165208103,9.299473083951293e-16,0.7836670834791888,0.0,66.82297992706299,0.085798625791777,29.04110301893172,108.45728135019425,0.9,no,medium,10.907240277733315,"{""neural"": 9.299473083951293e-16, ""physics"": 0.21633291652081033, ""xgboost"": 0.7836670834791888}"
PA_EXT_C6C3DE3E198C,EXT_C6C3DE3E198C,OPEN_TEXTILE_ANTI_WETTING_2019,SFC_F4A35D2DD4C5,LIQ_0F4168490E,polymer_textile,probe_assisted,prospective_open_external,2,147.0,141.2375081673816,149.83386,142.24905,138.86446685791014,146.21443161132302,131.77021484375,108.99836499017142,0.4444266768205359,10.888983,0.07613252,yes,ls-psrmoe-v4.1,0.2163329165208103,9.299473083951293e-16,0.7836670834791888,0.0,138.86446685791014,0.1105736002884502,101.52941900175034,180.0,0.9,no,medium,10.898048717332784,"{""neural"": 9.299473083951293e-16, ""physics"": 0.21633291652081033, ""xgboost"": 0.7836670834791888}"
PA_EXT_CB7F947E87F6,EXT_CB7F947E87F6,OPEN_TEXTILE_ANTI_WETTING_2019,SFC_F4A35D2DD4C5,LIQ_1BD1B94C09,polymer_textile,probe_assisted,prospective_open_external,2,143.0,134.21708446946005,141.1501,130.73952,132.30321102142335,137.07868910988898,123.19542541503908,89.8246097738603,0.9111376588012154,10.844464,0.12739192,yes,ls-psrmoe-v4.1,0.2163329165208103,9.299473083951293e-16,0.7836670834791888,0.0,132.30321102142335,0.1218468424769511,94.50899530382878,173.9251736350913,0.9,no,medium,10.882672984179106,"{""neural"": 9.299473083951293e-16, ""physics"": 0.21633291652081033, ""xgboost"": 0.7836670834791888}"
PA_EXT_08747D17F0BD,EXT_08747D17F0BD,OPEN_TEXTILE_ANTI_WETTING_2019,SFC_F4A35D2DD4C5,LIQ_6656B41AB7,polymer_textile,probe_assisted,prospective_open_external,2,140.0,124.4375443174204,144.44974,129.9102,118.91313705444335,125.0625328210232,103.13031311035157,83.22816091262138,0.7265470566334103,10.816043,0.17312624,yes,ls-psrmoe-v4.1,0.2163329165208103,9.299473083951293e-16,0.7836670834791888,0.0,118.91313705444335,0.1208990228723412,84.72945515178914,164.14563348305165,0.9,no,medium,10.84041774118284,"{""neural"": 9.299473083951293e-16, ""physics"": 0.21633291652081033, ""xgboost"": 0.7836670834791888}"
PA_EXT_8197A3621B99,EXT_8197A3621B99,OPEN_TEXTILE_ANTI_WETTING_2019,SFC_B6F1BA3CA55E,LIQ_0F4168490E,polymer_textile,probe_assisted,prospective_open_external,2,145.0,154.02712820348862,145.53055,140.69157,156.3726266860962,146.86386695687312,135.92114868164063,117.88365175552772,0.8270352841855291,10.902305,0.0530823,yes,ls-psrmoe-v4.1,0.2163329165208103,9.299473083951293e-16,0.7836670834791888,0.0,156.3726266860962,0.1043227904813944,114.31903903785735,180.0,0.9,no,medium,10.933628934361767,"{""neural"": 9.299473083951293e-16, ""physics"": 0.21633291652081033, ""xgboost"": 0.7836670834791888}"
PA_EXT_9C403EA34EBF,EXT_9C403EA34EBF,OPEN_TEXTILE_ANTI_WETTING_2019,SFC_B6F1BA3CA55E,LIQ_1BD1B94C09,polymer_textile,probe_assisted,prospective_open_external,2,136.0,138.15222393541833,134.02821,126.17405,139.29066553115845,132.71799341734646,115.01471557617188,98.317462672246,0.4977695683251802,10.852436,0.10586729,yes,ls-psrmoe-v4.1,0.2163329165208103,9.299473083951293e-16,0.7836670834791888,0.0,139.29066553115845,0.1086213413007651,98.44413476978707,177.8603131010496,0.9,no,medium,10.863845621014994,"{""neural"": 9.299473083951293e-16, ""physics"": 0.21633291652081033, ""xgboost"": 0.7836670834791888}"
PA_EXT_0DF6420B4440,EXT_0DF6420B4440,OPEN_TEXTILE_ANTI_WETTING_2019,SFC_B6F1BA3CA55E,LIQ_6656B41AB7,polymer_textile,probe_assisted,prospective_open_external,2,127.0,124.54874356108397,131.25328,119.70675,122.69794225692748,113.21740228669157,98.16463317871094,84.33750611594434,0.7283166397916616,10.822528,0.1644247,yes,ls-psrmoe-v4.1,0.2163329165208103,9.299473083951293e-16,0.7836670834791888,0.0,122.69794225692748,0.1112081322884931,84.8406543954527,164.25683272671523,0.9,no,medium,10.847006842377366,"{""neural"": 9.299473083951293e-16, ""physics"": 0.21633291652081033, ""xgboost"": 0.7836670834791888}"
PA_EXT_E6B7DB163BBF,EXT_E6B7DB163BBF,OPEN_TEXTILE_ANTI_WETTING_2019,SFC_ADC096AE0D75,LIQ_0F4168490E,polymer_textile,probe_assisted,prospective_open_external,2,129.0,52.88453709050325,58.574562,59.779724,51.3137939453125,53.4339475659865,37.39991073608398,49.76888308248871,0.6722912114685116,10.86544,-0.018711781,yes,ls-psrmoe-v4.1,0.2163329165208103,9.299473083951293e-16,0.7836670834791888,0.0,51.3137939453125,0.0702201612452889,13.176447924871987,92.59262625613451,0.9,no,medium,10.8862188966885,"{""neural"": 9.299473083951293e-16, ""physics"": 0.21633291652081033, ""xgboost"": 0.7836670834791888}"
PA_EXT_CE643B4A3F85,EXT_CE643B4A3F85,OPEN_TEXTILE_ANTI_WETTING_2019,SFC_ADC096AE0D75,LIQ_1BD1B94C09,polymer_textile,probe_assisted,prospective_open_external,2,0.0,88.13457059408732,74.88027,75.05928,91.7934471130371,76.61910744806963,74.0754898071289,67.87542108005286,2.165841458693668,10.917101,-0.0032851945,yes,ls-psrmoe-v4.1,0.2163329165208103,9.299473083951293e-16,0.7836670834791888,0.0,91.79344711303708,0.1299608854755052,48.42648142845606,127.84265975971859,0.9,no,medium,11.129868079559493,"{""neural"": 9.299473083951293e-16, ""physics"": 0.21633291652081033, ""xgboost"": 0.7836670834791888}"
PA_EXT_FE000B13E4CD,EXT_FE000B13E4CD,OPEN_TEXTILE_ANTI_WETTING_2019,SFC_ADC096AE0D75,LIQ_6656B41AB7,polymer_textile,probe_assisted,prospective_open_external,2,0.0,3.4079983276870127,15.7534895,15.863182,0.0,13.407557674764252,2.970058417320252,47.846781021131854,1.1646657574289414e-14,10.949867,-0.018095825,yes,ls-psrmoe-v4.1,0.2163329165208103,9.299473083951293e-16,0.7836670834791888,0.0,0.0,0.1483793945778251,0.0,43.116087493318275,0.9,no,medium,10.949867,"{""neural"": 9.299473083951293e-16, ""physics"": 0.21633291652081033, ""xgboost"": 0.7836670834791888}"
PA_EXT_80DEF70D19C2,EXT_80DEF70D19C2,OPEN_TEXTILE_ANTI_WETTING_2019,SFC_7E09C519A040,LIQ_0F4168490E,polymer_textile,probe_assisted,prospective_open_external,2,156.0,145.28147569556603,153.90765,145.19789,142.90020141601562,149.3406422820265,131.5115173339844,108.23944540273382,0.4166133255776825,10.886641,0.07970147,yes,ls-psrmoe-v4.1,0.2163329165208103,9.299473083951293e-16,0.7836670834791888,0.0,142.90020141601562,0.1139518025445735,105.57338652993477,180.0,0.9,no,medium,10.894609627055477,"{""neural"": 9.299473083951293e-16, ""physics"": 0.21633291652081033, ""xgboost"": 0.7836670834791888}"
PA_EXT_9AB928688B6A,EXT_9AB928688B6A,OPEN_TEXTILE_ANTI_WETTING_2019,SFC_7E09C519A040,LIQ_1BD1B94C09,polymer_textile,probe_assisted,prospective_open_external,2,150.0,141.65931789321348,151.38635,138.1762,138.97414989471434,145.83997076559766,127.3822006225586,90.07880903338337,0.5337736182126785,10.835531,0.1346069,yes,ls-psrmoe-v4.1,0.2163329165208103,9.299473083951293e-16,0.7836670834791888,0.0,138.97414989471434,0.1277699031383798,101.95122872758222,180.0,0.9,no,medium,10.848670256186278,"{""neural"": 9.299473083951293e-16, ""physics"": 0.21633291652081033, ""xgboost"": 0.7836670834791888}"
PA_EXT_5361E028DB1F,EXT_5361E028DB1F,OPEN_TEXTILE_ANTI_WETTING_2019,SFC_7E09C519A040,LIQ_6656B41AB7,polymer_textile,probe_assisted,prospective_open_external,2,150.0,127.14265025425414,146.89159,131.64677,121.69091567993163,127.50686237922378,108.01261138916016,83.85521714987861,0.6512864875595811,10.813146,0.17433143,yes,ls-psrmoe-v4.1,0.2163329165208103,9.299473083951293e-16,0.7836670834791888,0.0,121.69091567993163,0.123199810886227,87.43456108862287,166.8507394198854,0.9,no,medium,10.83274205850918,"{""neural"": 9.299473083951293e-16, ""physics"": 0.21633291652081033, ""xgboost"": 0.7836670834791888}"
PA_EXT_3C536EB8B2E0,EXT_3C536EB8B2E0,OPEN_TEXTILE_ANTI_WETTING_2019,SFC_FE1BCA204FFA,LIQ_0F4168490E,polymer_textile,probe_assisted,prospective_open_external,2,151.0,144.43772151934607,153.04361,144.61952,142.06204833984376,149.47020279641976,131.77021484375,109.31243766682633,0.459565870246587,10.884984,0.07863437,yes,ls-psrmoe-v4.1,0.2163329165208103,9.299473083951293e-16,0.7836670834791888,0.0,142.06204833984376,0.1124066938231393,104.7296323537148,180.0,0.9,no,medium,10.894681155010984,"{""neural"": 9.299473083951293e-16, ""physics"": 0.21633291652081033, ""xgboost"": 0.7836670834791888}"
PA_EXT_E53A49812943,EXT_E53A49812943,OPEN_TEXTILE_ANTI_WETTING_2019,SFC_FE1BCA204FFA,LIQ_1BD1B94C09,polymer_textile,probe_assisted,prospective_open_external,2,145.0,135.7617938828541,143.73921,132.73727,133.55961112976075,139.52494070530685,127.82479705810547,90.33606161494836,0.570799101622473,10.84123,0.12906933,yes,ls-psrmoe-v4.1,0.2163329165208103,9.299473083951293e-16,0.7836670834791888,0.0,133.55961112976075,0.1223468841073522,96.05370471722284,175.46988304848537,0.9,no,medium,10.8562461066113,"{""neural"": 9.299473083951293e-16, ""physics"": 0.21633291652081033, ""xgboost"": 0.7836670834791888}"
PA_EXT_EE607E307472,EXT_EE607E307472,OPEN_TEXTILE_ANTI_WETTING_2019,SFC_FE1BCA204FFA,LIQ_6656B41AB7,polymer_textile,probe_assisted,prospective_open_external,2,140.0,123.0354457394336,142.82263,128.74734,117.57315216064453,123.6459128924046,107.92696990966796,83.8539587367488,0.6550752347352765,10.816289,0.17191166,yes,ls-psrmoe-v4.1,0.2163329165208103,9.299473083951293e-16,0.7836670834791888,0.0,117.57315216064454,0.120056525278098,83.32735657380233,162.74353490506485,0.9,no,medium,10.836107755771186,"{""neural"": 9.299473083951293e-16, ""physics"": 0.21633291652081033, ""xgboost"": 0.7836670834791888}"
PA_EXT_618188348392,EXT_618188348392,OPEN_PLA_FILMS_2021,SFC_01B9AA1C0B74,LIQ_0F4168490E,polymer_film,probe_assisted,prospective_open_external,2,113.0,109.9834543092221,110.56246,108.540794,109.82361808121205,106.74944791574542,103.11671752929688,94.74080552178324,0.2525749915566761,10.868822,0.033492066,yes,ls-psrmoe-v4.1,0.2163329165208103,9.299473083951293e-16,0.7836670834791888,0.0,109.82361808121205,0.0686006207183916,70.27536514359083,149.69154347485335,0.9,no,medium,10.871756334375961,"{""neural"": 9.299473083951293e-16, ""physics"": 0.21633291652081033, ""xgboost"": 0.7836670834791888}"
PA_EXT_069D7AE7FCAD,EXT_069D7AE7FCAD,OPEN_PLA_FILMS_2021,SFC_B1D8AACA85B5,LIQ_0F4168490E,polymer_film,probe_assisted,prospective_open_external,2,76.0,86.50117394434217,91.8056,91.59437,85.03687534332275,86.71739613490857,88.71723327636718,84.72613300310186,0.2917822122400138,10.818461,0.0036986596,yes,ls-psrmoe-v4.1,0.2163329165208103,9.299473083951293e-16,0.7836670834791888,0.0,85.03687534332273,0.0599438676755489,46.793084778710906,126.20926310997343,0.9,no,medium,10.82239508001351,"{""neural"": 9.299473083951293e-16, ""physics"": 0.21633291652081033, ""xgboost"": 0.7836670834791888}"
PA_EXT_8935C7528E56,EXT_8935C7528E56,OPEN_PLA_FILMS_2021,SFC_662849118DF0,LIQ_0F4168490E,polymer_film,probe_assisted,prospective_open_external,2,64.0,74.40996834560944,80.99552,80.99568,72.59201278686524,76.50612595357076,65.29270629882812,71.15050662728086,0.323144243235006,10.8509035,-0.0001268372,yes,ls-psrmoe-v4.1,0.2163329165208103,9.299473083951293e-16,0.7836670834791888,0.0,72.59201278686524,0.0622110085693086,34.70187917997818,114.1180575112407,0.9,no,medium,10.855714115996614,"{""neural"": 9.299473083951293e-16, ""physics"": 0.21633291652081033, ""xgboost"": 0.7836670834791888}"
PA_EXT_C98B044A6F7F,EXT_C98B044A6F7F,OPEN_PLA_FILMS_2021,SFC_29A9F5906DC4,LIQ_0F4168490E,polymer_film,probe_assisted,prospective_open_external,2,74.0,81.59656088830646,87.99238,87.93868,79.83098230361938,82.49087277061737,85.31290130615234,81.53458224020086,0.2342946613008317,10.824277,0.0009056069,yes,ls-psrmoe-v4.1,0.2163329165208103,9.299473083951293e-16,0.7836670834791888,0.0,79.83098230361938,0.0599886994339438,41.88847172267519,121.30465005393772,0.9,no,medium,10.826812391514093,"{""neural"": 9.299473083951293e-16, ""physics"": 0.21633291652081033, ""xgboost"": 0.7836670834791888}"
PA_EXT_4299E75704B2,EXT_4299E75704B2,OPEN_PLA_FILMS_2021,SFC_01B9AA1C0B74,LIQ_1BD1B94C09,polymer_film,probe_assisted,prospective_open_external,2,92.0,92.19676572351428,93.73623,89.10491,91.77179372310638,89.10085398104343,95.53200073242188,72.06508449331801,0.4630281903154775,10.826955,0.08077746,yes,ls-psrmoe-v4.1,0.2163329165208103,9.299473083951293e-16,0.7836670834791888,0.0,91.77179372310638,0.0829156773559888,52.48867655788301,131.90485488914555,0.9,no,medium,10.836851465119,"{""neural"": 9.299473083951293e-16, ""physics"": 0.21633291652081033, ""xgboost"": 0.7836670834791888}"
PA_EXT_C0A69AE67463,EXT_C0A69AE67463,OPEN_PLA_FILMS_2021,SFC_B1D8AACA85B5,LIQ_1BD1B94C09,polymer_film,probe_assisted,prospective_open_external,2,64.0,53.90525668417463,49.620243,46.545483,55.08814353942872,53.64832023165883,46.88751983642578,50.42138356008676,0.4774735983427681,10.8485,0.03903467,yes,ls-psrmoe-v4.1,0.2163329165208103,9.299473083951293e-16,0.7836670834791888,0.0,55.08814353942872,0.0771306096219757,14.197167518543367,93.6133458498059,0.9,no,medium,10.85900240754713,"{""neural"": 9.299473083951293e-16, ""physics"": 0.21633291652081033, ""xgboost"": 0.7836670834791888}"
PA_EXT_59A1C74C7C24,EXT_59A1C74C7C24,OPEN_PLA_FILMS_2021,SFC_662849118DF0,LIQ_1BD1B94C09,polymer_film,probe_assisted,prospective_open_external,2,54.0,23.262476381630297,36.51293,32.238285,19.60466079711914,32.83881348978044,30.0948787689209,44.38276444158421,1.461088656904154,10.904834,0.03991041,yes,ls-psrmoe-v4.1,0.2163329165208103,9.299473083951293e-16,0.7836670834791888,0.0,19.60466079711914,0.080728433042706,0.0,62.97056554726156,0.9,no,medium,11.002280883111919,"{""neural"": 9.299473083951293e-16, ""physics"": 0.21633291652081033, ""xgboost"": 0.7836670834791888}"
PA_EXT_28942280B8C6,EXT_28942280B8C6,OPEN_PLA_FILMS_2021,SFC_29A9F5906DC4,LIQ_1BD1B94C09,polymer_film,probe_assisted,prospective_open_external,2,60.0,52.70774911705556,46.816944,43.763874,54.33391799926758,51.64201445257347,46.739678955078126,50.063588549532135,0.4405044097152326,10.852468,0.03679841,yes,ls-psrmoe-v4.1,0.2163329165208103,9.299473083951293e-16,0.7836670834791888,0.0,54.33391799926758,0.0782381144655913,12.999659951424299,92.41583828268682,0.9,no,medium,10.86140441315038,"{""neural"": 9.299473083951293e-16, ""physics"": 0.21633291652081033, ""xgboost"": 0.7836670834791888}"
PA_EXT_264C8AB42663,EXT_264C8AB42663,OPEN_PLA_FILMS_2021,SFC_01B9AA1C0B74,LIQ_6656B41AB7,polymer_film,probe_assisted,prospective_open_external,2,83.0,71.18122476497852,78.789955,71.85032,69.08081903457642,60.8174105823418,65.17325286865234,54.98249388357728,0.8993809221996182,10.800719,0.1169394,yes,ls-psrmoe-v4.1,0.2163329165208103,9.299473083951293e-16,0.7836670834791888,0.0,69.08081903457642,0.063255256434644,31.47313559934726,110.88931393060979,0.9,no,medium,10.838100246822671,"{""neural"": 9.299473083951293e-16, ""physics"": 0.21633291652081033, ""xgboost"": 0.7836670834791888}"
PA_EXT_0C90915034B7,EXT_0C90915034B7,OPEN_PLA_FILMS_2021,SFC_B1D8AACA85B5,LIQ_6656B41AB7,polymer_film,probe_assisted,prospective_open_external,2,48.0,42.91946969864823,80.383934,71.69307,32.577326965332034,43.78851729333435,31.02444000244141,38.78622644609008,0.3646577637302891,10.896379,0.14684394,yes,ls-psrmoe-v4.1,0.2163329165208103,9.299473083951293e-16,0.7836670834791888,0.0,32.577326965332034,0.0607477586455916,3.211380533016964,82.6275588642795,0.9,no,medium,10.902479103226467,"{""neural"": 9.299473083951293e-16, ""physics"": 0.21633291652081033, ""xgboost"": 0.7836670834791888}"
PA_EXT_197AF6112F5C,EXT_197AF6112F5C,OPEN_PLA_FILMS_2021,SFC_662849118DF0,LIQ_6656B41AB7,polymer_film,probe_assisted,prospective_open_external,2,47.0,41.42325154313675,80.53558,70.760025,30.62621154785156,42.25551874078232,30.00029144287109,38.221541093782285,0.2821908938482718,10.95255,0.1648088,yes,ls-psrmoe-v4.1,0.2163329165208103,9.299473083951293e-16,0.7836670834791888,0.0,30.626211547851565,0.0655873859633985,1.7151623775054858,81.13134070876802,0.9,no,medium,10.95618470102941,"{""neural"": 9.299473083951293e-16, ""physics"": 0.21633291652081033, ""xgboost"": 0.7836670834791888}"
PA_EXT_F7284554E363,EXT_F7284554E363,OPEN_PLA_FILMS_2021,SFC_29A9F5906DC4,LIQ_6656B41AB7,polymer_film,probe_assisted,prospective_open_external,2,46.0,38.24787976989592,75.35385,66.796005,28.00469970703125,40.5020879522295,30.847480392456056,38.536843655455286,0.2860708771983398,10.889039,0.14088866,yes,ls-psrmoe-v4.1,0.2163329165208103,9.299473083951293e-16,0.7836670834791888,0.0,28.00469970703125,0.0599479834262101,0.0,77.95596893552718,0.9,no,medium,10.892796100648448,"{""neural"": 9.299473083951293e-16, ""physics"": 0.21633291652081033, ""xgboost"": 0.7836670834791888}"
PA_EXT_832E508A7F45,EXT_832E508A7F45,OPEN_PLA_FILMS_2021,SFC_4640D599C795,LIQ_0F4168490E,polymer_film,probe_assisted,prospective_open_external,2,43.0,27.54898685855821,53.93315,53.177612,20.26558380126953,36.603019211571,32.96524085998535,53.21296325490742,0.9274337912235916,10.983149,0.009887757,yes,ls-psrmoe-v4.1,0.2163329165208103,9.299473083951293e-16,0.7836670834791888,0.0,20.26558380126953,0.083073576977306,0.0,67.25707602418947,0.9,no,medium,11.022236406161154,"{""neural"": 9.299473083951293e-16, ""physics"": 0.21633291652081033, ""xgboost"": 0.7836670834791888}"
PA_EXT_263F0D060209,EXT_263F0D060209,OPEN_PLA_FILMS_2021,SFC_869B011AB104,LIQ_0F4168490E,polymer_film,probe_assisted,prospective_open_external,2,74.0,82.50641518519002,89.07148,88.8945,80.69411554336548,83.9903709756522,85.75577239990234,82.52906959519724,0.2174939563569811,10.828997,0.003069946,yes,ls-psrmoe-v4.1,0.2163329165208103,9.299473083951293e-16,0.7836670834791888,0.0,80.69411554336548,0.060486160748674,42.79832601955876,122.21450435082129,0.9,no,medium,10.831180898085895,"{""neural"": 9.299473083951293e-16, ""physics"": 0.21633291652081033, ""xgboost"": 0.7836670834791888}"
PA_EXT_4511C3A71669,EXT_4511C3A71669,OPEN_PLA_FILMS_2021,SFC_52F0F5BD3D6C,LIQ_0F4168490E,polymer_film,probe_assisted,prospective_open_external,2,71.0,73.68476487211738,79.67542,79.76118,72.03103141784668,75.23834336012558,65.64635162353515,70.75918852473062,0.3842584725440298,10.850176,-0.001616197,yes,ls-psrmoe-v4.1,0.2163329165208103,9.299473083951293e-16,0.7836670834791888,0.0,72.03103141784668,0.062220255518053,33.97667570648612,113.39285403774865,0.9,no,medium,10.856978115695815,"{""neural"": 9.299473083951293e-16, ""physics"": 0.21633291652081033, ""xgboost"": 0.7836670834791888}"
PA_EXT_8BBA4B544E54,EXT_8BBA4B544E54,OPEN_PLA_FILMS_2021,SFC_8864A171D8DB,LIQ_0F4168490E,polymer_film,probe_assisted,prospective_open_external,2,74.0,76.58711437113993,83.552315,83.57023,74.66435642242432,78.58500879425104,71.89855346679687,77.2143454123962,0.3013424896058306,10.838799,-0.00039909856,yes,ls-psrmoe-v4.1,0.2163329165208103,9.299473083951293e-16,0.7836670834791888,0.0,74.66435642242432,0.0610003843041785,36.87902520550867,116.2952035367712,0.9,no,medium,10.84298718335694,"{""neural"": 9.299473083951293e-16, ""physics"": 0.21633291652081033, ""xgboost"": 0.7836670834791888}"
PA_EXT_2EB8A593D55E,EXT_2EB8A593D55E,OPEN_PLA_FILMS_2021,SFC_4640D599C795,LIQ_1BD1B94C09,polymer_film,probe_assisted,prospective_open_external,2,24.0,8.23093300788913,0.0,2.9071367,10.503099060058592,0.0,27.276654052734376,40.12794222440986,0.988958405452977,11.050699,0.036952995,yes,ls-psrmoe-v4.1,0.2163329165208103,9.299473083951293e-16,0.7836670834791888,0.0,10.503099060058595,0.0956171291738402,0.0,47.93902217352039,0.9,no,medium,11.094863095879871,"{""neural"": 9.299473083951293e-16, ""physics"": 0.21633291652081033, ""xgboost"": 0.7836670834791888}"
PA_EXT_A9A71A63993D,EXT_A9A71A63993D,OPEN_PLA_FILMS_2021,SFC_869B011AB104,LIQ_1BD1B94C09,polymer_film,probe_assisted,prospective_open_external,2,62.0,52.18440657484674,48.069622,44.789513,53.320301342010495,52.41047947399268,46.74262619018555,49.88558847402415,0.4941535101577626,10.859866,0.040495627,yes,ls-psrmoe-v4.1,0.2163329165208103,9.299473083951293e-16,0.7836670834791888,0.0,53.32030134201049,0.0771913206233868,12.476317409215476,91.89249574047801,0.9,no,medium,10.871102852496486,"{""neural"": 9.299473083951293e-16, ""physics"": 0.21633291652081033, ""xgboost"": 0.7836670834791888}"
PA_EXT_B078FBEC9CEC,EXT_B078FBEC9CEC,OPEN_PLA_FILMS_2021,SFC_52F0F5BD3D6C,LIQ_1BD1B94C09,polymer_film,probe_assisted,prospective_open_external,2,52.0,49.224644698667696,43.29956,40.093422,50.86027641296387,48.80297678086893,43.30508728027344,49.28036490647951,0.5435927370954186,10.863943,0.035875507,yes,ls-psrmoe-v4.1,0.2163329165208103,9.299473083951293e-16,0.7836670834791888,0.0,50.86027641296387,0.0788078540523635,9.516555533036431,88.93273386429897,0.9,no,medium,10.877534213739432,"{""neural"": 9.299473083951293e-16, ""physics"": 0.21633291652081033, ""xgboost"": 0.7836670834791888}"
PA_EXT_57487A07628B,EXT_57487A07628B,OPEN_PLA_FILMS_2021,SFC_8864A171D8DB,LIQ_1BD1B94C09,polymer_film,probe_assisted,prospective_open_external,2,56.0,52.70774911705556,46.816944,43.763874,54.33391799926758,51.64201445257347,46.739678955078126,50.063588549532135,0.4405044097152326,10.852468,0.03679841,yes,ls-psrmoe-v4.1,0.2163329165208103,9.299473083951293e-16,0.7836670834791888,0.0,54.33391799926758,0.0782381144655913,12.999659951424299,92.41583828268682,0.9,no,medium,10.86140441315038,"{""neural"": 9.299473083951293e-16, ""physics"": 0.21633291652081033, ""xgboost"": 0.7836670834791888}"
PA_EXT_45CE8585FF60,EXT_45CE8585FF60,OPEN_PLA_FILMS_2021,SFC_4640D599C795,LIQ_6656B41AB7,polymer_film,probe_assisted,prospective_open_external,2,48.0,31.52302102428237,65.968666,54.6793,22.014229583740235,35.707202307805844,26.434718322753906,37.11010230339123,0.8022970528621786,10.991122,0.17025341,yes,ls-psrmoe-v4.1,0.2163329165208103,9.299473083951293e-16,0.7836670834791888,0.0,22.01422958374024,0.0888299080398367,0.0,71.23111018991364,0.9,no,medium,11.020364938599599,"{""neural"": 9.299473083951293e-16, ""physics"": 0.21633291652081033, ""xgboost"": 0.7836670834791888}"
PA_EXT_B488569FF3A6,EXT_B488569FF3A6,OPEN_PLA_FILMS_2021,SFC_869B011AB104,LIQ_6656B41AB7,polymer_film,probe_assisted,prospective_open_external,2,49.0,41.98040912380751,79.649025,70.837776,31.581909942626957,43.071304336608975,30.524050140380854,38.723031817660456,0.2948250822583235,10.902797,0.14833254,yes,ls-psrmoe-v4.1,0.2163329165208103,9.299473083951293e-16,0.7836670834791888,0.0,31.581909942626957,0.0609648485499588,2.272319958176247,81.68849828943877,0.9,no,medium,10.90678248854068,"{""neural"": 9.299473083951293e-16, ""physics"": 0.21633291652081033, ""xgboost"": 0.7836670834791888}"
PA_EXT_489544822E64,EXT_489544822E64,OPEN_PLA_FILMS_2021,SFC_52F0F5BD3D6C,LIQ_6656B41AB7,polymer_film,probe_assisted,prospective_open_external,2,45.0,34.332117979880174,63.999218,55.704735,26.142453765869146,37.38960102027735,30.47471809387207,39.28173877233172,0.3644856503960968,10.866984,0.12469232,yes,ls-psrmoe-v4.1,0.2163329165208103,9.299473083951293e-16,0.7836670834791888,0.0,26.142453765869146,0.0634993121094344,0.0,74.04020714551143,0.9,no,medium,10.873094823719725,"{""neural"": 9.299473083951293e-16, ""physics"": 0.21633291652081033, ""xgboost"": 0.7836670834791888}"
PA_EXT_5C43DD51F487,EXT_5C43DD51F487,OPEN_PLA_FILMS_2021,SFC_8864A171D8DB,LIQ_6656B41AB7,polymer_film,probe_assisted,prospective_open_external,2,46.0,55.708353386288906,66.75127,58.61381,52.659934425354,47.68825168319397,32.36355133056641,39.49248404286688,0.3895169103820742,10.863157,0.1257438,yes,ls-psrmoe-v4.1,0.2163329165208103,9.299473083951293e-16,0.7836670834791888,0.0,52.659934425354,0.0624658122890321,16.00026422065764,95.41644255192017,0.9,no,medium,10.870138151381637,"{""neural"": 9.299473083951293e-16, ""physics"": 0.21633291652081033, ""xgboost"": 0.7836670834791888}"
PA_EXT_0780FA855EA7,EXT_0780FA855EA7,OPEN_PLA_FILMS_2021,SFC_CA0DF2A414ED,LIQ_0F4168490E,polymer_film,probe_assisted,prospective_open_external,2,74.0,43.42593927736092,66.72051,66.14467,36.99542427062988,51.31495066983539,42.98954849243164,59.09230462633167,0.6038304082220731,10.938432,0.008850374,yes,ls-psrmoe-v4.1,0.2163329165208103,9.299473083951293e-16,0.7836670834791888,0.0,36.99542427062988,0.0796906801164356,3.7178501117296534,83.13402844299219,0.9,no,medium,10.955085840855729,"{""neural"": 9.299473083951293e-16, ""physics"": 0.21633291652081033, ""xgboost"": 0.7836670834791888}"
PA_EXT_F2DE1724D72F,EXT_F2DE1724D72F,OPEN_PLA_FILMS_2021,SFC_0FBA62725BE6,LIQ_0F4168490E,polymer_film,probe_assisted,prospective_open_external,2,76.0,94.17749325578647,95.74746,95.51431,93.744100856781,92.0983833917314,99.1809585571289,90.10383503507292,0.3432788249376956,10.798916,0.0041070627,yes,ls-psrmoe-v4.1,0.2163329165208103,9.299473083951293e-16,0.7836670834791888,0.0,93.744100856781,0.0599234458996217,54.46940409015521,133.88558242141772,0.9,no,medium,10.804370741820488,"{""neural"": 9.299473083951293e-16, ""physics"": 0.21633291652081033, ""xgboost"": 0.7836670834791888}"
PA_EXT_5763DE0B39DD,EXT_5763DE0B39DD,OPEN_PLA_FILMS_2021,SFC_84FF6543987A,LIQ_0F4168490E,polymer_film,probe_assisted,prospective_open_external,2,74.0,82.36288466792938,88.7337,88.63113,80.60420694351197,83.38659953270668,85.34535369873046,82.35942459534526,0.2825282722853856,10.824661,0.0017677844,yes,ls-psrmoe-v4.1,0.2163329165208103,9.299473083951293e-16,0.7836670834791888,0.0,80.60420694351197,0.0600319123631157,42.654795502298114,122.07097383356064,0.9,no,medium,10.828347426526431,"{""neural"": 9.299473083951293e-16, ""physics"": 0.21633291652081033, ""xgboost"": 0.7836670834791888}"
PA_EXT_62C7119859BF,EXT_62C7119859BF,OPEN_PLA_FILMS_2021,SFC_91B74A694C1A,LIQ_0F4168490E,polymer_film,probe_assisted,prospective_open_external,2,74.0,79.48106126058026,86.47087,86.41195,77.55150985717773,80.69826682988672,74.73671875,78.19867134646535,0.302251074814476,10.831723,0.00097624736,yes,ls-psrmoe-v4.1,0.2163329165208103,9.299473083951293e-16,0.7836670834791888,0.0,77.55150985717773,0.0605008773779754,39.772972094949,119.18915042621153,0.9,no,medium,10.835939223757002,"{""neural"": 9.299473083951293e-16, ""physics"": 0.21633291652081033, ""xgboost"": 0.7836670834791888}"
PA_EXT_874FDB205BEC,EXT_874FDB205BEC,OPEN_PLA_FILMS_2021,SFC_CA0DF2A414ED,LIQ_1BD1B94C09,polymer_film,probe_assisted,prospective_open_external,2,43.0,54.586666489631455,50.22742,46.56003,55.79004526138306,53.58929189939914,47.09335174560547,49.163615225772645,0.4567592627038809,10.87327,0.047004886,yes,ls-psrmoe-v4.1,0.2163329165208103,9.299473083951293e-16,0.7836670834791888,0.0,55.79004526138306,0.0803107701975908,14.87857732400019,94.29475565526272,0.9,no,medium,10.882859436607907,"{""neural"": 9.299473083951293e-16, ""physics"": 0.21633291652081033, ""xgboost"": 0.7836670834791888}"
PA_EXT_1974721ED722,EXT_1974721ED722,OPEN_PLA_FILMS_2021,SFC_0FBA62725BE6,LIQ_1BD1B94C09,polymer_film,probe_assisted,prospective_open_external,2,66.0,52.36035229990775,48.02556,45.236084,53.55698108673096,52.3330030113104,46.8232063293457,50.37646984660937,0.5177023445216317,10.839161,0.03439021,yes,ls-psrmoe-v4.1,0.2163329165208103,9.299473083951293e-16,0.7836670834791888,0.0,53.55698108673096,0.079251413259506,12.652263134276488,92.06844146553902,0.9,no,medium,10.851517262643238,"{""neural"": 9.299473083951293e-16, ""physics"": 0.21633291652081033, ""xgboost"": 0.7836670834791888}"
PA_EXT_28B169088998,EXT_28B169088998,OPEN_PLA_FILMS_2021,SFC_84FF6543987A,LIQ_1BD1B94C09,polymer_film,probe_assisted,prospective_open_external,2,61.0,53.10999314569435,47.23059,44.102352,54.73301429748536,51.88700837505638,46.839228820800784,50.064449945047976,0.4436726586062964,10.854879,0.03801247,yes,ls-psrmoe-v4.1,0.2163329165208103,9.299473083951293e-16,0.7836670834791888,0.0,54.73301429748535,0.0775259130016391,13.401903980063082,92.81808231132561,0.9,no,medium,10.8639423568351,"{""neural"": 9.299473083951293e-16, ""physics"": 0.21633291652081033, ""xgboost"": 0.7836670834791888}"
PA_EXT_C0610F416EF7,EXT_C0610F416EF7,OPEN_PLA_FILMS_2021,SFC_91B74A694C1A,LIQ_1BD1B94C09,polymer_film,probe_assisted,prospective_open_external,2,59.0,53.10999314569435,47.23059,44.102352,54.73301429748536,51.88700837505638,46.839228820800784,50.064449945047976,0.4436726586062964,10.854879,0.03801247,yes,ls-psrmoe-v4.1,0.2163329165208103,9.299473083951293e-16,0.7836670834791888,0.0,54.73301429748535,0.0775259130016391,13.401903980063082,92.81808231132561,0.9,no,medium,10.8639423568351,"{""neural"": 9.299473083951293e-16, ""physics"": 0.21633291652081033, ""xgboost"": 0.7836670834791888}"
PA_EXT_A399484607B3,EXT_A399484607B3,OPEN_PLA_FILMS_2021,SFC_CA0DF2A414ED,LIQ_6656B41AB7,polymer_film,probe_assisted,prospective_open_external,2,54.0,38.44592339598331,36.160988,28.07427,39.0766845703125,30.869970871198216,35.59601211547852,42.46966507211776,0.4797945937651101,10.802895,0.07322063,yes,ls-psrmoe-v4.1,0.2163329165208103,9.299473083951293e-16,0.7836670834791888,0.0,39.0766845703125,0.0775167739748429,0.0,78.15401256161456,0.9,no,medium,10.813544434330089,"{""neural"": 9.299473083951293e-16, ""physics"": 0.21633291652081033, ""xgboost"": 0.7836670834791888}"
PA_EXT_0325D9C2E6F8,EXT_0325D9C2E6F8,OPEN_PLA_FILMS_2021,SFC_0FBA62725BE6,LIQ_6656B41AB7,polymer_film,probe_assisted,prospective_open_external,2,44.0,45.41967632914463,84.76604,75.781845,34.5580322265625,45.90987378421509,31.690253448486327,39.22810945369882,0.4643699013041942,10.910408,0.15421137,yes,ls-psrmoe-v4.1,0.2163329165208103,9.299473083951293e-16,0.7836670834791888,0.0,34.5580322265625,0.0631253821810597,5.711587163513364,85.1277654947759,0.9,no,medium,10.920285808150869,"{""neural"": 9.299473083951293e-16, ""physics"": 0.21633291652081033, ""xgboost"": 0.7836670834791888}"
PA_EXT_2D1C9CE8FE08,EXT_2D1C9CE8FE08,OPEN_PLA_FILMS_2021,SFC_84FF6543987A,LIQ_6656B41AB7,polymer_film,probe_assisted,prospective_open_external,2,47.0,40.24097143858642,77.49997,68.81914,29.95554809570313,41.85577946458507,31.01195373535156,38.641075287213866,0.3699908157091651,10.895861,0.1446214,yes,ls-psrmoe-v4.1,0.2163329165208103,9.299473083951293e-16,0.7836670834791888,0.0,29.95554809570313,0.0601865547038142,0.5328822729551561,79.94906060421769,0.9,no,medium,10.902141080312166,"{""neural"": 9.299473083951293e-16, ""physics"": 0.21633291652081033, ""xgboost"": 0.7836670834791888}"
PA_EXT_CFE40CFC3BA1,EXT_CFE40CFC3BA1,OPEN_PLA_FILMS_2021,SFC_91B74A694C1A,LIQ_6656B41AB7,polymer_film,probe_assisted,prospective_open_external,2,47.0,36.55832493071623,73.20835,64.766266,26.44100952148437,39.120441563711694,29.386203384399412,38.10184704088217,0.3186926742082291,10.882344,0.1371345,yes,ls-psrmoe-v4.1,0.2163329165208103,9.299473083951293e-16,0.7836670834791888,0.0,26.44100952148437,0.0598476699753491,0.0,76.26641409634749,0.9,no,medium,10.887009504677122,"{""neural"": 9.299473083951293e-16, ""physics"": 0.21633291652081033, ""xgboost"": 0.7836670834791888}"
PA_EXT_20E924898243,EXT_20E924898243,OPEN_PLA_FILMS_2021,SFC_46B777D53533,LIQ_0F4168490E,polymer_film,probe_assisted,prospective_open_external,2,113.0,120.56533076951048,119.449005,118.14331,120.8734947681427,120.56788019458148,116.3152633666992,109.13253799237172,0.2800522379737988,10.869247,0.02042575,yes,ls-psrmoe-v4.1,0.2163329165208103,9.299473083951293e-16,0.7836670834791888,0.0,120.8734947681427,0.0690662646805723,80.85724160387922,160.27341993514176,0.9,no,medium,10.87285425281711,"{""neural"": 9.299473083951293e-16, ""physics"": 0.21633291652081033, ""xgboost"": 0.7836670834791888}"
PA_EXT_D5A2B07B71FE,EXT_D5A2B07B71FE,OPEN_PLA_FILMS_2021,SFC_2171EA47DB00,LIQ_0F4168490E,polymer_film,probe_assisted,prospective_open_external,2,106.0,110.02579253946072,108.54586,109.014244,110.43433089256288,111.13788940579492,116.83639373779296,107.66254091052652,0.4538148569349604,10.862141,-0.007497915,yes,ls-psrmoe-v4.1,0.2163329165208103,9.299473083951293e-16,0.7836670834791888,0.0,110.43433089256288,0.0678394374065813,70.31770337382946,149.733881705092,0.9,no,medium,10.871616946354203,"{""neural"": 9.299473083951293e-16, ""physics"": 0.21633291652081033, ""xgboost"": 0.7836670834791888}"
PA_EXT_FCDB7AFFCD9B,EXT_FCDB7AFFCD9B,OPEN_PLA_FILMS_2021,SFC_C73C8C6483E4,LIQ_0F4168490E,polymer_film,probe_assisted,prospective_open_external,2,111.0,114.0122468913399,110.46519,111.18654,114.9914200782776,113.1751609700026,131.3955841064453,109.01512819427542,0.3612515263847937,10.896228,-0.011465438,yes,ls-psrmoe-v4.1,0.2163329165208103,9.299473083951293e-16,0.7836670834791888,0.0,114.9914200782776,0.0797439248812478,74.30415772570863,153.72033605697118,0.9,no,medium,10.902214788440896,"{""neural"": 9.299473083951293e-16, ""physics"": 0.21633291652081033, ""xgboost"": 0.7836670834791888}"
PA_EXT_F0D8FCD36A83,EXT_F0D8FCD36A83,OPEN_PLA_FILMS_2021,SFC_B93E7618C45A,LIQ_0F4168490E,polymer_film,probe_assisted,prospective_open_external,2,108.0,111.85046911187771,110.36093,110.88658,112.26165907382963,112.92421932925102,117.52611694335936,108.85437174889076,0.463519677483826,10.883925,-0.008300182,yes,ls-psrmoe-v4.1,0.2163329165208103,9.299473083951293e-16,0.7836670834791888,0.0,112.26165907382963,0.0735576916435663,72.14237994624645,151.55855827750898,0.9,no,medium,10.893790611951365,"{""neural"": 9.299473083951293e-16, ""physics"": 0.21633291652081033, ""xgboost"": 0.7836670834791888}"
PA_EXT_DA1010942764,EXT_DA1010942764,OPEN_PLA_FILMS_2021,SFC_46B777D53533,LIQ_1BD1B94C09,polymer_film,probe_assisted,prospective_open_external,2,100.0,91.81876138218782,93.3218,88.73663,91.40384440422058,89.08926017412394,96.41328582763671,72.58745530915067,0.4532155929178587,10.825045,0.07998048,yes,ls-psrmoe-v4.1,0.2163329165208103,9.299473083951293e-16,0.7836670834791888,0.0,91.40384440422058,0.0821829756274197,52.11067221655655,131.5268505478191,0.9,no,medium,10.834528306561799,"{""neural"": 9.299473083951293e-16, ""physics"": 0.21633291652081033, ""xgboost"": 0.7836670834791888}"
PA_EXT_57AAA740DBD8,EXT_57AAA740DBD8,OPEN_PLA_FILMS_2021,SFC_2171EA47DB00,LIQ_1BD1B94C09,polymer_film,probe_assisted,prospective_open_external,2,88.0,76.17832823913841,76.97872,74.75499,75.95737799406052,76.20637810597293,77.08622894287109,67.38195451028109,0.3484210117944076,10.775969,0.0374652,yes,ls-psrmoe-v4.1,0.2163329165208103,9.299473083951293e-16,0.7836670834791888,0.0,75.95737799406052,0.0863014439595729,36.470239073507145,115.88641740476967,0.9,no,medium,10.781600302850261,"{""neural"": 9.299473083951293e-16, ""physics"": 0.21633291652081033, ""xgboost"": 0.7836670834791888}"
PA_EXT_6FAB73084CB3,EXT_6FAB73084CB3,OPEN_PLA_FILMS_2021,SFC_C73C8C6483E4,LIQ_1BD1B94C09,polymer_film,probe_assisted,prospective_open_external,2,95.0,78.13242354231375,79.420044,77.4065,77.77697327136994,78.47696308242186,74.52633209228516,66.54834183040118,0.4050870469350308,10.809364,0.03428032,yes,ls-psrmoe-v4.1,0.2163329165208103,9.299473083951293e-16,0.7836670834791888,0.0,77.77697327136994,0.0843420326900473,38.42433437668248,117.84051270794501,0.9,no,medium,10.816951770258132,"{""neural"": 9.299473083951293e-16, ""physics"": 0.21633291652081033, ""xgboost"": 0.7836670834791888}"
PA_EXT_793B32E71A38,EXT_793B32E71A38,OPEN_PLA_FILMS_2021,SFC_B93E7618C45A,LIQ_1BD1B94C09,polymer_film,probe_assisted,prospective_open_external,2,93.0,78.09602009856475,78.85328,76.57767,77.88697718381881,77.82252374322563,77.12182006835937,67.3353629230548,0.3445816301573878,10.787552,0.0386574,yes,ls-psrmoe-v4.1,0.2163329165208103,9.299473083951293e-16,0.7836670834791888,0.0,77.88697718381881,0.0838665678305796,38.387930932933486,117.80410926419601,0.9,no,medium,10.793054000260812,"{""neural"": 9.299473083951293e-16, ""physics"": 0.21633291652081033, ""xgboost"": 0.7836670834791888}"
PA_EXT_BB5D89275AD2,EXT_BB5D89275AD2,OPEN_PLA_FILMS_2021,SFC_46B777D53533,LIQ_6656B41AB7,polymer_film,probe_assisted,prospective_open_external,2,82.0,86.82351223517658,97.94078,89.907974,83.75456733703614,78.16008940202454,81.25912170410156,65.64170322904441,1.1844219578681232,10.826404,0.1397564,yes,ls-psrmoe-v4.1,0.2163329165208103,9.299473083951293e-16,0.7836670834791888,0.0,83.75456733703614,0.0805491943089018,47.115423069545315,126.53160140080784,0.9,no,medium,10.890999905678825,"{""neural"": 9.299473083951293e-16, ""physics"": 0.21633291652081033, ""xgboost"": 0.7836670834791888}"
PA_EXT_E8E1679EDB31,EXT_E8E1679EDB31,OPEN_PLA_FILMS_2021,SFC_2171EA47DB00,LIQ_6656B41AB7,polymer_film,probe_assisted,prospective_open_external,2,53.0,70.18765445924487,81.35212,74.193436,67.10568084716797,61.4947694950306,59.52685699462891,52.31278645952235,0.7543165222831155,10.810305,0.12188975,yes,ls-psrmoe-v4.1,0.2163329165208103,9.299473083951293e-16,0.7836670834791888,0.0,67.10568084716797,0.0653718854549959,30.479565293613604,109.89574362487613,0.9,no,medium,10.836590220582039,"{""neural"": 9.299473083951293e-16, ""physics"": 0.21633291652081033, ""xgboost"": 0.7836670834791888}"
PA_EXT_882D286A650A,EXT_882D286A650A,OPEN_PLA_FILMS_2021,SFC_C73C8C6483E4,LIQ_6656B41AB7,polymer_film,probe_assisted,prospective_open_external,2,53.0,77.13644157612802,89.44247,81.93979,73.73933792114258,68.64569397847765,69.39580078125,57.045325888483056,0.4844448882341327,10.816805,0.13040707,yes,ls-psrmoe-v4.1,0.2163329165208103,9.299473083951293e-16,0.7836670834791888,0.0,73.73933792114258,0.073223481897676,37.42835241049676,116.84453074175929,0.9,no,medium,10.827647817405273,"{""neural"": 9.299473083951293e-16, ""physics"": 0.21633291652081033, ""xgboost"": 0.7836670834791888}"
PA_EXT_E31EC66D808C,EXT_E31EC66D808C,OPEN_PLA_FILMS_2021,SFC_B93E7618C45A,LIQ_6656B41AB7,polymer_film,probe_assisted,prospective_open_external,2,55.0,76.5512172017697,89.85292,82.26052,72.87925453186035,68.97257523622395,68.53677520751953,56.90149741875977,0.6713322043692708,10.821452,0.1320277,yes,ls-psrmoe-v4.1,0.2163329165208103,9.299473083951293e-16,0.7836670834791888,0.0,72.87925453186035,0.0738340012642422,36.84312803613844,116.25930636740097,0.9,no,medium,10.842255776217756,"{""neural"": 9.299473083951293e-16, ""physics"": 0.21633291652081033, ""xgboost"": 0.7836670834791888}"
PA_EXT_0C2F137C0768,EXT_0C2F137C0768,OPEN_CARBON_GLYCAN_2016,SFC_DDCE904A2E37,LIQ_0F4168490E,carbon_surface,probe_assisted,prospective_open_external,2,35.3,25.95916135901573,53.280624,54.43813,18.417015075683597,36.96916138605645,32.183427810668945,47.34771922167528,0.5039977075776196,10.906661,-0.017200727,yes,ls-psrmoe-v4.1,0.2163329165208103,9.299473083951293e-16,0.7836670834791888,0.0,18.417015075683597,0.0661735738361865,0.0,65.66725052464699,0.9,no,medium,10.918299677979373,"{""neural"": 9.299473083951293e-16, ""physics"": 0.21633291652081033, ""xgboost"": 0.7836670834791888}"
PA_EXT_3D14543B75E6,EXT_3D14543B75E6,OPEN_CARBON_GLYCAN_2016,SFC_DDCE904A2E37,LIQ_5C0DC0DCD1,carbon_surface,probe_assisted,prospective_open_external,2,22.2,7.209559743991957,0.0,8.948088,9.199773597717286,0.429135253731967,28.13529090881348,38.50616867712806,0.5303159602598465,10.988561,0.0069671646,yes,ls-psrmoe-v4.1,0.2163329165208103,9.299473083951293e-16,0.7836670834791888,0.0,9.199773597717286,0.0700117590577526,0.0,46.917648909623225,0.9,no,medium,11.001350274781153,"{""neural"": 9.299473083951293e-16, ""physics"": 0.21633291652081033, ""xgboost"": 0.7836670834791888}"
PA_EXT_C8683F966ABC,EXT_C8683F966ABC,OPEN_CARBON_GLYCAN_2016,SFC_DDCE904A2E37,LIQ_6656B41AB7,carbon_surface,probe_assisted,prospective_open_external,2,11.9,32.41536238062355,67.06864,55.083363,22.84925308227539,36.06418867700747,26.63422737121582,36.78056247622151,0.7555487167607251,11.03362,0.18201792,yes,ls-psrmoe-v4.1,0.2163329165208103,9.299473083951293e-16,0.7836670834791888,0.0,22.84925308227539,0.0940033232268273,0.0,72.12345154625481,0.9,no,medium,11.059458583845721,"{""neural"": 9.299473083951293e-16, ""physics"": 0.21633291652081033, ""xgboost"": 0.7836670834791888}"
PA_EXT_A05B145D5D55,EXT_A05B145D5D55,OPEN_CARBON_GLYCAN_2016,SFC_757E5A51849D,LIQ_0F4168490E,carbon_surface,probe_assisted,prospective_open_external,2,20.2,27.55106677898691,50.797924,52.030663,21.13372383117676,37.855447229086906,31.780751419067386,47.294437123923885,0.2938989187884136,10.913378,-0.01783349,yes,ls-psrmoe-v4.1,0.2163329165208103,9.299473083951293e-16,0.7836670834791888,0.0,21.13372383117676,0.0704171482340305,0.0,67.25915594461817,0.9,no,medium,10.917334653904724,"{""neural"": 9.299473083951293e-16, ""physics"": 0.21633291652081033, ""xgboost"": 0.7836670834791888}"
PA_EXT_4D6047F3DA11,EXT_4D6047F3DA11,OPEN_CARBON_GLYCAN_2016,SFC_757E5A51849D,LIQ_5C0DC0DCD1,carbon_surface,probe_assisted,prospective_open_external,2,16.4,7.376980155075341,0.0,5.957512,9.413410758972168,0.8205506541646436,27.64160614013672,38.375651724216326,0.6709314651484045,11.017106,0.02233576,yes,ls-psrmoe-v4.1,0.2163329165208103,9.299473083951293e-16,0.7836670834791888,0.0,9.413410758972168,0.0873993633719703,0.0,47.08506932070661,0.9,no,medium,11.037516643075207,"{""neural"": 9.299473083951293e-16, ""physics"": 0.21633291652081033, ""xgboost"": 0.7836670834791888}"
PA_EXT_7CF183ABF3B6,EXT_7CF183ABF3B6,OPEN_CARBON_GLYCAN_2016,SFC_757E5A51849D,LIQ_6656B41AB7,carbon_surface,probe_assisted,prospective_open_external,2,5.4,41.42362657793713,80.2874,66.97865,30.695201873779297,41.56279707034975,30.20683364868164,37.89665932871604,0.4930174415484155,11.132513,0.2219067,yes,ls-psrmoe-v4.1,0.2163329165208103,9.299473083951293e-16,0.7836670834791888,0.0,30.695201873779297,0.129501128165045,1.7155374123058635,81.13171574356839,0.9,no,medium,11.143424603452923,"{""neural"": 9.299473083951293e-16, ""physics"": 0.21633291652081033, ""xgboost"": 0.7836670834791888}"
PA_EXT_64532C66FD00,EXT_64532C66FD00,OPEN_CARBON_GLYCAN_2016,SFC_C1B0541D31DE,LIQ_0F4168490E,carbon_surface,probe_assisted,prospective_open_external,2,26.1,27.753074072688083,50.99993,52.210175,21.33573112487793,37.95270944841055,31.780751419067386,47.29826312329827,0.2938989187884132,10.913627,-0.017557811,yes,ls-psrmoe-v4.1,0.2163329165208103,9.299473083951293e-16,0.7836670834791888,0.0,21.33573112487793,0.0701937890455809,0.0,67.46116323831934,0.9,no,medium,10.917583563664351,"{""neural"": 9.299473083951293e-16, ""physics"": 0.21633291652081033, ""xgboost"": 0.7836670834791888}"
PA_EXT_68FC9343A58A,EXT_68FC9343A58A,OPEN_CARBON_GLYCAN_2016,SFC_C1B0541D31DE,LIQ_5C0DC0DCD1,carbon_surface,probe_assisted,prospective_open_external,2,17.1,7.376980155075342,0.0,7.196859,9.413410758972168,0.6754510485234771,27.64160614013672,38.416978391212105,0.6709314651484055,11.007061,0.016800214,yes,ls-psrmoe-v4.1,0.2163329165208103,9.299473083951293e-16,0.7836670834791888,0.0,9.413410758972168,0.0800442814742021,0.0,47.08506932070661,0.9,no,medium,11.027490235255128,"{""neural"": 9.299473083951293e-16, ""physics"": 0.21633291652081033, ""xgboost"": 0.7836670834791888}"
PA_EXT_F1A8D658D675,EXT_F1A8D658D675,OPEN_CARBON_GLYCAN_2016,SFC_C1B0541D31DE,LIQ_6656B41AB7,carbon_surface,probe_assisted,prospective_open_external,2,7.5,36.08952513727602,74.55018,61.726585,25.47238235473633,37.71832096718935,29.87450752258301,37.50821175778178,0.5542165250437284,11.093241,0.20668729,yes,ls-psrmoe-v4.1,0.2163329165208103,9.299473083951293e-16,0.7836670834791888,0.0,25.47238235473633,0.111323481228957,0.0,75.79761430290728,0.9,no,medium,11.107076655930333,"{""neural"": 9.299473083951293e-16, ""physics"": 0.21633291652081033, ""xgboost"": 0.7836670834791888}"
PA_EXT_9F58E9B1730C,EXT_9F58E9B1730C,OPEN_CARBON_GLYCAN_2016,SFC_1CD855A0B4A5,LIQ_0F4168490E,carbon_surface,probe_assisted,prospective_open_external,2,22.9,27.54545365179473,50.601875,51.837524,21.18068084716797,37.49630182595648,31.84458999633789,47.27970379020908,0.4120754861210925,10.914068,-0.017838184,yes,ls-psrmoe-v4.1,0.2163329165208103,9.299473083951293e-16,0.7836670834791888,0.0,21.18068084716797,0.0707881152143725,0.0,67.253542817426,0.9,no,medium,10.92184446487341,"{""neural"": 9.299473083951293e-16, ""physics"": 0.21633291652081033, ""xgboost"": 0.7836670834791888}"
PA_EXT_BD0EEB764A84,EXT_BD0EEB764A84,OPEN_CARBON_GLYCAN_2016,SFC_1CD855A0B4A5,LIQ_5C0DC0DCD1,carbon_surface,probe_assisted,prospective_open_external,2,15.9,7.376980155075341,0.0,6.5908875,9.413410758972168,0.7150266059282337,27.64160614013672,38.416978391212105,0.670931465148405,11.01195,0.01965239,yes,ls-psrmoe-v4.1,0.2163329165208103,9.299473083951293e-16,0.7836670834791888,0.0,9.413410758972168,0.08396612092226,0.0,47.08506932070661,0.9,no,medium,11.032370182033695,"{""neural"": 9.299473083951293e-16, ""physics"": 0.21633291652081033, ""xgboost"": 0.7836670834791888}"
PA_EXT_6B9D41D96636,EXT_6B9D41D96636,OPEN_CARBON_GLYCAN_2016,SFC_1CD855A0B4A5,LIQ_6656B41AB7,carbon_surface,probe_assisted,prospective_open_external,2,4.9,38.46306787989036,77.09499,64.01855,27.79864501953125,39.81284626418791,30.19434585571289,37.93035571902542,0.5308961367771234,11.112447,0.21420598,yes,ls-psrmoe-v4.1,0.2163329165208103,9.299473083951293e-16,0.7836670834791888,0.0,27.79864501953125,0.1199988262801505,0.0,78.17115704552162,0.9,no,medium,11.125121529037509,"{""neural"": 9.299473083951293e-16, ""physics"": 0.21633291652081033, ""xgboost"": 0.7836670834791888}"
PA_EXT_BE673F974C34,EXT_BE673F974C34,OPEN_CARBON_GLYCAN_2016,SFC_9CBFB90624F8,LIQ_0F4168490E,carbon_surface,probe_assisted,prospective_open_external,2,25.0,26.105792554132904,52.65257,53.89248,18.77750015258789,38.09650830001111,31.747245407104494,47.33769400277054,0.7520089635131942,10.905108,-0.018266242,yes,ls-psrmoe-v4.1,0.2163329165208103,9.299473083951293e-16,0.7836670834791888,0.0,18.77750015258789,0.0666991733461409,0.0,65.81388171976417,0.9,no,medium,10.931006265338437,"{""neural"": 9.299473083951293e-16, ""physics"": 0.21633291652081033, ""xgboost"": 0.7836670834791888}"
PA_EXT_810E90883671,EXT_810E90883671,OPEN_CARBON_GLYCAN_2016,SFC_9CBFB90624F8,LIQ_5C0DC0DCD1,carbon_surface,probe_assisted,prospective_open_external,2,20.3,7.376980155075342,0.0,7.0098176,9.413410758972168,0.6977193848583016,27.64160614013672,38.416978391212105,0.6709314651484051,11.008492,0.017706648,yes,ls-psrmoe-v4.1,0.2163329165208103,9.299473083951293e-16,0.7836670834791888,0.0,9.413410758972168,0.0813474144711205,0.0,47.08506932070661,0.9,no,medium,11.028918584566222,"{""neural"": 9.299473083951293e-16, ""physics"": 0.21633291652081033, ""xgboost"": 0.7836670834791888}"
PA_EXT_E2B297913813,EXT_E2B297913813,OPEN_CARBON_GLYCAN_2016,SFC_9CBFB90624F8,LIQ_6656B41AB7,carbon_surface,probe_assisted,prospective_open_external,2,6.2,40.44157091387463,79.30534,66.28336,29.7131462097168,41.16444189173885,30.19434585571289,38.03237472285904,0.4930174415484142,11.116745,0.21615832,yes,ls-psrmoe-v4.1,0.2163329165208103,9.299473083951293e-16,0.7836670834791888,0.0,29.7131462097168,0.1189169774269502,0.7334817482433635,80.14966007950589,0.9,no,medium,11.12767206529272,"{""neural"": 9.299473083951293e-16, ""physics"": 0.21633291652081033, ""xgboost"": 0.7836670834791888}"
PA_EXT_97FF8568B019,EXT_97FF8568B019,OPEN_CARBON_GLYCAN_2016,SFC_73AE050E307F,LIQ_0F4168490E,carbon_surface,probe_assisted,prospective_open_external,2,11.8,27.8223413456373,51.0692,52.314625,21.40499839782715,38.01909281683864,31.780751419067386,47.29826312329827,0.2938989187884136,10.911596,-0.01805853,yes,ls-psrmoe-v4.1,0.2163329165208103,9.299473083951293e-16,0.7836670834791888,0.0,21.40499839782715,0.0697746398209062,0.0,67.53043051126856,0.9,no,medium,10.915553299841514,"{""neural"": 9.299473083951293e-16, ""physics"": 0.21633291652081033, ""xgboost"": 0.7836670834791888}"
PA_EXT_006E9D255BB0,EXT_006E9D255BB0,OPEN_CARBON_GLYCAN_2016,SFC_73AE050E307F,LIQ_5C0DC0DCD1,carbon_surface,probe_assisted,prospective_open_external,2,16.9,7.376980155075339,0.0,3.8715146,9.413410758972168,0.8970569917181148,27.64160614013672,38.211963783933946,0.6709314651484033,11.028017,0.028429559,yes,ls-psrmoe-v4.1,0.2163329165208103,9.299473083951293e-16,0.7836670834791888,0.0,9.413410758972168,0.0955423686969894,0.0,47.0850693207066,0.9,no,medium,11.04840748629481,"{""neural"": 9.299473083951293e-16, ""physics"": 0.21633291652081033, ""xgboost"": 0.7836670834791888}"
PA_EXT_0AFA4AD6501C,EXT_0AFA4AD6501C,OPEN_CARBON_GLYCAN_2016,SFC_73AE050E307F,LIQ_6656B41AB7,carbon_surface,probe_assisted,prospective_open_external,2,4.2,46.34355530976824,87.04237,73.1602,35.10856246948242,46.58333452356616,34.3241683959961,40.17983043943734,0.417313551372782,11.176214,0.2377929,yes,ls-psrmoe-v4.1,0.2163329165208103,9.299473083951293e-16,0.7836670834791888,0.0,35.10856246948242,0.155422488839948,6.635466144136977,86.05164447539951,0.9,no,medium,11.18400241299846,"{""neural"": 9.299473083951293e-16, ""physics"": 0.21633291652081033, ""xgboost"": 0.7836670834791888}"
PA_EXT_D7EE4324C62B,EXT_D7EE4324C62B,OPEN_FACEMASK_2023,SFC_4AD1E95A7848,LIQ_6656B41AB7,textile_composite,probe_assisted,prospective_open_external,2,103.9,155.69384064298507,180.0,144.85086,148.98407516479492,165.52089819421747,91.82404022216797,81.94411089690183,0.9934477083674504,10.821736,0.18592735,yes,ls-psrmoe-v4.1,0.2163329165208103,9.299473083951293e-16,0.7836670834791888,0.0,148.98407516479492,0.1268140973096024,115.9857514773538,180.0,0.9,no,medium,10.867240146557752,"{""neural"": 9.299473083951293e-16, ""physics"": 0.21633291652081033, ""xgboost"": 0.7836670834791888}"
PA_EXT_2ED76F045DA7,EXT_2ED76F045DA7,OPEN_FACEMASK_2023,SFC_4AD1E95A7848,LIQ_1BD1B94C09,textile_composite,probe_assisted,prospective_open_external,2,132.9,111.40124395417524,110.87425,104.81938,111.54672108311206,107.03148848701647,106.72232513427734,81.00830485303966,0.2830722125427382,10.845414,0.10076346,yes,ls-psrmoe-v4.1,0.2163329165208103,9.299473083951293e-16,0.7836670834791888,0.0,111.54672108311205,0.1034157457510355,71.69315478854398,151.1093331198065,0.9,no,medium,10.849107553569088,"{""neural"": 9.299473083951293e-16, ""physics"": 0.21633291652081033, ""xgboost"": 0.7836670834791888}"
PA_EXT_3DB1AD2DD595,EXT_3DB1AD2DD595,OPEN_FACEMASK_2023,SFC_4AD1E95A7848,LIQ_0F4168490E,textile_composite,probe_assisted,prospective_open_external,2,125.0,146.43905653287618,136.13165,134.07677,149.28443660736085,138.84641822255736,154.1200927734375,118.4798273220912,0.4304426965475387,10.941232,0.026740005,yes,ls-psrmoe-v4.1,0.2163329165208103,9.299473083951293e-16,0.7836670834791888,0.0,149.28443660736085,0.1031861957671931,106.73096736724492,180.0,0.9,no,medium,10.949695821932,"{""neural"": 9.299473083951293e-16, ""physics"": 0.21633291652081033, ""xgboost"": 0.7836670834791888}"
PA_EXT_21DECF058A46,EXT_21DECF058A46,OPEN_FACEMASK_2023,SFC_2C8D133FAE44,LIQ_6656B41AB7,textile_composite,probe_assisted,prospective_open_external,2,107.4,114.47838143670413,122.11166,111.958725,112.3712001800537,103.89004471406756,95.38999786376954,82.4431241512888,0.8417730028515573,10.825065,0.1579948,yes,ls-psrmoe-v4.1,0.2163329165208103,9.299473083951293e-16,0.7836670834791888,0.0,112.3712001800537,0.1048029254178938,74.77029227107286,154.1864706023354,0.9,no,medium,10.857744427023263,"{""neural"": 9.299473083951293e-16, ""physics"": 0.21633291652081033, ""xgboost"": 0.7836670834791888}"
PA_EXT_F4D52482F27E,EXT_F4D52482F27E,OPEN_FACEMASK_2023,SFC_2C8D133FAE44,LIQ_1BD1B94C09,textile_composite,probe_assisted,prospective_open_external,2,127.3,121.16567321996904,119.5334,113.9529,121.6162652015686,118.1456871467542,118.98802642822264,96.42742163192356,0.3299479663807619,10.863824,0.087429784,yes,ls-psrmoe-v4.1,0.2163329165208103,9.299473083951293e-16,0.7836670834791888,0.0,121.6162652015686,0.1059930101740624,81.45758405433777,160.8737623856003,0.9,no,medium,10.868833311974878,"{""neural"": 9.299473083951293e-16, ""physics"": 0.21633291652081033, ""xgboost"": 0.7836670834791888}"
PA_EXT_19F026C2773F,EXT_19F026C2773F,OPEN_FACEMASK_2023,SFC_2C8D133FAE44,LIQ_0F4168490E,textile_composite,probe_assisted,prospective_open_external,2,137.8,143.9347528683825,135.79173,133.116,146.18265037536622,138.42501871816236,141.77056579589845,118.4137471897652,0.4756119464403814,10.920495,0.034700282,yes,ls-psrmoe-v4.1,0.2163329165208103,9.299473083951293e-16,0.7836670834791888,0.0,146.18265037536622,0.0958737185112522,104.22666370275124,180.0,0.9,no,medium,10.930847074615116,"{""neural"": 9.299473083951293e-16, ""physics"": 0.21633291652081033, ""xgboost"": 0.7836670834791888}"
PA_EXT_161578FE82D4,EXT_161578FE82D4,OPEN_FACEMASK_2023,SFC_61C86B62E941,LIQ_6656B41AB7,textile_composite,probe_assisted,prospective_open_external,2,98.5,95.35818050874444,103.2386,95.82322,93.18277397155762,90.9832154914682,95.6361526489258,80.16506158762331,0.7636658216909411,10.826134,0.12763146,yes,ls-psrmoe-v4.1,0.2163329165208103,9.299473083951293e-16,0.7836670834791888,0.0,93.18277397155762,0.097169203766477,55.650091343113175,135.0662696743757,0.9,no,medium,10.853034731040664,"{""neural"": 9.299473083951293e-16, ""physics"": 0.21633291652081033, ""xgboost"": 0.7836670834791888}"
PA_EXT_A608D8AA1EAA,EXT_A608D8AA1EAA,OPEN_FACEMASK_2023,SFC_61C86B62E941,LIQ_1BD1B94C09,textile_composite,probe_assisted,prospective_open_external,2,113.6,112.93327767001075,111.653984,106.76711,113.28642930984498,109.94940386127988,112.54239654541016,90.31842800823878,0.2667706333264976,10.853313,0.08080201,yes,ls-psrmoe-v4.1,0.2163329165208103,9.299473083951293e-16,0.7836670834791888,0.0,113.28642930984498,0.1016489162925472,73.22518850437949,152.64136683564203,0.9,no,medium,10.856591069335458,"{""neural"": 9.299473083951293e-16, ""physics"": 0.21633291652081033, ""xgboost"": 0.7836670834791888}"
PA_EXT_6A758A73420C,EXT_6A758A73420C,OPEN_FACEMASK_2023,SFC_61C86B62E941,LIQ_0F4168490E,textile_composite,probe_assisted,prospective_open_external,2,131.0,130.33835450860417,128.64592,126.340416,130.80555460453033,130.39497723539745,118.2685333251953,113.92434104677542,0.2435197409031822,10.893739,0.032783214,yes,ls-psrmoe-v4.1,0.2163329165208103,9.299473083951293e-16,0.7836670834791888,0.0,130.80555460453033,0.0845635277721187,90.6302653429729,170.04644367423543,0.9,no,medium,10.896460492487025,"{""neural"": 9.299473083951293e-16, ""physics"": 0.21633291652081033, ""xgboost"": 0.7836670834791888}"
PA_EXT_591446AFD356,EXT_591446AFD356,OPEN_FACEMASK_2023,SFC_5D5B39751D66,LIQ_6656B41AB7,textile_composite,probe_assisted,prospective_open_external,2,75.9,111.16416934712312,121.53777,111.340004,108.30051460266114,102.44165943677916,86.6066665649414,79.10827551537146,0.9338075264394028,10.832804,0.1595113,yes,ls-psrmoe-v4.1,0.2163329165208103,9.299473083951293e-16,0.7836670834791888,0.0,108.30051460266117,0.101494774317245,71.45608018149186,150.8722585127544,0.9,no,medium,10.872977467044198,"{""neural"": 9.299473083951293e-16, ""physics"": 0.21633291652081033, ""xgboost"": 0.7836670834791888}"
PA_EXT_3FFCD90BF04A,EXT_3FFCD90BF04A,OPEN_FACEMASK_2023,SFC_5D5B39751D66,LIQ_1BD1B94C09,textile_composite,probe_assisted,prospective_open_external,2,118.6,96.2620950990906,96.89823,93.78384,96.08648833036423,95.03078638039734,109.3454132080078,80.81064940970626,0.2806774347742212,10.858911,0.054164983,yes,ls-psrmoe-v4.1,0.2163329165208103,9.299473083951293e-16,0.7836670834791888,0.0,96.08648833036423,0.0926577131322022,56.55400593345934,135.97018426472187,0.9,no,medium,10.86253782172069,"{""neural"": 9.299473083951293e-16, ""physics"": 0.21633291652081033, ""xgboost"": 0.7836670834791888}"
PA_EXT_A2BFA9FEE942,EXT_A2BFA9FEE942,OPEN_FACEMASK_2023,SFC_5D5B39751D66,LIQ_0F4168490E,textile_composite,probe_assisted,prospective_open_external,2,125.4,128.938326131382,122.92582,122.951294,130.59809103012086,125.3557123088802,133.59517822265624,111.70218326952876,0.8006866079744103,10.950058,0.00030458643,yes,ls-psrmoe-v4.1,0.2163329165208103,9.299473083951293e-16,0.7836670834791888,0.0,130.59809103012086,0.1038893563152113,89.23023696575075,168.64641529701328,0.9,no,medium,10.979292748057754,"{""neural"": 9.299473083951293e-16, ""physics"": 0.21633291652081033, ""xgboost"": 0.7836670834791888}"
PA_EXT_E2623286DF9C,EXT_E2623286DF9C,OPEN_FACEMASK_2023,SFC_52742E4E2FF2,LIQ_6656B41AB7,textile_composite,probe_assisted,prospective_open_external,2,22.43,35.769315666212414,65.321045,57.046425,27.611499786376957,38.43080554091024,30.572069549560545,39.36785268774291,0.3448080879119395,10.867746,0.12606193,yes,ls-psrmoe-v4.1,0.2163329165208103,9.299473083951293e-16,0.7836670834791888,0.0,27.61149978637696,0.0626090099976773,0.0,75.47740483184367,0.9,no,medium,10.873214600016203,"{""neural"": 9.299473083951293e-16, ""physics"": 0.21633291652081033, ""xgboost"": 0.7836670834791888}"
PA_EXT_4414CE8E7161,EXT_4414CE8E7161,OPEN_FACEMASK_2023,SFC_52742E4E2FF2,LIQ_1BD1B94C09,textile_composite,probe_assisted,prospective_open_external,2,53.33,44.94726248503746,36.035038,34.437023,47.40750045776368,43.13749701789577,43.52108001708984,47.36324761423892,0.3271894137461965,10.8211565,0.013674753,yes,ls-psrmoe-v4.1,0.2163329165208103,9.299473083951293e-16,0.7836670834791888,0.0,47.40750045776368,0.0790503350478187,5.2391733194061985,84.65535165066873,0.9,no,medium,10.826101833529917,"{""neural"": 9.299473083951293e-16, ""physics"": 0.21633291652081033, ""xgboost"": 0.7836670834791888}"
PA_EXT_8930F5ABA4B7,EXT_8930F5ABA4B7,OPEN_FACEMASK_2023,SFC_52742E4E2FF2,LIQ_0F4168490E,textile_composite,probe_assisted,prospective_open_external,2,71.77,82.29841866802396,87.88947,88.4155,80.75499658584594,82.33444351097285,83.95318603515625,77.60892351458193,0.5386756903459887,10.776786,-0.009202757,yes,ls-psrmoe-v4.1,0.2163329165208103,9.299473083951293e-16,0.7836670834791888,0.0,80.75499658584594,0.0608068115734348,42.59032950239269,122.00650783365522,0.9,no,medium,10.79024040460479,"{""neural"": 9.299473083951293e-16, ""physics"": 0.21633291652081033, ""xgboost"": 0.7836670834791888}"
PA_EXT_FFFDDFDEE3D0,EXT_FFFDDFDEE3D0,OPEN_FACEMASK_2023,SFC_98A58E5AB649,LIQ_6656B41AB7,textile_composite,probe_assisted,prospective_open_external,2,95.4,90.71278951115772,103.305244,94.5459,87.23661632537842,83.49234088385886,80.34852447509766,62.1982643385164,1.0633264316755553,10.85273,0.15093972,yes,ls-psrmoe-v4.1,0.2163329165208103,9.299473083951293e-16,0.7836670834791888,0.0,87.23661632537842,0.0817857590859472,51.00470034552646,130.420878676789,0.9,no,medium,10.904696765761067,"{""neural"": 9.299473083951293e-16, ""physics"": 0.21633291652081033, ""xgboost"": 0.7836670834791888}"
PA_EXT_E63EB3F2835E,EXT_E63EB3F2835E,OPEN_FACEMASK_2023,SFC_98A58E5AB649,LIQ_1BD1B94C09,textile_composite,probe_assisted,prospective_open_external,2,95.7,87.51643538086768,92.439545,87.27138,86.15740089416504,87.98844016534574,91.51213684082032,69.98597022300143,0.3889583828075905,10.87343,0.09013903,yes,ls-psrmoe-v4.1,0.2163329165208103,9.299473083951293e-16,0.7836670834791888,0.0,86.15740089416504,0.0908768047650157,47.80834621523641,127.22452454649894,0.9,no,medium,10.880384579069634,"{""neural"": 9.299473083951293e-16, ""physics"": 0.21633291652081033, ""xgboost"": 0.7836670834791888}"
PA_EXT_07642A48B0AD,EXT_07642A48B0AD,OPEN_FACEMASK_2023,SFC_98A58E5AB649,LIQ_0F4168490E,textile_composite,probe_assisted,prospective_open_external,2,104.1,105.3394846522151,108.523636,106.18727,104.46049313545228,104.67081333576483,101.29774475097656,95.50031777666824,0.1716033746399199,10.906103,0.039156847,yes,ls-psrmoe-v4.1,0.2163329165208103,9.299473083951293e-16,0.7836670834791888,0.0,104.46049313545228,0.0782974617260206,65.63139548658384,145.04757381784637,0.9,no,medium,10.9074529733021,"{""neural"": 9.299473083951293e-16, ""physics"": 0.21633291652081033, ""xgboost"": 0.7836670834791888}"
PA_EXT_FEA43C1D185A,EXT_FEA43C1D185A,OPEN_FACEMASK_2023,SFC_804C47F28DD6,LIQ_6656B41AB7,textile_composite,probe_assisted,prospective_open_external,2,57.73,12.684987612935494,0.0,11.444734,16.186704635620117,4.613703630420012,29.793389892578126,48.23046579164775,0.8667938457363648,10.840847,-0.012345986,yes,ls-psrmoe-v4.1,0.2163329165208103,9.299473083951293e-16,0.7836670834791888,0.0,16.186704635620117,0.1352002802171969,0.0,52.39307677856676,0.9,no,medium,10.87544460003431,"{""neural"": 9.299473083951293e-16, ""physics"": 0.21633291652081033, ""xgboost"": 0.7836670834791888}"
PA_EXT_1D4E7C8984A2,EXT_1D4E7C8984A2,OPEN_FACEMASK_2023,SFC_804C47F28DD6,LIQ_1BD1B94C09,textile_composite,probe_assisted,prospective_open_external,2,41.23,74.04604952091701,75.45575,72.20888,73.6568989276886,73.55513495352585,74.69868927001953,62.55251181023732,0.2876002996741253,10.793501,0.054231744,yes,ls-psrmoe-v4.1,0.2163329165208103,9.299473083951293e-16,0.7836670834791888,0.0,73.6568989276886,0.0768161201593491,34.337960355285745,113.75413868654827,0.9,no,medium,10.797331974583981,"{""neural"": 9.299473083951293e-16, ""physics"": 0.21633291652081033, ""xgboost"": 0.7836670834791888}"
PA_EXT_8E2D528C28E4,EXT_8E2D528C28E4,OPEN_FACEMASK_2023,SFC_804C47F28DD6,LIQ_0F4168490E,textile_composite,probe_assisted,prospective_open_external,2,101.67,36.08046720515763,63.15379,62.156456,28.60682067871094,46.05838565816772,38.49917602539063,57.352772023663874,0.6201633575461257,10.97211,0.015024376,yes,ls-psrmoe-v4.1,0.2163329165208103,9.299473083951293e-16,0.7836670834791888,0.0,28.606820678710932,0.0851883271746504,0.0,75.7885563707889,0.9,no,medium,10.989622397614164,"{""neural"": 9.299473083951293e-16, ""physics"": 0.21633291652081033, ""xgboost"": 0.7836670834791888}"
