target_measurement_id,record_id,source_group_id,surface_group_id,target_liquid_id,target_contact_angle_deg,v4_split,has_independent_sfe,independent_sfe_dispersion_mj_m2,independent_sfe_polar_mj_m2,sample_id,prediction_mode,probe_measurement_ids,probe_liquid_ids,n_probes,target_liquid_removed,loo_sfe_feasible,loo_sfe_failure_reason,fit_status,boundary_fit,nnls_residual_norm,n_unique_liquids,nnls_dispersion_mj_m2,nnls_polar_mj_m2,nnls_physical_prediction_deg,target_eligible,v4_1_exclusion_reason,v4_1_primary_eligible
CA0077,CA0077,SRC010,SFC_95580B5C4364,LIQ_0F4168490E,122.42,train,no,,,PA_CA0077,probe_assisted,CA0078,LIQ_6656B41AB7,1,yes,no,insufficient_probes,insufficient_probes,no,,1.0,,,,yes,fewer_than_two_unique_probes,no
CA0078,CA0078,SRC010,SFC_95580B5C4364,LIQ_6656B41AB7,84.98,train,no,,,PA_CA0078,probe_assisted,CA0077,LIQ_0F4168490E,1,yes,no,insufficient_probes,insufficient_probes,no,,1.0,,,,yes,fewer_than_two_unique_probes,no
CA0079,CA0079,SRC010,SFC_F7990EF3D076,LIQ_0F4168490E,116.91,train,no,,,PA_CA0079,probe_assisted,CA0080,LIQ_6656B41AB7,1,yes,no,insufficient_probes,insufficient_probes,no,,1.0,,,,yes,fewer_than_two_unique_probes,no
CA0080,CA0080,SRC010,SFC_F7990EF3D076,LIQ_6656B41AB7,79.59,train,no,,,PA_CA0080,probe_assisted,CA0079,LIQ_0F4168490E,1,yes,no,insufficient_probes,insufficient_probes,no,,1.0,,,,yes,fewer_than_two_unique_probes,no
CA0081,CA0081,SRC010,SFC_10C3C0102684,LIQ_0F4168490E,60.42,train,no,,,PA_CA0081,probe_assisted,CA0082,LIQ_6656B41AB7,1,yes,no,insufficient_probes,insufficient_probes,no,,1.0,,,,yes,fewer_than_two_unique_probes,no
CA0082,CA0082,SRC010,SFC_10C3C0102684,LIQ_6656B41AB7,60.25,train,no,,,PA_CA0082,probe_assisted,CA0081,LIQ_0F4168490E,1,yes,no,insufficient_probes,insufficient_probes,no,,1.0,,,,yes,fewer_than_two_unique_probes,no
CA0083,CA0083,SRC010,SFC_FA6603E349B6,LIQ_0F4168490E,76.51,train,no,,,PA_CA0083,probe_assisted,CA0084,LIQ_6656B41AB7,1,yes,no,insufficient_probes,insufficient_probes,no,,1.0,,,,yes,fewer_than_two_unique_probes,no
CA0084,CA0084,SRC010,SFC_FA6603E349B6,LIQ_6656B41AB7,58.3,train,no,,,PA_CA0084,probe_assisted,CA0083,LIQ_0F4168490E,1,yes,no,insufficient_probes,insufficient_probes,no,,1.0,,,,yes,fewer_than_two_unique_probes,no
CA0085,CA0085,SRC010,SFC_91AEF1F6D63F,LIQ_0F4168490E,103.37,train,no,,,PA_CA0085,probe_assisted,CA0086,LIQ_6656B41AB7,1,yes,no,insufficient_probes,insufficient_probes,no,,1.0,,,,yes,fewer_than_two_unique_probes,no
CA0086,CA0086,SRC010,SFC_91AEF1F6D63F,LIQ_6656B41AB7,80.65,train,no,,,PA_CA0086,probe_assisted,CA0085,LIQ_0F4168490E,1,yes,no,insufficient_probes,insufficient_probes,no,,1.0,,,,yes,fewer_than_two_unique_probes,no
CA0087,CA0087,SRC010,SFC_B26BB3C57516,LIQ_0F4168490E,94.3,train,no,,,PA_CA0087,probe_assisted,CA0088,LIQ_6656B41AB7,1,yes,no,insufficient_probes,insufficient_probes,no,,1.0,,,,yes,fewer_than_two_unique_probes,no
CA0088,CA0088,SRC010,SFC_B26BB3C57516,LIQ_6656B41AB7,76.04,train,no,,,PA_CA0088,probe_assisted,CA0087,LIQ_0F4168490E,1,yes,no,insufficient_probes,insufficient_probes,no,,1.0,,,,yes,fewer_than_two_unique_probes,no
CA0089,CA0089,SRC010,SFC_EE615B6001A2,LIQ_0F4168490E,52.45,train,no,,,PA_CA0089,probe_assisted,CA0090,LIQ_6656B41AB7,1,yes,no,insufficient_probes,insufficient_probes,no,,1.0,,,,yes,fewer_than_two_unique_probes,no
CA0090,CA0090,SRC010,SFC_EE615B6001A2,LIQ_6656B41AB7,66.51,train,no,,,PA_CA0090,probe_assisted,CA0089,LIQ_0F4168490E,1,yes,no,insufficient_probes,insufficient_probes,no,,1.0,,,,yes,fewer_than_two_unique_probes,no
CA0091,CA0091,SRC010,SFC_C256F7B116EE,LIQ_0F4168490E,40.92,train,no,,,PA_CA0091,probe_assisted,CA0092,LIQ_6656B41AB7,1,yes,no,insufficient_probes,insufficient_probes,no,,1.0,,,,yes,fewer_than_two_unique_probes,no
CA0092,CA0092,SRC010,SFC_C256F7B116EE,LIQ_6656B41AB7,40.8,train,no,,,PA_CA0092,probe_assisted,CA0091,LIQ_0F4168490E,1,yes,no,insufficient_probes,insufficient_probes,no,,1.0,,,,yes,fewer_than_two_unique_probes,no
CA0093,CA0093,SRC009,SFC_A5B2B66974AE,LIQ_0F4168490E,83.5,train,no,,,PA_CA0093,probe_assisted,CA0094,LIQ_6656B41AB7,1,yes,no,insufficient_probes,insufficient_probes,no,,1.0,,,,yes,fewer_than_two_unique_probes,no
CA0094,CA0094,SRC009,SFC_A5B2B66974AE,LIQ_6656B41AB7,77.7,train,no,,,PA_CA0094,probe_assisted,CA0093,LIQ_0F4168490E,1,yes,no,insufficient_probes,insufficient_probes,no,,1.0,,,,yes,fewer_than_two_unique_probes,no
CA0095,CA0095,SRC009,SFC_BF7DB4F8493A,LIQ_0F4168490E,11.4,train,no,,,PA_CA0095,probe_assisted,CA0096,LIQ_6656B41AB7,1,yes,no,insufficient_probes,insufficient_probes,no,,1.0,,,,yes,fewer_than_two_unique_probes,no
CA0096,CA0096,SRC009,SFC_BF7DB4F8493A,LIQ_6656B41AB7,30.2,train,no,,,PA_CA0096,probe_assisted,CA0095,LIQ_0F4168490E,1,yes,no,insufficient_probes,insufficient_probes,no,,1.0,,,,yes,fewer_than_two_unique_probes,no
CA0097,CA0097,SRC009,SFC_1CE43E1DBA17,LIQ_0F4168490E,101.3,train,no,,,PA_CA0097,probe_assisted,CA0098,LIQ_6656B41AB7,1,yes,no,insufficient_probes,insufficient_probes,no,,1.0,,,,yes,fewer_than_two_unique_probes,no
CA0098,CA0098,SRC009,SFC_1CE43E1DBA17,LIQ_6656B41AB7,83.8,train,no,,,PA_CA0098,probe_assisted,CA0097,LIQ_0F4168490E,1,yes,no,insufficient_probes,insufficient_probes,no,,1.0,,,,yes,fewer_than_two_unique_probes,no
CA0099,CA0099,SRC009,SFC_CD91556CDD43,LIQ_0F4168490E,65.4,train,no,,,PA_CA0099,probe_assisted,CA0100,LIQ_6656B41AB7,1,yes,no,insufficient_probes,insufficient_probes,no,,1.0,,,,yes,fewer_than_two_unique_probes,no
CA0100,CA0100,SRC009,SFC_CD91556CDD43,LIQ_6656B41AB7,61.3,train,no,,,PA_CA0100,probe_assisted,CA0099,LIQ_0F4168490E,1,yes,no,insufficient_probes,insufficient_probes,no,,1.0,,,,yes,fewer_than_two_unique_probes,no
CA0101,CA0101,SRC007,SFC_5EB9C176CFB3,LIQ_0F4168490E,98.7,validation,no,,,PA_CA0101,probe_assisted,CA0102,LIQ_6656B41AB7,1,yes,no,insufficient_probes,insufficient_probes,no,,1.0,,,,yes,fewer_than_two_unique_probes,no
CA0102,CA0102,SRC007,SFC_5EB9C176CFB3,LIQ_6656B41AB7,45.7,validation,no,,,PA_CA0102,probe_assisted,CA0101,LIQ_0F4168490E,1,yes,no,insufficient_probes,insufficient_probes,no,,1.0,,,,yes,fewer_than_two_unique_probes,no
CA0103,CA0103,SRC007,SFC_4A9A552599CA,LIQ_0F4168490E,85.6,validation,no,,,PA_CA0103,probe_assisted,CA0104,LIQ_6656B41AB7,1,yes,no,insufficient_probes,insufficient_probes,no,,1.0,,,,yes,fewer_than_two_unique_probes,no
CA0104,CA0104,SRC007,SFC_4A9A552599CA,LIQ_6656B41AB7,27.8,validation,no,,,PA_CA0104,probe_assisted,CA0103,LIQ_0F4168490E,1,yes,no,insufficient_probes,insufficient_probes,no,,1.0,,,,yes,fewer_than_two_unique_probes,no
CA0105,CA0105,SRC007,SFC_FE6387F77D1C,LIQ_0F4168490E,69.3,validation,no,,,PA_CA0105,probe_assisted,CA0106,LIQ_6656B41AB7,1,yes,no,insufficient_probes,insufficient_probes,no,,1.0,,,,yes,fewer_than_two_unique_probes,no
CA0106,CA0106,SRC007,SFC_FE6387F77D1C,LIQ_6656B41AB7,31.6,validation,no,,,PA_CA0106,probe_assisted,CA0105,LIQ_0F4168490E,1,yes,no,insufficient_probes,insufficient_probes,no,,1.0,,,,yes,fewer_than_two_unique_probes,no
CA0143,CA0143,SRC019,SFC_158AAEDEF9ED,LIQ_0F4168490E,76.3,train,no,,,PA_CA0143,probe_assisted,CA0144;CA0145,LIQ_53310FAFB3;LIQ_6656B41AB7,2,yes,yes,,interior_fit,no,0.0,2.0,38.74446073567864,0.5146234198704261,93.48779788390723,yes,,yes
CA0144,CA0144,SRC019,SFC_158AAEDEF9ED,LIQ_6656B41AB7,41.7,train,no,,,PA_CA0144,probe_assisted,CA0143;CA0145,LIQ_0F4168490E;LIQ_53310FAFB3,2,yes,yes,,interior_fit,no,0.0,2.0,13.075094276010208,15.524306249206512,89.1600118976276,yes,,yes
CA0145,CA0145,SRC019,SFC_158AAEDEF9ED,LIQ_53310FAFB3,58.2,train,no,,,PA_CA0145,probe_assisted,CA0143;CA0144,LIQ_0F4168490E;LIQ_6656B41AB7,2,yes,yes,,interior_fit,no,0.0,2.0,38.74446073567868,4.993541507985814,36.62856962202555,yes,,yes
CA0146,CA0146,SRC019,SFC_2B64446C7017,LIQ_0F4168490E,82.7,train,no,,,PA_CA0146,probe_assisted,CA0147;CA0148,LIQ_53310FAFB3;LIQ_6656B41AB7,2,yes,yes,,interior_fit,no,0.0,2.0,40.74771816221801,0.8284245020535461,90.15057562746576,yes,,yes
CA0147,CA0147,SRC019,SFC_2B64446C7017,LIQ_6656B41AB7,37.7,train,no,,,PA_CA0147,probe_assisted,CA0146;CA0148,LIQ_0F4168490E;LIQ_53310FAFB3,2,yes,yes,,interior_fit,no,0.0,2.0,27.52976367857469,5.355860276219879,61.81562529138378,yes,,yes
CA0148,CA0148,SRC019,SFC_2B64446C7017,LIQ_53310FAFB3,53.3,train,no,,,PA_CA0148,probe_assisted,CA0146;CA0147,LIQ_0F4168490E;LIQ_6656B41AB7,2,yes,yes,,interior_fit,no,0.0,2.0,40.74771816221805,2.4687455716539923,44.13633467090376,yes,,yes
CA0149,CA0149,SRC019,SFC_DE2A842947A3,LIQ_0F4168490E,72.3,train,no,,,PA_CA0149,probe_assisted,CA0150;CA0151,LIQ_53310FAFB3;LIQ_6656B41AB7,2,yes,yes,,interior_fit,no,0.0,2.0,43.845545962299056,1.213263084386479,86.24679791034333,yes,,yes
CA0150,CA0150,SRC019,SFC_DE2A842947A3,LIQ_6656B41AB7,30.9,train,no,,,PA_CA0150,probe_assisted,CA0149;CA0151,LIQ_0F4168490E;LIQ_53310FAFB3,2,yes,yes,,interior_fit,no,0.0,2.0,20.52943711240378,13.574537591247807,74.25163189154424,yes,,yes
CA0151,CA0151,SRC019,SFC_DE2A842947A3,LIQ_53310FAFB3,46.7,train,no,,,PA_CA0151,probe_assisted,CA0149;CA0150,LIQ_0F4168490E;LIQ_6656B41AB7,2,yes,yes,,interior_fit,no,0.0,2.0,43.84554596229909,5.370803428844866,24.95052901296925,yes,,yes
CA0152,CA0152,SRC019,SFC_F38D9A54A3DA,LIQ_0F4168490E,78.1,train,no,,,PA_CA0152,probe_assisted,CA0153;CA0154,LIQ_53310FAFB3;LIQ_6656B41AB7,2,yes,yes,,interior_fit,no,0.0,2.0,40.74771816221801,2.455367892413208,82.74830806409736,yes,,yes
CA0153,CA0153,SRC019,SFC_F38D9A54A3DA,LIQ_6656B41AB7,37.7,train,no,,,PA_CA0153,probe_assisted,CA0152;CA0154,LIQ_0F4168490E;LIQ_53310FAFB3,2,yes,yes,,interior_fit,no,0.0,2.0,32.29143236950317,5.918548813563784,53.51848512213737,yes,,yes
CA0154,CA0154,SRC019,SFC_F38D9A54A3DA,LIQ_53310FAFB3,44.2,train,no,,,PA_CA0154,probe_assisted,CA0152;CA0153,LIQ_0F4168490E;LIQ_6656B41AB7,2,yes,yes,,interior_fit,no,0.0,2.0,40.747718162218064,3.89904592478814,37.72596763060408,yes,,yes
CA0155,CA0155,SRC019,SFC_728CE2CDF422,LIQ_0F4168490E,86.2,train,no,,,PA_CA0155,probe_assisted,CA0156;CA0157,LIQ_53310FAFB3;LIQ_6656B41AB7,2,yes,yes,,interior_fit,no,0.0,2.0,42.66692348800736,1.038832391395748,87.8320867350994,yes,,yes
CA0156,CA0156,SRC019,SFC_728CE2CDF422,LIQ_6656B41AB7,33.6,train,no,,,PA_CA0156,probe_assisted,CA0155;CA0157,LIQ_0F4168490E;LIQ_53310FAFB3,2,yes,yes,,interior_fit,no,0.0,2.0,39.47255936540742,1.761443223653096,40.27295953811623,yes,,yes
CA0157,CA0157,SRC019,SFC_728CE2CDF422,LIQ_53310FAFB3,49.4,train,no,,,PA_CA0157,probe_assisted,CA0155;CA0156,LIQ_0F4168490E;LIQ_6656B41AB7,2,yes,yes,,interior_fit,no,0.0,2.0,42.66692348800741,1.3554072335484737,47.38200623233213,yes,,yes
CA0158,CA0158,SRC019,SFC_18B35400A3DF,LIQ_0F4168490E,77.6,train,no,,,PA_CA0158,probe_assisted,CA0159;CA0160,LIQ_53310FAFB3;LIQ_6656B41AB7,2,yes,yes,,interior_fit,no,0.0,2.0,39.35767037924625,0.9680645709346704,90.1289779983945,yes,,yes
CA0159,CA0159,SRC019,SFC_18B35400A3DF,LIQ_6656B41AB7,40.5,train,no,,,PA_CA0159,probe_assisted,CA0158;CA0160,LIQ_0F4168490E;LIQ_53310FAFB3,2,yes,yes,,interior_fit,no,0.0,2.0,19.115175675321968,11.109345163318563,76.88900610846127,yes,,yes
CA0160,CA0160,SRC019,SFC_18B35400A3DF,LIQ_53310FAFB3,54.1,train,no,,,PA_CA0160,probe_assisted,CA0158;CA0159,LIQ_0F4168490E;LIQ_6656B41AB7,2,yes,yes,,interior_fit,no,0.0,2.0,39.35767037924629,4.3676264990332845,38.071482068308725,yes,,yes
CA0161,CA0161,SRC019,SFC_A2A13A70D232,LIQ_0F4168490E,79.7,train,no,,,PA_CA0161,probe_assisted,CA0162;CA0163,LIQ_53310FAFB3;LIQ_6656B41AB7,2,yes,yes,,interior_fit,no,0.0,2.0,35.38216165976541,1.0356580772917847,92.14045321582736,yes,,yes
CA0162,CA0162,SRC019,SFC_A2A13A70D232,LIQ_6656B41AB7,48.0,train,no,,,PA_CA0162,probe_assisted,CA0161;CA0163,LIQ_0F4168490E;LIQ_53310FAFB3,2,yes,yes,,interior_fit,no,0.0,2.0,16.435958914877073,11.27481623804047,82.09008649412989,yes,,yes
CA0163,CA0163,SRC019,SFC_A2A13A70D232,LIQ_53310FAFB3,58.7,train,no,,,PA_CA0163,probe_assisted,CA0161;CA0162,LIQ_0F4168490E;LIQ_6656B41AB7,2,yes,yes,,interior_fit,no,0.0,2.0,35.382161659765416,4.491861424133114,43.977224185135285,yes,,yes
CA0164,CA0164,SRC019,SFC_1A0DE38C2B6C,LIQ_0F4168490E,66.7,train,no,,,PA_CA0164,probe_assisted,CA0165;CA0166,LIQ_53310FAFB3;LIQ_6656B41AB7,2,yes,yes,,interior_fit,no,0.0,2.0,42.93501010934509,1.526567956255803,85.24499270463474,yes,,yes
CA0165,CA0165,SRC019,SFC_1A0DE38C2B6C,LIQ_6656B41AB7,33.0,train,no,,,PA_CA0165,probe_assisted,CA0164;CA0166,LIQ_0F4168490E;LIQ_53310FAFB3,2,yes,yes,,interior_fit,no,0.0,2.0,14.53659776046017,21.348065085145965,85.993689424891,yes,,yes
CA0166,CA0166,SRC019,SFC_1A0DE38C2B6C,LIQ_53310FAFB3,46.0,train,no,,,PA_CA0166,probe_assisted,CA0164;CA0165,LIQ_0F4168490E;LIQ_6656B41AB7,2,yes,yes,,interior_fit,no,0.0,2.0,42.93501010934514,8.003963905520958,10.235278262077845,yes,,yes
CA0167,CA0167,SRC019,SFC_B939DB90B487,LIQ_0F4168490E,85.3,train,no,,,PA_CA0167,probe_assisted,CA0168;CA0169,LIQ_53310FAFB3;LIQ_6656B41AB7,2,yes,yes,,interior_fit,no,0.0,2.0,38.22609388629722,1.1174413011746551,89.97390965132644,yes,,yes
CA0168,CA0168,SRC019,SFC_B939DB90B487,LIQ_6656B41AB7,42.7,train,no,,,PA_CA0168,probe_assisted,CA0167;CA0169,LIQ_0F4168490E;LIQ_53310FAFB3,2,yes,yes,,interior_fit,no,0.0,2.0,29.9064457380364,3.7607063727919847,57.68672183849856,yes,,yes
CA0169,CA0169,SRC019,SFC_B939DB90B487,LIQ_53310FAFB3,54.6,train,no,,,PA_CA0169,probe_assisted,CA0167;CA0168,LIQ_0F4168490E;LIQ_6656B41AB7,2,yes,yes,,interior_fit,no,0.0,2.0,38.22609388629726,2.167997530649428,49.10217397752503,yes,,yes
CA0170,CA0170,SRC019,SFC_20F9A903B6D3,LIQ_0F4168490E,70.8,train,no,,,PA_CA0170,probe_assisted,CA0171;CA0172,LIQ_53310FAFB3;LIQ_6656B41AB7,2,yes,yes,,interior_fit,no,0.0,2.0,43.54693651061128,1.797101883859877,83.71539956976211,yes,,yes
CA0171,CA0171,SRC019,SFC_20F9A903B6D3,LIQ_6656B41AB7,31.6,train,no,,,PA_CA0171,probe_assisted,CA0170;CA0172,LIQ_0F4168490E;LIQ_53310FAFB3,2,yes,yes,,interior_fit,no,0.0,2.0,21.868581855866104,13.80754654463013,71.80660346735773,yes,,yes
CA0172,CA0172,SRC019,SFC_20F9A903B6D3,LIQ_53310FAFB3,43.6,train,no,,,PA_CA0172,probe_assisted,CA0170;CA0171,LIQ_0F4168490E;LIQ_6656B41AB7,2,yes,yes,,interior_fit,no,0.0,2.0,43.54693651061134,6.045912664200583,21.98599557392609,yes,,yes
CA0173,CA0173,SRC019,SFC_B194AD3300AA,LIQ_0F4168490E,70.0,train,no,,,PA_CA0173,probe_assisted,CA0174;CA0175,LIQ_53310FAFB3;LIQ_6656B41AB7,2,yes,yes,,interior_fit,no,0.0,2.0,37.27738418939296,0.8191982159485138,92.25047723795804,yes,,yes
CA0174,CA0174,SRC019,SFC_B194AD3300AA,LIQ_6656B41AB7,44.5,train,no,,,PA_CA0174,probe_assisted,CA0173;CA0175,LIQ_0F4168490E;LIQ_53310FAFB3,2,yes,yes,,interior_fit,no,0.0,2.0,7.641048674158602,25.331561971591537,102.96373200179798,yes,,yes
CA0175,CA0175,SRC019,SFC_B194AD3300AA,LIQ_53310FAFB3,57.7,train,no,,,PA_CA0175,probe_assisted,CA0173;CA0174,LIQ_0F4168490E;LIQ_6656B41AB7,2,yes,yes,,interior_fit,no,0.0,2.0,37.27738418939301,8.114120342284476,27.46157126598799,yes,,yes
CA0176,CA0176,SRC019,SFC_518FE42D18EE,LIQ_0F4168490E,67.9,train,no,,,PA_CA0176,probe_assisted,CA0177;CA0178,LIQ_53310FAFB3;LIQ_6656B41AB7,2,yes,yes,,interior_fit,no,0.0,2.0,44.180630734995454,2.1747766287746195,81.84083654355857,yes,,yes
CA0177,CA0177,SRC019,SFC_518FE42D18EE,LIQ_6656B41AB7,30.1,train,no,,,PA_CA0177,probe_assisted,CA0176;CA0178,LIQ_0F4168490E;LIQ_53310FAFB3,2,yes,yes,,interior_fit,no,0.0,2.0,21.101568557959716,16.090763404117983,73.20144265048424,yes,,yes
CA0178,CA0178,SRC019,SFC_518FE42D18EE,LIQ_53310FAFB3,40.6,train,no,,,PA_CA0178,probe_assisted,CA0176;CA0177,LIQ_0F4168490E;LIQ_6656B41AB7,2,yes,yes,,interior_fit,no,0.0,2.0,44.1806307349955,7.12328445187084,12.533482728887137,yes,,yes
CA0179,CA0179,SRC019,SFC_5B4B735AB969,LIQ_0F4168490E,84.9,train,no,,,PA_CA0179,probe_assisted,CA0180;CA0181,LIQ_53310FAFB3;LIQ_6656B41AB7,2,yes,yes,,interior_fit,no,0.0,2.0,37.9120235167005,0.7075461008206224,92.58915705406652,yes,,yes
CA0180,CA0180,SRC019,SFC_5B4B735AB969,LIQ_6656B41AB7,43.3,train,no,,,PA_CA0180,probe_assisted,CA0179;CA0181,LIQ_0F4168490E;LIQ_53310FAFB3,2,yes,yes,,interior_fit,no,0.0,2.0,24.82448523776442,5.2561248973624135,66.54054011775517,yes,,yes
CA0181,CA0181,SRC019,SFC_5B4B735AB969,LIQ_53310FAFB3,57.7,train,no,,,PA_CA0181,probe_assisted,CA0179;CA0180,LIQ_0F4168490E;LIQ_6656B41AB7,2,yes,yes,,interior_fit,no,0.0,2.0,37.91202351670054,2.324118540907509,48.81727097168764,yes,,yes
CA0182,CA0182,SRC019,SFC_C21C1D938B32,LIQ_0F4168490E,71.5,train,no,,,PA_CA0182,probe_assisted,CA0183;CA0184,LIQ_53310FAFB3;LIQ_6656B41AB7,2,yes,yes,,interior_fit,no,0.0,2.0,42.48630621108909,1.7947823994483263,84.32269217663001,yes,,yes
CA0183,CA0183,SRC019,SFC_C21C1D938B32,LIQ_6656B41AB7,34.0,train,no,,,PA_CA0183,probe_assisted,CA0182;CA0184,LIQ_0F4168490E;LIQ_53310FAFB3,2,yes,yes,,interior_fit,no,0.0,2.0,21.20114339502541,13.71915127671537,73.01954785946369,yes,,yes
CA0184,CA0184,SRC019,SFC_C21C1D938B32,LIQ_53310FAFB3,45.1,train,no,,,PA_CA0184,probe_assisted,CA0182;CA0183,LIQ_0F4168490E;LIQ_6656B41AB7,2,yes,yes,,interior_fit,no,0.0,2.0,42.48630621108912,6.016114819982154,24.7654271461899,yes,,yes
CA0185,CA0185,SRC019,SFC_7CE7C443ED47,LIQ_0F4168490E,76.7,train,no,,,PA_CA0185,probe_assisted,CA0186;CA0187,LIQ_53310FAFB3;LIQ_6656B41AB7,2,yes,yes,,interior_fit,no,0.0,2.0,43.19962780918939,1.4824097312127689,85.29935698533036,yes,,yes
CA0186,CA0186,SRC019,SFC_7CE7C443ED47,LIQ_6656B41AB7,32.4,train,no,,,PA_CA0186,probe_assisted,CA0185;CA0187,LIQ_0F4168490E;LIQ_53310FAFB3,2,yes,yes,,interior_fit,no,0.0,2.0,27.823762736428808,7.957600190658788,61.3047249552938,yes,,yes
CA0187,CA0187,SRC019,SFC_7CE7C443ED47,LIQ_53310FAFB3,45.9,train,no,,,PA_CA0187,probe_assisted,CA0185;CA0186,LIQ_0F4168490E;LIQ_6656B41AB7,2,yes,yes,,interior_fit,no,0.0,2.0,43.19962780918943,3.890406366392662,33.59053305590325,yes,,yes
CA0188,CA0188,SRC019,SFC_3A912BE10F78,LIQ_0F4168490E,77.6,train,no,,,PA_CA0188,probe_assisted,CA0189;CA0190,LIQ_53310FAFB3;LIQ_6656B41AB7,2,yes,yes,,interior_fit,no,0.0,2.0,37.91202351670048,1.1679052836181476,89.89560857826,yes,,yes
CA0189,CA0189,SRC019,SFC_3A912BE10F78,LIQ_6656B41AB7,43.3,train,no,,,PA_CA0189,probe_assisted,CA0188;CA0190,LIQ_0F4168490E;LIQ_53310FAFB3,2,yes,yes,,interior_fit,no,0.0,2.0,18.416870313090552,11.463411923261924,78.21612210291288,yes,,yes
CA0190,CA0190,SRC019,SFC_3A912BE10F78,LIQ_53310FAFB3,54.7,train,no,,,PA_CA0190,probe_assisted,CA0188;CA0189,LIQ_0F4168490E;LIQ_6656B41AB7,2,yes,yes,,interior_fit,no,0.0,2.0,37.91202351670054,4.691210248024209,39.19888605101482,yes,,yes
CA0191,CA0191,SRC019,SFC_A85159655264,LIQ_0F4168490E,76.8,train,no,,,PA_CA0191,probe_assisted,CA0192;CA0193,LIQ_53310FAFB3;LIQ_6656B41AB7,2,yes,yes,,interior_fit,no,0.0,2.0,39.20530164492592,1.2084082330280577,88.92133142374121,yes,,yes
CA0192,CA0192,SRC019,SFC_A85159655264,LIQ_6656B41AB7,40.8,train,no,,,PA_CA0192,probe_assisted,CA0191;CA0193,LIQ_0F4168490E;LIQ_53310FAFB3,2,yes,yes,,interior_fit,no,0.0,2.0,19.58340882840876,11.34119721060171,76.00877992485049,yes,,yes
CA0193,CA0193,SRC019,SFC_A85159655264,LIQ_53310FAFB3,52.8,train,no,,,PA_CA0193,probe_assisted,CA0191;CA0192,LIQ_0F4168490E;LIQ_6656B41AB7,2,yes,yes,,interior_fit,no,0.0,2.0,39.205301644925946,4.696897263159328,37.00697905679171,yes,,yes
CA0194,CA0194,SRC019,SFC_FFB6C9027014,LIQ_0F4168490E,69.2,train,no,,,PA_CA0194,probe_assisted,CA0195;CA0196,LIQ_53310FAFB3;LIQ_6656B41AB7,2,yes,yes,,interior_fit,no,0.0,2.0,42.39543749612158,1.5671606779267797,85.36550428491897,yes,,yes
CA0195,CA0195,SRC019,SFC_FFB6C9027014,LIQ_6656B41AB7,34.2,train,no,,,PA_CA0195,probe_assisted,CA0194;CA0196,LIQ_0F4168490E;LIQ_53310FAFB3,2,yes,yes,,interior_fit,no,0.0,2.0,16.87060148122887,17.821990777262847,81.22470694680031,yes,,yes
CA0196,CA0196,SRC019,SFC_FFB6C9027014,LIQ_53310FAFB3,46.5,train,no,,,PA_CA0196,probe_assisted,CA0194;CA0195,LIQ_0F4168490E;LIQ_6656B41AB7,2,yes,yes,,interior_fit,no,0.0,2.0,42.39543749612162,7.022583440849098,19.560549476613613,yes,,yes
CA0197,CA0197,SRC019,SFC_A4D0CCDC96C9,LIQ_0F4168490E,64.0,train,no,,,PA_CA0197,probe_assisted,CA0198;CA0199,LIQ_53310FAFB3;LIQ_6656B41AB7,2,yes,yes,,interior_fit,no,0.0,2.0,42.30419887628997,2.725765881156217,80.89723577295607,yes,,yes
CA0198,CA0198,SRC019,SFC_A4D0CCDC96C9,LIQ_6656B41AB7,34.4,train,no,,,PA_CA0198,probe_assisted,CA0197;CA0199,LIQ_0F4168490E;LIQ_53310FAFB3,2,yes,yes,,interior_fit,no,0.0,2.0,16.394753916879587,21.94127819572007,82.17261882279364,yes,,yes
CA0199,CA0199,SRC019,SFC_A4D0CCDC96C9,LIQ_53310FAFB3,40.6,train,no,,,PA_CA0199,probe_assisted,CA0197;CA0198,LIQ_0F4168490E;LIQ_6656B41AB7,2,yes,yes,,interior_fit,no,0.0,2.0,42.30419887629002,9.480229222586402,0.0,yes,,yes
CA0200,CA0200,SRC019,SFC_122E5AC99B75,LIQ_0F4168490E,73.5,train,no,,,PA_CA0200,probe_assisted,CA0201;CA0202,LIQ_53310FAFB3;LIQ_6656B41AB7,2,yes,yes,,interior_fit,no,0.0,2.0,40.6016771786686,1.718416245905766,85.72641495606358,yes,,yes
CA0201,CA0201,SRC019,SFC_122E5AC99B75,LIQ_6656B41AB7,38.0,train,no,,,PA_CA0201,probe_assisted,CA0200;CA0202,LIQ_0F4168490E;LIQ_53310FAFB3,2,yes,yes,,interior_fit,no,0.0,2.0,20.576223184923247,12.808952103082222,74.16541747223886,yes,,yes
CA0202,CA0202,SRC019,SFC_122E5AC99B75,LIQ_53310FAFB3,48.1,train,no,,,PA_CA0202,probe_assisted,CA0200;CA0201,LIQ_0F4168490E;LIQ_6656B41AB7,2,yes,yes,,interior_fit,no,0.0,2.0,40.60167717866865,5.658169819350574,30.484265443169782,yes,,yes
CA0203,CA0203,SRC021,SFC_AF7901E44BC5,LIQ_0F4168490E,148.4,train,no,,,PA_CA0203,probe_assisted,CA0204;CA0205;CA0206,LIQ_1BD1B94C09;LIQ_53310FAFB3;LIQ_6656B41AB7,3,yes,yes,,boundary_fit,yes,16.521913389333694,3.0,45.5174266658053,0.0,97.73562609714786,yes,,yes
CA0204,CA0204,SRC021,SFC_AF7901E44BC5,LIQ_53310FAFB3,13.7,train,no,,,PA_CA0204,probe_assisted,CA0203;CA0205;CA0206,LIQ_0F4168490E;LIQ_1BD1B94C09;LIQ_6656B41AB7,3,yes,yes,,boundary_fit,yes,23.23809062342999,3.0,26.26029348382246,0.0,81.38232524650299,yes,,yes
CA0205,CA0205,SRC021,SFC_AF7901E44BC5,LIQ_6656B41AB7,10.1,train,no,,,PA_CA0205,probe_assisted,CA0203;CA0204;CA0206,LIQ_0F4168490E;LIQ_1BD1B94C09;LIQ_53310FAFB3,3,yes,yes,,boundary_fit,yes,27.12245957177421,3.0,27.09512238401989,0.0,62.57147640298383,yes,,yes
CA0206,CA0206,SRC021,SFC_AF7901E44BC5,LIQ_1BD1B94C09,88.0,train,no,,,PA_CA0206,probe_assisted,CA0203;CA0204;CA0205,LIQ_0F4168490E;LIQ_53310FAFB3;LIQ_6656B41AB7,3,yes,yes,,boundary_fit,yes,28.043732068333608,3.0,39.590520148957374,0.0,69.20835031541715,yes,,yes
CA0207,CA0207,SRC021,SFC_64CEEFE0D7DB,LIQ_0F4168490E,157.0,train,no,,,PA_CA0207,probe_assisted,CA0208;CA0209;CA0210,LIQ_1BD1B94C09;LIQ_53310FAFB3;LIQ_6656B41AB7,3,yes,yes,,boundary_fit,yes,18.94145029157733,3.0,43.191526364998566,0.0,99.03296980905216,yes,,yes
CA0208,CA0208,SRC021,SFC_64CEEFE0D7DB,LIQ_53310FAFB3,14.2,train,no,,,PA_CA0208,probe_assisted,CA0207;CA0209;CA0210,LIQ_0F4168490E;LIQ_1BD1B94C09;LIQ_6656B41AB7,3,yes,yes,,boundary_fit,yes,25.57129323871787,3.0,23.389552485177678,0.0,85.11406512452788,yes,,yes
CA0209,CA0209,SRC021,SFC_64CEEFE0D7DB,LIQ_6656B41AB7,10.0,train,no,,,PA_CA0209,probe_assisted,CA0207;CA0208;CA0210,LIQ_0F4168490E;LIQ_1BD1B94C09;LIQ_53310FAFB3,3,yes,yes,,boundary_fit,yes,29.155995998124297,3.0,23.45935010232339,0.0,68.954159851924,yes,,yes
CA0210,CA0210,SRC021,SFC_64CEEFE0D7DB,LIQ_1BD1B94C09,94.5,train,no,,,PA_CA0210,probe_assisted,CA0207;CA0208;CA0209,LIQ_0F4168490E;LIQ_53310FAFB3;LIQ_6656B41AB7,3,yes,yes,,boundary_fit,yes,30.16834403882027,3.0,38.12959735729311,0.0,70.74724955730366,yes,,yes
CA0211,CA0211,SRC021,SFC_6A9094C843B2,LIQ_0F4168490E,129.3,train,no,,,PA_CA0211,probe_assisted,CA0212;CA0213;CA0214,LIQ_1BD1B94C09;LIQ_53310FAFB3;LIQ_6656B41AB7,3,yes,yes,,interior_fit,no,0.0726493241424368,3.0,44.21052362951592,0.0114935484571793,97.24330640142249,yes,,yes
CA0212,CA0212,SRC021,SFC_6A9094C843B2,LIQ_53310FAFB3,59.1,train,no,,,PA_CA0212,probe_assisted,CA0211;CA0213;CA0214,LIQ_0F4168490E;LIQ_1BD1B94C09;LIQ_6656B41AB7,3,yes,yes,,boundary_fit,yes,16.00365484789836,3.0,35.191682420144936,0.0,70.66498720235596,yes,,yes
CA0213,CA0213,SRC021,SFC_6A9094C843B2,LIQ_6656B41AB7,30.0,train,no,,,PA_CA0213,probe_assisted,CA0211;CA0212;CA0214,LIQ_0F4168490E;LIQ_1BD1B94C09;LIQ_53310FAFB3,3,yes,yes,,boundary_fit,yes,15.725027349397251,3.0,33.51065973849813,0.0,51.36275713347915,yes,,yes
CA0214,CA0214,SRC021,SFC_6A9094C843B2,LIQ_1BD1B94C09,63.5,train,no,,,PA_CA0214,probe_assisted,CA0211;CA0212;CA0213,LIQ_0F4168490E;LIQ_53310FAFB3;LIQ_6656B41AB7,3,yes,yes,,boundary_fit,yes,15.83895769472148,3.0,34.38188526965672,0.0,74.76984697996178,yes,,yes
CA0215,CA0215,SRC021,SFC_FF57CC803397,LIQ_0F4168490E,103.8,train,no,,,PA_CA0215,probe_assisted,CA0216;CA0217;CA0218,LIQ_1BD1B94C09;LIQ_53310FAFB3;LIQ_6656B41AB7,3,yes,yes,,interior_fit,no,5.653093870084355,3.0,47.27716209487403,0.1604645515202503,92.2604154414527,yes,,yes
CA0216,CA0216,SRC021,SFC_FF57CC803397,LIQ_53310FAFB3,38.6,train,no,,,PA_CA0216,probe_assisted,CA0215;CA0217;CA0218,LIQ_0F4168490E;LIQ_1BD1B94C09;LIQ_6656B41AB7,3,yes,yes,,boundary_fit,yes,3.981063864954864,3.0,43.53161522876258,0.0,61.286004516217886,yes,,yes
CA0217,CA0217,SRC021,SFC_FF57CC803397,LIQ_6656B41AB7,18.5,train,no,,,PA_CA0217,probe_assisted,CA0215;CA0216;CA0218,LIQ_0F4168490E;LIQ_1BD1B94C09;LIQ_53310FAFB3,3,yes,yes,,boundary_fit,yes,7.544483707522232,3.0,46.72795795699168,0.0,23.34035574316905,yes,,yes
CA0218,CA0218,SRC021,SFC_FF57CC803397,LIQ_1BD1B94C09,66.2,train,no,,,PA_CA0218,probe_assisted,CA0215;CA0216;CA0217,LIQ_0F4168490E;LIQ_53310FAFB3;LIQ_6656B41AB7,3,yes,yes,,boundary_fit,yes,7.100527515249896,3.0,49.16297396739229,0.0,59.34162829681664,yes,,yes
CA0219,CA0219,SRC021,SFC_A7B1D9A554FD,LIQ_0F4168490E,143.8,train,no,,,PA_CA0219,probe_assisted,CA0220;CA0221;CA0222,LIQ_1BD1B94C09;LIQ_53310FAFB3;LIQ_6656B41AB7,3,yes,yes,,interior_fit,no,1.2321730911205064,3.0,3.5605702698809742,0.0613149663171374,135.1844296172301,yes,,yes
CA0220,CA0220,SRC021,SFC_A7B1D9A554FD,LIQ_53310FAFB3,119.7,train,no,,,PA_CA0220,probe_assisted,CA0219;CA0221;CA0222,LIQ_0F4168490E;LIQ_1BD1B94C09;LIQ_6656B41AB7,3,yes,yes,,boundary_fit,yes,1.698653419359335,3.0,3.3519543766753888,0.0,126.09983091677026,yes,,yes
CA0221,CA0221,SRC021,SFC_A7B1D9A554FD,LIQ_6656B41AB7,117.8,train,no,,,PA_CA0221,probe_assisted,CA0219;CA0220;CA0222,LIQ_0F4168490E;LIQ_1BD1B94C09;LIQ_53310FAFB3,3,yes,yes,,boundary_fit,yes,2.623684147560692,3.0,3.708269101646522,0.0,117.363834226867,yes,,yes
CA0222,CA0222,SRC021,SFC_A7B1D9A554FD,LIQ_1BD1B94C09,125.9,train,no,,,PA_CA0222,probe_assisted,CA0219;CA0220;CA0221,LIQ_0F4168490E;LIQ_53310FAFB3;LIQ_6656B41AB7,3,yes,yes,,boundary_fit,yes,2.6271107288489897,3.0,3.6693370530333858,0.0,125.9795211087965,yes,,yes
CA0223,CA0223,SRC021,SFC_9E60C86BF546,LIQ_0F4168490E,157.5,train,no,,,PA_CA0223,probe_assisted,CA0224;CA0225;CA0226,LIQ_1BD1B94C09;LIQ_53310FAFB3;LIQ_6656B41AB7,3,yes,yes,,interior_fit,no,2.6230198397769278,3.0,0.7906161365485939,0.031485858307711,148.33513869421708,yes,,yes
CA0224,CA0224,SRC021,SFC_9E60C86BF546,LIQ_53310FAFB3,147.7,train,no,,,PA_CA0224,probe_assisted,CA0223;CA0225;CA0226,LIQ_0F4168490E;LIQ_1BD1B94C09;LIQ_6656B41AB7,3,yes,yes,,boundary_fit,yes,2.8645984439954995,3.0,0.9290173342799676,0.0,141.60321535308717,yes,,yes
CA0225,CA0225,SRC021,SFC_9E60C86BF546,LIQ_6656B41AB7,139.4,train,no,,,PA_CA0225,probe_assisted,CA0223;CA0224;CA0226,LIQ_0F4168490E;LIQ_1BD1B94C09;LIQ_53310FAFB3,3,yes,yes,,boundary_fit,yes,3.1213603328091564,3.0,0.8746752470391704,0.0,137.52441205793932,yes,,yes
CA0226,CA0226,SRC021,SFC_9E60C86BF546,LIQ_1BD1B94C09,135.9,train,no,,,PA_CA0226,probe_assisted,CA0223;CA0224;CA0225,LIQ_0F4168490E;LIQ_53310FAFB3;LIQ_6656B41AB7,3,yes,yes,,boundary_fit,yes,1.1092279641052083,3.0,0.5671827487056235,0.0,146.91068609308752,yes,,yes
CA0227,CA0227,SRC021,SFC_669705F5791A,LIQ_0F4168490E,148.2,train,no,,,PA_CA0227,probe_assisted,CA0228;CA0229;CA0230,LIQ_1BD1B94C09;LIQ_53310FAFB3;LIQ_6656B41AB7,3,yes,yes,,boundary_fit,yes,3.878657559735249,3.0,5.055389171222543,0.0,135.36476308307655,yes,,yes
CA0228,CA0228,SRC021,SFC_669705F5791A,LIQ_53310FAFB3,129.3,train,no,,,PA_CA0228,probe_assisted,CA0227;CA0229;CA0230,LIQ_0F4168490E;LIQ_1BD1B94C09;LIQ_6656B41AB7,3,yes,yes,,boundary_fit,yes,5.398635576632506,3.0,4.828972219717331,0.0,120.45906118858126,yes,,yes
CA0229,CA0229,SRC021,SFC_669705F5791A,LIQ_6656B41AB7,107.1,train,no,,,PA_CA0229,probe_assisted,CA0227;CA0228;CA0230,LIQ_0F4168490E;LIQ_1BD1B94C09;LIQ_53310FAFB3,3,yes,yes,,boundary_fit,yes,4.629772248673175,3.0,3.36870222207417,0.0,119.01074589849402,yes,,yes
CA0230,CA0230,SRC021,SFC_669705F5791A,LIQ_1BD1B94C09,119.5,train,no,,,PA_CA0230,probe_assisted,CA0227;CA0228;CA0229,LIQ_0F4168490E;LIQ_53310FAFB3;LIQ_6656B41AB7,3,yes,yes,,boundary_fit,yes,5.687837104656337,3.0,3.902135178919431,0.0,125.07244933056272,yes,,yes
CA0231,CA0231,SRC021,SFC_DDF6B0728CC9,LIQ_0F4168490E,147.4,train,no,,,PA_CA0231,probe_assisted,CA0232;CA0233;CA0234,LIQ_1BD1B94C09;LIQ_53310FAFB3;LIQ_6656B41AB7,3,yes,yes,,interior_fit,no,0.0195886834064504,3.0,4.142612382105575,1.5154112090930609e-05,137.57508233707452,yes,,yes
CA0232,CA0232,SRC021,SFC_DDF6B0728CC9,LIQ_53310FAFB3,122.9,train,no,,,PA_CA0232,probe_assisted,CA0231;CA0233;CA0234,LIQ_0F4168490E;LIQ_1BD1B94C09;LIQ_6656B41AB7,3,yes,yes,,boundary_fit,yes,3.388828783560581,3.0,3.5317602301689366,0.0,125.3324423926795,yes,,yes
CA0233,CA0233,SRC021,SFC_DDF6B0728CC9,LIQ_6656B41AB7,115.4,train,no,,,PA_CA0233,probe_assisted,CA0231;CA0232;CA0234,LIQ_0F4168490E;LIQ_1BD1B94C09;LIQ_53310FAFB3,3,yes,yes,,boundary_fit,yes,3.29176189682086,3.0,3.3920011082695924,0.0,118.89432599748136,yes,,yes
CA0234,CA0234,SRC021,SFC_DDF6B0728CC9,LIQ_1BD1B94C09,124.1,train,no,,,PA_CA0234,probe_assisted,CA0231;CA0232;CA0233,LIQ_0F4168490E;LIQ_53310FAFB3;LIQ_6656B41AB7,3,yes,yes,,boundary_fit,yes,3.339975584523049,3.0,3.467847725596776,0.0,126.79699387172046,yes,,yes
CA0235,CA0235,SRC013,SFC_2A727AF34E6D,LIQ_6656B41AB7,19.7,internal_test,yes,47.9,18.0,PA_CA0235,probe_assisted,CA0236;CA0237,LIQ_0F4168490E;LIQ_53310FAFB3,2,yes,yes,,interior_fit,no,0.0,2.0,1.8024862410892688,81.32335839491599,128.5550737040417,yes,,yes
CA0236,CA0236,SRC013,SFC_2A727AF34E6D,LIQ_53310FAFB3,20.1,internal_test,yes,47.9,18.0,PA_CA0236,probe_assisted,CA0235;CA0237,LIQ_0F4168490E;LIQ_6656B41AB7,2,yes,yes,,interior_fit,no,0.0,2.0,47.87021002993398,28.86053734832325,0.0,yes,,yes
CA0237,CA0237,SRC013,SFC_2A727AF34E6D,LIQ_0F4168490E,19.7,internal_test,yes,47.9,18.0,PA_CA0237,probe_assisted,CA0235;CA0236,LIQ_53310FAFB3;LIQ_6656B41AB7,2,yes,yes,,interior_fit,no,0.0,2.0,47.87021002993394,4.531787084181688,72.2335521408746,yes,,yes
CA0238,CA0238,SRC013,SFC_E38FF72DBA39,LIQ_6656B41AB7,31.5,internal_test,yes,43.6,14.1,PA_CA0238,probe_assisted,CA0239;CA0240,LIQ_0F4168490E;LIQ_53310FAFB3,2,yes,yes,,interior_fit,no,0.0,2.0,2.7432540801942444,63.78339446316571,122.3600139007334,yes,,yes
CA0239,CA0239,SRC013,SFC_E38FF72DBA39,LIQ_53310FAFB3,34.7,internal_test,yes,43.6,14.1,PA_CA0239,probe_assisted,CA0238;CA0240,LIQ_0F4168490E;LIQ_6656B41AB7,2,yes,yes,,interior_fit,no,0.0,2.0,43.58989984794008,22.58889005199619,0.0,yes,,yes
CA0240,CA0240,SRC013,SFC_E38FF72DBA39,LIQ_0F4168490E,38.8,internal_test,yes,43.6,14.1,PA_CA0240,probe_assisted,CA0238;CA0239,LIQ_53310FAFB3;LIQ_6656B41AB7,2,yes,yes,,interior_fit,no,0.0,2.0,43.58989984794005,3.5192716583969177,77.58865412682096,yes,,yes
CA0241,CA0241,SRC013,SFC_39DBA098ECDC,LIQ_6656B41AB7,23.8,internal_test,yes,46.6,8.1,PA_CA0241,probe_assisted,CA0242;CA0243,LIQ_0F4168490E;LIQ_53310FAFB3,2,yes,yes,,interior_fit,no,0.0,2.0,6.993805461896918,50.3492980038068,104.94625380156116,yes,,yes
CA0242,CA0242,SRC013,SFC_39DBA098ECDC,LIQ_53310FAFB3,28.1,internal_test,yes,46.6,8.1,PA_CA0242,probe_assisted,CA0241;CA0243,LIQ_0F4168490E;LIQ_6656B41AB7,2,yes,yes,,interior_fit,no,0.0,2.0,46.571795724542206,19.03576519630544,0.0,yes,,yes
CA0243,CA0243,SRC013,SFC_39DBA098ECDC,LIQ_0F4168490E,43.0,internal_test,yes,46.6,8.1,PA_CA0243,probe_assisted,CA0241;CA0242,LIQ_53310FAFB3;LIQ_6656B41AB7,2,yes,yes,,interior_fit,no,0.0,2.0,46.57179572454219,3.732079453755423,75.2631058999932,yes,,yes
CA0244,CA0244,SRC013,SFC_417F923EF7B4,LIQ_6656B41AB7,23.4,internal_test,yes,46.7,8.6,PA_CA0244,probe_assisted,CA0245;CA0246,LIQ_0F4168490E;LIQ_53310FAFB3,2,yes,yes,,interior_fit,no,0.0,2.0,5.887901126714199,57.23110454689349,108.60897371581083,yes,,yes
CA0245,CA0245,SRC013,SFC_417F923EF7B4,LIQ_53310FAFB3,23.3,internal_test,yes,46.7,8.6,PA_CA0245,probe_assisted,CA0244;CA0246,LIQ_0F4168490E;LIQ_6656B41AB7,2,yes,yes,,interior_fit,no,0.0,2.0,46.70784161502032,21.9333667163136,0.0,yes,,yes
CA0246,CA0246,SRC013,SFC_417F923EF7B4,LIQ_0F4168490E,37.3,internal_test,yes,46.7,8.6,PA_CA0246,probe_assisted,CA0244;CA0245,LIQ_53310FAFB3;LIQ_6656B41AB7,2,yes,yes,,interior_fit,no,0.0,2.0,46.707841615020286,4.492398957579917,72.99364851434581,yes,,yes
CA0247,CA0247,SRC013,SFC_8E79B764A41F,LIQ_6656B41AB7,23.8,internal_test,yes,46.6,14.8,PA_CA0247,probe_assisted,CA0248;CA0249,LIQ_0F4168490E;LIQ_53310FAFB3,2,yes,yes,,interior_fit,no,0.0,2.0,3.7250727757767095,59.81445668127941,117.28496654747696,yes,,yes
CA0248,CA0248,SRC013,SFC_8E79B764A41F,LIQ_53310FAFB3,33.1,internal_test,yes,46.6,14.8,PA_CA0248,probe_assisted,CA0247;CA0249,LIQ_0F4168490E;LIQ_6656B41AB7,2,yes,yes,,interior_fit,no,0.0,2.0,46.57179572454222,20.55801549389753,0.0,yes,,yes
CA0249,CA0249,SRC013,SFC_8E79B764A41F,LIQ_0F4168490E,40.1,internal_test,yes,46.6,14.8,PA_CA0249,probe_assisted,CA0247;CA0248,LIQ_53310FAFB3;LIQ_6656B41AB7,2,yes,yes,,interior_fit,no,0.0,2.0,46.571795724542206,2.847145940232778,78.08797700320571,yes,,yes
CA0250,CA0250,SRC013,SFC_67E6ABEA7841,LIQ_6656B41AB7,33.1,internal_test,yes,42.9,10.1,PA_CA0250,probe_assisted,CA0251;CA0252,LIQ_0F4168490E;LIQ_53310FAFB3,2,yes,yes,,interior_fit,no,0.0,2.0,4.734095695833737,52.05876443275948,112.9206816418528,yes,,yes
CA0251,CA0251,SRC013,SFC_67E6ABEA7841,LIQ_53310FAFB3,37.0,internal_test,yes,42.9,10.1,PA_CA0251,probe_assisted,CA0250;CA0252,LIQ_0F4168490E;LIQ_6656B41AB7,2,yes,yes,,interior_fit,no,0.0,2.0,42.89056803399684,18.974123064539327,0.0,yes,,yes
CA0252,CA0252,SRC013,SFC_67E6ABEA7841,LIQ_0F4168490E,46.0,internal_test,yes,42.9,10.1,PA_CA0252,probe_assisted,CA0250;CA0251,LIQ_53310FAFB3;LIQ_6656B41AB7,2,yes,yes,,interior_fit,no,0.0,2.0,42.89056803399681,3.284178130787867,78.72010063362175,yes,,yes
CA0267,CA0267,SRC015,SFC_93C87B65E929,LIQ_0F4168490E,79.97,validation,no,,,PA_CA0267,probe_assisted,CA0268,LIQ_53310FAFB3,1,yes,no,insufficient_probes,insufficient_probes,no,,1.0,,,,yes,fewer_than_two_unique_probes,no
CA0268,CA0268,SRC015,SFC_93C87B65E929,LIQ_53310FAFB3,48.77,validation,no,,,PA_CA0268,probe_assisted,CA0267,LIQ_0F4168490E,1,yes,no,insufficient_probes,insufficient_probes,no,,1.0,,,,yes,fewer_than_two_unique_probes,no
CA0269,CA0269,SRC015,SFC_A716853C1624,LIQ_0F4168490E,44.35,validation,no,,,PA_CA0269,probe_assisted,CA0270,LIQ_53310FAFB3,1,yes,no,insufficient_probes,insufficient_probes,no,,1.0,,,,yes,fewer_than_two_unique_probes,no
CA0270,CA0270,SRC015,SFC_A716853C1624,LIQ_53310FAFB3,25.25,validation,no,,,PA_CA0270,probe_assisted,CA0269,LIQ_0F4168490E,1,yes,no,insufficient_probes,insufficient_probes,no,,1.0,,,,yes,fewer_than_two_unique_probes,no
CA0271,CA0271,SRC015,SFC_86D8700CAF9C,LIQ_0F4168490E,52.13,validation,no,,,PA_CA0271,probe_assisted,CA0272,LIQ_53310FAFB3,1,yes,no,insufficient_probes,insufficient_probes,no,,1.0,,,,yes,fewer_than_two_unique_probes,no
CA0272,CA0272,SRC015,SFC_86D8700CAF9C,LIQ_53310FAFB3,47.7,validation,no,,,PA_CA0272,probe_assisted,CA0271,LIQ_0F4168490E,1,yes,no,insufficient_probes,insufficient_probes,no,,1.0,,,,yes,fewer_than_two_unique_probes,no
CA0273,CA0273,SRC015,SFC_3014F50685DA,LIQ_0F4168490E,72.66,validation,no,,,PA_CA0273,probe_assisted,CA0274,LIQ_53310FAFB3,1,yes,no,insufficient_probes,insufficient_probes,no,,1.0,,,,yes,fewer_than_two_unique_probes,no
CA0274,CA0274,SRC015,SFC_3014F50685DA,LIQ_53310FAFB3,20.26,validation,no,,,PA_CA0274,probe_assisted,CA0273,LIQ_0F4168490E,1,yes,no,insufficient_probes,insufficient_probes,no,,1.0,,,,yes,fewer_than_two_unique_probes,no
CA0275,CA0275,SRC015,SFC_FD37A16743B7,LIQ_0F4168490E,81.25,validation,no,,,PA_CA0275,probe_assisted,CA0276,LIQ_53310FAFB3,1,yes,no,insufficient_probes,insufficient_probes,no,,1.0,,,,yes,fewer_than_two_unique_probes,no
CA0276,CA0276,SRC015,SFC_FD37A16743B7,LIQ_53310FAFB3,39.27,validation,no,,,PA_CA0276,probe_assisted,CA0275,LIQ_0F4168490E,1,yes,no,insufficient_probes,insufficient_probes,no,,1.0,,,,yes,fewer_than_two_unique_probes,no
CA0277,CA0277,SRC005,SFC_1B0EE35A8601,LIQ_0F4168490E,94.0,validation,no,,,PA_CA0277,probe_assisted,CA0278,LIQ_B6950B5CB8,1,yes,no,insufficient_probes,insufficient_probes,no,,1.0,,,,yes,fewer_than_two_unique_probes,no
CA0278,CA0278,SRC005,SFC_1B0EE35A8601,LIQ_B6950B5CB8,16.0,validation,no,,,PA_CA0278,probe_assisted,CA0277,LIQ_0F4168490E,1,yes,no,insufficient_probes,insufficient_probes,no,,1.0,,,,yes,fewer_than_two_unique_probes,no
CA0279,CA0279,SRC005,SFC_231FB62337B5,LIQ_0F4168490E,107.0,validation,no,,,PA_CA0279,probe_assisted,CA0280,LIQ_B6950B5CB8,1,yes,no,insufficient_probes,insufficient_probes,no,,1.0,,,,yes,fewer_than_two_unique_probes,no
CA0280,CA0280,SRC005,SFC_231FB62337B5,LIQ_B6950B5CB8,48.0,validation,no,,,PA_CA0280,probe_assisted,CA0279,LIQ_0F4168490E,1,yes,no,insufficient_probes,insufficient_probes,no,,1.0,,,,yes,fewer_than_two_unique_probes,no
CA0281,CA0281,SRC005,SFC_D6B816FE09EC,LIQ_0F4168490E,134.0,validation,no,,,PA_CA0281,probe_assisted,CA0282,LIQ_B6950B5CB8,1,yes,no,insufficient_probes,insufficient_probes,no,,1.0,,,,yes,fewer_than_two_unique_probes,no
CA0282,CA0282,SRC005,SFC_D6B816FE09EC,LIQ_B6950B5CB8,46.0,validation,no,,,PA_CA0282,probe_assisted,CA0281,LIQ_0F4168490E,1,yes,no,insufficient_probes,insufficient_probes,no,,1.0,,,,yes,fewer_than_two_unique_probes,no
CA0283,CA0283,SRC005,SFC_F8843DC534D0,LIQ_0F4168490E,153.0,validation,no,,,PA_CA0283,probe_assisted,CA0284,LIQ_B6950B5CB8,1,yes,no,insufficient_probes,insufficient_probes,no,,1.0,,,,yes,fewer_than_two_unique_probes,no
CA0284,CA0284,SRC005,SFC_F8843DC534D0,LIQ_B6950B5CB8,130.0,validation,no,,,PA_CA0284,probe_assisted,CA0283,LIQ_0F4168490E,1,yes,no,insufficient_probes,insufficient_probes,no,,1.0,,,,yes,fewer_than_two_unique_probes,no
CA0285,CA0285,SRC006,SFC_4B9DA50F6033,LIQ_0F4168490E,69.0,train,no,,,PA_CA0285,probe_assisted,CA0286,LIQ_6656B41AB7,1,yes,no,insufficient_probes,insufficient_probes,no,,1.0,,,,yes,fewer_than_two_unique_probes,no
CA0286,CA0286,SRC006,SFC_4B9DA50F6033,LIQ_6656B41AB7,42.0,train,no,,,PA_CA0286,probe_assisted,CA0285,LIQ_0F4168490E,1,yes,no,insufficient_probes,insufficient_probes,no,,1.0,,,,yes,fewer_than_two_unique_probes,no
CA0287,CA0287,SRC022,SFC_75203B72A5AD,LIQ_0F4168490E,43.64,internal_test,yes,45.14,10.51,PA_CA0287,probe_assisted,CA0288,LIQ_6656B41AB7,1,yes,no,insufficient_probes,insufficient_probes,no,,1.0,,,,yes,fewer_than_two_unique_probes,no
CA0288,CA0288,SRC022,SFC_75203B72A5AD,LIQ_6656B41AB7,30.05,internal_test,yes,45.14,10.51,PA_CA0288,probe_assisted,CA0287,LIQ_0F4168490E,1,yes,no,insufficient_probes,insufficient_probes,no,,1.0,,,,yes,fewer_than_two_unique_probes,no
CA0289,CA0289,SRC022,SFC_39B450DAB1FB,LIQ_0F4168490E,41.23,internal_test,yes,42.42,13.82,PA_CA0289,probe_assisted,CA0290,LIQ_6656B41AB7,1,yes,no,insufficient_probes,insufficient_probes,no,,1.0,,,,yes,fewer_than_two_unique_probes,no
CA0290,CA0290,SRC022,SFC_39B450DAB1FB,LIQ_6656B41AB7,34.52,internal_test,yes,42.42,13.82,PA_CA0290,probe_assisted,CA0289,LIQ_0F4168490E,1,yes,no,insufficient_probes,insufficient_probes,no,,1.0,,,,yes,fewer_than_two_unique_probes,no
CA0291,CA0291,SRC022,SFC_588A96278F34,LIQ_0F4168490E,32.1,internal_test,yes,46.21,15.82,PA_CA0291,probe_assisted,CA0292,LIQ_6656B41AB7,1,yes,no,insufficient_probes,insufficient_probes,no,,1.0,,,,yes,fewer_than_two_unique_probes,no
CA0292,CA0292,SRC022,SFC_588A96278F34,LIQ_6656B41AB7,28.09,internal_test,yes,46.21,15.82,PA_CA0292,probe_assisted,CA0291,LIQ_0F4168490E,1,yes,no,insufficient_probes,insufficient_probes,no,,1.0,,,,yes,fewer_than_two_unique_probes,no
CA0293,CA0293,SRC022,SFC_A2BE3F1765AE,LIQ_0F4168490E,19.9,internal_test,yes,47.75,19.12,PA_CA0293,probe_assisted,CA0294,LIQ_6656B41AB7,1,yes,no,insufficient_probes,insufficient_probes,no,,1.0,,,,yes,fewer_than_two_unique_probes,no
CA0294,CA0294,SRC022,SFC_A2BE3F1765AE,LIQ_6656B41AB7,24.19,internal_test,yes,47.75,19.12,PA_CA0294,probe_assisted,CA0293,LIQ_0F4168490E,1,yes,no,insufficient_probes,insufficient_probes,no,,1.0,,,,yes,fewer_than_two_unique_probes,no
CA0295,CA0295,SRC022,SFC_292FB4EA5D24,LIQ_0F4168490E,23.42,internal_test,yes,45.73,19.24,PA_CA0295,probe_assisted,CA0296,LIQ_6656B41AB7,1,yes,no,insufficient_probes,insufficient_probes,no,,1.0,,,,yes,fewer_than_two_unique_probes,no
CA0296,CA0296,SRC022,SFC_292FB4EA5D24,LIQ_6656B41AB7,29.15,internal_test,yes,45.73,19.24,PA_CA0296,probe_assisted,CA0295,LIQ_0F4168490E,1,yes,no,insufficient_probes,insufficient_probes,no,,1.0,,,,yes,fewer_than_two_unique_probes,no
CA0297,CA0297,SRC022,SFC_BD3224C101E4,LIQ_0F4168490E,48.03,internal_test,yes,43.51,9.4,PA_CA0297,probe_assisted,CA0298,LIQ_6656B41AB7,1,yes,no,insufficient_probes,insufficient_probes,no,,1.0,,,,yes,fewer_than_two_unique_probes,no
CA0298,CA0298,SRC022,SFC_BD3224C101E4,LIQ_6656B41AB7,32.62,internal_test,yes,43.51,9.4,PA_CA0298,probe_assisted,CA0297,LIQ_0F4168490E,1,yes,no,insufficient_probes,insufficient_probes,no,,1.0,,,,yes,fewer_than_two_unique_probes,no
CA0299,CA0299,SRC022,SFC_2E5EA5C6D130,LIQ_0F4168490E,42.02,internal_test,yes,40.2,14.16,PA_CA0299,probe_assisted,CA0300,LIQ_6656B41AB7,1,yes,no,insufficient_probes,insufficient_probes,no,,1.0,,,,yes,fewer_than_two_unique_probes,no
CA0300,CA0300,SRC022,SFC_2E5EA5C6D130,LIQ_6656B41AB7,38.05,internal_test,yes,40.2,14.16,PA_CA0300,probe_assisted,CA0299,LIQ_0F4168490E,1,yes,no,insufficient_probes,insufficient_probes,no,,1.0,,,,yes,fewer_than_two_unique_probes,no
CA0301,CA0301,SRC022,SFC_D4A1459EC26C,LIQ_0F4168490E,49.1,internal_test,yes,38.47,10.7,PA_CA0301,probe_assisted,CA0302,LIQ_6656B41AB7,1,yes,no,insufficient_probes,insufficient_probes,no,,1.0,,,,yes,fewer_than_two_unique_probes,no
CA0302,CA0302,SRC022,SFC_D4A1459EC26C,LIQ_6656B41AB7,40.09,internal_test,yes,38.47,10.7,PA_CA0302,probe_assisted,CA0301,LIQ_0F4168490E,1,yes,no,insufficient_probes,insufficient_probes,no,,1.0,,,,yes,fewer_than_two_unique_probes,no
CA0303,CA0303,SRC001,SFC_B8DDD579CB88,LIQ_06B74E7F53,2.7,train,no,,,PA_CA0303,probe_assisted,CA0304;CA0305;CA0306;CA0307,LIQ_0F4168490E;LIQ_1BD1B94C09;LIQ_53310FAFB3;LIQ_6656B41AB7,4,yes,yes,,interior_fit,no,4.764287975760376,4.0,40.79218370542244,0.5485105621304418,23.50553933598388,yes,,yes
CA0304,CA0304,SRC001,SFC_B8DDD579CB88,LIQ_53310FAFB3,66.7,train,no,,,PA_CA0304,probe_assisted,CA0303;CA0305;CA0306;CA0307,LIQ_06B74E7F53;LIQ_0F4168490E;LIQ_1BD1B94C09;LIQ_6656B41AB7,4,yes,yes,,interior_fit,no,0.9577462755142993,4.0,43.13995670111206,0.7072192888032504,51.20768408844424,yes,,yes
CA0305,CA0305,SRC001,SFC_B8DDD579CB88,LIQ_6656B41AB7,35.3,train,no,,,PA_CA0305,probe_assisted,CA0303;CA0304;CA0306;CA0307,LIQ_06B74E7F53;LIQ_0F4168490E;LIQ_1BD1B94C09;LIQ_53310FAFB3,4,yes,yes,,interior_fit,no,4.952702346148097,4.0,42.62354625166482,0.3681148408164551,33.6963686392288,yes,,yes
CA0306,CA0306,SRC001,SFC_B8DDD579CB88,LIQ_1BD1B94C09,56.7,train,no,,,PA_CA0306,probe_assisted,CA0303;CA0304;CA0305;CA0307,LIQ_06B74E7F53;LIQ_0F4168490E;LIQ_53310FAFB3;LIQ_6656B41AB7,4,yes,yes,,interior_fit,no,4.618100050506117,4.0,41.72048178862558,0.3242344592515561,61.54105475599119,yes,,yes
CA0307,CA0307,SRC001,SFC_B8DDD579CB88,LIQ_0F4168490E,89.8,train,no,,,PA_CA0307,probe_assisted,CA0303;CA0304;CA0305;CA0306,LIQ_06B74E7F53;LIQ_1BD1B94C09;LIQ_53310FAFB3;LIQ_6656B41AB7,4,yes,yes,,interior_fit,no,4.185753064850236,4.0,43.37072107624717,0.0437102340947564,96.55966400438724,yes,,yes
CA0308,CA0308,SRC001,SFC_F862748296EB,LIQ_06B74E7F53,12.1,train,no,,,PA_CA0308,probe_assisted,CA0309;CA0310;CA0311;CA0312,LIQ_0F4168490E;LIQ_1BD1B94C09;LIQ_53310FAFB3;LIQ_6656B41AB7,4,yes,yes,,interior_fit,no,7.274922586473066,4.0,44.79925807521641,4.213195518797756,0.0,yes,,yes
CA0309,CA0309,SRC001,SFC_F862748296EB,LIQ_53310FAFB3,52.3,train,no,,,PA_CA0309,probe_assisted,CA0308;CA0310;CA0311;CA0312,LIQ_06B74E7F53;LIQ_0F4168490E;LIQ_1BD1B94C09;LIQ_6656B41AB7,4,yes,yes,,interior_fit,no,1.5514296852485314,4.0,45.52274990579315,5.756357347921087,18.255544045788085,yes,,yes
CA0310,CA0310,SRC001,SFC_F862748296EB,LIQ_6656B41AB7,20.5,train,no,,,PA_CA0310,probe_assisted,CA0308;CA0309;CA0311;CA0312,LIQ_06B74E7F53;LIQ_0F4168490E;LIQ_1BD1B94C09;LIQ_53310FAFB3,4,yes,yes,,interior_fit,no,6.854178062600327,4.0,41.16485128219895,5.356410092336419,36.8346904343492,yes,,yes
CA0311,CA0311,SRC001,SFC_F862748296EB,LIQ_1BD1B94C09,36.4,train,no,,,PA_CA0311,probe_assisted,CA0308;CA0309;CA0310;CA0312,LIQ_06B74E7F53;LIQ_0F4168490E;LIQ_53310FAFB3;LIQ_6656B41AB7,4,yes,yes,,interior_fit,no,7.026225640865019,4.0,43.6100400635087,4.104021676839195,43.398809141665126,yes,,yes
CA0312,CA0312,SRC001,SFC_F862748296EB,LIQ_0F4168490E,70.1,train,no,,,PA_CA0312,probe_assisted,CA0308;CA0309;CA0310;CA0311,LIQ_06B74E7F53;LIQ_1BD1B94C09;LIQ_53310FAFB3;LIQ_6656B41AB7,4,yes,yes,,interior_fit,no,5.749190826489214,4.0,46.12262800718895,1.90545643618478,81.83910402485816,yes,,yes
CA0313,CA0313,SRC001,SFC_2202AAAAD87C,LIQ_06B74E7F53,13.0,train,no,,,PA_CA0313,probe_assisted,CA0314;CA0315;CA0316;CA0317,LIQ_0F4168490E;LIQ_1BD1B94C09;LIQ_53310FAFB3;LIQ_6656B41AB7,4,yes,yes,,interior_fit,no,6.940353437502269,4.0,44.258721836547714,6.841340804863765,4.573744779250484,yes,,yes
CA0314,CA0314,SRC001,SFC_2202AAAAD87C,LIQ_53310FAFB3,44.3,train,no,,,PA_CA0314,probe_assisted,CA0313;CA0315;CA0316;CA0317,LIQ_06B74E7F53;LIQ_0F4168490E;LIQ_1BD1B94C09;LIQ_6656B41AB7,4,yes,yes,,interior_fit,no,1.2127686334564811,4.0,45.0902051016496,8.635034741932278,0.0,yes,,yes
CA0315,CA0315,SRC001,SFC_2202AAAAD87C,LIQ_6656B41AB7,24.3,train,no,,,PA_CA0315,probe_assisted,CA0313;CA0314;CA0316;CA0317,LIQ_06B74E7F53;LIQ_0F4168490E;LIQ_1BD1B94C09;LIQ_53310FAFB3,4,yes,yes,,interior_fit,no,6.690716599344847,4.0,41.53747473488441,7.906098976973411,36.05049799481767,yes,,yes
CA0316,CA0316,SRC001,SFC_2202AAAAD87C,LIQ_1BD1B94C09,25.9,train,no,,,PA_CA0316,probe_assisted,CA0313;CA0314;CA0315;CA0317,LIQ_06B74E7F53;LIQ_0F4168490E;LIQ_53310FAFB3;LIQ_6656B41AB7,4,yes,yes,,interior_fit,no,6.462489027293601,4.0,43.05313487499403,6.5351886460182245,37.13389934499438,yes,,yes
CA0317,CA0317,SRC001,SFC_2202AAAAD87C,LIQ_0F4168490E,64.4,train,no,,,PA_CA0317,probe_assisted,CA0313;CA0314;CA0315;CA0316,LIQ_06B74E7F53;LIQ_1BD1B94C09;LIQ_53310FAFB3;LIQ_6656B41AB7,4,yes,yes,,interior_fit,no,5.861387726546297,4.0,45.4184074986384,4.208592457148783,74.51755550021652,yes,,yes
CA0318,CA0318,SRC001,SFC_BC3ADCE03F16,LIQ_06B74E7F53,7.8,train,no,,,PA_CA0318,probe_assisted,CA0319;CA0320;CA0321;CA0322,LIQ_0F4168490E;LIQ_1BD1B94C09;LIQ_53310FAFB3;LIQ_6656B41AB7,4,yes,yes,,interior_fit,no,4.196843537444659,4.0,41.55520795967212,1.0712109249917732,20.79324303308213,yes,,yes
CA0319,CA0319,SRC001,SFC_BC3ADCE03F16,LIQ_53310FAFB3,59.6,train,no,,,PA_CA0319,probe_assisted,CA0318;CA0320;CA0321;CA0322,LIQ_06B74E7F53;LIQ_0F4168490E;LIQ_1BD1B94C09;LIQ_6656B41AB7,4,yes,yes,,interior_fit,no,2.3216728029329143,4.0,43.219052098258175,1.2461156573589438,47.32368893023048,yes,,yes
CA0320,CA0320,SRC001,SFC_BC3ADCE03F16,LIQ_6656B41AB7,30.0,train,no,,,PA_CA0320,probe_assisted,CA0318;CA0319;CA0321;CA0322,LIQ_06B74E7F53;LIQ_0F4168490E;LIQ_1BD1B94C09;LIQ_53310FAFB3,4,yes,yes,,interior_fit,no,4.119124857220571,4.0,41.06807870896891,1.1465600351893168,37.0365831416307,yes,,yes
CA0321,CA0321,SRC001,SFC_BC3ADCE03F16,LIQ_1BD1B94C09,58.8,train,no,,,PA_CA0321,probe_assisted,CA0318;CA0319;CA0320;CA0322,LIQ_06B74E7F53;LIQ_0F4168490E;LIQ_53310FAFB3;LIQ_6656B41AB7,4,yes,yes,,interior_fit,no,4.169621618486211,4.0,42.893441322068426,0.9957309535028828,55.92034449485443,yes,,yes
CA0322,CA0322,SRC001,SFC_BC3ADCE03F16,LIQ_0F4168490E,84.6,train,no,,,PA_CA0322,probe_assisted,CA0318;CA0319;CA0320;CA0321,LIQ_06B74E7F53;LIQ_1BD1B94C09;LIQ_53310FAFB3;LIQ_6656B41AB7,4,yes,yes,,interior_fit,no,1.5317726493140429,4.0,44.24341159843114,0.1038019391628777,94.79490764988216,yes,,yes
CA0323,CA0323,SRC001,SFC_4E9D8F5E0021,LIQ_06B74E7F53,4.4,train,no,,,PA_CA0323,probe_assisted,CA0324;CA0325;CA0326;CA0327,LIQ_0F4168490E;LIQ_1BD1B94C09;LIQ_53310FAFB3;LIQ_6656B41AB7,4,yes,yes,,interior_fit,no,3.934783933126999,4.0,48.416757265622174,8.914283981334787,0.0,yes,,yes
CA0324,CA0324,SRC001,SFC_4E9D8F5E0021,LIQ_53310FAFB3,15.6,train,no,,,PA_CA0324,probe_assisted,CA0323;CA0325;CA0326;CA0327,LIQ_06B74E7F53;LIQ_0F4168490E;LIQ_1BD1B94C09;LIQ_6656B41AB7,4,yes,yes,,interior_fit,no,2.1301535493945942,4.0,47.33597448301863,10.647645077564546,0.0,yes,,yes
CA0325,CA0325,SRC001,SFC_4E9D8F5E0021,LIQ_6656B41AB7,8.4,train,no,,,PA_CA0325,probe_assisted,CA0323;CA0324;CA0326;CA0327,LIQ_06B74E7F53;LIQ_0F4168490E;LIQ_1BD1B94C09;LIQ_53310FAFB3,4,yes,yes,,interior_fit,no,3.362608127529845,4.0,43.43134551160288,11.109788265791147,31.867891690346955,yes,,yes
CA0326,CA0326,SRC001,SFC_4E9D8F5E0021,LIQ_1BD1B94C09,14.9,train,no,,,PA_CA0326,probe_assisted,CA0323;CA0324;CA0325;CA0327,LIQ_06B74E7F53;LIQ_0F4168490E;LIQ_53310FAFB3;LIQ_6656B41AB7,4,yes,yes,,interior_fit,no,4.116745239253534,4.0,46.344571170997874,9.44457218149234,21.88673157451846,yes,,yes
CA0327,CA0327,SRC001,SFC_4E9D8F5E0021,LIQ_0F4168490E,58.3,train,no,,,PA_CA0327,probe_assisted,CA0323;CA0324;CA0325;CA0326,LIQ_06B74E7F53;LIQ_1BD1B94C09;LIQ_53310FAFB3;LIQ_6656B41AB7,4,yes,yes,,interior_fit,no,3.5240741861699547,4.0,47.664284323810485,7.482591563692355,65.02365790053531,yes,,yes
CA0328,CA0328,SRC001,SFC_AA2B954681B3,LIQ_06B74E7F53,4.7,train,no,,,PA_CA0328,probe_assisted,CA0329;CA0330;CA0331;CA0332,LIQ_0F4168490E;LIQ_1BD1B94C09;LIQ_53310FAFB3;LIQ_6656B41AB7,4,yes,yes,,interior_fit,no,3.578229406570085,4.0,48.96339256943386,8.710866602754786,0.0,yes,,yes
CA0329,CA0329,SRC001,SFC_AA2B954681B3,LIQ_53310FAFB3,12.5,train,no,,,PA_CA0329,probe_assisted,CA0328;CA0330;CA0331;CA0332,LIQ_06B74E7F53;LIQ_0F4168490E;LIQ_1BD1B94C09;LIQ_6656B41AB7,4,yes,yes,,interior_fit,no,2.1743859831667915,4.0,47.58175674680667,10.442425662772589,0.0,yes,,yes
CA0330,CA0330,SRC001,SFC_AA2B954681B3,LIQ_6656B41AB7,8.1,train,no,,,PA_CA0330,probe_assisted,CA0328;CA0329;CA0331;CA0332,LIQ_06B74E7F53;LIQ_0F4168490E;LIQ_1BD1B94C09;LIQ_53310FAFB3,4,yes,yes,,interior_fit,no,3.2024476772184145,4.0,43.96202219984031,10.876516910969976,30.623715392299427,yes,,yes
CA0331,CA0331,SRC001,SFC_AA2B954681B3,LIQ_1BD1B94C09,10.9,train,no,,,PA_CA0331,probe_assisted,CA0328;CA0329;CA0330;CA0332,LIQ_06B74E7F53;LIQ_0F4168490E;LIQ_53310FAFB3;LIQ_6656B41AB7,4,yes,yes,,interior_fit,no,3.723348036235549,4.0,46.5009748313977,9.23679634064624,22.288637647367285,yes,,yes
CA0332,CA0332,SRC001,SFC_AA2B954681B3,LIQ_0F4168490E,59.1,train,no,,,PA_CA0332,probe_assisted,CA0328;CA0329;CA0330;CA0331,LIQ_06B74E7F53;LIQ_1BD1B94C09;LIQ_53310FAFB3;LIQ_6656B41AB7,4,yes,yes,,interior_fit,no,3.6128832695403656,4.0,47.68355126920415,7.961220984431677,63.93941658205242,yes,,yes
CA0333,CA0333,SRC014,SFC_2D953D8FEA9A,LIQ_0F4168490E,72.8,train,yes,44.6,2.09,PA_CA0333,probe_assisted,CA0334;CA0335,LIQ_1BD1B94C09;LIQ_6656B41AB7,2,yes,yes,,interior_fit,no,0.0,2.0,37.7541613187138,2.743756163586133,83.50418791109784,yes,,yes
CA0334,CA0334,SRC014,SFC_2D953D8FEA9A,LIQ_6656B41AB7,43.6,train,yes,44.6,2.09,PA_CA0334,probe_assisted,CA0333;CA0335,LIQ_0F4168490E;LIQ_1BD1B94C09,2,yes,yes,,interior_fit,no,0.0,2.0,24.499369891174524,11.344495190596698,67.11300982385023,yes,,yes
CA0335,CA0335,SRC014,SFC_2D953D8FEA9A,LIQ_1BD1B94C09,55.1,train,yes,44.6,2.09,PA_CA0335,probe_assisted,CA0333;CA0334,LIQ_0F4168490E;LIQ_6656B41AB7,2,yes,yes,,interior_fit,no,0.0,2.0,37.754161318713855,6.692722206042316,44.60036535020277,yes,,yes
CA0336,CA0336,SRC014,SFC_AD3F4CCED3FF,LIQ_0F4168490E,105.4,train,yes,41.7,5.4,PA_CA0336,probe_assisted,CA0337;CA0338,LIQ_1BD1B94C09;LIQ_6656B41AB7,2,yes,yes,,interior_fit,no,0.0,2.0,21.047673272460056,2.9702684343649626,94.20903509751275,yes,,yes
CA0337,CA0337,SRC014,SFC_AD3F4CCED3FF,LIQ_6656B41AB7,73.3,train,yes,41.7,5.4,PA_CA0337,probe_assisted,CA0336;CA0338,LIQ_0F4168490E;LIQ_1BD1B94C09,2,yes,yes,,boundary_fit,yes,0.24294557426186,2.0,33.26307987353393,0.0,51.80237830367567,yes,,yes
CA0338,CA0338,SRC014,SFC_AD3F4CCED3FF,LIQ_1BD1B94C09,75.7,train,yes,41.7,5.4,PA_CA0338,probe_assisted,CA0336;CA0337,LIQ_0F4168490E;LIQ_6656B41AB7,2,yes,yes,,interior_fit,no,0.0,2.0,21.04767327246008,0.5535361169122046,84.27341328128384,yes,,yes
CA0339,CA0339,SRC014,SFC_7311940ACDF8,LIQ_0F4168490E,96.4,train,yes,39.1,7.29,PA_CA0339,probe_assisted,CA0340;CA0341,LIQ_1BD1B94C09;LIQ_6656B41AB7,2,yes,yes,,interior_fit,no,0.0,2.0,26.16058151928984,3.109985900264744,89.88196652528451,yes,,yes
CA0340,CA0340,SRC014,SFC_7311940ACDF8,LIQ_6656B41AB7,64.2,train,yes,39.1,7.29,PA_CA0340,probe_assisted,CA0339;CA0341,LIQ_0F4168490E;LIQ_1BD1B94C09,2,yes,yes,,interior_fit,no,0.0,2.0,34.31214812383617,0.4887958877328545,49.93185502873232,yes,,yes
CA0341,CA0341,SRC014,SFC_7311940ACDF8,LIQ_1BD1B94C09,68.5,train,yes,39.1,7.29,PA_CA0341,probe_assisted,CA0339;CA0340,LIQ_0F4168490E;LIQ_6656B41AB7,2,yes,yes,,interior_fit,no,0.0,2.0,26.160581519289877,1.403882948927058,73.76815899025884,yes,,yes
CA0342,CA0342,SRC014,SFC_7A3F6303565B,LIQ_0F4168490E,92.3,train,yes,36.9,8.61,PA_CA0342,probe_assisted,CA0343;CA0344,LIQ_1BD1B94C09;LIQ_6656B41AB7,2,yes,yes,,interior_fit,no,0.0,2.0,32.64250332002252,1.5042917457609557,91.5193247468563,yes,,yes
CA0343,CA0343,SRC014,SFC_7A3F6303565B,LIQ_6656B41AB7,52.9,train,yes,36.9,8.61,PA_CA0343,probe_assisted,CA0342;CA0344,LIQ_0F4168490E;LIQ_1BD1B94C09,2,yes,yes,,interior_fit,no,0.0,2.0,33.66870158854624,1.2074163642443514,51.08156715663334,yes,,yes
CA0344,CA0344,SRC014,SFC_7A3F6303565B,LIQ_1BD1B94C09,65.5,train,yes,36.9,8.61,PA_CA0344,probe_assisted,CA0342;CA0343,LIQ_0F4168490E;LIQ_6656B41AB7,2,yes,yes,,interior_fit,no,0.0,2.0,32.64250332002256,1.3388483190339275,66.15520506507315,yes,,yes
CA0345,CA0345,SRC014,SFC_54D3CCF77E3A,LIQ_0F4168490E,102.9,train,yes,31.8,3.67,PA_CA0345,probe_assisted,CA0346;CA0347,LIQ_1BD1B94C09;LIQ_6656B41AB7,2,yes,yes,,interior_fit,no,0.0,2.0,16.531026387165998,4.789325803826601,92.81514075321031,yes,,yes
CA0346,CA0346,SRC014,SFC_54D3CCF77E3A,LIQ_6656B41AB7,81.9,train,yes,31.8,3.67,PA_CA0346,probe_assisted,CA0345;CA0347,LIQ_0F4168490E;LIQ_1BD1B94C09,2,yes,yes,,interior_fit,no,0.0,2.0,27.095744399441923,0.3089808879261421,62.57039413333749,yes,,yes
CA0347,CA0347,SRC014,SFC_54D3CCF77E3A,LIQ_1BD1B94C09,78.2,train,yes,31.8,3.67,PA_CA0347,probe_assisted,CA0345;CA0346,LIQ_0F4168490E;LIQ_6656B41AB7,2,yes,yes,,interior_fit,no,0.0,2.0,16.53102638716603,1.6922788046874984,85.92356579637656,yes,,yes
CA0348,CA0348,SRC014,SFC_66EE1063F64A,LIQ_0F4168490E,97.4,train,yes,36.5,6.43,PA_CA0348,probe_assisted,CA0349;CA0350,LIQ_1BD1B94C09;LIQ_6656B41AB7,2,yes,yes,,interior_fit,no,0.0,2.0,25.41723352937874,3.695242314835336,88.63482333685124,yes,,yes
CA0349,CA0349,SRC014,SFC_66EE1063F64A,LIQ_6656B41AB7,65.5,train,yes,36.5,6.43,PA_CA0349,probe_assisted,CA0348;CA0350,LIQ_0F4168490E;LIQ_1BD1B94C09,2,yes,yes,,interior_fit,no,0.0,2.0,36.48489400760271,0.2415049615340258,45.977453435098056,yes,,yes
CA0350,CA0350,SRC014,SFC_66EE1063F64A,LIQ_1BD1B94C09,68.0,train,yes,36.5,6.43,PA_CA0350,probe_assisted,CA0348;CA0349,LIQ_0F4168490E;LIQ_6656B41AB7,2,yes,yes,,interior_fit,no,0.0,2.0,25.41723352937877,1.3096360812255692,75.06745399002624,yes,,yes
CA0351,CA0351,SRC014,SFC_7D389175DB70,LIQ_0F4168490E,90.3,train,yes,35.6,4.6,PA_CA0351,probe_assisted,CA0352;CA0353,LIQ_1BD1B94C09;LIQ_6656B41AB7,2,yes,yes,,interior_fit,no,0.0,2.0,23.37737258473231,2.755547243122395,93.10308958211074,yes,,yes
CA0352,CA0352,SRC014,SFC_7D389175DB70,LIQ_6656B41AB7,69.1,train,yes,35.6,4.6,PA_CA0352,probe_assisted,CA0351;CA0353,LIQ_0F4168490E;LIQ_1BD1B94C09,2,yes,yes,,interior_fit,no,0.0,2.0,20.38561440876909,4.487654350862398,74.51704739982269,yes,,yes
CA0353,CA0353,SRC014,SFC_7D389175DB70,LIQ_1BD1B94C09,73.1,train,yes,35.6,4.6,PA_CA0353,probe_assisted,CA0351;CA0352,LIQ_0F4168490E;LIQ_6656B41AB7,2,yes,yes,,interior_fit,no,0.0,2.0,23.377372584732328,3.6450885902266807,70.84269830412907,yes,,yes
CA0354,CA0354,SRC014,SFC_B1FAE164CF82,LIQ_0F4168490E,81.0,train,yes,45.0,0.37,PA_CA0354,probe_assisted,CA0355;CA0356,LIQ_1BD1B94C09;LIQ_6656B41AB7,2,yes,yes,,interior_fit,no,0.0,2.0,40.69911809783935,1.9207607861686733,84.82374746479232,yes,,yes
CA0355,CA0355,SRC014,SFC_B1FAE164CF82,LIQ_6656B41AB7,37.8,train,yes,45.0,0.37,PA_CA0355,probe_assisted,CA0354;CA0356,LIQ_0F4168490E;LIQ_1BD1B94C09,2,yes,yes,,interior_fit,no,0.0,2.0,35.3583399798163,4.026851787536687,48.04331346226864,yes,,yes
CA0356,CA0356,SRC014,SFC_B1FAE164CF82,LIQ_1BD1B94C09,54.4,train,yes,45.0,0.37,PA_CA0356,probe_assisted,CA0354;CA0355,LIQ_0F4168490E;LIQ_6656B41AB7,2,yes,yes,,interior_fit,no,0.0,2.0,40.69911809783938,2.9701508129554206,50.739210473187846,yes,,yes
CA0357,CA0357,SRC014,SFC_F13264E1CC9A,LIQ_0F4168490E,75.2,train,yes,41.5,0.59,PA_CA0357,probe_assisted,CA0358;CA0359,LIQ_1BD1B94C09;LIQ_6656B41AB7,2,yes,yes,,interior_fit,no,0.0,2.0,27.941608181627924,11.564350576640352,69.8049135758857,yes,,yes
CA0358,CA0358,SRC014,SFC_F13264E1CC9A,LIQ_6656B41AB7,61.1,train,yes,41.5,0.59,PA_CA0358,probe_assisted,CA0357;CA0359,LIQ_0F4168490E;LIQ_1BD1B94C09,2,yes,yes,,interior_fit,no,0.0,2.0,34.49724518890217,6.548454859014305,49.59955923516204,yes,,yes
CA0359,CA0359,SRC014,SFC_F13264E1CC9A,LIQ_1BD1B94C09,49.5,train,yes,41.5,0.59,PA_CA0359,probe_assisted,CA0357;CA0358,LIQ_0F4168490E;LIQ_6656B41AB7,2,yes,yes,,interior_fit,no,0.0,2.0,27.94160818162793,8.661662893539782,54.50216262482262,yes,,yes
CA0360,CA0360,SRC020,SFC_9D7026B7F20A,LIQ_0F4168490E,89.2,validation,no,,,PA_CA0360,probe_assisted,CA0361;CA0362,LIQ_1BD1B94C09;LIQ_6656B41AB7,2,yes,yes,,interior_fit,no,0.0,2.0,35.546930053575664,0.2673140088887848,97.68915381137344,yes,,yes
CA0361,CA0361,SRC020,SFC_9D7026B7F20A,LIQ_1BD1B94C09,68.8,validation,no,,,PA_CA0361,probe_assisted,CA0360;CA0362,LIQ_0F4168490E;LIQ_6656B41AB7,2,yes,yes,,interior_fit,no,0.0,2.0,35.546930053575686,1.6133158387299162,61.65193900402727,yes,,yes
CA0362,CA0362,SRC020,SFC_9D7026B7F20A,LIQ_6656B41AB7,47.7,validation,no,,,PA_CA0362,probe_assisted,CA0360;CA0361,LIQ_0F4168490E;LIQ_1BD1B94C09,2,yes,yes,,interior_fit,no,0.0,2.0,24.95204102492674,3.618879557819166,66.31628992213804,yes,,yes
CA0363,CA0363,SRC020,SFC_3BF005A262A4,LIQ_0F4168490E,70.2,validation,no,,,PA_CA0363,probe_assisted,CA0364;CA0365,LIQ_1BD1B94C09;LIQ_6656B41AB7,2,yes,yes,,interior_fit,no,0.0,2.0,48.96922587095744,0.6338244147538593,86.9155944584917,yes,,yes
CA0364,CA0364,SRC020,SFC_3BF005A262A4,LIQ_1BD1B94C09,51.2,validation,no,,,PA_CA0364,probe_assisted,CA0363;CA0365,LIQ_0F4168490E;LIQ_6656B41AB7,2,yes,yes,,interior_fit,no,0.0,2.0,48.96922587095745,5.055433799412411,32.33939729431292,yes,,yes
CA0365,CA0365,SRC020,SFC_3BF005A262A4,LIQ_6656B41AB7,15.5,validation,no,,,PA_CA0365,probe_assisted,CA0363;CA0364,LIQ_0F4168490E;LIQ_1BD1B94C09,2,yes,yes,,interior_fit,no,0.0,2.0,26.350351863717737,12.0232919686158,63.86885118533131,yes,,yes
CA0366,CA0366,SRC020,SFC_5EBD6486C99B,LIQ_0F4168490E,56.0,validation,no,,,PA_CA0366,probe_assisted,CA0367;CA0368,LIQ_1BD1B94C09;LIQ_6656B41AB7,2,yes,yes,,interior_fit,no,0.0,2.0,49.920569462934864,2.7936509090014385,76.45492614642026,yes,,yes
CA0367,CA0367,SRC020,SFC_5EBD6486C99B,LIQ_1BD1B94C09,39.4,validation,no,,,PA_CA0367,probe_assisted,CA0366;CA0368,LIQ_0F4168490E;LIQ_6656B41AB7,2,yes,yes,,interior_fit,no,0.0,2.0,49.92056946293493,11.074684025945114,0.0,yes,,yes
CA0368,CA0368,SRC020,SFC_5EBD6486C99B,LIQ_6656B41AB7,10.7,validation,no,,,PA_CA0368,probe_assisted,CA0366;CA0367,LIQ_0F4168490E;LIQ_1BD1B94C09,2,yes,yes,,interior_fit,no,0.0,2.0,24.391888275281055,22.26190962724001,67.30256408521566,yes,,yes
CA0369,CA0369,SRC020,SFC_8C9D5E267A39,LIQ_0F4168490E,61.5,validation,no,,,PA_CA0369,probe_assisted,CA0370;CA0371,LIQ_1BD1B94C09;LIQ_6656B41AB7,2,yes,yes,,interior_fit,no,0.0,2.0,49.75000126288615,1.3868293838334116,82.1960723706028,yes,,yes
CA0370,CA0370,SRC020,SFC_8C9D5E267A39,LIQ_1BD1B94C09,45.9,validation,no,,,PA_CA0370,probe_assisted,CA0369;CA0371,LIQ_0F4168490E;LIQ_6656B41AB7,2,yes,yes,,interior_fit,no,0.0,2.0,49.75000126288618,8.512585973446198,16.77486598471369,yes,,yes
CA0371,CA0371,SRC020,SFC_8C9D5E267A39,LIQ_6656B41AB7,11.7,validation,no,,,PA_CA0371,probe_assisted,CA0369;CA0370,LIQ_0F4168490E;LIQ_1BD1B94C09,2,yes,yes,,interior_fit,no,0.0,2.0,23.227222858479667,19.168240389468643,69.36741717771785,yes,,yes
CA0372,CA0372,SRC020,SFC_9EBDC478F1D0,LIQ_0F4168490E,0.1,validation,no,,,PA_CA0372,probe_assisted,CA0373;CA0374,LIQ_1BD1B94C09;LIQ_6656B41AB7,2,yes,yes,,interior_fit,no,0.0,2.0,48.4499130663689,11.113217621597617,56.84688025577649,yes,,yes
CA0373,CA0373,SRC020,SFC_9EBDC478F1D0,LIQ_1BD1B94C09,0.1,validation,no,,,PA_CA0373,probe_assisted,CA0372;CA0374,LIQ_0F4168490E;LIQ_6656B41AB7,2,yes,yes,,interior_fit,no,0.0,2.0,48.449913066368936,31.84583298743896,0.0,yes,,yes
CA0374,CA0374,SRC020,SFC_9EBDC478F1D0,LIQ_6656B41AB7,17.6,validation,no,,,PA_CA0374,probe_assisted,CA0372;CA0373,LIQ_0F4168490E;LIQ_1BD1B94C09,2,yes,yes,,interior_fit,no,0.0,2.0,15.963635219975632,57.48392509016165,83.04147594379248,yes,,yes
CA0375,CA0375,SRC020,SFC_500FB1C18BA7,LIQ_0F4168490E,0.1,validation,no,,,PA_CA0375,probe_assisted,CA0376;CA0377,LIQ_1BD1B94C09;LIQ_6656B41AB7,2,yes,yes,,interior_fit,no,0.0,2.0,46.80857518604923,12.278177751242607,55.594175135472206,yes,,yes
CA0376,CA0376,SRC020,SFC_500FB1C18BA7,LIQ_1BD1B94C09,0.1,validation,no,,,PA_CA0376,probe_assisted,CA0375;CA0377,LIQ_0F4168490E;LIQ_6656B41AB7,2,yes,yes,,interior_fit,no,0.0,2.0,46.80857518604925,32.72937697826664,0.0,yes,,yes
CA0377,CA0377,SRC020,SFC_500FB1C18BA7,LIQ_6656B41AB7,23.1,validation,no,,,PA_CA0377,probe_assisted,CA0375;CA0376,LIQ_0F4168490E;LIQ_1BD1B94C09,2,yes,yes,,interior_fit,no,0.0,2.0,15.963635219975632,57.48392509016165,83.04147594379248,yes,,yes
CA0378,CA0378,SRC020,SFC_463017990582,LIQ_0F4168490E,0.1,validation,no,,,PA_CA0378,probe_assisted,CA0379;CA0380,LIQ_1BD1B94C09;LIQ_6656B41AB7,2,yes,yes,,interior_fit,no,0.0,2.0,47.985199170073535,11.435154969400845,56.49622488765749,yes,,yes
CA0379,CA0379,SRC020,SFC_463017990582,LIQ_1BD1B94C09,0.1,validation,no,,,PA_CA0379,probe_assisted,CA0378;CA0380,LIQ_0F4168490E;LIQ_6656B41AB7,2,yes,yes,,interior_fit,no,0.0,2.0,47.98519917007357,32.09323020182796,0.0,yes,,yes
CA0380,CA0380,SRC020,SFC_463017990582,LIQ_6656B41AB7,19.3,validation,no,,,PA_CA0380,probe_assisted,CA0378;CA0379,LIQ_0F4168490E;LIQ_1BD1B94C09,2,yes,yes,,interior_fit,no,0.0,2.0,15.963635219975632,57.48392509016165,83.04147594379248,yes,,yes
CA0381,CA0381,SRC020,SFC_EA6FE64D72B2,LIQ_0F4168490E,0.1,validation,no,,,PA_CA0381,probe_assisted,CA0382;CA0383,LIQ_1BD1B94C09;LIQ_6656B41AB7,2,yes,yes,,interior_fit,no,0.0,2.0,47.00666818632129,12.133405863434078,55.74750504951648,yes,,yes
CA0382,CA0382,SRC020,SFC_EA6FE64D72B2,LIQ_1BD1B94C09,0.1,validation,no,,,PA_CA0382,probe_assisted,CA0381;CA0383,LIQ_0F4168490E;LIQ_6656B41AB7,2,yes,yes,,interior_fit,no,0.0,2.0,47.00666818632128,32.62128320755594,0.0,yes,,yes
CA0383,CA0383,SRC020,SFC_EA6FE64D72B2,LIQ_6656B41AB7,22.5,validation,no,,,PA_CA0383,probe_assisted,CA0381;CA0382,LIQ_0F4168490E;LIQ_1BD1B94C09,2,yes,yes,,interior_fit,no,0.0,2.0,15.963635219975632,57.48392509016165,83.04147594379248,yes,,yes
CA0384,CA0384,SRC004,SFC_1959CDFDAA85,LIQ_0F4168490E,106.0,train,no,,,PA_CA0384,probe_assisted,CA0385;CA0386,LIQ_53310FAFB3;LIQ_6656B41AB7,2,yes,yes,,interior_fit,no,0.0,2.0,26.848922341327285,0.0240282574828516,107.75468458085513,yes,,yes
CA0385,CA0385,SRC004,SFC_1959CDFDAA85,LIQ_53310FAFB3,79.0,train,no,,,PA_CA0385,probe_assisted,CA0384;CA0386,LIQ_0F4168490E;LIQ_6656B41AB7,2,yes,yes,,interior_fit,no,0.0,2.0,26.84892234132732,0.0926457859679675,77.41209732591317,yes,,yes
CA0386,CA0386,SRC004,SFC_1959CDFDAA85,LIQ_6656B41AB7,63.0,train,no,,,PA_CA0386,probe_assisted,CA0384;CA0385,LIQ_0F4168490E;LIQ_53310FAFB3,2,yes,yes,,interior_fit,no,0.0,2.0,24.25358519479579,0.2230426865138864,67.54670406100286,yes,,yes
CA0387,CA0387,SRC004,SFC_309E17907FBA,LIQ_0F4168490E,104.0,train,no,,,PA_CA0387,probe_assisted,CA0388;CA0389,LIQ_53310FAFB3;LIQ_6656B41AB7,2,yes,yes,,interior_fit,no,0.0,2.0,26.275176760124637,0.1695496175919503,105.17148013926531,yes,,yes
CA0388,CA0388,SRC004,SFC_309E17907FBA,LIQ_53310FAFB3,77.0,train,no,,,PA_CA0388,probe_assisted,CA0387;CA0389,LIQ_0F4168490E;LIQ_6656B41AB7,2,yes,yes,,interior_fit,no,0.0,2.0,26.275176760124676,0.2627774600036094,75.9204827490533,yes,,yes
CA0389,CA0389,SRC004,SFC_309E17907FBA,LIQ_6656B41AB7,64.0,train,no,,,PA_CA0389,probe_assisted,CA0387;CA0388,LIQ_0F4168490E;LIQ_53310FAFB3,2,yes,yes,,interior_fit,no,0.0,2.0,24.52762043291593,0.3918552794664434,67.0632125006819,yes,,yes
CA0390,CA0390,SRC004,SFC_3658FB055001,LIQ_0F4168490E,105.0,train,no,,,PA_CA0390,probe_assisted,CA0391;CA0392,LIQ_53310FAFB3;LIQ_6656B41AB7,2,yes,yes,,interior_fit,no,0.0,2.0,26.275176760124623,0.0500768703721142,107.37294891397988,yes,,yes
CA0391,CA0391,SRC004,SFC_3658FB055001,LIQ_53310FAFB3,79.0,train,no,,,PA_CA0391,probe_assisted,CA0390;CA0392,LIQ_0F4168490E;LIQ_6656B41AB7,2,yes,yes,,interior_fit,no,0.0,2.0,26.275176760124676,0.1818963979662199,76.84264557761604,yes,,yes
CA0392,CA0392,SRC004,SFC_3658FB055001,LIQ_6656B41AB7,64.0,train,no,,,PA_CA0392,probe_assisted,CA0390;CA0391,LIQ_0F4168490E;LIQ_53310FAFB3,2,yes,yes,,interior_fit,no,0.0,2.0,22.823665259879974,0.4281797719418561,70.08814300359518,yes,,yes
CA0393,CA0393,SRC004,SFC_AE86A39F2CBE,LIQ_0F4168490E,107.0,train,no,,,PA_CA0393,probe_assisted,CA0394;CA0395,LIQ_53310FAFB3;LIQ_6656B41AB7,2,yes,yes,,interior_fit,no,0.0,2.0,26.84892234132729,0.1904772479961384,104.46143117948245,yes,,yes
CA0394,CA0394,SRC004,SFC_AE86A39F2CBE,LIQ_53310FAFB3,76.0,train,no,,,PA_CA0394,probe_assisted,CA0393;CA0395,LIQ_0F4168490E;LIQ_6656B41AB7,2,yes,yes,,interior_fit,no,0.0,2.0,26.848922341327302,0.047997097998383,78.31998167112626,yes,,yes
CA0395,CA0395,SRC004,SFC_AE86A39F2CBE,LIQ_6656B41AB7,63.0,train,no,,,PA_CA0395,probe_assisted,CA0393;CA0394,LIQ_0F4168490E;LIQ_53310FAFB3,2,yes,yes,,boundary_fit,yes,0.0641051012569509,2.0,30.54839702122639,0.0,56.5691234950531,yes,,yes
CA0396,CA0396,SRC004,SFC_1A55A8F9BE53,LIQ_0F4168490E,111.0,train,no,,,PA_CA0396,probe_assisted,CA0397;CA0398,LIQ_53310FAFB3;LIQ_6656B41AB7,2,yes,yes,,interior_fit,no,0.0,2.0,27.42370275772239,0.1356284911821132,104.8342663804965,yes,,yes
CA0397,CA0397,SRC004,SFC_1A55A8F9BE53,LIQ_53310FAFB3,76.0,train,no,,,PA_CA0397,probe_assisted,CA0396;CA0398,LIQ_0F4168490E;LIQ_6656B41AB7,2,yes,yes,,boundary_fit,yes,0.9162076589856198,2.0,26.69090472144033,0.0,80.83782657525688,yes,,yes
CA0398,CA0398,SRC004,SFC_1A55A8F9BE53,LIQ_6656B41AB7,62.0,train,no,,,PA_CA0398,probe_assisted,CA0396;CA0397,LIQ_0F4168490E;LIQ_53310FAFB3,2,yes,yes,,boundary_fit,yes,1.8791515829579415,2.0,28.156474910912728,0.0,60.7267947371089,yes,,yes
CA0399,CA0399,SRC004,SFC_E53F0A6F08A0,LIQ_0F4168490E,112.0,train,no,,,PA_CA0399,probe_assisted,CA0400;CA0401,LIQ_53310FAFB3;LIQ_6656B41AB7,2,yes,yes,,boundary_fit,yes,0.3006421089034816,2.0,25.44561775832296,0.0,110.66826545391916,yes,,yes
CA0400,CA0400,SRC004,SFC_E53F0A6F08A0,LIQ_53310FAFB3,83.0,train,no,,,PA_CA0400,probe_assisted,CA0399;CA0401,LIQ_0F4168490E;LIQ_6656B41AB7,2,yes,yes,,boundary_fit,yes,0.7585193974489783,2.0,25.114893687702853,0.0,82.8490193123576,yes,,yes
CA0401,CA0401,SRC004,SFC_E53F0A6F08A0,LIQ_6656B41AB7,65.0,train,no,,,PA_CA0401,probe_assisted,CA0399;CA0400,LIQ_0F4168490E;LIQ_53310FAFB3,2,yes,yes,,boundary_fit,yes,0.4382856036560465,2.0,24.467922937240697,0.0,67.16845375474932,yes,,yes
CA0402,CA0402,SRC004,SFC_2A9E0C34389A,LIQ_0F4168490E,111.0,train,no,,,PA_CA0402,probe_assisted,CA0403;CA0404,LIQ_53310FAFB3;LIQ_6656B41AB7,2,yes,yes,,interior_fit,no,0.0,2.0,25.702802526704232,7.794347843765624e-05,110.36276644716357,yes,,yes
CA0403,CA0403,SRC004,SFC_2A9E0C34389A,LIQ_53310FAFB3,82.0,train,no,,,PA_CA0403,probe_assisted,CA0402;CA0404,LIQ_0F4168490E;LIQ_6656B41AB7,2,yes,yes,,boundary_fit,yes,0.2640781575192292,2.0,25.49735055429685,0.0,82.35620394626007,yes,,yes
CA0404,CA0404,SRC004,SFC_2A9E0C34389A,LIQ_6656B41AB7,65.0,train,no,,,PA_CA0404,probe_assisted,CA0402;CA0403,LIQ_0F4168490E;LIQ_53310FAFB3,2,yes,yes,,boundary_fit,yes,0.2637356271676427,2.0,25.45058083766488,0.0,65.44157171524253,yes,,yes
CA0405,CA0405,SRC004,SFC_4CE305FCECB9,LIQ_0F4168490E,108.0,train,no,,,PA_CA0405,probe_assisted,CA0406;CA0407,LIQ_53310FAFB3;LIQ_6656B41AB7,2,yes,yes,,boundary_fit,yes,0.1444441695523579,2.0,24.44254021459272,0.0,111.4591801590436,yes,,yes
CA0406,CA0406,SRC004,SFC_4CE305FCECB9,LIQ_53310FAFB3,84.0,train,no,,,PA_CA0406,probe_assisted,CA0405;CA0407,LIQ_0F4168490E;LIQ_6656B41AB7,2,yes,yes,,interior_fit,no,0.0,2.0,24.563490011212934,0.0793163970417017,80.60604476558659,yes,,yes
CA0407,CA0407,SRC004,SFC_4CE305FCECB9,LIQ_6656B41AB7,67.0,train,no,,,PA_CA0407,probe_assisted,CA0405;CA0406,LIQ_0F4168490E;LIQ_53310FAFB3,2,yes,yes,,interior_fit,no,0.0,2.0,19.36485283871731,0.4158766367714513,76.41872173177316,yes,,yes
CA0408,CA0408,SRC004,SFC_B4F56FFE60FB,LIQ_0F4168490E,109.0,train,no,,,PA_CA0408,probe_assisted,CA0409;CA0410,LIQ_53310FAFB3;LIQ_6656B41AB7,2,yes,yes,,boundary_fit,yes,0.2105036628819334,2.0,26.0929663094988,0.0,110.16823370821182,yes,,yes
CA0409,CA0409,SRC004,SFC_B4F56FFE60FB,LIQ_53310FAFB3,82.0,train,no,,,PA_CA0409,probe_assisted,CA0408;CA0410,LIQ_0F4168490E;LIQ_6656B41AB7,2,yes,yes,,interior_fit,no,0.0,2.0,26.275176760124666,0.0074427936309814,80.45426298951898,yes,,yes
CA0410,CA0410,SRC004,SFC_B4F56FFE60FB,LIQ_6656B41AB7,64.0,train,no,,,PA_CA0410,probe_assisted,CA0408;CA0409,LIQ_0F4168490E;LIQ_53310FAFB3,2,yes,yes,,interior_fit,no,0.0,2.0,23.75144461978664,0.0631422383007687,68.43541298272866,yes,,yes
CA0411,CA0411,SRC004,SFC_572551235161,LIQ_0F4168490E,107.0,train,no,,,PA_CA0411,probe_assisted,CA0412;CA0413,LIQ_53310FAFB3;LIQ_6656B41AB7,2,yes,yes,,boundary_fit,yes,0.4496668370117689,2.0,26.456229305148835,0.0,109.89104747132326,yes,,yes
CA0412,CA0412,SRC004,SFC_572551235161,LIQ_53310FAFB3,82.0,train,no,,,PA_CA0412,probe_assisted,CA0411;CA0413,LIQ_0F4168490E;LIQ_6656B41AB7,2,yes,yes,,interior_fit,no,0.0,2.0,26.848922341327302,0.047997097998383,78.31998167112626,yes,,yes
CA0413,CA0413,SRC004,SFC_572551235161,LIQ_6656B41AB7,63.0,train,no,,,PA_CA0413,probe_assisted,CA0411;CA0412,LIQ_0F4168490E;LIQ_53310FAFB3,2,yes,yes,,interior_fit,no,0.0,2.0,21.00059682116532,0.3729261357495858,73.38614948396517,yes,,yes
CA0414,CA0414,SRC004,SFC_7E0BA3D04E9B,LIQ_0F4168490E,112.0,train,no,,,PA_CA0414,probe_assisted,CA0415;CA0416,LIQ_53310FAFB3;LIQ_6656B41AB7,2,yes,yes,,boundary_fit,yes,1.1438682528834931,2.0,23.6138543072114,0.0,112.12825260490948,yes,,yes
CA0415,CA0415,SRC004,SFC_7E0BA3D04E9B,LIQ_53310FAFB3,87.0,train,no,,,PA_CA0415,probe_assisted,CA0414;CA0416,LIQ_0F4168490E;LIQ_6656B41AB7,2,yes,yes,,boundary_fit,yes,0.3146970872474384,2.0,24.324249633055807,0.0,83.87817344679283,yes,,yes
CA0416,CA0416,SRC004,SFC_7E0BA3D04E9B,LIQ_6656B41AB7,67.0,train,no,,,PA_CA0416,probe_assisted,CA0414;CA0415,LIQ_0F4168490E;LIQ_53310FAFB3,2,yes,yes,,interior_fit,no,0.0,2.0,20.081645222964127,0.0664659000027427,75.07998022111178,yes,,yes
CA0417,CA0417,SRC004,SFC_AE01D8CAA284,LIQ_0F4168490E,115.0,train,no,,,PA_CA0417,probe_assisted,CA0418;CA0419,LIQ_53310FAFB3;LIQ_6656B41AB7,2,yes,yes,,boundary_fit,yes,1.477755597756527,2.0,23.340191788087303,0.0,112.35248075463431,yes,,yes
CA0418,CA0418,SRC004,SFC_AE01D8CAA284,LIQ_53310FAFB3,88.0,train,no,,,PA_CA0418,probe_assisted,CA0417;CA0419,LIQ_0F4168490E;LIQ_6656B41AB7,2,yes,yes,,boundary_fit,yes,1.7765770943929482,2.0,23.22824444325404,0.0,85.32958552898815,yes,,yes
CA0419,CA0419,SRC004,SFC_AE01D8CAA284,LIQ_6656B41AB7,67.0,train,no,,,PA_CA0419,probe_assisted,CA0417;CA0418,LIQ_0F4168490E;LIQ_53310FAFB3,2,yes,yes,,boundary_fit,yes,0.3913759962094474,2.0,20.83571021139745,0.0,73.6883500953487,yes,,yes
CA0420,CA0420,SRC004,SFC_2E8A7F435ADF,LIQ_0F4168490E,98.0,train,no,,,PA_CA0420,probe_assisted,CA0421;CA0422,LIQ_53310FAFB3;LIQ_6656B41AB7,2,yes,yes,,boundary_fit,yes,0.1280583562523602,2.0,36.87884449995885,0.0,102.77008673218404,yes,,yes
CA0421,CA0421,SRC004,SFC_2E8A7F435ADF,LIQ_53310FAFB3,69.0,train,no,,,PA_CA0421,probe_assisted,CA0420;CA0422,LIQ_0F4168490E;LIQ_6656B41AB7,2,yes,yes,,interior_fit,no,0.0,2.0,37.010512242138326,0.1682579199318134,63.92450940238334,yes,,yes
CA0422,CA0422,SRC004,SFC_2E8A7F435ADF,LIQ_6656B41AB7,45.0,train,no,,,PA_CA0422,probe_assisted,CA0420;CA0421,LIQ_0F4168490E;LIQ_53310FAFB3,2,yes,yes,,interior_fit,no,0.0,2.0,28.25019722985694,0.8329460148679269,60.56402812243011,yes,,yes
CA0423,CA0423,SRC004,SFC_9E9E03484254,LIQ_0F4168490E,109.0,train,no,,,PA_CA0423,probe_assisted,CA0424;CA0425,LIQ_53310FAFB3;LIQ_6656B41AB7,2,yes,yes,,interior_fit,no,0.0,2.0,26.84892234132729,0.0036630855214618,108.87350432253712,yes,,yes
CA0424,CA0424,SRC004,SFC_9E9E03484254,LIQ_53310FAFB3,80.0,train,no,,,PA_CA0424,probe_assisted,CA0423;CA0425,LIQ_0F4168490E;LIQ_6656B41AB7,2,yes,yes,,interior_fit,no,0.0,2.0,26.848922341327317,0.0024879593525344,80.11245168662477,yes,,yes
CA0425,CA0425,SRC004,SFC_9E9E03484254,LIQ_6656B41AB7,63.0,train,no,,,PA_CA0425,probe_assisted,CA0423;CA0424,LIQ_0F4168490E;LIQ_53310FAFB3,2,yes,yes,,interior_fit,no,0.0,2.0,27.038901675973303,0.0014375530728854,62.66930465497574,yes,,yes
CA0426,CA0426,SRC004,SFC_977322D0A384,LIQ_0F4168490E,110.0,train,no,,,PA_CA0426,probe_assisted,CA0427;CA0428,LIQ_53310FAFB3;LIQ_6656B41AB7,2,yes,yes,,interior_fit,no,0.0,2.0,25.70280252670422,0.0107888199688872,109.2272985713328,yes,,yes
CA0427,CA0427,SRC004,SFC_977322D0A384,LIQ_53310FAFB3,81.0,train,no,,,PA_CA0427,probe_assisted,CA0426;CA0428,LIQ_0F4168490E;LIQ_6656B41AB7,2,yes,yes,,interior_fit,no,0.0,2.0,25.702802526704268,0.0015302820526746,81.68157270816064,yes,,yes
CA0428,CA0428,SRC004,SFC_977322D0A384,LIQ_6656B41AB7,65.0,train,no,,,PA_CA0428,probe_assisted,CA0426;CA0427,LIQ_0F4168490E;LIQ_53310FAFB3,2,yes,yes,,boundary_fit,yes,0.085516928420704,2.0,26.455231752151168,0.0,63.685946307813175,yes,,yes
CA0429,CA0429,SRC016,SFC_D23857573968,LIQ_0F4168490E,95.1,train,no,,,PA_CA0429,probe_assisted,CA0430;CA0431,LIQ_53310FAFB3;LIQ_6656B41AB7,2,yes,yes,,interior_fit,no,0.0,2.0,43.63276208761603,1.016063307408918,87.41767703228734,yes,,yes
CA0430,CA0430,SRC016,SFC_D23857573968,LIQ_6656B41AB7,31.4,train,no,,,PA_CA0430,probe_assisted,CA0429;CA0431,LIQ_0F4168490E;LIQ_53310FAFB3,2,yes,yes,,boundary_fit,yes,1.1232678318634903,2.0,53.06789482436998,0.0,0.0,yes,,yes
CA0431,CA0431,SRC016,SFC_D23857573968,LIQ_53310FAFB3,48.3,train,no,,,PA_CA0431,probe_assisted,CA0429;CA0430,LIQ_0F4168490E;LIQ_6656B41AB7,2,yes,yes,,interior_fit,no,0.0,2.0,43.63276208761607,0.1057931522872774,57.2325642596098,yes,,yes
CA0432,CA0432,SRC016,SFC_CDEB89D989AC,LIQ_0F4168490E,88.7,train,no,,,PA_CA0432,probe_assisted,CA0433;CA0434,LIQ_53310FAFB3;LIQ_6656B41AB7,2,yes,yes,,interior_fit,no,0.0,2.0,38.74446073567864,1.1073315190910056,89.7207321011447,yes,,yes
CA0433,CA0433,SRC016,SFC_CDEB89D989AC,LIQ_6656B41AB7,41.7,train,no,,,PA_CA0433,probe_assisted,CA0432;CA0434,LIQ_0F4168490E;LIQ_53310FAFB3,2,yes,yes,,interior_fit,no,0.0,2.0,36.8255455709603,1.5503980578715633,45.3450461820994,yes,,yes
CA0434,CA0434,SRC016,SFC_CDEB89D989AC,LIQ_53310FAFB3,54.0,train,no,,,PA_CA0434,probe_assisted,CA0432;CA0433,LIQ_0F4168490E;LIQ_6656B41AB7,2,yes,yes,,interior_fit,no,0.0,2.0,38.74446073567868,1.3066604170390543,52.82328325415988,yes,,yes
CA0435,CA0435,SRC016,SFC_6A9ED69E4397,LIQ_0F4168490E,68.3,train,no,,,PA_CA0435,probe_assisted,CA0436;CA0437,LIQ_53310FAFB3;LIQ_6656B41AB7,2,yes,yes,,interior_fit,no,0.0,2.0,40.65043765513153,1.3306008495400932,87.47041167544303,yes,,yes
CA0436,CA0436,SRC016,SFC_6A9ED69E4397,LIQ_6656B41AB7,37.9,train,no,,,PA_CA0436,probe_assisted,CA0435;CA0437,LIQ_0F4168490E;LIQ_53310FAFB3,2,yes,yes,,interior_fit,no,0.0,2.0,12.407276099802417,21.890163704238606,90.664173072193,yes,,yes
CA0437,CA0437,SRC016,SFC_6A9ED69E4397,LIQ_53310FAFB3,50.2,train,no,,,PA_CA0437,probe_assisted,CA0435;CA0436,LIQ_0F4168490E;LIQ_6656B41AB7,2,yes,yes,,interior_fit,no,0.0,2.0,40.650437655131554,7.913895413114781,19.68882629151261,yes,,yes
CA0438,CA0438,SRC016,SFC_5A7AACDD77C7,LIQ_0F4168490E,98.1,train,no,,,PA_CA0438,probe_assisted,CA0439;CA0440,LIQ_53310FAFB3;LIQ_6656B41AB7,2,yes,yes,,interior_fit,no,0.0,2.0,40.06012866868562,0.2080320094514925,95.66153865401051,yes,,yes
CA0439,CA0439,SRC016,SFC_5A7AACDD77C7,LIQ_6656B41AB7,39.1,train,no,,,PA_CA0439,probe_assisted,CA0438;CA0440,LIQ_0F4168490E;LIQ_53310FAFB3,2,yes,yes,,boundary_fit,yes,0.0033054549544075,2.0,44.86439678331575,0.0,28.41438791609217,yes,,yes
CA0440,CA0440,SRC016,SFC_5A7AACDD77C7,LIQ_53310FAFB3,59.8,train,no,,,PA_CA0440,probe_assisted,CA0438;CA0439,LIQ_0F4168490E;LIQ_6656B41AB7,2,yes,yes,,interior_fit,no,0.0,2.0,40.06012866868568,0.0579648607320126,62.36039023569584,yes,,yes
CA0441,CA0441,SRC016,SFC_66D5DCF7DD85,LIQ_0F4168490E,105.5,train,no,,,PA_CA0441,probe_assisted,CA0442;CA0443,LIQ_53310FAFB3;LIQ_6656B41AB7,2,yes,yes,,interior_fit,no,0.0,2.0,23.48980973982844,1.6010436680124225,97.47379173535056,yes,,yes
CA0442,CA0442,SRC016,SFC_66D5DCF7DD85,LIQ_6656B41AB7,68.9,train,no,,,PA_CA0442,probe_assisted,CA0441;CA0443,LIQ_0F4168490E;LIQ_53310FAFB3,2,yes,yes,,boundary_fit,yes,0.5580488645703205,2.0,33.6740159024285,0.0,51.07210404227655,yes,,yes
CA0443,CA0443,SRC016,SFC_66D5DCF7DD85,LIQ_53310FAFB3,71.5,train,no,,,PA_CA0443,probe_assisted,CA0441;CA0442,LIQ_0F4168490E;LIQ_6656B41AB7,2,yes,yes,,interior_fit,no,0.0,2.0,23.48980973982848,0.3205680251304951,79.02813331817022,yes,,yes
CA0444,CA0444,SRC016,SFC_FC48A7AD25F0,LIQ_0F4168490E,91.7,train,no,,,PA_CA0444,probe_assisted,CA0445;CA0446,LIQ_53310FAFB3;LIQ_6656B41AB7,2,yes,yes,,interior_fit,no,0.0,2.0,41.98198861615317,0.1080206622847095,95.99308735682226,yes,,yes
CA0445,CA0445,SRC016,SFC_FC48A7AD25F0,LIQ_6656B41AB7,35.1,train,no,,,PA_CA0445,probe_assisted,CA0444;CA0446,LIQ_0F4168490E;LIQ_53310FAFB3,2,yes,yes,,interior_fit,no,0.0,2.0,33.92335087563402,1.29469975072508,50.627526383453045,yes,,yes
CA0446,CA0446,SRC016,SFC_FC48A7AD25F0,LIQ_53310FAFB3,59.1,train,no,,,PA_CA0446,probe_assisted,CA0444;CA0445,LIQ_0F4168490E;LIQ_6656B41AB7,2,yes,yes,,interior_fit,no,0.0,2.0,41.98198861615322,0.5035713005866594,54.35707400127336,yes,,yes
CA0447,CA0447,SRC017,SFC_AFFB3785B9F0,LIQ_0F4168490E,166.0,internal_test,no,,,PA_CA0447,probe_assisted,CA0448;CA0449;CA0450;CA0451;CA0452;CA0453;CA0454,LIQ_4BDC3033E4;LIQ_53310FAFB3;LIQ_63C19A56DE;LIQ_6656B41AB7;LIQ_B6950B5CB8;LIQ_E0B206B2DD;LIQ_FCA4FC7284,7,yes,yes,,interior_fit,no,0.4511102303619559,7.0,0.0484808611446575,0.0047058902839319,163.3951074611017,yes,,yes
CA0448,CA0448,SRC017,SFC_AFFB3785B9F0,LIQ_6656B41AB7,162.0,internal_test,no,,,PA_CA0448,probe_assisted,CA0447;CA0449;CA0450;CA0451;CA0452;CA0453;CA0454,LIQ_0F4168490E;LIQ_4BDC3033E4;LIQ_53310FAFB3;LIQ_63C19A56DE;LIQ_B6950B5CB8;LIQ_E0B206B2DD;LIQ_FCA4FC7284,7,yes,yes,,interior_fit,no,0.2799097954359575,7.0,0.0596926448462962,1.3278340003282633e-05,158.66071353569464,yes,,yes
CA0449,CA0449,SRC017,SFC_AFFB3785B9F0,LIQ_53310FAFB3,160.0,internal_test,no,,,PA_CA0449,probe_assisted,CA0447;CA0448;CA0450;CA0451;CA0452;CA0453;CA0454,LIQ_0F4168490E;LIQ_4BDC3033E4;LIQ_63C19A56DE;LIQ_6656B41AB7;LIQ_B6950B5CB8;LIQ_E0B206B2DD;LIQ_FCA4FC7284,7,yes,yes,,interior_fit,no,0.4767725131662671,7.0,0.0496734423303315,0.0001195222001604,161.4425844578061,yes,,yes
CA0450,CA0450,SRC017,SFC_AFFB3785B9F0,LIQ_4BDC3033E4,156.0,internal_test,no,,,PA_CA0450,probe_assisted,CA0447;CA0448;CA0449;CA0451;CA0452;CA0453;CA0454,LIQ_0F4168490E;LIQ_53310FAFB3;LIQ_63C19A56DE;LIQ_6656B41AB7;LIQ_B6950B5CB8;LIQ_E0B206B2DD;LIQ_FCA4FC7284,7,yes,yes,,interior_fit,no,0.4778223843988435,7.0,0.0485142710308005,0.0004690552833843,157.5626017518868,yes,,yes
CA0451,CA0451,SRC017,SFC_AFFB3785B9F0,LIQ_63C19A56DE,157.0,internal_test,no,,,PA_CA0451,probe_assisted,CA0447;CA0448;CA0449;CA0450;CA0452;CA0453;CA0454,LIQ_0F4168490E;LIQ_4BDC3033E4;LIQ_53310FAFB3;LIQ_6656B41AB7;LIQ_B6950B5CB8;LIQ_E0B206B2DD;LIQ_FCA4FC7284,7,yes,yes,,interior_fit,no,0.5007452936248911,7.0,0.0514767791423185,0.0003749043300578,156.18466060243955,yes,,yes
CA0452,CA0452,SRC017,SFC_AFFB3785B9F0,LIQ_B6950B5CB8,156.0,internal_test,no,,,PA_CA0452,probe_assisted,CA0447;CA0448;CA0449;CA0450;CA0451;CA0453;CA0454,LIQ_0F4168490E;LIQ_4BDC3033E4;LIQ_53310FAFB3;LIQ_63C19A56DE;LIQ_6656B41AB7;LIQ_E0B206B2DD;LIQ_FCA4FC7284,7,yes,yes,,interior_fit,no,0.5059769652599091,7.0,0.0502206121284186,0.000478449528923,156.13932114464583,yes,,yes
CA0453,CA0453,SRC017,SFC_AFFB3785B9F0,LIQ_E0B206B2DD,154.0,internal_test,no,,,PA_CA0453,probe_assisted,CA0447;CA0448;CA0449;CA0450;CA0451;CA0452;CA0454,LIQ_0F4168490E;LIQ_4BDC3033E4;LIQ_53310FAFB3;LIQ_63C19A56DE;LIQ_6656B41AB7;LIQ_B6950B5CB8;LIQ_FCA4FC7284,7,yes,yes,,interior_fit,no,0.4780938809530126,7.0,0.0481588790973452,0.000679327254916,155.91111909087678,yes,,yes
CA0454,CA0454,SRC017,SFC_AFFB3785B9F0,LIQ_FCA4FC7284,153.0,internal_test,no,,,PA_CA0454,probe_assisted,CA0447;CA0448;CA0449;CA0450;CA0451;CA0452;CA0453,LIQ_0F4168490E;LIQ_4BDC3033E4;LIQ_53310FAFB3;LIQ_63C19A56DE;LIQ_6656B41AB7;LIQ_B6950B5CB8;LIQ_E0B206B2DD,7,yes,yes,,interior_fit,no,0.457384266904311,7.0,0.0475928839824967,0.0007414672563089,155.58340426551715,yes,,yes
CA0455,CA0455,SRC018,SFC_8D989D0E7E7F,LIQ_0F4168490E,162.0,internal_test,no,,,PA_CA0455,probe_assisted,CA0456;CA0457;CA0458,LIQ_53310FAFB3;LIQ_5C0DC0DCD1;LIQ_6656B41AB7,3,yes,yes,,boundary_fit,yes,3.55559765710546,3.0,0.4976617678377308,0.0,155.43791389871785,yes,,yes
CA0456,CA0456,SRC018,SFC_8D989D0E7E7F,LIQ_5C0DC0DCD1,157.8,internal_test,no,,,PA_CA0456,probe_assisted,CA0455;CA0457;CA0458,LIQ_0F4168490E;LIQ_53310FAFB3;LIQ_6656B41AB7,3,yes,yes,,boundary_fit,yes,3.3074359769942943,3.0,0.5657666302631278,0.0,148.83369811156393,yes,,yes
CA0457,CA0457,SRC018,SFC_8D989D0E7E7F,LIQ_53310FAFB3,153.8,internal_test,no,,,PA_CA0457,probe_assisted,CA0455;CA0456;CA0458,LIQ_0F4168490E;LIQ_5C0DC0DCD1;LIQ_6656B41AB7,3,yes,yes,,boundary_fit,yes,3.62652381369336,3.0,0.4991899967636758,0.0,147.29531761650668,yes,,yes
CA0458,CA0458,SRC018,SFC_8D989D0E7E7F,LIQ_6656B41AB7,134.2,internal_test,no,,,PA_CA0458,probe_assisted,CA0455;CA0456;CA0457,LIQ_0F4168490E;LIQ_53310FAFB3;LIQ_5C0DC0DCD1,3,yes,yes,,boundary_fit,yes,0.3236409924092031,3.0,0.1670997516868514,0.0,152.2877258212464,yes,,yes
CA0459,CA0459,SRC012,SFC_9BFFAF330A15,LIQ_0F4168490E,168.1,internal_test,no,,,PA_CA0459,probe_assisted,CA0460;CA0461;CA0462,LIQ_53310FAFB3;LIQ_6656B41AB7;LIQ_B6950B5CB8,3,yes,yes,,boundary_fit,yes,0.4396270289881904,3.0,0.0424112084536346,0.0,166.8012769890593,yes,,yes
CA0460,CA0460,SRC012,SFC_9BFFAF330A15,LIQ_6656B41AB7,161.1,internal_test,no,,,PA_CA0460,probe_assisted,CA0459;CA0461;CA0462,LIQ_0F4168490E;LIQ_53310FAFB3;LIQ_B6950B5CB8,3,yes,yes,,boundary_fit,yes,0.4642136348245623,3.0,0.0416999688300167,0.0,160.5097872543803,yes,,yes
CA0461,CA0461,SRC012,SFC_9BFFAF330A15,LIQ_53310FAFB3,164.4,internal_test,no,,,PA_CA0461,probe_assisted,CA0459;CA0460;CA0462,LIQ_0F4168490E;LIQ_6656B41AB7;LIQ_B6950B5CB8,3,yes,yes,,boundary_fit,yes,0.4164383440043727,3.0,0.0439649818007837,0.0,162.3548303782267,yes,,yes
CA0462,CA0462,SRC012,SFC_9BFFAF330A15,LIQ_B6950B5CB8,153.5,internal_test,no,,,PA_CA0462,probe_assisted,CA0459;CA0460;CA0461,LIQ_0F4168490E;LIQ_53310FAFB3;LIQ_6656B41AB7,3,yes,yes,,boundary_fit,yes,0.1341654123180684,3.0,0.0319972860580752,0.0,158.71379562898866,yes,,yes
CA0463,CA0463,SRC002,SFC_5523B41BFD8F,LIQ_0F4168490E,172.0,validation,no,,,PA_CA0463,probe_assisted,CA0464;CA0465;CA0466,LIQ_53310FAFB3;LIQ_5C0DC0DCD1;LIQ_B6950B5CB8,3,yes,yes,,boundary_fit,yes,14.798585639052442,3.0,1.3183603083444746,0.0,148.50875017306595,yes,,yes
CA0464,CA0464,SRC002,SFC_5523B41BFD8F,LIQ_5C0DC0DCD1,167.0,validation,no,,,PA_CA0464,probe_assisted,CA0463;CA0465;CA0466,LIQ_0F4168490E;LIQ_53310FAFB3;LIQ_B6950B5CB8,3,yes,yes,,boundary_fit,yes,14.262286176305729,3.0,1.766505754643382,0.0,138.15612593394906,yes,,yes
CA0465,CA0465,SRC002,SFC_5523B41BFD8F,LIQ_53310FAFB3,163.0,validation,no,,,PA_CA0465,probe_assisted,CA0463;CA0464;CA0466,LIQ_0F4168490E;LIQ_5C0DC0DCD1;LIQ_B6950B5CB8,3,yes,yes,,boundary_fit,yes,14.747556489184634,3.0,1.4345324324913795,0.0,136.99157601551798,yes,,yes
CA0466,CA0466,SRC002,SFC_5523B41BFD8F,LIQ_B6950B5CB8,70.0,validation,no,,,PA_CA0466,probe_assisted,CA0463;CA0464;CA0465,LIQ_0F4168490E;LIQ_53310FAFB3;LIQ_5C0DC0DCD1,3,yes,yes,,boundary_fit,yes,0.421951744889138,3.0,0.0194452408392997,0.0,161.22990033852298,yes,,yes
CA0467,CA0467,SRC003,SFC_6DD3FB38C4D9,LIQ_0F4168490E,166.1,internal_test,no,,,PA_CA0467,probe_assisted,CA0468,LIQ_6656B41AB7,1,yes,no,insufficient_probes,insufficient_probes,no,,1.0,,,,yes,fewer_than_two_unique_probes,no
CA0468,CA0468,SRC003,SFC_6DD3FB38C4D9,LIQ_6656B41AB7,160.5,internal_test,no,,,PA_CA0468,probe_assisted,CA0467,LIQ_0F4168490E,1,yes,no,insufficient_probes,insufficient_probes,no,,1.0,,,,yes,fewer_than_two_unique_probes,no
CA0469,CA0469,SDX004,SFC_D97F8E5A47C3,LIQ_0F4168490E,165.0,legacy_external,no,,,PA_CA0469,probe_assisted,CA0470;CA0471,LIQ_1BD1B94C09;LIQ_6656B41AB7,2,yes,yes,,interior_fit,no,0.0,2.0,0.3711975252929829,0.0003405317251704,156.6686006068011,yes,,yes
CA0470,CA0470,SDX004,SFC_D97F8E5A47C3,LIQ_1BD1B94C09,150.0,legacy_external,no,,,PA_CA0470,probe_assisted,CA0469;CA0471,LIQ_0F4168490E;LIQ_6656B41AB7,2,yes,yes,,boundary_fit,yes,1.342042073674965,2.0,0.2561170971977524,0.0,153.0014857924576,yes,,yes
CA0471,CA0471,SDX004,SFC_D97F8E5A47C3,LIQ_6656B41AB7,146.0,legacy_external,no,,,PA_CA0471,probe_assisted,CA0469;CA0470,LIQ_0F4168490E;LIQ_1BD1B94C09,2,yes,yes,,boundary_fit,yes,1.3331057950057152,2.0,0.2443494025178198,0.0,149.46187777326006,yes,,yes
CA0472,CA0472,SDX004,SFC_D3AB5237A040,LIQ_0F4168490E,162.0,legacy_external,no,,,PA_CA0472,probe_assisted,CA0473;CA0474,LIQ_1BD1B94C09;LIQ_6656B41AB7,2,yes,yes,,boundary_fit,yes,3.5111897088402646,2.0,1.0920638946365724,0.0,149.9919238081939,yes,,yes
CA0473,CA0473,SDX004,SFC_D3AB5237A040,LIQ_1BD1B94C09,150.0,legacy_external,no,,,PA_CA0473,probe_assisted,CA0472;CA0474,LIQ_0F4168490E;LIQ_6656B41AB7,2,yes,yes,,boundary_fit,yes,3.8591784501650217,2.0,1.1512555996928322,0.0,140.25901561623678,yes,,yes
CA0474,CA0474,SDX004,SFC_D3AB5237A040,LIQ_6656B41AB7,128.0,legacy_external,no,,,PA_CA0474,probe_assisted,CA0472;CA0473,LIQ_0F4168490E;LIQ_1BD1B94C09,2,yes,yes,,boundary_fit,yes,0.8996221533245592,2.0,0.2871685129684818,0.0,148.1712476982055,yes,,yes
CA0475,CA0475,SDX004,SFC_37A719049846,LIQ_0F4168490E,150.0,legacy_external,no,,,PA_CA0475,probe_assisted,CA0476;CA0477,LIQ_1BD1B94C09;LIQ_6656B41AB7,2,yes,yes,,boundary_fit,yes,6.013838304145175,2.0,6.622126116081985,0.0,132.06051666779322,yes,,yes
CA0476,CA0476,SDX004,SFC_37A719049846,LIQ_1BD1B94C09,127.0,legacy_external,no,,,PA_CA0476,probe_assisted,CA0475;CA0477,LIQ_0F4168490E;LIQ_6656B41AB7,2,yes,yes,,boundary_fit,yes,8.142979506431136,2.0,6.26674104954191,0.0,117.44633224245004,yes,,yes
CA0477,CA0477,SDX004,SFC_37A719049846,LIQ_6656B41AB7,97.0,legacy_external,no,,,PA_CA0477,probe_assisted,CA0475;CA0476,LIQ_0F4168490E;LIQ_1BD1B94C09,2,yes,yes,,boundary_fit,yes,3.00872761125804,2.0,2.435380643125006,0.0,124.20068913980002,yes,,yes
CA0478,CA0478,SDX004,SFC_37DC2984D4A3,LIQ_0F4168490E,126.0,legacy_external,no,,,PA_CA0478,probe_assisted,CA0479;CA0480,LIQ_1BD1B94C09;LIQ_6656B41AB7,2,yes,yes,,boundary_fit,yes,8.039921491784757,2.0,8.308896637078712,0.0,129.0691752501617,yes,,yes
CA0479,CA0479,SDX004,SFC_37DC2984D4A3,LIQ_1BD1B94C09,126.0,legacy_external,no,,,PA_CA0479,probe_assisted,CA0478;CA0480,LIQ_0F4168490E;LIQ_6656B41AB7,2,yes,yes,,boundary_fit,yes,1.6101584574920018,2.0,12.264760491015398,0.0,104.23144488698568,yes,,yes
CA0480,CA0480,SDX004,SFC_37DC2984D4A3,LIQ_6656B41AB7,89.0,legacy_external,no,,,PA_CA0480,probe_assisted,CA0478;CA0479,LIQ_0F4168490E;LIQ_1BD1B94C09,2,yes,yes,,interior_fit,no,0.0,2.0,0.6781402408457994,2.4419352026175702,140.2572173374801,yes,,yes
CA0481,CA0481,SDX004,SFC_F4538DDCF09A,LIQ_0F4168490E,161.0,legacy_external,no,,,PA_CA0481,probe_assisted,CA0482;CA0483,LIQ_1BD1B94C09;LIQ_6656B41AB7,2,yes,yes,,interior_fit,no,0.0,2.0,1.0003808754591417,0.0024687828658855,149.5370114773752,yes,,yes
CA0482,CA0482,SDX004,SFC_F4538DDCF09A,LIQ_1BD1B94C09,141.0,legacy_external,no,,,PA_CA0482,probe_assisted,CA0481;CA0483,LIQ_0F4168490E;LIQ_6656B41AB7,2,yes,yes,,boundary_fit,yes,2.247506022649768,2.0,0.6845846466765421,0.0,145.2678567107348,yes,,yes
CA0483,CA0483,SDX004,SFC_F4538DDCF09A,LIQ_6656B41AB7,136.0,legacy_external,no,,,PA_CA0483,probe_assisted,CA0481;CA0482,LIQ_0F4168490E;LIQ_1BD1B94C09,2,yes,yes,,boundary_fit,yes,2.2815654060625308,2.0,0.6660295775220568,0.0,140.44332643271093,yes,,yes
CA0484,CA0484,SDX004,SFC_4B8196140353,LIQ_0F4168490E,158.0,legacy_external,no,,,PA_CA0484,probe_assisted,CA0485;CA0486,LIQ_1BD1B94C09;LIQ_6656B41AB7,2,yes,yes,,interior_fit,no,0.0,2.0,2.633390827086982,0.1051053148705045,136.73908382108016,yes,,yes
CA0485,CA0485,SDX004,SFC_4B8196140353,LIQ_1BD1B94C09,127.0,legacy_external,no,,,PA_CA0485,probe_assisted,CA0484;CA0486,LIQ_0F4168490E;LIQ_6656B41AB7,2,yes,yes,,boundary_fit,yes,4.120821949144197,2.0,1.7055133817382713,0.0,135.95301053723003,yes,,yes
CA0486,CA0486,SDX004,SFC_4B8196140353,LIQ_6656B41AB7,123.0,legacy_external,no,,,PA_CA0486,probe_assisted,CA0484;CA0485,LIQ_0F4168490E;LIQ_1BD1B94C09,2,yes,yes,,boundary_fit,yes,4.791674363700494,2.0,1.9310307691478688,0.0,127.59416941192596,yes,,yes
CA0487,CA0487,SDX004,SFC_7287C875CEAD,LIQ_0F4168490E,146.0,legacy_external,no,,,PA_CA0487,probe_assisted,CA0488;CA0489,LIQ_1BD1B94C09;LIQ_6656B41AB7,2,yes,yes,,boundary_fit,yes,4.050841711224704,2.0,2.646907790803718,0.0,142.30834389523378,yes,,yes
CA0488,CA0488,SDX004,SFC_7287C875CEAD,LIQ_1BD1B94C09,139.0,legacy_external,no,,,PA_CA0488,probe_assisted,CA0487;CA0489,LIQ_0F4168490E;LIQ_6656B41AB7,2,yes,yes,,boundary_fit,yes,2.611515332705272,2.0,3.242520421111977,0.0,127.75082733962483,yes,,yes
CA0489,CA0489,SDX004,SFC_7287C875CEAD,LIQ_6656B41AB7,116.0,legacy_external,no,,,PA_CA0489,probe_assisted,CA0487;CA0488,LIQ_0F4168490E;LIQ_1BD1B94C09,2,yes,yes,,interior_fit,no,0.0,2.0,0.9533840809334342,0.0542992575023701,136.55307086337507,yes,,yes
CA0490,CA0490,SDX004,SFC_72042D49E582,LIQ_0F4168490E,135.0,legacy_external,no,,,PA_CA0490,probe_assisted,CA0491;CA0492,LIQ_1BD1B94C09;LIQ_6656B41AB7,2,yes,yes,,boundary_fit,yes,7.782711703023537,2.0,3.693113619725008,0.0,138.8941647882304,yes,,yes
CA0491,CA0491,SDX004,SFC_72042D49E582,LIQ_1BD1B94C09,142.0,legacy_external,no,,,PA_CA0491,probe_assisted,CA0490;CA0492,LIQ_0F4168490E;LIQ_6656B41AB7,2,yes,yes,,boundary_fit,yes,1.398016894688478,2.0,6.420485979763648,0.0,117.02278880157508,yes,,yes
CA0492,CA0492,SDX004,SFC_72042D49E582,LIQ_6656B41AB7,105.0,legacy_external,no,,,PA_CA0492,probe_assisted,CA0490;CA0491,LIQ_0F4168490E;LIQ_1BD1B94C09,2,yes,yes,,boundary_fit,yes,0.306971974037407,2.0,0.0,2.162334801977908,180.0,yes,,yes
CA0493,CA0493,SDX004,SFC_8510C10E7F44,LIQ_0F4168490E,156.0,legacy_external,no,,,PA_CA0493,probe_assisted,CA0494;CA0495,LIQ_1BD1B94C09;LIQ_6656B41AB7,2,yes,yes,,interior_fit,no,0.0,2.0,0.6307318156857115,0.0042719738693062,152.289209552581,yes,,yes
CA0494,CA0494,SDX004,SFC_8510C10E7F44,LIQ_1BD1B94C09,145.0,legacy_external,no,,,PA_CA0494,probe_assisted,CA0493;CA0495,LIQ_0F4168490E;LIQ_6656B41AB7,2,yes,yes,,boundary_fit,yes,0.4693974096792637,2.0,0.5747122216660605,0.0,146.79825325126436,yes,,yes
CA0495,CA0495,SDX004,SFC_8510C10E7F44,LIQ_6656B41AB7,141.0,legacy_external,no,,,PA_CA0495,probe_assisted,CA0493;CA0494,LIQ_0F4168490E;LIQ_1BD1B94C09,2,yes,yes,,boundary_fit,yes,0.6200209368942247,2.0,0.6089567565215088,0.0,141.35466605615034,yes,,yes
CA0496,CA0496,SDX004,SFC_3FA2C1A21D11,LIQ_0F4168490E,153.0,legacy_external,no,,,PA_CA0496,probe_assisted,CA0497;CA0498,LIQ_1BD1B94C09;LIQ_6656B41AB7,2,yes,yes,,boundary_fit,yes,1.7757248501835328,2.0,0.6989022334558934,0.0,153.22282510210707,yes,,yes
CA0497,CA0497,SDX004,SFC_3FA2C1A21D11,LIQ_1BD1B94C09,150.0,legacy_external,no,,,PA_CA0497,probe_assisted,CA0496;CA0498,LIQ_0F4168490E;LIQ_6656B41AB7,2,yes,yes,,boundary_fit,yes,0.587699544627168,2.0,0.9120375079896312,0.0,142.5933712099339,yes,,yes
CA0498,CA0498,SDX004,SFC_3FA2C1A21D11,LIQ_6656B41AB7,136.0,legacy_external,no,,,PA_CA0498,probe_assisted,CA0496;CA0497,LIQ_0F4168490E;LIQ_1BD1B94C09,2,yes,yes,,interior_fit,no,0.0,2.0,0.185862023181931,0.0748999762938994,151.52504484902798,yes,,yes
CA0499,CA0499,SDX004,SFC_1D3B0F1839B5,LIQ_0F4168490E,147.0,legacy_external,no,,,PA_CA0499,probe_assisted,CA0500;CA0501,LIQ_1BD1B94C09;LIQ_6656B41AB7,2,yes,yes,,boundary_fit,yes,0.7189702384894812,2.0,1.0438106213888838,0.0,150.33682681744398,yes,,yes
CA0500,CA0500,SDX004,SFC_1D3B0F1839B5,LIQ_1BD1B94C09,143.0,legacy_external,no,,,PA_CA0500,probe_assisted,CA0499;CA0501,LIQ_0F4168490E;LIQ_6656B41AB7,2,yes,yes,,interior_fit,no,0.0,2.0,1.1840655862805878,0.0122924061226245,138.5045543467219,yes,,yes
CA0501,CA0501,SDX004,SFC_1D3B0F1839B5,LIQ_6656B41AB7,134.0,legacy_external,no,,,PA_CA0501,probe_assisted,CA0499;CA0500,LIQ_0F4168490E;LIQ_1BD1B94C09,2,yes,yes,,interior_fit,no,0.0,2.0,0.4412338782424123,0.1505529298779954,144.44973169653494,yes,,yes
CA0502,CA0502,SDX004,SFC_D17DAFC2AFDE,LIQ_0F4168490E,145.0,legacy_external,no,,,PA_CA0502,probe_assisted,CA0503;CA0504,LIQ_1BD1B94C09;LIQ_6656B41AB7,2,yes,yes,,boundary_fit,yes,6.284873987620539,2.0,4.244590068196572,0.0,137.36909704910354,yes,,yes
CA0503,CA0503,SDX004,SFC_D17DAFC2AFDE,LIQ_1BD1B94C09,136.0,legacy_external,no,,,PA_CA0503,probe_assisted,CA0502;CA0504,LIQ_0F4168490E;LIQ_6656B41AB7,2,yes,yes,,boundary_fit,yes,4.809619443401772,2.0,5.160052549976403,0.0,120.71901485095954,yes,,yes
CA0504,CA0504,SDX004,SFC_D17DAFC2AFDE,LIQ_6656B41AB7,105.0,legacy_external,no,,,PA_CA0504,probe_assisted,CA0502;CA0503,LIQ_0F4168490E;LIQ_1BD1B94C09,2,yes,yes,,interior_fit,no,0.0,2.0,1.473402525976938,0.0164305044369598,131.2532806209906,yes,,yes
CA0505,CA0505,SDX004,SFC_65564B0B1510,LIQ_0F4168490E,155.0,legacy_external,no,,,PA_CA0505,probe_assisted,CA0506;CA0507,LIQ_1BD1B94C09;LIQ_6656B41AB7,2,yes,yes,,interior_fit,no,0.0,2.0,1.2842880461373445,0.4417329361314274,136.4056443911353,yes,,yes
CA0506,CA0506,SDX004,SFC_65564B0B1510,LIQ_1BD1B94C09,131.0,legacy_external,no,,,PA_CA0506,probe_assisted,CA0505;CA0507,LIQ_0F4168490E;LIQ_6656B41AB7,2,yes,yes,,boundary_fit,yes,1.5733372981172309,2.0,1.0247554701254733,0.0,141.4446167589284,yes,,yes
CA0507,CA0507,SDX004,SFC_65564B0B1510,LIQ_6656B41AB7,133.0,legacy_external,no,,,PA_CA0507,probe_assisted,CA0505;CA0506,LIQ_0F4168490E;LIQ_1BD1B94C09,2,yes,yes,,boundary_fit,yes,3.241129825920572,2.0,1.6548076706705015,0.0,129.7194779325405,yes,,yes
CA0508,CA0508,SDX004,SFC_FD7BF6ACBE27,LIQ_0F4168490E,149.0,legacy_external,no,,,PA_CA0508,probe_assisted,CA0509;CA0510,LIQ_1BD1B94C09;LIQ_6656B41AB7,2,yes,yes,,interior_fit,no,0.0,2.0,1.3903268567354017,0.1170509728341948,141.4101082661076,yes,,yes
CA0509,CA0509,SDX004,SFC_FD7BF6ACBE27,LIQ_1BD1B94C09,134.0,legacy_external,no,,,PA_CA0509,probe_assisted,CA0508;CA0510,LIQ_0F4168490E;LIQ_6656B41AB7,2,yes,yes,,boundary_fit,yes,0.256186885573733,2.0,1.344266116248953,0.0,138.6184449116499,yes,,yes
CA0510,CA0510,SDX004,SFC_FD7BF6ACBE27,LIQ_6656B41AB7,132.0,legacy_external,no,,,PA_CA0510,probe_assisted,CA0508;CA0509,LIQ_0F4168490E;LIQ_1BD1B94C09,2,yes,yes,,boundary_fit,yes,1.1382646465201771,2.0,1.7129026900806363,0.0,129.2531374957766,yes,,yes
CA0511,CA0511,SDX004,SFC_3A3E77A94794,LIQ_0F4168490E,148.0,legacy_external,no,,,PA_CA0511,probe_assisted,CA0512;CA0513,LIQ_1BD1B94C09;LIQ_6656B41AB7,2,yes,yes,,interior_fit,no,0.0,2.0,1.8759944896703904,0.3536672279721931,135.04288913689254,yes,,yes
CA0512,CA0512,SDX004,SFC_3A3E77A94794,LIQ_1BD1B94C09,128.0,legacy_external,no,,,PA_CA0512,probe_assisted,CA0511;CA0513,LIQ_0F4168490E;LIQ_6656B41AB7,2,yes,yes,,boundary_fit,yes,0.7227335978476024,2.0,1.7268689060577105,0.0,135.80854925639397,yes,,yes
CA0513,CA0513,SDX004,SFC_3A3E77A94794,LIQ_6656B41AB7,128.0,legacy_external,no,,,PA_CA0513,probe_assisted,CA0511;CA0512,LIQ_0F4168490E;LIQ_1BD1B94C09,2,yes,yes,,boundary_fit,yes,2.244193339402303,2.0,2.4635747371045493,0.0,124.02577694536288,yes,,yes
CA0514,CA0514,SDX004,SFC_78D1FEDEA019,LIQ_0F4168490E,142.0,legacy_external,no,,,PA_CA0514,probe_assisted,CA0515;CA0516,LIQ_1BD1B94C09;LIQ_6656B41AB7,2,yes,yes,,boundary_fit,yes,2.9487894762928875,2.0,4.05594467664823,0.0,137.87396898244538,yes,,yes
CA0515,CA0515,SDX004,SFC_78D1FEDEA019,LIQ_1BD1B94C09,130.0,legacy_external,no,,,PA_CA0515,probe_assisted,CA0514;CA0516,LIQ_0F4168490E;LIQ_6656B41AB7,2,yes,yes,,boundary_fit,yes,2.475840662314525,2.0,4.394217407085176,0.0,123.27005696292612,yes,,yes
CA0516,CA0516,SDX004,SFC_78D1FEDEA019,LIQ_6656B41AB7,111.0,legacy_external,no,,,PA_CA0516,probe_assisted,CA0514;CA0515,LIQ_0F4168490E;LIQ_1BD1B94C09,2,yes,yes,,boundary_fit,yes,0.022885190834458,2.0,2.7443193958171097,0.0,122.35389355649346,yes,,yes
CA0517,CA0517,SDX005,SFC_755688E8B50B,LIQ_0F4168490E,125.6,legacy_external,no,,,PA_CA0517,probe_assisted,CA0518;CA0519,LIQ_1BD1B94C09;LIQ_6656B41AB7,2,yes,yes,,boundary_fit,yes,6.92526176143533,2.0,12.460620894297042,0.0,123.1758257706487,yes,,yes
CA0518,CA0518,SDX005,SFC_755688E8B50B,LIQ_1BD1B94C09,114.8,legacy_external,no,,,PA_CA0518,probe_assisted,CA0517;CA0519,LIQ_0F4168490E;LIQ_6656B41AB7,2,yes,yes,,boundary_fit,yes,3.563906410613825,2.0,15.180998899237766,0.0,99.26241894682146,yes,,yes
CA0519,CA0519,SDX005,SFC_755688E8B50B,LIQ_6656B41AB7,80.2,legacy_external,no,,,PA_CA0519,probe_assisted,CA0517;CA0518,LIQ_0F4168490E;LIQ_1BD1B94C09,2,yes,yes,,interior_fit,no,0.0,2.0,4.94737151095643,0.4565790614725524,112.07717529121484,yes,,yes
CA0520,CA0520,SDX005,SFC_590E8318F5D5,LIQ_0F4168490E,115.5,legacy_external,no,,,PA_CA0520,probe_assisted,CA0521;CA0522,LIQ_1BD1B94C09;LIQ_6656B41AB7,2,yes,yes,,boundary_fit,yes,3.9766379968290906,2.0,14.646670102109857,0.0,120.60365289987004,yes,,yes
CA0521,CA0521,SDX005,SFC_590E8318F5D5,LIQ_1BD1B94C09,106.2,legacy_external,no,,,PA_CA0521,probe_assisted,CA0520;CA0522,LIQ_0F4168490E;LIQ_6656B41AB7,2,yes,yes,,interior_fit,no,0.0,2.0,17.59621177084393,0.0256504081221855,94.16348091713374,yes,,yes
CA0522,CA0522,SDX005,SFC_590E8318F5D5,LIQ_6656B41AB7,79.8,legacy_external,no,,,PA_CA0522,probe_assisted,CA0520;CA0521,LIQ_0F4168490E;LIQ_1BD1B94C09,2,yes,yes,,interior_fit,no,0.0,2.0,5.914146456253075,1.7232471174840132,108.51735518039256,yes,,yes
CA0523,CA0523,SDX005,SFC_42A21ABE09F9,LIQ_0F4168490E,116.6,legacy_external,no,,,PA_CA0523,probe_assisted,CA0524;CA0525,LIQ_1BD1B94C09;LIQ_6656B41AB7,2,yes,yes,,boundary_fit,yes,4.365294968411639,2.0,17.807045997975,0.0,117.30447610233352,yes,,yes
CA0524,CA0524,SDX005,SFC_42A21ABE09F9,LIQ_1BD1B94C09,101.8,legacy_external,no,,,PA_CA0524,probe_assisted,CA0523;CA0525,LIQ_0F4168490E;LIQ_6656B41AB7,2,yes,yes,,boundary_fit,yes,1.242693147404836,2.0,20.502069089659564,0.0,91.42887184622886,yes,,yes
CA0525,CA0525,SDX005,SFC_42A21ABE09F9,LIQ_6656B41AB7,72.7,legacy_external,no,,,PA_CA0525,probe_assisted,CA0523;CA0524,LIQ_0F4168490E;LIQ_1BD1B94C09,2,yes,yes,,interior_fit,no,0.0,2.0,10.119234591092626,0.5402318339521414,96.16367128988166,yes,,yes
CA0526,CA0526,SDX005,SFC_9B7B7B694E91,LIQ_0F4168490E,136.4,legacy_external,no,,,PA_CA0526,probe_assisted,CA0527;CA0528,LIQ_1BD1B94C09;LIQ_6656B41AB7,2,yes,yes,,boundary_fit,yes,7.401189001662946,2.0,6.34658960049022,0.0,132.5983891966404,yes,,yes
CA0527,CA0527,SDX005,SFC_9B7B7B694E91,LIQ_1BD1B94C09,130.5,legacy_external,no,,,PA_CA0527,probe_assisted,CA0526;CA0528,LIQ_0F4168490E;LIQ_6656B41AB7,2,yes,yes,,boundary_fit,yes,4.113448798110586,2.0,8.336607300582525,0.0,112.22415744948428,yes,,yes
CA0528,CA0528,SDX005,SFC_9B7B7B694E91,LIQ_6656B41AB7,95.8,legacy_external,no,,,PA_CA0528,probe_assisted,CA0526;CA0527,LIQ_0F4168490E;LIQ_1BD1B94C09,2,yes,yes,,interior_fit,no,0.0,2.0,1.4144057697455117,0.394821339062961,131.7804265219981,yes,,yes
CA0529,CA0529,SDX006,SFC_55DDAE9FF4E5,LIQ_0F4168490E,73.7,legacy_external,no,,,PA_CA0529,probe_assisted,CA0530,LIQ_6656B41AB7,1,yes,no,insufficient_probes,insufficient_probes,no,,1.0,,,,yes,fewer_than_two_unique_probes,no
CA0530,CA0530,SDX006,SFC_55DDAE9FF4E5,LIQ_6656B41AB7,44.2,legacy_external,no,,,PA_CA0530,probe_assisted,CA0529,LIQ_0F4168490E,1,yes,no,insufficient_probes,insufficient_probes,no,,1.0,,,,yes,fewer_than_two_unique_probes,no
CA0531,CA0531,SDX006,SFC_8810EE8758ED,LIQ_0F4168490E,88.7,legacy_external,no,,,PA_CA0531,probe_assisted,CA0532,LIQ_6656B41AB7,1,yes,no,insufficient_probes,insufficient_probes,no,,1.0,,,,yes,fewer_than_two_unique_probes,no
CA0532,CA0532,SDX006,SFC_8810EE8758ED,LIQ_6656B41AB7,53.9,legacy_external,no,,,PA_CA0532,probe_assisted,CA0531,LIQ_0F4168490E,1,yes,no,insufficient_probes,insufficient_probes,no,,1.0,,,,yes,fewer_than_two_unique_probes,no
CA0533,CA0533,SDX006,SFC_15EC92D72DA3,LIQ_0F4168490E,99.2,legacy_external,no,,,PA_CA0533,probe_assisted,CA0534,LIQ_6656B41AB7,1,yes,no,insufficient_probes,insufficient_probes,no,,1.0,,,,yes,fewer_than_two_unique_probes,no
CA0534,CA0534,SDX006,SFC_15EC92D72DA3,LIQ_6656B41AB7,66.2,legacy_external,no,,,PA_CA0534,probe_assisted,CA0533,LIQ_0F4168490E,1,yes,no,insufficient_probes,insufficient_probes,no,,1.0,,,,yes,fewer_than_two_unique_probes,no
CA0535,CA0535,SDX006,SFC_7ABDB4BDAFA3,LIQ_0F4168490E,105.8,legacy_external,no,,,PA_CA0535,probe_assisted,CA0536,LIQ_6656B41AB7,1,yes,no,insufficient_probes,insufficient_probes,no,,1.0,,,,yes,fewer_than_two_unique_probes,no
CA0536,CA0536,SDX006,SFC_7ABDB4BDAFA3,LIQ_6656B41AB7,72.8,legacy_external,no,,,PA_CA0536,probe_assisted,CA0535,LIQ_0F4168490E,1,yes,no,insufficient_probes,insufficient_probes,no,,1.0,,,,yes,fewer_than_two_unique_probes,no
CA0537,CA0537,SDX006,SFC_86D193058DBE,LIQ_0F4168490E,112.6,legacy_external,no,,,PA_CA0537,probe_assisted,CA0538,LIQ_6656B41AB7,1,yes,no,insufficient_probes,insufficient_probes,no,,1.0,,,,yes,fewer_than_two_unique_probes,no
CA0538,CA0538,SDX006,SFC_86D193058DBE,LIQ_6656B41AB7,78.4,legacy_external,no,,,PA_CA0538,probe_assisted,CA0537,LIQ_0F4168490E,1,yes,no,insufficient_probes,insufficient_probes,no,,1.0,,,,yes,fewer_than_two_unique_probes,no
CA0539,CA0539,SDX006,SFC_C578D204BBE3,LIQ_0F4168490E,115.4,legacy_external,no,,,PA_CA0539,probe_assisted,CA0540,LIQ_6656B41AB7,1,yes,no,insufficient_probes,insufficient_probes,no,,1.0,,,,yes,fewer_than_two_unique_probes,no
CA0540,CA0540,SDX006,SFC_C578D204BBE3,LIQ_6656B41AB7,83.0,legacy_external,no,,,PA_CA0540,probe_assisted,CA0539,LIQ_0F4168490E,1,yes,no,insufficient_probes,insufficient_probes,no,,1.0,,,,yes,fewer_than_two_unique_probes,no
CA0541,CA0541,SDX006,SFC_AEDDDB49C107,LIQ_0F4168490E,118.0,legacy_external,no,,,PA_CA0541,probe_assisted,CA0542,LIQ_6656B41AB7,1,yes,no,insufficient_probes,insufficient_probes,no,,1.0,,,,yes,fewer_than_two_unique_probes,no
CA0542,CA0542,SDX006,SFC_AEDDDB49C107,LIQ_6656B41AB7,87.5,legacy_external,no,,,PA_CA0542,probe_assisted,CA0541,LIQ_0F4168490E,1,yes,no,insufficient_probes,insufficient_probes,no,,1.0,,,,yes,fewer_than_two_unique_probes,no
CA0543,CA0543,SDX006,SFC_12E012885148,LIQ_0F4168490E,120.5,legacy_external,no,,,PA_CA0543,probe_assisted,CA0544,LIQ_6656B41AB7,1,yes,no,insufficient_probes,insufficient_probes,no,,1.0,,,,yes,fewer_than_two_unique_probes,no
CA0544,CA0544,SDX006,SFC_12E012885148,LIQ_6656B41AB7,91.2,legacy_external,no,,,PA_CA0544,probe_assisted,CA0543,LIQ_0F4168490E,1,yes,no,insufficient_probes,insufficient_probes,no,,1.0,,,,yes,fewer_than_two_unique_probes,no
CA0545,CA0545,SDX001,SFC_159FF1E1E160,LIQ_0F4168490E,76.4,legacy_external,no,,,PA_CA0545,probe_assisted,CA0546,LIQ_6656B41AB7,1,yes,no,insufficient_probes,insufficient_probes,no,,1.0,,,,yes,fewer_than_two_unique_probes,no
CA0546,CA0546,SDX001,SFC_159FF1E1E160,LIQ_6656B41AB7,45.1,legacy_external,no,,,PA_CA0546,probe_assisted,CA0545,LIQ_0F4168490E,1,yes,no,insufficient_probes,insufficient_probes,no,,1.0,,,,yes,fewer_than_two_unique_probes,no
CA0547,CA0547,SDX001,SFC_91A5214A0C27,LIQ_0F4168490E,73.5,legacy_external,no,,,PA_CA0547,probe_assisted,CA0548,LIQ_6656B41AB7,1,yes,no,insufficient_probes,insufficient_probes,no,,1.0,,,,yes,fewer_than_two_unique_probes,no
CA0548,CA0548,SDX001,SFC_91A5214A0C27,LIQ_6656B41AB7,41.2,legacy_external,no,,,PA_CA0548,probe_assisted,CA0547,LIQ_0F4168490E,1,yes,no,insufficient_probes,insufficient_probes,no,,1.0,,,,yes,fewer_than_two_unique_probes,no
CA0549,CA0549,SDX001,SFC_3C4F304244DF,LIQ_0F4168490E,51.3,legacy_external,no,,,PA_CA0549,probe_assisted,CA0550,LIQ_6656B41AB7,1,yes,no,insufficient_probes,insufficient_probes,no,,1.0,,,,yes,fewer_than_two_unique_probes,no
CA0550,CA0550,SDX001,SFC_3C4F304244DF,LIQ_6656B41AB7,41.9,legacy_external,no,,,PA_CA0550,probe_assisted,CA0549,LIQ_0F4168490E,1,yes,no,insufficient_probes,insufficient_probes,no,,1.0,,,,yes,fewer_than_two_unique_probes,no
CA0551,CA0551,SDX001,SFC_95A0FAE91CD0,LIQ_0F4168490E,68.9,legacy_external,no,,,PA_CA0551,probe_assisted,CA0552,LIQ_6656B41AB7,1,yes,no,insufficient_probes,insufficient_probes,no,,1.0,,,,yes,fewer_than_two_unique_probes,no
CA0552,CA0552,SDX001,SFC_95A0FAE91CD0,LIQ_6656B41AB7,50.2,legacy_external,no,,,PA_CA0552,probe_assisted,CA0551,LIQ_0F4168490E,1,yes,no,insufficient_probes,insufficient_probes,no,,1.0,,,,yes,fewer_than_two_unique_probes,no
CA0553,CA0553,SDX001,SFC_38EFEBA36525,LIQ_0F4168490E,0.0,legacy_external,no,,,PA_CA0553,probe_assisted,CA0554,LIQ_6656B41AB7,1,yes,no,insufficient_probes,insufficient_probes,no,,1.0,,,,yes,fewer_than_two_unique_probes,no
CA0554,CA0554,SDX001,SFC_38EFEBA36525,LIQ_6656B41AB7,34.9,legacy_external,no,,,PA_CA0554,probe_assisted,CA0553,LIQ_0F4168490E,1,yes,no,insufficient_probes,insufficient_probes,no,,1.0,,,,yes,fewer_than_two_unique_probes,no
CA0555,CA0555,SDX009,SFC_90843D24007D,LIQ_0F4168490E,110.9,legacy_external,no,,,PA_CA0555,probe_assisted,CA0556,LIQ_6656B41AB7,1,yes,no,insufficient_probes,insufficient_probes,no,,1.0,,,,yes,fewer_than_two_unique_probes,no
CA0556,CA0556,SDX009,SFC_90843D24007D,LIQ_6656B41AB7,89.9,legacy_external,no,,,PA_CA0556,probe_assisted,CA0555,LIQ_0F4168490E,1,yes,no,insufficient_probes,insufficient_probes,no,,1.0,,,,yes,fewer_than_two_unique_probes,no
CA0557,CA0557,SDX009,SFC_962FBAB11443,LIQ_0F4168490E,126.9,legacy_external,no,,,PA_CA0557,probe_assisted,CA0558,LIQ_6656B41AB7,1,yes,no,insufficient_probes,insufficient_probes,no,,1.0,,,,yes,fewer_than_two_unique_probes,no
CA0558,CA0558,SDX009,SFC_962FBAB11443,LIQ_6656B41AB7,103.2,legacy_external,no,,,PA_CA0558,probe_assisted,CA0557,LIQ_0F4168490E,1,yes,no,insufficient_probes,insufficient_probes,no,,1.0,,,,yes,fewer_than_two_unique_probes,no
CA0559,CA0559,SDX009,SFC_4A58BED65751,LIQ_0F4168490E,120.3,legacy_external,no,,,PA_CA0559,probe_assisted,CA0560,LIQ_6656B41AB7,1,yes,no,insufficient_probes,insufficient_probes,no,,1.0,,,,yes,fewer_than_two_unique_probes,no
CA0560,CA0560,SDX009,SFC_4A58BED65751,LIQ_6656B41AB7,105.9,legacy_external,no,,,PA_CA0560,probe_assisted,CA0559,LIQ_0F4168490E,1,yes,no,insufficient_probes,insufficient_probes,no,,1.0,,,,yes,fewer_than_two_unique_probes,no
CA0561,CA0561,SDX009,SFC_FE7D2709B140,LIQ_0F4168490E,105.7,legacy_external,no,,,PA_CA0561,probe_assisted,CA0562,LIQ_6656B41AB7,1,yes,no,insufficient_probes,insufficient_probes,no,,1.0,,,,yes,fewer_than_two_unique_probes,no
CA0562,CA0562,SDX009,SFC_FE7D2709B140,LIQ_6656B41AB7,97.3,legacy_external,no,,,PA_CA0562,probe_assisted,CA0561,LIQ_0F4168490E,1,yes,no,insufficient_probes,insufficient_probes,no,,1.0,,,,yes,fewer_than_two_unique_probes,no
CA0563,CA0563,SDX008,SFC_40DC495414A4,LIQ_0F4168490E,118.1,legacy_external,no,,,PA_CA0563,probe_assisted,CA0564;CA0565,LIQ_1BD1B94C09;LIQ_6656B41AB7,2,yes,yes,,interior_fit,no,0.0,2.0,20.88387507161148,0.0111882007999895,113.1454044243897,yes,,yes
CA0564,CA0564,SDX008,SFC_40DC495414A4,LIQ_1BD1B94C09,90.0,legacy_external,no,,,PA_CA0564,probe_assisted,CA0563;CA0565,LIQ_0F4168490E;LIQ_6656B41AB7,2,yes,yes,,boundary_fit,yes,1.7414610348751367,2.0,19.678094262593586,0.0,92.5637353539663,yes,,yes
CA0565,CA0565,SDX008,SFC_40DC495414A4,LIQ_6656B41AB7,73.6,legacy_external,no,,,PA_CA0565,probe_assisted,CA0563;CA0564,LIQ_0F4168490E;LIQ_1BD1B94C09,2,yes,yes,,boundary_fit,yes,1.943444193968805,2.0,19.868166135318216,0.0,75.4769909747144,yes,,yes
CA0566,CA0566,SDX008,SFC_21ABD9D32070,LIQ_0F4168490E,24.6,legacy_external,no,,,PA_CA0566,probe_assisted,CA0567;CA0568,LIQ_1BD1B94C09;LIQ_6656B41AB7,2,yes,yes,,interior_fit,no,0.0,2.0,30.702773158289435,26.813964625077475,43.3912952596714,yes,,yes
CA0567,CA0567,SDX008,SFC_21ABD9D32070,LIQ_1BD1B94C09,13.7,legacy_external,no,,,PA_CA0567,probe_assisted,CA0566;CA0568,LIQ_0F4168490E;LIQ_6656B41AB7,2,yes,yes,,interior_fit,no,0.0,2.0,30.702773158289453,37.316424758703846,0.0,yes,,yes
CA0568,CA0568,SDX008,SFC_21ABD9D32070,LIQ_6656B41AB7,56.3,legacy_external,no,,,PA_CA0568,probe_assisted,CA0566;CA0567,LIQ_0F4168490E;LIQ_1BD1B94C09,2,yes,yes,,interior_fit,no,0.0,2.0,18.891054994895512,47.46878245773274,77.31300352418468,yes,,yes
CA0569,CA0569,SDX008,SFC_086288EDF921,LIQ_0F4168490E,78.5,legacy_external,no,,,PA_CA0569,probe_assisted,CA0570;CA0571,LIQ_1BD1B94C09;LIQ_6656B41AB7,2,yes,yes,,interior_fit,no,0.0,2.0,35.60176376037068,5.88229470510506,76.0431998606166,yes,,yes
CA0570,CA0570,SDX008,SFC_086288EDF921,LIQ_1BD1B94C09,49.5,legacy_external,no,,,PA_CA0570,probe_assisted,CA0569;CA0571,LIQ_0F4168490E;LIQ_6656B41AB7,2,yes,yes,,interior_fit,no,0.0,2.0,35.60176376037072,4.893718758753885,51.87295444675663,yes,,yes
CA0571,CA0571,SDX008,SFC_086288EDF921,LIQ_6656B41AB7,47.6,legacy_external,no,,,PA_CA0571,probe_assisted,CA0569;CA0570,LIQ_0F4168490E;LIQ_1BD1B94C09,2,yes,yes,,interior_fit,no,0.0,2.0,38.94259036675556,4.134084583694196,41.31438325771212,yes,,yes
CA0572,CA0572,SDX008,SFC_1B7A5069B364,LIQ_0F4168490E,73.7,legacy_external,no,,,PA_CA0572,probe_assisted,CA0573;CA0574,LIQ_1BD1B94C09;LIQ_6656B41AB7,2,yes,yes,,interior_fit,no,0.0,2.0,27.94160818162793,4.153477361092058,85.53334924297,yes,,yes
CA0573,CA0573,SDX008,SFC_1B7A5069B364,LIQ_1BD1B94C09,63.6,legacy_external,no,,,PA_CA0573,probe_assisted,CA0572;CA0574,LIQ_0F4168490E;LIQ_6656B41AB7,2,yes,yes,,interior_fit,no,0.0,2.0,27.94160818162794,9.43486168994341,53.13050157419027,yes,,yes
CA0574,CA0574,SDX008,SFC_1B7A5069B364,LIQ_6656B41AB7,61.1,legacy_external,no,,,PA_CA0574,probe_assisted,CA0572;CA0573,LIQ_0F4168490E;LIQ_1BD1B94C09,2,yes,yes,,interior_fit,no,0.0,2.0,15.673449443248908,15.517443103324243,83.6319946517665,yes,,yes
CA0575,CA0575,SDX003,SFC_775871D74DA8,LIQ_0F4168490E,36.2,legacy_external,no,,,PA_CA0575,probe_assisted,CA0576;CA0577,LIQ_53310FAFB3;LIQ_6656B41AB7,2,yes,yes,,interior_fit,no,0.0,2.0,39.45889543450476,5.757032838799074,73.94915494952863,yes,,yes
CA0576,CA0576,SDX003,SFC_775871D74DA8,LIQ_53310FAFB3,32.3,legacy_external,no,,,PA_CA0576,probe_assisted,CA0575;CA0577,LIQ_0F4168490E;LIQ_6656B41AB7,2,yes,yes,,interior_fit,no,0.0,2.0,39.45889543450482,26.04262822938757,0.0,yes,,yes
CA0577,CA0577,SDX003,SFC_775871D74DA8,LIQ_6656B41AB7,40.3,legacy_external,no,,,PA_CA0577,probe_assisted,CA0575;CA0576,LIQ_0F4168490E;LIQ_53310FAFB3,2,yes,yes,,interior_fit,no,0.0,2.0,2.666876756507514,66.2990570805079,122.8030543474476,yes,,yes
CA0578,CA0578,SDX003,SFC_C6A0892F143E,LIQ_0F4168490E,30.0,legacy_external,no,,,PA_CA0578,probe_assisted,CA0579;CA0580,LIQ_53310FAFB3;LIQ_6656B41AB7,2,yes,yes,,interior_fit,no,0.0,2.0,43.02360485817624,5.448448928481214,72.58388933485459,yes,,yes
CA0579,CA0579,SDX003,SFC_C6A0892F143E,LIQ_53310FAFB3,26.4,legacy_external,no,,,PA_CA0579,probe_assisted,CA0578;CA0580,LIQ_0F4168490E;LIQ_6656B41AB7,2,yes,yes,,interior_fit,no,0.0,2.0,43.02360485817627,27.27717340197993,0.0,yes,,yes
CA0580,CA0580,SDX003,SFC_C6A0892F143E,LIQ_6656B41AB7,32.8,legacy_external,no,,,PA_CA0580,probe_assisted,CA0578;CA0579,LIQ_0F4168490E;LIQ_53310FAFB3,2,yes,yes,,interior_fit,no,0.0,2.0,2.5377555339409623,71.73491750451967,123.5719722738328,yes,,yes
CA0581,CA0581,SDX002,SFC_740023729038,LIQ_0F4168490E,58.3,legacy_external,no,,,PA_CA0581,probe_assisted,CA0582;CA0583,LIQ_1BD1B94C09;LIQ_6656B41AB7,2,yes,yes,,interior_fit,no,0.0,2.0,35.820643299637226,11.92938450797899,63.55530849176076,yes,,yes
CA0582,CA0582,SDX002,SFC_740023729038,LIQ_1BD1B94C09,36.1,legacy_external,no,,,PA_CA0582,probe_assisted,CA0581;CA0583,LIQ_0F4168490E;LIQ_6656B41AB7,2,yes,yes,,interior_fit,no,0.0,2.0,35.820643299637254,14.91781510441304,29.612758092922924,yes,,yes
CA0583,CA0583,SDX002,SFC_740023729038,LIQ_6656B41AB7,47.2,legacy_external,no,,,PA_CA0583,probe_assisted,CA0581;CA0582,LIQ_0F4168490E;LIQ_1BD1B94C09,2,yes,yes,,interior_fit,no,0.0,2.0,29.818426400109058,17.683846007878717,57.83979973389523,yes,,yes
CA0584,CA0584,SDX002,SFC_0DD31A36BF54,LIQ_0F4168490E,83.8,legacy_external,no,,,PA_CA0584,probe_assisted,CA0585;CA0586,LIQ_1BD1B94C09;LIQ_6656B41AB7,2,yes,yes,,interior_fit,no,0.0,2.0,36.58069120661128,2.0856818558419365,86.60924316510359,yes,,yes
CA0585,CA0585,SDX002,SFC_0DD31A36BF54,LIQ_1BD1B94C09,58.7,legacy_external,no,,,PA_CA0585,probe_assisted,CA0584;CA0586,LIQ_0F4168490E;LIQ_6656B41AB7,2,yes,yes,,interior_fit,no,0.0,2.0,36.5806912066113,2.866922521938342,56.15507509200017,yes,,yes
CA0586,CA0586,SDX002,SFC_0DD31A36BF54,LIQ_6656B41AB7,45.8,legacy_external,no,,,PA_CA0586,probe_assisted,CA0584;CA0585,LIQ_0F4168490E;LIQ_1BD1B94C09,2,yes,yes,,interior_fit,no,0.0,2.0,32.81576317881953,3.618415357158856,52.59413829163441,yes,,yes
CA0587,CA0587,SDX010,SFC_B0B8AD6AD8FD,LIQ_0F4168490E,79.9,legacy_external,no,,,PA_CA0587,probe_assisted,CA0588;CA0589,LIQ_6656B41AB7;LIQ_B6950B5CB8,2,yes,no,singular_fit,singular_fit,no,,2.0,,,,yes,singular_fit,no
CA0588,CA0588,SDX010,SFC_B0B8AD6AD8FD,LIQ_6656B41AB7,47.3,legacy_external,no,,,PA_CA0588,probe_assisted,CA0587;CA0589,LIQ_0F4168490E;LIQ_B6950B5CB8,2,yes,yes,,interior_fit,no,0.0,2.0,27.5,6.565508787196072,61.86736209807688,yes,,yes
CA0589,CA0589,SDX010,SFC_B0B8AD6AD8FD,LIQ_B6950B5CB8,0.0,legacy_external,no,,,PA_CA0589,probe_assisted,CA0587;CA0588,LIQ_0F4168490E;LIQ_6656B41AB7,2,yes,yes,,interior_fit,no,0.0,2.0,35.76599244516076,4.329950249082979,0.0,yes,,yes
CA0590,CA0590,SDX010,SFC_E7FC3D2DD101,LIQ_0F4168490E,97.5,legacy_external,no,,,PA_CA0590,probe_assisted,CA0591;CA0592,LIQ_6656B41AB7;LIQ_B6950B5CB8,2,yes,no,singular_fit,singular_fit,no,,2.0,,,,yes,singular_fit,no
CA0591,CA0591,SDX010,SFC_E7FC3D2DD101,LIQ_6656B41AB7,51.3,legacy_external,no,,,PA_CA0591,probe_assisted,CA0590;CA0592,LIQ_0F4168490E;LIQ_B6950B5CB8,2,yes,yes,,interior_fit,no,0.0,2.0,24.866647839635657,1.3723381498400655,66.46639465432675,yes,,yes
CA0592,CA0592,SDX010,SFC_E7FC3D2DD101,LIQ_B6950B5CB8,25.6,legacy_external,no,,,PA_CA0592,probe_assisted,CA0590;CA0591,LIQ_0F4168490E;LIQ_6656B41AB7,2,yes,yes,,interior_fit,no,0.0,2.0,33.54595388805891,0.4160309668505046,0.0,yes,,yes
CA0593,CA0593,SDX010,SFC_F8664D03003D,LIQ_0F4168490E,78.7,legacy_external,no,,,PA_CA0593,probe_assisted,CA0594;CA0595,LIQ_6656B41AB7;LIQ_B6950B5CB8,2,yes,no,singular_fit,singular_fit,no,,2.0,,,,yes,singular_fit,no
CA0594,CA0594,SDX010,SFC_F8664D03003D,LIQ_6656B41AB7,35.6,legacy_external,no,,,PA_CA0594,probe_assisted,CA0593;CA0595,LIQ_0F4168490E;LIQ_B6950B5CB8,2,yes,yes,,interior_fit,no,0.0,2.0,27.5,7.114054927119709,61.86736209807688,yes,,yes
CA0595,CA0595,SDX010,SFC_F8664D03003D,LIQ_B6950B5CB8,0.0,legacy_external,no,,,PA_CA0595,probe_assisted,CA0593;CA0594,LIQ_0F4168490E;LIQ_6656B41AB7,2,yes,yes,,interior_fit,no,0.0,2.0,41.749146495308295,3.501921239978407,0.0,yes,,yes
CA0596,CA0596,SDX010,SFC_57C35DC0B570,LIQ_0F4168490E,96.8,legacy_external,no,,,PA_CA0596,probe_assisted,CA0597;CA0598,LIQ_6656B41AB7;LIQ_B6950B5CB8,2,yes,no,singular_fit,singular_fit,no,,2.0,,,,yes,singular_fit,no
CA0597,CA0597,SDX010,SFC_57C35DC0B570,LIQ_6656B41AB7,60.4,legacy_external,no,,,PA_CA0597,probe_assisted,CA0596;CA0598,LIQ_0F4168490E;LIQ_B6950B5CB8,2,yes,yes,,interior_fit,no,0.0,2.0,22.00565030543539,2.0350077635967123,71.558791718714,yes,,yes
CA0598,CA0598,SDX010,SFC_57C35DC0B570,LIQ_B6950B5CB8,37.9,legacy_external,no,,,PA_CA0598,probe_assisted,CA0596;CA0597,LIQ_0F4168490E;LIQ_6656B41AB7,2,yes,yes,,interior_fit,no,0.0,2.0,28.344651219311363,1.0255916668445193,0.0,yes,,yes
CA0599,CA0599,SDX010,SFC_AD93A15A2199,LIQ_0F4168490E,81.4,legacy_external,no,,,PA_CA0599,probe_assisted,CA0600;CA0601,LIQ_6656B41AB7;LIQ_B6950B5CB8,2,yes,no,singular_fit,singular_fit,no,,2.0,,,,yes,singular_fit,no
CA0600,CA0600,SDX010,SFC_AD93A15A2199,LIQ_6656B41AB7,44.9,legacy_external,no,,,PA_CA0600,probe_assisted,CA0599;CA0601,LIQ_0F4168490E;LIQ_B6950B5CB8,2,yes,yes,,interior_fit,no,0.0,2.0,27.5,5.908116873974264,61.86736209807688,yes,,yes
CA0601,CA0601,SDX010,SFC_AD93A15A2199,LIQ_B6950B5CB8,0.0,legacy_external,no,,,PA_CA0601,probe_assisted,CA0599;CA0600,LIQ_0F4168490E;LIQ_6656B41AB7,2,yes,yes,,interior_fit,no,0.0,2.0,37.06399751468973,3.530160605240192,0.0,yes,,yes
CA0602,CA0602,SDX010,SFC_B9F3779B4230,LIQ_0F4168490E,99.4,legacy_external,no,,,PA_CA0602,probe_assisted,CA0603;CA0604,LIQ_6656B41AB7;LIQ_B6950B5CB8,2,yes,no,singular_fit,singular_fit,no,,2.0,,,,yes,singular_fit,no
CA0603,CA0603,SDX010,SFC_B9F3779B4230,LIQ_6656B41AB7,66.8,legacy_external,no,,,PA_CA0603,probe_assisted,CA0602;CA0604,LIQ_0F4168490E;LIQ_B6950B5CB8,2,yes,yes,,interior_fit,no,0.0,2.0,20.29471107857492,1.7403139398422027,74.68511017091427,yes,,yes
CA0604,CA0604,SDX010,SFC_B9F3779B4230,LIQ_B6950B5CB8,44.1,legacy_external,no,,,PA_CA0604,probe_assisted,CA0602;CA0603,LIQ_0F4168490E;LIQ_6656B41AB7,2,yes,yes,,interior_fit,no,0.0,2.0,24.67704040088868,1.0337617924443316,26.547012601055627,yes,,yes
CA0605,CA0605,SDX010,SFC_02B9E44B3DAE,LIQ_0F4168490E,81.1,legacy_external,no,,,PA_CA0605,probe_assisted,CA0606;CA0607,LIQ_6656B41AB7;LIQ_B6950B5CB8,2,yes,no,singular_fit,singular_fit,no,,2.0,,,,yes,singular_fit,no
CA0606,CA0606,SDX010,SFC_02B9E44B3DAE,LIQ_6656B41AB7,45.7,legacy_external,no,,,PA_CA0606,probe_assisted,CA0605;CA0607,LIQ_0F4168490E;LIQ_B6950B5CB8,2,yes,yes,,interior_fit,no,0.0,2.0,27.50000000000001,6.0370412002590434,61.86736209807685,yes,,yes
CA0607,CA0607,SDX010,SFC_02B9E44B3DAE,LIQ_B6950B5CB8,0.0,legacy_external,no,,,PA_CA0607,probe_assisted,CA0605;CA0606,LIQ_0F4168490E;LIQ_6656B41AB7,2,yes,yes,,interior_fit,no,0.0,2.0,36.63460391867822,3.7186227505216976,0.0,yes,,yes
CA0608,CA0608,SDX007,SFC_82F5C36F39D2,LIQ_0F4168490E,61.3,legacy_external,no,,,PA_CA0608,probe_assisted,CA0609;CA0610,LIQ_53310FAFB3;LIQ_6656B41AB7,2,yes,yes,,interior_fit,no,0.0,2.0,41.22922249681293,2.19066604956211,83.4535746133524,yes,,yes
CA0609,CA0609,SDX007,SFC_82F5C36F39D2,LIQ_6656B41AB7,36.7,legacy_external,no,,,PA_CA0609,probe_assisted,CA0608;CA0610,LIQ_0F4168490E;LIQ_53310FAFB3,2,yes,yes,,interior_fit,no,0.0,2.0,10.315718653007506,29.646453050685,95.66688306732674,yes,,yes
CA0610,CA0610,SDX007,SFC_82F5C36F39D2,LIQ_53310FAFB3,44.8,legacy_external,no,,,PA_CA0610,probe_assisted,CA0608;CA0609,LIQ_0F4168490E;LIQ_6656B41AB7,2,yes,yes,,interior_fit,no,0.0,2.0,41.22922249681299,11.20037525452778,0.0,yes,,yes
CA0611,CA0611,SDX007,SFC_FF44FFDB2AC3,LIQ_0F4168490E,83.2,legacy_external,no,,,PA_CA0611,probe_assisted,CA0612;CA0613,LIQ_53310FAFB3;LIQ_6656B41AB7,2,yes,yes,,interior_fit,no,0.0,2.0,32.69917665659737,1.6733322351754738,90.72870834787032,yes,,yes
CA0612,CA0612,SDX007,SFC_FF44FFDB2AC3,LIQ_6656B41AB7,52.8,legacy_external,no,,,PA_CA0612,probe_assisted,CA0611;CA0613,LIQ_0F4168490E;LIQ_53310FAFB3,2,yes,yes,,interior_fit,no,0.0,2.0,20.87833165099324,7.361143926373927,73.61016529019334,yes,,yes
CA0613,CA0613,SDX007,SFC_FF44FFDB2AC3,LIQ_53310FAFB3,58.8,legacy_external,no,,,PA_CA0613,probe_assisted,CA0611;CA0612,LIQ_0F4168490E;LIQ_6656B41AB7,2,yes,yes,,interior_fit,no,0.0,2.0,32.69917665659742,3.849070261769714,50.25217089126208,yes,,yes
CA0614,CA0614,SDX007,SFC_ACA747208E92,LIQ_0F4168490E,70.0,legacy_external,no,,,PA_CA0614,probe_assisted,CA0615;CA0616,LIQ_53310FAFB3;LIQ_6656B41AB7,2,yes,yes,,interior_fit,no,0.0,2.0,34.21833254082726,5.804145629919521,77.11462933732575,yes,,yes
CA0615,CA0615,SDX007,SFC_ACA747208E92,LIQ_6656B41AB7,50.1,legacy_external,no,,,PA_CA0615,probe_assisted,CA0614;CA0616,LIQ_0F4168490E;LIQ_53310FAFB3,2,yes,yes,,interior_fit,no,0.0,2.0,23.10404147122792,13.6731117567145,69.58709757457488,yes,,yes
CA0616,CA0616,SDX007,SFC_ACA747208E92,LIQ_53310FAFB3,41.4,legacy_external,no,,,PA_CA0616,probe_assisted,CA0614;CA0615,LIQ_0F4168490E;LIQ_6656B41AB7,2,yes,yes,,interior_fit,no,0.0,2.0,34.2183325408273,9.095177575287812,30.65086001336726,yes,,yes
EXT_936D30510340,EXT_936D30510340,OPEN_CELLULOSE_ESTER,SFC_96F700A16BD8,LIQ_1BD1B94C09,50.7,prospective_open_external,no,,,PA_EXT_936D30510340,probe_assisted,EXT_559D6064BED1;EXT_A05461A4CCC6,LIQ_0F4168490E;LIQ_6656B41AB7,2,yes,yes,,interior_fit,no,0.0,2.0,44.63032788922155,9.895441571947202,24.293302936519424,yes,,yes
EXT_A05461A4CCC6,EXT_A05461A4CCC6,OPEN_CELLULOSE_ESTER,SFC_96F700A16BD8,LIQ_6656B41AB7,29.0,prospective_open_external,no,,,PA_EXT_A05461A4CCC6,probe_assisted,EXT_559D6064BED1;EXT_936D30510340,LIQ_0F4168490E;LIQ_1BD1B94C09,2,yes,yes,,interior_fit,no,0.0,2.0,18.53677461935373,22.076597946334477,77.98695857637682,yes,,yes
EXT_559D6064BED1,EXT_559D6064BED1,OPEN_CELLULOSE_ESTER,SFC_96F700A16BD8,LIQ_0F4168490E,61.7,prospective_open_external,no,,,PA_EXT_559D6064BED1,probe_assisted,EXT_936D30510340;EXT_A05461A4CCC6,LIQ_1BD1B94C09;LIQ_6656B41AB7,2,yes,yes,,interior_fit,no,0.0,2.0,44.63032788922151,1.6787954883497551,83.61969464839534,yes,,yes
EXT_14ACC371AD61,EXT_14ACC371AD61,OPEN_CELLULOSE_ESTER,SFC_A70448B898F8,LIQ_1BD1B94C09,61.3,prospective_open_external,no,,,PA_EXT_14ACC371AD61,probe_assisted,EXT_A61229BDED6F;EXT_F0F5A1C2B409,LIQ_0F4168490E;LIQ_6656B41AB7,2,yes,yes,,interior_fit,no,0.0,2.0,41.65539238694304,6.73676476819577,38.74107211581704,yes,,yes
EXT_F0F5A1C2B409,EXT_F0F5A1C2B409,OPEN_CELLULOSE_ESTER,SFC_A70448B898F8,LIQ_6656B41AB7,35.8,prospective_open_external,no,,,PA_EXT_F0F5A1C2B409,probe_assisted,EXT_14ACC371AD61;EXT_A61229BDED6F,LIQ_0F4168490E;LIQ_1BD1B94C09,2,yes,yes,,interior_fit,no,0.0,2.0,15.160832536032297,18.22876254668704,84.68702073767878,yes,,yes
EXT_A61229BDED6F,EXT_A61229BDED6F,OPEN_CELLULOSE_ESTER,SFC_A70448B898F8,LIQ_0F4168490E,70.3,prospective_open_external,no,,,PA_EXT_A61229BDED6F,probe_assisted,EXT_14ACC371AD61;EXT_F0F5A1C2B409,LIQ_1BD1B94C09;LIQ_6656B41AB7,2,yes,yes,,interior_fit,no,0.0,2.0,41.65539238694301,0.3614626193216235,93.10549766285342,yes,,yes
EXT_94AA6A446187,EXT_94AA6A446187,OPEN_CELLULOSE_ESTER,SFC_5C313003AB36,LIQ_1BD1B94C09,71.2,prospective_open_external,no,,,PA_EXT_94AA6A446187,probe_assisted,EXT_219685EEFF8F;EXT_5EF19E47F632,LIQ_0F4168490E;LIQ_6656B41AB7,2,yes,yes,,interior_fit,no,0.0,2.0,39.103372528754846,3.520163776898158,51.05191884358511,yes,,yes
EXT_5EF19E47F632,EXT_5EF19E47F632,OPEN_CELLULOSE_ESTER,SFC_5C313003AB36,LIQ_6656B41AB7,41.0,prospective_open_external,no,,,PA_EXT_5EF19E47F632,probe_assisted,EXT_219685EEFF8F;EXT_94AA6A446187,LIQ_0F4168490E;LIQ_1BD1B94C09,2,yes,yes,,interior_fit,no,0.0,2.0,13.224553102989429,12.8666316491452,88.82863544647921,yes,,yes
EXT_219685EEFF8F,EXT_219685EEFF8F,OPEN_CELLULOSE_ESTER,SFC_5C313003AB36,LIQ_0F4168490E,80.2,prospective_open_external,no,,,PA_EXT_219685EEFF8F,probe_assisted,EXT_5EF19E47F632;EXT_94AA6A446187,LIQ_1BD1B94C09;LIQ_6656B41AB7,2,yes,yes,,boundary_fit,yes,0.5309647896658376,2.0,38.49178736302608,0.0,101.7819245837612,yes,,yes
EXT_E11F4024C217,EXT_E11F4024C217,OPEN_CELLULOSE_ESTER,SFC_316C3D980026,LIQ_1BD1B94C09,78.7,prospective_open_external,no,,,PA_EXT_E11F4024C217,probe_assisted,EXT_080C51B10123;EXT_2280601FAB67,LIQ_0F4168490E;LIQ_6656B41AB7,2,yes,yes,,interior_fit,no,0.0,2.0,36.90337793018325,1.9626952576707188,58.75130275364871,yes,,yes
EXT_080C51B10123,EXT_080C51B10123,OPEN_CELLULOSE_ESTER,SFC_316C3D980026,LIQ_6656B41AB7,45.2,prospective_open_external,no,,,PA_EXT_080C51B10123,probe_assisted,EXT_2280601FAB67;EXT_E11F4024C217,LIQ_0F4168490E;LIQ_1BD1B94C09,2,yes,yes,,interior_fit,no,0.0,2.0,11.006015464507566,10.263481814054218,93.96104401263273,yes,,yes
EXT_2280601FAB67,EXT_2280601FAB67,OPEN_CELLULOSE_ESTER,SFC_316C3D980026,LIQ_0F4168490E,86.9,prospective_open_external,no,,,PA_EXT_2280601FAB67,probe_assisted,EXT_080C51B10123;EXT_E11F4024C217,LIQ_1BD1B94C09;LIQ_6656B41AB7,2,yes,yes,,boundary_fit,yes,2.4480142831220704,2.0,34.20456952386242,0.0,104.46650874074774,yes,,yes
EXT_0D0567136BE4,EXT_0D0567136BE4,OPEN_CROSS_MATERIAL_2026,SFC_CCA852C05DD9,LIQ_6656B41AB7,43.2,prospective_open_external,no,,,PA_EXT_0D0567136BE4,probe_assisted,EXT_03E658446E71;EXT_4192CE86DB7A;EXT_45B7FC6A550A;EXT_EDDBCE0D5ECF,LIQ_0F4168490E;LIQ_1BD1B94C09;LIQ_53310FAFB3;LIQ_5C0DC0DCD1,4,yes,yes,,interior_fit,no,3.1497780626121163,4.0,17.628003186783772,14.352891328371769,79.73811920429965,yes,,yes
EXT_03E658446E71,EXT_03E658446E71,OPEN_CROSS_MATERIAL_2026,SFC_CCA852C05DD9,LIQ_1BD1B94C09,56.7,prospective_open_external,no,,,PA_EXT_03E658446E71,probe_assisted,EXT_0D0567136BE4;EXT_4192CE86DB7A;EXT_45B7FC6A550A;EXT_EDDBCE0D5ECF,LIQ_0F4168490E;LIQ_53310FAFB3;LIQ_5C0DC0DCD1;LIQ_6656B41AB7,4,yes,yes,,interior_fit,no,6.74236230364368,4.0,33.97268902932892,4.841741140139124,54.13375170767527,yes,,yes
EXT_4192CE86DB7A,EXT_4192CE86DB7A,OPEN_CROSS_MATERIAL_2026,SFC_CCA852C05DD9,LIQ_53310FAFB3,57.0,prospective_open_external,no,,,PA_EXT_4192CE86DB7A,probe_assisted,EXT_03E658446E71;EXT_0D0567136BE4;EXT_45B7FC6A550A;EXT_EDDBCE0D5ECF,LIQ_0F4168490E;LIQ_1BD1B94C09;LIQ_5C0DC0DCD1;LIQ_6656B41AB7,4,yes,yes,,interior_fit,no,5.443640121826835,4.0,34.46670412658423,5.23738530534071,42.86537168453326,yes,,yes
EXT_EDDBCE0D5ECF,EXT_EDDBCE0D5ECF,OPEN_CROSS_MATERIAL_2026,SFC_CCA852C05DD9,LIQ_5C0DC0DCD1,66.8,prospective_open_external,no,,,PA_EXT_EDDBCE0D5ECF,probe_assisted,EXT_03E658446E71;EXT_0D0567136BE4;EXT_4192CE86DB7A;EXT_45B7FC6A550A,LIQ_0F4168490E;LIQ_1BD1B94C09;LIQ_53310FAFB3;LIQ_6656B41AB7,4,yes,yes,,interior_fit,no,6.257235410001196,4.0,34.14223664712856,5.211129386266049,60.57936506818682,yes,,yes
EXT_45B7FC6A550A,EXT_45B7FC6A550A,OPEN_CROSS_MATERIAL_2026,SFC_CCA852C05DD9,LIQ_0F4168490E,72.8,prospective_open_external,no,,,PA_EXT_45B7FC6A550A,probe_assisted,EXT_03E658446E71;EXT_0D0567136BE4;EXT_4192CE86DB7A;EXT_EDDBCE0D5ECF,LIQ_1BD1B94C09;LIQ_53310FAFB3;LIQ_5C0DC0DCD1;LIQ_6656B41AB7,4,yes,yes,,interior_fit,no,1.862873166537275,4.0,38.159861084652825,1.475057945496583,88.24335536065111,yes,,yes
EXT_CD007E6F73D6,EXT_CD007E6F73D6,OPEN_POLYMER_SURFACES_2023,SFC_D997DF0085DF,LIQ_0F4168490E,56.0,prospective_open_external,no,,,PA_EXT_CD007E6F73D6,probe_assisted,EXT_0D45D9BA0074;EXT_297563844CCE,LIQ_1BD1B94C09;LIQ_6656B41AB7,2,yes,yes,,interior_fit,no,0.0,2.0,46.15191911224044,6.564284287750167,68.0330341980177,yes,,yes
EXT_0D45D9BA0074,EXT_0D45D9BA0074,OPEN_POLYMER_SURFACES_2023,SFC_D997DF0085DF,LIQ_1BD1B94C09,32.0,prospective_open_external,no,,,PA_EXT_0D45D9BA0074,probe_assisted,EXT_297563844CCE;EXT_CD007E6F73D6,LIQ_0F4168490E;LIQ_6656B41AB7,2,yes,yes,,interior_fit,no,0.0,2.0,46.15191911224047,12.289588892123463,8.161277303744217,yes,,yes
EXT_297563844CCE,EXT_297563844CCE,OPEN_POLYMER_SURFACES_2023,SFC_D997DF0085DF,LIQ_6656B41AB7,25.0,prospective_open_external,no,,,PA_EXT_297563844CCE,probe_assisted,EXT_0D45D9BA0074;EXT_CD007E6F73D6,LIQ_0F4168490E;LIQ_1BD1B94C09,2,yes,yes,,interior_fit,no,0.0,2.0,31.160047318332904,18.469901368908804,55.50180788390887,yes,,yes
EXT_B5BBE06381DD,EXT_B5BBE06381DD,OPEN_POLYMER_SURFACES_2023,SFC_874E84FC80A7,LIQ_0F4168490E,60.0,prospective_open_external,no,,,PA_EXT_B5BBE06381DD,probe_assisted,EXT_04AB24A5BB0A;EXT_CF2DEF31E69A,LIQ_1BD1B94C09;LIQ_6656B41AB7,2,yes,yes,,interior_fit,no,0.0,2.0,39.103372528754825,6.552218723039677,72.28325615483185,yes,,yes
EXT_CF2DEF31E69A,EXT_CF2DEF31E69A,OPEN_POLYMER_SURFACES_2023,SFC_874E84FC80A7,LIQ_1BD1B94C09,43.0,prospective_open_external,no,,,PA_EXT_CF2DEF31E69A,probe_assisted,EXT_04AB24A5BB0A;EXT_B5BBE06381DD,LIQ_0F4168490E;LIQ_6656B41AB7,2,yes,yes,,interior_fit,no,0.0,2.0,39.103372528754846,12.653377061606973,28.20356755663591,yes,,yes
EXT_04AB24A5BB0A,EXT_04AB24A5BB0A,OPEN_POLYMER_SURFACES_2023,SFC_874E84FC80A7,LIQ_6656B41AB7,41.0,prospective_open_external,no,,,PA_EXT_04AB24A5BB0A,probe_assisted,EXT_B5BBE06381DD;EXT_CF2DEF31E69A,LIQ_0F4168490E;LIQ_1BD1B94C09,2,yes,yes,,interior_fit,no,0.0,2.0,24.727888343034056,19.31059097645556,66.71049233981282,yes,,yes
EXT_1924C779E86F,EXT_1924C779E86F,OPEN_POLYMER_SURFACES_2023,SFC_E066D95CCC78,LIQ_0F4168490E,82.0,prospective_open_external,no,,,PA_EXT_1924C779E86F,probe_assisted,EXT_B6135F6CB593;EXT_D02ABE046CF1,LIQ_1BD1B94C09;LIQ_6656B41AB7,2,yes,yes,,interior_fit,no,0.0,2.0,43.37407842448384,0.1961584815167462,93.91805513169264,yes,,yes
EXT_D02ABE046CF1,EXT_D02ABE046CF1,OPEN_POLYMER_SURFACES_2023,SFC_E066D95CCC78,LIQ_1BD1B94C09,61.0,prospective_open_external,no,,,PA_EXT_D02ABE046CF1,probe_assisted,EXT_1924C779E86F;EXT_B6135F6CB593,LIQ_0F4168490E;LIQ_6656B41AB7,2,yes,yes,,interior_fit,no,0.0,2.0,43.3740784244839,2.251630915702989,49.92565751933823,yes,,yes
EXT_B6135F6CB593,EXT_B6135F6CB593,OPEN_POLYMER_SURFACES_2023,SFC_E066D95CCC78,LIQ_6656B41AB7,32.0,prospective_open_external,no,,,PA_EXT_B6135F6CB593,probe_assisted,EXT_1924C779E86F;EXT_D02ABE046CF1,LIQ_0F4168490E;LIQ_1BD1B94C09,2,yes,yes,,interior_fit,no,0.0,2.0,27.33234977056887,5.70403457843456,62.15883941365688,yes,,yes
EXT_59D01A9DD4A8,EXT_59D01A9DD4A8,OPEN_POLYMER_SURFACES_2023,SFC_AC4DDEECE3F7,LIQ_0F4168490E,70.0,prospective_open_external,no,,,PA_EXT_59D01A9DD4A8,probe_assisted,EXT_BFC1FC4FCDFE;EXT_DA68FAFFF9C1,LIQ_1BD1B94C09;LIQ_6656B41AB7,2,yes,yes,,interior_fit,no,0.0,2.0,39.10337252875481,3.882850587590224,79.1226305561156,yes,,yes
EXT_DA68FAFFF9C1,EXT_DA68FAFFF9C1,OPEN_POLYMER_SURFACES_2023,SFC_AC4DDEECE3F7,LIQ_1BD1B94C09,50.0,prospective_open_external,no,,,PA_EXT_DA68FAFFF9C1,probe_assisted,EXT_59D01A9DD4A8;EXT_BFC1FC4FCDFE,LIQ_0F4168490E;LIQ_6656B41AB7,2,yes,yes,,interior_fit,no,0.0,2.0,39.10337252875485,7.573130584116233,40.51437744983749,yes,,yes
EXT_BFC1FC4FCDFE,EXT_BFC1FC4FCDFE,OPEN_POLYMER_SURFACES_2023,SFC_AC4DDEECE3F7,LIQ_6656B41AB7,41.0,prospective_open_external,no,,,PA_EXT_BFC1FC4FCDFE,probe_assisted,EXT_59D01A9DD4A8;EXT_DA68FAFFF9C1,LIQ_0F4168490E;LIQ_1BD1B94C09,2,yes,yes,,interior_fit,no,0.0,2.0,27.56266844025596,11.613484220339233,61.75843189978643,yes,,yes
EXT_9320E89C123F,EXT_9320E89C123F,OPEN_POLYMER_SURFACES_2023,SFC_F0BFA31774A7,LIQ_0F4168490E,96.0,prospective_open_external,no,,,PA_EXT_9320E89C123F,probe_assisted,EXT_61F8100551D0;EXT_DA73FA01DE16,LIQ_1BD1B94C09;LIQ_6656B41AB7,2,yes,yes,,interior_fit,no,0.0,2.0,42.4863062110891,1.5007793336009208,85.61628356931163,yes,,yes
EXT_61F8100551D0,EXT_61F8100551D0,OPEN_POLYMER_SURFACES_2023,SFC_F0BFA31774A7,LIQ_1BD1B94C09,54.0,prospective_open_external,no,,,PA_EXT_61F8100551D0,probe_assisted,EXT_9320E89C123F;EXT_DA73FA01DE16,LIQ_0F4168490E;LIQ_6656B41AB7,2,yes,yes,,interior_fit,no,0.0,2.0,42.48630621108912,0.0916184039857752,63.31112277128693,yes,,yes
EXT_DA73FA01DE16,EXT_DA73FA01DE16,OPEN_POLYMER_SURFACES_2023,SFC_F0BFA31774A7,LIQ_6656B41AB7,34.0,prospective_open_external,no,,,PA_EXT_DA73FA01DE16,probe_assisted,EXT_61F8100551D0;EXT_9320E89C123F,LIQ_0F4168490E;LIQ_1BD1B94C09,2,yes,yes,,boundary_fit,yes,1.4662695368512253,2.0,52.310985426812906,0.0,0.0,yes,,yes
EXT_E8887E8FA242,EXT_E8887E8FA242,OPEN_POLYMER_SURFACES_2023,SFC_619070545661,LIQ_0F4168490E,91.0,prospective_open_external,no,,,PA_EXT_E8887E8FA242,probe_assisted,EXT_0DF8EFC4C97A;EXT_2D6D530BDE66,LIQ_1BD1B94C09;LIQ_6656B41AB7,2,yes,yes,,boundary_fit,yes,2.6267115111193107,2.0,38.93825521501931,0.0,101.51270409128222,yes,,yes
EXT_2D6D530BDE66,EXT_2D6D530BDE66,OPEN_POLYMER_SURFACES_2023,SFC_619070545661,LIQ_1BD1B94C09,74.0,prospective_open_external,no,,,PA_EXT_2D6D530BDE66,probe_assisted,EXT_0DF8EFC4C97A;EXT_E8887E8FA242,LIQ_0F4168490E;LIQ_6656B41AB7,2,yes,yes,,interior_fit,no,0.0,2.0,42.0282898350584,0.5922016379866728,59.22076187469778,yes,,yes
EXT_0DF8EFC4C97A,EXT_0DF8EFC4C97A,OPEN_POLYMER_SURFACES_2023,SFC_619070545661,LIQ_6656B41AB7,35.0,prospective_open_external,no,,,PA_EXT_0DF8EFC4C97A,probe_assisted,EXT_2D6D530BDE66;EXT_E8887E8FA242,LIQ_0F4168490E;LIQ_1BD1B94C09,2,yes,yes,,interior_fit,no,0.0,2.0,19.947909310632244,4.359759610707935,75.32852733304856,yes,,yes
EXT_398B369DB1D4,EXT_398B369DB1D4,OPEN_POLYMER_SURFACES_2023,SFC_FFE25A9A5A54,LIQ_0F4168490E,87.0,prospective_open_external,no,,,PA_EXT_398B369DB1D4,probe_assisted,EXT_4A1E7242F9DF;EXT_C161311E1FB7,LIQ_1BD1B94C09;LIQ_6656B41AB7,2,yes,yes,,interior_fit,no,0.0,2.0,41.561289571404586,0.0150690252474383,98.56788652294767,yes,,yes
EXT_4A1E7242F9DF,EXT_4A1E7242F9DF,OPEN_POLYMER_SURFACES_2023,SFC_FFE25A9A5A54,LIQ_1BD1B94C09,66.0,prospective_open_external,no,,,PA_EXT_4A1E7242F9DF,probe_assisted,EXT_398B369DB1D4;EXT_C161311E1FB7,LIQ_0F4168490E;LIQ_6656B41AB7,2,yes,yes,,interior_fit,no,0.0,2.0,41.56128957140462,1.3199094089705743,55.87715674463714,yes,,yes
EXT_C161311E1FB7,EXT_C161311E1FB7,OPEN_POLYMER_SURFACES_2023,SFC_FFE25A9A5A54,LIQ_6656B41AB7,36.0,prospective_open_external,no,,,PA_EXT_C161311E1FB7,probe_assisted,EXT_398B369DB1D4;EXT_4A1E7242F9DF,LIQ_0F4168490E;LIQ_1BD1B94C09,2,yes,yes,,interior_fit,no,0.0,2.0,26.310926595438517,4.040812106077676,63.937626579760725,yes,,yes
EXT_D5FF9F67F45C,EXT_D5FF9F67F45C,OPEN_POLYMER_SURFACES_2023,SFC_1D7210C10C8C,LIQ_0F4168490E,81.0,prospective_open_external,no,,,PA_EXT_D5FF9F67F45C,probe_assisted,EXT_BC643C3D7862;EXT_C9A4F8CA797A,LIQ_1BD1B94C09;LIQ_6656B41AB7,2,yes,yes,,interior_fit,no,0.0,2.0,40.601677178668616,0.5616482389092377,92.04210888981638,yes,,yes
EXT_C9A4F8CA797A,EXT_C9A4F8CA797A,OPEN_POLYMER_SURFACES_2023,SFC_1D7210C10C8C,LIQ_1BD1B94C09,61.0,prospective_open_external,no,,,PA_EXT_C9A4F8CA797A,probe_assisted,EXT_BC643C3D7862;EXT_D5FF9F67F45C,LIQ_0F4168490E;LIQ_6656B41AB7,2,yes,yes,,interior_fit,no,0.0,2.0,40.60167717866863,2.9873961025816467,50.80538104639768,yes,,yes
EXT_BC643C3D7862,EXT_BC643C3D7862,OPEN_POLYMER_SURFACES_2023,SFC_1D7210C10C8C,LIQ_6656B41AB7,38.0,prospective_open_external,no,,,PA_EXT_BC643C3D7862,probe_assisted,EXT_C9A4F8CA797A;EXT_D5FF9F67F45C,LIQ_0F4168490E;LIQ_1BD1B94C09,2,yes,yes,,interior_fit,no,0.0,2.0,26.16403703595821,6.503232697028095,64.19396773407405,yes,,yes
EXT_F80C8FA1754C,EXT_F80C8FA1754C,OPEN_POLYMER_SURFACES_2023,SFC_ECD42A787C67,LIQ_0F4168490E,71.0,prospective_open_external,no,,,PA_EXT_F80C8FA1754C,probe_assisted,EXT_3D82C848D389;EXT_686D150BDAAF,LIQ_1BD1B94C09;LIQ_6656B41AB7,2,yes,yes,,interior_fit,no,0.0,2.0,39.61019478340704,1.1293259350691207,89.09552851916426,yes,,yes
EXT_686D150BDAAF,EXT_686D150BDAAF,OPEN_POLYMER_SURFACES_2023,SFC_ECD42A787C67,LIQ_1BD1B94C09,59.0,prospective_open_external,no,,,PA_EXT_686D150BDAAF,probe_assisted,EXT_3D82C848D389;EXT_F80C8FA1754C,LIQ_0F4168490E;LIQ_6656B41AB7,2,yes,yes,,interior_fit,no,0.0,2.0,39.610194783407046,6.978401785936032,41.20408476551298,yes,,yes
EXT_3D82C848D389,EXT_3D82C848D389,OPEN_POLYMER_SURFACES_2023,SFC_ECD42A787C67,LIQ_6656B41AB7,40.0,prospective_open_external,no,,,PA_EXT_3D82C848D389,probe_assisted,EXT_686D150BDAAF;EXT_F80C8FA1754C,LIQ_0F4168490E;LIQ_1BD1B94C09,2,yes,yes,,interior_fit,no,0.0,2.0,18.202970718465668,15.737281607619703,78.62631628849095,yes,,yes
EXT_C03E4F87416F,EXT_C03E4F87416F,OPEN_POLYMER_SURFACES_2023,SFC_5648457375F3,LIQ_0F4168490E,80.0,prospective_open_external,no,,,PA_EXT_C03E4F87416F,probe_assisted,EXT_8EC71DE1D3C8;EXT_B4AB0610DC8D,LIQ_1BD1B94C09;LIQ_6656B41AB7,2,yes,yes,,interior_fit,no,0.0,2.0,34.83015014526245,4.4446917184487305,80.17508751811891,yes,,yes
EXT_B4AB0610DC8D,EXT_B4AB0610DC8D,OPEN_POLYMER_SURFACES_2023,SFC_5648457375F3,LIQ_1BD1B94C09,54.0,prospective_open_external,no,,,PA_EXT_B4AB0610DC8D,probe_assisted,EXT_8EC71DE1D3C8;EXT_C03E4F87416F,LIQ_0F4168490E;LIQ_6656B41AB7,2,yes,yes,,interior_fit,no,0.0,2.0,34.83015014526247,4.509621644796577,53.83650238014338,yes,,yes
EXT_8EC71DE1D3C8,EXT_8EC71DE1D3C8,OPEN_POLYMER_SURFACES_2023,SFC_5648457375F3,LIQ_6656B41AB7,49.0,prospective_open_external,no,,,PA_EXT_8EC71DE1D3C8,probe_assisted,EXT_B4AB0610DC8D;EXT_C03E4F87416F,LIQ_0F4168490E;LIQ_1BD1B94C09,2,yes,yes,,interior_fit,no,0.0,2.0,34.59802869473379,4.564486108212227,49.41831341386192,yes,,yes
EXT_D8FBAAD59B4B,EXT_D8FBAAD59B4B,OPEN_POLYMER_SURFACES_2023,SFC_4CBC1B4A127C,LIQ_0F4168490E,102.0,prospective_open_external,no,,,PA_EXT_D8FBAAD59B4B,probe_assisted,EXT_1DC596480B9E;EXT_A3F4030D6CB1,LIQ_1BD1B94C09;LIQ_6656B41AB7,2,yes,yes,,boundary_fit,yes,3.09984594058335,2.0,29.39570285900535,0.0,107.73081584588948,yes,,yes
EXT_1DC596480B9E,EXT_1DC596480B9E,OPEN_POLYMER_SURFACES_2023,SFC_4CBC1B4A127C,LIQ_1BD1B94C09,85.0,prospective_open_external,no,,,PA_EXT_1DC596480B9E,probe_assisted,EXT_A3F4030D6CB1;EXT_D8FBAAD59B4B,LIQ_0F4168490E;LIQ_6656B41AB7,2,yes,yes,,interior_fit,no,0.0,2.0,32.5858043786241,0.0931191130683803,74.02962456223742,yes,,yes
EXT_A3F4030D6CB1,EXT_A3F4030D6CB1,OPEN_POLYMER_SURFACES_2023,SFC_4CBC1B4A127C,LIQ_6656B41AB7,53.0,prospective_open_external,no,,,PA_EXT_A3F4030D6CB1,probe_assisted,EXT_1DC596480B9E;EXT_D8FBAAD59B4B,LIQ_0F4168490E;LIQ_1BD1B94C09,2,yes,yes,,interior_fit,no,0.0,2.0,16.832269698055832,1.835877047179431,81.30065223640253,yes,,yes
EXT_31D988D57B38,EXT_31D988D57B38,OPEN_POLYMER_SURFACES_2023,SFC_4BD23D0F3546,LIQ_0F4168490E,82.0,prospective_open_external,no,,,PA_EXT_31D988D57B38,probe_assisted,EXT_C03F819C4B66;EXT_CA5F8E2A53C2,LIQ_1BD1B94C09;LIQ_6656B41AB7,2,yes,yes,,interior_fit,no,0.0,2.0,26.848922341327285,7.054117652542072,79.2965010389616,yes,,yes
EXT_CA5F8E2A53C2,EXT_CA5F8E2A53C2,OPEN_POLYMER_SURFACES_2023,SFC_4BD23D0F3546,LIQ_1BD1B94C09,59.0,prospective_open_external,no,,,PA_EXT_CA5F8E2A53C2,probe_assisted,EXT_31D988D57B38;EXT_C03F819C4B66,LIQ_0F4168490E;LIQ_6656B41AB7,2,yes,yes,,interior_fit,no,0.0,2.0,26.848922341327317,5.849987266874174,61.35556440108628,yes,,yes
EXT_C03F819C4B66,EXT_C03F819C4B66,OPEN_POLYMER_SURFACES_2023,SFC_4BD23D0F3546,LIQ_6656B41AB7,63.0,prospective_open_external,no,,,PA_EXT_C03F819C4B66,probe_assisted,EXT_31D988D57B38;EXT_CA5F8E2A53C2,LIQ_0F4168490E;LIQ_1BD1B94C09,2,yes,yes,,interior_fit,no,0.0,2.0,30.098756536825483,4.926192045992472,57.352147086645495,yes,,yes
EXT_FD5F6987DAB6,EXT_FD5F6987DAB6,OPEN_POLYMER_SURFACES_2023,SFC_A65652A71181,LIQ_0F4168490E,102.0,prospective_open_external,no,,,PA_EXT_FD5F6987DAB6,probe_assisted,EXT_4BF4B6EE2A48;EXT_63529BCBF35A,LIQ_1BD1B94C09;LIQ_6656B41AB7,2,yes,yes,,boundary_fit,yes,1.4925693590513802,2.0,29.91825321714561,0.0,107.3610050856621,yes,,yes
EXT_4BF4B6EE2A48,EXT_4BF4B6EE2A48,OPEN_POLYMER_SURFACES_2023,SFC_A65652A71181,LIQ_1BD1B94C09,82.0,prospective_open_external,no,,,PA_EXT_4BF4B6EE2A48,probe_assisted,EXT_63529BCBF35A;EXT_FD5F6987DAB6,LIQ_0F4168490E;LIQ_6656B41AB7,2,yes,yes,,interior_fit,no,0.0,2.0,31.447013573198586,0.1376027899149663,74.73055538154082,yes,,yes
EXT_63529BCBF35A,EXT_63529BCBF35A,OPEN_POLYMER_SURFACES_2023,SFC_A65652A71181,LIQ_6656B41AB7,55.0,prospective_open_external,no,,,PA_EXT_63529BCBF35A,probe_assisted,EXT_4BF4B6EE2A48;EXT_FD5F6987DAB6,LIQ_0F4168490E;LIQ_1BD1B94C09,2,yes,yes,,interior_fit,no,0.0,2.0,20.675433530665224,1.1330683863747122,73.9828008869039,yes,,yes
EXT_9FD20D27EB85,EXT_9FD20D27EB85,OPEN_POLYMER_SURFACES_2023,SFC_D9EFE53A22B1,LIQ_0F4168490E,95.0,prospective_open_external,no,,,PA_EXT_9FD20D27EB85,probe_assisted,EXT_525C8E3D6CD6;EXT_B9EFF76773A7,LIQ_1BD1B94C09;LIQ_6656B41AB7,2,yes,yes,,interior_fit,no,0.0,2.0,30.874747879965916,0.0356677774100133,104.49001862434989,yes,,yes
EXT_B9EFF76773A7,EXT_B9EFF76773A7,OPEN_POLYMER_SURFACES_2023,SFC_D9EFE53A22B1,LIQ_1BD1B94C09,77.0,prospective_open_external,no,,,PA_EXT_B9EFF76773A7,probe_assisted,EXT_525C8E3D6CD6;EXT_9FD20D27EB85,LIQ_0F4168490E;LIQ_6656B41AB7,2,yes,yes,,interior_fit,no,0.0,2.0,30.87474787996593,1.0403116973491806,69.52059202064889,yes,,yes
EXT_525C8E3D6CD6,EXT_525C8E3D6CD6,OPEN_POLYMER_SURFACES_2023,SFC_D9EFE53A22B1,LIQ_6656B41AB7,56.0,prospective_open_external,no,,,PA_EXT_525C8E3D6CD6,probe_assisted,EXT_9FD20D27EB85;EXT_B9EFF76773A7,LIQ_0F4168490E;LIQ_1BD1B94C09,2,yes,yes,,interior_fit,no,0.0,2.0,20.155567689562293,2.950029055979907,74.94282838250969,yes,,yes
EXT_61408262103D,EXT_61408262103D,OPEN_POLYMER_SURFACES_2023,SFC_6353761F5CC5,LIQ_0F4168490E,98.0,prospective_open_external,no,,,PA_EXT_61408262103D,probe_assisted,EXT_6A1E54C20CCE;EXT_981E9EC8865E,LIQ_1BD1B94C09;LIQ_6656B41AB7,2,yes,yes,,interior_fit,no,0.0,2.0,26.84892234132729,0.3753152424252273,102.42493951701388,yes,,yes
EXT_6A1E54C20CCE,EXT_6A1E54C20CCE,OPEN_POLYMER_SURFACES_2023,SFC_6353761F5CC5,LIQ_1BD1B94C09,78.0,prospective_open_external,no,,,PA_EXT_6A1E54C20CCE,probe_assisted,EXT_61408262103D;EXT_981E9EC8865E,LIQ_0F4168490E;LIQ_6656B41AB7,2,yes,yes,,interior_fit,no,0.0,2.0,26.84892234132732,0.999877347098828,74.566077366273,yes,,yes
EXT_981E9EC8865E,EXT_981E9EC8865E,OPEN_POLYMER_SURFACES_2023,SFC_6353761F5CC5,LIQ_6656B41AB7,63.0,prospective_open_external,no,,,PA_EXT_981E9EC8865E,probe_assisted,EXT_61408262103D;EXT_6A1E54C20CCE,LIQ_0F4168490E;LIQ_1BD1B94C09,2,yes,yes,,interior_fit,no,0.0,2.0,21.943094228177483,1.7557275543176925,71.67183744788274,yes,,yes
EXT_8A8E3AAF6896,EXT_8A8E3AAF6896,OPEN_POLYMER_SURFACES_2023,SFC_A66B59B95A03,LIQ_0F4168490E,92.0,prospective_open_external,no,,,PA_EXT_8A8E3AAF6896,probe_assisted,EXT_80357B8C920D;EXT_C6419C1CBA62,LIQ_1BD1B94C09;LIQ_6656B41AB7,2,yes,yes,,interior_fit,no,0.0,2.0,22.315562837809097,2.233801291439668,95.78696848214936,yes,,yes
EXT_80357B8C920D,EXT_80357B8C920D,OPEN_POLYMER_SURFACES_2023,SFC_A66B59B95A03,LIQ_1BD1B94C09,76.0,prospective_open_external,no,,,PA_EXT_80357B8C920D,probe_assisted,EXT_8A8E3AAF6896;EXT_C6419C1CBA62,LIQ_0F4168490E;LIQ_6656B41AB7,2,yes,yes,,interior_fit,no,0.0,2.0,22.31556283780912,3.351242150215192,72.99636425552802,yes,,yes
EXT_C6419C1CBA62,EXT_C6419C1CBA62,OPEN_POLYMER_SURFACES_2023,SFC_A66B59B95A03,LIQ_6656B41AB7,71.0,prospective_open_external,no,,,PA_EXT_C6419C1CBA62,probe_assisted,EXT_80357B8C920D;EXT_8A8E3AAF6896,LIQ_0F4168490E;LIQ_1BD1B94C09,2,yes,yes,,interior_fit,no,0.0,2.0,18.425524762854486,4.463557679582063,78.19956306740019,yes,,yes
EXT_7720DE638AE3,EXT_7720DE638AE3,OPEN_POLYMER_SURFACES_2023,SFC_62075C90581B,LIQ_0F4168490E,108.0,prospective_open_external,no,,,PA_EXT_7720DE638AE3,probe_assisted,EXT_8E3054DE5097;EXT_BC1C15EECE17,LIQ_1BD1B94C09;LIQ_6656B41AB7,2,yes,yes,,interior_fit,no,0.0,2.0,13.601915497093646,1.2926698896463693,107.68991574942171,yes,,yes
EXT_8E3054DE5097,EXT_8E3054DE5097,OPEN_POLYMER_SURFACES_2023,SFC_62075C90581B,LIQ_1BD1B94C09,92.0,prospective_open_external,no,,,PA_EXT_8E3054DE5097,probe_assisted,EXT_7720DE638AE3;EXT_BC1C15EECE17,LIQ_0F4168490E;LIQ_6656B41AB7,2,yes,yes,,interior_fit,no,0.0,2.0,13.60191549709366,1.2336512898772838,92.2262853354693,yes,,yes
EXT_BC1C15EECE17,EXT_BC1C15EECE17,OPEN_POLYMER_SURFACES_2023,SFC_62075C90581B,LIQ_6656B41AB7,88.0,prospective_open_external,no,,,PA_EXT_BC1C15EECE17,probe_assisted,EXT_7720DE638AE3;EXT_8E3054DE5097,LIQ_0F4168490E;LIQ_1BD1B94C09,2,yes,yes,,interior_fit,no,0.0,2.0,13.851711797156582,1.1851766634088692,87.4575754633953,yes,,yes
EXT_49AD89E9F838,EXT_49AD89E9F838,OPEN_POLYMER_SURFACES_2023,SFC_36EF2E368C84,LIQ_0F4168490E,125.0,prospective_open_external,no,,,PA_EXT_49AD89E9F838,probe_assisted,EXT_650589542FBB;EXT_C92CA45A6370,LIQ_1BD1B94C09;LIQ_6656B41AB7,2,yes,yes,,interior_fit,no,0.0,2.0,7.298466637114254,0.3800663272438512,122.17563851071422,yes,,yes
EXT_650589542FBB,EXT_650589542FBB,OPEN_POLYMER_SURFACES_2023,SFC_36EF2E368C84,LIQ_1BD1B94C09,109.0,prospective_open_external,no,,,PA_EXT_650589542FBB,probe_assisted,EXT_49AD89E9F838;EXT_C92CA45A6370,LIQ_0F4168490E;LIQ_6656B41AB7,2,yes,yes,,interior_fit,no,0.0,2.0,7.2984666371142595,0.1658212681419428,110.91759808187014,yes,,yes
EXT_C92CA45A6370,EXT_C92CA45A6370,OPEN_POLYMER_SURFACES_2023,SFC_36EF2E368C84,LIQ_6656B41AB7,104.0,prospective_open_external,no,,,PA_EXT_C92CA45A6370,probe_assisted,EXT_49AD89E9F838;EXT_650589542FBB,LIQ_0F4168490E;LIQ_1BD1B94C09,2,yes,yes,,interior_fit,no,0.0,2.0,8.82242967096581,0.053612031552685,99.5858737225548,yes,,yes
EXT_C52AF747E8BF,EXT_C52AF747E8BF,OPEN_TEXTILE_ANTI_WETTING_2019,SFC_70D1A1076BBD,LIQ_0F4168490E,0.0,prospective_open_external,no,,,PA_EXT_C52AF747E8BF,probe_assisted,EXT_1366AD9E4A11;EXT_B099AADD9565,LIQ_1BD1B94C09;LIQ_6656B41AB7,2,yes,yes,,interior_fit,no,0.0,2.0,34.27413935785309,24.191562350026672,44.28113991671709,yes,,yes
EXT_1366AD9E4A11,EXT_1366AD9E4A11,OPEN_TEXTILE_ANTI_WETTING_2019,SFC_70D1A1076BBD,LIQ_1BD1B94C09,0.0,prospective_open_external,no,,,PA_EXT_1366AD9E4A11,probe_assisted,EXT_B099AADD9565;EXT_C52AF747E8BF,LIQ_0F4168490E;LIQ_6656B41AB7,2,yes,yes,,interior_fit,no,0.0,2.0,34.2741393578531,40.53155781442666,0.0,yes,,yes
EXT_B099AADD9565,EXT_B099AADD9565,OPEN_TEXTILE_ANTI_WETTING_2019,SFC_70D1A1076BBD,LIQ_6656B41AB7,50.0,prospective_open_external,no,,,PA_EXT_B099AADD9565,probe_assisted,EXT_1366AD9E4A11;EXT_C52AF747E8BF,LIQ_0F4168490E;LIQ_1BD1B94C09,2,yes,yes,,interior_fit,no,0.0,2.0,15.963659534003993,57.48401264326431,83.04142666132327,yes,,yes
EXT_FA599DFEA153,EXT_FA599DFEA153,OPEN_TEXTILE_ANTI_WETTING_2019,SFC_B23DE8940451,LIQ_0F4168490E,107.0,prospective_open_external,no,,,PA_EXT_FA599DFEA153,probe_assisted,EXT_5AF9983FF446;EXT_77B7B95A656C,LIQ_1BD1B94C09;LIQ_6656B41AB7,2,yes,yes,,interior_fit,no,0.0,2.0,10.989983330390244,0.032960980783243,122.62575219200302,yes,,yes
EXT_77B7B95A656C,EXT_77B7B95A656C,OPEN_TEXTILE_ANTI_WETTING_2019,SFC_B23DE8940451,LIQ_1BD1B94C09,105.0,prospective_open_external,no,,,PA_EXT_77B7B95A656C,probe_assisted,EXT_5AF9983FF446;EXT_FA599DFEA153,LIQ_0F4168490E;LIQ_6656B41AB7,2,yes,yes,,interior_fit,no,0.0,2.0,10.98998333039025,2.071821162320516,94.00011486374068,yes,,yes
EXT_5AF9983FF446,EXT_5AF9983FF446,OPEN_TEXTILE_ANTI_WETTING_2019,SFC_B23DE8940451,LIQ_6656B41AB7,94.0,prospective_open_external,no,,,PA_EXT_5AF9983FF446,probe_assisted,EXT_77B7B95A656C;EXT_FA599DFEA153,LIQ_0F4168490E;LIQ_1BD1B94C09,2,yes,yes,,interior_fit,no,0.0,2.0,2.890818640765342,6.225934778723888,121.52704261856236,yes,,yes
EXT_B067D03F4F2E,EXT_B067D03F4F2E,OPEN_TEXTILE_ANTI_WETTING_2019,SFC_C90D1535E78D,LIQ_0F4168490E,101.0,prospective_open_external,no,,,PA_EXT_B067D03F4F2E,probe_assisted,EXT_1B40295A791F;EXT_3B5D655ADA7C,LIQ_1BD1B94C09;LIQ_6656B41AB7,2,yes,yes,,boundary_fit,yes,1.0166403112283715,2.0,27.57886694415605,0.0,109.04919345542868,yes,,yes
EXT_1B40295A791F,EXT_1B40295A791F,OPEN_TEXTILE_ANTI_WETTING_2019,SFC_C90D1535E78D,LIQ_1BD1B94C09,84.0,prospective_open_external,no,,,PA_EXT_1B40295A791F,probe_assisted,EXT_3B5D655ADA7C;EXT_B067D03F4F2E,LIQ_0F4168490E;LIQ_6656B41AB7,2,yes,yes,,interior_fit,no,0.0,2.0,28.575,0.3963332856081804,75.77302444821828,yes,,yes
EXT_3B5D655ADA7C,EXT_3B5D655ADA7C,OPEN_TEXTILE_ANTI_WETTING_2019,SFC_C90D1535E78D,LIQ_6656B41AB7,60.0,prospective_open_external,no,,,PA_EXT_3B5D655ADA7C,probe_assisted,EXT_1B40295A791F;EXT_B067D03F4F2E,LIQ_0F4168490E;LIQ_1BD1B94C09,2,yes,yes,,interior_fit,no,0.0,2.0,17.132876299151278,2.011496176492746,80.70694922635106,yes,,yes
EXT_2E5AD1B19DD9,EXT_2E5AD1B19DD9,OPEN_TEXTILE_ANTI_WETTING_2019,SFC_F92838A9E6A2,LIQ_0F4168490E,105.0,prospective_open_external,no,,,PA_EXT_2E5AD1B19DD9,probe_assisted,EXT_88A27790C2BD;EXT_9E923F72BEB3,LIQ_1BD1B94C09;LIQ_6656B41AB7,2,yes,yes,,boundary_fit,yes,1.765223944237377,2.0,25.18412594304529,0.0,110.8725218189888,yes,,yes
EXT_9E923F72BEB3,EXT_9E923F72BEB3,OPEN_TEXTILE_ANTI_WETTING_2019,SFC_F92838A9E6A2,LIQ_1BD1B94C09,88.0,prospective_open_external,no,,,PA_EXT_9E923F72BEB3,probe_assisted,EXT_2E5AD1B19DD9;EXT_88A27790C2BD,LIQ_0F4168490E;LIQ_6656B41AB7,2,yes,yes,,interior_fit,no,0.0,2.0,26.84892234132732,0.1521787594434618,79.95252741581984,yes,,yes
EXT_88A27790C2BD,EXT_88A27790C2BD,OPEN_TEXTILE_ANTI_WETTING_2019,SFC_F92838A9E6A2,LIQ_6656B41AB7,63.0,prospective_open_external,no,,,PA_EXT_88A27790C2BD,probe_assisted,EXT_2E5AD1B19DD9;EXT_9E923F72BEB3,LIQ_0F4168490E;LIQ_1BD1B94C09,2,yes,yes,,interior_fit,no,0.0,2.0,15.916064370967248,1.367713874998247,83.13796011472671,yes,,yes
EXT_4DA44BDBC109,EXT_4DA44BDBC109,OPEN_TEXTILE_ANTI_WETTING_2019,SFC_F8CAAE03FE56,LIQ_0F4168490E,96.0,prospective_open_external,no,,,PA_EXT_4DA44BDBC109,probe_assisted,EXT_90EB026C806A;EXT_AB64302191E1,LIQ_1BD1B94C09;LIQ_6656B41AB7,2,yes,yes,,boundary_fit,yes,0.00670729535328,2.0,27.992614260855937,0.0,108.7443278042202,yes,,yes
EXT_AB64302191E1,EXT_AB64302191E1,OPEN_TEXTILE_ANTI_WETTING_2019,SFC_F8CAAE03FE56,LIQ_1BD1B94C09,82.0,prospective_open_external,no,,,PA_EXT_AB64302191E1,probe_assisted,EXT_4DA44BDBC109;EXT_90EB026C806A,LIQ_0F4168490E;LIQ_6656B41AB7,2,yes,yes,,interior_fit,no,0.0,2.0,27.99917702637616,1.220398142189712,72.21012473186013,yes,,yes
EXT_90EB026C806A,EXT_90EB026C806A,OPEN_TEXTILE_ANTI_WETTING_2019,SFC_F8CAAE03FE56,LIQ_6656B41AB7,61.0,prospective_open_external,no,,,PA_EXT_90EB026C806A,probe_assisted,EXT_4DA44BDBC109;EXT_AB64302191E1,LIQ_0F4168490E;LIQ_1BD1B94C09,2,yes,yes,,interior_fit,no,0.0,2.0,14.980781022410978,4.135985801789823,85.06135732140176,yes,,yes
EXT_1D5570A27934,EXT_1D5570A27934,OPEN_TEXTILE_ANTI_WETTING_2019,SFC_96459A5711ED,LIQ_0F4168490E,106.0,prospective_open_external,no,,,PA_EXT_1D5570A27934,probe_assisted,EXT_608AC2D3D381;EXT_C2CBB107CCEB,LIQ_1BD1B94C09;LIQ_6656B41AB7,2,yes,yes,,interior_fit,no,0.0,2.0,10.582714902581952,0.3709747397135621,117.59543230367244,yes,,yes
EXT_C2CBB107CCEB,EXT_C2CBB107CCEB,OPEN_TEXTILE_ANTI_WETTING_2019,SFC_96459A5711ED,LIQ_1BD1B94C09,102.0,prospective_open_external,no,,,PA_EXT_C2CBB107CCEB,probe_assisted,EXT_1D5570A27934;EXT_608AC2D3D381,LIQ_0F4168490E;LIQ_6656B41AB7,2,yes,yes,,interior_fit,no,0.0,2.0,10.582714902581971,2.449903622970428,93.6807663370289,yes,,yes
EXT_608AC2D3D381,EXT_608AC2D3D381,OPEN_TEXTILE_ANTI_WETTING_2019,SFC_96459A5711ED,LIQ_6656B41AB7,95.0,prospective_open_external,no,,,PA_EXT_608AC2D3D381,probe_assisted,EXT_1D5570A27934;EXT_C2CBB107CCEB,LIQ_0F4168490E;LIQ_1BD1B94C09,2,yes,yes,,interior_fit,no,0.0,2.0,4.102903266042321,5.606397053482275,115.56999855314648,yes,,yes
EXT_0AE552940B30,EXT_0AE552940B30,OPEN_TEXTILE_ANTI_WETTING_2019,SFC_DE9D8D16E40F,LIQ_0F4168490E,104.0,prospective_open_external,no,,,PA_EXT_0AE552940B30,probe_assisted,EXT_3549187670B3;EXT_925A4AF449D5,LIQ_1BD1B94C09;LIQ_6656B41AB7,2,yes,yes,,boundary_fit,yes,3.042324389145712,2.0,25.10136364422178,0.0,110.93744777587982,yes,,yes
EXT_3549187670B3,EXT_3549187670B3,OPEN_TEXTILE_ANTI_WETTING_2019,SFC_DE9D8D16E40F,LIQ_1BD1B94C09,90.0,prospective_open_external,no,,,PA_EXT_3549187670B3,probe_assisted,EXT_0AE552940B30;EXT_925A4AF449D5,LIQ_0F4168490E;LIQ_6656B41AB7,2,yes,yes,,interior_fit,no,0.0,2.0,27.999177026376135,0.1635549806821205,78.4473916893813,yes,,yes
EXT_925A4AF449D5,EXT_925A4AF449D5,OPEN_TEXTILE_ANTI_WETTING_2019,SFC_DE9D8D16E40F,LIQ_6656B41AB7,61.0,prospective_open_external,no,,,PA_EXT_925A4AF449D5,probe_assisted,EXT_0AE552940B30;EXT_3549187670B3,LIQ_0F4168490E;LIQ_1BD1B94C09,2,yes,yes,,interior_fit,no,0.0,2.0,12.822312003439182,2.3189337873924947,89.72475606097458,yes,,yes
EXT_AF4963616E76,EXT_AF4963616E76,OPEN_TEXTILE_ANTI_WETTING_2019,SFC_A7A6BDD5941D,LIQ_0F4168490E,0.0,prospective_open_external,no,,,PA_EXT_AF4963616E76,probe_assisted,EXT_6E149AD2F9BC;EXT_74D717509DFB,LIQ_1BD1B94C09;LIQ_6656B41AB7,2,yes,yes,,interior_fit,no,0.0,2.0,50.799999999999976,9.57694453790433,58.5745639041323,yes,,yes
EXT_74D717509DFB,EXT_74D717509DFB,OPEN_TEXTILE_ANTI_WETTING_2019,SFC_A7A6BDD5941D,LIQ_1BD1B94C09,0.0,prospective_open_external,no,,,PA_EXT_74D717509DFB,probe_assisted,EXT_6E149AD2F9BC;EXT_AF4963616E76,LIQ_0F4168490E;LIQ_6656B41AB7,2,yes,yes,,interior_fit,no,0.0,2.0,50.80000000000001,30.62688248867178,0.0,yes,,yes
EXT_6E149AD2F9BC,EXT_6E149AD2F9BC,OPEN_TEXTILE_ANTI_WETTING_2019,SFC_A7A6BDD5941D,LIQ_6656B41AB7,0.0,prospective_open_external,no,,,PA_EXT_6E149AD2F9BC,probe_assisted,EXT_74D717509DFB;EXT_AF4963616E76,LIQ_0F4168490E;LIQ_1BD1B94C09,2,yes,yes,,interior_fit,no,0.0,2.0,15.963659534003993,57.48401264326431,83.04142666132327,yes,,yes
EXT_A77898F3791B,EXT_A77898F3791B,OPEN_TEXTILE_ANTI_WETTING_2019,SFC_AEE4770633F2,LIQ_0F4168490E,166.0,prospective_open_external,no,,,PA_EXT_A77898F3791B,probe_assisted,EXT_2B7215CA739E;EXT_6A76549F5884,LIQ_1BD1B94C09;LIQ_6656B41AB7,2,yes,yes,,boundary_fit,yes,0.3757037782907391,2.0,0.1250912785044562,0.0,162.67538721355936,yes,,yes
EXT_2B7215CA739E,EXT_2B7215CA739E,OPEN_TEXTILE_ANTI_WETTING_2019,SFC_AEE4770633F2,LIQ_1BD1B94C09,159.0,prospective_open_external,no,,,PA_EXT_2B7215CA739E,probe_assisted,EXT_6A76549F5884;EXT_A77898F3791B,LIQ_0F4168490E;LIQ_6656B41AB7,2,yes,yes,,boundary_fit,yes,0.6125814004221988,2.0,0.1165019664672355,0.0,157.89528984824537,yes,,yes
EXT_6A76549F5884,EXT_6A76549F5884,OPEN_TEXTILE_ANTI_WETTING_2019,SFC_AEE4770633F2,LIQ_6656B41AB7,153.0,prospective_open_external,no,,,PA_EXT_6A76549F5884,probe_assisted,EXT_2B7215CA739E;EXT_A77898F3791B,LIQ_0F4168490E;LIQ_1BD1B94C09,2,yes,yes,,boundary_fit,yes,0.2874090207660874,2.0,0.0788912523622789,0.0,157.0998418203524,yes,,yes
EXT_14B3DFB49864,EXT_14B3DFB49864,OPEN_TEXTILE_ANTI_WETTING_2019,SFC_E0770C382AAA,LIQ_0F4168490E,164.0,prospective_open_external,no,,,PA_EXT_14B3DFB49864,probe_assisted,EXT_038669031712;EXT_6181C20E4C23,LIQ_1BD1B94C09;LIQ_6656B41AB7,2,yes,yes,,interior_fit,no,0.0,2.0,0.2932351397374222,8.594973199194437e-06,158.42932902481155,yes,,yes
EXT_038669031712,EXT_038669031712,OPEN_TEXTILE_ANTI_WETTING_2019,SFC_E0770C382AAA,LIQ_1BD1B94C09,152.0,prospective_open_external,no,,,PA_EXT_038669031712,probe_assisted,EXT_14B3DFB49864;EXT_6181C20E4C23,LIQ_0F4168490E;LIQ_6656B41AB7,2,yes,yes,,boundary_fit,yes,0.9354279033113606,2.0,0.2205183082259878,0.0,154.0106407139157,yes,,yes
EXT_6181C20E4C23,EXT_6181C20E4C23,OPEN_TEXTILE_ANTI_WETTING_2019,SFC_E0770C382AAA,LIQ_6656B41AB7,148.0,prospective_open_external,no,,,PA_EXT_6181C20E4C23,probe_assisted,EXT_038669031712;EXT_14B3DFB49864,LIQ_0F4168490E;LIQ_1BD1B94C09,2,yes,yes,,boundary_fit,yes,0.9032792389122408,2.0,0.2088019864822894,0.0,150.66581621304277,yes,,yes
EXT_72A5665216D0,EXT_72A5665216D0,OPEN_TEXTILE_ANTI_WETTING_2019,SFC_D1ADE9B03D51,LIQ_0F4168490E,126.0,prospective_open_external,no,,,PA_EXT_72A5665216D0,probe_assisted,EXT_2BFE763DBE7F;EXT_8D65AE043571,LIQ_1BD1B94C09;LIQ_6656B41AB7,2,yes,yes,,boundary_fit,yes,9.386108367542173,2.0,39.18203539889068,0.0,101.3664641532741,yes,,yes
EXT_2BFE763DBE7F,EXT_2BFE763DBE7F,OPEN_TEXTILE_ANTI_WETTING_2019,SFC_D1ADE9B03D51,LIQ_1BD1B94C09,84.0,prospective_open_external,no,,,PA_EXT_2BFE763DBE7F,probe_assisted,EXT_72A5665216D0;EXT_8D65AE043571,LIQ_0F4168490E;LIQ_6656B41AB7,2,yes,yes,,boundary_fit,yes,15.285785533138936,2.0,35.42869540559912,0.0,73.6338134331509,yes,,yes
EXT_8D65AE043571,EXT_8D65AE043571,OPEN_TEXTILE_ANTI_WETTING_2019,SFC_D1ADE9B03D51,LIQ_6656B41AB7,0.0,prospective_open_external,no,,,PA_EXT_8D65AE043571,probe_assisted,EXT_2BFE763DBE7F;EXT_72A5665216D0,LIQ_0F4168490E;LIQ_1BD1B94C09,2,yes,yes,,boundary_fit,yes,7.162863033307658,2.0,19.73417315929798,0.0,75.72690328480888,yes,,yes
EXT_C6C3DE3E198C,EXT_C6C3DE3E198C,OPEN_TEXTILE_ANTI_WETTING_2019,SFC_F4A35D2DD4C5,LIQ_0F4168490E,147.0,prospective_open_external,no,,,PA_EXT_C6C3DE3E198C,probe_assisted,EXT_08747D17F0BD;EXT_CB7F947E87F6,LIQ_1BD1B94C09;LIQ_6656B41AB7,2,yes,yes,,interior_fit,no,0.0,2.0,0.6951370729629662,0.0210762751740904,149.83386220015834,yes,,yes
EXT_CB7F947E87F6,EXT_CB7F947E87F6,OPEN_TEXTILE_ANTI_WETTING_2019,SFC_F4A35D2DD4C5,LIQ_1BD1B94C09,143.0,prospective_open_external,no,,,PA_EXT_CB7F947E87F6,probe_assisted,EXT_08747D17F0BD;EXT_C6C3DE3E198C,LIQ_0F4168490E;LIQ_6656B41AB7,2,yes,yes,,interior_fit,no,0.0,2.0,0.6951370729629666,0.076837898519718,141.1501074111485,yes,,yes
EXT_08747D17F0BD,EXT_08747D17F0BD,OPEN_TEXTILE_ANTI_WETTING_2019,SFC_F4A35D2DD4C5,LIQ_6656B41AB7,140.0,prospective_open_external,no,,,PA_EXT_08747D17F0BD,probe_assisted,EXT_C6C3DE3E198C;EXT_CB7F947E87F6,LIQ_0F4168490E;LIQ_1BD1B94C09,2,yes,yes,,interior_fit,no,0.0,2.0,0.4412338782424123,0.1505529298779954,144.44973169653494,yes,,yes
EXT_8197A3621B99,EXT_8197A3621B99,OPEN_TEXTILE_ANTI_WETTING_2019,SFC_B6F1BA3CA55E,LIQ_0F4168490E,145.0,prospective_open_external,no,,,PA_EXT_8197A3621B99,probe_assisted,EXT_0DF6420B4440;EXT_9C403EA34EBF,LIQ_1BD1B94C09;LIQ_6656B41AB7,2,yes,yes,,boundary_fit,yes,0.5434862241612777,2.0,1.8735106682064444,0.0,145.53055469075883,yes,,yes
EXT_9C403EA34EBF,EXT_9C403EA34EBF,OPEN_TEXTILE_ANTI_WETTING_2019,SFC_B6F1BA3CA55E,LIQ_1BD1B94C09,136.0,prospective_open_external,no,,,PA_EXT_9C403EA34EBF,probe_assisted,EXT_0DF6420B4440;EXT_8197A3621B99,LIQ_0F4168490E;LIQ_6656B41AB7,2,yes,yes,,boundary_fit,yes,0.0356165197940674,2.0,2.005837353975524,0.0,134.0282064250642,yes,,yes
EXT_0DF6420B4440,EXT_0DF6420B4440,OPEN_TEXTILE_ANTI_WETTING_2019,SFC_B6F1BA3CA55E,LIQ_6656B41AB7,127.0,prospective_open_external,no,,,PA_EXT_0DF6420B4440,probe_assisted,EXT_8197A3621B99;EXT_9C403EA34EBF,LIQ_0F4168490E;LIQ_1BD1B94C09,2,yes,yes,,interior_fit,no,0.0,2.0,1.473402525976938,0.0164305044369598,131.2532806209906,yes,,yes
EXT_E6B7DB163BBF,EXT_E6B7DB163BBF,OPEN_TEXTILE_ANTI_WETTING_2019,SFC_ADC096AE0D75,LIQ_0F4168490E,129.0,prospective_open_external,no,,,PA_EXT_E6B7DB163BBF,probe_assisted,EXT_CE643B4A3F85;EXT_FE000B13E4CD,LIQ_1BD1B94C09;LIQ_6656B41AB7,2,yes,yes,,interior_fit,no,0.0,2.0,50.8,9.576944537904309,58.57456390413233,yes,,yes
EXT_CE643B4A3F85,EXT_CE643B4A3F85,OPEN_TEXTILE_ANTI_WETTING_2019,SFC_ADC096AE0D75,LIQ_1BD1B94C09,0.0,prospective_open_external,no,,,PA_EXT_CE643B4A3F85,probe_assisted,EXT_E6B7DB163BBF;EXT_FE000B13E4CD,LIQ_0F4168490E;LIQ_6656B41AB7,2,yes,yes,,boundary_fit,yes,16.55046537164513,2.0,34.28066209914935,0.0,74.88027411477913,yes,,yes
EXT_FE000B13E4CD,EXT_FE000B13E4CD,OPEN_TEXTILE_ANTI_WETTING_2019,SFC_ADC096AE0D75,LIQ_6656B41AB7,0.0,prospective_open_external,no,,,PA_EXT_FE000B13E4CD,probe_assisted,EXT_CE643B4A3F85;EXT_E6B7DB163BBF,LIQ_0F4168490E;LIQ_1BD1B94C09,2,yes,yes,,boundary_fit,yes,23.923584482606067,2.0,48.90980391315584,0.0,15.753489543639056,yes,,yes
EXT_80DEF70D19C2,EXT_80DEF70D19C2,OPEN_TEXTILE_ANTI_WETTING_2019,SFC_7E09C519A040,LIQ_0F4168490E,156.0,prospective_open_external,no,,,PA_EXT_80DEF70D19C2,probe_assisted,EXT_5361E028DB1F;EXT_9AB928688B6A,LIQ_1BD1B94C09;LIQ_6656B41AB7,2,yes,yes,,interior_fit,no,0.0,2.0,0.227954743875258,0.0429746051032586,153.90764830630687,yes,,yes
EXT_9AB928688B6A,EXT_9AB928688B6A,OPEN_TEXTILE_ANTI_WETTING_2019,SFC_7E09C519A040,LIQ_1BD1B94C09,150.0,prospective_open_external,no,,,PA_EXT_9AB928688B6A,probe_assisted,EXT_5361E028DB1F;EXT_80DEF70D19C2,LIQ_0F4168490E;LIQ_6656B41AB7,2,yes,yes,,interior_fit,no,0.0,2.0,0.2279547438752582,0.0165141815252866,151.386352789681,yes,,yes
EXT_5361E028DB1F,EXT_5361E028DB1F,OPEN_TEXTILE_ANTI_WETTING_2019,SFC_7E09C519A040,LIQ_6656B41AB7,150.0,prospective_open_external,no,,,PA_EXT_5361E028DB1F,probe_assisted,EXT_80DEF70D19C2;EXT_9AB928688B6A,LIQ_0F4168490E;LIQ_1BD1B94C09,2,yes,yes,,interior_fit,no,0.0,2.0,0.3347876276809818,0.0038897521542537,146.89159325116253,yes,,yes
EXT_3C536EB8B2E0,EXT_3C536EB8B2E0,OPEN_TEXTILE_ANTI_WETTING_2019,SFC_FE1BCA204FFA,LIQ_0F4168490E,151.0,prospective_open_external,no,,,PA_EXT_3C536EB8B2E0,probe_assisted,EXT_E53A49812943;EXT_EE607E307472,LIQ_1BD1B94C09;LIQ_6656B41AB7,2,yes,yes,,interior_fit,no,0.0,2.0,0.6951370729629663,7.532584379839864e-05,153.04361261097688,yes,,yes
EXT_E53A49812943,EXT_E53A49812943,OPEN_TEXTILE_ANTI_WETTING_2019,SFC_FE1BCA204FFA,LIQ_1BD1B94C09,145.0,prospective_open_external,no,,,PA_EXT_E53A49812943,probe_assisted,EXT_3C536EB8B2E0;EXT_EE607E307472,LIQ_0F4168490E;LIQ_6656B41AB7,2,yes,yes,,interior_fit,no,0.0,2.0,0.6951370729629669,0.0088290518221353,143.73921405818956,yes,,yes
EXT_EE607E307472,EXT_EE607E307472,OPEN_TEXTILE_ANTI_WETTING_2019,SFC_FE1BCA204FFA,LIQ_6656B41AB7,140.0,prospective_open_external,no,,,PA_EXT_EE607E307472,probe_assisted,EXT_3C536EB8B2E0;EXT_E53A49812943,LIQ_0F4168490E;LIQ_1BD1B94C09,2,yes,yes,,interior_fit,no,0.0,2.0,0.5245473790269859,0.0274064248682014,142.8226386526137,yes,,yes
EXT_618188348392,EXT_618188348392,OPEN_PLA_FILMS_2021,SFC_01B9AA1C0B74,LIQ_0F4168490E,113.0,prospective_open_external,no,,,PA_EXT_618188348392,probe_assisted,EXT_264C8AB42663;EXT_4299E75704B2,LIQ_1BD1B94C09;LIQ_6656B41AB7,2,yes,yes,,interior_fit,no,0.0,2.0,15.984103460638162,0.4801275271651883,110.56245828080864,yes,,yes
EXT_069D7AE7FCAD,EXT_069D7AE7FCAD,OPEN_PLA_FILMS_2021,SFC_B1D8AACA85B5,LIQ_0F4168490E,76.0,prospective_open_external,no,,,PA_EXT_069D7AE7FCAD,probe_assisted,EXT_0C90915034B7;EXT_C0A69AE67463,LIQ_1BD1B94C09;LIQ_6656B41AB7,2,yes,yes,,interior_fit,no,0.0,2.0,35.38216165976539,1.0971377350994946,91.80560234603696,yes,,yes
EXT_8935C7528E56,EXT_8935C7528E56,OPEN_PLA_FILMS_2021,SFC_662849118DF0,LIQ_0F4168490E,64.0,prospective_open_external,no,,,PA_EXT_8935C7528E56,probe_assisted,EXT_197AF6112F5C;EXT_59A1C74C7C24,LIQ_1BD1B94C09;LIQ_6656B41AB7,2,yes,yes,,interior_fit,no,0.0,2.0,35.929804737312274,3.9038041259348177,80.99552199533827,yes,,yes
EXT_C98B044A6F7F,EXT_C98B044A6F7F,OPEN_PLA_FILMS_2021,SFC_29A9F5906DC4,LIQ_0F4168490E,74.0,prospective_open_external,no,,,PA_EXT_C98B044A6F7F,probe_assisted,EXT_28942280B8C6;EXT_F7284554E363,LIQ_1BD1B94C09;LIQ_6656B41AB7,2,yes,yes,,interior_fit,no,0.0,2.0,36.47271080559766,1.761263235626932,87.99237508552132,yes,,yes
EXT_4299E75704B2,EXT_4299E75704B2,OPEN_PLA_FILMS_2021,SFC_01B9AA1C0B74,LIQ_1BD1B94C09,92.0,prospective_open_external,no,,,PA_EXT_4299E75704B2,probe_assisted,EXT_264C8AB42663;EXT_618188348392,LIQ_0F4168490E;LIQ_6656B41AB7,2,yes,yes,,interior_fit,no,0.0,2.0,15.984103460638172,0.2416365107909671,93.73623112426466,yes,,yes
EXT_C0A69AE67463,EXT_C0A69AE67463,OPEN_PLA_FILMS_2021,SFC_B1D8AACA85B5,LIQ_1BD1B94C09,64.0,prospective_open_external,no,,,PA_EXT_C0A69AE67463,probe_assisted,EXT_069D7AE7FCAD;EXT_0C90915034B7,LIQ_0F4168490E;LIQ_6656B41AB7,2,yes,yes,,interior_fit,no,0.0,2.0,35.38216165976543,5.959083636311379,49.62024230895628,yes,,yes
EXT_59A1C74C7C24,EXT_59A1C74C7C24,OPEN_PLA_FILMS_2021,SFC_662849118DF0,LIQ_1BD1B94C09,54.0,prospective_open_external,no,,,PA_EXT_59A1C74C7C24,probe_assisted,EXT_197AF6112F5C;EXT_8935C7528E56,LIQ_0F4168490E;LIQ_6656B41AB7,2,yes,yes,,interior_fit,no,0.0,2.0,35.929804737312296,11.64480127787324,36.51293080655584,yes,,yes
EXT_28942280B8C6,EXT_28942280B8C6,OPEN_PLA_FILMS_2021,SFC_29A9F5906DC4,LIQ_1BD1B94C09,60.0,prospective_open_external,no,,,PA_EXT_28942280B8C6,probe_assisted,EXT_C98B044A6F7F;EXT_F7284554E363,LIQ_0F4168490E;LIQ_6656B41AB7,2,yes,yes,,interior_fit,no,0.0,2.0,36.47271080559768,6.520329557164074,46.81694601371442,yes,,yes
EXT_264C8AB42663,EXT_264C8AB42663,OPEN_PLA_FILMS_2021,SFC_01B9AA1C0B74,LIQ_6656B41AB7,83.0,prospective_open_external,no,,,PA_EXT_264C8AB42663,probe_assisted,EXT_4299E75704B2;EXT_618188348392,LIQ_0F4168490E;LIQ_1BD1B94C09,2,yes,yes,,interior_fit,no,0.0,2.0,18.11790298894791,0.1040439081337856,78.78995355639954,yes,,yes
EXT_0C90915034B7,EXT_0C90915034B7,OPEN_PLA_FILMS_2021,SFC_B1D8AACA85B5,LIQ_6656B41AB7,48.0,prospective_open_external,no,,,PA_EXT_0C90915034B7,probe_assisted,EXT_069D7AE7FCAD;EXT_C0A69AE67463,LIQ_0F4168490E;LIQ_1BD1B94C09,2,yes,yes,,interior_fit,no,0.0,2.0,17.29733056862449,13.038981815911214,80.38393419527856,yes,,yes
EXT_197AF6112F5C,EXT_197AF6112F5C,OPEN_PLA_FILMS_2021,SFC_662849118DF0,LIQ_6656B41AB7,47.0,prospective_open_external,no,,,PA_EXT_197AF6112F5C,probe_assisted,EXT_59A1C74C7C24;EXT_8935C7528E56,LIQ_0F4168490E;LIQ_1BD1B94C09,2,yes,yes,,interior_fit,no,0.0,2.0,17.220044524798073,21.32906618791345,80.53558224523735,yes,,yes
EXT_F7284554E363,EXT_F7284554E363,OPEN_PLA_FILMS_2021,SFC_29A9F5906DC4,LIQ_6656B41AB7,46.0,prospective_open_external,no,,,PA_EXT_F7284554E363,probe_assisted,EXT_28942280B8C6;EXT_C98B044A6F7F,LIQ_0F4168490E;LIQ_1BD1B94C09,2,yes,yes,,interior_fit,no,0.0,2.0,19.934299621771864,12.837059660997715,75.35385154164516,yes,,yes
EXT_832E508A7F45,EXT_832E508A7F45,OPEN_PLA_FILMS_2021,SFC_4640D599C795,LIQ_0F4168490E,43.0,prospective_open_external,no,,,PA_EXT_832E508A7F45,probe_assisted,EXT_2EB8A593D55E;EXT_45CE8585FF60,LIQ_1BD1B94C09;LIQ_6656B41AB7,2,yes,yes,,interior_fit,no,0.0,2.0,35.38216165976541,17.714038367238423,53.9331500375276,yes,,yes
EXT_263F0D060209,EXT_263F0D060209,OPEN_PLA_FILMS_2021,SFC_869B011AB104,LIQ_0F4168490E,74.0,prospective_open_external,no,,,PA_EXT_263F0D060209,probe_assisted,EXT_A9A71A63993D;EXT_B488569FF3A6,LIQ_1BD1B94C09;LIQ_6656B41AB7,2,yes,yes,,interior_fit,no,0.0,2.0,34.83015014526247,1.7452949500755497,89.0714802566235,yes,,yes
EXT_4511C3A71669,EXT_4511C3A71669,OPEN_PLA_FILMS_2021,SFC_52F0F5BD3D6C,LIQ_0F4168490E,71.0,prospective_open_external,no,,,PA_EXT_4511C3A71669,probe_assisted,EXT_489544822E64;EXT_B078FBEC9CEC,LIQ_1BD1B94C09;LIQ_6656B41AB7,2,yes,yes,,interior_fit,no,0.0,2.0,37.0105122421383,4.13337395810601,79.67542178643417,yes,,yes
EXT_8BBA4B544E54,EXT_8BBA4B544E54,OPEN_PLA_FILMS_2021,SFC_8864A171D8DB,LIQ_0F4168490E,74.0,prospective_open_external,no,,,PA_EXT_8BBA4B544E54,probe_assisted,EXT_57487A07628B;EXT_5C43DD51F487,LIQ_1BD1B94C09;LIQ_6656B41AB7,2,yes,yes,,interior_fit,no,0.0,2.0,36.472710805597664,2.961633275100568,83.55231166117163,yes,,yes
EXT_2EB8A593D55E,EXT_2EB8A593D55E,OPEN_PLA_FILMS_2021,SFC_4640D599C795,LIQ_1BD1B94C09,24.0,prospective_open_external,no,,,PA_EXT_2EB8A593D55E,probe_assisted,EXT_45CE8585FF60;EXT_832E508A7F45,LIQ_0F4168490E;LIQ_6656B41AB7,2,yes,yes,,interior_fit,no,0.0,2.0,35.38216165976541,24.36179488527885,0.0,yes,,yes
EXT_A9A71A63993D,EXT_A9A71A63993D,OPEN_PLA_FILMS_2021,SFC_869B011AB104,LIQ_1BD1B94C09,62.0,prospective_open_external,no,,,PA_EXT_A9A71A63993D,probe_assisted,EXT_263F0D060209;EXT_B488569FF3A6,LIQ_0F4168490E;LIQ_6656B41AB7,2,yes,yes,,interior_fit,no,0.0,2.0,34.83015014526249,6.987710567941306,48.069622431009016,yes,,yes
EXT_B078FBEC9CEC,EXT_B078FBEC9CEC,OPEN_PLA_FILMS_2021,SFC_52F0F5BD3D6C,LIQ_1BD1B94C09,52.0,prospective_open_external,no,,,PA_EXT_B078FBEC9CEC,probe_assisted,EXT_4511C3A71669;EXT_489544822E64,LIQ_0F4168490E;LIQ_6656B41AB7,2,yes,yes,,interior_fit,no,0.0,2.0,37.010512242138326,7.722773104253106,43.2995601081668,yes,,yes
EXT_57487A07628B,EXT_57487A07628B,OPEN_PLA_FILMS_2021,SFC_8864A171D8DB,LIQ_1BD1B94C09,56.0,prospective_open_external,no,,,PA_EXT_57487A07628B,probe_assisted,EXT_5C43DD51F487;EXT_8BBA4B544E54,LIQ_0F4168490E;LIQ_6656B41AB7,2,yes,yes,,interior_fit,no,0.0,2.0,36.472710805597664,6.520329557164077,46.81694601371444,yes,,yes
EXT_45CE8585FF60,EXT_45CE8585FF60,OPEN_PLA_FILMS_2021,SFC_4640D599C795,LIQ_6656B41AB7,48.0,prospective_open_external,no,,,PA_EXT_45CE8585FF60,probe_assisted,EXT_2EB8A593D55E;EXT_832E508A7F45,LIQ_0F4168490E;LIQ_1BD1B94C09,2,yes,yes,,interior_fit,no,0.0,2.0,25.149983748249877,30.757734248870428,65.9686658807046,yes,,yes
EXT_B488569FF3A6,EXT_B488569FF3A6,OPEN_PLA_FILMS_2021,SFC_869B011AB104,LIQ_6656B41AB7,49.0,prospective_open_external,no,,,PA_EXT_B488569FF3A6,probe_assisted,EXT_263F0D060209;EXT_A9A71A63993D,LIQ_0F4168490E;LIQ_1BD1B94C09,2,yes,yes,,interior_fit,no,0.0,2.0,17.673815121957475,14.087778282415908,79.64902478322053,yes,,yes
EXT_489544822E64,EXT_489544822E64,OPEN_PLA_FILMS_2021,SFC_52F0F5BD3D6C,LIQ_6656B41AB7,45.0,prospective_open_external,no,,,PA_EXT_489544822E64,probe_assisted,EXT_4511C3A71669;EXT_B078FBEC9CEC,LIQ_0F4168490E;LIQ_1BD1B94C09,2,yes,yes,,interior_fit,no,0.0,2.0,26.27562502284021,11.59468903475487,63.99921785013007,yes,,yes
EXT_5C43DD51F487,EXT_5C43DD51F487,OPEN_PLA_FILMS_2021,SFC_8864A171D8DB,LIQ_6656B41AB7,46.0,prospective_open_external,no,,,PA_EXT_5C43DD51F487,probe_assisted,EXT_57487A07628B;EXT_8BBA4B544E54,LIQ_0F4168490E;LIQ_1BD1B94C09,2,yes,yes,,interior_fit,no,0.0,2.0,24.704722698625027,10.577612757805348,66.75126686095271,yes,,yes
EXT_0780FA855EA7,EXT_0780FA855EA7,OPEN_PLA_FILMS_2021,SFC_CA0DF2A414ED,LIQ_0F4168490E,74.0,prospective_open_external,no,,,PA_EXT_0780FA855EA7,probe_assisted,EXT_874FDB205BEC;EXT_A399484607B3,LIQ_1BD1B94C09;LIQ_6656B41AB7,2,yes,yes,,interior_fit,no,0.0,2.0,32.01748749394791,11.641742699684473,66.72051210750223,yes,,yes
EXT_F2DE1724D72F,EXT_F2DE1724D72F,OPEN_PLA_FILMS_2021,SFC_0FBA62725BE6,LIQ_0F4168490E,76.0,prospective_open_external,no,,,PA_EXT_F2DE1724D72F,probe_assisted,EXT_0325D9C2E6F8;EXT_1974721ED722,LIQ_1BD1B94C09;LIQ_6656B41AB7,2,yes,yes,,interior_fit,no,0.0,2.0,37.5428427326626,0.3371230571818454,95.74745613355503,yes,,yes
EXT_5763DE0B39DD,EXT_5763DE0B39DD,OPEN_PLA_FILMS_2021,SFC_84FF6543987A,LIQ_0F4168490E,74.0,prospective_open_external,no,,,PA_EXT_5763DE0B39DD,probe_assisted,EXT_28B169088998;EXT_2D1C9CE8FE08,LIQ_1BD1B94C09;LIQ_6656B41AB7,2,yes,yes,,interior_fit,no,0.0,2.0,35.929804737312296,1.6659116589482703,88.73370325961399,yes,,yes
EXT_62C7119859BF,EXT_62C7119859BF,OPEN_PLA_FILMS_2021,SFC_91B74A694C1A,LIQ_0F4168490E,74.0,prospective_open_external,no,,,PA_EXT_62C7119859BF,probe_assisted,EXT_C0610F416EF7;EXT_CFE40CFC3BA1,LIQ_1BD1B94C09;LIQ_6656B41AB7,2,yes,yes,,interior_fit,no,0.0,2.0,35.929804737312296,2.225507854688668,86.47087238355216,yes,,yes
EXT_874FDB205BEC,EXT_874FDB205BEC,OPEN_PLA_FILMS_2021,SFC_CA0DF2A414ED,LIQ_1BD1B94C09,43.0,prospective_open_external,no,,,PA_EXT_874FDB205BEC,probe_assisted,EXT_0780FA855EA7;EXT_A399484607B3,LIQ_0F4168490E;LIQ_6656B41AB7,2,yes,yes,,interior_fit,no,0.0,2.0,32.01748749394793,7.85401585130702,50.22741946431405,yes,,yes
EXT_1974721ED722,EXT_1974721ED722,OPEN_PLA_FILMS_2021,SFC_0FBA62725BE6,LIQ_1BD1B94C09,66.0,prospective_open_external,no,,,PA_EXT_1974721ED722,probe_assisted,EXT_0325D9C2E6F8;EXT_F2DE1724D72F,LIQ_0F4168490E;LIQ_6656B41AB7,2,yes,yes,,interior_fit,no,0.0,2.0,37.54284273266264,5.401621868114432,48.02555734099248,yes,,yes
EXT_28B169088998,EXT_28B169088998,OPEN_PLA_FILMS_2021,SFC_84FF6543987A,LIQ_1BD1B94C09,61.0,prospective_open_external,no,,,PA_EXT_28B169088998,probe_assisted,EXT_2D1C9CE8FE08;EXT_5763DE0B39DD,LIQ_0F4168490E;LIQ_6656B41AB7,2,yes,yes,,interior_fit,no,0.0,2.0,35.929804737312296,6.671840864270406,47.23058982555781,yes,,yes
EXT_C0610F416EF7,EXT_C0610F416EF7,OPEN_PLA_FILMS_2021,SFC_91B74A694C1A,LIQ_1BD1B94C09,59.0,prospective_open_external,no,,,PA_EXT_C0610F416EF7,probe_assisted,EXT_62C7119859BF;EXT_CFE40CFC3BA1,LIQ_0F4168490E;LIQ_6656B41AB7,2,yes,yes,,interior_fit,no,0.0,2.0,35.9298047373123,6.671840864270403,47.23058982555779,yes,,yes
EXT_A399484607B3,EXT_A399484607B3,OPEN_PLA_FILMS_2021,SFC_CA0DF2A414ED,LIQ_6656B41AB7,54.0,prospective_open_external,no,,,PA_EXT_A399484607B3,probe_assisted,EXT_0780FA855EA7;EXT_874FDB205BEC,LIQ_0F4168490E;LIQ_1BD1B94C09,2,yes,yes,,interior_fit,no,0.0,2.0,41.48529104861165,5.2482233608125135,36.16098781752666,yes,,yes
EXT_0325D9C2E6F8,EXT_0325D9C2E6F8,OPEN_PLA_FILMS_2021,SFC_0FBA62725BE6,LIQ_6656B41AB7,44.0,prospective_open_external,no,,,PA_EXT_0325D9C2E6F8,probe_assisted,EXT_1974721ED722;EXT_F2DE1724D72F,LIQ_0F4168490E;LIQ_1BD1B94C09,2,yes,yes,,interior_fit,no,0.0,2.0,15.12274765318314,14.346023378695016,84.7660334598161,yes,,yes
EXT_2D1C9CE8FE08,EXT_2D1C9CE8FE08,OPEN_PLA_FILMS_2021,SFC_84FF6543987A,LIQ_6656B41AB7,47.0,prospective_open_external,no,,,PA_EXT_2D1C9CE8FE08,probe_assisted,EXT_28B169088998;EXT_5763DE0B39DD,LIQ_0F4168490E;LIQ_1BD1B94C09,2,yes,yes,,interior_fit,no,0.0,2.0,18.79252614668389,13.45212778527134,77.49997264797418,yes,,yes
EXT_CFE40CFC3BA1,EXT_CFE40CFC3BA1,OPEN_PLA_FILMS_2021,SFC_91B74A694C1A,LIQ_6656B41AB7,47.0,prospective_open_external,no,,,PA_EXT_CFE40CFC3BA1,probe_assisted,EXT_62C7119859BF;EXT_C0610F416EF7,LIQ_0F4168490E;LIQ_1BD1B94C09,2,yes,yes,,interior_fit,no,0.0,2.0,21.097790472381902,12.242334977170492,73.20834912687926,yes,,yes
EXT_20E924898243,EXT_20E924898243,OPEN_PLA_FILMS_2021,SFC_46B777D53533,LIQ_0F4168490E,113.0,prospective_open_external,no,,,PA_EXT_20E924898243,probe_assisted,EXT_BB5D89275AD2;EXT_DA1010942764,LIQ_1BD1B94C09;LIQ_6656B41AB7,2,yes,yes,,boundary_fit,yes,1.0443176562383665,2.0,15.706307978971342,0.0,119.44900515964154,yes,,yes
EXT_D5A2B07B71FE,EXT_D5A2B07B71FE,OPEN_PLA_FILMS_2021,SFC_2171EA47DB00,LIQ_0F4168490E,106.0,prospective_open_external,no,,,PA_EXT_D5A2B07B71FE,probe_assisted,EXT_57AAA740DBD8;EXT_E8E1679EDB31,LIQ_1BD1B94C09;LIQ_6656B41AB7,2,yes,yes,,boundary_fit,yes,4.23964919751888,2.0,28.26402569527207,0.0,108.54585994969136,yes,,yes
EXT_FCDB7AFFCD9B,EXT_FCDB7AFFCD9B,OPEN_PLA_FILMS_2021,SFC_C73C8C6483E4,LIQ_0F4168490E,111.0,prospective_open_external,no,,,PA_EXT_FCDB7AFFCD9B,probe_assisted,EXT_6FAB73084CB3;EXT_882D286A650A,LIQ_1BD1B94C09;LIQ_6656B41AB7,2,yes,yes,,boundary_fit,yes,6.901894765849974,2.0,25.707295007038333,0.0,110.46518471492534,yes,,yes
EXT_F0D8FCD36A83,EXT_F0D8FCD36A83,OPEN_PLA_FILMS_2021,SFC_B93E7618C45A,LIQ_0F4168490E,108.0,prospective_open_external,no,,,PA_EXT_F0D8FCD36A83,probe_assisted,EXT_793B32E71A38;EXT_E31EC66D808C,LIQ_1BD1B94C09;LIQ_6656B41AB7,2,yes,yes,,boundary_fit,yes,5.669728333387489,2.0,25.842282124065484,0.0,110.36093346947264,yes,,yes
EXT_DA1010942764,EXT_DA1010942764,OPEN_PLA_FILMS_2021,SFC_46B777D53533,LIQ_1BD1B94C09,100.0,prospective_open_external,no,,,PA_EXT_DA1010942764,probe_assisted,EXT_20E924898243;EXT_BB5D89275AD2,LIQ_0F4168490E;LIQ_6656B41AB7,2,yes,yes,,interior_fit,no,0.0,2.0,16.480984995177355,0.2036253213146129,93.32179977581056,yes,,yes
EXT_57AAA740DBD8,EXT_57AAA740DBD8,OPEN_PLA_FILMS_2021,SFC_2171EA47DB00,LIQ_1BD1B94C09,88.0,prospective_open_external,no,,,PA_EXT_57AAA740DBD8,probe_assisted,EXT_D5A2B07B71FE;EXT_E8E1679EDB31,LIQ_0F4168490E;LIQ_6656B41AB7,2,yes,yes,,boundary_fit,yes,0.2392184452097794,2.0,32.37616793803422,0.0,76.9787178792405,yes,,yes
EXT_6FAB73084CB3,EXT_6FAB73084CB3,OPEN_PLA_FILMS_2021,SFC_C73C8C6483E4,LIQ_1BD1B94C09,95.0,prospective_open_external,no,,,PA_EXT_6FAB73084CB3,probe_assisted,EXT_882D286A650A;EXT_FCDB7AFFCD9B,LIQ_0F4168490E;LIQ_6656B41AB7,2,yes,yes,,boundary_fit,yes,2.7582352836277977,2.0,30.209724789433995,0.0,79.42004548375446,yes,,yes
EXT_793B32E71A38,EXT_793B32E71A38,OPEN_PLA_FILMS_2021,SFC_B93E7618C45A,LIQ_1BD1B94C09,93.0,prospective_open_external,no,,,PA_EXT_793B32E71A38,probe_assisted,EXT_E31EC66D808C;EXT_F0D8FCD36A83,LIQ_0F4168490E;LIQ_6656B41AB7,2,yes,yes,,boundary_fit,yes,0.8625362184863583,2.0,30.707664306097943,0.0,78.85327575899574,yes,,yes
EXT_BB5D89275AD2,EXT_BB5D89275AD2,OPEN_PLA_FILMS_2021,SFC_46B777D53533,LIQ_6656B41AB7,82.0,prospective_open_external,no,,,PA_EXT_BB5D89275AD2,probe_assisted,EXT_20E924898243;EXT_DA1010942764,LIQ_0F4168490E;LIQ_1BD1B94C09,2,yes,yes,,interior_fit,no,0.0,2.0,9.433386136295953,1.2042736579958058,97.94077904911198,yes,,yes
EXT_E8E1679EDB31,EXT_E8E1679EDB31,OPEN_PLA_FILMS_2021,SFC_2171EA47DB00,LIQ_6656B41AB7,53.0,prospective_open_external,no,,,PA_EXT_E8E1679EDB31,probe_assisted,EXT_57AAA740DBD8;EXT_D5A2B07B71FE,LIQ_0F4168490E;LIQ_1BD1B94C09,2,yes,yes,,interior_fit,no,0.0,2.0,16.806314992174414,1.0237700015299953,81.3521156431883,yes,,yes
EXT_882D286A650A,EXT_882D286A650A,OPEN_PLA_FILMS_2021,SFC_C73C8C6483E4,LIQ_6656B41AB7,53.0,prospective_open_external,no,,,PA_EXT_882D286A650A,probe_assisted,EXT_6FAB73084CB3;EXT_FCDB7AFFCD9B,LIQ_0F4168490E;LIQ_1BD1B94C09,2,yes,yes,,interior_fit,no,0.0,2.0,12.948362339715189,0.8423524323887038,89.44246306818926,yes,,yes
EXT_E31EC66D808C,EXT_E31EC66D808C,OPEN_PLA_FILMS_2021,SFC_B93E7618C45A,LIQ_6656B41AB7,55.0,prospective_open_external,no,,,PA_EXT_E31EC66D808C,probe_assisted,EXT_793B32E71A38;EXT_F0D8FCD36A83,LIQ_0F4168490E;LIQ_1BD1B94C09,2,yes,yes,,interior_fit,no,0.0,2.0,12.7652863864296,1.4066702524970374,89.85291954766862,yes,,yes
EXT_0C2F137C0768,EXT_0C2F137C0768,OPEN_CARBON_GLYCAN_2016,SFC_DDCE904A2E37,LIQ_0F4168490E,35.3,prospective_open_external,no,,,PA_EXT_0C2F137C0768,probe_assisted,EXT_3D14543B75E6;EXT_C8683F966ABC,LIQ_5C0DC0DCD1;LIQ_6656B41AB7,2,yes,yes,,interior_fit,no,0.0,2.0,49.71412211243157,12.494091372388068,53.28062334497034,yes,,yes
EXT_3D14543B75E6,EXT_3D14543B75E6,OPEN_CARBON_GLYCAN_2016,SFC_DDCE904A2E37,LIQ_5C0DC0DCD1,22.2,prospective_open_external,no,,,PA_EXT_3D14543B75E6,probe_assisted,EXT_0C2F137C0768;EXT_C8683F966ABC,LIQ_0F4168490E;LIQ_6656B41AB7,2,yes,yes,,interior_fit,no,0.0,2.0,49.71412211243162,21.59533863179985,0.0,yes,,yes
EXT_C8683F966ABC,EXT_C8683F966ABC,OPEN_CARBON_GLYCAN_2016,SFC_DDCE904A2E37,LIQ_6656B41AB7,11.9,prospective_open_external,no,,,PA_EXT_C8683F966ABC,probe_assisted,EXT_0C2F137C0768;EXT_3D14543B75E6,LIQ_0F4168490E;LIQ_5C0DC0DCD1,2,yes,yes,,interior_fit,no,0.0,2.0,24.524541098797688,36.23000479031761,67.06863994847637,yes,,yes
EXT_A05B145D5D55,EXT_A05B145D5D55,OPEN_CARBON_GLYCAN_2016,SFC_757E5A51849D,LIQ_0F4168490E,20.2,prospective_open_external,no,,,PA_EXT_A05B145D5D55,probe_assisted,EXT_4D6047F3DA11;EXT_7CF183ABF3B6,LIQ_5C0DC0DCD1;LIQ_6656B41AB7,2,yes,yes,,interior_fit,no,0.0,2.0,50.57479794304538,13.46218920057705,50.7979245047452,yes,,yes
EXT_4D6047F3DA11,EXT_4D6047F3DA11,OPEN_CARBON_GLYCAN_2016,SFC_757E5A51849D,LIQ_5C0DC0DCD1,16.4,prospective_open_external,no,,,PA_EXT_4D6047F3DA11,probe_assisted,EXT_7CF183ABF3B6;EXT_A05B145D5D55,LIQ_0F4168490E;LIQ_6656B41AB7,2,yes,yes,,interior_fit,no,0.0,2.0,50.57479794304543,27.36329914015021,0.0,yes,,yes
EXT_7CF183ABF3B6,EXT_7CF183ABF3B6,OPEN_CARBON_GLYCAN_2016,SFC_757E5A51849D,LIQ_6656B41AB7,5.4,prospective_open_external,no,,,PA_EXT_7CF183ABF3B6,probe_assisted,EXT_4D6047F3DA11;EXT_A05B145D5D55,LIQ_0F4168490E;LIQ_5C0DC0DCD1,2,yes,yes,,interior_fit,no,0.0,2.0,17.346602203307015,51.23008754822188,80.28739650485194,yes,,yes
EXT_64532C66FD00,EXT_64532C66FD00,OPEN_CARBON_GLYCAN_2016,SFC_C1B0541D31DE,LIQ_0F4168490E,26.1,prospective_open_external,no,,,PA_EXT_64532C66FD00,probe_assisted,EXT_68FC9343A58A;EXT_F1A8D658D675,LIQ_5C0DC0DCD1;LIQ_6656B41AB7,2,yes,yes,,interior_fit,no,0.0,2.0,50.36632847583036,13.430263478406149,50.999933087574455,yes,,yes
EXT_68FC9343A58A,EXT_68FC9343A58A,OPEN_CARBON_GLYCAN_2016,SFC_C1B0541D31DE,LIQ_5C0DC0DCD1,17.1,prospective_open_external,no,,,PA_EXT_68FC9343A58A,probe_assisted,EXT_64532C66FD00;EXT_F1A8D658D675,LIQ_0F4168490E;LIQ_6656B41AB7,2,yes,yes,,interior_fit,no,0.0,2.0,50.36632847583039,25.34451403329814,0.0,yes,,yes
EXT_F1A8D658D675,EXT_F1A8D658D675,OPEN_CARBON_GLYCAN_2016,SFC_C1B0541D31DE,LIQ_6656B41AB7,7.5,prospective_open_external,no,,,PA_EXT_F1A8D658D675,probe_assisted,EXT_64532C66FD00;EXT_68FC9343A58A,LIQ_0F4168490E;LIQ_5C0DC0DCD1,2,yes,yes,,interior_fit,no,0.0,2.0,20.367683047767272,45.20758876063383,74.55018008033197,yes,,yes
EXT_9F58E9B1730C,EXT_9F58E9B1730C,OPEN_CARBON_GLYCAN_2016,SFC_1CD855A0B4A5,LIQ_0F4168490E,22.9,prospective_open_external,no,,,PA_EXT_9F58E9B1730C,probe_assisted,EXT_6B9D41D96636;EXT_BD0EEB764A84,LIQ_5C0DC0DCD1;LIQ_6656B41AB7,2,yes,yes,,interior_fit,no,0.0,2.0,50.61451067861916,13.54796837607982,50.6018771178949,yes,,yes
EXT_BD0EEB764A84,EXT_BD0EEB764A84,OPEN_CARBON_GLYCAN_2016,SFC_1CD855A0B4A5,LIQ_5C0DC0DCD1,15.9,prospective_open_external,no,,,PA_EXT_BD0EEB764A84,probe_assisted,EXT_6B9D41D96636;EXT_9F58E9B1730C,LIQ_0F4168490E;LIQ_6656B41AB7,2,yes,yes,,interior_fit,no,0.0,2.0,50.61451067861922,26.429384463600083,0.0,yes,,yes
EXT_6B9D41D96636,EXT_6B9D41D96636,OPEN_CARBON_GLYCAN_2016,SFC_1CD855A0B4A5,LIQ_6656B41AB7,4.9,prospective_open_external,no,,,PA_EXT_6B9D41D96636,probe_assisted,EXT_9F58E9B1730C;EXT_BD0EEB764A84,LIQ_0F4168490E;LIQ_5C0DC0DCD1,2,yes,yes,,interior_fit,no,0.0,2.0,19.006176403857143,48.19163784605128,77.09499128719196,yes,,yes
EXT_BE673F974C34,EXT_BE673F974C34,OPEN_CARBON_GLYCAN_2016,SFC_9CBFB90624F8,LIQ_0F4168490E,25.0,prospective_open_external,no,,,PA_EXT_BE673F974C34,probe_assisted,EXT_810E90883671;EXT_E2B297913813,LIQ_5C0DC0DCD1;LIQ_6656B41AB7,2,yes,yes,,interior_fit,no,0.0,2.0,50.503303452318775,12.551817900880366,52.65256910238313,yes,,yes
EXT_810E90883671,EXT_810E90883671,OPEN_CARBON_GLYCAN_2016,SFC_9CBFB90624F8,LIQ_5C0DC0DCD1,20.3,prospective_open_external,no,,,PA_EXT_810E90883671,probe_assisted,EXT_BE673F974C34;EXT_E2B297913813,LIQ_0F4168490E;LIQ_6656B41AB7,2,yes,yes,,interior_fit,no,0.0,2.0,50.50330345231884,25.707261273351158,0.0,yes,,yes
EXT_E2B297913813,EXT_E2B297913813,OPEN_CARBON_GLYCAN_2016,SFC_9CBFB90624F8,LIQ_6656B41AB7,6.2,prospective_open_external,no,,,PA_EXT_E2B297913813,probe_assisted,EXT_810E90883671;EXT_BE673F974C34,LIQ_0F4168490E;LIQ_5C0DC0DCD1,2,yes,yes,,interior_fit,no,0.0,2.0,17.85096945373625,48.36044564577346,79.30534040461171,yes,,yes
EXT_97FF8568B019,EXT_97FF8568B019,OPEN_CARBON_GLYCAN_2016,SFC_73AE050E307F,LIQ_0F4168490E,11.8,prospective_open_external,no,,,PA_EXT_97FF8568B019,probe_assisted,EXT_006E9D255BB0;EXT_0AFA4AD6501C,LIQ_5C0DC0DCD1;LIQ_6656B41AB7,2,yes,yes,,interior_fit,no,0.0,2.0,50.66366703581616,13.29525200372458,51.06919930606612,yes,,yes
EXT_006E9D255BB0,EXT_006E9D255BB0,OPEN_CARBON_GLYCAN_2016,SFC_73AE050E307F,LIQ_5C0DC0DCD1,16.9,prospective_open_external,no,,,PA_EXT_006E9D255BB0,probe_assisted,EXT_0AFA4AD6501C;EXT_97FF8568B019,LIQ_0F4168490E;LIQ_6656B41AB7,2,yes,yes,,interior_fit,no,0.0,2.0,50.66366703581624,29.514226751036745,0.0,yes,,yes
EXT_0AFA4AD6501C,EXT_0AFA4AD6501C,OPEN_CARBON_GLYCAN_2016,SFC_73AE050E307F,LIQ_6656B41AB7,4.2,prospective_open_external,no,,,PA_EXT_0AFA4AD6501C,probe_assisted,EXT_006E9D255BB0;EXT_97FF8568B019,LIQ_0F4168490E;LIQ_5C0DC0DCD1,2,yes,yes,,interior_fit,no,0.0,2.0,14.044385842185797,58.31101858977079,87.04237174018367,yes,,yes
EXT_D7EE4324C62B,EXT_D7EE4324C62B,OPEN_FACEMASK_2023,SFC_4AD1E95A7848,LIQ_6656B41AB7,103.9,prospective_open_external,no,,,PA_EXT_D7EE4324C62B,probe_assisted,EXT_2ED76F045DA7;EXT_3DB1AD2DD595,LIQ_0F4168490E;LIQ_1BD1B94C09,2,yes,yes,,boundary_fit,yes,0.1834522948806718,2.0,0.0,4.666057242981158,180.0,yes,,yes
EXT_2ED76F045DA7,EXT_2ED76F045DA7,OPEN_FACEMASK_2023,SFC_4AD1E95A7848,LIQ_1BD1B94C09,132.9,prospective_open_external,no,,,PA_EXT_2ED76F045DA7,probe_assisted,EXT_3DB1AD2DD595;EXT_D7EE4324C62B,LIQ_0F4168490E;LIQ_6656B41AB7,2,yes,yes,,interior_fit,no,0.0,2.0,7.331118528461726,0.1626226585513205,110.8742560817867,yes,,yes
EXT_3DB1AD2DD595,EXT_3DB1AD2DD595,OPEN_FACEMASK_2023,SFC_4AD1E95A7848,LIQ_0F4168490E,125.0,prospective_open_external,no,,,PA_EXT_3DB1AD2DD595,probe_assisted,EXT_2ED76F045DA7;EXT_D7EE4324C62B,LIQ_1BD1B94C09;LIQ_6656B41AB7,2,yes,yes,,boundary_fit,yes,5.753718838429965,2.0,4.733255871860606,0.0,136.13165102358835,yes,,yes
EXT_21DECF058A46,EXT_21DECF058A46,OPEN_FACEMASK_2023,SFC_2C8D133FAE44,LIQ_6656B41AB7,107.4,prospective_open_external,no,,,PA_EXT_21DECF058A46,probe_assisted,EXT_19F026C2773F;EXT_F4D52482F27E,LIQ_0F4168490E;LIQ_1BD1B94C09,2,yes,yes,,interior_fit,no,0.0,2.0,2.7867073693696978,0.0527674806542138,122.1116590006888,yes,,yes
EXT_F4D52482F27E,EXT_F4D52482F27E,OPEN_FACEMASK_2023,SFC_2C8D133FAE44,LIQ_1BD1B94C09,127.3,prospective_open_external,no,,,PA_EXT_F4D52482F27E,probe_assisted,EXT_19F026C2773F;EXT_21DECF058A46,LIQ_0F4168490E;LIQ_6656B41AB7,2,yes,yes,,boundary_fit,yes,1.8642345590740528,2.0,5.544542785162348,0.0,119.5334016172164,yes,,yes
EXT_19F026C2773F,EXT_19F026C2773F,OPEN_FACEMASK_2023,SFC_2C8D133FAE44,LIQ_0F4168490E,137.8,prospective_open_external,no,,,PA_EXT_19F026C2773F,probe_assisted,EXT_21DECF058A46;EXT_F4D52482F27E,LIQ_1BD1B94C09;LIQ_6656B41AB7,2,yes,yes,,boundary_fit,yes,3.139205645267241,2.0,4.874186239647764,0.0,135.79173178085802,yes,,yes
EXT_161578FE82D4,EXT_161578FE82D4,OPEN_FACEMASK_2023,SFC_61C86B62E941,LIQ_6656B41AB7,98.5,prospective_open_external,no,,,PA_EXT_161578FE82D4,probe_assisted,EXT_6A758A73420C;EXT_A608D8AA1EAA,LIQ_0F4168490E;LIQ_1BD1B94C09,2,yes,yes,,boundary_fit,yes,0.3860512338393427,2.0,7.549267848941399,0.0,103.23860402455882,yes,,yes
EXT_A608D8AA1EAA,EXT_A608D8AA1EAA,OPEN_FACEMASK_2023,SFC_61C86B62E941,LIQ_1BD1B94C09,113.6,prospective_open_external,no,,,PA_EXT_A608D8AA1EAA,probe_assisted,EXT_161578FE82D4;EXT_6A758A73420C,LIQ_0F4168490E;LIQ_6656B41AB7,2,yes,yes,,boundary_fit,yes,1.3887848232753104,2.0,8.585973982655316,0.0,111.65398205476616,yes,,yes
EXT_6A758A73420C,EXT_6A758A73420C,OPEN_FACEMASK_2023,SFC_61C86B62E941,LIQ_0F4168490E,131.0,prospective_open_external,no,,,PA_EXT_6A758A73420C,probe_assisted,EXT_161578FE82D4;EXT_A608D8AA1EAA,LIQ_1BD1B94C09;LIQ_6656B41AB7,2,yes,yes,,boundary_fit,yes,1.185291464200418,2.0,8.569451173662735,0.0,128.64591515427577,yes,,yes
EXT_591446AFD356,EXT_591446AFD356,OPEN_FACEMASK_2023,SFC_5D5B39751D66,LIQ_6656B41AB7,75.9,prospective_open_external,no,,,PA_EXT_591446AFD356,probe_assisted,EXT_3FFCD90BF04A;EXT_A2BFA9FEE942,LIQ_0F4168490E;LIQ_1BD1B94C09,2,yes,yes,,interior_fit,no,0.0,2.0,2.8888847460013087,1.0674424092161423,121.53777190110068,yes,,yes
EXT_3FFCD90BF04A,EXT_3FFCD90BF04A,OPEN_FACEMASK_2023,SFC_5D5B39751D66,LIQ_1BD1B94C09,118.6,prospective_open_external,no,,,PA_EXT_3FFCD90BF04A,probe_assisted,EXT_591446AFD356;EXT_A2BFA9FEE942,LIQ_0F4168490E;LIQ_6656B41AB7,2,yes,yes,,boundary_fit,yes,4.499075619592896,2.0,16.695212571131012,0.0,96.8982288431462,yes,,yes
EXT_A2BFA9FEE942,EXT_A2BFA9FEE942,OPEN_FACEMASK_2023,SFC_5D5B39751D66,LIQ_0F4168490E,125.4,prospective_open_external,no,,,PA_EXT_A2BFA9FEE942,probe_assisted,EXT_3FFCD90BF04A;EXT_591446AFD356,LIQ_1BD1B94C09;LIQ_6656B41AB7,2,yes,yes,,boundary_fit,yes,9.446118614810237,2.0,12.662731515318018,0.0,122.92582133573322,yes,,yes
EXT_E2623286DF9C,EXT_E2623286DF9C,OPEN_FACEMASK_2023,SFC_52742E4E2FF2,LIQ_6656B41AB7,22.43,prospective_open_external,no,,,PA_EXT_E2623286DF9C,probe_assisted,EXT_4414CE8E7161;EXT_8930F5ABA4B7,LIQ_0F4168490E;LIQ_1BD1B94C09,2,yes,yes,,interior_fit,no,0.0,2.0,25.519390052763125,11.483707531743446,65.32104492699897,yes,,yes
EXT_4414CE8E7161,EXT_4414CE8E7161,OPEN_FACEMASK_2023,SFC_52742E4E2FF2,LIQ_1BD1B94C09,53.33,prospective_open_external,no,,,PA_EXT_4414CE8E7161,probe_assisted,EXT_8930F5ABA4B7;EXT_E2623286DF9C,LIQ_0F4168490E;LIQ_6656B41AB7,2,yes,yes,,interior_fit,no,0.0,2.0,47.029484122221085,4.874898477363473,36.03503908886465,yes,,yes
EXT_8930F5ABA4B7,EXT_8930F5ABA4B7,OPEN_FACEMASK_2023,SFC_52742E4E2FF2,LIQ_0F4168490E,71.77,prospective_open_external,no,,,PA_EXT_8930F5ABA4B7,probe_assisted,EXT_4414CE8E7161;EXT_E2623286DF9C,LIQ_1BD1B94C09;LIQ_6656B41AB7,2,yes,yes,,interior_fit,no,0.0,2.0,47.02948412222105,0.6417841475659729,87.88947550630067,yes,,yes
EXT_FFFDDFDEE3D0,EXT_FFFDDFDEE3D0,OPEN_FACEMASK_2023,SFC_98A58E5AB649,LIQ_6656B41AB7,95.4,prospective_open_external,no,,,PA_EXT_FFFDDFDEE3D0,probe_assisted,EXT_07642A48B0AD;EXT_E63EB3F2835E,LIQ_0F4168490E;LIQ_1BD1B94C09,2,yes,yes,,interior_fit,no,0.0,2.0,7.527114597549658,4.250102155464929,103.30524661919698,yes,,yes
EXT_E63EB3F2835E,EXT_E63EB3F2835E,OPEN_FACEMASK_2023,SFC_98A58E5AB649,LIQ_1BD1B94C09,95.7,prospective_open_external,no,,,PA_EXT_E63EB3F2835E,probe_assisted,EXT_07642A48B0AD;EXT_FFFDDFDEE3D0,LIQ_0F4168490E;LIQ_6656B41AB7,2,yes,yes,,interior_fit,no,0.0,2.0,10.422124799582573,3.0437491630548386,92.43954320573737,yes,,yes
EXT_07642A48B0AD,EXT_07642A48B0AD,OPEN_FACEMASK_2023,SFC_98A58E5AB649,LIQ_0F4168490E,104.1,prospective_open_external,no,,,PA_EXT_07642A48B0AD,probe_assisted,EXT_E63EB3F2835E;EXT_FFFDDFDEE3D0,LIQ_1BD1B94C09;LIQ_6656B41AB7,2,yes,yes,,interior_fit,no,0.0,2.0,10.422124799582564,1.8688070059522528,108.52363382565224,yes,,yes
EXT_FEA43C1D185A,EXT_FEA43C1D185A,OPEN_FACEMASK_2023,SFC_804C47F28DD6,LIQ_6656B41AB7,57.73,prospective_open_external,no,,,PA_EXT_FEA43C1D185A,probe_assisted,EXT_1D4E7C8984A2;EXT_8E2D528C28E4,LIQ_0F4168490E;LIQ_1BD1B94C09,2,yes,yes,,boundary_fit,yes,7.168653259557164,2.0,55.484024226459006,0.0,0.0,yes,,yes
EXT_1D4E7C8984A2,EXT_1D4E7C8984A2,OPEN_FACEMASK_2023,SFC_804C47F28DD6,LIQ_1BD1B94C09,41.23,prospective_open_external,no,,,PA_EXT_1D4E7C8984A2,probe_assisted,EXT_8E2D528C28E4;EXT_FEA43C1D185A,LIQ_0F4168490E;LIQ_6656B41AB7,2,yes,yes,,interior_fit,no,0.0,2.0,29.881562816499205,0.2421646823269481,75.45575175639223,yes,,yes
EXT_8E2D528C28E4,EXT_8E2D528C28E4,OPEN_FACEMASK_2023,SFC_804C47F28DD6,LIQ_0F4168490E,101.67,prospective_open_external,no,,,PA_EXT_8E2D528C28E4,probe_assisted,EXT_1D4E7C8984A2;EXT_FEA43C1D185A,LIQ_1BD1B94C09;LIQ_6656B41AB7,2,yes,yes,,interior_fit,no,0.0,2.0,29.881562816499176,14.62985758733932,63.15379103436288,yes,,yes
EXT_DE22A4AE61FC,EXT_DE22A4AE61FC,OPEN_CHITOSAN_GELATIN_2022,SFC_26BB55DBD67D,LIQ_5C0DC0DCD1,71.6,prospective_open_external,no,,,PA_EXT_DE22A4AE61FC,probe_assisted,EXT_7534CEB38FB4,LIQ_6656B41AB7,1,yes,no,insufficient_probes,insufficient_probes,no,,1.0,,,,yes,fewer_than_two_unique_probes,no
EXT_7534CEB38FB4,EXT_7534CEB38FB4,OPEN_CHITOSAN_GELATIN_2022,SFC_26BB55DBD67D,LIQ_6656B41AB7,46.8,prospective_open_external,no,,,PA_EXT_7534CEB38FB4,probe_assisted,EXT_DE22A4AE61FC,LIQ_5C0DC0DCD1,1,yes,no,insufficient_probes,insufficient_probes,no,,1.0,,,,yes,fewer_than_two_unique_probes,no
EXT_397F0C3BD5CF,EXT_397F0C3BD5CF,OPEN_CHITOSAN_GELATIN_2022,SFC_D400AC079E9D,LIQ_5C0DC0DCD1,74.0,prospective_open_external,no,,,PA_EXT_397F0C3BD5CF,probe_assisted,EXT_B24A3A78D359,LIQ_6656B41AB7,1,yes,no,insufficient_probes,insufficient_probes,no,,1.0,,,,yes,fewer_than_two_unique_probes,no
EXT_B24A3A78D359,EXT_B24A3A78D359,OPEN_CHITOSAN_GELATIN_2022,SFC_D400AC079E9D,LIQ_6656B41AB7,44.3,prospective_open_external,no,,,PA_EXT_B24A3A78D359,probe_assisted,EXT_397F0C3BD5CF,LIQ_5C0DC0DCD1,1,yes,no,insufficient_probes,insufficient_probes,no,,1.0,,,,yes,fewer_than_two_unique_probes,no
EXT_F82FEAC10BBB,EXT_F82FEAC10BBB,OPEN_CHITOSAN_GELATIN_2022,SFC_F1718B0B4710,LIQ_5C0DC0DCD1,69.4,prospective_open_external,no,,,PA_EXT_F82FEAC10BBB,probe_assisted,EXT_67BEF7CA0F14,LIQ_6656B41AB7,1,yes,no,insufficient_probes,insufficient_probes,no,,1.0,,,,yes,fewer_than_two_unique_probes,no
EXT_67BEF7CA0F14,EXT_67BEF7CA0F14,OPEN_CHITOSAN_GELATIN_2022,SFC_F1718B0B4710,LIQ_6656B41AB7,43.6,prospective_open_external,no,,,PA_EXT_67BEF7CA0F14,probe_assisted,EXT_F82FEAC10BBB,LIQ_5C0DC0DCD1,1,yes,no,insufficient_probes,insufficient_probes,no,,1.0,,,,yes,fewer_than_two_unique_probes,no
EXT_D348EE3E6106,EXT_D348EE3E6106,OPEN_CHITOSAN_GELATIN_2022,SFC_C768409105A9,LIQ_5C0DC0DCD1,69.8,prospective_open_external,no,,,PA_EXT_D348EE3E6106,probe_assisted,EXT_FEB300669898,LIQ_6656B41AB7,1,yes,no,insufficient_probes,insufficient_probes,no,,1.0,,,,yes,fewer_than_two_unique_probes,no
EXT_FEB300669898,EXT_FEB300669898,OPEN_CHITOSAN_GELATIN_2022,SFC_C768409105A9,LIQ_6656B41AB7,45.2,prospective_open_external,no,,,PA_EXT_FEB300669898,probe_assisted,EXT_D348EE3E6106,LIQ_5C0DC0DCD1,1,yes,no,insufficient_probes,insufficient_probes,no,,1.0,,,,yes,fewer_than_two_unique_probes,no
EXT_126475924947,EXT_126475924947,OPEN_CHITOSAN_GELATIN_2022,SFC_21C07DE8FEA5,LIQ_5C0DC0DCD1,66.8,prospective_open_external,no,,,PA_EXT_126475924947,probe_assisted,EXT_CC9EEC4BEE40,LIQ_6656B41AB7,1,yes,no,insufficient_probes,insufficient_probes,no,,1.0,,,,yes,fewer_than_two_unique_probes,no
EXT_CC9EEC4BEE40,EXT_CC9EEC4BEE40,OPEN_CHITOSAN_GELATIN_2022,SFC_21C07DE8FEA5,LIQ_6656B41AB7,45.6,prospective_open_external,no,,,PA_EXT_CC9EEC4BEE40,probe_assisted,EXT_126475924947,LIQ_5C0DC0DCD1,1,yes,no,insufficient_probes,insufficient_probes,no,,1.0,,,,yes,fewer_than_two_unique_probes,no
EXT_618DAE924695,EXT_618DAE924695,OPEN_CHITOSAN_GELATIN_2022,SFC_4988FD117978,LIQ_5C0DC0DCD1,68.1,prospective_open_external,no,,,PA_EXT_618DAE924695,probe_assisted,EXT_FC56291F305C,LIQ_6656B41AB7,1,yes,no,insufficient_probes,insufficient_probes,no,,1.0,,,,yes,fewer_than_two_unique_probes,no
EXT_FC56291F305C,EXT_FC56291F305C,OPEN_CHITOSAN_GELATIN_2022,SFC_4988FD117978,LIQ_6656B41AB7,43.7,prospective_open_external,no,,,PA_EXT_FC56291F305C,probe_assisted,EXT_618DAE924695,LIQ_5C0DC0DCD1,1,yes,no,insufficient_probes,insufficient_probes,no,,1.0,,,,yes,fewer_than_two_unique_probes,no
EXT_0793ADE7D32F,EXT_0793ADE7D32F,OPEN_CHITOSAN_GELATIN_2022,SFC_728D367B9FEB,LIQ_5C0DC0DCD1,67.9,prospective_open_external,no,,,PA_EXT_0793ADE7D32F,probe_assisted,EXT_9F8D5B3E0335,LIQ_6656B41AB7,1,yes,no,insufficient_probes,insufficient_probes,no,,1.0,,,,yes,fewer_than_two_unique_probes,no
EXT_9F8D5B3E0335,EXT_9F8D5B3E0335,OPEN_CHITOSAN_GELATIN_2022,SFC_728D367B9FEB,LIQ_6656B41AB7,45.4,prospective_open_external,no,,,PA_EXT_9F8D5B3E0335,probe_assisted,EXT_0793ADE7D32F,LIQ_5C0DC0DCD1,1,yes,no,insufficient_probes,insufficient_probes,no,,1.0,,,,yes,fewer_than_two_unique_probes,no
