sample_id,record_id,source_group_id,surface_group_id,target_liquid_id,prediction_mode,v4_split,theta_observed_deg,theta_pred_deg,interval_lower_deg,interval_upper_deg,confidence_level,risk_level,abstain_flag,physics_prediction,neural_prediction,tree_prediction,weight_physics,weight_neural,weight_tree,ood_score,unknown_category,ensemble_std_deg,aleatoric_sigma_deg,latent_sfe_dispersion_mj_m2,latent_sfe_polar_mj_m2,residual_shift_cosine,model_version,status
ZS_CA0077,CA0077,SRC010,SFC_95580B5C4364,LIQ_0F4168490E,zero_shot,train,122.42,110.305786,47.03471374511719,173.5768585205078,0.9,medium,no,110.455154,109.23079,112.639626,0.034556914,0.66249657,0.30294648,0.24945893011659,no,1.1815405,8.067277,15.471341,0.5623332,0.020188633,lspgmoe-v4.0,frozen_v4_0_auxiliary_reference
ZS_CA0078,CA0078,SRC010,SFC_95580B5C4364,LIQ_6656B41AB7,zero_shot,train,84.98,80.46682,17.19574737548828,143.7378921508789,0.9,medium,no,84.06204,80.34364,80.326096,0.034556914,0.66249657,0.30294648,0.24945893011659,no,1.1670896,8.697258,15.471341,0.5623332,0.064252675,lspgmoe-v4.0,frozen_v4_0_auxiliary_reference
ZS_CA0079,CA0079,SRC010,SFC_F7990EF3D076,LIQ_0F4168490E,zero_shot,train,116.91,65.6179,2.3468246459960938,128.88896942138672,0.9,medium,no,63.216454,62.37887,72.97508,0.034556914,0.66249657,0.30294648,0.0,no,1.1022273,20.678135,24.949017,17.057037,0.012957905,lspgmoe-v4.0,frozen_v4_0_auxiliary_reference
ZS_CA0080,CA0080,SRC010,SFC_F7990EF3D076,LIQ_6656B41AB7,zero_shot,train,79.59,63.91763,0.6465568542480469,127.18870162963869,0.9,high,yes,66.3267,63.839733,63.81318,0.034556914,0.66249657,0.30294648,0.0,no,0.78902936,14.298075,24.949017,17.057037,0.039450813,lspgmoe-v4.0,frozen_v4_0_auxiliary_reference
ZS_CA0081,CA0081,SRC010,SFC_10C3C0102684,LIQ_0F4168490E,zero_shot,train,60.42,65.6179,2.3468246459960938,128.88896942138672,0.9,medium,no,63.216454,62.37887,72.97508,0.034556914,0.66249657,0.30294648,0.0,no,1.1022273,20.678135,24.949017,17.057037,0.012957905,lspgmoe-v4.0,frozen_v4_0_auxiliary_reference
ZS_CA0082,CA0082,SRC010,SFC_10C3C0102684,LIQ_6656B41AB7,zero_shot,train,60.25,63.91763,0.6465568542480469,127.18870162963869,0.9,high,yes,66.3267,63.839733,63.81318,0.034556914,0.66249657,0.30294648,0.0,no,0.78902936,14.298075,24.949017,17.057037,0.039450813,lspgmoe-v4.0,frozen_v4_0_auxiliary_reference
ZS_CA0083,CA0083,SRC010,SFC_FA6603E349B6,LIQ_0F4168490E,zero_shot,train,76.51,65.6179,2.3468246459960938,128.88896942138672,0.9,medium,no,63.216454,62.37887,72.97508,0.034556914,0.66249657,0.30294648,0.0,no,1.1022273,20.678135,24.949017,17.057037,0.012957905,lspgmoe-v4.0,frozen_v4_0_auxiliary_reference
ZS_CA0084,CA0084,SRC010,SFC_FA6603E349B6,LIQ_6656B41AB7,zero_shot,train,58.3,63.91763,0.6465568542480469,127.18870162963869,0.9,high,yes,66.3267,63.839733,63.81318,0.034556914,0.66249657,0.30294648,0.0,no,0.78902936,14.298075,24.949017,17.057037,0.039450813,lspgmoe-v4.0,frozen_v4_0_auxiliary_reference
ZS_CA0085,CA0085,SRC010,SFC_91AEF1F6D63F,LIQ_0F4168490E,zero_shot,train,103.37,110.305786,47.03471374511719,173.5768585205078,0.9,medium,no,110.455154,109.23079,112.639626,0.034556914,0.66249657,0.30294648,0.24945893011659,no,1.1815405,8.067277,15.471341,0.5623332,0.020188633,lspgmoe-v4.0,frozen_v4_0_auxiliary_reference
ZS_CA0086,CA0086,SRC010,SFC_91AEF1F6D63F,LIQ_6656B41AB7,zero_shot,train,80.65,80.46682,17.19574737548828,143.7378921508789,0.9,medium,no,84.06204,80.34364,80.326096,0.034556914,0.66249657,0.30294648,0.24945893011659,no,1.1670896,8.697258,15.471341,0.5623332,0.064252675,lspgmoe-v4.0,frozen_v4_0_auxiliary_reference
ZS_CA0087,CA0087,SRC010,SFC_B26BB3C57516,LIQ_0F4168490E,zero_shot,train,94.3,65.6179,2.3468246459960938,128.88896942138672,0.9,medium,no,63.216454,62.37887,72.97508,0.034556914,0.66249657,0.30294648,0.0,no,1.1022273,20.678135,24.949017,17.057037,0.012957905,lspgmoe-v4.0,frozen_v4_0_auxiliary_reference
ZS_CA0088,CA0088,SRC010,SFC_B26BB3C57516,LIQ_6656B41AB7,zero_shot,train,76.04,63.91763,0.6465568542480469,127.18870162963869,0.9,high,yes,66.3267,63.839733,63.81318,0.034556914,0.66249657,0.30294648,0.0,no,0.78902936,14.298075,24.949017,17.057037,0.039450813,lspgmoe-v4.0,frozen_v4_0_auxiliary_reference
ZS_CA0089,CA0089,SRC010,SFC_EE615B6001A2,LIQ_0F4168490E,zero_shot,train,52.45,65.6179,2.3468246459960938,128.88896942138672,0.9,medium,no,63.216454,62.37887,72.97508,0.034556914,0.66249657,0.30294648,0.0,no,1.1022273,20.678135,24.949017,17.057037,0.012957905,lspgmoe-v4.0,frozen_v4_0_auxiliary_reference
ZS_CA0090,CA0090,SRC010,SFC_EE615B6001A2,LIQ_6656B41AB7,zero_shot,train,66.51,63.91763,0.6465568542480469,127.18870162963869,0.9,high,yes,66.3267,63.839733,63.81318,0.034556914,0.66249657,0.30294648,0.0,no,0.78902936,14.298075,24.949017,17.057037,0.039450813,lspgmoe-v4.0,frozen_v4_0_auxiliary_reference
ZS_CA0091,CA0091,SRC010,SFC_C256F7B116EE,LIQ_0F4168490E,zero_shot,train,40.92,65.6179,2.3468246459960938,128.88896942138672,0.9,medium,no,63.216454,62.37887,72.97508,0.034556914,0.66249657,0.30294648,0.0,no,1.1022273,20.678135,24.949017,17.057037,0.012957905,lspgmoe-v4.0,frozen_v4_0_auxiliary_reference
ZS_CA0092,CA0092,SRC010,SFC_C256F7B116EE,LIQ_6656B41AB7,zero_shot,train,40.8,63.91763,0.6465568542480469,127.18870162963869,0.9,high,yes,66.3267,63.839733,63.81318,0.034556914,0.66249657,0.30294648,0.0,no,0.78902936,14.298075,24.949017,17.057037,0.039450813,lspgmoe-v4.0,frozen_v4_0_auxiliary_reference
ZS_CA0093,CA0093,SRC009,SFC_A5B2B66974AE,LIQ_0F4168490E,zero_shot,train,83.5,81.98593,18.714859008789062,145.2570037841797,0.9,medium,no,83.4742,81.55503,82.75851,0.034556914,0.66249657,0.30294648,0.24945893011659,no,1.1063638,11.447378,18.478867,8.230051,0.033166338,lspgmoe-v4.0,frozen_v4_0_auxiliary_reference
ZS_CA0094,CA0094,SRC009,SFC_A5B2B66974AE,LIQ_6656B41AB7,zero_shot,train,77.7,73.06763,9.796554565429688,136.3386993408203,0.9,medium,no,78.136826,74.6229,69.08824,0.034556914,0.66249657,0.30294648,0.24945893011659,no,1.0616007,9.80406,18.478867,8.230051,0.059747707,lspgmoe-v4.0,frozen_v4_0_auxiliary_reference
ZS_CA0095,CA0095,SRC009,SFC_BF7DB4F8493A,LIQ_0F4168490E,zero_shot,train,11.4,29.02221,0.0,92.29328155517578,0.9,low,no,33.22443,32.003136,22.024052,0.034556914,0.66249657,0.30294648,0.24945893011659,no,2.4100397,20.60395,43.772453,25.312551,0.011353053,lspgmoe-v4.0,frozen_v4_0_auxiliary_reference
ZS_CA0096,CA0096,SRC009,SFC_BF7DB4F8493A,LIQ_6656B41AB7,zero_shot,train,30.2,28.636507,0.0,91.90757942199708,0.9,low,no,31.014755,26.887823,32.189323,0.034556914,0.66249657,0.30294648,0.24945893011659,no,3.3778946,15.479207,43.772453,25.312551,0.031852216,lspgmoe-v4.0,frozen_v4_0_auxiliary_reference
ZS_CA0097,CA0097,SRC009,SFC_1CE43E1DBA17,LIQ_0F4168490E,zero_shot,train,101.3,100.44571,37.17463684082031,163.71678161621094,0.9,medium,no,103.137695,101.216286,98.45352,0.034556914,0.66249657,0.30294648,0.3527882082636768,no,0.98053336,8.651342,14.573962,2.09851,0.032774728,lspgmoe-v4.0,frozen_v4_0_auxiliary_reference
ZS_CA0098,CA0098,SRC009,SFC_1CE43E1DBA17,LIQ_6656B41AB7,zero_shot,train,83.8,80.25075,16.97967529296875,143.52182006835938,0.9,medium,no,85.9319,81.544266,76.774,0.034556914,0.66249657,0.30294648,0.3527882082636768,no,0.5849474,8.8433895,14.573962,2.09851,0.076115355,lspgmoe-v4.0,frozen_v4_0_auxiliary_reference
ZS_CA0099,CA0099,SRC009,SFC_CD91556CDD43,LIQ_0F4168490E,zero_shot,train,65.4,65.14724,1.8761672973632808,128.4183120727539,0.9,medium,no,67.48501,65.48942,64.1323,0.034556914,0.66249657,0.30294648,0.3527882082636768,no,0.9288731,13.576861,26.635815,13.506226,0.03195618,lspgmoe-v4.0,frozen_v4_0_auxiliary_reference
ZS_CA0100,CA0100,SRC009,SFC_CD91556CDD43,LIQ_6656B41AB7,zero_shot,train,61.3,59.34795,0.0,122.61902236938477,0.9,medium,no,63.375195,59.678,58.166798,0.034556914,0.66249657,0.30294648,0.3527882082636768,no,0.7604658,10.946589,26.635815,13.506226,0.05687482,lspgmoe-v4.0,frozen_v4_0_auxiliary_reference
ZS_CA0101,CA0101,SRC007,SFC_5EB9C176CFB3,LIQ_0F4168490E,zero_shot,validation,98.7,81.16621,17.89513397216797,144.4372787475586,0.9,medium,no,82.57194,80.28796,82.92647,0.034556914,0.66249657,0.30294648,0.24945893011659,no,1.8005327,9.456762,36.22125,3.3458943,0.03926451,lspgmoe-v4.0,frozen_v4_0_auxiliary_reference
ZS_CA0102,CA0102,SRC007,SFC_5EB9C176CFB3,LIQ_6656B41AB7,zero_shot,validation,45.7,45.10196,0.0,108.37303161621094,0.9,medium,no,46.441822,44.094353,47.15262,0.034556914,0.66249657,0.30294648,0.24945893011659,no,1.8224679,10.378194,36.22125,3.3458943,0.02894873,lspgmoe-v4.0,frozen_v4_0_auxiliary_reference
ZS_CA0103,CA0103,SRC007,SFC_4A9A552599CA,LIQ_0F4168490E,zero_shot,validation,85.6,81.16621,17.89513397216797,144.4372787475586,0.9,medium,no,82.57194,80.28796,82.92647,0.034556914,0.66249657,0.30294648,0.24945893011659,no,1.8005327,9.456762,36.22125,3.3458943,0.03926451,lspgmoe-v4.0,frozen_v4_0_auxiliary_reference
ZS_CA0104,CA0104,SRC007,SFC_4A9A552599CA,LIQ_6656B41AB7,zero_shot,validation,27.8,45.10196,0.0,108.37303161621094,0.9,medium,no,46.441822,44.094353,47.15262,0.034556914,0.66249657,0.30294648,0.24945893011659,no,1.8224679,10.378194,36.22125,3.3458943,0.02894873,lspgmoe-v4.0,frozen_v4_0_auxiliary_reference
ZS_CA0105,CA0105,SRC007,SFC_FE6387F77D1C,LIQ_0F4168490E,zero_shot,validation,69.3,81.16621,17.89513397216797,144.4372787475586,0.9,medium,no,82.57194,80.28796,82.92647,0.034556914,0.66249657,0.30294648,0.24945893011659,no,1.8005327,9.456762,36.22125,3.3458943,0.03926451,lspgmoe-v4.0,frozen_v4_0_auxiliary_reference
ZS_CA0106,CA0106,SRC007,SFC_FE6387F77D1C,LIQ_6656B41AB7,zero_shot,validation,31.6,45.10196,0.0,108.37303161621094,0.9,medium,no,46.441822,44.094353,47.15262,0.034556914,0.66249657,0.30294648,0.24945893011659,no,1.8224679,10.378194,36.22125,3.3458943,0.02894873,lspgmoe-v4.0,frozen_v4_0_auxiliary_reference
ZS_CA0107,CA0107,SRC008,SFC_5B98CD5D3171,LIQ_0F4168490E,zero_shot,train,48.4,53.003334,0.0,116.27440643310548,0.9,medium,no,56.7165,52.335716,54.039757,0.034556914,0.66249657,0.30294648,0.3134077984085838,no,2.2329948,8.955817,39.98626,3.7288144,0.061207045,lspgmoe-v4.0,frozen_v4_0_auxiliary_reference
ZS_CA0123,CA0123,SRC011,SFC_B7019C8ED9E7,LIQ_5C0DC0DCD1,zero_shot,train,58.0,61.56575,0.0,124.83682250976562,0.9,medium,no,63.25638,61.052685,62.494915,0.034556914,0.66249657,0.30294648,0.4099373958605307,no,1.3360308,9.896627,36.22125,3.3458943,0.033807598,lspgmoe-v4.0,frozen_v4_0_auxiliary_reference
ZS_CA0125,CA0125,SRC011,SFC_C87A66F3CAD4,LIQ_53310FAFB3,zero_shot,train,60.0,59.120354,0.0,122.39142608642578,0.9,medium,no,57.99761,62.37671,52.12728,0.034556914,0.66249657,0.30294648,0.3527882082636768,no,1.4805602,9.118326,35.06188,1.2634962,-0.06651046,lspgmoe-v4.0,frozen_v4_0_auxiliary_reference
ZS_CA0126,CA0126,SRC011,SFC_D5E6A21B8B20,LIQ_5C0DC0DCD1,zero_shot,train,66.8,63.9226,0.6515274047851562,127.19367218017578,0.9,medium,no,66.82359,64.29079,62.786537,0.034556914,0.66249657,0.30294648,0.4798733459325557,no,0.65680563,9.590138,33.88813,2.9289474,0.04038635,lspgmoe-v4.0,frozen_v4_0_auxiliary_reference
ZS_CA0143,CA0143,SRC019,SFC_158AAEDEF9ED,LIQ_0F4168490E,zero_shot,train,76.3,81.16621,17.89513397216797,144.4372787475586,0.9,medium,no,82.57194,80.28796,82.92647,0.034556914,0.66249657,0.30294648,0.24945893011659,no,1.8005327,9.456762,36.22125,3.3458943,0.03926451,lspgmoe-v4.0,frozen_v4_0_auxiliary_reference
ZS_CA0144,CA0144,SRC019,SFC_158AAEDEF9ED,LIQ_6656B41AB7,zero_shot,train,41.7,45.10196,0.0,108.37303161621094,0.9,medium,no,46.441822,44.094353,47.15262,0.034556914,0.66249657,0.30294648,0.24945893011659,no,1.8224679,10.378194,36.22125,3.3458943,0.02894873,lspgmoe-v4.0,frozen_v4_0_auxiliary_reference
ZS_CA0145,CA0145,SRC019,SFC_158AAEDEF9ED,LIQ_53310FAFB3,zero_shot,train,58.2,55.44761,0.0,118.71868133544922,0.9,medium,no,47.05476,54.26706,58.986664,0.034556914,0.66249657,0.30294648,0.24945893011659,no,1.1413586,9.022699,36.22125,3.3458943,-0.09727658,lspgmoe-v4.0,frozen_v4_0_auxiliary_reference
ZS_CA0146,CA0146,SRC019,SFC_2B64446C7017,LIQ_0F4168490E,zero_shot,train,82.7,77.094376,13.82330322265625,140.36544799804688,0.9,medium,no,81.82436,78.42924,73.6357,0.034556914,0.66249657,0.30294648,0.0,no,1.3663296,9.405865,41.040573,2.6884105,0.058267377,lspgmoe-v4.0,frozen_v4_0_auxiliary_reference
ZS_CA0147,CA0147,SRC019,SFC_2B64446C7017,LIQ_6656B41AB7,zero_shot,train,37.7,33.766106,0.0,97.03717803955078,0.9,medium,no,37.019226,32.102737,37.032555,0.034556914,0.66249657,0.30294648,0.0,no,2.4508219,10.660611,41.040573,2.6884105,0.048079796,lspgmoe-v4.0,frozen_v4_0_auxiliary_reference
ZS_CA0148,CA0148,SRC019,SFC_2B64446C7017,LIQ_53310FAFB3,zero_shot,train,53.3,47.55052,0.0,110.82159423828124,0.9,medium,no,42.76435,47.07453,49.13739,0.034556914,0.66249657,0.30294648,0.0,no,1.4817147,9.197112,41.040573,2.6884105,-0.05343932,lspgmoe-v4.0,frozen_v4_0_auxiliary_reference
ZS_CA0149,CA0149,SRC019,SFC_DE2A842947A3,LIQ_0F4168490E,zero_shot,train,72.3,77.094376,13.82330322265625,140.36544799804688,0.9,medium,no,81.82436,78.42924,73.6357,0.034556914,0.66249657,0.30294648,0.0,no,1.3663296,9.405865,41.040573,2.6884105,0.058267377,lspgmoe-v4.0,frozen_v4_0_auxiliary_reference
ZS_CA0150,CA0150,SRC019,SFC_DE2A842947A3,LIQ_6656B41AB7,zero_shot,train,30.9,33.766106,0.0,97.03717803955078,0.9,medium,no,37.019226,32.102737,37.032555,0.034556914,0.66249657,0.30294648,0.0,no,2.4508219,10.660611,41.040573,2.6884105,0.048079796,lspgmoe-v4.0,frozen_v4_0_auxiliary_reference
ZS_CA0151,CA0151,SRC019,SFC_DE2A842947A3,LIQ_53310FAFB3,zero_shot,train,46.7,47.55052,0.0,110.82159423828124,0.9,medium,no,42.76435,47.07453,49.13739,0.034556914,0.66249657,0.30294648,0.0,no,1.4817147,9.197112,41.040573,2.6884105,-0.05343932,lspgmoe-v4.0,frozen_v4_0_auxiliary_reference
ZS_CA0152,CA0152,SRC019,SFC_F38D9A54A3DA,LIQ_0F4168490E,zero_shot,train,78.1,77.094376,13.82330322265625,140.36544799804688,0.9,medium,no,81.82436,78.42924,73.6357,0.034556914,0.66249657,0.30294648,0.0,no,1.3663296,9.405865,41.040573,2.6884105,0.058267377,lspgmoe-v4.0,frozen_v4_0_auxiliary_reference
ZS_CA0153,CA0153,SRC019,SFC_F38D9A54A3DA,LIQ_6656B41AB7,zero_shot,train,37.7,33.766106,0.0,97.03717803955078,0.9,medium,no,37.019226,32.102737,37.032555,0.034556914,0.66249657,0.30294648,0.0,no,2.4508219,10.660611,41.040573,2.6884105,0.048079796,lspgmoe-v4.0,frozen_v4_0_auxiliary_reference
ZS_CA0154,CA0154,SRC019,SFC_F38D9A54A3DA,LIQ_53310FAFB3,zero_shot,train,44.2,47.55052,0.0,110.82159423828124,0.9,medium,no,42.76435,47.07453,49.13739,0.034556914,0.66249657,0.30294648,0.0,no,1.4817147,9.197112,41.040573,2.6884105,-0.05343932,lspgmoe-v4.0,frozen_v4_0_auxiliary_reference
ZS_CA0155,CA0155,SRC019,SFC_728CE2CDF422,LIQ_0F4168490E,zero_shot,train,86.2,77.094376,13.82330322265625,140.36544799804688,0.9,medium,no,81.82436,78.42924,73.6357,0.034556914,0.66249657,0.30294648,0.0,no,1.3663296,9.405865,41.040573,2.6884105,0.058267377,lspgmoe-v4.0,frozen_v4_0_auxiliary_reference
ZS_CA0156,CA0156,SRC019,SFC_728CE2CDF422,LIQ_6656B41AB7,zero_shot,train,33.6,33.766106,0.0,97.03717803955078,0.9,medium,no,37.019226,32.102737,37.032555,0.034556914,0.66249657,0.30294648,0.0,no,2.4508219,10.660611,41.040573,2.6884105,0.048079796,lspgmoe-v4.0,frozen_v4_0_auxiliary_reference
ZS_CA0157,CA0157,SRC019,SFC_728CE2CDF422,LIQ_53310FAFB3,zero_shot,train,49.4,47.55052,0.0,110.82159423828124,0.9,medium,no,42.76435,47.07453,49.13739,0.034556914,0.66249657,0.30294648,0.0,no,1.4817147,9.197112,41.040573,2.6884105,-0.05343932,lspgmoe-v4.0,frozen_v4_0_auxiliary_reference
ZS_CA0158,CA0158,SRC019,SFC_18B35400A3DF,LIQ_0F4168490E,zero_shot,train,77.6,76.0454,12.774330139160156,139.31647491455078,0.9,medium,no,80.815895,76.54684,74.404686,0.034556914,0.66249657,0.30294648,0.0,no,1.684157,9.021001,38.733467,3.401036,0.07284123,lspgmoe-v4.0,frozen_v4_0_auxiliary_reference
ZS_CA0159,CA0159,SRC019,SFC_18B35400A3DF,LIQ_6656B41AB7,zero_shot,train,40.5,36.564182,0.0,99.83525466918944,0.9,medium,no,41.672684,35.529198,38.24482,0.034556914,0.66249657,0.30294648,0.0,no,2.1310518,10.115995,38.733467,3.401036,0.06652146,lspgmoe-v4.0,frozen_v4_0_auxiliary_reference
ZS_CA0160,CA0160,SRC019,SFC_18B35400A3DF,LIQ_53310FAFB3,zero_shot,train,54.1,48.217033,0.0,111.48810577392578,0.9,medium,no,43.025978,47.65728,50.033264,0.034556914,0.66249657,0.30294648,0.0,no,1.3920871,8.745828,38.733467,3.401036,-0.057650715,lspgmoe-v4.0,frozen_v4_0_auxiliary_reference
ZS_CA0161,CA0161,SRC019,SFC_A2A13A70D232,LIQ_0F4168490E,zero_shot,train,79.7,76.0454,12.774330139160156,139.31647491455078,0.9,medium,no,80.815895,76.54684,74.404686,0.034556914,0.66249657,0.30294648,0.0,no,1.684157,9.021001,38.733467,3.401036,0.07284123,lspgmoe-v4.0,frozen_v4_0_auxiliary_reference
ZS_CA0162,CA0162,SRC019,SFC_A2A13A70D232,LIQ_6656B41AB7,zero_shot,train,48.0,36.564182,0.0,99.83525466918944,0.9,medium,no,41.672684,35.529198,38.24482,0.034556914,0.66249657,0.30294648,0.0,no,2.1310518,10.115995,38.733467,3.401036,0.06652146,lspgmoe-v4.0,frozen_v4_0_auxiliary_reference
ZS_CA0163,CA0163,SRC019,SFC_A2A13A70D232,LIQ_53310FAFB3,zero_shot,train,58.7,48.217033,0.0,111.48810577392578,0.9,medium,no,43.025978,47.65728,50.033264,0.034556914,0.66249657,0.30294648,0.0,no,1.3920871,8.745828,38.733467,3.401036,-0.057650715,lspgmoe-v4.0,frozen_v4_0_auxiliary_reference
ZS_CA0164,CA0164,SRC019,SFC_1A0DE38C2B6C,LIQ_0F4168490E,zero_shot,train,66.7,76.0454,12.774330139160156,139.31647491455078,0.9,medium,no,80.815895,76.54684,74.404686,0.034556914,0.66249657,0.30294648,0.0,no,1.684157,9.021001,38.733467,3.401036,0.07284123,lspgmoe-v4.0,frozen_v4_0_auxiliary_reference
ZS_CA0165,CA0165,SRC019,SFC_1A0DE38C2B6C,LIQ_6656B41AB7,zero_shot,train,33.0,36.564182,0.0,99.83525466918944,0.9,medium,no,41.672684,35.529198,38.24482,0.034556914,0.66249657,0.30294648,0.0,no,2.1310518,10.115995,38.733467,3.401036,0.06652146,lspgmoe-v4.0,frozen_v4_0_auxiliary_reference
ZS_CA0166,CA0166,SRC019,SFC_1A0DE38C2B6C,LIQ_53310FAFB3,zero_shot,train,46.0,48.217033,0.0,111.48810577392578,0.9,medium,no,43.025978,47.65728,50.033264,0.034556914,0.66249657,0.30294648,0.0,no,1.3920871,8.745828,38.733467,3.401036,-0.057650715,lspgmoe-v4.0,frozen_v4_0_auxiliary_reference
ZS_CA0167,CA0167,SRC019,SFC_B939DB90B487,LIQ_0F4168490E,zero_shot,train,85.3,76.0454,12.774330139160156,139.31647491455078,0.9,medium,no,80.815895,76.54684,74.404686,0.034556914,0.66249657,0.30294648,0.0,no,1.684157,9.021001,38.733467,3.401036,0.07284123,lspgmoe-v4.0,frozen_v4_0_auxiliary_reference
ZS_CA0168,CA0168,SRC019,SFC_B939DB90B487,LIQ_6656B41AB7,zero_shot,train,42.7,36.564182,0.0,99.83525466918944,0.9,medium,no,41.672684,35.529198,38.24482,0.034556914,0.66249657,0.30294648,0.0,no,2.1310518,10.115995,38.733467,3.401036,0.06652146,lspgmoe-v4.0,frozen_v4_0_auxiliary_reference
ZS_CA0169,CA0169,SRC019,SFC_B939DB90B487,LIQ_53310FAFB3,zero_shot,train,54.6,48.217033,0.0,111.48810577392578,0.9,medium,no,43.025978,47.65728,50.033264,0.034556914,0.66249657,0.30294648,0.0,no,1.3920871,8.745828,38.733467,3.401036,-0.057650715,lspgmoe-v4.0,frozen_v4_0_auxiliary_reference
ZS_CA0170,CA0170,SRC019,SFC_20F9A903B6D3,LIQ_0F4168490E,zero_shot,train,70.8,76.0454,12.774330139160156,139.31647491455078,0.9,medium,no,80.815895,76.54684,74.404686,0.034556914,0.66249657,0.30294648,0.0,no,1.684157,9.021001,38.733467,3.401036,0.07284123,lspgmoe-v4.0,frozen_v4_0_auxiliary_reference
ZS_CA0171,CA0171,SRC019,SFC_20F9A903B6D3,LIQ_6656B41AB7,zero_shot,train,31.6,36.564182,0.0,99.83525466918944,0.9,medium,no,41.672684,35.529198,38.24482,0.034556914,0.66249657,0.30294648,0.0,no,2.1310518,10.115995,38.733467,3.401036,0.06652146,lspgmoe-v4.0,frozen_v4_0_auxiliary_reference
ZS_CA0172,CA0172,SRC019,SFC_20F9A903B6D3,LIQ_53310FAFB3,zero_shot,train,43.6,48.217033,0.0,111.48810577392578,0.9,medium,no,43.025978,47.65728,50.033264,0.034556914,0.66249657,0.30294648,0.0,no,1.3920871,8.745828,38.733467,3.401036,-0.057650715,lspgmoe-v4.0,frozen_v4_0_auxiliary_reference
ZS_CA0173,CA0173,SRC019,SFC_B194AD3300AA,LIQ_0F4168490E,zero_shot,train,70.0,81.16621,17.89513397216797,144.4372787475586,0.9,medium,no,82.57194,80.28796,82.92647,0.034556914,0.66249657,0.30294648,0.24945893011659,no,1.8005327,9.456762,36.22125,3.3458943,0.03926451,lspgmoe-v4.0,frozen_v4_0_auxiliary_reference
ZS_CA0174,CA0174,SRC019,SFC_B194AD3300AA,LIQ_6656B41AB7,zero_shot,train,44.5,45.10196,0.0,108.37303161621094,0.9,medium,no,46.441822,44.094353,47.15262,0.034556914,0.66249657,0.30294648,0.24945893011659,no,1.8224679,10.378194,36.22125,3.3458943,0.02894873,lspgmoe-v4.0,frozen_v4_0_auxiliary_reference
ZS_CA0175,CA0175,SRC019,SFC_B194AD3300AA,LIQ_53310FAFB3,zero_shot,train,57.7,55.44761,0.0,118.71868133544922,0.9,medium,no,47.05476,54.26706,58.986664,0.034556914,0.66249657,0.30294648,0.24945893011659,no,1.1413586,9.022699,36.22125,3.3458943,-0.09727658,lspgmoe-v4.0,frozen_v4_0_auxiliary_reference
ZS_CA0176,CA0176,SRC019,SFC_518FE42D18EE,LIQ_0F4168490E,zero_shot,train,67.9,77.094376,13.82330322265625,140.36544799804688,0.9,medium,no,81.82436,78.42924,73.6357,0.034556914,0.66249657,0.30294648,0.0,no,1.3663296,9.405865,41.040573,2.6884105,0.058267377,lspgmoe-v4.0,frozen_v4_0_auxiliary_reference
ZS_CA0177,CA0177,SRC019,SFC_518FE42D18EE,LIQ_6656B41AB7,zero_shot,train,30.1,33.766106,0.0,97.03717803955078,0.9,medium,no,37.019226,32.102737,37.032555,0.034556914,0.66249657,0.30294648,0.0,no,2.4508219,10.660611,41.040573,2.6884105,0.048079796,lspgmoe-v4.0,frozen_v4_0_auxiliary_reference
ZS_CA0178,CA0178,SRC019,SFC_518FE42D18EE,LIQ_53310FAFB3,zero_shot,train,40.6,47.55052,0.0,110.82159423828124,0.9,medium,no,42.76435,47.07453,49.13739,0.034556914,0.66249657,0.30294648,0.0,no,1.4817147,9.197112,41.040573,2.6884105,-0.05343932,lspgmoe-v4.0,frozen_v4_0_auxiliary_reference
ZS_CA0179,CA0179,SRC019,SFC_5B4B735AB969,LIQ_0F4168490E,zero_shot,train,84.9,77.094376,13.82330322265625,140.36544799804688,0.9,medium,no,81.82436,78.42924,73.6357,0.034556914,0.66249657,0.30294648,0.0,no,1.3663296,9.405865,41.040573,2.6884105,0.058267377,lspgmoe-v4.0,frozen_v4_0_auxiliary_reference
ZS_CA0180,CA0180,SRC019,SFC_5B4B735AB969,LIQ_6656B41AB7,zero_shot,train,43.3,33.766106,0.0,97.03717803955078,0.9,medium,no,37.019226,32.102737,37.032555,0.034556914,0.66249657,0.30294648,0.0,no,2.4508219,10.660611,41.040573,2.6884105,0.048079796,lspgmoe-v4.0,frozen_v4_0_auxiliary_reference
ZS_CA0181,CA0181,SRC019,SFC_5B4B735AB969,LIQ_53310FAFB3,zero_shot,train,57.7,47.55052,0.0,110.82159423828124,0.9,medium,no,42.76435,47.07453,49.13739,0.034556914,0.66249657,0.30294648,0.0,no,1.4817147,9.197112,41.040573,2.6884105,-0.05343932,lspgmoe-v4.0,frozen_v4_0_auxiliary_reference
ZS_CA0182,CA0182,SRC019,SFC_C21C1D938B32,LIQ_0F4168490E,zero_shot,train,71.5,77.094376,13.82330322265625,140.36544799804688,0.9,medium,no,81.82436,78.42924,73.6357,0.034556914,0.66249657,0.30294648,0.0,no,1.3663296,9.405865,41.040573,2.6884105,0.058267377,lspgmoe-v4.0,frozen_v4_0_auxiliary_reference
ZS_CA0183,CA0183,SRC019,SFC_C21C1D938B32,LIQ_6656B41AB7,zero_shot,train,34.0,33.766106,0.0,97.03717803955078,0.9,medium,no,37.019226,32.102737,37.032555,0.034556914,0.66249657,0.30294648,0.0,no,2.4508219,10.660611,41.040573,2.6884105,0.048079796,lspgmoe-v4.0,frozen_v4_0_auxiliary_reference
ZS_CA0184,CA0184,SRC019,SFC_C21C1D938B32,LIQ_53310FAFB3,zero_shot,train,45.1,47.55052,0.0,110.82159423828124,0.9,medium,no,42.76435,47.07453,49.13739,0.034556914,0.66249657,0.30294648,0.0,no,1.4817147,9.197112,41.040573,2.6884105,-0.05343932,lspgmoe-v4.0,frozen_v4_0_auxiliary_reference
ZS_CA0185,CA0185,SRC019,SFC_7CE7C443ED47,LIQ_0F4168490E,zero_shot,train,76.7,77.094376,13.82330322265625,140.36544799804688,0.9,medium,no,81.82436,78.42924,73.6357,0.034556914,0.66249657,0.30294648,0.0,no,1.3663296,9.405865,41.040573,2.6884105,0.058267377,lspgmoe-v4.0,frozen_v4_0_auxiliary_reference
ZS_CA0186,CA0186,SRC019,SFC_7CE7C443ED47,LIQ_6656B41AB7,zero_shot,train,32.4,33.766106,0.0,97.03717803955078,0.9,medium,no,37.019226,32.102737,37.032555,0.034556914,0.66249657,0.30294648,0.0,no,2.4508219,10.660611,41.040573,2.6884105,0.048079796,lspgmoe-v4.0,frozen_v4_0_auxiliary_reference
ZS_CA0187,CA0187,SRC019,SFC_7CE7C443ED47,LIQ_53310FAFB3,zero_shot,train,45.9,47.55052,0.0,110.82159423828124,0.9,medium,no,42.76435,47.07453,49.13739,0.034556914,0.66249657,0.30294648,0.0,no,1.4817147,9.197112,41.040573,2.6884105,-0.05343932,lspgmoe-v4.0,frozen_v4_0_auxiliary_reference
ZS_CA0188,CA0188,SRC019,SFC_3A912BE10F78,LIQ_0F4168490E,zero_shot,train,77.6,76.0454,12.774330139160156,139.31647491455078,0.9,medium,no,80.815895,76.54684,74.404686,0.034556914,0.66249657,0.30294648,0.0,no,1.684157,9.021001,38.733467,3.401036,0.07284123,lspgmoe-v4.0,frozen_v4_0_auxiliary_reference
ZS_CA0189,CA0189,SRC019,SFC_3A912BE10F78,LIQ_6656B41AB7,zero_shot,train,43.3,36.564182,0.0,99.83525466918944,0.9,medium,no,41.672684,35.529198,38.24482,0.034556914,0.66249657,0.30294648,0.0,no,2.1310518,10.115995,38.733467,3.401036,0.06652146,lspgmoe-v4.0,frozen_v4_0_auxiliary_reference
ZS_CA0190,CA0190,SRC019,SFC_3A912BE10F78,LIQ_53310FAFB3,zero_shot,train,54.7,48.217033,0.0,111.48810577392578,0.9,medium,no,43.025978,47.65728,50.033264,0.034556914,0.66249657,0.30294648,0.0,no,1.3920871,8.745828,38.733467,3.401036,-0.057650715,lspgmoe-v4.0,frozen_v4_0_auxiliary_reference
ZS_CA0191,CA0191,SRC019,SFC_A85159655264,LIQ_0F4168490E,zero_shot,train,76.8,76.0454,12.774330139160156,139.31647491455078,0.9,medium,no,80.815895,76.54684,74.404686,0.034556914,0.66249657,0.30294648,0.0,no,1.684157,9.021001,38.733467,3.401036,0.07284123,lspgmoe-v4.0,frozen_v4_0_auxiliary_reference
ZS_CA0192,CA0192,SRC019,SFC_A85159655264,LIQ_6656B41AB7,zero_shot,train,40.8,36.564182,0.0,99.83525466918944,0.9,medium,no,41.672684,35.529198,38.24482,0.034556914,0.66249657,0.30294648,0.0,no,2.1310518,10.115995,38.733467,3.401036,0.06652146,lspgmoe-v4.0,frozen_v4_0_auxiliary_reference
ZS_CA0193,CA0193,SRC019,SFC_A85159655264,LIQ_53310FAFB3,zero_shot,train,52.8,48.217033,0.0,111.48810577392578,0.9,medium,no,43.025978,47.65728,50.033264,0.034556914,0.66249657,0.30294648,0.0,no,1.3920871,8.745828,38.733467,3.401036,-0.057650715,lspgmoe-v4.0,frozen_v4_0_auxiliary_reference
ZS_CA0194,CA0194,SRC019,SFC_FFB6C9027014,LIQ_0F4168490E,zero_shot,train,69.2,76.0454,12.774330139160156,139.31647491455078,0.9,medium,no,80.815895,76.54684,74.404686,0.034556914,0.66249657,0.30294648,0.0,no,1.684157,9.021001,38.733467,3.401036,0.07284123,lspgmoe-v4.0,frozen_v4_0_auxiliary_reference
ZS_CA0195,CA0195,SRC019,SFC_FFB6C9027014,LIQ_6656B41AB7,zero_shot,train,34.2,36.564182,0.0,99.83525466918944,0.9,medium,no,41.672684,35.529198,38.24482,0.034556914,0.66249657,0.30294648,0.0,no,2.1310518,10.115995,38.733467,3.401036,0.06652146,lspgmoe-v4.0,frozen_v4_0_auxiliary_reference
ZS_CA0196,CA0196,SRC019,SFC_FFB6C9027014,LIQ_53310FAFB3,zero_shot,train,46.5,48.217033,0.0,111.48810577392578,0.9,medium,no,43.025978,47.65728,50.033264,0.034556914,0.66249657,0.30294648,0.0,no,1.3920871,8.745828,38.733467,3.401036,-0.057650715,lspgmoe-v4.0,frozen_v4_0_auxiliary_reference
ZS_CA0197,CA0197,SRC019,SFC_A4D0CCDC96C9,LIQ_0F4168490E,zero_shot,train,64.0,76.0454,12.774330139160156,139.31647491455078,0.9,medium,no,80.815895,76.54684,74.404686,0.034556914,0.66249657,0.30294648,0.0,no,1.684157,9.021001,38.733467,3.401036,0.07284123,lspgmoe-v4.0,frozen_v4_0_auxiliary_reference
ZS_CA0198,CA0198,SRC019,SFC_A4D0CCDC96C9,LIQ_6656B41AB7,zero_shot,train,34.4,36.564182,0.0,99.83525466918944,0.9,medium,no,41.672684,35.529198,38.24482,0.034556914,0.66249657,0.30294648,0.0,no,2.1310518,10.115995,38.733467,3.401036,0.06652146,lspgmoe-v4.0,frozen_v4_0_auxiliary_reference
ZS_CA0199,CA0199,SRC019,SFC_A4D0CCDC96C9,LIQ_53310FAFB3,zero_shot,train,40.6,48.217033,0.0,111.48810577392578,0.9,medium,no,43.025978,47.65728,50.033264,0.034556914,0.66249657,0.30294648,0.0,no,1.3920871,8.745828,38.733467,3.401036,-0.057650715,lspgmoe-v4.0,frozen_v4_0_auxiliary_reference
ZS_CA0200,CA0200,SRC019,SFC_122E5AC99B75,LIQ_0F4168490E,zero_shot,train,73.5,76.0454,12.774330139160156,139.31647491455078,0.9,medium,no,80.815895,76.54684,74.404686,0.034556914,0.66249657,0.30294648,0.0,no,1.684157,9.021001,38.733467,3.401036,0.07284123,lspgmoe-v4.0,frozen_v4_0_auxiliary_reference
ZS_CA0201,CA0201,SRC019,SFC_122E5AC99B75,LIQ_6656B41AB7,zero_shot,train,38.0,36.564182,0.0,99.83525466918944,0.9,medium,no,41.672684,35.529198,38.24482,0.034556914,0.66249657,0.30294648,0.0,no,2.1310518,10.115995,38.733467,3.401036,0.06652146,lspgmoe-v4.0,frozen_v4_0_auxiliary_reference
ZS_CA0202,CA0202,SRC019,SFC_122E5AC99B75,LIQ_53310FAFB3,zero_shot,train,48.1,48.217033,0.0,111.48810577392578,0.9,medium,no,43.025978,47.65728,50.033264,0.034556914,0.66249657,0.30294648,0.0,no,1.3920871,8.745828,38.733467,3.401036,-0.057650715,lspgmoe-v4.0,frozen_v4_0_auxiliary_reference
ZS_CA0203,CA0203,SRC021,SFC_AF7901E44BC5,LIQ_0F4168490E,zero_shot,train,148.4,117.55751,54.28643798828125,180.0,0.9,medium,no,94.99784,111.36931,133.66353,0.034556914,0.66249657,0.30294648,0.3527882082636768,no,6.902974,20.995136,50.194313,0.00097562745,-0.27149302,lspgmoe-v4.0,frozen_v4_0_auxiliary_reference
ZS_CA0204,CA0204,SRC021,SFC_AF7901E44BC5,LIQ_53310FAFB3,zero_shot,train,13.7,38.609684,0.0,101.88075637817384,0.9,medium,no,53.562355,39.938713,33.99767,0.034556914,0.66249657,0.30294648,0.2593661434913845,no,12.827064,20.143387,50.194313,0.00097562745,0.13050859,lspgmoe-v4.0,frozen_v4_0_auxiliary_reference
ZS_CA0205,CA0205,SRC021,SFC_AF7901E44BC5,LIQ_6656B41AB7,zero_shot,train,10.1,11.682825,0.0,74.95389747619629,0.9,low,no,10.3226,8.200213,19.453913,0.034556914,0.66249657,0.30294648,0.3198223546567147,no,6.967906,22.638208,50.194313,0.00097562745,0.050968416,lspgmoe-v4.0,frozen_v4_0_auxiliary_reference
ZS_CA0206,CA0206,SRC021,SFC_AF7901E44BC5,LIQ_1BD1B94C09,zero_shot,train,88.0,67.8528,4.58172607421875,131.12387084960938,0.9,medium,no,58.056866,65.2042,74.76229,0.034556914,0.66249657,0.30294648,0.2593661434913845,no,2.0986886,22.29051,50.194313,0.00097562745,-0.109854355,lspgmoe-v4.0,frozen_v4_0_auxiliary_reference
ZS_CA0207,CA0207,SRC021,SFC_64CEEFE0D7DB,LIQ_0F4168490E,zero_shot,train,157.0,117.55751,54.28643798828125,180.0,0.9,medium,no,94.99784,111.36931,133.66353,0.034556914,0.66249657,0.30294648,0.3527882082636768,no,6.902974,20.995136,50.194313,0.00097562745,-0.27149302,lspgmoe-v4.0,frozen_v4_0_auxiliary_reference
ZS_CA0208,CA0208,SRC021,SFC_64CEEFE0D7DB,LIQ_53310FAFB3,zero_shot,train,14.2,38.609684,0.0,101.88075637817384,0.9,medium,no,53.562355,39.938713,33.99767,0.034556914,0.66249657,0.30294648,0.2593661434913845,no,12.827064,20.143387,50.194313,0.00097562745,0.13050859,lspgmoe-v4.0,frozen_v4_0_auxiliary_reference
ZS_CA0209,CA0209,SRC021,SFC_64CEEFE0D7DB,LIQ_6656B41AB7,zero_shot,train,10.0,11.682825,0.0,74.95389747619629,0.9,low,no,10.3226,8.200213,19.453913,0.034556914,0.66249657,0.30294648,0.3198223546567147,no,6.967906,22.638208,50.194313,0.00097562745,0.050968416,lspgmoe-v4.0,frozen_v4_0_auxiliary_reference
ZS_CA0210,CA0210,SRC021,SFC_64CEEFE0D7DB,LIQ_1BD1B94C09,zero_shot,train,94.5,67.8528,4.58172607421875,131.12387084960938,0.9,medium,no,58.056866,65.2042,74.76229,0.034556914,0.66249657,0.30294648,0.2593661434913845,no,2.0986886,22.29051,50.194313,0.00097562745,-0.109854355,lspgmoe-v4.0,frozen_v4_0_auxiliary_reference
ZS_CA0211,CA0211,SRC021,SFC_6A9094C843B2,LIQ_0F4168490E,zero_shot,train,129.3,117.55751,54.28643798828125,180.0,0.9,medium,no,94.99784,111.36931,133.66353,0.034556914,0.66249657,0.30294648,0.3527882082636768,no,6.902974,20.995136,50.194313,0.00097562745,-0.27149302,lspgmoe-v4.0,frozen_v4_0_auxiliary_reference
ZS_CA0212,CA0212,SRC021,SFC_6A9094C843B2,LIQ_53310FAFB3,zero_shot,train,59.1,38.609684,0.0,101.88075637817384,0.9,medium,no,53.562355,39.938713,33.99767,0.034556914,0.66249657,0.30294648,0.2593661434913845,no,12.827064,20.143387,50.194313,0.00097562745,0.13050859,lspgmoe-v4.0,frozen_v4_0_auxiliary_reference
ZS_CA0213,CA0213,SRC021,SFC_6A9094C843B2,LIQ_6656B41AB7,zero_shot,train,30.0,11.682825,0.0,74.95389747619629,0.9,low,no,10.3226,8.200213,19.453913,0.034556914,0.66249657,0.30294648,0.3198223546567147,no,6.967906,22.638208,50.194313,0.00097562745,0.050968416,lspgmoe-v4.0,frozen_v4_0_auxiliary_reference
ZS_CA0214,CA0214,SRC021,SFC_6A9094C843B2,LIQ_1BD1B94C09,zero_shot,train,63.5,67.8528,4.58172607421875,131.12387084960938,0.9,medium,no,58.056866,65.2042,74.76229,0.034556914,0.66249657,0.30294648,0.2593661434913845,no,2.0986886,22.29051,50.194313,0.00097562745,-0.109854355,lspgmoe-v4.0,frozen_v4_0_auxiliary_reference
ZS_CA0215,CA0215,SRC021,SFC_FF57CC803397,LIQ_0F4168490E,zero_shot,train,103.8,117.55751,54.28643798828125,180.0,0.9,medium,no,94.99784,111.36931,133.66353,0.034556914,0.66249657,0.30294648,0.3527882082636768,no,6.902974,20.995136,50.194313,0.00097562745,-0.27149302,lspgmoe-v4.0,frozen_v4_0_auxiliary_reference
ZS_CA0216,CA0216,SRC021,SFC_FF57CC803397,LIQ_53310FAFB3,zero_shot,train,38.6,38.609684,0.0,101.88075637817384,0.9,medium,no,53.562355,39.938713,33.99767,0.034556914,0.66249657,0.30294648,0.2593661434913845,no,12.827064,20.143387,50.194313,0.00097562745,0.13050859,lspgmoe-v4.0,frozen_v4_0_auxiliary_reference
ZS_CA0217,CA0217,SRC021,SFC_FF57CC803397,LIQ_6656B41AB7,zero_shot,train,18.5,11.682825,0.0,74.95389747619629,0.9,low,no,10.3226,8.200213,19.453913,0.034556914,0.66249657,0.30294648,0.3198223546567147,no,6.967906,22.638208,50.194313,0.00097562745,0.050968416,lspgmoe-v4.0,frozen_v4_0_auxiliary_reference
ZS_CA0218,CA0218,SRC021,SFC_FF57CC803397,LIQ_1BD1B94C09,zero_shot,train,66.2,67.8528,4.58172607421875,131.12387084960938,0.9,medium,no,58.056866,65.2042,74.76229,0.034556914,0.66249657,0.30294648,0.2593661434913845,no,2.0986886,22.29051,50.194313,0.00097562745,-0.109854355,lspgmoe-v4.0,frozen_v4_0_auxiliary_reference
ZS_CA0219,CA0219,SRC021,SFC_A7B1D9A554FD,LIQ_0F4168490E,zero_shot,train,143.8,146.93396,83.66288757324219,180.0,0.9,medium,no,140.17497,146.5091,148.63405,0.034556914,0.66249657,0.30294648,0.3527882082636768,no,1.4380268,8.327959,3.2681382,2.7345218e-06,-0.06542701,lspgmoe-v4.0,frozen_v4_0_auxiliary_reference
ZS_CA0220,CA0220,SRC021,SFC_A7B1D9A554FD,LIQ_53310FAFB3,zero_shot,train,119.7,128.71231,65.44123840332031,180.0,0.9,medium,no,126.46926,128.29019,129.89133,0.034556914,0.66249657,0.30294648,0.2593661434913845,no,1.0822117,10.295118,3.2681382,2.7345218e-06,-0.025092652,lspgmoe-v4.0,frozen_v4_0_auxiliary_reference
ZS_CA0221,CA0221,SRC021,SFC_A7B1D9A554FD,LIQ_6656B41AB7,zero_shot,train,117.8,116.298355,53.02728271484375,179.56942749023438,0.9,medium,no,119.542274,115.62958,117.390854,0.034556914,0.66249657,0.30294648,0.3198223546567147,no,0.8513268,10.868045,3.2681382,2.7345218e-06,0.060554456,lspgmoe-v4.0,frozen_v4_0_auxiliary_reference
ZS_CA0222,CA0222,SRC021,SFC_A7B1D9A554FD,LIQ_1BD1B94C09,zero_shot,train,125.9,128.29488,65.0238037109375,180.0,0.9,medium,no,127.64465,128.04358,128.91864,0.034556914,0.66249657,0.30294648,0.2593661434913845,no,0.36111176,9.683756,3.2681382,2.7345218e-06,-0.005550746,lspgmoe-v4.0,frozen_v4_0_auxiliary_reference
ZS_CA0223,CA0223,SRC021,SFC_9E60C86BF546,LIQ_0F4168490E,zero_shot,train,157.5,146.93396,83.66288757324219,180.0,0.9,medium,no,140.17497,146.5091,148.63405,0.034556914,0.66249657,0.30294648,0.3527882082636768,no,1.4380268,8.327959,3.2681382,2.7345218e-06,-0.06542701,lspgmoe-v4.0,frozen_v4_0_auxiliary_reference
ZS_CA0224,CA0224,SRC021,SFC_9E60C86BF546,LIQ_53310FAFB3,zero_shot,train,147.7,128.71231,65.44123840332031,180.0,0.9,medium,no,126.46926,128.29019,129.89133,0.034556914,0.66249657,0.30294648,0.2593661434913845,no,1.0822117,10.295118,3.2681382,2.7345218e-06,-0.025092652,lspgmoe-v4.0,frozen_v4_0_auxiliary_reference
ZS_CA0225,CA0225,SRC021,SFC_9E60C86BF546,LIQ_6656B41AB7,zero_shot,train,139.4,116.298355,53.02728271484375,179.56942749023438,0.9,medium,no,119.542274,115.62958,117.390854,0.034556914,0.66249657,0.30294648,0.3198223546567147,no,0.8513268,10.868045,3.2681382,2.7345218e-06,0.060554456,lspgmoe-v4.0,frozen_v4_0_auxiliary_reference
ZS_CA0226,CA0226,SRC021,SFC_9E60C86BF546,LIQ_1BD1B94C09,zero_shot,train,135.9,128.29488,65.0238037109375,180.0,0.9,medium,no,127.64465,128.04358,128.91864,0.034556914,0.66249657,0.30294648,0.2593661434913845,no,0.36111176,9.683756,3.2681382,2.7345218e-06,-0.005550746,lspgmoe-v4.0,frozen_v4_0_auxiliary_reference
ZS_CA0227,CA0227,SRC021,SFC_669705F5791A,LIQ_0F4168490E,zero_shot,train,148.2,146.93396,83.66288757324219,180.0,0.9,medium,no,140.17497,146.5091,148.63405,0.034556914,0.66249657,0.30294648,0.3527882082636768,no,1.4380268,8.327959,3.2681382,2.7345218e-06,-0.06542701,lspgmoe-v4.0,frozen_v4_0_auxiliary_reference
ZS_CA0228,CA0228,SRC021,SFC_669705F5791A,LIQ_53310FAFB3,zero_shot,train,129.3,128.71231,65.44123840332031,180.0,0.9,medium,no,126.46926,128.29019,129.89133,0.034556914,0.66249657,0.30294648,0.2593661434913845,no,1.0822117,10.295118,3.2681382,2.7345218e-06,-0.025092652,lspgmoe-v4.0,frozen_v4_0_auxiliary_reference
ZS_CA0229,CA0229,SRC021,SFC_669705F5791A,LIQ_6656B41AB7,zero_shot,train,107.1,116.298355,53.02728271484375,179.56942749023438,0.9,medium,no,119.542274,115.62958,117.390854,0.034556914,0.66249657,0.30294648,0.3198223546567147,no,0.8513268,10.868045,3.2681382,2.7345218e-06,0.060554456,lspgmoe-v4.0,frozen_v4_0_auxiliary_reference
ZS_CA0230,CA0230,SRC021,SFC_669705F5791A,LIQ_1BD1B94C09,zero_shot,train,119.5,128.29488,65.0238037109375,180.0,0.9,medium,no,127.64465,128.04358,128.91864,0.034556914,0.66249657,0.30294648,0.2593661434913845,no,0.36111176,9.683756,3.2681382,2.7345218e-06,-0.005550746,lspgmoe-v4.0,frozen_v4_0_auxiliary_reference
ZS_CA0231,CA0231,SRC021,SFC_DDF6B0728CC9,LIQ_0F4168490E,zero_shot,train,147.4,146.93396,83.66288757324219,180.0,0.9,medium,no,140.17497,146.5091,148.63405,0.034556914,0.66249657,0.30294648,0.3527882082636768,no,1.4380268,8.327959,3.2681382,2.7345218e-06,-0.06542701,lspgmoe-v4.0,frozen_v4_0_auxiliary_reference
ZS_CA0232,CA0232,SRC021,SFC_DDF6B0728CC9,LIQ_53310FAFB3,zero_shot,train,122.9,128.71231,65.44123840332031,180.0,0.9,medium,no,126.46926,128.29019,129.89133,0.034556914,0.66249657,0.30294648,0.2593661434913845,no,1.0822117,10.295118,3.2681382,2.7345218e-06,-0.025092652,lspgmoe-v4.0,frozen_v4_0_auxiliary_reference
ZS_CA0233,CA0233,SRC021,SFC_DDF6B0728CC9,LIQ_6656B41AB7,zero_shot,train,115.4,116.298355,53.02728271484375,179.56942749023438,0.9,medium,no,119.542274,115.62958,117.390854,0.034556914,0.66249657,0.30294648,0.3198223546567147,no,0.8513268,10.868045,3.2681382,2.7345218e-06,0.060554456,lspgmoe-v4.0,frozen_v4_0_auxiliary_reference
ZS_CA0234,CA0234,SRC021,SFC_DDF6B0728CC9,LIQ_1BD1B94C09,zero_shot,train,124.1,128.29488,65.0238037109375,180.0,0.9,medium,no,127.64465,128.04358,128.91864,0.034556914,0.66249657,0.30294648,0.2593661434913845,no,0.36111176,9.683756,3.2681382,2.7345218e-06,-0.005550746,lspgmoe-v4.0,frozen_v4_0_auxiliary_reference
ZS_CA0235,CA0235,SRC013,SFC_2A727AF34E6D,LIQ_6656B41AB7,zero_shot,internal_test,19.7,32.070747,0.0,95.3418197631836,0.9,high,yes,19.597734,16.685274,67.13917,0.034556914,0.66249657,0.30294648,1.0072427241580837,yes,6.807908,10.962683,38.025543,5.180987,0.0036782227,lspgmoe-v4.0,frozen_v4_0_auxiliary_reference
ZS_CA0236,CA0236,SRC013,SFC_2A727AF34E6D,LIQ_53310FAFB3,zero_shot,internal_test,20.1,38.24124,0.0,101.51231384277344,0.9,high,yes,0.08156469,23.668371,74.462685,0.034556914,0.66249657,0.30294648,1.0072427241580837,yes,5.0873294,9.80966,38.025543,5.180987,-0.09126593,lspgmoe-v4.0,frozen_v4_0_auxiliary_reference
ZS_CA0237,CA0237,SRC013,SFC_2A727AF34E6D,LIQ_0F4168490E,zero_shot,internal_test,19.7,63.041862,0.0,126.31293487548828,0.9,high,yes,43.93485,44.998398,104.67963,0.034556914,0.66249657,0.30294648,1.0072427241580837,yes,4.0818124,10.214246,38.025543,5.180987,-0.017244827,lspgmoe-v4.0,frozen_v4_0_auxiliary_reference
ZS_CA0238,CA0238,SRC013,SFC_E38FF72DBA39,LIQ_6656B41AB7,zero_shot,internal_test,31.5,44.545876,0.0,107.81694793701172,0.9,high,yes,31.476883,30.535107,76.676025,0.034556914,0.66249657,0.30294648,1.016906855981831,yes,3.7669551,11.030584,37.895775,5.0101137,0.0055267434,lspgmoe-v4.0,frozen_v4_0_auxiliary_reference
ZS_CA0239,CA0239,SRC013,SFC_E38FF72DBA39,LIQ_53310FAFB3,zero_shot,internal_test,34.7,41.334976,0.0,104.60604858398438,0.9,high,yes,0.08156469,23.618807,84.78322,0.034556914,0.66249657,0.30294648,1.016906855981831,yes,5.1552386,9.815329,37.895775,5.0101137,-0.090928435,lspgmoe-v4.0,frozen_v4_0_auxiliary_reference
ZS_CA0240,CA0240,SRC013,SFC_E38FF72DBA39,LIQ_0F4168490E,zero_shot,internal_test,38.8,73.24791,9.976837158203123,136.51898193359375,0.9,high,yes,54.290703,55.15998,114.96584,0.034556914,0.66249657,0.30294648,1.016906855981831,yes,3.4282627,10.269089,37.895775,5.0101137,-0.014839304,lspgmoe-v4.0,frozen_v4_0_auxiliary_reference
ZS_CA0241,CA0241,SRC013,SFC_39DBA098ECDC,LIQ_6656B41AB7,zero_shot,internal_test,23.8,38.121162,0.0,101.3922348022461,0.9,high,yes,23.718102,22.348516,74.256424,0.034556914,0.66249657,0.30294648,1.0171170500289128,yes,4.9038453,10.997367,37.895775,5.0101137,0.0035076193,lspgmoe-v4.0,frozen_v4_0_auxiliary_reference
ZS_CA0242,CA0242,SRC013,SFC_39DBA098ECDC,LIQ_53310FAFB3,zero_shot,internal_test,28.1,39.943897,0.0,103.21496963500977,0.9,high,yes,0.08156469,23.618807,80.19139,0.034556914,0.66249657,0.30294648,1.0171170500289128,yes,4.940664,9.815329,37.895775,5.0101137,-0.090928435,lspgmoe-v4.0,frozen_v4_0_auxiliary_reference
ZS_CA0243,CA0243,SRC013,SFC_39DBA098ECDC,LIQ_0F4168490E,zero_shot,internal_test,43.0,78.42314,15.152069091796877,141.6942138671875,0.9,high,yes,64.27844,64.87479,109.66478,0.034556914,0.66249657,0.30294648,1.0171170500289128,yes,3.0936704,10.338942,37.895775,5.0101137,-0.010839926,lspgmoe-v4.0,frozen_v4_0_auxiliary_reference
ZS_CA0244,CA0244,SRC013,SFC_417F923EF7B4,LIQ_6656B41AB7,zero_shot,internal_test,23.4,37.891277,0.0,101.16234970092772,0.9,high,yes,23.42377,22.016872,74.256424,0.034556914,0.66249657,0.30294648,1.0171440497444442,yes,4.9710746,10.996283,37.895775,5.0101137,0.0034414388,lspgmoe-v4.0,frozen_v4_0_auxiliary_reference
ZS_CA0245,CA0245,SRC013,SFC_417F923EF7B4,LIQ_53310FAFB3,zero_shot,internal_test,23.3,39.943897,0.0,103.21496963500977,0.9,high,yes,0.08156469,23.618807,80.19139,0.034556914,0.66249657,0.30294648,1.0171440497444442,yes,4.940664,9.815329,37.895775,5.0101137,-0.090928435,lspgmoe-v4.0,frozen_v4_0_auxiliary_reference
ZS_CA0246,CA0246,SRC013,SFC_417F923EF7B4,LIQ_0F4168490E,zero_shot,internal_test,37.3,77.645096,14.3740234375,140.91616821289062,0.9,high,yes,63.133522,63.760082,109.66478,0.034556914,0.66249657,0.30294648,1.0171440497444442,yes,3.1300082,10.330513,37.895775,5.0101137,-0.011316454,lspgmoe-v4.0,frozen_v4_0_auxiliary_reference
ZS_CA0247,CA0247,SRC013,SFC_8E79B764A41F,LIQ_6656B41AB7,zero_shot,internal_test,23.8,36.269745,0.0,99.5408172607422,0.9,high,yes,23.718102,22.348516,68.14505,0.034556914,0.66249657,0.30294648,1.0173517204536258,yes,5.0110183,10.997367,37.895775,5.0101137,0.0035076193,lspgmoe-v4.0,frozen_v4_0_auxiliary_reference
ZS_CA0248,CA0248,SRC013,SFC_8E79B764A41F,LIQ_53310FAFB3,zero_shot,internal_test,33.1,38.534794,0.0,101.80586624145508,0.9,high,yes,0.08156469,23.618807,75.54007,0.034556914,0.66249657,0.30294648,1.0173517204536258,yes,5.1355004,9.815329,37.895775,5.0101137,-0.090928435,lspgmoe-v4.0,frozen_v4_0_auxiliary_reference
ZS_CA0249,CA0249,SRC013,SFC_8E79B764A41F,LIQ_0F4168490E,zero_shot,internal_test,40.1,68.175156,4.904083251953125,131.44622802734375,0.9,high,yes,50.92089,51.886528,105.764015,0.034556914,0.66249657,0.30294648,1.0173517204536258,yes,3.6426654,10.247548,37.895775,5.0101137,-0.016096046,lspgmoe-v4.0,frozen_v4_0_auxiliary_reference
ZS_CA0250,CA0250,SRC013,SFC_67E6ABEA7841,LIQ_6656B41AB7,zero_shot,internal_test,33.1,45.679337,0.0,108.95040893554688,0.9,high,yes,33.079193,32.162415,76.676025,0.034556914,0.66249657,0.30294648,1.0166661295461576,yes,3.6141386,11.038531,37.895775,5.0101137,0.0060076686,lspgmoe-v4.0,frozen_v4_0_auxiliary_reference
ZS_CA0251,CA0251,SRC013,SFC_67E6ABEA7841,LIQ_53310FAFB3,zero_shot,internal_test,37.0,41.334976,0.0,104.60604858398438,0.9,high,yes,0.08156469,23.618807,84.78322,0.034556914,0.66249657,0.30294648,1.0166661295461576,yes,5.1552386,9.815329,37.895775,5.0101137,-0.090928435,lspgmoe-v4.0,frozen_v4_0_auxiliary_reference
ZS_CA0252,CA0252,SRC013,SFC_67E6ABEA7841,LIQ_0F4168490E,zero_shot,internal_test,46.0,78.73695,15.46588134765625,142.00802612304688,0.9,high,yes,62.3769,63.02357,114.96584,0.034556914,0.66249657,0.30294648,1.0166661295461576,yes,3.1023362,10.324999,37.895775,5.0101137,-0.011629067,lspgmoe-v4.0,frozen_v4_0_auxiliary_reference
ZS_CA0257,CA0257,SRC011,SFC_D48BBEC17BF3,LIQ_0F4168490E,zero_shot,train,64.0,66.04138,2.7703094482421875,129.3124542236328,0.9,medium,no,65.65184,62.779533,73.21897,0.034556914,0.66249657,0.30294648,0.3527882082636768,no,0.59752107,11.116816,32.785095,12.019765,0.0456459,lspgmoe-v4.0,frozen_v4_0_auxiliary_reference
ZS_CA0267,CA0267,SRC015,SFC_93C87B65E929,LIQ_0F4168490E,zero_shot,validation,79.97,82.26706,18.99598693847656,145.5381317138672,0.9,medium,no,80.69669,79.3275,88.87457,0.034556914,0.66249657,0.30294648,0.3527882082636768,yes,5.054479,9.952948,36.034985,4.1441035,0.022717033,lspgmoe-v4.0,frozen_v4_0_auxiliary_reference
ZS_CA0268,CA0268,SRC015,SFC_93C87B65E929,LIQ_53310FAFB3,zero_shot,validation,48.77,56.309242,0.0,119.58031463623048,0.9,medium,no,44.235447,53.53263,63.758514,0.034556914,0.66249657,0.30294648,0.3527882082636768,yes,5.3160377,9.342337,36.034985,4.1441035,-0.119742855,lspgmoe-v4.0,frozen_v4_0_auxiliary_reference
ZS_CA0269,CA0269,SRC015,SFC_A716853C1624,LIQ_0F4168490E,zero_shot,validation,44.35,34.9432,0.0,98.21427154541016,0.9,medium,no,33.419704,33.309395,38.68986,0.034556914,0.66249657,0.30294648,0.3527882082636768,yes,5.3187513,21.260563,42.421547,25.830194,-0.0040365285,lspgmoe-v4.0,frozen_v4_0_auxiliary_reference
ZS_CA0270,CA0270,SRC015,SFC_A716853C1624,LIQ_53310FAFB3,zero_shot,validation,25.25,30.16101,0.0,93.4320831298828,0.9,medium,no,0.08156469,26.69049,41.18164,0.034556914,0.66249657,0.30294648,0.3527882082636768,yes,5.7775187,17.162601,42.421547,25.830194,-0.118895195,lspgmoe-v4.0,frozen_v4_0_auxiliary_reference
ZS_CA0271,CA0271,SRC015,SFC_86D8700CAF9C,LIQ_0F4168490E,zero_shot,validation,52.13,34.9432,0.0,98.21427154541016,0.9,medium,no,33.419704,33.309395,38.68986,0.034556914,0.66249657,0.30294648,0.3527882082636768,yes,5.3187513,21.260563,42.421547,25.830194,-0.0040365285,lspgmoe-v4.0,frozen_v4_0_auxiliary_reference
ZS_CA0272,CA0272,SRC015,SFC_86D8700CAF9C,LIQ_53310FAFB3,zero_shot,validation,47.7,30.16101,0.0,93.4320831298828,0.9,medium,no,0.08156469,26.69049,41.18164,0.034556914,0.66249657,0.30294648,0.3527882082636768,yes,5.7775187,17.162601,42.421547,25.830194,-0.118895195,lspgmoe-v4.0,frozen_v4_0_auxiliary_reference
ZS_CA0273,CA0273,SRC015,SFC_3014F50685DA,LIQ_0F4168490E,zero_shot,validation,72.66,85.238884,21.967811584472656,148.50995635986328,0.9,medium,no,79.40523,79.179276,99.155754,0.034556914,0.66249657,0.30294648,0.3527882082636768,yes,12.286764,11.481667,28.15276,7.9690614,0.0021830737,lspgmoe-v4.0,frozen_v4_0_auxiliary_reference
ZS_CA0274,CA0274,SRC015,SFC_3014F50685DA,LIQ_53310FAFB3,zero_shot,validation,20.26,64.60573,1.33465576171875,127.87680053710938,0.9,medium,no,44.502304,58.06057,81.21217,0.034556914,0.66249657,0.30294648,0.3527882082636768,yes,12.585967,9.844006,28.15276,7.9690614,-0.1402391,lspgmoe-v4.0,frozen_v4_0_auxiliary_reference
ZS_CA0275,CA0275,SRC015,SFC_FD37A16743B7,LIQ_0F4168490E,zero_shot,validation,81.25,85.238884,21.967811584472656,148.50995635986328,0.9,medium,no,79.40523,79.179276,99.155754,0.034556914,0.66249657,0.30294648,0.3527882082636768,yes,12.286764,11.481667,28.15276,7.9690614,0.0021830737,lspgmoe-v4.0,frozen_v4_0_auxiliary_reference
ZS_CA0276,CA0276,SRC015,SFC_FD37A16743B7,LIQ_53310FAFB3,zero_shot,validation,39.27,64.60573,1.33465576171875,127.87680053710938,0.9,medium,no,44.502304,58.06057,81.21217,0.034556914,0.66249657,0.30294648,0.3527882082636768,yes,12.585967,9.844006,28.15276,7.9690614,-0.1402391,lspgmoe-v4.0,frozen_v4_0_auxiliary_reference
ZS_CA0277,CA0277,SRC005,SFC_1B0EE35A8601,LIQ_0F4168490E,zero_shot,validation,94.0,82.26706,18.99598693847656,145.5381317138672,0.9,medium,no,80.69669,79.3275,88.87457,0.034556914,0.66249657,0.30294648,0.3527882082636768,yes,5.054479,9.952948,36.034985,4.1441035,0.022717033,lspgmoe-v4.0,frozen_v4_0_auxiliary_reference
ZS_CA0278,CA0278,SRC005,SFC_1B0EE35A8601,LIQ_B6950B5CB8,zero_shot,validation,16.0,21.464264,0.0,84.73533630371094,0.9,medium,no,0.08156469,10.501462,47.877316,0.034556914,0.66249657,0.30294648,0.9398784339069864,yes,8.854842,9.4375515,36.034985,4.1441035,0.010185758,lspgmoe-v4.0,frozen_v4_0_auxiliary_reference
ZS_CA0279,CA0279,SRC005,SFC_231FB62337B5,LIQ_0F4168490E,zero_shot,validation,107.0,90.67857,27.407501220703125,153.94964599609375,0.9,medium,no,86.49806,86.55177,100.18012,0.034556914,0.66249657,0.30294648,0.4320755644823587,yes,11.911059,12.354396,21.509468,7.2089753,-0.00174893,lspgmoe-v4.0,frozen_v4_0_auxiliary_reference
ZS_CA0280,CA0280,SRC005,SFC_231FB62337B5,LIQ_B6950B5CB8,zero_shot,validation,48.0,53.138332,0.0,116.40940475463869,0.9,medium,no,38.184155,46.601673,69.13881,0.034556914,0.66249657,0.30294648,0.9724203246910932,yes,12.853225,9.784411,21.509468,7.2089753,-0.047593553,lspgmoe-v4.0,frozen_v4_0_auxiliary_reference
ZS_CA0281,CA0281,SRC005,SFC_D6B816FE09EC,LIQ_0F4168490E,zero_shot,validation,134.0,100.93396,37.66288757324219,164.2050323486328,0.9,medium,no,103.46159,102.70378,96.77533,0.034556914,0.66249657,0.30294648,0.4320755644823587,yes,6.26629,8.989961,13.830988,2.4847252,0.012549045,lspgmoe-v4.0,frozen_v4_0_auxiliary_reference
ZS_CA0282,CA0282,SRC005,SFC_D6B816FE09EC,LIQ_B6950B5CB8,zero_shot,validation,46.0,59.780987,0.0,123.05205917358398,0.9,medium,no,65.63154,62.126324,53.98473,0.034556914,0.66249657,0.30294648,0.9724203246910932,yes,9.61847,9.004823,13.830988,2.4847252,0.05241253,lspgmoe-v4.0,frozen_v4_0_auxiliary_reference
ZS_CA0283,CA0283,SRC005,SFC_F8843DC534D0,LIQ_0F4168490E,zero_shot,validation,153.0,114.954666,51.68359375,178.22573852539062,0.9,medium,no,118.35106,118.84651,106.05638,0.034556914,0.66249657,0.30294648,0.4989178602331801,yes,10.096298,10.078018,6.935832,1.8338814,-0.0067633046,lspgmoe-v4.0,frozen_v4_0_auxiliary_reference
ZS_CA0284,CA0284,SRC005,SFC_F8843DC534D0,LIQ_B6950B5CB8,zero_shot,validation,130.0,85.49687,22.225799560546875,148.7679443359375,0.9,high,yes,93.89776,90.827194,72.88204,0.034556914,0.66249657,0.30294648,1.003907880789258,yes,15.057134,10.618555,6.935832,1.8338814,0.055481814,lspgmoe-v4.0,frozen_v4_0_auxiliary_reference
ZS_CA0285,CA0285,SRC006,SFC_4B9DA50F6033,LIQ_0F4168490E,zero_shot,train,69.0,72.897705,9.626632690429688,136.1687774658203,0.9,medium,no,73.19532,71.85425,75.145645,0.034556914,0.66249657,0.30294648,0.3527882082636768,no,1.1045282,10.241858,39.016945,6.1993976,0.022356717,lspgmoe-v4.0,frozen_v4_0_auxiliary_reference
ZS_CA0286,CA0286,SRC006,SFC_4B9DA50F6033,LIQ_6656B41AB7,zero_shot,train,42.0,40.51873,0.0,103.78980255126952,0.9,medium,no,41.131817,40.05817,41.455975,0.034556914,0.66249657,0.30294648,0.3527882082636768,no,1.2745965,10.62425,39.016945,6.1993976,0.012373642,lspgmoe-v4.0,frozen_v4_0_auxiliary_reference
ZS_CA0287,CA0287,SRC022,SFC_75203B72A5AD,LIQ_0F4168490E,zero_shot,internal_test,43.64,64.42114,1.1500701904296875,127.69221496582033,0.9,high,yes,60.142956,58.248558,78.40765,0.034556914,0.66249657,0.30294648,0.3162726070100606,no,1.8253198,9.29439,36.22125,3.3458943,0.027821934,lspgmoe-v4.0,frozen_v4_0_auxiliary_reference
ZS_CA0288,CA0288,SRC022,SFC_75203B72A5AD,LIQ_6656B41AB7,zero_shot,internal_test,30.05,31.19882,0.0,94.46989250183104,0.9,low,no,27.712856,24.915432,45.337257,0.034556914,0.66249657,0.30294648,0.3162726070100606,no,1.5755742,10.278387,36.22125,3.3458943,0.021234099,lspgmoe-v4.0,frozen_v4_0_auxiliary_reference
ZS_CA0289,CA0289,SRC022,SFC_39B450DAB1FB,LIQ_0F4168490E,zero_shot,internal_test,41.23,63.03644,0.0,126.30751419067384,0.9,medium,no,55.612892,53.760914,84.16738,0.034556914,0.66249657,0.30294648,0.3154962810772666,no,1.8863424,9.265703,36.22125,3.3458943,0.025672663,lspgmoe-v4.0,frozen_v4_0_auxiliary_reference
ZS_CA0290,CA0290,SRC022,SFC_39B450DAB1FB,LIQ_6656B41AB7,zero_shot,internal_test,34.52,37.86455,0.0,101.13562393188477,0.9,medium,no,34.14642,31.638296,51.90453,0.034556914,0.66249657,0.30294648,0.3154962810772666,no,1.2724913,10.308256,36.22125,3.3458943,0.023530066,lspgmoe-v4.0,frozen_v4_0_auxiliary_reference
ZS_CA0291,CA0291,SRC022,SFC_588A96278F34,LIQ_0F4168490E,zero_shot,internal_test,32.1,56.500687,0.0,119.77175903320312,0.9,medium,no,49.285023,47.463203,77.08734,0.034556914,0.66249657,0.30294648,0.3174389989265847,no,2.0215657,9.228571,36.22125,3.3458943,0.022836838,lspgmoe-v4.0,frozen_v4_0_auxiliary_reference
ZS_CA0292,CA0292,SRC022,SFC_588A96278F34,LIQ_6656B41AB7,zero_shot,internal_test,28.09,28.692081,0.0,91.96315383911131,0.9,low,no,24.837465,21.815083,44.170696,0.034556914,0.66249657,0.30294648,0.3174389989265847,no,1.8003126,10.266936,36.22125,3.3458943,0.020349959,lspgmoe-v4.0,frozen_v4_0_auxiliary_reference
ZS_CA0293,CA0293,SRC022,SFC_A2BE3F1765AE,LIQ_0F4168490E,zero_shot,internal_test,19.9,51.33954,0.0,114.61061096191406,0.9,medium,no,41.905827,40.057667,77.08734,0.034556914,0.66249657,0.30294648,0.3187106981448079,no,2.2672338,9.190001,36.22125,3.3458943,0.019825732,lspgmoe-v4.0,frozen_v4_0_auxiliary_reference
ZS_CA0294,CA0294,SRC022,SFC_A2BE3F1765AE,LIQ_6656B41AB7,zero_shot,internal_test,24.19,24.978153,0.0,88.24922561645508,0.9,low,no,20.11114,16.45566,44.170696,0.034556914,0.66249657,0.30294648,0.3187106981448079,no,2.175906,10.250735,36.22125,3.3458943,0.019095281,lspgmoe-v4.0,frozen_v4_0_auxiliary_reference
ZS_CA0295,CA0295,SRC022,SFC_292FB4EA5D24,LIQ_0F4168490E,zero_shot,internal_test,23.42,52.306908,0.0,115.5779800415039,0.9,medium,no,43.28263,41.446037,77.08734,0.034556914,0.66249657,0.30294648,0.3178101398760637,no,2.2130044,9.19679,36.22125,3.3458943,0.020360671,lspgmoe-v4.0,frozen_v4_0_auxiliary_reference
ZS_CA0296,CA0296,SRC022,SFC_292FB4EA5D24,LIQ_6656B41AB7,zero_shot,internal_test,29.15,29.688925,0.0,92.95999717712402,0.9,low,no,26.159496,23.250801,44.170696,0.034556914,0.66249657,0.30294648,0.3178101398760637,no,1.7246566,10.272054,36.22125,3.3458943,0.020745296,lspgmoe-v4.0,frozen_v4_0_auxiliary_reference
ZS_CA0297,CA0297,SRC022,SFC_BD3224C101E4,LIQ_0F4168490E,zero_shot,internal_test,48.03,68.4169,5.1458282470703125,131.68797302246094,0.9,medium,no,63.409523,61.475716,84.16738,0.034556914,0.66249657,0.30294648,0.3154520385527508,no,1.768956,9.316073,36.22125,3.3458943,0.029423123,lspgmoe-v4.0,frozen_v4_0_auxiliary_reference
ZS_CA0298,CA0298,SRC022,SFC_BD3224C101E4,LIQ_6656B41AB7,zero_shot,internal_test,32.62,36.093414,0.0,99.36448669433594,0.9,medium,no,31.686207,29.093195,51.90453,0.034556914,0.66249657,0.30294648,0.3154520385527508,no,1.3516091,10.296152,36.22125,3.3458943,0.02260139,lspgmoe-v4.0,frozen_v4_0_auxiliary_reference
ZS_CA0299,CA0299,SRC022,SFC_2E5EA5C6D130,LIQ_0F4168490E,zero_shot,internal_test,42.02,63.143387,0.0,126.41445922851562,0.9,medium,no,56.526985,54.6677,82.43313,0.034556914,0.66249657,0.30294648,0.314637568162033,no,1.8349749,9.271355,36.22125,3.3458943,0.026099026,lspgmoe-v4.0,frozen_v4_0_auxiliary_reference
ZS_CA0300,CA0300,SRC022,SFC_2E5EA5C6D130,LIQ_6656B41AB7,zero_shot,internal_test,38.05,40.62813,0.0,103.8992042541504,0.9,medium,no,38.81805,36.41175,50.05518,0.034556914,0.66249657,0.30294648,0.314637568162033,no,1.152652,10.333506,36.22125,3.3458943,0.025459137,lspgmoe-v4.0,frozen_v4_0_auxiliary_reference
ZS_CA0301,CA0301,SRC022,SFC_D4A1459EC26C,LIQ_0F4168490E,zero_shot,internal_test,49.1,68.31479,5.043716430664063,131.5858612060547,0.9,medium,no,64.0653,62.122765,82.340546,0.034556914,0.66249657,0.30294648,0.3135373928375718,no,1.7313657,9.320522,36.22125,3.3458943,0.029749114,lspgmoe-v4.0,frozen_v4_0_auxiliary_reference
ZS_CA0302,CA0302,SRC022,SFC_D4A1459EC26C,LIQ_6656B41AB7,zero_shot,internal_test,40.09,43.000732,0.0,106.27180480957033,0.9,medium,no,42.231354,39.86344,49.94926,0.034556914,0.66249657,0.30294648,0.3135373928375718,no,1.0991553,10.353767,36.22125,3.3458943,0.026999623,lspgmoe-v4.0,frozen_v4_0_auxiliary_reference
ZS_CA0303,CA0303,SRC001,SFC_B8DDD579CB88,LIQ_06B74E7F53,zero_shot,train,2.7,6.3387766,0.0,69.60984897613525,0.9,low,no,16.270874,3.7223907,10.927455,0.034556914,0.66249657,0.30294648,0.3477049861194757,no,3.3497896,10.91322,42.27677,0.3377312,0.0922445,lspgmoe-v4.0,frozen_v4_0_auxiliary_reference
ZS_CA0304,CA0304,SRC001,SFC_B8DDD579CB88,LIQ_53310FAFB3,zero_shot,train,66.7,58.890812,0.0,122.16188430786131,0.9,medium,no,55.877647,58.85697,59.308533,0.034556914,0.66249657,0.30294648,0.2593661434913845,no,1.9836444,9.183509,42.27677,0.3377312,-0.04348329,lspgmoe-v4.0,frozen_v4_0_auxiliary_reference
ZS_CA0305,CA0305,SRC001,SFC_B8DDD579CB88,LIQ_6656B41AB7,zero_shot,train,35.3,31.413319,0.0,94.68439102172852,0.9,low,no,34.35041,30.061401,34.03472,0.034556914,0.66249657,0.30294648,0.3198223546567147,no,2.4733372,10.897503,42.27677,0.3377312,0.03959647,lspgmoe-v4.0,frozen_v4_0_auxiliary_reference
ZS_CA0306,CA0306,SRC001,SFC_B8DDD579CB88,LIQ_1BD1B94C09,zero_shot,train,56.7,58.273727,0.0,121.5447998046875,0.9,medium,no,61.027294,60.207176,53.731495,0.034556914,0.66249657,0.30294648,0.2593661434913845,no,1.3425629,10.22037,42.27677,0.3377312,0.012750244,lspgmoe-v4.0,frozen_v4_0_auxiliary_reference
ZS_CA0307,CA0307,SRC001,SFC_B8DDD579CB88,LIQ_0F4168490E,zero_shot,train,89.8,89.07111,25.80004119873047,152.3421859741211,0.9,medium,no,93.249,90.41017,85.66626,0.034556914,0.66249657,0.30294648,0.3527882082636768,no,2.0059035,9.382602,42.27677,0.3377312,0.04946272,lspgmoe-v4.0,frozen_v4_0_auxiliary_reference
ZS_CA0308,CA0308,SRC001,SFC_F862748296EB,LIQ_06B74E7F53,zero_shot,train,12.1,4.9465833,0.0,68.21765565872192,0.9,low,no,6.835721,1.7332615,11.758123,0.034556914,0.66249657,0.30294648,0.24945893011659,no,2.3124135,10.332817,44.454365,4.0661044,0.08559452,lspgmoe-v4.0,frozen_v4_0_auxiliary_reference
ZS_CA0309,CA0309,SRC001,SFC_F862748296EB,LIQ_53310FAFB3,zero_shot,train,52.3,38.418724,0.0,101.6897964477539,0.9,medium,no,30.266851,36.32534,43.926514,0.034556914,0.66249657,0.30294648,0.24945893011659,no,3.4181666,9.074293,44.454365,4.0661044,-0.058312304,lspgmoe-v4.0,frozen_v4_0_auxiliary_reference
ZS_CA0310,CA0310,SRC001,SFC_F862748296EB,LIQ_6656B41AB7,zero_shot,train,20.5,17.982216,0.0,81.25328826904297,0.9,low,no,29.112717,16.248285,20.504404,0.034556914,0.66249657,0.30294648,0.24945893011659,no,5.599926,10.413005,44.454365,4.0661044,0.08786033,lspgmoe-v4.0,frozen_v4_0_auxiliary_reference
ZS_CA0311,CA0311,SRC001,SFC_F862748296EB,LIQ_1BD1B94C09,zero_shot,train,36.4,35.358448,0.0,98.62952041625977,0.9,medium,no,42.36138,36.18349,32.755394,0.034556914,0.66249657,0.30294648,0.24945893011659,no,2.5396626,9.820941,44.454365,4.0661044,0.06754293,lspgmoe-v4.0,frozen_v4_0_auxiliary_reference
ZS_CA0312,CA0312,SRC001,SFC_F862748296EB,LIQ_0F4168490E,zero_shot,train,70.1,70.37251,7.1014404296875,133.64358520507812,0.9,medium,no,75.53035,69.95975,70.686844,0.034556914,0.66249657,0.30294648,0.24945893011659,no,2.439313,9.249102,44.454365,4.0661044,0.092296764,lspgmoe-v4.0,frozen_v4_0_auxiliary_reference
ZS_CA0313,CA0313,SRC001,SFC_2202AAAAD87C,LIQ_06B74E7F53,zero_shot,train,13.0,4.9465833,0.0,68.21765565872192,0.9,low,no,6.835721,1.7332615,11.758123,0.034556914,0.66249657,0.30294648,0.24945893011659,no,2.3124135,10.332817,44.454365,4.0661044,0.08559452,lspgmoe-v4.0,frozen_v4_0_auxiliary_reference
ZS_CA0314,CA0314,SRC001,SFC_2202AAAAD87C,LIQ_53310FAFB3,zero_shot,train,44.3,38.418724,0.0,101.6897964477539,0.9,medium,no,30.266851,36.32534,43.926514,0.034556914,0.66249657,0.30294648,0.24945893011659,no,3.4181666,9.074293,44.454365,4.0661044,-0.058312304,lspgmoe-v4.0,frozen_v4_0_auxiliary_reference
ZS_CA0315,CA0315,SRC001,SFC_2202AAAAD87C,LIQ_6656B41AB7,zero_shot,train,24.3,17.982216,0.0,81.25328826904297,0.9,low,no,29.112717,16.248285,20.504404,0.034556914,0.66249657,0.30294648,0.24945893011659,no,5.599926,10.413005,44.454365,4.0661044,0.08786033,lspgmoe-v4.0,frozen_v4_0_auxiliary_reference
ZS_CA0316,CA0316,SRC001,SFC_2202AAAAD87C,LIQ_1BD1B94C09,zero_shot,train,25.9,35.358448,0.0,98.62952041625977,0.9,medium,no,42.36138,36.18349,32.755394,0.034556914,0.66249657,0.30294648,0.24945893011659,no,2.5396626,9.820941,44.454365,4.0661044,0.06754293,lspgmoe-v4.0,frozen_v4_0_auxiliary_reference
ZS_CA0317,CA0317,SRC001,SFC_2202AAAAD87C,LIQ_0F4168490E,zero_shot,train,64.4,70.37251,7.1014404296875,133.64358520507812,0.9,medium,no,75.53035,69.95975,70.686844,0.034556914,0.66249657,0.30294648,0.24945893011659,no,2.439313,9.249102,44.454365,4.0661044,0.092296764,lspgmoe-v4.0,frozen_v4_0_auxiliary_reference
ZS_CA0318,CA0318,SRC001,SFC_BC3ADCE03F16,LIQ_06B74E7F53,zero_shot,train,7.8,3.3921041,0.0,66.66317653656006,0.9,low,no,8.098062,0.08156469,10.094931,0.034556914,0.66249657,0.30294648,0.3477049861194757,no,0.2802154,10.864853,43.88037,0.3551219,0.096975826,lspgmoe-v4.0,frozen_v4_0_auxiliary_reference
ZS_CA0319,CA0319,SRC001,SFC_BC3ADCE03F16,LIQ_53310FAFB3,zero_shot,train,59.6,54.38088,0.0,117.65195083618164,0.9,medium,no,53.737297,55.203064,52.656303,0.034556914,0.66249657,0.30294648,0.2593661434913845,no,2.0975132,9.147859,43.88037,0.3551219,-0.020650607,lspgmoe-v4.0,frozen_v4_0_auxiliary_reference
ZS_CA0320,CA0320,SRC001,SFC_BC3ADCE03F16,LIQ_6656B41AB7,zero_shot,train,30.0,26.104286,0.0,89.37535858154297,0.9,low,no,30.745113,23.479687,31.314505,0.034556914,0.66249657,0.30294648,0.3198223546567147,no,3.182541,10.821082,43.88037,0.3551219,0.055520136,lspgmoe-v4.0,frozen_v4_0_auxiliary_reference
ZS_CA0321,CA0321,SRC001,SFC_BC3ADCE03F16,LIQ_1BD1B94C09,zero_shot,train,58.8,55.298943,0.0,118.57001495361328,0.9,medium,no,59.11793,56.911488,51.33692,0.034556914,0.66249657,0.30294648,0.2593661434913845,no,1.5360228,10.1211605,43.88037,0.3551219,0.032818343,lspgmoe-v4.0,frozen_v4_0_auxiliary_reference
ZS_CA0322,CA0322,SRC001,SFC_BC3ADCE03F16,LIQ_0F4168490E,zero_shot,train,84.6,86.88537,23.614295959472656,150.15644073486328,0.9,medium,no,92.15973,88.42287,82.92147,0.034556914,0.66249657,0.30294648,0.3527882082636768,no,1.9955795,9.193253,43.88037,0.3551219,0.06511771,lspgmoe-v4.0,frozen_v4_0_auxiliary_reference
ZS_CA0323,CA0323,SRC001,SFC_4E9D8F5E0021,LIQ_06B74E7F53,zero_shot,train,4.4,0.9287825,0.0,64.19985491037369,0.9,low,no,0.08156469,0.08156469,2.8781571,0.034556914,0.66249657,0.30294648,0.24945893011659,no,0.12560193,11.010863,55.98808,7.144557,0.09752762,lspgmoe-v4.0,frozen_v4_0_auxiliary_reference
ZS_CA0324,CA0324,SRC001,SFC_4E9D8F5E0021,LIQ_53310FAFB3,zero_shot,train,15.6,12.631534,0.0,75.90260601043701,0.9,low,no,0.08156469,8.34548,23.436031,0.034556914,0.66249657,0.30294648,0.24945893011659,no,3.3005128,9.864386,55.98808,7.144557,-0.009307844,lspgmoe-v4.0,frozen_v4_0_auxiliary_reference
ZS_CA0325,CA0325,SRC001,SFC_4E9D8F5E0021,LIQ_6656B41AB7,zero_shot,train,8.4,3.024887,0.0,66.29595947265625,0.9,low,no,0.08156469,0.08156469,9.797216,0.034556914,0.66249657,0.30294648,0.24945893011659,no,0.18976982,11.081993,55.98808,7.144557,0.1073817,lspgmoe-v4.0,frozen_v4_0_auxiliary_reference
ZS_CA0326,CA0326,SRC001,SFC_4E9D8F5E0021,LIQ_1BD1B94C09,zero_shot,train,14.9,6.1009703,0.0,69.37204265594482,0.9,low,no,7.5166616,0.08156469,19.102983,0.034556914,0.66249657,0.30294648,0.24945893011659,no,0.32686806,10.466277,55.98808,7.144557,0.0878867,lspgmoe-v4.0,frozen_v4_0_auxiliary_reference
ZS_CA0327,CA0327,SRC001,SFC_4E9D8F5E0021,LIQ_0F4168490E,zero_shot,train,58.3,56.6473,0.0,119.91837310791016,0.9,medium,no,61.117805,54.46757,60.90409,0.034556914,0.66249657,0.30294648,0.24945893011659,no,1.5242985,9.8823185,55.98808,7.144557,0.098662116,lspgmoe-v4.0,frozen_v4_0_auxiliary_reference
ZS_CA0328,CA0328,SRC001,SFC_AA2B954681B3,LIQ_06B74E7F53,zero_shot,train,4.7,0.9287825,0.0,64.19985491037369,0.9,low,no,0.08156469,0.08156469,2.8781571,0.034556914,0.66249657,0.30294648,0.24945893011659,no,0.12560193,11.010863,55.98808,7.144557,0.09752762,lspgmoe-v4.0,frozen_v4_0_auxiliary_reference
ZS_CA0329,CA0329,SRC001,SFC_AA2B954681B3,LIQ_53310FAFB3,zero_shot,train,12.5,12.631534,0.0,75.90260601043701,0.9,low,no,0.08156469,8.34548,23.436031,0.034556914,0.66249657,0.30294648,0.24945893011659,no,3.3005128,9.864386,55.98808,7.144557,-0.009307844,lspgmoe-v4.0,frozen_v4_0_auxiliary_reference
ZS_CA0330,CA0330,SRC001,SFC_AA2B954681B3,LIQ_6656B41AB7,zero_shot,train,8.1,3.024887,0.0,66.29595947265625,0.9,low,no,0.08156469,0.08156469,9.797216,0.034556914,0.66249657,0.30294648,0.24945893011659,no,0.18976982,11.081993,55.98808,7.144557,0.1073817,lspgmoe-v4.0,frozen_v4_0_auxiliary_reference
ZS_CA0331,CA0331,SRC001,SFC_AA2B954681B3,LIQ_1BD1B94C09,zero_shot,train,10.9,6.1009703,0.0,69.37204265594482,0.9,low,no,7.5166616,0.08156469,19.102983,0.034556914,0.66249657,0.30294648,0.24945893011659,no,0.32686806,10.466277,55.98808,7.144557,0.0878867,lspgmoe-v4.0,frozen_v4_0_auxiliary_reference
ZS_CA0332,CA0332,SRC001,SFC_AA2B954681B3,LIQ_0F4168490E,zero_shot,train,59.1,56.6473,0.0,119.91837310791016,0.9,medium,no,61.117805,54.46757,60.90409,0.034556914,0.66249657,0.30294648,0.24945893011659,no,1.5242985,9.8823185,55.98808,7.144557,0.098662116,lspgmoe-v4.0,frozen_v4_0_auxiliary_reference
ZS_CA0333,CA0333,SRC014,SFC_2D953D8FEA9A,LIQ_0F4168490E,zero_shot,train,72.8,89.44484,26.17376708984375,152.71591186523438,0.9,medium,no,81.93713,95.484276,77.09395,0.034556914,0.66249657,0.30294648,0.0133512988753571,no,4.1896443,15.398313,43.431896,6.019574,-0.23537871,lspgmoe-v4.0,frozen_v4_0_auxiliary_reference
ZS_CA0334,CA0334,SRC014,SFC_2D953D8FEA9A,LIQ_6656B41AB7,zero_shot,train,43.6,45.633804,0.0,108.90487670898438,0.9,medium,no,29.075659,46.68604,45.221516,0.034556914,0.66249657,0.30294648,0.0133512988753571,no,6.4181166,13.605812,43.431896,6.019574,-0.19792019,lspgmoe-v4.0,frozen_v4_0_auxiliary_reference
ZS_CA0335,CA0335,SRC014,SFC_2D953D8FEA9A,LIQ_1BD1B94C09,zero_shot,train,55.1,60.972694,0.0,124.24376678466795,0.9,medium,no,49.04766,65.20314,53.081657,0.034556914,0.66249657,0.30294648,0.0133512988753571,no,4.8873725,13.731914,43.431896,6.019574,-0.2397484,lspgmoe-v4.0,frozen_v4_0_auxiliary_reference
ZS_CA0336,CA0336,SRC014,SFC_AD3F4CCED3FF,LIQ_0F4168490E,zero_shot,train,105.4,90.228775,26.95770263671875,153.49984741210938,0.9,medium,no,73.487785,87.500595,98.10451,0.034556914,0.66249657,0.30294648,0.0093506984292301,no,4.211909,15.245954,43.431896,6.019574,-0.24102023,lspgmoe-v4.0,frozen_v4_0_auxiliary_reference
ZS_CA0337,CA0337,SRC014,SFC_AD3F4CCED3FF,LIQ_6656B41AB7,zero_shot,train,73.3,56.23571,0.0,119.50678253173828,0.9,medium,no,35.705307,51.400604,69.15124,0.034556914,0.66249657,0.30294648,0.0093506984292301,no,5.719782,13.659063,43.431896,6.019574,-0.19557378,lspgmoe-v4.0,frozen_v4_0_auxiliary_reference
ZS_CA0338,CA0338,SRC014,SFC_AD3F4CCED3FF,LIQ_1BD1B94C09,zero_shot,train,75.7,63.897568,0.626495361328125,127.16864013671876,0.9,high,yes,42.27923,59.838146,75.240875,0.034556914,0.66249657,0.30294648,0.0093506984292301,no,5.2163076,13.656647,43.431896,6.019574,-0.24246979,lspgmoe-v4.0,frozen_v4_0_auxiliary_reference
ZS_CA0339,CA0339,SRC014,SFC_7311940ACDF8,LIQ_0F4168490E,zero_shot,train,96.4,87.427124,24.156051635742188,150.6981964111328,0.9,medium,no,70.62246,84.85655,94.96548,0.034556914,0.66249657,0.30294648,0.0077865752329851,no,4.2380805,15.19628,43.431896,6.019574,-0.24285439,lspgmoe-v4.0,frozen_v4_0_auxiliary_reference
ZS_CA0340,CA0340,SRC014,SFC_7311940ACDF8,LIQ_6656B41AB7,zero_shot,train,64.2,57.422405,0.0,120.69347763061523,0.9,medium,no,41.00695,55.450855,63.606396,0.034556914,0.66249657,0.30294648,0.0077865752329851,no,5.328103,13.708766,43.431896,6.019574,-0.1933806,lspgmoe-v4.0,frozen_v4_0_auxiliary_reference
ZS_CA0341,CA0341,SRC014,SFC_7311940ACDF8,LIQ_1BD1B94C09,zero_shot,train,68.5,61.88867,0.0,125.15974426269533,0.9,medium,no,41.203712,59.017265,70.52752,0.034556914,0.66249657,0.30294648,0.0077865752329851,no,5.2510734,13.645575,43.431896,6.019574,-0.24286938,lspgmoe-v4.0,frozen_v4_0_auxiliary_reference
ZS_CA0342,CA0342,SRC014,SFC_7A3F6303565B,LIQ_0F4168490E,zero_shot,train,92.3,85.27011,21.999038696289062,148.5411834716797,0.9,medium,no,69.21488,83.56991,90.819626,0.034556914,0.66249657,0.30294648,0.0101857635942001,no,4.2474566,15.172305,43.431896,6.019574,-0.2437386,lspgmoe-v4.0,frozen_v4_0_auxiliary_reference
ZS_CA0343,CA0343,SRC014,SFC_7A3F6303565B,LIQ_6656B41AB7,zero_shot,train,52.9,57.74808,0.0,121.0191535949707,0.9,medium,no,45.20662,58.80495,56.86748,0.034556914,0.66249657,0.30294648,0.0101857635942001,no,5.077199,13.7524185,43.431896,6.019574,-0.19145218,lspgmoe-v4.0,frozen_v4_0_auxiliary_reference
ZS_CA0344,CA0344,SRC014,SFC_7A3F6303565B,LIQ_1BD1B94C09,zero_shot,train,65.5,60.66549,0.0,123.93656158447266,0.9,medium,no,41.48273,59.22933,65.99432,0.034556914,0.66249657,0.30294648,0.0101857635942001,no,5.2268934,13.648425,43.431896,6.019574,-0.24276662,lspgmoe-v4.0,frozen_v4_0_auxiliary_reference
ZS_CA0345,CA0345,SRC014,SFC_54D3CCF77E3A,LIQ_0F4168490E,zero_shot,train,102.9,98.01363,34.74256134033203,161.28470611572266,0.9,medium,no,84.30788,97.773415,100.10238,0.034556914,0.66249657,0.30294648,0.0143730798739103,no,4.182279,15.442354,43.431896,6.019574,-0.23374414,lspgmoe-v4.0,frozen_v4_0_auxiliary_reference
ZS_CA0346,CA0346,SRC014,SFC_54D3CCF77E3A,LIQ_6656B41AB7,zero_shot,train,81.9,67.658615,4.387542724609375,130.9296875,0.9,medium,no,54.38192,66.49552,71.7166,0.034556914,0.66249657,0.30294648,0.0143730798739103,no,4.5748997,13.860052,43.431896,6.019574,-0.18668872,lspgmoe-v4.0,frozen_v4_0_auxiliary_reference
ZS_CA0347,CA0347,SRC014,SFC_54D3CCF77E3A,LIQ_1BD1B94C09,zero_shot,train,78.2,74.74559,11.474517822265623,138.01666259765625,0.9,medium,no,59.847668,74.354904,77.29936,0.034556914,0.66249657,0.30294648,0.0143730798739103,no,4.5099754,13.870485,43.431896,6.019574,-0.23471785,lspgmoe-v4.0,frozen_v4_0_auxiliary_reference
ZS_CA0348,CA0348,SRC014,SFC_66EE1063F64A,LIQ_0F4168490E,zero_shot,train,97.4,89.76101,26.48993682861328,153.0320816040039,0.9,medium,no,74.19053,88.15408,95.05122,0.034556914,0.66249657,0.30294648,0.0093506984292301,no,4.1966896,15.2583065,43.431896,6.019574,-0.2405637,lspgmoe-v4.0,frozen_v4_0_auxiliary_reference
ZS_CA0349,CA0349,SRC014,SFC_66EE1063F64A,LIQ_6656B41AB7,zero_shot,train,65.5,60.300217,0.0,123.5712890625,0.9,medium,no,45.949806,59.41039,63.883068,0.034556914,0.66249657,0.30294648,0.0093506984292301,no,4.993165,13.760523,43.431896,6.019574,-0.19109389,lspgmoe-v4.0,frozen_v4_0_auxiliary_reference
ZS_CA0350,CA0350,SRC014,SFC_66EE1063F64A,LIQ_1BD1B94C09,zero_shot,train,68.0,65.13867,1.8675994873046875,128.4097442626953,0.9,medium,no,46.988663,63.536903,70.71185,0.034556914,0.66249657,0.30294648,0.0093506984292301,no,4.9336753,13.708017,43.431896,6.019574,-0.24061331,lspgmoe-v4.0,frozen_v4_0_auxiliary_reference
ZS_CA0351,CA0351,SRC014,SFC_7D389175DB70,LIQ_0F4168490E,zero_shot,train,90.3,93.317535,30.046463012695312,156.58860778808594,0.9,medium,no,79.27373,92.938095,95.74928,0.034556914,0.66249657,0.30294648,0.0077865752329851,no,4.093974,15.349444,43.431896,6.019574,-0.23719053,lspgmoe-v4.0,frozen_v4_0_auxiliary_reference
ZS_CA0352,CA0352,SRC014,SFC_7D389175DB70,LIQ_6656B41AB7,zero_shot,train,69.1,62.175407,0.0,125.44647979736328,0.9,medium,no,47.60352,60.76948,66.91217,0.034556914,0.66249657,0.30294648,0.0077865752329851,no,4.831149,13.778956,43.431896,6.019574,-0.19027877,lspgmoe-v4.0,frozen_v4_0_auxiliary_reference
ZS_CA0353,CA0353,SRC014,SFC_7D389175DB70,LIQ_1BD1B94C09,zero_shot,train,73.1,69.130165,5.859092712402344,132.40123748779297,0.9,medium,no,52.6101,68.14948,73.159195,0.034556914,0.66249657,0.30294648,0.0077865752329851,no,4.658445,13.775235,43.431896,6.019574,-0.23817845,lspgmoe-v4.0,frozen_v4_0_auxiliary_reference
ZS_CA0354,CA0354,SRC014,SFC_B1FAE164CF82,LIQ_0F4168490E,zero_shot,train,81.0,95.945175,32.674102783203125,159.21624755859375,0.9,medium,no,91.157524,104.510155,77.76105,0.034556914,0.66249657,0.30294648,0.0160408472030458,no,4.2197537,15.571823,43.431896,6.019574,-0.22893155,lspgmoe-v4.0,frozen_v4_0_auxiliary_reference
ZS_CA0355,CA0355,SRC014,SFC_B1FAE164CF82,LIQ_6656B41AB7,zero_shot,train,37.8,44.693443,0.0,107.96451568603516,0.9,medium,no,28.071194,46.011265,43.70767,0.034556914,0.66249657,0.30294648,0.0160408472030458,no,6.408242,13.598636,43.431896,6.019574,-0.19823614,lspgmoe-v4.0,frozen_v4_0_auxiliary_reference
ZS_CA0356,CA0356,SRC014,SFC_B1FAE164CF82,LIQ_1BD1B94C09,zero_shot,train,54.4,66.13196,2.8608856201171875,129.4030303955078,0.9,medium,no,57.588398,72.38861,53.424206,0.034556914,0.66249657,0.30294648,0.0160408472030458,no,4.533042,13.839758,43.431896,6.019574,-0.23583546,lspgmoe-v4.0,frozen_v4_0_auxiliary_reference
ZS_CA0357,CA0357,SRC014,SFC_F13264E1CC9A,LIQ_0F4168490E,zero_shot,train,75.2,98.13288,34.86180877685547,161.4039535522461,0.9,medium,no,91.31688,104.66913,84.61662,0.034556914,0.66249657,0.30294648,0.012553758504863,no,4.257791,15.574865,43.431896,6.019574,-0.22881834,lspgmoe-v4.0,frozen_v4_0_auxiliary_reference
ZS_CA0358,CA0358,SRC014,SFC_F13264E1CC9A,LIQ_6656B41AB7,zero_shot,train,61.1,51.513092,0.0,114.78416442871094,0.9,medium,no,36.13025,51.716835,52.822247,0.034556914,0.66249657,0.30294648,0.012553758504863,no,5.718994,13.662819,43.431896,6.019574,-0.1954082,lspgmoe-v4.0,frozen_v4_0_auxiliary_reference
ZS_CA0359,CA0359,SRC014,SFC_F13264E1CC9A,LIQ_1BD1B94C09,zero_shot,train,49.5,69.2793,6.008224487304688,132.5503692626953,0.9,medium,no,59.8207,74.3313,59.310303,0.034556914,0.66249657,0.30294648,0.012553758504863,no,4.501146,13.870114,43.431896,6.019574,-0.23473139,lspgmoe-v4.0,frozen_v4_0_auxiliary_reference
ZS_CA0360,CA0360,SRC020,SFC_9D7026B7F20A,LIQ_0F4168490E,zero_shot,validation,89.2,101.98267,38.71160125732422,165.25374603271484,0.9,medium,no,101.24681,99.66308,107.13922,0.034556914,0.66249657,0.30294648,0.4320755644823587,yes,6.16693,8.070171,18.989761,1.9915345,0.026824068,lspgmoe-v4.0,frozen_v4_0_auxiliary_reference
ZS_CA0361,CA0361,SRC020,SFC_9D7026B7F20A,LIQ_1BD1B94C09,zero_shot,validation,68.8,79.895676,16.624603271484375,143.166748046875,0.9,medium,no,82.666595,81.45308,76.1738,0.034556914,0.66249657,0.30294648,0.5039445175527864,yes,6.2312584,8.383394,18.989761,1.9915345,0.020684514,lspgmoe-v4.0,frozen_v4_0_auxiliary_reference
ZS_CA0362,CA0362,SRC020,SFC_9D7026B7F20A,LIQ_6656B41AB7,zero_shot,validation,47.7,69.357056,6.085983276367188,132.6281280517578,0.9,medium,no,77.38529,73.362915,59.681084,0.034556914,0.66249657,0.30294648,0.4320755644823587,yes,5.121342,8.913749,18.989761,1.9915345,0.06760299,lspgmoe-v4.0,frozen_v4_0_auxiliary_reference
ZS_CA0363,CA0363,SRC020,SFC_3BF005A262A4,LIQ_0F4168490E,zero_shot,validation,70.2,91.31497,28.04389953613281,154.58604431152344,0.9,medium,no,88.21021,86.65022,101.87021,0.034556914,0.66249657,0.30294648,0.4320755644823587,yes,9.384444,8.703624,27.598995,4.241103,0.027469361,lspgmoe-v4.0,frozen_v4_0_auxiliary_reference
ZS_CA0364,CA0364,SRC020,SFC_3BF005A262A4,LIQ_1BD1B94C09,zero_shot,validation,51.2,66.621216,3.3501434326171875,129.8922882080078,0.9,medium,no,65.36548,64.78682,70.77598,0.034556914,0.66249657,0.30294648,0.5039445175527864,yes,9.372672,8.957769,27.598995,4.241103,0.011075294,lspgmoe-v4.0,frozen_v4_0_auxiliary_reference
ZS_CA0365,CA0365,SRC020,SFC_3BF005A262A4,LIQ_6656B41AB7,zero_shot,validation,15.5,57.34191,0.0,120.61298370361328,0.9,medium,no,61.673084,58.43153,54.465027,0.034556914,0.66249657,0.30294648,0.4320755644823587,yes,4.780767,9.449886,27.598995,4.241103,0.049831666,lspgmoe-v4.0,frozen_v4_0_auxiliary_reference
ZS_CA0366,CA0366,SRC020,SFC_5EBD6486C99B,LIQ_0F4168490E,zero_shot,validation,56.0,91.31497,28.04389953613281,154.58604431152344,0.9,medium,no,88.21021,86.65022,101.87021,0.034556914,0.66249657,0.30294648,0.4320755644823587,yes,9.384444,8.703624,27.598995,4.241103,0.027469361,lspgmoe-v4.0,frozen_v4_0_auxiliary_reference
ZS_CA0367,CA0367,SRC020,SFC_5EBD6486C99B,LIQ_1BD1B94C09,zero_shot,validation,39.4,66.621216,3.3501434326171875,129.8922882080078,0.9,medium,no,65.36548,64.78682,70.77598,0.034556914,0.66249657,0.30294648,0.5039445175527864,yes,9.372672,8.957769,27.598995,4.241103,0.011075294,lspgmoe-v4.0,frozen_v4_0_auxiliary_reference
ZS_CA0368,CA0368,SRC020,SFC_5EBD6486C99B,LIQ_6656B41AB7,zero_shot,validation,10.7,57.34191,0.0,120.61298370361328,0.9,medium,no,61.673084,58.43153,54.465027,0.034556914,0.66249657,0.30294648,0.4320755644823587,yes,4.780767,9.449886,27.598995,4.241103,0.049831666,lspgmoe-v4.0,frozen_v4_0_auxiliary_reference
ZS_CA0369,CA0369,SRC020,SFC_8C9D5E267A39,LIQ_0F4168490E,zero_shot,validation,61.5,91.31497,28.04389953613281,154.58604431152344,0.9,medium,no,88.21021,86.65022,101.87021,0.034556914,0.66249657,0.30294648,0.4320755644823587,yes,9.384444,8.703624,27.598995,4.241103,0.027469361,lspgmoe-v4.0,frozen_v4_0_auxiliary_reference
ZS_CA0370,CA0370,SRC020,SFC_8C9D5E267A39,LIQ_1BD1B94C09,zero_shot,validation,45.9,66.621216,3.3501434326171875,129.8922882080078,0.9,medium,no,65.36548,64.78682,70.77598,0.034556914,0.66249657,0.30294648,0.5039445175527864,yes,9.372672,8.957769,27.598995,4.241103,0.011075294,lspgmoe-v4.0,frozen_v4_0_auxiliary_reference
ZS_CA0371,CA0371,SRC020,SFC_8C9D5E267A39,LIQ_6656B41AB7,zero_shot,validation,11.7,57.34191,0.0,120.61298370361328,0.9,medium,no,61.673084,58.43153,54.465027,0.034556914,0.66249657,0.30294648,0.4320755644823587,yes,4.780767,9.449886,27.598995,4.241103,0.049831666,lspgmoe-v4.0,frozen_v4_0_auxiliary_reference
ZS_CA0372,CA0372,SRC020,SFC_9EBDC478F1D0,LIQ_0F4168490E,zero_shot,validation,0.1,101.98267,38.71160125732422,165.25374603271484,0.9,medium,no,101.24681,99.66308,107.13922,0.034556914,0.66249657,0.30294648,0.4320755644823587,yes,6.16693,8.070171,18.989761,1.9915345,0.026824068,lspgmoe-v4.0,frozen_v4_0_auxiliary_reference
ZS_CA0373,CA0373,SRC020,SFC_9EBDC478F1D0,LIQ_1BD1B94C09,zero_shot,validation,0.1,79.895676,16.624603271484375,143.166748046875,0.9,medium,no,82.666595,81.45308,76.1738,0.034556914,0.66249657,0.30294648,0.5039445175527864,yes,6.2312584,8.383394,18.989761,1.9915345,0.020684514,lspgmoe-v4.0,frozen_v4_0_auxiliary_reference
ZS_CA0374,CA0374,SRC020,SFC_9EBDC478F1D0,LIQ_6656B41AB7,zero_shot,validation,17.6,69.357056,6.085983276367188,132.6281280517578,0.9,medium,no,77.38529,73.362915,59.681084,0.034556914,0.66249657,0.30294648,0.4320755644823587,yes,5.121342,8.913749,18.989761,1.9915345,0.06760299,lspgmoe-v4.0,frozen_v4_0_auxiliary_reference
ZS_CA0375,CA0375,SRC020,SFC_500FB1C18BA7,LIQ_0F4168490E,zero_shot,validation,0.1,91.31497,28.04389953613281,154.58604431152344,0.9,medium,no,88.21021,86.65022,101.87021,0.034556914,0.66249657,0.30294648,0.4320755644823587,yes,9.384444,8.703624,27.598995,4.241103,0.027469361,lspgmoe-v4.0,frozen_v4_0_auxiliary_reference
ZS_CA0376,CA0376,SRC020,SFC_500FB1C18BA7,LIQ_1BD1B94C09,zero_shot,validation,0.1,66.621216,3.3501434326171875,129.8922882080078,0.9,medium,no,65.36548,64.78682,70.77598,0.034556914,0.66249657,0.30294648,0.5039445175527864,yes,9.372672,8.957769,27.598995,4.241103,0.011075294,lspgmoe-v4.0,frozen_v4_0_auxiliary_reference
ZS_CA0377,CA0377,SRC020,SFC_500FB1C18BA7,LIQ_6656B41AB7,zero_shot,validation,23.1,57.34191,0.0,120.61298370361328,0.9,medium,no,61.673084,58.43153,54.465027,0.034556914,0.66249657,0.30294648,0.4320755644823587,yes,4.780767,9.449886,27.598995,4.241103,0.049831666,lspgmoe-v4.0,frozen_v4_0_auxiliary_reference
ZS_CA0378,CA0378,SRC020,SFC_463017990582,LIQ_0F4168490E,zero_shot,validation,0.1,91.31497,28.04389953613281,154.58604431152344,0.9,medium,no,88.21021,86.65022,101.87021,0.034556914,0.66249657,0.30294648,0.4320755644823587,yes,9.384444,8.703624,27.598995,4.241103,0.027469361,lspgmoe-v4.0,frozen_v4_0_auxiliary_reference
ZS_CA0379,CA0379,SRC020,SFC_463017990582,LIQ_1BD1B94C09,zero_shot,validation,0.1,66.621216,3.3501434326171875,129.8922882080078,0.9,medium,no,65.36548,64.78682,70.77598,0.034556914,0.66249657,0.30294648,0.5039445175527864,yes,9.372672,8.957769,27.598995,4.241103,0.011075294,lspgmoe-v4.0,frozen_v4_0_auxiliary_reference
ZS_CA0380,CA0380,SRC020,SFC_463017990582,LIQ_6656B41AB7,zero_shot,validation,19.3,57.34191,0.0,120.61298370361328,0.9,medium,no,61.673084,58.43153,54.465027,0.034556914,0.66249657,0.30294648,0.4320755644823587,yes,4.780767,9.449886,27.598995,4.241103,0.049831666,lspgmoe-v4.0,frozen_v4_0_auxiliary_reference
ZS_CA0381,CA0381,SRC020,SFC_EA6FE64D72B2,LIQ_0F4168490E,zero_shot,validation,0.1,91.31497,28.04389953613281,154.58604431152344,0.9,medium,no,88.21021,86.65022,101.87021,0.034556914,0.66249657,0.30294648,0.4320755644823587,yes,9.384444,8.703624,27.598995,4.241103,0.027469361,lspgmoe-v4.0,frozen_v4_0_auxiliary_reference
ZS_CA0382,CA0382,SRC020,SFC_EA6FE64D72B2,LIQ_1BD1B94C09,zero_shot,validation,0.1,66.621216,3.3501434326171875,129.8922882080078,0.9,medium,no,65.36548,64.78682,70.77598,0.034556914,0.66249657,0.30294648,0.5039445175527864,yes,9.372672,8.957769,27.598995,4.241103,0.011075294,lspgmoe-v4.0,frozen_v4_0_auxiliary_reference
ZS_CA0383,CA0383,SRC020,SFC_EA6FE64D72B2,LIQ_6656B41AB7,zero_shot,validation,22.5,57.34191,0.0,120.61298370361328,0.9,medium,no,61.673084,58.43153,54.465027,0.034556914,0.66249657,0.30294648,0.4320755644823587,yes,4.780767,9.449886,27.598995,4.241103,0.049831666,lspgmoe-v4.0,frozen_v4_0_auxiliary_reference
ZS_CA0384,CA0384,SRC004,SFC_1959CDFDAA85,LIQ_0F4168490E,zero_shot,train,106.0,107.63449,44.36341857910156,170.9055633544922,0.9,medium,no,107.725204,107.64726,107.59623,0.034556914,0.66249657,0.30294648,0.0,no,1.0541881,7.9752493,25.598131,0.05932496,0.0013763212,lspgmoe-v4.0,frozen_v4_0_auxiliary_reference
ZS_CA0385,CA0385,SRC004,SFC_1959CDFDAA85,LIQ_53310FAFB3,zero_shot,train,79.0,80.14731,16.876235961914062,143.4183807373047,0.9,medium,no,79.72661,80.52616,79.36684,0.034556914,0.66249657,0.30294648,0.0,no,1.1674366,7.7878294,25.598131,0.05932496,-0.013807843,lspgmoe-v4.0,frozen_v4_0_auxiliary_reference
ZS_CA0386,CA0386,SRC004,SFC_1959CDFDAA85,LIQ_6656B41AB7,zero_shot,train,63.0,62.378166,0.0,125.64923858642578,0.9,medium,no,65.1857,62.10437,62.65667,0.034556914,0.66249657,0.30294648,0.0,no,0.64444417,9.329374,25.598131,0.05932496,0.048221312,lspgmoe-v4.0,frozen_v4_0_auxiliary_reference
ZS_CA0387,CA0387,SRC004,SFC_309E17907FBA,LIQ_0F4168490E,zero_shot,train,104.0,107.63449,44.36341857910156,170.9055633544922,0.9,medium,no,107.725204,107.64726,107.59623,0.034556914,0.66249657,0.30294648,0.0,no,1.0541881,7.9752493,25.598131,0.05932496,0.0013763212,lspgmoe-v4.0,frozen_v4_0_auxiliary_reference
ZS_CA0388,CA0388,SRC004,SFC_309E17907FBA,LIQ_53310FAFB3,zero_shot,train,77.0,80.14731,16.876235961914062,143.4183807373047,0.9,medium,no,79.72661,80.52616,79.36684,0.034556914,0.66249657,0.30294648,0.0,no,1.1674366,7.7878294,25.598131,0.05932496,-0.013807843,lspgmoe-v4.0,frozen_v4_0_auxiliary_reference
ZS_CA0389,CA0389,SRC004,SFC_309E17907FBA,LIQ_6656B41AB7,zero_shot,train,64.0,62.378166,0.0,125.64923858642578,0.9,medium,no,65.1857,62.10437,62.65667,0.034556914,0.66249657,0.30294648,0.0,no,0.64444417,9.329374,25.598131,0.05932496,0.048221312,lspgmoe-v4.0,frozen_v4_0_auxiliary_reference
ZS_CA0390,CA0390,SRC004,SFC_3658FB055001,LIQ_0F4168490E,zero_shot,train,105.0,107.63449,44.36341857910156,170.9055633544922,0.9,medium,no,107.725204,107.64726,107.59623,0.034556914,0.66249657,0.30294648,0.0,no,1.0541881,7.9752493,25.598131,0.05932496,0.0013763212,lspgmoe-v4.0,frozen_v4_0_auxiliary_reference
ZS_CA0391,CA0391,SRC004,SFC_3658FB055001,LIQ_53310FAFB3,zero_shot,train,79.0,80.14731,16.876235961914062,143.4183807373047,0.9,medium,no,79.72661,80.52616,79.36684,0.034556914,0.66249657,0.30294648,0.0,no,1.1674366,7.7878294,25.598131,0.05932496,-0.013807843,lspgmoe-v4.0,frozen_v4_0_auxiliary_reference
ZS_CA0392,CA0392,SRC004,SFC_3658FB055001,LIQ_6656B41AB7,zero_shot,train,64.0,62.378166,0.0,125.64923858642578,0.9,medium,no,65.1857,62.10437,62.65667,0.034556914,0.66249657,0.30294648,0.0,no,0.64444417,9.329374,25.598131,0.05932496,0.048221312,lspgmoe-v4.0,frozen_v4_0_auxiliary_reference
ZS_CA0393,CA0393,SRC004,SFC_AE86A39F2CBE,LIQ_0F4168490E,zero_shot,train,107.0,107.63449,44.36341857910156,170.9055633544922,0.9,medium,no,107.725204,107.64726,107.59623,0.034556914,0.66249657,0.30294648,0.0,no,1.0541881,7.9752493,25.598131,0.05932496,0.0013763212,lspgmoe-v4.0,frozen_v4_0_auxiliary_reference
ZS_CA0394,CA0394,SRC004,SFC_AE86A39F2CBE,LIQ_53310FAFB3,zero_shot,train,76.0,80.14731,16.876235961914062,143.4183807373047,0.9,medium,no,79.72661,80.52616,79.36684,0.034556914,0.66249657,0.30294648,0.0,no,1.1674366,7.7878294,25.598131,0.05932496,-0.013807843,lspgmoe-v4.0,frozen_v4_0_auxiliary_reference
ZS_CA0395,CA0395,SRC004,SFC_AE86A39F2CBE,LIQ_6656B41AB7,zero_shot,train,63.0,62.378166,0.0,125.64923858642578,0.9,medium,no,65.1857,62.10437,62.65667,0.034556914,0.66249657,0.30294648,0.0,no,0.64444417,9.329374,25.598131,0.05932496,0.048221312,lspgmoe-v4.0,frozen_v4_0_auxiliary_reference
ZS_CA0396,CA0396,SRC004,SFC_1A55A8F9BE53,LIQ_0F4168490E,zero_shot,train,111.0,107.63449,44.36341857910156,170.9055633544922,0.9,medium,no,107.725204,107.64726,107.59623,0.034556914,0.66249657,0.30294648,0.0,no,1.0541881,7.9752493,25.598131,0.05932496,0.0013763212,lspgmoe-v4.0,frozen_v4_0_auxiliary_reference
ZS_CA0397,CA0397,SRC004,SFC_1A55A8F9BE53,LIQ_53310FAFB3,zero_shot,train,76.0,80.14731,16.876235961914062,143.4183807373047,0.9,medium,no,79.72661,80.52616,79.36684,0.034556914,0.66249657,0.30294648,0.0,no,1.1674366,7.7878294,25.598131,0.05932496,-0.013807843,lspgmoe-v4.0,frozen_v4_0_auxiliary_reference
ZS_CA0398,CA0398,SRC004,SFC_1A55A8F9BE53,LIQ_6656B41AB7,zero_shot,train,62.0,62.378166,0.0,125.64923858642578,0.9,medium,no,65.1857,62.10437,62.65667,0.034556914,0.66249657,0.30294648,0.0,no,0.64444417,9.329374,25.598131,0.05932496,0.048221312,lspgmoe-v4.0,frozen_v4_0_auxiliary_reference
ZS_CA0399,CA0399,SRC004,SFC_E53F0A6F08A0,LIQ_0F4168490E,zero_shot,train,112.0,107.63449,44.36341857910156,170.9055633544922,0.9,medium,no,107.725204,107.64726,107.59623,0.034556914,0.66249657,0.30294648,0.0,no,1.0541881,7.9752493,25.598131,0.05932496,0.0013763212,lspgmoe-v4.0,frozen_v4_0_auxiliary_reference
ZS_CA0400,CA0400,SRC004,SFC_E53F0A6F08A0,LIQ_53310FAFB3,zero_shot,train,83.0,80.14731,16.876235961914062,143.4183807373047,0.9,medium,no,79.72661,80.52616,79.36684,0.034556914,0.66249657,0.30294648,0.0,no,1.1674366,7.7878294,25.598131,0.05932496,-0.013807843,lspgmoe-v4.0,frozen_v4_0_auxiliary_reference
ZS_CA0401,CA0401,SRC004,SFC_E53F0A6F08A0,LIQ_6656B41AB7,zero_shot,train,65.0,62.378166,0.0,125.64923858642578,0.9,medium,no,65.1857,62.10437,62.65667,0.034556914,0.66249657,0.30294648,0.0,no,0.64444417,9.329374,25.598131,0.05932496,0.048221312,lspgmoe-v4.0,frozen_v4_0_auxiliary_reference
ZS_CA0402,CA0402,SRC004,SFC_2A9E0C34389A,LIQ_0F4168490E,zero_shot,train,111.0,107.63449,44.36341857910156,170.9055633544922,0.9,medium,no,107.725204,107.64726,107.59623,0.034556914,0.66249657,0.30294648,0.0,no,1.0541881,7.9752493,25.598131,0.05932496,0.0013763212,lspgmoe-v4.0,frozen_v4_0_auxiliary_reference
ZS_CA0403,CA0403,SRC004,SFC_2A9E0C34389A,LIQ_53310FAFB3,zero_shot,train,82.0,80.14731,16.876235961914062,143.4183807373047,0.9,medium,no,79.72661,80.52616,79.36684,0.034556914,0.66249657,0.30294648,0.0,no,1.1674366,7.7878294,25.598131,0.05932496,-0.013807843,lspgmoe-v4.0,frozen_v4_0_auxiliary_reference
ZS_CA0404,CA0404,SRC004,SFC_2A9E0C34389A,LIQ_6656B41AB7,zero_shot,train,65.0,62.378166,0.0,125.64923858642578,0.9,medium,no,65.1857,62.10437,62.65667,0.034556914,0.66249657,0.30294648,0.0,no,0.64444417,9.329374,25.598131,0.05932496,0.048221312,lspgmoe-v4.0,frozen_v4_0_auxiliary_reference
ZS_CA0405,CA0405,SRC004,SFC_4CE305FCECB9,LIQ_0F4168490E,zero_shot,train,108.0,107.63449,44.36341857910156,170.9055633544922,0.9,medium,no,107.725204,107.64726,107.59623,0.034556914,0.66249657,0.30294648,0.0,no,1.0541881,7.9752493,25.598131,0.05932496,0.0013763212,lspgmoe-v4.0,frozen_v4_0_auxiliary_reference
ZS_CA0406,CA0406,SRC004,SFC_4CE305FCECB9,LIQ_53310FAFB3,zero_shot,train,84.0,80.14731,16.876235961914062,143.4183807373047,0.9,medium,no,79.72661,80.52616,79.36684,0.034556914,0.66249657,0.30294648,0.0,no,1.1674366,7.7878294,25.598131,0.05932496,-0.013807843,lspgmoe-v4.0,frozen_v4_0_auxiliary_reference
ZS_CA0407,CA0407,SRC004,SFC_4CE305FCECB9,LIQ_6656B41AB7,zero_shot,train,67.0,62.378166,0.0,125.64923858642578,0.9,medium,no,65.1857,62.10437,62.65667,0.034556914,0.66249657,0.30294648,0.0,no,0.64444417,9.329374,25.598131,0.05932496,0.048221312,lspgmoe-v4.0,frozen_v4_0_auxiliary_reference
ZS_CA0408,CA0408,SRC004,SFC_B4F56FFE60FB,LIQ_0F4168490E,zero_shot,train,109.0,107.63449,44.36341857910156,170.9055633544922,0.9,medium,no,107.725204,107.64726,107.59623,0.034556914,0.66249657,0.30294648,0.0,no,1.0541881,7.9752493,25.598131,0.05932496,0.0013763212,lspgmoe-v4.0,frozen_v4_0_auxiliary_reference
ZS_CA0409,CA0409,SRC004,SFC_B4F56FFE60FB,LIQ_53310FAFB3,zero_shot,train,82.0,80.14731,16.876235961914062,143.4183807373047,0.9,medium,no,79.72661,80.52616,79.36684,0.034556914,0.66249657,0.30294648,0.0,no,1.1674366,7.7878294,25.598131,0.05932496,-0.013807843,lspgmoe-v4.0,frozen_v4_0_auxiliary_reference
ZS_CA0410,CA0410,SRC004,SFC_B4F56FFE60FB,LIQ_6656B41AB7,zero_shot,train,64.0,62.378166,0.0,125.64923858642578,0.9,medium,no,65.1857,62.10437,62.65667,0.034556914,0.66249657,0.30294648,0.0,no,0.64444417,9.329374,25.598131,0.05932496,0.048221312,lspgmoe-v4.0,frozen_v4_0_auxiliary_reference
ZS_CA0411,CA0411,SRC004,SFC_572551235161,LIQ_0F4168490E,zero_shot,train,107.0,107.63449,44.36341857910156,170.9055633544922,0.9,medium,no,107.725204,107.64726,107.59623,0.034556914,0.66249657,0.30294648,0.0,no,1.0541881,7.9752493,25.598131,0.05932496,0.0013763212,lspgmoe-v4.0,frozen_v4_0_auxiliary_reference
ZS_CA0412,CA0412,SRC004,SFC_572551235161,LIQ_53310FAFB3,zero_shot,train,82.0,80.14731,16.876235961914062,143.4183807373047,0.9,medium,no,79.72661,80.52616,79.36684,0.034556914,0.66249657,0.30294648,0.0,no,1.1674366,7.7878294,25.598131,0.05932496,-0.013807843,lspgmoe-v4.0,frozen_v4_0_auxiliary_reference
ZS_CA0413,CA0413,SRC004,SFC_572551235161,LIQ_6656B41AB7,zero_shot,train,63.0,62.378166,0.0,125.64923858642578,0.9,medium,no,65.1857,62.10437,62.65667,0.034556914,0.66249657,0.30294648,0.0,no,0.64444417,9.329374,25.598131,0.05932496,0.048221312,lspgmoe-v4.0,frozen_v4_0_auxiliary_reference
ZS_CA0414,CA0414,SRC004,SFC_7E0BA3D04E9B,LIQ_0F4168490E,zero_shot,train,112.0,107.63449,44.36341857910156,170.9055633544922,0.9,medium,no,107.725204,107.64726,107.59623,0.034556914,0.66249657,0.30294648,0.0,no,1.0541881,7.9752493,25.598131,0.05932496,0.0013763212,lspgmoe-v4.0,frozen_v4_0_auxiliary_reference
ZS_CA0415,CA0415,SRC004,SFC_7E0BA3D04E9B,LIQ_53310FAFB3,zero_shot,train,87.0,80.14731,16.876235961914062,143.4183807373047,0.9,medium,no,79.72661,80.52616,79.36684,0.034556914,0.66249657,0.30294648,0.0,no,1.1674366,7.7878294,25.598131,0.05932496,-0.013807843,lspgmoe-v4.0,frozen_v4_0_auxiliary_reference
ZS_CA0416,CA0416,SRC004,SFC_7E0BA3D04E9B,LIQ_6656B41AB7,zero_shot,train,67.0,62.378166,0.0,125.64923858642578,0.9,medium,no,65.1857,62.10437,62.65667,0.034556914,0.66249657,0.30294648,0.0,no,0.64444417,9.329374,25.598131,0.05932496,0.048221312,lspgmoe-v4.0,frozen_v4_0_auxiliary_reference
ZS_CA0417,CA0417,SRC004,SFC_AE01D8CAA284,LIQ_0F4168490E,zero_shot,train,115.0,107.63449,44.36341857910156,170.9055633544922,0.9,medium,no,107.725204,107.64726,107.59623,0.034556914,0.66249657,0.30294648,0.0,no,1.0541881,7.9752493,25.598131,0.05932496,0.0013763212,lspgmoe-v4.0,frozen_v4_0_auxiliary_reference
ZS_CA0418,CA0418,SRC004,SFC_AE01D8CAA284,LIQ_53310FAFB3,zero_shot,train,88.0,80.14731,16.876235961914062,143.4183807373047,0.9,medium,no,79.72661,80.52616,79.36684,0.034556914,0.66249657,0.30294648,0.0,no,1.1674366,7.7878294,25.598131,0.05932496,-0.013807843,lspgmoe-v4.0,frozen_v4_0_auxiliary_reference
ZS_CA0419,CA0419,SRC004,SFC_AE01D8CAA284,LIQ_6656B41AB7,zero_shot,train,67.0,62.378166,0.0,125.64923858642578,0.9,medium,no,65.1857,62.10437,62.65667,0.034556914,0.66249657,0.30294648,0.0,no,0.64444417,9.329374,25.598131,0.05932496,0.048221312,lspgmoe-v4.0,frozen_v4_0_auxiliary_reference
ZS_CA0420,CA0420,SRC004,SFC_2E8A7F435ADF,LIQ_0F4168490E,zero_shot,train,98.0,107.63449,44.36341857910156,170.9055633544922,0.9,medium,no,107.725204,107.64726,107.59623,0.034556914,0.66249657,0.30294648,0.0,no,1.0541881,7.9752493,25.598131,0.05932496,0.0013763212,lspgmoe-v4.0,frozen_v4_0_auxiliary_reference
ZS_CA0421,CA0421,SRC004,SFC_2E8A7F435ADF,LIQ_53310FAFB3,zero_shot,train,69.0,80.14731,16.876235961914062,143.4183807373047,0.9,medium,no,79.72661,80.52616,79.36684,0.034556914,0.66249657,0.30294648,0.0,no,1.1674366,7.7878294,25.598131,0.05932496,-0.013807843,lspgmoe-v4.0,frozen_v4_0_auxiliary_reference
ZS_CA0422,CA0422,SRC004,SFC_2E8A7F435ADF,LIQ_6656B41AB7,zero_shot,train,45.0,62.378166,0.0,125.64923858642578,0.9,medium,no,65.1857,62.10437,62.65667,0.034556914,0.66249657,0.30294648,0.0,no,0.64444417,9.329374,25.598131,0.05932496,0.048221312,lspgmoe-v4.0,frozen_v4_0_auxiliary_reference
ZS_CA0423,CA0423,SRC004,SFC_9E9E03484254,LIQ_0F4168490E,zero_shot,train,109.0,107.52269,44.25161743164063,170.79376220703125,0.9,medium,no,107.12669,107.92145,106.69588,0.034556914,0.66249657,0.30294648,0.4989178602331801,no,0.68200505,8.277657,26.89027,0.047715213,-0.013203852,lspgmoe-v4.0,frozen_v4_0_auxiliary_reference
ZS_CA0424,CA0424,SRC004,SFC_9E9E03484254,LIQ_53310FAFB3,zero_shot,train,80.0,79.59605,16.324974060058594,142.86711883544922,0.9,medium,no,78.41048,79.45244,80.045334,0.034556914,0.66249657,0.30294648,0.4989178602331801,no,1.3501335,8.113568,26.89027,0.047715213,-0.017920565,lspgmoe-v4.0,frozen_v4_0_auxiliary_reference
ZS_CA0425,CA0425,SRC004,SFC_9E9E03484254,LIQ_6656B41AB7,zero_shot,train,63.0,62.09885,0.0,125.36992263793944,0.9,medium,no,62.93031,61.132923,64.11634,0.034556914,0.66249657,0.30294648,0.4989178602331801,no,1.2658567,9.732342,26.89027,0.047715213,0.027687017,lspgmoe-v4.0,frozen_v4_0_auxiliary_reference
ZS_CA0426,CA0426,SRC004,SFC_977322D0A384,LIQ_0F4168490E,zero_shot,train,110.0,108.20102,44.92994689941406,171.4720916748047,0.9,medium,no,107.71786,108.79364,106.96018,0.034556914,0.66249657,0.30294648,0.4989178602331801,no,0.4377241,8.191327,25.819468,0.05316543,-0.017849807,lspgmoe-v4.0,frozen_v4_0_auxiliary_reference
ZS_CA0427,CA0427,SRC004,SFC_977322D0A384,LIQ_53310FAFB3,zero_shot,train,81.0,80.50987,17.238800048828125,143.78094482421875,0.9,medium,no,79.58524,80.649666,80.30965,0.034556914,0.66249657,0.30294648,0.4989178602331801,no,1.1814954,8.033935,25.819468,0.05316543,-0.018337183,lspgmoe-v4.0,frozen_v4_0_auxiliary_reference
ZS_CA0428,CA0428,SRC004,SFC_977322D0A384,LIQ_6656B41AB7,zero_shot,train,65.0,63.465385,0.1943130493164062,126.73645782470705,0.9,high,yes,64.80034,63.026592,64.27269,0.034556914,0.66249657,0.30294648,0.4989178602331801,no,1.2777417,9.631006,25.819468,0.05316543,0.02779777,lspgmoe-v4.0,frozen_v4_0_auxiliary_reference
ZS_CA0429,CA0429,SRC016,SFC_D23857573968,LIQ_0F4168490E,zero_shot,train,95.1,86.16171,22.890640258789062,149.4327850341797,0.9,medium,no,88.280106,87.25017,83.5398,0.034556914,0.66249657,0.30294648,0.4623888432330615,no,1.286249,10.276317,41.34899,1.134763,0.017961735,lspgmoe-v4.0,frozen_v4_0_auxiliary_reference
ZS_CA0430,CA0430,SRC016,SFC_D23857573968,LIQ_6656B41AB7,zero_shot,train,31.4,34.943768,0.0,98.21483993530272,0.9,medium,no,36.291298,33.36213,38.248848,0.034556914,0.66249657,0.30294648,0.4602611647156632,no,3.9967463,11.641091,41.34899,1.134763,0.027061414,lspgmoe-v4.0,frozen_v4_0_auxiliary_reference
ZS_CA0431,CA0431,SRC016,SFC_D23857573968,LIQ_53310FAFB3,zero_shot,train,48.3,52.15738,0.0,115.42845153808594,0.9,medium,no,50.716656,52.322865,51.959846,0.034556914,0.66249657,0.30294648,0.4584832208312243,no,2.4528787,10.017909,41.34899,1.134763,-0.022451961,lspgmoe-v4.0,frozen_v4_0_auxiliary_reference
ZS_CA0432,CA0432,SRC016,SFC_CDEB89D989AC,LIQ_0F4168490E,zero_shot,train,88.7,85.94646,22.67538452148437,149.217529296875,0.9,medium,no,87.48329,85.33568,87.10685,0.034556914,0.66249657,0.30294648,0.5288711848324279,no,0.56057155,9.547922,37.971123,1.7003748,0.037415743,lspgmoe-v4.0,frozen_v4_0_auxiliary_reference
ZS_CA0433,CA0433,SRC016,SFC_CDEB89D989AC,LIQ_6656B41AB7,zero_shot,train,41.7,40.70556,0.0,103.97663116455078,0.9,medium,no,43.13426,39.384674,43.317097,0.034556914,0.66249657,0.30294648,0.456535708639896,no,2.7890425,10.881881,37.971123,1.7003748,0.04211996,lspgmoe-v4.0,frozen_v4_0_auxiliary_reference
ZS_CA0434,CA0434,SRC016,SFC_CDEB89D989AC,LIQ_53310FAFB3,zero_shot,train,54.0,54.5794,0.0,117.85047149658205,0.9,medium,no,51.863678,54.120384,55.892982,0.034556914,0.66249657,0.30294648,0.4559421775101513,no,2.1351826,9.315795,37.971123,1.7003748,-0.031852882,lspgmoe-v4.0,frozen_v4_0_auxiliary_reference
ZS_CA0435,CA0435,SRC016,SFC_6A9ED69E4397,LIQ_0F4168490E,zero_shot,train,68.3,79.34496,16.073890686035156,142.61603546142578,0.9,medium,no,83.46202,81.335976,74.52132,0.034556914,0.66249657,0.30294648,0.4685247598935695,no,0.9128043,10.113104,42.250626,2.0708175,0.036768224,lspgmoe-v4.0,frozen_v4_0_auxiliary_reference
ZS_CA0436,CA0436,SRC016,SFC_6A9ED69E4397,LIQ_6656B41AB7,zero_shot,train,37.9,32.369396,0.0,95.64046859741212,0.9,medium,no,34.361725,30.373215,36.507473,0.034556914,0.66249657,0.30294648,0.4548660159513731,no,4.0791955,11.409414,42.250626,2.0708175,0.034538366,lspgmoe-v4.0,frozen_v4_0_auxiliary_reference
ZS_CA0437,CA0437,SRC016,SFC_6A9ED69E4397,LIQ_53310FAFB3,zero_shot,train,50.2,47.819416,0.0,111.09048843383788,0.9,medium,no,44.09939,47.021717,49.988216,0.034556914,0.66249657,0.30294648,0.4505969908362839,no,2.1837385,9.846011,42.250626,2.0708175,-0.03691145,lspgmoe-v4.0,frozen_v4_0_auxiliary_reference
ZS_CA0438,CA0438,SRC016,SFC_5A7AACDD77C7,LIQ_0F4168490E,zero_shot,train,98.1,97.654236,34.38316345214844,160.92530822753906,0.9,medium,no,97.14711,100.19228,92.16179,0.034556914,0.66249657,0.30294648,0.4623888432330615,no,2.1914074,11.708236,41.09124,0.0820467,-0.05229819,lspgmoe-v4.0,frozen_v4_0_auxiliary_reference
ZS_CA0439,CA0439,SRC016,SFC_5A7AACDD77C7,LIQ_6656B41AB7,zero_shot,train,39.1,39.89346,0.0,103.16453170776369,0.9,medium,no,36.667175,37.019096,46.54726,0.034556914,0.66249657,0.30294648,0.4612392525413893,no,4.6312366,13.281018,41.09124,0.0820467,-0.0052179485,lspgmoe-v4.0,frozen_v4_0_auxiliary_reference
ZS_CA0440,CA0440,SRC016,SFC_5A7AACDD77C7,LIQ_53310FAFB3,zero_shot,train,59.8,60.839447,0.0,124.11051940917967,0.9,medium,no,60.777412,60.88672,60.743153,0.034556914,0.66249657,0.30294648,0.4598720660114616,no,2.7150393,11.4669485,41.09124,0.0820467,-0.0020563386,lspgmoe-v4.0,frozen_v4_0_auxiliary_reference
ZS_CA0441,CA0441,SRC016,SFC_66D5DCF7DD85,LIQ_0F4168490E,zero_shot,train,105.5,99.532974,36.26190185546875,162.80404663085938,0.9,medium,no,97.388664,99.25636,100.382484,0.034556914,0.66249657,0.30294648,0.4601531658535372,no,2.022815,10.250671,35.51077,0.33796597,-0.032077838,lspgmoe-v4.0,frozen_v4_0_auxiliary_reference
ZS_CA0442,CA0442,SRC016,SFC_66D5DCF7DD85,LIQ_6656B41AB7,zero_shot,train,68.9,51.213383,0.0,114.48445510864258,0.9,medium,no,47.693798,47.681583,59.338367,0.034556914,0.66249657,0.30294648,0.4505974113926007,no,2.8300266,11.673154,35.51077,0.33796597,0.00012517869,lspgmoe-v4.0,frozen_v4_0_auxiliary_reference
ZS_CA0443,CA0443,SRC016,SFC_66D5DCF7DD85,LIQ_53310FAFB3,zero_shot,train,71.5,67.19558,3.924507141113281,130.4666519165039,0.9,medium,no,64.13154,65.98299,70.19685,0.034556914,0.66249657,0.30294648,0.4505974113926007,no,2.1691232,10.017548,35.51077,0.33796597,-0.029524377,lspgmoe-v4.0,frozen_v4_0_auxiliary_reference
ZS_CA0444,CA0444,SRC016,SFC_FC48A7AD25F0,LIQ_0F4168490E,zero_shot,train,91.7,96.41414,33.14306640625,159.68521118164062,0.9,medium,no,97.398994,99.27176,90.05267,0.034556914,0.66249657,0.30294648,0.4601535864098539,no,2.0749712,10.252073,35.509605,0.3369686,-0.03216338,lspgmoe-v4.0,frozen_v4_0_auxiliary_reference
ZS_CA0445,CA0445,SRC016,SFC_FC48A7AD25F0,LIQ_6656B41AB7,zero_shot,train,35.1,46.2624,0.0,109.53347396850586,0.9,medium,no,47.69587,47.685276,42.987286,0.034556914,0.66249657,0.30294648,0.4505974113926007,no,2.8947313,11.674749,35.509605,0.3369686,0.00010367334,lspgmoe-v4.0,frozen_v4_0_auxiliary_reference
ZS_CA0446,CA0446,SRC016,SFC_FC48A7AD25F0,LIQ_53310FAFB3,zero_shot,train,59.1,64.243904,0.9728317260742188,127.51497650146484,0.9,medium,no,64.142715,65.99092,60.43501,0.034556914,0.66249657,0.30294648,0.4505974113926007,no,2.180178,10.019004,35.509605,0.3369686,-0.029475072,lspgmoe-v4.0,frozen_v4_0_auxiliary_reference
ZS_CA0447,CA0447,SRC017,SFC_AFFB3785B9F0,LIQ_0F4168490E,zero_shot,internal_test,166.0,117.09541,53.8243408203125,180.0,0.9,medium,no,119.14419,118.60657,113.55705,0.034556914,0.66249657,0.30294648,0.5436831362506201,yes,5.695002,8.660874,7.683539,1.036257,0.008876021,lspgmoe-v4.0,frozen_v4_0_auxiliary_reference
ZS_CA0448,CA0448,SRC017,SFC_AFFB3785B9F0,LIQ_6656B41AB7,zero_shot,internal_test,162.0,92.2188,28.947731018066406,155.48987579345703,0.9,medium,no,104.15355,99.88808,74.08592,0.034556914,0.66249657,0.30294648,0.5436831362506201,yes,6.3946104,8.882484,7.683539,1.036257,0.07157902,lspgmoe-v4.0,frozen_v4_0_auxiliary_reference
ZS_CA0449,CA0449,SRC017,SFC_AFFB3785B9F0,LIQ_53310FAFB3,zero_shot,internal_test,160.0,101.380585,38.10951232910156,164.6516571044922,0.9,medium,no,103.79675,107.86452,86.92564,0.034556914,0.66249657,0.30294648,0.5436831362506201,yes,5.2424707,8.581149,7.683539,1.036257,-0.06813088,lspgmoe-v4.0,frozen_v4_0_auxiliary_reference
ZS_CA0450,CA0450,SRC017,SFC_AFFB3785B9F0,LIQ_4BDC3033E4,zero_shot,internal_test,156.0,82.413605,19.14253234863281,145.68467712402344,0.9,high,yes,90.9702,87.630905,70.02815,0.034556914,0.66249657,0.30294648,1.341004712320912,yes,9.515599,9.777454,7.683539,1.036257,0.056111325,lspgmoe-v4.0,frozen_v4_0_auxiliary_reference
ZS_CA0451,CA0451,SRC017,SFC_AFFB3785B9F0,LIQ_63C19A56DE,zero_shot,internal_test,157.0,81.19847,17.927398681640625,144.46954345703125,0.9,high,yes,89.069405,84.18648,73.76634,0.034556914,0.66249657,0.30294648,1.1950764647714716,yes,9.450933,10.369302,7.683539,1.036257,0.08187413,lspgmoe-v4.0,frozen_v4_0_auxiliary_reference
ZS_CA0452,CA0452,SRC017,SFC_AFFB3785B9F0,LIQ_B6950B5CB8,zero_shot,internal_test,156.0,80.63794,17.366867065429688,143.9090118408203,0.9,high,yes,88.09467,83.391235,73.76634,0.034556914,0.66249657,0.30294648,1.026890105938683,yes,10.323122,10.108599,7.683539,1.036257,0.07731614,lspgmoe-v4.0,frozen_v4_0_auxiliary_reference
ZS_CA0453,CA0453,SRC017,SFC_AFFB3785B9F0,LIQ_E0B206B2DD,zero_shot,internal_test,154.0,79.03773,15.76665496826172,142.30879974365234,0.9,high,yes,85.608665,81.105484,73.76634,0.034556914,0.66249657,0.30294648,1.177479547368526,yes,10.4478855,10.681916,7.683539,1.036257,0.0735723,lspgmoe-v4.0,frozen_v4_0_auxiliary_reference
ZS_CA0454,CA0454,SRC017,SFC_AFFB3785B9F0,LIQ_FCA4FC7284,zero_shot,internal_test,153.0,77.6634,14.392326354980469,140.9344711303711,0.9,high,yes,83.478065,79.14215,73.76634,0.034556914,0.66249657,0.30294648,1.2324476878513937,yes,10.910378,11.028566,7.683539,1.036257,0.06970654,lspgmoe-v4.0,frozen_v4_0_auxiliary_reference
ZS_CA0455,CA0455,SRC018,SFC_8D989D0E7E7F,LIQ_0F4168490E,zero_shot,internal_test,162.0,117.09541,53.8243408203125,180.0,0.9,medium,no,119.14419,118.60657,113.55705,0.034556914,0.66249657,0.30294648,0.5436831362506201,yes,5.695002,8.660874,7.683539,1.036257,0.008876021,lspgmoe-v4.0,frozen_v4_0_auxiliary_reference
ZS_CA0456,CA0456,SRC018,SFC_8D989D0E7E7F,LIQ_5C0DC0DCD1,zero_shot,internal_test,157.8,103.09296,39.82188415527344,166.36402893066406,0.9,medium,no,110.1002,108.24565,91.02551,0.034556914,0.66249657,0.30294648,0.5587978882168292,yes,5.6037416,8.513586,7.683539,1.036257,0.030658137,lspgmoe-v4.0,frozen_v4_0_auxiliary_reference
ZS_CA0457,CA0457,SRC018,SFC_8D989D0E7E7F,LIQ_53310FAFB3,zero_shot,internal_test,153.8,101.380585,38.10951232910156,164.6516571044922,0.9,medium,no,103.79675,107.86452,86.92564,0.034556914,0.66249657,0.30294648,0.5436831362506201,yes,5.2424707,8.581149,7.683539,1.036257,-0.06813088,lspgmoe-v4.0,frozen_v4_0_auxiliary_reference
ZS_CA0458,CA0458,SRC018,SFC_8D989D0E7E7F,LIQ_6656B41AB7,zero_shot,internal_test,134.2,92.2188,28.947731018066406,155.48987579345703,0.9,medium,no,104.15355,99.88808,74.08592,0.034556914,0.66249657,0.30294648,0.5436831362506201,yes,6.3946104,8.882484,7.683539,1.036257,0.07157902,lspgmoe-v4.0,frozen_v4_0_auxiliary_reference
ZS_CA0459,CA0459,SRC012,SFC_9BFFAF330A15,LIQ_0F4168490E,zero_shot,internal_test,168.1,117.09541,53.8243408203125,180.0,0.9,medium,no,119.14419,118.60657,113.55705,0.034556914,0.66249657,0.30294648,0.5436831362506201,yes,5.695002,8.660874,7.683539,1.036257,0.008876021,lspgmoe-v4.0,frozen_v4_0_auxiliary_reference
ZS_CA0460,CA0460,SRC012,SFC_9BFFAF330A15,LIQ_6656B41AB7,zero_shot,internal_test,161.1,92.2188,28.947731018066406,155.48987579345703,0.9,medium,no,104.15355,99.88808,74.08592,0.034556914,0.66249657,0.30294648,0.5436831362506201,yes,6.3946104,8.882484,7.683539,1.036257,0.07157902,lspgmoe-v4.0,frozen_v4_0_auxiliary_reference
ZS_CA0461,CA0461,SRC012,SFC_9BFFAF330A15,LIQ_53310FAFB3,zero_shot,internal_test,164.4,101.380585,38.10951232910156,164.6516571044922,0.9,medium,no,103.79675,107.86452,86.92564,0.034556914,0.66249657,0.30294648,0.5436831362506201,yes,5.2424707,8.581149,7.683539,1.036257,-0.06813088,lspgmoe-v4.0,frozen_v4_0_auxiliary_reference
ZS_CA0462,CA0462,SRC012,SFC_9BFFAF330A15,LIQ_B6950B5CB8,zero_shot,internal_test,153.5,80.63794,17.366867065429688,143.9090118408203,0.9,high,yes,88.09467,83.391235,73.76634,0.034556914,0.66249657,0.30294648,1.026890105938683,yes,10.323122,10.108599,7.683539,1.036257,0.07731614,lspgmoe-v4.0,frozen_v4_0_auxiliary_reference
ZS_CA0463,CA0463,SRC002,SFC_5523B41BFD8F,LIQ_0F4168490E,zero_shot,validation,172.0,114.954666,51.68359375,178.22573852539062,0.9,medium,no,118.35106,118.84651,106.05638,0.034556914,0.66249657,0.30294648,0.4989178602331801,yes,10.096298,10.078018,6.935832,1.8338814,-0.0067633046,lspgmoe-v4.0,frozen_v4_0_auxiliary_reference
ZS_CA0464,CA0464,SRC002,SFC_5523B41BFD8F,LIQ_5C0DC0DCD1,zero_shot,validation,167.0,103.72893,40.457855224609375,167.0,0.9,medium,no,110.95668,110.088295,88.99751,0.034556914,0.66249657,0.30294648,0.5487849890396506,yes,11.145379,9.210554,6.935832,1.8338814,0.014151609,lspgmoe-v4.0,frozen_v4_0_auxiliary_reference
ZS_CA0465,CA0465,SRC002,SFC_5523B41BFD8F,LIQ_53310FAFB3,zero_shot,validation,163.0,102.85713,39.5860595703125,166.12820434570312,0.9,medium,no,104.7687,110.16699,86.65358,0.034556914,0.66249657,0.30294648,0.4989178602331801,yes,10.187014,9.407915,6.935832,1.8338814,-0.09043261,lspgmoe-v4.0,frozen_v4_0_auxiliary_reference
ZS_CA0466,CA0466,SRC002,SFC_5523B41BFD8F,LIQ_B6950B5CB8,zero_shot,validation,70.0,85.49687,22.225799560546875,148.7679443359375,0.9,high,yes,93.89776,90.827194,72.88204,0.034556914,0.66249657,0.30294648,1.003907880789258,yes,15.057134,10.618555,6.935832,1.8338814,0.055481814,lspgmoe-v4.0,frozen_v4_0_auxiliary_reference
ZS_CA0467,CA0467,SRC003,SFC_6DD3FB38C4D9,LIQ_0F4168490E,zero_shot,internal_test,166.1,110.253006,46.98193359375,173.52407836914062,0.9,medium,no,116.66759,116.11025,96.71242,0.034556914,0.66249657,0.30294648,0.5578071416459708,yes,10.343547,8.396803,8.138535,1.5304343,0.00996468,lspgmoe-v4.0,frozen_v4_0_auxiliary_reference
ZS_CA0468,CA0468,SRC003,SFC_6DD3FB38C4D9,LIQ_6656B41AB7,zero_shot,internal_test,160.5,85.31989,22.04882049560547,148.5909652709961,0.9,medium,no,104.88082,100.32875,50.26657,0.034556914,0.66249657,0.30294648,0.5578071416459708,yes,11.183611,8.743206,8.138535,1.5304343,0.074016474,lspgmoe-v4.0,frozen_v4_0_auxiliary_reference
ZS_CA0469,CA0469,SDX004,SFC_D97F8E5A47C3,LIQ_0F4168490E,zero_shot,legacy_external,165.0,103.5596,40.28852844238281,166.83067321777344,0.9,medium,no,105.28935,104.82764,100.589294,0.034556914,0.66249657,0.30294648,0.5578071416459708,yes,13.7641,8.868436,14.180582,3.6139266,0.0077226,lspgmoe-v4.0,frozen_v4_0_auxiliary_reference
ZS_CA0470,CA0470,SDX004,SFC_D97F8E5A47C3,LIQ_1BD1B94C09,zero_shot,legacy_external,150.0,82.969,19.69792938232422,146.24007415771484,0.9,medium,no,89.735794,89.50376,67.90664,0.034556914,0.66249657,0.30294648,0.5888386464743168,yes,14.119033,8.837777,14.180582,3.6139266,0.005076374,lspgmoe-v4.0,frozen_v4_0_auxiliary_reference
ZS_CA0471,CA0471,SDX004,SFC_D97F8E5A47C3,LIQ_6656B41AB7,zero_shot,legacy_external,146.0,75.70916,12.438087463378906,138.98023223876953,0.9,medium,no,88.66728,85.47873,52.866524,0.034556914,0.66249657,0.30294648,0.5578071416459708,yes,10.7208805,9.219493,14.180582,3.6139266,0.054179292,lspgmoe-v4.0,frozen_v4_0_auxiliary_reference
ZS_CA0472,CA0472,SDX004,SFC_D3AB5237A040,LIQ_0F4168490E,zero_shot,legacy_external,162.0,103.5596,40.28852844238281,166.83067321777344,0.9,medium,no,105.28935,104.82764,100.589294,0.034556914,0.66249657,0.30294648,0.5578071416459708,yes,13.7641,8.868436,14.180582,3.6139266,0.0077226,lspgmoe-v4.0,frozen_v4_0_auxiliary_reference
ZS_CA0473,CA0473,SDX004,SFC_D3AB5237A040,LIQ_1BD1B94C09,zero_shot,legacy_external,150.0,82.969,19.69792938232422,146.24007415771484,0.9,medium,no,89.735794,89.50376,67.90664,0.034556914,0.66249657,0.30294648,0.5888386464743168,yes,14.119033,8.837777,14.180582,3.6139266,0.005076374,lspgmoe-v4.0,frozen_v4_0_auxiliary_reference
ZS_CA0474,CA0474,SDX004,SFC_D3AB5237A040,LIQ_6656B41AB7,zero_shot,legacy_external,128.0,75.70916,12.438087463378906,138.98023223876953,0.9,medium,no,88.66728,85.47873,52.866524,0.034556914,0.66249657,0.30294648,0.5578071416459708,yes,10.7208805,9.219493,14.180582,3.6139266,0.054179292,lspgmoe-v4.0,frozen_v4_0_auxiliary_reference
ZS_CA0475,CA0475,SDX004,SFC_37A719049846,LIQ_0F4168490E,zero_shot,legacy_external,150.0,103.5596,40.28852844238281,166.83067321777344,0.9,medium,no,105.28935,104.82764,100.589294,0.034556914,0.66249657,0.30294648,0.5578071416459708,yes,13.7641,8.868436,14.180582,3.6139266,0.0077226,lspgmoe-v4.0,frozen_v4_0_auxiliary_reference
ZS_CA0476,CA0476,SDX004,SFC_37A719049846,LIQ_1BD1B94C09,zero_shot,legacy_external,127.0,82.969,19.69792938232422,146.24007415771484,0.9,medium,no,89.735794,89.50376,67.90664,0.034556914,0.66249657,0.30294648,0.5888386464743168,yes,14.119033,8.837777,14.180582,3.6139266,0.005076374,lspgmoe-v4.0,frozen_v4_0_auxiliary_reference
ZS_CA0477,CA0477,SDX004,SFC_37A719049846,LIQ_6656B41AB7,zero_shot,legacy_external,97.0,75.70916,12.438087463378906,138.98023223876953,0.9,medium,no,88.66728,85.47873,52.866524,0.034556914,0.66249657,0.30294648,0.5578071416459708,yes,10.7208805,9.219493,14.180582,3.6139266,0.054179292,lspgmoe-v4.0,frozen_v4_0_auxiliary_reference
ZS_CA0478,CA0478,SDX004,SFC_37DC2984D4A3,LIQ_0F4168490E,zero_shot,legacy_external,126.0,103.5596,40.28852844238281,166.83067321777344,0.9,medium,no,105.28935,104.82764,100.589294,0.034556914,0.66249657,0.30294648,0.5578071416459708,yes,13.7641,8.868436,14.180582,3.6139266,0.0077226,lspgmoe-v4.0,frozen_v4_0_auxiliary_reference
ZS_CA0479,CA0479,SDX004,SFC_37DC2984D4A3,LIQ_1BD1B94C09,zero_shot,legacy_external,126.0,82.969,19.69792938232422,146.24007415771484,0.9,medium,no,89.735794,89.50376,67.90664,0.034556914,0.66249657,0.30294648,0.5888386464743168,yes,14.119033,8.837777,14.180582,3.6139266,0.005076374,lspgmoe-v4.0,frozen_v4_0_auxiliary_reference
ZS_CA0480,CA0480,SDX004,SFC_37DC2984D4A3,LIQ_6656B41AB7,zero_shot,legacy_external,89.0,75.70916,12.438087463378906,138.98023223876953,0.9,medium,no,88.66728,85.47873,52.866524,0.034556914,0.66249657,0.30294648,0.5578071416459708,yes,10.7208805,9.219493,14.180582,3.6139266,0.054179292,lspgmoe-v4.0,frozen_v4_0_auxiliary_reference
ZS_CA0481,CA0481,SDX004,SFC_F4538DDCF09A,LIQ_0F4168490E,zero_shot,legacy_external,161.0,103.5596,40.28852844238281,166.83067321777344,0.9,medium,no,105.28935,104.82764,100.589294,0.034556914,0.66249657,0.30294648,0.5578071416459708,yes,13.7641,8.868436,14.180582,3.6139266,0.0077226,lspgmoe-v4.0,frozen_v4_0_auxiliary_reference
ZS_CA0482,CA0482,SDX004,SFC_F4538DDCF09A,LIQ_1BD1B94C09,zero_shot,legacy_external,141.0,82.969,19.69792938232422,146.24007415771484,0.9,medium,no,89.735794,89.50376,67.90664,0.034556914,0.66249657,0.30294648,0.5888386464743168,yes,14.119033,8.837777,14.180582,3.6139266,0.005076374,lspgmoe-v4.0,frozen_v4_0_auxiliary_reference
ZS_CA0483,CA0483,SDX004,SFC_F4538DDCF09A,LIQ_6656B41AB7,zero_shot,legacy_external,136.0,75.70916,12.438087463378906,138.98023223876953,0.9,medium,no,88.66728,85.47873,52.866524,0.034556914,0.66249657,0.30294648,0.5578071416459708,yes,10.7208805,9.219493,14.180582,3.6139266,0.054179292,lspgmoe-v4.0,frozen_v4_0_auxiliary_reference
ZS_CA0484,CA0484,SDX004,SFC_4B8196140353,LIQ_0F4168490E,zero_shot,legacy_external,158.0,103.5596,40.28852844238281,166.83067321777344,0.9,medium,no,105.28935,104.82764,100.589294,0.034556914,0.66249657,0.30294648,0.5578071416459708,yes,13.7641,8.868436,14.180582,3.6139266,0.0077226,lspgmoe-v4.0,frozen_v4_0_auxiliary_reference
ZS_CA0485,CA0485,SDX004,SFC_4B8196140353,LIQ_1BD1B94C09,zero_shot,legacy_external,127.0,82.969,19.69792938232422,146.24007415771484,0.9,medium,no,89.735794,89.50376,67.90664,0.034556914,0.66249657,0.30294648,0.5888386464743168,yes,14.119033,8.837777,14.180582,3.6139266,0.005076374,lspgmoe-v4.0,frozen_v4_0_auxiliary_reference
ZS_CA0486,CA0486,SDX004,SFC_4B8196140353,LIQ_6656B41AB7,zero_shot,legacy_external,123.0,75.70916,12.438087463378906,138.98023223876953,0.9,medium,no,88.66728,85.47873,52.866524,0.034556914,0.66249657,0.30294648,0.5578071416459708,yes,10.7208805,9.219493,14.180582,3.6139266,0.054179292,lspgmoe-v4.0,frozen_v4_0_auxiliary_reference
ZS_CA0487,CA0487,SDX004,SFC_7287C875CEAD,LIQ_0F4168490E,zero_shot,legacy_external,146.0,103.5596,40.28852844238281,166.83067321777344,0.9,medium,no,105.28935,104.82764,100.589294,0.034556914,0.66249657,0.30294648,0.5578071416459708,yes,13.7641,8.868436,14.180582,3.6139266,0.0077226,lspgmoe-v4.0,frozen_v4_0_auxiliary_reference
ZS_CA0488,CA0488,SDX004,SFC_7287C875CEAD,LIQ_1BD1B94C09,zero_shot,legacy_external,139.0,82.969,19.69792938232422,146.24007415771484,0.9,medium,no,89.735794,89.50376,67.90664,0.034556914,0.66249657,0.30294648,0.5888386464743168,yes,14.119033,8.837777,14.180582,3.6139266,0.005076374,lspgmoe-v4.0,frozen_v4_0_auxiliary_reference
ZS_CA0489,CA0489,SDX004,SFC_7287C875CEAD,LIQ_6656B41AB7,zero_shot,legacy_external,116.0,75.70916,12.438087463378906,138.98023223876953,0.9,medium,no,88.66728,85.47873,52.866524,0.034556914,0.66249657,0.30294648,0.5578071416459708,yes,10.7208805,9.219493,14.180582,3.6139266,0.054179292,lspgmoe-v4.0,frozen_v4_0_auxiliary_reference
ZS_CA0490,CA0490,SDX004,SFC_72042D49E582,LIQ_0F4168490E,zero_shot,legacy_external,135.0,103.5596,40.28852844238281,166.83067321777344,0.9,medium,no,105.28935,104.82764,100.589294,0.034556914,0.66249657,0.30294648,0.5578071416459708,yes,13.7641,8.868436,14.180582,3.6139266,0.0077226,lspgmoe-v4.0,frozen_v4_0_auxiliary_reference
ZS_CA0491,CA0491,SDX004,SFC_72042D49E582,LIQ_1BD1B94C09,zero_shot,legacy_external,142.0,82.969,19.69792938232422,146.24007415771484,0.9,medium,no,89.735794,89.50376,67.90664,0.034556914,0.66249657,0.30294648,0.5888386464743168,yes,14.119033,8.837777,14.180582,3.6139266,0.005076374,lspgmoe-v4.0,frozen_v4_0_auxiliary_reference
ZS_CA0492,CA0492,SDX004,SFC_72042D49E582,LIQ_6656B41AB7,zero_shot,legacy_external,105.0,75.70916,12.438087463378906,138.98023223876953,0.9,medium,no,88.66728,85.47873,52.866524,0.034556914,0.66249657,0.30294648,0.5578071416459708,yes,10.7208805,9.219493,14.180582,3.6139266,0.054179292,lspgmoe-v4.0,frozen_v4_0_auxiliary_reference
ZS_CA0493,CA0493,SDX004,SFC_8510C10E7F44,LIQ_0F4168490E,zero_shot,legacy_external,156.0,103.5596,40.28852844238281,166.83067321777344,0.9,medium,no,105.28935,104.82764,100.589294,0.034556914,0.66249657,0.30294648,0.5578071416459708,yes,13.7641,8.868436,14.180582,3.6139266,0.0077226,lspgmoe-v4.0,frozen_v4_0_auxiliary_reference
ZS_CA0494,CA0494,SDX004,SFC_8510C10E7F44,LIQ_1BD1B94C09,zero_shot,legacy_external,145.0,82.969,19.69792938232422,146.24007415771484,0.9,medium,no,89.735794,89.50376,67.90664,0.034556914,0.66249657,0.30294648,0.5888386464743168,yes,14.119033,8.837777,14.180582,3.6139266,0.005076374,lspgmoe-v4.0,frozen_v4_0_auxiliary_reference
ZS_CA0495,CA0495,SDX004,SFC_8510C10E7F44,LIQ_6656B41AB7,zero_shot,legacy_external,141.0,75.70916,12.438087463378906,138.98023223876953,0.9,medium,no,88.66728,85.47873,52.866524,0.034556914,0.66249657,0.30294648,0.5578071416459708,yes,10.7208805,9.219493,14.180582,3.6139266,0.054179292,lspgmoe-v4.0,frozen_v4_0_auxiliary_reference
ZS_CA0496,CA0496,SDX004,SFC_3FA2C1A21D11,LIQ_0F4168490E,zero_shot,legacy_external,153.0,103.5596,40.28852844238281,166.83067321777344,0.9,medium,no,105.28935,104.82764,100.589294,0.034556914,0.66249657,0.30294648,0.5578071416459708,yes,13.7641,8.868436,14.180582,3.6139266,0.0077226,lspgmoe-v4.0,frozen_v4_0_auxiliary_reference
ZS_CA0497,CA0497,SDX004,SFC_3FA2C1A21D11,LIQ_1BD1B94C09,zero_shot,legacy_external,150.0,82.969,19.69792938232422,146.24007415771484,0.9,medium,no,89.735794,89.50376,67.90664,0.034556914,0.66249657,0.30294648,0.5888386464743168,yes,14.119033,8.837777,14.180582,3.6139266,0.005076374,lspgmoe-v4.0,frozen_v4_0_auxiliary_reference
ZS_CA0498,CA0498,SDX004,SFC_3FA2C1A21D11,LIQ_6656B41AB7,zero_shot,legacy_external,136.0,75.70916,12.438087463378906,138.98023223876953,0.9,medium,no,88.66728,85.47873,52.866524,0.034556914,0.66249657,0.30294648,0.5578071416459708,yes,10.7208805,9.219493,14.180582,3.6139266,0.054179292,lspgmoe-v4.0,frozen_v4_0_auxiliary_reference
ZS_CA0499,CA0499,SDX004,SFC_1D3B0F1839B5,LIQ_0F4168490E,zero_shot,legacy_external,147.0,103.5596,40.28852844238281,166.83067321777344,0.9,medium,no,105.28935,104.82764,100.589294,0.034556914,0.66249657,0.30294648,0.5578071416459708,yes,13.7641,8.868436,14.180582,3.6139266,0.0077226,lspgmoe-v4.0,frozen_v4_0_auxiliary_reference
ZS_CA0500,CA0500,SDX004,SFC_1D3B0F1839B5,LIQ_1BD1B94C09,zero_shot,legacy_external,143.0,82.969,19.69792938232422,146.24007415771484,0.9,medium,no,89.735794,89.50376,67.90664,0.034556914,0.66249657,0.30294648,0.5888386464743168,yes,14.119033,8.837777,14.180582,3.6139266,0.005076374,lspgmoe-v4.0,frozen_v4_0_auxiliary_reference
ZS_CA0501,CA0501,SDX004,SFC_1D3B0F1839B5,LIQ_6656B41AB7,zero_shot,legacy_external,134.0,75.70916,12.438087463378906,138.98023223876953,0.9,medium,no,88.66728,85.47873,52.866524,0.034556914,0.66249657,0.30294648,0.5578071416459708,yes,10.7208805,9.219493,14.180582,3.6139266,0.054179292,lspgmoe-v4.0,frozen_v4_0_auxiliary_reference
ZS_CA0502,CA0502,SDX004,SFC_D17DAFC2AFDE,LIQ_0F4168490E,zero_shot,legacy_external,145.0,103.5596,40.28852844238281,166.83067321777344,0.9,medium,no,105.28935,104.82764,100.589294,0.034556914,0.66249657,0.30294648,0.5578071416459708,yes,13.7641,8.868436,14.180582,3.6139266,0.0077226,lspgmoe-v4.0,frozen_v4_0_auxiliary_reference
ZS_CA0503,CA0503,SDX004,SFC_D17DAFC2AFDE,LIQ_1BD1B94C09,zero_shot,legacy_external,136.0,82.969,19.69792938232422,146.24007415771484,0.9,medium,no,89.735794,89.50376,67.90664,0.034556914,0.66249657,0.30294648,0.5888386464743168,yes,14.119033,8.837777,14.180582,3.6139266,0.005076374,lspgmoe-v4.0,frozen_v4_0_auxiliary_reference
ZS_CA0504,CA0504,SDX004,SFC_D17DAFC2AFDE,LIQ_6656B41AB7,zero_shot,legacy_external,105.0,75.70916,12.438087463378906,138.98023223876953,0.9,medium,no,88.66728,85.47873,52.866524,0.034556914,0.66249657,0.30294648,0.5578071416459708,yes,10.7208805,9.219493,14.180582,3.6139266,0.054179292,lspgmoe-v4.0,frozen_v4_0_auxiliary_reference
ZS_CA0505,CA0505,SDX004,SFC_65564B0B1510,LIQ_0F4168490E,zero_shot,legacy_external,155.0,103.5596,40.28852844238281,166.83067321777344,0.9,medium,no,105.28935,104.82764,100.589294,0.034556914,0.66249657,0.30294648,0.5578071416459708,yes,13.7641,8.868436,14.180582,3.6139266,0.0077226,lspgmoe-v4.0,frozen_v4_0_auxiliary_reference
ZS_CA0506,CA0506,SDX004,SFC_65564B0B1510,LIQ_1BD1B94C09,zero_shot,legacy_external,131.0,82.969,19.69792938232422,146.24007415771484,0.9,medium,no,89.735794,89.50376,67.90664,0.034556914,0.66249657,0.30294648,0.5888386464743168,yes,14.119033,8.837777,14.180582,3.6139266,0.005076374,lspgmoe-v4.0,frozen_v4_0_auxiliary_reference
ZS_CA0507,CA0507,SDX004,SFC_65564B0B1510,LIQ_6656B41AB7,zero_shot,legacy_external,133.0,75.70916,12.438087463378906,138.98023223876953,0.9,medium,no,88.66728,85.47873,52.866524,0.034556914,0.66249657,0.30294648,0.5578071416459708,yes,10.7208805,9.219493,14.180582,3.6139266,0.054179292,lspgmoe-v4.0,frozen_v4_0_auxiliary_reference
ZS_CA0508,CA0508,SDX004,SFC_FD7BF6ACBE27,LIQ_0F4168490E,zero_shot,legacy_external,149.0,103.5596,40.28852844238281,166.83067321777344,0.9,medium,no,105.28935,104.82764,100.589294,0.034556914,0.66249657,0.30294648,0.5578071416459708,yes,13.7641,8.868436,14.180582,3.6139266,0.0077226,lspgmoe-v4.0,frozen_v4_0_auxiliary_reference
ZS_CA0509,CA0509,SDX004,SFC_FD7BF6ACBE27,LIQ_1BD1B94C09,zero_shot,legacy_external,134.0,82.969,19.69792938232422,146.24007415771484,0.9,medium,no,89.735794,89.50376,67.90664,0.034556914,0.66249657,0.30294648,0.5888386464743168,yes,14.119033,8.837777,14.180582,3.6139266,0.005076374,lspgmoe-v4.0,frozen_v4_0_auxiliary_reference
ZS_CA0510,CA0510,SDX004,SFC_FD7BF6ACBE27,LIQ_6656B41AB7,zero_shot,legacy_external,132.0,75.70916,12.438087463378906,138.98023223876953,0.9,medium,no,88.66728,85.47873,52.866524,0.034556914,0.66249657,0.30294648,0.5578071416459708,yes,10.7208805,9.219493,14.180582,3.6139266,0.054179292,lspgmoe-v4.0,frozen_v4_0_auxiliary_reference
ZS_CA0511,CA0511,SDX004,SFC_3A3E77A94794,LIQ_0F4168490E,zero_shot,legacy_external,148.0,103.5596,40.28852844238281,166.83067321777344,0.9,medium,no,105.28935,104.82764,100.589294,0.034556914,0.66249657,0.30294648,0.5578071416459708,yes,13.7641,8.868436,14.180582,3.6139266,0.0077226,lspgmoe-v4.0,frozen_v4_0_auxiliary_reference
ZS_CA0512,CA0512,SDX004,SFC_3A3E77A94794,LIQ_1BD1B94C09,zero_shot,legacy_external,128.0,82.969,19.69792938232422,146.24007415771484,0.9,medium,no,89.735794,89.50376,67.90664,0.034556914,0.66249657,0.30294648,0.5888386464743168,yes,14.119033,8.837777,14.180582,3.6139266,0.005076374,lspgmoe-v4.0,frozen_v4_0_auxiliary_reference
ZS_CA0513,CA0513,SDX004,SFC_3A3E77A94794,LIQ_6656B41AB7,zero_shot,legacy_external,128.0,75.70916,12.438087463378906,138.98023223876953,0.9,medium,no,88.66728,85.47873,52.866524,0.034556914,0.66249657,0.30294648,0.5578071416459708,yes,10.7208805,9.219493,14.180582,3.6139266,0.054179292,lspgmoe-v4.0,frozen_v4_0_auxiliary_reference
ZS_CA0514,CA0514,SDX004,SFC_78D1FEDEA019,LIQ_0F4168490E,zero_shot,legacy_external,142.0,103.5596,40.28852844238281,166.83067321777344,0.9,medium,no,105.28935,104.82764,100.589294,0.034556914,0.66249657,0.30294648,0.5578071416459708,yes,13.7641,8.868436,14.180582,3.6139266,0.0077226,lspgmoe-v4.0,frozen_v4_0_auxiliary_reference
ZS_CA0515,CA0515,SDX004,SFC_78D1FEDEA019,LIQ_1BD1B94C09,zero_shot,legacy_external,130.0,82.969,19.69792938232422,146.24007415771484,0.9,medium,no,89.735794,89.50376,67.90664,0.034556914,0.66249657,0.30294648,0.5888386464743168,yes,14.119033,8.837777,14.180582,3.6139266,0.005076374,lspgmoe-v4.0,frozen_v4_0_auxiliary_reference
ZS_CA0516,CA0516,SDX004,SFC_78D1FEDEA019,LIQ_6656B41AB7,zero_shot,legacy_external,111.0,75.70916,12.438087463378906,138.98023223876953,0.9,medium,no,88.66728,85.47873,52.866524,0.034556914,0.66249657,0.30294648,0.5578071416459708,yes,10.7208805,9.219493,14.180582,3.6139266,0.054179292,lspgmoe-v4.0,frozen_v4_0_auxiliary_reference
ZS_CA0517,CA0517,SDX005,SFC_755688E8B50B,LIQ_0F4168490E,zero_shot,legacy_external,125.6,103.5596,40.28852844238281,166.83067321777344,0.9,medium,no,105.28935,104.82764,100.589294,0.034556914,0.66249657,0.30294648,0.5578071416459708,yes,13.7641,8.868436,14.180582,3.6139266,0.0077226,lspgmoe-v4.0,frozen_v4_0_auxiliary_reference
ZS_CA0518,CA0518,SDX005,SFC_755688E8B50B,LIQ_1BD1B94C09,zero_shot,legacy_external,114.8,82.969,19.69792938232422,146.24007415771484,0.9,medium,no,89.735794,89.50376,67.90664,0.034556914,0.66249657,0.30294648,0.5888386464743168,yes,14.119033,8.837777,14.180582,3.6139266,0.005076374,lspgmoe-v4.0,frozen_v4_0_auxiliary_reference
ZS_CA0519,CA0519,SDX005,SFC_755688E8B50B,LIQ_6656B41AB7,zero_shot,legacy_external,80.2,75.70916,12.438087463378906,138.98023223876953,0.9,medium,no,88.66728,85.47873,52.866524,0.034556914,0.66249657,0.30294648,0.5578071416459708,yes,10.7208805,9.219493,14.180582,3.6139266,0.054179292,lspgmoe-v4.0,frozen_v4_0_auxiliary_reference
ZS_CA0520,CA0520,SDX005,SFC_590E8318F5D5,LIQ_0F4168490E,zero_shot,legacy_external,115.5,103.5596,40.28852844238281,166.83067321777344,0.9,medium,no,105.28935,104.82764,100.589294,0.034556914,0.66249657,0.30294648,0.5578071416459708,yes,13.7641,8.868436,14.180582,3.6139266,0.0077226,lspgmoe-v4.0,frozen_v4_0_auxiliary_reference
ZS_CA0521,CA0521,SDX005,SFC_590E8318F5D5,LIQ_1BD1B94C09,zero_shot,legacy_external,106.2,82.969,19.69792938232422,146.24007415771484,0.9,medium,no,89.735794,89.50376,67.90664,0.034556914,0.66249657,0.30294648,0.5888386464743168,yes,14.119033,8.837777,14.180582,3.6139266,0.005076374,lspgmoe-v4.0,frozen_v4_0_auxiliary_reference
ZS_CA0522,CA0522,SDX005,SFC_590E8318F5D5,LIQ_6656B41AB7,zero_shot,legacy_external,79.8,75.70916,12.438087463378906,138.98023223876953,0.9,medium,no,88.66728,85.47873,52.866524,0.034556914,0.66249657,0.30294648,0.5578071416459708,yes,10.7208805,9.219493,14.180582,3.6139266,0.054179292,lspgmoe-v4.0,frozen_v4_0_auxiliary_reference
ZS_CA0523,CA0523,SDX005,SFC_42A21ABE09F9,LIQ_0F4168490E,zero_shot,legacy_external,116.6,103.5596,40.28852844238281,166.83067321777344,0.9,medium,no,105.28935,104.82764,100.589294,0.034556914,0.66249657,0.30294648,0.5578071416459708,yes,13.7641,8.868436,14.180582,3.6139266,0.0077226,lspgmoe-v4.0,frozen_v4_0_auxiliary_reference
ZS_CA0524,CA0524,SDX005,SFC_42A21ABE09F9,LIQ_1BD1B94C09,zero_shot,legacy_external,101.8,82.969,19.69792938232422,146.24007415771484,0.9,medium,no,89.735794,89.50376,67.90664,0.034556914,0.66249657,0.30294648,0.5888386464743168,yes,14.119033,8.837777,14.180582,3.6139266,0.005076374,lspgmoe-v4.0,frozen_v4_0_auxiliary_reference
ZS_CA0525,CA0525,SDX005,SFC_42A21ABE09F9,LIQ_6656B41AB7,zero_shot,legacy_external,72.7,75.70916,12.438087463378906,138.98023223876953,0.9,medium,no,88.66728,85.47873,52.866524,0.034556914,0.66249657,0.30294648,0.5578071416459708,yes,10.7208805,9.219493,14.180582,3.6139266,0.054179292,lspgmoe-v4.0,frozen_v4_0_auxiliary_reference
ZS_CA0526,CA0526,SDX005,SFC_9B7B7B694E91,LIQ_0F4168490E,zero_shot,legacy_external,136.4,103.5596,40.28852844238281,166.83067321777344,0.9,medium,no,105.28935,104.82764,100.589294,0.034556914,0.66249657,0.30294648,0.5578071416459708,yes,13.7641,8.868436,14.180582,3.6139266,0.0077226,lspgmoe-v4.0,frozen_v4_0_auxiliary_reference
ZS_CA0527,CA0527,SDX005,SFC_9B7B7B694E91,LIQ_1BD1B94C09,zero_shot,legacy_external,130.5,82.969,19.69792938232422,146.24007415771484,0.9,medium,no,89.735794,89.50376,67.90664,0.034556914,0.66249657,0.30294648,0.5888386464743168,yes,14.119033,8.837777,14.180582,3.6139266,0.005076374,lspgmoe-v4.0,frozen_v4_0_auxiliary_reference
ZS_CA0528,CA0528,SDX005,SFC_9B7B7B694E91,LIQ_6656B41AB7,zero_shot,legacy_external,95.8,75.70916,12.438087463378906,138.98023223876953,0.9,medium,no,88.66728,85.47873,52.866524,0.034556914,0.66249657,0.30294648,0.5578071416459708,yes,10.7208805,9.219493,14.180582,3.6139266,0.054179292,lspgmoe-v4.0,frozen_v4_0_auxiliary_reference
ZS_CA0529,CA0529,SDX006,SFC_55DDAE9FF4E5,LIQ_0F4168490E,zero_shot,legacy_external,73.7,87.49783,24.22676086425781,150.76890563964844,0.9,medium,no,87.99596,86.554855,89.50316,0.034556914,0.66249657,0.30294648,0.4989178602331801,yes,11.300804,9.256254,23.130146,5.6621766,0.025227457,lspgmoe-v4.0,frozen_v4_0_auxiliary_reference
ZS_CA0530,CA0530,SDX006,SFC_55DDAE9FF4E5,LIQ_6656B41AB7,zero_shot,legacy_external,44.2,59.96249,0.0,123.23356246948242,0.9,medium,no,70.05516,67.18821,43.009712,0.034556914,0.66249657,0.30294648,0.4989178602331801,yes,8.186183,9.557594,23.130146,5.6621766,0.04652735,lspgmoe-v4.0,frozen_v4_0_auxiliary_reference
ZS_CA0531,CA0531,SDX006,SFC_8810EE8758ED,LIQ_0F4168490E,zero_shot,legacy_external,88.7,87.49783,24.22676086425781,150.76890563964844,0.9,medium,no,87.99596,86.554855,89.50316,0.034556914,0.66249657,0.30294648,0.4989178602331801,yes,11.300804,9.256254,23.130146,5.6621766,0.025227457,lspgmoe-v4.0,frozen_v4_0_auxiliary_reference
ZS_CA0532,CA0532,SDX006,SFC_8810EE8758ED,LIQ_6656B41AB7,zero_shot,legacy_external,53.9,59.96249,0.0,123.23356246948242,0.9,medium,no,70.05516,67.18821,43.009712,0.034556914,0.66249657,0.30294648,0.4989178602331801,yes,8.186183,9.557594,23.130146,5.6621766,0.04652735,lspgmoe-v4.0,frozen_v4_0_auxiliary_reference
ZS_CA0533,CA0533,SDX006,SFC_15EC92D72DA3,LIQ_0F4168490E,zero_shot,legacy_external,99.2,87.49783,24.22676086425781,150.76890563964844,0.9,medium,no,87.99596,86.554855,89.50316,0.034556914,0.66249657,0.30294648,0.4989178602331801,yes,11.300804,9.256254,23.130146,5.6621766,0.025227457,lspgmoe-v4.0,frozen_v4_0_auxiliary_reference
ZS_CA0534,CA0534,SDX006,SFC_15EC92D72DA3,LIQ_6656B41AB7,zero_shot,legacy_external,66.2,59.96249,0.0,123.23356246948242,0.9,medium,no,70.05516,67.18821,43.009712,0.034556914,0.66249657,0.30294648,0.4989178602331801,yes,8.186183,9.557594,23.130146,5.6621766,0.04652735,lspgmoe-v4.0,frozen_v4_0_auxiliary_reference
ZS_CA0535,CA0535,SDX006,SFC_7ABDB4BDAFA3,LIQ_0F4168490E,zero_shot,legacy_external,105.8,87.49783,24.22676086425781,150.76890563964844,0.9,medium,no,87.99596,86.554855,89.50316,0.034556914,0.66249657,0.30294648,0.4989178602331801,yes,11.300804,9.256254,23.130146,5.6621766,0.025227457,lspgmoe-v4.0,frozen_v4_0_auxiliary_reference
ZS_CA0536,CA0536,SDX006,SFC_7ABDB4BDAFA3,LIQ_6656B41AB7,zero_shot,legacy_external,72.8,59.96249,0.0,123.23356246948242,0.9,medium,no,70.05516,67.18821,43.009712,0.034556914,0.66249657,0.30294648,0.4989178602331801,yes,8.186183,9.557594,23.130146,5.6621766,0.04652735,lspgmoe-v4.0,frozen_v4_0_auxiliary_reference
ZS_CA0537,CA0537,SDX006,SFC_86D193058DBE,LIQ_0F4168490E,zero_shot,legacy_external,112.6,87.49783,24.22676086425781,150.76890563964844,0.9,medium,no,87.99596,86.554855,89.50316,0.034556914,0.66249657,0.30294648,0.4989178602331801,yes,11.300804,9.256254,23.130146,5.6621766,0.025227457,lspgmoe-v4.0,frozen_v4_0_auxiliary_reference
ZS_CA0538,CA0538,SDX006,SFC_86D193058DBE,LIQ_6656B41AB7,zero_shot,legacy_external,78.4,59.96249,0.0,123.23356246948242,0.9,medium,no,70.05516,67.18821,43.009712,0.034556914,0.66249657,0.30294648,0.4989178602331801,yes,8.186183,9.557594,23.130146,5.6621766,0.04652735,lspgmoe-v4.0,frozen_v4_0_auxiliary_reference
ZS_CA0539,CA0539,SDX006,SFC_C578D204BBE3,LIQ_0F4168490E,zero_shot,legacy_external,115.4,87.49783,24.22676086425781,150.76890563964844,0.9,medium,no,87.99596,86.554855,89.50316,0.034556914,0.66249657,0.30294648,0.4989178602331801,yes,11.300804,9.256254,23.130146,5.6621766,0.025227457,lspgmoe-v4.0,frozen_v4_0_auxiliary_reference
ZS_CA0540,CA0540,SDX006,SFC_C578D204BBE3,LIQ_6656B41AB7,zero_shot,legacy_external,83.0,59.96249,0.0,123.23356246948242,0.9,medium,no,70.05516,67.18821,43.009712,0.034556914,0.66249657,0.30294648,0.4989178602331801,yes,8.186183,9.557594,23.130146,5.6621766,0.04652735,lspgmoe-v4.0,frozen_v4_0_auxiliary_reference
ZS_CA0541,CA0541,SDX006,SFC_AEDDDB49C107,LIQ_0F4168490E,zero_shot,legacy_external,118.0,87.49783,24.22676086425781,150.76890563964844,0.9,medium,no,87.99596,86.554855,89.50316,0.034556914,0.66249657,0.30294648,0.4989178602331801,yes,11.300804,9.256254,23.130146,5.6621766,0.025227457,lspgmoe-v4.0,frozen_v4_0_auxiliary_reference
ZS_CA0542,CA0542,SDX006,SFC_AEDDDB49C107,LIQ_6656B41AB7,zero_shot,legacy_external,87.5,59.96249,0.0,123.23356246948242,0.9,medium,no,70.05516,67.18821,43.009712,0.034556914,0.66249657,0.30294648,0.4989178602331801,yes,8.186183,9.557594,23.130146,5.6621766,0.04652735,lspgmoe-v4.0,frozen_v4_0_auxiliary_reference
ZS_CA0543,CA0543,SDX006,SFC_12E012885148,LIQ_0F4168490E,zero_shot,legacy_external,120.5,87.49783,24.22676086425781,150.76890563964844,0.9,medium,no,87.99596,86.554855,89.50316,0.034556914,0.66249657,0.30294648,0.4989178602331801,yes,11.300804,9.256254,23.130146,5.6621766,0.025227457,lspgmoe-v4.0,frozen_v4_0_auxiliary_reference
ZS_CA0544,CA0544,SDX006,SFC_12E012885148,LIQ_6656B41AB7,zero_shot,legacy_external,91.2,59.96249,0.0,123.23356246948242,0.9,medium,no,70.05516,67.18821,43.009712,0.034556914,0.66249657,0.30294648,0.4989178602331801,yes,8.186183,9.557594,23.130146,5.6621766,0.04652735,lspgmoe-v4.0,frozen_v4_0_auxiliary_reference
ZS_CA0545,CA0545,SDX001,SFC_159FF1E1E160,LIQ_0F4168490E,zero_shot,legacy_external,76.4,86.48223,23.211158752441406,149.75330352783203,0.9,medium,no,83.07528,82.14491,96.355896,0.034556914,0.66249657,0.30294648,0.4558029313136952,yes,5.0197353,10.017746,35.71729,3.431542,0.015542643,lspgmoe-v4.0,frozen_v4_0_auxiliary_reference
ZS_CA0546,CA0546,SDX001,SFC_159FF1E1E160,LIQ_6656B41AB7,zero_shot,legacy_external,45.1,48.978752,0.0,112.24982452392578,0.9,medium,no,47.356224,46.943504,53.6146,0.034556914,0.66249657,0.30294648,0.4558029313136952,yes,2.8836343,10.79464,35.71729,3.431542,0.0041018287,lspgmoe-v4.0,frozen_v4_0_auxiliary_reference
ZS_CA0547,CA0547,SDX001,SFC_91A5214A0C27,LIQ_0F4168490E,zero_shot,legacy_external,73.5,86.56224,23.291168212890625,149.83331298828125,0.9,medium,no,84.298874,84.109276,92.184685,0.034556914,0.66249657,0.30294648,0.8390469448638012,yes,11.494604,11.918455,18.44257,9.033973,0.003367655,lspgmoe-v4.0,frozen_v4_0_auxiliary_reference
ZS_CA0548,CA0548,SDX001,SFC_91A5214A0C27,LIQ_6656B41AB7,zero_shot,legacy_external,41.2,69.55412,6.283050537109375,132.8251953125,0.9,medium,no,78.971275,76.99358,52.21098,0.034556914,0.66249657,0.30294648,0.8390469448638012,yes,8.090377,10.528063,18.44257,9.033973,0.03306939,lspgmoe-v4.0,frozen_v4_0_auxiliary_reference
ZS_CA0549,CA0549,SDX001,SFC_3C4F304244DF,LIQ_0F4168490E,zero_shot,legacy_external,51.3,86.23352,22.962448120117188,149.5045928955078,0.9,medium,no,84.21889,83.56808,92.29226,0.034556914,0.66249657,0.30294648,0.5150590640015347,yes,11.146137,10.373353,23.374273,7.228821,0.011441306,lspgmoe-v4.0,frozen_v4_0_auxiliary_reference
ZS_CA0550,CA0550,SDX001,SFC_3C4F304244DF,LIQ_6656B41AB7,zero_shot,legacy_external,41.9,62.640717,0.0,125.91178894042967,0.9,medium,no,69.26457,67.15346,52.0165,0.034556914,0.66249657,0.30294648,0.5150590640015347,yes,5.4823647,9.940506,23.374273,7.228821,0.03422115,lspgmoe-v4.0,frozen_v4_0_auxiliary_reference
ZS_CA0551,CA0551,SDX001,SFC_95A0FAE91CD0,LIQ_0F4168490E,zero_shot,legacy_external,68.9,107.95302,44.68194580078125,171.22409057617188,0.9,high,yes,113.06697,114.48442,93.08653,0.034556914,0.66249657,0.30294648,1.5355199152488184,yes,18.634398,17.021786,4.5454626,6.2854886,-0.016459098,lspgmoe-v4.0,frozen_v4_0_auxiliary_reference
ZS_CA0552,CA0552,SDX001,SFC_95A0FAE91CD0,LIQ_6656B41AB7,zero_shot,legacy_external,50.2,100.856186,37.58511352539063,164.12725830078125,0.9,high,yes,123.456825,121.29712,53.577038,0.034556914,0.66249657,0.30294648,1.5355199152488184,yes,16.502893,13.942291,4.5454626,6.2854886,0.036342353,lspgmoe-v4.0,frozen_v4_0_auxiliary_reference
ZS_CA0553,CA0553,SDX001,SFC_38EFEBA36525,LIQ_0F4168490E,zero_shot,legacy_external,0.0,96.2207,32.94963073730469,159.4917755126953,0.9,medium,no,97.237045,97.600876,93.08653,0.034556914,0.66249657,0.30294648,0.8979445953472939,yes,14.236504,12.768068,10.417093,7.4272475,-0.0071195834,lspgmoe-v4.0,frozen_v4_0_auxiliary_reference
ZS_CA0554,CA0554,SDX001,SFC_38EFEBA36525,LIQ_6656B41AB7,zero_shot,legacy_external,34.9,83.93809,20.6670150756836,147.20915985107422,0.9,medium,no,99.424416,97.01381,53.577038,0.034556914,0.66249657,0.30294648,0.8979445953472939,yes,13.471565,10.743282,10.417093,7.4272475,0.038049843,lspgmoe-v4.0,frozen_v4_0_auxiliary_reference
ZS_CA0555,CA0555,SDX009,SFC_90843D24007D,LIQ_0F4168490E,zero_shot,legacy_external,110.9,93.297325,30.02625274658203,156.56839752197266,0.9,medium,no,93.88356,93.65551,92.44717,0.034556914,0.66249657,0.30294648,0.4989178602331801,yes,12.49283,10.1702585,16.649685,5.748957,0.0042324536,lspgmoe-v4.0,frozen_v4_0_auxiliary_reference
ZS_CA0556,CA0556,SDX009,SFC_90843D24007D,LIQ_6656B41AB7,zero_shot,legacy_external,89.9,72.83283,9.561759948730469,136.1039047241211,0.9,medium,no,82.84827,80.661354,54.570637,0.034556914,0.66249657,0.30294648,0.4989178602331801,yes,9.788186,9.528906,16.649685,5.748957,0.036590025,lspgmoe-v4.0,frozen_v4_0_auxiliary_reference
ZS_CA0557,CA0557,SDX009,SFC_962FBAB11443,LIQ_0F4168490E,zero_shot,legacy_external,126.9,93.297325,30.02625274658203,156.56839752197266,0.9,medium,no,93.88356,93.65551,92.44717,0.034556914,0.66249657,0.30294648,0.4989178602331801,yes,12.49283,10.1702585,16.649685,5.748957,0.0042324536,lspgmoe-v4.0,frozen_v4_0_auxiliary_reference
ZS_CA0558,CA0558,SDX009,SFC_962FBAB11443,LIQ_6656B41AB7,zero_shot,legacy_external,103.2,72.83283,9.561759948730469,136.1039047241211,0.9,medium,no,82.84827,80.661354,54.570637,0.034556914,0.66249657,0.30294648,0.4989178602331801,yes,9.788186,9.528906,16.649685,5.748957,0.036590025,lspgmoe-v4.0,frozen_v4_0_auxiliary_reference
ZS_CA0559,CA0559,SDX009,SFC_4A58BED65751,LIQ_0F4168490E,zero_shot,legacy_external,120.3,93.297325,30.02625274658203,156.56839752197266,0.9,medium,no,93.88356,93.65551,92.44717,0.034556914,0.66249657,0.30294648,0.4989178602331801,yes,12.49283,10.1702585,16.649685,5.748957,0.0042324536,lspgmoe-v4.0,frozen_v4_0_auxiliary_reference
ZS_CA0560,CA0560,SDX009,SFC_4A58BED65751,LIQ_6656B41AB7,zero_shot,legacy_external,105.9,72.83283,9.561759948730469,136.1039047241211,0.9,medium,no,82.84827,80.661354,54.570637,0.034556914,0.66249657,0.30294648,0.4989178602331801,yes,9.788186,9.528906,16.649685,5.748957,0.036590025,lspgmoe-v4.0,frozen_v4_0_auxiliary_reference
ZS_CA0561,CA0561,SDX009,SFC_FE7D2709B140,LIQ_0F4168490E,zero_shot,legacy_external,105.7,93.297325,30.02625274658203,156.56839752197266,0.9,medium,no,93.88356,93.65551,92.44717,0.034556914,0.66249657,0.30294648,0.4989178602331801,yes,12.49283,10.1702585,16.649685,5.748957,0.0042324536,lspgmoe-v4.0,frozen_v4_0_auxiliary_reference
ZS_CA0562,CA0562,SDX009,SFC_FE7D2709B140,LIQ_6656B41AB7,zero_shot,legacy_external,97.3,72.83283,9.561759948730469,136.1039047241211,0.9,medium,no,82.84827,80.661354,54.570637,0.034556914,0.66249657,0.30294648,0.4989178602331801,yes,9.788186,9.528906,16.649685,5.748957,0.036590025,lspgmoe-v4.0,frozen_v4_0_auxiliary_reference
ZS_CA0563,CA0563,SDX008,SFC_40DC495414A4,LIQ_0F4168490E,zero_shot,legacy_external,118.1,82.26706,18.99598693847656,145.5381317138672,0.9,medium,no,80.69669,79.3275,88.87457,0.034556914,0.66249657,0.30294648,0.3527882082636768,yes,5.054479,9.952948,36.034985,4.1441035,0.022717033,lspgmoe-v4.0,frozen_v4_0_auxiliary_reference
ZS_CA0564,CA0564,SDX008,SFC_40DC495414A4,LIQ_1BD1B94C09,zero_shot,legacy_external,90.0,57.16285,0.0,120.43392181396484,0.9,medium,no,53.446392,54.500782,63.408302,0.034556914,0.66249657,0.30294648,0.3984504467933534,yes,5.684404,10.151317,36.034985,4.1441035,-0.01763072,lspgmoe-v4.0,frozen_v4_0_auxiliary_reference
ZS_CA0565,CA0565,SDX008,SFC_40DC495414A4,LIQ_6656B41AB7,zero_shot,legacy_external,73.6,47.623203,0.0,110.8942756652832,0.9,medium,no,46.763,45.939926,51.402393,0.034556914,0.66249657,0.30294648,0.3527882082636768,yes,3.277493,10.653735,36.034985,4.1441035,0.00879345,lspgmoe-v4.0,frozen_v4_0_auxiliary_reference
ZS_CA0566,CA0566,SDX008,SFC_21ABD9D32070,LIQ_0F4168490E,zero_shot,legacy_external,24.6,90.5956,27.32452392578125,153.86666870117188,0.9,medium,no,86.90125,87.467415,97.85787,0.034556914,0.66249657,0.30294648,0.4320755644823587,yes,7.2302547,10.401556,37.838497,2.3707945,-0.00984844,lspgmoe-v4.0,frozen_v4_0_auxiliary_reference
ZS_CA0567,CA0567,SDX008,SFC_21ABD9D32070,LIQ_1BD1B94C09,zero_shot,legacy_external,13.7,61.62998,0.0,124.90105056762695,0.9,medium,no,57.73123,60.283955,65.01826,0.034556914,0.66249657,0.30294648,0.4509467675248751,yes,7.3431726,10.916629,37.838497,2.3707945,-0.040176015,lspgmoe-v4.0,frozen_v4_0_auxiliary_reference
ZS_CA0568,CA0568,SDX008,SFC_21ABD9D32070,LIQ_6656B41AB7,zero_shot,legacy_external,56.3,45.3881,0.0,108.65917205810548,0.9,medium,no,43.319206,43.36538,50.04747,0.034556914,0.66249657,0.30294648,0.4320755644823587,yes,3.7323923,11.425332,37.838497,2.3707945,-0.0015738693,lspgmoe-v4.0,frozen_v4_0_auxiliary_reference
ZS_CA0569,CA0569,SDX008,SFC_086288EDF921,LIQ_0F4168490E,zero_shot,legacy_external,78.5,84.002,20.730926513671875,147.2730712890625,0.9,medium,no,81.10522,80.66652,91.62661,0.034556914,0.66249657,0.30294648,0.4320755644823587,yes,6.986844,11.375374,20.314714,9.076513,0.0084133865,lspgmoe-v4.0,frozen_v4_0_auxiliary_reference
ZS_CA0570,CA0570,SDX008,SFC_086288EDF921,LIQ_1BD1B94C09,zero_shot,legacy_external,49.5,66.31344,3.0423660278320312,129.58451080322266,0.9,medium,no,65.396996,66.41038,66.20599,0.034556914,0.66249657,0.30294648,0.4714567523666376,yes,9.255883,10.129768,20.314714,9.076513,-0.0126888035,lspgmoe-v4.0,frozen_v4_0_auxiliary_reference
ZS_CA0571,CA0571,SDX008,SFC_086288EDF921,LIQ_6656B41AB7,zero_shot,legacy_external,47.6,68.19919,4.9281158447265625,131.4702606201172,0.9,medium,no,75.44564,73.80135,55.12153,0.034556914,0.66249657,0.30294648,0.4320755644823587,yes,8.397606,10.163099,20.314714,9.076513,0.027275091,lspgmoe-v4.0,frozen_v4_0_auxiliary_reference
ZS_CA0572,CA0572,SDX008,SFC_1B7A5069B364,LIQ_0F4168490E,zero_shot,legacy_external,73.7,84.002,20.730926513671875,147.2730712890625,0.9,medium,no,81.10522,80.66652,91.62661,0.034556914,0.66249657,0.30294648,0.4320755644823587,yes,6.986844,11.375374,20.314714,9.076513,0.0084133865,lspgmoe-v4.0,frozen_v4_0_auxiliary_reference
ZS_CA0573,CA0573,SDX008,SFC_1B7A5069B364,LIQ_1BD1B94C09,zero_shot,legacy_external,63.6,66.31344,3.0423660278320312,129.58451080322266,0.9,medium,no,65.396996,66.41038,66.20599,0.034556914,0.66249657,0.30294648,0.4714567523666376,yes,9.255883,10.129768,20.314714,9.076513,-0.0126888035,lspgmoe-v4.0,frozen_v4_0_auxiliary_reference
ZS_CA0574,CA0574,SDX008,SFC_1B7A5069B364,LIQ_6656B41AB7,zero_shot,legacy_external,61.1,68.19919,4.9281158447265625,131.4702606201172,0.9,medium,no,75.44564,73.80135,55.12153,0.034556914,0.66249657,0.30294648,0.4320755644823587,yes,8.397606,10.163099,20.314714,9.076513,0.027275091,lspgmoe-v4.0,frozen_v4_0_auxiliary_reference
ZS_CA0575,CA0575,SDX003,SFC_775871D74DA8,LIQ_0F4168490E,zero_shot,legacy_external,36.2,90.90679,27.635719299316406,154.17786407470703,0.9,medium,no,88.87784,87.03697,99.60095,0.034556914,0.66249657,0.30294648,0.5578071416459708,yes,10.832552,8.87401,26.314245,4.570013,0.032300375,lspgmoe-v4.0,frozen_v4_0_auxiliary_reference
ZS_CA0576,CA0576,SDX003,SFC_775871D74DA8,LIQ_53310FAFB3,zero_shot,legacy_external,32.3,64.77357,1.5024948120117188,128.04463958740234,0.9,medium,no,55.520386,65.948,63.26078,0.034556914,0.66249657,0.30294648,0.5578071416459708,yes,13.271363,8.57091,26.314245,4.570013,-0.09484279,lspgmoe-v4.0,frozen_v4_0_auxiliary_reference
ZS_CA0577,CA0577,SDX003,SFC_775871D74DA8,LIQ_6656B41AB7,zero_shot,legacy_external,40.3,57.920807,0.0,121.19187927246094,0.9,medium,no,64.02484,61.01814,50.451138,0.034556914,0.66249657,0.30294648,0.5578071416459708,yes,6.9204144,9.8166685,26.314245,4.570013,0.04689759,lspgmoe-v4.0,frozen_v4_0_auxiliary_reference
ZS_CA0578,CA0578,SDX003,SFC_C6A0892F143E,LIQ_0F4168490E,zero_shot,legacy_external,30.0,90.90679,27.635719299316406,154.17786407470703,0.9,medium,no,88.87784,87.03697,99.60095,0.034556914,0.66249657,0.30294648,0.5578071416459708,yes,10.832552,8.87401,26.314245,4.570013,0.032300375,lspgmoe-v4.0,frozen_v4_0_auxiliary_reference
ZS_CA0579,CA0579,SDX003,SFC_C6A0892F143E,LIQ_53310FAFB3,zero_shot,legacy_external,26.4,64.77357,1.5024948120117188,128.04463958740234,0.9,medium,no,55.520386,65.948,63.26078,0.034556914,0.66249657,0.30294648,0.5578071416459708,yes,13.271363,8.57091,26.314245,4.570013,-0.09484279,lspgmoe-v4.0,frozen_v4_0_auxiliary_reference
ZS_CA0580,CA0580,SDX003,SFC_C6A0892F143E,LIQ_6656B41AB7,zero_shot,legacy_external,32.8,57.920807,0.0,121.19187927246094,0.9,medium,no,64.02484,61.01814,50.451138,0.034556914,0.66249657,0.30294648,0.5578071416459708,yes,6.9204144,9.8166685,26.314245,4.570013,0.04689759,lspgmoe-v4.0,frozen_v4_0_auxiliary_reference
ZS_CA0581,CA0581,SDX002,SFC_740023729038,LIQ_0F4168490E,zero_shot,legacy_external,58.3,87.49783,24.22676086425781,150.76890563964844,0.9,medium,no,87.99596,86.554855,89.50316,0.034556914,0.66249657,0.30294648,0.4989178602331801,yes,11.300804,9.256254,23.130146,5.6621766,0.025227457,lspgmoe-v4.0,frozen_v4_0_auxiliary_reference
ZS_CA0582,CA0582,SDX002,SFC_740023729038,LIQ_1BD1B94C09,zero_shot,legacy_external,36.1,65.07251,1.8014373779296875,128.3435821533203,0.9,medium,no,68.39885,68.111885,58.046455,0.034556914,0.66249657,0.30294648,0.5333865297822024,yes,12.34675,9.154462,23.130146,5.6621766,0.0074381055,lspgmoe-v4.0,frozen_v4_0_auxiliary_reference
ZS_CA0583,CA0583,SDX002,SFC_740023729038,LIQ_6656B41AB7,zero_shot,legacy_external,47.2,59.96249,0.0,123.23356246948242,0.9,medium,no,70.05516,67.18821,43.009712,0.034556914,0.66249657,0.30294648,0.4989178602331801,yes,8.186183,9.557594,23.130146,5.6621766,0.04652735,lspgmoe-v4.0,frozen_v4_0_auxiliary_reference
ZS_CA0584,CA0584,SDX002,SFC_0DD31A36BF54,LIQ_0F4168490E,zero_shot,legacy_external,83.8,87.49783,24.22676086425781,150.76890563964844,0.9,medium,no,87.99596,86.554855,89.50316,0.034556914,0.66249657,0.30294648,0.4989178602331801,yes,11.300804,9.256254,23.130146,5.6621766,0.025227457,lspgmoe-v4.0,frozen_v4_0_auxiliary_reference
ZS_CA0585,CA0585,SDX002,SFC_0DD31A36BF54,LIQ_1BD1B94C09,zero_shot,legacy_external,58.7,65.07251,1.8014373779296875,128.3435821533203,0.9,medium,no,68.39885,68.111885,58.046455,0.034556914,0.66249657,0.30294648,0.5333865297822024,yes,12.34675,9.154462,23.130146,5.6621766,0.0074381055,lspgmoe-v4.0,frozen_v4_0_auxiliary_reference
ZS_CA0586,CA0586,SDX002,SFC_0DD31A36BF54,LIQ_6656B41AB7,zero_shot,legacy_external,45.8,59.96249,0.0,123.23356246948242,0.9,medium,no,70.05516,67.18821,43.009712,0.034556914,0.66249657,0.30294648,0.4989178602331801,yes,8.186183,9.557594,23.130146,5.6621766,0.04652735,lspgmoe-v4.0,frozen_v4_0_auxiliary_reference
ZS_CA0587,CA0587,SDX010,SFC_B0B8AD6AD8FD,LIQ_0F4168490E,zero_shot,legacy_external,79.9,102.60522,39.33414459228516,165.87628936767578,0.9,medium,no,100.520676,100.63125,107.159775,0.034556914,0.66249657,0.30294648,0.6112786063090018,yes,13.038078,9.699932,14.553129,4.3384266,-0.0013382972,lspgmoe-v4.0,frozen_v4_0_auxiliary_reference
ZS_CA0588,CA0588,SDX010,SFC_B0B8AD6AD8FD,LIQ_6656B41AB7,zero_shot,legacy_external,47.3,79.6731,16.40203094482422,142.94417572021484,0.9,medium,no,88.231766,85.82292,65.24813,0.034556914,0.66249657,0.30294648,0.6112786063090018,yes,11.937131,9.45587,14.553129,4.3384266,0.039697506,lspgmoe-v4.0,frozen_v4_0_auxiliary_reference
ZS_CA0589,CA0589,SDX010,SFC_B0B8AD6AD8FD,LIQ_B6950B5CB8,zero_shot,legacy_external,0.0,62.74452,0.0,126.0155906677246,0.9,high,yes,61.028015,63.83567,60.55415,0.034556914,0.66249657,0.30294648,1.0642243200627364,yes,16.787169,9.7065115,14.553129,4.3384266,0.02210432,lspgmoe-v4.0,frozen_v4_0_auxiliary_reference
ZS_CA0590,CA0590,SDX010,SFC_E7FC3D2DD101,LIQ_0F4168490E,zero_shot,legacy_external,97.5,102.598946,39.32787322998047,165.8700180053711,0.9,medium,no,100.51219,100.62223,107.159775,0.034556914,0.66249657,0.30294648,0.6111519347464147,yes,13.037761,9.700613,14.555072,4.340314,-0.001329504,lspgmoe-v4.0,frozen_v4_0_auxiliary_reference
ZS_CA0591,CA0591,SDX010,SFC_E7FC3D2DD101,LIQ_6656B41AB7,zero_shot,legacy_external,51.3,79.669235,16.398162841796875,142.9403076171875,0.9,medium,no,88.22597,85.81739,65.24813,0.034556914,0.66249657,0.30294648,0.6111519347464147,yes,11.934596,9.455906,14.555072,4.340314,0.039694883,lspgmoe-v4.0,frozen_v4_0_auxiliary_reference
ZS_CA0592,CA0592,SDX010,SFC_E7FC3D2DD101,LIQ_B6950B5CB8,zero_shot,legacy_external,25.6,62.740967,0.0,126.01203918457033,0.9,high,yes,61.0205,63.8307,60.55415,0.034556914,0.66249657,0.30294648,1.0641516479312123,yes,16.78224,9.706152,14.555072,4.340314,0.022068137,lspgmoe-v4.0,frozen_v4_0_auxiliary_reference
ZS_CA0593,CA0593,SDX010,SFC_F8664D03003D,LIQ_0F4168490E,zero_shot,legacy_external,78.7,102.59358,39.322509765625,165.86465454101562,0.9,medium,no,100.50507,100.6145,107.159775,0.034556914,0.66249657,0.30294648,0.6110566366850527,yes,13.036697,9.700998,14.557014,4.3416615,-0.0013193109,lspgmoe-v4.0,frozen_v4_0_auxiliary_reference
ZS_CA0594,CA0594,SDX010,SFC_F8664D03003D,LIQ_6656B41AB7,zero_shot,legacy_external,35.6,79.665245,16.39417266845703,142.93631744384766,0.9,medium,no,88.22003,85.811676,65.24813,0.034556914,0.66249657,0.30294648,0.6110566366850527,yes,11.931499,9.455881,14.557014,4.3416615,0.039693065,lspgmoe-v4.0,frozen_v4_0_auxiliary_reference
ZS_CA0595,CA0595,SDX010,SFC_F8664D03003D,LIQ_B6950B5CB8,zero_shot,legacy_external,0.0,62.736794,0.0,126.00786590576172,0.9,high,yes,61.012432,63.82482,60.55415,0.034556914,0.66249657,0.30294648,1.0640968914987792,yes,16.777205,9.705778,14.557014,4.3416615,0.022036185,lspgmoe-v4.0,frozen_v4_0_auxiliary_reference
ZS_CA0596,CA0596,SDX010,SFC_57C35DC0B570,LIQ_0F4168490E,zero_shot,legacy_external,96.8,102.59904,39.32796478271485,165.87010955810547,0.9,medium,no,100.51225,100.62236,107.159775,0.034556914,0.66249657,0.30294648,0.6111479394614061,yes,13.038111,9.700691,14.554921,4.340407,-0.0013308004,lspgmoe-v4.0,frozen_v4_0_auxiliary_reference
ZS_CA0597,CA0597,SDX010,SFC_57C35DC0B570,LIQ_6656B41AB7,zero_shot,legacy_external,60.4,79.66958,16.39850616455078,142.9406509399414,0.9,medium,no,88.22648,85.81789,65.24813,0.034556914,0.66249657,0.30294648,0.6111479394614061,yes,11.9350395,9.455931,14.554921,4.340407,0.039694734,lspgmoe-v4.0,frozen_v4_0_auxiliary_reference
ZS_CA0598,CA0598,SDX010,SFC_57C35DC0B570,LIQ_B6950B5CB8,zero_shot,legacy_external,37.9,62.74152,0.0,126.01259231567384,0.9,high,yes,61.021324,63.831493,60.55415,0.034556914,0.66249657,0.30294648,1.0641493769271022,yes,16.78267,9.706186,14.554921,4.340407,0.022069043,lspgmoe-v4.0,frozen_v4_0_auxiliary_reference
ZS_CA0599,CA0599,SDX010,SFC_AD93A15A2199,LIQ_0F4168490E,zero_shot,legacy_external,81.4,102.60895,39.33787536621094,165.88002014160156,0.9,medium,no,100.525795,100.63661,107.159775,0.034556914,0.66249657,0.30294648,0.6113595213443329,yes,13.037954,9.699446,14.552081,4.3371925,-0.0013424695,lspgmoe-v4.0,frozen_v4_0_auxiliary_reference
ZS_CA0600,CA0600,SDX010,SFC_AD93A15A2199,LIQ_6656B41AB7,zero_shot,legacy_external,44.9,79.67514,16.404067993164062,142.9462127685547,0.9,medium,no,88.23484,85.82584,65.24813,0.034556914,0.66249657,0.30294648,0.6113595213443329,yes,11.938272,9.455824,14.552081,4.3371925,0.03969925,lspgmoe-v4.0,frozen_v4_0_auxiliary_reference
ZS_CA0601,CA0601,SDX010,SFC_AD93A15A2199,LIQ_B6950B5CB8,zero_shot,legacy_external,0.0,62.746178,0.0,126.01725006103516,0.9,high,yes,61.03184,63.837975,60.55415,0.034556914,0.66249657,0.30294648,1.0642708335913622,yes,16.789782,9.706701,14.552081,4.3371925,0.022125533,lspgmoe-v4.0,frozen_v4_0_auxiliary_reference
ZS_CA0602,CA0602,SDX010,SFC_B9F3779B4230,LIQ_0F4168490E,zero_shot,legacy_external,99.4,102.59726,39.32618713378906,165.8683319091797,0.9,medium,no,100.50995,100.6198,107.159775,0.034556914,0.66249657,0.30294648,0.611121402357823,yes,13.037463,9.700743,14.55567,4.3407493,-0.0013264201,lspgmoe-v4.0,frozen_v4_0_auxiliary_reference
ZS_CA0603,CA0603,SDX010,SFC_B9F3779B4230,LIQ_6656B41AB7,zero_shot,legacy_external,66.8,79.66801,16.396934509277344,142.93907928466797,0.9,medium,no,88.224144,85.81563,65.24813,0.034556914,0.66249657,0.30294648,0.611121402357823,yes,11.9336605,9.455901,14.55567,4.3407493,0.03969429,lspgmoe-v4.0,frozen_v4_0_auxiliary_reference
ZS_CA0604,CA0604,SDX010,SFC_B9F3779B4230,LIQ_B6950B5CB8,zero_shot,legacy_external,44.1,62.739708,0.0,126.01078033447266,0.9,high,yes,61.018036,63.82893,60.55415,0.034556914,0.66249657,0.30294648,1.0641340686771747,yes,16.78069,9.7060375,14.55567,4.3407493,0.022058124,lspgmoe-v4.0,frozen_v4_0_auxiliary_reference
ZS_CA0605,CA0605,SDX010,SFC_02B9E44B3DAE,LIQ_0F4168490E,zero_shot,legacy_external,81.1,102.58565,39.3145751953125,165.85671997070312,0.9,medium,no,100.49437,100.60307,107.159775,0.034556914,0.66249657,0.30294648,0.6108997271232957,yes,13.036082,9.70181,14.559549,4.343983,-0.0013074577,lspgmoe-v4.0,frozen_v4_0_auxiliary_reference
ZS_CA0606,CA0606,SDX010,SFC_02B9E44B3DAE,LIQ_6656B41AB7,zero_shot,legacy_external,45.7,79.660164,16.38909149169922,142.93123626708984,0.9,medium,no,88.21243,85.8044,65.24813,0.034556914,0.66249657,0.30294648,0.6108997271232957,yes,11.928044,9.455914,14.559549,4.343983,0.039689858,lspgmoe-v4.0,frozen_v4_0_auxiliary_reference
ZS_CA0607,CA0607,SDX010,SFC_02B9E44B3DAE,LIQ_B6950B5CB8,zero_shot,legacy_external,0.0,62.732006,0.0,126.00307846069336,0.9,high,yes,61.00248,63.818115,60.55415,0.034556914,0.66249657,0.30294648,1.0640068083357443,yes,16.770748,9.705305,14.559549,4.343983,0.021990005,lspgmoe-v4.0,frozen_v4_0_auxiliary_reference
ZS_CA0608,CA0608,SDX007,SFC_82F5C36F39D2,LIQ_0F4168490E,zero_shot,legacy_external,61.3,125.06979,61.79872131347656,180.0,0.9,high,yes,134.74097,140.32666,90.60226,0.034556914,0.66249657,0.30294648,8.62538396423727,yes,18.835426,46.826405,5.195317,0.6770432,-0.024369404,lspgmoe-v4.0,frozen_v4_0_auxiliary_reference
ZS_CA0609,CA0609,SDX007,SFC_82F5C36F39D2,LIQ_6656B41AB7,zero_shot,legacy_external,36.7,98.24037,34.96929931640625,161.51144409179688,0.9,high,yes,117.109215,117.63253,53.68041,0.034556914,0.66249657,0.30294648,8.62538396423727,yes,17.003601,40.15988,5.195317,0.6770432,0.012488683,lspgmoe-v4.0,frozen_v4_0_auxiliary_reference
ZS_CA0610,CA0610,SDX007,SFC_82F5C36F39D2,LIQ_53310FAFB3,zero_shot,legacy_external,44.8,111.72351,48.45243835449219,174.9945831298828,0.9,high,yes,120.77006,132.53163,65.1875,0.034556914,0.66249657,0.30294648,8.62538396423727,yes,22.23409,60.57966,5.195317,0.6770432,-0.11735495,lspgmoe-v4.0,frozen_v4_0_auxiliary_reference
ZS_CA0611,CA0611,SDX007,SFC_FF44FFDB2AC3,LIQ_0F4168490E,zero_shot,legacy_external,83.2,125.06979,61.79872131347656,180.0,0.9,high,yes,134.74097,140.32666,90.60226,0.034556914,0.66249657,0.30294648,8.62538396423727,yes,18.835426,46.826405,5.195317,0.6770432,-0.024369404,lspgmoe-v4.0,frozen_v4_0_auxiliary_reference
ZS_CA0612,CA0612,SDX007,SFC_FF44FFDB2AC3,LIQ_6656B41AB7,zero_shot,legacy_external,52.8,98.24037,34.96929931640625,161.51144409179688,0.9,high,yes,117.109215,117.63253,53.68041,0.034556914,0.66249657,0.30294648,8.62538396423727,yes,17.003601,40.15988,5.195317,0.6770432,0.012488683,lspgmoe-v4.0,frozen_v4_0_auxiliary_reference
ZS_CA0613,CA0613,SDX007,SFC_FF44FFDB2AC3,LIQ_53310FAFB3,zero_shot,legacy_external,58.8,111.72351,48.45243835449219,174.9945831298828,0.9,high,yes,120.77006,132.53163,65.1875,0.034556914,0.66249657,0.30294648,8.62538396423727,yes,22.23409,60.57966,5.195317,0.6770432,-0.11735495,lspgmoe-v4.0,frozen_v4_0_auxiliary_reference
ZS_CA0614,CA0614,SDX007,SFC_ACA747208E92,LIQ_0F4168490E,zero_shot,legacy_external,70.0,125.06979,61.79872131347656,180.0,0.9,high,yes,134.74097,140.32666,90.60226,0.034556914,0.66249657,0.30294648,8.62538396423727,yes,18.835426,46.826405,5.195317,0.6770432,-0.024369404,lspgmoe-v4.0,frozen_v4_0_auxiliary_reference
ZS_CA0615,CA0615,SDX007,SFC_ACA747208E92,LIQ_6656B41AB7,zero_shot,legacy_external,50.1,98.24037,34.96929931640625,161.51144409179688,0.9,high,yes,117.109215,117.63253,53.68041,0.034556914,0.66249657,0.30294648,8.62538396423727,yes,17.003601,40.15988,5.195317,0.6770432,0.012488683,lspgmoe-v4.0,frozen_v4_0_auxiliary_reference
ZS_CA0616,CA0616,SDX007,SFC_ACA747208E92,LIQ_53310FAFB3,zero_shot,legacy_external,41.4,111.72351,48.45243835449219,174.9945831298828,0.9,high,yes,120.77006,132.53163,65.1875,0.034556914,0.66249657,0.30294648,8.62538396423727,yes,22.23409,60.57966,5.195317,0.6770432,-0.11735495,lspgmoe-v4.0,frozen_v4_0_auxiliary_reference
ZS_EXT_936D30510340,EXT_936D30510340,OPEN_CELLULOSE_ESTER,SFC_96F700A16BD8,LIQ_1BD1B94C09,zero_shot,prospective_open_external,50.7,65.15494,1.8838653564453125,128.42601013183594,0.9,high,yes,58.99613,64.80106,66.63135,0.034556914,0.66249657,0.30294648,2.7832496103135687,yes,16.680145,12.124108,38.35812,2.5433593,-0.0697846,lspgmoe-v4.0,frozen_v4_0_auxiliary_reference
ZS_EXT_A05461A4CCC6,EXT_A05461A4CCC6,OPEN_CELLULOSE_ESTER,SFC_96F700A16BD8,LIQ_6656B41AB7,zero_shot,prospective_open_external,29.0,45.64354,0.0,108.91461181640624,0.9,high,yes,39.44532,43.319202,51.43354,0.034556914,0.66249657,0.30294648,2.773829148819712,yes,16.37795,12.65974,38.35812,2.5433593,-0.022407502,lspgmoe-v4.0,frozen_v4_0_auxiliary_reference
ZS_EXT_559D6064BED1,EXT_559D6064BED1,OPEN_CELLULOSE_ESTER,SFC_96F700A16BD8,LIQ_0F4168490E,zero_shot,prospective_open_external,61.7,96.22145,32.95037841796875,159.49252319335938,0.9,high,yes,91.03078,94.91899,99.66184,0.034556914,0.66249657,0.30294648,2.773829148819712,yes,14.264353,11.339048,38.35812,2.5433593,-0.06538646,lspgmoe-v4.0,frozen_v4_0_auxiliary_reference
ZS_EXT_14ACC371AD61,EXT_14ACC371AD61,OPEN_CELLULOSE_ESTER,SFC_A70448B898F8,LIQ_1BD1B94C09,zero_shot,prospective_open_external,61.3,65.15494,1.8838653564453125,128.42601013183594,0.9,high,yes,58.99613,64.80106,66.63135,0.034556914,0.66249657,0.30294648,2.7832496103135687,yes,16.680145,12.124108,38.35812,2.5433593,-0.0697846,lspgmoe-v4.0,frozen_v4_0_auxiliary_reference
ZS_EXT_F0F5A1C2B409,EXT_F0F5A1C2B409,OPEN_CELLULOSE_ESTER,SFC_A70448B898F8,LIQ_6656B41AB7,zero_shot,prospective_open_external,35.8,45.64354,0.0,108.91461181640624,0.9,high,yes,39.44532,43.319202,51.43354,0.034556914,0.66249657,0.30294648,2.773829148819712,yes,16.37795,12.65974,38.35812,2.5433593,-0.022407502,lspgmoe-v4.0,frozen_v4_0_auxiliary_reference
ZS_EXT_A61229BDED6F,EXT_A61229BDED6F,OPEN_CELLULOSE_ESTER,SFC_A70448B898F8,LIQ_0F4168490E,zero_shot,prospective_open_external,70.3,96.22145,32.95037841796875,159.49252319335938,0.9,high,yes,91.03078,94.91899,99.66184,0.034556914,0.66249657,0.30294648,2.773829148819712,yes,14.264353,11.339048,38.35812,2.5433593,-0.06538646,lspgmoe-v4.0,frozen_v4_0_auxiliary_reference
ZS_EXT_94AA6A446187,EXT_94AA6A446187,OPEN_CELLULOSE_ESTER,SFC_5C313003AB36,LIQ_1BD1B94C09,zero_shot,prospective_open_external,71.2,65.15494,1.8838653564453125,128.42601013183594,0.9,high,yes,58.99613,64.80106,66.63135,0.034556914,0.66249657,0.30294648,2.7832496103135687,yes,16.680145,12.124108,38.35812,2.5433593,-0.0697846,lspgmoe-v4.0,frozen_v4_0_auxiliary_reference
ZS_EXT_5EF19E47F632,EXT_5EF19E47F632,OPEN_CELLULOSE_ESTER,SFC_5C313003AB36,LIQ_6656B41AB7,zero_shot,prospective_open_external,41.0,45.64354,0.0,108.91461181640624,0.9,high,yes,39.44532,43.319202,51.43354,0.034556914,0.66249657,0.30294648,2.773829148819712,yes,16.37795,12.65974,38.35812,2.5433593,-0.022407502,lspgmoe-v4.0,frozen_v4_0_auxiliary_reference
ZS_EXT_219685EEFF8F,EXT_219685EEFF8F,OPEN_CELLULOSE_ESTER,SFC_5C313003AB36,LIQ_0F4168490E,zero_shot,prospective_open_external,80.2,96.22145,32.95037841796875,159.49252319335938,0.9,high,yes,91.03078,94.91899,99.66184,0.034556914,0.66249657,0.30294648,2.773829148819712,yes,14.264353,11.339048,38.35812,2.5433593,-0.06538646,lspgmoe-v4.0,frozen_v4_0_auxiliary_reference
ZS_EXT_E11F4024C217,EXT_E11F4024C217,OPEN_CELLULOSE_ESTER,SFC_316C3D980026,LIQ_1BD1B94C09,zero_shot,prospective_open_external,78.7,65.15494,1.8838653564453125,128.42601013183594,0.9,high,yes,58.99613,64.80106,66.63135,0.034556914,0.66249657,0.30294648,2.7832496103135687,yes,16.680145,12.124108,38.35812,2.5433593,-0.0697846,lspgmoe-v4.0,frozen_v4_0_auxiliary_reference
ZS_EXT_080C51B10123,EXT_080C51B10123,OPEN_CELLULOSE_ESTER,SFC_316C3D980026,LIQ_6656B41AB7,zero_shot,prospective_open_external,45.2,45.64354,0.0,108.91461181640624,0.9,high,yes,39.44532,43.319202,51.43354,0.034556914,0.66249657,0.30294648,2.773829148819712,yes,16.37795,12.65974,38.35812,2.5433593,-0.022407502,lspgmoe-v4.0,frozen_v4_0_auxiliary_reference
ZS_EXT_2280601FAB67,EXT_2280601FAB67,OPEN_CELLULOSE_ESTER,SFC_316C3D980026,LIQ_0F4168490E,zero_shot,prospective_open_external,86.9,96.22145,32.95037841796875,159.49252319335938,0.9,high,yes,91.03078,94.91899,99.66184,0.034556914,0.66249657,0.30294648,2.773829148819712,yes,14.264353,11.339048,38.35812,2.5433593,-0.06538646,lspgmoe-v4.0,frozen_v4_0_auxiliary_reference
ZS_EXT_49031F0CF1DA,EXT_49031F0CF1DA,OPEN_CROSS_MATERIAL_2026,SFC_6CC47C08CF64,LIQ_0F4168490E,zero_shot,prospective_open_external,0.0,85.115204,21.84413146972656,148.3862762451172,0.9,medium,no,90.26337,87.88194,78.47755,0.034556914,0.66249657,0.30294648,0.5600588842767927,yes,10.017577,8.810133,25.23805,4.472033,0.041101277,lspgmoe-v4.0,frozen_v4_0_auxiliary_reference
ZS_EXT_A0FF3F05F460,EXT_A0FF3F05F460,OPEN_CROSS_MATERIAL_2026,SFC_FFEC58F1530E,LIQ_0F4168490E,zero_shot,prospective_open_external,0.0,85.115204,21.84413146972656,148.3862762451172,0.9,medium,no,90.26337,87.88194,78.47755,0.034556914,0.66249657,0.30294648,0.5600588842767927,yes,10.017577,8.810133,25.23805,4.472033,0.041101277,lspgmoe-v4.0,frozen_v4_0_auxiliary_reference
ZS_EXT_FEB4B983371B,EXT_FEB4B983371B,OPEN_CROSS_MATERIAL_2026,SFC_E543580D2581,LIQ_0F4168490E,zero_shot,prospective_open_external,5.0,85.115204,21.84413146972656,148.3862762451172,0.9,medium,no,90.26337,87.88194,78.47755,0.034556914,0.66249657,0.30294648,0.5600588842767927,yes,10.017577,8.810133,25.23805,4.472033,0.041101277,lspgmoe-v4.0,frozen_v4_0_auxiliary_reference
ZS_EXT_1435D4EE7D58,EXT_1435D4EE7D58,OPEN_CROSS_MATERIAL_2026,SFC_B031A7CFA524,LIQ_0F4168490E,zero_shot,prospective_open_external,5.0,85.115204,21.84413146972656,148.3862762451172,0.9,medium,no,90.26337,87.88194,78.47755,0.034556914,0.66249657,0.30294648,0.5600588842767927,yes,10.017577,8.810133,25.23805,4.472033,0.041101277,lspgmoe-v4.0,frozen_v4_0_auxiliary_reference
ZS_EXT_C5532BFE0392,EXT_C5532BFE0392,OPEN_CROSS_MATERIAL_2026,SFC_88AD8E0824C4,LIQ_0F4168490E,zero_shot,prospective_open_external,11.0,85.115204,21.84413146972656,148.3862762451172,0.9,medium,no,90.26337,87.88194,78.47755,0.034556914,0.66249657,0.30294648,0.5600588842767927,yes,10.017577,8.810133,25.23805,4.472033,0.041101277,lspgmoe-v4.0,frozen_v4_0_auxiliary_reference
ZS_EXT_44B14E084099,EXT_44B14E084099,OPEN_CROSS_MATERIAL_2026,SFC_3C19B5C5940C,LIQ_0F4168490E,zero_shot,prospective_open_external,23.5,85.115204,21.84413146972656,148.3862762451172,0.9,medium,no,90.26337,87.88194,78.47755,0.034556914,0.66249657,0.30294648,0.5600588842767927,yes,10.017577,8.810133,25.23805,4.472033,0.041101277,lspgmoe-v4.0,frozen_v4_0_auxiliary_reference
ZS_EXT_969E7805FF23,EXT_969E7805FF23,OPEN_CROSS_MATERIAL_2026,SFC_EF22972A391D,LIQ_0F4168490E,zero_shot,prospective_open_external,32.0,85.115204,21.84413146972656,148.3862762451172,0.9,medium,no,90.26337,87.88194,78.47755,0.034556914,0.66249657,0.30294648,0.5600588842767927,yes,10.017577,8.810133,25.23805,4.472033,0.041101277,lspgmoe-v4.0,frozen_v4_0_auxiliary_reference
ZS_EXT_AF240CDD39AB,EXT_AF240CDD39AB,OPEN_CROSS_MATERIAL_2026,SFC_DFAA6FA9D311,LIQ_0F4168490E,zero_shot,prospective_open_external,34.0,85.115204,21.84413146972656,148.3862762451172,0.9,medium,no,90.26337,87.88194,78.47755,0.034556914,0.66249657,0.30294648,0.5600588842767927,yes,10.017577,8.810133,25.23805,4.472033,0.041101277,lspgmoe-v4.0,frozen_v4_0_auxiliary_reference
ZS_EXT_1AE336EF5B2E,EXT_1AE336EF5B2E,OPEN_CROSS_MATERIAL_2026,SFC_0E29DCF6B0F6,LIQ_0F4168490E,zero_shot,prospective_open_external,39.1,85.115204,21.84413146972656,148.3862762451172,0.9,medium,no,90.26337,87.88194,78.47755,0.034556914,0.66249657,0.30294648,0.5600588842767927,yes,10.017577,8.810133,25.23805,4.472033,0.041101277,lspgmoe-v4.0,frozen_v4_0_auxiliary_reference
ZS_EXT_0D0567136BE4,EXT_0D0567136BE4,OPEN_CROSS_MATERIAL_2026,SFC_CCA852C05DD9,LIQ_6656B41AB7,zero_shot,prospective_open_external,43.2,57.1456,0.0,120.41667175292967,0.9,medium,no,65.8783,61.60194,46.404152,0.034556914,0.66249657,0.30294648,0.5600588842767927,yes,3.8348188,9.676012,25.23805,4.472033,0.067295745,lspgmoe-v4.0,frozen_v4_0_auxiliary_reference
ZS_EXT_02746EDBC523,EXT_02746EDBC523,OPEN_CROSS_MATERIAL_2026,SFC_B11F05311C95,LIQ_0F4168490E,zero_shot,prospective_open_external,48.0,85.115204,21.84413146972656,148.3862762451172,0.9,medium,no,90.26337,87.88194,78.47755,0.034556914,0.66249657,0.30294648,0.5600588842767927,yes,10.017577,8.810133,25.23805,4.472033,0.041101277,lspgmoe-v4.0,frozen_v4_0_auxiliary_reference
ZS_EXT_D2BDCF2B48E1,EXT_D2BDCF2B48E1,OPEN_CROSS_MATERIAL_2026,SFC_276FB2540C6B,LIQ_0F4168490E,zero_shot,prospective_open_external,49.0,85.115204,21.84413146972656,148.3862762451172,0.9,medium,no,90.26337,87.88194,78.47755,0.034556914,0.66249657,0.30294648,0.5600588842767927,yes,10.017577,8.810133,25.23805,4.472033,0.041101277,lspgmoe-v4.0,frozen_v4_0_auxiliary_reference
ZS_EXT_AD49AC8FC73F,EXT_AD49AC8FC73F,OPEN_CROSS_MATERIAL_2026,SFC_45F8C8F50DAD,LIQ_0F4168490E,zero_shot,prospective_open_external,50.0,85.115204,21.84413146972656,148.3862762451172,0.9,medium,no,90.26337,87.88194,78.47755,0.034556914,0.66249657,0.30294648,0.5600588842767927,yes,10.017577,8.810133,25.23805,4.472033,0.041101277,lspgmoe-v4.0,frozen_v4_0_auxiliary_reference
ZS_EXT_03E658446E71,EXT_03E658446E71,OPEN_CROSS_MATERIAL_2026,SFC_CCA852C05DD9,LIQ_1BD1B94C09,zero_shot,prospective_open_external,56.7,64.53,1.2589263916015625,127.8010711669922,0.9,high,yes,68.703255,66.87905,58.91697,0.034556914,0.66249657,0.30294648,0.6131033581114882,yes,10.159647,9.101458,25.23805,4.472033,0.03088572,lspgmoe-v4.0,frozen_v4_0_auxiliary_reference
ZS_EXT_4192CE86DB7A,EXT_4192CE86DB7A,OPEN_CROSS_MATERIAL_2026,SFC_CCA852C05DD9,LIQ_53310FAFB3,zero_shot,prospective_open_external,57.0,64.24808,0.9770050048828124,127.51914978027344,0.9,medium,no,60.7506,67.389,57.77833,0.034556914,0.66249657,0.30294648,0.5600588842767927,yes,11.37468,8.431572,25.23805,4.472033,-0.081576526,lspgmoe-v4.0,frozen_v4_0_auxiliary_reference
ZS_EXT_CEE170F19AC5,EXT_CEE170F19AC5,OPEN_CROSS_MATERIAL_2026,SFC_C29649784C9E,LIQ_0F4168490E,zero_shot,prospective_open_external,57.0,85.01874,21.74766540527344,148.28981018066406,0.9,medium,no,89.34068,87.789536,78.46643,0.034556914,0.66249657,0.30294648,0.5014341327872001,yes,9.848136,9.048545,28.382086,4.154485,0.027344793,lspgmoe-v4.0,frozen_v4_0_auxiliary_reference
ZS_EXT_8A4A8419F90A,EXT_8A4A8419F90A,OPEN_CROSS_MATERIAL_2026,SFC_76251AE8917C,LIQ_0F4168490E,zero_shot,prospective_open_external,58.0,85.115204,21.84413146972656,148.3862762451172,0.9,medium,no,90.26337,87.88194,78.47755,0.034556914,0.66249657,0.30294648,0.5600588842767927,yes,10.017577,8.810133,25.23805,4.472033,0.041101277,lspgmoe-v4.0,frozen_v4_0_auxiliary_reference
ZS_EXT_9A2570B5651D,EXT_9A2570B5651D,OPEN_CROSS_MATERIAL_2026,SFC_4B11F0C60536,LIQ_0F4168490E,zero_shot,prospective_open_external,58.0,85.115204,21.84413146972656,148.3862762451172,0.9,medium,no,90.26337,87.88194,78.47755,0.034556914,0.66249657,0.30294648,0.5600588842767927,yes,10.017577,8.810133,25.23805,4.472033,0.041101277,lspgmoe-v4.0,frozen_v4_0_auxiliary_reference
ZS_EXT_05AE5BE2451B,EXT_05AE5BE2451B,OPEN_CROSS_MATERIAL_2026,SFC_8A5FD38D06DE,LIQ_5C0DC0DCD1,zero_shot,prospective_open_external,58.0,68.02916,4.758087158203125,131.30023193359375,0.9,medium,no,72.4662,70.14294,62.90055,0.034556914,0.66249657,0.30294648,0.5977082212489419,yes,9.507638,9.482058,28.382086,4.154485,0.038025938,lspgmoe-v4.0,frozen_v4_0_auxiliary_reference
ZS_EXT_C356E81E54A2,EXT_C356E81E54A2,OPEN_CROSS_MATERIAL_2026,SFC_8038D9A6A20A,LIQ_0F4168490E,zero_shot,prospective_open_external,59.0,85.115204,21.84413146972656,148.3862762451172,0.9,medium,no,90.26337,87.88194,78.47755,0.034556914,0.66249657,0.30294648,0.5600588842767927,yes,10.017577,8.810133,25.23805,4.472033,0.041101277,lspgmoe-v4.0,frozen_v4_0_auxiliary_reference
ZS_EXT_7EC8DDA8A7F9,EXT_7EC8DDA8A7F9,OPEN_CROSS_MATERIAL_2026,SFC_9E83E4237A7D,LIQ_0F4168490E,zero_shot,prospective_open_external,60.0,85.115204,21.84413146972656,148.3862762451172,0.9,medium,no,90.26337,87.88194,78.47755,0.034556914,0.66249657,0.30294648,0.5600588842767927,yes,10.017577,8.810133,25.23805,4.472033,0.041101277,lspgmoe-v4.0,frozen_v4_0_auxiliary_reference
ZS_EXT_6881AA073FB3,EXT_6881AA073FB3,OPEN_CROSS_MATERIAL_2026,SFC_127F69376811,LIQ_53310FAFB3,zero_shot,prospective_open_external,60.0,61.68589,0.0,124.95696258544922,0.9,medium,no,57.55248,63.69343,57.76722,0.034556914,0.66249657,0.30294648,0.5014341327872001,yes,9.908081,8.641489,28.382086,4.154485,-0.06710092,lspgmoe-v4.0,frozen_v4_0_auxiliary_reference
ZS_EXT_88465FC708C8,EXT_88465FC708C8,OPEN_CROSS_MATERIAL_2026,SFC_B2B460B5E74C,LIQ_0F4168490E,zero_shot,prospective_open_external,63.0,85.01874,21.74766540527344,148.28981018066406,0.9,medium,no,89.34068,87.789536,78.46643,0.034556914,0.66249657,0.30294648,0.5014341327872001,yes,9.848136,9.048545,28.382086,4.154485,0.027344793,lspgmoe-v4.0,frozen_v4_0_auxiliary_reference
ZS_EXT_F5CE170CF68A,EXT_F5CE170CF68A,OPEN_CROSS_MATERIAL_2026,SFC_CB8C71D24418,LIQ_0F4168490E,zero_shot,prospective_open_external,64.0,85.115204,21.84413146972656,148.3862762451172,0.9,medium,no,90.26337,87.88194,78.47755,0.034556914,0.66249657,0.30294648,0.5600588842767927,yes,10.017577,8.810133,25.23805,4.472033,0.041101277,lspgmoe-v4.0,frozen_v4_0_auxiliary_reference
ZS_EXT_1A2DEF91ADCC,EXT_1A2DEF91ADCC,OPEN_CROSS_MATERIAL_2026,SFC_AFE29766ABB1,LIQ_0F4168490E,zero_shot,prospective_open_external,64.0,85.115204,21.84413146972656,148.3862762451172,0.9,medium,no,90.26337,87.88194,78.47755,0.034556914,0.66249657,0.30294648,0.5600588842767927,yes,10.017577,8.810133,25.23805,4.472033,0.041101277,lspgmoe-v4.0,frozen_v4_0_auxiliary_reference
ZS_EXT_3FBC997EA1E4,EXT_3FBC997EA1E4,OPEN_CROSS_MATERIAL_2026,SFC_84E420BFB264,LIQ_0F4168490E,zero_shot,prospective_open_external,64.4,85.115204,21.84413146972656,148.3862762451172,0.9,medium,no,90.26337,87.88194,78.47755,0.034556914,0.66249657,0.30294648,0.5600588842767927,yes,10.017577,8.810133,25.23805,4.472033,0.041101277,lspgmoe-v4.0,frozen_v4_0_auxiliary_reference
ZS_EXT_EDDBCE0D5ECF,EXT_EDDBCE0D5ECF,OPEN_CROSS_MATERIAL_2026,SFC_CCA852C05DD9,LIQ_5C0DC0DCD1,zero_shot,prospective_open_external,66.8,69.00382,5.732749938964844,132.27489471435547,0.9,medium,no,74.78951,71.487854,62.91166,0.034556914,0.66249657,0.30294648,0.6265456417174843,yes,10.132594,9.144175,25.23805,4.472033,0.054508884,lspgmoe-v4.0,frozen_v4_0_auxiliary_reference
ZS_EXT_038089E43DB7,EXT_038089E43DB7,OPEN_CROSS_MATERIAL_2026,SFC_A20F2DE2FF3E,LIQ_0F4168490E,zero_shot,prospective_open_external,67.0,85.01874,21.74766540527344,148.28981018066406,0.9,medium,no,89.34068,87.789536,78.46643,0.034556914,0.66249657,0.30294648,0.5014341327872001,yes,9.848136,9.048545,28.382086,4.154485,0.027344793,lspgmoe-v4.0,frozen_v4_0_auxiliary_reference
ZS_EXT_342CB85D601A,EXT_342CB85D601A,OPEN_CROSS_MATERIAL_2026,SFC_E32E065C262B,LIQ_0F4168490E,zero_shot,prospective_open_external,67.3,85.115204,21.84413146972656,148.3862762451172,0.9,medium,no,90.26337,87.88194,78.47755,0.034556914,0.66249657,0.30294648,0.5600588842767927,yes,10.017577,8.810133,25.23805,4.472033,0.041101277,lspgmoe-v4.0,frozen_v4_0_auxiliary_reference
ZS_EXT_8CF003D59705,EXT_8CF003D59705,OPEN_CROSS_MATERIAL_2026,SFC_E82B74C28497,LIQ_0F4168490E,zero_shot,prospective_open_external,68.0,85.01874,21.74766540527344,148.28981018066406,0.9,medium,no,89.34068,87.789536,78.46643,0.034556914,0.66249657,0.30294648,0.5014341327872001,yes,9.848136,9.048545,28.382086,4.154485,0.027344793,lspgmoe-v4.0,frozen_v4_0_auxiliary_reference
ZS_EXT_8EAC9776F893,EXT_8EAC9776F893,OPEN_CROSS_MATERIAL_2026,SFC_953A3ED1CCEC,LIQ_0F4168490E,zero_shot,prospective_open_external,68.0,85.01874,21.74766540527344,148.28981018066406,0.9,medium,no,89.34068,87.789536,78.46643,0.034556914,0.66249657,0.30294648,0.5014341327872001,yes,9.848136,9.048545,28.382086,4.154485,0.027344793,lspgmoe-v4.0,frozen_v4_0_auxiliary_reference
ZS_EXT_D4DD701B186E,EXT_D4DD701B186E,OPEN_CROSS_MATERIAL_2026,SFC_A6484648C3AE,LIQ_0F4168490E,zero_shot,prospective_open_external,69.0,85.115204,21.84413146972656,148.3862762451172,0.9,medium,no,90.26337,87.88194,78.47755,0.034556914,0.66249657,0.30294648,0.5600588842767927,yes,10.017577,8.810133,25.23805,4.472033,0.041101277,lspgmoe-v4.0,frozen_v4_0_auxiliary_reference
ZS_EXT_8802B975D414,EXT_8802B975D414,OPEN_CROSS_MATERIAL_2026,SFC_F9572A899579,LIQ_0F4168490E,zero_shot,prospective_open_external,70.0,85.115204,21.84413146972656,148.3862762451172,0.9,medium,no,90.26337,87.88194,78.47755,0.034556914,0.66249657,0.30294648,0.5600588842767927,yes,10.017577,8.810133,25.23805,4.472033,0.041101277,lspgmoe-v4.0,frozen_v4_0_auxiliary_reference
ZS_EXT_C7165B4C6E34,EXT_C7165B4C6E34,OPEN_CROSS_MATERIAL_2026,SFC_87885EEBDCD9,LIQ_0F4168490E,zero_shot,prospective_open_external,71.0,85.01874,21.74766540527344,148.28981018066406,0.9,medium,no,89.34068,87.789536,78.46643,0.034556914,0.66249657,0.30294648,0.5014341327872001,yes,9.848136,9.048545,28.382086,4.154485,0.027344793,lspgmoe-v4.0,frozen_v4_0_auxiliary_reference
ZS_EXT_8CA8BA32AFC9,EXT_8CA8BA32AFC9,OPEN_CROSS_MATERIAL_2026,SFC_7FF8363F812D,LIQ_0F4168490E,zero_shot,prospective_open_external,72.0,85.01874,21.74766540527344,148.28981018066406,0.9,medium,no,89.34068,87.789536,78.46643,0.034556914,0.66249657,0.30294648,0.5014341327872001,yes,9.848136,9.048545,28.382086,4.154485,0.027344793,lspgmoe-v4.0,frozen_v4_0_auxiliary_reference
ZS_EXT_3B4C47EB271C,EXT_3B4C47EB271C,OPEN_CROSS_MATERIAL_2026,SFC_C4A57786C3BE,LIQ_0F4168490E,zero_shot,prospective_open_external,72.0,85.115204,21.84413146972656,148.3862762451172,0.9,medium,no,90.26337,87.88194,78.47755,0.034556914,0.66249657,0.30294648,0.5600588842767927,yes,10.017577,8.810133,25.23805,4.472033,0.041101277,lspgmoe-v4.0,frozen_v4_0_auxiliary_reference
ZS_EXT_45B7FC6A550A,EXT_45B7FC6A550A,OPEN_CROSS_MATERIAL_2026,SFC_CCA852C05DD9,LIQ_0F4168490E,zero_shot,prospective_open_external,72.8,85.115204,21.84413146972656,148.3862762451172,0.9,medium,no,90.26337,87.88194,78.47755,0.034556914,0.66249657,0.30294648,0.5600588842767927,yes,10.017577,8.810133,25.23805,4.472033,0.041101277,lspgmoe-v4.0,frozen_v4_0_auxiliary_reference
ZS_EXT_F934ECFE3262,EXT_F934ECFE3262,OPEN_CROSS_MATERIAL_2026,SFC_89A0CB9F83E8,LIQ_0F4168490E,zero_shot,prospective_open_external,73.0,85.01874,21.74766540527344,148.28981018066406,0.9,medium,no,89.34068,87.789536,78.46643,0.034556914,0.66249657,0.30294648,0.5014341327872001,yes,9.848136,9.048545,28.382086,4.154485,0.027344793,lspgmoe-v4.0,frozen_v4_0_auxiliary_reference
ZS_EXT_E452CC93D716,EXT_E452CC93D716,OPEN_CROSS_MATERIAL_2026,SFC_7B8DA975FCE0,LIQ_0F4168490E,zero_shot,prospective_open_external,73.0,85.01874,21.74766540527344,148.28981018066406,0.9,medium,no,89.34068,87.789536,78.46643,0.034556914,0.66249657,0.30294648,0.5014341327872001,yes,9.848136,9.048545,28.382086,4.154485,0.027344793,lspgmoe-v4.0,frozen_v4_0_auxiliary_reference
ZS_EXT_1C5304636A68,EXT_1C5304636A68,OPEN_CROSS_MATERIAL_2026,SFC_B32C6485DACA,LIQ_0F4168490E,zero_shot,prospective_open_external,75.9,85.115204,21.84413146972656,148.3862762451172,0.9,medium,no,90.26337,87.88194,78.47755,0.034556914,0.66249657,0.30294648,0.5600588842767927,yes,10.017577,8.810133,25.23805,4.472033,0.041101277,lspgmoe-v4.0,frozen_v4_0_auxiliary_reference
ZS_EXT_9E9C5162297F,EXT_9E9C5162297F,OPEN_CROSS_MATERIAL_2026,SFC_78B198988B7B,LIQ_0F4168490E,zero_shot,prospective_open_external,77.0,85.115204,21.84413146972656,148.3862762451172,0.9,medium,no,90.26337,87.88194,78.47755,0.034556914,0.66249657,0.30294648,0.5600588842767927,yes,10.017577,8.810133,25.23805,4.472033,0.041101277,lspgmoe-v4.0,frozen_v4_0_auxiliary_reference
ZS_EXT_15AAD062FD5E,EXT_15AAD062FD5E,OPEN_CROSS_MATERIAL_2026,SFC_6730336819E9,LIQ_0F4168490E,zero_shot,prospective_open_external,80.0,85.115204,21.84413146972656,148.3862762451172,0.9,medium,no,90.26337,87.88194,78.47755,0.034556914,0.66249657,0.30294648,0.5600588842767927,yes,10.017577,8.810133,25.23805,4.472033,0.041101277,lspgmoe-v4.0,frozen_v4_0_auxiliary_reference
ZS_EXT_A1899B98D5EA,EXT_A1899B98D5EA,OPEN_CROSS_MATERIAL_2026,SFC_390D2EEA3DFF,LIQ_0F4168490E,zero_shot,prospective_open_external,82.0,85.01874,21.74766540527344,148.28981018066406,0.9,medium,no,89.34068,87.789536,78.46643,0.034556914,0.66249657,0.30294648,0.5014341327872001,yes,9.848136,9.048545,28.382086,4.154485,0.027344793,lspgmoe-v4.0,frozen_v4_0_auxiliary_reference
ZS_EXT_DB8325D5E027,EXT_DB8325D5E027,OPEN_CROSS_MATERIAL_2026,SFC_2FFFD68BED4B,LIQ_0F4168490E,zero_shot,prospective_open_external,86.0,85.115204,21.84413146972656,148.3862762451172,0.9,medium,no,90.26337,87.88194,78.47755,0.034556914,0.66249657,0.30294648,0.5600588842767927,yes,10.017577,8.810133,25.23805,4.472033,0.041101277,lspgmoe-v4.0,frozen_v4_0_auxiliary_reference
ZS_EXT_4773F90CE1B2,EXT_4773F90CE1B2,OPEN_CROSS_MATERIAL_2026,SFC_77ED72A5FED3,LIQ_0F4168490E,zero_shot,prospective_open_external,92.0,85.115204,21.84413146972656,148.3862762451172,0.9,medium,no,90.26337,87.88194,78.47755,0.034556914,0.66249657,0.30294648,0.5600588842767927,yes,10.017577,8.810133,25.23805,4.472033,0.041101277,lspgmoe-v4.0,frozen_v4_0_auxiliary_reference
ZS_EXT_58C75DFD37D3,EXT_58C75DFD37D3,OPEN_CROSS_MATERIAL_2026,SFC_697C572C0860,LIQ_0F4168490E,zero_shot,prospective_open_external,93.0,85.115204,21.84413146972656,148.3862762451172,0.9,medium,no,90.26337,87.88194,78.47755,0.034556914,0.66249657,0.30294648,0.5600588842767927,yes,10.017577,8.810133,25.23805,4.472033,0.041101277,lspgmoe-v4.0,frozen_v4_0_auxiliary_reference
ZS_EXT_17A43035A987,EXT_17A43035A987,OPEN_CROSS_MATERIAL_2026,SFC_51378859DFB5,LIQ_0F4168490E,zero_shot,prospective_open_external,96.0,85.115204,21.84413146972656,148.3862762451172,0.9,medium,no,90.26337,87.88194,78.47755,0.034556914,0.66249657,0.30294648,0.5600588842767927,yes,10.017577,8.810133,25.23805,4.472033,0.041101277,lspgmoe-v4.0,frozen_v4_0_auxiliary_reference
ZS_EXT_E296A8BD1A55,EXT_E296A8BD1A55,OPEN_CROSS_MATERIAL_2026,SFC_03E930156743,LIQ_0F4168490E,zero_shot,prospective_open_external,97.97,85.115204,21.84413146972656,148.3862762451172,0.9,medium,no,90.26337,87.88194,78.47755,0.034556914,0.66249657,0.30294648,0.5600588842767927,yes,10.017577,8.810133,25.23805,4.472033,0.041101277,lspgmoe-v4.0,frozen_v4_0_auxiliary_reference
ZS_EXT_AA469EC47BCA,EXT_AA469EC47BCA,OPEN_CROSS_MATERIAL_2026,SFC_B9F3F2625635,LIQ_0F4168490E,zero_shot,prospective_open_external,100.0,85.115204,21.84413146972656,148.3862762451172,0.9,medium,no,90.26337,87.88194,78.47755,0.034556914,0.66249657,0.30294648,0.5600588842767927,yes,10.017577,8.810133,25.23805,4.472033,0.041101277,lspgmoe-v4.0,frozen_v4_0_auxiliary_reference
ZS_EXT_16D084CD7670,EXT_16D084CD7670,OPEN_CROSS_MATERIAL_2026,SFC_B986E6B26E76,LIQ_0F4168490E,zero_shot,prospective_open_external,101.0,85.115204,21.84413146972656,148.3862762451172,0.9,medium,no,90.26337,87.88194,78.47755,0.034556914,0.66249657,0.30294648,0.5600588842767927,yes,10.017577,8.810133,25.23805,4.472033,0.041101277,lspgmoe-v4.0,frozen_v4_0_auxiliary_reference
ZS_EXT_9C8A1759B53C,EXT_9C8A1759B53C,OPEN_CROSS_MATERIAL_2026,SFC_57F0BA5D8921,LIQ_0F4168490E,zero_shot,prospective_open_external,104.0,85.01874,21.74766540527344,148.28981018066406,0.9,medium,no,89.34068,87.789536,78.46643,0.034556914,0.66249657,0.30294648,0.5014341327872001,yes,9.848136,9.048545,28.382086,4.154485,0.027344793,lspgmoe-v4.0,frozen_v4_0_auxiliary_reference
ZS_EXT_184D1DD087ED,EXT_184D1DD087ED,OPEN_CROSS_MATERIAL_2026,SFC_CF1F29DEC3F3,LIQ_0F4168490E,zero_shot,prospective_open_external,108.0,85.115204,21.84413146972656,148.3862762451172,0.9,medium,no,90.26337,87.88194,78.47755,0.034556914,0.66249657,0.30294648,0.5600588842767927,yes,10.017577,8.810133,25.23805,4.472033,0.041101277,lspgmoe-v4.0,frozen_v4_0_auxiliary_reference
ZS_EXT_98E4DE19244D,EXT_98E4DE19244D,OPEN_CROSS_MATERIAL_2026,SFC_3302282ACAA2,LIQ_0F4168490E,zero_shot,prospective_open_external,109.0,85.115204,21.84413146972656,148.3862762451172,0.9,medium,no,90.26337,87.88194,78.47755,0.034556914,0.66249657,0.30294648,0.5600588842767927,yes,10.017577,8.810133,25.23805,4.472033,0.041101277,lspgmoe-v4.0,frozen_v4_0_auxiliary_reference
ZS_EXT_701D36C9AEAE,EXT_701D36C9AEAE,OPEN_CROSS_MATERIAL_2026,SFC_049A1C1B4B3F,LIQ_0F4168490E,zero_shot,prospective_open_external,110.0,85.115204,21.84413146972656,148.3862762451172,0.9,medium,no,90.26337,87.88194,78.47755,0.034556914,0.66249657,0.30294648,0.5600588842767927,yes,10.017577,8.810133,25.23805,4.472033,0.041101277,lspgmoe-v4.0,frozen_v4_0_auxiliary_reference
ZS_EXT_86B54BC887BA,EXT_86B54BC887BA,OPEN_CROSS_MATERIAL_2026,SFC_7B5A5C2A83F1,LIQ_0F4168490E,zero_shot,prospective_open_external,110.0,85.115204,21.84413146972656,148.3862762451172,0.9,medium,no,90.26337,87.88194,78.47755,0.034556914,0.66249657,0.30294648,0.5600588842767927,yes,10.017577,8.810133,25.23805,4.472033,0.041101277,lspgmoe-v4.0,frozen_v4_0_auxiliary_reference
ZS_EXT_FE78EC16D3B2,EXT_FE78EC16D3B2,OPEN_CROSS_MATERIAL_2026,SFC_05D437139AEF,LIQ_0F4168490E,zero_shot,prospective_open_external,110.0,85.115204,21.84413146972656,148.3862762451172,0.9,medium,no,90.26337,87.88194,78.47755,0.034556914,0.66249657,0.30294648,0.5600588842767927,yes,10.017577,8.810133,25.23805,4.472033,0.041101277,lspgmoe-v4.0,frozen_v4_0_auxiliary_reference
ZS_EXT_5A22EE7F84A8,EXT_5A22EE7F84A8,OPEN_CROSS_MATERIAL_2026,SFC_E853D5C9A29E,LIQ_0F4168490E,zero_shot,prospective_open_external,112.0,85.115204,21.84413146972656,148.3862762451172,0.9,medium,no,90.26337,87.88194,78.47755,0.034556914,0.66249657,0.30294648,0.5600588842767927,yes,10.017577,8.810133,25.23805,4.472033,0.041101277,lspgmoe-v4.0,frozen_v4_0_auxiliary_reference
ZS_EXT_8E080B773589,EXT_8E080B773589,OPEN_CROSS_MATERIAL_2026,SFC_D88CE82490CD,LIQ_0F4168490E,zero_shot,prospective_open_external,113.8,85.115204,21.84413146972656,148.3862762451172,0.9,medium,no,90.26337,87.88194,78.47755,0.034556914,0.66249657,0.30294648,0.5600588842767927,yes,10.017577,8.810133,25.23805,4.472033,0.041101277,lspgmoe-v4.0,frozen_v4_0_auxiliary_reference
ZS_EXT_E27ED8F3E8CB,EXT_E27ED8F3E8CB,OPEN_CROSS_MATERIAL_2026,SFC_3122EC9D3530,LIQ_0F4168490E,zero_shot,prospective_open_external,118.0,85.115204,21.84413146972656,148.3862762451172,0.9,medium,no,90.26337,87.88194,78.47755,0.034556914,0.66249657,0.30294648,0.5600588842767927,yes,10.017577,8.810133,25.23805,4.472033,0.041101277,lspgmoe-v4.0,frozen_v4_0_auxiliary_reference
ZS_EXT_441FDE2FACD6,EXT_441FDE2FACD6,OPEN_CROSS_MATERIAL_2026,SFC_C4217EEC69EE,LIQ_0F4168490E,zero_shot,prospective_open_external,118.0,85.115204,21.84413146972656,148.3862762451172,0.9,medium,no,90.26337,87.88194,78.47755,0.034556914,0.66249657,0.30294648,0.5600588842767927,yes,10.017577,8.810133,25.23805,4.472033,0.041101277,lspgmoe-v4.0,frozen_v4_0_auxiliary_reference
ZS_EXT_69F4338326C3,EXT_69F4338326C3,OPEN_CROSS_MATERIAL_2026,SFC_EAC59F0538FF,LIQ_0F4168490E,zero_shot,prospective_open_external,119.0,85.115204,21.84413146972656,148.3862762451172,0.9,medium,no,90.26337,87.88194,78.47755,0.034556914,0.66249657,0.30294648,0.5600588842767927,yes,10.017577,8.810133,25.23805,4.472033,0.041101277,lspgmoe-v4.0,frozen_v4_0_auxiliary_reference
ZS_EXT_5F16141B2E06,EXT_5F16141B2E06,OPEN_CROSS_MATERIAL_2026,SFC_5F7F48BBA35E,LIQ_0F4168490E,zero_shot,prospective_open_external,120.0,85.115204,21.84413146972656,148.3862762451172,0.9,medium,no,90.26337,87.88194,78.47755,0.034556914,0.66249657,0.30294648,0.5600588842767927,yes,10.017577,8.810133,25.23805,4.472033,0.041101277,lspgmoe-v4.0,frozen_v4_0_auxiliary_reference
ZS_EXT_3AA83287CAB2,EXT_3AA83287CAB2,OPEN_CROSS_MATERIAL_2026,SFC_5ED24325E10A,LIQ_0F4168490E,zero_shot,prospective_open_external,130.0,85.115204,21.84413146972656,148.3862762451172,0.9,medium,no,90.26337,87.88194,78.47755,0.034556914,0.66249657,0.30294648,0.5600588842767927,yes,10.017577,8.810133,25.23805,4.472033,0.041101277,lspgmoe-v4.0,frozen_v4_0_auxiliary_reference
ZS_EXT_EB30F6366EC8,EXT_EB30F6366EC8,OPEN_CROSS_MATERIAL_2026,SFC_D5CB19B7A059,LIQ_0F4168490E,zero_shot,prospective_open_external,130.0,85.115204,21.84413146972656,148.3862762451172,0.9,medium,no,90.26337,87.88194,78.47755,0.034556914,0.66249657,0.30294648,0.5600588842767927,yes,10.017577,8.810133,25.23805,4.472033,0.041101277,lspgmoe-v4.0,frozen_v4_0_auxiliary_reference
ZS_EXT_F6AC65D6E178,EXT_F6AC65D6E178,OPEN_CROSS_MATERIAL_2026,SFC_A2FC0BD30E3E,LIQ_0F4168490E,zero_shot,prospective_open_external,130.1,85.115204,21.84413146972656,148.3862762451172,0.9,medium,no,90.26337,87.88194,78.47755,0.034556914,0.66249657,0.30294648,0.5600588842767927,yes,10.017577,8.810133,25.23805,4.472033,0.041101277,lspgmoe-v4.0,frozen_v4_0_auxiliary_reference
ZS_EXT_AD867DED8067,EXT_AD867DED8067,OPEN_CROSS_MATERIAL_2026,SFC_BB30AA0AE8D6,LIQ_0F4168490E,zero_shot,prospective_open_external,134.1,85.115204,21.84413146972656,148.3862762451172,0.9,medium,no,90.26337,87.88194,78.47755,0.034556914,0.66249657,0.30294648,0.5600588842767927,yes,10.017577,8.810133,25.23805,4.472033,0.041101277,lspgmoe-v4.0,frozen_v4_0_auxiliary_reference
ZS_EXT_DE77FB0D32E3,EXT_DE77FB0D32E3,OPEN_CROSS_MATERIAL_2026,SFC_5D474B7F127E,LIQ_0F4168490E,zero_shot,prospective_open_external,138.0,85.115204,21.84413146972656,148.3862762451172,0.9,medium,no,90.26337,87.88194,78.47755,0.034556914,0.66249657,0.30294648,0.5600588842767927,yes,10.017577,8.810133,25.23805,4.472033,0.041101277,lspgmoe-v4.0,frozen_v4_0_auxiliary_reference
ZS_EXT_A1DD6DB9C693,EXT_A1DD6DB9C693,OPEN_CROSS_MATERIAL_2026,SFC_5774779C7E4E,LIQ_0F4168490E,zero_shot,prospective_open_external,140.0,85.115204,21.84413146972656,148.3862762451172,0.9,medium,no,90.26337,87.88194,78.47755,0.034556914,0.66249657,0.30294648,0.5600588842767927,yes,10.017577,8.810133,25.23805,4.472033,0.041101277,lspgmoe-v4.0,frozen_v4_0_auxiliary_reference
ZS_EXT_D273452DCA87,EXT_D273452DCA87,OPEN_CROSS_MATERIAL_2026,SFC_8D0462C5653C,LIQ_0F4168490E,zero_shot,prospective_open_external,140.0,85.115204,21.84413146972656,148.3862762451172,0.9,medium,no,90.26337,87.88194,78.47755,0.034556914,0.66249657,0.30294648,0.5600588842767927,yes,10.017577,8.810133,25.23805,4.472033,0.041101277,lspgmoe-v4.0,frozen_v4_0_auxiliary_reference
ZS_EXT_5C964067DDB9,EXT_5C964067DDB9,OPEN_CROSS_MATERIAL_2026,SFC_008B5AD02DF3,LIQ_0F4168490E,zero_shot,prospective_open_external,140.8,85.115204,21.84413146972656,148.3862762451172,0.9,medium,no,90.26337,87.88194,78.47755,0.034556914,0.66249657,0.30294648,0.5600588842767927,yes,10.017577,8.810133,25.23805,4.472033,0.041101277,lspgmoe-v4.0,frozen_v4_0_auxiliary_reference
ZS_EXT_F5CA0CBE24C8,EXT_F5CA0CBE24C8,OPEN_CROSS_MATERIAL_2026,SFC_71537A54AC75,LIQ_0F4168490E,zero_shot,prospective_open_external,141.0,85.115204,21.84413146972656,148.3862762451172,0.9,medium,no,90.26337,87.88194,78.47755,0.034556914,0.66249657,0.30294648,0.5600588842767927,yes,10.017577,8.810133,25.23805,4.472033,0.041101277,lspgmoe-v4.0,frozen_v4_0_auxiliary_reference
ZS_EXT_08D2B3E3D155,EXT_08D2B3E3D155,OPEN_CROSS_MATERIAL_2026,SFC_BD28F27D1B1C,LIQ_0F4168490E,zero_shot,prospective_open_external,142.5,85.115204,21.84413146972656,148.3862762451172,0.9,medium,no,90.26337,87.88194,78.47755,0.034556914,0.66249657,0.30294648,0.5600588842767927,yes,10.017577,8.810133,25.23805,4.472033,0.041101277,lspgmoe-v4.0,frozen_v4_0_auxiliary_reference
ZS_EXT_FDF0865FB056,EXT_FDF0865FB056,OPEN_CROSS_MATERIAL_2026,SFC_4B7DAC13B6CB,LIQ_0F4168490E,zero_shot,prospective_open_external,150.0,85.115204,21.84413146972656,148.3862762451172,0.9,medium,no,90.26337,87.88194,78.47755,0.034556914,0.66249657,0.30294648,0.5600588842767927,yes,10.017577,8.810133,25.23805,4.472033,0.041101277,lspgmoe-v4.0,frozen_v4_0_auxiliary_reference
ZS_EXT_BE98BFBCE0AB,EXT_BE98BFBCE0AB,OPEN_CROSS_MATERIAL_2026,SFC_5D72E873B03B,LIQ_0F4168490E,zero_shot,prospective_open_external,150.0,85.115204,21.84413146972656,148.3862762451172,0.9,medium,no,90.26337,87.88194,78.47755,0.034556914,0.66249657,0.30294648,0.5600588842767927,yes,10.017577,8.810133,25.23805,4.472033,0.041101277,lspgmoe-v4.0,frozen_v4_0_auxiliary_reference
ZS_EXT_DA7362055C35,EXT_DA7362055C35,OPEN_CROSS_MATERIAL_2026,SFC_78D38330E7A9,LIQ_0F4168490E,zero_shot,prospective_open_external,150.0,85.115204,21.84413146972656,148.3862762451172,0.9,medium,no,90.26337,87.88194,78.47755,0.034556914,0.66249657,0.30294648,0.5600588842767927,yes,10.017577,8.810133,25.23805,4.472033,0.041101277,lspgmoe-v4.0,frozen_v4_0_auxiliary_reference
ZS_EXT_CE8A8FA61210,EXT_CE8A8FA61210,OPEN_CROSS_MATERIAL_2026,SFC_6B46DE746EC7,LIQ_0F4168490E,zero_shot,prospective_open_external,150.0,85.115204,21.84413146972656,148.3862762451172,0.9,medium,no,90.26337,87.88194,78.47755,0.034556914,0.66249657,0.30294648,0.5600588842767927,yes,10.017577,8.810133,25.23805,4.472033,0.041101277,lspgmoe-v4.0,frozen_v4_0_auxiliary_reference
ZS_EXT_2F6CF8AC16F3,EXT_2F6CF8AC16F3,OPEN_CROSS_MATERIAL_2026,SFC_2323C916D9CA,LIQ_0F4168490E,zero_shot,prospective_open_external,150.5,85.115204,21.84413146972656,148.3862762451172,0.9,medium,no,90.26337,87.88194,78.47755,0.034556914,0.66249657,0.30294648,0.5600588842767927,yes,10.017577,8.810133,25.23805,4.472033,0.041101277,lspgmoe-v4.0,frozen_v4_0_auxiliary_reference
ZS_EXT_8D650D7B5C3B,EXT_8D650D7B5C3B,OPEN_CROSS_MATERIAL_2026,SFC_807168F787F5,LIQ_0F4168490E,zero_shot,prospective_open_external,150.0,85.115204,21.84413146972656,148.3862762451172,0.9,medium,no,90.26337,87.88194,78.47755,0.034556914,0.66249657,0.30294648,0.5600588842767927,yes,10.017577,8.810133,25.23805,4.472033,0.041101277,lspgmoe-v4.0,frozen_v4_0_auxiliary_reference
ZS_EXT_568E7197F0F4,EXT_568E7197F0F4,OPEN_CROSS_MATERIAL_2026,SFC_01C5DA91E115,LIQ_0F4168490E,zero_shot,prospective_open_external,150.0,85.115204,21.84413146972656,148.3862762451172,0.9,medium,no,90.26337,87.88194,78.47755,0.034556914,0.66249657,0.30294648,0.5600588842767927,yes,10.017577,8.810133,25.23805,4.472033,0.041101277,lspgmoe-v4.0,frozen_v4_0_auxiliary_reference
ZS_EXT_D271DBB89E1C,EXT_D271DBB89E1C,OPEN_CROSS_MATERIAL_2026,SFC_C09DABED6453,LIQ_0F4168490E,zero_shot,prospective_open_external,151.0,85.115204,21.84413146972656,148.3862762451172,0.9,medium,no,90.26337,87.88194,78.47755,0.034556914,0.66249657,0.30294648,0.5600588842767927,yes,10.017577,8.810133,25.23805,4.472033,0.041101277,lspgmoe-v4.0,frozen_v4_0_auxiliary_reference
ZS_EXT_D75887E14A30,EXT_D75887E14A30,OPEN_CROSS_MATERIAL_2026,SFC_40D416367ED5,LIQ_0F4168490E,zero_shot,prospective_open_external,152.3,85.115204,21.84413146972656,148.3862762451172,0.9,medium,no,90.26337,87.88194,78.47755,0.034556914,0.66249657,0.30294648,0.5600588842767927,yes,10.017577,8.810133,25.23805,4.472033,0.041101277,lspgmoe-v4.0,frozen_v4_0_auxiliary_reference
ZS_EXT_F2EF45E9B6C8,EXT_F2EF45E9B6C8,OPEN_CROSS_MATERIAL_2026,SFC_893F8367669D,LIQ_0F4168490E,zero_shot,prospective_open_external,155.4,85.115204,21.84413146972656,148.3862762451172,0.9,medium,no,90.26337,87.88194,78.47755,0.034556914,0.66249657,0.30294648,0.5600588842767927,yes,10.017577,8.810133,25.23805,4.472033,0.041101277,lspgmoe-v4.0,frozen_v4_0_auxiliary_reference
ZS_EXT_5BBBEA92BD69,EXT_5BBBEA92BD69,OPEN_CROSS_MATERIAL_2026,SFC_10AE4DFE50CE,LIQ_0F4168490E,zero_shot,prospective_open_external,158.0,85.115204,21.84413146972656,148.3862762451172,0.9,medium,no,90.26337,87.88194,78.47755,0.034556914,0.66249657,0.30294648,0.5600588842767927,yes,10.017577,8.810133,25.23805,4.472033,0.041101277,lspgmoe-v4.0,frozen_v4_0_auxiliary_reference
ZS_EXT_6A99656CDA81,EXT_6A99656CDA81,OPEN_CROSS_MATERIAL_2026,SFC_D382AE2DA4CA,LIQ_0F4168490E,zero_shot,prospective_open_external,160.0,85.115204,21.84413146972656,148.3862762451172,0.9,medium,no,90.26337,87.88194,78.47755,0.034556914,0.66249657,0.30294648,0.5600588842767927,yes,10.017577,8.810133,25.23805,4.472033,0.041101277,lspgmoe-v4.0,frozen_v4_0_auxiliary_reference
ZS_EXT_DAD3265356DE,EXT_DAD3265356DE,OPEN_CROSS_MATERIAL_2026,SFC_3D43AF072E6D,LIQ_0F4168490E,zero_shot,prospective_open_external,160.0,85.115204,21.84413146972656,148.3862762451172,0.9,medium,no,90.26337,87.88194,78.47755,0.034556914,0.66249657,0.30294648,0.5600588842767927,yes,10.017577,8.810133,25.23805,4.472033,0.041101277,lspgmoe-v4.0,frozen_v4_0_auxiliary_reference
ZS_EXT_22311927D024,EXT_22311927D024,OPEN_CROSS_MATERIAL_2026,SFC_D9DD5BCDEBD2,LIQ_0F4168490E,zero_shot,prospective_open_external,161.1,85.115204,21.84413146972656,148.3862762451172,0.9,medium,no,90.26337,87.88194,78.47755,0.034556914,0.66249657,0.30294648,0.5600588842767927,yes,10.017577,8.810133,25.23805,4.472033,0.041101277,lspgmoe-v4.0,frozen_v4_0_auxiliary_reference
ZS_EXT_3C62AEFD5348,EXT_3C62AEFD5348,OPEN_CROSS_MATERIAL_2026,SFC_E366C485FD23,LIQ_0F4168490E,zero_shot,prospective_open_external,166.0,85.115204,21.84413146972656,148.3862762451172,0.9,medium,no,90.26337,87.88194,78.47755,0.034556914,0.66249657,0.30294648,0.5600588842767927,yes,10.017577,8.810133,25.23805,4.472033,0.041101277,lspgmoe-v4.0,frozen_v4_0_auxiliary_reference
ZS_EXT_8D21E62DB309,EXT_8D21E62DB309,OPEN_CROSS_MATERIAL_2026,SFC_D1DB5176E829,LIQ_0F4168490E,zero_shot,prospective_open_external,166.0,85.115204,21.84413146972656,148.3862762451172,0.9,medium,no,90.26337,87.88194,78.47755,0.034556914,0.66249657,0.30294648,0.5600588842767927,yes,10.017577,8.810133,25.23805,4.472033,0.041101277,lspgmoe-v4.0,frozen_v4_0_auxiliary_reference
ZS_EXT_2481B8573EB1,EXT_2481B8573EB1,OPEN_CROSS_MATERIAL_2026,SFC_5C7869425C1B,LIQ_0F4168490E,zero_shot,prospective_open_external,170.0,85.115204,21.84413146972656,148.3862762451172,0.9,medium,no,90.26337,87.88194,78.47755,0.034556914,0.66249657,0.30294648,0.5600588842767927,yes,10.017577,8.810133,25.23805,4.472033,0.041101277,lspgmoe-v4.0,frozen_v4_0_auxiliary_reference
ZS_EXT_DF28A6DCCE52,EXT_DF28A6DCCE52,OPEN_CROSS_MATERIAL_2026,SFC_4A211D37EBCC,LIQ_0F4168490E,zero_shot,prospective_open_external,172.5,85.115204,21.84413146972656,148.3862762451172,0.9,medium,no,90.26337,87.88194,78.47755,0.034556914,0.66249657,0.30294648,0.5600588842767927,yes,10.017577,8.810133,25.23805,4.472033,0.041101277,lspgmoe-v4.0,frozen_v4_0_auxiliary_reference
ZS_EXT_7112F46F959D,EXT_7112F46F959D,OPEN_CROSS_MATERIAL_2026,SFC_E45DCD7FEE37,LIQ_0F4168490E,zero_shot,prospective_open_external,174.0,85.115204,21.84413146972656,148.3862762451172,0.9,medium,no,90.26337,87.88194,78.47755,0.034556914,0.66249657,0.30294648,0.5600588842767927,yes,10.017577,8.810133,25.23805,4.472033,0.041101277,lspgmoe-v4.0,frozen_v4_0_auxiliary_reference
ZS_EXT_CD007E6F73D6,EXT_CD007E6F73D6,OPEN_POLYMER_SURFACES_2023,SFC_D997DF0085DF,LIQ_0F4168490E,zero_shot,prospective_open_external,56.0,85.39929,22.128219604492188,148.6703643798828,0.9,medium,no,83.92601,82.67665,91.521355,0.034556914,0.66249657,0.30294648,0.5600588842767927,yes,11.062429,9.965654,23.76616,7.080069,0.021373285,lspgmoe-v4.0,frozen_v4_0_auxiliary_reference
ZS_EXT_0D45D9BA0074,EXT_0D45D9BA0074,OPEN_POLYMER_SURFACES_2023,SFC_D997DF0085DF,LIQ_1BD1B94C09,zero_shot,prospective_open_external,32.0,64.96623,1.695159912109375,128.2373046875,0.9,medium,no,64.49644,64.61781,65.781784,0.034556914,0.66249657,0.30294648,0.5908085743173248,yes,11.875544,9.519068,23.76616,7.080069,0.0007681921,lspgmoe-v4.0,frozen_v4_0_auxiliary_reference
ZS_EXT_297563844CCE,EXT_297563844CCE,OPEN_POLYMER_SURFACES_2023,SFC_D997DF0085DF,LIQ_6656B41AB7,zero_shot,prospective_open_external,25.0,62.452953,0.0,125.72402572631836,0.9,medium,no,68.72287,66.34992,53.21569,0.034556914,0.66249657,0.30294648,0.5600588842767927,yes,6.8752694,9.815883,23.76616,7.080069,0.038662333,lspgmoe-v4.0,frozen_v4_0_auxiliary_reference
ZS_EXT_B5BBE06381DD,EXT_B5BBE06381DD,OPEN_POLYMER_SURFACES_2023,SFC_874E84FC80A7,LIQ_0F4168490E,zero_shot,prospective_open_external,60.0,85.39929,22.128219604492188,148.6703643798828,0.9,medium,no,83.92601,82.67665,91.521355,0.034556914,0.66249657,0.30294648,0.5600588842767927,yes,11.062429,9.965654,23.76616,7.080069,0.021373285,lspgmoe-v4.0,frozen_v4_0_auxiliary_reference
ZS_EXT_CF2DEF31E69A,EXT_CF2DEF31E69A,OPEN_POLYMER_SURFACES_2023,SFC_874E84FC80A7,LIQ_1BD1B94C09,zero_shot,prospective_open_external,43.0,64.96623,1.695159912109375,128.2373046875,0.9,medium,no,64.49644,64.61781,65.781784,0.034556914,0.66249657,0.30294648,0.5908085743173248,yes,11.875544,9.519068,23.76616,7.080069,0.0007681921,lspgmoe-v4.0,frozen_v4_0_auxiliary_reference
ZS_EXT_04AB24A5BB0A,EXT_04AB24A5BB0A,OPEN_POLYMER_SURFACES_2023,SFC_874E84FC80A7,LIQ_6656B41AB7,zero_shot,prospective_open_external,41.0,62.452953,0.0,125.72402572631836,0.9,medium,no,68.72287,66.34992,53.21569,0.034556914,0.66249657,0.30294648,0.5600588842767927,yes,6.8752694,9.815883,23.76616,7.080069,0.038662333,lspgmoe-v4.0,frozen_v4_0_auxiliary_reference
ZS_EXT_1924C779E86F,EXT_1924C779E86F,OPEN_POLYMER_SURFACES_2023,SFC_E066D95CCC78,LIQ_0F4168490E,zero_shot,prospective_open_external,82.0,85.39929,22.128219604492188,148.6703643798828,0.9,medium,no,83.92601,82.67665,91.521355,0.034556914,0.66249657,0.30294648,0.5600588842767927,yes,11.062429,9.965654,23.76616,7.080069,0.021373285,lspgmoe-v4.0,frozen_v4_0_auxiliary_reference
ZS_EXT_D02ABE046CF1,EXT_D02ABE046CF1,OPEN_POLYMER_SURFACES_2023,SFC_E066D95CCC78,LIQ_1BD1B94C09,zero_shot,prospective_open_external,61.0,64.96623,1.695159912109375,128.2373046875,0.9,medium,no,64.49644,64.61781,65.781784,0.034556914,0.66249657,0.30294648,0.5908085743173248,yes,11.875544,9.519068,23.76616,7.080069,0.0007681921,lspgmoe-v4.0,frozen_v4_0_auxiliary_reference
ZS_EXT_B6135F6CB593,EXT_B6135F6CB593,OPEN_POLYMER_SURFACES_2023,SFC_E066D95CCC78,LIQ_6656B41AB7,zero_shot,prospective_open_external,32.0,62.452953,0.0,125.72402572631836,0.9,medium,no,68.72287,66.34992,53.21569,0.034556914,0.66249657,0.30294648,0.5600588842767927,yes,6.8752694,9.815883,23.76616,7.080069,0.038662333,lspgmoe-v4.0,frozen_v4_0_auxiliary_reference
ZS_EXT_59D01A9DD4A8,EXT_59D01A9DD4A8,OPEN_POLYMER_SURFACES_2023,SFC_AC4DDEECE3F7,LIQ_0F4168490E,zero_shot,prospective_open_external,70.0,85.39929,22.128219604492188,148.6703643798828,0.9,medium,no,83.92601,82.67665,91.521355,0.034556914,0.66249657,0.30294648,0.5600588842767927,yes,11.062429,9.965654,23.76616,7.080069,0.021373285,lspgmoe-v4.0,frozen_v4_0_auxiliary_reference
ZS_EXT_DA68FAFFF9C1,EXT_DA68FAFFF9C1,OPEN_POLYMER_SURFACES_2023,SFC_AC4DDEECE3F7,LIQ_1BD1B94C09,zero_shot,prospective_open_external,50.0,64.96623,1.695159912109375,128.2373046875,0.9,medium,no,64.49644,64.61781,65.781784,0.034556914,0.66249657,0.30294648,0.5908085743173248,yes,11.875544,9.519068,23.76616,7.080069,0.0007681921,lspgmoe-v4.0,frozen_v4_0_auxiliary_reference
ZS_EXT_BFC1FC4FCDFE,EXT_BFC1FC4FCDFE,OPEN_POLYMER_SURFACES_2023,SFC_AC4DDEECE3F7,LIQ_6656B41AB7,zero_shot,prospective_open_external,41.0,62.452953,0.0,125.72402572631836,0.9,medium,no,68.72287,66.34992,53.21569,0.034556914,0.66249657,0.30294648,0.5600588842767927,yes,6.8752694,9.815883,23.76616,7.080069,0.038662333,lspgmoe-v4.0,frozen_v4_0_auxiliary_reference
ZS_EXT_9320E89C123F,EXT_9320E89C123F,OPEN_POLYMER_SURFACES_2023,SFC_F0BFA31774A7,LIQ_0F4168490E,zero_shot,prospective_open_external,96.0,85.39929,22.128219604492188,148.6703643798828,0.9,medium,no,83.92601,82.67665,91.521355,0.034556914,0.66249657,0.30294648,0.5600588842767927,yes,11.062429,9.965654,23.76616,7.080069,0.021373285,lspgmoe-v4.0,frozen_v4_0_auxiliary_reference
ZS_EXT_61F8100551D0,EXT_61F8100551D0,OPEN_POLYMER_SURFACES_2023,SFC_F0BFA31774A7,LIQ_1BD1B94C09,zero_shot,prospective_open_external,54.0,64.96623,1.695159912109375,128.2373046875,0.9,medium,no,64.49644,64.61781,65.781784,0.034556914,0.66249657,0.30294648,0.5908085743173248,yes,11.875544,9.519068,23.76616,7.080069,0.0007681921,lspgmoe-v4.0,frozen_v4_0_auxiliary_reference
ZS_EXT_DA73FA01DE16,EXT_DA73FA01DE16,OPEN_POLYMER_SURFACES_2023,SFC_F0BFA31774A7,LIQ_6656B41AB7,zero_shot,prospective_open_external,34.0,62.452953,0.0,125.72402572631836,0.9,medium,no,68.72287,66.34992,53.21569,0.034556914,0.66249657,0.30294648,0.5600588842767927,yes,6.8752694,9.815883,23.76616,7.080069,0.038662333,lspgmoe-v4.0,frozen_v4_0_auxiliary_reference
ZS_EXT_E8887E8FA242,EXT_E8887E8FA242,OPEN_POLYMER_SURFACES_2023,SFC_619070545661,LIQ_0F4168490E,zero_shot,prospective_open_external,91.0,85.39929,22.128219604492188,148.6703643798828,0.9,medium,no,83.92601,82.67665,91.521355,0.034556914,0.66249657,0.30294648,0.5600588842767927,yes,11.062429,9.965654,23.76616,7.080069,0.021373285,lspgmoe-v4.0,frozen_v4_0_auxiliary_reference
ZS_EXT_2D6D530BDE66,EXT_2D6D530BDE66,OPEN_POLYMER_SURFACES_2023,SFC_619070545661,LIQ_1BD1B94C09,zero_shot,prospective_open_external,74.0,64.96623,1.695159912109375,128.2373046875,0.9,medium,no,64.49644,64.61781,65.781784,0.034556914,0.66249657,0.30294648,0.5908085743173248,yes,11.875544,9.519068,23.76616,7.080069,0.0007681921,lspgmoe-v4.0,frozen_v4_0_auxiliary_reference
ZS_EXT_0DF8EFC4C97A,EXT_0DF8EFC4C97A,OPEN_POLYMER_SURFACES_2023,SFC_619070545661,LIQ_6656B41AB7,zero_shot,prospective_open_external,35.0,62.452953,0.0,125.72402572631836,0.9,medium,no,68.72287,66.34992,53.21569,0.034556914,0.66249657,0.30294648,0.5600588842767927,yes,6.8752694,9.815883,23.76616,7.080069,0.038662333,lspgmoe-v4.0,frozen_v4_0_auxiliary_reference
ZS_EXT_398B369DB1D4,EXT_398B369DB1D4,OPEN_POLYMER_SURFACES_2023,SFC_FFE25A9A5A54,LIQ_0F4168490E,zero_shot,prospective_open_external,87.0,85.39929,22.128219604492188,148.6703643798828,0.9,medium,no,83.92601,82.67665,91.521355,0.034556914,0.66249657,0.30294648,0.5600588842767927,yes,11.062429,9.965654,23.76616,7.080069,0.021373285,lspgmoe-v4.0,frozen_v4_0_auxiliary_reference
ZS_EXT_4A1E7242F9DF,EXT_4A1E7242F9DF,OPEN_POLYMER_SURFACES_2023,SFC_FFE25A9A5A54,LIQ_1BD1B94C09,zero_shot,prospective_open_external,66.0,64.96623,1.695159912109375,128.2373046875,0.9,medium,no,64.49644,64.61781,65.781784,0.034556914,0.66249657,0.30294648,0.5908085743173248,yes,11.875544,9.519068,23.76616,7.080069,0.0007681921,lspgmoe-v4.0,frozen_v4_0_auxiliary_reference
ZS_EXT_C161311E1FB7,EXT_C161311E1FB7,OPEN_POLYMER_SURFACES_2023,SFC_FFE25A9A5A54,LIQ_6656B41AB7,zero_shot,prospective_open_external,36.0,62.452953,0.0,125.72402572631836,0.9,medium,no,68.72287,66.34992,53.21569,0.034556914,0.66249657,0.30294648,0.5600588842767927,yes,6.8752694,9.815883,23.76616,7.080069,0.038662333,lspgmoe-v4.0,frozen_v4_0_auxiliary_reference
ZS_EXT_D5FF9F67F45C,EXT_D5FF9F67F45C,OPEN_POLYMER_SURFACES_2023,SFC_1D7210C10C8C,LIQ_0F4168490E,zero_shot,prospective_open_external,81.0,85.39929,22.128219604492188,148.6703643798828,0.9,medium,no,83.92601,82.67665,91.521355,0.034556914,0.66249657,0.30294648,0.5600588842767927,yes,11.062429,9.965654,23.76616,7.080069,0.021373285,lspgmoe-v4.0,frozen_v4_0_auxiliary_reference
ZS_EXT_C9A4F8CA797A,EXT_C9A4F8CA797A,OPEN_POLYMER_SURFACES_2023,SFC_1D7210C10C8C,LIQ_1BD1B94C09,zero_shot,prospective_open_external,61.0,64.96623,1.695159912109375,128.2373046875,0.9,medium,no,64.49644,64.61781,65.781784,0.034556914,0.66249657,0.30294648,0.5908085743173248,yes,11.875544,9.519068,23.76616,7.080069,0.0007681921,lspgmoe-v4.0,frozen_v4_0_auxiliary_reference
ZS_EXT_BC643C3D7862,EXT_BC643C3D7862,OPEN_POLYMER_SURFACES_2023,SFC_1D7210C10C8C,LIQ_6656B41AB7,zero_shot,prospective_open_external,38.0,62.452953,0.0,125.72402572631836,0.9,medium,no,68.72287,66.34992,53.21569,0.034556914,0.66249657,0.30294648,0.5600588842767927,yes,6.8752694,9.815883,23.76616,7.080069,0.038662333,lspgmoe-v4.0,frozen_v4_0_auxiliary_reference
ZS_EXT_F80C8FA1754C,EXT_F80C8FA1754C,OPEN_POLYMER_SURFACES_2023,SFC_ECD42A787C67,LIQ_0F4168490E,zero_shot,prospective_open_external,71.0,85.39929,22.128219604492188,148.6703643798828,0.9,medium,no,83.92601,82.67665,91.521355,0.034556914,0.66249657,0.30294648,0.5600588842767927,yes,11.062429,9.965654,23.76616,7.080069,0.021373285,lspgmoe-v4.0,frozen_v4_0_auxiliary_reference
ZS_EXT_686D150BDAAF,EXT_686D150BDAAF,OPEN_POLYMER_SURFACES_2023,SFC_ECD42A787C67,LIQ_1BD1B94C09,zero_shot,prospective_open_external,59.0,64.96623,1.695159912109375,128.2373046875,0.9,medium,no,64.49644,64.61781,65.781784,0.034556914,0.66249657,0.30294648,0.5908085743173248,yes,11.875544,9.519068,23.76616,7.080069,0.0007681921,lspgmoe-v4.0,frozen_v4_0_auxiliary_reference
ZS_EXT_3D82C848D389,EXT_3D82C848D389,OPEN_POLYMER_SURFACES_2023,SFC_ECD42A787C67,LIQ_6656B41AB7,zero_shot,prospective_open_external,40.0,62.452953,0.0,125.72402572631836,0.9,medium,no,68.72287,66.34992,53.21569,0.034556914,0.66249657,0.30294648,0.5600588842767927,yes,6.8752694,9.815883,23.76616,7.080069,0.038662333,lspgmoe-v4.0,frozen_v4_0_auxiliary_reference
ZS_EXT_C03E4F87416F,EXT_C03E4F87416F,OPEN_POLYMER_SURFACES_2023,SFC_5648457375F3,LIQ_0F4168490E,zero_shot,prospective_open_external,80.0,85.39929,22.128219604492188,148.6703643798828,0.9,medium,no,83.92601,82.67665,91.521355,0.034556914,0.66249657,0.30294648,0.5600588842767927,yes,11.062429,9.965654,23.76616,7.080069,0.021373285,lspgmoe-v4.0,frozen_v4_0_auxiliary_reference
ZS_EXT_B4AB0610DC8D,EXT_B4AB0610DC8D,OPEN_POLYMER_SURFACES_2023,SFC_5648457375F3,LIQ_1BD1B94C09,zero_shot,prospective_open_external,54.0,64.96623,1.695159912109375,128.2373046875,0.9,medium,no,64.49644,64.61781,65.781784,0.034556914,0.66249657,0.30294648,0.5908085743173248,yes,11.875544,9.519068,23.76616,7.080069,0.0007681921,lspgmoe-v4.0,frozen_v4_0_auxiliary_reference
ZS_EXT_8EC71DE1D3C8,EXT_8EC71DE1D3C8,OPEN_POLYMER_SURFACES_2023,SFC_5648457375F3,LIQ_6656B41AB7,zero_shot,prospective_open_external,49.0,62.452953,0.0,125.72402572631836,0.9,medium,no,68.72287,66.34992,53.21569,0.034556914,0.66249657,0.30294648,0.5600588842767927,yes,6.8752694,9.815883,23.76616,7.080069,0.038662333,lspgmoe-v4.0,frozen_v4_0_auxiliary_reference
ZS_EXT_D8FBAAD59B4B,EXT_D8FBAAD59B4B,OPEN_POLYMER_SURFACES_2023,SFC_4CBC1B4A127C,LIQ_0F4168490E,zero_shot,prospective_open_external,102.0,85.39929,22.128219604492188,148.6703643798828,0.9,medium,no,83.92601,82.67665,91.521355,0.034556914,0.66249657,0.30294648,0.5600588842767927,yes,11.062429,9.965654,23.76616,7.080069,0.021373285,lspgmoe-v4.0,frozen_v4_0_auxiliary_reference
ZS_EXT_1DC596480B9E,EXT_1DC596480B9E,OPEN_POLYMER_SURFACES_2023,SFC_4CBC1B4A127C,LIQ_1BD1B94C09,zero_shot,prospective_open_external,85.0,64.96623,1.695159912109375,128.2373046875,0.9,medium,no,64.49644,64.61781,65.781784,0.034556914,0.66249657,0.30294648,0.5908085743173248,yes,11.875544,9.519068,23.76616,7.080069,0.0007681921,lspgmoe-v4.0,frozen_v4_0_auxiliary_reference
ZS_EXT_A3F4030D6CB1,EXT_A3F4030D6CB1,OPEN_POLYMER_SURFACES_2023,SFC_4CBC1B4A127C,LIQ_6656B41AB7,zero_shot,prospective_open_external,53.0,62.452953,0.0,125.72402572631836,0.9,medium,no,68.72287,66.34992,53.21569,0.034556914,0.66249657,0.30294648,0.5600588842767927,yes,6.8752694,9.815883,23.76616,7.080069,0.038662333,lspgmoe-v4.0,frozen_v4_0_auxiliary_reference
ZS_EXT_31D988D57B38,EXT_31D988D57B38,OPEN_POLYMER_SURFACES_2023,SFC_4BD23D0F3546,LIQ_0F4168490E,zero_shot,prospective_open_external,82.0,85.39929,22.128219604492188,148.6703643798828,0.9,medium,no,83.92601,82.67665,91.521355,0.034556914,0.66249657,0.30294648,0.5600588842767927,yes,11.062429,9.965654,23.76616,7.080069,0.021373285,lspgmoe-v4.0,frozen_v4_0_auxiliary_reference
ZS_EXT_CA5F8E2A53C2,EXT_CA5F8E2A53C2,OPEN_POLYMER_SURFACES_2023,SFC_4BD23D0F3546,LIQ_1BD1B94C09,zero_shot,prospective_open_external,59.0,64.96623,1.695159912109375,128.2373046875,0.9,medium,no,64.49644,64.61781,65.781784,0.034556914,0.66249657,0.30294648,0.5908085743173248,yes,11.875544,9.519068,23.76616,7.080069,0.0007681921,lspgmoe-v4.0,frozen_v4_0_auxiliary_reference
ZS_EXT_C03F819C4B66,EXT_C03F819C4B66,OPEN_POLYMER_SURFACES_2023,SFC_4BD23D0F3546,LIQ_6656B41AB7,zero_shot,prospective_open_external,63.0,62.452953,0.0,125.72402572631836,0.9,medium,no,68.72287,66.34992,53.21569,0.034556914,0.66249657,0.30294648,0.5600588842767927,yes,6.8752694,9.815883,23.76616,7.080069,0.038662333,lspgmoe-v4.0,frozen_v4_0_auxiliary_reference
ZS_EXT_FD5F6987DAB6,EXT_FD5F6987DAB6,OPEN_POLYMER_SURFACES_2023,SFC_A65652A71181,LIQ_0F4168490E,zero_shot,prospective_open_external,102.0,85.39929,22.128219604492188,148.6703643798828,0.9,medium,no,83.92601,82.67665,91.521355,0.034556914,0.66249657,0.30294648,0.5600588842767927,yes,11.062429,9.965654,23.76616,7.080069,0.021373285,lspgmoe-v4.0,frozen_v4_0_auxiliary_reference
ZS_EXT_4BF4B6EE2A48,EXT_4BF4B6EE2A48,OPEN_POLYMER_SURFACES_2023,SFC_A65652A71181,LIQ_1BD1B94C09,zero_shot,prospective_open_external,82.0,64.96623,1.695159912109375,128.2373046875,0.9,medium,no,64.49644,64.61781,65.781784,0.034556914,0.66249657,0.30294648,0.5908085743173248,yes,11.875544,9.519068,23.76616,7.080069,0.0007681921,lspgmoe-v4.0,frozen_v4_0_auxiliary_reference
ZS_EXT_63529BCBF35A,EXT_63529BCBF35A,OPEN_POLYMER_SURFACES_2023,SFC_A65652A71181,LIQ_6656B41AB7,zero_shot,prospective_open_external,55.0,62.452953,0.0,125.72402572631836,0.9,medium,no,68.72287,66.34992,53.21569,0.034556914,0.66249657,0.30294648,0.5600588842767927,yes,6.8752694,9.815883,23.76616,7.080069,0.038662333,lspgmoe-v4.0,frozen_v4_0_auxiliary_reference
ZS_EXT_9FD20D27EB85,EXT_9FD20D27EB85,OPEN_POLYMER_SURFACES_2023,SFC_D9EFE53A22B1,LIQ_0F4168490E,zero_shot,prospective_open_external,95.0,85.39929,22.128219604492188,148.6703643798828,0.9,medium,no,83.92601,82.67665,91.521355,0.034556914,0.66249657,0.30294648,0.5600588842767927,yes,11.062429,9.965654,23.76616,7.080069,0.021373285,lspgmoe-v4.0,frozen_v4_0_auxiliary_reference
ZS_EXT_B9EFF76773A7,EXT_B9EFF76773A7,OPEN_POLYMER_SURFACES_2023,SFC_D9EFE53A22B1,LIQ_1BD1B94C09,zero_shot,prospective_open_external,77.0,64.96623,1.695159912109375,128.2373046875,0.9,medium,no,64.49644,64.61781,65.781784,0.034556914,0.66249657,0.30294648,0.5908085743173248,yes,11.875544,9.519068,23.76616,7.080069,0.0007681921,lspgmoe-v4.0,frozen_v4_0_auxiliary_reference
ZS_EXT_525C8E3D6CD6,EXT_525C8E3D6CD6,OPEN_POLYMER_SURFACES_2023,SFC_D9EFE53A22B1,LIQ_6656B41AB7,zero_shot,prospective_open_external,56.0,62.452953,0.0,125.72402572631836,0.9,medium,no,68.72287,66.34992,53.21569,0.034556914,0.66249657,0.30294648,0.5600588842767927,yes,6.8752694,9.815883,23.76616,7.080069,0.038662333,lspgmoe-v4.0,frozen_v4_0_auxiliary_reference
ZS_EXT_61408262103D,EXT_61408262103D,OPEN_POLYMER_SURFACES_2023,SFC_6353761F5CC5,LIQ_0F4168490E,zero_shot,prospective_open_external,98.0,85.39929,22.128219604492188,148.6703643798828,0.9,medium,no,83.92601,82.67665,91.521355,0.034556914,0.66249657,0.30294648,0.5600588842767927,yes,11.062429,9.965654,23.76616,7.080069,0.021373285,lspgmoe-v4.0,frozen_v4_0_auxiliary_reference
ZS_EXT_6A1E54C20CCE,EXT_6A1E54C20CCE,OPEN_POLYMER_SURFACES_2023,SFC_6353761F5CC5,LIQ_1BD1B94C09,zero_shot,prospective_open_external,78.0,64.96623,1.695159912109375,128.2373046875,0.9,medium,no,64.49644,64.61781,65.781784,0.034556914,0.66249657,0.30294648,0.5908085743173248,yes,11.875544,9.519068,23.76616,7.080069,0.0007681921,lspgmoe-v4.0,frozen_v4_0_auxiliary_reference
ZS_EXT_981E9EC8865E,EXT_981E9EC8865E,OPEN_POLYMER_SURFACES_2023,SFC_6353761F5CC5,LIQ_6656B41AB7,zero_shot,prospective_open_external,63.0,62.452953,0.0,125.72402572631836,0.9,medium,no,68.72287,66.34992,53.21569,0.034556914,0.66249657,0.30294648,0.5600588842767927,yes,6.8752694,9.815883,23.76616,7.080069,0.038662333,lspgmoe-v4.0,frozen_v4_0_auxiliary_reference
ZS_EXT_8A8E3AAF6896,EXT_8A8E3AAF6896,OPEN_POLYMER_SURFACES_2023,SFC_A66B59B95A03,LIQ_0F4168490E,zero_shot,prospective_open_external,92.0,85.39929,22.128219604492188,148.6703643798828,0.9,medium,no,83.92601,82.67665,91.521355,0.034556914,0.66249657,0.30294648,0.5600588842767927,yes,11.062429,9.965654,23.76616,7.080069,0.021373285,lspgmoe-v4.0,frozen_v4_0_auxiliary_reference
ZS_EXT_80357B8C920D,EXT_80357B8C920D,OPEN_POLYMER_SURFACES_2023,SFC_A66B59B95A03,LIQ_1BD1B94C09,zero_shot,prospective_open_external,76.0,64.96623,1.695159912109375,128.2373046875,0.9,medium,no,64.49644,64.61781,65.781784,0.034556914,0.66249657,0.30294648,0.5908085743173248,yes,11.875544,9.519068,23.76616,7.080069,0.0007681921,lspgmoe-v4.0,frozen_v4_0_auxiliary_reference
ZS_EXT_C6419C1CBA62,EXT_C6419C1CBA62,OPEN_POLYMER_SURFACES_2023,SFC_A66B59B95A03,LIQ_6656B41AB7,zero_shot,prospective_open_external,71.0,62.452953,0.0,125.72402572631836,0.9,medium,no,68.72287,66.34992,53.21569,0.034556914,0.66249657,0.30294648,0.5600588842767927,yes,6.8752694,9.815883,23.76616,7.080069,0.038662333,lspgmoe-v4.0,frozen_v4_0_auxiliary_reference
ZS_EXT_7720DE638AE3,EXT_7720DE638AE3,OPEN_POLYMER_SURFACES_2023,SFC_62075C90581B,LIQ_0F4168490E,zero_shot,prospective_open_external,108.0,85.39929,22.128219604492188,148.6703643798828,0.9,medium,no,83.92601,82.67665,91.521355,0.034556914,0.66249657,0.30294648,0.5600588842767927,yes,11.062429,9.965654,23.76616,7.080069,0.021373285,lspgmoe-v4.0,frozen_v4_0_auxiliary_reference
ZS_EXT_8E3054DE5097,EXT_8E3054DE5097,OPEN_POLYMER_SURFACES_2023,SFC_62075C90581B,LIQ_1BD1B94C09,zero_shot,prospective_open_external,92.0,64.96623,1.695159912109375,128.2373046875,0.9,medium,no,64.49644,64.61781,65.781784,0.034556914,0.66249657,0.30294648,0.5908085743173248,yes,11.875544,9.519068,23.76616,7.080069,0.0007681921,lspgmoe-v4.0,frozen_v4_0_auxiliary_reference
ZS_EXT_BC1C15EECE17,EXT_BC1C15EECE17,OPEN_POLYMER_SURFACES_2023,SFC_62075C90581B,LIQ_6656B41AB7,zero_shot,prospective_open_external,88.0,62.452953,0.0,125.72402572631836,0.9,medium,no,68.72287,66.34992,53.21569,0.034556914,0.66249657,0.30294648,0.5600588842767927,yes,6.8752694,9.815883,23.76616,7.080069,0.038662333,lspgmoe-v4.0,frozen_v4_0_auxiliary_reference
ZS_EXT_49AD89E9F838,EXT_49AD89E9F838,OPEN_POLYMER_SURFACES_2023,SFC_36EF2E368C84,LIQ_0F4168490E,zero_shot,prospective_open_external,125.0,85.39929,22.128219604492188,148.6703643798828,0.9,medium,no,83.92601,82.67665,91.521355,0.034556914,0.66249657,0.30294648,0.5600588842767927,yes,11.062429,9.965654,23.76616,7.080069,0.021373285,lspgmoe-v4.0,frozen_v4_0_auxiliary_reference
ZS_EXT_650589542FBB,EXT_650589542FBB,OPEN_POLYMER_SURFACES_2023,SFC_36EF2E368C84,LIQ_1BD1B94C09,zero_shot,prospective_open_external,109.0,64.96623,1.695159912109375,128.2373046875,0.9,medium,no,64.49644,64.61781,65.781784,0.034556914,0.66249657,0.30294648,0.5908085743173248,yes,11.875544,9.519068,23.76616,7.080069,0.0007681921,lspgmoe-v4.0,frozen_v4_0_auxiliary_reference
ZS_EXT_C92CA45A6370,EXT_C92CA45A6370,OPEN_POLYMER_SURFACES_2023,SFC_36EF2E368C84,LIQ_6656B41AB7,zero_shot,prospective_open_external,104.0,62.452953,0.0,125.72402572631836,0.9,medium,no,68.72287,66.34992,53.21569,0.034556914,0.66249657,0.30294648,0.5600588842767927,yes,6.8752694,9.815883,23.76616,7.080069,0.038662333,lspgmoe-v4.0,frozen_v4_0_auxiliary_reference
ZS_EXT_C52AF747E8BF,EXT_C52AF747E8BF,OPEN_TEXTILE_ANTI_WETTING_2019,SFC_70D1A1076BBD,LIQ_0F4168490E,zero_shot,prospective_open_external,0.0,93.679344,30.40827178955078,156.9504165649414,0.9,medium,no,91.618675,91.05116,99.66184,0.034556914,0.66249657,0.30294648,0.5600588842767927,yes,9.832968,9.136193,25.70719,4.1214886,0.010260271,lspgmoe-v4.0,frozen_v4_0_auxiliary_reference
ZS_EXT_1366AD9E4A11,EXT_1366AD9E4A11,OPEN_TEXTILE_ANTI_WETTING_2019,SFC_70D1A1076BBD,LIQ_1BD1B94C09,zero_shot,prospective_open_external,0.0,69.00564,5.734565734863281,132.2767105102539,0.9,medium,no,69.6253,70.05904,66.63135,0.034556914,0.66249657,0.30294648,0.5909721707245172,yes,8.833363,9.388364,25.70719,4.1214886,-0.0054980055,lspgmoe-v4.0,frozen_v4_0_auxiliary_reference
ZS_EXT_B099AADD9565,EXT_B099AADD9565,OPEN_TEXTILE_ANTI_WETTING_2019,SFC_70D1A1076BBD,LIQ_6656B41AB7,zero_shot,prospective_open_external,50.0,59.27282,0.0,122.54389190673828,0.9,medium,no,65.01073,62.558266,51.43354,0.034556914,0.66249657,0.30294648,0.5600588842767927,yes,2.1229079,9.853441,25.70719,4.1214886,0.03879721,lspgmoe-v4.0,frozen_v4_0_auxiliary_reference
ZS_EXT_FA599DFEA153,EXT_FA599DFEA153,OPEN_TEXTILE_ANTI_WETTING_2019,SFC_B23DE8940451,LIQ_0F4168490E,zero_shot,prospective_open_external,107.0,93.679344,30.40827178955078,156.9504165649414,0.9,medium,no,91.618675,91.05116,99.66184,0.034556914,0.66249657,0.30294648,0.5600588842767927,yes,9.832968,9.136193,25.70719,4.1214886,0.010260271,lspgmoe-v4.0,frozen_v4_0_auxiliary_reference
ZS_EXT_77B7B95A656C,EXT_77B7B95A656C,OPEN_TEXTILE_ANTI_WETTING_2019,SFC_B23DE8940451,LIQ_1BD1B94C09,zero_shot,prospective_open_external,105.0,69.00564,5.734565734863281,132.2767105102539,0.9,medium,no,69.6253,70.05904,66.63135,0.034556914,0.66249657,0.30294648,0.5909721707245172,yes,8.833363,9.388364,25.70719,4.1214886,-0.0054980055,lspgmoe-v4.0,frozen_v4_0_auxiliary_reference
ZS_EXT_5AF9983FF446,EXT_5AF9983FF446,OPEN_TEXTILE_ANTI_WETTING_2019,SFC_B23DE8940451,LIQ_6656B41AB7,zero_shot,prospective_open_external,94.0,59.27282,0.0,122.54389190673828,0.9,medium,no,65.01073,62.558266,51.43354,0.034556914,0.66249657,0.30294648,0.5600588842767927,yes,2.1229079,9.853441,25.70719,4.1214886,0.03879721,lspgmoe-v4.0,frozen_v4_0_auxiliary_reference
ZS_EXT_B067D03F4F2E,EXT_B067D03F4F2E,OPEN_TEXTILE_ANTI_WETTING_2019,SFC_C90D1535E78D,LIQ_0F4168490E,zero_shot,prospective_open_external,101.0,93.679344,30.40827178955078,156.9504165649414,0.9,medium,no,91.618675,91.05116,99.66184,0.034556914,0.66249657,0.30294648,0.5600588842767927,yes,9.832968,9.136193,25.70719,4.1214886,0.010260271,lspgmoe-v4.0,frozen_v4_0_auxiliary_reference
ZS_EXT_1B40295A791F,EXT_1B40295A791F,OPEN_TEXTILE_ANTI_WETTING_2019,SFC_C90D1535E78D,LIQ_1BD1B94C09,zero_shot,prospective_open_external,84.0,69.00564,5.734565734863281,132.2767105102539,0.9,medium,no,69.6253,70.05904,66.63135,0.034556914,0.66249657,0.30294648,0.5909721707245172,yes,8.833363,9.388364,25.70719,4.1214886,-0.0054980055,lspgmoe-v4.0,frozen_v4_0_auxiliary_reference
ZS_EXT_3B5D655ADA7C,EXT_3B5D655ADA7C,OPEN_TEXTILE_ANTI_WETTING_2019,SFC_C90D1535E78D,LIQ_6656B41AB7,zero_shot,prospective_open_external,60.0,59.27282,0.0,122.54389190673828,0.9,medium,no,65.01073,62.558266,51.43354,0.034556914,0.66249657,0.30294648,0.5600588842767927,yes,2.1229079,9.853441,25.70719,4.1214886,0.03879721,lspgmoe-v4.0,frozen_v4_0_auxiliary_reference
ZS_EXT_2E5AD1B19DD9,EXT_2E5AD1B19DD9,OPEN_TEXTILE_ANTI_WETTING_2019,SFC_F92838A9E6A2,LIQ_0F4168490E,zero_shot,prospective_open_external,105.0,93.679344,30.40827178955078,156.9504165649414,0.9,medium,no,91.618675,91.05116,99.66184,0.034556914,0.66249657,0.30294648,0.5600588842767927,yes,9.832968,9.136193,25.70719,4.1214886,0.010260271,lspgmoe-v4.0,frozen_v4_0_auxiliary_reference
ZS_EXT_9E923F72BEB3,EXT_9E923F72BEB3,OPEN_TEXTILE_ANTI_WETTING_2019,SFC_F92838A9E6A2,LIQ_1BD1B94C09,zero_shot,prospective_open_external,88.0,69.00564,5.734565734863281,132.2767105102539,0.9,medium,no,69.6253,70.05904,66.63135,0.034556914,0.66249657,0.30294648,0.5909721707245172,yes,8.833363,9.388364,25.70719,4.1214886,-0.0054980055,lspgmoe-v4.0,frozen_v4_0_auxiliary_reference
ZS_EXT_88A27790C2BD,EXT_88A27790C2BD,OPEN_TEXTILE_ANTI_WETTING_2019,SFC_F92838A9E6A2,LIQ_6656B41AB7,zero_shot,prospective_open_external,63.0,59.27282,0.0,122.54389190673828,0.9,medium,no,65.01073,62.558266,51.43354,0.034556914,0.66249657,0.30294648,0.5600588842767927,yes,2.1229079,9.853441,25.70719,4.1214886,0.03879721,lspgmoe-v4.0,frozen_v4_0_auxiliary_reference
ZS_EXT_4DA44BDBC109,EXT_4DA44BDBC109,OPEN_TEXTILE_ANTI_WETTING_2019,SFC_F8CAAE03FE56,LIQ_0F4168490E,zero_shot,prospective_open_external,96.0,93.679344,30.40827178955078,156.9504165649414,0.9,medium,no,91.618675,91.05116,99.66184,0.034556914,0.66249657,0.30294648,0.5600588842767927,yes,9.832968,9.136193,25.70719,4.1214886,0.010260271,lspgmoe-v4.0,frozen_v4_0_auxiliary_reference
ZS_EXT_AB64302191E1,EXT_AB64302191E1,OPEN_TEXTILE_ANTI_WETTING_2019,SFC_F8CAAE03FE56,LIQ_1BD1B94C09,zero_shot,prospective_open_external,82.0,69.00564,5.734565734863281,132.2767105102539,0.9,medium,no,69.6253,70.05904,66.63135,0.034556914,0.66249657,0.30294648,0.5909721707245172,yes,8.833363,9.388364,25.70719,4.1214886,-0.0054980055,lspgmoe-v4.0,frozen_v4_0_auxiliary_reference
ZS_EXT_90EB026C806A,EXT_90EB026C806A,OPEN_TEXTILE_ANTI_WETTING_2019,SFC_F8CAAE03FE56,LIQ_6656B41AB7,zero_shot,prospective_open_external,61.0,59.27282,0.0,122.54389190673828,0.9,medium,no,65.01073,62.558266,51.43354,0.034556914,0.66249657,0.30294648,0.5600588842767927,yes,2.1229079,9.853441,25.70719,4.1214886,0.03879721,lspgmoe-v4.0,frozen_v4_0_auxiliary_reference
ZS_EXT_1D5570A27934,EXT_1D5570A27934,OPEN_TEXTILE_ANTI_WETTING_2019,SFC_96459A5711ED,LIQ_0F4168490E,zero_shot,prospective_open_external,106.0,93.679344,30.40827178955078,156.9504165649414,0.9,medium,no,91.618675,91.05116,99.66184,0.034556914,0.66249657,0.30294648,0.5600588842767927,yes,9.832968,9.136193,25.70719,4.1214886,0.010260271,lspgmoe-v4.0,frozen_v4_0_auxiliary_reference
ZS_EXT_C2CBB107CCEB,EXT_C2CBB107CCEB,OPEN_TEXTILE_ANTI_WETTING_2019,SFC_96459A5711ED,LIQ_1BD1B94C09,zero_shot,prospective_open_external,102.0,69.00564,5.734565734863281,132.2767105102539,0.9,medium,no,69.6253,70.05904,66.63135,0.034556914,0.66249657,0.30294648,0.5909721707245172,yes,8.833363,9.388364,25.70719,4.1214886,-0.0054980055,lspgmoe-v4.0,frozen_v4_0_auxiliary_reference
ZS_EXT_608AC2D3D381,EXT_608AC2D3D381,OPEN_TEXTILE_ANTI_WETTING_2019,SFC_96459A5711ED,LIQ_6656B41AB7,zero_shot,prospective_open_external,95.0,59.27282,0.0,122.54389190673828,0.9,medium,no,65.01073,62.558266,51.43354,0.034556914,0.66249657,0.30294648,0.5600588842767927,yes,2.1229079,9.853441,25.70719,4.1214886,0.03879721,lspgmoe-v4.0,frozen_v4_0_auxiliary_reference
ZS_EXT_0AE552940B30,EXT_0AE552940B30,OPEN_TEXTILE_ANTI_WETTING_2019,SFC_DE9D8D16E40F,LIQ_0F4168490E,zero_shot,prospective_open_external,104.0,93.679344,30.40827178955078,156.9504165649414,0.9,medium,no,91.618675,91.05116,99.66184,0.034556914,0.66249657,0.30294648,0.5600588842767927,yes,9.832968,9.136193,25.70719,4.1214886,0.010260271,lspgmoe-v4.0,frozen_v4_0_auxiliary_reference
ZS_EXT_3549187670B3,EXT_3549187670B3,OPEN_TEXTILE_ANTI_WETTING_2019,SFC_DE9D8D16E40F,LIQ_1BD1B94C09,zero_shot,prospective_open_external,90.0,69.00564,5.734565734863281,132.2767105102539,0.9,medium,no,69.6253,70.05904,66.63135,0.034556914,0.66249657,0.30294648,0.5909721707245172,yes,8.833363,9.388364,25.70719,4.1214886,-0.0054980055,lspgmoe-v4.0,frozen_v4_0_auxiliary_reference
ZS_EXT_925A4AF449D5,EXT_925A4AF449D5,OPEN_TEXTILE_ANTI_WETTING_2019,SFC_DE9D8D16E40F,LIQ_6656B41AB7,zero_shot,prospective_open_external,61.0,59.27282,0.0,122.54389190673828,0.9,medium,no,65.01073,62.558266,51.43354,0.034556914,0.66249657,0.30294648,0.5600588842767927,yes,2.1229079,9.853441,25.70719,4.1214886,0.03879721,lspgmoe-v4.0,frozen_v4_0_auxiliary_reference
ZS_EXT_AF4963616E76,EXT_AF4963616E76,OPEN_TEXTILE_ANTI_WETTING_2019,SFC_A7A6BDD5941D,LIQ_0F4168490E,zero_shot,prospective_open_external,0.0,93.679344,30.40827178955078,156.9504165649414,0.9,medium,no,91.618675,91.05116,99.66184,0.034556914,0.66249657,0.30294648,0.5600588842767927,yes,9.832968,9.136193,25.70719,4.1214886,0.010260271,lspgmoe-v4.0,frozen_v4_0_auxiliary_reference
ZS_EXT_74D717509DFB,EXT_74D717509DFB,OPEN_TEXTILE_ANTI_WETTING_2019,SFC_A7A6BDD5941D,LIQ_1BD1B94C09,zero_shot,prospective_open_external,0.0,69.00564,5.734565734863281,132.2767105102539,0.9,medium,no,69.6253,70.05904,66.63135,0.034556914,0.66249657,0.30294648,0.5909721707245172,yes,8.833363,9.388364,25.70719,4.1214886,-0.0054980055,lspgmoe-v4.0,frozen_v4_0_auxiliary_reference
ZS_EXT_6E149AD2F9BC,EXT_6E149AD2F9BC,OPEN_TEXTILE_ANTI_WETTING_2019,SFC_A7A6BDD5941D,LIQ_6656B41AB7,zero_shot,prospective_open_external,0.0,59.27282,0.0,122.54389190673828,0.9,medium,no,65.01073,62.558266,51.43354,0.034556914,0.66249657,0.30294648,0.5600588842767927,yes,2.1229079,9.853441,25.70719,4.1214886,0.03879721,lspgmoe-v4.0,frozen_v4_0_auxiliary_reference
ZS_EXT_A77898F3791B,EXT_A77898F3791B,OPEN_TEXTILE_ANTI_WETTING_2019,SFC_AEE4770633F2,LIQ_0F4168490E,zero_shot,prospective_open_external,166.0,93.679344,30.40827178955078,156.9504165649414,0.9,medium,no,91.618675,91.05116,99.66184,0.034556914,0.66249657,0.30294648,0.5600588842767927,yes,9.832968,9.136193,25.70719,4.1214886,0.010260271,lspgmoe-v4.0,frozen_v4_0_auxiliary_reference
ZS_EXT_2B7215CA739E,EXT_2B7215CA739E,OPEN_TEXTILE_ANTI_WETTING_2019,SFC_AEE4770633F2,LIQ_1BD1B94C09,zero_shot,prospective_open_external,159.0,69.00564,5.734565734863281,132.2767105102539,0.9,medium,no,69.6253,70.05904,66.63135,0.034556914,0.66249657,0.30294648,0.5909721707245172,yes,8.833363,9.388364,25.70719,4.1214886,-0.0054980055,lspgmoe-v4.0,frozen_v4_0_auxiliary_reference
ZS_EXT_6A76549F5884,EXT_6A76549F5884,OPEN_TEXTILE_ANTI_WETTING_2019,SFC_AEE4770633F2,LIQ_6656B41AB7,zero_shot,prospective_open_external,153.0,59.27282,0.0,122.54389190673828,0.9,medium,no,65.01073,62.558266,51.43354,0.034556914,0.66249657,0.30294648,0.5600588842767927,yes,2.1229079,9.853441,25.70719,4.1214886,0.03879721,lspgmoe-v4.0,frozen_v4_0_auxiliary_reference
ZS_EXT_14B3DFB49864,EXT_14B3DFB49864,OPEN_TEXTILE_ANTI_WETTING_2019,SFC_E0770C382AAA,LIQ_0F4168490E,zero_shot,prospective_open_external,164.0,93.679344,30.40827178955078,156.9504165649414,0.9,medium,no,91.618675,91.05116,99.66184,0.034556914,0.66249657,0.30294648,0.5600588842767927,yes,9.832968,9.136193,25.70719,4.1214886,0.010260271,lspgmoe-v4.0,frozen_v4_0_auxiliary_reference
ZS_EXT_038669031712,EXT_038669031712,OPEN_TEXTILE_ANTI_WETTING_2019,SFC_E0770C382AAA,LIQ_1BD1B94C09,zero_shot,prospective_open_external,152.0,69.00564,5.734565734863281,132.2767105102539,0.9,medium,no,69.6253,70.05904,66.63135,0.034556914,0.66249657,0.30294648,0.5909721707245172,yes,8.833363,9.388364,25.70719,4.1214886,-0.0054980055,lspgmoe-v4.0,frozen_v4_0_auxiliary_reference
ZS_EXT_6181C20E4C23,EXT_6181C20E4C23,OPEN_TEXTILE_ANTI_WETTING_2019,SFC_E0770C382AAA,LIQ_6656B41AB7,zero_shot,prospective_open_external,148.0,59.27282,0.0,122.54389190673828,0.9,medium,no,65.01073,62.558266,51.43354,0.034556914,0.66249657,0.30294648,0.5600588842767927,yes,2.1229079,9.853441,25.70719,4.1214886,0.03879721,lspgmoe-v4.0,frozen_v4_0_auxiliary_reference
ZS_EXT_72A5665216D0,EXT_72A5665216D0,OPEN_TEXTILE_ANTI_WETTING_2019,SFC_D1ADE9B03D51,LIQ_0F4168490E,zero_shot,prospective_open_external,126.0,93.679344,30.40827178955078,156.9504165649414,0.9,medium,no,91.618675,91.05116,99.66184,0.034556914,0.66249657,0.30294648,0.5600588842767927,yes,9.832968,9.136193,25.70719,4.1214886,0.010260271,lspgmoe-v4.0,frozen_v4_0_auxiliary_reference
ZS_EXT_2BFE763DBE7F,EXT_2BFE763DBE7F,OPEN_TEXTILE_ANTI_WETTING_2019,SFC_D1ADE9B03D51,LIQ_1BD1B94C09,zero_shot,prospective_open_external,84.0,69.00564,5.734565734863281,132.2767105102539,0.9,medium,no,69.6253,70.05904,66.63135,0.034556914,0.66249657,0.30294648,0.5909721707245172,yes,8.833363,9.388364,25.70719,4.1214886,-0.0054980055,lspgmoe-v4.0,frozen_v4_0_auxiliary_reference
ZS_EXT_8D65AE043571,EXT_8D65AE043571,OPEN_TEXTILE_ANTI_WETTING_2019,SFC_D1ADE9B03D51,LIQ_6656B41AB7,zero_shot,prospective_open_external,0.0,59.27282,0.0,122.54389190673828,0.9,medium,no,65.01073,62.558266,51.43354,0.034556914,0.66249657,0.30294648,0.5600588842767927,yes,2.1229079,9.853441,25.70719,4.1214886,0.03879721,lspgmoe-v4.0,frozen_v4_0_auxiliary_reference
ZS_EXT_C6C3DE3E198C,EXT_C6C3DE3E198C,OPEN_TEXTILE_ANTI_WETTING_2019,SFC_F4A35D2DD4C5,LIQ_0F4168490E,zero_shot,prospective_open_external,147.0,93.679344,30.40827178955078,156.9504165649414,0.9,medium,no,91.618675,91.05116,99.66184,0.034556914,0.66249657,0.30294648,0.5600588842767927,yes,9.832968,9.136193,25.70719,4.1214886,0.010260271,lspgmoe-v4.0,frozen_v4_0_auxiliary_reference
ZS_EXT_CB7F947E87F6,EXT_CB7F947E87F6,OPEN_TEXTILE_ANTI_WETTING_2019,SFC_F4A35D2DD4C5,LIQ_1BD1B94C09,zero_shot,prospective_open_external,143.0,69.00564,5.734565734863281,132.2767105102539,0.9,medium,no,69.625305,70.05904,66.63135,0.034556914,0.66249657,0.30294648,0.5909721707245172,yes,8.833366,9.388364,25.70719,4.121488,-0.0054979995,lspgmoe-v4.0,frozen_v4_0_auxiliary_reference
ZS_EXT_08747D17F0BD,EXT_08747D17F0BD,OPEN_TEXTILE_ANTI_WETTING_2019,SFC_F4A35D2DD4C5,LIQ_6656B41AB7,zero_shot,prospective_open_external,140.0,59.27282,0.0,122.54389190673828,0.9,medium,no,65.01073,62.558266,51.43354,0.034556914,0.66249657,0.30294648,0.5600588842767927,yes,2.1229079,9.853441,25.70719,4.121488,0.03879721,lspgmoe-v4.0,frozen_v4_0_auxiliary_reference
ZS_EXT_8197A3621B99,EXT_8197A3621B99,OPEN_TEXTILE_ANTI_WETTING_2019,SFC_B6F1BA3CA55E,LIQ_0F4168490E,zero_shot,prospective_open_external,145.0,93.679344,30.40827178955078,156.9504165649414,0.9,medium,no,91.61868,91.05116,99.66184,0.034556914,0.66249657,0.30294648,0.5600588842767927,yes,9.832966,9.136193,25.70719,4.121488,0.0102602765,lspgmoe-v4.0,frozen_v4_0_auxiliary_reference
ZS_EXT_9C403EA34EBF,EXT_9C403EA34EBF,OPEN_TEXTILE_ANTI_WETTING_2019,SFC_B6F1BA3CA55E,LIQ_1BD1B94C09,zero_shot,prospective_open_external,136.0,69.00564,5.734565734863281,132.2767105102539,0.9,medium,no,69.625305,70.05904,66.63135,0.034556914,0.66249657,0.30294648,0.5909721707245172,yes,8.833366,9.388364,25.70719,4.121488,-0.0054979995,lspgmoe-v4.0,frozen_v4_0_auxiliary_reference
ZS_EXT_0DF6420B4440,EXT_0DF6420B4440,OPEN_TEXTILE_ANTI_WETTING_2019,SFC_B6F1BA3CA55E,LIQ_6656B41AB7,zero_shot,prospective_open_external,127.0,59.27282,0.0,122.54389190673828,0.9,medium,no,65.01073,62.558266,51.43354,0.034556914,0.66249657,0.30294648,0.5600588842767927,yes,2.1229079,9.853441,25.70719,4.121488,0.03879721,lspgmoe-v4.0,frozen_v4_0_auxiliary_reference
ZS_EXT_E6B7DB163BBF,EXT_E6B7DB163BBF,OPEN_TEXTILE_ANTI_WETTING_2019,SFC_ADC096AE0D75,LIQ_0F4168490E,zero_shot,prospective_open_external,129.0,93.679344,30.40827178955078,156.9504165649414,0.9,medium,no,91.61868,91.05116,99.66184,0.034556914,0.66249657,0.30294648,0.5600588842767927,yes,9.832966,9.136193,25.70719,4.121488,0.0102602765,lspgmoe-v4.0,frozen_v4_0_auxiliary_reference
ZS_EXT_CE643B4A3F85,EXT_CE643B4A3F85,OPEN_TEXTILE_ANTI_WETTING_2019,SFC_ADC096AE0D75,LIQ_1BD1B94C09,zero_shot,prospective_open_external,0.0,69.00564,5.734565734863281,132.2767105102539,0.9,medium,no,69.625305,70.05904,66.63135,0.034556914,0.66249657,0.30294648,0.5909721707245172,yes,8.833366,9.388364,25.70719,4.121488,-0.0054979995,lspgmoe-v4.0,frozen_v4_0_auxiliary_reference
ZS_EXT_FE000B13E4CD,EXT_FE000B13E4CD,OPEN_TEXTILE_ANTI_WETTING_2019,SFC_ADC096AE0D75,LIQ_6656B41AB7,zero_shot,prospective_open_external,0.0,59.27282,0.0,122.54389190673828,0.9,medium,no,65.01073,62.558266,51.43354,0.034556914,0.66249657,0.30294648,0.5600588842767927,yes,2.1229079,9.853441,25.70719,4.121488,0.03879721,lspgmoe-v4.0,frozen_v4_0_auxiliary_reference
ZS_EXT_80DEF70D19C2,EXT_80DEF70D19C2,OPEN_TEXTILE_ANTI_WETTING_2019,SFC_7E09C519A040,LIQ_0F4168490E,zero_shot,prospective_open_external,156.0,93.679344,30.40827178955078,156.9504165649414,0.9,medium,no,91.61868,91.05116,99.66184,0.034556914,0.66249657,0.30294648,0.5600588842767927,yes,9.832966,9.136193,25.70719,4.121488,0.0102602765,lspgmoe-v4.0,frozen_v4_0_auxiliary_reference
ZS_EXT_9AB928688B6A,EXT_9AB928688B6A,OPEN_TEXTILE_ANTI_WETTING_2019,SFC_7E09C519A040,LIQ_1BD1B94C09,zero_shot,prospective_open_external,150.0,69.00564,5.734565734863281,132.2767105102539,0.9,medium,no,69.625305,70.05904,66.63135,0.034556914,0.66249657,0.30294648,0.5909721707245172,yes,8.833366,9.388364,25.70719,4.121488,-0.0054979995,lspgmoe-v4.0,frozen_v4_0_auxiliary_reference
ZS_EXT_5361E028DB1F,EXT_5361E028DB1F,OPEN_TEXTILE_ANTI_WETTING_2019,SFC_7E09C519A040,LIQ_6656B41AB7,zero_shot,prospective_open_external,150.0,59.27282,0.0,122.54389190673828,0.9,medium,no,65.01073,62.558266,51.43354,0.034556914,0.66249657,0.30294648,0.5600588842767927,yes,2.1229079,9.853441,25.70719,4.121488,0.03879721,lspgmoe-v4.0,frozen_v4_0_auxiliary_reference
ZS_EXT_3C536EB8B2E0,EXT_3C536EB8B2E0,OPEN_TEXTILE_ANTI_WETTING_2019,SFC_FE1BCA204FFA,LIQ_0F4168490E,zero_shot,prospective_open_external,151.0,93.679344,30.40827178955078,156.9504165649414,0.9,medium,no,91.61868,91.05116,99.66184,0.034556914,0.66249657,0.30294648,0.5600588842767927,yes,9.832966,9.136193,25.70719,4.121488,0.0102602765,lspgmoe-v4.0,frozen_v4_0_auxiliary_reference
ZS_EXT_E53A49812943,EXT_E53A49812943,OPEN_TEXTILE_ANTI_WETTING_2019,SFC_FE1BCA204FFA,LIQ_1BD1B94C09,zero_shot,prospective_open_external,145.0,69.00564,5.734565734863281,132.2767105102539,0.9,medium,no,69.625305,70.05904,66.63135,0.034556914,0.66249657,0.30294648,0.5909721707245172,yes,8.833366,9.388364,25.70719,4.121488,-0.0054979995,lspgmoe-v4.0,frozen_v4_0_auxiliary_reference
ZS_EXT_EE607E307472,EXT_EE607E307472,OPEN_TEXTILE_ANTI_WETTING_2019,SFC_FE1BCA204FFA,LIQ_6656B41AB7,zero_shot,prospective_open_external,140.0,59.27282,0.0,122.54389190673828,0.9,medium,no,65.01073,62.558266,51.43354,0.034556914,0.66249657,0.30294648,0.5600588842767927,yes,2.1229079,9.853441,25.70719,4.121488,0.03879721,lspgmoe-v4.0,frozen_v4_0_auxiliary_reference
ZS_EXT_618188348392,EXT_618188348392,OPEN_PLA_FILMS_2021,SFC_01B9AA1C0B74,LIQ_0F4168490E,zero_shot,prospective_open_external,113.0,93.679344,30.40827178955078,156.9504165649414,0.9,medium,no,91.61868,91.05116,99.66184,0.034556914,0.66249657,0.30294648,0.5600588842767927,yes,9.832966,9.136193,25.70719,4.121488,0.0102602765,lspgmoe-v4.0,frozen_v4_0_auxiliary_reference
ZS_EXT_069D7AE7FCAD,EXT_069D7AE7FCAD,OPEN_PLA_FILMS_2021,SFC_B1D8AACA85B5,LIQ_0F4168490E,zero_shot,prospective_open_external,76.0,93.679344,30.40827178955078,156.9504165649414,0.9,medium,no,91.61868,91.05116,99.66184,0.034556914,0.66249657,0.30294648,0.5600588842767927,yes,9.832966,9.136193,25.70719,4.121488,0.0102602765,lspgmoe-v4.0,frozen_v4_0_auxiliary_reference
ZS_EXT_8935C7528E56,EXT_8935C7528E56,OPEN_PLA_FILMS_2021,SFC_662849118DF0,LIQ_0F4168490E,zero_shot,prospective_open_external,64.0,93.679344,30.40827178955078,156.9504165649414,0.9,medium,no,91.61868,91.05116,99.66184,0.034556914,0.66249657,0.30294648,0.5600588842767927,yes,9.832966,9.136193,25.70719,4.121488,0.0102602765,lspgmoe-v4.0,frozen_v4_0_auxiliary_reference
ZS_EXT_C98B044A6F7F,EXT_C98B044A6F7F,OPEN_PLA_FILMS_2021,SFC_29A9F5906DC4,LIQ_0F4168490E,zero_shot,prospective_open_external,74.0,93.679344,30.40827178955078,156.9504165649414,0.9,medium,no,91.61868,91.05116,99.66184,0.034556914,0.66249657,0.30294648,0.5600588842767927,yes,9.832966,9.136193,25.70719,4.121488,0.0102602765,lspgmoe-v4.0,frozen_v4_0_auxiliary_reference
ZS_EXT_4299E75704B2,EXT_4299E75704B2,OPEN_PLA_FILMS_2021,SFC_01B9AA1C0B74,LIQ_1BD1B94C09,zero_shot,prospective_open_external,92.0,69.00564,5.734565734863281,132.2767105102539,0.9,medium,no,69.625305,70.05904,66.63135,0.034556914,0.66249657,0.30294648,0.5909721707245172,yes,8.833366,9.388364,25.70719,4.121488,-0.0054979995,lspgmoe-v4.0,frozen_v4_0_auxiliary_reference
ZS_EXT_C0A69AE67463,EXT_C0A69AE67463,OPEN_PLA_FILMS_2021,SFC_B1D8AACA85B5,LIQ_1BD1B94C09,zero_shot,prospective_open_external,64.0,69.00564,5.734565734863281,132.2767105102539,0.9,medium,no,69.625305,70.05904,66.63135,0.034556914,0.66249657,0.30294648,0.5909721707245172,yes,8.833366,9.388364,25.70719,4.121488,-0.0054979995,lspgmoe-v4.0,frozen_v4_0_auxiliary_reference
ZS_EXT_59A1C74C7C24,EXT_59A1C74C7C24,OPEN_PLA_FILMS_2021,SFC_662849118DF0,LIQ_1BD1B94C09,zero_shot,prospective_open_external,54.0,69.00564,5.734565734863281,132.2767105102539,0.9,medium,no,69.625305,70.05904,66.63135,0.034556914,0.66249657,0.30294648,0.5909721707245172,yes,8.833366,9.388364,25.70719,4.121488,-0.0054979995,lspgmoe-v4.0,frozen_v4_0_auxiliary_reference
ZS_EXT_28942280B8C6,EXT_28942280B8C6,OPEN_PLA_FILMS_2021,SFC_29A9F5906DC4,LIQ_1BD1B94C09,zero_shot,prospective_open_external,60.0,69.00564,5.734565734863281,132.2767105102539,0.9,medium,no,69.625305,70.05904,66.63135,0.034556914,0.66249657,0.30294648,0.5909721707245172,yes,8.833366,9.388364,25.70719,4.121488,-0.0054979995,lspgmoe-v4.0,frozen_v4_0_auxiliary_reference
ZS_EXT_264C8AB42663,EXT_264C8AB42663,OPEN_PLA_FILMS_2021,SFC_01B9AA1C0B74,LIQ_6656B41AB7,zero_shot,prospective_open_external,83.0,59.27282,0.0,122.54389190673828,0.9,medium,no,65.01073,62.558266,51.43354,0.034556914,0.66249657,0.30294648,0.5600588842767927,yes,2.1229079,9.853441,25.70719,4.121488,0.03879721,lspgmoe-v4.0,frozen_v4_0_auxiliary_reference
ZS_EXT_0C90915034B7,EXT_0C90915034B7,OPEN_PLA_FILMS_2021,SFC_B1D8AACA85B5,LIQ_6656B41AB7,zero_shot,prospective_open_external,48.0,59.27282,0.0,122.54389190673828,0.9,medium,no,65.01073,62.558266,51.43354,0.034556914,0.66249657,0.30294648,0.5600588842767927,yes,2.1229079,9.853441,25.70719,4.121488,0.03879721,lspgmoe-v4.0,frozen_v4_0_auxiliary_reference
ZS_EXT_197AF6112F5C,EXT_197AF6112F5C,OPEN_PLA_FILMS_2021,SFC_662849118DF0,LIQ_6656B41AB7,zero_shot,prospective_open_external,47.0,59.27282,0.0,122.54389190673828,0.9,medium,no,65.01073,62.558266,51.43354,0.034556914,0.66249657,0.30294648,0.5600588842767927,yes,2.1229079,9.853441,25.70719,4.121488,0.03879721,lspgmoe-v4.0,frozen_v4_0_auxiliary_reference
ZS_EXT_F7284554E363,EXT_F7284554E363,OPEN_PLA_FILMS_2021,SFC_29A9F5906DC4,LIQ_6656B41AB7,zero_shot,prospective_open_external,46.0,59.27282,0.0,122.54389190673828,0.9,medium,no,65.01073,62.558266,51.43354,0.034556914,0.66249657,0.30294648,0.5600588842767927,yes,2.1229079,9.853441,25.70719,4.121488,0.03879721,lspgmoe-v4.0,frozen_v4_0_auxiliary_reference
ZS_EXT_832E508A7F45,EXT_832E508A7F45,OPEN_PLA_FILMS_2021,SFC_4640D599C795,LIQ_0F4168490E,zero_shot,prospective_open_external,43.0,93.679344,30.40827178955078,156.9504165649414,0.9,medium,no,91.61868,91.05116,99.66184,0.034556914,0.66249657,0.30294648,0.5600588842767927,yes,9.832966,9.136193,25.70719,4.121488,0.0102602765,lspgmoe-v4.0,frozen_v4_0_auxiliary_reference
ZS_EXT_263F0D060209,EXT_263F0D060209,OPEN_PLA_FILMS_2021,SFC_869B011AB104,LIQ_0F4168490E,zero_shot,prospective_open_external,74.0,93.679344,30.40827178955078,156.9504165649414,0.9,medium,no,91.61868,91.05116,99.66184,0.034556914,0.66249657,0.30294648,0.5600588842767927,yes,9.832966,9.136193,25.70719,4.121488,0.0102602765,lspgmoe-v4.0,frozen_v4_0_auxiliary_reference
ZS_EXT_4511C3A71669,EXT_4511C3A71669,OPEN_PLA_FILMS_2021,SFC_52F0F5BD3D6C,LIQ_0F4168490E,zero_shot,prospective_open_external,71.0,93.679344,30.40827178955078,156.9504165649414,0.9,medium,no,91.61868,91.05116,99.66184,0.034556914,0.66249657,0.30294648,0.5600588842767927,yes,9.832966,9.136193,25.70719,4.121488,0.0102602765,lspgmoe-v4.0,frozen_v4_0_auxiliary_reference
ZS_EXT_8BBA4B544E54,EXT_8BBA4B544E54,OPEN_PLA_FILMS_2021,SFC_8864A171D8DB,LIQ_0F4168490E,zero_shot,prospective_open_external,74.0,93.679344,30.40827178955078,156.9504165649414,0.9,medium,no,91.61868,91.05116,99.66184,0.034556914,0.66249657,0.30294648,0.5600588842767927,yes,9.832966,9.136193,25.70719,4.121488,0.0102602765,lspgmoe-v4.0,frozen_v4_0_auxiliary_reference
ZS_EXT_2EB8A593D55E,EXT_2EB8A593D55E,OPEN_PLA_FILMS_2021,SFC_4640D599C795,LIQ_1BD1B94C09,zero_shot,prospective_open_external,24.0,69.00564,5.734565734863281,132.2767105102539,0.9,medium,no,69.625305,70.05904,66.63135,0.034556914,0.66249657,0.30294648,0.5909721707245172,yes,8.833366,9.388364,25.70719,4.121488,-0.0054979995,lspgmoe-v4.0,frozen_v4_0_auxiliary_reference
ZS_EXT_A9A71A63993D,EXT_A9A71A63993D,OPEN_PLA_FILMS_2021,SFC_869B011AB104,LIQ_1BD1B94C09,zero_shot,prospective_open_external,62.0,69.00564,5.734565734863281,132.2767105102539,0.9,medium,no,69.625305,70.05904,66.63135,0.034556914,0.66249657,0.30294648,0.5909721707245172,yes,8.833366,9.388364,25.70719,4.121488,-0.0054979995,lspgmoe-v4.0,frozen_v4_0_auxiliary_reference
ZS_EXT_B078FBEC9CEC,EXT_B078FBEC9CEC,OPEN_PLA_FILMS_2021,SFC_52F0F5BD3D6C,LIQ_1BD1B94C09,zero_shot,prospective_open_external,52.0,69.00564,5.734565734863281,132.2767105102539,0.9,medium,no,69.625305,70.05904,66.63135,0.034556914,0.66249657,0.30294648,0.5909721707245172,yes,8.833366,9.388364,25.70719,4.121488,-0.0054979995,lspgmoe-v4.0,frozen_v4_0_auxiliary_reference
ZS_EXT_57487A07628B,EXT_57487A07628B,OPEN_PLA_FILMS_2021,SFC_8864A171D8DB,LIQ_1BD1B94C09,zero_shot,prospective_open_external,56.0,69.00564,5.734565734863281,132.2767105102539,0.9,medium,no,69.625305,70.05904,66.63135,0.034556914,0.66249657,0.30294648,0.5909721707245172,yes,8.833366,9.388364,25.70719,4.121488,-0.0054979995,lspgmoe-v4.0,frozen_v4_0_auxiliary_reference
ZS_EXT_45CE8585FF60,EXT_45CE8585FF60,OPEN_PLA_FILMS_2021,SFC_4640D599C795,LIQ_6656B41AB7,zero_shot,prospective_open_external,48.0,59.27282,0.0,122.54389190673828,0.9,medium,no,65.01073,62.558266,51.43354,0.034556914,0.66249657,0.30294648,0.5600588842767927,yes,2.1229079,9.853441,25.70719,4.121488,0.03879721,lspgmoe-v4.0,frozen_v4_0_auxiliary_reference
ZS_EXT_B488569FF3A6,EXT_B488569FF3A6,OPEN_PLA_FILMS_2021,SFC_869B011AB104,LIQ_6656B41AB7,zero_shot,prospective_open_external,49.0,59.27282,0.0,122.54389190673828,0.9,medium,no,65.01073,62.558266,51.43354,0.034556914,0.66249657,0.30294648,0.5600588842767927,yes,2.1229079,9.853441,25.70719,4.121488,0.03879721,lspgmoe-v4.0,frozen_v4_0_auxiliary_reference
ZS_EXT_489544822E64,EXT_489544822E64,OPEN_PLA_FILMS_2021,SFC_52F0F5BD3D6C,LIQ_6656B41AB7,zero_shot,prospective_open_external,45.0,59.27282,0.0,122.54389190673828,0.9,medium,no,65.01073,62.558266,51.43354,0.034556914,0.66249657,0.30294648,0.5600588842767927,yes,2.1229079,9.853441,25.70719,4.121488,0.03879721,lspgmoe-v4.0,frozen_v4_0_auxiliary_reference
ZS_EXT_5C43DD51F487,EXT_5C43DD51F487,OPEN_PLA_FILMS_2021,SFC_8864A171D8DB,LIQ_6656B41AB7,zero_shot,prospective_open_external,46.0,59.27282,0.0,122.54389190673828,0.9,medium,no,65.01073,62.558266,51.43354,0.034556914,0.66249657,0.30294648,0.5600588842767927,yes,2.1229079,9.853441,25.70719,4.121488,0.03879721,lspgmoe-v4.0,frozen_v4_0_auxiliary_reference
ZS_EXT_0780FA855EA7,EXT_0780FA855EA7,OPEN_PLA_FILMS_2021,SFC_CA0DF2A414ED,LIQ_0F4168490E,zero_shot,prospective_open_external,74.0,93.679344,30.40827178955078,156.9504165649414,0.9,medium,no,91.61868,91.05116,99.66184,0.034556914,0.66249657,0.30294648,0.5600588842767927,yes,9.832966,9.136193,25.70719,4.121488,0.0102602765,lspgmoe-v4.0,frozen_v4_0_auxiliary_reference
ZS_EXT_F2DE1724D72F,EXT_F2DE1724D72F,OPEN_PLA_FILMS_2021,SFC_0FBA62725BE6,LIQ_0F4168490E,zero_shot,prospective_open_external,76.0,93.679344,30.40827178955078,156.9504165649414,0.9,medium,no,91.61868,91.05116,99.66184,0.034556914,0.66249657,0.30294648,0.5600588842767927,yes,9.832966,9.136193,25.70719,4.121488,0.0102602765,lspgmoe-v4.0,frozen_v4_0_auxiliary_reference
ZS_EXT_5763DE0B39DD,EXT_5763DE0B39DD,OPEN_PLA_FILMS_2021,SFC_84FF6543987A,LIQ_0F4168490E,zero_shot,prospective_open_external,74.0,93.679344,30.40827178955078,156.9504165649414,0.9,medium,no,91.61868,91.05116,99.66184,0.034556914,0.66249657,0.30294648,0.5600588842767927,yes,9.832966,9.136193,25.70719,4.121488,0.0102602765,lspgmoe-v4.0,frozen_v4_0_auxiliary_reference
ZS_EXT_62C7119859BF,EXT_62C7119859BF,OPEN_PLA_FILMS_2021,SFC_91B74A694C1A,LIQ_0F4168490E,zero_shot,prospective_open_external,74.0,93.679344,30.40827178955078,156.9504165649414,0.9,medium,no,91.61868,91.05116,99.66184,0.034556914,0.66249657,0.30294648,0.5600588842767927,yes,9.832966,9.136193,25.70719,4.121488,0.0102602765,lspgmoe-v4.0,frozen_v4_0_auxiliary_reference
ZS_EXT_874FDB205BEC,EXT_874FDB205BEC,OPEN_PLA_FILMS_2021,SFC_CA0DF2A414ED,LIQ_1BD1B94C09,zero_shot,prospective_open_external,43.0,69.00564,5.734565734863281,132.2767105102539,0.9,medium,no,69.625305,70.05904,66.63135,0.034556914,0.66249657,0.30294648,0.5909721707245172,yes,8.833366,9.388364,25.70719,4.121488,-0.0054979995,lspgmoe-v4.0,frozen_v4_0_auxiliary_reference
ZS_EXT_1974721ED722,EXT_1974721ED722,OPEN_PLA_FILMS_2021,SFC_0FBA62725BE6,LIQ_1BD1B94C09,zero_shot,prospective_open_external,66.0,69.00564,5.734565734863281,132.2767105102539,0.9,medium,no,69.625305,70.05904,66.63135,0.034556914,0.66249657,0.30294648,0.5909721707245172,yes,8.833366,9.388364,25.70719,4.121488,-0.0054979995,lspgmoe-v4.0,frozen_v4_0_auxiliary_reference
ZS_EXT_28B169088998,EXT_28B169088998,OPEN_PLA_FILMS_2021,SFC_84FF6543987A,LIQ_1BD1B94C09,zero_shot,prospective_open_external,61.0,69.00564,5.734565734863281,132.2767105102539,0.9,medium,no,69.625305,70.05904,66.63135,0.034556914,0.66249657,0.30294648,0.5909721707245172,yes,8.833366,9.388364,25.70719,4.121488,-0.0054979995,lspgmoe-v4.0,frozen_v4_0_auxiliary_reference
ZS_EXT_C0610F416EF7,EXT_C0610F416EF7,OPEN_PLA_FILMS_2021,SFC_91B74A694C1A,LIQ_1BD1B94C09,zero_shot,prospective_open_external,59.0,69.00564,5.734565734863281,132.2767105102539,0.9,medium,no,69.625305,70.05904,66.63135,0.034556914,0.66249657,0.30294648,0.5909721707245172,yes,8.833366,9.388364,25.70719,4.121488,-0.0054979995,lspgmoe-v4.0,frozen_v4_0_auxiliary_reference
ZS_EXT_A399484607B3,EXT_A399484607B3,OPEN_PLA_FILMS_2021,SFC_CA0DF2A414ED,LIQ_6656B41AB7,zero_shot,prospective_open_external,54.0,59.27282,0.0,122.54389190673828,0.9,medium,no,65.01073,62.558266,51.43354,0.034556914,0.66249657,0.30294648,0.5600588842767927,yes,2.1229079,9.853441,25.70719,4.121488,0.03879721,lspgmoe-v4.0,frozen_v4_0_auxiliary_reference
ZS_EXT_0325D9C2E6F8,EXT_0325D9C2E6F8,OPEN_PLA_FILMS_2021,SFC_0FBA62725BE6,LIQ_6656B41AB7,zero_shot,prospective_open_external,44.0,59.27282,0.0,122.54389190673828,0.9,medium,no,65.01073,62.558266,51.43354,0.034556914,0.66249657,0.30294648,0.5600588842767927,yes,2.1229079,9.853441,25.70719,4.121488,0.03879721,lspgmoe-v4.0,frozen_v4_0_auxiliary_reference
ZS_EXT_2D1C9CE8FE08,EXT_2D1C9CE8FE08,OPEN_PLA_FILMS_2021,SFC_84FF6543987A,LIQ_6656B41AB7,zero_shot,prospective_open_external,47.0,59.27282,0.0,122.54389190673828,0.9,medium,no,65.01073,62.558266,51.43354,0.034556914,0.66249657,0.30294648,0.5600588842767927,yes,2.1229079,9.853441,25.70719,4.121488,0.03879721,lspgmoe-v4.0,frozen_v4_0_auxiliary_reference
ZS_EXT_CFE40CFC3BA1,EXT_CFE40CFC3BA1,OPEN_PLA_FILMS_2021,SFC_91B74A694C1A,LIQ_6656B41AB7,zero_shot,prospective_open_external,47.0,59.27282,0.0,122.54389190673828,0.9,medium,no,65.01073,62.558266,51.43354,0.034556914,0.66249657,0.30294648,0.5600588842767927,yes,2.1229079,9.853441,25.70719,4.121488,0.03879721,lspgmoe-v4.0,frozen_v4_0_auxiliary_reference
ZS_EXT_20E924898243,EXT_20E924898243,OPEN_PLA_FILMS_2021,SFC_46B777D53533,LIQ_0F4168490E,zero_shot,prospective_open_external,113.0,93.679344,30.40827178955078,156.9504165649414,0.9,medium,no,91.61868,91.05116,99.66184,0.034556914,0.66249657,0.30294648,0.5600588842767927,yes,9.832966,9.136193,25.70719,4.121488,0.0102602765,lspgmoe-v4.0,frozen_v4_0_auxiliary_reference
ZS_EXT_D5A2B07B71FE,EXT_D5A2B07B71FE,OPEN_PLA_FILMS_2021,SFC_2171EA47DB00,LIQ_0F4168490E,zero_shot,prospective_open_external,106.0,93.679344,30.40827178955078,156.9504165649414,0.9,medium,no,91.61868,91.05116,99.66184,0.034556914,0.66249657,0.30294648,0.5600588842767927,yes,9.832966,9.136193,25.70719,4.121488,0.0102602765,lspgmoe-v4.0,frozen_v4_0_auxiliary_reference
ZS_EXT_FCDB7AFFCD9B,EXT_FCDB7AFFCD9B,OPEN_PLA_FILMS_2021,SFC_C73C8C6483E4,LIQ_0F4168490E,zero_shot,prospective_open_external,111.0,93.679344,30.40827178955078,156.9504165649414,0.9,medium,no,91.61868,91.05116,99.66184,0.034556914,0.66249657,0.30294648,0.5600588842767927,yes,9.832966,9.136193,25.70719,4.121488,0.0102602765,lspgmoe-v4.0,frozen_v4_0_auxiliary_reference
ZS_EXT_F0D8FCD36A83,EXT_F0D8FCD36A83,OPEN_PLA_FILMS_2021,SFC_B93E7618C45A,LIQ_0F4168490E,zero_shot,prospective_open_external,108.0,93.679344,30.40827178955078,156.9504165649414,0.9,medium,no,91.61868,91.05116,99.66184,0.034556914,0.66249657,0.30294648,0.5600588842767927,yes,9.832966,9.136193,25.70719,4.121488,0.0102602765,lspgmoe-v4.0,frozen_v4_0_auxiliary_reference
ZS_EXT_DA1010942764,EXT_DA1010942764,OPEN_PLA_FILMS_2021,SFC_46B777D53533,LIQ_1BD1B94C09,zero_shot,prospective_open_external,100.0,69.00564,5.734565734863281,132.2767105102539,0.9,medium,no,69.625305,70.05904,66.63135,0.034556914,0.66249657,0.30294648,0.5909721707245172,yes,8.833366,9.388364,25.70719,4.121488,-0.0054979995,lspgmoe-v4.0,frozen_v4_0_auxiliary_reference
ZS_EXT_57AAA740DBD8,EXT_57AAA740DBD8,OPEN_PLA_FILMS_2021,SFC_2171EA47DB00,LIQ_1BD1B94C09,zero_shot,prospective_open_external,88.0,69.00564,5.734565734863281,132.2767105102539,0.9,medium,no,69.625305,70.05904,66.63135,0.034556914,0.66249657,0.30294648,0.5909721707245172,yes,8.833366,9.388364,25.70719,4.121488,-0.0054979995,lspgmoe-v4.0,frozen_v4_0_auxiliary_reference
ZS_EXT_6FAB73084CB3,EXT_6FAB73084CB3,OPEN_PLA_FILMS_2021,SFC_C73C8C6483E4,LIQ_1BD1B94C09,zero_shot,prospective_open_external,95.0,69.00564,5.734565734863281,132.2767105102539,0.9,medium,no,69.625305,70.05904,66.63135,0.034556914,0.66249657,0.30294648,0.5909721707245172,yes,8.833366,9.388364,25.70719,4.121488,-0.0054979995,lspgmoe-v4.0,frozen_v4_0_auxiliary_reference
ZS_EXT_793B32E71A38,EXT_793B32E71A38,OPEN_PLA_FILMS_2021,SFC_B93E7618C45A,LIQ_1BD1B94C09,zero_shot,prospective_open_external,93.0,69.00564,5.734565734863281,132.2767105102539,0.9,medium,no,69.625305,70.05904,66.63135,0.034556914,0.66249657,0.30294648,0.5909721707245172,yes,8.833366,9.388364,25.70719,4.121488,-0.0054979995,lspgmoe-v4.0,frozen_v4_0_auxiliary_reference
ZS_EXT_BB5D89275AD2,EXT_BB5D89275AD2,OPEN_PLA_FILMS_2021,SFC_46B777D53533,LIQ_6656B41AB7,zero_shot,prospective_open_external,82.0,59.27282,0.0,122.54389190673828,0.9,medium,no,65.01073,62.558266,51.43354,0.034556914,0.66249657,0.30294648,0.5600588842767927,yes,2.1229079,9.853441,25.70719,4.121488,0.03879721,lspgmoe-v4.0,frozen_v4_0_auxiliary_reference
ZS_EXT_E8E1679EDB31,EXT_E8E1679EDB31,OPEN_PLA_FILMS_2021,SFC_2171EA47DB00,LIQ_6656B41AB7,zero_shot,prospective_open_external,53.0,59.27282,0.0,122.54389190673828,0.9,medium,no,65.01073,62.558266,51.43354,0.034556914,0.66249657,0.30294648,0.5600588842767927,yes,2.1229079,9.853441,25.70719,4.121488,0.03879721,lspgmoe-v4.0,frozen_v4_0_auxiliary_reference
ZS_EXT_882D286A650A,EXT_882D286A650A,OPEN_PLA_FILMS_2021,SFC_C73C8C6483E4,LIQ_6656B41AB7,zero_shot,prospective_open_external,53.0,59.27282,0.0,122.54389190673828,0.9,medium,no,65.01073,62.558266,51.43354,0.034556914,0.66249657,0.30294648,0.5600588842767927,yes,2.1229079,9.853441,25.70719,4.121488,0.03879721,lspgmoe-v4.0,frozen_v4_0_auxiliary_reference
ZS_EXT_E31EC66D808C,EXT_E31EC66D808C,OPEN_PLA_FILMS_2021,SFC_B93E7618C45A,LIQ_6656B41AB7,zero_shot,prospective_open_external,55.0,59.27282,0.0,122.54389190673828,0.9,medium,no,65.01073,62.558266,51.43354,0.034556914,0.66249657,0.30294648,0.5600588842767927,yes,2.1229079,9.853441,25.70719,4.121488,0.03879721,lspgmoe-v4.0,frozen_v4_0_auxiliary_reference
ZS_EXT_0C2F137C0768,EXT_0C2F137C0768,OPEN_CARBON_GLYCAN_2016,SFC_DDCE904A2E37,LIQ_0F4168490E,zero_shot,prospective_open_external,35.3,93.79831,30.52723693847656,157.0693817138672,0.9,medium,no,91.76012,91.22336,99.66184,0.034556914,0.66249657,0.30294648,0.5291823123955152,yes,10.042241,9.1632,25.2268,4.23229,0.009747851,lspgmoe-v4.0,frozen_v4_0_auxiliary_reference
ZS_EXT_3D14543B75E6,EXT_3D14543B75E6,OPEN_CARBON_GLYCAN_2016,SFC_DDCE904A2E37,LIQ_5C0DC0DCD1,zero_shot,prospective_open_external,22.2,74.25659,10.985519409179688,137.5276641845703,0.9,medium,no,76.120895,75.20784,71.96371,0.034556914,0.66249657,0.30294648,0.576437197696497,yes,9.546887,9.477511,25.2268,4.23229,0.01565772,lspgmoe-v4.0,frozen_v4_0_auxiliary_reference
ZS_EXT_C8683F966ABC,EXT_C8683F966ABC,OPEN_CARBON_GLYCAN_2016,SFC_DDCE904A2E37,LIQ_6656B41AB7,zero_shot,prospective_open_external,11.9,59.866783,0.0,123.13785552978516,0.9,medium,no,65.86064,63.410492,51.43354,0.034556914,0.66249657,0.30294648,0.5291823123955152,yes,2.3631372,9.841146,25.2268,4.23229,0.039090283,lspgmoe-v4.0,frozen_v4_0_auxiliary_reference
ZS_EXT_A05B145D5D55,EXT_A05B145D5D55,OPEN_CARBON_GLYCAN_2016,SFC_757E5A51849D,LIQ_0F4168490E,zero_shot,prospective_open_external,20.2,93.79831,30.52723693847656,157.0693817138672,0.9,medium,no,91.76012,91.22336,99.66184,0.034556914,0.66249657,0.30294648,0.5291823123955152,yes,10.042241,9.1632,25.2268,4.23229,0.009747851,lspgmoe-v4.0,frozen_v4_0_auxiliary_reference
ZS_EXT_4D6047F3DA11,EXT_4D6047F3DA11,OPEN_CARBON_GLYCAN_2016,SFC_757E5A51849D,LIQ_5C0DC0DCD1,zero_shot,prospective_open_external,16.4,74.25659,10.985519409179688,137.5276641845703,0.9,medium,no,76.120895,75.20784,71.96371,0.034556914,0.66249657,0.30294648,0.576437197696497,yes,9.546887,9.477511,25.2268,4.23229,0.01565772,lspgmoe-v4.0,frozen_v4_0_auxiliary_reference
ZS_EXT_7CF183ABF3B6,EXT_7CF183ABF3B6,OPEN_CARBON_GLYCAN_2016,SFC_757E5A51849D,LIQ_6656B41AB7,zero_shot,prospective_open_external,5.4,59.866783,0.0,123.13785552978516,0.9,medium,no,65.86064,63.410492,51.43354,0.034556914,0.66249657,0.30294648,0.5291823123955152,yes,2.3631372,9.841146,25.2268,4.23229,0.039090283,lspgmoe-v4.0,frozen_v4_0_auxiliary_reference
ZS_EXT_64532C66FD00,EXT_64532C66FD00,OPEN_CARBON_GLYCAN_2016,SFC_C1B0541D31DE,LIQ_0F4168490E,zero_shot,prospective_open_external,26.1,93.79831,30.52723693847656,157.0693817138672,0.9,medium,no,91.76012,91.22336,99.66184,0.034556914,0.66249657,0.30294648,0.5291823123955152,yes,10.042241,9.1632,25.2268,4.23229,0.009747851,lspgmoe-v4.0,frozen_v4_0_auxiliary_reference
ZS_EXT_68FC9343A58A,EXT_68FC9343A58A,OPEN_CARBON_GLYCAN_2016,SFC_C1B0541D31DE,LIQ_5C0DC0DCD1,zero_shot,prospective_open_external,17.1,74.25659,10.985519409179688,137.5276641845703,0.9,medium,no,76.120895,75.20784,71.96371,0.034556914,0.66249657,0.30294648,0.576437197696497,yes,9.546887,9.477511,25.2268,4.23229,0.01565772,lspgmoe-v4.0,frozen_v4_0_auxiliary_reference
ZS_EXT_F1A8D658D675,EXT_F1A8D658D675,OPEN_CARBON_GLYCAN_2016,SFC_C1B0541D31DE,LIQ_6656B41AB7,zero_shot,prospective_open_external,7.5,59.866783,0.0,123.13785552978516,0.9,medium,no,65.86064,63.410492,51.43354,0.034556914,0.66249657,0.30294648,0.5291823123955152,yes,2.3631372,9.841146,25.2268,4.23229,0.039090283,lspgmoe-v4.0,frozen_v4_0_auxiliary_reference
ZS_EXT_9F58E9B1730C,EXT_9F58E9B1730C,OPEN_CARBON_GLYCAN_2016,SFC_1CD855A0B4A5,LIQ_0F4168490E,zero_shot,prospective_open_external,22.9,93.79831,30.52723693847656,157.0693817138672,0.9,medium,no,91.76012,91.22336,99.66184,0.034556914,0.66249657,0.30294648,0.5291823123955152,yes,10.042241,9.1632,25.2268,4.23229,0.009747851,lspgmoe-v4.0,frozen_v4_0_auxiliary_reference
ZS_EXT_BD0EEB764A84,EXT_BD0EEB764A84,OPEN_CARBON_GLYCAN_2016,SFC_1CD855A0B4A5,LIQ_5C0DC0DCD1,zero_shot,prospective_open_external,15.9,74.25659,10.985519409179688,137.5276641845703,0.9,medium,no,76.120895,75.20784,71.96371,0.034556914,0.66249657,0.30294648,0.576437197696497,yes,9.546887,9.477511,25.2268,4.23229,0.01565772,lspgmoe-v4.0,frozen_v4_0_auxiliary_reference
ZS_EXT_6B9D41D96636,EXT_6B9D41D96636,OPEN_CARBON_GLYCAN_2016,SFC_1CD855A0B4A5,LIQ_6656B41AB7,zero_shot,prospective_open_external,4.9,59.866783,0.0,123.13785552978516,0.9,medium,no,65.86064,63.410492,51.43354,0.034556914,0.66249657,0.30294648,0.5291823123955152,yes,2.3631372,9.841146,25.2268,4.23229,0.039090283,lspgmoe-v4.0,frozen_v4_0_auxiliary_reference
ZS_EXT_BE673F974C34,EXT_BE673F974C34,OPEN_CARBON_GLYCAN_2016,SFC_9CBFB90624F8,LIQ_0F4168490E,zero_shot,prospective_open_external,25.0,93.79831,30.52723693847656,157.0693817138672,0.9,medium,no,91.76012,91.22336,99.66184,0.034556914,0.66249657,0.30294648,0.5291823123955152,yes,10.042241,9.1632,25.2268,4.23229,0.009747851,lspgmoe-v4.0,frozen_v4_0_auxiliary_reference
ZS_EXT_810E90883671,EXT_810E90883671,OPEN_CARBON_GLYCAN_2016,SFC_9CBFB90624F8,LIQ_5C0DC0DCD1,zero_shot,prospective_open_external,20.3,74.25659,10.985519409179688,137.5276641845703,0.9,medium,no,76.120895,75.20784,71.96371,0.034556914,0.66249657,0.30294648,0.576437197696497,yes,9.546887,9.477511,25.2268,4.23229,0.01565772,lspgmoe-v4.0,frozen_v4_0_auxiliary_reference
ZS_EXT_E2B297913813,EXT_E2B297913813,OPEN_CARBON_GLYCAN_2016,SFC_9CBFB90624F8,LIQ_6656B41AB7,zero_shot,prospective_open_external,6.2,59.866783,0.0,123.13785552978516,0.9,medium,no,65.86064,63.410492,51.43354,0.034556914,0.66249657,0.30294648,0.5291823123955152,yes,2.3631372,9.841146,25.2268,4.23229,0.039090283,lspgmoe-v4.0,frozen_v4_0_auxiliary_reference
ZS_EXT_97FF8568B019,EXT_97FF8568B019,OPEN_CARBON_GLYCAN_2016,SFC_73AE050E307F,LIQ_0F4168490E,zero_shot,prospective_open_external,11.8,93.79831,30.52723693847656,157.0693817138672,0.9,medium,no,91.76012,91.22336,99.66184,0.034556914,0.66249657,0.30294648,0.5291823123955152,yes,10.042241,9.1632,25.2268,4.23229,0.009747851,lspgmoe-v4.0,frozen_v4_0_auxiliary_reference
ZS_EXT_006E9D255BB0,EXT_006E9D255BB0,OPEN_CARBON_GLYCAN_2016,SFC_73AE050E307F,LIQ_5C0DC0DCD1,zero_shot,prospective_open_external,16.9,74.25659,10.985519409179688,137.5276641845703,0.9,medium,no,76.120895,75.20784,71.96371,0.034556914,0.66249657,0.30294648,0.576437197696497,yes,9.546887,9.477511,25.2268,4.23229,0.01565772,lspgmoe-v4.0,frozen_v4_0_auxiliary_reference
ZS_EXT_0AFA4AD6501C,EXT_0AFA4AD6501C,OPEN_CARBON_GLYCAN_2016,SFC_73AE050E307F,LIQ_6656B41AB7,zero_shot,prospective_open_external,4.2,59.866783,0.0,123.13785552978516,0.9,medium,no,65.86064,63.410492,51.43354,0.034556914,0.66249657,0.30294648,0.5291823123955152,yes,2.3631372,9.841146,25.2268,4.23229,0.039090283,lspgmoe-v4.0,frozen_v4_0_auxiliary_reference
ZS_EXT_D7EE4324C62B,EXT_D7EE4324C62B,OPEN_FACEMASK_2023,SFC_4AD1E95A7848,LIQ_6656B41AB7,zero_shot,prospective_open_external,103.9,59.27282,0.0,122.54389190673828,0.9,medium,no,65.01073,62.558266,51.43354,0.034556914,0.66249657,0.30294648,0.5600588842767927,yes,2.1229079,9.853441,25.70719,4.121488,0.03879721,lspgmoe-v4.0,frozen_v4_0_auxiliary_reference
ZS_EXT_2ED76F045DA7,EXT_2ED76F045DA7,OPEN_FACEMASK_2023,SFC_4AD1E95A7848,LIQ_1BD1B94C09,zero_shot,prospective_open_external,132.9,69.00564,5.734565734863281,132.2767105102539,0.9,medium,no,69.625305,70.05904,66.63135,0.034556914,0.66249657,0.30294648,0.5909721707245172,yes,8.833366,9.388364,25.70719,4.121488,-0.0054979995,lspgmoe-v4.0,frozen_v4_0_auxiliary_reference
ZS_EXT_3DB1AD2DD595,EXT_3DB1AD2DD595,OPEN_FACEMASK_2023,SFC_4AD1E95A7848,LIQ_0F4168490E,zero_shot,prospective_open_external,125.0,93.679344,30.40827178955078,156.9504165649414,0.9,medium,no,91.61868,91.05116,99.66184,0.034556914,0.66249657,0.30294648,0.5600588842767927,yes,9.832966,9.136193,25.70719,4.121488,0.0102602765,lspgmoe-v4.0,frozen_v4_0_auxiliary_reference
ZS_EXT_21DECF058A46,EXT_21DECF058A46,OPEN_FACEMASK_2023,SFC_2C8D133FAE44,LIQ_6656B41AB7,zero_shot,prospective_open_external,107.4,59.27282,0.0,122.54389190673828,0.9,medium,no,65.01073,62.558266,51.43354,0.034556914,0.66249657,0.30294648,0.5600588842767927,yes,2.1229079,9.853441,25.70719,4.121488,0.03879721,lspgmoe-v4.0,frozen_v4_0_auxiliary_reference
ZS_EXT_F4D52482F27E,EXT_F4D52482F27E,OPEN_FACEMASK_2023,SFC_2C8D133FAE44,LIQ_1BD1B94C09,zero_shot,prospective_open_external,127.3,69.00564,5.734565734863281,132.2767105102539,0.9,medium,no,69.625305,70.05904,66.63135,0.034556914,0.66249657,0.30294648,0.5909721707245172,yes,8.833366,9.388364,25.70719,4.121488,-0.0054979995,lspgmoe-v4.0,frozen_v4_0_auxiliary_reference
ZS_EXT_19F026C2773F,EXT_19F026C2773F,OPEN_FACEMASK_2023,SFC_2C8D133FAE44,LIQ_0F4168490E,zero_shot,prospective_open_external,137.8,93.679344,30.40827178955078,156.9504165649414,0.9,medium,no,91.61868,91.05116,99.66184,0.034556914,0.66249657,0.30294648,0.5600588842767927,yes,9.832966,9.136193,25.70719,4.121488,0.0102602765,lspgmoe-v4.0,frozen_v4_0_auxiliary_reference
ZS_EXT_161578FE82D4,EXT_161578FE82D4,OPEN_FACEMASK_2023,SFC_61C86B62E941,LIQ_6656B41AB7,zero_shot,prospective_open_external,98.5,59.27282,0.0,122.54389190673828,0.9,medium,no,65.01073,62.558266,51.43354,0.034556914,0.66249657,0.30294648,0.5600588842767927,yes,2.1229079,9.853441,25.70719,4.121488,0.03879721,lspgmoe-v4.0,frozen_v4_0_auxiliary_reference
ZS_EXT_A608D8AA1EAA,EXT_A608D8AA1EAA,OPEN_FACEMASK_2023,SFC_61C86B62E941,LIQ_1BD1B94C09,zero_shot,prospective_open_external,113.6,69.00564,5.734565734863281,132.2767105102539,0.9,medium,no,69.625305,70.05904,66.63135,0.034556914,0.66249657,0.30294648,0.5909721707245172,yes,8.833366,9.388364,25.70719,4.121488,-0.0054979995,lspgmoe-v4.0,frozen_v4_0_auxiliary_reference
ZS_EXT_6A758A73420C,EXT_6A758A73420C,OPEN_FACEMASK_2023,SFC_61C86B62E941,LIQ_0F4168490E,zero_shot,prospective_open_external,131.0,93.679344,30.40827178955078,156.9504165649414,0.9,medium,no,91.61868,91.05116,99.66184,0.034556914,0.66249657,0.30294648,0.5600588842767927,yes,9.832966,9.136193,25.70719,4.121488,0.0102602765,lspgmoe-v4.0,frozen_v4_0_auxiliary_reference
ZS_EXT_591446AFD356,EXT_591446AFD356,OPEN_FACEMASK_2023,SFC_5D5B39751D66,LIQ_6656B41AB7,zero_shot,prospective_open_external,75.9,59.27282,0.0,122.54389190673828,0.9,medium,no,65.01073,62.558266,51.43354,0.034556914,0.66249657,0.30294648,0.5600588842767927,yes,2.1229079,9.853441,25.70719,4.121488,0.03879721,lspgmoe-v4.0,frozen_v4_0_auxiliary_reference
ZS_EXT_3FFCD90BF04A,EXT_3FFCD90BF04A,OPEN_FACEMASK_2023,SFC_5D5B39751D66,LIQ_1BD1B94C09,zero_shot,prospective_open_external,118.6,69.00564,5.734565734863281,132.2767105102539,0.9,medium,no,69.625305,70.05904,66.63135,0.034556914,0.66249657,0.30294648,0.5909721707245172,yes,8.833366,9.388364,25.70719,4.121488,-0.0054979995,lspgmoe-v4.0,frozen_v4_0_auxiliary_reference
ZS_EXT_A2BFA9FEE942,EXT_A2BFA9FEE942,OPEN_FACEMASK_2023,SFC_5D5B39751D66,LIQ_0F4168490E,zero_shot,prospective_open_external,125.4,93.679344,30.40827178955078,156.9504165649414,0.9,medium,no,91.61868,91.05116,99.66184,0.034556914,0.66249657,0.30294648,0.5600588842767927,yes,9.832966,9.136193,25.70719,4.121488,0.0102602765,lspgmoe-v4.0,frozen_v4_0_auxiliary_reference
ZS_EXT_E2623286DF9C,EXT_E2623286DF9C,OPEN_FACEMASK_2023,SFC_52742E4E2FF2,LIQ_6656B41AB7,zero_shot,prospective_open_external,22.43,59.27282,0.0,122.54389190673828,0.9,medium,no,65.01073,62.558266,51.43354,0.034556914,0.66249657,0.30294648,0.5600588842767927,yes,2.1229079,9.853441,25.70719,4.121488,0.03879721,lspgmoe-v4.0,frozen_v4_0_auxiliary_reference
ZS_EXT_4414CE8E7161,EXT_4414CE8E7161,OPEN_FACEMASK_2023,SFC_52742E4E2FF2,LIQ_1BD1B94C09,zero_shot,prospective_open_external,53.33,69.00564,5.734565734863281,132.2767105102539,0.9,medium,no,69.625305,70.05904,66.63135,0.034556914,0.66249657,0.30294648,0.5909721707245172,yes,8.833366,9.388364,25.70719,4.121488,-0.0054979995,lspgmoe-v4.0,frozen_v4_0_auxiliary_reference
ZS_EXT_8930F5ABA4B7,EXT_8930F5ABA4B7,OPEN_FACEMASK_2023,SFC_52742E4E2FF2,LIQ_0F4168490E,zero_shot,prospective_open_external,71.77,93.679344,30.40827178955078,156.9504165649414,0.9,medium,no,91.61868,91.05116,99.66184,0.034556914,0.66249657,0.30294648,0.5600588842767927,yes,9.832966,9.136193,25.70719,4.121488,0.0102602765,lspgmoe-v4.0,frozen_v4_0_auxiliary_reference
ZS_EXT_FFFDDFDEE3D0,EXT_FFFDDFDEE3D0,OPEN_FACEMASK_2023,SFC_98A58E5AB649,LIQ_6656B41AB7,zero_shot,prospective_open_external,95.4,59.27282,0.0,122.54389190673828,0.9,medium,no,65.01073,62.558266,51.43354,0.034556914,0.66249657,0.30294648,0.5600588842767927,yes,2.1229079,9.853441,25.70719,4.121488,0.03879721,lspgmoe-v4.0,frozen_v4_0_auxiliary_reference
ZS_EXT_E63EB3F2835E,EXT_E63EB3F2835E,OPEN_FACEMASK_2023,SFC_98A58E5AB649,LIQ_1BD1B94C09,zero_shot,prospective_open_external,95.7,69.00564,5.734565734863281,132.2767105102539,0.9,medium,no,69.625305,70.05904,66.63135,0.034556914,0.66249657,0.30294648,0.5909721707245172,yes,8.833366,9.388364,25.70719,4.121488,-0.0054979995,lspgmoe-v4.0,frozen_v4_0_auxiliary_reference
ZS_EXT_07642A48B0AD,EXT_07642A48B0AD,OPEN_FACEMASK_2023,SFC_98A58E5AB649,LIQ_0F4168490E,zero_shot,prospective_open_external,104.1,93.679344,30.40827178955078,156.9504165649414,0.9,medium,no,91.61868,91.05116,99.66184,0.034556914,0.66249657,0.30294648,0.5600588842767927,yes,9.832966,9.136193,25.70719,4.121488,0.0102602765,lspgmoe-v4.0,frozen_v4_0_auxiliary_reference
ZS_EXT_FEA43C1D185A,EXT_FEA43C1D185A,OPEN_FACEMASK_2023,SFC_804C47F28DD6,LIQ_6656B41AB7,zero_shot,prospective_open_external,57.73,59.27282,0.0,122.54389190673828,0.9,medium,no,65.01073,62.558266,51.43354,0.034556914,0.66249657,0.30294648,0.5600588842767927,yes,2.1229079,9.853441,25.70719,4.121488,0.03879721,lspgmoe-v4.0,frozen_v4_0_auxiliary_reference
ZS_EXT_1D4E7C8984A2,EXT_1D4E7C8984A2,OPEN_FACEMASK_2023,SFC_804C47F28DD6,LIQ_1BD1B94C09,zero_shot,prospective_open_external,41.23,69.00564,5.734565734863281,132.2767105102539,0.9,medium,no,69.625305,70.05904,66.63135,0.034556914,0.66249657,0.30294648,0.5909721707245172,yes,8.833366,9.388364,25.70719,4.121488,-0.0054979995,lspgmoe-v4.0,frozen_v4_0_auxiliary_reference
ZS_EXT_8E2D528C28E4,EXT_8E2D528C28E4,OPEN_FACEMASK_2023,SFC_804C47F28DD6,LIQ_0F4168490E,zero_shot,prospective_open_external,101.67,93.679344,30.40827178955078,156.9504165649414,0.9,medium,no,91.61868,91.05116,99.66184,0.034556914,0.66249657,0.30294648,0.5600588842767927,yes,9.832966,9.136193,25.70719,4.121488,0.0102602765,lspgmoe-v4.0,frozen_v4_0_auxiliary_reference
ZS_EXT_DE22A4AE61FC,EXT_DE22A4AE61FC,OPEN_CHITOSAN_GELATIN_2022,SFC_26BB55DBD67D,LIQ_5C0DC0DCD1,zero_shot,prospective_open_external,71.6,74.7688,11.497726440429688,138.0398712158203,0.9,high,yes,73.1697,76.12985,71.974815,0.034556914,0.66249657,0.30294648,2.803904476806431,yes,18.293558,11.095537,32.71166,3.3455749,-0.04033213,lspgmoe-v4.0,frozen_v4_0_auxiliary_reference
ZS_EXT_7534CEB38FB4,EXT_7534CEB38FB4,OPEN_CHITOSAN_GELATIN_2022,SFC_26BB55DBD67D,LIQ_6656B41AB7,zero_shot,prospective_open_external,46.8,54.05993,0.0,117.33100128173828,0.9,high,yes,52.662273,55.328747,51.444653,0.034556914,0.66249657,0.30294648,2.7850238533024205,yes,17.197687,11.639385,32.71166,3.3455749,-0.012617929,lspgmoe-v4.0,frozen_v4_0_auxiliary_reference
ZS_EXT_397F0C3BD5CF,EXT_397F0C3BD5CF,OPEN_CHITOSAN_GELATIN_2022,SFC_D400AC079E9D,LIQ_5C0DC0DCD1,zero_shot,prospective_open_external,74.0,74.7688,11.497726440429688,138.0398712158203,0.9,high,yes,73.1697,76.12985,71.974815,0.034556914,0.66249657,0.30294648,2.803904476806431,yes,18.293558,11.095537,32.71166,3.3455749,-0.04033213,lspgmoe-v4.0,frozen_v4_0_auxiliary_reference
ZS_EXT_B24A3A78D359,EXT_B24A3A78D359,OPEN_CHITOSAN_GELATIN_2022,SFC_D400AC079E9D,LIQ_6656B41AB7,zero_shot,prospective_open_external,44.3,54.05993,0.0,117.33100128173828,0.9,high,yes,52.662273,55.328747,51.444653,0.034556914,0.66249657,0.30294648,2.7850238533024205,yes,17.197687,11.639385,32.71166,3.3455749,-0.012617929,lspgmoe-v4.0,frozen_v4_0_auxiliary_reference
ZS_EXT_F82FEAC10BBB,EXT_F82FEAC10BBB,OPEN_CHITOSAN_GELATIN_2022,SFC_F1718B0B4710,LIQ_5C0DC0DCD1,zero_shot,prospective_open_external,69.4,74.7688,11.497726440429688,138.0398712158203,0.9,high,yes,73.1697,76.12985,71.974815,0.034556914,0.66249657,0.30294648,2.803904476806431,yes,18.293558,11.095537,32.71166,3.3455749,-0.04033213,lspgmoe-v4.0,frozen_v4_0_auxiliary_reference
ZS_EXT_67BEF7CA0F14,EXT_67BEF7CA0F14,OPEN_CHITOSAN_GELATIN_2022,SFC_F1718B0B4710,LIQ_6656B41AB7,zero_shot,prospective_open_external,43.6,54.05993,0.0,117.33100128173828,0.9,high,yes,52.662273,55.328747,51.444653,0.034556914,0.66249657,0.30294648,2.7850238533024205,yes,17.197687,11.639385,32.71166,3.3455749,-0.012617929,lspgmoe-v4.0,frozen_v4_0_auxiliary_reference
ZS_EXT_D348EE3E6106,EXT_D348EE3E6106,OPEN_CHITOSAN_GELATIN_2022,SFC_C768409105A9,LIQ_5C0DC0DCD1,zero_shot,prospective_open_external,69.8,74.7688,11.497726440429688,138.0398712158203,0.9,high,yes,73.1697,76.12985,71.974815,0.034556914,0.66249657,0.30294648,2.803904476806431,yes,18.293558,11.095537,32.71166,3.3455749,-0.04033213,lspgmoe-v4.0,frozen_v4_0_auxiliary_reference
ZS_EXT_FEB300669898,EXT_FEB300669898,OPEN_CHITOSAN_GELATIN_2022,SFC_C768409105A9,LIQ_6656B41AB7,zero_shot,prospective_open_external,45.2,54.05993,0.0,117.33100128173828,0.9,high,yes,52.662273,55.328747,51.444653,0.034556914,0.66249657,0.30294648,2.7850238533024205,yes,17.197687,11.639385,32.71166,3.3455749,-0.012617929,lspgmoe-v4.0,frozen_v4_0_auxiliary_reference
ZS_EXT_126475924947,EXT_126475924947,OPEN_CHITOSAN_GELATIN_2022,SFC_21C07DE8FEA5,LIQ_5C0DC0DCD1,zero_shot,prospective_open_external,66.8,74.7688,11.497726440429688,138.0398712158203,0.9,high,yes,73.1697,76.12985,71.974815,0.034556914,0.66249657,0.30294648,2.803904476806431,yes,18.293558,11.095537,32.71166,3.3455749,-0.04033213,lspgmoe-v4.0,frozen_v4_0_auxiliary_reference
ZS_EXT_CC9EEC4BEE40,EXT_CC9EEC4BEE40,OPEN_CHITOSAN_GELATIN_2022,SFC_21C07DE8FEA5,LIQ_6656B41AB7,zero_shot,prospective_open_external,45.6,54.05993,0.0,117.33100128173828,0.9,high,yes,52.662273,55.328747,51.444653,0.034556914,0.66249657,0.30294648,2.7850238533024205,yes,17.197687,11.639385,32.71166,3.3455749,-0.012617929,lspgmoe-v4.0,frozen_v4_0_auxiliary_reference
ZS_EXT_618DAE924695,EXT_618DAE924695,OPEN_CHITOSAN_GELATIN_2022,SFC_4988FD117978,LIQ_5C0DC0DCD1,zero_shot,prospective_open_external,68.1,74.7688,11.497726440429688,138.0398712158203,0.9,high,yes,73.1697,76.12985,71.974815,0.034556914,0.66249657,0.30294648,2.803904476806431,yes,18.293558,11.095537,32.71166,3.3455749,-0.04033213,lspgmoe-v4.0,frozen_v4_0_auxiliary_reference
ZS_EXT_FC56291F305C,EXT_FC56291F305C,OPEN_CHITOSAN_GELATIN_2022,SFC_4988FD117978,LIQ_6656B41AB7,zero_shot,prospective_open_external,43.7,54.05993,0.0,117.33100128173828,0.9,high,yes,52.662273,55.328747,51.444653,0.034556914,0.66249657,0.30294648,2.7850238533024205,yes,17.197687,11.639385,32.71166,3.3455749,-0.012617929,lspgmoe-v4.0,frozen_v4_0_auxiliary_reference
ZS_EXT_0793ADE7D32F,EXT_0793ADE7D32F,OPEN_CHITOSAN_GELATIN_2022,SFC_728D367B9FEB,LIQ_5C0DC0DCD1,zero_shot,prospective_open_external,67.9,74.7688,11.497726440429688,138.0398712158203,0.9,high,yes,73.1697,76.12985,71.974815,0.034556914,0.66249657,0.30294648,2.803904476806431,yes,18.293558,11.095537,32.71166,3.3455749,-0.04033213,lspgmoe-v4.0,frozen_v4_0_auxiliary_reference
ZS_EXT_9F8D5B3E0335,EXT_9F8D5B3E0335,OPEN_CHITOSAN_GELATIN_2022,SFC_728D367B9FEB,LIQ_6656B41AB7,zero_shot,prospective_open_external,45.4,54.05993,0.0,117.33100128173828,0.9,high,yes,52.662273,55.328747,51.444653,0.034556914,0.66249657,0.30294648,2.7850238533024205,yes,17.197687,11.639385,32.71166,3.3455749,-0.012617929,lspgmoe-v4.0,frozen_v4_0_auxiliary_reference
