record_status,source_group_id,source_title,original_table_location,surface_label,material,treatment,state,liquid,contact_angle_deg,contact_angle_type,std_deg,range_deg,reported_uncertainty_deg,uncertainty_type,replicate_n,measurement_method,droplet_volume,license,DOI,keep_reason,extraction_note
keep,SRC001,Wettability Modification of Nanomaterials by Low-Energy Electron Flux,"Table 2, row 'As-prepared diamond powder', liquid column '1-bromonaphthalene'",As-prepared diamond powder,diamond powder (average particle size 1 um),untreated/as prepared,powder manually packed into a glass tube; particles shaken during treatment,1-bromonaphthalene,35,capillary_rise_washburn_derived,,,3,reported_plus_minus_type_not_defined,,Packed-bed capillary-rise method; liquid-rise height versus time converted with the Washburn equation; n-hexane used to determine effective capillary radius.,not applicable (capillary-rise measurement),Copyright 2009 to the authors; PMC OA API license=none; no machine-readable Creative Commons license in the retrieved article XML.,10.1007/s11671-009-9380-0,keep_primary_table_value,Re-extracted directly from the article XML. Do not map the treatment to the legacy 100 h/200 h labels; those durations are not reported here.
keep,SRC001,Wettability Modification of Nanomaterials by Low-Energy Electron Flux,"Table 2, row 'As-prepared diamond powder', liquid column 'ethylene glycol'",As-prepared diamond powder,diamond powder (average particle size 1 um),untreated/as prepared,powder manually packed into a glass tube; particles shaken during treatment,ethylene glycol,54,capillary_rise_washburn_derived,,,2,reported_plus_minus_type_not_defined,,Packed-bed capillary-rise method; liquid-rise height versus time converted with the Washburn equation; n-hexane used to determine effective capillary radius.,not applicable (capillary-rise measurement),Copyright 2009 to the authors; PMC OA API license=none; no machine-readable Creative Commons license in the retrieved article XML.,10.1007/s11671-009-9380-0,keep_primary_table_value,Re-extracted directly from the article XML. Do not map the treatment to the legacy 100 h/200 h labels; those durations are not reported here.
keep,SRC001,Wettability Modification of Nanomaterials by Low-Energy Electron Flux,"Table 2, row 'As-prepared diamond powder', liquid column 'diiodomethane'",As-prepared diamond powder,diamond powder (average particle size 1 um),untreated/as prepared,powder manually packed into a glass tube; particles shaken during treatment,diiodomethane,76,capillary_rise_washburn_derived,,,1,reported_plus_minus_type_not_defined,,Packed-bed capillary-rise method; liquid-rise height versus time converted with the Washburn equation; n-hexane used to determine effective capillary radius.,not applicable (capillary-rise measurement),Copyright 2009 to the authors; PMC OA API license=none; no machine-readable Creative Commons license in the retrieved article XML.,10.1007/s11671-009-9380-0,keep_primary_table_value,Re-extracted directly from the article XML. Do not map the treatment to the legacy 100 h/200 h labels; those durations are not reported here.
keep,SRC001,Wettability Modification of Nanomaterials by Low-Energy Electron Flux,"Table 2, row 'As-prepared diamond powder', liquid column 'formamide'",As-prepared diamond powder,diamond powder (average particle size 1 um),untreated/as prepared,powder manually packed into a glass tube; particles shaken during treatment,formamide,62,capillary_rise_washburn_derived,,,2,reported_plus_minus_type_not_defined,,Packed-bed capillary-rise method; liquid-rise height versus time converted with the Washburn equation; n-hexane used to determine effective capillary radius.,not applicable (capillary-rise measurement),Copyright 2009 to the authors; PMC OA API license=none; no machine-readable Creative Commons license in the retrieved article XML.,10.1007/s11671-009-9380-0,keep_primary_table_value,Re-extracted directly from the article XML. Do not map the treatment to the legacy 100 h/200 h labels; those durations are not reported here.
keep,SRC001,Wettability Modification of Nanomaterials by Low-Energy Electron Flux,"Table 2, row 'As-prepared diamond powder', liquid column 'water'",As-prepared diamond powder,diamond powder (average particle size 1 um),untreated/as prepared,powder manually packed into a glass tube; particles shaken during treatment,water,75,capillary_rise_washburn_derived,,,1,reported_plus_minus_type_not_defined,,Packed-bed capillary-rise method; liquid-rise height versus time converted with the Washburn equation; n-hexane used to determine effective capillary radius.,not applicable (capillary-rise measurement),Copyright 2009 to the authors; PMC OA API license=none; no machine-readable Creative Commons license in the retrieved article XML.,10.1007/s11671-009-9380-0,keep_primary_table_value,Re-extracted directly from the article XML. Do not map the treatment to the legacy 100 h/200 h labels; those durations are not reported here.
keep,SRC001,Wettability Modification of Nanomaterials by Low-Energy Electron Flux,"Table 2, row 'UV-illuminated diamond powder', liquid column '1-bromonaphthalene'",UV-illuminated diamond powder,diamond powder (average particle size 1 um),Hg-Xe UV illumination for approximately 5 min,powder manually packed into a glass tube; particles shaken during treatment,1-bromonaphthalene,38,capillary_rise_washburn_derived,,,2,reported_plus_minus_type_not_defined,,Packed-bed capillary-rise method; liquid-rise height versus time converted with the Washburn equation; n-hexane used to determine effective capillary radius.,not applicable (capillary-rise measurement),Copyright 2009 to the authors; PMC OA API license=none; no machine-readable Creative Commons license in the retrieved article XML.,10.1007/s11671-009-9380-0,keep_primary_table_value,Re-extracted directly from the article XML. Do not map the treatment to the legacy 100 h/200 h labels; those durations are not reported here.
keep,SRC001,Wettability Modification of Nanomaterials by Low-Energy Electron Flux,"Table 2, row 'UV-illuminated diamond powder', liquid column 'ethylene glycol'",UV-illuminated diamond powder,diamond powder (average particle size 1 um),Hg-Xe UV illumination for approximately 5 min,powder manually packed into a glass tube; particles shaken during treatment,ethylene glycol,54,capillary_rise_washburn_derived,,,2,reported_plus_minus_type_not_defined,,Packed-bed capillary-rise method; liquid-rise height versus time converted with the Washburn equation; n-hexane used to determine effective capillary radius.,not applicable (capillary-rise measurement),Copyright 2009 to the authors; PMC OA API license=none; no machine-readable Creative Commons license in the retrieved article XML.,10.1007/s11671-009-9380-0,keep_primary_table_value,Re-extracted directly from the article XML. Do not map the treatment to the legacy 100 h/200 h labels; those durations are not reported here.
keep,SRC001,Wettability Modification of Nanomaterials by Low-Energy Electron Flux,"Table 2, row 'UV-illuminated diamond powder', liquid column 'diiodomethane'",UV-illuminated diamond powder,diamond powder (average particle size 1 um),Hg-Xe UV illumination for approximately 5 min,powder manually packed into a glass tube; particles shaken during treatment,diiodomethane,69,capillary_rise_washburn_derived,,,3,reported_plus_minus_type_not_defined,,Packed-bed capillary-rise method; liquid-rise height versus time converted with the Washburn equation; n-hexane used to determine effective capillary radius.,not applicable (capillary-rise measurement),Copyright 2009 to the authors; PMC OA API license=none; no machine-readable Creative Commons license in the retrieved article XML.,10.1007/s11671-009-9380-0,keep_primary_table_value,Re-extracted directly from the article XML. Do not map the treatment to the legacy 100 h/200 h labels; those durations are not reported here.
keep,SRC001,Wettability Modification of Nanomaterials by Low-Energy Electron Flux,"Table 2, row 'UV-illuminated diamond powder', liquid column 'formamide'",UV-illuminated diamond powder,diamond powder (average particle size 1 um),Hg-Xe UV illumination for approximately 5 min,powder manually packed into a glass tube; particles shaken during treatment,formamide,52,capillary_rise_washburn_derived,,,2,reported_plus_minus_type_not_defined,,Packed-bed capillary-rise method; liquid-rise height versus time converted with the Washburn equation; n-hexane used to determine effective capillary radius.,not applicable (capillary-rise measurement),Copyright 2009 to the authors; PMC OA API license=none; no machine-readable Creative Commons license in the retrieved article XML.,10.1007/s11671-009-9380-0,keep_primary_table_value,Re-extracted directly from the article XML. Do not map the treatment to the legacy 100 h/200 h labels; those durations are not reported here.
keep,SRC001,Wettability Modification of Nanomaterials by Low-Energy Electron Flux,"Table 2, row 'UV-illuminated diamond powder', liquid column 'water'",UV-illuminated diamond powder,diamond powder (average particle size 1 um),Hg-Xe UV illumination for approximately 5 min,powder manually packed into a glass tube; particles shaken during treatment,water,70,capillary_rise_washburn_derived,,,1,reported_plus_minus_type_not_defined,,Packed-bed capillary-rise method; liquid-rise height versus time converted with the Washburn equation; n-hexane used to determine effective capillary radius.,not applicable (capillary-rise measurement),Copyright 2009 to the authors; PMC OA API license=none; no machine-readable Creative Commons license in the retrieved article XML.,10.1007/s11671-009-9380-0,keep_primary_table_value,Re-extracted directly from the article XML. Do not map the treatment to the legacy 100 h/200 h labels; those durations are not reported here.
keep,SRC001,Wettability Modification of Nanomaterials by Low-Energy Electron Flux,"Table 2, row 'E-beam-irradiated diamond powder', liquid column '1-bromonaphthalene'",E-beam-irradiated diamond powder,diamond powder (average particle size 1 um),"300 eV electron irradiation, 360 uC/cm2, 1e-7 Torr, room temperature",powder manually packed into a glass tube; particles shaken during treatment,1-bromonaphthalene,35,capillary_rise_washburn_derived,,,2,reported_plus_minus_type_not_defined,,Packed-bed capillary-rise method; liquid-rise height versus time converted with the Washburn equation; n-hexane used to determine effective capillary radius.,not applicable (capillary-rise measurement),Copyright 2009 to the authors; PMC OA API license=none; no machine-readable Creative Commons license in the retrieved article XML.,10.1007/s11671-009-9380-0,keep_primary_table_value,Re-extracted directly from the article XML. Do not map the treatment to the legacy 100 h/200 h labels; those durations are not reported here.
keep,SRC001,Wettability Modification of Nanomaterials by Low-Energy Electron Flux,"Table 2, row 'E-beam-irradiated diamond powder', liquid column 'ethylene glycol'",E-beam-irradiated diamond powder,diamond powder (average particle size 1 um),"300 eV electron irradiation, 360 uC/cm2, 1e-7 Torr, room temperature",powder manually packed into a glass tube; particles shaken during treatment,ethylene glycol,70,capillary_rise_washburn_derived,,,1,reported_plus_minus_type_not_defined,,Packed-bed capillary-rise method; liquid-rise height versus time converted with the Washburn equation; n-hexane used to determine effective capillary radius.,not applicable (capillary-rise measurement),Copyright 2009 to the authors; PMC OA API license=none; no machine-readable Creative Commons license in the retrieved article XML.,10.1007/s11671-009-9380-0,keep_primary_table_value,Re-extracted directly from the article XML. Do not map the treatment to the legacy 100 h/200 h labels; those durations are not reported here.
keep,SRC001,Wettability Modification of Nanomaterials by Low-Energy Electron Flux,"Table 2, row 'E-beam-irradiated diamond powder', liquid column 'diiodomethane'",E-beam-irradiated diamond powder,diamond powder (average particle size 1 um),"300 eV electron irradiation, 360 uC/cm2, 1e-7 Torr, room temperature",powder manually packed into a glass tube; particles shaken during treatment,diiodomethane,80,capillary_rise_washburn_derived,,,2,reported_plus_minus_type_not_defined,,Packed-bed capillary-rise method; liquid-rise height versus time converted with the Washburn equation; n-hexane used to determine effective capillary radius.,not applicable (capillary-rise measurement),Copyright 2009 to the authors; PMC OA API license=none; no machine-readable Creative Commons license in the retrieved article XML.,10.1007/s11671-009-9380-0,keep_primary_table_value,Re-extracted directly from the article XML. Do not map the treatment to the legacy 100 h/200 h labels; those durations are not reported here.
keep,SRC001,Wettability Modification of Nanomaterials by Low-Energy Electron Flux,"Table 2, row 'E-beam-irradiated diamond powder', liquid column 'formamide'",E-beam-irradiated diamond powder,diamond powder (average particle size 1 um),"300 eV electron irradiation, 360 uC/cm2, 1e-7 Torr, room temperature",powder manually packed into a glass tube; particles shaken during treatment,formamide,80,capillary_rise_washburn_derived,,,3,reported_plus_minus_type_not_defined,,Packed-bed capillary-rise method; liquid-rise height versus time converted with the Washburn equation; n-hexane used to determine effective capillary radius.,not applicable (capillary-rise measurement),Copyright 2009 to the authors; PMC OA API license=none; no machine-readable Creative Commons license in the retrieved article XML.,10.1007/s11671-009-9380-0,keep_primary_table_value,Re-extracted directly from the article XML. Do not map the treatment to the legacy 100 h/200 h labels; those durations are not reported here.
keep,SRC001,Wettability Modification of Nanomaterials by Low-Energy Electron Flux,"Table 2, row 'E-beam-irradiated diamond powder', liquid column 'water'",E-beam-irradiated diamond powder,diamond powder (average particle size 1 um),"300 eV electron irradiation, 360 uC/cm2, 1e-7 Torr, room temperature",powder manually packed into a glass tube; particles shaken during treatment,water,84,capillary_rise_washburn_derived,,,2,reported_plus_minus_type_not_defined,,Packed-bed capillary-rise method; liquid-rise height versus time converted with the Washburn equation; n-hexane used to determine effective capillary radius.,not applicable (capillary-rise measurement),Copyright 2009 to the authors; PMC OA API license=none; no machine-readable Creative Commons license in the retrieved article XML.,10.1007/s11671-009-9380-0,keep_primary_table_value,Re-extracted directly from the article XML. Do not map the treatment to the legacy 100 h/200 h labels; those durations are not reported here.
keep,SRC001,Wettability Modification of Nanomaterials by Low-Energy Electron Flux,"Table 3, row 'As-prepared ZnO nanomaterial', liquid column '1-bromonaphthalene'",As-prepared ZnO nanomaterial,ZnO powder (99.4% purity; average particle size 200 nm),untreated/as prepared,powder manually packed into a glass tube; particles shaken during treatment,1-bromonaphthalene,9,capillary_rise_washburn_derived,,,1,reported_plus_minus_type_not_defined,,Packed-bed capillary-rise method; liquid-rise height versus time converted with the Washburn equation; n-hexane used to determine effective capillary radius.,not applicable (capillary-rise measurement),Copyright 2009 to the authors; PMC OA API license=none; no machine-readable Creative Commons license in the retrieved article XML.,10.1007/s11671-009-9380-0,keep_primary_table_value,Re-extracted directly from the article XML. Do not map the treatment to the legacy 100 h/200 h labels; those durations are not reported here.
keep,SRC001,Wettability Modification of Nanomaterials by Low-Energy Electron Flux,"Table 3, row 'As-prepared ZnO nanomaterial', liquid column 'ethylene glycol'",As-prepared ZnO nanomaterial,ZnO powder (99.4% purity; average particle size 200 nm),untreated/as prepared,powder manually packed into a glass tube; particles shaken during treatment,ethylene glycol,63,capillary_rise_washburn_derived,,,1,reported_plus_minus_type_not_defined,,Packed-bed capillary-rise method; liquid-rise height versus time converted with the Washburn equation; n-hexane used to determine effective capillary radius.,not applicable (capillary-rise measurement),Copyright 2009 to the authors; PMC OA API license=none; no machine-readable Creative Commons license in the retrieved article XML.,10.1007/s11671-009-9380-0,keep_primary_table_value,Re-extracted directly from the article XML. Do not map the treatment to the legacy 100 h/200 h labels; those durations are not reported here.
keep,SRC001,Wettability Modification of Nanomaterials by Low-Energy Electron Flux,"Table 3, row 'As-prepared ZnO nanomaterial', liquid column 'diiodomethane'",As-prepared ZnO nanomaterial,ZnO powder (99.4% purity; average particle size 200 nm),untreated/as prepared,powder manually packed into a glass tube; particles shaken during treatment,diiodomethane,66,capillary_rise_washburn_derived,,,2,reported_plus_minus_type_not_defined,,Packed-bed capillary-rise method; liquid-rise height versus time converted with the Washburn equation; n-hexane used to determine effective capillary radius.,not applicable (capillary-rise measurement),Copyright 2009 to the authors; PMC OA API license=none; no machine-readable Creative Commons license in the retrieved article XML.,10.1007/s11671-009-9380-0,keep_primary_table_value,Re-extracted directly from the article XML. Do not map the treatment to the legacy 100 h/200 h labels; those durations are not reported here.
keep,SRC001,Wettability Modification of Nanomaterials by Low-Energy Electron Flux,"Table 3, row 'As-prepared ZnO nanomaterial', liquid column 'formamide'",As-prepared ZnO nanomaterial,ZnO powder (99.4% purity; average particle size 200 nm),untreated/as prepared,powder manually packed into a glass tube; particles shaken during treatment,formamide,52,capillary_rise_washburn_derived,,,3,reported_plus_minus_type_not_defined,,Packed-bed capillary-rise method; liquid-rise height versus time converted with the Washburn equation; n-hexane used to determine effective capillary radius.,not applicable (capillary-rise measurement),Copyright 2009 to the authors; PMC OA API license=none; no machine-readable Creative Commons license in the retrieved article XML.,10.1007/s11671-009-9380-0,keep_primary_table_value,Re-extracted directly from the article XML. Do not map the treatment to the legacy 100 h/200 h labels; those durations are not reported here.
keep,SRC001,Wettability Modification of Nanomaterials by Low-Energy Electron Flux,"Table 3, row 'As-prepared ZnO nanomaterial', liquid column 'water'",As-prepared ZnO nanomaterial,ZnO powder (99.4% purity; average particle size 200 nm),untreated/as prepared,powder manually packed into a glass tube; particles shaken during treatment,water,60,capillary_rise_washburn_derived,,,4,reported_plus_minus_type_not_defined,,Packed-bed capillary-rise method; liquid-rise height versus time converted with the Washburn equation; n-hexane used to determine effective capillary radius.,not applicable (capillary-rise measurement),Copyright 2009 to the authors; PMC OA API license=none; no machine-readable Creative Commons license in the retrieved article XML.,10.1007/s11671-009-9380-0,keep_primary_table_value,Re-extracted directly from the article XML. Do not map the treatment to the legacy 100 h/200 h labels; those durations are not reported here.
keep,SRC001,Wettability Modification of Nanomaterials by Low-Energy Electron Flux,"Table 3, row 'UV-illuminated ZnO nanomaterial', liquid column '1-bromonaphthalene'",UV-illuminated ZnO nanomaterial,ZnO powder (99.4% purity; average particle size 200 nm),Hg-Xe UV illumination for approximately 5 min,powder manually packed into a glass tube; particles shaken during treatment,1-bromonaphthalene,8,capillary_rise_washburn_derived,,,2,reported_plus_minus_type_not_defined,,Packed-bed capillary-rise method; liquid-rise height versus time converted with the Washburn equation; n-hexane used to determine effective capillary radius.,not applicable (capillary-rise measurement),Copyright 2009 to the authors; PMC OA API license=none; no machine-readable Creative Commons license in the retrieved article XML.,10.1007/s11671-009-9380-0,keep_primary_table_value,Re-extracted directly from the article XML. Do not map the treatment to the legacy 100 h/200 h labels; those durations are not reported here.
keep,SRC001,Wettability Modification of Nanomaterials by Low-Energy Electron Flux,"Table 3, row 'UV-illuminated ZnO nanomaterial', liquid column 'ethylene glycol'",UV-illuminated ZnO nanomaterial,ZnO powder (99.4% purity; average particle size 200 nm),Hg-Xe UV illumination for approximately 5 min,powder manually packed into a glass tube; particles shaken during treatment,ethylene glycol,14,capillary_rise_washburn_derived,,,2,reported_plus_minus_type_not_defined,,Packed-bed capillary-rise method; liquid-rise height versus time converted with the Washburn equation; n-hexane used to determine effective capillary radius.,not applicable (capillary-rise measurement),Copyright 2009 to the authors; PMC OA API license=none; no machine-readable Creative Commons license in the retrieved article XML.,10.1007/s11671-009-9380-0,keep_primary_table_value,Re-extracted directly from the article XML. Do not map the treatment to the legacy 100 h/200 h labels; those durations are not reported here.
keep,SRC001,Wettability Modification of Nanomaterials by Low-Energy Electron Flux,"Table 3, row 'UV-illuminated ZnO nanomaterial', liquid column 'diiodomethane'",UV-illuminated ZnO nanomaterial,ZnO powder (99.4% purity; average particle size 200 nm),Hg-Xe UV illumination for approximately 5 min,powder manually packed into a glass tube; particles shaken during treatment,diiodomethane,64,capillary_rise_washburn_derived,,,1,reported_plus_minus_type_not_defined,,Packed-bed capillary-rise method; liquid-rise height versus time converted with the Washburn equation; n-hexane used to determine effective capillary radius.,not applicable (capillary-rise measurement),Copyright 2009 to the authors; PMC OA API license=none; no machine-readable Creative Commons license in the retrieved article XML.,10.1007/s11671-009-9380-0,keep_primary_table_value,Re-extracted directly from the article XML. Do not map the treatment to the legacy 100 h/200 h labels; those durations are not reported here.
keep,SRC001,Wettability Modification of Nanomaterials by Low-Energy Electron Flux,"Table 3, row 'UV-illuminated ZnO nanomaterial', liquid column 'formamide'",UV-illuminated ZnO nanomaterial,ZnO powder (99.4% purity; average particle size 200 nm),Hg-Xe UV illumination for approximately 5 min,powder manually packed into a glass tube; particles shaken during treatment,formamide,20,capillary_rise_washburn_derived,,,2,reported_plus_minus_type_not_defined,,Packed-bed capillary-rise method; liquid-rise height versus time converted with the Washburn equation; n-hexane used to determine effective capillary radius.,not applicable (capillary-rise measurement),Copyright 2009 to the authors; PMC OA API license=none; no machine-readable Creative Commons license in the retrieved article XML.,10.1007/s11671-009-9380-0,keep_primary_table_value,Re-extracted directly from the article XML. Do not map the treatment to the legacy 100 h/200 h labels; those durations are not reported here.
keep,SRC001,Wettability Modification of Nanomaterials by Low-Energy Electron Flux,"Table 3, row 'UV-illuminated ZnO nanomaterial', liquid column 'water'",UV-illuminated ZnO nanomaterial,ZnO powder (99.4% purity; average particle size 200 nm),Hg-Xe UV illumination for approximately 5 min,powder manually packed into a glass tube; particles shaken during treatment,water,3,capillary_rise_washburn_derived,,,1,reported_plus_minus_type_not_defined,,Packed-bed capillary-rise method; liquid-rise height versus time converted with the Washburn equation; n-hexane used to determine effective capillary radius.,not applicable (capillary-rise measurement),Copyright 2009 to the authors; PMC OA API license=none; no machine-readable Creative Commons license in the retrieved article XML.,10.1007/s11671-009-9380-0,keep_primary_table_value,Re-extracted directly from the article XML. Do not map the treatment to the legacy 100 h/200 h labels; those durations are not reported here.
keep,SRC001,Wettability Modification of Nanomaterials by Low-Energy Electron Flux,"Table 3, row 'E-beam-irradiated ZnO nanomaterial', liquid column '1-bromonaphthalene'",E-beam-irradiated ZnO nanomaterial,ZnO powder (99.4% purity; average particle size 200 nm),"300 eV electron irradiation, 360 uC/cm2, 1e-7 Torr, room temperature",powder manually packed into a glass tube; particles shaken during treatment,1-bromonaphthalene,8,capillary_rise_washburn_derived,,,1,reported_plus_minus_type_not_defined,,Packed-bed capillary-rise method; liquid-rise height versus time converted with the Washburn equation; n-hexane used to determine effective capillary radius.,not applicable (capillary-rise measurement),Copyright 2009 to the authors; PMC OA API license=none; no machine-readable Creative Commons license in the retrieved article XML.,10.1007/s11671-009-9380-0,keep_primary_table_value,Re-extracted directly from the article XML. Do not map the treatment to the legacy 100 h/200 h labels; those durations are not reported here.
keep,SRC001,Wettability Modification of Nanomaterials by Low-Energy Electron Flux,"Table 3, row 'E-beam-irradiated ZnO nanomaterial', liquid column 'ethylene glycol'",E-beam-irradiated ZnO nanomaterial,ZnO powder (99.4% purity; average particle size 200 nm),"300 eV electron irradiation, 360 uC/cm2, 1e-7 Torr, room temperature",powder manually packed into a glass tube; particles shaken during treatment,ethylene glycol,72,capillary_rise_washburn_derived,,,1,reported_plus_minus_type_not_defined,,Packed-bed capillary-rise method; liquid-rise height versus time converted with the Washburn equation; n-hexane used to determine effective capillary radius.,not applicable (capillary-rise measurement),Copyright 2009 to the authors; PMC OA API license=none; no machine-readable Creative Commons license in the retrieved article XML.,10.1007/s11671-009-9380-0,keep_primary_table_value,Re-extracted directly from the article XML. Do not map the treatment to the legacy 100 h/200 h labels; those durations are not reported here.
keep,SRC001,Wettability Modification of Nanomaterials by Low-Energy Electron Flux,"Table 3, row 'E-beam-irradiated ZnO nanomaterial', liquid column 'diiodomethane'",E-beam-irradiated ZnO nanomaterial,ZnO powder (99.4% purity; average particle size 200 nm),"300 eV electron irradiation, 360 uC/cm2, 1e-7 Torr, room temperature",powder manually packed into a glass tube; particles shaken during treatment,diiodomethane,70,capillary_rise_washburn_derived,,,2,reported_plus_minus_type_not_defined,,Packed-bed capillary-rise method; liquid-rise height versus time converted with the Washburn equation; n-hexane used to determine effective capillary radius.,not applicable (capillary-rise measurement),Copyright 2009 to the authors; PMC OA API license=none; no machine-readable Creative Commons license in the retrieved article XML.,10.1007/s11671-009-9380-0,keep_primary_table_value,Re-extracted directly from the article XML. Do not map the treatment to the legacy 100 h/200 h labels; those durations are not reported here.
keep,SRC001,Wettability Modification of Nanomaterials by Low-Energy Electron Flux,"Table 3, row 'E-beam-irradiated ZnO nanomaterial', liquid column 'formamide'",E-beam-irradiated ZnO nanomaterial,ZnO powder (99.4% purity; average particle size 200 nm),"300 eV electron irradiation, 360 uC/cm2, 1e-7 Torr, room temperature",powder manually packed into a glass tube; particles shaken during treatment,formamide,73,capillary_rise_washburn_derived,,,3,reported_plus_minus_type_not_defined,,Packed-bed capillary-rise method; liquid-rise height versus time converted with the Washburn equation; n-hexane used to determine effective capillary radius.,not applicable (capillary-rise measurement),Copyright 2009 to the authors; PMC OA API license=none; no machine-readable Creative Commons license in the retrieved article XML.,10.1007/s11671-009-9380-0,keep_primary_table_value,Re-extracted directly from the article XML. Do not map the treatment to the legacy 100 h/200 h labels; those durations are not reported here.
keep,SRC001,Wettability Modification of Nanomaterials by Low-Energy Electron Flux,"Table 3, row 'E-beam-irradiated ZnO nanomaterial', liquid column 'water'",E-beam-irradiated ZnO nanomaterial,ZnO powder (99.4% purity; average particle size 200 nm),"300 eV electron irradiation, 360 uC/cm2, 1e-7 Torr, room temperature",powder manually packed into a glass tube; particles shaken during treatment,water,85,capillary_rise_washburn_derived,,,2,reported_plus_minus_type_not_defined,,Packed-bed capillary-rise method; liquid-rise height versus time converted with the Washburn equation; n-hexane used to determine effective capillary radius.,not applicable (capillary-rise measurement),Copyright 2009 to the authors; PMC OA API license=none; no machine-readable Creative Commons license in the retrieved article XML.,10.1007/s11671-009-9380-0,keep_primary_table_value,Re-extracted directly from the article XML. Do not map the treatment to the legacy 100 h/200 h labels; those durations are not reported here.
keep,SRC004,Hydrophobicity of Rare-Earth Oxide Ceramics,"Supplementary Table S2, row 'Sintered CeO2', water theta_adv column",Sintered CeO2,CeO2,sintered pellet; mirror polished to 0.03 um before measurement,polished sintered ceramic; cleaned and vacuum-desiccated,water,103,advancing,,,2,reported_plus_minus_type_not_defined,,"Rame-Hart M500 advanced goniometer; sintered pellets polished to a mirror finish down to 0.03 um alumina, solvent/water cleaned, and vacuum-desiccated.",not reported,Copyright 2013 Macmillan Publishers Limited. All rights reserved.,10.1038/NMAT3545,keep_primary_supplementary_table_value,Table S2 labels theta_adv. The separate water contact-angle-hysteresis column was intentionally not imported as a contact-angle target.
keep,SRC004,Hydrophobicity of Rare-Earth Oxide Ceramics,"Supplementary Table S2, row 'Sintered CeO2', ethylene glycol theta_adv column",Sintered CeO2,CeO2,sintered pellet; mirror polished to 0.03 um before measurement,polished sintered ceramic; cleaned and vacuum-desiccated,ethylene glycol,78,advancing,,,2,reported_plus_minus_type_not_defined,,"Rame-Hart M500 advanced goniometer; sintered pellets polished to a mirror finish down to 0.03 um alumina, solvent/water cleaned, and vacuum-desiccated.",not reported,Copyright 2013 Macmillan Publishers Limited. All rights reserved.,10.1038/NMAT3545,keep_primary_supplementary_table_value,Table S2 labels theta_adv. The separate water contact-angle-hysteresis column was intentionally not imported as a contact-angle target.
keep,SRC004,Hydrophobicity of Rare-Earth Oxide Ceramics,"Supplementary Table S2, row 'Sintered CeO2', diiodomethane theta_adv column",Sintered CeO2,CeO2,sintered pellet; mirror polished to 0.03 um before measurement,polished sintered ceramic; cleaned and vacuum-desiccated,diiodomethane,55,advancing,,,2,reported_plus_minus_type_not_defined,,"Rame-Hart M500 advanced goniometer; sintered pellets polished to a mirror finish down to 0.03 um alumina, solvent/water cleaned, and vacuum-desiccated.",not reported,Copyright 2013 Macmillan Publishers Limited. All rights reserved.,10.1038/NMAT3545,keep_primary_supplementary_table_value,Table S2 labels theta_adv. The separate water contact-angle-hysteresis column was intentionally not imported as a contact-angle target.
keep,SRC004,Hydrophobicity of Rare-Earth Oxide Ceramics,"Supplementary Table S2, row 'Sintered Pr6O11', water theta_adv column",Sintered Pr6O11,Pr6O11,sintered pellet; mirror polished to 0.03 um before measurement,polished sintered ceramic; cleaned and vacuum-desiccated,water,102,advancing,,,3,reported_plus_minus_type_not_defined,,"Rame-Hart M500 advanced goniometer; sintered pellets polished to a mirror finish down to 0.03 um alumina, solvent/water cleaned, and vacuum-desiccated.",not reported,Copyright 2013 Macmillan Publishers Limited. All rights reserved.,10.1038/NMAT3545,keep_primary_supplementary_table_value,Table S2 labels theta_adv. The separate water contact-angle-hysteresis column was intentionally not imported as a contact-angle target.
keep,SRC004,Hydrophobicity of Rare-Earth Oxide Ceramics,"Supplementary Table S2, row 'Sintered Pr6O11', ethylene glycol theta_adv column",Sintered Pr6O11,Pr6O11,sintered pellet; mirror polished to 0.03 um before measurement,polished sintered ceramic; cleaned and vacuum-desiccated,ethylene glycol,80,advancing,,,3,reported_plus_minus_type_not_defined,,"Rame-Hart M500 advanced goniometer; sintered pellets polished to a mirror finish down to 0.03 um alumina, solvent/water cleaned, and vacuum-desiccated.",not reported,Copyright 2013 Macmillan Publishers Limited. All rights reserved.,10.1038/NMAT3545,keep_primary_supplementary_table_value,Table S2 labels theta_adv. The separate water contact-angle-hysteresis column was intentionally not imported as a contact-angle target.
keep,SRC004,Hydrophobicity of Rare-Earth Oxide Ceramics,"Supplementary Table S2, row 'Sintered Pr6O11', diiodomethane theta_adv column",Sintered Pr6O11,Pr6O11,sintered pellet; mirror polished to 0.03 um before measurement,polished sintered ceramic; cleaned and vacuum-desiccated,diiodomethane,64,advancing,,,4,reported_plus_minus_type_not_defined,,"Rame-Hart M500 advanced goniometer; sintered pellets polished to a mirror finish down to 0.03 um alumina, solvent/water cleaned, and vacuum-desiccated.",not reported,Copyright 2013 Macmillan Publishers Limited. All rights reserved.,10.1038/NMAT3545,keep_primary_supplementary_table_value,Table S2 labels theta_adv. The separate water contact-angle-hysteresis column was intentionally not imported as a contact-angle target.
keep,SRC004,Hydrophobicity of Rare-Earth Oxide Ceramics,"Supplementary Table S2, row 'Sintered Nd2O3', water theta_adv column",Sintered Nd2O3,Nd2O3,sintered pellet; mirror polished to 0.03 um before measurement,polished sintered ceramic; cleaned and vacuum-desiccated,water,101,advancing,,,3,reported_plus_minus_type_not_defined,,"Rame-Hart M500 advanced goniometer; sintered pellets polished to a mirror finish down to 0.03 um alumina, solvent/water cleaned, and vacuum-desiccated.",not reported,Copyright 2013 Macmillan Publishers Limited. All rights reserved.,10.1038/NMAT3545,keep_primary_supplementary_table_value,Table S2 labels theta_adv. The separate water contact-angle-hysteresis column was intentionally not imported as a contact-angle target.
keep,SRC004,Hydrophobicity of Rare-Earth Oxide Ceramics,"Supplementary Table S2, row 'Sintered Nd2O3', ethylene glycol theta_adv column",Sintered Nd2O3,Nd2O3,sintered pellet; mirror polished to 0.03 um before measurement,polished sintered ceramic; cleaned and vacuum-desiccated,ethylene glycol,76,advancing,,,4,reported_plus_minus_type_not_defined,,"Rame-Hart M500 advanced goniometer; sintered pellets polished to a mirror finish down to 0.03 um alumina, solvent/water cleaned, and vacuum-desiccated.",not reported,Copyright 2013 Macmillan Publishers Limited. All rights reserved.,10.1038/NMAT3545,keep_primary_supplementary_table_value,Table S2 labels theta_adv. The separate water contact-angle-hysteresis column was intentionally not imported as a contact-angle target.
keep,SRC004,Hydrophobicity of Rare-Earth Oxide Ceramics,"Supplementary Table S2, row 'Sintered Nd2O3', diiodomethane theta_adv column",Sintered Nd2O3,Nd2O3,sintered pellet; mirror polished to 0.03 um before measurement,polished sintered ceramic; cleaned and vacuum-desiccated,diiodomethane,58,advancing,,,3,reported_plus_minus_type_not_defined,,"Rame-Hart M500 advanced goniometer; sintered pellets polished to a mirror finish down to 0.03 um alumina, solvent/water cleaned, and vacuum-desiccated.",not reported,Copyright 2013 Macmillan Publishers Limited. All rights reserved.,10.1038/NMAT3545,keep_primary_supplementary_table_value,Table S2 labels theta_adv. The separate water contact-angle-hysteresis column was intentionally not imported as a contact-angle target.
keep,SRC004,Hydrophobicity of Rare-Earth Oxide Ceramics,"Supplementary Table S2, row 'Sintered Sm2O3', water theta_adv column",Sintered Sm2O3,Sm2O3,sintered pellet; mirror polished to 0.03 um before measurement,polished sintered ceramic; cleaned and vacuum-desiccated,water,107,advancing,,,2,reported_plus_minus_type_not_defined,,"Rame-Hart M500 advanced goniometer; sintered pellets polished to a mirror finish down to 0.03 um alumina, solvent/water cleaned, and vacuum-desiccated.",not reported,Copyright 2013 Macmillan Publishers Limited. All rights reserved.,10.1038/NMAT3545,keep_primary_supplementary_table_value,Table S2 labels theta_adv. The separate water contact-angle-hysteresis column was intentionally not imported as a contact-angle target.
keep,SRC004,Hydrophobicity of Rare-Earth Oxide Ceramics,"Supplementary Table S2, row 'Sintered Sm2O3', ethylene glycol theta_adv column",Sintered Sm2O3,Sm2O3,sintered pellet; mirror polished to 0.03 um before measurement,polished sintered ceramic; cleaned and vacuum-desiccated,ethylene glycol,84,advancing,,,3,reported_plus_minus_type_not_defined,,"Rame-Hart M500 advanced goniometer; sintered pellets polished to a mirror finish down to 0.03 um alumina, solvent/water cleaned, and vacuum-desiccated.",not reported,Copyright 2013 Macmillan Publishers Limited. All rights reserved.,10.1038/NMAT3545,keep_primary_supplementary_table_value,Table S2 labels theta_adv. The separate water contact-angle-hysteresis column was intentionally not imported as a contact-angle target.
keep,SRC004,Hydrophobicity of Rare-Earth Oxide Ceramics,"Supplementary Table S2, row 'Sintered Sm2O3', diiodomethane theta_adv column",Sintered Sm2O3,Sm2O3,sintered pellet; mirror polished to 0.03 um before measurement,polished sintered ceramic; cleaned and vacuum-desiccated,diiodomethane,58,advancing,,,2,reported_plus_minus_type_not_defined,,"Rame-Hart M500 advanced goniometer; sintered pellets polished to a mirror finish down to 0.03 um alumina, solvent/water cleaned, and vacuum-desiccated.",not reported,Copyright 2013 Macmillan Publishers Limited. All rights reserved.,10.1038/NMAT3545,keep_primary_supplementary_table_value,Table S2 labels theta_adv. The separate water contact-angle-hysteresis column was intentionally not imported as a contact-angle target.
keep,SRC004,Hydrophobicity of Rare-Earth Oxide Ceramics,"Supplementary Table S2, row 'Sintered Eu2O3', water theta_adv column",Sintered Eu2O3,Eu2O3,sintered pellet; mirror polished to 0.03 um before measurement,polished sintered ceramic; cleaned and vacuum-desiccated,water,104,advancing,,,4,reported_plus_minus_type_not_defined,,"Rame-Hart M500 advanced goniometer; sintered pellets polished to a mirror finish down to 0.03 um alumina, solvent/water cleaned, and vacuum-desiccated.",not reported,Copyright 2013 Macmillan Publishers Limited. All rights reserved.,10.1038/NMAT3545,keep_primary_supplementary_table_value,Table S2 labels theta_adv. The separate water contact-angle-hysteresis column was intentionally not imported as a contact-angle target.
keep,SRC004,Hydrophobicity of Rare-Earth Oxide Ceramics,"Supplementary Table S2, row 'Sintered Eu2O3', ethylene glycol theta_adv column",Sintered Eu2O3,Eu2O3,sintered pellet; mirror polished to 0.03 um before measurement,polished sintered ceramic; cleaned and vacuum-desiccated,ethylene glycol,78,advancing,,,4,reported_plus_minus_type_not_defined,,"Rame-Hart M500 advanced goniometer; sintered pellets polished to a mirror finish down to 0.03 um alumina, solvent/water cleaned, and vacuum-desiccated.",not reported,Copyright 2013 Macmillan Publishers Limited. All rights reserved.,10.1038/NMAT3545,keep_primary_supplementary_table_value,Table S2 labels theta_adv. The separate water contact-angle-hysteresis column was intentionally not imported as a contact-angle target.
keep,SRC004,Hydrophobicity of Rare-Earth Oxide Ceramics,"Supplementary Table S2, row 'Sintered Eu2O3', diiodomethane theta_adv column",Sintered Eu2O3,Eu2O3,sintered pellet; mirror polished to 0.03 um before measurement,polished sintered ceramic; cleaned and vacuum-desiccated,diiodomethane,55,advancing,,,3,reported_plus_minus_type_not_defined,,"Rame-Hart M500 advanced goniometer; sintered pellets polished to a mirror finish down to 0.03 um alumina, solvent/water cleaned, and vacuum-desiccated.",not reported,Copyright 2013 Macmillan Publishers Limited. All rights reserved.,10.1038/NMAT3545,keep_primary_supplementary_table_value,Table S2 labels theta_adv. The separate water contact-angle-hysteresis column was intentionally not imported as a contact-angle target.
keep,SRC004,Hydrophobicity of Rare-Earth Oxide Ceramics,"Supplementary Table S2, row 'Sintered Gd2O3', water theta_adv column",Sintered Gd2O3,Gd2O3,sintered pellet; mirror polished to 0.03 um before measurement,polished sintered ceramic; cleaned and vacuum-desiccated,water,109,advancing,,,2,reported_plus_minus_type_not_defined,,"Rame-Hart M500 advanced goniometer; sintered pellets polished to a mirror finish down to 0.03 um alumina, solvent/water cleaned, and vacuum-desiccated.",not reported,Copyright 2013 Macmillan Publishers Limited. All rights reserved.,10.1038/NMAT3545,keep_primary_supplementary_table_value,Table S2 labels theta_adv. The separate water contact-angle-hysteresis column was intentionally not imported as a contact-angle target.
keep,SRC004,Hydrophobicity of Rare-Earth Oxide Ceramics,"Supplementary Table S2, row 'Sintered Gd2O3', ethylene glycol theta_adv column",Sintered Gd2O3,Gd2O3,sintered pellet; mirror polished to 0.03 um before measurement,polished sintered ceramic; cleaned and vacuum-desiccated,ethylene glycol,85,advancing,,,5,reported_plus_minus_type_not_defined,,"Rame-Hart M500 advanced goniometer; sintered pellets polished to a mirror finish down to 0.03 um alumina, solvent/water cleaned, and vacuum-desiccated.",not reported,Copyright 2013 Macmillan Publishers Limited. All rights reserved.,10.1038/NMAT3545,keep_primary_supplementary_table_value,Table S2 labels theta_adv. The separate water contact-angle-hysteresis column was intentionally not imported as a contact-angle target.
keep,SRC004,Hydrophobicity of Rare-Earth Oxide Ceramics,"Supplementary Table S2, row 'Sintered Gd2O3', diiodomethane theta_adv column",Sintered Gd2O3,Gd2O3,sintered pellet; mirror polished to 0.03 um before measurement,polished sintered ceramic; cleaned and vacuum-desiccated,diiodomethane,67,advancing,,,3,reported_plus_minus_type_not_defined,,"Rame-Hart M500 advanced goniometer; sintered pellets polished to a mirror finish down to 0.03 um alumina, solvent/water cleaned, and vacuum-desiccated.",not reported,Copyright 2013 Macmillan Publishers Limited. All rights reserved.,10.1038/NMAT3545,keep_primary_supplementary_table_value,Table S2 labels theta_adv. The separate water contact-angle-hysteresis column was intentionally not imported as a contact-angle target.
keep,SRC004,Hydrophobicity of Rare-Earth Oxide Ceramics,"Supplementary Table S2, row 'Sintered Tb7O12', water theta_adv column",Sintered Tb7O12,Tb7O12,sintered pellet; mirror polished to 0.03 um before measurement,polished sintered ceramic; cleaned and vacuum-desiccated,water,107,advancing,,,3,reported_plus_minus_type_not_defined,,"Rame-Hart M500 advanced goniometer; sintered pellets polished to a mirror finish down to 0.03 um alumina, solvent/water cleaned, and vacuum-desiccated.",not reported,Copyright 2013 Macmillan Publishers Limited. All rights reserved.,10.1038/NMAT3545,keep_primary_supplementary_table_value,Table S2 labels theta_adv. The separate water contact-angle-hysteresis column was intentionally not imported as a contact-angle target.
keep,SRC004,Hydrophobicity of Rare-Earth Oxide Ceramics,"Supplementary Table S2, row 'Sintered Tb7O12', ethylene glycol theta_adv column",Sintered Tb7O12,Tb7O12,sintered pellet; mirror polished to 0.03 um before measurement,polished sintered ceramic; cleaned and vacuum-desiccated,ethylene glycol,69,advancing,,,4,reported_plus_minus_type_not_defined,,"Rame-Hart M500 advanced goniometer; sintered pellets polished to a mirror finish down to 0.03 um alumina, solvent/water cleaned, and vacuum-desiccated.",not reported,Copyright 2013 Macmillan Publishers Limited. All rights reserved.,10.1038/NMAT3545,keep_primary_supplementary_table_value,Table S2 labels theta_adv. The separate water contact-angle-hysteresis column was intentionally not imported as a contact-angle target.
keep,SRC004,Hydrophobicity of Rare-Earth Oxide Ceramics,"Supplementary Table S2, row 'Sintered Tb7O12', diiodomethane theta_adv column",Sintered Tb7O12,Tb7O12,sintered pellet; mirror polished to 0.03 um before measurement,polished sintered ceramic; cleaned and vacuum-desiccated,diiodomethane,45,advancing,,,5,reported_plus_minus_type_not_defined,,"Rame-Hart M500 advanced goniometer; sintered pellets polished to a mirror finish down to 0.03 um alumina, solvent/water cleaned, and vacuum-desiccated.",not reported,Copyright 2013 Macmillan Publishers Limited. All rights reserved.,10.1038/NMAT3545,keep_primary_supplementary_table_value,Table S2 labels theta_adv. The separate water contact-angle-hysteresis column was intentionally not imported as a contact-angle target.
keep,SRC004,Hydrophobicity of Rare-Earth Oxide Ceramics,"Supplementary Table S2, row 'Sintered Dy2O3', water theta_adv column",Sintered Dy2O3,Dy2O3,sintered pellet; mirror polished to 0.03 um before measurement,polished sintered ceramic; cleaned and vacuum-desiccated,water,105,advancing,,,5,reported_plus_minus_type_not_defined,,"Rame-Hart M500 advanced goniometer; sintered pellets polished to a mirror finish down to 0.03 um alumina, solvent/water cleaned, and vacuum-desiccated.",not reported,Copyright 2013 Macmillan Publishers Limited. All rights reserved.,10.1038/NMAT3545,keep_primary_supplementary_table_value,Table S2 labels theta_adv. The separate water contact-angle-hysteresis column was intentionally not imported as a contact-angle target.
keep,SRC004,Hydrophobicity of Rare-Earth Oxide Ceramics,"Supplementary Table S2, row 'Sintered Dy2O3', ethylene glycol theta_adv column",Sintered Dy2O3,Dy2O3,sintered pellet; mirror polished to 0.03 um before measurement,polished sintered ceramic; cleaned and vacuum-desiccated,ethylene glycol,77,advancing,,,3,reported_plus_minus_type_not_defined,,"Rame-Hart M500 advanced goniometer; sintered pellets polished to a mirror finish down to 0.03 um alumina, solvent/water cleaned, and vacuum-desiccated.",not reported,Copyright 2013 Macmillan Publishers Limited. All rights reserved.,10.1038/NMAT3545,keep_primary_supplementary_table_value,Table S2 labels theta_adv. The separate water contact-angle-hysteresis column was intentionally not imported as a contact-angle target.
keep,SRC004,Hydrophobicity of Rare-Earth Oxide Ceramics,"Supplementary Table S2, row 'Sintered Dy2O3', diiodomethane theta_adv column",Sintered Dy2O3,Dy2O3,sintered pellet; mirror polished to 0.03 um before measurement,polished sintered ceramic; cleaned and vacuum-desiccated,diiodomethane,55,advancing,,,3,reported_plus_minus_type_not_defined,,"Rame-Hart M500 advanced goniometer; sintered pellets polished to a mirror finish down to 0.03 um alumina, solvent/water cleaned, and vacuum-desiccated.",not reported,Copyright 2013 Macmillan Publishers Limited. All rights reserved.,10.1038/NMAT3545,keep_primary_supplementary_table_value,Table S2 labels theta_adv. The separate water contact-angle-hysteresis column was intentionally not imported as a contact-angle target.
keep,SRC004,Hydrophobicity of Rare-Earth Oxide Ceramics,"Supplementary Table S2, row 'Sintered Ho2O3', water theta_adv column",Sintered Ho2O3,Ho2O3,sintered pellet; mirror polished to 0.03 um before measurement,polished sintered ceramic; cleaned and vacuum-desiccated,water,115,advancing,,,3,reported_plus_minus_type_not_defined,,"Rame-Hart M500 advanced goniometer; sintered pellets polished to a mirror finish down to 0.03 um alumina, solvent/water cleaned, and vacuum-desiccated.",not reported,Copyright 2013 Macmillan Publishers Limited. All rights reserved.,10.1038/NMAT3545,keep_primary_supplementary_table_value,Table S2 labels theta_adv. The separate water contact-angle-hysteresis column was intentionally not imported as a contact-angle target.
keep,SRC004,Hydrophobicity of Rare-Earth Oxide Ceramics,"Supplementary Table S2, row 'Sintered Ho2O3', ethylene glycol theta_adv column",Sintered Ho2O3,Ho2O3,sintered pellet; mirror polished to 0.03 um before measurement,polished sintered ceramic; cleaned and vacuum-desiccated,ethylene glycol,88,advancing,,,2,reported_plus_minus_type_not_defined,,"Rame-Hart M500 advanced goniometer; sintered pellets polished to a mirror finish down to 0.03 um alumina, solvent/water cleaned, and vacuum-desiccated.",not reported,Copyright 2013 Macmillan Publishers Limited. All rights reserved.,10.1038/NMAT3545,keep_primary_supplementary_table_value,Table S2 labels theta_adv. The separate water contact-angle-hysteresis column was intentionally not imported as a contact-angle target.
keep,SRC004,Hydrophobicity of Rare-Earth Oxide Ceramics,"Supplementary Table S2, row 'Sintered Ho2O3', diiodomethane theta_adv column",Sintered Ho2O3,Ho2O3,sintered pellet; mirror polished to 0.03 um before measurement,polished sintered ceramic; cleaned and vacuum-desiccated,diiodomethane,60,advancing,,,5,reported_plus_minus_type_not_defined,,"Rame-Hart M500 advanced goniometer; sintered pellets polished to a mirror finish down to 0.03 um alumina, solvent/water cleaned, and vacuum-desiccated.",not reported,Copyright 2013 Macmillan Publishers Limited. All rights reserved.,10.1038/NMAT3545,keep_primary_supplementary_table_value,Table S2 labels theta_adv. The separate water contact-angle-hysteresis column was intentionally not imported as a contact-angle target.
keep,SRC004,Hydrophobicity of Rare-Earth Oxide Ceramics,"Supplementary Table S2, row 'Sintered Er2O3', water theta_adv column",Sintered Er2O3,Er2O3,sintered pellet; mirror polished to 0.03 um before measurement,polished sintered ceramic; cleaned and vacuum-desiccated,water,108,advancing,,,5,reported_plus_minus_type_not_defined,,"Rame-Hart M500 advanced goniometer; sintered pellets polished to a mirror finish down to 0.03 um alumina, solvent/water cleaned, and vacuum-desiccated.",not reported,Copyright 2013 Macmillan Publishers Limited. All rights reserved.,10.1038/NMAT3545,keep_primary_supplementary_table_value,Table S2 labels theta_adv. The separate water contact-angle-hysteresis column was intentionally not imported as a contact-angle target.
keep,SRC004,Hydrophobicity of Rare-Earth Oxide Ceramics,"Supplementary Table S2, row 'Sintered Er2O3', ethylene glycol theta_adv column",Sintered Er2O3,Er2O3,sintered pellet; mirror polished to 0.03 um before measurement,polished sintered ceramic; cleaned and vacuum-desiccated,ethylene glycol,82,advancing,,,4,reported_plus_minus_type_not_defined,,"Rame-Hart M500 advanced goniometer; sintered pellets polished to a mirror finish down to 0.03 um alumina, solvent/water cleaned, and vacuum-desiccated.",not reported,Copyright 2013 Macmillan Publishers Limited. All rights reserved.,10.1038/NMAT3545,keep_primary_supplementary_table_value,Table S2 labels theta_adv. The separate water contact-angle-hysteresis column was intentionally not imported as a contact-angle target.
keep,SRC004,Hydrophobicity of Rare-Earth Oxide Ceramics,"Supplementary Table S2, row 'Sintered Er2O3', diiodomethane theta_adv column",Sintered Er2O3,Er2O3,sintered pellet; mirror polished to 0.03 um before measurement,polished sintered ceramic; cleaned and vacuum-desiccated,diiodomethane,58,advancing,,,5,reported_plus_minus_type_not_defined,,"Rame-Hart M500 advanced goniometer; sintered pellets polished to a mirror finish down to 0.03 um alumina, solvent/water cleaned, and vacuum-desiccated.",not reported,Copyright 2013 Macmillan Publishers Limited. All rights reserved.,10.1038/NMAT3545,keep_primary_supplementary_table_value,Table S2 labels theta_adv. The separate water contact-angle-hysteresis column was intentionally not imported as a contact-angle target.
keep,SRC004,Hydrophobicity of Rare-Earth Oxide Ceramics,"Supplementary Table S2, row 'Sintered Tm2O3', water theta_adv column",Sintered Tm2O3,Tm2O3,sintered pellet; mirror polished to 0.03 um before measurement,polished sintered ceramic; cleaned and vacuum-desiccated,water,112,advancing,,,4,reported_plus_minus_type_not_defined,,"Rame-Hart M500 advanced goniometer; sintered pellets polished to a mirror finish down to 0.03 um alumina, solvent/water cleaned, and vacuum-desiccated.",not reported,Copyright 2013 Macmillan Publishers Limited. All rights reserved.,10.1038/NMAT3545,keep_primary_supplementary_table_value,Table S2 labels theta_adv. The separate water contact-angle-hysteresis column was intentionally not imported as a contact-angle target.
keep,SRC004,Hydrophobicity of Rare-Earth Oxide Ceramics,"Supplementary Table S2, row 'Sintered Tm2O3', ethylene glycol theta_adv column",Sintered Tm2O3,Tm2O3,sintered pellet; mirror polished to 0.03 um before measurement,polished sintered ceramic; cleaned and vacuum-desiccated,ethylene glycol,87,advancing,,,2,reported_plus_minus_type_not_defined,,"Rame-Hart M500 advanced goniometer; sintered pellets polished to a mirror finish down to 0.03 um alumina, solvent/water cleaned, and vacuum-desiccated.",not reported,Copyright 2013 Macmillan Publishers Limited. All rights reserved.,10.1038/NMAT3545,keep_primary_supplementary_table_value,Table S2 labels theta_adv. The separate water contact-angle-hysteresis column was intentionally not imported as a contact-angle target.
keep,SRC004,Hydrophobicity of Rare-Earth Oxide Ceramics,"Supplementary Table S2, row 'Sintered Tm2O3', diiodomethane theta_adv column",Sintered Tm2O3,Tm2O3,sintered pellet; mirror polished to 0.03 um before measurement,polished sintered ceramic; cleaned and vacuum-desiccated,diiodomethane,60,advancing,,,2,reported_plus_minus_type_not_defined,,"Rame-Hart M500 advanced goniometer; sintered pellets polished to a mirror finish down to 0.03 um alumina, solvent/water cleaned, and vacuum-desiccated.",not reported,Copyright 2013 Macmillan Publishers Limited. All rights reserved.,10.1038/NMAT3545,keep_primary_supplementary_table_value,Table S2 labels theta_adv. The separate water contact-angle-hysteresis column was intentionally not imported as a contact-angle target.
keep,SRC004,Hydrophobicity of Rare-Earth Oxide Ceramics,"Supplementary Table S2, row 'Sintered Yb2O3', water theta_adv column",Sintered Yb2O3,Yb2O3,sintered pellet; mirror polished to 0.03 um before measurement,polished sintered ceramic; cleaned and vacuum-desiccated,water,100,advancing,,,5,reported_plus_minus_type_not_defined,,"Rame-Hart M500 advanced goniometer; sintered pellets polished to a mirror finish down to 0.03 um alumina, solvent/water cleaned, and vacuum-desiccated.",not reported,Copyright 2013 Macmillan Publishers Limited. All rights reserved.,10.1038/NMAT3545,keep_primary_supplementary_table_value,Table S2 labels theta_adv. The separate water contact-angle-hysteresis column was intentionally not imported as a contact-angle target.
keep,SRC004,Hydrophobicity of Rare-Earth Oxide Ceramics,"Supplementary Table S2, row 'Sintered Yb2O3', ethylene glycol theta_adv column",Sintered Yb2O3,Yb2O3,sintered pellet; mirror polished to 0.03 um before measurement,polished sintered ceramic; cleaned and vacuum-desiccated,ethylene glycol,73,advancing,,,4,reported_plus_minus_type_not_defined,,"Rame-Hart M500 advanced goniometer; sintered pellets polished to a mirror finish down to 0.03 um alumina, solvent/water cleaned, and vacuum-desiccated.",not reported,Copyright 2013 Macmillan Publishers Limited. All rights reserved.,10.1038/NMAT3545,keep_primary_supplementary_table_value,Table S2 labels theta_adv. The separate water contact-angle-hysteresis column was intentionally not imported as a contact-angle target.
keep,SRC004,Hydrophobicity of Rare-Earth Oxide Ceramics,"Supplementary Table S2, row 'Sintered Yb2O3', diiodomethane theta_adv column",Sintered Yb2O3,Yb2O3,sintered pellet; mirror polished to 0.03 um before measurement,polished sintered ceramic; cleaned and vacuum-desiccated,diiodomethane,56,advancing,,,5,reported_plus_minus_type_not_defined,,"Rame-Hart M500 advanced goniometer; sintered pellets polished to a mirror finish down to 0.03 um alumina, solvent/water cleaned, and vacuum-desiccated.",not reported,Copyright 2013 Macmillan Publishers Limited. All rights reserved.,10.1038/NMAT3545,keep_primary_supplementary_table_value,Table S2 labels theta_adv. The separate water contact-angle-hysteresis column was intentionally not imported as a contact-angle target.
keep,SRC004,Hydrophobicity of Rare-Earth Oxide Ceramics,"Supplementary Table S2, row 'Sintered Lu2O3', water theta_adv column",Sintered Lu2O3,Lu2O3,sintered pellet; mirror polished to 0.03 um before measurement,polished sintered ceramic; cleaned and vacuum-desiccated,water,98,advancing,,,3,reported_plus_minus_type_not_defined,,"Rame-Hart M500 advanced goniometer; sintered pellets polished to a mirror finish down to 0.03 um alumina, solvent/water cleaned, and vacuum-desiccated.",not reported,Copyright 2013 Macmillan Publishers Limited. All rights reserved.,10.1038/NMAT3545,keep_primary_supplementary_table_value,Table S2 labels theta_adv. The separate water contact-angle-hysteresis column was intentionally not imported as a contact-angle target.
keep,SRC004,Hydrophobicity of Rare-Earth Oxide Ceramics,"Supplementary Table S2, row 'Sintered Lu2O3', ethylene glycol theta_adv column",Sintered Lu2O3,Lu2O3,sintered pellet; mirror polished to 0.03 um before measurement,polished sintered ceramic; cleaned and vacuum-desiccated,ethylene glycol,79,advancing,,,5,reported_plus_minus_type_not_defined,,"Rame-Hart M500 advanced goniometer; sintered pellets polished to a mirror finish down to 0.03 um alumina, solvent/water cleaned, and vacuum-desiccated.",not reported,Copyright 2013 Macmillan Publishers Limited. All rights reserved.,10.1038/NMAT3545,keep_primary_supplementary_table_value,Table S2 labels theta_adv. The separate water contact-angle-hysteresis column was intentionally not imported as a contact-angle target.
keep,SRC004,Hydrophobicity of Rare-Earth Oxide Ceramics,"Supplementary Table S2, row 'Sintered Lu2O3', diiodomethane theta_adv column",Sintered Lu2O3,Lu2O3,sintered pellet; mirror polished to 0.03 um before measurement,polished sintered ceramic; cleaned and vacuum-desiccated,diiodomethane,55,advancing,,,4,reported_plus_minus_type_not_defined,,"Rame-Hart M500 advanced goniometer; sintered pellets polished to a mirror finish down to 0.03 um alumina, solvent/water cleaned, and vacuum-desiccated.",not reported,Copyright 2013 Macmillan Publishers Limited. All rights reserved.,10.1038/NMAT3545,keep_primary_supplementary_table_value,Table S2 labels theta_adv. The separate water contact-angle-hysteresis column was intentionally not imported as a contact-angle target.
keep,SRC004,Hydrophobicity of Rare-Earth Oxide Ceramics,"Supplementary Table S2, row 'CeO2 sputtered on smooth silicon', water theta_adv column",CeO2 sputtered on smooth silicon,CeO2 thin film on silicon,rare-earth oxide sputtered on smooth silicon,smooth silicon-supported film; cleaned and vacuum-desiccated,water,109,advancing,,,3,reported_plus_minus_type_not_defined,,"Rame-Hart M500 advanced goniometer; sintered pellets polished to a mirror finish down to 0.03 um alumina, solvent/water cleaned, and vacuum-desiccated.",not reported,Copyright 2013 Macmillan Publishers Limited. All rights reserved.,10.1038/NMAT3545,keep_primary_supplementary_table_value,Table S2 labels theta_adv. The separate water contact-angle-hysteresis column was intentionally not imported as a contact-angle target.
keep,SRC004,Hydrophobicity of Rare-Earth Oxide Ceramics,"Supplementary Table S2, row 'CeO2 sputtered on smooth silicon', ethylene glycol theta_adv column",CeO2 sputtered on smooth silicon,CeO2 thin film on silicon,rare-earth oxide sputtered on smooth silicon,smooth silicon-supported film; cleaned and vacuum-desiccated,ethylene glycol,80,advancing,,,3,reported_plus_minus_type_not_defined,,"Rame-Hart M500 advanced goniometer; sintered pellets polished to a mirror finish down to 0.03 um alumina, solvent/water cleaned, and vacuum-desiccated.",not reported,Copyright 2013 Macmillan Publishers Limited. All rights reserved.,10.1038/NMAT3545,keep_primary_supplementary_table_value,Table S2 labels theta_adv. The separate water contact-angle-hysteresis column was intentionally not imported as a contact-angle target.
keep,SRC004,Hydrophobicity of Rare-Earth Oxide Ceramics,"Supplementary Table S2, row 'CeO2 sputtered on smooth silicon', diiodomethane theta_adv column",CeO2 sputtered on smooth silicon,CeO2 thin film on silicon,rare-earth oxide sputtered on smooth silicon,smooth silicon-supported film; cleaned and vacuum-desiccated,diiodomethane,63,advancing,,,2,reported_plus_minus_type_not_defined,,"Rame-Hart M500 advanced goniometer; sintered pellets polished to a mirror finish down to 0.03 um alumina, solvent/water cleaned, and vacuum-desiccated.",not reported,Copyright 2013 Macmillan Publishers Limited. All rights reserved.,10.1038/NMAT3545,keep_primary_supplementary_table_value,Table S2 labels theta_adv. The separate water contact-angle-hysteresis column was intentionally not imported as a contact-angle target.
keep,SRC004,Hydrophobicity of Rare-Earth Oxide Ceramics,"Supplementary Table S2, row 'Er2O3 sputtered on smooth silicon', water theta_adv column",Er2O3 sputtered on smooth silicon,Er2O3 thin film on silicon,rare-earth oxide sputtered on smooth silicon,smooth silicon-supported film; cleaned and vacuum-desiccated,water,110,advancing,,,2,reported_plus_minus_type_not_defined,,"Rame-Hart M500 advanced goniometer; sintered pellets polished to a mirror finish down to 0.03 um alumina, solvent/water cleaned, and vacuum-desiccated.",not reported,Copyright 2013 Macmillan Publishers Limited. All rights reserved.,10.1038/NMAT3545,keep_primary_supplementary_table_value,Table S2 labels theta_adv. The separate water contact-angle-hysteresis column was intentionally not imported as a contact-angle target.
keep,SRC004,Hydrophobicity of Rare-Earth Oxide Ceramics,"Supplementary Table S2, row 'Er2O3 sputtered on smooth silicon', ethylene glycol theta_adv column",Er2O3 sputtered on smooth silicon,Er2O3 thin film on silicon,rare-earth oxide sputtered on smooth silicon,smooth silicon-supported film; cleaned and vacuum-desiccated,ethylene glycol,81,advancing,,,2,reported_plus_minus_type_not_defined,,"Rame-Hart M500 advanced goniometer; sintered pellets polished to a mirror finish down to 0.03 um alumina, solvent/water cleaned, and vacuum-desiccated.",not reported,Copyright 2013 Macmillan Publishers Limited. All rights reserved.,10.1038/NMAT3545,keep_primary_supplementary_table_value,Table S2 labels theta_adv. The separate water contact-angle-hysteresis column was intentionally not imported as a contact-angle target.
keep,SRC004,Hydrophobicity of Rare-Earth Oxide Ceramics,"Supplementary Table S2, row 'Er2O3 sputtered on smooth silicon', diiodomethane theta_adv column",Er2O3 sputtered on smooth silicon,Er2O3 thin film on silicon,rare-earth oxide sputtered on smooth silicon,smooth silicon-supported film; cleaned and vacuum-desiccated,diiodomethane,65,advancing,,,2,reported_plus_minus_type_not_defined,,"Rame-Hart M500 advanced goniometer; sintered pellets polished to a mirror finish down to 0.03 um alumina, solvent/water cleaned, and vacuum-desiccated.",not reported,Copyright 2013 Macmillan Publishers Limited. All rights reserved.,10.1038/NMAT3545,keep_primary_supplementary_table_value,Table S2 labels theta_adv. The separate water contact-angle-hysteresis column was intentionally not imported as a contact-angle target.
keep,SRC012,"Transparent, Thermally and Mechanically Stable Superhydrophobic Coating Prepared by an Electrochemical Template Strategy","Main-text Table 1, row 'diiodomethane', flat surface CA column",Flat fluorinated ITO glass,fluorinated ITO-coated glass,flat fluorinated reference surface,flat reference surface measured in air,diiodomethane,101.1,static_sessile_drop,,,2,reported_plus_minus_type_not_defined,3,OCA 20 contact-angle system; sessile-drop measurement in air; reported values are means from three positions on each sample.,5 uL organic droplet,"Copyright The Royal Society of Chemistry 2015; author version and ESI are publicly accessible, but no Creative Commons license is stated.",10.1039/C4TA06944G,keep_primary_main_table_value,Re-extracted from Table 1 and cross-checked against the ESI method. Untabulated water angles and post-durability values are not joined to this surface.
keep,SRC012,"Transparent, Thermally and Mechanically Stable Superhydrophobic Coating Prepared by an Electrochemical Template Strategy","Main-text Table 1, row 'diiodomethane', coated surface CA column",Porous superhydrophobic silica-coated ITO glass (PEDOT EC 47.7 mC/cm2),POTS-fluorinated porous silica coating on ITO glass,PEDOT template electrodeposited at 47.7 mC/cm2; TEOS CVD 30 h; calcined at 500 C for 2 h; POTS CVD 12 h,porous Cassie-state coating measured in air,diiodomethane,161.1,static_sessile_drop,,,2,reported_plus_minus_type_not_defined,3,OCA 20 contact-angle system; sessile-drop measurement in air; reported values are means from three positions on each sample.,5 uL organic droplet,"Copyright The Royal Society of Chemistry 2015; author version and ESI are publicly accessible, but no Creative Commons license is stated.",10.1039/C4TA06944G,keep_primary_main_table_value,Re-extracted from Table 1 and cross-checked against the ESI method. Untabulated water angles and post-durability values are not joined to this surface.
keep,SRC012,"Transparent, Thermally and Mechanically Stable Superhydrophobic Coating Prepared by an Electrochemical Template Strategy","Main-text Table 1, row 'ethylene glycol', flat surface CA column",Flat fluorinated ITO glass,fluorinated ITO-coated glass,flat fluorinated reference surface,flat reference surface measured in air,ethylene glycol,93.2,static_sessile_drop,,,2,reported_plus_minus_type_not_defined,3,OCA 20 contact-angle system; sessile-drop measurement in air; reported values are means from three positions on each sample.,5 uL organic droplet,"Copyright The Royal Society of Chemistry 2015; author version and ESI are publicly accessible, but no Creative Commons license is stated.",10.1039/C4TA06944G,keep_primary_main_table_value,Re-extracted from Table 1 and cross-checked against the ESI method. Untabulated water angles and post-durability values are not joined to this surface.
keep,SRC012,"Transparent, Thermally and Mechanically Stable Superhydrophobic Coating Prepared by an Electrochemical Template Strategy","Main-text Table 1, row 'ethylene glycol', coated surface CA column",Porous superhydrophobic silica-coated ITO glass (PEDOT EC 47.7 mC/cm2),POTS-fluorinated porous silica coating on ITO glass,PEDOT template electrodeposited at 47.7 mC/cm2; TEOS CVD 30 h; calcined at 500 C for 2 h; POTS CVD 12 h,porous Cassie-state coating measured in air,ethylene glycol,159.4,static_sessile_drop,,,2,reported_plus_minus_type_not_defined,3,OCA 20 contact-angle system; sessile-drop measurement in air; reported values are means from three positions on each sample.,5 uL organic droplet,"Copyright The Royal Society of Chemistry 2015; author version and ESI are publicly accessible, but no Creative Commons license is stated.",10.1039/C4TA06944G,keep_primary_main_table_value,Re-extracted from Table 1 and cross-checked against the ESI method. Untabulated water angles and post-durability values are not joined to this surface.
keep,SRC012,"Transparent, Thermally and Mechanically Stable Superhydrophobic Coating Prepared by an Electrochemical Template Strategy","Main-text Table 1, row 'peanut oil', flat surface CA column",Flat fluorinated ITO glass,fluorinated ITO-coated glass,flat fluorinated reference surface,flat reference surface measured in air,peanut oil,78.7,static_sessile_drop,,,3,reported_plus_minus_type_not_defined,3,OCA 20 contact-angle system; sessile-drop measurement in air; reported values are means from three positions on each sample.,5 uL organic droplet,"Copyright The Royal Society of Chemistry 2015; author version and ESI are publicly accessible, but no Creative Commons license is stated.",10.1039/C4TA06944G,keep_primary_main_table_value,Re-extracted from Table 1 and cross-checked against the ESI method. Untabulated water angles and post-durability values are not joined to this surface.
keep,SRC012,"Transparent, Thermally and Mechanically Stable Superhydrophobic Coating Prepared by an Electrochemical Template Strategy","Main-text Table 1, row 'peanut oil', coated surface CA column",Porous superhydrophobic silica-coated ITO glass (PEDOT EC 47.7 mC/cm2),POTS-fluorinated porous silica coating on ITO glass,PEDOT template electrodeposited at 47.7 mC/cm2; TEOS CVD 30 h; calcined at 500 C for 2 h; POTS CVD 12 h,porous Cassie-state coating measured in air,peanut oil,150.7,static_sessile_drop,,,3,reported_plus_minus_type_not_defined,3,OCA 20 contact-angle system; sessile-drop measurement in air; reported values are means from three positions on each sample.,5 uL organic droplet,"Copyright The Royal Society of Chemistry 2015; author version and ESI are publicly accessible, but no Creative Commons license is stated.",10.1039/C4TA06944G,keep_primary_main_table_value,Re-extracted from Table 1 and cross-checked against the ESI method. Untabulated water angles and post-durability values are not joined to this surface.
keep,SRC012,"Transparent, Thermally and Mechanically Stable Superhydrophobic Coating Prepared by an Electrochemical Template Strategy","Main-text Table 1, row 'hexadecane', flat surface CA column",Flat fluorinated ITO glass,fluorinated ITO-coated glass,flat fluorinated reference surface,flat reference surface measured in air,hexadecane,71.8,static_sessile_drop,,,3,reported_plus_minus_type_not_defined,3,OCA 20 contact-angle system; sessile-drop measurement in air; reported values are means from three positions on each sample.,5 uL organic droplet,"Copyright The Royal Society of Chemistry 2015; author version and ESI are publicly accessible, but no Creative Commons license is stated.",10.1039/C4TA06944G,keep_primary_main_table_value,Re-extracted from Table 1 and cross-checked against the ESI method. Untabulated water angles and post-durability values are not joined to this surface.
keep,SRC012,"Transparent, Thermally and Mechanically Stable Superhydrophobic Coating Prepared by an Electrochemical Template Strategy","Main-text Table 1, row 'hexadecane', coated surface CA column",Porous superhydrophobic silica-coated ITO glass (PEDOT EC 47.7 mC/cm2),POTS-fluorinated porous silica coating on ITO glass,PEDOT template electrodeposited at 47.7 mC/cm2; TEOS CVD 30 h; calcined at 500 C for 2 h; POTS CVD 12 h,porous Cassie-state coating measured in air,hexadecane,128.6,static_sessile_drop,,,4,reported_plus_minus_type_not_defined,3,OCA 20 contact-angle system; sessile-drop measurement in air; reported values are means from three positions on each sample.,5 uL organic droplet,"Copyright The Royal Society of Chemistry 2015; author version and ESI are publicly accessible, but no Creative Commons license is stated.",10.1039/C4TA06944G,keep_primary_main_table_value,Re-extracted from Table 1 and cross-checked against the ESI method. Untabulated water angles and post-durability values are not joined to this surface.
keep,SRC014,Exploration of Advanced Cellulosic Material for Membrane Filtration with Outstanding Antifouling Property,"Table 2, row 'CTA(a)', formamide average/SD/n columns",CTA(a),cellulose triacetate,"acetyl substitution, DS 3.0",dried polymer film on glass; measured at 20 C,formamide,50.7,sessile_drop_on_dried_film,1.8,,1.8,standard_deviation,28,"DropMaster 700 (Kyowa Interface Science), 20 C; sessile drop on dried polymer film formed on glass.",not reported,CC BY (PMC Open Access API metadata); Royal Society of Chemistry article.,10.1039/D2RA08165B,keep_canonical_reextraction; supersedes duplicate legacy copies SRC014 and OPEN_CELLULOSE_ESTER,"Average, SD, and n were transcribed from the same row. Captive-bubble Table 12 values were excluded because they are a different hydrated-air-bubble task."
keep,SRC014,Exploration of Advanced Cellulosic Material for Membrane Filtration with Outstanding Antifouling Property,"Table 2, row 'CTA(a)', diiodomethane average/SD/n columns",CTA(a),cellulose triacetate,"acetyl substitution, DS 3.0",dried polymer film on glass; measured at 20 C,diiodomethane,29.0,sessile_drop_on_dried_film,1.2,,1.2,standard_deviation,30,"DropMaster 700 (Kyowa Interface Science), 20 C; sessile drop on dried polymer film formed on glass.",not reported,CC BY (PMC Open Access API metadata); Royal Society of Chemistry article.,10.1039/D2RA08165B,keep_canonical_reextraction; supersedes duplicate legacy copies SRC014 and OPEN_CELLULOSE_ESTER,"Average, SD, and n were transcribed from the same row. Captive-bubble Table 12 values were excluded because they are a different hydrated-air-bubble task."
keep,SRC014,Exploration of Advanced Cellulosic Material for Membrane Filtration with Outstanding Antifouling Property,"Table 2, row 'CTA(a)', water average/SD/n columns",CTA(a),cellulose triacetate,"acetyl substitution, DS 3.0",dried polymer film on glass; measured at 20 C,water,61.7,sessile_drop_on_dried_film,0.9,,0.9,standard_deviation,30,"DropMaster 700 (Kyowa Interface Science), 20 C; sessile drop on dried polymer film formed on glass.",not reported,CC BY (PMC Open Access API metadata); Royal Society of Chemistry article.,10.1039/D2RA08165B,keep_canonical_reextraction; supersedes duplicate legacy copies SRC014 and OPEN_CELLULOSE_ESTER,"Average, SD, and n were transcribed from the same row. Captive-bubble Table 12 values were excluded because they are a different hydrated-air-bubble task."
keep,SRC014,Exploration of Advanced Cellulosic Material for Membrane Filtration with Outstanding Antifouling Property,"Table 2, row 'CTP', formamide average/SD/n columns",CTP,cellulose tripropionate,"propionyl substitution, DS 2.9",dried polymer film on glass; measured at 20 C,formamide,61.3,sessile_drop_on_dried_film,1.1,,1.1,standard_deviation,29,"DropMaster 700 (Kyowa Interface Science), 20 C; sessile drop on dried polymer film formed on glass.",not reported,CC BY (PMC Open Access API metadata); Royal Society of Chemistry article.,10.1039/D2RA08165B,keep_canonical_reextraction; supersedes duplicate legacy copies SRC014 and OPEN_CELLULOSE_ESTER,"Average, SD, and n were transcribed from the same row. Captive-bubble Table 12 values were excluded because they are a different hydrated-air-bubble task."
keep,SRC014,Exploration of Advanced Cellulosic Material for Membrane Filtration with Outstanding Antifouling Property,"Table 2, row 'CTP', diiodomethane average/SD/n columns",CTP,cellulose tripropionate,"propionyl substitution, DS 2.9",dried polymer film on glass; measured at 20 C,diiodomethane,35.8,sessile_drop_on_dried_film,0.9,,0.9,standard_deviation,30,"DropMaster 700 (Kyowa Interface Science), 20 C; sessile drop on dried polymer film formed on glass.",not reported,CC BY (PMC Open Access API metadata); Royal Society of Chemistry article.,10.1039/D2RA08165B,keep_canonical_reextraction; supersedes duplicate legacy copies SRC014 and OPEN_CELLULOSE_ESTER,"Average, SD, and n were transcribed from the same row. Captive-bubble Table 12 values were excluded because they are a different hydrated-air-bubble task."
keep,SRC014,Exploration of Advanced Cellulosic Material for Membrane Filtration with Outstanding Antifouling Property,"Table 2, row 'CTP', water average/SD/n columns",CTP,cellulose tripropionate,"propionyl substitution, DS 2.9",dried polymer film on glass; measured at 20 C,water,70.3,sessile_drop_on_dried_film,1.0,,1.0,standard_deviation,38,"DropMaster 700 (Kyowa Interface Science), 20 C; sessile drop on dried polymer film formed on glass.",not reported,CC BY (PMC Open Access API metadata); Royal Society of Chemistry article.,10.1039/D2RA08165B,keep_canonical_reextraction; supersedes duplicate legacy copies SRC014 and OPEN_CELLULOSE_ESTER,"Average, SD, and n were transcribed from the same row. Captive-bubble Table 12 values were excluded because they are a different hydrated-air-bubble task."
keep,SRC014,Exploration of Advanced Cellulosic Material for Membrane Filtration with Outstanding Antifouling Property,"Table 2, row 'CTB', formamide average/SD/n columns",CTB,cellulose tributyrate,"butyryl substitution, DS 3.1",dried polymer film on glass; measured at 20 C,formamide,71.2,sessile_drop_on_dried_film,0.6,,0.6,standard_deviation,29,"DropMaster 700 (Kyowa Interface Science), 20 C; sessile drop on dried polymer film formed on glass.",not reported,CC BY (PMC Open Access API metadata); Royal Society of Chemistry article.,10.1039/D2RA08165B,keep_canonical_reextraction; supersedes duplicate legacy copies SRC014 and OPEN_CELLULOSE_ESTER,"Average, SD, and n were transcribed from the same row. Captive-bubble Table 12 values were excluded because they are a different hydrated-air-bubble task."
keep,SRC014,Exploration of Advanced Cellulosic Material for Membrane Filtration with Outstanding Antifouling Property,"Table 2, row 'CTB', diiodomethane average/SD/n columns",CTB,cellulose tributyrate,"butyryl substitution, DS 3.1",dried polymer film on glass; measured at 20 C,diiodomethane,41.0,sessile_drop_on_dried_film,0.6,,0.6,standard_deviation,30,"DropMaster 700 (Kyowa Interface Science), 20 C; sessile drop on dried polymer film formed on glass.",not reported,CC BY (PMC Open Access API metadata); Royal Society of Chemistry article.,10.1039/D2RA08165B,keep_canonical_reextraction; supersedes duplicate legacy copies SRC014 and OPEN_CELLULOSE_ESTER,"Average, SD, and n were transcribed from the same row. Captive-bubble Table 12 values were excluded because they are a different hydrated-air-bubble task."
keep,SRC014,Exploration of Advanced Cellulosic Material for Membrane Filtration with Outstanding Antifouling Property,"Table 2, row 'CTB', water average/SD/n columns",CTB,cellulose tributyrate,"butyryl substitution, DS 3.1",dried polymer film on glass; measured at 20 C,water,80.2,sessile_drop_on_dried_film,0.8,,0.8,standard_deviation,38,"DropMaster 700 (Kyowa Interface Science), 20 C; sessile drop on dried polymer film formed on glass.",not reported,CC BY (PMC Open Access API metadata); Royal Society of Chemistry article.,10.1039/D2RA08165B,keep_canonical_reextraction; supersedes duplicate legacy copies SRC014 and OPEN_CELLULOSE_ESTER,"Average, SD, and n were transcribed from the same row. Captive-bubble Table 12 values were excluded because they are a different hydrated-air-bubble task."
keep,SRC014,Exploration of Advanced Cellulosic Material for Membrane Filtration with Outstanding Antifouling Property,"Table 2, row 'CTV', formamide average/SD/n columns",CTV,cellulose trivalerate,"valeryl substitution, DS 3.1",dried polymer film on glass; measured at 20 C,formamide,78.7,sessile_drop_on_dried_film,0.8,,0.8,standard_deviation,30,"DropMaster 700 (Kyowa Interface Science), 20 C; sessile drop on dried polymer film formed on glass.",not reported,CC BY (PMC Open Access API metadata); Royal Society of Chemistry article.,10.1039/D2RA08165B,keep_canonical_reextraction; supersedes duplicate legacy copies SRC014 and OPEN_CELLULOSE_ESTER,"Average, SD, and n were transcribed from the same row. Captive-bubble Table 12 values were excluded because they are a different hydrated-air-bubble task."
keep,SRC014,Exploration of Advanced Cellulosic Material for Membrane Filtration with Outstanding Antifouling Property,"Table 2, row 'CTV', diiodomethane average/SD/n columns",CTV,cellulose trivalerate,"valeryl substitution, DS 3.1",dried polymer film on glass; measured at 20 C,diiodomethane,45.2,sessile_drop_on_dried_film,0.6,,0.6,standard_deviation,30,"DropMaster 700 (Kyowa Interface Science), 20 C; sessile drop on dried polymer film formed on glass.",not reported,CC BY (PMC Open Access API metadata); Royal Society of Chemistry article.,10.1039/D2RA08165B,keep_canonical_reextraction; supersedes duplicate legacy copies SRC014 and OPEN_CELLULOSE_ESTER,"Average, SD, and n were transcribed from the same row. Captive-bubble Table 12 values were excluded because they are a different hydrated-air-bubble task."
keep,SRC014,Exploration of Advanced Cellulosic Material for Membrane Filtration with Outstanding Antifouling Property,"Table 2, row 'CTV', water average/SD/n columns",CTV,cellulose trivalerate,"valeryl substitution, DS 3.1",dried polymer film on glass; measured at 20 C,water,86.9,sessile_drop_on_dried_film,0.9,,0.9,standard_deviation,39,"DropMaster 700 (Kyowa Interface Science), 20 C; sessile drop on dried polymer film formed on glass.",not reported,CC BY (PMC Open Access API metadata); Royal Society of Chemistry article.,10.1039/D2RA08165B,keep_canonical_reextraction; supersedes duplicate legacy copies SRC014 and OPEN_CELLULOSE_ESTER,"Average, SD, and n were transcribed from the same row. Captive-bubble Table 12 values were excluded because they are a different hydrated-air-bubble task."
keep,SRC014,Exploration of Advanced Cellulosic Material for Membrane Filtration with Outstanding Antifouling Property,"Table 7, row 'CTL', formamide average/SD/n columns",CTL,cellulose trilaurate,"lauroyl substitution, DS 3.0",dried polymer film on glass; measured at 20 C,formamide,87.8,sessile_drop_on_dried_film,1.1,,1.1,standard_deviation,10,"DropMaster 700 (Kyowa Interface Science), 20 C; sessile drop on dried polymer film formed on glass.",not reported,CC BY (PMC Open Access API metadata); Royal Society of Chemistry article.,10.1039/D2RA08165B,keep_canonical_reextraction; supersedes duplicate legacy copies SRC014 and OPEN_CELLULOSE_ESTER,"Average, SD, and n were transcribed from the same row. Captive-bubble Table 12 values were excluded because they are a different hydrated-air-bubble task."
keep,SRC014,Exploration of Advanced Cellulosic Material for Membrane Filtration with Outstanding Antifouling Property,"Table 7, row 'CTL', diiodomethane average/SD/n columns",CTL,cellulose trilaurate,"lauroyl substitution, DS 3.0",dried polymer film on glass; measured at 20 C,diiodomethane,54.3,sessile_drop_on_dried_film,1.0,,1.0,standard_deviation,10,"DropMaster 700 (Kyowa Interface Science), 20 C; sessile drop on dried polymer film formed on glass.",not reported,CC BY (PMC Open Access API metadata); Royal Society of Chemistry article.,10.1039/D2RA08165B,keep_canonical_reextraction; supersedes duplicate legacy copies SRC014 and OPEN_CELLULOSE_ESTER,"Average, SD, and n were transcribed from the same row. Captive-bubble Table 12 values were excluded because they are a different hydrated-air-bubble task."
keep,SRC014,Exploration of Advanced Cellulosic Material for Membrane Filtration with Outstanding Antifouling Property,"Table 7, row 'CTL', water average/SD/n columns",CTL,cellulose trilaurate,"lauroyl substitution, DS 3.0",dried polymer film on glass; measured at 20 C,water,102.9,sessile_drop_on_dried_film,0.4,,0.4,standard_deviation,10,"DropMaster 700 (Kyowa Interface Science), 20 C; sessile drop on dried polymer film formed on glass.",not reported,CC BY (PMC Open Access API metadata); Royal Society of Chemistry article.,10.1039/D2RA08165B,keep_canonical_reextraction; supersedes duplicate legacy copies SRC014 and OPEN_CELLULOSE_ESTER,"Average, SD, and n were transcribed from the same row. Captive-bubble Table 12 values were excluded because they are a different hydrated-air-bubble task."
keep,SRC014,Exploration of Advanced Cellulosic Material for Membrane Filtration with Outstanding Antifouling Property,"Table 7, row 'CLTOD(a)', formamide average/SD/n columns",CLTOD(a),cellulose laurate trioxadecanoate,lauroyl DS 1.7 and trioxadecanoyl DS 1.3,dried polymer film on glass; measured at 20 C,formamide,84.7,sessile_drop_on_dried_film,1.5,,1.5,standard_deviation,10,"DropMaster 700 (Kyowa Interface Science), 20 C; sessile drop on dried polymer film formed on glass.",not reported,CC BY (PMC Open Access API metadata); Royal Society of Chemistry article.,10.1039/D2RA08165B,keep_canonical_reextraction; supersedes duplicate legacy copies SRC014 and OPEN_CELLULOSE_ESTER,"Average, SD, and n were transcribed from the same row. Captive-bubble Table 12 values were excluded because they are a different hydrated-air-bubble task."
keep,SRC014,Exploration of Advanced Cellulosic Material for Membrane Filtration with Outstanding Antifouling Property,"Table 7, row 'CLTOD(a)', diiodomethane average/SD/n columns",CLTOD(a),cellulose laurate trioxadecanoate,lauroyl DS 1.7 and trioxadecanoyl DS 1.3,dried polymer film on glass; measured at 20 C,diiodomethane,46.0,sessile_drop_on_dried_film,1.1,,1.1,standard_deviation,10,"DropMaster 700 (Kyowa Interface Science), 20 C; sessile drop on dried polymer film formed on glass.",not reported,CC BY (PMC Open Access API metadata); Royal Society of Chemistry article.,10.1039/D2RA08165B,keep_canonical_reextraction; supersedes duplicate legacy copies SRC014 and OPEN_CELLULOSE_ESTER,"Average, SD, and n were transcribed from the same row. Captive-bubble Table 12 values were excluded because they are a different hydrated-air-bubble task."
keep,SRC014,Exploration of Advanced Cellulosic Material for Membrane Filtration with Outstanding Antifouling Property,"Table 7, row 'CLTOD(a)', water average/SD/n columns",CLTOD(a),cellulose laurate trioxadecanoate,lauroyl DS 1.7 and trioxadecanoyl DS 1.3,dried polymer film on glass; measured at 20 C,water,97.4,sessile_drop_on_dried_film,0.4,,0.4,standard_deviation,10,"DropMaster 700 (Kyowa Interface Science), 20 C; sessile drop on dried polymer film formed on glass.",not reported,CC BY (PMC Open Access API metadata); Royal Society of Chemistry article.,10.1039/D2RA08165B,keep_canonical_reextraction; supersedes duplicate legacy copies SRC014 and OPEN_CELLULOSE_ESTER,"Average, SD, and n were transcribed from the same row. Captive-bubble Table 12 values were excluded because they are a different hydrated-air-bubble task."
keep,SRC014,Exploration of Advanced Cellulosic Material for Membrane Filtration with Outstanding Antifouling Property,"Table 7, row 'CLTOD(b)', formamide average/SD/n columns",CLTOD(b),cellulose laurate trioxadecanoate,lauroyl DS 1.1 and trioxadecanoyl DS 1.9,dried polymer film on glass; measured at 20 C,formamide,77.3,sessile_drop_on_dried_film,1.6,,1.6,standard_deviation,10,"DropMaster 700 (Kyowa Interface Science), 20 C; sessile drop on dried polymer film formed on glass.",not reported,CC BY (PMC Open Access API metadata); Royal Society of Chemistry article.,10.1039/D2RA08165B,keep_canonical_reextraction; supersedes duplicate legacy copies SRC014 and OPEN_CELLULOSE_ESTER,"Average, SD, and n were transcribed from the same row. Captive-bubble Table 12 values were excluded because they are a different hydrated-air-bubble task."
keep,SRC014,Exploration of Advanced Cellulosic Material for Membrane Filtration with Outstanding Antifouling Property,"Table 7, row 'CLTOD(b)', diiodomethane average/SD/n columns",CLTOD(b),cellulose laurate trioxadecanoate,lauroyl DS 1.1 and trioxadecanoyl DS 1.9,dried polymer film on glass; measured at 20 C,diiodomethane,47.5,sessile_drop_on_dried_film,3.2,,3.2,standard_deviation,10,"DropMaster 700 (Kyowa Interface Science), 20 C; sessile drop on dried polymer film formed on glass.",not reported,CC BY (PMC Open Access API metadata); Royal Society of Chemistry article.,10.1039/D2RA08165B,keep_canonical_reextraction; supersedes duplicate legacy copies SRC014 and OPEN_CELLULOSE_ESTER,"Average, SD, and n were transcribed from the same row. Captive-bubble Table 12 values were excluded because they are a different hydrated-air-bubble task."
keep,SRC014,Exploration of Advanced Cellulosic Material for Membrane Filtration with Outstanding Antifouling Property,"Table 7, row 'CLTOD(b)', water average/SD/n columns",CLTOD(b),cellulose laurate trioxadecanoate,lauroyl DS 1.1 and trioxadecanoyl DS 1.9,dried polymer film on glass; measured at 20 C,water,90.3,sessile_drop_on_dried_film,0.8,,0.8,standard_deviation,10,"DropMaster 700 (Kyowa Interface Science), 20 C; sessile drop on dried polymer film formed on glass.",not reported,CC BY (PMC Open Access API metadata); Royal Society of Chemistry article.,10.1039/D2RA08165B,keep_canonical_reextraction; supersedes duplicate legacy copies SRC014 and OPEN_CELLULOSE_ESTER,"Average, SD, and n were transcribed from the same row. Captive-bubble Table 12 values were excluded because they are a different hydrated-air-bubble task."
keep,SRC014,Exploration of Advanced Cellulosic Material for Membrane Filtration with Outstanding Antifouling Property,"Table 7, row 'PES', formamide average/SD/n columns",PES,polyethersulfone reference film,PES dissolved in DMAC and dried at 100 C,dried polymer film on glass; measured at 20 C,formamide,57.2,sessile_drop_on_dried_film,2.6,,2.6,standard_deviation,10,"DropMaster 700 (Kyowa Interface Science), 20 C; sessile drop on dried polymer film formed on glass.",not reported,CC BY (PMC Open Access API metadata); Royal Society of Chemistry article.,10.1039/D2RA08165B,keep_canonical_reextraction; supersedes duplicate legacy copies SRC014 and OPEN_CELLULOSE_ESTER,"Average, SD, and n were transcribed from the same row. Captive-bubble Table 12 values were excluded because they are a different hydrated-air-bubble task."
keep,SRC014,Exploration of Advanced Cellulosic Material for Membrane Filtration with Outstanding Antifouling Property,"Table 7, row 'PES', diiodomethane average/SD/n columns",PES,polyethersulfone reference film,PES dissolved in DMAC and dried at 100 C,dried polymer film on glass; measured at 20 C,diiodomethane,28.0,sessile_drop_on_dried_film,1.3,,1.3,standard_deviation,10,"DropMaster 700 (Kyowa Interface Science), 20 C; sessile drop on dried polymer film formed on glass.",not reported,CC BY (PMC Open Access API metadata); Royal Society of Chemistry article.,10.1039/D2RA08165B,keep_canonical_reextraction; supersedes duplicate legacy copies SRC014 and OPEN_CELLULOSE_ESTER,"Average, SD, and n were transcribed from the same row. Captive-bubble Table 12 values were excluded because they are a different hydrated-air-bubble task."
keep,SRC014,Exploration of Advanced Cellulosic Material for Membrane Filtration with Outstanding Antifouling Property,"Table 7, row 'PES', water average/SD/n columns",PES,polyethersulfone reference film,PES dissolved in DMAC and dried at 100 C,dried polymer film on glass; measured at 20 C,water,81.2,sessile_drop_on_dried_film,1.3,,1.3,standard_deviation,10,"DropMaster 700 (Kyowa Interface Science), 20 C; sessile drop on dried polymer film formed on glass.",not reported,CC BY (PMC Open Access API metadata); Royal Society of Chemistry article.,10.1039/D2RA08165B,keep_canonical_reextraction; supersedes duplicate legacy copies SRC014 and OPEN_CELLULOSE_ESTER,"Average, SD, and n were transcribed from the same row. Captive-bubble Table 12 values were excluded because they are a different hydrated-air-bubble task."
keep,SRC014,Exploration of Advanced Cellulosic Material for Membrane Filtration with Outstanding Antifouling Property,"Table 7, row 'CTA(b)', formamide average/SD/n columns",CTA(b),cellulose triacetate reference film,"acetyl substitution, DS 2.9",dried polymer film on glass; measured at 20 C,formamide,51.9,sessile_drop_on_dried_film,1.8,,1.8,standard_deviation,10,"DropMaster 700 (Kyowa Interface Science), 20 C; sessile drop on dried polymer film formed on glass.",not reported,CC BY (PMC Open Access API metadata); Royal Society of Chemistry article.,10.1039/D2RA08165B,keep_canonical_reextraction; supersedes duplicate legacy copies SRC014 and OPEN_CELLULOSE_ESTER,"Average, SD, and n were transcribed from the same row. Captive-bubble Table 12 values were excluded because they are a different hydrated-air-bubble task."
keep,SRC014,Exploration of Advanced Cellulosic Material for Membrane Filtration with Outstanding Antifouling Property,"Table 7, row 'CTA(b)', diiodomethane average/SD/n columns",CTA(b),cellulose triacetate reference film,"acetyl substitution, DS 2.9",dried polymer film on glass; measured at 20 C,diiodomethane,36.2,sessile_drop_on_dried_film,1.3,,1.3,standard_deviation,10,"DropMaster 700 (Kyowa Interface Science), 20 C; sessile drop on dried polymer film formed on glass.",not reported,CC BY (PMC Open Access API metadata); Royal Society of Chemistry article.,10.1039/D2RA08165B,keep_canonical_reextraction; supersedes duplicate legacy copies SRC014 and OPEN_CELLULOSE_ESTER,"Average, SD, and n were transcribed from the same row. Captive-bubble Table 12 values were excluded because they are a different hydrated-air-bubble task."
keep,SRC014,Exploration of Advanced Cellulosic Material for Membrane Filtration with Outstanding Antifouling Property,"Table 7, row 'CTA(b)', water average/SD/n columns",CTA(b),cellulose triacetate reference film,"acetyl substitution, DS 2.9",dried polymer film on glass; measured at 20 C,water,62.1,sessile_drop_on_dried_film,1.0,,1.0,standard_deviation,10,"DropMaster 700 (Kyowa Interface Science), 20 C; sessile drop on dried polymer film formed on glass.",not reported,CC BY (PMC Open Access API metadata); Royal Society of Chemistry article.,10.1039/D2RA08165B,keep_canonical_reextraction; supersedes duplicate legacy copies SRC014 and OPEN_CELLULOSE_ESTER,"Average, SD, and n were transcribed from the same row. Captive-bubble Table 12 values were excluded because they are a different hydrated-air-bubble task."
keep,SRC016,Printed Paper-Based Arrays as Substrates for Biofilm Formation,"Table 2, row 'Latex 1 coated paper', water theta_r column",Latex 1 coated paper,paper with latex-blend barrier coating,"reverse-gravure coated, IR dried, calendered at 70 bar/35 C, washed and IR cured","ambient RH 15+/-5%, 24+/-1 C",water,84,roughness_corrected_static_theta_r,,,1,reported_plus_minus_type_not_defined,3,CAM 200 goniometer; 1-2 uL droplets in RH 15+/-5% and 24+/-1 C; apparent static angle averaged over three stabilized measurements; Table 2 reports Wenzel roughness-corrected theta_r unless footnoted otherwise.,1-2 uL,Copyright 2014 Maattaenen et al.; licensee Springer; PMC OA API license=none; no machine-readable Creative Commons license in the retrieved article XML.,10.1186/s13568-014-0032-0,keep_primary_roughness_corrected_table_value,The article title was corrected. PS/PDMS rows are retained only for audit visibility because footnote b attributes the values to Juvonen et al. (2013).
keep,SRC016,Printed Paper-Based Arrays as Substrates for Biofilm Formation,"Table 2, row 'Latex 1 coated paper', diiodomethane theta_r column",Latex 1 coated paper,paper with latex-blend barrier coating,"reverse-gravure coated, IR dried, calendered at 70 bar/35 C, washed and IR cured","ambient RH 15+/-5%, 24+/-1 C",diiodomethane,52,roughness_corrected_static_theta_r,,,1,reported_plus_minus_type_not_defined,3,CAM 200 goniometer; 1-2 uL droplets in RH 15+/-5% and 24+/-1 C; apparent static angle averaged over three stabilized measurements; Table 2 reports Wenzel roughness-corrected theta_r unless footnoted otherwise.,1-2 uL,Copyright 2014 Maattaenen et al.; licensee Springer; PMC OA API license=none; no machine-readable Creative Commons license in the retrieved article XML.,10.1186/s13568-014-0032-0,keep_primary_roughness_corrected_table_value,The article title was corrected. PS/PDMS rows are retained only for audit visibility because footnote b attributes the values to Juvonen et al. (2013).
keep,SRC016,Printed Paper-Based Arrays as Substrates for Biofilm Formation,"Table 2, row 'Latex 1 coated paper', ethylene glycol theta_r column",Latex 1 coated paper,paper with latex-blend barrier coating,"reverse-gravure coated, IR dried, calendered at 70 bar/35 C, washed and IR cured","ambient RH 15+/-5%, 24+/-1 C",ethylene glycol,73,roughness_corrected_static_theta_r,,,1,reported_plus_minus_type_not_defined,3,CAM 200 goniometer; 1-2 uL droplets in RH 15+/-5% and 24+/-1 C; apparent static angle averaged over three stabilized measurements; Table 2 reports Wenzel roughness-corrected theta_r unless footnoted otherwise.,1-2 uL,Copyright 2014 Maattaenen et al.; licensee Springer; PMC OA API license=none; no machine-readable Creative Commons license in the retrieved article XML.,10.1186/s13568-014-0032-0,keep_primary_roughness_corrected_table_value,The article title was corrected. PS/PDMS rows are retained only for audit visibility because footnote b attributes the values to Juvonen et al. (2013).
keep,SRC016,Printed Paper-Based Arrays as Substrates for Biofilm Formation,"Table 2, row 'Latex 2 coated paper', water theta_r column",Latex 2 coated paper,paper with latex-blend barrier coating,"reverse-gravure coated, IR dried, calendered at 70 bar/35 C, washed and IR cured","ambient RH 15+/-5%, 24+/-1 C",water,74,roughness_corrected_static_theta_r,,,3,reported_plus_minus_type_not_defined,3,CAM 200 goniometer; 1-2 uL droplets in RH 15+/-5% and 24+/-1 C; apparent static angle averaged over three stabilized measurements; Table 2 reports Wenzel roughness-corrected theta_r unless footnoted otherwise.,1-2 uL,Copyright 2014 Maattaenen et al.; licensee Springer; PMC OA API license=none; no machine-readable Creative Commons license in the retrieved article XML.,10.1186/s13568-014-0032-0,keep_primary_roughness_corrected_table_value,The article title was corrected. PS/PDMS rows are retained only for audit visibility because footnote b attributes the values to Juvonen et al. (2013).
keep,SRC016,Printed Paper-Based Arrays as Substrates for Biofilm Formation,"Table 2, row 'Latex 2 coated paper', diiodomethane theta_r column",Latex 2 coated paper,paper with latex-blend barrier coating,"reverse-gravure coated, IR dried, calendered at 70 bar/35 C, washed and IR cured","ambient RH 15+/-5%, 24+/-1 C",diiodomethane,47,roughness_corrected_static_theta_r,,,2,reported_plus_minus_type_not_defined,3,CAM 200 goniometer; 1-2 uL droplets in RH 15+/-5% and 24+/-1 C; apparent static angle averaged over three stabilized measurements; Table 2 reports Wenzel roughness-corrected theta_r unless footnoted otherwise.,1-2 uL,Copyright 2014 Maattaenen et al.; licensee Springer; PMC OA API license=none; no machine-readable Creative Commons license in the retrieved article XML.,10.1186/s13568-014-0032-0,keep_primary_roughness_corrected_table_value,The article title was corrected. PS/PDMS rows are retained only for audit visibility because footnote b attributes the values to Juvonen et al. (2013).
keep,SRC016,Printed Paper-Based Arrays as Substrates for Biofilm Formation,"Table 2, row 'Latex 2 coated paper', ethylene glycol theta_r column",Latex 2 coated paper,paper with latex-blend barrier coating,"reverse-gravure coated, IR dried, calendered at 70 bar/35 C, washed and IR cured","ambient RH 15+/-5%, 24+/-1 C",ethylene glycol,59,roughness_corrected_static_theta_r,,,2,reported_plus_minus_type_not_defined,3,CAM 200 goniometer; 1-2 uL droplets in RH 15+/-5% and 24+/-1 C; apparent static angle averaged over three stabilized measurements; Table 2 reports Wenzel roughness-corrected theta_r unless footnoted otherwise.,1-2 uL,Copyright 2014 Maattaenen et al.; licensee Springer; PMC OA API license=none; no machine-readable Creative Commons license in the retrieved article XML.,10.1186/s13568-014-0032-0,keep_primary_roughness_corrected_table_value,The article title was corrected. PS/PDMS rows are retained only for audit visibility because footnote b attributes the values to Juvonen et al. (2013).
keep,SRC016,Printed Paper-Based Arrays as Substrates for Biofilm Formation,"Table 2, row 'Kaolin coated paper', water theta_r column",Kaolin coated paper,paper with kaolin-pigment barrier coating,"reverse-gravure coated, IR dried, calendered at 50 bar/70 C","ambient RH 15+/-5%, 24+/-1 C",water,64,roughness_corrected_static_theta_r,,,2,reported_plus_minus_type_not_defined,3,CAM 200 goniometer; 1-2 uL droplets in RH 15+/-5% and 24+/-1 C; apparent static angle averaged over three stabilized measurements; Table 2 reports Wenzel roughness-corrected theta_r unless footnoted otherwise.,1-2 uL,Copyright 2014 Maattaenen et al.; licensee Springer; PMC OA API license=none; no machine-readable Creative Commons license in the retrieved article XML.,10.1186/s13568-014-0032-0,keep_primary_roughness_corrected_table_value,The article title was corrected. PS/PDMS rows are retained only for audit visibility because footnote b attributes the values to Juvonen et al. (2013).
keep,SRC016,Printed Paper-Based Arrays as Substrates for Biofilm Formation,"Table 2, row 'Kaolin coated paper', diiodomethane theta_r column",Kaolin coated paper,paper with kaolin-pigment barrier coating,"reverse-gravure coated, IR dried, calendered at 50 bar/70 C","ambient RH 15+/-5%, 24+/-1 C",diiodomethane,50,roughness_corrected_static_theta_r,,,1,reported_plus_minus_type_not_defined,3,CAM 200 goniometer; 1-2 uL droplets in RH 15+/-5% and 24+/-1 C; apparent static angle averaged over three stabilized measurements; Table 2 reports Wenzel roughness-corrected theta_r unless footnoted otherwise.,1-2 uL,Copyright 2014 Maattaenen et al.; licensee Springer; PMC OA API license=none; no machine-readable Creative Commons license in the retrieved article XML.,10.1186/s13568-014-0032-0,keep_primary_roughness_corrected_table_value,The article title was corrected. PS/PDMS rows are retained only for audit visibility because footnote b attributes the values to Juvonen et al. (2013).
keep,SRC016,Printed Paper-Based Arrays as Substrates for Biofilm Formation,"Table 2, row 'Kaolin coated paper', ethylene glycol theta_r column",Kaolin coated paper,paper with kaolin-pigment barrier coating,"reverse-gravure coated, IR dried, calendered at 50 bar/70 C","ambient RH 15+/-5%, 24+/-1 C",ethylene glycol,48,roughness_corrected_static_theta_r,,,1,reported_plus_minus_type_not_defined,3,CAM 200 goniometer; 1-2 uL droplets in RH 15+/-5% and 24+/-1 C; apparent static angle averaged over three stabilized measurements; Table 2 reports Wenzel roughness-corrected theta_r unless footnoted otherwise.,1-2 uL,Copyright 2014 Maattaenen et al.; licensee Springer; PMC OA API license=none; no machine-readable Creative Commons license in the retrieved article XML.,10.1186/s13568-014-0032-0,keep_primary_roughness_corrected_table_value,The article title was corrected. PS/PDMS rows are retained only for audit visibility because footnote b attributes the values to Juvonen et al. (2013).
keep,SRC016,Printed Paper-Based Arrays as Substrates for Biofilm Formation,"Table 2, row 'PCC coated paper', water theta_r column",PCC coated paper,paper with precipitated-calcium-carbonate barrier coating,"reverse-gravure coated, IR dried, calendered at 50 bar/70 C","ambient RH 15+/-5%, 24+/-1 C",water,92,roughness_corrected_static_theta_r,,,3,reported_plus_minus_type_not_defined,3,CAM 200 goniometer; 1-2 uL droplets in RH 15+/-5% and 24+/-1 C; apparent static angle averaged over three stabilized measurements; Table 2 reports Wenzel roughness-corrected theta_r unless footnoted otherwise.,1-2 uL,Copyright 2014 Maattaenen et al.; licensee Springer; PMC OA API license=none; no machine-readable Creative Commons license in the retrieved article XML.,10.1186/s13568-014-0032-0,keep_primary_roughness_corrected_table_value,The article title was corrected. PS/PDMS rows are retained only for audit visibility because footnote b attributes the values to Juvonen et al. (2013).
keep,SRC016,Printed Paper-Based Arrays as Substrates for Biofilm Formation,"Table 2, row 'PCC coated paper', diiodomethane theta_r column",PCC coated paper,paper with precipitated-calcium-carbonate barrier coating,"reverse-gravure coated, IR dried, calendered at 50 bar/70 C","ambient RH 15+/-5%, 24+/-1 C",diiodomethane,52,roughness_corrected_static_theta_r,,,1,reported_plus_minus_type_not_defined,3,CAM 200 goniometer; 1-2 uL droplets in RH 15+/-5% and 24+/-1 C; apparent static angle averaged over three stabilized measurements; Table 2 reports Wenzel roughness-corrected theta_r unless footnoted otherwise.,1-2 uL,Copyright 2014 Maattaenen et al.; licensee Springer; PMC OA API license=none; no machine-readable Creative Commons license in the retrieved article XML.,10.1186/s13568-014-0032-0,keep_primary_roughness_corrected_table_value,The article title was corrected. PS/PDMS rows are retained only for audit visibility because footnote b attributes the values to Juvonen et al. (2013).
keep,SRC016,Printed Paper-Based Arrays as Substrates for Biofilm Formation,"Table 2, row 'PCC coated paper', ethylene glycol theta_r column",PCC coated paper,paper with precipitated-calcium-carbonate barrier coating,"reverse-gravure coated, IR dried, calendered at 50 bar/70 C","ambient RH 15+/-5%, 24+/-1 C",ethylene glycol,52,roughness_corrected_static_theta_r,,,2,reported_plus_minus_type_not_defined,3,CAM 200 goniometer; 1-2 uL droplets in RH 15+/-5% and 24+/-1 C; apparent static angle averaged over three stabilized measurements; Table 2 reports Wenzel roughness-corrected theta_r unless footnoted otherwise.,1-2 uL,Copyright 2014 Maattaenen et al.; licensee Springer; PMC OA API license=none; no machine-readable Creative Commons license in the retrieved article XML.,10.1186/s13568-014-0032-0,keep_primary_roughness_corrected_table_value,The article title was corrected. PS/PDMS rows are retained only for audit visibility because footnote b attributes the values to Juvonen et al. (2013).
exclude,SRC016,Printed Paper-Based Arrays as Substrates for Biofilm Formation,"Table 2, row 'PS (96-well) reference', water theta_r column",PS (96-well) reference,polystyrene 96-well microplate,reference substrate,"ambient RH 15+/-5%, 24+/-1 C",water,80,secondary_reported_static,,,1,reported_plus_minus_type_not_defined,,CAM 200 goniometer; 1-2 uL droplets in RH 15+/-5% and 24+/-1 C; apparent static angle averaged over three stabilized measurements; Table 2 reports Wenzel roughness-corrected theta_r unless footnoted otherwise.,1-2 uL,Copyright 2014 Maattaenen et al.; licensee Springer; PMC OA API license=none; no machine-readable Creative Commons license in the retrieved article XML.,10.1186/s13568-014-0032-0,exclude_secondary_values_footnoted_to_Juvonen_2013,The article title was corrected. PS/PDMS rows are retained only for audit visibility because footnote b attributes the values to Juvonen et al. (2013).
exclude,SRC016,Printed Paper-Based Arrays as Substrates for Biofilm Formation,"Table 2, row 'PS (96-well) reference', diiodomethane theta_r column",PS (96-well) reference,polystyrene 96-well microplate,reference substrate,"ambient RH 15+/-5%, 24+/-1 C",diiodomethane,37,secondary_reported_static,,,2,reported_plus_minus_type_not_defined,,CAM 200 goniometer; 1-2 uL droplets in RH 15+/-5% and 24+/-1 C; apparent static angle averaged over three stabilized measurements; Table 2 reports Wenzel roughness-corrected theta_r unless footnoted otherwise.,1-2 uL,Copyright 2014 Maattaenen et al.; licensee Springer; PMC OA API license=none; no machine-readable Creative Commons license in the retrieved article XML.,10.1186/s13568-014-0032-0,exclude_secondary_values_footnoted_to_Juvonen_2013,The article title was corrected. PS/PDMS rows are retained only for audit visibility because footnote b attributes the values to Juvonen et al. (2013).
exclude,SRC016,Printed Paper-Based Arrays as Substrates for Biofilm Formation,"Table 2, row 'PS (96-well) reference', ethylene glycol theta_r column",PS (96-well) reference,polystyrene 96-well microplate,reference substrate,"ambient RH 15+/-5%, 24+/-1 C",ethylene glycol,53,secondary_reported_static,,,2,reported_plus_minus_type_not_defined,,CAM 200 goniometer; 1-2 uL droplets in RH 15+/-5% and 24+/-1 C; apparent static angle averaged over three stabilized measurements; Table 2 reports Wenzel roughness-corrected theta_r unless footnoted otherwise.,1-2 uL,Copyright 2014 Maattaenen et al.; licensee Springer; PMC OA API license=none; no machine-readable Creative Commons license in the retrieved article XML.,10.1186/s13568-014-0032-0,exclude_secondary_values_footnoted_to_Juvonen_2013,The article title was corrected. PS/PDMS rows are retained only for audit visibility because footnote b attributes the values to Juvonen et al. (2013).
exclude,SRC016,Printed Paper-Based Arrays as Substrates for Biofilm Formation,"Table 2, row 'PDMS reference', water theta_r column",PDMS reference,polydimethylsiloxane printed reference surface,flexographically printed PDMS-based ink,"ambient RH 15+/-5%, 24+/-1 C",water,114,secondary_reported_static_not_roughness_corrected,,,1,reported_plus_minus_type_not_defined,,CAM 200 goniometer; 1-2 uL droplets in RH 15+/-5% and 24+/-1 C; apparent static angle averaged over three stabilized measurements; Table 2 reports Wenzel roughness-corrected theta_r unless footnoted otherwise.,1-2 uL,Copyright 2014 Maattaenen et al.; licensee Springer; PMC OA API license=none; no machine-readable Creative Commons license in the retrieved article XML.,10.1186/s13568-014-0032-0,exclude_secondary_values_footnoted_to_Juvonen_2013,The article title was corrected. PS/PDMS rows are retained only for audit visibility because footnote b attributes the values to Juvonen et al. (2013).
exclude,SRC016,Printed Paper-Based Arrays as Substrates for Biofilm Formation,"Table 2, row 'PDMS reference', diiodomethane theta_r column",PDMS reference,polydimethylsiloxane printed reference surface,flexographically printed PDMS-based ink,"ambient RH 15+/-5%, 24+/-1 C",diiodomethane,92,secondary_reported_static_not_roughness_corrected,,,2,reported_plus_minus_type_not_defined,,CAM 200 goniometer; 1-2 uL droplets in RH 15+/-5% and 24+/-1 C; apparent static angle averaged over three stabilized measurements; Table 2 reports Wenzel roughness-corrected theta_r unless footnoted otherwise.,1-2 uL,Copyright 2014 Maattaenen et al.; licensee Springer; PMC OA API license=none; no machine-readable Creative Commons license in the retrieved article XML.,10.1186/s13568-014-0032-0,exclude_secondary_values_footnoted_to_Juvonen_2013,The article title was corrected. PS/PDMS rows are retained only for audit visibility because footnote b attributes the values to Juvonen et al. (2013).
exclude,SRC016,Printed Paper-Based Arrays as Substrates for Biofilm Formation,"Table 2, row 'PDMS reference', ethylene glycol theta_r column",PDMS reference,polydimethylsiloxane printed reference surface,flexographically printed PDMS-based ink,"ambient RH 15+/-5%, 24+/-1 C",ethylene glycol,96,secondary_reported_static_not_roughness_corrected,,,1,reported_plus_minus_type_not_defined,,CAM 200 goniometer; 1-2 uL droplets in RH 15+/-5% and 24+/-1 C; apparent static angle averaged over three stabilized measurements; Table 2 reports Wenzel roughness-corrected theta_r unless footnoted otherwise.,1-2 uL,Copyright 2014 Maattaenen et al.; licensee Springer; PMC OA API license=none; no machine-readable Creative Commons license in the retrieved article XML.,10.1186/s13568-014-0032-0,exclude_secondary_values_footnoted_to_Juvonen_2013,The article title was corrected. PS/PDMS rows are retained only for audit visibility because footnote b attributes the values to Juvonen et al. (2013).
