sample_id,record_id,source_group_id,surface_group_id,target_liquid_id,solid_family,v4_split,n_probes,outer_fold,theta_observed_deg,theta_pred_deg,physics_prediction,neural_prediction,xgboost_prediction,random_forest_prediction,xgboost_direct_prediction,random_forest_direct_prediction,ensemble_std_deg,aleatoric_sigma_deg,residual_shift_cosine,raw_ood_distance,unknown_category,config_key,expert_set,fixed_epochs,weight_physics,weight_neural,weight_xgboost,weight_random_forest,novelty_stratum,evaluation,prediction_mode,model_version,tree_prediction,ood_score,interval_lower_deg,interval_upper_deg,confidence_level,abstain_flag,risk_level,predictive_scale_deg,expert_weights
PA_MEA_024BF46B1B05,REC_244A912CB4FA,SRC019,SFC_C44A751DCE9E,LIQ_6656B41AB7,polymer,train,2,0.0,53.8,55.39436912821727,63.078735,61.09782,50.66997687021891,54.56648178188548,54.32237243652344,63.16658563071855,0.855035783910665,17.435204,0.026828153,0.4324788451194763,yes,delta0.15_balanced_rp0.05,physics+neural+xgboost,94.0,0.3807304546302053,7.367153762039003e-17,0.6192695453697946,0.0,known_material_known_target_liquid,nested_source_cv,,,,,,,,,,,
PA_MEA_0570C69A0D97,REC_01F820C478F3,SRC019,SFC_679A3FFF1571,LIQ_53310FAFB3,polymer,train,2,0.0,50.3,37.6358977789376,28.174696,41.86823,43.452698707580566,39.71036424196162,53.69719314575195,66.4151013566945,0.589345387694935,13.098704,-0.13708523,1.3464196920394895,yes,delta0.15_balanced_rp0.05,physics+neural+xgboost,94.0,0.3807304546302053,7.367153762039003e-17,0.6192695453697946,0.0,known_material_known_target_liquid,nested_source_cv,,,,,,,,,,,
PA_MEA_0FB8EB7E67B8,REC_51A12CE5D05C,SRC019,SFC_D900D5201DB3,LIQ_53310FAFB3,polymer,train,2,0.0,75.0,65.78952709977885,69.48902,66.49865,63.51505692799886,68.74765751842399,66.31933339436848,72.32962019770567,0.5611607878154418,18.629728,0.04465656,0.3390115797519684,yes,delta0.15_balanced_rp0.05,physics+neural+xgboost,94.0,0.3807304546302053,7.367153762039003e-17,0.6192695453697946,0.0,known_material_known_target_liquid,nested_source_cv,,,,,,,,,,,
PA_MEA_17635DD775C6,REC_53075680944E,SRC019,SFC_0885B1C8D502,LIQ_53310FAFB3,polymer,train,2,0.0,48.1,45.10050381462423,35.482525,43.619343,51.013692220052086,45.92906700454737,44.5418701171875,64.33236760985803,0.8308193843217818,14.652837,-0.09423232,1.2736002206802368,yes,delta0.15_balanced_rp0.05,physics+neural+xgboost,94.0,0.3807304546302053,7.367153762039003e-17,0.6192695453697946,0.0,known_material_known_target_liquid,nested_source_cv,,,,,,,,,,,
PA_MEA_188F249305A6,REC_BDDA1E451473,SRC019,SFC_C44A751DCE9E,LIQ_0F4168490E,polymer,train,2,0.0,97.6,93.64324778143693,100.85429,92.335754,89.2098601659139,97.9709927303572,94.2250239054362,93.72736814226108,0.7378732872513936,24.810297,0.14755684,0.5458142757415771,yes,delta0.15_balanced_rp0.05,physics+neural+xgboost,94.0,0.3807304546302053,7.367153762039003e-17,0.6192695453697946,0.0,known_material_known_target_liquid,nested_source_cv,,,,,,,,,,,
PA_MEA_1A105E77F8B8,REC_B33F662ADEEF,SRC019,SFC_1D05D0C244CE,LIQ_0F4168490E,polymer,train,2,0.0,75.0,74.41836379509381,83.19361,75.14466,69.02329158782959,79.45700910186737,77.43461354573567,83.54404830943257,0.5887683257918005,21.394358,0.13782988,0.6924549341201782,yes,delta0.15_balanced_rp0.05,physics+neural+xgboost,94.0,0.3807304546302053,7.367153762039003e-17,0.6192695453697946,0.0,known_material_known_target_liquid,nested_source_cv,,,,,,,,,,,
PA_MEA_1A3C94173AB6,REC_FF1F46505FC5,SRC019,SFC_21ED5CFE6366,LIQ_53310FAFB3,polymer,train,2,0.0,65.4,57.81979608572616,61.22984,59.28667,55.72328201929728,60.762147297275554,62.70295842488607,70.91978041157115,0.652732828625988,17.440004,0.024697592,0.4622783064842224,yes,delta0.15_balanced_rp0.05,physics+neural+xgboost,94.0,0.3807304546302053,7.367153762039003e-17,0.6192695453697946,0.0,known_material_known_target_liquid,nested_source_cv,,,,,,,,,,,
PA_MEA_1AC5A36A0CEE,REC_283E6A0CFA0B,SRC019,SFC_D900D5201DB3,LIQ_0F4168490E,polymer,train,2,0.0,97.8,95.97581356404586,103.56983,94.92114,91.30696773529051,100.8195320616516,97.24735005696614,95.3777341536537,0.5864814397556484,26.01764,0.14884588,0.2955156862735748,yes,delta0.15_balanced_rp0.05,physics+neural+xgboost,94.0,0.3807304546302053,7.367153762039003e-17,0.6192695453697946,0.0,known_material_known_target_liquid,nested_source_cv,,,,,,,,,,,
PA_MEA_1B8BD6E91A2E,REC_55F269A6CD49,SRC019,SFC_7354A757EA1D,LIQ_6656B41AB7,polymer,train,2,0.0,48.6,57.47667000847842,66.0244,62.77386,52.22147750854492,54.71547356533958,54.51393000284831,62.92235931708539,1.12590521564284,18.160568,0.047828455,0.318816989660263,yes,delta0.15_balanced_rp0.05,physics+neural+xgboost,94.0,0.3807304546302053,7.367153762039003e-17,0.6192695453697946,0.0,known_material_known_target_liquid,nested_source_cv,,,,,,,,,,,
PA_MEA_1C28658C2B0B,REC_20D0A13EF3DE,SRC019,SFC_276A65283C60,LIQ_53310FAFB3,polymer,train,2,0.0,40.7,22.6362009786393,15.569263,35.355732,26.980994542439777,27.163329204442505,47.63648986816406,65.49183387120719,0.6711418434781137,11.803828,-0.14774339,1.4833753108978271,yes,delta0.15_balanced_rp0.05,physics+neural+xgboost,94.0,0.3807304546302053,7.367153762039003e-17,0.6192695453697946,0.0,known_material_known_target_liquid,nested_source_cv,,,,,,,,,,,
PA_MEA_1C51B980E400,REC_86ED95D7F405,SRC019,SFC_F5DABBA4867E,LIQ_53310FAFB3,polymer,train,2,0.0,71.9,58.59088132314782,65.1042,63.311752,54.58645439147949,64.7675924828571,53.3808848063151,73.93545446758976,0.3836611272668769,17.346312,0.024279289,0.3234037756919861,yes,delta0.15_balanced_rp0.05,physics+neural+xgboost,94.0,0.3807304546302053,7.367153762039003e-17,0.6192695453697946,0.0,known_material_known_target_liquid,nested_source_cv,,,,,,,,,,,
PA_MEA_24628BBFC3E4,REC_7B539F45E04A,SRC019,SFC_A3F14E86132F,LIQ_53310FAFB3,polymer,train,2,0.0,51.1,51.482430575829234,42.428455,49.623672,57.048866271972656,53.421646333902025,58.6387939453125,67.3599051811196,0.4611734502319345,14.677605,-0.09294879,1.0625301599502563,yes,delta0.15_balanced_rp0.05,physics+neural+xgboost,94.0,0.3807304546302053,7.367153762039003e-17,0.6192695453697946,0.0,known_material_known_target_liquid,nested_source_cv,,,,,,,,,,,
PA_MEA_363583AEB442,REC_7F8F719DDBBA,SRC019,SFC_7354A757EA1D,LIQ_0F4168490E,polymer,train,2,0.0,92.9,90.92293102693236,98.87501,90.46685,86.03394889831543,95.56494626116243,94.34405263264972,92.2422797757642,0.7607302077958881,24.046844,0.14613165,0.5841784477233887,yes,delta0.15_balanced_rp0.05,physics+neural+xgboost,94.0,0.3807304546302053,7.367153762039003e-17,0.6192695453697946,0.0,known_material_known_target_liquid,nested_source_cv,,,,,,,,,,,
PA_MEA_3B5A81D4DA3D,REC_228C9B144575,SRC019,SFC_2CBEAAA7843B,LIQ_6656B41AB7,polymer,train,2,0.0,55.4,58.57436880359968,76.113754,70.68813,47.79105440775553,56.02889854899897,50.37240091959635,60.10882891881153,1.4393564059347306,20.188974,0.08958527,0.224081888794899,yes,delta0.15_balanced_rp0.05,physics+neural+xgboost,94.0,0.3807304546302053,7.367153762039003e-17,0.6192695453697946,0.0,known_material_known_target_liquid,nested_source_cv,,,,,,,,,,,
PA_MEA_43A3BDFF16A1,REC_8BEC994F7743,SRC019,SFC_679A3FFF1571,LIQ_0F4168490E,polymer,train,2,0.0,71.6,76.9288759553596,86.937325,79.08264,70.77562459309895,82.32506092273046,75.32855987548828,83.68197507325334,0.9724535319569372,21.461853,0.13593054,0.4644409418106079,yes,delta0.15_balanced_rp0.05,physics+neural+xgboost,94.0,0.3807304546302053,7.367153762039003e-17,0.6192695453697946,0.0,known_material_known_target_liquid,nested_source_cv,,,,,,,,,,,
PA_MEA_4D3395E9F38C,REC_53EC5CD270FD,SRC019,SFC_56FA8A79F2C6,LIQ_0F4168490E,polymer,train,2,0.0,85.9,82.52019483580527,91.79638,83.60373,76.81714375813802,87.93945273792326,78.89068094889323,84.57983279881232,0.6404662284673126,22.676018,0.14274645,0.5501231551170349,yes,delta0.15_balanced_rp0.05,physics+neural+xgboost,94.0,0.3807304546302053,7.367153762039003e-17,0.6192695453697946,0.0,known_material_known_target_liquid,nested_source_cv,,,,,,,,,,,
PA_MEA_4DA1BDFD4B0C,REC_9B27C1FBEDAB,SRC019,SFC_33502EC79F24,LIQ_53310FAFB3,polymer,train,2,0.0,63.3,57.65405149992375,58.667,57.012028,57.03128508726756,59.67645067763485,62.98736953735352,70.64318909752332,0.6762875423036628,17.283337,0.019336203,0.5751650333404541,yes,delta0.15_balanced_rp0.05,physics+neural+xgboost,94.0,0.3807304546302053,7.367153762039003e-17,0.6192695453697946,0.0,known_material_known_target_liquid,nested_source_cv,,,,,,,,,,,
PA_MEA_4DBC988A2EE2,REC_E63AA984C8FE,SRC019,SFC_FDBAA751F265,LIQ_53310FAFB3,polymer,train,2,0.0,58.9,54.73704514163551,53.730946,56.231808,55.35560089598099,57.40516550922308,62.2565803527832,70.46573716721251,0.8488808650802306,15.820808,-0.039620474,0.7196707129478455,yes,delta0.15_balanced_rp0.05,physics+neural+xgboost,94.0,0.3807304546302053,7.367153762039003e-17,0.6192695453697946,0.0,known_material_known_target_liquid,nested_source_cv,,,,,,,,,,,
PA_MEA_4E1FCE393618,REC_5114A4BF98EB,SRC019,SFC_8CC973346CC4,LIQ_6656B41AB7,polymer,train,2,0.0,51.6,50.17785192970622,71.95739,66.59533,36.78766759236654,50.95664930541042,43.78812917073568,57.79853450446007,0.5467773747594147,19.779783,0.0859707,0.4726154804229736,yes,delta0.15_balanced_rp0.05,physics+neural+xgboost,94.0,0.3807304546302053,7.367153762039003e-17,0.6192695453697946,0.0,known_material_known_target_liquid,nested_source_cv,,,,,,,,,,,
PA_MEA_57FDF92C67C2,REC_C8D2BA164F11,SRC019,SFC_56FA8A79F2C6,LIQ_53310FAFB3,polymer,train,2,0.0,58.0,55.65543563584378,51.308605,54.90227,58.32789182662964,57.49326311350509,63.20149358113607,70.43253100453809,0.2073241401471282,15.535713,-0.05389406,0.7995760440826416,yes,delta0.15_balanced_rp0.05,physics+neural+xgboost,94.0,0.3807304546302053,7.367153762039003e-17,0.6192695453697946,0.0,known_material_known_target_liquid,nested_source_cv,,,,,,,,,,,
PA_MEA_5CF84809D015,REC_AE4B20139659,SRC019,SFC_0885B1C8D502,LIQ_0F4168490E,polymer,train,2,0.0,71.2,70.18863533077136,80.557686,72.175316,63.8136838277181,76.55924620036869,68.89199574788411,81.74703590775921,0.4551814048960477,21.719713,0.14203322,0.9026122689247132,yes,delta0.15_balanced_rp0.05,physics+neural+xgboost,94.0,0.3807304546302053,7.367153762039003e-17,0.6192695453697946,0.0,known_material_known_target_liquid,nested_source_cv,,,,,,,,,,,
PA_MEA_5DF09EEED9C3,REC_BF15D07218B1,SRC019,SFC_7354A757EA1D,LIQ_53310FAFB3,polymer,train,2,0.0,65.9,56.36988612245659,59.714066,59.74034,54.31386550267538,59.499281168143575,59.30850601196289,71.110163450134,0.4470948723053393,16.541822,-0.0042968616,0.52669358253479,yes,delta0.15_balanced_rp0.05,physics+neural+xgboost,94.0,0.3807304546302053,7.367153762039003e-17,0.6192695453697946,0.0,known_material_known_target_liquid,nested_source_cv,,,,,,,,,,,
PA_MEA_5F09B2CFC105,REC_6E7E31F1CD96,SRC019,SFC_33502EC79F24,LIQ_6656B41AB7,polymer,train,2,0.0,61.6,51.09658228603392,73.27099,67.71035,37.46363067626953,51.81352250028419,43.13922627766927,57.39935625297871,0.9037392994295192,20.006676,0.09015444,0.4233074486255646,yes,delta0.15_balanced_rp0.05,physics+neural+xgboost,94.0,0.3807304546302053,7.367153762039003e-17,0.6192695453697946,0.0,known_material_known_target_liquid,nested_source_cv,,,,,,,,,,,
PA_MEA_60FA49041735,REC_1E678FE17A76,SRC019,SFC_679A3FFF1571,LIQ_6656B41AB7,polymer,train,2,0.0,40.3,44.75732643971115,83.23083,74.74057,21.10359827677409,50.034158237737394,27.161230723063152,53.45695533975964,0.9191003497324376,23.908087,0.14531459,0.7220236659049988,yes,delta0.15_balanced_rp0.05,physics+neural+xgboost,94.0,0.3807304546302053,7.367153762039003e-17,0.6192695453697946,0.0,known_material_known_target_liquid,nested_source_cv,,,,,,,,,,,
PA_MEA_6C1120612ADF,REC_49F78FB57736,SRC019,SFC_C688F68936EE,LIQ_6656B41AB7,polymer,train,2,0.0,49.5,56.0834721185331,64.16224,61.742146,51.11660003662109,54.60060882846182,54.28005727132162,62.99260170128292,0.8872122433275874,17.660463,0.033994403,0.3768326640129089,yes,delta0.15_balanced_rp0.05,physics+neural+xgboost,94.0,0.3807304546302053,7.367153762039003e-17,0.6192695453697946,0.0,known_material_known_target_liquid,nested_source_cv,,,,,,,,,,,
PA_MEA_6E656DBCF040,REC_3270E5A7395A,SRC019,SFC_33502EC79F24,LIQ_0F4168490E,polymer,train,2,0.0,87.6,85.16083100059238,91.97643,83.532265,80.97056007385254,88.87287182909351,83.70555877685547,85.77605538227874,0.8974930722908426,23.838623,0.14713132,0.5546503663063049,yes,delta0.15_balanced_rp0.05,physics+neural+xgboost,94.0,0.3807304546302053,7.367153762039003e-17,0.6192695453697946,0.0,known_material_known_target_liquid,nested_source_cv,,,,,,,,,,,
PA_MEA_6F70BD0227FB,REC_EDA5792A9168,SRC019,SFC_94A74BED0696,LIQ_6656B41AB7,polymer,train,2,0.0,44.0,45.53686204716653,70.880844,64.580864,29.9552370707194,48.0848520715486,35.83618672688802,56.273436244833285,1.729616400590741,20.175741,0.10067471,0.7886579632759094,yes,delta0.15_balanced_rp0.05,physics+neural+xgboost,94.0,0.3807304546302053,7.367153762039003e-17,0.6192695453697946,0.0,known_material_known_target_liquid,nested_source_cv,,,,,,,,,,,
PA_MEA_7B1490122020,REC_56B0D8F3A55A,SRC019,SFC_D900D5201DB3,LIQ_6656B41AB7,polymer,train,2,0.0,62.5,59.61790156726881,77.378,71.62223,48.69889259338379,55.141757663770136,50.32176208496094,59.562637458689096,1.370056381230154,20.495483,0.09588853,0.2920103967189789,yes,delta0.15_balanced_rp0.05,physics+neural+xgboost,94.0,0.3807304546302053,7.367153762039003e-17,0.6192695453697946,0.0,known_material_known_target_liquid,nested_source_cv,,,,,,,,,,,
PA_MEA_841568C22BA2,REC_EE8F6D5976A6,SRC019,SFC_8CC973346CC4,LIQ_0F4168490E,polymer,train,2,0.0,86.1,84.40708989685186,93.36127,85.04455,78.90201059977214,89.58814622776627,78.97716522216797,85.46159879298558,0.6044845429120619,23.273743,0.14501087,0.6556722521781921,yes,delta0.15_balanced_rp0.05,physics+neural+xgboost,94.0,0.3807304546302053,7.367153762039003e-17,0.6192695453697946,0.0,known_material_known_target_liquid,nested_source_cv,,,,,,,,,,,
PA_MEA_855A8C82EF26,REC_8BFC7C50DE51,SRC019,SFC_1D05D0C244CE,LIQ_6656B41AB7,polymer,train,2,0.0,46.9,44.97279494795431,70.22871,63.97522,29.445316314697266,47.79031824169459,35.64148839314779,56.28612278015359,1.8101641802678148,20.08798,0.099390455,0.8168883323669434,yes,delta0.15_balanced_rp0.05,physics+neural+xgboost,94.0,0.3807304546302053,7.367153762039003e-17,0.6192695453697946,0.0,known_material_known_target_liquid,nested_source_cv,,,,,,,,,,,
PA_MEA_86542109F60D,REC_2F56391852EE,SRC019,SFC_B43DC569AF44,LIQ_53310FAFB3,polymer,train,2,0.0,42.7,20.0012192663443,12.895707,34.154266,24.369728724161785,24.494892844236016,37.99061965942383,63.64173773279484,0.7042707544347169,11.930404,-0.14726774,1.5581235885620115,yes,delta0.15_balanced_rp0.05,physics+neural+xgboost,94.0,0.3807304546302053,7.367153762039003e-17,0.6192695453697946,0.0,known_material_known_target_liquid,nested_source_cv,,,,,,,,,,,
PA_MEA_89A10DEBE9A0,REC_897105A86241,SRC019,SFC_CBE685E89A46,LIQ_0F4168490E,polymer,train,2,0.0,76.8,73.12164423747643,81.960144,73.734764,67.68768405914307,77.78384753419179,74.81146240234375,82.53134973779105,0.7561373009490252,21.575022,0.14019765,0.7877770662307739,yes,delta0.15_balanced_rp0.05,physics+neural+xgboost,94.0,0.3807304546302053,7.367153762039003e-17,0.6192695453697946,0.0,known_material_known_target_liquid,nested_source_cv,,,,,,,,,,,
PA_MEA_8F34D599491B,REC_E5D8C87D7B1F,SRC019,SFC_F5DABBA4867E,LIQ_6656B41AB7,polymer,train,2,0.0,51.1,56.44657505482154,70.42786,66.27694,47.85080337524414,53.6920371000354,49.835341135660805,61.22277021498065,1.732082290660626,18.954603,0.064871274,0.2311767786741256,yes,delta0.15_balanced_rp0.05,physics+neural+xgboost,94.0,0.3807304546302053,7.367153762039003e-17,0.6192695453697946,0.0,known_material_known_target_liquid,nested_source_cv,,,,,,,,,,,
PA_MEA_907470050924,REC_9711629E7427,SRC019,SFC_FDBAA751F265,LIQ_6656B41AB7,polymer,train,2,0.0,47.6,54.348302541899685,61.64308,59.625507,49.86343065897624,51.78246442888496,54.57987848917643,62.84974389363125,0.8029440012855626,17.442644,0.026764683,0.397336333990097,yes,delta0.15_balanced_rp0.05,physics+neural+xgboost,94.0,0.3807304546302053,7.367153762039003e-17,0.6192695453697946,0.0,known_material_known_target_liquid,nested_source_cv,,,,,,,,,,,
PA_MEA_9227D89E58CC,REC_41F008FF69D9,SRC019,SFC_94A74BED0696,LIQ_53310FAFB3,polymer,train,2,0.0,49.5,47.00560884972474,37.160236,46.91884,53.05860010782877,48.36421903655825,55.2477773030599,67.13793534677357,0.5168552609625494,14.049603,-0.11521015,1.2516471147537231,yes,delta0.15_balanced_rp0.05,physics+neural+xgboost,94.0,0.3807304546302053,7.367153762039003e-17,0.6192695453697946,0.0,known_material_known_target_liquid,nested_source_cv,,,,,,,,,,,
PA_MEA_933BAAC2B3E6,REC_5E74FDF581E2,SRC019,SFC_C44A751DCE9E,LIQ_53310FAFB3,polymer,train,2,0.0,69.5,62.38093068613585,66.29052,64.06616,59.97729301452637,66.2260567567803,62.08169428507487,74.0508064107006,0.3648797206885734,17.656624,0.031306285,0.2405461519956588,yes,delta0.15_balanced_rp0.05,physics+neural+xgboost,94.0,0.3807304546302053,7.367153762039003e-17,0.6192695453697946,0.0,known_material_known_target_liquid,nested_source_cv,,,,,,,,,,,
PA_MEA_935E36E504F1,REC_65153F8A6596,SRC019,SFC_21ED5CFE6366,LIQ_0F4168490E,polymer,train,2,0.0,90.6,88.17884354054121,94.62908,86.18215,84.2132002512614,91.51864857817186,85.26092783610027,86.27635666569928,0.7765413859308532,24.13579,0.14728917,0.5196453332901001,yes,delta0.15_balanced_rp0.05,physics+neural+xgboost,94.0,0.3807304546302053,7.367153762039003e-17,0.6192695453697946,0.0,known_material_known_target_liquid,nested_source_cv,,,,,,,,,,,
PA_MEA_97F61B392E72,REC_85ECDED7EF2B,SRC019,SFC_8CC973346CC4,LIQ_53310FAFB3,polymer,train,2,0.0,61.2,54.122503520315526,53.20213,55.134296,54.68835481007894,56.958841838170464,60.6461550394694,70.3494533162097,1.1058048088789625,16.010527,-0.03165221,0.6643013954162598,yes,delta0.15_balanced_rp0.05,physics+neural+xgboost,94.0,0.3807304546302053,7.367153762039003e-17,0.6192695453697946,0.0,known_material_known_target_liquid,nested_source_cv,,,,,,,,,,,
PA_MEA_98A7519E8D69,REC_208F4C366795,SRC019,SFC_2CBEAAA7843B,LIQ_53310FAFB3,polymer,train,2,0.0,74.9,64.3095316469723,67.42278,64.94016,62.39548699061076,67.33037591120801,67.37267303466797,74.23739915476592,0.3839186466618231,17.901182,0.03576717,0.1744277477264404,yes,delta0.15_balanced_rp0.05,physics+neural+xgboost,94.0,0.3807304546302053,7.367153762039003e-17,0.6192695453697946,0.0,known_material_known_target_liquid,nested_source_cv,,,,,,,,,,,
PA_MEA_9D5BC323263F,REC_4BC5D63C6B07,SRC019,SFC_2CBEAAA7843B,LIQ_0F4168490E,polymer,train,2,0.0,98.2,98.39480575171558,106.01896,97.316505,93.7074327468872,102.9499791502268,96.16792551676431,96.2422074327414,0.7742189541799267,26.01311,0.14860536,0.446576327085495,yes,delta0.15_balanced_rp0.05,physics+neural+xgboost,94.0,0.3807304546302053,7.367153762039003e-17,0.6192695453697946,0.0,known_material_known_target_liquid,nested_source_cv,,,,,,,,,,,
PA_MEA_9E0A386747D2,REC_577CCA554554,SRC019,SFC_276A65283C60,LIQ_6656B41AB7,polymer,train,2,0.0,33.8,39.75483297401967,73.38211,65.450264,19.080590565999348,46.08843616272856,25.556501388549805,54.60117233695728,1.3939820048289455,21.487661,0.1293124,0.9550434947013856,yes,delta0.15_balanced_rp0.05,physics+neural+xgboost,94.0,0.3807304546302053,7.367153762039003e-17,0.6192695453697946,0.0,known_material_known_target_liquid,nested_source_cv,,,,,,,,,,,
PA_MEA_A44682026FBE,REC_08F58031B0E2,SRC019,SFC_FDBAA751F265,LIQ_0F4168490E,polymer,train,2,0.0,87.8,83.14531009228374,92.446,84.225105,77.42719332377116,88.66385695378085,78.89068094889323,84.783687394729,0.6255435946063508,22.826094,0.14329396,0.5629416704177856,yes,delta0.15_balanced_rp0.05,physics+neural+xgboost,94.0,0.3807304546302053,7.367153762039003e-17,0.6192695453697946,0.0,known_material_known_target_liquid,nested_source_cv,,,,,,,,,,,
PA_MEA_A70996CEF9F7,REC_328AC2427D4F,SRC019,SFC_B43DC569AF44,LIQ_6656B41AB7,polymer,train,2,0.0,41.3,45.00213936392414,83.44724,74.81747,21.365870157877605,50.43055504208362,27.161230723063152,53.107680924498425,0.9269019723167378,24.672094,0.14777574,1.0167860984802246,yes,delta0.15_balanced_rp0.05,physics+neural+xgboost,94.0,0.3807304546302053,7.367153762039003e-17,0.6192695453697946,0.0,known_material_known_target_liquid,nested_source_cv,,,,,,,,,,,
PA_MEA_B0C1018D15F3,REC_28C2E07BF455,SRC019,SFC_21ED5CFE6366,LIQ_6656B41AB7,polymer,train,2,0.0,59.9,56.67721828845968,70.803535,66.14622,47.99227778116862,52.22077177391907,49.64591725667318,60.837975066098,1.6429640385592634,19.288126,0.0734941,0.3304226100444793,yes,delta0.15_balanced_rp0.05,physics+neural+xgboost,94.0,0.3807304546302053,7.367153762039003e-17,0.6192695453697946,0.0,known_material_known_target_liquid,nested_source_cv,,,,,,,,,,,
PA_MEA_B4B2DC18E898,REC_17014257086B,SRC019,SFC_0885B1C8D502,LIQ_6656B41AB7,polymer,train,2,0.0,55.4,45.67576229953667,79.69991,71.34132,24.7575200398763,47.84655426851173,26.57522710164388,53.53109339892045,1.132323444163315,22.928596,0.14110063,0.7895984053611755,yes,delta0.15_balanced_rp0.05,physics+neural+xgboost,94.0,0.3807304546302053,7.367153762039003e-17,0.6192695453697946,0.0,known_material_known_target_liquid,nested_source_cv,,,,,,,,,,,
PA_MEA_C2BC67E9C378,REC_983F6C4261E7,SRC019,SFC_DE1051C618E6,LIQ_0F4168490E,polymer,train,2,0.0,82.1,82.0227118509097,89.35195,81.03671,77.51665337880452,86.02754725976796,80.86559804280598,85.33769623997887,0.9717245706465588,22.832481,0.14448692,0.7435591816902161,yes,delta0.15_balanced_rp0.05,physics+neural+xgboost,94.0,0.3807304546302053,7.367153762039003e-17,0.6192695453697946,0.0,known_material_known_target_liquid,nested_source_cv,,,,,,,,,,,
PA_MEA_C44546AD5C4D,REC_9DD7A9299F87,SRC019,SFC_C688F68936EE,LIQ_0F4168490E,polymer,train,2,0.0,97.1,91.20790866607864,102.150246,93.62594,84.48049736022949,98.63329427065928,85.94996134440105,93.39535209784458,0.6627402801906264,24.76311,0.14723417,0.6427918672561646,yes,delta0.15_balanced_rp0.05,physics+neural+xgboost,94.0,0.3807304546302053,7.367153762039003e-17,0.6192695453697946,0.0,known_material_known_target_liquid,nested_source_cv,,,,,,,,,,,
PA_MEA_CA61A79AD8C3,REC_C59AA9631360,SRC019,SFC_F5DABBA4867E,LIQ_0F4168490E,polymer,train,2,0.0,97.3,92.72896811510098,104.25316,95.64099,85.64382998148601,100.44873929999665,86.42278798421223,95.30739634856884,0.6899852368867653,25.319601,0.14791228,0.6026160717010498,yes,delta0.15_balanced_rp0.05,physics+neural+xgboost,94.0,0.3807304546302053,7.367153762039003e-17,0.6192695453697946,0.0,known_material_known_target_liquid,nested_source_cv,,,,,,,,,,,
PA_MEA_CF743535E524,REC_363669E41FDC,SRC019,SFC_CBE685E89A46,LIQ_6656B41AB7,polymer,train,2,0.0,51.4,45.76409867555426,66.02826,61.3102,33.305576960245766,51.2048843539053,38.46790568033854,58.00542727901629,0.8986480221762196,18.957888,0.07122345,0.6872732043266296,yes,delta0.15_balanced_rp0.05,physics+neural+xgboost,94.0,0.3807304546302053,7.367153762039003e-17,0.6192695453697946,0.0,known_material_known_target_liquid,nested_source_cv,,,,,,,,,,,
PA_MEA_D28D7F5EC764,REC_D98BEFEAF526,SRC019,SFC_B43DC569AF44,LIQ_0F4168490E,polymer,train,2,0.0,65.1,71.23310722243,80.68123,72.94425,65.42434819539388,76.40305359429728,73.71749114990234,82.87308919399332,0.9026645225140804,20.670492,0.13128315,0.5000712871551514,yes,delta0.15_balanced_rp0.05,physics+neural+xgboost,94.0,0.3807304546302053,7.367153762039003e-17,0.6192695453697946,0.0,known_material_known_target_liquid,nested_source_cv,,,,,,,,,,,
PA_MEA_D2BDB97CDBA5,REC_3EC1E155B474,SRC019,SFC_276A65283C60,LIQ_0F4168490E,polymer,train,2,0.0,67.9,71.04806792992535,81.10699,73.7977,64.86378701527913,76.4859133732021,71.92243957519531,82.47826870633311,0.7233245621455509,20.257483,0.124279715,0.5943374037742615,yes,delta0.15_balanced_rp0.05,physics+neural+xgboost,94.0,0.3807304546302053,7.367153762039003e-17,0.6192695453697946,0.0,known_material_known_target_liquid,nested_source_cv,,,,,,,,,,,
PA_MEA_D62496BE43DF,REC_8318DC207C42,SRC019,SFC_CBE685E89A46,LIQ_53310FAFB3,polymer,train,2,0.0,48.2,50.36750939237823,41.543808,48.149563,55.79237143198649,52.315889149108095,52.7920036315918,66.68828432394157,0.8947893520428805,14.89233,-0.084850945,1.0633257627487185,yes,delta0.15_balanced_rp0.05,physics+neural+xgboost,94.0,0.3807304546302053,7.367153762039003e-17,0.6192695453697946,0.0,known_material_known_target_liquid,nested_source_cv,,,,,,,,,,,
PA_MEA_DF38ADE7F29B,REC_12905246C68F,SRC019,SFC_1D05D0C244CE,LIQ_53310FAFB3,polymer,train,2,0.0,48.0,46.265547988300064,36.963966,46.34314,51.984213511149086,48.14813970634125,55.04952875773112,66.73328764593181,0.4774313727041304,14.20361,-0.11038805,1.2385735511779783,yes,delta0.15_balanced_rp0.05,physics+neural+xgboost,94.0,0.3807304546302053,7.367153762039003e-17,0.6192695453697946,0.0,known_material_known_target_liquid,nested_source_cv,,,,,,,,,,,
PA_MEA_E0657E5D67C3,REC_20EEEC3FFA42,SRC019,SFC_C688F68936EE,LIQ_53310FAFB3,polymer,train,2,0.0,69.4,58.5556009659011,64.3887,62.908314,54.96937688191732,64.20334472951673,56.81556701660156,73.92939154414061,0.4539606863797449,17.16501,0.019315971,0.3827387392520904,yes,delta0.15_balanced_rp0.05,physics+neural+xgboost,94.0,0.3807304546302053,7.367153762039003e-17,0.6192695453697946,0.0,known_material_known_target_liquid,nested_source_cv,,,,,,,,,,,
PA_MEA_E43A1EDBE9B6,REC_338E42F686D0,SRC019,SFC_56FA8A79F2C6,LIQ_6656B41AB7,polymer,train,2,0.0,47.0,55.18398442128804,64.58933,61.28554,49.40152263641357,52.991874502490674,50.24857711791992,60.521808180067296,1.0336373417294105,18.135956,0.04787756,0.4811710119247436,yes,delta0.15_balanced_rp0.05,physics+neural+xgboost,94.0,0.3807304546302053,7.367153762039003e-17,0.6192695453697946,0.0,known_material_known_target_liquid,nested_source_cv,,,,,,,,,,,
PA_MEA_E92A5B2CAE67,REC_93E2A67D5AF3,SRC019,SFC_A3F14E86132F,LIQ_0F4168490E,polymer,train,2,0.0,78.9,77.15014454664647,85.783455,77.70828,71.8423360188802,81.99080208295642,77.85052744547527,83.82569715478563,0.5645045726701409,21.744192,0.13934068,0.6837769150733948,yes,delta0.15_balanced_rp0.05,physics+neural+xgboost,94.0,0.3807304546302053,7.367153762039003e-17,0.6192695453697946,0.0,known_material_known_target_liquid,nested_source_cv,,,,,,,,,,,
PA_MEA_F115B683C814,REC_674D3C6CF9E1,SRC019,SFC_DE1051C618E6,LIQ_6656B41AB7,polymer,train,2,0.0,54.2,50.81631104879689,74.050224,67.67282,36.531968434651695,51.32506797502557,42.46531168619792,56.96054162635951,0.6288236858773221,20.530787,0.10431898,0.6163144707679749,yes,delta0.15_balanced_rp0.05,physics+neural+xgboost,94.0,0.3807304546302053,7.367153762039003e-17,0.6192695453697946,0.0,known_material_known_target_liquid,nested_source_cv,,,,,,,,,,,
PA_MEA_F32CE2C9D94B,REC_5B4B8AD835FD,SRC019,SFC_94A74BED0696,LIQ_0F4168490E,polymer,train,2,0.0,76.0,77.05796625032742,85.26278,77.30293,72.01360034942627,81.39424757037217,77.8482157389323,83.83425878116243,0.8348432583415324,21.470316,0.13717733,0.5637774467468262,yes,delta0.15_balanced_rp0.05,physics+neural+xgboost,94.0,0.3807304546302053,7.367153762039003e-17,0.6192695453697946,0.0,known_material_known_target_liquid,nested_source_cv,,,,,,,,,,,
PA_MEA_F5CE001F3DFB,REC_C26FF77D6211,SRC019,SFC_A3F14E86132F,LIQ_6656B41AB7,polymer,train,2,0.0,46.8,53.6841632990682,66.92489,62.188732,45.5436897277832,52.56791514571304,49.43657557169596,59.3798682553868,0.3219996087734837,19.032324,0.072166376,0.6357757449150085,yes,delta0.15_balanced_rp0.05,physics+neural+xgboost,94.0,0.3807304546302053,7.367153762039003e-17,0.6192695453697946,0.0,known_material_known_target_liquid,nested_source_cv,,,,,,,,,,,
PA_MEA_FCD7F9E5494C,REC_47F2A8018FB8,SRC019,SFC_DE1051C618E6,LIQ_53310FAFB3,polymer,train,2,0.0,57.8,55.80631228419019,49.485394,52.303173,59.69244925181071,58.069496362947774,59.380470275878906,68.02214863224283,0.8176733953435071,15.815585,-0.042938113,0.803305983543396,yes,delta0.15_balanced_rp0.05,physics+neural+xgboost,94.0,0.3807304546302053,7.367153762039003e-17,0.6192695453697946,0.0,known_material_known_target_liquid,nested_source_cv,,,,,,,,,,,
PA_MEA_01E5361E3133,REC_8021D3BDB434,SRC004,SFC_048F8DA4C434,LIQ_0F4168490E,other,train,2,1.0,109.0,102.43261158397272,111.68154,102.67948,97.80948479970296,102.37209196425243,89.94323984781902,92.8185215642339,0.3909502978190124,18.455336,0.14995043,1.1661688089370728,yes,delta0.15_unbalanced_rp0.05,physics+neural+random_forest,82.0,0.0,0.1968824941400226,0.0,0.8031175058599774,known_material_known_target_liquid,nested_source_cv,,,,,,,,,,,
PA_MEA_02B2DC4A397C,REC_4C32E4E75DC5,SRC016,SFC_5B987F983A60,LIQ_6656B41AB7,cellulosic,train,2,1.0,52.0,25.28580746241302,23.293903,39.781204,46.19245402018229,21.73229275619052,61.43588129679362,60.68802736272303,1.446756101076691,9.975071,-0.14999497,2.3848915100097656,yes,delta0.15_unbalanced_rp0.05,physics+neural+random_forest,82.0,0.0,0.1968824941400226,0.0,0.8031175058599774,known_material_known_target_liquid,nested_source_cv,,,,,,,,,,,
PA_MEA_0A824356BA0E,REC_31C5D5CED204,SRC004,SFC_B14CBA5EEC9C,LIQ_0F4168490E,other,train,2,1.0,105.0,97.91735799607636,106.71512,97.91923,95.8068888982137,97.91689966675332,95.30840301513672,92.9781385660653,0.3610212339453034,17.731628,0.14983627,0.7339630126953125,yes,delta0.15_unbalanced_rp0.05,physics+neural+random_forest,82.0,0.0,0.1968824941400226,0.0,0.8031175058599774,known_material_known_target_liquid,nested_source_cv,,,,,,,,,,,
PA_MEA_0C7B44B11C3C,REC_B68230783D5A,SRC004,SFC_048F8DA4C434,LIQ_53310FAFB3,other,train,2,1.0,85.0,78.94500942564231,81.49475,83.52483,71.46880499521892,77.82227556019414,68.25121307373047,66.30292436765609,2.514762467836281,13.531766,-0.035804745,0.7994881868362427,yes,delta0.15_unbalanced_rp0.05,physics+neural+random_forest,82.0,0.0,0.1968824941400226,0.0,0.8031175058599774,known_material_known_target_liquid,nested_source_cv,,,,,,,,,,,
PA_MEA_1B72ECBF6D8F,REC_1B27A24F9605,SRC004,SFC_5AED3C744401,LIQ_6656B41AB7,other,train,2,1.0,55.0,65.39725191576099,87.34248,81.48643,57.05743153889974,61.45302587586556,52.63556925455729,51.901524577091614,1.859016871476209,16.625765,0.101366855,0.5772349834442139,yes,delta0.15_unbalanced_rp0.05,physics+neural+random_forest,82.0,0.0,0.1968824941400226,0.0,0.8031175058599774,known_material_known_target_liquid,nested_source_cv,,,,,,,,,,,
PA_MEA_1D891EC769A2,REC_FD7A2332ED5B,SRC016,SFC_0F23A72E37B9,LIQ_6656B41AB7,cellulosic,train,2,1.0,47.0,65.07233292595394,96.4539,87.962585,36.74221674601237,59.460837751969954,40.04188919067383,49.621280762759376,0.5182134823202197,21.070478,0.1479557,1.6087393760681152,yes,delta0.15_unbalanced_rp0.05,physics+neural+random_forest,82.0,0.0,0.1968824941400226,0.0,0.8031175058599774,known_material_known_target_liquid,nested_source_cv,,,,,,,,,,,
PA_MEA_24CCCEA82F3F,REC_E1BA0DAF68A1,SRC004,SFC_DE76E6500249,LIQ_0F4168490E,other,train,2,1.0,101.0,98.07718474559184,106.296394,97.58533,97.62150287628174,98.19776255616485,97.00812530517578,85.25835936018649,0.5413326855865932,17.966553,0.14860393,0.388913631439209,yes,delta0.15_unbalanced_rp0.05,physics+neural+random_forest,82.0,0.0,0.1968824941400226,0.0,0.8031175058599774,known_material_known_target_liquid,nested_source_cv,,,,,,,,,,,
PA_MEA_261C744D4654,REC_6291F47113A0,SRC004,SFC_B14CBA5EEC9C,LIQ_6656B41AB7,other,train,2,1.0,55.0,53.399762864695646,64.45212,67.30991,56.21806033452352,49.98971992877593,62.20059331258138,60.691190780933255,1.719143714438325,13.397607,-0.047325224,0.3486303985118866,yes,delta0.15_unbalanced_rp0.05,physics+neural+random_forest,82.0,0.0,0.1968824941400226,0.0,0.8031175058599774,known_material_known_target_liquid,nested_source_cv,,,,,,,,,,,
PA_MEA_2B3D260B0BE1,REC_9629C08A6F50,SRC004,SFC_97C64E1FE93A,LIQ_6656B41AB7,other,train,2,1.0,45.0,53.01092710893973,50.64949,60.314266,61.55121262868246,51.2205295565787,60.47011947631836,70.61979411662269,1.0642537719050564,12.051341,-0.13889119,1.8957856893539429,yes,delta0.15_unbalanced_rp0.05,physics+neural+random_forest,82.0,0.0,0.1968824941400226,0.0,0.8031175058599774,known_material_known_target_liquid,nested_source_cv,,,,,,,,,,,
PA_MEA_2E1067970F7D,REC_BAD699563EED,SRC004,SFC_97C64E1FE93A,LIQ_53310FAFB3,other,train,2,1.0,69.0,68.14582806689818,70.921875,79.662224,68.68634906411171,65.3226089214723,67.21829223632812,72.8898071253348,0.7740973824363458,12.054443,-0.14740682,1.8090155124664309,yes,delta0.15_unbalanced_rp0.05,physics+neural+random_forest,82.0,0.0,0.1968824941400226,0.0,0.8031175058599774,known_material_known_target_liquid,nested_source_cv,,,,,,,,,,,
PA_MEA_3D0EAE6570F7,REC_1C279CE5A88F,SRC004,SFC_B3A450C96FFB,LIQ_53310FAFB3,other,train,2,1.0,80.0,74.83575145084262,74.05274,79.15424,72.50340135892232,73.7770826093571,68.8639424641927,65.13023160385595,1.4743096587042477,12.9179945,-0.08709505,0.5475459694862366,yes,delta0.15_unbalanced_rp0.05,physics+neural+random_forest,82.0,0.0,0.1968824941400226,0.0,0.8031175058599774,known_material_known_target_liquid,nested_source_cv,,,,,,,,,,,
PA_MEA_3F677E6F5C49,REC_C67EE9DC6D41,SRC016,SFC_A7196B14253F,LIQ_6656B41AB7,cellulosic,train,2,1.0,50.0,64.81479530244948,95.92639,87.42144,36.06334940592448,59.27282593404519,40.40933481852213,48.540957499749375,0.470753156473813,22.063684,0.14823961,1.7588512897491455,yes,delta0.15_unbalanced_rp0.05,physics+neural+random_forest,82.0,0.0,0.1968824941400226,0.0,0.8031175058599774,known_material_known_target_liquid,nested_source_cv,,,,,,,,,,,
PA_MEA_4037579075BA,REC_A5FFBF16AFD6,SRC004,SFC_EE6E9B0961BD,LIQ_53310FAFB3,other,train,2,1.0,88.0,76.27239747289545,81.80386,90.054535,67.9000940322876,72.89373672423271,64.92831293741862,72.41996668888207,0.6177160199691595,12.765025,-0.14351395,1.9677684307098389,yes,delta0.15_unbalanced_rp0.05,physics+neural+random_forest,82.0,0.0,0.1968824941400226,0.0,0.8031175058599774,known_material_known_target_liquid,nested_source_cv,,,,,,,,,,,
PA_MEA_46B27844C6F8,REC_E0A2EB20E5E1,SRC004,SFC_6B2C1FFAAC51,LIQ_53310FAFB3,other,train,2,1.0,78.0,75.31488511010026,72.89233,79.93499,76.95170203844707,74.18227655240418,72.86785634358723,67.92366411907024,1.1363754233317265,12.443302,-0.119540714,0.3629563748836517,yes,delta0.15_unbalanced_rp0.05,physics+neural+random_forest,82.0,0.0,0.1968824941400226,0.0,0.8031175058599774,known_material_known_target_liquid,nested_source_cv,,,,,,,,,,,
PA_MEA_4B217F653B8C,REC_54C745B461B5,SRC004,SFC_F08CE41D3B56,LIQ_0F4168490E,inorganic,train,2,1.0,109.0,102.2462401772692,108.873505,100.099815,101.10052474339804,102.7724315088253,94.78475189208984,86.28281507867179,0.51193402393081,18.683264,0.14811717,0.5535675883293152,yes,delta0.15_unbalanced_rp0.05,physics+neural+random_forest,82.0,0.0,0.1968824941400226,0.0,0.8031175058599774,known_material_known_target_liquid,nested_source_cv,,,,,,,,,,,
PA_MEA_4B5671326217,REC_646A21F1638A,SRC016,SFC_A7196B14253F,LIQ_53310FAFB3,cellulosic,train,2,1.0,48.0,31.634553744032072,18.19707,36.867905,43.032859802246094,30.35160925068548,43.183919270833336,52.3274182550507,0.4513734550636418,10.764766,-0.14996713,1.611340045928955,yes,delta0.15_unbalanced_rp0.05,physics+neural+random_forest,82.0,0.0,0.1968824941400226,0.0,0.8031175058599774,known_material_known_target_liquid,nested_source_cv,,,,,,,,,,,
PA_MEA_4C33A32162FE,REC_616F9D2830CE,SRC004,SFC_D6FC0757F82D,LIQ_0F4168490E,other,train,2,1.0,103.0,98.16881970950188,106.92701,98.125206,96.06597105662028,98.17951151623318,95.30840301513672,93.22053062929116,0.3645510065207357,17.659708,0.1498164,0.6756771802902222,yes,delta0.15_unbalanced_rp0.05,physics+neural+random_forest,82.0,0.0,0.1968824941400226,0.0,0.8031175058599774,known_material_known_target_liquid,nested_source_cv,,,,,,,,,,,
PA_MEA_57A5A3E826DA,REC_95A77EF838FB,SRC004,SFC_6B2C1FFAAC51,LIQ_0F4168490E,other,train,2,1.0,104.0,98.16881970950188,106.92701,98.125206,96.06597105662028,98.17951151623318,95.30840301513672,93.22053062929116,0.3645510065207357,17.659708,0.1498164,0.6756771802902222,yes,delta0.15_unbalanced_rp0.05,physics+neural+random_forest,82.0,0.0,0.1968824941400226,0.0,0.8031175058599774,known_material_known_target_liquid,nested_source_cv,,,,,,,,,,,
PA_MEA_596B409A7C5E,REC_BAC10F9DCF31,SRC004,SFC_49824CF36E40,LIQ_53310FAFB3,other,train,2,1.0,73.0,72.64075510678913,69.39299,77.09724,74.04677589734395,71.54825844020354,72.35353597005208,66.9226894936427,0.8575140693279553,12.269928,-0.12874381,0.3279269337654114,yes,delta0.15_unbalanced_rp0.05,physics+neural+random_forest,82.0,0.0,0.1968824941400226,0.0,0.8031175058599774,known_material_known_target_liquid,nested_source_cv,,,,,,,,,,,
PA_MEA_5A7527E5A57C,REC_6BF6678E2EF0,SRC004,SFC_F08CE41D3B56,LIQ_53310FAFB3,inorganic,train,2,1.0,80.0,78.15656797216558,80.11245,86.38256,79.58305003245671,76.13998389932539,69.08254750569661,65.90628655981389,0.7980316536506764,13.436358,-0.10867971,0.7099438309669495,yes,delta0.15_unbalanced_rp0.05,physics+neural+random_forest,82.0,0.0,0.1968824941400226,0.0,0.8031175058599774,known_material_known_target_liquid,nested_source_cv,,,,,,,,,,,
PA_MEA_61083FF63BA1,REC_D69CDBA004AC,SRC004,SFC_97C64E1FE93A,LIQ_0F4168490E,other,train,2,1.0,107.0,93.44949222861852,102.77009,94.100044,88.48690255482991,93.29001082807748,92.00013732910156,90.79669480876376,0.3469648282046158,17.298103,0.14954112,1.007672905921936,yes,delta0.15_unbalanced_rp0.05,physics+neural+random_forest,82.0,0.0,0.1968824941400226,0.0,0.8031175058599774,known_material_known_target_liquid,nested_source_cv,,,,,,,,,,,
PA_MEA_6229321E2950,REC_AFA410415495,SRC016,SFC_5B987F983A60,LIQ_53310FAFB3,cellulosic,train,2,1.0,52.0,63.89982375820888,59.89027,69.32276,65.45230770111084,62.57040246257367,64.27038192749023,64.20515688177967,0.2012660118568049,12.242389,-0.14855482,1.4342228174209597,yes,delta0.15_unbalanced_rp0.05,physics+neural+random_forest,82.0,0.0,0.1968824941400226,0.0,0.8031175058599774,known_material_known_target_liquid,nested_source_cv,,,,,,,,,,,
PA_MEA_6C8B99E4D60E,REC_8788F64E04F1,SRC004,SFC_D6FC0757F82D,LIQ_6656B41AB7,other,train,2,1.0,55.0,56.31127002825739,72.37879,70.1206,52.71752039591471,52.92594361959585,60.64959589640299,54.76377617111492,2.438821308296414,14.41087,0.034995202,0.3661054074764251,yes,delta0.15_unbalanced_rp0.05,physics+neural+random_forest,82.0,0.0,0.1968824941400226,0.0,0.8031175058599774,known_material_known_target_liquid,nested_source_cv,,,,,,,,,,,
PA_MEA_6EDB6F2A3EFD,REC_B2898473D913,SRC004,SFC_5AF649ABE598,LIQ_6656B41AB7,other,train,2,1.0,60.0,57.79682144531425,75.07998,72.20684,55.52532641092936,54.26423689277857,59.67640940348307,58.440869516476056,2.58665924538271,14.630292,0.046057653,0.4361059665679931,yes,delta0.15_unbalanced_rp0.05,physics+neural+random_forest,82.0,0.0,0.1968824941400226,0.0,0.8031175058599774,known_material_known_target_liquid,nested_source_cv,,,,,,,,,,,
PA_MEA_7D7331494A49,REC_F1640A076775,SRC004,SFC_D31ACCAB15C3,LIQ_6656B41AB7,inorganic,train,2,1.0,65.0,52.98621548081036,63.685947,70.35729,51.0167449315389,48.72773414955714,56.80801900227865,68.14532670752075,0.3106199461140146,13.583511,-0.107577026,1.7712692022323608,yes,delta0.15_unbalanced_rp0.05,physics+neural+random_forest,82.0,0.0,0.1968824941400226,0.0,0.8031175058599774,known_material_known_target_liquid,nested_source_cv,,,,,,,,,,,
PA_MEA_805E8D357324,REC_0E2915C328B1,SRC004,SFC_30582CAA2D88,LIQ_0F4168490E,other,train,2,1.0,107.0,100.511729791298,108.98586,100.111115,98.72574075063068,100.60993975034052,95.68609110514323,93.87293448025802,0.1976986994047662,17.517279,0.14977719,0.937943994998932,yes,delta0.15_unbalanced_rp0.05,physics+neural+random_forest,82.0,0.0,0.1968824941400226,0.0,0.8031175058599774,known_material_known_target_liquid,nested_source_cv,,,,,,,,,,,
PA_MEA_8064FACE4AE6,REC_49B4DB03B333,SRC004,SFC_D31ACCAB15C3,LIQ_53310FAFB3,inorganic,train,2,1.0,81.0,77.90315184424284,81.68157,87.04041,70.89268239339192,75.66317234722364,67.80964660644531,65.18269074258178,1.329531343223695,13.634191,-0.09312896,0.7834017872810364,yes,delta0.15_unbalanced_rp0.05,physics+neural+random_forest,82.0,0.0,0.1968824941400226,0.0,0.8031175058599774,known_material_known_target_liquid,nested_source_cv,,,,,,,,,,,
PA_MEA_87DDFBC92431,REC_84DBA1799CD9,SRC004,SFC_5AF649ABE598,LIQ_53310FAFB3,other,train,2,1.0,87.0,75.99280217291161,80.34116,88.31079,76.51002486546834,72.973074239643,67.7383550008138,72.9829622673405,0.6158611250518293,12.959191,-0.13830377,1.8767361640930176,yes,delta0.15_unbalanced_rp0.05,physics+neural+random_forest,82.0,0.0,0.1968824941400226,0.0,0.8031175058599774,known_material_known_target_liquid,nested_source_cv,,,,,,,,,,,
PA_MEA_8B04D2C9432F,REC_953A8C3A3F16,SRC004,SFC_5AF649ABE598,LIQ_0F4168490E,other,train,2,1.0,112.0,101.4430417197171,110.17472,101.25156,97.93475373586018,101.48998392649776,91.10565439860028,93.53140074289684,0.2585987064694224,17.488922,0.14976715,1.0957270860671997,yes,delta0.15_unbalanced_rp0.05,physics+neural+random_forest,82.0,0.0,0.1968824941400226,0.0,0.8031175058599774,known_material_known_target_liquid,nested_source_cv,,,,,,,,,,,
PA_MEA_8BF3A24B2662,REC_A610BA11376C,SRC004,SFC_3EDFEEF1E888,LIQ_0F4168490E,other,train,2,1.0,108.0,100.06469718613252,108.55033,99.689476,98.44419765472412,100.15668183326734,95.65407053629558,93.82316130080244,0.2179350604024629,17.673326,0.14982916,0.8549448847770691,yes,delta0.15_unbalanced_rp0.05,physics+neural+random_forest,82.0,0.0,0.1968824941400226,0.0,0.8031175058599774,known_material_known_target_liquid,nested_source_cv,,,,,,,,,,,
PA_MEA_8D40CC53862D,REC_8D637590C72B,SRC004,SFC_DE76E6500249,LIQ_53310FAFB3,other,train,2,1.0,76.0,73.92286356303097,71.03143,78.12854,74.72323870658875,72.8918512041851,72.62939707438152,67.23048623861042,1.0579235896524737,12.457039,-0.11948821,0.359513521194458,yes,delta0.15_unbalanced_rp0.05,physics+neural+random_forest,82.0,0.0,0.1968824941400226,0.0,0.8031175058599774,known_material_known_target_liquid,nested_source_cv,,,,,,,,,,,
PA_MEA_8F1B0326CAD2,REC_6AAE420C6622,SRC004,SFC_EE6E9B0961BD,LIQ_6656B41AB7,other,train,2,1.0,60.0,58.59347009680874,73.68835,72.94756,49.354227701822914,55.07459567927904,56.74422836303711,67.77194357532873,1.080948873111957,14.321378,0.011852339,1.786494255065918,yes,delta0.15_unbalanced_rp0.05,physics+neural+random_forest,82.0,0.0,0.1968824941400226,0.0,0.8031175058599774,known_material_known_target_liquid,nested_source_cv,,,,,,,,,,,
PA_MEA_90054ACCAB23,REC_C4730A142B72,SRC004,SFC_B3A450C96FFB,LIQ_6656B41AB7,other,train,2,1.0,64.0,59.87643167508377,80.22327,75.96492,56.680931091308594,55.932374057248126,55.578102111816406,52.040181847309725,2.4615548465609844,15.472693,0.071447305,0.4641921520233154,yes,delta0.15_unbalanced_rp0.05,physics+neural+random_forest,82.0,0.0,0.1968824941400226,0.0,0.8031175058599774,known_material_known_target_liquid,nested_source_cv,,,,,,,,,,,
PA_MEA_9566BFC5DBF5,REC_8CDC3695E9BD,SRC016,SFC_0F23A72E37B9,LIQ_0F4168490E,cellulosic,train,2,1.0,74.0,84.23954129915056,92.71815,84.24679,84.44108804066975,84.23776478023527,85.83127848307292,76.72332824362347,0.576621780438566,17.130598,0.1476664,1.434341311454773,yes,delta0.15_unbalanced_rp0.05,physics+neural+random_forest,82.0,0.0,0.1968824941400226,0.0,0.8031175058599774,known_material_known_target_liquid,nested_source_cv,,,,,,,,,,,
PA_MEA_9B544A31FCB5,REC_4F83657E9936,SRC004,SFC_3EDFEEF1E888,LIQ_53310FAFB3,other,train,2,1.0,82.0,73.70069528921829,77.35124,85.03838,75.42401746908824,70.92128590857232,70.27771250406902,73.01343672397407,0.8476220402515884,13.026947,-0.13249004,1.803857684135437,yes,delta0.15_unbalanced_rp0.05,physics+neural+random_forest,82.0,0.0,0.1968824941400226,0.0,0.8031175058599774,known_material_known_target_liquid,nested_source_cv,,,,,,,,,,,
PA_MEA_A12926F69353,REC_3488B7817AD1,SRC004,SFC_49824CF36E40,LIQ_6656B41AB7,other,train,2,1.0,56.0,54.55317226879035,66.36433,67.33926,57.41203387578329,51.41869183056503,61.56546274820963,56.65836424113646,2.027711920917768,13.70984,-0.017901594,0.3099382519721985,yes,delta0.15_unbalanced_rp0.05,physics+neural+random_forest,82.0,0.0,0.1968824941400226,0.0,0.8031175058599774,known_material_known_target_liquid,nested_source_cv,,,,,,,,,,,
PA_MEA_A48F5EC257BB,REC_0F435FF66B87,SRC004,SFC_6B2C1FFAAC51,LIQ_6656B41AB7,other,train,2,1.0,55.0,55.04299713741364,69.85154,68.87382,60.313623905181885,51.65240189068524,61.91011428833008,56.17273114322054,2.247503183986478,14.07146,0.013630609,0.3580224215984344,yes,delta0.15_unbalanced_rp0.05,physics+neural+random_forest,82.0,0.0,0.1968824941400226,0.0,0.8031175058599774,known_material_known_target_liquid,nested_source_cv,,,,,,,,,,,
PA_MEA_A5A9C8C6AE69,REC_B3592C8F325B,SRC016,SFC_0F23A72E37B9,LIQ_53310FAFB3,cellulosic,train,2,1.0,59.0,47.342007644103,35.50125,48.380966,54.881191889444985,47.08730923739751,55.09170277913412,55.112264211175074,0.1615927240512844,11.096318,-0.14992818,1.4589487314224243,yes,delta0.15_unbalanced_rp0.05,physics+neural+random_forest,82.0,0.0,0.1968824941400226,0.0,0.8031175058599774,known_material_known_target_liquid,nested_source_cv,,,,,,,,,,,
PA_MEA_AB5BD1D2BA5D,REC_6A4550CF1208,SRC004,SFC_49824CF36E40,LIQ_0F4168490E,other,train,2,1.0,100.0,95.4946565006267,103.76932,95.16451,95.24489005406696,95.57559054496969,96.71863301595052,84.71293273917439,0.5978039329962259,17.620108,0.147998,0.2939834296703338,yes,delta0.15_unbalanced_rp0.05,physics+neural+random_forest,82.0,0.0,0.1968824941400226,0.0,0.8031175058599774,known_material_known_target_liquid,nested_source_cv,,,,,,,,,,,
PA_MEA_AC21211733A9,REC_3C3C6F773784,SRC016,SFC_405F23DB01A4,LIQ_6656B41AB7,cellulosic,train,2,1.0,52.0,77.09209418894696,106.446175,97.703896,60.64936192830404,72.03915631275386,87.76910400390625,66.65916084508353,0.6067724964431598,21.862097,0.14906108,1.8066672086715696,yes,delta0.15_unbalanced_rp0.05,physics+neural+random_forest,82.0,0.0,0.1968824941400226,0.0,0.8031175058599774,known_material_known_target_liquid,nested_source_cv,,,,,,,,,,,
PA_MEA_B2EA305F96A5,REC_D63A28D85CC2,SRC016,SFC_405F23DB01A4,LIQ_53310FAFB3,cellulosic,train,2,1.0,73.0,59.57669326900353,50.89603,61.22627,66.93787860870361,59.17230345530114,62.81765874226888,61.27981677566385,0.2842125246719842,11.889203,-0.14937776,1.4591742753982544,yes,delta0.15_unbalanced_rp0.05,physics+neural+random_forest,82.0,0.0,0.1968824941400226,0.0,0.8031175058599774,known_material_known_target_liquid,nested_source_cv,,,,,,,,,,,
PA_MEA_B35A3EA362DB,REC_90EA6B4E32E5,SRC004,SFC_30582CAA2D88,LIQ_53310FAFB3,other,train,2,1.0,84.0,77.88502154448379,76.642265,82.12552,79.47133994102478,76.84547294824786,73.78392283121745,68.09762931268948,1.490613623821094,12.822431,-0.09436751,0.5227786302566528,yes,delta0.15_unbalanced_rp0.05,physics+neural+random_forest,82.0,0.0,0.1968824941400226,0.0,0.8031175058599774,known_material_known_target_liquid,nested_source_cv,,,,,,,,,,,
PA_MEA_C61A0E1D5E09,REC_1B1FB3AC87FB,SRC004,SFC_DE76E6500249,LIQ_6656B41AB7,other,train,2,1.0,58.0,55.92813392834093,71.994484,69.762245,51.970465977986656,52.53673191404823,57.8138287862142,54.18904351645956,2.421282022846107,14.407047,0.0344338,0.3383277952671051,yes,delta0.15_unbalanced_rp0.05,physics+neural+random_forest,82.0,0.0,0.1968824941400226,0.0,0.8031175058599774,known_material_known_target_liquid,nested_source_cv,,,,,,,,,,,
PA_MEA_D2A1C485FA99,REC_738699BD7760,SRC016,SFC_405F23DB01A4,LIQ_0F4168490E,cellulosic,train,2,1.0,84.0,96.79754776455847,105.12807,96.39484,92.69439442952472,96.8962715655196,95.35297393798828,84.68361441402186,0.5216295350947354,18.509863,0.1495981,1.435325026512146,yes,delta0.15_unbalanced_rp0.05,physics+neural+random_forest,82.0,0.0,0.1968824941400226,0.0,0.8031175058599774,known_material_known_target_liquid,nested_source_cv,,,,,,,,,,,
PA_MEA_D3DD0856C805,REC_E8E54DDA5122,SRC004,SFC_F08CE41D3B56,LIQ_6656B41AB7,inorganic,train,2,1.0,63.0,52.4028011086417,62.669304,70.10698,55.273266633351646,48.06266065922336,61.34803136189779,60.024152215486986,0.3474148846601977,13.331208,-0.118981846,0.3816307783126831,yes,delta0.15_unbalanced_rp0.05,physics+neural+random_forest,82.0,0.0,0.1968824941400226,0.0,0.8031175058599774,known_material_known_target_liquid,nested_source_cv,,,,,,,,,,,
PA_MEA_D8DC3F6A86B4,REC_28BCE99CEEA8,SRC004,SFC_D6FC0757F82D,LIQ_53310FAFB3,other,train,2,1.0,78.0,74.59243113640777,71.94808,79.2214,76.00745765368144,73.45765021506432,72.82115427652995,67.87325282540064,1.072036676423553,12.381443,-0.12298015,0.354817271232605,yes,delta0.15_unbalanced_rp0.05,physics+neural+random_forest,82.0,0.0,0.1968824941400226,0.0,0.8031175058599774,known_material_known_target_liquid,nested_source_cv,,,,,,,,,,,
PA_MEA_DC6B84304002,REC_3026F2B73D7E,SRC004,SFC_B14CBA5EEC9C,LIQ_53310FAFB3,other,train,2,1.0,77.0,75.72243783089735,73.827736,80.6228,77.75191934903462,74.52112412853967,73.26847585042317,67.82577516275047,1.068164147651231,12.5067215,-0.11575552,0.3823637962341308,yes,delta0.15_unbalanced_rp0.05,physics+neural+random_forest,82.0,0.0,0.1968824941400226,0.0,0.8031175058599774,known_material_known_target_liquid,nested_source_cv,,,,,,,,,,,
PA_MEA_E09909FA72FA,REC_1255B952ED4A,SRC004,SFC_B3A450C96FFB,LIQ_0F4168490E,other,train,2,1.0,102.0,99.8194739241262,108.48933,99.67813,97.54876740773518,99.85412380642552,92.90010579427084,84.74913867347794,0.4072691413052285,18.48593,0.14901489,0.5526566505432129,yes,delta0.15_unbalanced_rp0.05,physics+neural+random_forest,82.0,0.0,0.1968824941400226,0.0,0.8031175058599774,known_material_known_target_liquid,nested_source_cv,,,,,,,,,,,
PA_MEA_E188024EA8D5,REC_60C38E126879,SRC016,SFC_5B987F983A60,LIQ_0F4168490E,cellulosic,train,2,1.0,92.0,76.2453708457228,84.93698,76.46339,76.06268723805745,76.19192477776853,79.69075012207031,72.30311113186224,0.4308705258648077,16.987652,0.1458119,1.4326201677322388,yes,delta0.15_unbalanced_rp0.05,physics+neural+random_forest,82.0,0.0,0.1968824941400226,0.0,0.8031175058599774,known_material_known_target_liquid,nested_source_cv,,,,,,,,,,,
PA_MEA_E64552D407A9,REC_AF611A5A0F3E,SRC004,SFC_5AED3C744401,LIQ_53310FAFB3,other,train,2,1.0,79.0,70.77248730439834,67.08995,75.2911,71.62023568153381,69.66475942877915,69.82158660888672,64.83038739733638,0.7650957811978654,12.095403,-0.13542332,0.3235088288784027,yes,delta0.15_unbalanced_rp0.05,physics+neural+random_forest,82.0,0.0,0.1968824941400226,0.0,0.8031175058599774,known_material_known_target_liquid,nested_source_cv,,,,,,,,,,,
PA_MEA_EB7B903AE81E,REC_1D905101A054,SRC004,SFC_5AED3C744401,LIQ_0F4168490E,other,train,2,1.0,98.0,98.45651155323309,107.13992,98.33224,96.38503042856853,98.48697712750987,95.51852925618488,93.42225212940268,0.2898257200661541,17.586891,0.14979339,0.6844653487205505,yes,delta0.15_unbalanced_rp0.05,physics+neural+random_forest,82.0,0.0,0.1968824941400226,0.0,0.8031175058599774,known_material_known_target_liquid,nested_source_cv,,,,,,,,,,,
PA_MEA_EE33190327F4,REC_068AC3842617,SRC004,SFC_D31ACCAB15C3,LIQ_0F4168490E,inorganic,train,2,1.0,110.0,101.85212942366066,109.227295,100.43333,99.12904898325604,102.19994579264346,93.16882069905598,85.99846054025583,0.5355811435181843,18.821785,0.14822587,0.5842491984367371,yes,delta0.15_unbalanced_rp0.05,physics+neural+random_forest,82.0,0.0,0.1968824941400226,0.0,0.8031175058599774,known_material_known_target_liquid,nested_source_cv,,,,,,,,,,,
PA_MEA_EF1FE5336CE1,REC_C1F2C1E8CB68,SRC004,SFC_3EDFEEF1E888,LIQ_6656B41AB7,other,train,2,1.0,58.0,55.221239307114686,70.922264,69.56811,52.258079528808594,51.70413602774138,61.00073115030924,58.96225425102267,2.316098246332341,14.151866,0.019952392,0.3763649463653564,yes,delta0.15_unbalanced_rp0.05,physics+neural+random_forest,82.0,0.0,0.1968824941400226,0.0,0.8031175058599774,known_material_known_target_liquid,nested_source_cv,,,,,,,,,,,
PA_MEA_F0375BF8E145,REC_00793330F35E,SRC016,SFC_A7196B14253F,LIQ_0F4168490E,cellulosic,train,2,1.0,64.0,73.34659857917187,82.242584,73.78901,71.75357373555501,73.23814261226228,74.30747731526692,71.3567531943529,0.3279169808554199,16.736948,0.1441886,1.429956078529358,yes,delta0.15_unbalanced_rp0.05,physics+neural+random_forest,82.0,0.0,0.1968824941400226,0.0,0.8031175058599774,known_material_known_target_liquid,nested_source_cv,,,,,,,,,,,
PA_MEA_F123652B3AE9,REC_F847405322BF,SRC004,SFC_048F8DA4C434,LIQ_6656B41AB7,other,train,2,1.0,67.0,59.14421087372761,76.739624,73.39618,57.16232109069824,55.650372114326295,59.89805348714193,57.18548123819003,2.664611023658323,14.8642,0.05452363,0.4434544742107391,yes,delta0.15_unbalanced_rp0.05,physics+neural+random_forest,82.0,0.0,0.1968824941400226,0.0,0.8031175058599774,known_material_known_target_liquid,nested_source_cv,,,,,,,,,,,
PA_MEA_F20173EDD9C0,REC_ABC65E7967FA,SRC004,SFC_EE6E9B0961BD,LIQ_0F4168490E,other,train,2,1.0,115.0,101.41668408794254,110.39599,101.465416,98.1287047068278,101.40473757777482,90.37129974365234,93.4932879198621,0.3165585037817077,17.407133,0.1497302,1.1429500579833984,yes,delta0.15_unbalanced_rp0.05,physics+neural+random_forest,82.0,0.0,0.1968824941400226,0.0,0.8031175058599774,known_material_known_target_liquid,nested_source_cv,,,,,,,,,,,
PA_MEA_F2D78402AA4F,REC_5CD93495A4CB,SRC004,SFC_30582CAA2D88,LIQ_6656B41AB7,other,train,2,1.0,58.0,59.15782719620438,78.819885,74.99778,58.82498041788737,55.27469756444532,59.79448699951172,53.48065983442214,2.6464479282819853,15.161992,0.06343245,0.4743876457214355,yes,delta0.15_unbalanced_rp0.05,physics+neural+random_forest,82.0,0.0,0.1968824941400226,0.0,0.8031175058599774,known_material_known_target_liquid,nested_source_cv,,,,,,,,,,,
PA_MEA_045592B68FF5,REC_70B53D6582B7,SRC014,SFC_27CC011F7F38,LIQ_1BD1B94C09,cellulosic,train,2,2.0,50.7,44.58087881768614,24.293303,50.666245,45.06253751118978,36.866092815699126,40.37897872924805,50.11608064543787,0.3002854475494854,8.02851,-0.2777071,1.7165229320526123,yes,delta0.35_balanced_rp0.05,physics+neural+xgboost,57.0,0.1126055330469014,0.331400639486613,0.5559938274664855,0.0,known_material_known_target_liquid,nested_source_cv,,,,,,,,,,,
PA_MEA_04574BCBCF86,REC_2A27AE959A5C,SRC014,SFC_6CB60F9F2B48,LIQ_0F4168490E,cellulosic,train,2,2.0,97.4,101.30888549549096,106.21173,102.97509,99.32276852925618,101.31404115425968,104.4270502726237,97.64520636544354,0.4904102653189293,11.428487,0.054723147,0.866117537021637,yes,delta0.35_balanced_rp0.05,physics+neural+xgboost,57.0,0.1126055330469014,0.331400639486613,0.5559938274664855,0.0,known_material_known_target_liquid,nested_source_cv,,,,,,,,,,,
PA_MEA_09BB17C80B3C,REC_8FF54601C15E,SRC014,SFC_5CF465520919,LIQ_0F4168490E,cellulosic,train,2,2.0,70.3,84.76985663827865,93.1055,85.73786,82.50465710957845,84.4527918077667,81.63075764973958,80.94105979892934,0.077870745588072,12.087308,0.12848403,0.6514376401901245,yes,delta0.35_balanced_rp0.05,physics+neural+xgboost,57.0,0.1126055330469014,0.331400639486613,0.5559938274664855,0.0,known_material_known_target_liquid,nested_source_cv,,,,,,,,,,,
PA_MEA_09BF2A8FB17B,REC_2679E2328616,SRC014,SFC_57CAC88FEA44,LIQ_6656B41AB7,cellulosic,train,2,2.0,41.0,60.41889248370858,88.828636,69.9492,48.984511057535805,56.2251669283483,50.555938720703125,51.83971986369091,0.802495596230404,17.815271,0.32240304,1.099449872970581,yes,delta0.35_balanced_rp0.05,physics+neural+xgboost,57.0,0.1126055330469014,0.331400639486613,0.5559938274664855,0.0,known_material_known_target_liquid,nested_source_cv,,,,,,,,,,,
PA_MEA_16379D0BA630,REC_23F3577915EA,SRC021,SFC_B77A1F4FDF6A,LIQ_0F4168490E,inorganic,train,3,2.0,129.3,86.0112437586614,97.24331,88.33068,82.3539088567098,89.25076340666158,87.285400390625,83.2457483815403,1.874285585955316,12.273236,0.15517788,1.6112650632858276,yes,delta0.35_balanced_rp0.05,physics+neural+xgboost,57.0,0.1126055330469014,0.331400639486613,0.5559938274664855,0.0,known_material_known_target_liquid,nested_source_cv,,,,,,,,,,,
PA_MEA_16C0B9011A9E,REC_8A30B5A2E7D0,SRC021,SFC_69D0A064AEAB,LIQ_0F4168490E,inorganic,train,2,2.0,148.4,21.42599251471664,42.24416,2.910575,28.24581718444824,31.0574093468435,20.03537877400716,71.59148197461866,2.4594586286965843,19.057386,0.31062904,7.299567222595215,yes,delta0.35_balanced_rp0.05,physics+neural+xgboost,57.0,0.1126055330469014,0.331400639486613,0.5559938274664855,0.0,known_material_known_target_liquid,nested_source_cv,,,,,,,,,,,
PA_MEA_1A029235C86C,REC_1406C3F9321D,SRC014,SFC_4AABAF84DB2B,LIQ_0F4168490E,polymer,train,2,2.0,81.2,84.27274214343005,90.748695,86.24787,81.78388849894206,81.92208792118885,82.92237345377605,80.51252634392607,0.7783330890533235,11.480969,0.07844118,1.029188871383667,yes,delta0.35_balanced_rp0.05,physics+neural+xgboost,57.0,0.1126055330469014,0.331400639486613,0.5559938274664855,0.0,known_material_known_target_liquid,nested_source_cv,,,,,,,,,,,
PA_MEA_1E547DD6FE81,REC_6D42847AAD9B,SRC014,SFC_B6F0FD6B29BC,LIQ_0F4168490E,cellulosic,train,2,2.0,102.9,104.81336118301252,108.77706,101.50342,105.9834869702657,104.32351547362042,111.60899353027344,99.6205249732098,0.7496011399430792,12.143636,0.122561775,0.723254382610321,yes,delta0.35_balanced_rp0.05,physics+neural+xgboost,57.0,0.1126055330469014,0.331400639486613,0.5559938274664855,0.0,known_material_known_target_liquid,nested_source_cv,,,,,,,,,,,
PA_MEA_1F00C5E26194,REC_EBB296830276,SRC021,SFC_952282A2BB2E,LIQ_1BD1B94C09,inorganic,train,3,2.0,82.2,85.57461414709178,78.64183,93.04934,82.52339522043864,79.3927664081355,81.1023432413737,73.14732254362535,0.8303299251585775,8.319271,-0.2501078,2.5336880683898926,yes,delta0.35_balanced_rp0.05,physics+neural+xgboost,57.0,0.1126055330469014,0.331400639486613,0.5559938274664855,0.0,known_material_known_target_liquid,nested_source_cv,,,,,,,,,,,
PA_MEA_23991151972E,REC_9212240D3AA1,SRC014,SFC_B6A2235DD98C,LIQ_6656B41AB7,cellulosic,train,2,2.0,36.2,50.55226307977607,79.61471,59.71387,39.2054557800293,49.49716924835786,37.83211898803711,48.597895438921135,0.285795629320466,17.943146,0.32403883,1.3435684442520142,yes,delta0.35_balanced_rp0.05,physics+neural+xgboost,57.0,0.1126055330469014,0.331400639486613,0.5559938274664855,0.0,known_material_known_target_liquid,nested_source_cv,,,,,,,,,,,
PA_MEA_23AE9B7F3397,REC_545F019CEE40,SRC014,SFC_B6A2235DD98C,LIQ_1BD1B94C09,cellulosic,train,2,2.0,51.9,45.323768429815935,28.537512,50.600388,45.57835833231608,40.85262251787663,41.04557291666666,51.11526454414885,0.7387704884041484,8.552276,-0.24387701,1.504071593284607,yes,delta0.35_balanced_rp0.05,physics+neural+xgboost,57.0,0.1126055330469014,0.331400639486613,0.5559938274664855,0.0,known_material_known_target_liquid,nested_source_cv,,,,,,,,,,,
PA_MEA_2913D3817FC2,REC_9E33C0A62D63,SRC014,SFC_5CF465520919,LIQ_6656B41AB7,cellulosic,train,2,2.0,35.8,51.74421304056461,84.68702,65.309296,36.98682022094727,46.58999302668667,41.98601913452149,49.20127091796533,0.7757303400805083,18.087122,0.32511458,1.2416250705718994,yes,delta0.35_balanced_rp0.05,physics+neural+xgboost,57.0,0.1126055330469014,0.331400639486613,0.5559938274664855,0.0,known_material_known_target_liquid,nested_source_cv,,,,,,,,,,,
PA_MEA_2E8912ACAADE,REC_6334806729BF,SRC021,SFC_D37916923909,LIQ_6656B41AB7,inorganic,train,3,2.0,97.1,102.30174086813876,118.6468,100.97491,99.78223419189452,96.8392092484189,86.80389404296875,79.15961544848874,0.5402929221877504,16.578196,0.2891629,3.2096848487854004,yes,delta0.35_balanced_rp0.05,physics+neural+xgboost,57.0,0.1126055330469014,0.331400639486613,0.5559938274664855,0.0,known_material_known_target_liquid,nested_source_cv,,,,,,,,,,,
PA_MEA_3D3A2E972E73,REC_F4B914C767B3,SRC021,SFC_69D0A064AEAB,LIQ_1BD1B94C09,inorganic,train,2,2.0,88.0,92.77801579139351,79.22321,99.2561,91.66200224558511,82.95308189922157,107.94222768147786,79.0054599075375,0.3514622161054607,5.0036387,-0.3478308,5.471945285797119,yes,delta0.35_balanced_rp0.05,physics+neural+xgboost,57.0,0.1126055330469014,0.331400639486613,0.5559938274664855,0.0,known_material_known_target_liquid,nested_source_cv,,,,,,,,,,,
PA_MEA_3FB7D4081A91,REC_DE8684E4080C,SRC021,SFC_952282A2BB2E,LIQ_53310FAFB3,inorganic,train,3,2.0,61.6,87.22926599412668,80.472946,88.49075,87.84571409225464,82.8452079619058,87.18480173746745,76.81895533989918,2.0944737875182446,9.441005,-0.13931282,2.618509531021118,yes,delta0.35_balanced_rp0.05,physics+neural+xgboost,57.0,0.1126055330469014,0.331400639486613,0.5559938274664855,0.0,known_material_known_target_liquid,nested_source_cv,,,,,,,,,,,
PA_MEA_43542EE89962,REC_1A10EB7B12F0,SRC014,SFC_5A3C9776191D,LIQ_6656B41AB7,cellulosic,train,2,2.0,45.2,65.52811226425854,93.961044,75.1193,54.052748362223305,62.26295923660848,51.00007247924805,52.7596023927746,0.6533254795510876,18.21421,0.3258814,1.3253307342529297,yes,delta0.35_balanced_rp0.05,physics+neural+xgboost,57.0,0.1126055330469014,0.331400639486613,0.5559938274664855,0.0,known_material_known_target_liquid,nested_source_cv,,,,,,,,,,,
PA_MEA_54207E23981A,REC_72D34211B360,SRC014,SFC_5A3C9776191D,LIQ_0F4168490E,cellulosic,train,2,2.0,86.9,95.95579342971476,104.46651,98.46195,92.73831876118976,98.98097083324583,93.27496846516928,95.95513429163248,0.2954489650478306,11.866649,0.10267357,0.6821465492248535,yes,delta0.35_balanced_rp0.05,physics+neural+xgboost,57.0,0.1126055330469014,0.331400639486613,0.5559938274664855,0.0,known_material_known_target_liquid,nested_source_cv,,,,,,,,,,,
PA_MEA_62355CB879EE,REC_772585D7515A,SRC021,SFC_EBFB164587A1,LIQ_1BD1B94C09,inorganic,train,3,2.0,146.2,141.12027771745247,146.93182,120.51217,152.22674671808878,136.5678299109929,102.78555043538412,74.1650214765,0.5139244503695887,19.786768,0.33040464,3.900139331817627,yes,delta0.35_balanced_rp0.05,physics+neural+xgboost,57.0,0.1126055330469014,0.331400639486613,0.5559938274664855,0.0,known_material_known_target_liquid,nested_source_cv,,,,,,,,,,,
PA_MEA_63F27B8C41F7,REC_FC9D5730B435,SRC014,SFC_27CC011F7F38,LIQ_6656B41AB7,cellulosic,train,2,2.0,29.0,48.84939533718378,77.98696,58.088123,37.44140625,48.55859573785161,37.63292185465495,48.86069599388996,0.3036516372308592,17.575235,0.32046333,1.2623320817947388,yes,delta0.35_balanced_rp0.05,physics+neural+xgboost,57.0,0.1126055330469014,0.331400639486613,0.5559938274664855,0.0,known_material_known_target_liquid,nested_source_cv,,,,,,,,,,,
PA_MEA_6CA32286B3DA,REC_BF017243719A,SRC021,SFC_D37916923909,LIQ_0F4168490E,inorganic,train,3,2.0,147.0,124.20795487000512,132.71992,114.92648,128.0162538687388,122.62327782798684,112.14694213867188,101.29367850902906,0.7535554018239096,15.613782,0.25831446,3.0202603340148926,yes,delta0.35_balanced_rp0.05,physics+neural+xgboost,57.0,0.1126055330469014,0.331400639486613,0.5559938274664855,0.0,known_material_known_target_liquid,nested_source_cv,,,,,,,,,,,
PA_MEA_7A05A223DF99,REC_010907AC3A61,SRC021,SFC_952282A2BB2E,LIQ_6656B41AB7,inorganic,train,3,2.0,55.5,66.63393821701321,58.58498,74.72,63.44438982009888,56.37716075106166,65.02546310424805,67.95104544669213,1.0250009015358224,8.317573,-0.2578805,2.4552340507507324,yes,delta0.35_balanced_rp0.05,physics+neural+xgboost,57.0,0.1126055330469014,0.331400639486613,0.5559938274664855,0.0,known_material_known_target_liquid,nested_source_cv,,,,,,,,,,,
PA_MEA_7C181C7FC00D,REC_490F5D5234FF,SRC021,SFC_15CCB7C5DFE8,LIQ_1BD1B94C09,inorganic,train,3,2.0,145.3,143.61289046840642,151.89279,123.15103,154.13227065404257,141.45349970819697,101.08401489257812,73.98410457323574,1.2677818843674005,20.834549,0.33529374,3.995028257369995,yes,delta0.35_balanced_rp0.05,physics+neural+xgboost,57.0,0.1126055330469014,0.331400639486613,0.5559938274664855,0.0,known_material_known_target_liquid,nested_source_cv,,,,,,,,,,,
PA_MEA_7C2CC6A03287,REC_78825B4816AC,SRC014,SFC_6CB60F9F2B48,LIQ_1BD1B94C09,cellulosic,train,2,2.0,84.7,69.5742160787574,68.00729,73.73559,67.41117549935977,68.68989807042225,67.12725830078125,62.37886842439563,0.8241984291565203,10.107097,-0.09465221,1.3419820070266724,yes,delta0.35_balanced_rp0.05,physics+neural+xgboost,57.0,0.1126055330469014,0.331400639486613,0.5559938274664855,0.0,known_material_known_target_liquid,nested_source_cv,,,,,,,,,,,
PA_MEA_7DAEBF8E93C2,REC_1406ECDCFEBC,SRC021,SFC_5F6F6DCB2B01,LIQ_1BD1B94C09,inorganic,train,3,2.0,119.0,124.51819162306022,125.39832,111.21824,132.26738770802817,118.54314690316568,108.65186818440756,84.83266561598721,0.669500981215494,14.22826,0.21850486,3.726828813552856,yes,delta0.35_balanced_rp0.05,physics+neural+xgboost,57.0,0.1126055330469014,0.331400639486613,0.5559938274664855,0.0,known_material_known_target_liquid,nested_source_cv,,,,,,,,,,,
PA_MEA_7EA0109FFC84,REC_DC6113D080E8,SRC021,SFC_EBFB164587A1,LIQ_6656B41AB7,inorganic,train,3,2.0,148.7,117.71181894713216,138.98517,115.62788,114.6454594930013,116.9654451689864,83.39248402913411,79.58652994987965,0.8969232772141996,19.101665,0.3221067,3.6971919536590576,yes,delta0.35_balanced_rp0.05,physics+neural+xgboost,57.0,0.1126055330469014,0.331400639486613,0.5559938274664855,0.0,known_material_known_target_liquid,nested_source_cv,,,,,,,,,,,
PA_MEA_8671E31672F1,REC_10E7DA273E92,SRC021,SFC_69D0A064AEAB,LIQ_53310FAFB3,inorganic,train,2,2.0,13.7,118.2933209150961,102.43369,116.748566,122.42612711588542,100.7947031131224,139.08734130859375,86.92680073152684,1.079306239584037,8.593506,-0.23432557,3.7629144191741934,yes,delta0.35_balanced_rp0.05,physics+neural+xgboost,57.0,0.1126055330469014,0.331400639486613,0.5559938274664855,0.0,known_material_known_target_liquid,nested_source_cv,,,,,,,,,,,
PA_MEA_89FB72ABBF3E,REC_016209709BAC,SRC014,SFC_5CF465520919,LIQ_1BD1B94C09,cellulosic,train,2,2.0,61.3,50.783987514485,38.741074,56.802094,49.63594341278076,50.02403325991521,50.97740173339844,53.67264124950108,0.4831614457733889,8.696218,-0.23256095,1.4464111328125,yes,delta0.35_balanced_rp0.05,physics+neural+xgboost,57.0,0.1126055330469014,0.331400639486613,0.5559938274664855,0.0,known_material_known_target_liquid,nested_source_cv,,,,,,,,,,,
PA_MEA_8A798BD9D255,REC_18C619CF4134,SRC014,SFC_6CB60F9F2B48,LIQ_6656B41AB7,cellulosic,train,2,2.0,46.0,64.97178750415398,88.941574,71.33904,56.32197380065918,60.7908697021848,60.4695676167806,56.60850682727996,0.8067379132786779,16.314257,0.30148292,0.8858705759048462,yes,delta0.35_balanced_rp0.05,physics+neural+xgboost,57.0,0.1126055330469014,0.331400639486613,0.5559938274664855,0.0,known_material_known_target_liquid,nested_source_cv,,,,,,,,,,,
PA_MEA_926D70B83FFE,REC_D72E46CF6C42,SRC021,SFC_B77A1F4FDF6A,LIQ_6656B41AB7,inorganic,train,3,2.0,30.0,69.31861641284475,51.36276,73.08216,70.71195538838704,55.39259489425603,93.98671213785808,73.41568870198188,0.6955027578491774,6.534551,-0.33339438,3.1423263549804688,yes,delta0.35_balanced_rp0.05,physics+neural+xgboost,57.0,0.1126055330469014,0.331400639486613,0.5559938274664855,0.0,known_material_known_target_liquid,nested_source_cv,,,,,,,,,,,
PA_MEA_95A08DC6925F,REC_557886264DC6,SRC014,SFC_57CAC88FEA44,LIQ_0F4168490E,cellulosic,train,2,2.0,80.2,93.87835829109672,101.78192,94.83734,91.70604546864828,95.68470945886604,92.66524251302084,94.26517030908748,0.1557218345573804,12.008393,0.11986121,0.9734447598457336,yes,delta0.35_balanced_rp0.05,physics+neural+xgboost,57.0,0.1126055330469014,0.331400639486613,0.5559938274664855,0.0,known_material_known_target_liquid,nested_source_cv,,,,,,,,,,,
PA_MEA_98A9A2DEAF8E,REC_3355A12F70CF,SRC014,SFC_27CC011F7F38,LIQ_0F4168490E,cellulosic,train,2,2.0,61.7,76.55158906307227,83.6197,80.423676,72.81212298075359,74.04205906558502,72.9184799194336,74.19382940835577,0.2024056181238209,11.3211355,0.05517986,0.9753822088241576,yes,delta0.35_balanced_rp0.05,physics+neural+xgboost,57.0,0.1126055330469014,0.331400639486613,0.5559938274664855,0.0,known_material_known_target_liquid,nested_source_cv,,,,,,,,,,,
PA_MEA_9C6BDDB69C2D,REC_500FAA3F5744,SRC014,SFC_57CAC88FEA44,LIQ_1BD1B94C09,cellulosic,train,2,2.0,71.2,60.062555434092005,51.051918,63.573547,59.7947514851888,59.348462279367965,60.22684224446615,58.2404299674015,0.5980941999306085,9.256122,-0.18372905,1.3821276426315308,yes,delta0.35_balanced_rp0.05,physics+neural+xgboost,57.0,0.1126055330469014,0.331400639486613,0.5559938274664855,0.0,known_material_known_target_liquid,nested_source_cv,,,,,,,,,,,
PA_MEA_A6E3B7BEB8BF,REC_CF6582F4BC39,SRC021,SFC_D37916923909,LIQ_53310FAFB3,inorganic,train,3,2.0,122.6,119.85938750670287,117.76778,110.700645,125.7420786221822,112.12419327678394,106.06221771240234,85.68507362290377,1.7506708218926237,12.402698,0.115120895,3.733755826950073,yes,delta0.35_balanced_rp0.05,physics+neural+xgboost,57.0,0.1126055330469014,0.331400639486613,0.5559938274664855,0.0,known_material_known_target_liquid,nested_source_cv,,,,,,,,,,,
PA_MEA_B3AC27D33C28,REC_9120C0E1FF26,SRC014,SFC_B6F0FD6B29BC,LIQ_1BD1B94C09,cellulosic,train,2,2.0,87.8,75.42786269652218,75.181076,75.04606,75.70541909709573,75.10556020703139,74.26569366455078,64.2976190108783,0.9116311654855876,10.984445,0.0020946963,1.3007783889770508,yes,delta0.35_balanced_rp0.05,physics+neural+xgboost,57.0,0.1126055330469014,0.331400639486613,0.5559938274664855,0.0,known_material_known_target_liquid,nested_source_cv,,,,,,,,,,,
PA_MEA_B8AE5C8701F1,REC_FE5ADFB7CAA9,SRC014,SFC_1C9D06C5B008,LIQ_1BD1B94C09,cellulosic,train,2,2.0,77.3,62.30423735653499,62.535816,69.30758,58.0829873085022,63.00915502112209,60.00845845540365,60.044806849693366,0.5979008749994938,9.991879,-0.10805145,1.3207465410232544,yes,delta0.35_balanced_rp0.05,physics+neural+xgboost,57.0,0.1126055330469014,0.331400639486613,0.5559938274664855,0.0,known_material_known_target_liquid,nested_source_cv,,,,,,,,,,,
PA_MEA_B9E64737B541,REC_90A29B330C03,SRC021,SFC_D37916923909,LIQ_1BD1B94C09,inorganic,train,3,2.0,124.1,119.8593029887136,118.6366,111.39316,125.15319156646729,111.38254069954222,108.51470438639323,82.49033057028059,1.3748107807186123,12.462528,0.117201656,3.664423704147339,yes,delta0.35_balanced_rp0.05,physics+neural+xgboost,57.0,0.1126055330469014,0.331400639486613,0.5559938274664855,0.0,known_material_known_target_liquid,nested_source_cv,,,,,,,,,,,
PA_MEA_BA3A34AD5D04,REC_BD55BFF1D28B,SRC021,SFC_15CCB7C5DFE8,LIQ_6656B41AB7,inorganic,train,3,2.0,152.3,120.00790294820264,142.44757,117.77091,116.79655329386394,120.41557811636318,82.96488952636719,79.11688285993256,0.8278891414044841,19.743162,0.3269321,3.744229793548584,yes,delta0.35_balanced_rp0.05,physics+neural+xgboost,57.0,0.1126055330469014,0.331400639486613,0.5559938274664855,0.0,known_material_known_target_liquid,nested_source_cv,,,,,,,,,,,
PA_MEA_BB7E0377AFAF,REC_D99D5AFAE127,SRC014,SFC_4AABAF84DB2B,LIQ_6656B41AB7,polymer,train,2,2.0,28.0,54.50299307389688,54.687603,54.01303,54.75764633963505,52.92973190401475,50.09033075968424,54.9981417371874,0.2816356088594265,11.106621,0.009493408,0.7716231942176819,yes,delta0.35_balanced_rp0.05,physics+neural+xgboost,57.0,0.1126055330469014,0.331400639486613,0.5559938274664855,0.0,known_material_known_target_liquid,nested_source_cv,,,,,,,,,,,
PA_MEA_BB93E8F71FCC,REC_2665BF34BC97,SRC014,SFC_1C9D06C5B008,LIQ_6656B41AB7,cellulosic,train,2,2.0,47.5,61.76261870484015,84.426506,66.98885,54.05739529927572,56.05682755888433,58.29456456502279,53.6864123313938,0.7569369206741013,15.915334,0.29376647,0.7061169743537903,yes,delta0.35_balanced_rp0.05,physics+neural+xgboost,57.0,0.1126055330469014,0.331400639486613,0.5559938274664855,0.0,known_material_known_target_liquid,nested_source_cv,,,,,,,,,,,
PA_MEA_C0343AD62F63,REC_61E3832BED1D,SRC021,SFC_5F6F6DCB2B01,LIQ_0F4168490E,inorganic,train,3,2.0,148.0,126.4399979580529,135.46402,114.764465,131.5715732574463,125.39015512886738,113.01931762695312,102.17516966379378,0.3295261661101671,17.283438,0.2945305,3.1484031677246094,yes,delta0.35_balanced_rp0.05,physics+neural+xgboost,57.0,0.1126055330469014,0.331400639486613,0.5559938274664855,0.0,known_material_known_target_liquid,nested_source_cv,,,,,,,,,,,
PA_MEA_C7B03FCAA556,REC_51F74037479B,SRC014,SFC_1C9D06C5B008,LIQ_0F4168490E,cellulosic,train,2,2.0,90.3,95.12405238191316,104.54509,96.440735,92.4311981201172,98.74179667453554,92.63189188639323,95.51659192047876,0.2283812239944728,12.260784,0.1389768,0.4715170860290527,yes,delta0.35_balanced_rp0.05,physics+neural+xgboost,57.0,0.1126055330469014,0.331400639486613,0.5559938274664855,0.0,known_material_known_target_liquid,nested_source_cv,,,,,,,,,,,
PA_MEA_C85C84F008FD,REC_5F24E4AE6351,SRC021,SFC_5F6F6DCB2B01,LIQ_53310FAFB3,inorganic,train,3,2.0,129.7,120.65025604021714,120.47465,107.44578,128.55636358261108,114.50665133275012,106.11452229817708,85.60059079131211,1.2401336452122806,13.943141,0.20841636,3.693542242050171,yes,delta0.35_balanced_rp0.05,physics+neural+xgboost,57.0,0.1126055330469014,0.331400639486613,0.5559938274664855,0.0,known_material_known_target_liquid,nested_source_cv,,,,,,,,,,,
PA_MEA_C88C09E7811A,REC_1E2233F0DBCE,SRC021,SFC_B77A1F4FDF6A,LIQ_1BD1B94C09,inorganic,train,3,2.0,63.5,86.2440963328901,74.769844,93.92511,83.9897034962972,79.0681815067343,102.44657643636069,77.97902074235553,0.598923606032658,6.575657,-0.33114788,3.113548517227173,yes,delta0.35_balanced_rp0.05,physics+neural+xgboost,57.0,0.1126055330469014,0.331400639486613,0.5559938274664855,0.0,known_material_known_target_liquid,nested_source_cv,,,,,,,,,,,
PA_MEA_C955CAD6F09F,REC_48C3A46F0173,SRC021,SFC_B77A1F4FDF6A,LIQ_53310FAFB3,inorganic,train,3,2.0,59.1,84.76407935413049,70.664986,90.136406,84.41739114125569,76.59097904377818,102.51293182373048,80.8560951812426,0.8129739680279214,6.41503,-0.33347166,3.219796657562256,yes,delta0.35_balanced_rp0.05,physics+neural+xgboost,57.0,0.1126055330469014,0.331400639486613,0.5559938274664855,0.0,known_material_known_target_liquid,nested_source_cv,,,,,,,,,,,
PA_MEA_C9983E004AC5,REC_F6C5B2F282CE,SRC021,SFC_EBFB164587A1,LIQ_53310FAFB3,inorganic,train,3,2.0,136.1,141.229415250492,149.1241,121.35705,151.47544635335603,140.8413877787616,97.77034250895184,78.06704489103869,1.1519347219549727,21.604332,0.3379623,4.028214931488037,yes,delta0.35_balanced_rp0.05,physics+neural+xgboost,57.0,0.1126055330469014,0.331400639486613,0.5559938274664855,0.0,known_material_known_target_liquid,nested_source_cv,,,,,,,,,,,
PA_MEA_CA8B879E78A3,REC_3E5A5111B980,SRC021,SFC_952282A2BB2E,LIQ_0F4168490E,inorganic,train,3,2.0,117.9,92.36466023076576,101.45755,93.659935,89.75102583567302,95.3973556730031,96.18310292561848,87.38610722470894,1.955255606970612,12.202617,0.13523103,1.8310118913650515,yes,delta0.35_balanced_rp0.05,physics+neural+xgboost,57.0,0.1126055330469014,0.331400639486613,0.5559938274664855,0.0,known_material_known_target_liquid,nested_source_cv,,,,,,,,,,,
PA_MEA_D1FC1ACD0D41,REC_E3E70395C013,SRC014,SFC_4AABAF84DB2B,LIQ_1BD1B94C09,polymer,train,2,2.0,57.2,57.410654888751104,48.01593,65.16456,54.69164880116781,55.66769287255166,57.49860000610352,57.37646829195686,0.5405216786512973,8.409496,-0.24901307,1.6754517555236816,yes,delta0.35_balanced_rp0.05,physics+neural+xgboost,57.0,0.1126055330469014,0.331400639486613,0.5559938274664855,0.0,known_material_known_target_liquid,nested_source_cv,,,,,,,,,,,
PA_MEA_D3F6F586086F,REC_AA2869E439FE,SRC021,SFC_49F69580DC1F,LIQ_0F4168490E,inorganic,train,2,2.0,157.0,29.38150534128612,48.304802,14.467561,34.438437143961586,36.887974268127,27.36250877380371,77.12253858566089,5.411803178590312,16.855616,0.27936733,6.97943925857544,yes,delta0.35_balanced_rp0.05,physics+neural+xgboost,57.0,0.1126055330469014,0.331400639486613,0.5559938274664855,0.0,known_material_known_target_liquid,nested_source_cv,,,,,,,,,,,
PA_MEA_D591A8555CEC,REC_A61E409571E7,SRC014,SFC_5A3C9776191D,LIQ_1BD1B94C09,cellulosic,train,2,2.0,78.7,61.43623430933858,58.751305,67.54018,58.34175324440002,61.84995815814427,58.79896036783854,59.22877310366627,0.4586843272731342,9.722405,-0.13691586,1.32878577709198,yes,delta0.35_balanced_rp0.05,physics+neural+xgboost,57.0,0.1126055330469014,0.331400639486613,0.5559938274664855,0.0,known_material_known_target_liquid,nested_source_cv,,,,,,,,,,,
PA_MEA_D6272F307437,REC_08B7EDDF1638,SRC021,SFC_15CCB7C5DFE8,LIQ_53310FAFB3,inorganic,train,3,2.0,142.4,143.19232882579496,151.3407,122.79606,153.69925391674042,143.1525134239392,98.46043141682942,78.09752194704423,1.333234960787257,20.981108,0.33590734,4.092690467834473,yes,delta0.35_balanced_rp0.05,physics+neural+xgboost,57.0,0.1126055330469014,0.331400639486613,0.5559938274664855,0.0,known_material_known_target_liquid,nested_source_cv,,,,,,,,,,,
PA_MEA_DBAF6B6FEC1D,REC_2D2EFE3971DA,SRC021,SFC_5F6F6DCB2B01,LIQ_6656B41AB7,inorganic,train,3,2.0,107.7,102.37635857372288,118.807,102.62656,98.89952723185222,97.75760276274464,90.67568969726562,79.51619202871412,0.8397994194684852,15.57252,0.26355234,3.34555983543396,yes,delta0.35_balanced_rp0.05,physics+neural+xgboost,57.0,0.1126055330469014,0.331400639486613,0.5559938274664855,0.0,known_material_known_target_liquid,nested_source_cv,,,,,,,,,,,
PA_MEA_DD03A0DAE390,REC_DC6F27BBA727,SRC021,SFC_15CCB7C5DFE8,LIQ_0F4168490E,inorganic,train,3,2.0,163.2,130.81978808727882,145.69469,118.971535,134.86933453877768,131.61307840850355,98.93469746907552,90.75327858814808,0.679747243345294,24.671244,0.34170374,3.688575744628906,yes,delta0.35_balanced_rp0.05,physics+neural+xgboost,57.0,0.1126055330469014,0.331400639486613,0.5559938274664855,0.0,known_material_known_target_liquid,nested_source_cv,,,,,,,,,,,
PA_MEA_DD106CECD7C0,REC_228382F563EF,SRC021,SFC_49F69580DC1F,LIQ_1BD1B94C09,inorganic,train,2,2.0,94.5,95.44172689123354,82.16735,102.23826,94.0791098276774,85.87484619220554,111.4877446492513,79.69788760196865,0.3344714630784818,4.862696,-0.34825763,5.783896446228027,yes,delta0.35_balanced_rp0.05,physics+neural+xgboost,57.0,0.1126055330469014,0.331400639486613,0.5559938274664855,0.0,known_material_known_target_liquid,nested_source_cv,,,,,,,,,,,
PA_MEA_DD53D6DB9E7D,REC_756809574997,SRC021,SFC_49F69580DC1F,LIQ_53310FAFB3,inorganic,train,2,2.0,14.2,126.66156451580578,109.52469,122.24642,132.76394907633463,107.94293936567738,147.0530751546224,88.18308153542038,1.6538452574700904,9.012224,-0.1981381,3.8842673301696777,yes,delta0.35_balanced_rp0.05,physics+neural+xgboost,57.0,0.1126055330469014,0.331400639486613,0.5559938274664855,0.0,known_material_known_target_liquid,nested_source_cv,,,,,,,,,,,
PA_MEA_E136453008CD,REC_82CCBED7C1EA,SRC014,SFC_B6F0FD6B29BC,LIQ_6656B41AB7,cellulosic,train,2,2.0,54.3,63.65420822379813,86.415146,69.654594,55.4678955078125,58.62492861360396,61.13472112019857,57.12871873030354,0.4267687434710778,15.56965,0.2851311,0.6818990707397461,yes,delta0.35_balanced_rp0.05,physics+neural+xgboost,57.0,0.1126055330469014,0.331400639486613,0.5559938274664855,0.0,known_material_known_target_liquid,nested_source_cv,,,,,,,,,,,
PA_MEA_E979B74C723D,REC_941402D68EE6,SRC021,SFC_EBFB164587A1,LIQ_0F4168490E,inorganic,train,3,2.0,158.5,129.469324637443,143.65446,117.85925,133.51659965515137,129.7091261976364,99.0971196492513,90.89675277232465,0.5779388794265136,23.017197,0.33821502,3.666828393936157,yes,delta0.35_balanced_rp0.05,physics+neural+xgboost,57.0,0.1126055330469014,0.331400639486613,0.5559938274664855,0.0,known_material_known_target_liquid,nested_source_cv,,,,,,,,,,,
PA_MEA_F33184A132F6,REC_E9A9D179F4ED,SRC014,SFC_B6A2235DD98C,LIQ_0F4168490E,cellulosic,train,2,2.0,62.1,74.42142310521449,82.72458,77.51963,70.89309406280518,73.82878789360599,71.30937194824219,74.89517292954544,0.206294540370605,11.665554,0.089422144,0.6228854060173035,yes,delta0.35_balanced_rp0.05,physics+neural+xgboost,57.0,0.1126055330469014,0.331400639486613,0.5559938274664855,0.0,known_material_known_target_liquid,nested_source_cv,,,,,,,,,,,
PA_CA0463,CA0463,SRC002,SFC_5523B41BFD8F,LIQ_0F4168490E,polymer,validation,3,3.0,172.0,125.3698017619379,148.50874,162.30061,108.53247706095378,144.78198382624257,143.93443806966147,114.77501663412195,10.807324678638556,143.60054,-0.027739083,298.1774597167969,yes,delta0.25_unbalanced_rp0.02,physics+neural+xgboost,40.0,0.0090188273632852,0.3064414498645666,0.6845397227721481,0.0,known_material_known_target_liquid,nested_source_cv,,,,,,,,,,,
PA_CA0464,CA0464,SRC002,SFC_5523B41BFD8F,LIQ_5C0DC0DCD1,polymer,validation,3,3.0,167.0,108.37338388198263,138.15613,134.39525,96.33203252156576,131.14919101900043,136.99109395345053,104.1526992458754,6.304674327129294,142.54723,0.05697206,298.1697998046875,yes,delta0.25_unbalanced_rp0.02,physics+neural+xgboost,40.0,0.0090188273632852,0.3064414498645666,0.6845397227721481,0.0,new_target_liquid,nested_source_cv,,,,,,,,,,,
PA_CA0465,CA0465,SRC002,SFC_5523B41BFD8F,LIQ_53310FAFB3,polymer,validation,3,3.0,163.0,108.03172873315296,136.99158,137.8416,94.30547841389972,123.8952373573418,131.748171488444,98.66310393171368,6.58286118266871,142.07526,0.009540861,298.171630859375,yes,delta0.25_unbalanced_rp0.02,physics+neural+xgboost,40.0,0.0090188273632852,0.3064414498645666,0.6845397227721481,0.0,known_material_known_target_liquid,nested_source_cv,,,,,,,,,,,
PA_CA0466,CA0466,SRC002,SFC_5523B41BFD8F,LIQ_B6950B5CB8,polymer,validation,3,3.0,70.0,170.7675260832145,161.2299,156.42177,177.31521479288736,162.12608228685215,142.1269073486328,101.02600124520032,5.947223977771001,141.1646,0.06503881,298.2015991210937,yes,delta0.25_unbalanced_rp0.02,physics+neural+xgboost,40.0,0.0090188273632852,0.3064414498645666,0.6845397227721481,0.0,new_target_liquid,nested_source_cv,,,,,,,,,,,
PA_MEA_005A452343B0,REC_EE2935474115,SRC020,SFC_1CA3A2AD0E46,LIQ_0F4168490E,inorganic,validation,2,3.0,16.0,67.64018137860388,60.296726,74.93778,64.47008331616719,63.66167115374976,74.14685567220052,81.64887262128866,0.6595033226054786,11.756679,-0.23564209,1.5186256170272827,yes,delta0.25_unbalanced_rp0.02,physics+neural+xgboost,40.0,0.0090188273632852,0.3064414498645666,0.6845397227721481,0.0,known_material_known_target_liquid,nested_source_cv,,,,,,,,,,,
PA_MEA_044E1720AE6B,REC_F12803C6C7F3,SRC001,SFC_D5092F34D983,LIQ_53310FAFB3,other,train,4,3.0,63.0,51.86910106660006,23.155636,44.050816,55.7473398844401,34.52161095466266,48.67465082804362,70.87657279465115,2.244873379892591,12.231822,-0.20336246,4.621906280517578,yes,delta0.25_unbalanced_rp0.02,physics+neural+xgboost,40.0,0.0090188273632852,0.3064414498645666,0.6845397227721481,0.0,known_material_known_target_liquid,nested_source_cv,,,,,,,,,,,
PA_MEA_09F56FBCB6CF,REC_F9D13A0D061F,SRC020,SFC_1075187E61D9,LIQ_1BD1B94C09,inorganic,validation,2,3.0,11.3,49.884920635148696,0.0,41.386593,54.34652201334635,12.77596722480125,59.643819173177086,66.30079149753449,2.2665472400380824,11.297272,-0.24973421,2.8739559650421143,yes,delta0.25_unbalanced_rp0.02,physics+neural+xgboost,40.0,0.0090188273632852,0.3064414498645666,0.6845397227721481,0.0,known_material_known_target_liquid,nested_source_cv,,,,,,,,,,,
PA_MEA_0FCBA2ADD4F0,REC_CD632258245F,SRC001,SFC_7988EDE2E950,LIQ_6656B41AB7,other,train,4,3.0,69.0,46.024037771640735,53.655884,52.413986,43.06295998891195,44.7500490909496,41.053131103515625,65.26920009507533,2.719697622855253,12.552742,0.004247576,4.612516403198242,yes,delta0.25_unbalanced_rp0.02,physics+neural+xgboost,40.0,0.0090188273632852,0.3064414498645666,0.6845397227721481,0.0,known_material_known_target_liquid,nested_source_cv,,,,,,,,,,,
PA_MEA_1382FC3E41BA,REC_1063D03FFD29,SRC001,SFC_96D86F3732DF,LIQ_6656B41AB7,other,train,4,3.0,76.0,45.96401298806859,52.975185,52.012012,43.16418965657552,44.057852493237725,40.978965759277344,65.70698628766819,3.0021658437181444,12.54118,-0.00043260554,4.597037315368652,yes,delta0.25_unbalanced_rp0.02,physics+neural+xgboost,40.0,0.0090188273632852,0.3064414498645666,0.6845397227721481,0.0,known_material_known_target_liquid,nested_source_cv,,,,,,,,,,,
PA_MEA_191644CAA491,REC_4AFD13E99785,SRC020,SFC_1075187E61D9,LIQ_6656B41AB7,inorganic,validation,2,3.0,9.4,59.07739556090146,81.51219,70.8438,53.51445960998535,63.67189617765107,45.29333241780599,56.43338652258922,1.125527471940834,12.847402,0.17992698,3.827606678009033,yes,delta0.25_unbalanced_rp0.02,physics+neural+xgboost,40.0,0.0090188273632852,0.3064414498645666,0.6845397227721481,0.0,known_material_known_target_liquid,nested_source_cv,,,,,,,,,,,
PA_MEA_1DDB887143F1,REC_F33A0F2EAD18,SRC020,SFC_1CA3A2AD0E46,LIQ_6656B41AB7,inorganic,validation,2,3.0,8.9,59.407750366204205,82.37308,71.62,53.638237635294594,63.46474570052226,45.2383664449056,56.29197986924806,1.2742394556598358,12.863533,0.18201713,3.888450860977173,yes,delta0.25_unbalanced_rp0.02,physics+neural+xgboost,40.0,0.0090188273632852,0.3064414498645666,0.6845397227721481,0.0,known_material_known_target_liquid,nested_source_cv,,,,,,,,,,,
PA_MEA_1FD0F884EAE7,REC_E01AA07F1BE7,SRC001,SFC_D5092F34D983,LIQ_06B74E7F53,other,train,4,3.0,9.0,50.54504452208919,66.48596,58.008945,46.99372831980387,56.35835166216015,55.10841496785482,66.0811815213517,2.383636644113581,13.131625,0.12745027,8.881750106811523,yes,delta0.25_unbalanced_rp0.02,physics+neural+xgboost,40.0,0.0090188273632852,0.3064414498645666,0.6845397227721481,0.0,new_target_liquid,nested_source_cv,,,,,,,,,,,
PA_MEA_1FEF9F85FAE0,REC_C3479456C127,SRC020,SFC_8B52F1C7FE1D,LIQ_6656B41AB7,inorganic,validation,2,3.0,12.7,58.840536273498245,81.44426,70.22462,53.4465274810791,64.0128677260429,45.28334426879883,56.56404430888855,0.978904856045571,12.845051,0.18909109,3.538879156112671,yes,delta0.25_unbalanced_rp0.02,physics+neural+xgboost,40.0,0.0090188273632852,0.3064414498645666,0.6845397227721481,0.0,known_material_known_target_liquid,nested_source_cv,,,,,,,,,,,
PA_MEA_3406298196F8,REC_FDF2D56C8B9A,SRC001,SFC_7C5DE420C3BC,LIQ_0F4168490E,other,train,4,3.0,3.0,62.352112326550106,56.637768,68.41833,59.711793621381126,57.89266058723431,66.89256795247395,89.51868816162361,0.2428045209337642,12.333903,-0.18331413,5.147912502288818,yes,delta0.25_unbalanced_rp0.02,physics+neural+xgboost,40.0,0.0090188273632852,0.3064414498645666,0.6845397227721481,0.0,known_material_known_target_liquid,nested_source_cv,,,,,,,,,,,
PA_MEA_3C7AB0EF30AF,REC_33D0BBEECFEA,SRC001,SFC_CB09228EB13A,LIQ_6656B41AB7,other,train,4,3.0,70.0,49.98840979062447,45.68642,44.519375,52.49335996309916,44.28964303007979,44.54229100545248,67.08124973195778,3.782642388384093,12.522804,-0.008299981,4.424129486083984,yes,delta0.25_unbalanced_rp0.02,physics+neural+xgboost,40.0,0.0090188273632852,0.3064414498645666,0.6845397227721481,0.0,known_material_known_target_liquid,nested_source_cv,,,,,,,,,,,
PA_MEA_4021F0E1E76D,REC_CAC2058463C2,SRC001,SFC_A3534C38D4B9,LIQ_1BD1B94C09,other,train,4,3.0,80.0,62.3589067373368,67.58814,66.80723,60.2986733118693,68.60153783491239,72.60136413574219,76.41660743855662,2.6886744555481514,12.650159,0.0073248646,4.042446613311768,yes,delta0.25_unbalanced_rp0.02,physics+neural+xgboost,40.0,0.0090188273632852,0.3064414498645666,0.6845397227721481,0.0,known_material_known_target_liquid,nested_source_cv,,,,,,,,,,,
PA_MEA_41BDD8B64CA2,REC_79BCEF5ED722,SRC001,SFC_A3534C38D4B9,LIQ_06B74E7F53,other,train,4,3.0,35.0,62.407315206135976,79.161285,70.01864,58.77929178873698,69.27080788967059,59.70972951253256,67.90590053610458,0.1791905529091923,13.172787,0.1525717,8.704814910888672,yes,delta0.25_unbalanced_rp0.02,physics+neural+xgboost,40.0,0.0090188273632852,0.3064414498645666,0.6845397227721481,0.0,new_target_liquid,nested_source_cv,,,,,,,,,,,
PA_MEA_514B9F585C2C,REC_7FF628AA8E7A,SRC020,SFC_8B52F1C7FE1D,LIQ_1BD1B94C09,inorganic,validation,2,3.0,17.5,46.23550789693803,0.0,41.38368,49.01663462320963,12.77596722480125,57.32190068562826,66.30079149753449,2.225017142207761,11.304562,-0.2497005,2.714191198348999,yes,delta0.25_unbalanced_rp0.02,physics+neural+xgboost,40.0,0.0090188273632852,0.3064414498645666,0.6845397227721481,0.0,known_material_known_target_liquid,nested_source_cv,,,,,,,,,,,
PA_MEA_61A3016A97E8,REC_560795774093,SRC020,SFC_5470E7AABA76,LIQ_6656B41AB7,inorganic,validation,2,3.0,48.1,46.62191555163589,55.662323,48.51074,45.65725644429525,46.77886899217018,42.4798952738444,58.27330668529433,0.396375543892634,12.273659,0.097619414,0.6263232231140137,yes,delta0.25_unbalanced_rp0.02,physics+neural+xgboost,40.0,0.0090188273632852,0.3064414498645666,0.6845397227721481,0.0,known_material_known_target_liquid,nested_source_cv,,,,,,,,,,,
PA_MEA_639B1567FD43,REC_E35DE00DF2F7,SRC001,SFC_7C5DE420C3BC,LIQ_6656B41AB7,other,train,4,3.0,64.0,67.3575566134826,49.153103,48.23578,76.15746688842773,41.07706414804527,36.7083625793457,63.9371819129575,2.817551661345169,12.598012,-0.0051971623,5.246326446533203,yes,delta0.25_unbalanced_rp0.02,physics+neural+xgboost,40.0,0.0090188273632852,0.3064414498645666,0.6845397227721481,0.0,known_material_known_target_liquid,nested_source_cv,,,,,,,,,,,
PA_MEA_6744B4E9FEFA,REC_A37D45EF4078,SRC001,SFC_D5092F34D983,LIQ_0F4168490E,other,train,4,3.0,60.0,76.82901050098415,86.19726,91.311714,70.22224807739258,85.45628818218165,79.83583068847656,92.02638233495604,2.858061386718188,12.505061,-0.0891706,4.685189247131348,yes,delta0.25_unbalanced_rp0.02,physics+neural+xgboost,40.0,0.0090188273632852,0.3064414498645666,0.6845397227721481,0.0,known_material_known_target_liquid,nested_source_cv,,,,,,,,,,,
PA_MEA_70EE2B9BF84D,REC_6B25D54CA944,SRC001,SFC_A3534C38D4B9,LIQ_0F4168490E,other,train,4,3.0,84.0,89.9019691775281,100.53308,101.511314,84.56485780080159,100.24022649038652,98.53990681966144,99.16004835543966,2.960166723014874,12.660957,-0.014949024,4.376097202301025,yes,delta0.25_unbalanced_rp0.02,physics+neural+xgboost,40.0,0.0090188273632852,0.3064414498645666,0.6845397227721481,0.0,known_material_known_target_liquid,nested_source_cv,,,,,,,,,,,
PA_MEA_7526876D67B5,REC_C7CA8DBBE403,SRC001,SFC_D5092F34D983,LIQ_6656B41AB7,other,train,4,3.0,66.0,42.1258707015564,48.556934,44.42764,41.01073034604391,44.55239962570252,21.6325143178304,64.32712566304785,2.8634138655848296,12.625488,0.034218855,4.306593418121338,yes,delta0.25_unbalanced_rp0.02,physics+neural+xgboost,40.0,0.0090188273632852,0.3064414498645666,0.6845397227721481,0.0,known_material_known_target_liquid,nested_source_cv,,,,,,,,,,,
PA_MEA_75C4E8A2783C,REC_71553E6DE426,SRC020,SFC_1CA3A2AD0E46,LIQ_1BD1B94C09,inorganic,validation,2,3.0,12.8,49.88497674625402,0.0,41.386776,54.34652201334635,12.77596722480125,59.643819173177086,66.30079149753449,2.2665342583277552,11.296121,-0.24973635,2.877213716506958,yes,delta0.25_unbalanced_rp0.02,physics+neural+xgboost,40.0,0.0090188273632852,0.3064414498645666,0.6845397227721481,0.0,known_material_known_target_liquid,nested_source_cv,,,,,,,,,,,
PA_MEA_78F94B993AC8,REC_D72C3997600A,SRC001,SFC_A3534C38D4B9,LIQ_53310FAFB3,other,train,4,3.0,70.0,53.006876332973526,62.76131,66.501495,46.837352434794106,61.64225414704857,59.139259338378906,72.7686721015077,2.276554337211776,12.581589,-0.064172484,4.165378570556641,yes,delta0.25_unbalanced_rp0.02,physics+neural+xgboost,40.0,0.0090188273632852,0.3064414498645666,0.6845397227721481,0.0,known_material_known_target_liquid,nested_source_cv,,,,,,,,,,,
PA_MEA_7C2DEFE0CD5F,REC_9016A28B82ED,SRC020,SFC_73D2A29D4F26,LIQ_1BD1B94C09,inorganic,validation,2,3.0,57.9,70.56725097382515,63.235497,66.3912,72.53330167134602,67.56779661898216,76.6404546101888,73.62680784983674,0.8950119073988001,12.145907,-0.050526097,0.7137949466705322,yes,delta0.25_unbalanced_rp0.02,physics+neural+xgboost,40.0,0.0090188273632852,0.3064414498645666,0.6845397227721481,0.0,known_material_known_target_liquid,nested_source_cv,,,,,,,,,,,
PA_MEA_7D221AA30463,REC_1441423C0269,SRC020,SFC_73D2A29D4F26,LIQ_6656B41AB7,inorganic,validation,2,3.0,52.1,49.17611528889417,36.040096,49.308533,49.28990459442139,36.88444833368084,46.29963302612305,60.93273898817336,0.8384680128133825,11.891273,-0.15750062,1.6374598741531372,yes,delta0.25_unbalanced_rp0.02,physics+neural+xgboost,40.0,0.0090188273632852,0.3064414498645666,0.6845397227721481,0.0,known_material_known_target_liquid,nested_source_cv,,,,,,,,,,,
PA_MEA_811D72FA48E6,REC_2CBB1DD7035C,SRC001,SFC_96D86F3732DF,LIQ_0F4168490E,other,train,4,3.0,75.0,78.69431666119769,82.86919,88.02484,74.46240456899007,82.40695186178884,83.15523529052734,91.34694220469424,1.937344892966704,12.555602,-0.09001061,4.485642910003662,yes,delta0.25_unbalanced_rp0.02,physics+neural+xgboost,40.0,0.0090188273632852,0.3064414498645666,0.6845397227721481,0.0,known_material_known_target_liquid,nested_source_cv,,,,,,,,,,,
PA_MEA_8829108AA85D,REC_006D803571ED,SRC001,SFC_96D86F3732DF,LIQ_53310FAFB3,other,train,4,3.0,54.0,65.96689734554379,47.53995,57.120686,70.16977310180664,57.64535811102883,55.13440831502279,71.47203910212299,0.9694831004592211,12.4240675,-0.1381099,4.332867622375488,yes,delta0.25_unbalanced_rp0.02,physics+neural+xgboost,40.0,0.0090188273632852,0.3064414498645666,0.6845397227721481,0.0,known_material_known_target_liquid,nested_source_cv,,,,,,,,,,,
PA_MEA_8BC41BE1F860,REC_B3607A5DD9B0,SRC001,SFC_7988EDE2E950,LIQ_06B74E7F53,other,train,4,3.0,38.0,57.296484598662936,64.24717,59.42491,56.25209633509318,56.04605215534534,57.61934153238932,67.20628107123629,1.008376770766639,12.999673,0.06786949,8.859601020812988,yes,delta0.25_unbalanced_rp0.02,physics+neural+xgboost,40.0,0.0090188273632852,0.3064414498645666,0.6845397227721481,0.0,new_target_liquid,nested_source_cv,,,,,,,,,,,
PA_MEA_9339C919B8A8,REC_E28E6D610108,SRC001,SFC_CB09228EB13A,LIQ_53310FAFB3,other,train,4,3.0,72.0,58.32096591948264,58.17811,64.59485,55.51427809397379,61.39706252333456,61.67328135172526,74.75717839232361,2.7729531422854827,12.456883,-0.10404237,4.096256256103516,yes,delta0.25_unbalanced_rp0.02,physics+neural+xgboost,40.0,0.0090188273632852,0.3064414498645666,0.6845397227721481,0.0,known_material_known_target_liquid,nested_source_cv,,,,,,,,,,,
PA_MEA_A978848F1D9F,REC_BC706840ED0F,SRC001,SFC_A3534C38D4B9,LIQ_6656B41AB7,other,train,4,3.0,80.0,49.17112924630185,57.993904,52.35022,47.631735483805336,49.55040121614476,45.30181248982748,66.9082922900542,2.7552624240563413,12.684768,0.0715856,4.251208305358887,yes,delta0.25_unbalanced_rp0.02,physics+neural+xgboost,40.0,0.0090188273632852,0.3064414498645666,0.6845397227721481,0.0,known_material_known_target_liquid,nested_source_cv,,,,,,,,,,,
PA_MEA_AF2A61D0F221,REC_B6880A60A58E,SRC001,SFC_96D86F3732DF,LIQ_06B74E7F53,other,train,4,3.0,35.0,59.63779987172077,71.47434,66.272194,56.51189645131429,62.66974650680263,57.997275034586586,67.14334264112485,1.330509425585531,13.0273485,0.08078463,8.842855453491211,yes,delta0.25_unbalanced_rp0.02,physics+neural+xgboost,40.0,0.0090188273632852,0.3064414498645666,0.6845397227721481,0.0,new_target_liquid,nested_source_cv,,,,,,,,,,,
PA_MEA_B1F363701175,REC_4BF8B6BD91C9,SRC020,SFC_5470E7AABA76,LIQ_0F4168490E,inorganic,validation,2,3.0,83.0,84.58908202904894,86.252426,88.92767,82.62495112419128,84.51572577403424,83.36556243896484,85.5166442396591,0.5848122674392099,12.222814,-0.046655092,0.2756030559539795,yes,delta0.25_unbalanced_rp0.02,physics+neural+xgboost,40.0,0.0090188273632852,0.3064414498645666,0.6845397227721481,0.0,known_material_known_target_liquid,nested_source_cv,,,,,,,,,,,
PA_MEA_C4EE01FC9114,REC_C05C84320F50,SRC001,SFC_7988EDE2E950,LIQ_53310FAFB3,other,train,4,3.0,54.0,59.205961514148434,37.470203,52.329945,62.57045237223307,48.41375981086916,52.31716028849284,71.8521429882985,1.2473880974377949,12.281444,-0.18562649,4.761247158050537,yes,delta0.25_unbalanced_rp0.02,physics+neural+xgboost,40.0,0.0090188273632852,0.3064414498645666,0.6845397227721481,0.0,known_material_known_target_liquid,nested_source_cv,,,,,,,,,,,
PA_MEA_CB62D87C55FB,REC_16296E8E545B,SRC001,SFC_CB09228EB13A,LIQ_1BD1B94C09,other,train,4,3.0,73.0,65.79430406510178,65.4434,66.174614,65.62867752214272,68.50591057996088,76.14685312906902,79.87686501062622,3.379965687008104,12.575681,-0.017899677,3.9009933471679688,yes,delta0.25_unbalanced_rp0.02,physics+neural+xgboost,40.0,0.0090188273632852,0.3064414498645666,0.6845397227721481,0.0,known_material_known_target_liquid,nested_source_cv,,,,,,,,,,,
PA_MEA_D47CAB156E91,REC_F831DCBC3FDB,SRC020,SFC_1075187E61D9,LIQ_0F4168490E,inorganic,validation,2,3.0,16.2,68.86088720195758,59.77495,74.49836,66.45692046483357,63.46075238202911,74.22581227620442,81.65303039653178,0.9504396338318506,11.753755,-0.23613346,1.548149585723877,yes,delta0.25_unbalanced_rp0.02,physics+neural+xgboost,40.0,0.0090188273632852,0.3064414498645666,0.6845397227721481,0.0,known_material_known_target_liquid,nested_source_cv,,,,,,,,,,,
PA_MEA_D4BE013D295D,REC_FA0F03480EAF,SRC001,SFC_7C5DE420C3BC,LIQ_53310FAFB3,other,train,4,3.0,14.0,42.02220297811821,0.0,40.774136,43.13455708821615,10.628413484862778,49.025255839029946,70.768149473913,2.480922334666056,12.049344,-0.2427816,6.14134693145752,yes,delta0.25_unbalanced_rp0.02,physics+neural+xgboost,40.0,0.0090188273632852,0.3064414498645666,0.6845397227721481,0.0,known_material_known_target_liquid,nested_source_cv,,,,,,,,,,,
PA_MEA_D4EE6BBDEC82,REC_FFCB07DC115D,SRC001,SFC_D5092F34D983,LIQ_1BD1B94C09,other,train,4,3.0,52.0,61.48668989695568,47.20634,51.22717,66.26761690775554,55.73702116559744,57.249865214029946,75.33935674634601,1.0520772054464091,12.533539,-0.06676136,4.117720127105713,yes,delta0.25_unbalanced_rp0.02,physics+neural+xgboost,40.0,0.0090188273632852,0.3064414498645666,0.6845397227721481,0.0,known_material_known_target_liquid,nested_source_cv,,,,,,,,,,,
PA_MEA_DB062C88B61E,REC_92188698753A,SRC020,SFC_8B52F1C7FE1D,LIQ_0F4168490E,inorganic,validation,2,3.0,22.4,68.95695984125034,61.68624,76.04009,65.88191246986389,64.48125586659187,74.17844136555989,81.5749775435076,0.6523536846325891,11.778949,-0.23305897,1.434190034866333,yes,delta0.25_unbalanced_rp0.02,physics+neural+xgboost,40.0,0.0090188273632852,0.3064414498645666,0.6845397227721481,0.0,known_material_known_target_liquid,nested_source_cv,,,,,,,,,,,
PA_MEA_DBFDF5BA896B,REC_F98E60FAC76C,SRC001,SFC_7C5DE420C3BC,LIQ_1BD1B94C09,other,train,4,3.0,20.0,42.67385238252048,0.0,39.574856,44.62338002522787,10.293648277791869,54.14918263753256,75.01396349864983,2.6104202131311074,12.181548,-0.22980128,5.855112075805664,yes,delta0.25_unbalanced_rp0.02,physics+neural+xgboost,40.0,0.0090188273632852,0.3064414498645666,0.6845397227721481,0.0,known_material_known_target_liquid,nested_source_cv,,,,,,,,,,,
PA_MEA_DE146E58D4BC,REC_71AEDCAA35B2,SRC001,SFC_96D86F3732DF,LIQ_1BD1B94C09,other,train,4,3.0,62.0,64.75382390655797,57.42493,60.439224,66.78185844421387,62.32038691660839,71.4103520711263,76.10874357229103,1.997470847337076,12.54709,-0.05308734,4.265619277954102,yes,delta0.25_unbalanced_rp0.02,physics+neural+xgboost,40.0,0.0090188273632852,0.3064414498645666,0.6845397227721481,0.0,known_material_known_target_liquid,nested_source_cv,,,,,,,,,,,
PA_MEA_E99ED2021865,REC_3A20AA992E55,SRC001,SFC_7988EDE2E950,LIQ_1BD1B94C09,other,train,4,3.0,52.0,62.69983547823845,53.34112,58.54572,64.68277088801067,59.616580495166914,71.9778544108073,76.61209753173155,1.6078089485713225,12.481781,-0.083866544,4.434465408325195,yes,delta0.25_unbalanced_rp0.02,physics+neural+xgboost,40.0,0.0090188273632852,0.3064414498645666,0.6845397227721481,0.0,known_material_known_target_liquid,nested_source_cv,,,,,,,,,,,
PA_MEA_E9F11B395205,REC_ECA6E657921F,SRC001,SFC_7988EDE2E950,LIQ_0F4168490E,other,train,4,3.0,70.0,81.90314520710461,78.81412,85.94602,80.13400663435459,80.24975486369856,83.4292500813802,91.2639069472202,0.501142199808013,12.48099,-0.12383496,4.581027507781982,yes,delta0.25_unbalanced_rp0.02,physics+neural+xgboost,40.0,0.0090188273632852,0.3064414498645666,0.6845397227721481,0.0,known_material_known_target_liquid,nested_source_cv,,,,,,,,,,,
PA_MEA_EDD5F2A07C6A,REC_2AA3E197FC57,SRC020,SFC_73D2A29D4F26,LIQ_0F4168490E,inorganic,validation,2,3.0,89.2,81.9261275974255,83.12019,85.90506,80.12918464342754,81.91849506397106,84.14250183105469,84.6855146059571,0.4631019791489085,12.239221,-0.048403095,0.3164321184158325,yes,delta0.25_unbalanced_rp0.02,physics+neural+xgboost,40.0,0.0090188273632852,0.3064414498645666,0.6845397227721481,0.0,known_material_known_target_liquid,nested_source_cv,,,,,,,,,,,
PA_MEA_EFD27B6C63BC,REC_947E5E183F1E,SRC001,SFC_CB09228EB13A,LIQ_0F4168490E,other,train,4,3.0,85.0,93.2940605988814,101.74784,104.150795,88.32254981994629,102.00308907063202,99.25675710042316,101.89017077451548,3.109192909804052,12.58065,-0.038380817,4.478436470031738,yes,delta0.25_unbalanced_rp0.02,physics+neural+xgboost,40.0,0.0090188273632852,0.3064414498645666,0.6845397227721481,0.0,known_material_known_target_liquid,nested_source_cv,,,,,,,,,,,
PA_MEA_F437690D1E4A,REC_E40A06126583,SRC001,SFC_7C5DE420C3BC,LIQ_06B74E7F53,other,train,4,3.0,8.0,61.7814068016757,65.31278,60.923405,62.118974566459656,56.773724390607065,56.52556864420573,66.29595590284832,2.247443318130792,13.074651,0.06191477,9.830986976623535,yes,delta0.25_unbalanced_rp0.02,physics+neural+xgboost,40.0,0.0090188273632852,0.3064414498645666,0.6845397227721481,0.0,new_target_liquid,nested_source_cv,,,,,,,,,,,
PA_MEA_F53F2B1A301D,REC_1610E083E916,SRC020,SFC_5470E7AABA76,LIQ_1BD1B94C09,inorganic,validation,2,3.0,59.2,66.43314663017411,56.266212,64.290276,67.52637513478597,62.16662582304279,72.59446207682292,72.25696854519903,0.1210624907178167,12.047318,-0.12199221,0.8375560641288757,yes,delta0.25_unbalanced_rp0.02,physics+neural+xgboost,40.0,0.0090188273632852,0.3064414498645666,0.6845397227721481,0.0,known_material_known_target_liquid,nested_source_cv,,,,,,,,,,,
PA_MEA_F90CF43C7393,REC_E06E1B65A682,SRC001,SFC_CB09228EB13A,LIQ_06B74E7F53,other,train,4,3.0,8.0,57.545084928210606,67.984955,61.6776,55.55757490793864,61.26084822715469,60.01505661010742,67.85457409084479,0.4545172246773289,13.05278,0.09566188,8.704801559448242,yes,delta0.25_unbalanced_rp0.02,physics+neural+xgboost,40.0,0.0090188273632852,0.3064414498645666,0.6845397227721481,0.0,new_target_liquid,nested_source_cv,,,,,,,,,,,
PA_CA0235,CA0235,SRC013,SFC_2A727AF34E6D,LIQ_6656B41AB7,coating,internal_test,2,,19.7,104.9550759689186,128.55507,111.80092,93.95349960327148,105.24702700478042,115.35945739746094,87.58784305920679,1.1784063162898404,16.691198,0.25533083,,yes,,,,0.2764574660521581,0.0804437985746438,0.6430987353731982,0.0,new_material_family,internal_test,probe_assisted,ls-psrmoe-v4.1,93.95349960327148,15.257328543969985,67.87009941339943,142.04005252443775,0.9,no,medium,16.732744657464284,"{""neural"": 0.08044379857464382, ""physics"": 0.2764574660521581, ""xgboost"": 0.6430987353731982}"
PA_CA0236,CA0236,SRC013,SFC_2A727AF34E6D,LIQ_53310FAFB3,coating,internal_test,2,,20.1,11.826030939179208,0.0,22.67532,15.552731704711912,13.745990265949274,21.35956726074219,56.37438365915877,1.8524628948714383,13.889158,-0.02891514,,yes,,,,0.2764574660521581,0.0804437985746438,0.6430987353731982,0.0,new_material_family,internal_test,probe_assisted,ls-psrmoe-v4.1,15.552731704711912,15.238501870140787,0.0,48.91100749469836,0.9,yes,high,14.012149572421084,"{""neural"": 0.08044379857464382, ""physics"": 0.2764574660521581, ""xgboost"": 0.6430987353731982}"
PA_CA0237,CA0237,SRC013,SFC_2A727AF34E6D,LIQ_0F4168490E,coating,internal_test,2,,19.7,61.41234536811135,72.23355,71.308876,55.52255363464356,66.34962323547438,56.78799133300781,76.5044018014599,1.5551762627468069,14.228491,0.0002338171,,yes,,,,0.2764574660521581,0.0804437985746438,0.6430987353731982,0.0,new_material_family,internal_test,probe_assisted,ls-psrmoe-v4.1,55.52255363464356,15.236275773070718,24.3273688125922,98.49732192363052,0.9,no,medium,14.313229003004864,"{""neural"": 0.08044379857464382, ""physics"": 0.2764574660521581, ""xgboost"": 0.6430987353731982}"
PA_CA0238,CA0238,SRC013,SFC_E38FF72DBA39,LIQ_6656B41AB7,coating,internal_test,2,,31.5,98.63369666972106,122.360016,104.0355,87.75844650268554,98.65650646992974,115.1781768798828,85.70477274091658,1.109047823984359,13.0404,0.29309243,,yes,,,,0.2764574660521581,0.0804437985746438,0.6430987353731982,0.0,new_material_family,internal_test,probe_assisted,ls-psrmoe-v4.1,87.75844650268554,1.6447787059874526,61.54872011420191,135.71867322524022,0.9,no,medium,13.08747521624468,"{""neural"": 0.08044379857464382, ""physics"": 0.2764574660521581, ""xgboost"": 0.6430987353731982}"
PA_CA0239,CA0239,SRC013,SFC_E38FF72DBA39,LIQ_53310FAFB3,coating,internal_test,2,,34.7,14.191020402748432,0.0,35.83119,17.58458366394043,13.779330534269068,28.91177978515625,58.89820561050726,0.8511818051565211,11.043642,-0.19531901,,yes,,,,0.2764574660521581,0.0804437985746438,0.6430987353731982,0.0,new_material_family,internal_test,probe_assisted,ls-psrmoe-v4.1,17.58458366394043,1.557177996825617,0.0,51.275996958267584,0.9,no,medium,11.076395625966162,"{""neural"": 0.08044379857464382, ""physics"": 0.2764574660521581, ""xgboost"": 0.6430987353731982}"
PA_CA0240,CA0240,SRC013,SFC_E38FF72DBA39,LIQ_0F4168490E,coating,internal_test,2,,38.8,70.54227493638174,77.58865,81.93579,66.08796405792236,73.47629428627133,70.83537292480469,82.54593653356842,0.7993445174327051,11.409349,-0.075118296,,yes,,,,0.2764574660521581,0.0804437985746438,0.6430987353731982,0.0,new_material_family,internal_test,probe_assisted,ls-psrmoe-v4.1,66.08796405792236,1.542082414370451,33.45729838086259,107.62725149190088,0.9,no,medium,11.437316395748274,"{""neural"": 0.08044379857464382, ""physics"": 0.2764574660521581, ""xgboost"": 0.6430987353731982}"
PA_CA0241,CA0241,SRC013,SFC_39DBA098ECDC,LIQ_6656B41AB7,coating,internal_test,2,,23.8,65.3229531927518,104.94625,89.56465,45.257215118408205,71.00480507940067,40.05078353881836,66.73322095258898,0.921908387057048,12.622633,0.26552266,,yes,,,,0.2764574660521581,0.0804437985746438,0.6430987353731982,0.0,new_material_family,internal_test,probe_assisted,ls-psrmoe-v4.1,45.257215118408205,1.586247261920316,28.23797663723264,102.40792974827096,0.9,no,medium,12.656254518247565,"{""neural"": 0.08044379857464382, ""physics"": 0.2764574660521581, ""xgboost"": 0.6430987353731982}"
PA_CA0242,CA0242,SRC013,SFC_39DBA098ECDC,LIQ_53310FAFB3,coating,internal_test,2,,28.1,14.039169982498349,0.0,37.342934,17.159359741210938,13.537698061347324,28.19779396057129,58.816789037561,0.8962008049213028,11.00585,-0.20991981,,yes,,,,0.2764574660521581,0.0804437985746438,0.6430987353731982,0.0,new_material_family,internal_test,probe_assisted,ls-psrmoe-v4.1,17.159359741210938,1.5582886942392444,0.0,51.12414653801751,0.9,no,medium,11.042278141081196,"{""neural"": 0.08044379857464382, ""physics"": 0.2764574660521581, ""xgboost"": 0.6430987353731982}"
PA_CA0243,CA0243,SRC013,SFC_39DBA098ECDC,LIQ_0F4168490E,coating,internal_test,2,,43.0,67.44173580002617,75.26311,80.52809,62.44251480102539,70.81655357411644,69.38935699462891,81.83408742652352,0.760656587650502,11.376818,-0.090378664,,yes,,,,0.2764574660521581,0.0804437985746438,0.6430987353731982,0.0,new_material_family,internal_test,probe_assisted,ls-psrmoe-v4.1,62.44251480102539,1.5434356921929322,30.35675924450701,104.52671235554531,0.9,no,medium,11.40221818319804,"{""neural"": 0.08044379857464382, ""physics"": 0.2764574660521581, ""xgboost"": 0.6430987353731982}"
PA_CA0244,CA0244,SRC013,SFC_417F923EF7B4,LIQ_6656B41AB7,coating,internal_test,2,,23.4,78.47516608738435,108.60897,92.48033,63.76926879882812,76.87567475238188,84.31274719238282,76.06974923456428,0.7427429245032757,12.761159,0.27592903,,yes,,,,0.2764574660521581,0.0804437985746438,0.6430987353731982,0.0,new_material_family,internal_test,probe_assisted,ls-psrmoe-v4.1,63.76926879882812,1.6117736636549238,41.3901895318652,115.56014264290351,0.9,no,medium,12.78275575237622,"{""neural"": 0.08044379857464382, ""physics"": 0.2764574660521581, ""xgboost"": 0.6430987353731982}"
PA_CA0245,CA0245,SRC013,SFC_417F923EF7B4,LIQ_53310FAFB3,coating,internal_test,2,,23.3,13.965387254624783,0.0,36.67983,17.127576065063476,13.55443813685866,28.19779396057129,58.55824526745539,0.8943160343740939,11.021835,-0.20353658,,yes,,,,0.2764574660521581,0.0804437985746438,0.6430987353731982,0.0,new_material_family,internal_test,probe_assisted,ls-psrmoe-v4.1,17.127576065063476,1.556065778098137,0.0,51.050363810143935,0.9,no,medium,11.058058380570971,"{""neural"": 0.08044379857464382, ""physics"": 0.2764574660521581, ""xgboost"": 0.6430987353731982}"
PA_CA0246,CA0246,SRC013,SFC_417F923EF7B4,LIQ_0F4168490E,coating,internal_test,2,,37.3,62.73006389663016,72.993645,78.601585,56.33258743286133,68.33228140914595,58.38147964477539,78.85672950505972,0.6715214661908429,11.362417,-0.095521465,,yes,,,,0.2764574660521581,0.0804437985746438,0.6430987353731982,0.0,new_material_family,internal_test,probe_assisted,ls-psrmoe-v4.1,56.33258743286133,1.5439489281662817,25.645087341111008,99.81504045214932,0.9,no,medium,11.382243460109615,"{""neural"": 0.08044379857464382, ""physics"": 0.2764574660521581, ""xgboost"": 0.6430987353731982}"
PA_CA0247,CA0247,SRC013,SFC_8E79B764A41F,LIQ_6656B41AB7,coating,internal_test,2,,23.8,86.90786227694979,117.284966,99.91104,72.22271118164062,86.59775202789316,89.12988891601563,83.09530266599388,0.753913983588312,12.917523,0.28659207,,yes,,,,0.2764574660521581,0.0804437985746438,0.6430987353731982,0.0,new_material_family,internal_test,probe_assisted,ls-psrmoe-v4.1,72.22271118164062,1.6253201337044063,49.82288572143063,123.99283883246896,0.9,no,medium,12.93950527158096,"{""neural"": 0.08044379857464382, ""physics"": 0.2764574660521581, ""xgboost"": 0.6430987353731982}"
PA_CA0248,CA0248,SRC013,SFC_8E79B764A41F,LIQ_53310FAFB3,coating,internal_test,2,,33.1,14.010431725141643,0.0,36.985687,17.159359741210938,13.51271866336559,28.19779396057129,58.70531370334902,0.908727521058466,11.014614,-0.20645276,,yes,,,,0.2764574660521581,0.0804437985746438,0.6430987353731982,0.0,new_material_family,internal_test,probe_assisted,ls-psrmoe-v4.1,17.159359741210938,1.5572251575550464,0.0,51.0954082806608,0.9,no,medium,11.052036445585127,"{""neural"": 0.08044379857464382, ""physics"": 0.2764574660521581, ""xgboost"": 0.6430987353731982}"
PA_CA0249,CA0249,SRC013,SFC_8E79B764A41F,LIQ_0F4168490E,coating,internal_test,2,,40.1,70.20949204217858,78.087975,82.95528,65.22832126617432,73.27052307632668,69.45142517089843,82.25435254830197,0.8114915924158055,11.394397,-0.084186755,,yes,,,,0.2764574660521581,0.0804437985746438,0.6430987353731982,0.0,new_material_family,internal_test,probe_assisted,ls-psrmoe-v4.1,65.22832126617432,1.5430862049106215,33.124515486659426,107.29446859769774,0.9,no,medium,11.42325683106276,"{""neural"": 0.08044379857464382, ""physics"": 0.2764574660521581, ""xgboost"": 0.6430987353731982}"
PA_CA0250,CA0250,SRC013,SFC_67E6ABEA7841,LIQ_6656B41AB7,coating,internal_test,2,,33.1,81.35857595462882,112.920685,96.47734,65.8993766784668,80.315465791059,88.9205535888672,81.04258883177815,0.6945688525092771,12.75665,0.27687174,,yes,,,,0.2764574660521581,0.0804437985746438,0.6430987353731982,0.0,new_material_family,internal_test,probe_assisted,ls-psrmoe-v4.1,65.8993766784668,1.594315204184215,44.27359939910966,118.44355251014798,0.9,no,medium,12.775544777961608,"{""neural"": 0.08044379857464382, ""physics"": 0.2764574660521581, ""xgboost"": 0.6430987353731982}"
PA_CA0251,CA0251,SRC013,SFC_67E6ABEA7841,LIQ_53310FAFB3,coating,internal_test,2,,37.0,14.260703582781618,0.0,36.614494,17.594956970214845,13.751233559908746,28.86764144897461,59.25382906510095,0.870740315885553,11.025785,-0.20260334,,yes,,,,0.2764574660521581,0.0804437985746438,0.6430987353731982,0.0,new_material_family,internal_test,probe_assisted,ls-psrmoe-v4.1,17.594956970214845,1.5562419739025153,0.0,51.34568013830077,0.9,no,medium,11.060114529362538,"{""neural"": 0.08044379857464382, ""physics"": 0.2764574660521581, ""xgboost"": 0.6430987353731982}"
PA_CA0252,CA0252,SRC013,SFC_67E6ABEA7841,LIQ_0F4168490E,coating,internal_test,2,,46.0,71.63513804196168,78.7201,82.7719,67.19635791778565,74.0725106096871,70.87652130126953,82.63756785594782,0.7817493792345641,11.420693,-0.07020436,,yes,,,,0.2764574660521581,0.0804437985746438,0.6430987353731982,0.0,new_material_family,internal_test,probe_assisted,ls-psrmoe-v4.1,67.19635791778565,1.5418502065560469,34.550161486442526,108.72011459748084,0.9,no,medium,11.447417602766818,"{""neural"": 0.08044379857464382, ""physics"": 0.2764574660521581, ""xgboost"": 0.6430987353731982}"
PA_CA0447,CA0447,SRC017,SFC_AFFB3785B9F0,LIQ_0F4168490E,coating,internal_test,7,,166.0,162.6803128272876,163.39511,149.85709,163.97706198990346,171.33893507468602,141.77340087890624,125.49526477988604,2.1581979891758856,11.624559,0.109714426,,yes,,,,0.2764574660521581,0.0804437985746438,0.6430987353731982,0.0,new_material_family,internal_test,probe_assisted,ls-psrmoe-v4.1,163.97706198990346,0.8584617098061625,125.59533627176845,180.0,0.9,yes,high,11.82320598915283,"{""neural"": 0.08044379857464382, ""physics"": 0.2764574660521581, ""xgboost"": 0.6430987353731982}"
PA_CA0448,CA0448,SRC017,SFC_AFFB3785B9F0,LIQ_6656B41AB7,coating,internal_test,7,,162.0,140.77993582912748,158.66072,140.97107,133.06937484741212,151.79089446868625,114.28309173583985,109.21670028081878,1.1712928749507123,11.805797,0.17263237,,yes,,,,0.2764574660521581,0.0804437985746438,0.6430987353731982,0.0,new_material_family,internal_test,probe_assisted,ls-psrmoe-v4.1,133.06937484741212,0.8840937045522638,103.69495927360832,177.86491238464663,0.9,no,medium,11.863758296087235,"{""neural"": 0.08044379857464382, ""physics"": 0.2764574660521581, ""xgboost"": 0.6430987353731982}"
PA_CA0449,CA0449,SRC017,SFC_AFFB3785B9F0,LIQ_53310FAFB3,coating,internal_test,7,,160.0,153.6164097036011,161.44258,146.57802,151.13248538970947,167.5209783785183,128.94817657470702,115.5559492067372,2.186495636078236,11.71162,0.14054787,,yes,,,,0.2764574660521581,0.0804437985746438,0.6430987353731982,0.0,new_material_family,internal_test,probe_assisted,ls-psrmoe-v4.1,151.13248538970947,0.9108351520006586,116.53143314808196,180.0,0.9,yes,high,11.913975572395811,"{""neural"": 0.08044379857464382, ""physics"": 0.2764574660521581, ""xgboost"": 0.6430987353731982}"
PA_CA0450,CA0450,SRC017,SFC_AFFB3785B9F0,LIQ_4BDC3033E4,coating,internal_test,7,,156.0,115.95849395229602,157.5626,136.67007,95.4828109741211,125.23677815027588,83.42552642822265,101.19926787317937,1.7366043676847789,11.750839,0.20522995,,yes,,,,0.2764574660521581,0.0804437985746438,0.6430987353731982,0.0,new_material_family_and_target_liquid,internal_test,probe_assisted,ls-psrmoe-v4.1,95.4828109741211,1.209994813495327,78.87351739677686,153.0434705078152,0.9,no,medium,11.878468647895565,"{""neural"": 0.08044379857464382, ""physics"": 0.2764574660521581, ""xgboost"": 0.6430987353731982}"
PA_CA0451,CA0451,SRC017,SFC_AFFB3785B9F0,LIQ_63C19A56DE,coating,internal_test,7,,157.0,113.1634943302878,156.18466,125.723854,93.09826126098632,128.8121526321383,83.30693969726562,106.95764544961688,1.5727877710316365,12.701696,0.3309949,,yes,,,,0.2764574660521581,0.0804437985746438,0.6430987353731982,0.0,new_material_family_and_target_liquid,internal_test,probe_assisted,ls-psrmoe-v4.1,93.09826126098632,1.099375450183568,76.07851777476864,150.24847088580697,0.9,no,medium,12.79870121167245,"{""neural"": 0.08044379857464382, ""physics"": 0.2764574660521581, ""xgboost"": 0.6430987353731982}"
PA_CA0452,CA0452,SRC017,SFC_AFFB3785B9F0,LIQ_B6950B5CB8,coating,internal_test,7,,156.0,113.20054797314717,156.13933,126.70268,93.05292739868165,128.39164066079755,83.30693969726562,106.66011848901184,1.5868496943788128,12.427553,0.316908,,yes,,,,0.2764574660521581,0.0804437985746438,0.6430987353731982,0.0,new_material_family,internal_test,probe_assisted,ls-psrmoe-v4.1,93.05292739868165,0.9992493491698352,76.11557141762799,150.28552452866631,0.9,no,medium,12.528454410529951,"{""neural"": 0.08044379857464382, ""physics"": 0.2764574660521581, ""xgboost"": 0.6430987353731982}"
PA_CA0453,CA0453,SRC017,SFC_AFFB3785B9F0,LIQ_E0B206B2DD,coating,internal_test,7,,154.0,114.52864888386934,155.91112,125.52905,95.36299667358398,128.19085062664536,83.77353363037109,107.49541465741716,1.613162590645729,12.737257,0.33182326,,yes,,,,0.2764574660521581,0.0804437985746438,0.6430987353731982,0.0,new_material_family_and_target_liquid,internal_test,probe_assisted,ls-psrmoe-v4.1,95.36299667358398,1.0790104514469152,77.44367232835017,151.6136254393885,0.9,no,medium,12.839003447476289,"{""neural"": 0.08044379857464382, ""physics"": 0.2764574660521581, ""xgboost"": 0.6430987353731982}"
PA_CA0454,CA0454,SRC017,SFC_AFFB3785B9F0,LIQ_FCA4FC7284,coating,internal_test,7,,153.0,114.12151896055296,155.5834,125.16542,94.9162857055664,128.182110301121,83.57975769042969,108.28499858446472,1.7088292556945557,12.834424,0.33464545,,yes,,,,0.2764574660521581,0.0804437985746438,0.6430987353731982,0.0,new_material_family_and_target_liquid,internal_test,probe_assisted,ls-psrmoe-v4.1,94.9162857055664,1.1145690882315942,77.0365424050338,151.2064955160721,0.9,no,medium,12.94768463166309,"{""neural"": 0.08044379857464382, ""physics"": 0.2764574660521581, ""xgboost"": 0.6430987353731982}"
PA_CA0588,CA0588,SDX010,SFC_B0B8AD6AD8FD,LIQ_6656B41AB7,polymer,legacy_external,2,,47.3,53.06630973218848,61.867363,62.42816,48.11182975769043,52.44722172734522,50.63843460083008,60.90327237566213,0.5874153733576352,11.176111,-0.009969857,,yes,,,,0.2764574660521581,0.0804437985746438,0.6430987353731982,0.0,known_material_known_target_liquid,legacy_external,probe_assisted,ls-psrmoe-v4.1,48.11182975769043,1.5972495420032828,15.981333176669324,90.15128628770763,0.9,no,medium,11.191537823374672,"{""neural"": 0.08044379857464382, ""physics"": 0.2764574660521581, ""xgboost"": 0.6430987353731982}"
PA_CA0589,CA0589,SDX010,SFC_B0B8AD6AD8FD,LIQ_B6950B5CB8,polymer,legacy_external,2,,0.0,0.8454045352141063,0.0,4.248837,0.7831020653247833,0.0,33.50426254272461,55.942504702615096,0.7086152525309051,11.286423,0.06418729,,yes,,,,0.2764574660521581,0.0804437985746438,0.6430987353731982,0.0,known_material_known_target_liquid,legacy_external,probe_assisted,ls-psrmoe-v4.1,0.7831020653247834,1.6675825091310168,0.0,37.93038109073326,0.9,no,medium,11.308645966910332,"{""neural"": 0.08044379857464382, ""physics"": 0.2764574660521581, ""xgboost"": 0.6430987353731982}"
PA_CA0591,CA0591,SDX010,SFC_E7FC3D2DD101,LIQ_6656B41AB7,polymer,legacy_external,2,,51.3,59.34581524546038,66.46639,66.834366,55.34807109832764,55.68249513934365,55.98106689453125,64.3644415494538,0.9146779844398768,11.205308,-0.0069985553,,yes,,,,0.2764574660521581,0.0804437985746438,0.6430987353731982,0.0,known_material_known_target_liquid,legacy_external,probe_assisted,ls-psrmoe-v4.1,55.34807109832765,1.702675762178072,22.260838689941224,96.43079180097952,0.9,no,medium,11.24257809868775,"{""neural"": 0.08044379857464382, ""physics"": 0.2764574660521581, ""xgboost"": 0.6430987353731982}"
PA_CA0592,CA0592,SDX010,SFC_E7FC3D2DD101,LIQ_B6950B5CB8,polymer,legacy_external,2,,25.6,0.7049131031124897,0.0,4.5311093,0.5293331146240234,0.0,40.83995361328125,62.89772904639568,0.7204873976306715,11.291333,0.05710723,,yes,,,,0.2764574660521581,0.0804437985746438,0.6430987353731982,0.0,known_material_known_target_liquid,legacy_external,probe_assisted,ls-psrmoe-v4.1,0.5293331146240234,1.7713304435239146,0.0,37.78988965863165,0.9,no,medium,11.314296597259702,"{""neural"": 0.08044379857464382, ""physics"": 0.2764574660521581, ""xgboost"": 0.6430987353731982}"
PA_CA0594,CA0594,SDX010,SFC_F8664D03003D,LIQ_6656B41AB7,polymer,legacy_external,2,,35.6,52.7896123457242,61.867363,62.335827,47.693123245239256,52.26277648717388,50.67735748291015,60.76257893190056,0.8924356778965146,11.187969,-0.008611066,,yes,,,,0.2764574660521581,0.0804437985746438,0.6430987353731982,0.0,known_material_known_target_liquid,legacy_external,probe_assisted,ls-psrmoe-v4.1,47.693123245239256,1.751383114590419,15.704635790205046,89.87458890124336,0.9,no,medium,11.223506423264109,"{""neural"": 0.08044379857464382, ""physics"": 0.2764574660521581, ""xgboost"": 0.6430987353731982}"
PA_CA0595,CA0595,SDX010,SFC_F8664D03003D,LIQ_B6950B5CB8,polymer,legacy_external,2,,0.0,1.2961492393446743,0.0,8.692971,0.9280901670455932,0.0,35.313420104980466,57.5211007640507,0.7756231013273052,11.26268,0.04392874,,yes,,,,0.2764574660521581,0.0804437985746438,0.6430987353731982,0.0,known_material_known_target_liquid,legacy_external,probe_assisted,ls-psrmoe-v4.1,0.9280901670455932,1.817126969331279,0.0,38.38112579486383,0.9,no,medium,11.28935574723247,"{""neural"": 0.08044379857464382, ""physics"": 0.2764574660521581, ""xgboost"": 0.6430987353731982}"
PA_CA0597,CA0597,SDX010,SFC_57C35DC0B570,LIQ_6656B41AB7,polymer,legacy_external,2,,60.4,58.894878906463376,71.55879,70.189545,52.03804817199707,56.69627511510809,56.559889221191405,63.7933845526924,0.6984321759619653,11.276741,0.021660203,,yes,,,,0.2764574660521581,0.0804437985746438,0.6430987353731982,0.0,known_material_known_target_liquid,legacy_external,probe_assisted,ls-psrmoe-v4.1,52.03804817199706,1.7221802504792134,21.80990235094422,95.97985546198254,0.9,no,medium,11.298349247266575,"{""neural"": 0.08044379857464382, ""physics"": 0.2764574660521581, ""xgboost"": 0.6430987353731982}"
PA_CA0598,CA0598,SDX010,SFC_57C35DC0B570,LIQ_B6950B5CB8,polymer,legacy_external,2,,37.9,0.4983639368196392,0.0,3.7061095,0.3113525152206421,0.0,41.37748413085937,60.06250764149847,0.5333941777945184,11.330622,0.07396235,,yes,,,,0.2764574660521581,0.0804437985746438,0.6430987353731982,0.0,known_material_known_target_liquid,legacy_external,probe_assisted,ls-psrmoe-v4.1,0.3113525152206421,1.792038567684949,0.0,37.58334049233879,0.9,no,medium,11.34316965826332,"{""neural"": 0.08044379857464382, ""physics"": 0.2764574660521581, ""xgboost"": 0.6430987353731982}"
PA_CA0600,CA0600,SDX010,SFC_AD93A15A2199,LIQ_6656B41AB7,polymer,legacy_external,2,,44.9,53.35388404920889,61.867363,62.645367,48.531829833984375,52.42657913764763,50.63843460083008,60.92908015167514,0.4225875633878522,11.151491,-0.013266635,,yes,,,,0.2764574660521581,0.0804437985746438,0.6430987353731982,0.0,known_material_known_target_liquid,legacy_external,probe_assisted,ls-psrmoe-v4.1,48.531829833984375,1.5172204118856338,16.26890749368973,90.43886060472803,0.9,no,medium,11.159495304689942,"{""neural"": 0.08044379857464382, ""physics"": 0.2764574660521581, ""xgboost"": 0.6430987353731982}"
PA_CA0601,CA0601,SDX010,SFC_AD93A15A2199,LIQ_B6950B5CB8,polymer,legacy_external,2,,0.0,1.3768702132041897,0.0,5.78691,1.4171217203140258,0.0,37.53836212158203,57.76695577205847,0.8845087556118961,11.255716,0.057157356,,yes,,,,0.2764574660521581,0.0804437985746438,0.6430987353731982,0.0,known_material_known_target_liquid,legacy_external,probe_assisted,ls-psrmoe-v4.1,1.4171217203140258,1.5913530678120231,0.0,38.46184676872335,0.9,no,medium,11.290416542439637,"{""neural"": 0.08044379857464382, ""physics"": 0.2764574660521581, ""xgboost"": 0.6430987353731982}"
PA_CA0603,CA0603,SDX010,SFC_B9F3779B4230,LIQ_6656B41AB7,polymer,legacy_external,2,,66.8,61.68395946350512,74.68511,72.55145,54.73558921813965,59.08574289287801,57.48599700927734,64.0149526591098,0.8325511584222359,11.296267,0.034938373,,yes,,,,0.2764574660521581,0.0804437985746438,0.6430987353731982,0.0,known_material_known_target_liquid,legacy_external,probe_assisted,ls-psrmoe-v4.1,54.73558921813965,1.719061695382727,24.598982907985963,98.76893601902428,0.9,no,medium,11.326905117054814,"{""neural"": 0.08044379857464382, ""physics"": 0.2764574660521581, ""xgboost"": 0.6430987353731982}"
PA_CA0604,CA0604,SDX010,SFC_B9F3779B4230,LIQ_B6950B5CB8,polymer,legacy_external,2,,44.1,28.3413844924033,26.547012,3.6793697,32.19767217636108,10.066369937463524,42.77976150512696,61.39845038816759,0.8367110200083386,11.518595,0.1594214,,yes,,,,0.2764574660521581,0.0804437985746438,0.6430987353731982,0.0,known_material_known_target_liquid,legacy_external,probe_assisted,ls-psrmoe-v4.1,32.19767217636108,1.7838659313677423,0.0,65.42636104792246,0.9,no,medium,11.548944114390563,"{""neural"": 0.08044379857464382, ""physics"": 0.2764574660521581, ""xgboost"": 0.6430987353731982}"
PA_CA0606,CA0606,SDX010,SFC_02B9E44B3DAE,LIQ_6656B41AB7,polymer,legacy_external,2,,45.7,53.35080124586233,61.867363,62.607044,48.531829833984375,52.38411837701608,50.63843460083008,60.912855613337385,0.4279317731508467,11.195765,-0.012864309,,yes,,,,0.2764574660521581,0.0804437985746438,0.6430987353731982,0.0,known_material_known_target_liquid,legacy_external,probe_assisted,ls-psrmoe-v4.1,48.531829833984375,1.8741325356042984,16.265824690343173,90.43577780138148,0.9,no,medium,11.203939899606814,"{""neural"": 0.08044379857464382, ""physics"": 0.2764574660521581, ""xgboost"": 0.6430987353731982}"
PA_CA0607,CA0607,SDX010,SFC_02B9E44B3DAE,LIQ_B6950B5CB8,polymer,legacy_external,2,,0.0,1.3428364716320798,0.0,5.257171,1.4304641008377077,0.0,37.83113021850586,57.65466457376566,0.889078813257315,11.30353,0.059176743,,yes,,,,0.2764574660521581,0.0804437985746438,0.6430987353731982,0.0,known_material_known_target_liquid,legacy_external,probe_assisted,ls-psrmoe-v4.1,1.4304641008377077,1.9345376851327507,0.0,38.42781302715124,0.9,no,medium,11.338441061505256,"{""neural"": 0.08044379857464382, ""physics"": 0.2764574660521581, ""xgboost"": 0.6430987353731982}"
PA_CA0608,CA0608,SDX007,SFC_82F5C36F39D2,LIQ_0F4168490E,polymer,legacy_external,2,,61.3,75.28134470435648,83.453575,80.95561,71.05845699310302,78.20716483797025,72.83245849609375,82.43808273609089,1.2741937241537862,11.25241,0.039032675,,yes,,,,0.2764574660521581,0.0804437985746438,0.6430987353731982,0.0,known_material_known_target_liquid,legacy_external,probe_assisted,ls-psrmoe-v4.1,71.05845699310302,8.73504226068126,38.19636814883733,112.36632125987563,0.9,no,medium,11.324323334835714,"{""neural"": 0.08044379857464382, ""physics"": 0.2764574660521581, ""xgboost"": 0.6430987353731982}"
PA_CA0609,CA0609,SDX007,SFC_82F5C36F39D2,LIQ_6656B41AB7,polymer,legacy_external,2,,36.7,61.97871321763487,95.666885,83.909775,44.75341949462891,63.00110687135688,36.3986328125,54.75021047135056,1.0197447032948443,11.787729,0.20415144,,yes,,,,0.2764574660521581,0.0804437985746438,0.6430987353731982,0.0,known_material_known_target_liquid,legacy_external,probe_assisted,ls-psrmoe-v4.1,44.75341949462891,8.73655748927841,24.893736662115717,99.06368977315402,0.9,no,medium,11.831755594369358,"{""neural"": 0.08044379857464382, ""physics"": 0.2764574660521581, ""xgboost"": 0.6430987353731982}"
PA_CA0610,CA0610,SDX007,SFC_82F5C36F39D2,LIQ_53310FAFB3,polymer,legacy_external,2,,44.8,14.478838749170718,0.0,21.01835,19.885037994384767,15.875571709769783,40.294680786132815,57.35456153107068,1.8377460809149524,11.006231,-0.0627034,,yes,,,,0.2764574660521581,0.0804437985746438,0.6430987353731982,0.0,known_material_known_target_liquid,legacy_external,probe_assisted,ls-psrmoe-v4.1,19.885037994384767,8.737230186603758,0.0,51.56381530468988,0.9,yes,high,11.158603777478266,"{""neural"": 0.08044379857464382, ""physics"": 0.2764574660521581, ""xgboost"": 0.6430987353731982}"
PA_CA0611,CA0611,SDX007,SFC_FF44FFDB2AC3,LIQ_0F4168490E,polymer,legacy_external,2,,83.2,85.75140674692362,90.72871,87.02757,83.45211553573608,87.20211022887798,83.83578338623047,87.5214468992686,1.4331472981368156,11.310094,0.06396935,,yes,,,,0.2764574660521581,0.0804437985746438,0.6430987353731982,0.0,known_material_known_target_liquid,legacy_external,probe_assisted,ls-psrmoe-v4.1,83.45211553573608,8.735035069015776,48.66643019140447,122.83638330244278,0.9,no,medium,11.400532213268711,"{""neural"": 0.08044379857464382, ""physics"": 0.2764574660521581, ""xgboost"": 0.6430987353731982}"
PA_CA0612,CA0612,SDX007,SFC_FF44FFDB2AC3,LIQ_6656B41AB7,polymer,legacy_external,2,,52.8,56.20765393357298,73.61017,66.097466,47.48950729370117,55.44386007148203,52.43784332275391,58.06247364687091,1.6812839345267776,11.46706,0.111904025,,yes,,,,0.2764574660521581,0.0804437985746438,0.6430987353731982,0.0,known_material_known_target_liquid,legacy_external,probe_assisted,ls-psrmoe-v4.1,47.48950729370117,8.735089283109431,19.122677378053822,93.29263048909212,0.9,no,medium,11.589658439996745,"{""neural"": 0.08044379857464382, ""physics"": 0.2764574660521581, ""xgboost"": 0.6430987353731982}"
PA_CA0613,CA0613,SDX007,SFC_FF44FFDB2AC3,LIQ_53310FAFB3,polymer,legacy_external,2,,58.8,56.57243370079597,50.25217,45.263317,60.70404224395752,59.67105412941783,63.81157913208008,69.44891080349085,1.5656743871091394,11.211327,0.025083685,,yes,,,,0.2764574660521581,0.0804437985746438,0.6430987353731982,0.0,known_material_known_target_liquid,legacy_external,probe_assisted,ls-psrmoe-v4.1,60.70404224395752,8.735092602339654,19.487457145276814,93.65741025631512,0.9,no,medium,11.32012280845971,"{""neural"": 0.08044379857464382, ""physics"": 0.2764574660521581, ""xgboost"": 0.6430987353731982}"
PA_CA0614,CA0614,SDX007,SFC_ACA747208E92,LIQ_0F4168490E,polymer,legacy_external,2,,70.0,66.7602875667742,77.11463,73.94061,61.41095600128174,72.58426821962442,61.023904418945314,77.6155308953765,1.571549327863575,11.25107,0.045355,,yes,,,,0.2764574660521581,0.0804437985746438,0.6430987353731982,0.0,known_material_known_target_liquid,legacy_external,probe_assisted,ls-psrmoe-v4.1,61.41095600128174,8.735170051044875,29.67531101125504,103.84526412229334,0.9,no,medium,11.360296824598134,"{""neural"": 0.08044379857464382, ""physics"": 0.2764574660521581, ""xgboost"": 0.6430987353731982}"
PA_CA0615,CA0615,SDX007,SFC_ACA747208E92,LIQ_6656B41AB7,polymer,legacy_external,2,,50.1,50.84839393269325,69.5871,61.561737,41.45282821655273,47.4974911780573,46.48821640014648,56.87862036754221,0.5905030678679788,11.46934,0.11322291,,yes,,,,0.2764574660521581,0.0804437985746438,0.6430987353731982,0.0,known_material_known_target_liquid,legacy_external,probe_assisted,ls-psrmoe-v4.1,41.45282821655273,8.735269627951588,13.763417377174092,87.9333704882124,0.9,no,medium,11.484531394450189,"{""neural"": 0.08044379857464382, ""physics"": 0.2764574660521581, ""xgboost"": 0.6430987353731982}"
PA_CA0616,CA0616,SDX007,SFC_ACA747208E92,LIQ_53310FAFB3,polymer,legacy_external,2,,41.4,41.10422491219931,30.65086,25.440247,47.55732536315918,44.221679124586686,43.99614486694336,62.03597023505422,1.9270800450407533,11.138846,-0.0008860052,,yes,,,,0.2764574660521581,0.0804437985746438,0.6430987353731982,0.0,known_material_known_target_liquid,legacy_external,probe_assisted,ls-psrmoe-v4.1,47.55732536315918,8.735243627314835,4.019248356680151,78.18920146771846,0.9,yes,high,11.304314953364624,"{""neural"": 0.08044379857464382, ""physics"": 0.2764574660521581, ""xgboost"": 0.6430987353731982}"
PA_EXT_0D0567136BE4,EXT_0D0567136BE4,OPEN_CROSS_MATERIAL_2026,SFC_CCA852C05DD9,LIQ_6656B41AB7,other,prospective_open_external,4,,43.2,55.47252047296784,79.73812,73.31108,42.80975570678711,56.736434634704,51.81001205444336,54.680750481914096,0.6147744278933422,11.516017,0.1083648,,yes,,,,0.2764574660521581,0.0804437985746438,0.6430987353731982,0.0,known_material_known_target_liquid,prospective_open_external,probe_assisted,ls-psrmoe-v4.1,42.80975570678711,0.3442978387323377,18.38754391744869,92.557497028487,0.9,no,medium,11.532414934588369,"{""neural"": 0.08044379857464382, ""physics"": 0.2764574660521581, ""xgboost"": 0.6430987353731982}"
PA_EXT_03E658446E71,EXT_03E658446E71,OPEN_CROSS_MATERIAL_2026,SFC_CCA852C05DD9,LIQ_1BD1B94C09,other,prospective_open_external,4,,56.7,57.50556843913698,54.13375,65.05015,58.011322021484375,59.92009707958092,50.5577880859375,62.54460777614382,0.5399387102498039,10.93527,-0.16467659,,yes,,,,0.2764574660521581,0.0804437985746438,0.6430987353731982,0.0,known_material_known_target_liquid,prospective_open_external,probe_assisted,ls-psrmoe-v4.1,58.01132202148438,0.2217902720457002,20.420591883617824,94.59054499465614,0.9,no,medium,10.94859217212544,"{""neural"": 0.08044379857464382, ""physics"": 0.2764574660521581, ""xgboost"": 0.6430987353731982}"
PA_EXT_4192CE86DB7A,EXT_4192CE86DB7A,OPEN_CROSS_MATERIAL_2026,SFC_CCA852C05DD9,LIQ_53310FAFB3,other,prospective_open_external,4,,57.0,54.64892866580925,42.86537,55.07766,59.66085510253906,53.97377077162768,56.13164596557617,61.104991015481446,0.6102300397369198,10.940302,-0.16171297,,yes,,,,0.2764574660521581,0.0804437985746438,0.6430987353731982,0.0,known_material_known_target_liquid,prospective_open_external,probe_assisted,ls-psrmoe-v4.1,59.66085510253906,0.2242993162046907,17.56395211029009,91.7339052213284,0.9,no,medium,10.957307436511774,"{""neural"": 0.08044379857464382, ""physics"": 0.2764574660521581, ""xgboost"": 0.6430987353731982}"
PA_EXT_EDDBCE0D5ECF,EXT_EDDBCE0D5ECF,OPEN_CROSS_MATERIAL_2026,SFC_CCA852C05DD9,LIQ_5C0DC0DCD1,other,prospective_open_external,4,,66.8,54.16453443271836,60.579365,70.18898,49.402442932128906,63.98080704124116,52.50147018432617,64.91431950067094,0.6488212278149781,10.961962,-0.15277953,,yes,,,,0.2764574660521581,0.0804437985746438,0.6430987353731982,0.0,known_material_known_target_liquid,prospective_open_external,probe_assisted,ls-psrmoe-v4.1,49.402442932128906,0.253215620106578,17.0795578771992,91.24951098823752,0.9,no,medium,10.981146311344837,"{""neural"": 0.08044379857464382, ""physics"": 0.2764574660521581, ""xgboost"": 0.6430987353731982}"
PA_EXT_45B7FC6A550A,EXT_45B7FC6A550A,OPEN_CROSS_MATERIAL_2026,SFC_CCA852C05DD9,LIQ_0F4168490E,other,prospective_open_external,4,,72.8,84.12085914341849,88.243355,89.54069,81.67071237564087,80.81636164225492,81.46281280517579,78.01631608378246,0.3552847757578892,11.22135,-0.02266337,,yes,,,,0.2764574660521581,0.0804437985746438,0.6430987353731982,0.0,known_material_known_target_liquid,prospective_open_external,probe_assisted,ls-psrmoe-v4.1,81.67071237564087,0.2404868043898735,47.03588258789933,121.20583569893763,0.9,no,medium,11.226972731989898,"{""neural"": 0.08044379857464382, ""physics"": 0.2764574660521581, ""xgboost"": 0.6430987353731982}"
PA_EXT_CD007E6F73D6,EXT_CD007E6F73D6,OPEN_POLYMER_SURFACES_2023,SFC_D997DF0085DF,LIQ_0F4168490E,polymer,prospective_open_external,2,,56.0,55.80571148595229,68.033035,72.16091,48.50355224609375,58.46173796348362,51.542851257324216,67.00400547018346,1.1396201570007565,11.093042,-0.06915449,,yes,,,,0.2764574660521581,0.0804437985746438,0.6430987353731982,0.0,known_material_known_target_liquid,prospective_open_external,probe_assisted,ls-psrmoe-v4.1,48.50355224609375,0.1002330511063332,18.72073493043313,92.89068804147144,0.9,no,medium,11.151426958286423,"{""neural"": 0.08044379857464382, ""physics"": 0.2764574660521581, ""xgboost"": 0.6430987353731982}"
PA_EXT_0D45D9BA0074,EXT_0D45D9BA0074,OPEN_POLYMER_SURFACES_2023,SFC_D997DF0085DF,LIQ_1BD1B94C09,polymer,prospective_open_external,2,,32.0,23.18006021198808,8.161278,36.778393,27.935400009155277,22.835267278910173,39.91024932861328,53.25508388234077,0.9614278291489834,10.7821,-0.19358042,,yes,,,,0.2764574660521581,0.0804437985746438,0.6430987353731982,0.0,known_material_known_target_liquid,prospective_open_external,probe_assisted,ls-psrmoe-v4.1,27.935400009155277,0.2056497717133726,0.0,60.26503676750724,0.9,no,medium,10.824879580160392,"{""neural"": 0.08044379857464382, ""physics"": 0.2764574660521581, ""xgboost"": 0.6430987353731982}"
PA_EXT_297563844CCE,EXT_297563844CCE,OPEN_POLYMER_SURFACES_2023,SFC_D997DF0085DF,LIQ_6656B41AB7,polymer,prospective_open_external,2,,25.0,40.13503113098599,55.50181,50.350697,32.25125389099121,39.0926282177502,33.39565658569336,50.12138897731959,1.330693951917661,11.346533,0.06847826,,yes,,,,0.2764574660521581,0.0804437985746438,0.6430987353731982,0.0,known_material_known_target_liquid,prospective_open_external,probe_assisted,ls-psrmoe-v4.1,32.25125389099121,0.168456984536184,3.050054575466831,77.22000768650514,0.9,no,medium,11.424296628964544,"{""neural"": 0.08044379857464382, ""physics"": 0.2764574660521581, ""xgboost"": 0.6430987353731982}"
PA_EXT_B5BBE06381DD,EXT_B5BBE06381DD,OPEN_POLYMER_SURFACES_2023,SFC_874E84FC80A7,LIQ_0F4168490E,polymer,prospective_open_external,2,,60.0,60.85030576932,72.28326,74.30327,54.25266876220703,63.88737564515901,56.5285041809082,69.69637516074006,1.0590887829163151,11.160508,-0.034980033,,yes,,,,0.2764574660521581,0.0804437985746438,0.6430987353731982,0.0,known_material_known_target_liquid,prospective_open_external,probe_assisted,ls-psrmoe-v4.1,54.25266876220704,0.0858692033265908,23.76532921380084,97.93528232483916,0.9,no,medium,11.210647231372745,"{""neural"": 0.08044379857464382, ""physics"": 0.2764574660521581, ""xgboost"": 0.6430987353731982}"
PA_EXT_CF2DEF31E69A,EXT_CF2DEF31E69A,OPEN_POLYMER_SURFACES_2023,SFC_874E84FC80A7,LIQ_1BD1B94C09,polymer,prospective_open_external,2,,43.0,43.153018748922605,28.203568,40.210716,49.94758567810059,42.63138112006024,45.510292053222656,56.00093057667264,0.6912448666413533,10.952422,-0.12222383,,yes,,,,0.2764574660521581,0.0804437985746438,0.6430987353731982,0.0,known_material_known_target_liquid,prospective_open_external,probe_assisted,ls-psrmoe-v4.1,49.94758567810059,0.1815089584329554,6.06804219340345,80.23799530444177,0.9,no,medium,10.974213878126347,"{""neural"": 0.08044379857464382, ""physics"": 0.2764574660521581, ""xgboost"": 0.6430987353731982}"
PA_EXT_04AB24A5BB0A,EXT_04AB24A5BB0A,OPEN_POLYMER_SURFACES_2023,SFC_874E84FC80A7,LIQ_6656B41AB7,polymer,prospective_open_external,2,,41.0,46.703166802888354,66.710495,58.622993,36.61132392883301,43.78588153945845,35.32392501831055,49.71857020592426,1.4455167097149653,11.48763,0.12326121,,yes,,,,0.2764574660521581,0.0804437985746438,0.6430987353731982,0.0,known_material_known_target_liquid,prospective_open_external,probe_assisted,ls-psrmoe-v4.1,36.61132392883301,0.1172676950116737,9.6181902473692,83.78814335840751,0.9,no,medium,11.57821916608246,"{""neural"": 0.08044379857464382, ""physics"": 0.2764574660521581, ""xgboost"": 0.6430987353731982}"
PA_EXT_1924C779E86F,EXT_1924C779E86F,OPEN_POLYMER_SURFACES_2023,SFC_E066D95CCC78,LIQ_0F4168490E,polymer,prospective_open_external,2,,82.0,88.23140856312018,93.91805,93.87811,85.08048095703126,86.7228198150664,82.83509063720703,85.45108425459861,0.9458795040914032,11.27216,0.00094644877,,yes,,,,0.2764574660521581,0.0804437985746438,0.6430987353731982,0.0,known_material_known_target_liquid,prospective_open_external,probe_assisted,ls-psrmoe-v4.1,85.08048095703126,0.0654348681179592,51.14643200760103,125.31638511863936,0.9,no,medium,11.311775702888008,"{""neural"": 0.08044379857464382, ""physics"": 0.2764574660521581, ""xgboost"": 0.6430987353731982}"
PA_EXT_D02ABE046CF1,EXT_D02ABE046CF1,OPEN_POLYMER_SURFACES_2023,SFC_E066D95CCC78,LIQ_1BD1B94C09,polymer,prospective_open_external,2,,61.0,57.80704881396703,49.92566,57.179523,61.27362308502197,60.126898615181005,63.496220397949216,63.71065787200799,0.5693194962139498,11.02476,-0.103772536,,yes,,,,0.2764574660521581,0.0804437985746438,0.6430987353731982,0.0,known_material_known_target_liquid,prospective_open_external,probe_assisted,ls-psrmoe-v4.1,61.27362308502197,0.1065727462584101,20.722072258447877,94.8920253694862,0.9,no,medium,11.039450311345028,"{""neural"": 0.08044379857464382, ""physics"": 0.2764574660521581, ""xgboost"": 0.6430987353731982}"
PA_EXT_B6135F6CB593,EXT_B6135F6CB593,OPEN_POLYMER_SURFACES_2023,SFC_E066D95CCC78,LIQ_6656B41AB7,polymer,prospective_open_external,2,,32.0,53.310774926018674,62.15884,58.568348,48.84948043823242,50.22294095920024,50.9026969909668,53.15232947291398,0.6409423520325996,11.327499,0.05264827,,yes,,,,0.2764574660521581,0.0804437985746438,0.6430987353731982,0.0,known_material_known_target_liquid,prospective_open_external,probe_assisted,ls-psrmoe-v4.1,48.84948043823242,0.0538948511291708,16.22579837049952,90.39575148153784,0.9,no,medium,11.345618075764529,"{""neural"": 0.08044379857464382, ""physics"": 0.2764574660521581, ""xgboost"": 0.6430987353731982}"
PA_EXT_59D01A9DD4A8,EXT_59D01A9DD4A8,OPEN_POLYMER_SURFACES_2023,SFC_AC4DDEECE3F7,LIQ_0F4168490E,polymer,prospective_open_external,2,,70.0,71.1272838863204,79.12263,80.38244,66.5325117111206,70.89559976030843,71.46804504394531,74.60462742560196,1.0198604736462205,11.197135,-0.022363659,,yes,,,,0.2764574660521581,0.0804437985746438,0.6430987353731982,0.0,known_material_known_target_liquid,prospective_open_external,probe_assisted,ls-psrmoe-v4.1,66.5325117111206,0.0475549139498901,34.04230733080124,108.21226044183956,0.9,no,medium,11.243484644822145,"{""neural"": 0.08044379857464382, ""physics"": 0.2764574660521581, ""xgboost"": 0.6430987353731982}"
PA_EXT_DA68FAFFF9C1,EXT_DA68FAFFF9C1,OPEN_POLYMER_SURFACES_2023,SFC_AC4DDEECE3F7,LIQ_1BD1B94C09,polymer,prospective_open_external,2,,50.0,51.33334024075005,40.514378,48.654026,56.31938209533691,53.18197902912509,52.20949859619141,57.65958003854511,0.5765636205981278,11.008158,-0.10259386,,yes,,,,0.2764574660521581,0.0804437985746438,0.6430987353731982,0.0,known_material_known_target_liquid,prospective_open_external,probe_assisted,ls-psrmoe-v4.1,56.31938209533691,0.1079364312506552,14.248363685230892,88.41831679626921,0.9,no,medium,11.023246446460927,"{""neural"": 0.08044379857464382, ""physics"": 0.2764574660521581, ""xgboost"": 0.6430987353731982}"
PA_EXT_BFC1FC4FCDFE,EXT_BFC1FC4FCDFE,OPEN_POLYMER_SURFACES_2023,SFC_AC4DDEECE3F7,LIQ_6656B41AB7,polymer,prospective_open_external,2,,41.0,47.54285334459048,61.75843,56.72597,40.2831169128418,46.30143333620809,45.39113388061524,51.73650666212237,1.0460395119903565,11.367564,0.07334442,,yes,,,,0.2764574660521581,0.0804437985746438,0.6430987353731982,0.0,known_material_known_target_liquid,prospective_open_external,probe_assisted,ls-psrmoe-v4.1,40.2831169128418,0.0946988829953577,10.45787678907132,84.62782990010963,0.9,no,medium,11.415590853415004,"{""neural"": 0.08044379857464382, ""physics"": 0.2764574660521581, ""xgboost"": 0.6430987353731982}"
PA_EXT_9320E89C123F,EXT_9320E89C123F,OPEN_POLYMER_SURFACES_2023,SFC_F0BFA31774A7,LIQ_0F4168490E,polymer,prospective_open_external,2,,96.0,78.01126556553966,85.61629,86.71612,73.65312232971192,77.69081220205463,73.55893096923828,78.17629418003435,0.720988444664857,11.217479,-0.019425716,,yes,,,,0.2764574660521581,0.0804437985746438,0.6430987353731982,0.0,known_material_known_target_liquid,prospective_open_external,probe_assisted,ls-psrmoe-v4.1,73.65312232971192,0.0404854073742772,40.9262890100205,115.09624212105882,0.9,no,medium,11.240625155745033,"{""neural"": 0.08044379857464382, ""physics"": 0.2764574660521581, ""xgboost"": 0.6430987353731982}"
PA_EXT_61F8100551D0,EXT_61F8100551D0,OPEN_POLYMER_SURFACES_2023,SFC_F0BFA31774A7,LIQ_1BD1B94C09,polymer,prospective_open_external,2,,54.0,64.60994209971318,63.311123,67.39228,64.8202463388443,67.67888829297829,70.98500518798828,70.88433040258543,0.4327886051182461,11.115122,-0.06600316,,yes,,,,0.2764574660521581,0.0804437985746438,0.6430987353731982,0.0,known_material_known_target_liquid,prospective_open_external,probe_assisted,ls-psrmoe-v4.1,64.8202463388443,0.0874063008103702,27.524965544194025,101.69491865523231,0.9,no,medium,11.12354437787566,"{""neural"": 0.08044379857464382, ""physics"": 0.2764574660521581, ""xgboost"": 0.6430987353731982}"
PA_EXT_DA73FA01DE16,EXT_DA73FA01DE16,OPEN_POLYMER_SURFACES_2023,SFC_F0BFA31774A7,LIQ_6656B41AB7,polymer,prospective_open_external,2,,34.0,11.440323957947776,0.0,39.893257,12.799214744567871,3.357647743134399,51.35645065307617,66.14790909600086,0.7290499664534789,10.668577,-0.23438704,,yes,,,,0.2764574660521581,0.0804437985746438,0.6430987353731982,0.0,known_material_known_target_liquid,prospective_open_external,probe_assisted,ls-psrmoe-v4.1,12.799214744567871,0.4311801074273023,0.0,48.52530051346693,0.9,no,medium,10.693458430390333,"{""neural"": 0.08044379857464382, ""physics"": 0.2764574660521581, ""xgboost"": 0.6430987353731982}"
PA_EXT_E8887E8FA242,EXT_E8887E8FA242,OPEN_POLYMER_SURFACES_2023,SFC_619070545661,LIQ_0F4168490E,polymer,prospective_open_external,2,,91.0,94.50732851179067,101.5127,103.17409,90.41172866821287,95.86544686987048,91.78450317382811,98.61185600764536,0.7132437467378124,11.173181,-0.02781955,,yes,,,,0.2764574660521581,0.0804437985746438,0.6430987353731982,0.0,known_material_known_target_liquid,prospective_open_external,probe_assisted,ls-psrmoe-v4.1,90.41172866821287,0.1114096685705059,57.422351956271534,131.59230506730984,0.9,no,medium,11.195922513069632,"{""neural"": 0.08044379857464382, ""physics"": 0.2764574660521581, ""xgboost"": 0.6430987353731982}"
PA_EXT_2D6D530BDE66,EXT_2D6D530BDE66,OPEN_POLYMER_SURFACES_2023,SFC_619070545661,LIQ_1BD1B94C09,polymer,prospective_open_external,2,,74.0,61.942965663318425,59.22076,64.0939,62.84414057731628,64.93016389475954,68.17914428710938,67.44733350547178,0.4386049590053977,11.089434,-0.07631531,,yes,,,,0.2764574660521581,0.0804437985746438,0.6430987353731982,0.0,known_material_known_target_liquid,prospective_open_external,probe_assisted,ls-psrmoe-v4.1,62.84414057731629,0.0822120512633258,24.85798910779927,99.02794221883758,0.9,no,medium,11.09810404674458,"{""neural"": 0.08044379857464382, ""physics"": 0.2764574660521581, ""xgboost"": 0.6430987353731982}"
PA_EXT_0DF8EFC4C97A,EXT_0DF8EFC4C97A,OPEN_POLYMER_SURFACES_2023,SFC_619070545661,LIQ_6656B41AB7,polymer,prospective_open_external,2,,35.0,59.789747504992974,75.32853,68.70116,51.99517478942871,54.87247212688455,54.3167366027832,53.78980224112463,0.9382184266540928,11.466103,0.10897623,,yes,,,,0.2764574660521581,0.0804437985746438,0.6430987353731982,0.0,known_material_known_target_liquid,prospective_open_external,probe_assisted,ls-psrmoe-v4.1,51.99517478942871,0.0387372059838834,22.70477094947382,96.87472406051214,0.9,no,medium,11.504423612336236,"{""neural"": 0.08044379857464382, ""physics"": 0.2764574660521581, ""xgboost"": 0.6430987353731982}"
PA_EXT_398B369DB1D4,EXT_398B369DB1D4,OPEN_POLYMER_SURFACES_2023,SFC_FFE25A9A5A54,LIQ_0F4168490E,polymer,prospective_open_external,2,,87.0,93.35350951024525,98.56789,97.37817,90.60850009918212,91.65784925866512,92.6842056274414,90.12995580621826,0.7472229234856099,11.317533,0.021067377,,yes,,,,0.2764574660521581,0.0804437985746438,0.6430987353731982,0.0,known_material_known_target_liquid,prospective_open_external,probe_assisted,ls-psrmoe-v4.1,90.60850009918212,0.0814069564136599,56.26853295472608,130.43848606576438,0.9,no,medium,11.342172846374217,"{""neural"": 0.08044379857464382, ""physics"": 0.2764574660521581, ""xgboost"": 0.6430987353731982}"
PA_EXT_4A1E7242F9DF,EXT_4A1E7242F9DF,OPEN_POLYMER_SURFACES_2023,SFC_FFE25A9A5A54,LIQ_1BD1B94C09,polymer,prospective_open_external,2,,66.0,57.55558378336427,55.877155,61.35256,57.80215718746185,61.48567546605421,63.92699203491211,65.04772176397935,0.3360530182879382,11.070961,-0.08321695,,yes,,,,0.2764574660521581,0.0804437985746438,0.6430987353731982,0.0,known_material_known_target_liquid,prospective_open_external,probe_assisted,ls-psrmoe-v4.1,57.802157187461845,0.0826280873828572,20.470607227845115,94.64056033888345,0.9,no,medium,11.076060177797292,"{""neural"": 0.08044379857464382, ""physics"": 0.2764574660521581, ""xgboost"": 0.6430987353731982}"
PA_EXT_C161311E1FB7,EXT_C161311E1FB7,OPEN_POLYMER_SURFACES_2023,SFC_FFE25A9A5A54,LIQ_6656B41AB7,polymer,prospective_open_external,2,,36.0,56.51774848237493,63.937626,60.273155,52.85831089019776,50.88218949511155,53.91349182128906,55.517054437833394,0.6952098449813078,11.334765,0.054887086,,yes,,,,0.2764574660521581,0.0804437985746438,0.6430987353731982,0.0,known_material_known_target_liquid,prospective_open_external,probe_assisted,ls-psrmoe-v4.1,52.85831089019776,0.039053349696954,19.43277192685578,93.60272503789407,0.9,no,medium,11.356065523691322,"{""neural"": 0.08044379857464382, ""physics"": 0.2764574660521581, ""xgboost"": 0.6430987353731982}"
PA_EXT_D5FF9F67F45C,EXT_D5FF9F67F45C,OPEN_POLYMER_SURFACES_2023,SFC_1D7210C10C8C,LIQ_0F4168490E,polymer,prospective_open_external,2,,81.0,84.65428345955908,92.04211,91.818085,80.5822769165039,84.58121130052093,78.68674774169922,81.64987656059182,0.7569187312626268,11.272181,0.00400572,,yes,,,,0.2764574660521581,0.0804437985746438,0.6430987353731982,0.0,known_material_known_target_liquid,prospective_open_external,probe_assisted,ls-psrmoe-v4.1,80.5822769165039,0.0559674294794792,47.56930690403993,121.73926001507824,0.9,no,medium,11.297565245706844,"{""neural"": 0.08044379857464382, ""physics"": 0.2764574660521581, ""xgboost"": 0.6430987353731982}"
PA_EXT_C9A4F8CA797A,EXT_C9A4F8CA797A,OPEN_POLYMER_SURFACES_2023,SFC_1D7210C10C8C,LIQ_1BD1B94C09,polymer,prospective_open_external,2,,61.0,58.41158193977784,50.80538,57.100746,61.84533061981201,60.75506419943254,64.41105575561524,63.773833862082654,0.6239381035085346,11.04787,-0.090792276,,yes,,,,0.2764574660521581,0.0804437985746438,0.6430987353731982,0.0,known_material_known_target_liquid,prospective_open_external,probe_assisted,ls-psrmoe-v4.1,61.84533061981201,0.0770381838643743,21.326605384258684,95.496558495297,0.9,no,medium,11.065474380900204,"{""neural"": 0.08044379857464382, ""physics"": 0.2764574660521581, ""xgboost"": 0.6430987353731982}"
PA_EXT_BC643C3D7862,EXT_BC643C3D7862,OPEN_POLYMER_SURFACES_2023,SFC_1D7210C10C8C,LIQ_6656B41AB7,polymer,prospective_open_external,2,,38.0,53.9927773604618,64.19397,59.819725,48.87857418060303,50.5029491832502,50.69311370849609,52.78721751458308,0.6564513746652914,11.356325,0.06569661,,yes,,,,0.2764574660521581,0.0804437985746438,0.6430987353731982,0.0,known_material_known_target_liquid,prospective_open_external,probe_assisted,ls-psrmoe-v4.1,48.87857418060303,0.0548851961937863,16.907800804942646,91.07775391598096,0.9,no,medium,11.37528238371632,"{""neural"": 0.08044379857464382, ""physics"": 0.2764574660521581, ""xgboost"": 0.6430987353731982}"
PA_EXT_F80C8FA1754C,EXT_F80C8FA1754C,OPEN_POLYMER_SURFACES_2023,SFC_ECD42A787C67,LIQ_0F4168490E,polymer,prospective_open_external,2,,71.0,81.43944020272183,89.09553,89.14125,77.1848129272461,81.20692713918778,74.2580581665039,79.62799458749001,0.6720058448858953,11.256688,-0.0008899629,,yes,,,,0.2764574660521581,0.0804437985746438,0.6430987353731982,0.0,known_material_known_target_liquid,prospective_open_external,probe_assisted,ls-psrmoe-v4.1,77.1848129272461,0.0480457969822016,44.35446364720267,118.524416758241,0.9,no,medium,11.276729102051466,"{""neural"": 0.08044379857464382, ""physics"": 0.2764574660521581, ""xgboost"": 0.6430987353731982}"
PA_EXT_686D150BDAAF,EXT_686D150BDAAF,OPEN_POLYMER_SURFACES_2023,SFC_ECD42A787C67,LIQ_1BD1B94C09,polymer,prospective_open_external,2,,59.0,51.78003706636511,41.204086,49.36433,56.628638076782224,53.85314972898804,54.46931457519531,57.96250846584006,0.596753761798437,11.007003,-0.10396783,,yes,,,,0.2764574660521581,0.0804437985746438,0.6430987353731982,0.0,known_material_known_target_liquid,prospective_open_external,probe_assisted,ls-psrmoe-v4.1,56.628638076782224,0.1019728809486235,14.695060510845956,88.86501362188426,0.9,no,medium,11.02316771000849,"{""neural"": 0.08044379857464382, ""physics"": 0.2764574660521581, ""xgboost"": 0.6430987353731982}"
PA_EXT_3D82C848D389,EXT_3D82C848D389,OPEN_POLYMER_SURFACES_2023,SFC_ECD42A787C67,LIQ_6656B41AB7,polymer,prospective_open_external,2,,40.0,53.45855651809263,78.62632,69.02084,40.69270095825196,47.62469976610212,45.93190689086914,49.56462615356477,1.1123098934502391,11.604109,0.15981789,,yes,,,,0.2764574660521581,0.0804437985746438,0.6430987353731982,0.0,known_material_known_target_liquid,prospective_open_external,probe_assisted,ls-psrmoe-v4.1,40.69270095825196,0.0821760064976146,16.373579962573473,90.54353307361178,0.9,no,medium,11.657297053058477,"{""neural"": 0.08044379857464382, ""physics"": 0.2764574660521581, ""xgboost"": 0.6430987353731982}"
PA_EXT_C03E4F87416F,EXT_C03E4F87416F,OPEN_POLYMER_SURFACES_2023,SFC_5648457375F3,LIQ_0F4168490E,polymer,prospective_open_external,2,,80.0,71.64491194738562,80.17509,80.39055,66.88395900726319,73.00866024191069,67.036279296875,73.42798344501412,0.6826407349974478,11.231021,-0.0044180243,,yes,,,,0.2764574660521581,0.0804437985746438,0.6430987353731982,0.0,known_material_known_target_liquid,prospective_open_external,probe_assisted,ls-psrmoe-v4.1,66.88395900726319,0.0408809921950861,34.55993539186647,108.72988850290476,0.9,no,medium,11.251747839577211,"{""neural"": 0.08044379857464382, ""physics"": 0.2764574660521581, ""xgboost"": 0.6430987353731982}"
PA_EXT_B4AB0610DC8D,EXT_B4AB0610DC8D,OPEN_POLYMER_SURFACES_2023,SFC_5648457375F3,LIQ_1BD1B94C09,polymer,prospective_open_external,2,,54.0,56.04043259766824,53.836502,57.78236,56.76997187137604,59.741092711923685,58.44555740356445,61.09421093898425,0.6330243969737032,11.107468,-0.0589109,,yes,,,,0.2764574660521581,0.0804437985746438,0.6430987353731982,0.0,known_material_known_target_liquid,prospective_open_external,probe_assisted,ls-psrmoe-v4.1,56.76997187137604,0.0601159486294633,18.95545604214908,93.1254091531874,0.9,no,medium,11.12549133806379,"{""neural"": 0.08044379857464382, ""physics"": 0.2764574660521581, ""xgboost"": 0.6430987353731982}"
PA_EXT_8EC71DE1D3C8,EXT_8EC71DE1D3C8,OPEN_POLYMER_SURFACES_2023,SFC_5648457375F3,LIQ_6656B41AB7,polymer,prospective_open_external,2,,49.0,54.25832142728339,49.418312,50.420822,56.81898536682129,48.21358149624869,47.99403839111328,54.180742726866086,0.6380494610649038,11.182928,-0.016143236,,yes,,,,0.2764574660521581,0.0804437985746438,0.6430987353731982,0.0,known_material_known_target_liquid,prospective_open_external,probe_assisted,ls-psrmoe-v4.1,56.81898536682129,0.1264284678952612,17.173344871764236,91.34329798280254,0.9,no,medium,11.201115465718756,"{""neural"": 0.08044379857464382, ""physics"": 0.2764574660521581, ""xgboost"": 0.6430987353731982}"
PA_EXT_D8FBAAD59B4B,EXT_D8FBAAD59B4B,OPEN_POLYMER_SURFACES_2023,SFC_4CBC1B4A127C,LIQ_0F4168490E,polymer,prospective_open_external,2,,102.0,103.21983675862194,107.73081,107.455055,100.7508692741394,103.38625823567656,102.8440933227539,102.21395325535788,0.5306978796701707,11.249323,0.0052848146,,yes,,,,0.2764574660521581,0.0804437985746438,0.6430987353731982,0.0,known_material_known_target_liquid,prospective_open_external,probe_assisted,ls-psrmoe-v4.1,100.75086927413942,0.0473928421616203,66.13486020310279,140.3048133141411,0.9,no,medium,11.261834031398177,"{""neural"": 0.08044379857464382, ""physics"": 0.2764574660521581, ""xgboost"": 0.6430987353731982}"
PA_EXT_1DC596480B9E,EXT_1DC596480B9E,OPEN_POLYMER_SURFACES_2023,SFC_4CBC1B4A127C,LIQ_1BD1B94C09,polymer,prospective_open_external,2,,85.0,76.01943039929927,74.029625,74.05455,77.12059724330902,77.29922048600932,82.57599639892578,73.63876085987538,0.5480248448318714,11.243758,-0.0012533485,,yes,,,,0.2764574660521581,0.0804437985746438,0.6430987353731982,0.0,known_material_known_target_liquid,prospective_open_external,probe_assisted,ls-psrmoe-v4.1,77.12059724330902,0.0948107254950069,38.93445384378011,113.10440695481842,0.9,no,medium,11.25710574377715,"{""neural"": 0.08044379857464382, ""physics"": 0.2764574660521581, ""xgboost"": 0.6430987353731982}"
PA_EXT_A3F4030D6CB1,EXT_A3F4030D6CB1,OPEN_POLYMER_SURFACES_2023,SFC_4CBC1B4A127C,LIQ_6656B41AB7,polymer,prospective_open_external,2,,53.0,61.80352642986408,81.30065,73.920296,51.90637626647949,55.99422493133682,56.90619125366211,54.391616993995726,0.5827946372773852,11.512901,0.12505874,,yes,,,,0.2764574660521581,0.0804437985746438,0.6430987353731982,0.0,known_material_known_target_liquid,prospective_open_external,probe_assisted,ls-psrmoe-v4.1,51.90637626647949,0.0417987982491863,24.718549874344923,98.88850298538324,0.9,no,medium,11.527642693735942,"{""neural"": 0.08044379857464382, ""physics"": 0.2764574660521581, ""xgboost"": 0.6430987353731982}"
PA_EXT_31D988D57B38,EXT_31D988D57B38,OPEN_POLYMER_SURFACES_2023,SFC_4BD23D0F3546,LIQ_0F4168490E,polymer,prospective_open_external,2,,82.0,69.8538348926634,79.2965,77.77004,64.80436859130859,71.40296403387251,68.32174682617188,72.1195963628942,1.562590548962835,11.287255,0.02520145,,yes,,,,0.2764574660521581,0.0804437985746438,0.6430987353731982,0.0,known_material_known_target_liquid,prospective_open_external,probe_assisted,ls-psrmoe-v4.1,64.80436859130859,0.1021905239116553,32.768858337144245,106.93881144818256,0.9,no,medium,11.394903296714034,"{""neural"": 0.08044379857464382, ""physics"": 0.2764574660521581, ""xgboost"": 0.6430987353731982}"
PA_EXT_CA5F8E2A53C2,EXT_CA5F8E2A53C2,OPEN_POLYMER_SURFACES_2023,SFC_4BD23D0F3546,LIQ_1BD1B94C09,polymer,prospective_open_external,2,,59.0,58.38279595431042,61.355564,61.583973,56.70442414283752,63.96289519880465,59.74636764526368,61.263286316239,0.5765058223690217,11.216463,-0.005201998,,yes,,,,0.2764574660521581,0.0804437985746438,0.6430987353731982,0.0,known_material_known_target_liquid,prospective_open_external,probe_assisted,ls-psrmoe-v4.1,56.70442414283752,0.1364951053835892,21.29781939879127,95.4677725098296,0.9,no,medium,11.231268992855789,"{""neural"": 0.08044379857464382, ""physics"": 0.2764574660521581, ""xgboost"": 0.6430987353731982}"
PA_EXT_C03F819C4B66,EXT_C03F819C4B66,OPEN_POLYMER_SURFACES_2023,SFC_4BD23D0F3546,LIQ_6656B41AB7,polymer,prospective_open_external,2,,63.0,50.7101743827278,57.352146,55.448498,47.26219463348389,47.80360054798665,45.61357116699219,53.45992307492829,0.6553775048502007,11.26911,0.025545811,,yes,,,,0.2764574660521581,0.0804437985746438,0.6430987353731982,0.0,known_material_known_target_liquid,prospective_open_external,probe_assisted,ls-psrmoe-v4.1,47.26219463348389,0.0704197122707303,13.625197827208645,87.79515093824696,0.9,no,medium,11.288151030590129,"{""neural"": 0.08044379857464382, ""physics"": 0.2764574660521581, ""xgboost"": 0.6430987353731982}"
PA_EXT_FD5F6987DAB6,EXT_FD5F6987DAB6,OPEN_POLYMER_SURFACES_2023,SFC_A65652A71181,LIQ_0F4168490E,polymer,prospective_open_external,2,,102.0,102.55163740876286,107.36101,105.18065,100.15531177520752,102.62089211886315,102.35628051757811,101.37312732012929,0.5350082744289155,11.314344,0.037097998,,yes,,,,0.2764574660521581,0.0804437985746438,0.6430987353731982,0.0,known_material_known_target_liquid,prospective_open_external,probe_assisted,ls-psrmoe-v4.1,100.15531177520752,0.0285205462045042,65.4666608532437,139.63661396428202,0.9,no,medium,11.32698650101543,"{""neural"": 0.08044379857464382, ""physics"": 0.2764574660521581, ""xgboost"": 0.6430987353731982}"
PA_EXT_4BF4B6EE2A48,EXT_4BF4B6EE2A48,OPEN_POLYMER_SURFACES_2023,SFC_A65652A71181,LIQ_1BD1B94C09,polymer,prospective_open_external,2,,82.0,76.93589324861881,74.73055,74.41119,78.19974255561829,77.84191912096345,83.18647918701171,73.53244326166052,0.5615269839141712,11.255266,0.004560833,,yes,,,,0.2764574660521581,0.0804437985746438,0.6430987353731982,0.0,known_material_known_target_liquid,prospective_open_external,probe_assisted,ls-psrmoe-v4.1,78.19974255561829,0.105970798671033,39.850916693099656,114.02086980413796,0.9,no,medium,11.26926481860544,"{""neural"": 0.08044379857464382, ""physics"": 0.2764574660521581, ""xgboost"": 0.6430987353731982}"
PA_EXT_63529BCBF35A,EXT_63529BCBF35A,OPEN_POLYMER_SURFACES_2023,SFC_A65652A71181,LIQ_6656B41AB7,polymer,prospective_open_external,2,,55.0,60.83567665687022,73.9828,68.40708,54.23685493469238,54.91250373052308,57.51558074951172,56.05509960555264,0.69191084033503,11.424141,0.09109099,,yes,,,,0.2764574660521581,0.0804437985746438,0.6430987353731982,0.0,known_material_known_target_liquid,prospective_open_external,probe_assisted,ls-psrmoe-v4.1,54.23685493469238,0.0251429809417476,23.750700101351065,97.92065321238935,0.9,no,medium,11.445074774919153,"{""neural"": 0.08044379857464382, ""physics"": 0.2764574660521581, ""xgboost"": 0.6430987353731982}"
PA_EXT_9FD20D27EB85,EXT_9FD20D27EB85,OPEN_POLYMER_SURFACES_2023,SFC_D9EFE53A22B1,LIQ_0F4168490E,polymer,prospective_open_external,2,,95.0,99.91428349379107,104.49002,100.42293,97.88362483978273,99.10505837602037,99.68306427001951,93.80670987597568,0.7540126174581864,11.42075,0.06995813,,yes,,,,0.2764574660521581,0.0804437985746438,0.6430987353731982,0.0,known_material_known_target_liquid,prospective_open_external,probe_assisted,ls-psrmoe-v4.1,97.88362483978273,0.0349785343134034,62.82930693827192,136.99926004931024,0.9,no,medium,11.44561304264854,"{""neural"": 0.08044379857464382, ""physics"": 0.2764574660521581, ""xgboost"": 0.6430987353731982}"
PA_EXT_B9EFF76773A7,EXT_B9EFF76773A7,OPEN_POLYMER_SURFACES_2023,SFC_D9EFE53A22B1,LIQ_1BD1B94C09,polymer,prospective_open_external,2,,77.0,71.02504462039894,69.52059,69.94746,71.8065770626068,72.89797323066985,76.97674560546875,69.76979440868244,0.7137560658493467,11.223605,-0.008058789,,yes,,,,0.2764574660521581,0.0804437985746438,0.6430987353731982,0.0,known_material_known_target_liquid,prospective_open_external,probe_assisted,ls-psrmoe-v4.1,71.8065770626068,0.0902057862577689,33.94006806487979,108.11002117591808,0.9,no,medium,11.24627762497832,"{""neural"": 0.08044379857464382, ""physics"": 0.2764574660521581, ""xgboost"": 0.6430987353731982}"
PA_EXT_525C8E3D6CD6,EXT_525C8E3D6CD6,OPEN_POLYMER_SURFACES_2023,SFC_D9EFE53A22B1,LIQ_6656B41AB7,polymer,prospective_open_external,2,,56.0,60.73287382478063,74.942825,68.7213,53.62499732971192,55.19588620250708,56.742437744140624,55.93972665166693,0.7573130760679058,11.449946,0.102146566,,yes,,,,0.2764574660521581,0.0804437985746438,0.6430987353731982,0.0,known_material_known_target_liquid,prospective_open_external,probe_assisted,ls-psrmoe-v4.1,53.62499732971192,0.0347669485133386,23.64789726926148,97.8178503802998,0.9,no,medium,11.47496386653502,"{""neural"": 0.08044379857464382, ""physics"": 0.2764574660521581, ""xgboost"": 0.6430987353731982}"
PA_EXT_61408262103D,EXT_61408262103D,OPEN_POLYMER_SURFACES_2023,SFC_6353761F5CC5,LIQ_0F4168490E,polymer,prospective_open_external,2,,98.0,97.79697560591016,102.42494,98.089325,95.77092037200929,97.1420983564918,97.85363311767578,91.42607579668372,0.7598435786975838,11.427477,0.0749451,,yes,,,,0.2764574660521581,0.0804437985746438,0.6430987353731982,0.0,known_material_known_target_liquid,prospective_open_external,probe_assisted,ls-psrmoe-v4.1,95.77092037200929,0.0409737231894625,60.71199905039101,134.88195216142933,0.9,no,medium,11.45271104036472,"{""neural"": 0.08044379857464382, ""physics"": 0.2764574660521581, ""xgboost"": 0.6430987353731982}"
PA_EXT_6A1E54C20CCE,EXT_6A1E54C20CCE,OPEN_POLYMER_SURFACES_2023,SFC_6353761F5CC5,LIQ_1BD1B94C09,polymer,prospective_open_external,2,,78.0,75.5122307371105,74.56608,73.30215,76.19542050361633,77.21963195925578,79.8689208984375,69.96061976619654,0.5568116307694382,11.283978,0.0203267,,yes,,,,0.2764574660521581,0.0804437985746438,0.6430987353731982,0.0,known_material_known_target_liquid,prospective_open_external,probe_assisted,ls-psrmoe-v4.1,76.19542050361633,0.1417930549436401,38.427254181591344,112.59720729262966,0.9,no,medium,11.297708136077324,"{""neural"": 0.08044379857464382, ""physics"": 0.2764574660521581, ""xgboost"": 0.6430987353731982}"
PA_EXT_981E9EC8865E,EXT_981E9EC8865E,OPEN_POLYMER_SURFACES_2023,SFC_6353761F5CC5,LIQ_6656B41AB7,polymer,prospective_open_external,2,,63.0,59.09903175551183,71.67184,66.51641,52.76636810302735,53.53286794567511,56.891971588134766,55.88507744322997,0.717445573983423,11.403263,0.082906425,,yes,,,,0.2764574660521581,0.0804437985746438,0.6430987353731982,0.0,known_material_known_target_liquid,prospective_open_external,probe_assisted,ls-psrmoe-v4.1,52.76636810302734,0.022107797734104,22.01405519999268,96.184008311031,0.9,no,medium,11.425810137488424,"{""neural"": 0.08044379857464382, ""physics"": 0.2764574660521581, ""xgboost"": 0.6430987353731982}"
PA_EXT_8A8E3AAF6896,EXT_8A8E3AAF6896,OPEN_POLYMER_SURFACES_2023,SFC_A66B59B95A03,LIQ_0F4168490E,polymer,prospective_open_external,2,,92.0,88.21768753801629,95.78697,91.64885,84.53458137512207,87.37111193068154,83.8416259765625,82.23178785709622,0.8125296523471932,11.411833,0.072154775,,yes,,,,0.2764574660521581,0.0804437985746438,0.6430987353731982,0.0,known_material_known_target_liquid,prospective_open_external,probe_assisted,ls-psrmoe-v4.1,84.53458137512207,0.0840967170994427,51.13271098249714,125.30266409353544,0.9,no,medium,11.440722551777174,"{""neural"": 0.08044379857464382, ""physics"": 0.2764574660521581, ""xgboost"": 0.6430987353731982}"
PA_EXT_80357B8C920D,EXT_80357B8C920D,OPEN_POLYMER_SURFACES_2023,SFC_A66B59B95A03,LIQ_1BD1B94C09,polymer,prospective_open_external,2,,76.0,68.52240835892792,72.99636,70.7134,66.32506399154663,70.6225949123655,72.2026123046875,65.5958823309769,0.2559861392849437,11.31471,0.036815997,,yes,,,,0.2764574660521581,0.0804437985746438,0.6430987353731982,0.0,known_material_known_target_liquid,prospective_open_external,probe_assisted,ls-psrmoe-v4.1,66.32506399154663,0.1838729937215451,31.437431803408764,105.60738491444708,0.9,no,medium,11.31760503244137,"{""neural"": 0.08044379857464382, ""physics"": 0.2764574660521581, ""xgboost"": 0.6430987353731982}"
PA_EXT_C6419C1CBA62,EXT_C6419C1CBA62,OPEN_POLYMER_SURFACES_2023,SFC_A66B59B95A03,LIQ_6656B41AB7,polymer,prospective_open_external,2,,71.0,61.187861849413046,78.19956,70.91988,52.65745735168457,55.46109886616656,53.10507659912109,52.57476975417732,0.8082575309094537,11.500038,0.121547624,,yes,,,,0.2764574660521581,0.0804437985746438,0.6430987353731982,0.0,known_material_known_target_liquid,prospective_open_external,probe_assisted,ls-psrmoe-v4.1,52.65745735168458,0.0491968394663224,24.10288529389389,98.2728384049322,0.9,no,medium,11.52840655156202,"{""neural"": 0.08044379857464382, ""physics"": 0.2764574660521581, ""xgboost"": 0.6430987353731982}"
PA_EXT_7720DE638AE3,EXT_7720DE638AE3,OPEN_POLYMER_SURFACES_2023,SFC_62075C90581B,LIQ_0F4168490E,polymer,prospective_open_external,2,,108.0,95.77610210009416,107.68992,100.37748,90.07897415161132,97.7584767161861,88.0616470336914,88.5341450923621,0.6311535844577166,11.558831,0.1243795,,yes,,,,0.2764574660521581,0.0804437985746438,0.6430987353731982,0.0,known_material_known_target_liquid,prospective_open_external,probe_assisted,ls-psrmoe-v4.1,90.07897415161132,0.1925050322469099,58.691125544574994,132.8610786556133,0.9,no,medium,11.576050012928896,"{""neural"": 0.08044379857464382, ""physics"": 0.2764574660521581, ""xgboost"": 0.6430987353731982}"
PA_EXT_8E3054DE5097,EXT_8E3054DE5097,OPEN_POLYMER_SURFACES_2023,SFC_62075C90581B,LIQ_1BD1B94C09,polymer,prospective_open_external,2,,92.0,81.78075902385729,92.22629,85.823654,76.78468284606933,85.8203529077417,70.94324493408203,66.55668124392982,0.834944027772136,11.507456,0.11146866,,yes,,,,0.2764574660521581,0.0804437985746438,0.6430987353731982,0.0,known_material_known_target_liquid,prospective_open_external,probe_assisted,ls-psrmoe-v4.1,76.78468284606933,0.2563998337259286,44.69578246833813,118.86573557937643,0.9,no,medium,11.537706492729871,"{""neural"": 0.08044379857464382, ""physics"": 0.2764574660521581, ""xgboost"": 0.6430987353731982}"
PA_EXT_BC1C15EECE17,EXT_BC1C15EECE17,OPEN_POLYMER_SURFACES_2023,SFC_62075C90581B,LIQ_6656B41AB7,polymer,prospective_open_external,2,,88.0,67.36725425001468,87.45757,78.96101,57.28052215576172,61.44576229981843,55.14993515014648,54.98779380429734,0.5132187060278861,11.577232,0.14670162,,yes,,,,0.2764574660521581,0.0804437985746438,0.6430987353731982,0.0,known_material_known_target_liquid,prospective_open_external,probe_assisted,ls-psrmoe-v4.1,57.28052215576171,0.0681070126808357,30.282277694495527,104.45223080553384,0.9,no,medium,11.588602270209044,"{""neural"": 0.08044379857464382, ""physics"": 0.2764574660521581, ""xgboost"": 0.6430987353731982}"
PA_EXT_49AD89E9F838,EXT_49AD89E9F838,OPEN_POLYMER_SURFACES_2023,SFC_36EF2E368C84,LIQ_0F4168490E,polymer,prospective_open_external,2,,125.0,109.89398672900026,122.17564,111.263626,104.4429843902588,114.70259392664144,100.32744903564452,99.52608353435087,1.3413390283951865,11.720549,0.17112441,,yes,,,,0.2764574660521581,0.0804437985746438,0.6430987353731982,0.0,known_material_known_target_liquid,prospective_open_external,probe_assisted,ls-psrmoe-v4.1,104.4429843902588,0.2538609856455539,72.80901017348111,146.9789632845194,0.9,no,medium,11.797052622230796,"{""neural"": 0.08044379857464382, ""physics"": 0.2764574660521581, ""xgboost"": 0.6430987353731982}"
PA_EXT_650589542FBB,EXT_650589542FBB,OPEN_POLYMER_SURFACES_2023,SFC_36EF2E368C84,LIQ_1BD1B94C09,polymer,prospective_open_external,2,,109.0,97.90441212096388,110.917595,100.74733,91.95464668273924,104.92653120119051,85.84293975830079,83.55904928944297,1.0661206175751372,11.700723,0.171042,,yes,,,,0.2764574660521581,0.0804437985746438,0.6430987353731982,0.0,known_material_known_target_liquid,prospective_open_external,probe_assisted,ls-psrmoe-v4.1,91.95464668273924,0.3000462417175619,60.81943556544472,134.98938867648303,0.9,no,medium,11.749192514483502,"{""neural"": 0.08044379857464382, ""physics"": 0.2764574660521581, ""xgboost"": 0.6430987353731982}"
PA_EXT_C92CA45A6370,EXT_C92CA45A6370,OPEN_POLYMER_SURFACES_2023,SFC_36EF2E368C84,LIQ_6656B41AB7,polymer,prospective_open_external,2,,104.0,77.46974736282722,99.58588,89.0172,66.5179458618164,73.49935162652507,61.21505126953125,64.1965761911193,1.1320279402026912,11.70342,0.18365009,,yes,,,,0.2764574660521581,0.0804437985746438,0.6430987353731982,0.0,known_material_known_target_liquid,prospective_open_external,probe_assisted,ls-psrmoe-v4.1,66.5179458618164,0.1376176189110601,40.38477080730807,114.55472391834638,0.9,no,medium,11.75804063563142,"{""neural"": 0.08044379857464382, ""physics"": 0.2764574660521581, ""xgboost"": 0.6430987353731982}"
PA_EXT_C52AF747E8BF,EXT_C52AF747E8BF,OPEN_TEXTILE_ANTI_WETTING_2019,SFC_70D1A1076BBD,LIQ_0F4168490E,polymer_textile,prospective_open_external,2,,0.0,46.36425376671646,44.28114,48.784595,46.9569948554039,47.56379171897713,31.060172271728515,64.71355301121555,0.4929950172753835,11.146673,-0.060566306,,yes,,,,0.2764574660521581,0.0804437985746438,0.6430987353731982,0.0,new_material_family,prospective_open_external,probe_assisted,ls-psrmoe-v4.1,46.9569948554039,0.3175660032214659,9.279277211197304,83.44923032223562,0.9,no,medium,11.157569967099311,"{""neural"": 0.08044379857464382, ""physics"": 0.2764574660521581, ""xgboost"": 0.6430987353731982}"
PA_EXT_1366AD9E4A11,EXT_1366AD9E4A11,OPEN_TEXTILE_ANTI_WETTING_2019,SFC_70D1A1076BBD,LIQ_1BD1B94C09,polymer_textile,prospective_open_external,2,,0.0,18.547754907648503,0.0,25.526812,25.648131942749025,13.024282789417374,21.96004447937012,50.92598381514832,0.3441405902154402,11.027819,-0.1095662,,yes,,,,0.2764574660521581,0.0804437985746438,0.6430987353731982,0.0,new_material_family,prospective_open_external,probe_assisted,ls-psrmoe-v4.1,25.64813194274903,0.4333707647996725,0.0,55.63273146316766,0.9,no,medium,11.033187099863335,"{""neural"": 0.08044379857464382, ""physics"": 0.2764574660521581, ""xgboost"": 0.6430987353731982}"
PA_EXT_B099AADD9565,EXT_B099AADD9565,OPEN_TEXTILE_ANTI_WETTING_2019,SFC_70D1A1076BBD,LIQ_6656B41AB7,polymer_textile,prospective_open_external,2,,50.0,47.27692521375733,83.04143,68.414276,29.25833511352539,48.37800513992685,30.455782318115237,46.44434595668078,0.8449281413195211,12.124674,0.24549022,,yes,,,,0.2764574660521581,0.0804437985746438,0.6430987353731982,0.0,new_material_family,prospective_open_external,probe_assisted,ls-psrmoe-v4.1,29.25833511352539,0.4547884435716664,10.191948658238177,84.36190176927649,0.9,no,medium,12.154078302052715,"{""neural"": 0.08044379857464382, ""physics"": 0.2764574660521581, ""xgboost"": 0.6430987353731982}"
PA_EXT_FA599DFEA153,EXT_FA599DFEA153,OPEN_TEXTILE_ANTI_WETTING_2019,SFC_B23DE8940451,LIQ_0F4168490E,polymer_textile,prospective_open_external,2,,107.0,110.52913838486803,122.625755,112.71019,105.05618076324464,115.29388542419194,100.73417816162107,99.6099095204044,1.2786478576357576,11.748187,0.1545496,,yes,,,,0.2764574660521581,0.0804437985746438,0.6430987353731982,0.0,new_material_family,prospective_open_external,probe_assisted,ls-psrmoe-v4.1,105.05618076324464,0.2482047234540818,73.44416182934887,147.6141149403872,0.9,no,medium,11.81756487864549,"{""neural"": 0.08044379857464382, ""physics"": 0.2764574660521581, ""xgboost"": 0.6430987353731982}"
PA_EXT_77B7B95A656C,EXT_77B7B95A656C,OPEN_TEXTILE_ANTI_WETTING_2019,SFC_B23DE8940451,LIQ_1BD1B94C09,polymer_textile,prospective_open_external,2,,105.0,81.34507903953141,94.000114,87.57412,75.12571258544922,88.19412711986324,70.25118408203124,68.18810798130627,0.7428537308655839,11.598588,0.111977555,,yes,,,,0.2764574660521581,0.0804437985746438,0.6430987353731982,0.0,new_material_family,prospective_open_external,probe_assisted,ls-psrmoe-v4.1,75.12571258544922,0.2685948065816442,44.26010248401226,118.43005559505056,0.9,no,medium,11.622352387651954,"{""neural"": 0.08044379857464382, ""physics"": 0.2764574660521581, ""xgboost"": 0.6430987353731982}"
PA_EXT_5AF9983FF446,EXT_5AF9983FF446,OPEN_TEXTILE_ANTI_WETTING_2019,SFC_B23DE8940451,LIQ_6656B41AB7,polymer_textile,prospective_open_external,2,,94.0,108.68454505929604,121.52705,106.406944,103.44866714477538,96.97473264347634,118.87230377197264,82.37199296323755,0.9493141607431448,12.060713,0.24091022,,yes,,,,0.2764574660521581,0.0804437985746438,0.6430987353731982,0.0,new_material_family,prospective_open_external,probe_assisted,ls-psrmoe-v4.1,103.44866714477538,0.2219224534742987,71.59956850377688,145.76952161481518,0.9,no,medium,12.098015992945156,"{""neural"": 0.08044379857464382, ""physics"": 0.2764574660521581, ""xgboost"": 0.6430987353731982}"
PA_EXT_B067D03F4F2E,EXT_B067D03F4F2E,OPEN_TEXTILE_ANTI_WETTING_2019,SFC_C90D1535E78D,LIQ_0F4168490E,polymer_textile,prospective_open_external,2,,101.0,104.77691432982576,109.049194,106.45741,102.73012228012084,105.40810395757056,103.76651611328126,103.59516392233785,0.3685538163040123,11.415599,0.043588348,,yes,,,,0.2764574660521581,0.0804437985746438,0.6430987353731982,0.0,new_material_family,prospective_open_external,probe_assisted,ls-psrmoe-v4.1,102.73012228012084,0.0385950279673844,67.69193777430661,141.86189088534493,0.9,no,medium,11.421546719285333,"{""neural"": 0.08044379857464382, ""physics"": 0.2764574660521581, ""xgboost"": 0.6430987353731982}"
PA_EXT_1B40295A791F,EXT_1B40295A791F,OPEN_TEXTILE_ANTI_WETTING_2019,SFC_C90D1535E78D,LIQ_1BD1B94C09,polymer_textile,prospective_open_external,2,,84.0,78.79936476567906,75.773026,75.60767,80.49957933425904,79.76976235531504,84.76117858886718,75.13332019225535,0.2727551046745644,11.332973,0.0022187338,,yes,,,,0.2764574660521581,0.0804437985746438,0.6430987353731982,0.0,new_material_family,prospective_open_external,probe_assisted,ls-psrmoe-v4.1,80.49957933425904,0.1325314950173206,41.7143882101599,115.8843413211982,0.9,no,medium,11.3362543035462,"{""neural"": 0.08044379857464382, ""physics"": 0.2764574660521581, ""xgboost"": 0.6430987353731982}"
PA_EXT_3B5D655ADA7C,EXT_3B5D655ADA7C,OPEN_TEXTILE_ANTI_WETTING_2019,SFC_C90D1535E78D,LIQ_6656B41AB7,polymer_textile,prospective_open_external,2,,60.0,62.48380004503251,80.70695,74.21981,53.18194007873535,57.72765932148896,57.014306640625,56.78303135488959,0.4758767454168552,11.5601015,0.10979928,,yes,,,,0.2764574660521581,0.0804437985746438,0.6430987353731982,0.0,new_material_family,prospective_open_external,probe_assisted,ls-psrmoe-v4.1,53.18194007873535,0.0388930196401688,25.398823489513354,99.56877660055169,0.9,no,medium,11.569892202496591,"{""neural"": 0.08044379857464382, ""physics"": 0.2764574660521581, ""xgboost"": 0.6430987353731982}"
PA_EXT_2E5AD1B19DD9,EXT_2E5AD1B19DD9,OPEN_TEXTILE_ANTI_WETTING_2019,SFC_F92838A9E6A2,LIQ_0F4168490E,polymer_textile,prospective_open_external,2,,105.0,107.35313686561112,110.87252,108.52986,105.69301843643188,107.74157942353644,106.74946746826171,105.56550491410948,0.4259052626276321,11.410021,0.039050467,,yes,,,,0.2764574660521581,0.0804437985746438,0.6430987353731982,0.0,new_material_family,prospective_open_external,probe_assisted,ls-psrmoe-v4.1,105.6930184364319,0.0426920644735854,70.26816031009199,144.43811342113028,0.9,no,medium,11.417967007911956,"{""neural"": 0.08044379857464382, ""physics"": 0.2764574660521581, ""xgboost"": 0.6430987353731982}"
PA_EXT_9E923F72BEB3,EXT_9E923F72BEB3,OPEN_TEXTILE_ANTI_WETTING_2019,SFC_F92838A9E6A2,LIQ_1BD1B94C09,polymer_textile,prospective_open_external,2,,88.0,82.39991330025151,79.95253,78.7357,83.91035079956055,83.20880115234671,85.16212921142578,76.27756420393362,0.3065728986260806,11.373495,0.020407312,,yes,,,,0.2764574660521581,0.0804437985746438,0.6430987353731982,0.0,new_material_family,prospective_open_external,probe_assisted,ls-psrmoe-v4.1,83.91035079956055,0.1618281706014912,45.31493674473236,119.48488985577066,0.9,no,medium,11.377626192478305,"{""neural"": 0.08044379857464382, ""physics"": 0.2764574660521581, ""xgboost"": 0.6430987353731982}"
PA_EXT_88A27790C2BD,EXT_88A27790C2BD,OPEN_TEXTILE_ANTI_WETTING_2019,SFC_F92838A9E6A2,LIQ_6656B41AB7,polymer_textile,prospective_open_external,2,,63.0,64.72356956964202,83.13796,76.2574,55.36478652954101,58.35537035963324,57.27637329101562,56.37906592924914,0.4807114411159036,11.582087,0.11751404,,yes,,,,0.2764574660521581,0.0804437985746438,0.6430987353731982,0.0,new_material_family,prospective_open_external,probe_assisted,ls-psrmoe-v4.1,55.36478652954101,0.0483485989456618,27.63859301412287,101.80854612516116,0.9,no,medium,11.592058171222272,"{""neural"": 0.08044379857464382, ""physics"": 0.2764574660521581, ""xgboost"": 0.6430987353731982}"
PA_EXT_4DA44BDBC109,EXT_4DA44BDBC109,OPEN_TEXTILE_ANTI_WETTING_2019,SFC_F8CAAE03FE56,LIQ_0F4168490E,polymer_textile,prospective_open_external,2,,96.0,104.0326495265368,108.74433,105.01213,101.88465461730956,104.9117618387257,102.71798095703124,101.9409195884145,0.4764950111233709,11.456804,0.06286105,,yes,,,,0.2764574660521581,0.0804437985746438,0.6430987353731982,0.0,new_material_family,prospective_open_external,probe_assisted,ls-psrmoe-v4.1,101.88465461730956,0.0487075944395509,66.94767297101762,141.11762608205595,0.9,no,medium,11.466708843562367,"{""neural"": 0.08044379857464382, ""physics"": 0.2764574660521581, ""xgboost"": 0.6430987353731982}"
PA_EXT_AB64302191E1,EXT_AB64302191E1,OPEN_TEXTILE_ANTI_WETTING_2019,SFC_F8CAAE03FE56,LIQ_1BD1B94C09,polymer_textile,prospective_open_external,2,,82.0,74.4947198466095,72.21012,72.47511,75.7294590473175,76.18129337974464,77.2415786743164,71.80029657803438,0.3179541263051371,11.313855,-0.005121812,,yes,,,,0.2764574660521581,0.0804437985746438,0.6430987353731982,0.0,new_material_family,prospective_open_external,probe_assisted,ls-psrmoe-v4.1,75.7294590473175,0.1232215988008675,37.40974329109034,111.57969640212866,0.9,no,medium,11.318322033826622,"{""neural"": 0.08044379857464382, ""physics"": 0.2764574660521581, ""xgboost"": 0.6430987353731982}"
PA_EXT_90EB026C806A,EXT_90EB026C806A,OPEN_TEXTILE_ANTI_WETTING_2019,SFC_F8CAAE03FE56,LIQ_6656B41AB7,polymer_textile,prospective_open_external,2,,61.0,64.77673086810722,85.061356,77.20734,54.501790618896486,58.75398456838657,54.64101638793945,55.129887931057816,0.5930731920083006,11.628616,0.13481286,,yes,,,,0.2764574660521581,0.0804437985746438,0.6430987353731982,0.0,new_material_family,prospective_open_external,probe_assisted,ls-psrmoe-v4.1,54.501790618896486,0.0493121567851121,27.691754312588067,101.86170742362636,0.9,no,medium,11.643730228383642,"{""neural"": 0.08044379857464382, ""physics"": 0.2764574660521581, ""xgboost"": 0.6430987353731982}"
PA_EXT_1D5570A27934,EXT_1D5570A27934,OPEN_TEXTILE_ANTI_WETTING_2019,SFC_96459A5711ED,LIQ_0F4168490E,polymer_textile,prospective_open_external,2,,106.0,104.5423394115493,117.595436,108.75022,98.40467529296876,109.84871407475411,95.41312103271484,96.41333786737854,0.9637886185885168,11.708646,0.14300643,,yes,,,,0.2764574660521581,0.0804437985746438,0.6430987353731982,0.0,new_material_family,prospective_open_external,probe_assisted,ls-psrmoe-v4.1,98.40467529296876,0.2465907131824611,67.45736285603016,141.62731596706843,0.9,no,medium,11.748245633029152,"{""neural"": 0.08044379857464382, ""physics"": 0.2764574660521581, ""xgboost"": 0.6430987353731982}"
PA_EXT_C2CBB107CCEB,EXT_C2CBB107CCEB,OPEN_TEXTILE_ANTI_WETTING_2019,SFC_96459A5711ED,LIQ_1BD1B94C09,polymer_textile,prospective_open_external,2,,102.0,81.03996997523998,93.68076,87.1817,74.83764724731445,87.86047913559452,69.62803192138672,67.72298611967943,0.7391936497972859,11.602011,0.11323693,,yes,,,,0.2764574660521581,0.0804437985746438,0.6430987353731982,0.0,new_material_family,prospective_open_external,probe_assisted,ls-psrmoe-v4.1,74.83764724731445,0.2684525118734577,43.95499341972083,118.12494653075912,0.9,no,medium,11.625534833274102,"{""neural"": 0.08044379857464382, ""physics"": 0.2764574660521581, ""xgboost"": 0.6430987353731982}"
PA_EXT_608AC2D3D381,EXT_608AC2D3D381,OPEN_TEXTILE_ANTI_WETTING_2019,SFC_96459A5711ED,LIQ_6656B41AB7,polymer_textile,prospective_open_external,2,,95.0,97.17575495092744,115.57,101.778946,88.69257164001465,90.67068658311392,95.95968780517578,80.24896290369813,0.2547925765415311,11.98902,0.22783986,,yes,,,,0.2764574660521581,0.0804437985746438,0.6430987353731982,0.0,new_material_family,prospective_open_external,probe_assisted,ls-psrmoe-v4.1,88.69257164001465,0.1966807275943511,60.09077839540827,134.26073150644658,0.9,no,medium,11.991727488235911,"{""neural"": 0.08044379857464382, ""physics"": 0.2764574660521581, ""xgboost"": 0.6430987353731982}"
PA_EXT_0AE552940B30,EXT_0AE552940B30,OPEN_TEXTILE_ANTI_WETTING_2019,SFC_DE9D8D16E40F,LIQ_0F4168490E,polymer_textile,prospective_open_external,2,,104.0,107.69062338174533,110.93745,110.265236,105.9728154182434,108.1804262192771,107.11846466064452,106.2576806469001,0.4091021585016216,11.353138,0.011508857,,yes,,,,0.2764574660521581,0.0804437985746438,0.6430987353731982,0.0,new_material_family,prospective_open_external,probe_assisted,ls-psrmoe-v4.1,105.9728154182434,0.0598103503874162,70.60564682622615,144.77559993726447,0.9,no,medium,11.360506429789174,"{""neural"": 0.08044379857464382, ""physics"": 0.2764574660521581, ""xgboost"": 0.6430987353731982}"
PA_EXT_3549187670B3,EXT_3549187670B3,OPEN_TEXTILE_ANTI_WETTING_2019,SFC_DE9D8D16E40F,LIQ_1BD1B94C09,polymer_textile,prospective_open_external,2,,90.0,81.44346475555076,78.447395,77.709435,83.1985068321228,82.09257117028895,85.13480072021484,76.23344818561445,0.2803969642066741,11.355513,0.012104454,,yes,,,,0.2764574660521581,0.0804437985746438,0.6430987353731982,0.0,new_material_family,prospective_open_external,probe_assisted,ls-psrmoe-v4.1,83.1985068321228,0.1472847386365172,44.35848820003161,118.52844131106993,0.9,no,medium,11.358973954465515,"{""neural"": 0.08044379857464382, ""physics"": 0.2764574660521581, ""xgboost"": 0.6430987353731982}"
PA_EXT_925A4AF449D5,EXT_925A4AF449D5,OPEN_TEXTILE_ANTI_WETTING_2019,SFC_DE9D8D16E40F,LIQ_6656B41AB7,polymer_textile,prospective_open_external,2,,61.0,67.21787482959701,89.724754,81.2998,55.78106460571289,64.09991423757894,53.30754928588867,57.12330514346951,0.473347510375695,11.665517,0.14612287,,yes,,,,0.2764574660521581,0.0804437985746438,0.6430987353731982,0.0,new_material_family,prospective_open_external,probe_assisted,ls-psrmoe-v4.1,55.78106460571289,0.0738125922369997,30.132898274077853,104.30285138511616,0.9,no,medium,11.675116330082709,"{""neural"": 0.08044379857464382, ""physics"": 0.2764574660521581, ""xgboost"": 0.6430987353731982}"
PA_EXT_AF4963616E76,EXT_AF4963616E76,OPEN_TEXTILE_ANTI_WETTING_2019,SFC_A7A6BDD5941D,LIQ_0F4168490E,polymer_textile,prospective_open_external,2,,0.0,41.8184434210336,58.574562,66.081474,31.580257415771484,47.93314171881562,35.697541046142575,60.56382631815514,0.4653223687753257,11.070771,-0.11705847,,yes,,,,0.2764574660521581,0.0804437985746438,0.6430987353731982,0.0,new_material_family,prospective_open_external,probe_assisted,ls-psrmoe-v4.1,31.58025741577148,0.1764269749331669,4.733466865514444,78.90341997655275,0.9,no,medium,11.08054602687537,"{""neural"": 0.08044379857464382, ""physics"": 0.2764574660521581, ""xgboost"": 0.6430987353731982}"
PA_EXT_74D717509DFB,EXT_74D717509DFB,OPEN_TEXTILE_ANTI_WETTING_2019,SFC_A7A6BDD5941D,LIQ_1BD1B94C09,polymer_textile,prospective_open_external,2,,0.0,12.59281687280885,0.0,35.305584,15.16516990661621,12.89097748876399,23.00754165649414,47.79465789912384,0.2201633815243638,10.858744,-0.1869329,,yes,,,,0.2764574660521581,0.0804437985746438,0.6430987353731982,0.0,new_material_family,prospective_open_external,probe_assisted,ls-psrmoe-v4.1,15.16516990661621,0.3149912486766393,0.0,49.677793428328,0.9,no,medium,10.860975368412474,"{""neural"": 0.08044379857464382, ""physics"": 0.2764574660521581, ""xgboost"": 0.6430987353731982}"
PA_EXT_6E149AD2F9BC,EXT_6E149AD2F9BC,OPEN_TEXTILE_ANTI_WETTING_2019,SFC_A7A6BDD5941D,LIQ_6656B41AB7,polymer_textile,prospective_open_external,2,,0.0,47.27692521375733,83.04143,68.414276,29.25833511352539,48.37800513992685,30.455782318115237,46.44434595668078,0.8449281413195211,12.124674,0.24549022,,yes,,,,0.2764574660521581,0.0804437985746438,0.6430987353731982,0.0,new_material_family,prospective_open_external,probe_assisted,ls-psrmoe-v4.1,29.25833511352539,0.4547884435716664,10.191948658238177,84.36190176927649,0.9,no,medium,12.154078302052715,"{""neural"": 0.08044379857464382, ""physics"": 0.2764574660521581, ""xgboost"": 0.6430987353731982}"
PA_EXT_A77898F3791B,EXT_A77898F3791B,OPEN_TEXTILE_ANTI_WETTING_2019,SFC_AEE4770633F2,LIQ_0F4168490E,polymer_textile,prospective_open_external,2,,166.0,162.8271076151176,162.67538,136.61137,166.17159900665283,163.53514677137042,144.32880859375,121.87638715425604,1.43149924647167,12.10638,0.23275857,,yes,,,,0.2764574660521581,0.0804437985746438,0.6430987353731982,0.0,new_material_family,prospective_open_external,probe_assisted,ls-psrmoe-v4.1,166.17159900665283,0.3899023332411312,125.74213105959844,180.0,0.9,no,medium,12.190719338865836,"{""neural"": 0.08044379857464382, ""physics"": 0.2764574660521581, ""xgboost"": 0.6430987353731982}"
PA_EXT_2B7215CA739E,EXT_2B7215CA739E,OPEN_TEXTILE_ANTI_WETTING_2019,SFC_AEE4770633F2,LIQ_1BD1B94C09,polymer_textile,prospective_open_external,2,,159.0,156.8034594692448,157.8953,133.65897,159.2291913509369,158.3823825941068,137.54756774902344,109.0924038777414,1.410265824222915,12.134766,0.24011144,,yes,,,,0.2764574660521581,0.0804437985746438,0.6430987353731982,0.0,new_material_family,prospective_open_external,probe_assisted,ls-psrmoe-v4.1,159.2291913509369,0.3427589951951593,119.71848291372564,180.0,0.9,no,medium,12.216439189414109,"{""neural"": 0.08044379857464382, ""physics"": 0.2764574660521581, ""xgboost"": 0.6430987353731982}"
PA_EXT_6A76549F5884,EXT_6A76549F5884,OPEN_TEXTILE_ANTI_WETTING_2019,SFC_AEE4770633F2,LIQ_6656B41AB7,polymer_textile,prospective_open_external,2,,153.0,140.8088689280861,157.09984,130.71005,135.0688903808594,147.06829102243654,115.61383056640624,102.59266464955242,0.8413516823728204,12.2686615,0.27042565,,yes,,,,0.2764574660521581,0.0804437985746438,0.6430987353731982,0.0,new_material_family,prospective_open_external,probe_assisted,ls-psrmoe-v4.1,135.0688903808594,0.3952349877734437,103.72389237256697,177.89384548360525,0.9,no,medium,12.29747647410035,"{""neural"": 0.08044379857464382, ""physics"": 0.2764574660521581, ""xgboost"": 0.6430987353731982}"
PA_EXT_14B3DFB49864,EXT_14B3DFB49864,OPEN_TEXTILE_ANTI_WETTING_2019,SFC_E0770C382AAA,LIQ_0F4168490E,polymer_textile,prospective_open_external,2,,164.0,148.11016980311854,158.42934,133.74863,145.47058506011962,152.74083765325958,139.3081817626953,112.44111707482188,1.2118546224620603,12.162164,0.24176092,,yes,,,,0.2764574660521581,0.0804437985746438,0.6430987353731982,0.0,new_material_family,prospective_open_external,probe_assisted,ls-psrmoe-v4.1,145.47058506011962,0.3981110316117066,111.0251932475994,180.0,0.9,no,medium,12.222390041608628,"{""neural"": 0.08044379857464382, ""physics"": 0.2764574660521581, ""xgboost"": 0.6430987353731982}"
PA_EXT_038669031712,EXT_038669031712,OPEN_TEXTILE_ANTI_WETTING_2019,SFC_E0770C382AAA,LIQ_1BD1B94C09,polymer_textile,prospective_open_external,2,,152.0,153.4582117099344,154.01064,132.2553,155.87295993566514,151.39178303841706,137.54756774902344,109.42104390016054,1.2436932579024929,12.077623,0.23017666,,yes,,,,0.2764574660521581,0.0804437985746438,0.6430987353731982,0.0,new_material_family,prospective_open_external,probe_assisted,ls-psrmoe-v4.1,155.87295993566514,0.3366077355089108,116.37323515441526,180.0,0.9,no,medium,12.141489164115509,"{""neural"": 0.08044379857464382, ""physics"": 0.2764574660521581, ""xgboost"": 0.6430987353731982}"
PA_EXT_6181C20E4C23,EXT_6181C20E4C23,OPEN_TEXTILE_ANTI_WETTING_2019,SFC_E0770C382AAA,LIQ_6656B41AB7,polymer_textile,prospective_open_external,2,,148.0,136.36906894495328,150.66582,128.08093,131.2598789215088,136.20143786030627,121.67926025390624,103.26328245153256,0.9020946428240052,12.167994,0.25637144,,yes,,,,0.2764574660521581,0.0804437985746438,0.6430987353731982,0.0,new_material_family,prospective_open_external,probe_assisted,ls-psrmoe-v4.1,131.2598789215088,0.3767392342824934,99.28409238943414,173.45404550047243,0.9,no,medium,12.20138687480754,"{""neural"": 0.08044379857464382, ""physics"": 0.2764574660521581, ""xgboost"": 0.6430987353731982}"
PA_EXT_72A5665216D0,EXT_72A5665216D0,OPEN_TEXTILE_ANTI_WETTING_2019,SFC_D1ADE9B03D51,LIQ_0F4168490E,polymer_textile,prospective_open_external,2,,126.0,90.9369566283759,101.36646,111.532166,83.87727603912353,97.98170597887692,80.60914306640625,100.35053769843786,0.8856460340523008,10.967257,-0.1694644,,yes,,,,0.2764574660521581,0.0804437985746438,0.6430987353731982,0.0,new_material_family,prospective_open_external,probe_assisted,ls-psrmoe-v4.1,83.87727603912353,0.2564432776090137,53.85198007285674,128.02193318389504,0.9,no,medium,11.002958013364507,"{""neural"": 0.08044379857464382, ""physics"": 0.2764574660521581, ""xgboost"": 0.6430987353731982}"
PA_EXT_2BFE763DBE7F,EXT_2BFE763DBE7F,OPEN_TEXTILE_ANTI_WETTING_2019,SFC_D1ADE9B03D51,LIQ_1BD1B94C09,polymer_textile,prospective_open_external,2,,84.0,74.41824507522486,73.63381,88.83003,72.95272125005722,75.58598679301218,72.22386932373047,82.26014475391386,1.2372701950967269,10.701715,-0.2613678,,yes,,,,0.2764574660521581,0.0804437985746438,0.6430987353731982,0.0,new_material_family,prospective_open_external,probe_assisted,ls-psrmoe-v4.1,72.95272125005722,0.3586936168153264,37.333268519705705,111.503221630744,0.9,no,medium,10.7730010453365,"{""neural"": 0.08044379857464382, ""physics"": 0.2764574660521581, ""xgboost"": 0.6430987353731982}"
PA_EXT_8D65AE043571,EXT_8D65AE043571,OPEN_TEXTILE_ANTI_WETTING_2019,SFC_D1ADE9B03D51,LIQ_6656B41AB7,polymer_textile,prospective_open_external,2,,0.0,64.46813358619926,75.726906,80.4979,57.62304611206055,62.607503495874674,59.27408981323242,71.46877555357406,0.7039312364899648,11.150325,-0.08160792,,yes,,,,0.2764574660521581,0.0804437985746438,0.6430987353731982,0.0,new_material_family,prospective_open_external,probe_assisted,ls-psrmoe-v4.1,57.62304611206055,0.3318140409841822,27.383157030680103,101.5531101417184,0.9,no,medium,11.172522669927533,"{""neural"": 0.08044379857464382, ""physics"": 0.2764574660521581, ""xgboost"": 0.6430987353731982}"
PA_EXT_C6C3DE3E198C,EXT_C6C3DE3E198C,OPEN_TEXTILE_ANTI_WETTING_2019,SFC_F4A35D2DD4C5,LIQ_0F4168490E,polymer_textile,prospective_open_external,2,,147.0,142.12328728936455,149.83386,129.82178,140.34740781784058,144.5779725330368,145.44912109375,112.81609361239929,1.2552544137843735,12.074582,0.22709975,,yes,,,,0.2764574660521581,0.0804437985746438,0.6430987353731982,0.0,new_material_family,prospective_open_external,probe_assisted,ls-psrmoe-v4.1,140.34740781784058,0.3784294831233162,105.0383107338454,179.2082638448837,0.9,no,medium,12.139653888431171,"{""neural"": 0.08044379857464382, ""physics"": 0.2764574660521581, ""xgboost"": 0.6430987353731982}"
PA_EXT_CB7F947E87F6,EXT_CB7F947E87F6,OPEN_TEXTILE_ANTI_WETTING_2019,SFC_F4A35D2DD4C5,LIQ_1BD1B94C09,polymer_textile,prospective_open_external,2,,143.0,146.6317066864332,141.1501,123.2917,151.9077075958252,138.0331036938873,150.68871459960937,101.8633569275784,1.1537040671330034,12.077572,0.23186159,,yes,,,,0.2764574660521581,0.0804437985746438,0.6430987353731982,0.0,new_material_family,prospective_open_external,probe_assisted,ls-psrmoe-v4.1,151.9077075958252,0.3737399985974879,109.54673013091406,180.0,0.9,no,medium,12.132550239866264,"{""neural"": 0.08044379857464382, ""physics"": 0.2764574660521581, ""xgboost"": 0.6430987353731982}"
PA_EXT_08747D17F0BD,EXT_08747D17F0BD,OPEN_TEXTILE_ANTI_WETTING_2019,SFC_F4A35D2DD4C5,LIQ_6656B41AB7,polymer_textile,prospective_open_external,2,,140.0,135.25063643823836,144.44974,123.24022,132.79845218658448,122.98519398194124,127.67349548339844,92.9023779175927,0.7882268175477333,12.2327,0.2663547,,yes,,,,0.2764574660521581,0.0804437985746438,0.6430987353731982,0.0,new_material_family,prospective_open_external,probe_assisted,ls-psrmoe-v4.1,132.79845218658448,0.3302783092253387,98.1656598827192,172.3356129937575,0.9,no,medium,12.258069151274343,"{""neural"": 0.08044379857464382, ""physics"": 0.2764574660521581, ""xgboost"": 0.6430987353731982}"
PA_EXT_8197A3621B99,EXT_8197A3621B99,OPEN_TEXTILE_ANTI_WETTING_2019,SFC_B6F1BA3CA55E,LIQ_0F4168490E,polymer_textile,prospective_open_external,2,,145.0,152.02390651496316,145.53055,129.1135,157.68110618591308,143.60481200691234,161.0484619140625,122.6770497823248,0.6729440137757986,11.923641,0.19690187,,yes,,,,0.2764574660521581,0.0804437985746438,0.6430987353731982,0.0,new_material_family,prospective_open_external,probe_assisted,ls-psrmoe-v4.1,157.68110618591308,0.3256084980536493,114.938929959444,180.0,0.9,no,medium,11.942615845253146,"{""neural"": 0.08044379857464382, ""physics"": 0.2764574660521581, ""xgboost"": 0.6430987353731982}"
PA_EXT_9C403EA34EBF,EXT_9C403EA34EBF,OPEN_TEXTILE_ANTI_WETTING_2019,SFC_B6F1BA3CA55E,LIQ_1BD1B94C09,polymer_textile,prospective_open_external,2,,136.0,142.25561171621078,134.02821,119.62041,148.62382125854492,130.86098892670816,153.72846374511718,107.06385808409556,0.6042125900752583,11.935007,0.20282888,,yes,,,,0.2764574660521581,0.0804437985746438,0.6430987353731982,0.0,new_material_family,prospective_open_external,probe_assisted,ls-psrmoe-v4.1,148.62382125854492,0.3350499101238903,105.17063516069165,179.34058827172993,0.9,no,medium,11.95029151191501,"{""neural"": 0.08044379857464382, ""physics"": 0.2764574660521581, ""xgboost"": 0.6430987353731982}"
PA_EXT_0DF6420B4440,EXT_0DF6420B4440,OPEN_TEXTILE_ANTI_WETTING_2019,SFC_B6F1BA3CA55E,LIQ_6656B41AB7,polymer_textile,prospective_open_external,2,,127.0,124.02757036433924,131.25328,114.46007,122.11813526153564,109.8895738437724,120.39708251953124,93.76839977130926,0.4956064061209048,12.0952425,0.24603319,,yes,,,,0.2764574660521581,0.0804437985746438,0.6430987353731982,0.0,new_material_family,prospective_open_external,probe_assisted,ls-psrmoe-v4.1,122.11813526153564,0.2837480260866332,86.94259380882008,161.1125469198584,0.9,no,medium,12.105392056888396,"{""neural"": 0.08044379857464382, ""physics"": 0.2764574660521581, ""xgboost"": 0.6430987353731982}"
PA_EXT_E6B7DB163BBF,EXT_E6B7DB163BBF,OPEN_TEXTILE_ANTI_WETTING_2019,SFC_ADC096AE0D75,LIQ_0F4168490E,polymer_textile,prospective_open_external,2,,129.0,41.8184434210336,58.574562,66.081474,31.580257415771484,47.93314171881562,35.697541046142575,60.56382631815514,0.4653223687753257,11.070771,-0.11705847,,yes,,,,0.2764574660521581,0.0804437985746438,0.6430987353731982,0.0,new_material_family,prospective_open_external,probe_assisted,ls-psrmoe-v4.1,31.58025741577148,0.1764269749331669,4.733466865514444,78.90341997655275,0.9,no,medium,11.08054602687537,"{""neural"": 0.08044379857464382, ""physics"": 0.2764574660521581, ""xgboost"": 0.6430987353731982}"
PA_EXT_CE643B4A3F85,EXT_CE643B4A3F85,OPEN_TEXTILE_ANTI_WETTING_2019,SFC_ADC096AE0D75,LIQ_1BD1B94C09,polymer_textile,prospective_open_external,2,,0.0,75.77013204115143,74.88027,90.456924,74.31552975177765,76.63135439302016,70.56019592285156,82.66674107844138,1.0532593369152026,10.673131,-0.26880753,,yes,,,,0.2764574660521581,0.0804437985746438,0.6430987353731982,0.0,new_material_family,prospective_open_external,probe_assisted,ls-psrmoe-v4.1,74.31552975177765,0.3451541309794395,38.68515548563227,112.8551085966706,0.9,no,medium,10.724974607930122,"{""neural"": 0.08044379857464382, ""physics"": 0.2764574660521581, ""xgboost"": 0.6430987353731982}"
PA_EXT_FE000B13E4CD,EXT_FE000B13E4CD,OPEN_TEXTILE_ANTI_WETTING_2019,SFC_ADC096AE0D75,LIQ_6656B41AB7,polymer_textile,prospective_open_external,2,,0.0,28.407096676840897,15.7534895,50.544228,31.077587509155272,21.61748238889282,49.31959533691406,71.2850033513417,0.7918252038887592,10.283918,-0.32706708,,yes,,,,0.2764574660521581,0.0804437985746438,0.6430987353731982,0.0,new_material_family,prospective_open_external,probe_assisted,ls-psrmoe-v4.1,31.077587509155272,0.5810806933703226,0.0,65.49207323236006,0.9,no,medium,10.31435719835124,"{""neural"": 0.08044379857464382, ""physics"": 0.2764574660521581, ""xgboost"": 0.6430987353731982}"
PA_EXT_80DEF70D19C2,EXT_80DEF70D19C2,OPEN_TEXTILE_ANTI_WETTING_2019,SFC_7E09C519A040,LIQ_0F4168490E,polymer_textile,prospective_open_external,2,,156.0,151.5346425580474,153.90765,131.8085,152.98202370405198,149.23019708907583,139.103857421875,112.62962872227416,1.1394133568880744,12.118223,0.23456132,,yes,,,,0.2764574660521581,0.0804437985746438,0.6430987353731982,0.0,new_material_family,prospective_open_external,probe_assisted,ls-psrmoe-v4.1,152.98202370405198,0.3894157548355161,114.44966600252826,180.0,0.9,no,medium,12.1716718690558,"{""neural"": 0.08044379857464382, ""physics"": 0.2764574660521581, ""xgboost"": 0.6430987353731982}"
PA_EXT_9AB928688B6A,EXT_9AB928688B6A,OPEN_TEXTILE_ANTI_WETTING_2019,SFC_7E09C519A040,LIQ_1BD1B94C09,polymer_textile,prospective_open_external,2,,150.0,148.04557116432184,151.38635,129.18518,148.968629270792,148.2456059236273,132.19107666015626,101.93323978394491,1.0534289502910632,12.180516,0.24847373,,yes,,,,0.2764574660521581,0.0804437985746438,0.6430987353731982,0.0,new_material_family,prospective_open_external,probe_assisted,ls-psrmoe-v4.1,148.968629270792,0.3875262830306378,110.9605946088027,180.0,0.9,no,medium,12.225984152567609,"{""neural"": 0.08044379857464382, ""physics"": 0.2764574660521581, ""xgboost"": 0.6430987353731982}"
PA_EXT_5361E028DB1F,EXT_5361E028DB1F,OPEN_TEXTILE_ANTI_WETTING_2019,SFC_7E09C519A040,LIQ_6656B41AB7,polymer_textile,prospective_open_external,2,,150.0,135.82601776267157,146.89159,124.69635,132.46129913330077,125.4010295972058,127.55361480712892,93.67506260621542,1.3583264076367167,12.256024,0.2693475,,yes,,,,0.2764574660521581,0.0804437985746438,0.6430987353731982,0.0,new_material_family,prospective_open_external,probe_assisted,ls-psrmoe-v4.1,132.46129913330077,0.3339998578124762,98.74104120715242,172.91099431819072,0.9,no,medium,12.331065799787734,"{""neural"": 0.08044379857464382, ""physics"": 0.2764574660521581, ""xgboost"": 0.6430987353731982}"
PA_EXT_3C536EB8B2E0,EXT_3C536EB8B2E0,OPEN_TEXTILE_ANTI_WETTING_2019,SFC_FE1BCA204FFA,LIQ_0F4168490E,polymer_textile,prospective_open_external,2,,151.0,143.20491721120175,153.04361,131.43755,140.44738121032714,147.09240293806295,139.8794158935547,112.42526774814137,1.1717214092550607,12.105867,0.23262353,,yes,,,,0.2764574660521581,0.0804437985746438,0.6430987353731982,0.0,new_material_family,prospective_open_external,probe_assisted,ls-psrmoe-v4.1,140.44738121032714,0.3868629556156072,106.11994065568264,180.0,0.9,no,medium,12.162440389372463,"{""neural"": 0.08044379857464382, ""physics"": 0.2764574660521581, ""xgboost"": 0.6430987353731982}"
PA_EXT_E53A49812943,EXT_E53A49812943,OPEN_TEXTILE_ANTI_WETTING_2019,SFC_FE1BCA204FFA,LIQ_1BD1B94C09,polymer_textile,prospective_open_external,2,,145.0,146.26476785897611,143.73921,124.91374,150.02121496200562,140.30714598601313,150.22603454589844,102.23056006457816,0.8039634417985612,12.101948,0.23608264,,yes,,,,0.2764574660521581,0.0804437985746438,0.6430987353731982,0.0,new_material_family,prospective_open_external,probe_assisted,ls-psrmoe-v4.1,150.02121496200562,0.3764928505890085,109.17979130345697,180.0,0.9,no,medium,12.128623062519068,"{""neural"": 0.08044379857464382, ""physics"": 0.2764574660521581, ""xgboost"": 0.6430987353731982}"
PA_EXT_EE607E307472,EXT_EE607E307472,OPEN_TEXTILE_ANTI_WETTING_2019,SFC_FE1BCA204FFA,LIQ_6656B41AB7,polymer_textile,prospective_open_external,2,,140.0,136.17614604355126,142.82263,122.257484,135.05998678207396,121.4016226664262,128.27203674316405,93.90001995575692,0.3749950106009429,12.214611,0.2639243,,yes,,,,0.2764574660521581,0.0804437985746438,0.6430987353731982,0.0,new_material_family,prospective_open_external,probe_assisted,ls-psrmoe-v4.1,135.05998678207396,0.3245975504233089,99.09116948803212,173.2611225990704,0.9,no,medium,12.220365970192908,"{""neural"": 0.08044379857464382, ""physics"": 0.2764574660521581, ""xgboost"": 0.6430987353731982}"
PA_EXT_618188348392,EXT_618188348392,OPEN_PLA_FILMS_2021,SFC_01B9AA1C0B74,LIQ_0F4168490E,polymer_film,prospective_open_external,2,,113.0,100.7188196290033,110.56246,103.83152,96.09784049987792,102.12000360201831,98.23766632080078,92.63558539907343,0.7261247784854926,11.613422,0.11302669,,yes,,,,0.2764574660521581,0.0804437985746438,0.6430987353731982,0.0,new_material_family,prospective_open_external,probe_assisted,ls-psrmoe-v4.1,96.09784049987792,0.1733732139766731,63.63384307348415,137.80379618452247,0.9,no,medium,11.636100587856689,"{""neural"": 0.08044379857464382, ""physics"": 0.2764574660521581, ""xgboost"": 0.6430987353731982}"
PA_EXT_069D7AE7FCAD,EXT_069D7AE7FCAD,OPEN_PLA_FILMS_2021,SFC_B1D8AACA85B5,LIQ_0F4168490E,polymer_film,prospective_open_external,2,,76.0,86.40105885107005,91.8056,91.48086,83.44231424331664,86.31412493008922,80.72037353515626,83.1310615112542,0.2686613306575422,11.352003,0.005759728,,yes,,,,0.2764574660521581,0.0804437985746438,0.6430987353731982,0.0,new_material_family,prospective_open_external,probe_assisted,ls-psrmoe-v4.1,83.44231424331664,0.0346109295661214,49.31608229555089,123.4860354065892,0.9,no,medium,11.355181779126932,"{""neural"": 0.08044379857464382, ""physics"": 0.2764574660521581, ""xgboost"": 0.6430987353731982}"
PA_EXT_8935C7528E56,EXT_8935C7528E56,OPEN_PLA_FILMS_2021,SFC_662849118DF0,LIQ_0F4168490E,polymer_film,prospective_open_external,2,,64.0,75.12166871623984,80.99552,82.23269,71.7070951461792,74.70504297838639,76.71142578125,77.5621446205531,0.2537851194763801,11.281151,-0.021727923,,yes,,,,0.2764574660521581,0.0804437985746438,0.6430987353731982,0.0,new_material_family,prospective_open_external,probe_assisted,ls-psrmoe-v4.1,71.7070951461792,0.0357009077223365,38.03669216072068,112.206645271759,0.9,no,medium,11.284005080751308,"{""neural"": 0.08044379857464382, ""physics"": 0.2764574660521581, ""xgboost"": 0.6430987353731982}"
PA_EXT_C98B044A6F7F,EXT_C98B044A6F7F,OPEN_PLA_FILMS_2021,SFC_29A9F5906DC4,LIQ_0F4168490E,polymer_film,prospective_open_external,2,,74.0,82.93702752891328,87.99238,88.436325,80.07592124938965,82.09796903705066,79.66403198242188,80.4749854763739,0.2666070137150634,11.32014,-0.007804471,,yes,,,,0.2764574660521581,0.0804437985746438,0.6430987353731982,0.0,new_material_family,prospective_open_external,probe_assisted,ls-psrmoe-v4.1,80.07592124938965,0.0263074732233376,45.85205097339412,120.02200408443244,0.9,no,medium,11.323278955963644,"{""neural"": 0.08044379857464382, ""physics"": 0.2764574660521581, ""xgboost"": 0.6430987353731982}"
PA_EXT_4299E75704B2,EXT_4299E75704B2,OPEN_PLA_FILMS_2021,SFC_01B9AA1C0B74,LIQ_1BD1B94C09,polymer_film,prospective_open_external,2,,92.0,85.0659427509836,93.73623,88.367744,80.92571563720703,88.39012670330837,77.72509307861328,72.06736149120778,0.8651643916786059,11.548872,0.09358432,,yes,,,,0.2764574660521581,0.0804437985746438,0.6430987353731982,0.0,new_material_family,prospective_open_external,probe_assisted,ls-psrmoe-v4.1,80.92571563720703,0.247021521605254,47.98096619546444,122.15091930650274,0.9,no,medium,11.581232825517962,"{""neural"": 0.08044379857464382, ""physics"": 0.2764574660521581, ""xgboost"": 0.6430987353731982}"
PA_EXT_C0A69AE67463,EXT_C0A69AE67463,OPEN_PLA_FILMS_2021,SFC_B1D8AACA85B5,LIQ_1BD1B94C09,polymer_film,prospective_open_external,2,,64.0,58.98838414165552,49.620243,55.60238,63.43914031982422,59.77052851696888,58.860722351074216,62.399919707683,0.5452649030845297,11.13665,-0.084256455,,yes,,,,0.2764574660521581,0.0804437985746438,0.6430987353731982,0.0,new_material_family,prospective_open_external,probe_assisted,ls-psrmoe-v4.1,63.43914031982423,0.0884001077283831,21.903407586136368,96.07336069717468,0.9,no,medium,11.149990535434185,"{""neural"": 0.08044379857464382, ""physics"": 0.2764574660521581, ""xgboost"": 0.6430987353731982}"
PA_EXT_59A1C74C7C24,EXT_59A1C74C7C24,OPEN_PLA_FILMS_2021,SFC_662849118DF0,LIQ_1BD1B94C09,polymer_film,prospective_open_external,2,,54.0,50.25069143799504,36.51293,45.640003,56.733066940307616,50.05368243429554,48.735005950927736,59.2851017728828,0.2677572596623306,11.075511,-0.106627725,,yes,,,,0.2764574660521581,0.0804437985746438,0.6430987353731982,0.0,new_material_family,prospective_open_external,probe_assisted,ls-psrmoe-v4.1,56.733066940307616,0.1438280023856694,13.165714882475882,87.33566799351419,0.9,no,medium,11.078747103773871,"{""neural"": 0.08044379857464382, ""physics"": 0.2764574660521581, ""xgboost"": 0.6430987353731982}"
PA_EXT_28942280B8C6,EXT_28942280B8C6,OPEN_PLA_FILMS_2021,SFC_29A9F5906DC4,LIQ_1BD1B94C09,polymer_film,prospective_open_external,2,,60.0,58.82427527681187,46.816944,53.744698,64.62142066955566,58.44048950219044,59.442752838134766,61.78221808854288,0.4718211225920001,11.114256,-0.09435266,,yes,,,,0.2764574660521581,0.0804437985746438,0.6430987353731982,0.0,new_material_family,prospective_open_external,probe_assisted,ls-psrmoe-v4.1,64.62142066955566,0.1017108346375202,21.739298721292712,95.90925183233102,0.9,no,medium,11.124266245326746,"{""neural"": 0.08044379857464382, ""physics"": 0.2764574660521581, ""xgboost"": 0.6430987353731982}"
PA_EXT_264C8AB42663,EXT_264C8AB42663,OPEN_PLA_FILMS_2021,SFC_01B9AA1C0B74,LIQ_6656B41AB7,polymer_film,prospective_open_external,2,,83.0,67.37661093569282,78.789955,73.16436,61.74622707366943,58.38789574430734,60.03894729614258,60.69419901640466,0.5569159723432761,11.522244,0.0945102,,yes,,,,0.2764574660521581,0.0804437985746438,0.6430987353731982,0.0,new_material_family,prospective_open_external,probe_assisted,ls-psrmoe-v4.1,61.74622707366943,0.0324990196342357,30.29163438017367,104.461587491212,0.9,no,medium,11.535695585652974,"{""neural"": 0.08044379857464382, ""physics"": 0.2764574660521581, ""xgboost"": 0.6430987353731982}"
PA_EXT_0C90915034B7,EXT_0C90915034B7,OPEN_PLA_FILMS_2021,SFC_B1D8AACA85B5,LIQ_6656B41AB7,polymer_film,prospective_open_external,2,,48.0,50.194764463421954,80.383934,71.69733,34.52723388671875,50.60967859348436,46.6771713256836,51.3301477039739,0.5073108471012903,11.653229,0.14615381,,yes,,,,0.2764574660521581,0.0804437985746438,0.6430987353731982,0.0,new_material_family,prospective_open_external,probe_assisted,ls-psrmoe-v4.1,34.52723388671875,0.0752397315757882,13.1097879079028,87.27974101894111,0.9,no,medium,11.66426615021345,"{""neural"": 0.08044379857464382, ""physics"": 0.2764574660521581, ""xgboost"": 0.6430987353731982}"
PA_EXT_197AF6112F5C,EXT_197AF6112F5C,OPEN_PLA_FILMS_2021,SFC_662849118DF0,LIQ_6656B41AB7,polymer_film,prospective_open_external,2,,47.0,46.10819280284169,80.53558,70.329124,28.2786865234375,48.03653212006392,36.2345474243164,49.41128040835821,0.6935654339879802,11.73058,0.17120175,,yes,,,,0.2764574660521581,0.0804437985746438,0.6430987353731982,0.0,new_material_family,prospective_open_external,probe_assisted,ls-psrmoe-v4.1,28.2786865234375,0.0621198431168602,9.023216247322535,83.19316935836085,0.9,no,medium,11.751065819207332,"{""neural"": 0.08044379857464382, ""physics"": 0.2764574660521581, ""xgboost"": 0.6430987353731982}"
PA_EXT_F7284554E363,EXT_F7284554E363,OPEN_PLA_FILMS_2021,SFC_29A9F5906DC4,LIQ_6656B41AB7,polymer_film,prospective_open_external,2,,46.0,51.352776711940606,75.35385,67.70155,38.990081024169925,49.68782535489667,47.68858184814453,52.38324997323804,0.3171961646851611,11.590685,0.12549356,,yes,,,,0.2764574660521581,0.0804437985746438,0.6430987353731982,0.0,new_material_family,prospective_open_external,probe_assisted,ls-psrmoe-v4.1,38.990081024169925,0.0635879887790381,14.267800156421451,88.43775326745975,0.9,no,medium,11.595024348550693,"{""neural"": 0.08044379857464382, ""physics"": 0.2764574660521581, ""xgboost"": 0.6430987353731982}"
PA_EXT_832E508A7F45,EXT_832E508A7F45,OPEN_PLA_FILMS_2021,SFC_4640D599C795,LIQ_0F4168490E,polymer_film,prospective_open_external,2,,43.0,39.23457766434053,53.93315,57.74517,30.600455856323244,48.06658789120452,31.059068298339845,64.661046306886,2.0869012304723724,11.167283,-0.057156425,,yes,,,,0.2764574660521581,0.0804437985746438,0.6430987353731982,0.0,new_material_family,prospective_open_external,probe_assisted,ls-psrmoe-v4.1,30.600455856323244,0.2234810222285881,2.149601108821379,76.3195542198597,0.9,yes,high,11.360605954215634,"{""neural"": 0.08044379857464382, ""physics"": 0.2764574660521581, ""xgboost"": 0.6430987353731982}"
PA_EXT_263F0D060209,EXT_263F0D060209,OPEN_PLA_FILMS_2021,SFC_869B011AB104,LIQ_0F4168490E,polymer_film,prospective_open_external,2,,74.0,83.39793045147316,89.07148,89.03898,80.25333957672119,83.42865985208803,79.30400390625,81.60216098216003,0.1877873748545437,11.33698,0.0005379647,,yes,,,,0.2764574660521581,0.0804437985746438,0.6430987353731982,0.0,new_material_family,prospective_open_external,probe_assisted,ls-psrmoe-v4.1,80.25333957672119,0.0290932582022345,46.312953895954,120.48290700699232,0.9,no,medium,11.338535027986428,"{""neural"": 0.08044379857464382, ""physics"": 0.2764574660521581, ""xgboost"": 0.6430987353731982}"
PA_EXT_4511C3A71669,EXT_4511C3A71669,OPEN_PLA_FILMS_2021,SFC_52F0F5BD3D6C,LIQ_0F4168490E,polymer_film,prospective_open_external,2,,71.0,73.87746935906705,79.67542,81.30564,70.45585193634034,73.45039689099617,75.9132308959961,76.42600100030162,0.4684776095418702,11.266706,-0.028470088,,yes,,,,0.2764574660521581,0.0804437985746438,0.6430987353731982,0.0,new_material_family,prospective_open_external,probe_assisted,ls-psrmoe-v4.1,70.45585193634034,0.0443994410609926,36.79249280354789,110.9624459145862,0.9,no,medium,11.276442075267088,"{""neural"": 0.08044379857464382, ""physics"": 0.2764574660521581, ""xgboost"": 0.6430987353731982}"
PA_EXT_8BBA4B544E54,EXT_8BBA4B544E54,OPEN_PLA_FILMS_2021,SFC_8864A171D8DB,LIQ_0F4168490E,polymer_film,prospective_open_external,2,,74.0,78.52669687483873,83.552315,84.590805,75.60772132873535,77.62137649631765,78.08838806152343,79.0440709032262,0.3148623559947933,11.292498,-0.018277027,,yes,,,,0.2764574660521581,0.0804437985746438,0.6430987353731982,0.0,new_material_family,prospective_open_external,probe_assisted,ls-psrmoe-v4.1,75.60772132873535,0.0345243702654423,41.44172031931958,115.61167343035788,0.9,no,medium,11.296886347005833,"{""neural"": 0.08044379857464382, ""physics"": 0.2764574660521581, ""xgboost"": 0.6430987353731982}"
PA_EXT_2EB8A593D55E,EXT_2EB8A593D55E,OPEN_PLA_FILMS_2021,SFC_4640D599C795,LIQ_1BD1B94C09,polymer_film,prospective_open_external,2,,24.0,13.763380787718894,0.0,33.258453,17.24143409729004,12.344839569450604,34.05989379882813,52.50230916821486,0.5476645085722008,10.913413,-0.16726775,,yes,,,,0.2764574660521581,0.0804437985746438,0.6430987353731982,0.0,new_material_family,prospective_open_external,probe_assisted,ls-psrmoe-v4.1,17.24143409729004,0.2496561087323954,0.0,50.84835734323805,0.9,no,medium,10.927146048517615,"{""neural"": 0.08044379857464382, ""physics"": 0.2764574660521581, ""xgboost"": 0.6430987353731982}"
PA_EXT_A9A71A63993D,EXT_A9A71A63993D,OPEN_PLA_FILMS_2021,SFC_869B011AB104,LIQ_1BD1B94C09,polymer_film,prospective_open_external,2,,62.0,58.457002282046766,48.069622,54.13799,63.46262035369873,59.03107533981722,58.40131149291992,61.76457931167087,0.5466945978428334,11.134733,-0.083842345,,yes,,,,0.2764574660521581,0.0804437985746438,0.6430987353731982,0.0,new_material_family,prospective_open_external,probe_assisted,ls-psrmoe-v4.1,63.46262035369873,0.1002813355334945,21.37202572652761,95.54197883756592,0.9,no,medium,11.148145963348515,"{""neural"": 0.08044379857464382, ""physics"": 0.2764574660521581, ""xgboost"": 0.6430987353731982}"
PA_EXT_B078FBEC9CEC,EXT_B078FBEC9CEC,OPEN_PLA_FILMS_2021,SFC_52F0F5BD3D6C,LIQ_1BD1B94C09,polymer_film,prospective_open_external,2,,52.0,55.36252694798031,43.29956,51.196033,61.069373321533206,55.42874260068135,56.16623229980469,60.67812497591857,0.458277631348495,11.093647,-0.10266514,,yes,,,,0.2764574660521581,0.0804437985746438,0.6430987353731982,0.0,new_material_family,prospective_open_external,probe_assisted,ls-psrmoe-v4.1,61.069373321533206,0.1055629569011166,18.27755039246115,92.44750350349946,0.9,no,medium,11.103108673629292,"{""neural"": 0.08044379857464382, ""physics"": 0.2764574660521581, ""xgboost"": 0.6430987353731982}"
PA_EXT_57487A07628B,EXT_57487A07628B,OPEN_PLA_FILMS_2021,SFC_8864A171D8DB,LIQ_1BD1B94C09,polymer_film,prospective_open_external,2,,56.0,58.82427527681187,46.816944,53.744698,64.62142066955566,58.44048950219044,59.442752838134766,61.78221808854288,0.4718211225920001,11.114256,-0.09435266,,yes,,,,0.2764574660521581,0.0804437985746438,0.6430987353731982,0.0,new_material_family,prospective_open_external,probe_assisted,ls-psrmoe-v4.1,64.62142066955566,0.1017108346375202,21.739298721292712,95.90925183233102,0.9,no,medium,11.124266245326746,"{""neural"": 0.08044379857464382, ""physics"": 0.2764574660521581, ""xgboost"": 0.6430987353731982}"
PA_EXT_45CE8585FF60,EXT_45CE8585FF60,OPEN_PLA_FILMS_2021,SFC_4640D599C795,LIQ_6656B41AB7,polymer_film,prospective_open_external,2,,48.0,43.27588000274896,65.968666,56.405476,31.87827606201172,45.04557072029179,27.98262252807617,50.339302251137084,1.178400346324344,11.625934,0.14352179,,yes,,,,0.2764574660521581,0.0804437985746438,0.6430987353731982,0.0,new_material_family,prospective_open_external,probe_assisted,ls-psrmoe-v4.1,31.87827606201172,0.2236386338012446,6.1909034472298,80.36085655826811,0.9,no,medium,11.685502151995257,"{""neural"": 0.08044379857464382, ""physics"": 0.2764574660521581, ""xgboost"": 0.6430987353731982}"
PA_EXT_B488569FF3A6,EXT_B488569FF3A6,OPEN_PLA_FILMS_2021,SFC_869B011AB104,LIQ_6656B41AB7,polymer_film,prospective_open_external,2,,49.0,53.33515623379087,79.649025,70.89901,39.826237487792966,49.48125040489074,47.72761306762696,51.32313832332591,0.4237234322789426,11.653692,0.1466636,,yes,,,,0.2764574660521581,0.0804437985746438,0.6430987353731982,0.0,new_material_family,prospective_open_external,probe_assisted,ls-psrmoe-v4.1,39.826237487792966,0.073103279653244,16.250179678271714,90.42013278931005,0.9,no,medium,11.661392905631049,"{""neural"": 0.08044379857464382, ""physics"": 0.2764574660521581, ""xgboost"": 0.6430987353731982}"
PA_EXT_489544822E64,EXT_489544822E64,OPEN_PLA_FILMS_2021,SFC_52F0F5BD3D6C,LIQ_6656B41AB7,polymer_film,prospective_open_external,2,,45.0,47.96638758865968,63.999218,59.34298,39.65106735229492,48.493774616021504,45.937548828125,53.79570121662681,0.3704190281782654,11.446151,0.06987497,,yes,,,,0.2764574660521581,0.0804437985746438,0.6430987353731982,0.0,new_material_family,prospective_open_external,probe_assisted,ls-psrmoe-v4.1,39.65106735229492,0.0913541534769046,10.881411033140523,85.05136414417883,0.9,no,medium,11.452142940455104,"{""neural"": 0.08044379857464382, ""physics"": 0.2764574660521581, ""xgboost"": 0.6430987353731982}"
PA_EXT_5C43DD51F487,EXT_5C43DD51F487,OPEN_PLA_FILMS_2021,SFC_8864A171D8DB,LIQ_6656B41AB7,polymer_film,prospective_open_external,2,,46.0,49.3612527597444,66.75127,61.617943,40.352412414550784,49.87517365481224,46.226382446289065,53.72671737589663,0.5062610111086212,11.470129,0.07916713,,yes,,,,0.2764574660521581,0.0804437985746438,0.6430987353731982,0.0,new_material_family,prospective_open_external,probe_assisted,ls-psrmoe-v4.1,40.352412414550784,0.0705080522001232,12.27627620422524,86.44622931526355,0.9,no,medium,11.481296084834868,"{""neural"": 0.08044379857464382, ""physics"": 0.2764574660521581, ""xgboost"": 0.6430987353731982}"
PA_EXT_0780FA855EA7,EXT_0780FA855EA7,OPEN_PLA_FILMS_2021,SFC_CA0DF2A414ED,LIQ_0F4168490E,polymer_film,prospective_open_external,2,,74.0,48.5698531409333,66.72051,68.391,38.28780288696289,56.76316491154838,48.38384399414063,67.66690804973403,0.5926031916236075,11.243449,-0.02818,,yes,,,,0.2764574660521581,0.0804437985746438,0.6430987353731982,0.0,new_material_family,prospective_open_external,probe_assisted,ls-psrmoe-v4.1,38.28780288696289,0.1533922432618472,11.484876585414147,85.65482969645245,0.9,no,medium,11.259055409126072,"{""neural"": 0.08044379857464382, ""physics"": 0.2764574660521581, ""xgboost"": 0.6430987353731982}"
PA_EXT_F2DE1724D72F,EXT_F2DE1724D72F,OPEN_PLA_FILMS_2021,SFC_0FBA62725BE6,LIQ_0F4168490E,polymer_film,prospective_open_external,2,,76.0,91.31171256437378,95.74746,95.18302,88.9206051826477,90.20551336628752,87.36410369873047,86.80205901079691,0.6627648270698482,11.36845,0.01009168,,yes,,,,0.2764574660521581,0.0804437985746438,0.6430987353731982,0.0,new_material_family,prospective_open_external,probe_assisted,ls-psrmoe-v4.1,88.9206051826477,0.0515770430365099,54.22673600885462,128.39668911989293,0.9,no,medium,11.387752911150937,"{""neural"": 0.08044379857464382, ""physics"": 0.2764574660521581, ""xgboost"": 0.6430987353731982}"
PA_EXT_5763DE0B39DD,EXT_5763DE0B39DD,OPEN_PLA_FILMS_2021,SFC_84FF6543987A,LIQ_0F4168490E,polymer_film,prospective_open_external,2,,74.0,83.13825847545255,88.7337,88.96559,80.00394134521484,82.932775282765,79.1339096069336,81.07013459851115,0.2118824968082621,11.328187,-0.0040797396,,yes,,,,0.2764574660521581,0.0804437985746438,0.6430987353731982,0.0,new_material_family,prospective_open_external,probe_assisted,ls-psrmoe-v4.1,80.00394134521484,0.0275087795713938,46.05328191993339,120.2232350309717,0.9,no,medium,11.330168341483892,"{""neural"": 0.08044379857464382, ""physics"": 0.2764574660521581, ""xgboost"": 0.6430987353731982}"
PA_EXT_62C7119859BF,EXT_62C7119859BF,OPEN_PLA_FILMS_2021,SFC_91B74A694C1A,LIQ_0F4168490E,polymer_film,prospective_open_external,2,,74.0,80.79641327961637,86.47087,87.01561,77.57911262512206,80.5848928987119,78.04820861816407,80.39269472623616,0.2637399457282147,11.3137,-0.009622103,,yes,,,,0.2764574660521581,0.0804437985746438,0.6430987353731982,0.0,new_material_family,prospective_open_external,probe_assisted,ls-psrmoe-v4.1,77.57911262512206,0.0300055754251054,43.71143672409722,117.88138983513554,0.9,no,medium,11.316773399035542,"{""neural"": 0.08044379857464382, ""physics"": 0.2764574660521581, ""xgboost"": 0.6430987353731982}"
PA_EXT_874FDB205BEC,EXT_874FDB205BEC,OPEN_PLA_FILMS_2021,SFC_CA0DF2A414ED,LIQ_1BD1B94C09,polymer_film,prospective_open_external,2,,43.0,59.06277981184518,50.22742,54.827034,63.39079399108887,60.2073634900881,57.37458114624023,61.79040767100471,0.6045481723904917,11.171219,-0.06523331,,yes,,,,0.2764574660521581,0.0804437985746438,0.6430987353731982,0.0,new_material_family,prospective_open_external,probe_assisted,ls-psrmoe-v4.1,63.39079399108886,0.1126598946671334,21.977803256326027,96.14775636736434,0.9,no,medium,11.187564953127223,"{""neural"": 0.08044379857464382, ""physics"": 0.2764574660521581, ""xgboost"": 0.6430987353731982}"
PA_EXT_1974721ED722,EXT_1974721ED722,OPEN_PLA_FILMS_2021,SFC_0FBA62725BE6,LIQ_1BD1B94C09,polymer_film,prospective_open_external,2,,66.0,58.60383906511864,48.02556,55.07885,63.59219932556152,59.29470793485687,57.85015029907227,62.20266486812925,0.4938630219310365,11.1107645,-0.097641274,,yes,,,,0.2764574660521581,0.0804437985746438,0.6430987353731982,0.0,new_material_family,prospective_open_external,probe_assisted,ls-psrmoe-v4.1,63.59219932556153,0.0906817586855596,21.518862509599487,95.6888156206378,0.9,no,medium,11.12173496070644,"{""neural"": 0.08044379857464382, ""physics"": 0.2764574660521581, ""xgboost"": 0.6430987353731982}"
PA_EXT_28B169088998,EXT_28B169088998,OPEN_PLA_FILMS_2021,SFC_84FF6543987A,LIQ_1BD1B94C09,polymer_film,prospective_open_external,2,,61.0,57.76979370440651,47.23059,53.874134,62.78772144317627,58.536549557527714,58.93069686889648,61.84420920788235,0.5525772248269571,11.120962,-0.0909083,,yes,,,,0.2764574660521581,0.0804437985746438,0.6430987353731982,0.0,new_material_family,prospective_open_external,probe_assisted,ls-psrmoe-v4.1,62.78772144317626,0.1010789361836709,20.684817148887355,94.85477025992566,0.9,no,medium,11.134681880242404,"{""neural"": 0.08044379857464382, ""physics"": 0.2764574660521581, ""xgboost"": 0.6430987353731982}"
PA_EXT_C0610F416EF7,EXT_C0610F416EF7,OPEN_PLA_FILMS_2021,SFC_91B74A694C1A,LIQ_1BD1B94C09,polymer_film,prospective_open_external,2,,59.0,57.76979370440651,47.23059,53.874134,62.78772144317627,58.536549557527714,58.93069686889648,61.84420920788235,0.5525772248269571,11.120962,-0.0909083,,yes,,,,0.2764574660521581,0.0804437985746438,0.6430987353731982,0.0,new_material_family,prospective_open_external,probe_assisted,ls-psrmoe-v4.1,62.78772144317626,0.1010789361836709,20.684817148887355,94.85477025992566,0.9,no,medium,11.134681880242404,"{""neural"": 0.08044379857464382, ""physics"": 0.2764574660521581, ""xgboost"": 0.6430987353731982}"
PA_EXT_A399484607B3,EXT_A399484607B3,OPEN_PLA_FILMS_2021,SFC_CA0DF2A414ED,LIQ_6656B41AB7,polymer_film,prospective_open_external,2,,54.0,46.84932884449634,36.160988,44.2667,51.76712436676026,38.77886786314233,49.755522918701175,56.05335343810043,0.3345452651243331,11.111867,-0.09343135,,yes,,,,0.2764574660521581,0.0804437985746438,0.6430987353731982,0.0,new_material_family,prospective_open_external,probe_assisted,ls-psrmoe-v4.1,51.76712436676026,0.2145310463956958,9.764352288977186,83.93430540001549,0.9,no,medium,11.116901891754445,"{""neural"": 0.08044379857464382, ""physics"": 0.2764574660521581, ""xgboost"": 0.6430987353731982}"
PA_EXT_0325D9C2E6F8,EXT_0325D9C2E6F8,OPEN_PLA_FILMS_2021,SFC_0FBA62725BE6,LIQ_6656B41AB7,polymer_film,prospective_open_external,2,,44.0,52.30830549590248,84.76604,75.053696,35.51009521484375,51.18192454711813,46.06344833374023,50.77387220554689,0.417406690011461,11.718474,0.16604453,,yes,,,,0.2764574660521581,0.0804437985746438,0.6430987353731982,0.0,new_material_family,prospective_open_external,probe_assisted,ls-psrmoe-v4.1,35.51009521484375,0.086263301408862,15.223328940383318,89.39328205142164,0.9,no,medium,11.725905949219902,"{""neural"": 0.08044379857464382, ""physics"": 0.2764574660521581, ""xgboost"": 0.6430987353731982}"
PA_EXT_2D1C9CE8FE08,EXT_2D1C9CE8FE08,OPEN_PLA_FILMS_2021,SFC_84FF6543987A,LIQ_6656B41AB7,polymer_film,prospective_open_external,2,,47.0,50.90320789055284,77.49997,69.28707,37.17010498046875,50.313427703246056,47.6432487487793,52.14211987236498,0.4766333797898476,11.621949,0.13625467,,yes,,,,0.2764574660521581,0.0804437985746438,0.6430987353731982,0.0,new_material_family,prospective_open_external,probe_assisted,ls-psrmoe-v4.1,37.17010498046875,0.0693595682892999,13.81823133503368,87.98818444607198,0.9,no,medium,11.631718810645442,"{""neural"": 0.08044379857464382, ""physics"": 0.2764574660521581, ""xgboost"": 0.6430987353731982}"
PA_EXT_CFE40CFC3BA1,EXT_CFE40CFC3BA1,OPEN_PLA_FILMS_2021,SFC_91B74A694C1A,LIQ_6656B41AB7,polymer_film,prospective_open_external,2,,47.0,49.72463128732803,73.20835,66.14223,37.57572937011719,49.16845386077456,47.22337646484375,52.414505061110766,0.3417086550363375,11.559885,0.11439023,,yes,,,,0.2764574660521581,0.0804437985746438,0.6430987353731982,0.0,new_material_family,prospective_open_external,probe_assisted,ls-psrmoe-v4.1,37.57572937011719,0.0718174020851115,12.639654731808877,86.80960784284719,0.9,no,medium,11.564934353324729,"{""neural"": 0.08044379857464382, ""physics"": 0.2764574660521581, ""xgboost"": 0.6430987353731982}"
PA_EXT_20E924898243,EXT_20E924898243,OPEN_PLA_FILMS_2021,SFC_46B777D53533,LIQ_0F4168490E,polymer_film,prospective_open_external,2,,113.0,109.76728781288436,119.449005,113.04885,105.19479484558106,113.72976663563888,99.48079681396484,105.11251098797482,0.7879160931861741,11.572802,0.101194285,,yes,,,,0.2764574660521581,0.0804437985746438,0.6430987353731982,0.0,new_material_family,prospective_open_external,probe_assisted,ls-psrmoe-v4.1,105.19479484558104,0.1670980017867559,72.6823112573652,146.85226436840352,0.9,no,medium,11.599592596751714,"{""neural"": 0.08044379857464382, ""physics"": 0.2764574660521581, ""xgboost"": 0.6430987353731982}"
PA_EXT_D5A2B07B71FE,EXT_D5A2B07B71FE,OPEN_PLA_FILMS_2021,SFC_2171EA47DB00,LIQ_0F4168490E,polymer_film,prospective_open_external,2,,106.0,104.51908625776966,108.54586,110.38664,102.05408334732056,105.53496944138598,103.27950134277344,104.79421428230742,0.2124275295022167,11.26576,-0.029853895,,yes,,,,0.2764574660521581,0.0804437985746438,0.6430987353731982,0.0,new_material_family,prospective_open_external,probe_assisted,ls-psrmoe-v4.1,102.05408334732056,0.0599418100563176,67.43410970225051,141.6040628132888,0.9,no,medium,11.267763013820677,"{""neural"": 0.08044379857464382, ""physics"": 0.2764574660521581, ""xgboost"": 0.6430987353731982}"
PA_EXT_FCDB7AFFCD9B,EXT_FCDB7AFFCD9B,OPEN_PLA_FILMS_2021,SFC_C73C8C6483E4,LIQ_0F4168490E,polymer_film,prospective_open_external,2,,111.0,106.9839924903737,110.46519,115.18337,104.46184244155884,108.00546608146897,105.36178436279296,106.17883719206507,0.5941503289400911,11.1794195,-0.07530307,,yes,,,,0.2764574660521581,0.0804437985746438,0.6430987353731982,0.0,new_material_family,prospective_open_external,probe_assisted,ls-psrmoe-v4.1,104.46184244155884,0.1423094372706394,69.89901593485453,144.06896904589286,0.9,no,medium,11.19519697736586,"{""neural"": 0.08044379857464382, ""physics"": 0.2764574660521581, ""xgboost"": 0.6430987353731982}"
PA_EXT_F0D8FCD36A83,EXT_F0D8FCD36A83,OPEN_PLA_FILMS_2021,SFC_B93E7618C45A,LIQ_0F4168490E,polymer_film,prospective_open_external,2,,108.0,106.77736676951524,110.36093,113.464645,104.40035495758056,107.95456628439938,105.36178436279296,106.45963310774992,0.5941213868748816,11.230038,-0.049729697,,yes,,,,0.2764574660521581,0.0804437985746438,0.6430987353731982,0.0,new_material_family,prospective_open_external,probe_assisted,ls-psrmoe-v4.1,104.40035495758056,0.1054315361294444,69.69239021399608,143.86234332503437,0.9,no,medium,11.245742604354607,"{""neural"": 0.08044379857464382, ""physics"": 0.2764574660521581, ""xgboost"": 0.6430987353731982}"
PA_EXT_DA1010942764,EXT_DA1010942764,OPEN_PLA_FILMS_2021,SFC_46B777D53533,LIQ_1BD1B94C09,polymer_film,prospective_open_external,2,,100.0,84.60075255980433,93.3218,88.10029,80.41396980285644,88.04371364889428,77.21448669433593,72.00791977383871,0.8255994173417587,11.542079,0.09101781,,yes,,,,0.2764574660521581,0.0804437985746438,0.6430987353731982,0.0,new_material_family,prospective_open_external,probe_assisted,ls-psrmoe-v4.1,80.41396980285644,0.2430451702354702,47.51577600428518,121.68572911532348,0.9,no,medium,11.571568665942934,"{""neural"": 0.08044379857464382, ""physics"": 0.2764574660521581, ""xgboost"": 0.6430987353731982}"
PA_EXT_57AAA740DBD8,EXT_57AAA740DBD8,OPEN_PLA_FILMS_2021,SFC_2171EA47DB00,LIQ_1BD1B94C09,polymer_film,prospective_open_external,2,,88.0,78.29011852603708,76.97872,78.414856,78.83826314806939,78.67367831390803,84.1761474609375,83.19009946499912,0.7146796186140085,11.25617,-0.02473401,,yes,,,,0.2764574660521581,0.0804437985746438,0.6430987353731982,0.0,new_material_family,prospective_open_external,probe_assisted,ls-psrmoe-v4.1,78.83826314806939,0.2515253885534126,41.20514197051792,115.37509508155622,0.9,no,medium,11.278835762973936,"{""neural"": 0.08044379857464382, ""physics"": 0.2764574660521581, ""xgboost"": 0.6430987353731982}"
PA_EXT_6FAB73084CB3,EXT_6FAB73084CB3,OPEN_PLA_FILMS_2021,SFC_C73C8C6483E4,LIQ_1BD1B94C09,polymer_film,prospective_open_external,2,,95.0,82.08996844746947,79.420044,83.04167,83.11867818832397,80.95738628926843,86.00130462646484,84.54988293987677,0.393266355543877,11.187005,-0.062547624,,yes,,,,0.2764574660521581,0.0804437985746438,0.6430987353731982,0.0,new_material_family,prospective_open_external,probe_assisted,ls-psrmoe-v4.1,83.11867818832397,0.2662744399156859,45.00499189195032,119.17494500298864,0.9,no,medium,11.19391532303048,"{""neural"": 0.08044379857464382, ""physics"": 0.2764574660521581, ""xgboost"": 0.6430987353731982}"
PA_EXT_793B32E71A38,EXT_793B32E71A38,OPEN_PLA_FILMS_2021,SFC_B93E7618C45A,LIQ_1BD1B94C09,polymer_film,prospective_open_external,2,,93.0,81.16693298918922,78.85328,80.408676,82.25638303756713,80.2984969599935,84.96833801269531,83.87593308269538,0.4027294945566881,11.254674,-0.026885528,,yes,,,,0.2764574660521581,0.0804437985746438,0.6430987353731982,0.0,new_material_family,prospective_open_external,probe_assisted,ls-psrmoe-v4.1,82.25638303756713,0.2535629810070265,44.08195643367007,118.25190954470838,0.9,no,medium,11.261877150045793,"{""neural"": 0.08044379857464382, ""physics"": 0.2764574660521581, ""xgboost"": 0.6430987353731982}"
PA_EXT_BB5D89275AD2,EXT_BB5D89275AD2,OPEN_PLA_FILMS_2021,SFC_46B777D53533,LIQ_6656B41AB7,polymer_film,prospective_open_external,2,,82.0,76.8700253068076,97.94078,88.14817,66.40129928588867,72.56087065593378,61.78209609985352,61.174111197839565,0.8691604525201357,11.74793,0.17040406,,yes,,,,0.2764574660521581,0.0804437985746438,0.6430987353731982,0.0,new_material_family,prospective_open_external,probe_assisted,ls-psrmoe-v4.1,66.40129928588867,0.1203995183852269,39.78504875128845,113.95500186232675,0.9,no,medium,11.78003773957372,"{""neural"": 0.08044379857464382, ""physics"": 0.2764574660521581, ""xgboost"": 0.6430987353731982}"
PA_EXT_E8E1679EDB31,EXT_E8E1679EDB31,OPEN_PLA_FILMS_2021,SFC_2171EA47DB00,LIQ_6656B41AB7,polymer_film,prospective_open_external,2,,53.0,63.63151866131999,81.35212,74.93677,54.599578094482425,57.31818039127543,57.71549758911133,56.74444324034298,0.5387091734705821,11.558896,0.10889421,,yes,,,,0.2764574660521581,0.0804437985746438,0.6430987353731982,0.0,new_material_family,prospective_open_external,probe_assisted,ls-psrmoe-v4.1,54.599578094482425,0.0423424388900155,26.54654210580083,100.71649521683916,0.9,no,medium,11.571442684880148,"{""neural"": 0.08044379857464382, ""physics"": 0.2764574660521581, ""xgboost"": 0.6430987353731982}"
PA_EXT_882D286A650A,EXT_882D286A650A,OPEN_PLA_FILMS_2021,SFC_C73C8C6483E4,LIQ_6656B41AB7,polymer_film,prospective_open_external,2,,53.0,67.58039304810421,89.44247,81.36084,56.45848503112793,64.3616124142998,54.25803756713867,57.69017827736991,0.5659704464058163,11.648754,0.14014252,,yes,,,,0.2764574660521581,0.0804437985746438,0.6430987353731982,0.0,new_material_family,prospective_open_external,probe_assisted,ls-psrmoe-v4.1,56.45848503112793,0.0804623847439661,30.495416492585058,104.66536960362336,0.9,no,medium,11.662495234359758,"{""neural"": 0.08044379857464382, ""physics"": 0.2764574660521581, ""xgboost"": 0.6430987353731982}"
PA_EXT_E31EC66D808C,EXT_E31EC66D808C,OPEN_PLA_FILMS_2021,SFC_B93E7618C45A,LIQ_6656B41AB7,polymer_film,prospective_open_external,2,,55.0,67.98419976835382,89.85292,81.57908,56.88264656066895,64.72396910580535,54.14806060791015,57.38669933631453,0.5602375699918222,11.658574,0.14355017,,yes,,,,0.2764574660521581,0.0804437985746438,0.6430987353731982,0.0,new_material_family,prospective_open_external,probe_assisted,ls-psrmoe-v4.1,56.88264656066895,0.0757187725627702,30.899223212834663,105.06917632387297,0.9,no,medium,11.672027085322268,"{""neural"": 0.08044379857464382, ""physics"": 0.2764574660521581, ""xgboost"": 0.6430987353731982}"
PA_EXT_0C2F137C0768,EXT_0C2F137C0768,OPEN_CARBON_GLYCAN_2016,SFC_DDCE904A2E37,LIQ_0F4168490E,carbon_surface,prospective_open_external,2,,35.3,46.13008052686416,53.280624,61.601738,41.12086505889893,48.77136588649349,36.401634216308594,62.92815582339311,1.0506944499704851,11.020216,-0.12369146,,yes,,,,0.2764574660521581,0.0804437985746438,0.6430987353731982,0.0,new_material_family,prospective_open_external,probe_assisted,ls-psrmoe-v4.1,41.12086505889893,0.2573510006369264,9.045103971345,83.21505708238331,0.9,no,medium,11.07019056985371,"{""neural"": 0.08044379857464382, ""physics"": 0.2764574660521581, ""xgboost"": 0.6430987353731982}"
PA_EXT_3D14543B75E6,EXT_3D14543B75E6,OPEN_CARBON_GLYCAN_2016,SFC_DDCE904A2E37,LIQ_5C0DC0DCD1,carbon_surface,prospective_open_external,2,,22.2,9.120188850774394,0.0,38.648727,9.34714698791504,12.406929090786155,26.10710639953613,53.58921107348657,0.6079028907659378,10.756624,-0.22082922,,yes,,,,0.2764574660521581,0.0804437985746438,0.6430987353731982,0.0,new_material_family,prospective_open_external,probe_assisted,ls-psrmoe-v4.1,9.34714698791504,0.2806987599210676,0.0,46.205165406293546,0.9,no,medium,10.773788125522696,"{""neural"": 0.08044379857464382, ""physics"": 0.2764574660521581, ""xgboost"": 0.6430987353731982}"
PA_EXT_C8683F966ABC,EXT_C8683F966ABC,OPEN_CARBON_GLYCAN_2016,SFC_DDCE904A2E37,LIQ_6656B41AB7,carbon_surface,prospective_open_external,2,,11.9,43.79431819211923,67.06864,56.482117,32.20198440551758,46.49219404901544,25.93775749206543,52.2177560109379,1.1783362280592975,11.6558485,0.15982297,,yes,,,,0.2764574660521581,0.0804437985746438,0.6430987353731982,0.0,new_material_family,prospective_open_external,probe_assisted,ls-psrmoe-v4.1,32.20198440551758,0.2927700395879756,6.709341636600072,80.87929474763838,0.9,no,medium,11.715258451859851,"{""neural"": 0.08044379857464382, ""physics"": 0.2764574660521581, ""xgboost"": 0.6430987353731982}"
PA_EXT_A05B145D5D55,EXT_A05B145D5D55,OPEN_CARBON_GLYCAN_2016,SFC_757E5A51849D,LIQ_0F4168490E,carbon_surface,prospective_open_external,2,,20.2,49.87898908338728,50.797924,59.775585,48.24601088762283,51.69874084142659,36.559228515625,63.00038612908219,1.0377540988635092,11.003138,-0.13017377,,yes,,,,0.2764574660521581,0.0804437985746438,0.6430987353731982,0.0,new_material_family,prospective_open_external,probe_assisted,ls-psrmoe-v4.1,48.24601088762283,0.2739683118484294,12.79401252786812,86.96396563890643,0.9,no,medium,11.051966809631264,"{""neural"": 0.08044379857464382, ""physics"": 0.2764574660521581, ""xgboost"": 0.6430987353731982}"
PA_EXT_4D6047F3DA11,EXT_4D6047F3DA11,OPEN_CARBON_GLYCAN_2016,SFC_757E5A51849D,LIQ_5C0DC0DCD1,carbon_surface,prospective_open_external,2,,16.4,8.990416811377864,0.0,37.45899,9.294177055358888,12.507901726420192,26.172343063354493,53.196588166745485,0.5108668697802634,10.78204,-0.20851383,,yes,,,,0.2764574660521581,0.0804437985746438,0.6430987353731982,0.0,new_material_family,prospective_open_external,probe_assisted,ls-psrmoe-v4.1,9.294177055358888,0.3282375704180751,0.0,46.07539336689702,0.9,no,medium,10.794135621137093,"{""neural"": 0.08044379857464382, ""physics"": 0.2764574660521581, ""xgboost"": 0.6430987353731982}"
PA_EXT_7CF183ABF3B6,EXT_7CF183ABF3B6,OPEN_CARBON_GLYCAN_2016,SFC_757E5A51849D,LIQ_6656B41AB7,carbon_surface,prospective_open_external,2,,5.4,45.12708709098659,80.2874,66.440414,27.3462158203125,47.95947293748435,26.960254669189453,49.49492736545602,0.8514246914084992,11.986258,0.22947693,,yes,,,,0.2764574660521581,0.0804437985746438,0.6430987353731982,0.0,new_material_family,prospective_open_external,probe_assisted,ls-psrmoe-v4.1,27.346215820312494,0.4002938058122954,8.042110535467437,82.21206364650575,0.9,no,medium,12.016459301075376,"{""neural"": 0.08044379857464382, ""physics"": 0.2764574660521581, ""xgboost"": 0.6430987353731982}"
PA_EXT_64532C66FD00,EXT_64532C66FD00,OPEN_CARBON_GLYCAN_2016,SFC_C1B0541D31DE,LIQ_0F4168490E,carbon_surface,prospective_open_external,2,,26.1,50.11558339299354,50.99993,59.88722,48.51310467720032,51.90074813512776,36.559228515625,63.01537022444308,1.0577937407616522,11.005447,-0.12911735,,yes,,,,0.2764574660521581,0.0804437985746438,0.6430987353731982,0.0,new_material_family,prospective_open_external,probe_assisted,ls-psrmoe-v4.1,48.51310467720032,0.2724690916220472,13.030606837474387,87.2005599485127,0.9,no,medium,11.056165691654774,"{""neural"": 0.08044379857464382, ""physics"": 0.2764574660521581, ""xgboost"": 0.6430987353731982}"
PA_EXT_68FC9343A58A,EXT_68FC9343A58A,OPEN_CARBON_GLYCAN_2016,SFC_C1B0541D31DE,LIQ_5C0DC0DCD1,carbon_surface,prospective_open_external,2,,17.1,9.026589577661216,0.0,37.908653,9.294177055358888,12.453243423057662,26.151245498657225,53.30687089115438,0.5173829578023567,10.772616,-0.21311887,,yes,,,,0.2764574660521581,0.0804437985746438,0.6430987353731982,0.0,new_material_family,prospective_open_external,probe_assisted,ls-psrmoe-v4.1,9.294177055358888,0.3107632754531738,0.0,46.111566133180375,0.9,no,medium,10.78503356201781,"{""neural"": 0.08044379857464382, ""physics"": 0.2764574660521581, ""xgboost"": 0.6430987353731982}"
PA_EXT_F1A8D658D675,EXT_F1A8D658D675,OPEN_CARBON_GLYCAN_2016,SFC_C1B0541D31DE,LIQ_6656B41AB7,carbon_surface,prospective_open_external,2,,7.5,43.125781608750025,74.55018,61.76203,27.285787963867183,46.30729044444907,27.27971496582031,50.50747645790062,0.9511637401252376,11.842819,0.2046412,,yes,,,,0.2764574660521581,0.0804437985746438,0.6430987353731982,0.0,new_material_family,prospective_open_external,probe_assisted,ls-psrmoe-v4.1,27.285787963867183,0.3337386413089288,6.040805053230869,80.21075816426918,0.9,no,medium,11.880954481558746,"{""neural"": 0.08044379857464382, ""physics"": 0.2764574660521581, ""xgboost"": 0.6430987353731982}"
PA_EXT_9F58E9B1730C,EXT_9F58E9B1730C,OPEN_CARBON_GLYCAN_2016,SFC_1CD855A0B4A5,LIQ_0F4168490E,carbon_surface,prospective_open_external,2,,22.9,50.035650815002725,50.601875,59.625782,48.59263200759888,51.56099471172943,36.6009635925293,62.98683612900589,1.0689068787484717,11.001979,-0.13057403,,yes,,,,0.2764574660521581,0.0804437985746438,0.6430987353731982,0.0,new_material_family,prospective_open_external,probe_assisted,ls-psrmoe-v4.1,48.59263200759888,0.275272682888082,12.95067425948357,87.12062737052187,0.9,no,medium,11.053782206282284,"{""neural"": 0.08044379857464382, ""physics"": 0.2764574660521581, ""xgboost"": 0.6430987353731982}"
PA_EXT_BD0EEB764A84,EXT_BD0EEB764A84,OPEN_CARBON_GLYCAN_2016,SFC_1CD855A0B4A5,LIQ_5C0DC0DCD1,carbon_surface,prospective_open_external,2,,15.9,9.009547929139623,0.0,37.696808,9.294177055358888,12.504887047522336,26.151245498657225,53.196588166745485,0.5140228200382492,10.7769375,-0.21094689,,yes,,,,0.2764574660521581,0.0804437985746438,0.6430987353731982,0.0,new_material_family,prospective_open_external,probe_assisted,ls-psrmoe-v4.1,9.294177055358888,0.3206134368953456,0.0,46.09452448465878,0.9,no,medium,10.789189080257158,"{""neural"": 0.08044379857464382, ""physics"": 0.2764574660521581, ""xgboost"": 0.6430987353731982}"
PA_EXT_6B9D41D96636,EXT_6B9D41D96636,OPEN_CARBON_GLYCAN_2016,SFC_1CD855A0B4A5,LIQ_6656B41AB7,carbon_surface,prospective_open_external,2,,4.9,45.755117633985726,77.09499,63.76357,30.02998809814453,48.36781838932461,27.901124572753908,50.53746352157446,0.8477318197043895,11.908785,0.21689749,,yes,,,,0.2764574660521581,0.0804437985746438,0.6430987353731982,0.0,new_material_family,prospective_open_external,probe_assisted,ls-psrmoe-v4.1,30.02998809814453,0.3665488171670708,8.670141078466571,82.84009418950488,0.9,no,medium,11.938919810047365,"{""neural"": 0.08044379857464382, ""physics"": 0.2764574660521581, ""xgboost"": 0.6430987353731982}"
PA_EXT_BE673F974C34,EXT_BE673F974C34,OPEN_CARBON_GLYCAN_2016,SFC_9CBFB90624F8,LIQ_0F4168490E,carbon_surface,prospective_open_external,2,,25.0,45.7374885886255,52.65257,61.28048,40.82057209014893,49.59204386801787,36.45700225830078,62.89489020735401,1.079239068163213,11.012123,-0.12752835,,yes,,,,0.2764574660521581,0.0804437985746438,0.6430987353731982,0.0,new_material_family,prospective_open_external,probe_assisted,ls-psrmoe-v4.1,40.82057209014893,0.2621146146377521,8.652512033106348,82.82246514414466,0.9,no,medium,11.064881938367831,"{""neural"": 0.08044379857464382, ""physics"": 0.2764574660521581, ""xgboost"": 0.6430987353731982}"
PA_EXT_810E90883671,EXT_810E90883671,OPEN_CARBON_GLYCAN_2016,SFC_9CBFB90624F8,LIQ_5C0DC0DCD1,carbon_surface,prospective_open_external,2,,20.3,9.021791378066668,0.0,37.849007,9.294177055358888,12.504887047522336,26.151245498657225,53.196588166745485,0.5163224682681874,10.773772,-0.21250825,,yes,,,,0.2764574660521581,0.0804437985746438,0.6430987353731982,0.0,new_material_family,prospective_open_external,probe_assisted,ls-psrmoe-v4.1,9.294177055358888,0.3142621935881152,0.0,46.10676793358582,0.9,no,medium,10.786137267986485,"{""neural"": 0.08044379857464382, ""physics"": 0.2764574660521581, ""xgboost"": 0.6430987353731982}"
PA_EXT_E2B297913813,EXT_E2B297913813,OPEN_CARBON_GLYCAN_2016,SFC_9CBFB90624F8,LIQ_6656B41AB7,carbon_surface,prospective_open_external,2,,6.2,47.46727126584872,79.30534,65.79947,31.48747863769531,47.49184901282934,27.966921997070312,49.61353045646776,0.6381612420819847,11.942721,0.22276592,,yes,,,,0.2764574660521581,0.0804437985746438,0.6430987353731982,0.0,new_material_family,prospective_open_external,probe_assisted,ls-psrmoe-v4.1,31.48747863769531,0.365911282936904,10.382294710329568,84.55224782136787,0.9,no,medium,11.959759337791176,"{""neural"": 0.08044379857464382, ""physics"": 0.2764574660521581, ""xgboost"": 0.6430987353731982}"
PA_EXT_97FF8568B019,EXT_97FF8568B019,OPEN_CARBON_GLYCAN_2016,SFC_73AE050E307F,LIQ_0F4168490E,carbon_surface,prospective_open_external,2,,11.8,49.517147718228784,51.0692,60.020008,47.53616724014282,51.93277738207762,36.559228515625,63.01537022444308,1.4037743225128707,11.003786,-0.1301701,,yes,,,,0.2764574660521581,0.0804437985746438,0.6430987353731982,0.0,new_material_family,prospective_open_external,probe_assisted,ls-psrmoe-v4.1,47.53616724014282,0.2723189828927089,12.43217116270963,86.60212427374793,0.9,no,medium,11.092965816128546,"{""neural"": 0.08044379857464382, ""physics"": 0.2764574660521581, ""xgboost"": 0.6430987353731982}"
PA_EXT_006E9D255BB0,EXT_006E9D255BB0,OPEN_CARBON_GLYCAN_2016,SFC_73AE050E307F,LIQ_5C0DC0DCD1,carbon_surface,prospective_open_external,2,,16.9,7.958967304687925,0.0,36.93045,7.756416416168211,12.811387394719809,20.09688415527344,52.55381582677783,0.490188855419515,10.792897,-0.20317924,,yes,,,,0.2764574660521581,0.0804437985746438,0.6430987353731982,0.0,new_material_family,prospective_open_external,probe_assisted,ls-psrmoe-v4.1,7.756416416168213,0.3475106807123683,0.0,45.04394386020708,0.9,no,medium,10.804023121550868,"{""neural"": 0.08044379857464382, ""physics"": 0.2764574660521581, ""xgboost"": 0.6430987353731982}"
PA_EXT_0AFA4AD6501C,EXT_0AFA4AD6501C,OPEN_CARBON_GLYCAN_2016,SFC_73AE050E307F,LIQ_6656B41AB7,carbon_surface,prospective_open_external,2,,4.2,51.262563916085085,87.04237,72.26416,33.25437469482422,53.48450792584812,30.52150077819824,49.68342597402291,0.535277246803538,12.162129,0.25210434,,yes,,,,0.2764574660521581,0.0804437985746438,0.6430987353731982,0.0,new_material_family,prospective_open_external,probe_assisted,ls-psrmoe-v4.1,33.25437469482422,0.4902397240037954,14.17758736056593,88.34754047160425,0.9,no,medium,12.17390296190363,"{""neural"": 0.08044379857464382, ""physics"": 0.2764574660521581, ""xgboost"": 0.6430987353731982}"
PA_EXT_D7EE4324C62B,EXT_D7EE4324C62B,OPEN_FACEMASK_2023,SFC_4AD1E95A7848,LIQ_6656B41AB7,textile_composite,prospective_open_external,2,,103.9,159.51951075464956,180.0,134.60915,153.83127098083497,172.19537001260883,112.75202026367188,98.18068809992188,0.8994033433014048,12.561121,0.29896376,,yes,,,,0.2764574660521581,0.0804437985746438,0.6430987353731982,0.0,new_material_family,prospective_open_external,probe_assisted,ls-psrmoe-v4.1,153.83127098083497,0.4420532141340608,122.4345341991304,180.0,0.9,no,medium,12.593279430809435,"{""neural"": 0.08044379857464382, ""physics"": 0.2764574660521581, ""xgboost"": 0.6430987353731982}"
PA_EXT_2ED76F045DA7,EXT_2ED76F045DA7,OPEN_FACEMASK_2023,SFC_4AD1E95A7848,LIQ_1BD1B94C09,textile_composite,prospective_open_external,2,,132.9,98.443056787241,110.87425,101.41228,92.72767906188965,105.78006723982983,85.98724060058593,84.39314776540748,0.91101336819732,11.751352,0.15907855,,yes,,,,0.2764574660521581,0.0804437985746438,0.6430987353731982,0.0,new_material_family,prospective_open_external,probe_assisted,ls-psrmoe-v4.1,92.72767906188965,0.2999436221831439,61.35808023172184,135.52803334276015,0.9,no,medium,11.786612171231504,"{""neural"": 0.08044379857464382, ""physics"": 0.2764574660521581, ""xgboost"": 0.6430987353731982}"
PA_EXT_3DB1AD2DD595,EXT_3DB1AD2DD595,OPEN_FACEMASK_2023,SFC_4AD1E95A7848,LIQ_0F4168490E,textile_composite,prospective_open_external,2,,125.0,140.44562383020002,136.13165,130.73227,143.51515035629274,134.9668773739241,141.81253051757812,122.79459151409762,1.243240611843975,11.535413,0.07087296,,yes,,,,0.2764574660521581,0.0804437985746438,0.6430987353731982,0.0,new_material_family,prospective_open_external,probe_assisted,ls-psrmoe-v4.1,143.51515035629274,0.3147037895091353,103.36064727468089,177.53060038571917,0.9,no,medium,11.60221510822461,"{""neural"": 0.08044379857464382, ""physics"": 0.2764574660521581, ""xgboost"": 0.6430987353731982}"
PA_EXT_21DECF058A46,EXT_21DECF058A46,OPEN_FACEMASK_2023,SFC_2C8D133FAE44,LIQ_6656B41AB7,textile_composite,prospective_open_external,2,,107.4,114.52571196641252,122.11166,107.64082,112.1258560180664,99.8088821228005,119.54033813476562,90.39252335971214,0.8732208430191071,11.999859,0.22906213,,yes,,,,0.2764574660521581,0.0804437985746438,0.6430987353731982,0.0,new_material_family,prospective_open_external,probe_assisted,ls-psrmoe-v4.1,112.1258560180664,0.2538920688535869,77.44073541089335,151.61068852193168,0.9,no,medium,12.03158872341607,"{""neural"": 0.08044379857464382, ""physics"": 0.2764574660521581, ""xgboost"": 0.6430987353731982}"
PA_EXT_F4D52482F27E,EXT_F4D52482F27E,OPEN_FACEMASK_2023,SFC_2C8D133FAE44,LIQ_1BD1B94C09,textile_composite,prospective_open_external,2,,127.3,118.46467282384756,119.5334,111.0818,118.9287510573864,116.03913574914944,122.92677764892578,104.91461870446604,1.2740843347695507,11.683964,0.1343232,,yes,,,,0.2764574660521581,0.0804437985746438,0.6430987353731982,0.0,new_material_family,prospective_open_external,probe_assisted,ls-psrmoe-v4.1,118.9287510573864,0.329252909113399,81.37969626832839,155.5496493793667,0.9,no,medium,11.75322510643145,"{""neural"": 0.08044379857464382, ""physics"": 0.2764574660521581, ""xgboost"": 0.6430987353731982}"
PA_EXT_19F026C2773F,EXT_19F026C2773F,OPEN_FACEMASK_2023,SFC_2C8D133FAE44,LIQ_0F4168490E,textile_composite,prospective_open_external,2,,137.8,139.27797187198408,135.79173,126.46193,142.3797785758972,134.2389669191253,143.75091247558595,122.30749407453034,1.2371187798245449,11.670858,0.12491795,,yes,,,,0.2764574660521581,0.0804437985746438,0.6430987353731982,0.0,new_material_family,prospective_open_external,probe_assisted,ls-psrmoe-v4.1,142.3797785758972,0.2939493344262275,102.19299531646492,176.36294842750323,0.9,no,medium,11.73624293697124,"{""neural"": 0.08044379857464382, ""physics"": 0.2764574660521581, ""xgboost"": 0.6430987353731982}"
PA_EXT_161578FE82D4,EXT_161578FE82D4,OPEN_FACEMASK_2023,SFC_61C86B62E941,LIQ_6656B41AB7,textile_composite,prospective_open_external,2,,98.5,79.93222959345307,103.2386,93.87473,68.16917037963867,83.42656403469036,62.24968643188477,77.30619621684767,0.8357898160459659,11.724527,0.16156094,,yes,,,,0.2764574660521581,0.0804437985746438,0.6430987353731982,0.0,new_material_family,prospective_open_external,probe_assisted,ls-psrmoe-v4.1,68.16917037963867,0.2791632356141129,42.84725303793392,117.01720614897224,0.9,no,medium,11.754279493390982,"{""neural"": 0.08044379857464382, ""physics"": 0.2764574660521581, ""xgboost"": 0.6430987353731982}"
PA_EXT_A608D8AA1EAA,EXT_A608D8AA1EAA,OPEN_FACEMASK_2023,SFC_61C86B62E941,LIQ_1BD1B94C09,textile_composite,prospective_open_external,2,,113.6,98.7250014163107,111.653984,104.67515,92.42275581359864,105.21180671731844,87.15220336914062,88.86655164413074,1.0437177573736562,11.622829,0.11635264,,yes,,,,0.2764574660521581,0.0804437985746438,0.6430987353731982,0.0,new_material_family,prospective_open_external,probe_assisted,ls-psrmoe-v4.1,92.42275581359864,0.3351875890275469,61.64002486079155,135.80997797182985,0.9,no,medium,11.669597717342208,"{""neural"": 0.08044379857464382, ""physics"": 0.2764574660521581, ""xgboost"": 0.6430987353731982}"
PA_EXT_6A758A73420C,EXT_6A758A73420C,OPEN_FACEMASK_2023,SFC_61C86B62E941,LIQ_0F4168490E,textile_composite,prospective_open_external,2,,131.0,116.70729106304375,128.64592,119.28877,111.25216102600098,124.358345602722,101.71604766845704,110.85637265072768,1.4276231472711722,11.690875,0.13704531,,yes,,,,0.2764574660521581,0.0804437985746438,0.6430987353731982,0.0,new_material_family,prospective_open_external,probe_assisted,ls-psrmoe-v4.1,111.25216102600098,0.2493079353120484,79.6223145075246,153.79226761856293,0.9,no,medium,11.777719107066938,"{""neural"": 0.08044379857464382, ""physics"": 0.2764574660521581, ""xgboost"": 0.6430987353731982}"
PA_EXT_591446AFD356,EXT_591446AFD356,OPEN_FACEMASK_2023,SFC_5D5B39751D66,LIQ_6656B41AB7,textile_composite,prospective_open_external,2,,75.9,113.33037927614002,121.53777,107.06236,110.58620929718018,98.8545103319628,117.63656463623047,85.80919474920961,0.725254727760136,12.004704,0.23016492,,yes,,,,0.2764574660521581,0.0804437985746438,0.6430987353731982,0.0,new_material_family,prospective_open_external,probe_assisted,ls-psrmoe-v4.1,110.5862092971802,0.2471814497240042,76.24540272062086,150.41535583165918,0.9,no,medium,12.026592366996365,"{""neural"": 0.08044379857464382, ""physics"": 0.2764574660521581, ""xgboost"": 0.6430987353731982}"
PA_EXT_3FFCD90BF04A,EXT_3FFCD90BF04A,OPEN_FACEMASK_2023,SFC_5D5B39751D66,LIQ_1BD1B94C09,textile_composite,prospective_open_external,2,,118.6,89.02575031340828,96.89823,97.585045,84.5708381652832,90.75399632642522,79.43123321533203,80.97453526257223,0.8949236388576518,11.313086,-0.011748248,,yes,,,,0.2764574660521581,0.0804437985746438,0.6430987353731982,0.0,new_material_family,prospective_open_external,probe_assisted,ls-psrmoe-v4.1,84.5708381652832,0.2958275692537859,51.940773757889126,126.11072686892744,0.9,no,medium,11.348426900564103,"{""neural"": 0.08044379857464382, ""physics"": 0.2764574660521581, ""xgboost"": 0.6430987353731982}"
PA_EXT_A2BFA9FEE942,EXT_A2BFA9FEE942,OPEN_FACEMASK_2023,SFC_5D5B39751D66,LIQ_0F4168490E,textile_composite,prospective_open_external,2,,125.4,107.1463943306894,122.92582,127.82363,97.77661170959472,119.95911080595396,91.68965301513671,109.36947544648226,0.7047694637911572,11.217094,-0.06825626,,yes,,,,0.2764574660521581,0.0804437985746438,0.6430987353731982,0.0,new_material_family,prospective_open_external,probe_assisted,ls-psrmoe-v4.1,97.77661170959472,0.2868695373725381,70.06141777517024,144.23137088620854,0.9,no,medium,11.23921292864396,"{""neural"": 0.08044379857464382, ""physics"": 0.2764574660521581, ""xgboost"": 0.6430987353731982}"
PA_EXT_E2623286DF9C,EXT_E2623286DF9C,OPEN_FACEMASK_2023,SFC_52742E4E2FF2,LIQ_6656B41AB7,textile_composite,prospective_open_external,2,,22.43,48.04929788476888,65.321045,60.33733,39.0873779296875,48.56757283150251,45.68356781005859,53.62665129448965,0.4901506497035088,11.460626,0.0757921,,yes,,,,0.2764574660521581,0.0804437985746438,0.6430987353731982,0.0,new_material_family,prospective_open_external,probe_assisted,ls-psrmoe-v4.1,39.0873779296875,0.0870541252973315,10.96432132924972,85.13427444028804,0.9,no,medium,11.471102297269743,"{""neural"": 0.08044379857464382, ""physics"": 0.2764574660521581, ""xgboost"": 0.6430987353731982}"
PA_EXT_4414CE8E7161,EXT_4414CE8E7161,OPEN_FACEMASK_2023,SFC_52742E4E2FF2,LIQ_1BD1B94C09,textile_composite,prospective_open_external,2,,53.33,48.8563191313825,36.035038,49.48721,54.28905830383301,48.65975096787932,51.11370162963867,60.8973455451205,0.6713423695780603,10.97953,-0.16036037,,yes,,,,0.2764574660521581,0.0804437985746438,0.6430987353731982,0.0,new_material_family,prospective_open_external,probe_assisted,ls-psrmoe-v4.1,54.28905830383301,0.1244737870466117,11.771342575863343,85.94129568690165,0.9,no,medium,11.000035770068928,"{""neural"": 0.08044379857464382, ""physics"": 0.2764574660521581, ""xgboost"": 0.6430987353731982}"
PA_EXT_8930F5ABA4B7,EXT_8930F5ABA4B7,OPEN_FACEMASK_2023,SFC_52742E4E2FF2,LIQ_0F4168490E,textile_composite,prospective_open_external,2,,71.77,80.28727015102596,87.88947,90.37285,75.75762672424317,80.71856782577791,74.46716613769532,80.13030358674303,0.6266181589055161,11.263147,-0.04330463,,yes,,,,0.2764574660521581,0.0804437985746438,0.6430987353731982,0.0,new_material_family,prospective_open_external,probe_assisted,ls-psrmoe-v4.1,75.75762672424317,0.0774066184192122,43.20229359550681,117.37224670654513,0.9,no,medium,11.280564641799856,"{""neural"": 0.08044379857464382, ""physics"": 0.2764574660521581, ""xgboost"": 0.6430987353731982}"
PA_EXT_FFFDDFDEE3D0,EXT_FFFDDFDEE3D0,OPEN_FACEMASK_2023,SFC_98A58E5AB649,LIQ_6656B41AB7,textile_composite,prospective_open_external,2,,95.4,78.80867428240636,103.305244,92.02013,66.62541427612305,76.76334261373347,60.05211639404297,64.40223415131692,0.9047779352258312,11.838362,0.1949697,,yes,,,,0.2764574660521581,0.0804437985746438,0.6430987353731982,0.0,new_material_family,prospective_open_external,probe_assisted,ls-psrmoe-v4.1,66.62541427612305,0.1362216751500778,41.7236977268872,115.89365083792552,0.9,no,medium,11.87288641408762,"{""neural"": 0.08044379857464382, ""physics"": 0.2764574660521581, ""xgboost"": 0.6430987353731982}"
PA_EXT_E63EB3F2835E,EXT_E63EB3F2835E,OPEN_FACEMASK_2023,SFC_98A58E5AB649,LIQ_1BD1B94C09,textile_composite,prospective_open_external,2,,95.7,79.82211248643605,92.439545,86.00529,73.62464828491211,86.6671899081578,69.03715057373047,67.55897108619027,0.7496629820393561,11.598021,0.11203655,,yes,,,,0.2764574660521581,0.0804437985746438,0.6430987353731982,0.0,new_material_family,prospective_open_external,probe_assisted,ls-psrmoe-v4.1,73.62464828491211,0.2666401948836245,42.7371359309169,116.9070890419552,0.9,no,medium,11.622223339280223,"{""neural"": 0.08044379857464382, ""physics"": 0.2764574660521581, ""xgboost"": 0.6430987353731982}"
PA_EXT_07642A48B0AD,EXT_07642A48B0AD,OPEN_FACEMASK_2023,SFC_98A58E5AB649,LIQ_0F4168490E,textile_composite,prospective_open_external,2,,104.1,94.00179474383206,108.523636,101.26204,86.85092849731446,99.75520701317603,86.54312744140626,90.11708653643726,0.9988386769679268,11.643438,0.123160735,,yes,,,,0.2764574660521581,0.0804437985746438,0.6430987353731982,0.0,new_material_family,prospective_open_external,probe_assisted,ls-psrmoe-v4.1,86.85092849731446,0.2307739415228951,56.91681818831291,131.08677129935123,0.9,no,medium,11.686202764890622,"{""neural"": 0.08044379857464382, ""physics"": 0.2764574660521581, ""xgboost"": 0.6430987353731982}"
PA_EXT_FEA43C1D185A,EXT_FEA43C1D185A,OPEN_FACEMASK_2023,SFC_804C47F28DD6,LIQ_6656B41AB7,textile_composite,prospective_open_external,2,,57.73,13.703420721242662,0.0,44.437725,15.749807548522949,4.705720950931118,53.0466064453125,68.83868441175446,0.7202761252183908,10.577722,-0.28630382,,yes,,,,0.2764574660521581,0.0804437985746438,0.6430987353731982,0.0,new_material_family,prospective_open_external,probe_assisted,ls-psrmoe-v4.1,15.749807548522949,0.4807806785229906,0.0,50.78839727676181,0.9,no,medium,10.602216365178323,"{""neural"": 0.08044379857464382, ""physics"": 0.2764574660521581, ""xgboost"": 0.6430987353731982}"
PA_EXT_1D4E7C8984A2,EXT_1D4E7C8984A2,OPEN_FACEMASK_2023,SFC_804C47F28DD6,LIQ_1BD1B94C09,textile_composite,prospective_open_external,2,,41.23,78.52360655141435,75.45575,75.61063,80.20680561065674,79.48189983668748,85.06638641357422,75.98057144681269,0.2659125000068877,11.322666,-0.003182888,,yes,,,,0.2764574660521581,0.0804437985746438,0.6430987353731982,0.0,new_material_family,prospective_open_external,probe_assisted,ls-psrmoe-v4.1,80.20680561065674,0.1216687263296965,41.43862999589519,115.60858310693352,0.9,no,medium,11.325788211619212,"{""neural"": 0.08044379857464382, ""physics"": 0.2764574660521581, ""xgboost"": 0.6430987353731982}"
PA_EXT_8E2D528C28E4,EXT_8E2D528C28E4,OPEN_FACEMASK_2023,SFC_804C47F28DD6,LIQ_0F4168490E,textile_composite,prospective_open_external,2,,101.67,43.62482176603988,63.15379,64.458786,32.62356834411621,51.95761069919298,48.79546203613281,67.60386539430233,1.2231174903795614,11.250115,-0.022069633,,yes,,,,0.2764574660521581,0.0804437985746438,0.6430987353731982,0.0,new_material_family,prospective_open_external,probe_assisted,ls-psrmoe-v4.1,32.62356834411621,0.2032062304883292,6.539845210520724,80.70979832155903,0.9,no,medium,11.316409005816055,"{""neural"": 0.08044379857464382, ""physics"": 0.2764574660521581, ""xgboost"": 0.6430987353731982}"
PA_MEA_A3DB5DA10EFE,REC_A90C767274BD,SRC012,SFC_EC8F580B7830,LIQ_6656B41AB7,inorganic,internal_test,2,,101.1,68.20525367402298,91.97367,82.04912,56.255907440185545,64.81991993926002,54.47749176025391,53.69104822877513,0.7046025735177526,11.683657,0.17251189,,yes,,,,0.2764574660521581,0.0804437985746438,0.6430987353731982,0.0,known_material_known_target_liquid,internal_test,probe_assisted,ls-psrmoe-v4.1,56.25590744018554,0.604735187559986,31.12027711850383,105.29023022954216,0.9,no,medium,11.70488353188198,"{""neural"": 0.08044379857464382, ""physics"": 0.2764574660521581, ""xgboost"": 0.6430987353731982}"
PA_MEA_46540AE73DFD,REC_1452FDDD0065,SRC012,SFC_DD6EFD722DF2,LIQ_6656B41AB7,inorganic,internal_test,2,,161.1,140.6824072179602,145.51396,125.60075,140.4919328212738,130.0787570437286,139.7892639160156,101.25138943273996,1.2579306934600478,12.023026,0.24347636,,yes,,,,0.2764574660521581,0.0804437985746438,0.6430987353731982,0.0,known_material_known_target_liquid,internal_test,probe_assisted,ls-psrmoe-v4.1,140.4919328212738,0.694192037923203,103.59743066244104,177.76738377347934,0.9,no,medium,12.088653979685803,"{""neural"": 0.08044379857464382, ""physics"": 0.2764574660521581, ""xgboost"": 0.6430987353731982}"
PA_MEA_545CE42BA5FF,REC_BEF28DA29EBB,SRC012,SFC_EC8F580B7830,LIQ_B6950B5CB8,inorganic,internal_test,2,,71.8,43.41523681519219,84.40598,66.03764,22.964208984375,49.58700925772155,36.01791687011719,50.73795774517565,1.943802274050045,12.304089,0.3084739,,yes,,,,0.2764574660521581,0.0804437985746438,0.6430987353731982,0.0,known_material_known_target_liquid,internal_test,probe_assisted,ls-psrmoe-v4.1,22.964208984375,0.7871864961986572,6.330260259673032,80.50021337071135,0.9,yes,high,12.456683482107575,"{""neural"": 0.08044379857464382, ""physics"": 0.2764574660521581, ""xgboost"": 0.6430987353731982}"
PA_MEA_19FD99EC69A3,REC_2A6DFA75A0D6,SRC012,SFC_DD6EFD722DF2,LIQ_B6950B5CB8,inorganic,internal_test,2,,128.6,116.68140598244176,157.9295,125.85101,97.8025276184082,128.38884711684904,82.40223846435546,90.15698060564824,1.4617337532024186,13.063207,0.34105507,,yes,,,,0.2764574660521581,0.0804437985746438,0.6430987353731982,0.0,known_material_known_target_liquid,internal_test,probe_assisted,ls-psrmoe-v4.1,97.8025276184082,0.8372052211519103,79.59642942692258,153.7663825379609,0.9,no,medium,13.144734083963089,"{""neural"": 0.08044379857464382, ""physics"": 0.2764574660521581, ""xgboost"": 0.6430987353731982}"
PA_MEA_56FB2B3C33B5,REC_E058E319F526,SRC018,SFC_21E5A9897F5F,LIQ_0F4168490E,inorganic,internal_test,3,,123.4,123.71759767591624,122.547134,121.33535,124.51875048875807,123.5620358002673,127.40977630615234,112.02569864261982,1.2272725134979612,11.432254,0.020245347,,yes,,,,0.2764574660521581,0.0804437985746438,0.6430987353731982,0.0,known_material_known_target_liquid,internal_test,probe_assisted,ls-psrmoe-v4.1,124.51875048875807,0.3519365630379258,86.63262112039709,160.8025742314354,0.9,no,medium,11.497940060261874,"{""neural"": 0.08044379857464382, ""physics"": 0.2764574660521581, ""xgboost"": 0.6430987353731982}"
PA_MEA_F6B64AB682C0,REC_8A955C0EF2FE,SRC018,SFC_21E5A9897F5F,LIQ_5C0DC0DCD1,inorganic,internal_test,3,,105.8,125.99223635400008,121.13264,114.31749,129.54166564941406,119.56886370574334,136.2478057861328,106.95925624084413,1.399123684265721,11.643988,0.10622481,,yes,,,,0.2764574660521581,0.0804437985746438,0.6430987353731982,0.0,known_material_known_target_liquid,internal_test,probe_assisted,ls-psrmoe-v4.1,129.54166564941406,0.2800740358450456,88.90725979848091,163.07721290951923,0.9,no,medium,11.72774469403908,"{""neural"": 0.08044379857464382, ""physics"": 0.2764574660521581, ""xgboost"": 0.6430987353731982}"
PA_MEA_F634BFCBB04B,REC_E4BDA13F9788,SRC018,SFC_21E5A9897F5F,LIQ_53310FAFB3,inorganic,internal_test,3,,127.3,103.36786283265737,106.21536,100.309654,102.52631454467772,100.08459802131802,107.93806457519533,89.43760993215753,1.333006937411204,11.6087475,0.1006251,,yes,,,,0.2764574660521581,0.0804437985746438,0.6430987353731982,0.0,known_material_known_target_liquid,internal_test,probe_assisted,ls-psrmoe-v4.1,102.52631454467776,0.2815097066427686,66.2828862771382,140.45283938817653,0.9,no,medium,11.68502997869447,"{""neural"": 0.08044379857464382, ""physics"": 0.2764574660521581, ""xgboost"": 0.6430987353731982}"
PA_MEA_1D10DBDAD14D,REC_48B421E8D24C,SRC018,SFC_21E5A9897F5F,LIQ_6656B41AB7,inorganic,internal_test,3,,113.6,103.98044308554324,115.384315,109.79586,98.35067005157472,100.54608815655288,97.77492980957032,91.02591072930474,1.1275557494747628,11.576133,0.09077064,,yes,,,,0.2764574660521581,0.0804437985746438,0.6430987353731982,0.0,known_material_known_target_liquid,internal_test,probe_assisted,ls-psrmoe-v4.1,98.35067005157472,0.337542444570049,66.8954665300241,141.0654196410624,0.9,no,medium,11.630917073800497,"{""neural"": 0.08044379857464382, ""physics"": 0.2764574660521581, ""xgboost"": 0.6430987353731982}"
PA_MEA_E341DEF08371,REC_37319B88C1DB,SRC018,SFC_750CEF900F32,LIQ_0F4168490E,inorganic,internal_test,3,,135.3,134.2299292960738,124.793755,120.98735,139.94286899566652,126.39015760966132,151.584130859375,113.61872390239672,1.5665117089554814,11.521517,0.05795585,,yes,,,,0.2764574660521581,0.0804437985746438,0.6430987353731982,0.0,known_material_known_target_liquid,internal_test,probe_assisted,ls-psrmoe-v4.1,139.94286899566652,0.3621605182087344,97.14495274055466,171.31490585159295,0.9,no,medium,11.627523739184072,"{""neural"": 0.08044379857464382, ""physics"": 0.2764574660521581, ""xgboost"": 0.6430987353731982}"
PA_MEA_6D62F4715B9F,REC_6BD940406B2D,SRC018,SFC_750CEF900F32,LIQ_5C0DC0DCD1,inorganic,internal_test,3,,110.4,137.74546375727036,128.80559,116.373825,144.2618989944458,126.71652875907888,156.7029266357422,113.29959618356472,1.4461791108619773,11.882166,0.18357626,,yes,,,,0.2764574660521581,0.0804437985746438,0.6430987353731982,0.0,known_material_known_target_liquid,internal_test,probe_assisted,ls-psrmoe-v4.1,144.2618989944458,0.2909179091231146,100.6604872017512,174.8304403127895,0.9,no,medium,11.969849652575538,"{""neural"": 0.08044379857464382, ""physics"": 0.2764574660521581, ""xgboost"": 0.6430987353731982}"
PA_MEA_609296D47DF1,REC_73115DF43270,SRC018,SFC_750CEF900F32,LIQ_53310FAFB3,inorganic,internal_test,3,,128.6,113.25941818938551,114.847206,109.77753,113.01239661574364,109.94585372449072,116.16705932617188,102.15530555262268,1.1651430585192837,11.566395,0.08252607,,yes,,,,0.2764574660521581,0.0804437985746438,0.6430987353731982,0.0,known_material_known_target_liquid,internal_test,probe_assisted,ls-psrmoe-v4.1,113.01239661574364,0.2656451864734211,76.17444163386637,150.34439474490466,0.9,no,medium,11.624932135412918,"{""neural"": 0.08044379857464382, ""physics"": 0.2764574660521581, ""xgboost"": 0.6430987353731982}"
PA_MEA_40978EEFA8B2,REC_EDD3C9494299,SRC018,SFC_750CEF900F32,LIQ_6656B41AB7,inorganic,internal_test,3,,118.5,96.17505773505368,106.625,103.61879,90.75168113708496,93.11695773467147,91.4790298461914,83.37017532214956,1.472877798539589,11.491068,0.05093363,,yes,,,,0.2764574660521581,0.0804437985746438,0.6430987353731982,0.0,known_material_known_target_liquid,internal_test,probe_assisted,ls-psrmoe-v4.1,90.75168113708496,0.2603290762292553,59.09008117953452,133.26003429057283,0.9,no,medium,11.58507704670942,"{""neural"": 0.08044379857464382, ""physics"": 0.2764574660521581, ""xgboost"": 0.6430987353731982}"
PA_MEA_E25E179C33CC,REC_11EE1691E57B,SRC018,SFC_7F45928FEC29,LIQ_0F4168490E,inorganic,internal_test,3,,158.6,157.8712032011649,146.02043,129.38593,166.52881355285643,151.35324845820372,165.06230773925782,122.73215112304597,0.9879831411464158,11.945915,0.19701657,,yes,,,,0.2764574660521581,0.0804437985746438,0.6430987353731982,0.0,known_material_known_target_liquid,internal_test,probe_assisted,ls-psrmoe-v4.1,166.52881355285643,0.3941710707607824,120.78622664564574,180.0,0.9,no,medium,11.986701013306952,"{""neural"": 0.08044379857464382, ""physics"": 0.2764574660521581, ""xgboost"": 0.6430987353731982}"
PA_MEA_2982E142A921,REC_E2A79D16652C,SRC018,SFC_7F45928FEC29,LIQ_5C0DC0DCD1,inorganic,internal_test,3,,140.7,155.4933879984642,155.18855,130.9119,158.6992760658264,154.2918749801163,142.68897094726563,114.54777498648023,1.1387858521218082,12.235191,0.2547248,,yes,,,,0.2764574660521581,0.0804437985746438,0.6430987353731982,0.0,known_material_known_target_liquid,internal_test,probe_assisted,ls-psrmoe-v4.1,158.6992760658264,0.330361462857507,118.40841144294504,180.0,0.9,no,medium,12.288073098375229,"{""neural"": 0.08044379857464382, ""physics"": 0.2764574660521581, ""xgboost"": 0.6430987353731982}"
PA_MEA_435D8FA18713,REC_4B3DE70C985D,SRC018,SFC_7F45928FEC29,LIQ_53310FAFB3,inorganic,internal_test,3,,152.4,146.67750368923967,146.49875,128.17973,149.06819264888765,141.8646776156976,152.41250610351562,109.94150918992788,1.4668390871593588,12.00284,0.21729095,,yes,,,,0.2764574660521581,0.0804437985746438,0.6430987353731982,0.0,known_material_known_target_liquid,internal_test,probe_assisted,ls-psrmoe-v4.1,149.06819264888765,0.2925739975528845,109.59252713372052,180.0,0.9,no,medium,12.092137362112616,"{""neural"": 0.08044379857464382, ""physics"": 0.2764574660521581, ""xgboost"": 0.6430987353731982}"
PA_MEA_34F596C94FC4,REC_43B022298DD4,SRC018,SFC_7F45928FEC29,LIQ_6656B41AB7,inorganic,internal_test,3,,153.4,141.73408089199356,140.91158,123.545265,144.3628611087799,131.75865504091416,143.8975860595703,106.78960881989948,0.8125762750004553,12.005788,0.22424409,,yes,,,,0.2764574660521581,0.0804437985746438,0.6430987353731982,0.0,known_material_known_target_liquid,internal_test,probe_assisted,ls-psrmoe-v4.1,144.3628611087799,0.277237995646042,104.6491043364744,178.8190574475127,0.9,no,medium,12.033254841817532,"{""neural"": 0.08044379857464382, ""physics"": 0.2764574660521581, ""xgboost"": 0.6430987353731982}"
PA_MEA_0887FC3FD803,REC_D07C4BB81E74,SRC018,SFC_989A2292E56A,LIQ_0F4168490E,inorganic,internal_test,3,,125.2,144.63536557058296,133.98216,124.47919,151.73629245758056,136.50406353793974,165.6878448486328,122.28739096332812,1.7901486173866947,11.712721,0.13050835,,yes,,,,0.2764574660521581,0.0804437985746438,0.6430987353731982,0.0,known_material_known_target_liquid,internal_test,probe_assisted,ls-psrmoe-v4.1,151.73629245758056,0.3801040001958909,107.5503890150638,180.0,0.9,yes,high,11.848732517599808,"{""neural"": 0.08044379857464382, ""physics"": 0.2764574660521581, ""xgboost"": 0.6430987353731982}"
PA_MEA_DD1C3EF3C513,REC_F728FF018F7A,SRC018,SFC_989A2292E56A,LIQ_5C0DC0DCD1,inorganic,internal_test,3,,120.5,134.47330003434803,125.05971,117.2512,140.67432174682617,123.41482501311712,153.84468994140624,105.82560373968882,1.638330571037758,11.677908,0.11770912,,yes,,,,0.2764574660521581,0.0804437985746438,0.6430987353731982,0.0,known_material_known_target_liquid,internal_test,probe_assisted,ls-psrmoe-v4.1,140.67432174682617,0.2707234358392079,97.38832347882888,171.55827658986718,0.9,no,medium,11.792271240186349,"{""neural"": 0.08044379857464382, ""physics"": 0.2764574660521581, ""xgboost"": 0.6430987353731982}"
PA_MEA_B35409464A78,REC_8E3DB6D53856,SRC018,SFC_989A2292E56A,LIQ_53310FAFB3,inorganic,internal_test,3,,132.7,116.85920480942453,115.29824,103.23417,119.23456296920776,110.1058422721214,130.42085876464844,98.8988753511536,1.226541225782298,11.918825,0.19889602,,yes,,,,0.2764574660521581,0.0804437985746438,0.6430987353731982,0.0,known_material_known_target_liquid,internal_test,probe_assisted,ls-psrmoe-v4.1,119.23456296920774,0.2972656948988619,79.77422825390536,153.94418136494366,0.9,no,medium,11.981769331937524,"{""neural"": 0.08044379857464382, ""physics"": 0.2764574660521581, ""xgboost"": 0.6430987353731982}"
PA_MEA_05A05C3E4596,REC_3FFBC36EAC91,SRC018,SFC_989A2292E56A,LIQ_6656B41AB7,inorganic,internal_test,3,,120.8,138.42521837907404,148.2727,127.48856,135.55998935699463,133.70560251533863,132.7185821533203,95.77793975278442,0.9789485911706084,12.09757,0.24278955,,yes,,,,0.2764574660521581,0.0804437985746438,0.6430987353731982,0.0,known_material_known_target_liquid,internal_test,probe_assisted,ls-psrmoe-v4.1,135.55998935699463,0.2950609999486703,101.34024182355488,175.5101949345932,0.9,no,medium,12.137114582731602,"{""neural"": 0.08044379857464382, ""physics"": 0.2764574660521581, ""xgboost"": 0.6430987353731982}"
PA_MEA_D084E7BE258F,REC_908F2BDD1D1B,SRC018,SFC_3480038F8EFE,LIQ_0F4168490E,inorganic,internal_test,3,,120.7,131.65682409038877,127.79222,118.25673,134.99434099197387,129.7586516888261,137.47740173339844,119.54894815783145,1.532955756396633,11.73714,0.14094043,,yes,,,,0.2764574660521581,0.0804437985746438,0.6430987353731982,0.0,known_material_known_target_liquid,internal_test,probe_assisted,ls-psrmoe-v4.1,134.99434099197387,0.3411288036761978,94.57184753486962,168.74180064590792,0.9,no,medium,11.836823971473722,"{""neural"": 0.08044379857464382, ""physics"": 0.2764574660521581, ""xgboost"": 0.6430987353731982}"
PA_MEA_F99225720EDB,REC_166554F9D700,SRC018,SFC_3480038F8EFE,LIQ_5C0DC0DCD1,inorganic,internal_test,3,,114.4,120.05487262866406,116.16779,109.10789,123.0951976776123,114.2905488932519,129.1222396850586,102.76679734371056,1.5258119720311016,11.662487,0.114403486,,yes,,,,0.2764574660521581,0.0804437985746438,0.6430987353731982,0.0,known_material_known_target_liquid,internal_test,probe_assisted,ls-psrmoe-v4.1,123.09519767761232,0.2848153833431202,82.9698960731449,157.13984918418322,0.9,no,medium,11.761875101343112,"{""neural"": 0.08044379857464382, ""physics"": 0.2764574660521581, ""xgboost"": 0.6430987353731982}"
PA_MEA_8A1B3BE7D5E5,REC_21908B8DD026,SRC018,SFC_3480038F8EFE,LIQ_53310FAFB3,inorganic,internal_test,3,,118.5,103.79318555057772,107.576706,97.65149,102.93496417999268,101.162330750398,108.29723663330078,90.71412653510752,1.0141233509205003,11.804983,0.16912024,,yes,,,,0.2764574660521581,0.0804437985746438,0.6430987353731982,0.0,known_material_known_target_liquid,internal_test,probe_assisted,ls-psrmoe-v4.1,102.93496417999266,0.2984905945773758,66.70820899505856,140.87816210609688,0.9,no,medium,11.848462899627773,"{""neural"": 0.08044379857464382, ""physics"": 0.2764574660521581, ""xgboost"": 0.6430987353731982}"
PA_MEA_43D9A88DC413,REC_C3D75AAACE0D,SRC018,SFC_3480038F8EFE,LIQ_6656B41AB7,inorganic,internal_test,3,,108.5,122.17521487176931,127.08449,112.38743,121.28913249969484,112.61860090509676,127.3336410522461,95.15142117647466,1.0723163295414888,11.993283,0.22263436,,yes,,,,0.2764574660521581,0.0804437985746438,0.6430987353731982,0.0,known_material_known_target_liquid,internal_test,probe_assisted,ls-psrmoe-v4.1,121.28913249969484,0.2736566672482011,85.09023831625018,159.26019142728848,0.9,no,medium,12.041125609675715,"{""neural"": 0.08044379857464382, ""physics"": 0.2764574660521581, ""xgboost"": 0.6430987353731982}"
