sample_id,record_id,surface_group_id,source_group_id,v4_split,target_liquid_id,n_probes,n_unique_liquids,fit_status,boundary_fit,nnls_dispersion_mj_m2,nnls_polar_mj_m2,nnls_total_mj_m2,nnls_residual_norm,legacy_sqrt_dispersion,legacy_sqrt_polar,legacy_squared_dispersion_mj_m2,legacy_squared_polar_mj_m2,legacy_negative_coefficient,target_contact_angle_deg,nnls_physical_prediction_deg,legacy_squared_physical_prediction_deg
PA_CA0077,CA0077,SFC_95580B5C4364,SRC010,train,LIQ_0F4168490E,1,1,insufficient_probes,no,,,,,,,,,no,122.42,,
PA_CA0078,CA0078,SFC_95580B5C4364,SRC010,train,LIQ_6656B41AB7,1,1,insufficient_probes,no,,,,,,,,,no,84.98,,
PA_CA0079,CA0079,SFC_F7990EF3D076,SRC010,train,LIQ_0F4168490E,1,1,insufficient_probes,no,,,,,,,,,no,116.91,,
PA_CA0080,CA0080,SFC_F7990EF3D076,SRC010,train,LIQ_6656B41AB7,1,1,insufficient_probes,no,,,,,,,,,no,79.59,,
PA_CA0081,CA0081,SFC_10C3C0102684,SRC010,train,LIQ_0F4168490E,1,1,insufficient_probes,no,,,,,,,,,no,60.42,,
PA_CA0082,CA0082,SFC_10C3C0102684,SRC010,train,LIQ_6656B41AB7,1,1,insufficient_probes,no,,,,,,,,,no,60.25,,
PA_CA0083,CA0083,SFC_FA6603E349B6,SRC010,train,LIQ_0F4168490E,1,1,insufficient_probes,no,,,,,,,,,no,76.51,,
PA_CA0084,CA0084,SFC_FA6603E349B6,SRC010,train,LIQ_6656B41AB7,1,1,insufficient_probes,no,,,,,,,,,no,58.3,,
PA_CA0085,CA0085,SFC_91AEF1F6D63F,SRC010,train,LIQ_0F4168490E,1,1,insufficient_probes,no,,,,,,,,,no,103.37,,
PA_CA0086,CA0086,SFC_91AEF1F6D63F,SRC010,train,LIQ_6656B41AB7,1,1,insufficient_probes,no,,,,,,,,,no,80.65,,
PA_CA0087,CA0087,SFC_B26BB3C57516,SRC010,train,LIQ_0F4168490E,1,1,insufficient_probes,no,,,,,,,,,no,94.3,,
PA_CA0088,CA0088,SFC_B26BB3C57516,SRC010,train,LIQ_6656B41AB7,1,1,insufficient_probes,no,,,,,,,,,no,76.04,,
PA_CA0089,CA0089,SFC_EE615B6001A2,SRC010,train,LIQ_0F4168490E,1,1,insufficient_probes,no,,,,,,,,,no,52.45,,
PA_CA0090,CA0090,SFC_EE615B6001A2,SRC010,train,LIQ_6656B41AB7,1,1,insufficient_probes,no,,,,,,,,,no,66.51,,
PA_CA0091,CA0091,SFC_C256F7B116EE,SRC010,train,LIQ_0F4168490E,1,1,insufficient_probes,no,,,,,,,,,no,40.92,,
PA_CA0092,CA0092,SFC_C256F7B116EE,SRC010,train,LIQ_6656B41AB7,1,1,insufficient_probes,no,,,,,,,,,no,40.8,,
PA_CA0093,CA0093,SFC_A5B2B66974AE,SRC009,train,LIQ_0F4168490E,1,1,insufficient_probes,no,,,,,,,,,no,83.5,,
PA_CA0094,CA0094,SFC_A5B2B66974AE,SRC009,train,LIQ_6656B41AB7,1,1,insufficient_probes,no,,,,,,,,,no,77.7,,
PA_CA0095,CA0095,SFC_BF7DB4F8493A,SRC009,train,LIQ_0F4168490E,1,1,insufficient_probes,no,,,,,,,,,no,11.4,,
PA_CA0096,CA0096,SFC_BF7DB4F8493A,SRC009,train,LIQ_6656B41AB7,1,1,insufficient_probes,no,,,,,,,,,no,30.2,,
PA_CA0097,CA0097,SFC_1CE43E1DBA17,SRC009,train,LIQ_0F4168490E,1,1,insufficient_probes,no,,,,,,,,,no,101.3,,
PA_CA0098,CA0098,SFC_1CE43E1DBA17,SRC009,train,LIQ_6656B41AB7,1,1,insufficient_probes,no,,,,,,,,,no,83.8,,
PA_CA0099,CA0099,SFC_CD91556CDD43,SRC009,train,LIQ_0F4168490E,1,1,insufficient_probes,no,,,,,,,,,no,65.4,,
PA_CA0100,CA0100,SFC_CD91556CDD43,SRC009,train,LIQ_6656B41AB7,1,1,insufficient_probes,no,,,,,,,,,no,61.3,,
PA_CA0101,CA0101,SFC_5EB9C176CFB3,SRC007,validation,LIQ_0F4168490E,1,1,insufficient_probes,no,,,,,,,,,no,98.7,,
PA_CA0102,CA0102,SFC_5EB9C176CFB3,SRC007,validation,LIQ_6656B41AB7,1,1,insufficient_probes,no,,,,,,,,,no,45.7,,
PA_CA0103,CA0103,SFC_4A9A552599CA,SRC007,validation,LIQ_0F4168490E,1,1,insufficient_probes,no,,,,,,,,,no,85.6,,
PA_CA0104,CA0104,SFC_4A9A552599CA,SRC007,validation,LIQ_6656B41AB7,1,1,insufficient_probes,no,,,,,,,,,no,27.8,,
PA_CA0105,CA0105,SFC_FE6387F77D1C,SRC007,validation,LIQ_0F4168490E,1,1,insufficient_probes,no,,,,,,,,,no,69.3,,
PA_CA0106,CA0106,SFC_FE6387F77D1C,SRC007,validation,LIQ_6656B41AB7,1,1,insufficient_probes,no,,,,,,,,,no,31.6,,
PA_CA0235,CA0235,SFC_2A727AF34E6D,SRC013,internal_test,LIQ_6656B41AB7,2,2,interior_fit,no,1.8024862410892688,81.32335839491599,83.12584463600525,0.0,1.3425670341138607,9.017946462189485,1.8024862410892883,81.32335839491586,no,19.7,128.5550737040417,128.55507370404152
PA_CA0236,CA0236,SFC_2A727AF34E6D,SRC013,internal_test,LIQ_53310FAFB3,2,2,interior_fit,no,47.87021002993398,28.860537348323252,76.73074737825723,0.0,6.918830105583892,5.372200419597474,47.87021002993401,28.86053734832328,no,20.1,0.0,0.0
PA_CA0237,CA0237,SFC_2A727AF34E6D,SRC013,internal_test,LIQ_0F4168490E,2,2,interior_fit,no,47.87021002993394,4.531787084181688,52.40199711411563,0.0,6.918830105583886,2.1287994466792073,47.87021002993393,4.531787084181699,no,19.7,72.2335521408746,72.23355214087454
PA_CA0238,CA0238,SFC_E38FF72DBA39,SRC013,internal_test,LIQ_6656B41AB7,2,2,interior_fit,no,2.7432540801942444,63.78339446316571,66.52664854335995,0.0,1.6562771749300553,7.986450679943219,2.7432540801942853,63.7833944631655,no,31.5,122.36001390073339,122.36001390073316
PA_CA0239,CA0239,SFC_E38FF72DBA39,SRC013,internal_test,LIQ_53310FAFB3,2,2,interior_fit,no,43.589899847940075,22.58889005199619,66.17878989993626,0.0,6.60226475142735,4.752777088397498,43.58989984794004,22.588890051996202,no,34.7,0.0,0.0
PA_CA0240,CA0240,SFC_E38FF72DBA39,SRC013,internal_test,LIQ_0F4168490E,2,2,interior_fit,no,43.58989984794005,3.5192716583969177,47.10917150633697,0.0,6.602264751427349,1.8759721901981723,43.58989984794003,3.5192716583969275,no,38.8,77.58865412682096,77.58865412682093
PA_CA0241,CA0241,SFC_39DBA098ECDC,SRC013,internal_test,LIQ_6656B41AB7,2,2,interior_fit,no,6.993805461896918,50.3492980038068,57.34310346570372,0.0,2.6445803942964106,7.095723923871803,6.993805461896958,50.34929800380665,no,23.8,104.94625380156116,104.94625380156104
PA_CA0242,CA0242,SFC_39DBA098ECDC,SRC013,internal_test,LIQ_53310FAFB3,2,2,interior_fit,no,46.571795724542206,19.03576519630544,65.60756092084765,0.0,6.824353135978692,4.362999564096406,46.571795724542206,19.03576519630543,no,28.1,0.0,0.0
PA_CA0243,CA0243,SFC_39DBA098ECDC,SRC013,internal_test,LIQ_0F4168490E,2,2,interior_fit,no,46.57179572454219,3.7320794537554227,50.303875178297616,0.0,6.82435313597869,1.9318590667425535,46.57179572454218,3.73207945375541,no,43.0,75.2631058999932,75.26310589999325
PA_CA0244,CA0244,SFC_417F923EF7B4,SRC013,internal_test,LIQ_6656B41AB7,2,2,interior_fit,no,5.8879011267141985,57.23110454689349,63.11900567360769,0.0,2.426499768537845,7.565124225476629,5.887901126714216,57.23110454689337,no,23.4,108.60897371581085,108.60897371581079
PA_CA0245,CA0245,SFC_417F923EF7B4,SRC013,internal_test,LIQ_53310FAFB3,2,2,interior_fit,no,46.707841615020314,21.9333667163136,68.64120833133391,0.0,6.83431354380382,4.683307241289385,46.70784161502032,21.93336671631359,no,23.3,0.0,0.0
PA_CA0246,CA0246,SFC_417F923EF7B4,SRC013,internal_test,LIQ_0F4168490E,2,2,interior_fit,no,46.707841615020286,4.492398957579917,51.2002405726002,0.0,6.834313543803814,2.1195280034903794,46.70784161502025,4.492398957579914,no,37.3,72.99364851434581,72.99364851434584
PA_CA0247,CA0247,SFC_8E79B764A41F,SRC013,internal_test,LIQ_6656B41AB7,2,2,interior_fit,no,3.7250727757767095,59.81445668127941,63.53952945705612,0.0,1.9300447600448893,7.733980649140474,3.7250727757767343,59.8144566812793,no,23.8,117.28496654747697,117.28496654747684
PA_CA0248,CA0248,SFC_8E79B764A41F,SRC013,internal_test,LIQ_53310FAFB3,2,2,interior_fit,no,46.57179572454222,20.55801549389753,67.12981121843976,0.0,6.824353135978691,4.53409478219165,46.57179572454219,20.558015493897543,no,33.1,0.0,0.0
PA_CA0249,CA0249,SFC_8E79B764A41F,SRC013,internal_test,LIQ_0F4168490E,2,2,interior_fit,no,46.571795724542206,2.847145940232778,49.418941664774984,0.0,6.82435313597869,1.6873487903313826,46.57179572454218,2.8471459402327803,no,40.1,78.08797700320571,78.08797700320572
PA_CA0250,CA0250,SFC_67E6ABEA7841,SRC013,internal_test,LIQ_6656B41AB7,2,2,interior_fit,no,4.734095695833737,52.058764432759475,56.79286012859321,0.0,2.175797714824095,7.215175980720041,4.734095695833753,52.0587644327594,no,33.1,112.9206816418528,112.92068164185274
PA_CA0251,CA0251,SFC_67E6ABEA7841,SRC013,internal_test,LIQ_53310FAFB3,2,2,interior_fit,no,42.89056803399684,18.974123064539327,61.86469109853617,0.0,6.549089099561621,4.355929644121829,42.89056803399684,18.974123064539327,no,37.0,0.0,0.0
PA_CA0252,CA0252,SFC_67E6ABEA7841,SRC013,internal_test,LIQ_0F4168490E,2,2,interior_fit,no,42.89056803399681,3.284178130787867,46.17474616478467,0.0,6.549089099561616,1.8122301539230206,42.89056803399678,3.2841781307878546,no,46.0,78.72010063362175,78.72010063362181
PA_CA0267,CA0267,SFC_93C87B65E929,SRC015,validation,LIQ_0F4168490E,1,1,insufficient_probes,no,,,,,,,,,no,79.97,,
PA_CA0268,CA0268,SFC_93C87B65E929,SRC015,validation,LIQ_53310FAFB3,1,1,insufficient_probes,no,,,,,,,,,no,48.77,,
PA_CA0269,CA0269,SFC_A716853C1624,SRC015,validation,LIQ_0F4168490E,1,1,insufficient_probes,no,,,,,,,,,no,44.35,,
PA_CA0270,CA0270,SFC_A716853C1624,SRC015,validation,LIQ_53310FAFB3,1,1,insufficient_probes,no,,,,,,,,,no,25.25,,
PA_CA0271,CA0271,SFC_86D8700CAF9C,SRC015,validation,LIQ_0F4168490E,1,1,insufficient_probes,no,,,,,,,,,no,52.13,,
PA_CA0272,CA0272,SFC_86D8700CAF9C,SRC015,validation,LIQ_53310FAFB3,1,1,insufficient_probes,no,,,,,,,,,no,47.7,,
PA_CA0273,CA0273,SFC_3014F50685DA,SRC015,validation,LIQ_0F4168490E,1,1,insufficient_probes,no,,,,,,,,,no,72.66,,
PA_CA0274,CA0274,SFC_3014F50685DA,SRC015,validation,LIQ_53310FAFB3,1,1,insufficient_probes,no,,,,,,,,,no,20.26,,
PA_CA0275,CA0275,SFC_FD37A16743B7,SRC015,validation,LIQ_0F4168490E,1,1,insufficient_probes,no,,,,,,,,,no,81.25,,
PA_CA0276,CA0276,SFC_FD37A16743B7,SRC015,validation,LIQ_53310FAFB3,1,1,insufficient_probes,no,,,,,,,,,no,39.27,,
PA_CA0277,CA0277,SFC_1B0EE35A8601,SRC005,validation,LIQ_0F4168490E,1,1,insufficient_probes,no,,,,,,,,,no,94.0,,
PA_CA0278,CA0278,SFC_1B0EE35A8601,SRC005,validation,LIQ_B6950B5CB8,1,1,insufficient_probes,no,,,,,,,,,no,16.0,,
PA_CA0279,CA0279,SFC_231FB62337B5,SRC005,validation,LIQ_0F4168490E,1,1,insufficient_probes,no,,,,,,,,,no,107.0,,
PA_CA0280,CA0280,SFC_231FB62337B5,SRC005,validation,LIQ_B6950B5CB8,1,1,insufficient_probes,no,,,,,,,,,no,48.0,,
PA_CA0281,CA0281,SFC_D6B816FE09EC,SRC005,validation,LIQ_0F4168490E,1,1,insufficient_probes,no,,,,,,,,,no,134.0,,
PA_CA0282,CA0282,SFC_D6B816FE09EC,SRC005,validation,LIQ_B6950B5CB8,1,1,insufficient_probes,no,,,,,,,,,no,46.0,,
PA_CA0283,CA0283,SFC_F8843DC534D0,SRC005,validation,LIQ_0F4168490E,1,1,insufficient_probes,no,,,,,,,,,no,153.0,,
PA_CA0284,CA0284,SFC_F8843DC534D0,SRC005,validation,LIQ_B6950B5CB8,1,1,insufficient_probes,no,,,,,,,,,no,130.0,,
PA_CA0285,CA0285,SFC_4B9DA50F6033,SRC006,train,LIQ_0F4168490E,1,1,insufficient_probes,no,,,,,,,,,no,69.0,,
PA_CA0286,CA0286,SFC_4B9DA50F6033,SRC006,train,LIQ_6656B41AB7,1,1,insufficient_probes,no,,,,,,,,,no,42.0,,
PA_CA0287,CA0287,SFC_75203B72A5AD,SRC022,internal_test,LIQ_0F4168490E,1,1,insufficient_probes,no,,,,,,,,,no,43.64,,
PA_CA0288,CA0288,SFC_75203B72A5AD,SRC022,internal_test,LIQ_6656B41AB7,1,1,insufficient_probes,no,,,,,,,,,no,30.05,,
PA_CA0289,CA0289,SFC_39B450DAB1FB,SRC022,internal_test,LIQ_0F4168490E,1,1,insufficient_probes,no,,,,,,,,,no,41.23,,
PA_CA0290,CA0290,SFC_39B450DAB1FB,SRC022,internal_test,LIQ_6656B41AB7,1,1,insufficient_probes,no,,,,,,,,,no,34.52,,
PA_CA0291,CA0291,SFC_588A96278F34,SRC022,internal_test,LIQ_0F4168490E,1,1,insufficient_probes,no,,,,,,,,,no,32.1,,
PA_CA0292,CA0292,SFC_588A96278F34,SRC022,internal_test,LIQ_6656B41AB7,1,1,insufficient_probes,no,,,,,,,,,no,28.09,,
PA_CA0293,CA0293,SFC_A2BE3F1765AE,SRC022,internal_test,LIQ_0F4168490E,1,1,insufficient_probes,no,,,,,,,,,no,19.9,,
PA_CA0294,CA0294,SFC_A2BE3F1765AE,SRC022,internal_test,LIQ_6656B41AB7,1,1,insufficient_probes,no,,,,,,,,,no,24.19,,
PA_CA0295,CA0295,SFC_292FB4EA5D24,SRC022,internal_test,LIQ_0F4168490E,1,1,insufficient_probes,no,,,,,,,,,no,23.42,,
PA_CA0296,CA0296,SFC_292FB4EA5D24,SRC022,internal_test,LIQ_6656B41AB7,1,1,insufficient_probes,no,,,,,,,,,no,29.15,,
PA_CA0297,CA0297,SFC_BD3224C101E4,SRC022,internal_test,LIQ_0F4168490E,1,1,insufficient_probes,no,,,,,,,,,no,48.03,,
PA_CA0298,CA0298,SFC_BD3224C101E4,SRC022,internal_test,LIQ_6656B41AB7,1,1,insufficient_probes,no,,,,,,,,,no,32.62,,
PA_CA0299,CA0299,SFC_2E5EA5C6D130,SRC022,internal_test,LIQ_0F4168490E,1,1,insufficient_probes,no,,,,,,,,,no,42.02,,
PA_CA0300,CA0300,SFC_2E5EA5C6D130,SRC022,internal_test,LIQ_6656B41AB7,1,1,insufficient_probes,no,,,,,,,,,no,38.05,,
PA_CA0301,CA0301,SFC_D4A1459EC26C,SRC022,internal_test,LIQ_0F4168490E,1,1,insufficient_probes,no,,,,,,,,,no,49.1,,
PA_CA0302,CA0302,SFC_D4A1459EC26C,SRC022,internal_test,LIQ_6656B41AB7,1,1,insufficient_probes,no,,,,,,,,,no,40.09,,
PA_CA0447,CA0447,SFC_AFFB3785B9F0,SRC017,internal_test,LIQ_0F4168490E,7,7,interior_fit,no,0.048480861144657536,0.004705890283931999,0.053186751428589536,0.4511102303619559,0.22018369863515666,0.06859949186351161,0.04848086114465749,0.004705890283931995,no,166.0,163.3951074611017,163.3951074611017
PA_CA0448,CA0448,SFC_AFFB3785B9F0,SRC017,internal_test,LIQ_6656B41AB7,7,7,interior_fit,no,0.059692644846296224,1.3278340003282633e-05,0.059705923186299505,0.2799097954359575,0.24432078267371418,0.003643945664150652,0.05969264484629628,1.3278340003282336e-05,no,162.0,158.66071353569464,158.66071353569464
PA_CA0449,CA0449,SFC_AFFB3785B9F0,SRC017,internal_test,LIQ_53310FAFB3,7,7,interior_fit,no,0.04967344233033156,0.00011952220016040884,0.049792964530491965,0.4767725131662671,0.22287539642215234,0.010932620919084583,0.04967344233033156,0.00011952220016040584,no,160.0,161.4425844578061,161.4425844578061
PA_CA0450,CA0450,SFC_AFFB3785B9F0,SRC017,internal_test,LIQ_4BDC3033E4,7,7,interior_fit,no,0.04851427103080057,0.0004690552833843578,0.04898332631418493,0.4778223843988435,0.22025955377871934,0.021657684164849193,0.048514271030800554,0.0004690552833843595,no,156.0,157.5626017518868,157.5626017518868
PA_CA0451,CA0451,SFC_AFFB3785B9F0,SRC017,internal_test,LIQ_63C19A56DE,7,7,interior_fit,no,0.051476779142318595,0.00037490433005784045,0.05185168347237643,0.5007452936248911,0.2268849469275531,0.01936244638618375,0.05147677914231858,0.0003749043300578402,no,157.0,156.18466060243955,156.18466060243955
PA_CA0452,CA0452,SFC_AFFB3785B9F0,SRC017,internal_test,LIQ_B6950B5CB8,7,7,interior_fit,no,0.05022061212841862,0.00047844952892300136,0.05069906165734162,0.5059769652599091,0.22409955851901775,0.021873489180352635,0.05022061212841866,0.0004784495289230038,no,156.0,156.13932114464583,156.13932114464583
PA_CA0453,CA0453,SFC_AFFB3785B9F0,SRC017,internal_test,LIQ_E0B206B2DD,7,7,interior_fit,no,0.04815887909734527,0.0006793272549160917,0.04883820635226136,0.4780938809530126,0.2194513137289118,0.026063907130668112,0.04815887909734527,0.0006793272549160921,no,154.0,155.91111909087678,155.91111909087678
PA_CA0454,CA0454,SFC_AFFB3785B9F0,SRC017,internal_test,LIQ_FCA4FC7284,7,7,interior_fit,no,0.04759288398249672,0.0007414672563089161,0.04833435123880563,0.457384266904311,0.21815793357679367,0.02722989636977913,0.04759288398249672,0.0007414672563089107,no,153.0,155.58340426551717,155.58340426551717
PA_CA0463,CA0463,SFC_5523B41BFD8F,SRC002,validation,LIQ_0F4168490E,3,3,boundary_fit,yes,1.3183603083444746,0.0,1.3183603083444746,14.798585639052442,3.5167556489572895,-4.046618815268508,12.367570294473007,16.375123836085105,yes,172.0,148.50875017306595,75.81729588743681
PA_CA0464,CA0464,SFC_5523B41BFD8F,SRC002,validation,LIQ_5C0DC0DCD1,3,3,boundary_fit,yes,1.766505754643382,0.0,1.766505754643382,14.262286176305729,3.0545426947529357,-2.377845804563189,9.330231074068527,5.65415067027876,yes,167.0,138.15612593394906,91.63116040312909
PA_CA0465,CA0465,SFC_5523B41BFD8F,SRC002,validation,LIQ_53310FAFB3,3,3,boundary_fit,yes,1.4345324324913797,0.0,1.4345324324913797,14.747556489184634,3.018695857729798,-2.432761788995433,9.11252468147504,5.918329921996261,yes,163.0,136.99157601551798,83.15517752487673
PA_CA0466,CA0466,SFC_5523B41BFD8F,SRC002,validation,LIQ_B6950B5CB8,3,3,boundary_fit,yes,0.01944524083929976,0.0,0.01944524083929976,0.42195174488913806,0.2646463838934554,-0.12481514857335171,0.07003770850788217,0.015578821313387862,yes,70.0,161.22990033852298,154.03580681673984
PA_CA0467,CA0467,SFC_6DD3FB38C4D9,SRC003,internal_test,LIQ_0F4168490E,1,1,insufficient_probes,no,,,,,,,,,no,166.1,,
PA_CA0468,CA0468,SFC_6DD3FB38C4D9,SRC003,internal_test,LIQ_6656B41AB7,1,1,insufficient_probes,no,,,,,,,,,no,160.5,,
PA_CA0529,CA0529,SFC_55DDAE9FF4E5,SDX006,legacy_external,LIQ_0F4168490E,1,1,insufficient_probes,no,,,,,,,,,no,73.7,,
PA_CA0530,CA0530,SFC_55DDAE9FF4E5,SDX006,legacy_external,LIQ_6656B41AB7,1,1,insufficient_probes,no,,,,,,,,,no,44.2,,
PA_CA0531,CA0531,SFC_8810EE8758ED,SDX006,legacy_external,LIQ_0F4168490E,1,1,insufficient_probes,no,,,,,,,,,no,88.7,,
PA_CA0532,CA0532,SFC_8810EE8758ED,SDX006,legacy_external,LIQ_6656B41AB7,1,1,insufficient_probes,no,,,,,,,,,no,53.9,,
PA_CA0533,CA0533,SFC_15EC92D72DA3,SDX006,legacy_external,LIQ_0F4168490E,1,1,insufficient_probes,no,,,,,,,,,no,99.2,,
PA_CA0534,CA0534,SFC_15EC92D72DA3,SDX006,legacy_external,LIQ_6656B41AB7,1,1,insufficient_probes,no,,,,,,,,,no,66.2,,
PA_CA0535,CA0535,SFC_7ABDB4BDAFA3,SDX006,legacy_external,LIQ_0F4168490E,1,1,insufficient_probes,no,,,,,,,,,no,105.8,,
PA_CA0536,CA0536,SFC_7ABDB4BDAFA3,SDX006,legacy_external,LIQ_6656B41AB7,1,1,insufficient_probes,no,,,,,,,,,no,72.8,,
PA_CA0537,CA0537,SFC_86D193058DBE,SDX006,legacy_external,LIQ_0F4168490E,1,1,insufficient_probes,no,,,,,,,,,no,112.6,,
PA_CA0538,CA0538,SFC_86D193058DBE,SDX006,legacy_external,LIQ_6656B41AB7,1,1,insufficient_probes,no,,,,,,,,,no,78.4,,
PA_CA0539,CA0539,SFC_C578D204BBE3,SDX006,legacy_external,LIQ_0F4168490E,1,1,insufficient_probes,no,,,,,,,,,no,115.4,,
PA_CA0540,CA0540,SFC_C578D204BBE3,SDX006,legacy_external,LIQ_6656B41AB7,1,1,insufficient_probes,no,,,,,,,,,no,83.0,,
PA_CA0541,CA0541,SFC_AEDDDB49C107,SDX006,legacy_external,LIQ_0F4168490E,1,1,insufficient_probes,no,,,,,,,,,no,118.0,,
PA_CA0542,CA0542,SFC_AEDDDB49C107,SDX006,legacy_external,LIQ_6656B41AB7,1,1,insufficient_probes,no,,,,,,,,,no,87.5,,
PA_CA0543,CA0543,SFC_12E012885148,SDX006,legacy_external,LIQ_0F4168490E,1,1,insufficient_probes,no,,,,,,,,,no,120.5,,
PA_CA0544,CA0544,SFC_12E012885148,SDX006,legacy_external,LIQ_6656B41AB7,1,1,insufficient_probes,no,,,,,,,,,no,91.2,,
PA_CA0545,CA0545,SFC_159FF1E1E160,SDX001,legacy_external,LIQ_0F4168490E,1,1,insufficient_probes,no,,,,,,,,,no,76.4,,
PA_CA0546,CA0546,SFC_159FF1E1E160,SDX001,legacy_external,LIQ_6656B41AB7,1,1,insufficient_probes,no,,,,,,,,,no,45.1,,
PA_CA0547,CA0547,SFC_91A5214A0C27,SDX001,legacy_external,LIQ_0F4168490E,1,1,insufficient_probes,no,,,,,,,,,no,73.5,,
PA_CA0548,CA0548,SFC_91A5214A0C27,SDX001,legacy_external,LIQ_6656B41AB7,1,1,insufficient_probes,no,,,,,,,,,no,41.2,,
PA_CA0549,CA0549,SFC_3C4F304244DF,SDX001,legacy_external,LIQ_0F4168490E,1,1,insufficient_probes,no,,,,,,,,,no,51.3,,
PA_CA0550,CA0550,SFC_3C4F304244DF,SDX001,legacy_external,LIQ_6656B41AB7,1,1,insufficient_probes,no,,,,,,,,,no,41.9,,
PA_CA0551,CA0551,SFC_95A0FAE91CD0,SDX001,legacy_external,LIQ_0F4168490E,1,1,insufficient_probes,no,,,,,,,,,no,68.9,,
PA_CA0552,CA0552,SFC_95A0FAE91CD0,SDX001,legacy_external,LIQ_6656B41AB7,1,1,insufficient_probes,no,,,,,,,,,no,50.2,,
PA_CA0553,CA0553,SFC_38EFEBA36525,SDX001,legacy_external,LIQ_0F4168490E,1,1,insufficient_probes,no,,,,,,,,,no,0.0,,
PA_CA0554,CA0554,SFC_38EFEBA36525,SDX001,legacy_external,LIQ_6656B41AB7,1,1,insufficient_probes,no,,,,,,,,,no,34.9,,
PA_CA0555,CA0555,SFC_90843D24007D,SDX009,legacy_external,LIQ_0F4168490E,1,1,insufficient_probes,no,,,,,,,,,no,110.9,,
PA_CA0556,CA0556,SFC_90843D24007D,SDX009,legacy_external,LIQ_6656B41AB7,1,1,insufficient_probes,no,,,,,,,,,no,89.9,,
PA_CA0557,CA0557,SFC_962FBAB11443,SDX009,legacy_external,LIQ_0F4168490E,1,1,insufficient_probes,no,,,,,,,,,no,126.9,,
PA_CA0558,CA0558,SFC_962FBAB11443,SDX009,legacy_external,LIQ_6656B41AB7,1,1,insufficient_probes,no,,,,,,,,,no,103.2,,
PA_CA0559,CA0559,SFC_4A58BED65751,SDX009,legacy_external,LIQ_0F4168490E,1,1,insufficient_probes,no,,,,,,,,,no,120.3,,
PA_CA0560,CA0560,SFC_4A58BED65751,SDX009,legacy_external,LIQ_6656B41AB7,1,1,insufficient_probes,no,,,,,,,,,no,105.9,,
PA_CA0561,CA0561,SFC_FE7D2709B140,SDX009,legacy_external,LIQ_0F4168490E,1,1,insufficient_probes,no,,,,,,,,,no,105.7,,
PA_CA0562,CA0562,SFC_FE7D2709B140,SDX009,legacy_external,LIQ_6656B41AB7,1,1,insufficient_probes,no,,,,,,,,,no,97.3,,
PA_CA0587,CA0587,SFC_B0B8AD6AD8FD,SDX010,legacy_external,LIQ_0F4168490E,2,2,singular_fit,no,,,,,,,,,no,79.9,,
PA_CA0588,CA0588,SFC_B0B8AD6AD8FD,SDX010,legacy_external,LIQ_6656B41AB7,2,2,interior_fit,no,27.5,6.565508787196072,34.06550878719607,0.0,5.244044240850758,2.562324879322696,27.5,6.565508787196068,no,47.3,61.867362098076875,61.867362098076875
PA_CA0589,CA0589,SFC_B0B8AD6AD8FD,SDX010,legacy_external,LIQ_B6950B5CB8,2,2,interior_fit,no,35.76599244516076,4.329950249082979,40.09594269424374,0.0,5.980467577469236,2.080853250251684,35.765992445160755,4.329950249082998,no,0.0,0.0,0.0
PA_CA0590,CA0590,SFC_E7FC3D2DD101,SDX010,legacy_external,LIQ_0F4168490E,2,2,singular_fit,no,,,,,,,,,no,97.5,,
PA_CA0591,CA0591,SFC_E7FC3D2DD101,SDX010,legacy_external,LIQ_6656B41AB7,2,2,interior_fit,no,24.866647839635657,1.3723381498400657,26.238985989475722,0.0,4.986646953578691,1.1714683733844733,24.86664783963564,1.3723381498400637,no,51.3,66.46639465432675,66.46639465432676
PA_CA0592,CA0592,SFC_E7FC3D2DD101,SDX010,legacy_external,LIQ_B6950B5CB8,2,2,interior_fit,no,33.54595388805891,0.4160309668505046,33.96198485490942,0.0,5.791886902215796,0.6450046254489288,33.54595388805889,0.4160309668505129,no,25.6,0.0,0.0
PA_CA0593,CA0593,SFC_F8664D03003D,SDX010,legacy_external,LIQ_0F4168490E,2,2,singular_fit,no,,,,,,,,,no,78.7,,
PA_CA0594,CA0594,SFC_F8664D03003D,SDX010,legacy_external,LIQ_6656B41AB7,2,2,interior_fit,no,27.5,7.114054927119709,34.61405492711971,0.0,5.244044240850758,2.66721857505524,27.5,7.114054927119705,no,35.6,61.867362098076875,61.867362098076875
PA_CA0595,CA0595,SFC_F8664D03003D,SDX010,legacy_external,LIQ_B6950B5CB8,2,2,interior_fit,no,41.749146495308295,3.501921239978407,45.2510677352867,0.0,6.461357945146536,1.8713420959243228,41.74914649530826,3.5019212399784374,no,0.0,0.0,0.0
PA_CA0596,CA0596,SFC_57C35DC0B570,SDX010,legacy_external,LIQ_0F4168490E,2,2,singular_fit,no,,,,,,,,,no,96.8,,
PA_CA0597,CA0597,SFC_57C35DC0B570,SDX010,legacy_external,LIQ_6656B41AB7,2,2,interior_fit,no,22.00565030543539,2.0350077635967123,24.0406580690321,0.0,4.691018045737554,1.426536982905354,22.005650305435378,2.03500776359671,no,60.4,71.558791718714,71.55879171871402
PA_CA0598,CA0598,SFC_57C35DC0B570,SDX010,legacy_external,LIQ_B6950B5CB8,2,2,interior_fit,no,28.344651219311363,1.0255916668445193,29.370242886155882,0.0,5.323969498345323,1.0127149978372645,28.344651219311352,1.0255916668445306,no,37.9,0.0,0.0
PA_CA0599,CA0599,SFC_AD93A15A2199,SDX010,legacy_external,LIQ_0F4168490E,2,2,singular_fit,no,,,,,,,,,no,81.4,,
PA_CA0600,CA0600,SFC_AD93A15A2199,SDX010,legacy_external,LIQ_6656B41AB7,2,2,interior_fit,no,27.5,5.908116873974264,33.408116873974265,0.0,5.244044240850757,2.430661818101041,27.49999999999999,5.908116873974257,no,44.9,61.867362098076875,61.8673620980769
PA_CA0601,CA0601,SFC_AD93A15A2199,SDX010,legacy_external,LIQ_B6950B5CB8,2,2,interior_fit,no,37.06399751468973,3.530160605240192,40.59415811992992,0.0,6.088020820816048,1.8788721630915217,37.06399751468971,3.530160605240214,no,0.0,0.0,0.0
PA_CA0602,CA0602,SFC_B9F3779B4230,SDX010,legacy_external,LIQ_0F4168490E,2,2,singular_fit,no,,,,,,,,,no,99.4,,
PA_CA0603,CA0603,SFC_B9F3779B4230,SDX010,legacy_external,LIQ_6656B41AB7,2,2,interior_fit,no,20.29471107857492,1.7403139398422027,22.035025018417123,0.0,4.504965158419642,1.3192095890502777,20.294711078574913,1.7403139398422027,no,66.8,74.68511017091427,74.68511017091429
PA_CA0604,CA0604,SFC_B9F3779B4230,SDX010,legacy_external,LIQ_B6950B5CB8,2,2,interior_fit,no,24.677040400888682,1.0337617924443316,25.710802193333013,0.0,4.9675990579845175,1.0167407695397779,24.677040400888664,1.0337617924443396,no,44.1,26.547012601055627,26.547012601055737
PA_CA0605,CA0605,SFC_02B9E44B3DAE,SDX010,legacy_external,LIQ_0F4168490E,2,2,singular_fit,no,,,,,,,,,no,81.1,,
PA_CA0606,CA0606,SFC_02B9E44B3DAE,SDX010,legacy_external,LIQ_6656B41AB7,2,2,interior_fit,no,27.50000000000001,6.0370412002590434,33.537041200259054,0.0,5.244044240850757,2.4570391124805155,27.49999999999999,6.03704120025904,no,45.7,61.86736209807685,61.8673620980769
PA_CA0607,CA0607,SFC_02B9E44B3DAE,SDX010,legacy_external,LIQ_B6950B5CB8,2,2,interior_fit,no,36.63460391867822,3.7186227505216976,40.35322666919992,0.0,6.052652634893086,1.9283730838511814,36.634603918678216,3.7186227505217158,no,0.0,0.0,0.0
PA_CA0608,CA0608,SFC_82F5C36F39D2,SDX007,legacy_external,LIQ_0F4168490E,2,2,interior_fit,no,41.22922249681293,2.19066604956211,43.41988854637504,0.0,6.420998559166082,1.4800898788796955,41.2292224968129,2.1906660495621115,no,61.3,83.4535746133524,83.45357461335242
PA_CA0609,CA0609,SFC_82F5C36F39D2,SDX007,legacy_external,LIQ_6656B41AB7,2,2,interior_fit,no,10.315718653007506,29.646453050684997,39.962171703692505,0.0,3.2118092491627666,5.444855650123796,10.315718653007494,29.646453050685025,no,36.7,95.66688306732674,95.66688306732676
PA_CA0610,CA0610,SFC_82F5C36F39D2,SDX007,legacy_external,LIQ_53310FAFB3,2,2,interior_fit,no,41.22922249681299,11.200375254527781,52.429597751340765,0.0,6.420998559166085,3.3466961700351296,41.22922249681294,11.200375254527806,no,44.8,0.0,0.0
PA_CA0611,CA0611,SFC_FF44FFDB2AC3,SDX007,legacy_external,LIQ_0F4168490E,2,2,interior_fit,no,32.69917665659737,1.6733322351754738,34.372508891772846,0.0,5.718319390922247,1.293573436328787,32.69917665659737,1.6733322351754663,no,83.2,90.72870834787031,90.72870834787034
PA_CA0612,CA0612,SFC_FF44FFDB2AC3,SDX007,legacy_external,LIQ_6656B41AB7,2,2,interior_fit,no,20.878331650993236,7.361143926373927,28.239475577367163,0.0,4.569281305740891,2.713142813486593,20.878331650993186,7.361143926373947,no,52.8,73.61016529019334,73.61016529019342
PA_CA0613,CA0613,SFC_FF44FFDB2AC3,SDX007,legacy_external,LIQ_53310FAFB3,2,2,interior_fit,no,32.69917665659742,3.849070261769714,36.548246918367134,0.0,5.718319390922249,1.961904753490784,32.6991766565974,3.849070261769734,no,58.8,50.25217089126208,50.25217089126203
PA_CA0614,CA0614,SFC_ACA747208E92,SDX007,legacy_external,LIQ_0F4168490E,2,2,interior_fit,no,34.21833254082726,5.804145629919521,40.02247817074678,0.0,5.849643796063761,2.4091794515808727,34.21833254082725,5.804145629919514,no,70.0,77.11462933732575,77.11462933732578
PA_CA0615,CA0615,SFC_ACA747208E92,SDX007,legacy_external,LIQ_6656B41AB7,2,2,interior_fit,no,23.104041471227916,13.673111756714501,36.77715322794242,0.0,4.806666357386156,3.6977171006871936,23.104041471227898,13.673111756714505,no,50.1,69.58709757457488,69.58709757457491
PA_CA0616,CA0616,SFC_ACA747208E92,SDX007,legacy_external,LIQ_53310FAFB3,2,2,interior_fit,no,34.2183325408273,9.095177575287813,43.31351011611511,0.0,5.8496437960637655,3.0158212107629745,34.2183325408273,9.095177575287853,no,41.4,30.65086001336726,30.650860013367133
PA_EXT_0D0567136BE4,EXT_0D0567136BE4,SFC_CCA852C05DD9,OPEN_CROSS_MATERIAL_2026,prospective_open_external,LIQ_6656B41AB7,4,4,interior_fit,no,17.628003186783772,14.352891328371767,31.98089451515554,3.1497780626121163,4.1985715650425455,3.7885209948437333,17.62800318678381,14.35289132837175,no,43.2,79.73811920429965,79.73811920429958
PA_EXT_03E658446E71,EXT_03E658446E71,SFC_CCA852C05DD9,OPEN_CROSS_MATERIAL_2026,prospective_open_external,LIQ_1BD1B94C09,4,4,interior_fit,no,33.97268902932892,4.841741140139124,38.81443016946804,6.74236230364368,5.828609527951664,2.200395678085904,33.97268902932892,4.841741140139126,no,56.7,54.13375170767527,54.13375170767527
PA_EXT_4192CE86DB7A,EXT_4192CE86DB7A,SFC_CCA852C05DD9,OPEN_CROSS_MATERIAL_2026,prospective_open_external,LIQ_53310FAFB3,4,4,interior_fit,no,34.46670412658423,5.23738530534071,39.70408943192494,5.443640121826835,5.870835045083811,2.288533439856344,34.46670412658423,5.23738530534071,no,57.0,42.86537168453326,42.86537168453326
PA_EXT_EDDBCE0D5ECF,EXT_EDDBCE0D5ECF,SFC_CCA852C05DD9,OPEN_CROSS_MATERIAL_2026,prospective_open_external,LIQ_5C0DC0DCD1,4,4,interior_fit,no,34.14223664712856,5.211129386266049,39.353366033394614,6.257235410001196,5.843135857322553,2.2827898252502457,34.14223664712856,5.211129386266047,no,66.8,60.579365068186824,60.579365068186824
PA_EXT_45B7FC6A550A,EXT_45B7FC6A550A,SFC_CCA852C05DD9,OPEN_CROSS_MATERIAL_2026,prospective_open_external,LIQ_0F4168490E,4,4,interior_fit,no,38.159861084652825,1.4750579454965833,39.634919030149405,1.862873166537275,6.177366840705903,1.214519635698239,38.15986108465283,1.4750579454965833,no,72.8,88.24335536065111,88.24335536065111
PA_EXT_CD007E6F73D6,EXT_CD007E6F73D6,SFC_D997DF0085DF,OPEN_POLYMER_SURFACES_2023,prospective_open_external,LIQ_0F4168490E,2,2,interior_fit,no,46.15191911224044,6.564284287750167,52.71620339999061,0.0,6.793520376965128,2.5620859251301824,46.15191911224041,6.564284287750183,no,56.0,68.0330341980177,68.03303419801769
PA_EXT_0D45D9BA0074,EXT_0D45D9BA0074,SFC_D997DF0085DF,OPEN_POLYMER_SURFACES_2023,prospective_open_external,LIQ_1BD1B94C09,2,2,interior_fit,no,46.15191911224047,12.289588892123463,58.44150800436393,0.0,6.7935203769651284,3.5056509940556664,46.15191911224042,12.289588892123481,no,32.0,8.161277303744217,8.161277303744308
PA_EXT_297563844CCE,EXT_297563844CCE,SFC_D997DF0085DF,OPEN_POLYMER_SURFACES_2023,prospective_open_external,LIQ_6656B41AB7,2,2,interior_fit,no,31.160047318332904,18.469901368908804,49.62994868724171,0.0,5.582118533167581,4.2976623144343,31.160047318332982,18.469901368908783,no,25.0,55.50180788390887,55.50180788390872
PA_EXT_B5BBE06381DD,EXT_B5BBE06381DD,SFC_874E84FC80A7,OPEN_POLYMER_SURFACES_2023,prospective_open_external,LIQ_0F4168490E,2,2,interior_fit,no,39.103372528754825,6.552218723039677,45.655591251794505,0.0,6.253268947419006,2.559730205127034,39.1033725287548,6.552218723039688,no,60.0,72.28325615483185,72.28325615483183
PA_EXT_CF2DEF31E69A,EXT_CF2DEF31E69A,SFC_874E84FC80A7,OPEN_POLYMER_SURFACES_2023,prospective_open_external,LIQ_1BD1B94C09,2,2,interior_fit,no,39.103372528754846,12.653377061606973,51.75674959036182,0.0,6.253268947419008,3.557158565710419,39.10337252875483,12.653377061607006,no,43.0,28.20356755663591,28.203567556635857
PA_EXT_04AB24A5BB0A,EXT_04AB24A5BB0A,SFC_874E84FC80A7,OPEN_POLYMER_SURFACES_2023,prospective_open_external,LIQ_6656B41AB7,2,2,interior_fit,no,24.727888343034056,19.31059097645556,44.03847931948962,0.0,4.972714383818365,4.3943817513338015,24.727888343034067,19.31059097645553,no,41.0,66.71049233981282,66.7104923398128
PA_EXT_1924C779E86F,EXT_1924C779E86F,SFC_E066D95CCC78,OPEN_POLYMER_SURFACES_2023,prospective_open_external,LIQ_0F4168490E,2,2,interior_fit,no,43.37407842448384,0.19615848151674622,43.57023690600059,0.0,6.585899970731704,0.4428978228855319,43.37407842448386,0.196158481516744,no,82.0,93.91805513169265,93.91805513169267
PA_EXT_D02ABE046CF1,EXT_D02ABE046CF1,SFC_E066D95CCC78,OPEN_POLYMER_SURFACES_2023,prospective_open_external,LIQ_1BD1B94C09,2,2,interior_fit,no,43.3740784244839,2.2516309157029886,45.62570934018689,0.0,6.585899970731705,1.5005435400890585,43.374078424483876,2.251630915703004,no,61.0,49.92565751933823,49.9256575193382
PA_EXT_B6135F6CB593,EXT_B6135F6CB593,SFC_E066D95CCC78,OPEN_POLYMER_SURFACES_2023,prospective_open_external,LIQ_6656B41AB7,2,2,interior_fit,no,27.33234977056887,5.70403457843456,33.036384349003434,0.0,5.228034981765991,2.3883120772701645,27.33234977056893,5.704034578434528,no,32.0,62.15883941365688,62.158839413656764
PA_EXT_59D01A9DD4A8,EXT_59D01A9DD4A8,SFC_AC4DDEECE3F7,OPEN_POLYMER_SURFACES_2023,prospective_open_external,LIQ_0F4168490E,2,2,interior_fit,no,39.10337252875481,3.882850587590224,42.98622311634504,0.0,6.253268947419008,1.9704950108006407,39.10337252875483,3.8828505875902173,no,70.0,79.1226305561156,79.1226305561156
PA_EXT_DA68FAFFF9C1,EXT_DA68FAFFF9C1,SFC_AC4DDEECE3F7,OPEN_POLYMER_SURFACES_2023,prospective_open_external,LIQ_1BD1B94C09,2,2,interior_fit,no,39.10337252875485,7.573130584116233,46.67650311287109,0.0,6.253268947419009,2.751932154708081,39.103372528754846,7.573130584116262,no,50.0,40.51437744983749,40.514377449837454
PA_EXT_BFC1FC4FCDFE,EXT_BFC1FC4FCDFE,SFC_AC4DDEECE3F7,OPEN_POLYMER_SURFACES_2023,prospective_open_external,LIQ_6656B41AB7,2,2,interior_fit,no,27.562668440255962,11.613484220339231,39.17615266059519,0.0,5.250016041904632,3.407856249952338,27.56266844025598,11.613484220339213,no,41.0,61.75843189978643,61.75843189978638
PA_EXT_9320E89C123F,EXT_9320E89C123F,SFC_F0BFA31774A7,OPEN_POLYMER_SURFACES_2023,prospective_open_external,LIQ_0F4168490E,2,2,interior_fit,no,42.4863062110891,1.5007793336009208,43.98708554469002,0.0,6.518152054922397,1.225062991686932,42.486306211089065,1.500779333600936,no,96.0,85.61628356931163,85.61628356931159
PA_EXT_61F8100551D0,EXT_61F8100551D0,SFC_F0BFA31774A7,OPEN_POLYMER_SURFACES_2023,prospective_open_external,LIQ_1BD1B94C09,2,2,interior_fit,no,42.48630621108912,0.09161840398577528,42.5779246150749,0.0,6.518152054922402,0.30268532172171564,42.486306211089136,0.0916184039857785,no,54.0,63.31112277128693,63.311122771286854
PA_EXT_DA73FA01DE16,EXT_DA73FA01DE16,SFC_F0BFA31774A7,OPEN_POLYMER_SURFACES_2023,prospective_open_external,LIQ_6656B41AB7,2,2,boundary_fit,yes,52.310985426812906,0.0,52.310985426812906,1.4662695368512253,7.702352325653064,-0.47154168215501924,59.32623134849316,0.2223515580095852,yes,34.0,0.0,0.0
PA_EXT_E8887E8FA242,EXT_E8887E8FA242,SFC_619070545661,OPEN_POLYMER_SURFACES_2023,prospective_open_external,LIQ_0F4168490E,2,2,boundary_fit,yes,38.93825521501931,0.0,38.93825521501931,2.6267115111193107,6.482922939157798,-0.801201749651425,42.02828983505838,0.6419242436445047,yes,91.0,101.51270409128222,90.64412370189284
PA_EXT_2D6D530BDE66,EXT_2D6D530BDE66,SFC_619070545661,OPEN_POLYMER_SURFACES_2023,prospective_open_external,LIQ_1BD1B94C09,2,2,interior_fit,no,42.028289835058395,0.5922016379866728,42.62049147304507,0.0,6.482922939157798,0.7695463845582496,42.02828983505838,0.5922016379866735,no,74.0,59.22076187469778,59.220761874697814
PA_EXT_0DF8EFC4C97A,EXT_0DF8EFC4C97A,SFC_619070545661,OPEN_POLYMER_SURFACES_2023,prospective_open_external,LIQ_6656B41AB7,2,2,interior_fit,no,19.947909310632244,4.359759610707935,24.30766892134018,0.0,4.4663082417845095,2.088003738192999,19.947909310632237,4.359759610707937,no,35.0,75.32852733304856,75.32852733304857
PA_EXT_398B369DB1D4,EXT_398B369DB1D4,SFC_FFE25A9A5A54,OPEN_POLYMER_SURFACES_2023,prospective_open_external,LIQ_0F4168490E,2,2,interior_fit,no,41.561289571404586,0.015069025247438379,41.57635859665203,0.0,6.446804601615017,0.12275595809344378,41.56128957140455,0.015069025247439326,no,87.0,98.56788652294769,98.56788652294767
PA_EXT_4A1E7242F9DF,EXT_4A1E7242F9DF,SFC_FFE25A9A5A54,OPEN_POLYMER_SURFACES_2023,prospective_open_external,LIQ_1BD1B94C09,2,2,interior_fit,no,41.56128957140462,1.3199094089705743,42.881198980375196,0.0,6.446804601615021,1.1488731039460305,41.56128957140461,1.3199094089705865,no,66.0,55.87715674463714,55.87715674463711
PA_EXT_C161311E1FB7,EXT_C161311E1FB7,SFC_FFE25A9A5A54,OPEN_POLYMER_SURFACES_2023,prospective_open_external,LIQ_6656B41AB7,2,2,interior_fit,no,26.310926595438513,4.040812106077676,30.35173870151619,0.0,5.12941776378553,2.010177133010337,26.31092659543855,4.0408121060776585,no,36.0,63.937626579760725,63.93762657976066
PA_EXT_D5FF9F67F45C,EXT_D5FF9F67F45C,SFC_1D7210C10C8C,OPEN_POLYMER_SURFACES_2023,prospective_open_external,LIQ_0F4168490E,2,2,interior_fit,no,40.601677178668616,0.5616482389092377,41.16332541757785,0.0,6.371944536691182,0.7494319441478583,40.6016771786686,0.5616482389092387,no,81.0,92.04210888981638,92.04210888981638
PA_EXT_C9A4F8CA797A,EXT_C9A4F8CA797A,SFC_1D7210C10C8C,OPEN_POLYMER_SURFACES_2023,prospective_open_external,LIQ_1BD1B94C09,2,2,interior_fit,no,40.60167717866863,2.9873961025816467,43.58907328125028,0.0,6.371944536691183,1.7284085462012877,40.601677178668616,2.987396102581649,no,61.0,50.805381046397684,50.805381046397684
PA_EXT_BC643C3D7862,EXT_BC643C3D7862,SFC_1D7210C10C8C,OPEN_POLYMER_SURFACES_2023,prospective_open_external,LIQ_6656B41AB7,2,2,interior_fit,no,26.16403703595821,6.503232697028095,32.667269732986306,0.0,5.115079377288122,2.55014366203712,26.164037035958245,6.503232697028094,no,38.0,64.19396773407405,64.193967734074
PA_EXT_F80C8FA1754C,EXT_F80C8FA1754C,SFC_ECD42A787C67,OPEN_POLYMER_SURFACES_2023,prospective_open_external,LIQ_0F4168490E,2,2,interior_fit,no,39.61019478340704,1.1293259350691207,40.73952071847616,0.0,6.293663065608694,1.0626974805037988,39.610194783407024,1.1293259350691218,no,71.0,89.09552851916426,89.09552851916426
PA_EXT_686D150BDAAF,EXT_686D150BDAAF,SFC_ECD42A787C67,OPEN_POLYMER_SURFACES_2023,prospective_open_external,LIQ_1BD1B94C09,2,2,interior_fit,no,39.610194783407046,6.978401785936032,46.588596569343075,0.0,6.293663065608696,2.64166647893636,39.610194783407046,6.978401785936027,no,59.0,41.20408476551298,41.20408476551298
PA_EXT_3D82C848D389,EXT_3D82C848D389,SFC_ECD42A787C67,OPEN_POLYMER_SURFACES_2023,prospective_open_external,LIQ_6656B41AB7,2,2,interior_fit,no,18.202970718465668,15.737281607619705,33.94025232608537,0.0,4.266493960908143,3.967024276157093,18.202970718465654,15.737281607619709,no,40.0,78.62631628849095,78.62631628849098
PA_EXT_C03E4F87416F,EXT_C03E4F87416F,SFC_5648457375F3,OPEN_POLYMER_SURFACES_2023,prospective_open_external,LIQ_0F4168490E,2,2,interior_fit,no,34.83015014526245,4.4446917184487305,39.27484186371118,0.0,5.901707392379128,2.1082437521426978,34.83015014526245,4.444691718448721,no,80.0,80.17508751811891,80.17508751811893
PA_EXT_B4AB0610DC8D,EXT_B4AB0610DC8D,SFC_5648457375F3,OPEN_POLYMER_SURFACES_2023,prospective_open_external,LIQ_1BD1B94C09,2,2,interior_fit,no,34.83015014526247,4.509621644796577,39.33977179005905,0.0,5.90170739237913,2.123586976037615,34.83015014526247,4.5096216447965825,no,54.0,53.83650238014338,53.83650238014337
PA_EXT_8EC71DE1D3C8,EXT_8EC71DE1D3C8,SFC_5648457375F3,OPEN_POLYMER_SURFACES_2023,prospective_open_external,LIQ_6656B41AB7,2,2,interior_fit,no,34.59802869473379,4.564486108212227,39.16251480294602,0.0,5.882008899579615,2.1364657985121687,34.59802869473379,4.564486108212239,no,49.0,49.41831341386192,49.41831341386192
PA_EXT_D8FBAAD59B4B,EXT_D8FBAAD59B4B,SFC_4CBC1B4A127C,OPEN_POLYMER_SURFACES_2023,prospective_open_external,LIQ_0F4168490E,2,2,boundary_fit,yes,29.39570285900535,0.0,29.39570285900535,3.09984594058335,5.7083977067671166,-0.945517610415807,32.585804378624076,0.8940035516064176,yes,102.0,107.73081584588947,94.71944972784252
PA_EXT_1DC596480B9E,EXT_1DC596480B9E,SFC_4CBC1B4A127C,OPEN_POLYMER_SURFACES_2023,prospective_open_external,LIQ_1BD1B94C09,2,2,interior_fit,no,32.5858043786241,0.09311911306838035,32.67892349169248,0.0,5.70839770676712,0.3051542447163093,32.58580437862412,0.09311911306838119,no,85.0,74.02962456223742,74.02962456223736
PA_EXT_A3F4030D6CB1,EXT_A3F4030D6CB1,SFC_4CBC1B4A127C,OPEN_POLYMER_SURFACES_2023,prospective_open_external,LIQ_6656B41AB7,2,2,interior_fit,no,16.832269698055832,1.835877047179431,18.668146745235262,0.0,4.102714917960527,1.3549454037633513,16.832269698055853,1.835877047179431,no,53.0,81.30065223640253,81.30065223640247
PA_EXT_31D988D57B38,EXT_31D988D57B38,SFC_4BD23D0F3546,OPEN_POLYMER_SURFACES_2023,prospective_open_external,LIQ_0F4168490E,2,2,interior_fit,no,26.848922341327285,7.054117652542072,33.903039993869356,0.0,5.181594575159974,2.655958895115298,26.848922341327274,7.054117652542074,no,82.0,79.2965010389616,79.29650103896161
PA_EXT_CA5F8E2A53C2,EXT_CA5F8E2A53C2,SFC_4BD23D0F3546,OPEN_POLYMER_SURFACES_2023,prospective_open_external,LIQ_1BD1B94C09,2,2,interior_fit,no,26.848922341327313,5.849987266874174,32.69890960820149,0.0,5.181594575159976,2.418674692238334,26.84892234132729,5.8499872668742,no,59.0,61.35556440108628,61.355564401086255
PA_EXT_C03F819C4B66,EXT_C03F819C4B66,SFC_4BD23D0F3546,OPEN_POLYMER_SURFACES_2023,prospective_open_external,LIQ_6656B41AB7,2,2,interior_fit,no,30.098756536825483,4.926192045992472,35.024948582817956,0.0,5.486233365144572,2.2195026573519705,30.098756536825533,4.926192045992458,no,63.0,57.352147086645495,57.35214708664542
PA_EXT_FD5F6987DAB6,EXT_FD5F6987DAB6,SFC_A65652A71181,OPEN_POLYMER_SURFACES_2023,prospective_open_external,LIQ_0F4168490E,2,2,boundary_fit,yes,29.918253217145615,0.0,29.918253217145615,1.4925693590513802,5.607763687353325,-0.4552647585720092,31.447013573198557,0.20726600039762982,yes,102.0,107.3610050856621,101.0327129905525
PA_EXT_4BF4B6EE2A48,EXT_4BF4B6EE2A48,SFC_A65652A71181,OPEN_POLYMER_SURFACES_2023,prospective_open_external,LIQ_1BD1B94C09,2,2,interior_fit,no,31.447013573198586,0.13760278991496638,31.58461636311355,0.0,5.6077636873533265,0.3709485003541155,31.44701357319858,0.13760278991496722,no,82.0,74.73055538154082,74.73055538154082
PA_EXT_63529BCBF35A,EXT_63529BCBF35A,SFC_A65652A71181,OPEN_POLYMER_SURFACES_2023,prospective_open_external,LIQ_6656B41AB7,2,2,interior_fit,no,20.675433530665224,1.1330683863747122,21.808501917039937,0.0,4.547024689911549,1.0644568504052732,20.675433530665217,1.1330683863747142,no,55.0,73.9828008869039,73.98280088690392
PA_EXT_9FD20D27EB85,EXT_9FD20D27EB85,SFC_D9EFE53A22B1,OPEN_POLYMER_SURFACES_2023,prospective_open_external,LIQ_0F4168490E,2,2,interior_fit,no,30.874747879965913,0.03566777741001339,30.910415657375925,0.0,5.556505005843685,0.18885914701176815,30.87474787996593,0.035667777410012654,no,95.0,104.49001862434989,104.4900186243499
PA_EXT_B9EFF76773A7,EXT_B9EFF76773A7,SFC_D9EFE53A22B1,OPEN_POLYMER_SURFACES_2023,prospective_open_external,LIQ_1BD1B94C09,2,2,interior_fit,no,30.87474787996593,1.0403116973491806,31.915059577315112,0.0,5.556505005843686,1.0199567134683611,30.87474787996594,1.0403116973491806,no,77.0,69.52059202064889,69.52059202064889
PA_EXT_525C8E3D6CD6,EXT_525C8E3D6CD6,SFC_D9EFE53A22B1,OPEN_POLYMER_SURFACES_2023,prospective_open_external,LIQ_6656B41AB7,2,2,interior_fit,no,20.155567689562293,2.950029055979907,23.1055967455422,0.0,4.489495259999982,1.7175648622337096,20.155567689562307,2.950029055979902,no,56.0,74.94282838250969,74.94282838250967
PA_EXT_61408262103D,EXT_61408262103D,SFC_6353761F5CC5,OPEN_POLYMER_SURFACES_2023,prospective_open_external,LIQ_0F4168490E,2,2,interior_fit,no,26.84892234132729,0.3753152424252273,27.22423758375252,0.0,5.181594575159974,0.6126297759864701,26.848922341327274,0.3753152424252325,no,98.0,102.42493951701387,102.42493951701385
PA_EXT_6A1E54C20CCE,EXT_6A1E54C20CCE,SFC_6353761F5CC5,OPEN_POLYMER_SURFACES_2023,prospective_open_external,LIQ_1BD1B94C09,2,2,interior_fit,no,26.84892234132732,0.9998773470988281,27.848799688426148,0.0,5.181594575159977,0.9999386716688382,26.848922341327302,0.9998773470988406,no,78.0,74.566077366273,74.56607736627298
PA_EXT_981E9EC8865E,EXT_981E9EC8865E,SFC_6353761F5CC5,OPEN_POLYMER_SURFACES_2023,prospective_open_external,LIQ_6656B41AB7,2,2,interior_fit,no,21.943094228177483,1.7557275543176925,23.698821782495173,0.0,4.684345656351318,1.3250386991773861,21.943094228177458,1.7557275543176996,no,63.0,71.67183744788274,71.6718374478828
PA_EXT_8A8E3AAF6896,EXT_8A8E3AAF6896,SFC_A66B59B95A03,OPEN_POLYMER_SURFACES_2023,prospective_open_external,LIQ_0F4168490E,2,2,interior_fit,no,22.315562837809097,2.2338012914396677,24.549364129248765,0.0,4.723935100931118,1.494590676887713,22.31556283780909,2.2338012914396725,no,92.0,95.78696848214935,95.78696848214933
PA_EXT_80357B8C920D,EXT_80357B8C920D,SFC_A66B59B95A03,OPEN_POLYMER_SURFACES_2023,prospective_open_external,LIQ_1BD1B94C09,2,2,interior_fit,no,22.31556283780912,3.351242150215192,25.666804988024314,0.0,4.7239351009311195,1.8306398199031961,22.315562837809107,3.3512421502152066,no,76.0,72.99636425552802,72.996364255528
PA_EXT_C6419C1CBA62,EXT_C6419C1CBA62,SFC_A66B59B95A03,OPEN_POLYMER_SURFACES_2023,prospective_open_external,LIQ_6656B41AB7,2,2,interior_fit,no,18.425524762854486,4.463557679582063,22.88908244243655,0.0,4.292496332305306,2.1127133453410245,18.4255247628545,4.463557679582063,no,71.0,78.19956306740019,78.19956306740016
PA_EXT_7720DE638AE3,EXT_7720DE638AE3,SFC_62075C90581B,OPEN_POLYMER_SURFACES_2023,prospective_open_external,LIQ_0F4168490E,2,2,interior_fit,no,13.601915497093646,1.2926698896463693,14.894585386740015,0.0,3.688077479811622,1.13695641501615,13.601915497093644,1.2926698896463757,no,108.0,107.68991574942173,107.68991574942171
PA_EXT_8E3054DE5097,EXT_8E3054DE5097,SFC_62075C90581B,OPEN_POLYMER_SURFACES_2023,prospective_open_external,LIQ_1BD1B94C09,2,2,interior_fit,no,13.60191549709366,1.2336512898772838,14.835566786970944,0.0,3.6880774798116236,1.1106985594108298,13.601915497093657,1.2336512898772927,no,92.0,92.2262853354693,92.22628533546927
PA_EXT_BC1C15EECE17,EXT_BC1C15EECE17,SFC_62075C90581B,OPEN_POLYMER_SURFACES_2023,prospective_open_external,LIQ_6656B41AB7,2,2,interior_fit,no,13.851711797156582,1.1851766634088692,15.036888460565452,0.0,3.7217887899713764,1.0886581940209084,13.851711797156602,1.1851766634088656,no,88.0,87.4575754633953,87.45757546339526
PA_EXT_49AD89E9F838,EXT_49AD89E9F838,SFC_36EF2E368C84,OPEN_POLYMER_SURFACES_2023,prospective_open_external,LIQ_0F4168490E,2,2,interior_fit,no,7.298466637114254,0.38006632724385125,7.678532964358105,0.0,2.701567440785858,0.616495196448322,7.29846663711425,0.3800663272438551,no,125.0,122.17563851071422,122.1756385107142
PA_EXT_650589542FBB,EXT_650589542FBB,SFC_36EF2E368C84,OPEN_POLYMER_SURFACES_2023,prospective_open_external,LIQ_1BD1B94C09,2,2,interior_fit,no,7.2984666371142595,0.16582126814194284,7.464287905256202,0.0,2.701567440785859,0.4072115766305574,7.298466637114257,0.1658212681419443,no,109.0,110.91759808187014,110.91759808187014
PA_EXT_C92CA45A6370,EXT_C92CA45A6370,SFC_36EF2E368C84,OPEN_POLYMER_SURFACES_2023,prospective_open_external,LIQ_6656B41AB7,2,2,interior_fit,no,8.82242967096581,0.05361203155268507,8.876041702518496,0.0,2.9702575092011494,0.2315427207939921,8.822429670965816,0.05361203155268458,no,104.0,99.58587372255481,99.58587372255481
PA_EXT_C52AF747E8BF,EXT_C52AF747E8BF,SFC_70D1A1076BBD,OPEN_TEXTILE_ANTI_WETTING_2019,prospective_open_external,LIQ_0F4168490E,2,2,interior_fit,no,34.27413935785309,24.191562350026672,58.46570170787976,0.0,5.854411956623232,4.918491877600971,34.27413935785306,24.191562350026725,no,0.0,44.28113991671709,44.281139916717024
PA_EXT_1366AD9E4A11,EXT_1366AD9E4A11,SFC_70D1A1076BBD,OPEN_TEXTILE_ANTI_WETTING_2019,prospective_open_external,LIQ_1BD1B94C09,2,2,interior_fit,no,34.2741393578531,40.53155781442666,74.80569717227976,0.0,5.854411956623235,6.366439963937984,34.27413935785309,40.531557814426684,no,0.0,0.0,0.0
PA_EXT_B099AADD9565,EXT_B099AADD9565,SFC_70D1A1076BBD,OPEN_TEXTILE_ANTI_WETTING_2019,prospective_open_external,LIQ_6656B41AB7,2,2,interior_fit,no,15.963659534003991,57.48401264326431,73.4476721772683,0.0,3.995454859462697,7.581821195680114,15.96365953400408,57.48401264326423,no,50.0,83.04142666132327,83.0414266613231
PA_EXT_FA599DFEA153,EXT_FA599DFEA153,SFC_B23DE8940451,OPEN_TEXTILE_ANTI_WETTING_2019,prospective_open_external,LIQ_0F4168490E,2,2,interior_fit,no,10.989983330390245,0.032960980783243096,11.022944311173488,0.0,3.315114376667907,0.18155159262105955,10.989983330390245,0.032960980783243166,no,107.0,122.62575219200302,122.62575219200302
PA_EXT_77B7B95A656C,EXT_77B7B95A656C,SFC_B23DE8940451,OPEN_TEXTILE_ANTI_WETTING_2019,prospective_open_external,LIQ_1BD1B94C09,2,2,interior_fit,no,10.98998333039025,2.0718211623205156,13.061804492710767,0.0,3.315114376667907,1.4393822155079299,10.989983330390245,2.0718211623205165,no,105.0,94.00011486374069,94.00011486374069
PA_EXT_5AF9983FF446,EXT_5AF9983FF446,SFC_B23DE8940451,OPEN_TEXTILE_ANTI_WETTING_2019,prospective_open_external,LIQ_6656B41AB7,2,2,interior_fit,no,2.890818640765342,6.225934778723888,9.11675341948923,0.0,1.7002407596470976,2.495182313724567,2.89081864076534,6.225934778723883,no,94.0,121.52704261856235,121.52704261856238
PA_EXT_B067D03F4F2E,EXT_B067D03F4F2E,SFC_C90D1535E78D,OPEN_TEXTILE_ANTI_WETTING_2019,prospective_open_external,LIQ_0F4168490E,2,2,boundary_fit,yes,27.57886694415605,0.0,27.57886694415605,1.0166403112283717,5.345558904361637,-0.31009648097031695,28.57499999999998,0.09615982751017414,yes,101.0,109.04919345542869,104.68374876513815
PA_EXT_1B40295A791F,EXT_1B40295A791F,SFC_C90D1535E78D,OPEN_TEXTILE_ANTI_WETTING_2019,prospective_open_external,LIQ_1BD1B94C09,2,2,interior_fit,no,28.575,0.39633328560818043,28.97133328560818,0.0,5.345558904361637,0.6295500660060184,28.57499999999998,0.3963332856081821,no,84.0,75.77302444821828,75.77302444821828
PA_EXT_3B5D655ADA7C,EXT_3B5D655ADA7C,SFC_C90D1535E78D,OPEN_TEXTILE_ANTI_WETTING_2019,prospective_open_external,LIQ_6656B41AB7,2,2,interior_fit,no,17.132876299151278,2.011496176492746,19.144372475644023,0.0,4.139187879180079,1.4182722504839276,17.132876299151278,2.0114961764927446,no,60.0,80.70694922635106,80.70694922635106
PA_EXT_2E5AD1B19DD9,EXT_2E5AD1B19DD9,SFC_F92838A9E6A2,OPEN_TEXTILE_ANTI_WETTING_2019,prospective_open_external,LIQ_0F4168490E,2,2,boundary_fit,yes,25.184125943045295,0.0,25.184125943045295,1.765223944237377,5.181594575159974,-0.5384300889772647,26.848922341327274,0.28990696071606525,yes,105.0,110.8725218189888,103.28046363651438
PA_EXT_9E923F72BEB3,EXT_9E923F72BEB3,SFC_F92838A9E6A2,OPEN_TEXTILE_ANTI_WETTING_2019,prospective_open_external,LIQ_1BD1B94C09,2,2,interior_fit,no,26.84892234132732,0.15217875944346182,27.001101100770782,0.0,5.181594575159977,0.39010096057747096,26.848922341327302,0.15217875944346554,no,88.0,79.95252741581984,79.95252741581982
PA_EXT_88A27790C2BD,EXT_88A27790C2BD,SFC_F92838A9E6A2,OPEN_TEXTILE_ANTI_WETTING_2019,prospective_open_external,LIQ_6656B41AB7,2,2,interior_fit,no,15.916064370967247,1.367713874998247,17.283778245965493,0.0,3.9894942500230846,1.1694929991232297,15.916064370967254,1.3677138749982465,no,63.0,83.13796011472671,83.1379601147267
PA_EXT_4DA44BDBC109,EXT_4DA44BDBC109,SFC_F8CAAE03FE56,OPEN_TEXTILE_ANTI_WETTING_2019,prospective_open_external,LIQ_0F4168490E,2,2,boundary_fit,yes,27.992614260855937,0.0,27.992614260855937,0.006707295353280074,5.291424857859754,-0.002045864857915752,27.999177026376117,4.18556301685464e-06,yes,96.0,108.7443278042202,108.71523148311148
PA_EXT_AB64302191E1,EXT_AB64302191E1,SFC_F8CAAE03FE56,OPEN_TEXTILE_ANTI_WETTING_2019,prospective_open_external,LIQ_1BD1B94C09,2,2,interior_fit,no,27.999177026376156,1.220398142189712,29.219575168565868,0.0,5.291424857859756,1.1047163175176362,27.999177026376138,1.2203981421897268,no,82.0,72.21012473186013,72.2101247318601
PA_EXT_90EB026C806A,EXT_90EB026C806A,SFC_F8CAAE03FE56,OPEN_TEXTILE_ANTI_WETTING_2019,prospective_open_external,LIQ_6656B41AB7,2,2,interior_fit,no,14.980781022410978,4.135985801789823,19.116766824200802,0.0,3.870501391604322,2.0337123203122442,14.980781022410993,4.135985801789812,no,61.0,85.06135732140176,85.06135732140173
PA_EXT_1D5570A27934,EXT_1D5570A27934,SFC_96459A5711ED,OPEN_TEXTILE_ANTI_WETTING_2019,prospective_open_external,LIQ_0F4168490E,2,2,interior_fit,no,10.582714902581952,0.37097473971356215,10.953689642295513,0.0,3.25310849843376,0.6090769571355974,10.582714902581953,0.3709747397135583,no,106.0,117.59543230367245,117.59543230367248
PA_EXT_C2CBB107CCEB,EXT_C2CBB107CCEB,SFC_96459A5711ED,OPEN_TEXTILE_ANTI_WETTING_2019,prospective_open_external,LIQ_1BD1B94C09,2,2,interior_fit,no,10.582714902581971,2.4499036229704276,13.0326185255524,0.0,3.253108498433762,1.5652167974342832,10.582714902581966,2.449903622970434,no,102.0,93.6807663370289,93.6807663370289
PA_EXT_608AC2D3D381,EXT_608AC2D3D381,SFC_96459A5711ED,OPEN_TEXTILE_ANTI_WETTING_2019,prospective_open_external,LIQ_6656B41AB7,2,2,interior_fit,no,4.102903266042321,5.606397053482275,9.709300319524596,0.0,2.0255624567122874,2.3677831517016665,4.1029032660423175,5.606397053482278,no,95.0,115.56999855314648,115.5699985531465
PA_EXT_0AE552940B30,EXT_0AE552940B30,SFC_DE9D8D16E40F,OPEN_TEXTILE_ANTI_WETTING_2019,prospective_open_external,LIQ_0F4168490E,2,2,boundary_fit,yes,25.10136364422178,0.0,25.10136364422178,3.042324389145712,5.291424857859753,-0.9279723385199747,27.99917702637611,0.8611326610582306,yes,104.0,110.93744777587982,98.00181153336891
PA_EXT_3549187670B3,EXT_3549187670B3,SFC_DE9D8D16E40F,OPEN_TEXTILE_ANTI_WETTING_2019,prospective_open_external,LIQ_1BD1B94C09,2,2,interior_fit,no,27.999177026376138,0.16355498068212052,28.16273200705826,0.0,5.291424857859755,0.4044193129440341,27.999177026376127,0.1635549806821246,no,90.0,78.4473916893813,78.44739168938126
PA_EXT_925A4AF449D5,EXT_925A4AF449D5,SFC_DE9D8D16E40F,OPEN_TEXTILE_ANTI_WETTING_2019,prospective_open_external,LIQ_6656B41AB7,2,2,interior_fit,no,12.822312003439182,2.3189337873924947,15.141245790831675,0.0,3.5808256036058483,1.5228045795152099,12.822312003439189,2.318933787392495,no,61.0,89.72475606097458,89.72475606097456
PA_EXT_AF4963616E76,EXT_AF4963616E76,SFC_A7A6BDD5941D,OPEN_TEXTILE_ANTI_WETTING_2019,prospective_open_external,LIQ_0F4168490E,2,2,interior_fit,no,50.799999999999976,9.57694453790433,60.37694453790431,0.0,7.1274118724821856,3.0946638812485463,50.80000000000001,9.576944537904316,no,0.0,58.5745639041323,58.5745639041323
PA_EXT_74D717509DFB,EXT_74D717509DFB,SFC_A7A6BDD5941D,OPEN_TEXTILE_ANTI_WETTING_2019,prospective_open_external,LIQ_1BD1B94C09,2,2,interior_fit,no,50.80000000000001,30.62688248867178,81.4268824886718,0.0,7.127411872482184,5.534155987020224,50.79999999999999,30.62688248867179,no,0.0,0.0,0.0
PA_EXT_6E149AD2F9BC,EXT_6E149AD2F9BC,SFC_A7A6BDD5941D,OPEN_TEXTILE_ANTI_WETTING_2019,prospective_open_external,LIQ_6656B41AB7,2,2,interior_fit,no,15.963659534003991,57.48401264326431,73.4476721772683,0.0,3.995454859462697,7.581821195680114,15.96365953400408,57.48401264326423,no,0.0,83.04142666132327,83.0414266613231
PA_EXT_A77898F3791B,EXT_A77898F3791B,SFC_AEE4770633F2,OPEN_TEXTILE_ANTI_WETTING_2019,prospective_open_external,LIQ_0F4168490E,2,2,boundary_fit,yes,0.12509127850445625,0.0,0.12509127850445625,0.3757037782907391,0.3884206967614635,-0.11459748177252974,0.1508706376726608,0.013132582828605285,yes,166.0,162.67538721355936,158.078133818271
PA_EXT_2B7215CA739E,EXT_2B7215CA739E,SFC_AEE4770633F2,OPEN_TEXTILE_ANTI_WETTING_2019,prospective_open_external,LIQ_1BD1B94C09,2,2,boundary_fit,yes,0.11650196646723551,0.0,0.11650196646723551,0.6125814004221988,0.38842069676146357,-0.10254516129032962,0.15087063767266085,0.010515510104059716,yes,159.0,157.89528984824537,154.28221901892815
PA_EXT_6A76549F5884,EXT_6A76549F5884,SFC_AEE4770633F2,OPEN_TEXTILE_ANTI_WETTING_2019,prospective_open_external,LIQ_6656B41AB7,2,2,boundary_fit,yes,0.07889125236227898,0.0,0.07889125236227898,0.28740902076608743,0.3729472506420532,-0.09242866315670946,0.13908965176146645,0.008543057772936461,yes,153.0,157.0998418203524,153.55322581654502
PA_EXT_14B3DFB49864,EXT_14B3DFB49864,SFC_E0770C382AAA,OPEN_TEXTILE_ANTI_WETTING_2019,prospective_open_external,LIQ_0F4168490E,2,2,interior_fit,no,0.29323513973742227,8.594973199194437e-06,0.2932437347106215,0.0,0.5415119017504803,0.0029317184720225554,0.29323513973742177,8.594973199198267e-06,no,164.0,158.42932902481155,158.42932902481152
PA_EXT_038669031712,EXT_038669031712,SFC_E0770C382AAA,OPEN_TEXTILE_ANTI_WETTING_2019,prospective_open_external,LIQ_1BD1B94C09,2,2,boundary_fit,yes,0.22051830822598786,0.0,0.22051830822598786,0.9354279033113606,0.5415119017504806,-0.15658915721963862,0.29323513973742216,0.024520164158756703,yes,152.0,154.0106407139157,149.29994995988727
PA_EXT_6181C20E4C23,EXT_6181C20E4C23,SFC_E0770C382AAA,OPEN_TEXTILE_ANTI_WETTING_2019,prospective_open_external,LIQ_6656B41AB7,2,2,boundary_fit,yes,0.2088019864822894,0.0,0.2088019864822894,0.9032792389122409,0.7463137636476593,-0.29048807266845367,0.5569842338099343,0.08438332036263282,yes,148.0,150.66581621304277,142.23968171314868
PA_EXT_72A5665216D0,EXT_72A5665216D0,SFC_D1ADE9B03D51,OPEN_TEXTILE_ANTI_WETTING_2019,prospective_open_external,LIQ_0F4168490E,2,2,boundary_fit,yes,39.182035398890676,0.0,39.182035398890676,9.386108367542171,7.127411872482182,-2.862958651781328,50.79999999999996,8.196532241809559,yes,126.0,101.3664641532741,61.58011016912868
PA_EXT_2BFE763DBE7F,EXT_2BFE763DBE7F,SFC_D1ADE9B03D51,OPEN_TEXTILE_ANTI_WETTING_2019,prospective_open_external,LIQ_1BD1B94C09,2,2,boundary_fit,yes,35.42869540559912,0.0,35.42869540559912,15.285785533138935,7.127411872482186,-2.5588164150344532,50.800000000000026,6.547541445849771,yes,84.0,73.6338134331509,23.15296102627097
PA_EXT_8D65AE043571,EXT_8D65AE043571,SFC_D1ADE9B03D51,OPEN_TEXTILE_ANTI_WETTING_2019,prospective_open_external,LIQ_6656B41AB7,2,2,boundary_fit,yes,19.73417315929798,0.0,19.73417315929798,7.162863033307658,6.736936982614284,-2.303524965147362,45.38631990771606,5.306227265057155,yes,0.0,75.72690328480888,27.07265663744123
PA_EXT_C6C3DE3E198C,EXT_C6C3DE3E198C,SFC_F4A35D2DD4C5,OPEN_TEXTILE_ANTI_WETTING_2019,prospective_open_external,LIQ_0F4168490E,2,2,interior_fit,no,0.6951370729629662,0.02107627517409042,0.7162133481370566,0.0,0.8337488068734883,0.14517670327600948,0.6951370729629652,0.0210762751740905,no,147.0,149.83386220015834,149.83386220015834
PA_EXT_CB7F947E87F6,EXT_CB7F947E87F6,SFC_F4A35D2DD4C5,OPEN_TEXTILE_ANTI_WETTING_2019,prospective_open_external,LIQ_1BD1B94C09,2,2,interior_fit,no,0.6951370729629666,0.076837898519718,0.7719749714826846,0.0,0.833748806873489,0.2771964980293188,0.6951370729629663,0.07683789851971813,no,143.0,141.1501074111485,141.1501074111485
PA_EXT_08747D17F0BD,EXT_08747D17F0BD,SFC_F4A35D2DD4C5,OPEN_TEXTILE_ANTI_WETTING_2019,prospective_open_external,LIQ_6656B41AB7,2,2,interior_fit,no,0.44123387824241234,0.1505529298779954,0.5917868081204077,0.0,0.6642543776614596,0.388011507404091,0.44123387824241295,0.15055292987799498,no,140.0,144.44973169653494,144.4497316965349
PA_EXT_8197A3621B99,EXT_8197A3621B99,SFC_B6F1BA3CA55E,OPEN_TEXTILE_ANTI_WETTING_2019,prospective_open_external,LIQ_0F4168490E,2,2,boundary_fit,yes,1.8735106682064444,0.0,1.8735106682064444,0.5434862241612777,1.419014165715067,-0.16577462422735154,2.013601202500028,0.027481226037719606,yes,145.0,145.53055469075883,141.7631016118134
PA_EXT_9C403EA34EBF,EXT_9C403EA34EBF,SFC_B6F1BA3CA55E,OPEN_TEXTILE_ANTI_WETTING_2019,prospective_open_external,LIQ_1BD1B94C09,2,2,boundary_fit,yes,2.0058373539755237,0.0,2.0058373539755237,0.035616519794067436,1.4190141657150674,-0.005962149298632955,2.0136012025000287,3.5547224259189435e-05,yes,136.0,134.0282064250642,133.90992106935477
PA_EXT_0DF6420B4440,EXT_0DF6420B4440,SFC_B6F1BA3CA55E,OPEN_TEXTILE_ANTI_WETTING_2019,prospective_open_external,LIQ_6656B41AB7,2,2,interior_fit,no,1.4734025259769379,0.01643050443695989,1.4898330304138978,0.0,1.2138379323356718,0.12818152923475262,1.473402525976939,0.01643050443695974,no,127.0,131.2532806209906,131.25328062099058
PA_EXT_E6B7DB163BBF,EXT_E6B7DB163BBF,SFC_ADC096AE0D75,OPEN_TEXTILE_ANTI_WETTING_2019,prospective_open_external,LIQ_0F4168490E,2,2,interior_fit,no,50.800000000000004,9.576944537904309,60.376944537904315,0.0,7.127411872482182,3.094663881248546,50.79999999999996,9.576944537904314,no,129.0,58.57456390413233,58.57456390413233
PA_EXT_CE643B4A3F85,EXT_CE643B4A3F85,SFC_ADC096AE0D75,OPEN_TEXTILE_ANTI_WETTING_2019,prospective_open_external,LIQ_1BD1B94C09,2,2,boundary_fit,yes,34.28066209914935,0.0,34.28066209914935,16.55046537164513,7.127411872482186,-2.7705218274594205,50.800000000000026,7.6757911964290875,yes,0.0,74.88027411477913,17.958660878366135
PA_EXT_FE000B13E4CD,EXT_FE000B13E4CD,SFC_ADC096AE0D75,OPEN_TEXTILE_ANTI_WETTING_2019,prospective_open_external,LIQ_6656B41AB7,2,2,boundary_fit,yes,48.90980391315584,0.0,48.90980391315584,23.923584482606067,14.657466784153593,-7.693651805882306,214.84133252856589,59.19227811015607,yes,0.0,15.753489543639056,0.0
PA_EXT_80DEF70D19C2,EXT_80DEF70D19C2,SFC_7E09C519A040,OPEN_TEXTILE_ANTI_WETTING_2019,prospective_open_external,LIQ_0F4168490E,2,2,interior_fit,no,0.22795474387525805,0.042974605103258616,0.27092934897851667,0.0,0.47744606383889915,0.20730317195657794,0.22795474387525816,0.04297460510325852,no,156.0,153.90764830630687,153.9076483063069
PA_EXT_9AB928688B6A,EXT_9AB928688B6A,SFC_7E09C519A040,OPEN_TEXTILE_ANTI_WETTING_2019,prospective_open_external,LIQ_1BD1B94C09,2,2,interior_fit,no,0.22795474387525827,0.016514181525286612,0.24446892540054488,0.0,0.4774460638388992,0.12850751544282007,0.22795474387525821,0.01651418152528664,no,150.0,151.386352789681,151.386352789681
PA_EXT_5361E028DB1F,EXT_5361E028DB1F,SFC_7E09C519A040,OPEN_TEXTILE_ANTI_WETTING_2019,prospective_open_external,LIQ_6656B41AB7,2,2,interior_fit,no,0.3347876276809818,0.003889752154253759,0.33867737983523555,0.0,0.5786083543131593,0.06236787758336581,0.33478762768098247,0.0038897521542537034,no,150.0,146.89159325116253,146.8915932511625
PA_EXT_3C536EB8B2E0,EXT_3C536EB8B2E0,SFC_FE1BCA204FFA,OPEN_TEXTILE_ANTI_WETTING_2019,prospective_open_external,LIQ_0F4168490E,2,2,interior_fit,no,0.6951370729629663,7.532584379839864e-05,0.6952123988067648,0.0,0.8337488068734887,0.008679046249352685,0.695137072962966,7.532584379840291e-05,no,151.0,153.04361261097688,153.04361261097688
PA_EXT_E53A49812943,EXT_E53A49812943,SFC_FE1BCA204FFA,OPEN_TEXTILE_ANTI_WETTING_2019,prospective_open_external,LIQ_1BD1B94C09,2,2,interior_fit,no,0.6951370729629669,0.008829051822135303,0.7039661247851022,0.0,0.8337488068734891,0.09396303433869845,0.6951370729629666,0.008829051822135423,no,145.0,143.73921405818956,143.73921405818953
PA_EXT_EE607E307472,EXT_EE607E307472,SFC_FE1BCA204FFA,OPEN_TEXTILE_ANTI_WETTING_2019,prospective_open_external,LIQ_6656B41AB7,2,2,interior_fit,no,0.5245473790269859,0.027406424868201454,0.5519538038951873,0.0,0.7242564318160982,0.16554885945907735,0.5245473790269866,0.027406424868201346,no,140.0,142.8226386526137,142.8226386526137
PA_EXT_618188348392,EXT_618188348392,SFC_01B9AA1C0B74,OPEN_PLA_FILMS_2021,prospective_open_external,LIQ_0F4168490E,2,2,interior_fit,no,15.984103460638162,0.4801275271651883,16.46423098780335,0.0,3.9980124387798193,0.6929123517193125,15.984103460638158,0.4801275271651883,no,113.0,110.56245828080863,110.56245828080863
PA_EXT_069D7AE7FCAD,EXT_069D7AE7FCAD,SFC_B1D8AACA85B5,OPEN_PLA_FILMS_2021,prospective_open_external,LIQ_0F4168490E,2,2,interior_fit,no,35.38216165976539,1.0971377350994946,36.47929939486488,0.0,5.948290650242757,1.0474434281141323,35.382161659765394,1.0971377350994853,no,76.0,91.80560234603696,91.805602346037
PA_EXT_8935C7528E56,EXT_8935C7528E56,SFC_662849118DF0,OPEN_PLA_FILMS_2021,prospective_open_external,LIQ_0F4168490E,2,2,interior_fit,no,35.929804737312274,3.9038041259348177,39.83360886324709,0.0,5.994147540502509,1.9758046780830363,35.92980473731228,3.9038041259348106,no,64.0,80.99552199533827,80.9955219953383
PA_EXT_C98B044A6F7F,EXT_C98B044A6F7F,SFC_29A9F5906DC4,OPEN_PLA_FILMS_2021,prospective_open_external,LIQ_0F4168490E,2,2,interior_fit,no,36.47271080559766,1.761263235626932,38.23397404122459,0.0,6.039264094705383,1.3271259305834346,36.472710805597636,1.7612632356269473,no,74.0,87.99237508552132,87.99237508552127
PA_EXT_4299E75704B2,EXT_4299E75704B2,SFC_01B9AA1C0B74,OPEN_PLA_FILMS_2021,prospective_open_external,LIQ_1BD1B94C09,2,2,interior_fit,no,15.984103460638172,0.2416365107909671,16.22573997142914,0.0,3.99801243877982,0.49156536777011395,15.984103460638165,0.24163651079096737,no,92.0,93.73623112426466,93.73623112426466
PA_EXT_C0A69AE67463,EXT_C0A69AE67463,SFC_B1D8AACA85B5,OPEN_PLA_FILMS_2021,prospective_open_external,LIQ_1BD1B94C09,2,2,interior_fit,no,35.38216165976543,5.959083636311379,41.341245296076806,0.0,5.948290650242758,2.4411234373360546,35.382161659765416,5.959083636311394,no,64.0,49.62024230895628,49.620242308956264
PA_EXT_59A1C74C7C24,EXT_59A1C74C7C24,SFC_662849118DF0,OPEN_PLA_FILMS_2021,prospective_open_external,LIQ_1BD1B94C09,2,2,interior_fit,no,35.929804737312296,11.64480127787324,47.57460601518554,0.0,5.994147540502509,3.412447989035618,35.92980473731228,11.644801277873233,no,54.0,36.51293080655584,36.51293080655587
PA_EXT_28942280B8C6,EXT_28942280B8C6,SFC_29A9F5906DC4,OPEN_PLA_FILMS_2021,prospective_open_external,LIQ_1BD1B94C09,2,2,interior_fit,no,36.47271080559768,6.520329557164074,42.993040362761754,0.0,6.039264094705387,2.5534935984184686,36.47271080559768,6.520329557164099,no,60.0,46.81694601371442,46.81694601371435
PA_EXT_264C8AB42663,EXT_264C8AB42663,SFC_01B9AA1C0B74,OPEN_PLA_FILMS_2021,prospective_open_external,LIQ_6656B41AB7,2,2,interior_fit,no,18.11790298894791,0.10404390813378565,18.221946897081697,0.0,4.256513008196721,0.32255837941958176,18.117902988947897,0.10404390813378687,no,83.0,78.78995355639954,78.78995355639955
PA_EXT_0C90915034B7,EXT_0C90915034B7,SFC_B1D8AACA85B5,OPEN_PLA_FILMS_2021,prospective_open_external,LIQ_6656B41AB7,2,2,interior_fit,no,17.29733056862449,13.038981815911214,30.336312384535702,0.0,4.159005959195597,3.610953034298729,17.29733056862449,13.038981815911198,no,48.0,80.38393419527856,80.38393419527856
PA_EXT_197AF6112F5C,EXT_197AF6112F5C,SFC_662849118DF0,OPEN_PLA_FILMS_2021,prospective_open_external,LIQ_6656B41AB7,2,2,interior_fit,no,17.220044524798073,21.329066187913455,38.549110712711524,0.0,4.149704149068713,4.618340198373593,17.22004452479809,21.329066187913437,no,47.0,80.53558224523735,80.53558224523731
PA_EXT_F7284554E363,EXT_F7284554E363,SFC_29A9F5906DC4,OPEN_PLA_FILMS_2021,prospective_open_external,LIQ_6656B41AB7,2,2,interior_fit,no,19.934299621771864,12.837059660997717,32.77135928276958,0.0,4.464784386929774,3.582884265643772,19.93429962177188,12.83705966099771,no,46.0,75.35385154164516,75.35385154164514
PA_EXT_832E508A7F45,EXT_832E508A7F45,SFC_4640D599C795,OPEN_PLA_FILMS_2021,prospective_open_external,LIQ_0F4168490E,2,2,interior_fit,no,35.38216165976541,17.714038367238423,53.09620002700383,0.0,5.948290650242757,4.208804862100217,35.382161659765394,17.714038367238423,no,43.0,53.9331500375276,53.93315003752762
PA_EXT_263F0D060209,EXT_263F0D060209,SFC_869B011AB104,OPEN_PLA_FILMS_2021,prospective_open_external,LIQ_0F4168490E,2,2,interior_fit,no,34.83015014526247,1.7452949500755495,36.57544509533802,0.0,5.9017073923791274,1.3210961168951936,34.830150145262444,1.745294950075559,no,74.0,89.0714802566235,89.07148025662349
PA_EXT_4511C3A71669,EXT_4511C3A71669,SFC_52F0F5BD3D6C,OPEN_PLA_FILMS_2021,prospective_open_external,LIQ_0F4168490E,2,2,interior_fit,no,37.0105122421383,4.13337395810601,41.14388620024431,0.0,6.083626569911921,2.0330700819465153,37.01051224213828,4.13337395810601,no,71.0,79.67542178643417,79.67542178643417
PA_EXT_8BBA4B544E54,EXT_8BBA4B544E54,SFC_8864A171D8DB,OPEN_PLA_FILMS_2021,prospective_open_external,LIQ_0F4168490E,2,2,interior_fit,no,36.472710805597664,2.961633275100568,39.43434408069823,0.0,6.039264094705382,1.7209396488838822,36.47271080559762,2.9616332751005796,no,74.0,83.55231166117163,83.5523116611716
PA_EXT_2EB8A593D55E,EXT_2EB8A593D55E,SFC_4640D599C795,OPEN_PLA_FILMS_2021,prospective_open_external,LIQ_1BD1B94C09,2,2,interior_fit,no,35.38216165976541,24.36179488527885,59.743956545044256,0.0,5.948290650242759,4.935766899406705,35.38216165976543,24.361794885278876,no,24.0,0.0,0.0
PA_EXT_A9A71A63993D,EXT_A9A71A63993D,SFC_869B011AB104,OPEN_PLA_FILMS_2021,prospective_open_external,LIQ_1BD1B94C09,2,2,interior_fit,no,34.83015014526249,6.987710567941306,41.8178607132038,0.0,5.901707392379131,2.6434278064553483,34.83015014526248,6.987710567941334,no,62.0,48.069622431009016,48.06962243100897
PA_EXT_B078FBEC9CEC,EXT_B078FBEC9CEC,SFC_52F0F5BD3D6C,OPEN_PLA_FILMS_2021,prospective_open_external,LIQ_1BD1B94C09,2,2,interior_fit,no,37.010512242138326,7.722773104253106,44.73328534639143,0.0,6.083626569911924,2.778987784113692,37.01051224213832,7.722773104253128,no,52.0,43.2995601081668,43.29956010816679
PA_EXT_57487A07628B,EXT_57487A07628B,SFC_8864A171D8DB,OPEN_PLA_FILMS_2021,prospective_open_external,LIQ_1BD1B94C09,2,2,interior_fit,no,36.472710805597664,6.520329557164077,42.99304036276174,0.0,6.039264094705384,2.553493598418466,36.47271080559764,6.520329557164086,no,56.0,46.81694601371444,46.81694601371446
PA_EXT_45CE8585FF60,EXT_45CE8585FF60,SFC_4640D599C795,OPEN_PLA_FILMS_2021,prospective_open_external,LIQ_6656B41AB7,2,2,interior_fit,no,25.149983748249873,30.757734248870428,55.9077179971203,0.0,5.01497594692636,5.545965583094647,25.149983748249944,30.75773424887035,no,48.0,65.9686658807046,65.96866588070448
PA_EXT_B488569FF3A6,EXT_B488569FF3A6,SFC_869B011AB104,OPEN_PLA_FILMS_2021,prospective_open_external,LIQ_6656B41AB7,2,2,interior_fit,no,17.673815121957475,14.087778282415908,31.761593404373382,0.0,4.2040236823735295,3.753368924368598,17.673815121957492,14.087778282415888,no,49.0,79.64902478322053,79.64902478322048
PA_EXT_489544822E64,EXT_489544822E64,SFC_52F0F5BD3D6C,OPEN_PLA_FILMS_2021,prospective_open_external,LIQ_6656B41AB7,2,2,interior_fit,no,26.27562502284021,11.59468903475487,37.87031405759508,0.0,5.1259755191417185,3.4050975073784437,26.27562502284021,11.594689034754891,no,45.0,63.999217850130066,63.999217850130066
PA_EXT_5C43DD51F487,EXT_5C43DD51F487,SFC_8864A171D8DB,OPEN_PLA_FILMS_2021,prospective_open_external,LIQ_6656B41AB7,2,2,interior_fit,no,24.704722698625027,10.577612757805348,35.282335456430374,0.0,4.970384562448366,3.25232420859381,24.704722698625037,10.577612757805353,no,46.0,66.75126686095271,66.75126686095268
PA_EXT_0780FA855EA7,EXT_0780FA855EA7,SFC_CA0DF2A414ED,OPEN_PLA_FILMS_2021,prospective_open_external,LIQ_0F4168490E,2,2,interior_fit,no,32.01748749394791,11.641742699684473,43.65923019363238,0.0,5.658399729070746,3.411999809449658,32.0174874939479,11.641742699684503,no,74.0,66.72051210750223,66.72051210750219
PA_EXT_F2DE1724D72F,EXT_F2DE1724D72F,SFC_0FBA62725BE6,OPEN_PLA_FILMS_2021,prospective_open_external,LIQ_0F4168490E,2,2,interior_fit,no,37.5428427326626,0.3371230571818454,37.87996578984445,0.0,6.127221452882424,0.5806229905729213,37.5428427326626,0.3371230571818427,no,76.0,95.74745613355505,95.74745613355506
PA_EXT_5763DE0B39DD,EXT_5763DE0B39DD,SFC_84FF6543987A,OPEN_PLA_FILMS_2021,prospective_open_external,LIQ_0F4168490E,2,2,interior_fit,no,35.929804737312296,1.6659116589482705,37.59571639626056,0.0,5.994147540502506,1.290702002380211,35.92980473731224,1.665911658948286,no,74.0,88.73370325961399,88.73370325961396
PA_EXT_62C7119859BF,EXT_62C7119859BF,SFC_91B74A694C1A,OPEN_PLA_FILMS_2021,prospective_open_external,LIQ_0F4168490E,2,2,interior_fit,no,35.929804737312296,2.2255078546886677,38.15531259200096,0.0,5.994147540502506,1.4918136125832515,35.92980473731224,2.2255078546886917,no,74.0,86.47087238355216,86.4708723835521
PA_EXT_874FDB205BEC,EXT_874FDB205BEC,SFC_CA0DF2A414ED,OPEN_PLA_FILMS_2021,prospective_open_external,LIQ_1BD1B94C09,2,2,interior_fit,no,32.01748749394793,7.85401585130702,39.87150334525495,0.0,5.658399729070749,2.8025017129891374,32.017487493947925,7.854015851307049,no,43.0,50.22741946431405,50.227419464314025
PA_EXT_1974721ED722,EXT_1974721ED722,SFC_0FBA62725BE6,OPEN_PLA_FILMS_2021,prospective_open_external,LIQ_1BD1B94C09,2,2,interior_fit,no,37.54284273266264,5.401621868114432,42.944464600777074,0.0,6.127221452882425,2.3241389519808076,37.54284273266262,5.401621868114447,no,66.0,48.02555734099248,48.02555734099248
PA_EXT_28B169088998,EXT_28B169088998,SFC_84FF6543987A,OPEN_PLA_FILMS_2021,prospective_open_external,LIQ_1BD1B94C09,2,2,interior_fit,no,35.929804737312296,6.671840864270406,42.6016456015827,0.0,5.994147540502508,2.5829906821880737,35.929804737312274,6.67184086427041,no,61.0,47.230589825557814,47.23058982555783
PA_EXT_C0610F416EF7,EXT_C0610F416EF7,SFC_91B74A694C1A,OPEN_PLA_FILMS_2021,prospective_open_external,LIQ_1BD1B94C09,2,2,interior_fit,no,35.9298047373123,6.671840864270403,42.6016456015827,0.0,5.99414754050251,2.5829906821880773,35.929804737312296,6.671840864270429,no,59.0,47.23058982555779,47.230589825557765
PA_EXT_A399484607B3,EXT_A399484607B3,SFC_CA0DF2A414ED,OPEN_PLA_FILMS_2021,prospective_open_external,LIQ_6656B41AB7,2,2,interior_fit,no,41.48529104861165,5.2482233608125135,46.73351440942416,0.0,6.4409076261511204,2.29090012021749,41.485291048611664,5.24822336081251,no,54.0,36.16098781752666,36.16098781752666
PA_EXT_0325D9C2E6F8,EXT_0325D9C2E6F8,SFC_0FBA62725BE6,OPEN_PLA_FILMS_2021,prospective_open_external,LIQ_6656B41AB7,2,2,interior_fit,no,15.12274765318314,14.346023378695017,29.468771031878155,0.0,3.888797713070604,3.787614470705144,15.122747653183161,14.346023378695007,no,44.0,84.7660334598161,84.76603345981604
PA_EXT_2D1C9CE8FE08,EXT_2D1C9CE8FE08,SFC_84FF6543987A,OPEN_PLA_FILMS_2021,prospective_open_external,LIQ_6656B41AB7,2,2,interior_fit,no,18.792526146683894,13.452127785271339,32.244653931955234,0.0,4.335034734195786,3.667714245312921,18.79252614668393,13.452127785271328,no,47.0,77.49997264797418,77.49997264797409
PA_EXT_CFE40CFC3BA1,EXT_CFE40CFC3BA1,SFC_91B74A694C1A,OPEN_PLA_FILMS_2021,prospective_open_external,LIQ_6656B41AB7,2,2,interior_fit,no,21.097790472381906,12.242334977170493,33.3401254495524,0.0,4.593233117574367,3.4989048253947224,21.097790472381938,12.242334977170472,no,47.0,73.20834912687926,73.20834912687921
PA_EXT_20E924898243,EXT_20E924898243,SFC_46B777D53533,OPEN_PLA_FILMS_2021,prospective_open_external,LIQ_0F4168490E,2,2,boundary_fit,yes,15.706307978971342,0.0,15.706307978971342,1.0443176562383663,4.059677942297557,-0.3185386479741412,16.480984995177327,0.10146687025319387,yes,113.0,119.44900515964154,114.63069955375438
PA_EXT_D5A2B07B71FE,EXT_D5A2B07B71FE,SFC_2171EA47DB00,OPEN_PLA_FILMS_2021,prospective_open_external,LIQ_0F4168490E,2,2,boundary_fit,yes,28.26402569527207,0.0,28.26402569527207,4.2396491975188795,5.708397706767116,-1.2931813564531467,32.58580437862407,1.6723180206780004,yes,106.0,108.54585994969136,90.80604069781793
PA_EXT_FCDB7AFFCD9B,EXT_FCDB7AFFCD9B,SFC_C73C8C6483E4,OPEN_PLA_FILMS_2021,prospective_open_external,LIQ_0F4168490E,2,2,boundary_fit,yes,25.707295007038333,0.0,25.707295007038333,6.901894765849974,5.7083977067671166,-2.105221734058104,32.585804378624076,4.43195854955061,yes,111.0,110.46518471492534,81.64829515338702
PA_EXT_F0D8FCD36A83,EXT_F0D8FCD36A83,SFC_B93E7618C45A,OPEN_PLA_FILMS_2021,prospective_open_external,LIQ_0F4168490E,2,2,boundary_fit,yes,25.842282124065484,0.0,25.842282124065484,5.669728333387489,5.607763687353324,-1.7293852947035555,31.447013573198547,2.9907734975369036,yes,108.0,110.36093346947264,86.6403005543725
PA_EXT_DA1010942764,EXT_DA1010942764,SFC_46B777D53533,OPEN_PLA_FILMS_2021,prospective_open_external,LIQ_1BD1B94C09,2,2,interior_fit,no,16.480984995177355,0.2036253213146129,16.68461031649197,0.0,4.05967794229756,0.4512486247232413,16.480984995177348,0.20362532131461664,no,100.0,93.32179977581055,93.32179977581053
PA_EXT_57AAA740DBD8,EXT_57AAA740DBD8,SFC_2171EA47DB00,OPEN_PLA_FILMS_2021,prospective_open_external,LIQ_1BD1B94C09,2,2,boundary_fit,yes,32.37616793803422,0.0,32.37616793803422,0.23921844520977942,5.708397706767119,-0.04004479083228651,32.585804378624104,0.0016035852728015776,yes,88.0,76.9787178792405,76.39113280122548
PA_EXT_6FAB73084CB3,EXT_6FAB73084CB3,SFC_C73C8C6483E4,OPEN_PLA_FILMS_2021,prospective_open_external,LIQ_1BD1B94C09,2,2,boundary_fit,yes,30.209724789433995,0.0,30.209724789433995,2.7582352836277977,5.708397706767118,-0.46172424079698,32.5858043786241,0.21318927453954756,yes,95.0,79.42004548375446,72.62203130293949
PA_EXT_793B32E71A38,EXT_793B32E71A38,SFC_B93E7618C45A,OPEN_PLA_FILMS_2021,prospective_open_external,LIQ_1BD1B94C09,2,2,boundary_fit,yes,30.707664306097946,0.0,30.707664306097946,0.8625362184863583,5.607763687353326,-0.14438720402296504,31.447013573198568,0.020847664685569332,yes,93.0,78.85327575899574,76.74384795838911
PA_EXT_BB5D89275AD2,EXT_BB5D89275AD2,SFC_46B777D53533,OPEN_PLA_FILMS_2021,prospective_open_external,LIQ_6656B41AB7,2,2,interior_fit,no,9.433386136295951,1.2042736579958058,10.637659794291757,0.0,3.071381795917916,1.0973940304174257,9.433386136295963,1.2042736579958018,no,82.0,97.94077904911198,97.94077904911195
PA_EXT_E8E1679EDB31,EXT_E8E1679EDB31,SFC_2171EA47DB00,OPEN_PLA_FILMS_2021,prospective_open_external,LIQ_6656B41AB7,2,2,interior_fit,no,16.806314992174414,1.0237700015299953,17.83008499370441,0.0,4.099550584170711,1.0118152012744215,16.806314992174414,1.023770001529998,no,53.0,81.3521156431883,81.3521156431883
PA_EXT_882D286A650A,EXT_882D286A650A,SFC_C73C8C6483E4,OPEN_PLA_FILMS_2021,prospective_open_external,LIQ_6656B41AB7,2,2,interior_fit,no,12.948362339715189,0.8423524323887038,13.790714772103893,0.0,3.5983832952751436,0.9177975988139772,12.948362339715201,0.8423524323887022,no,53.0,89.44246306818926,89.44246306818923
PA_EXT_E31EC66D808C,EXT_E31EC66D808C,SFC_B93E7618C45A,OPEN_PLA_FILMS_2021,prospective_open_external,LIQ_6656B41AB7,2,2,interior_fit,no,12.7652863864296,1.4066702524970374,14.171956638926636,0.0,3.5728540953178594,1.1860313033377494,12.7652863864296,1.4066702524970405,no,55.0,89.85291954766862,89.85291954766862
PA_EXT_0C2F137C0768,EXT_0C2F137C0768,SFC_DDCE904A2E37,OPEN_CARBON_GLYCAN_2016,prospective_open_external,LIQ_0F4168490E,2,2,interior_fit,no,49.71412211243157,12.494091372388068,62.20821348481964,0.0,7.050824215113544,3.534698201033302,49.714122112431525,12.494091372388063,no,35.3,53.280623344970344,53.28062334497038
PA_EXT_3D14543B75E6,EXT_3D14543B75E6,SFC_DDCE904A2E37,OPEN_CARBON_GLYCAN_2016,prospective_open_external,LIQ_5C0DC0DCD1,2,2,interior_fit,no,49.71412211243162,21.595338631799855,71.30946074423147,0.0,7.0508242151135505,4.647078505017957,49.71412211243162,21.59533863179993,no,22.2,0.0,0.0
PA_EXT_C8683F966ABC,EXT_C8683F966ABC,SFC_DDCE904A2E37,OPEN_CARBON_GLYCAN_2016,prospective_open_external,LIQ_6656B41AB7,2,2,interior_fit,no,24.524541098797688,36.23000479031761,60.75454588911529,0.0,4.952225873160236,6.0191365485688735,24.524541098797663,36.23000479031761,no,11.9,67.06863994847637,67.0686399484764
PA_EXT_A05B145D5D55,EXT_A05B145D5D55,SFC_757E5A51849D,OPEN_CARBON_GLYCAN_2016,prospective_open_external,LIQ_0F4168490E,2,2,interior_fit,no,50.57479794304538,13.46218920057705,64.03698714362244,0.0,7.111596019392931,3.6690856082377037,50.57479794304538,13.46218920057704,no,20.2,50.7979245047452,50.79792450474522
PA_EXT_4D6047F3DA11,EXT_4D6047F3DA11,SFC_757E5A51849D,OPEN_CARBON_GLYCAN_2016,prospective_open_external,LIQ_5C0DC0DCD1,2,2,interior_fit,no,50.574797943045425,27.36329914015021,77.93809708319563,0.0,7.111596019392932,5.2309940871836424,50.5747979430454,27.36329914015023,no,16.4,0.0,0.0
PA_EXT_7CF183ABF3B6,EXT_7CF183ABF3B6,SFC_757E5A51849D,OPEN_CARBON_GLYCAN_2016,prospective_open_external,LIQ_6656B41AB7,2,2,interior_fit,no,17.346602203307015,51.23008754822188,68.5766897515289,0.0,4.1649252338195835,7.15751965056483,17.34660220330711,51.23008754822169,no,5.4,80.28739650485194,80.28739650485174
PA_EXT_64532C66FD00,EXT_64532C66FD00,SFC_C1B0541D31DE,OPEN_CARBON_GLYCAN_2016,prospective_open_external,LIQ_0F4168490E,2,2,interior_fit,no,50.36632847583036,13.430263478406149,63.796591954236504,0.0,7.096923874174665,3.664732388375194,50.36632847583034,13.430263478406154,no,26.1,50.999933087574455,50.99993308757443
PA_EXT_68FC9343A58A,EXT_68FC9343A58A,SFC_C1B0541D31DE,OPEN_CARBON_GLYCAN_2016,prospective_open_external,LIQ_5C0DC0DCD1,2,2,interior_fit,no,50.36632847583039,25.34451403329814,75.71084250912853,0.0,7.09692387417467,5.034333524241138,50.36632847583041,25.344514033298193,no,17.1,0.0,0.0
PA_EXT_F1A8D658D675,EXT_F1A8D658D675,SFC_C1B0541D31DE,OPEN_CARBON_GLYCAN_2016,prospective_open_external,LIQ_6656B41AB7,2,2,interior_fit,no,20.367683047767272,45.20758876063383,65.57527180840111,0.0,4.513056951531548,6.723658881935776,20.367683047767233,45.207588760633854,no,7.5,74.55018008033197,74.55018008033207
PA_EXT_9F58E9B1730C,EXT_9F58E9B1730C,SFC_1CD855A0B4A5,OPEN_CARBON_GLYCAN_2016,prospective_open_external,LIQ_0F4168490E,2,2,interior_fit,no,50.614510678619155,13.547968376079819,64.16247905469898,0.0,7.114387582822513,3.680756495080846,50.614510678619155,13.547968376079833,no,22.9,50.6018771178949,50.6018771178949
PA_EXT_BD0EEB764A84,EXT_BD0EEB764A84,SFC_1CD855A0B4A5,OPEN_CARBON_GLYCAN_2016,prospective_open_external,LIQ_5C0DC0DCD1,2,2,interior_fit,no,50.61451067861922,26.429384463600083,77.0438951422193,0.0,7.114387582822516,5.140951707962263,50.614510678619204,26.429384463600112,no,15.9,0.0,0.0
PA_EXT_6B9D41D96636,EXT_6B9D41D96636,SFC_1CD855A0B4A5,OPEN_CARBON_GLYCAN_2016,prospective_open_external,LIQ_6656B41AB7,2,2,interior_fit,no,19.006176403857143,48.19163784605128,67.19781424990842,0.0,4.359607368084548,6.9420197238304775,19.006176403857083,48.19163784605138,no,4.9,77.09499128719196,77.09499128719207
PA_EXT_BE673F974C34,EXT_BE673F974C34,SFC_9CBFB90624F8,OPEN_CARBON_GLYCAN_2016,prospective_open_external,LIQ_0F4168490E,2,2,interior_fit,no,50.503303452318775,12.551817900880366,63.05512135319914,0.0,7.106567628069035,3.542854484858274,50.503303452318754,12.551817900880387,no,25.0,52.65256910238313,52.65256910238311
PA_EXT_810E90883671,EXT_810E90883671,SFC_9CBFB90624F8,OPEN_CARBON_GLYCAN_2016,prospective_open_external,LIQ_5C0DC0DCD1,2,2,interior_fit,no,50.50330345231884,25.707261273351154,76.21056472567,0.0,7.10656762806904,5.070232861846804,50.503303452318825,25.707261273351236,no,20.3,0.0,0.0
PA_EXT_E2B297913813,EXT_E2B297913813,SFC_9CBFB90624F8,OPEN_CARBON_GLYCAN_2016,prospective_open_external,LIQ_6656B41AB7,2,2,interior_fit,no,17.85096945373625,48.36044564577346,66.21141509950971,0.0,4.225040763559135,6.954167501992836,17.850969453736358,48.360445645773275,no,6.2,79.30534040461171,79.30534040461151
PA_EXT_97FF8568B019,EXT_97FF8568B019,SFC_73AE050E307F,OPEN_CARBON_GLYCAN_2016,prospective_open_external,LIQ_0F4168490E,2,2,interior_fit,no,50.66366703581616,13.29525200372458,63.95891903954074,0.0,7.117841459025072,3.6462654872793543,50.66366703581616,13.295252003724547,no,11.8,51.06919930606612,51.06919930606618
PA_EXT_006E9D255BB0,EXT_006E9D255BB0,SFC_73AE050E307F,OPEN_CARBON_GLYCAN_2016,prospective_open_external,LIQ_5C0DC0DCD1,2,2,interior_fit,no,50.66366703581624,29.514226751036745,80.17789378685299,0.0,7.1178414590250725,5.432699766325836,50.663667035816175,29.514226751036794,no,16.9,0.0,0.0
PA_EXT_0AFA4AD6501C,EXT_0AFA4AD6501C,SFC_73AE050E307F,OPEN_CARBON_GLYCAN_2016,prospective_open_external,LIQ_6656B41AB7,2,2,interior_fit,no,14.044385842185795,58.31101858977079,72.35540443195659,0.0,3.7475840006844314,7.636165175647428,14.044385842185928,58.31101858977052,no,4.2,87.04237174018367,87.04237174018338
PA_EXT_D7EE4324C62B,EXT_D7EE4324C62B,SFC_4AD1E95A7848,OPEN_FACEMASK_2023,prospective_open_external,LIQ_6656B41AB7,2,2,boundary_fit,yes,0.0,4.666057242981158,4.666057242981158,0.18345229488067183,-0.06330334453760908,2.214876780850194,0.004007313429647242,4.905679154349319,yes,103.9,180.0,169.18453966679309
PA_EXT_2ED76F045DA7,EXT_2ED76F045DA7,SFC_4AD1E95A7848,OPEN_FACEMASK_2023,prospective_open_external,LIQ_1BD1B94C09,2,2,interior_fit,no,7.331118528461726,0.16262265855132058,7.493741187013047,0.0,2.7076038352132907,0.4032649979248416,7.331118528461721,0.16262265855132252,no,132.9,110.8742560817867,110.87425608178667
PA_EXT_3DB1AD2DD595,EXT_3DB1AD2DD595,SFC_4AD1E95A7848,OPEN_FACEMASK_2023,prospective_open_external,LIQ_0F4168490E,2,2,boundary_fit,yes,4.733255871860606,0.0,4.733255871860606,5.753718838429965,2.707603835213289,-1.7550041490426336,7.331118528461711,3.0800395631568582,yes,125.0,136.13165102358835,107.96130103377693
PA_EXT_21DECF058A46,EXT_21DECF058A46,SFC_2C8D133FAE44,OPEN_FACEMASK_2023,prospective_open_external,LIQ_6656B41AB7,2,2,interior_fit,no,2.7867073693696978,0.05276748065421382,2.8394748500239118,0.0,1.6693433946823837,0.22971173381917834,2.7867073693697044,0.05276748065421304,no,107.4,122.11165900068879,122.11165900068873
PA_EXT_F4D52482F27E,EXT_F4D52482F27E,SFC_2C8D133FAE44,OPEN_FACEMASK_2023,prospective_open_external,LIQ_1BD1B94C09,2,2,boundary_fit,yes,5.544542785162348,0.0,5.544542785162348,1.8642345590740526,2.4980124896998372,-0.31206992803160266,6.24006639869638,0.09738763998164966,yes,127.3,119.53340161721641,114.52938355814068
PA_EXT_19F026C2773F,EXT_19F026C2773F,SFC_2C8D133FAE44,OPEN_FACEMASK_2023,prospective_open_external,LIQ_0F4168490E,2,2,boundary_fit,yes,4.874186239647764,0.0,4.874186239647764,3.139205645267241,2.498012489699836,-0.9575231405720581,6.2400663986963725,0.9168505647309774,yes,137.8,135.79173178085802,119.45364307471829
PA_EXT_161578FE82D4,EXT_161578FE82D4,SFC_61C86B62E941,OPEN_FACEMASK_2023,prospective_open_external,LIQ_6656B41AB7,2,2,boundary_fit,yes,7.549267848941399,0.0,7.549267848941399,0.3860512338393427,2.8712644853664444,-0.12415128571350288,8.244159744926632,0.015413541744315825,yes,98.5,103.23860402455882,101.20405386924816
PA_EXT_A608D8AA1EAA,EXT_A608D8AA1EAA,SFC_61C86B62E941,OPEN_FACEMASK_2023,prospective_open_external,LIQ_1BD1B94C09,2,2,boundary_fit,yes,8.585973982655316,0.0,8.585973982655316,1.3887848232753104,3.036956660366198,-0.23248039134419635,9.223105756942612,0.054047132359550686,yes,113.6,111.65398205476616,108.1233579503816
PA_EXT_6A758A73420C,EXT_6A758A73420C,SFC_61C86B62E941,OPEN_FACEMASK_2023,prospective_open_external,LIQ_0F4168490E,2,2,boundary_fit,yes,8.569451173662735,0.0,8.569451173662735,1.185291464200418,3.0369566603661986,-0.3615385971943301,9.223105756942614,0.1307101572612441,yes,131.0,128.64591515427577,122.65073838010379
PA_EXT_591446AFD356,EXT_591446AFD356,SFC_5D5B39751D66,OPEN_FACEMASK_2023,prospective_open_external,LIQ_6656B41AB7,2,2,interior_fit,no,2.8888847460013087,1.0674424092161423,3.9563271552174513,0.0,1.6996719524665078,1.0331710454789864,2.888884746001311,1.0674424092161419,no,75.9,121.53777190110067,121.53777190110064
PA_EXT_3FFCD90BF04A,EXT_3FFCD90BF04A,SFC_5D5B39751D66,OPEN_FACEMASK_2023,prospective_open_external,LIQ_1BD1B94C09,2,2,boundary_fit,yes,16.695212571131012,0.0,16.695212571131012,4.499075619592896,4.4318781999003845,-0.7531381702914405,19.641544378752272,0.5672171035499388,yes,118.6,96.89822884314621,86.12479255915807
PA_EXT_A2BFA9FEE942,EXT_A2BFA9FEE942,SFC_5D5B39751D66,OPEN_FACEMASK_2023,prospective_open_external,LIQ_0F4168490E,2,2,boundary_fit,yes,12.662731515318018,0.0,12.662731515318018,9.446118614810235,4.431878199900383,-2.8812630277680547,19.641544378752258,8.301676635183137,yes,125.4,122.92582133573322,82.31289077235847
PA_EXT_E2623286DF9C,EXT_E2623286DF9C,SFC_52742E4E2FF2,OPEN_FACEMASK_2023,prospective_open_external,LIQ_6656B41AB7,2,2,interior_fit,no,25.519390052763125,11.483707531743446,37.00309758450657,0.0,5.051672005659429,3.3887619467503813,25.51939005276316,11.483707531743434,no,22.43,65.32104492699897,65.3210449269989
PA_EXT_4414CE8E7161,EXT_4414CE8E7161,SFC_52742E4E2FF2,OPEN_FACEMASK_2023,prospective_open_external,LIQ_1BD1B94C09,2,2,interior_fit,no,47.029484122221085,4.874898477363473,51.90438259958456,0.0,6.857804613884904,2.2079172261123143,47.02948412222107,4.874898477363496,no,53.33,36.03503908886465,36.03503908886461
PA_EXT_8930F5ABA4B7,EXT_8930F5ABA4B7,SFC_52742E4E2FF2,OPEN_FACEMASK_2023,prospective_open_external,LIQ_0F4168490E,2,2,interior_fit,no,47.02948412222105,0.6417841475659729,47.67126826978702,0.0,6.857804613884899,0.8011143161659181,47.029484122221014,0.6417841475659866,no,71.77,87.88947550630067,87.88947550630061
PA_EXT_FFFDDFDEE3D0,EXT_FFFDDFDEE3D0,SFC_98A58E5AB649,OPEN_FACEMASK_2023,prospective_open_external,LIQ_6656B41AB7,2,2,interior_fit,no,7.527114597549658,4.250102155464929,11.777216753014587,0.0,2.743558746874151,2.061577588999485,7.527114597549662,4.250102155464929,no,95.4,103.30524661919698,103.30524661919696
PA_EXT_E63EB3F2835E,EXT_E63EB3F2835E,SFC_98A58E5AB649,OPEN_FACEMASK_2023,prospective_open_external,LIQ_1BD1B94C09,2,2,interior_fit,no,10.422124799582573,3.0437491630548386,13.465873962637412,0.0,3.2283315814182667,1.7446343923741867,10.422124799582567,3.043749163054848,no,95.7,92.43954320573737,92.43954320573735
PA_EXT_07642A48B0AD,EXT_07642A48B0AD,SFC_98A58E5AB649,OPEN_FACEMASK_2023,prospective_open_external,LIQ_0F4168490E,2,2,interior_fit,no,10.422124799582564,1.8688070059522532,12.290931805534818,0.0,3.2283315814182645,1.3670431617005578,10.422124799582553,1.8688070059522575,no,104.1,108.52363382565225,108.52363382565225
PA_EXT_FEA43C1D185A,EXT_FEA43C1D185A,SFC_804C47F28DD6,OPEN_FACEMASK_2023,prospective_open_external,LIQ_6656B41AB7,2,2,boundary_fit,yes,55.484024226459006,0.0,55.484024226459006,7.168653259557164,9.745235598576453,-2.3053870600467863,94.96961687176177,5.314809496631165,yes,57.73,0.0,0.0
PA_EXT_1D4E7C8984A2,EXT_1D4E7C8984A2,SFC_804C47F28DD6,OPEN_FACEMASK_2023,prospective_open_external,LIQ_1BD1B94C09,2,2,interior_fit,no,29.881562816499205,0.24216468232694813,30.123727498826153,0.0,5.4664030967812085,0.49210230880067335,29.881562816499187,0.24216468232695326,no,41.23,75.45575175639223,75.45575175639222
PA_EXT_8E2D528C28E4,EXT_8E2D528C28E4,SFC_804C47F28DD6,OPEN_FACEMASK_2023,prospective_open_external,LIQ_0F4168490E,2,2,interior_fit,no,29.881562816499176,14.62985758733932,44.5114204038385,0.0,5.466403096781208,3.8248996833040403,29.881562816499176,14.629857587339348,no,101.67,63.15379103436288,63.15379103436283
PA_EXT_DE22A4AE61FC,EXT_DE22A4AE61FC,SFC_26BB55DBD67D,OPEN_CHITOSAN_GELATIN_2022,prospective_open_external,LIQ_5C0DC0DCD1,1,1,insufficient_probes,no,,,,,,,,,no,71.6,,
PA_EXT_7534CEB38FB4,EXT_7534CEB38FB4,SFC_26BB55DBD67D,OPEN_CHITOSAN_GELATIN_2022,prospective_open_external,LIQ_6656B41AB7,1,1,insufficient_probes,no,,,,,,,,,no,46.8,,
PA_EXT_397F0C3BD5CF,EXT_397F0C3BD5CF,SFC_D400AC079E9D,OPEN_CHITOSAN_GELATIN_2022,prospective_open_external,LIQ_5C0DC0DCD1,1,1,insufficient_probes,no,,,,,,,,,no,74.0,,
PA_EXT_B24A3A78D359,EXT_B24A3A78D359,SFC_D400AC079E9D,OPEN_CHITOSAN_GELATIN_2022,prospective_open_external,LIQ_6656B41AB7,1,1,insufficient_probes,no,,,,,,,,,no,44.3,,
PA_EXT_F82FEAC10BBB,EXT_F82FEAC10BBB,SFC_F1718B0B4710,OPEN_CHITOSAN_GELATIN_2022,prospective_open_external,LIQ_5C0DC0DCD1,1,1,insufficient_probes,no,,,,,,,,,no,69.4,,
PA_EXT_67BEF7CA0F14,EXT_67BEF7CA0F14,SFC_F1718B0B4710,OPEN_CHITOSAN_GELATIN_2022,prospective_open_external,LIQ_6656B41AB7,1,1,insufficient_probes,no,,,,,,,,,no,43.6,,
PA_EXT_D348EE3E6106,EXT_D348EE3E6106,SFC_C768409105A9,OPEN_CHITOSAN_GELATIN_2022,prospective_open_external,LIQ_5C0DC0DCD1,1,1,insufficient_probes,no,,,,,,,,,no,69.8,,
PA_EXT_FEB300669898,EXT_FEB300669898,SFC_C768409105A9,OPEN_CHITOSAN_GELATIN_2022,prospective_open_external,LIQ_6656B41AB7,1,1,insufficient_probes,no,,,,,,,,,no,45.2,,
PA_EXT_126475924947,EXT_126475924947,SFC_21C07DE8FEA5,OPEN_CHITOSAN_GELATIN_2022,prospective_open_external,LIQ_5C0DC0DCD1,1,1,insufficient_probes,no,,,,,,,,,no,66.8,,
PA_EXT_CC9EEC4BEE40,EXT_CC9EEC4BEE40,SFC_21C07DE8FEA5,OPEN_CHITOSAN_GELATIN_2022,prospective_open_external,LIQ_6656B41AB7,1,1,insufficient_probes,no,,,,,,,,,no,45.6,,
PA_EXT_618DAE924695,EXT_618DAE924695,SFC_4988FD117978,OPEN_CHITOSAN_GELATIN_2022,prospective_open_external,LIQ_5C0DC0DCD1,1,1,insufficient_probes,no,,,,,,,,,no,68.1,,
PA_EXT_FC56291F305C,EXT_FC56291F305C,SFC_4988FD117978,OPEN_CHITOSAN_GELATIN_2022,prospective_open_external,LIQ_6656B41AB7,1,1,insufficient_probes,no,,,,,,,,,no,43.7,,
PA_EXT_0793ADE7D32F,EXT_0793ADE7D32F,SFC_728D367B9FEB,OPEN_CHITOSAN_GELATIN_2022,prospective_open_external,LIQ_5C0DC0DCD1,1,1,insufficient_probes,no,,,,,,,,,no,67.9,,
PA_EXT_9F8D5B3E0335,EXT_9F8D5B3E0335,SFC_728D367B9FEB,OPEN_CHITOSAN_GELATIN_2022,prospective_open_external,LIQ_6656B41AB7,1,1,insufficient_probes,no,,,,,,,,,no,45.4,,
PA_MEA_AF2A61D0F221,REC_B6880A60A58E,SFC_96D86F3732DF,SRC001,train,LIQ_06B74E7F53,4,4,interior_fit,no,19.274157506510562,12.142977943943771,31.41713545045433,0.8836108531187428,4.390234333895008,3.4846775954087637,19.274157506510544,12.142977943943803,no,35.0,71.47434018709436,71.47434018709438
PA_MEA_8829108AA85D,REC_006D803571ED,SFC_96D86F3732DF,SRC001,train,LIQ_53310FAFB3,4,4,interior_fit,no,26.188743202063026,8.413284488805898,34.60202769086892,8.32054526266082,5.117493839963369,2.9005662358935873,26.188743202063026,8.413284488805894,no,54.0,47.53995147075476,47.53995147075476
PA_MEA_1382FC3E41BA,REC_1063D03FFD29,SFC_96D86F3732DF,SRC001,train,LIQ_6656B41AB7,4,4,interior_fit,no,32.59987740969562,5.012387737035538,37.61226514673116,5.399180839709354,5.709630234060314,2.238836246141185,32.59987740969564,5.012387737035552,no,76.0,52.9751835535402,52.975183553540184
PA_MEA_DE146E58D4BC,REC_71AEDCAA35B2,SFC_96D86F3732DF,SRC001,train,LIQ_1BD1B94C09,4,4,interior_fit,no,26.34369607645327,8.303580501405815,34.64727657785909,8.345352930133078,5.132611038881989,2.881593396266346,26.34369607645325,8.303580501405815,no,62.0,57.42493228078675,57.42493228078677
PA_MEA_811D72FA48E6,REC_2CBB1DD7035C,SFC_96D86F3732DF,SRC001,train,LIQ_0F4168490E,4,4,interior_fit,no,26.921354896908344,5.463717012532715,32.38507190944106,7.958230790770626,5.18857927538053,2.3374595210468807,26.921354896908344,5.463717012532713,no,75.0,82.86918391244647,82.86918391244647
PA_MEA_8BC41BE1F860,REC_B3607A5DD9B0,SFC_7988EDE2E950,SRC001,train,LIQ_06B74E7F53,4,4,interior_fit,no,22.841147142558786,12.730651294033038,35.57179843659182,3.681291611941945,4.77924127268741,3.568003824834419,22.84114714255878,12.730651294033043,no,38.0,64.24716610606971,64.24716610606973
PA_MEA_C4EE01FC9114,REC_C05C84320F50,SFC_7988EDE2E950,SRC001,train,LIQ_53310FAFB3,4,4,interior_fit,no,28.44734296585988,10.801402247056425,39.248745212916305,5.516213785963367,5.333605062793824,3.2865486832019397,28.44734296585991,10.801402247056403,no,54.0,37.47020255525797,37.47020255525797
PA_MEA_0FCBA2ADD4F0,REC_CD632258245F,SFC_7988EDE2E950,SRC001,train,LIQ_6656B41AB7,4,4,interior_fit,no,32.21331595218951,7.406794352339592,39.620110304529106,5.556822913934275,5.675677576482787,2.7215426420211704,32.213315952189525,7.406794352339572,no,69.0,53.65588472690056,53.65588472690053
PA_MEA_E99ED2021865,REC_3A20AA992E55,SFC_7988EDE2E950,SRC001,train,LIQ_1BD1B94C09,4,4,interior_fit,no,27.702981678928033,9.513752524100877,37.216734203028906,7.003074879964927,5.26336220290111,3.0844371486708675,27.702981678928026,9.513752524100871,no,52.0,53.341123526608676,53.341123526608705
PA_MEA_E9F11B395205,REC_ECA6E657921F,SFC_7988EDE2E950,SRC001,train,LIQ_0F4168490E,4,4,interior_fit,no,28.94473483741543,6.596442243684303,35.54117708109973,6.168151289225503,5.380031118628909,2.5683539950100926,28.94473483741543,6.596442243684303,no,70.0,78.81411377950724,78.81411377950724
PA_MEA_41BDD8B64CA2,REC_79BCEF5ED722,SFC_A3534C38D4B9,SRC001,train,LIQ_06B74E7F53,4,4,interior_fit,no,15.667104170490132,7.469104164317832,23.136208334807964,3.8992265632529346,3.9581692953296144,2.732966184261677,15.667104170490136,7.469104164317829,no,35.0,79.16128778499181,79.1612877849918
PA_MEA_78F94B993AC8,REC_D72C3997600A,SFC_A3534C38D4B9,SRC001,train,LIQ_53310FAFB3,4,4,interior_fit,no,23.767551872988044,4.012141296162623,27.77969316915067,11.093165417069425,4.875197623993109,2.003033024231659,23.767551872988054,4.012141296162627,no,70.0,62.76131216139876,62.76131216139876
PA_MEA_A978848F1D9F,REC_BC706840ED0F,SFC_A3534C38D4B9,SRC001,train,LIQ_6656B41AB7,4,4,interior_fit,no,29.729798641874833,1.7475220334439712,31.477320675318804,9.29883732483613,5.4525038873782385,1.3219387404278495,29.729798641874805,1.7475220334439694,no,80.0,57.99390424654721,57.99390424654726
PA_MEA_4021F0E1E76D,REC_CAC2058463C2,SFC_A3534C38D4B9,SRC001,train,LIQ_1BD1B94C09,4,4,interior_fit,no,24.633155378577353,4.321659983073197,28.95481536165055,10.10184337132425,4.963179966370084,2.0788602605930957,24.633155378577346,4.321659983073194,no,80.0,67.58813972631363,67.58813972631364
PA_MEA_70EE2B9BF84D,REC_6B25D54CA944,SFC_A3534C38D4B9,SRC001,train,LIQ_0F4168490E,4,4,interior_fit,no,25.474138272842396,0.74896556049471,26.223103833337106,9.314126559824293,5.0471911270371335,0.8654279637813389,25.47413827284237,0.7489655604947144,no,84.0,100.53307944934194,100.53307944934191
PA_MEA_1FD0F884EAE7,REC_E01AA07F1BE7,SFC_D5092F34D983,SRC001,train,LIQ_06B74E7F53,4,4,interior_fit,no,21.724116183485613,15.871378576764208,37.59549476024982,9.110106671491627,4.660913664024,3.9838898801001275,21.72411618348563,15.871378576764208,no,9.0,66.48596101107822,66.4859610110782
PA_MEA_044E1720AE6B,REC_F12803C6C7F3,SFC_D5092F34D983,SRC001,train,LIQ_53310FAFB3,4,4,interior_fit,no,31.578085985654972,13.147200003138593,44.725285988793566,9.26145862412684,5.619438226874193,3.6259067835699526,31.578085985654972,13.147200003138598,no,63.0,23.155635917222753,23.155635917222753
PA_MEA_7526876D67B5,REC_C7CA8DBBE403,SFC_D5092F34D983,SRC001,train,LIQ_6656B41AB7,4,4,interior_fit,no,35.07524181303191,7.799152225085104,42.87439403811701,12.657626027163596,5.922435462968925,2.7926962285728654,35.075241813031944,7.7991522250851055,no,66.0,48.556936194399334,48.55693619439926
PA_MEA_D4EE6BBDEC82,REC_FFCB07DC115D,SFC_D5092F34D983,SRC001,train,LIQ_1BD1B94C09,4,4,interior_fit,no,30.497532641793565,10.63313248113198,41.13066512292555,13.397050515917389,5.5224571199597,3.260848429647104,30.497532641793587,10.633132481131984,no,52.0,47.20634203551642,47.206342035516386
PA_MEA_6744B4E9FEFA,REC_A37D45EF4078,SFC_D5092F34D983,SRC001,train,LIQ_0F4168490E,4,4,interior_fit,no,33.58397158328277,2.7099627845208913,36.29393436780366,9.261178587831964,5.795167951257559,1.6461964598798362,33.58397158328273,2.709962784520905,no,60.0,86.19726167550974,86.19726167550972
PA_MEA_F437690D1E4A,REC_E40A06126583,SFC_7C5DE420C3BC,SRC001,train,LIQ_06B74E7F53,4,4,interior_fit,no,22.30847251355013,41.58416492039964,63.892637433949766,8.414178696446887,4.723184573309629,6.44857851936376,22.30847251355006,41.58416492039971,no,8.0,65.31278229420275,65.31278229420288
PA_MEA_D4BE013D295D,REC_FA0F03480EAF,SFC_7C5DE420C3BC,SRC001,train,LIQ_53310FAFB3,4,4,interior_fit,no,31.789942306587914,36.55957726006429,68.3495195666522,9.791181399139514,5.638257027361196,6.046451625545712,31.789942306587914,36.55957726006439,no,14.0,0.0,0.0
PA_MEA_639B1567FD43,REC_E35DE00DF2F7,SFC_7C5DE420C3BC,SRC001,train,LIQ_6656B41AB7,4,4,interior_fit,no,34.745273897124335,28.542849588524085,63.28812348564842,12.202385283962341,5.894512184831273,5.3425508503451935,34.74527389712434,28.54284958852415,no,64.0,49.15310192232686,49.15310192232685
PA_MEA_DBFDF5BA896B,REC_F98E60FAC76C,SFC_7C5DE420C3BC,SRC001,train,LIQ_1BD1B94C09,4,4,interior_fit,no,31.44851641630363,33.81176481233551,65.26028122863914,12.323857127599226,5.607897682403237,5.814788458089906,31.4485164163036,33.81176481233558,no,20.0,0.0,0.0
PA_MEA_3406298196F8,REC_FDF2D56C8B9A,SFC_7C5DE420C3BC,SRC001,train,LIQ_0F4168490E,4,4,interior_fit,no,34.17121988792805,16.6315288768722,50.802748764800256,7.838706093149661,5.845615441331057,4.078177151237077,34.17121988792808,16.631528876872164,no,3.0,56.63776741538228,56.637767415382335
PA_MEA_F90CF43C7393,REC_E06E1B65A682,SFC_CB09228EB13A,SRC001,train,LIQ_06B74E7F53,4,4,interior_fit,no,20.981361755710388,4.947868563834188,25.929230319544576,4.0894168443420895,4.5805416443593625,2.22438048989695,20.981361755710374,4.947868563834196,no,8.0,67.98495219277838,67.98495219277841
PA_MEA_9339C919B8A8,REC_E28E6D610108,SFC_CB09228EB13A,SRC001,train,LIQ_53310FAFB3,4,4,interior_fit,no,30.307027486605,2.585155708910827,32.89218319551583,10.186809981010976,5.505181875887934,1.6078419415200056,30.307027486604994,2.585155708910821,no,72.0,58.17810669058693,58.178106690586965
PA_MEA_3C7AB0EF30AF,REC_33D0BBEECFEA,SFC_CB09228EB13A,SRC001,train,LIQ_6656B41AB7,4,4,interior_fit,no,36.64192042430799,0.6951674602903566,37.33708788459835,9.074771599819162,6.053257009603012,0.8337670299852089,36.641920424308,0.6951674602903563,no,70.0,45.68642153512684,45.68642153512684
PA_MEA_CB62D87C55FB,REC_16296E8E545B,SFC_CB09228EB13A,SRC001,train,LIQ_1BD1B94C09,4,4,interior_fit,no,30.407083211405322,2.3034909313226186,32.71057414272794,10.74427743956986,5.514261801130348,1.5177255783976955,30.40708321140531,2.3034909313226195,no,73.0,65.4434005510262,65.44340055102622
PA_MEA_EFD27B6C63BC,REC_947E5E183F1E,SFC_CB09228EB13A,SRC001,train,LIQ_0F4168490E,4,4,interior_fit,no,31.92302282598038,0.13341205999848754,32.05643488597887,9.037156562676847,5.6500462675964345,0.3652561566879954,31.9230228259804,0.13341205999848543,no,85.0,101.7478422706717,101.74784227067173
PA_MEA_4C33A32162FE,REC_616F9D2830CE,SFC_D6FC0757F82D,SRC004,train,LIQ_0F4168490E,2,2,boundary_fit,yes,30.53873685578056,0.0,30.53873685578056,0.9645021763522799,5.607763687353324,-0.2773294567948367,31.447013573198547,0.0769116276061192,yes,103.0,106.92700758045241,103.07810525043834
PA_MEA_D8DC3F6A86B4,REC_28BCE99CEEA8,SFC_D6FC0757F82D,SRC004,train,LIQ_53310FAFB3,2,2,interior_fit,no,31.447013573198607,0.0807119759380103,31.527725549136616,0.0,5.607763687353328,0.2840985320940861,31.447013573198596,0.08071197593801446,no,78.0,71.9480803415592,71.94808034155913
PA_MEA_6C8B99E4D60E,REC_8788F64E04F1,SFC_D6FC0757F82D,SRC004,train,LIQ_6656B41AB7,2,2,interior_fit,no,21.552998113708284,0.8375395463037565,22.39053766001204,0.0,4.6425206637890435,0.915171867084952,21.55299811370826,0.837539546303757,no,55.0,72.37879082864266,72.37879082864269
PA_MEA_E09909FA72FA,REC_1255B952ED4A,SFC_B3A450C96FFB,SRC004,train,LIQ_0F4168490E,2,2,interior_fit,no,26.275176760124634,0.01671630257025048,26.291893062694886,0.0,5.125931794330141,0.12929154098490145,26.275176760124616,0.01671630257025045,no,102.0,108.48932377003678,108.48932377003679
PA_MEA_3D0EAE6570F7,REC_1C279CE5A88F,SFC_B3A450C96FFB,SRC004,train,LIQ_53310FAFB3,2,2,interior_fit,no,26.275176760124655,0.47055335535644116,26.745730115481095,0.0,5.1259317943301435,0.6859689171940974,26.275176760124644,0.4705533553564424,no,80.0,74.05274288920698,74.052742889207
PA_MEA_90054ACCAB23,REC_C4730A142B72,SFC_B3A450C96FFB,SRC004,train,LIQ_6656B41AB7,2,2,interior_fit,no,17.379363091148797,1.7205629875096713,19.099926078658466,0.0,4.168856328916699,1.3117023242754684,17.379363091148818,1.720562987509666,no,64.0,80.22326874506626,80.22326874506622
PA_MEA_24CCCEA82F3F,REC_E1BA0DAF68A1,SFC_DE76E6500249,SRC004,train,LIQ_0F4168490E,2,2,interior_fit,no,29.72629252941275,0.01043290616058607,29.736725435573334,0.0,5.452182363917473,0.10214159858052925,29.72629252941272,0.010432906160585976,no,101.0,106.29639061227518,106.2963906122752
PA_MEA_8D40CC53862D,REC_8D637590C72B,SFC_DE76E6500249,SRC004,train,LIQ_53310FAFB3,2,2,interior_fit,no,29.726292529412788,0.3134207475023782,30.039713276915165,0.0,5.452182363917477,0.5598399302500512,29.72629252941277,0.3134207475023822,no,76.0,71.0314304129349,71.03143041293488
PA_MEA_C61A0E1D5E09,REC_1B1FB3AC87FB,SFC_DE76E6500249,SRC004,train,LIQ_6656B41AB7,2,2,interior_fit,no,21.76481903235614,1.1541546666097762,22.918973698965917,0.0,4.665278023050303,1.074315906337506,21.76481903235614,1.154154666609777,no,58.0,71.99448230748295,71.99448230748295
PA_MEA_805E8D357324,REC_0E2915C328B1,SFC_30582CAA2D88,SRC004,train,LIQ_0F4168490E,2,2,boundary_fit,yes,27.66450097122277,0.0,27.66450097122277,2.2756897116241106,5.452182363917474,-0.6543435639981348,29.72629252941273,0.42816549974578105,yes,107.0,108.9858624112035,99.91971369585008
PA_MEA_B35A3EA362DB,REC_90EA6B4E32E5,SFC_30582CAA2D88,SRC004,train,LIQ_53310FAFB3,2,2,interior_fit,no,29.726292529412788,0.00177854671675236,29.72807107612954,0.0,5.452182363917477,0.04217281964432553,29.72629252941277,0.0017785467167528094,no,84.0,76.64226150799192,76.64226150799189
PA_MEA_F2D78402AA4F,REC_5CD93495A4CB,SFC_30582CAA2D88,SRC004,train,LIQ_6656B41AB7,2,2,interior_fit,no,18.102358948308808,0.6807773263955202,18.78313627470433,0.0,4.254686703895928,0.8250923138628321,18.102358948308794,0.6807773263955222,no,58.0,78.81988566986209,78.81988566986212
PA_MEA_57A5A3E826DA,REC_95A77EF838FB,SFC_6B2C1FFAAC51,SRC004,train,LIQ_0F4168490E,2,2,boundary_fit,yes,30.53873685578056,0.0,30.53873685578056,0.9645021763522834,5.607763687353322,-0.27732945679483584,31.44701357319853,0.07691162760611872,yes,104.0,106.92700758045241,103.07810525043837
PA_MEA_46B27844C6F8,REC_E0A2EB20E5E1,SFC_6B2C1FFAAC51,SRC004,train,LIQ_53310FAFB3,2,2,interior_fit,no,31.447013573198596,0.039044899726409774,31.486058472925006,0.0,5.6077636873533265,0.19759782318237165,31.44701357319858,0.039044899726411814,no,78.0,72.8923247983629,72.89232479836286
PA_MEA_A48F5EC257BB,REC_0F435FF66B87,SFC_6B2C1FFAAC51,SRC004,train,LIQ_6656B41AB7,2,2,interior_fit,no,22.955963805631328,0.5350044807356873,23.490968286367014,0.0,4.791238233028214,0.7314400048778342,22.955963805631328,0.5350044807356862,no,55.0,69.85153854290405,69.85153854290405
PA_MEA_01E5361E3133,REC_8021D3BDB434,SFC_048F8DA4C434,SRC004,train,LIQ_0F4168490E,2,2,boundary_fit,yes,24.165118301405148,0.0,24.165118301405148,0.47711098842052024,4.9561567783124945,-0.137186762760794,24.563490011212885,0.018820207876786375,yes,109.0,111.68154059053421,109.715874209565
PA_MEA_0C7B44B11C3C,REC_B68230783D5A,SFC_048F8DA4C434,SRC004,train,LIQ_53310FAFB3,2,2,interior_fit,no,24.563490011212927,0.03891548577278967,24.602405496985718,0.0,4.956156778312497,0.1972700833192683,24.56349001121291,0.03891548577279105,no,85.0,81.49474853408697,81.49474853408697
PA_MEA_F123652B3AE9,REC_F847405322BF,SFC_048F8DA4C434,SRC004,train,LIQ_6656B41AB7,2,2,interior_fit,no,19.194362354615702,0.3285770672889186,19.52293942190462,0.0,4.381137107488844,0.5732164227313439,19.194362354615716,0.3285770672889187,no,67.0,76.73962068732332,76.7396206873233
PA_MEA_61083FF63BA1,REC_D69CDBA004AC,SFC_97C64E1FE93A,SRC004,train,LIQ_0F4168490E,2,2,boundary_fit,yes,36.87884449995885,0.0,36.87884449995885,0.12805835625236028,6.083626569911923,-0.036821435190351526,37.010512242138304,0.0013558180894772578,yes,107.0,102.77008673218405,102.2645560155196
PA_MEA_2E1067970F7D,REC_BAD699563EED,SFC_97C64E1FE93A,SRC004,train,LIQ_53310FAFB3,2,2,boundary_fit,yes,34.96816299122159,0.0,34.96816299122159,2.2142605747292805,6.083626569911923,-0.3706637315758174,37.010512242138304,0.1373916019057096,yes,69.0,70.92187265305849,64.3815754962549
PA_MEA_2B3D260B0BE1,REC_9629C08A6F50,SFC_97C64E1FE93A,SRC004,train,LIQ_6656B41AB7,2,2,boundary_fit,yes,33.91104723764117,0.0,33.91104723764117,1.8948692887337852,6.657589667466907,-0.7459192861802906,44.323500180362124,0.5563955814957142,yes,45.0,50.649492078623254,29.753937629523577
PA_MEA_0A824356BA0E,REC_31C5D5CED204,SFC_B14CBA5EEC9C,SRC004,train,LIQ_0F4168490E,2,2,boundary_fit,yes,30.844509970197233,0.0,30.844509970197233,0.6382187451968875,5.607763687353323,-0.18351110268214568,31.447013573198536,0.033676324807617015,yes,105.0,106.71512180841972,104.1632551901066
PA_MEA_DC6B84304002,REC_3026F2B73D7E,SFC_B14CBA5EEC9C,SRC004,train,LIQ_53310FAFB3,2,2,interior_fit,no,31.447013573198596,0.01242616787780543,31.4594397410764,0.0,5.607763687353327,0.11147272257286422,31.447013573198586,0.012426167877806753,no,77.0,73.82773364580851,73.82773364580845
PA_MEA_261C744D4654,REC_6291F47113A0,SFC_B14CBA5EEC9C,SRC004,train,LIQ_6656B41AB7,2,2,interior_fit,no,26.016207751627565,0.196292769580337,26.212500521207904,0.0,5.100608566791575,0.443049398578009,26.016207751627604,0.1962927695803355,no,55.0,64.45211532101501,64.45211532101494
PA_MEA_F20173EDD9C0,REC_ABC65E7967FA,SFC_EE6E9B0961BD,SRC004,train,LIQ_0F4168490E,2,2,boundary_fit,yes,25.796838862495076,0.0,25.796838862495076,3.150878052122046,5.345558904361635,-0.9059920444415985,28.574999999999964,0.8208215845914675,yes,115.0,110.39599118964075,97.84958811082153
PA_MEA_4037579075BA,REC_A5FFBF16AFD6,SFC_EE6E9B0961BD,SRC004,train,LIQ_53310FAFB3,2,2,boundary_fit,yes,25.928903149097255,0.0,25.928903149097255,3.297440152373728,5.3455589043616385,-0.5519862862916264,28.575,0.3046888602540213,yes,88.0,81.8038663808159,72.56049443352777
PA_MEA_8F1B0326CAD2,REC_6AAE420C6622,SFC_EE6E9B0961BD,SRC004,train,LIQ_6656B41AB7,2,2,boundary_fit,yes,20.835710211397444,0.0,20.835710211397444,0.3913759962094492,4.73692948951525,-0.15406598516129313,22.438500988639202,0.023736327783719795,yes,60.0,73.68835009534871,70.77889616961549
PA_MEA_8BF3A24B2662,REC_A610BA11376C,SFC_3EDFEEF1E888,SRC004,train,LIQ_0F4168490E,2,2,boundary_fit,yes,28.257897708472157,0.0,28.257897708472157,1.6122863374254806,5.452182363917474,-0.4635909644569095,29.72629252941273,0.21491658232608754,yes,108.0,108.5503279111186,102.10432538123598
PA_MEA_9B544A31FCB5,REC_4F83657E9936,SFC_3EDFEEF1E888,SRC004,train,LIQ_53310FAFB3,2,2,boundary_fit,yes,29.512986202646637,0.0,29.512986202646637,0.2548921623892255,5.452182363917477,-0.04266854639371677,29.72629252941277,0.0018206048513527604,yes,82.0,77.35123953819557,76.63695942728275
PA_MEA_EF1FE5336CE1,REC_C1F2C1E8CB68,SFC_3EDFEEF1E888,SRC004,train,LIQ_6656B41AB7,2,2,interior_fit,no,22.358764580499876,0.18530394793122215,22.544068528431097,0.0,4.728505533516895,0.43046945063642045,22.358764580499894,0.18530394793122162,no,58.0,70.92226625344911,70.92226625344907
PA_MEA_8B04D2C9432F,REC_953A8C3A3F16,SFC_5AF649ABE598,SRC004,train,LIQ_0F4168490E,2,2,boundary_fit,yes,26.08450224412383,0.0,26.08450224412383,2.816990707249005,5.345558904361638,-0.8099872885637984,28.574999999999992,0.6560794076349341,yes,112.0,110.1747209707413,98.94048631760793
PA_MEA_87DDFBC92431,REC_84DBA1799CD9,SFC_5AF649ABE598,SRC004,train,LIQ_53310FAFB3,2,2,boundary_fit,yes,27.086156804410553,0.0,27.086156804410553,1.8355601452282286,5.345558904361637,-0.3072698763312119,28.57499999999998,0.09441477690059825,yes,87.0,80.34116604394876,75.21141789712647
PA_MEA_6EDB6F2A3EFD,REC_B2898473D913,SFC_5AF649ABE598,SRC004,train,LIQ_6656B41AB7,2,2,interior_fit,no,20.08164522296412,0.06646590000274294,20.148111122966863,0.0,4.481254871457786,0.25780981362768585,20.081645222964138,0.0664659000027421,no,60.0,75.07998022111178,75.07998022111177
PA_MEA_AB5BD1D2BA5D,REC_6A4550CF1208,SFC_49824CF36E40,SRC004,train,LIQ_0F4168490E,2,2,interior_fit,no,30.874747879965902,0.06301736283902216,30.937765242804925,0.0,5.55650500584368,0.25103259318068827,30.874747879965874,0.06301736283902094,no,100.0,103.76931574360509,103.76931574360515
PA_MEA_596B409A7C5E,REC_BAC10F9DCF31,SFC_49824CF36E40,SRC004,train,LIQ_53310FAFB3,2,2,interior_fit,no,30.87474787996592,0.33536038372287424,31.210108263688795,0.0,5.556505005843684,0.5791030855753363,30.87474787996592,0.3353603837228753,no,73.0,69.39299268651152,69.39299268651152
PA_MEA_A12926F69353,REC_3488B7817AD1,SFC_49824CF36E40,SRC004,train,LIQ_6656B41AB7,2,2,interior_fit,no,24.92470841443453,0.8984591327457714,25.8231675471803,0.0,4.9924651640682,0.9478708418058708,24.92470841443452,0.8984591327457702,no,56.0,66.36432609311349,66.36432609311352
PA_MEA_EB7B903AE81E,REC_1D905101A054,SFC_5AED3C744401,SRC004,train,LIQ_0F4168490E,2,2,boundary_fit,yes,30.23335892696506,0.0,30.23335892696506,1.2919983379322453,5.607763687353325,-0.3714965150143001,31.447013573198557,0.1380096606677701,yes,98.0,107.13992096916648,101.9937021973546
PA_MEA_E64552D407A9,REC_AF611A5A0F3E,SFC_5AED3C744401,SRC004,train,LIQ_53310FAFB3,2,2,interior_fit,no,31.447013573198586,0.5202887417128733,31.96730231491146,0.0,5.607763687353326,0.7213104336642275,31.447013573198568,0.520288741712876,no,79.0,67.08995430808794,67.08995430808794
PA_MEA_1B72ECBF6D8F,REC_1B27A24F9605,SFC_5AED3C744401,SRC004,train,LIQ_6656B41AB7,2,2,interior_fit,no,13.904992473559535,3.8012539801916305,17.706246453751167,0.0,3.7289398592038894,1.949680481564,13.904992473559522,3.8012539801916314,no,55.0,87.34248505707649,87.3424850570765
PA_MEA_4B217F653B8C,REC_54C745B461B5,SFC_F08CE41D3B56,SRC004,train,LIQ_0F4168490E,2,2,interior_fit,no,26.84892234132729,0.003663085521461816,26.852585426848755,0.0,5.181594575159971,0.06052342952495326,26.84892234132724,0.003663085521461984,no,109.0,108.87350432253713,108.87350432253716
PA_MEA_5A7527E5A57C,REC_6BF6678E2EF0,SFC_F08CE41D3B56,SRC004,train,LIQ_53310FAFB3,2,2,interior_fit,no,26.848922341327313,0.002487959352534496,26.85141030067985,0.0,5.181594575159975,0.0498794481979805,26.848922341327285,0.00248795935253502,no,80.0,80.11245168662477,80.11245168662474
PA_MEA_D3DD0856C805,REC_E8E54DDA5122,SFC_F08CE41D3B56,SRC004,train,LIQ_6656B41AB7,2,2,interior_fit,no,27.038901675973303,0.0014375530728854907,27.04033922904619,0.0,5.199894390848077,0.03791507711828586,27.038901675973293,0.001437553072885564,no,63.0,62.66930465497574,62.66930465497576
PA_MEA_EE33190327F4,REC_068AC3842617,SFC_D31ACCAB15C3,SRC004,train,LIQ_0F4168490E,2,2,interior_fit,no,25.702802526704243,0.010788819968886795,25.71359134667313,0.0,5.069793144370315,0.1038692445764706,25.702802526704243,0.010788819968886669,no,110.0,109.22729857133284,109.22729857133284
PA_MEA_8064FACE4AE6,REC_49B4DB03B333,SFC_D31ACCAB15C3,SRC004,train,LIQ_53310FAFB3,2,2,interior_fit,no,25.70280252670425,0.0015302820526747326,25.704332808756924,0.0,5.0697931443703155,0.039118819673844674,25.70280252670425,0.001530282052674777,no,81.0,81.68157270816067,81.68157270816064
PA_MEA_7D7331494A49,REC_F1640A076775,SFC_D31ACCAB15C3,SRC004,train,LIQ_6656B41AB7,2,2,boundary_fit,yes,26.45523175215115,0.0,26.45523175215115,0.08551692842070047,5.1811162296938145,-0.03366391897486933,26.843965385596647,0.0011332594407465675,yes,65.0,63.68594630781321,63.00863107488456
PA_MEA_A3DB5DA10EFE,REC_A90C767274BD,SFC_EC8F580B7830,SRC012,internal_test,LIQ_6656B41AB7,2,2,interior_fit,no,11.840282701132248,0.8977693789843598,12.738052080116608,0.0,3.4409711857457106,0.9475069281986076,11.840282701132242,0.8977693789843614,no,101.1,91.97366849256906,91.97366849256908
PA_MEA_46540AE73DFD,REC_1452FDDD0065,SFC_DD6EFD722DF2,SRC012,internal_test,LIQ_6656B41AB7,2,2,boundary_fit,yes,0.39221530973233704,0.0,0.39221530973233704,2.6345331027465715,0.986196017371304,-0.8663327579583919,0.9725825846790214,0.7505324475117937,yes,161.1,145.51395638229542,136.32485006656154
PA_MEA_1D9A8BA30626,REC_C86638FE3C0A,SFC_EC8F580B7830,SRC012,internal_test,LIQ_53310FAFB3,2,2,singular_fit,no,,,,,,,,,no,93.2,,
PA_MEA_FFE28F6E58D2,REC_49E6EBF046EB,SFC_DD6EFD722DF2,SRC012,internal_test,LIQ_53310FAFB3,2,2,singular_fit,no,,,,,,,,,no,159.4,,
PA_MEA_545CE42BA5FF,REC_BEF28DA29EBB,SFC_EC8F580B7830,SRC012,internal_test,LIQ_B6950B5CB8,2,2,interior_fit,no,8.280663836698487,2.7010970898418956,10.981760926540382,0.0,2.877614261275906,1.643501472418535,8.280663836698478,2.701097089841893,no,71.8,84.40598051212258,84.40598051212261
PA_MEA_19FD99EC69A3,REC_2A6DFA75A0D6,SFC_DD6EFD722DF2,SRC012,internal_test,LIQ_B6950B5CB8,2,2,interior_fit,no,0.03691621436598275,0.013151974934066009,0.050068189300048756,0.0,0.1921359267965852,0.11468206021024376,0.03691621436598275,0.013151974934065974,no,128.6,157.92950263147648,157.92950263147648
PA_MEA_045592B68FF5,REC_70B53D6582B7,SFC_27CC011F7F38,SRC014,train,LIQ_1BD1B94C09,2,2,interior_fit,no,44.63032788922151,9.895441571947227,54.525769461168736,0.0,6.680593378527204,3.145702079337333,44.630327889221526,9.895441571947222,no,50.7,24.293302936519396,24.293302936519396
PA_MEA_63F27B8C41F7,REC_FC9D5730B435,SFC_27CC011F7F38,SRC014,train,LIQ_6656B41AB7,2,2,interior_fit,no,18.53677461935371,22.07659794633451,40.61337256568822,0.0,4.305435473834646,4.698574033292917,18.536774619353764,22.076597946334466,no,29.0,77.98695857637684,77.98695857637672
PA_MEA_98A9A2DEAF8E,REC_3355A12F70CF,SFC_27CC011F7F38,SRC014,train,LIQ_0F4168490E,2,2,interior_fit,no,44.63032788922151,1.6787954883497551,46.30912337757127,0.0,6.680593378527201,1.2956834059097018,44.630327889221476,1.6787954883497649,no,61.7,83.61969464839534,83.61969464839532
PA_MEA_89FB72ABBF3E,REC_016209709BAC,SFC_5CF465520919,SRC014,train,LIQ_1BD1B94C09,2,2,interior_fit,no,41.65539238694304,6.73676476819577,48.39215715513881,0.0,6.454098882643729,2.595527839996288,41.65539238694303,6.736764768195798,no,61.3,38.74107211581704,38.741072115817005
PA_MEA_2913D3817FC2,REC_9E33C0A62D63,SFC_5CF465520919,SRC014,train,LIQ_6656B41AB7,2,2,interior_fit,no,15.160832536032295,18.228762546687044,33.38959508271934,0.0,3.8936913765772836,4.2695154932014265,15.160832536032302,18.22876254668702,no,35.8,84.68702073767878,84.68702073767878
PA_MEA_09BB17C80B3C,REC_8FF54601C15E,SFC_5CF465520919,SRC014,train,LIQ_0F4168490E,2,2,interior_fit,no,41.65539238694299,0.36146261932162593,42.01685500626462,0.0,6.454098882643728,0.6012176139482469,41.65539238694302,0.36146261932162327,no,70.3,93.10549766285341,93.10549766285342
PA_MEA_9C6BDDB69C2D,REC_500FAA3F5744,SFC_57CAC88FEA44,SRC014,train,LIQ_1BD1B94C09,2,2,interior_fit,no,39.10337252875483,3.5201637768981517,42.62353630565298,0.0,6.2532689474190075,1.8762099501117038,39.103372528754825,3.520163776898162,no,71.2,51.05191884358515,51.05191884358515
PA_MEA_09BF2A8FB17B,REC_2679E2328616,SFC_57CAC88FEA44,SRC014,train,LIQ_6656B41AB7,2,2,interior_fit,no,13.224553102989427,12.8666316491452,26.091184752134627,0.0,3.6365578646557326,3.5870087327946636,13.224553102989463,12.866631649145178,no,41.0,88.82863544647921,88.82863544647914
PA_MEA_95A08DC6925F,REC_557886264DC6,SFC_57CAC88FEA44,SRC014,train,LIQ_0F4168490E,2,2,boundary_fit,yes,38.491787363026084,0.0,38.491787363026084,0.5309647896658376,6.253268947419007,-0.16195532576864596,39.10337252875481,0.02622952754482824,yes,80.2,101.7819245837612,99.56203704914242
PA_MEA_D591A8555CEC,REC_A61E409571E7,SFC_5A3C9776191D,SRC014,train,LIQ_1BD1B94C09,2,2,interior_fit,no,36.90337793018325,1.9626952576707188,38.866073187853964,0.0,6.074815053166906,1.400962261329949,36.90337793018323,1.9626952576707244,no,78.7,58.75130275364871,58.75130275364871
PA_MEA_43542EE89962,REC_1A10EB7B12F0,SFC_5A3C9776191D,SRC014,train,LIQ_6656B41AB7,2,2,interior_fit,no,11.006015464507566,10.263481814054218,21.269497278561786,0.0,3.317531531803064,3.2036669324469718,11.006015464507584,10.26348181405419,no,45.2,93.96104401263273,93.9610440126327
PA_MEA_54207E23981A,REC_72D34211B360,SFC_5A3C9776191D,SRC014,train,LIQ_0F4168490E,2,2,boundary_fit,yes,34.20456952386242,0.0,34.20456952386242,2.4480142831220704,6.074815053166906,-0.7466953711918283,36.90337793018323,0.5575539773593022,yes,86.9,104.46650874074774,94.2600739419714
PA_MEA_B3AC27D33C28,REC_9120C0E1FF26,SFC_B6F0FD6B29BC,SRC014,train,LIQ_1BD1B94C09,2,2,interior_fit,no,31.84655515440266,0.07265769039151987,31.91921284479418,0.0,5.643275215192207,0.2695509050096521,31.84655515440265,0.0726576903915225,no,87.8,75.1810750174439,75.18107501744387
PA_MEA_E136453008CD,REC_82CCBED7C1EA,SFC_B6F0FD6B29BC,SRC014,train,LIQ_6656B41AB7,2,2,interior_fit,no,14.33782856275777,2.2007258562906045,16.538554419048374,0.0,3.7865325249834827,1.4834843633454968,14.337828562757789,2.2007258562905943,no,54.3,86.41514845779241,86.41514845779237
PA_MEA_1E547DD6FE81,REC_6D42847AAD9B,SFC_B6F0FD6B29BC,SRC014,train,LIQ_0F4168490E,2,2,boundary_fit,yes,27.948005902411996,0.0,27.948005902411996,3.857678625915547,5.643275215192204,-1.1766723721248553,31.846555154402612,1.384557871321934,yes,102.9,108.77706162743311,92.59519169204508
PA_MEA_7C2CC6A03287,REC_78825B4816AC,SFC_6CB60F9F2B48,SRC014,train,LIQ_1BD1B94C09,2,2,interior_fit,no,36.47271080559768,0.24215350430217045,36.71486430989985,0.0,6.039264094705385,0.492090951250045,36.47271080559766,0.24215350430217414,no,84.7,68.00729657737952,68.00729657737952
PA_MEA_8A798BD9D255,REC_18C619CF4134,SFC_6CB60F9F2B48,SRC014,train,LIQ_6656B41AB7,2,2,interior_fit,no,13.173522897118296,4.2748274506833965,17.448350347801693,0.0,3.6295348045057096,2.067565585582085,13.1735228971183,4.27482745068339,no,46.0,88.94157068037022,88.94157068037022
PA_MEA_04574BCBCF86,REC_2A27AE959A5C,SFC_6CB60F9F2B48,SRC014,train,LIQ_0F4168490E,2,2,boundary_fit,yes,31.57843329905708,0.0,31.57843329905708,4.540199603185378,6.039264094705382,-1.3848554934335824,36.47271080559762,1.917824737693171,yes,97.4,106.21173365765068,87.34289346675995
PA_MEA_B8AE5C8701F1,REC_FE5ADFB7CAA9,SFC_1C9D06C5B008,SRC014,train,LIQ_1BD1B94C09,2,2,interior_fit,no,35.65655230699016,1.3602662186006018,37.01681852559076,0.0,5.971310769587374,1.166304513667251,35.65655230699016,1.3602662186006027,no,77.3,62.53581605628147,62.53581605628147
PA_MEA_BB93E8F71FCC,REC_2665BF34BC97,SFC_1C9D06C5B008,SRC014,train,LIQ_6656B41AB7,2,2,interior_fit,no,15.286707405077179,6.320701186949148,21.607408592026328,0.0,3.909821914752279,2.5141004727236247,15.286707405077175,6.320701186949153,no,47.5,84.42650569129965,84.42650569129965
PA_MEA_C7B03FCAA556,REC_51F74037479B,SFC_1C9D06C5B008,SRC014,train,LIQ_0F4168490E,2,2,boundary_fit,yes,34.08359145058313,0.0,34.08359145058313,1.4405450375428188,5.971310769587372,-0.43939625636282714,35.656552306990136,0.19306907010566732,yes,90.3,104.54509352045774,98.50237110509143
PA_MEA_D1FC1ACD0D41,REC_E3E70395C013,SFC_4AABAF84DB2B,SRC014,train,LIQ_1BD1B94C09,2,2,interior_fit,no,45.027743795656,2.219008069601532,47.24675186525754,0.0,6.710271514302235,1.4896335353373154,45.027743795656015,2.2190080696015486,no,57.2,48.01593190019276,48.01593190019269
PA_MEA_BB7E0377AFAF,REC_D99D5AFAE127,SFC_4AABAF84DB2B,SRC014,train,LIQ_6656B41AB7,2,2,interior_fit,no,31.6254370132707,4.840281343020342,36.46571835629104,0.0,5.6236497946859005,2.200063940666343,31.625437013270773,4.840281343020319,no,28.0,54.68760382370808,54.68760382370797
PA_MEA_1A029235C86C,REC_1406C3F9321D,SFC_4AABAF84DB2B,SRC014,train,LIQ_0F4168490E,2,2,interior_fit,no,45.027743795655965,0.4137836012208652,45.44152739687683,0.0,6.710271514302231,0.6432601349538631,45.02774379565595,0.4137836012208622,no,81.2,90.74869238451018,90.74869238451022
PA_MEA_23AE9B7F3397,REC_545F019CEE40,SFC_B6A2235DD98C,SRC014,train,LIQ_1BD1B94C09,2,2,interior_fit,no,41.46684073471791,10.705689875961351,52.17253061067926,0.0,6.439475190938926,3.2719550540863707,41.46684073471791,10.705689875961344,no,51.9,28.53751245569252,28.537512455692546
PA_MEA_23991151972E,REC_9212240D3AA1,SFC_B6A2235DD98C,SRC014,train,LIQ_6656B41AB7,2,2,interior_fit,no,17.691471750622675,22.39290977275978,40.084381523382454,0.0,4.206123125946588,4.732114725232235,17.691471750622696,22.392909772759754,no,36.2,79.61471051054826,79.61471051054822
PA_MEA_F33184A132F6,REC_E9A9D179F4ED,SFC_B6A2235DD98C,SRC014,train,LIQ_0F4168490E,2,2,interior_fit,no,41.46684073471789,2.348217388668051,43.815058123385946,0.0,6.439475190938921,1.532389437665262,41.466840734717856,2.348217388668058,no,62.1,82.72458053753562,82.7245805375356
PA_MEA_D2A1C485FA99,REC_738699BD7760,SFC_405F23DB01A4,SRC016,train,LIQ_0F4168490E,2,2,interior_fit,no,33.15159743621383,5.834975718964024e-06,33.15160327118954,0.0,5.757742390574088,0.0024155694398959805,33.15159743621381,5.834975718959381e-06,no,84.0,105.12806895418615,105.12806895418616
PA_MEA_AC21211733A9,REC_3C3C6F773784,SFC_405F23DB01A4,SRC016,train,LIQ_6656B41AB7,2,2,interior_fit,no,6.526844875603686,15.67765513361309,22.204500009216776,0.0,2.5547690454527783,3.9595018794809356,6.5268448756037,15.677655133613062,no,52.0,106.44617720506426,106.44617720506422
PA_MEA_B2EA305F96A5,REC_D63A28D85CC2,SFC_405F23DB01A4,SRC016,train,LIQ_53310FAFB3,2,2,interior_fit,no,33.151597436213834,3.4797409654774385,36.63133840169127,0.0,5.75774239057409,1.8654063807860857,33.151597436213834,3.479740965477443,no,73.0,50.896030847297205,50.896030847297205
PA_MEA_9566BFC5DBF5,REC_8CDC3695E9BD,SFC_0F23A72E37B9,SRC016,train,LIQ_0F4168490E,2,2,interior_fit,no,35.92980473731226,0.8767454745026303,36.80655021181489,0.0,5.9941475405025075,0.9363468772322694,35.92980473731226,0.8767454745026225,no,74.0,92.71814451188493,92.71814451188497
PA_MEA_1D891EC769A2,REC_FD7A2332ED5B,SFC_0F23A72E37B9,SRC016,train,LIQ_6656B41AB7,2,2,interior_fit,no,10.005403107277623,19.659480292155138,29.66488339943276,0.0,3.163131851073806,4.433901249707209,10.005403107277603,19.659480292155152,no,47.0,96.45390267231389,96.45390267231393
PA_MEA_A5A9C8C6AE69,REC_B3592C8F325B,SFC_0F23A72E37B9,SRC016,train,LIQ_53310FAFB3,2,2,interior_fit,no,35.929804737312296,6.671840864270406,42.6016456015827,0.0,5.994147540502508,2.5829906821880737,35.929804737312274,6.67184086427041,no,59.0,35.50125263469551,35.50125263469551
PA_MEA_F0375BF8E145,REC_00793330F35E,SFC_A7196B14253F,SRC016,train,LIQ_0F4168490E,2,2,interior_fit,no,34.27413935785307,3.831461933951272,38.10560129180435,0.0,5.854411956623232,1.9574120501190488,34.27413935785306,3.8314619339512577,no,64.0,82.24258313616491,82.24258313616495
PA_MEA_3F677E6F5C49,REC_C67EE9DC6D41,SFC_A7196B14253F,SRC016,train,LIQ_6656B41AB7,2,2,interior_fit,no,10.21282427190071,27.47890223497937,37.69172650688008,0.0,3.1957509715090064,5.24203226191706,10.21282427190076,27.478902234979284,no,50.0,95.92638853139738,95.92638853139727
PA_MEA_4B5671326217,REC_646A21F1638A,SFC_A7196B14253F,SRC016,train,LIQ_53310FAFB3,2,2,interior_fit,no,34.27413935785311,12.276661699769607,46.550801057622714,0.0,5.854411956623235,3.5038067440670315,34.27413935785309,12.276661699769612,no,48.0,18.19706839398438,18.19706839398442
PA_MEA_E188024EA8D5,REC_60C38E126879,SFC_5B987F983A60,SRC016,train,LIQ_0F4168490E,2,2,interior_fit,no,33.15159743621381,3.1770988019616024,36.32869623817542,0.0,5.757742390574087,1.782441808857051,33.151597436213805,3.177098801961596,no,92.0,84.93698133310328,84.93698133310332
PA_MEA_02B2DC4A397C,REC_4C32E4E75DC5,SFC_5B987F983A60,SRC016,train,LIQ_6656B41AB7,2,2,interior_fit,no,46.74359455458795,0.20175384265733118,46.94534839724528,0.0,6.836928736983292,0.44917017115713725,46.74359455458795,0.20175384265733198,no,52.0,23.29390309146964,23.29390309146964
PA_MEA_6229321E2950,REC_AFA410415495,SFC_5B987F983A60,SRC016,train,LIQ_53310FAFB3,2,2,interior_fit,no,33.151597436213834,1.3334229644884545,34.48502040070229,0.0,5.757742390574088,1.154739349155669,33.15159743621381,1.333422964488458,no,52.0,59.890269421465135,59.890269421465135
PA_MEA_56FB2B3C33B5,REC_E058E319F526,SFC_21E5A9897F5F,SRC018,internal_test,LIQ_0F4168490E,3,3,interior_fit,no,4.450945109666224,0.9516467131752052,5.402591822841429,8.07665818180137,2.1097263115547062,0.9755238147657914,4.450945109666225,0.9516467131752021,no,123.4,122.54713650353584,122.54713650353585
PA_MEA_F6B64AB682C0,REC_8A955C0EF2FE,SFC_21E5A9897F5F,SRC018,internal_test,LIQ_5C0DC0DCD1,3,3,interior_fit,no,3.759447635250793,0.468370687564251,4.227818322815044,4.858671681624287,1.9389295075506978,0.6843761301829954,3.7594476352507917,0.4683706875642522,no,105.8,121.13263381088257,121.13263381088257
PA_MEA_F634BFCBB04B,REC_E4BDA13F9788,SFC_21E5A9897F5F,SRC018,internal_test,LIQ_53310FAFB3,3,3,interior_fit,no,5.352065851542309,1.232777746778953,6.584843598321262,4.2457016765281566,2.313453230895821,1.1103052493701686,5.352065851542314,1.2327777467789522,no,127.3,106.21535970967818,106.21535970967817
PA_MEA_1D10DBDAD14D,REC_48B421E8D24C,SFC_21E5A9897F5F,SRC018,internal_test,LIQ_6656B41AB7,3,3,interior_fit,no,4.145248785964061,1.018519905901147,5.163768691865208,8.077875802141428,2.0359884051644452,1.0092174720550318,4.145248785964061,1.0185199059011487,no,113.6,115.3843182880777,115.3843182880777
PA_MEA_E341DEF08371,REC_37319B88C1DB,SFC_750CEF900F32,SRC018,internal_test,LIQ_0F4168490E,3,3,interior_fit,no,3.386816561432874,0.9708833718686893,4.357699933301563,6.792991722446534,1.8403305576534001,0.9853341422424611,3.386816561432875,0.9708833718686866,no,135.3,124.79375687807361,124.79375687807361
PA_MEA_6D62F4715B9F,REC_6BD940406B2D,SFC_750CEF900F32,SRC018,internal_test,LIQ_5C0DC0DCD1,3,3,interior_fit,no,3.2133945759415963,0.03278409533255708,3.246178671274153,1.7334206428071814,1.7925943701634217,0.18106378802112041,3.2133945759415945,0.03278409533255723,no,110.4,128.80559116515784,128.80559116515786
PA_MEA_609296D47DF1,REC_73115DF43270,SFC_750CEF900F32,SRC018,internal_test,LIQ_53310FAFB3,3,3,interior_fit,no,4.499129435315751,0.32701588861499176,4.826145323930743,6.203809774493343,2.121115139570635,0.5718530306075074,4.499129435315755,0.32701588861499076,no,128.6,114.84720399025379,114.84720399025379
PA_MEA_40978EEFA8B2,REC_EDD3C9494299,SFC_750CEF900F32,SRC018,internal_test,LIQ_6656B41AB7,3,3,boundary_fit,yes,6.472477293194163,0.0,6.472477293194163,7.102839338346245,2.9716397113411976,-0.42621848687028197,8.830642574019997,0.18166219854999271,yes,118.5,106.62500276904024,99.56333731678679
PA_MEA_E25E179C33CC,REC_11EE1691E57B,SFC_7F45928FEC29,SRC018,internal_test,LIQ_0F4168490E,3,3,interior_fit,no,0.13569283629116694,0.39632896088091013,0.5320217971720771,2.6192042436138947,0.3683650856028117,0.629546631220365,0.13569283629116682,0.3963289608809103,no,158.6,146.02043085322416,146.02043085322416
PA_MEA_2982E142A921,REC_E2A79D16652C,SFC_7F45928FEC29,SRC018,internal_test,LIQ_5C0DC0DCD1,3,3,interior_fit,no,0.14845138866345112,0.01285077595077795,0.16130216461422905,0.19848590615108544,0.38529389907374706,0.11336126300804004,0.14845138866345078,0.012850775950778028,no,140.7,155.18854870162184,155.18854870162184
PA_MEA_435D8FA18713,REC_4B3DE70C985D,SFC_7F45928FEC29,SRC018,internal_test,LIQ_53310FAFB3,3,3,interior_fit,no,0.2672317291664659,0.07619414104061854,0.3434258702070845,3.361980025273067,0.5169446093794443,0.2760328622476288,0.26723172916646626,0.07619414104061842,no,152.4,146.49874134688608,146.49874134688608
PA_MEA_34F596C94FC4,REC_43B022298DD4,SFC_7F45928FEC29,SRC018,internal_test,LIQ_6656B41AB7,3,3,boundary_fit,yes,0.6362466229078889,0.0,0.6362466229078889,3.048414255892948,1.2441858363811158,-0.4451618677527625,1.5479983954513767,0.19816908850112802,yes,153.4,140.91157659099156,130.60745738138215
PA_MEA_0887FC3FD803,REC_D07C4BB81E74,SFC_989A2292E56A,SRC018,internal_test,LIQ_0F4168490E,3,3,interior_fit,no,2.9712510471380034,0.18533253032529137,3.156583577463295,4.505773621906982,1.72373172133543,0.4305026484532811,2.9712510471380043,0.18533253032528935,no,125.2,133.98216232458537,133.9821623245854
PA_MEA_DD1C3EF3C513,REC_F728FF018F7A,SFC_989A2292E56A,SRC018,internal_test,LIQ_5C0DC0DCD1,3,3,interior_fit,no,2.359335301343487,0.6515422105247038,3.0108775118681907,4.978212322552745,1.5360127933528038,0.8071816465484737,2.3593353013434832,0.6515422105247051,no,120.5,125.0597102526966,125.0597102526966
PA_MEA_B35409464A78,REC_8E3DB6D53856,SFC_989A2292E56A,SRC018,internal_test,LIQ_53310FAFB3,3,3,interior_fit,no,2.999543481054288,1.027026086565964,4.0265695676202515,0.16881234915787058,1.731919016886843,1.0134229554169205,2.999543481054289,1.0270260865659657,no,132.7,115.29824055295599,115.29824055295599
PA_MEA_05A05C3E4596,REC_3FFBC36EAC91,SFC_989A2292E56A,SRC018,internal_test,LIQ_6656B41AB7,3,3,interior_fit,no,0.2836175401269706,3.3744083223140118,3.6580258624409825,4.308864214890695,0.5325575463055362,1.8369562657597491,0.2836175401269733,3.374408322314002,no,120.8,148.27271199305216,148.27271199305213
PA_MEA_D084E7BE258F,REC_908F2BDD1D1B,SFC_3480038F8EFE,SRC018,internal_test,LIQ_0F4168490E,3,3,interior_fit,no,5.871881247796451,0.15154506989575645,6.023426317692207,2.8832160323071583,2.4231964938478394,0.38928790103951816,5.871881247796462,0.15154506989575367,no,120.7,127.79221774199627,127.79221774199628
PA_MEA_F99225720EDB,REC_166554F9D700,SFC_3480038F8EFE,SRC018,internal_test,LIQ_5C0DC0DCD1,3,3,interior_fit,no,5.213420628241019,0.5560849841641455,5.769505612405165,3.67089566887344,2.283291621374943,0.7457110594353198,5.213420628241015,0.5560849841641471,no,114.4,116.16779609551782,116.16779609551782
PA_MEA_8A1B3BE7D5E5,REC_21908B8DD026,SFC_3480038F8EFE,SRC018,internal_test,LIQ_53310FAFB3,3,3,interior_fit,no,5.788169664927996,0.758585724825994,6.54675538975399,0.6511195440342643,2.4058615223923416,0.8709682685528767,5.788169664927996,0.758585724825996,no,118.5,107.5767069681915,107.57670696819149
PA_MEA_43D9A88DC413,REC_C3D75AAACE0D,SFC_3480038F8EFE,SRC018,internal_test,LIQ_6656B41AB7,3,3,interior_fit,no,2.0017150925506426,2.51628454281959,4.5179996353702325,2.7149234393860855,1.4148198092162265,1.5862800959539247,2.0017150925506395,2.5162845428195926,no,108.5,127.08448488213158,127.08448488213163
PA_MEA_6E656DBCF040,REC_3270E5A7395A,SFC_33502EC79F24,SRC019,train,LIQ_0F4168490E,2,2,interior_fit,no,27.65382844120729,2.1996241030217107,29.853452544229,0.0,5.258690753524804,1.4831129771604419,27.65382844120727,2.1996241030217094,no,87.6,91.97643597755167,91.97643597755169
PA_MEA_935E36E504F1,REC_65153F8A6596,SFC_21ED5CFE6366,SRC019,train,LIQ_0F4168490E,2,2,interior_fit,no,28.632588071325237,1.409523222863954,30.04211129418919,0.0,5.350942727344894,1.187233432339217,28.632588071325216,1.4095232228639583,no,90.6,94.62907807802638,94.62907807802637
PA_MEA_9D5BC323263F,REC_4BC5D63C6B07,SFC_2CBEAAA7843B,SRC019,train,LIQ_0F4168490E,2,2,interior_fit,no,31.218301913057104,0.001405127420839418,31.219707040477942,0.0,5.587334061344201,0.03748502928956253,31.218301913057086,0.0014051274208393607,no,98.2,106.01896011266604,106.01896011266606
PA_MEA_1AC5A36A0CEE,REC_283E6A0CFA0B,SFC_D900D5201DB3,SRC019,train,LIQ_0F4168490E,2,2,interior_fit,no,27.13620440534071,0.24533722867437047,27.38154163401508,0.0,5.209242210277873,0.4953152820924975,27.1362044053407,0.24533722867437036,no,97.8,103.56983393263133,103.56983393263133
PA_MEA_188F249305A6,REC_BDDA1E451473,SFC_C44A751DCE9E,SRC019,train,LIQ_0F4168490E,2,2,interior_fit,no,32.13133515128077,0.18590927244584116,32.31724442372661,0.0,5.668450859915853,0.4311719754875548,32.13133515128077,0.18590927244584057,no,97.6,100.85428415692063,100.85428415692063
PA_MEA_5F09B2CFC105,REC_6E7E31F1CD96,SFC_33502EC79F24,SRC019,train,LIQ_6656B41AB7,2,2,interior_fit,no,21.063533246447008,5.335434438346011,26.39896768479302,0.0,4.589502505331819,2.3098559345435357,21.06353324644704,5.335434438345991,no,61.6,73.2709893550621,73.27098935506206
PA_MEA_B0C1018D15F3,REC_28C2E07BF455,SFC_21ED5CFE6366,SRC019,train,LIQ_6656B41AB7,2,2,interior_fit,no,22.4247924337795,3.793141209056991,26.217933642836492,0.0,4.735482281012092,1.947598831653221,22.424792433779487,3.793141209056991,no,59.9,70.8035355601557,70.80353556015574
PA_MEA_3B5A81D4DA3D,REC_228C9B144575,SFC_2CBEAAA7843B,SRC019,train,LIQ_6656B41AB7,2,2,interior_fit,no,19.527362199187042,2.1931277392589834,21.720489938446025,0.0,4.418977506073893,1.480921246811923,19.527362199187042,2.1931277392589807,no,55.4,76.11375534288884,76.11375534288884
PA_MEA_7B1490122020,REC_56B0D8F3A55A,SFC_D900D5201DB3,SRC019,train,LIQ_6656B41AB7,2,2,interior_fit,no,18.856784158323357,2.4529789253132654,21.30976308363662,0.0,4.342439885401223,1.5661988779568372,18.85678415832339,2.4529789253132557,no,62.5,77.37799617772619,77.37799617772613
PA_MEA_024BF46B1B05,REC_244A912CB4FA,SFC_C44A751DCE9E,SRC019,train,LIQ_6656B41AB7,2,2,interior_fit,no,26.803706922572747,1.077541684041567,27.881248606614314,0.0,5.177229657120955,1.0380470529034653,26.803706922572758,1.0775416840415697,no,53.8,63.0787343240033,63.0787343240033
PA_MEA_4DA1BDFD4B0C,REC_9B27C1FBEDAB,SFC_33502EC79F24,SRC019,train,LIQ_53310FAFB3,2,2,interior_fit,no,27.65382844120731,3.50566616917264,31.15949461037995,0.0,5.258690753524808,1.8723424283962173,27.653828441207317,3.505666169172644,no,63.3,58.666999991011586,58.66699999101156
PA_MEA_1A3C94173AB6,REC_FF1F46505FC5,SFC_21ED5CFE6366,SRC019,train,LIQ_53310FAFB3,2,2,interior_fit,no,28.632588071325266,2.3876814235725936,31.02026949489786,0.0,5.350942727344897,1.545212420210439,28.632588071325245,2.387681423572602,no,65.4,61.22984027432342,61.22984027432342
PA_MEA_98A7519E8D69,REC_208F4C366795,SFC_2CBEAAA7843B,SRC019,train,LIQ_53310FAFB3,2,2,interior_fit,no,31.218301913057125,0.5141647498024232,31.732466662859547,0.0,5.587334061344203,0.7170528221842702,31.218301913057104,0.5141647498024267,no,74.9,67.42278553834295,67.42278553834295
PA_MEA_0FB8EB7E67B8,REC_51A12CE5D05C,SFC_D900D5201DB3,SRC019,train,LIQ_53310FAFB3,2,2,interior_fit,no,27.136204405340756,0.9989718870220793,28.135176292362836,0.0,5.209242210277878,0.9994858113160441,27.136204405340756,0.9989718870220908,no,75.0,69.48901886517818,69.48901886517812
PA_MEA_933BAAC2B3E6,REC_5E74FDF581E2,SFC_C44A751DCE9E,SRC019,train,LIQ_53310FAFB3,2,2,interior_fit,no,32.13133515128079,0.513928304433074,32.64526345571386,0.0,5.668450859915855,0.71688793017673,32.131335151280794,0.5139283044330761,no,69.5,66.29051597403677,66.29051597403674
PA_MEA_5CF84809D015,REC_AE4B20139659,SFC_0885B1C8D502,SRC019,train,LIQ_0F4168490E,2,2,interior_fit,no,31.218301913057104,5.199422111447452,36.41772402450456,0.0,5.587334061344199,2.280224136230353,31.218301913057065,5.199422111447459,no,71.2,80.55768861303055,80.55768861303056
PA_MEA_CA61A79AD8C3,REC_C59AA9631360,SFC_F5DABBA4867E,SRC019,train,LIQ_0F4168490E,2,2,interior_fit,no,33.65834920680147,0.002404939183555384,33.660754145985024,0.0,5.801581612526142,0.0490401792773594,33.65834920680143,0.0024049391835555506,no,97.3,104.25316023899349,104.2531602389935
PA_MEA_4D3395E9F38C,REC_53EC5CD270FD,SFC_56FA8A79F2C6,SRC019,train,LIQ_0F4168490E,2,2,interior_fit,no,35.92980473731228,1.0368989901417183,36.966703727454,0.0,5.994147540502505,1.0182823724987666,35.92980473731223,1.036898990141717,no,85.9,91.79637948964955,91.79637948964961
PA_MEA_363583AEB442,REC_7F8F719DDBBA,SFC_7354A757EA1D,SRC019,train,LIQ_0F4168490E,2,2,interior_fit,no,35.051455346087415,0.1935072698306335,35.24496261591805,0.0,5.920426956401657,0.4398946121864096,35.051455346087394,0.19350726983063168,no,92.9,98.87500966023917,98.87500966023923
PA_MEA_C44546AD5C4D,REC_9DD7A9299F87,SFC_C688F68936EE,SRC019,train,LIQ_0F4168490E,2,2,interior_fit,no,34.552621574581195,0.03279789902574877,34.58541947360695,0.0,5.878147801355558,0.18110190232503948,34.55262157458118,0.03279789902574814,no,97.1,102.15024673744729,102.15024673744732
PA_MEA_B4B2DC18E898,REC_17014257086B,SFC_0885B1C8D502,SRC019,train,LIQ_6656B41AB7,2,2,interior_fit,no,17.647642102025248,15.944611293751896,33.59225339577714,0.0,4.200909675537578,3.9930704093156053,17.64764210202524,15.944611293751896,no,55.4,79.69991463711017,79.69991463711018
PA_MEA_8F34D599491B,REC_E5D8C87D7B1F,SFC_F5DABBA4867E,SRC019,train,LIQ_6656B41AB7,2,2,interior_fit,no,22.634037989835097,1.7926850257706446,24.42672301560574,0.0,4.757524355148914,1.338911881256808,22.63403798983509,1.7926850257706446,no,51.1,70.42785570656572,70.42785570656574
PA_MEA_E43A1EDBE9B6,REC_338E42F686D0,SFC_56FA8A79F2C6,SRC019,train,LIQ_6656B41AB7,2,2,interior_fit,no,25.937668753798107,4.5442146724588,30.481883426256907,0.0,5.092903764435187,2.131716367732537,25.937668753798096,4.5442146724588,no,47.0,64.58933589546997,64.58933589546999
PA_MEA_1B8BD6E91A2E,REC_55F269A6CD49,SFC_7354A757EA1D,SRC019,train,LIQ_6656B41AB7,2,2,interior_fit,no,25.118231809163113,2.4412146463616415,27.559446455524753,0.0,5.011809235112918,1.5624386856327,25.11823180916313,2.441214646361639,no,48.6,66.02439868198897,66.02439868198897
PA_MEA_6C1120612ADF,REC_49F78FB57736,SFC_C688F68936EE,SRC019,train,LIQ_6656B41AB7,2,2,interior_fit,no,26.182214651059233,1.2580616999073158,27.44027635096655,0.0,5.116855934170829,1.1216334962488053,26.182214651059226,1.2580616999073186,no,49.5,64.16223672612226,64.16223672612227
PA_MEA_17635DD775C6,REC_53075680944E,SFC_0885B1C8D502,SRC019,train,LIQ_53310FAFB3,2,2,interior_fit,no,31.218301913057132,9.527283608930684,40.74558552198782,0.0,5.587334061344204,3.0866298140416357,31.218301913057115,9.527283608930702,no,48.1,35.48252515305581,35.48252515305581
PA_MEA_1C51B980E400,REC_86ED95D7F405,SFC_F5DABBA4867E,SRC019,train,LIQ_53310FAFB3,2,2,interior_fit,no,33.658349206801475,0.43074282755093735,34.08909203435241,0.0,5.801581612526147,0.6563100087237265,33.65834920680149,0.4307428275509379,no,71.9,65.10420423561654,65.10420423561654
PA_MEA_57FDF92C67C2,REC_C8D2BA164F11,SFC_56FA8A79F2C6,SRC019,train,LIQ_53310FAFB3,2,2,interior_fit,no,35.9298047373123,2.379261738062309,38.309066475374614,0.0,5.99414754050251,1.5424855714275985,35.929804737312296,2.379261738062325,no,58.0,51.308603304745446,51.3086033047454
PA_MEA_5DF09EEED9C3,REC_BF15D07218B1,SFC_7354A757EA1D,SRC019,train,LIQ_53310FAFB3,2,2,interior_fit,no,35.05145534608742,0.9377730398350512,35.98922838592247,0.0,5.92042695640166,0.9683868234517902,35.05145534608742,0.9377730398350487,no,65.9,59.71406691457768,59.71406691457768
PA_MEA_E0657E5D67C3,REC_20EEEC3FFA42,SFC_C688F68936EE,SRC019,train,LIQ_53310FAFB3,2,2,interior_fit,no,34.55262157458122,0.38925481326804157,34.941876387849256,0.0,5.878147801355559,0.6239028876900983,34.552621574581195,0.3892548132680434,no,69.4,64.38870564995042,64.38870564995042
PA_MEA_C2BC67E9C378,REC_983F6C4261E7,SFC_DE1051C618E6,SRC019,train,LIQ_0F4168490E,2,2,interior_fit,no,31.903553560061162,2.136887079647949,34.04044063970911,0.0,5.648323075042817,1.4618095223550653,31.90355356006114,2.1368870796479444,no,82.1,89.3519550875119,89.35195508751191
PA_MEA_841568C22BA2,REC_EE8F6D5976A6,SFC_8CC973346CC4,SRC019,train,LIQ_0F4168490E,2,2,interior_fit,no,33.377125593866396,1.0424279764696027,34.419553570336,0.0,5.777293968101883,1.0209936221493234,33.3771255938664,1.0424279764695954,no,86.1,93.36127051926269,93.36127051926273
PA_MEA_F32CE2C9D94B,REC_5B4B8AD835FD,SFC_94A74BED0696,SRC019,train,LIQ_0F4168490E,2,2,interior_fit,no,37.542842732662606,2.286144432700078,39.82898716536268,0.0,6.127221452882425,1.5120001430886396,37.54284273266262,2.2861444327000666,no,76.0,85.26278254218235,85.26278254218238
PA_MEA_1A105E77F8B8,REC_B33F662ADEEF,SFC_1D05D0C244CE,SRC019,train,LIQ_0F4168490E,2,2,interior_fit,no,35.98431458395228,3.1654159205112204,39.149730504463506,0.0,5.998692739585209,1.7791615779662084,35.984314583952305,3.165415920511209,no,75.0,83.19361308364546,83.19361308364549
PA_MEA_D28D7F5EC764,REC_D98BEFEAF526,SFC_B43DC569AF44,SRC019,train,LIQ_0F4168490E,2,2,interior_fit,no,38.94996102925669,3.393045667192493,42.34300669644919,0.0,6.2409903884925715,1.8420221679427433,38.949961029256656,3.3930456671924842,no,65.1,80.68122937650288,80.68122937650293
PA_MEA_F115B683C814,REC_674D3C6CF9E1,SFC_DE1051C618E6,SRC019,train,LIQ_6656B41AB7,2,2,interior_fit,no,20.638784991868878,7.994079154714392,28.63286414658327,0.0,4.54299295529598,2.82738026355041,20.638784991868903,7.994079154714387,no,54.2,74.0502281020214,74.05022810202135
PA_MEA_4E1FCE393618,REC_5114A4BF98EB,SFC_8CC973346CC4,SRC019,train,LIQ_6656B41AB7,2,2,interior_fit,no,21.78529254073396,5.722209808809922,27.50750234954388,0.0,4.667471750394853,2.3921140877495612,21.78529254073399,5.722209808809915,no,51.6,71.95739234382862,71.95739234382854
PA_MEA_6F70BD0227FB,REC_EDA5792A9168,SFC_94A74BED0696,SRC019,train,LIQ_6656B41AB7,2,2,interior_fit,no,22.381796124478207,10.478323569458103,32.86011969393631,0.0,4.7309403002445745,3.237023875330251,22.381796124478225,10.478323569458077,no,44.0,70.88084094673687,70.88084094673681
PA_MEA_855A8C82EF26,REC_8BFC7C50DE51,SFC_1D05D0C244CE,SRC019,train,LIQ_6656B41AB7,2,2,interior_fit,no,22.745155347321994,10.877744946191662,33.62290029351365,0.0,4.769188122450403,3.298142650976704,22.745155347322005,10.87774494619164,no,46.9,70.22870749806258,70.22870749806255
PA_MEA_A70996CEF9F7,REC_328AC2427D4F,SFC_B43DC569AF44,SRC019,train,LIQ_6656B41AB7,2,2,interior_fit,no,15.76398880749799,21.596629898685304,37.360618706183296,0.0,3.970388999518563,4.64721743613157,15.763988807498015,21.596629898685286,no,41.3,83.44724361385761,83.44724361385755
PA_MEA_FCD7F9E5494C,REC_47F2A8018FB8,SFC_DE1051C618E6,SRC019,train,LIQ_53310FAFB3,2,2,interior_fit,no,31.90355356006119,4.429839356880531,36.33339291694172,0.0,5.648323075042821,2.1047183557142626,31.90355356006119,4.429839356880549,no,57.8,49.48539295949794,49.485392959497894
PA_MEA_97F61B392E72,REC_85ECDED7EF2B,SFC_8CC973346CC4,SRC019,train,LIQ_53310FAFB3,2,2,interior_fit,no,33.377125593866424,2.7772731056538142,36.154398699520236,0.0,5.777293968101883,1.6665152581521159,33.3771255938664,2.7772731056538134,no,61.2,53.20213052592273,53.20213052592278
PA_MEA_9227D89E58CC,REC_41F008FF69D9,SFC_94A74BED0696,SRC019,train,LIQ_53310FAFB3,2,2,interior_fit,no,37.54284273266264,5.401621868114432,42.944464600777074,0.0,6.127221452882425,2.3241389519808076,37.54284273266262,5.401621868114447,no,49.5,37.16023465397138,37.160234653971415
PA_MEA_DF38ADE7F29B,REC_12905246C68F,SFC_1D05D0C244CE,SRC019,train,LIQ_53310FAFB3,2,2,interior_fit,no,35.98431458395233,6.221511464495656,42.20582604844799,0.0,5.998692739585211,2.4942957852860363,35.984314583952326,6.221511464495685,no,48.0,36.96396554049732,36.963965540497256
PA_MEA_86542109F60D,REC_2F56391852EE,SFC_B43DC569AF44,SRC019,train,LIQ_53310FAFB3,2,2,interior_fit,no,38.94996102925673,10.002698207883043,48.95265923713977,0.0,6.240990388492576,3.1627042555198,38.94996102925671,10.002698207883054,no,42.7,12.89570714999287,12.89570714999287
PA_MEA_A44682026FBE,REC_08F58031B0E2,SFC_FDBAA751F265,SRC019,train,LIQ_0F4168490E,2,2,interior_fit,no,35.60176376037067,0.9573901505146626,36.559153910885335,0.0,5.9667213576947455,0.9784631574641253,35.60176376037063,0.9573901505146656,no,87.8,92.4460022127417,92.44600221274172
PA_MEA_E92A5B2CAE67,REC_93E2A67D5AF3,SFC_A3F14E86132F,SRC019,train,LIQ_0F4168490E,2,2,interior_fit,no,36.038776691577546,2.3928619041854073,38.431638595762955,0.0,6.003230521275817,1.5468878124109062,36.03877669157751,2.392861904185399,no,78.9,85.78345333588666,85.7834533358867
PA_MEA_89A10DEBE9A0,REC_897105A86241,SFC_CBE685E89A46,SRC019,train,LIQ_0F4168490E,2,2,interior_fit,no,33.489708796534785,4.106110660428224,37.59581945696301,0.0,5.78702935853403,2.026354031364759,33.48970879653479,4.10611066042821,no,76.8,81.9601429190036,81.96014291900363
PA_MEA_43A3BDFF16A1,REC_8BEC994F7743,SFC_679A3FFF1571,SRC019,train,LIQ_0F4168490E,2,2,interior_fit,no,39.45889543450476,1.5937303484873744,41.05262578299214,0.0,6.281631590160691,1.2624303341124856,39.45889543450473,1.5937303484873622,no,71.6,86.937327247326,86.93732724732607
PA_MEA_D2BDB97CDBA5,REC_3EC1E155B474,SFC_276A65283C60,SRC019,train,LIQ_0F4168490E,2,2,interior_fit,no,42.57680240939216,2.6207750678581645,45.19757747725032,0.0,6.525090222318167,1.6188808071807397,42.576802409392144,2.620775067858163,no,67.9,81.10698413134307,81.10698413134307
PA_MEA_907470050924,REC_9711629E7427,SFC_FDBAA751F265,SRC019,train,LIQ_6656B41AB7,2,2,interior_fit,no,27.629038995968394,3.445130079641567,31.07416907560996,0.0,5.256333227257228,1.8561061606604186,27.629038995968383,3.4451300796415594,no,47.6,61.64308041506472,61.64308041506474
PA_MEA_F5CE001F3DFB,REC_C26FF77D6211,SFC_A3F14E86132F,SRC019,train,LIQ_6656B41AB7,2,2,interior_fit,no,24.606124630759567,8.038215332876296,32.644339963635865,0.0,4.960456091002074,2.8351746565028915,24.606124630759577,8.03821533287629,no,46.8,66.92488707063583,66.92488707063582
PA_MEA_CF743535E524,REC_363669E41FDC,SFC_CBE685E89A46,SRC019,train,LIQ_6656B41AB7,2,2,interior_fit,no,25.116033659498694,8.906429118051658,34.02246277755035,0.0,5.01158993329449,2.9843641061458386,25.116033659498676,8.90642911805165,no,51.4,66.02825740891888,66.02825740891889
PA_MEA_60FA49041735,REC_1E678FE17A76,SFC_679A3FFF1571,SRC019,train,LIQ_6656B41AB7,2,2,interior_fit,no,15.870333946490753,16.820808186754117,32.69114213324487,0.0,3.9837587711219142,4.101317859756067,15.870333946490785,16.820808186754086,no,40.3,83.23082904950941,83.23082904950935
PA_MEA_9E0A386747D2,REC_577CCA554554,SFC_276A65283C60,SRC019,train,LIQ_6656B41AB7,2,2,interior_fit,no,21.00280316691153,16.147266042355522,37.15006920926705,0.0,4.582881535334677,4.018366091131508,21.002803166911523,16.147266042355515,no,33.8,73.38211060088429,73.3821106008843
PA_MEA_4DBC988A2EE2,REC_E63AA984C8FE,SFC_FDBAA751F265,SRC019,train,LIQ_53310FAFB3,2,2,interior_fit,no,35.601763760370694,1.9367072030752048,37.5384709634459,0.0,5.96672135769475,1.3916562805072275,35.60176376037068,1.9367072030752108,no,58.9,53.730946914072995,53.730946914072995
PA_MEA_24628BBFC3E4,REC_7B539F45E04A,SFC_A3F14E86132F,SRC019,train,LIQ_53310FAFB3,2,2,interior_fit,no,36.03877669157759,4.637181057908834,40.67595774948642,0.0,6.003230521275822,2.1534114929360006,36.038776691577574,4.6371810579088555,no,51.1,42.42845510310505,42.428455103104994
PA_MEA_D62496BE43DF,REC_8318DC207C42,SFC_CBE685E89A46,SRC019,train,LIQ_53310FAFB3,2,2,interior_fit,no,33.48970879653481,6.137430797528578,39.627139594063394,0.0,5.787029358534032,2.477383861562153,33.48970879653481,6.137430797528604,no,48.2,41.543808232986656,41.54380823298658
PA_MEA_0570C69A0D97,REC_01F820C478F3,SFC_679A3FFF1571,SRC019,train,LIQ_53310FAFB3,2,2,interior_fit,no,39.45889543450482,6.7546694409343715,46.21356487543919,0.0,6.281631590160697,2.5989746903220126,39.45889543450481,6.754669440934401,no,50.3,28.17469649708474,28.17469649708463
PA_MEA_1C28658C2B0B,REC_20D0A13EF3DE,SFC_276A65283C60,SRC019,train,LIQ_53310FAFB3,2,2,interior_fit,no,42.57680240939221,7.554555633729678,50.131358043121885,0.0,6.525090222318171,2.748555190228076,42.576802409392194,7.554555633729695,no,40.7,15.569263876536404,15.569263876536308
PA_MEA_EDD5F2A07C6A,REC_2AA3E197FC57,SFC_73D2A29D4F26,SRC020,validation,LIQ_0F4168490E,2,2,interior_fit,no,33.09514218218276,3.788417291687115,36.88355947386988,0.0,5.752837750378743,1.9463856996204882,33.095142182182755,3.7884172916871375,no,89.2,83.12019440905772,83.12019440905766
PA_MEA_7D221AA30463,REC_1441423C0269,SFC_73D2A29D4F26,SRC020,validation,LIQ_6656B41AB7,2,2,interior_fit,no,41.54238125399465,0.910574195944829,42.45295544993948,0.0,6.445337947229351,0.9542401144077052,41.54238125399467,0.9105741959448302,no,52.1,36.04009782272734,36.0400978227273
PA_MEA_7C2DEFE0CD5F,REC_9016A28B82ED,SFC_73D2A29D4F26,SRC020,validation,LIQ_1BD1B94C09,2,2,interior_fit,no,33.09514218218278,1.9796346793244217,35.074776861507196,0.0,5.7528377503787445,1.4069949109092112,33.09514218218278,1.9796346793244193,no,57.9,63.23549817516445,63.23549817516445
PA_MEA_B1F363701175,REC_4BF8B6BD91C9,SFC_5470E7AABA76,SRC020,validation,LIQ_0F4168490E,2,2,interior_fit,no,35.32715100023131,2.3845938046093504,37.71174480484066,0.0,5.943664778588317,1.5442130049346594,35.32715100023131,2.3845938046093305,no,83.0,86.25242448018538,86.25242448018545
PA_MEA_61A3016A97E8,REC_560795774093,SFC_5470E7AABA76,SRC020,validation,LIQ_6656B41AB7,2,2,interior_fit,no,31.06816720805607,4.301476960311103,35.369644168367174,0.0,5.573882597261637,2.07400023151182,31.06816720805613,4.301476960311082,no,48.1,55.662322023494575,55.66232202349448
PA_MEA_F53F2B1A301D,REC_1610E083E916,SFC_5470E7AABA76,SRC020,validation,LIQ_1BD1B94C09,2,2,interior_fit,no,35.32715100023135,3.357094695119885,38.68424569535124,0.0,5.943664778588321,1.8322376197207308,35.32715100023135,3.3570946951198897,no,59.2,56.266212261032685,56.26621226103267
PA_MEA_D47CAB156E91,REC_F831DCBC3FDB,SFC_1075187E61D9,SRC020,validation,LIQ_0F4168490E,2,2,interior_fit,no,50.12015570655171,9.206678856991514,59.32683456354322,0.0,7.079559005090053,3.034250954847264,50.120155706551664,9.206678856991534,no,16.2,59.774947731622866,59.774947731622866
PA_MEA_191644CAA491,REC_4AFD13E99785,SFC_1075187E61D9,SRC020,validation,LIQ_6656B41AB7,2,2,interior_fit,no,16.725690470817426,53.55043929485545,70.27612976567288,0.0,4.089705425922204,7.317816566084133,16.725690470817515,53.55043929485537,no,9.4,81.51218843802351,81.51218843802334
PA_MEA_09F56FBCB6CF,REC_F9D13A0D061F,SFC_1075187E61D9,SRC020,validation,LIQ_1BD1B94C09,2,2,interior_fit,no,50.12015570655172,28.76239332633691,78.88254903288863,0.0,7.079559005090056,5.36305820650279,50.12015570655171,28.76239332633692,no,11.3,0.0,0.0
PA_MEA_DB062C88B61E,REC_92188698753A,SFC_8B52F1C7FE1D,SRC020,validation,LIQ_0F4168490E,2,2,interior_fit,no,49.56475652590671,8.4777291564482,58.04248568235491,0.0,7.040224181509187,2.91165402416705,49.564756525906695,8.477729156448177,no,22.4,61.686241256457436,61.686241256457514
PA_MEA_1FEF9F85FAE0,REC_C3479456C127,SFC_8B52F1C7FE1D,SRC020,validation,LIQ_6656B41AB7,2,2,interior_fit,no,16.759884211065877,50.8779529110651,67.63783712213097,0.0,4.0938837564183395,7.132878304798495,16.759884211065934,50.877952911065044,no,12.7,81.44426103235841,81.44426103235828
PA_MEA_514B9F585C2C,REC_7FF628AA8E7A,SFC_8B52F1C7FE1D,SRC020,validation,LIQ_1BD1B94C09,2,2,interior_fit,no,49.56475652590673,27.108357942574465,76.6731144684812,0.0,7.04022418150919,5.206568730226698,49.564756525906745,27.108357942574447,no,17.5,0.0,0.0
PA_MEA_005A452343B0,REC_EE2935474115,SFC_1CA3A2AD0E46,SRC020,validation,LIQ_0F4168490E,2,2,interior_fit,no,50.19020223445504,8.94491301201299,59.13511524646803,0.0,7.084504374651414,2.990804743210927,50.19020223445502,8.944913012012979,no,16.0,60.296726419176686,60.29672641917669
PA_MEA_1DDB887143F1,REC_F33A0F2EAD18,SFC_1CA3A2AD0E46,SRC020,validation,LIQ_6656B41AB7,2,2,interior_fit,no,16.29485531392054,54.13152246935217,70.42637778327271,0.0,4.036688657045595,7.357412756489344,16.294855313920568,54.13152246935213,no,8.9,82.37307647403188,82.37307647403179
PA_MEA_75C4E8A2783C,REC_71553E6DE426,SFC_1CA3A2AD0E46,SRC020,validation,LIQ_1BD1B94C09,2,2,interior_fit,no,50.19020223445511,28.78063809967829,78.9708403341334,0.0,7.084504374651418,5.3647589041520165,50.190202234455086,28.780638099678345,no,12.8,0.0,0.0
PA_MEA_16C0B9011A9E,REC_8A30B5A2E7D0,SFC_69D0A064AEAB,SRC021,train,LIQ_0F4168490E,2,2,boundary_fit,yes,0.0,78.68177782570517,78.68177782570517,12.236548945643303,-20.126105448585516,35.71993195140963,405.0601205275836,1275.9135386133344,yes,148.4,42.244161243009025,0.0
PA_MEA_8671E31672F1,REC_10E7DA273E92,SFC_69D0A064AEAB,SRC021,train,LIQ_53310FAFB3,2,2,boundary_fit,yes,12.229850110548307,0.0,12.229850110548307,13.648424796642402,7.869388602244469,-4.389234738652254,61.927276973135164,19.265381590991723,yes,13.7,102.43369307650875,0.0
PA_MEA_1FFE82F33FF1,REC_29A5B446D30B,SFC_69D0A064AEAB,SRC021,train,LIQ_6656B41AB7,3,3,boundary_fit,yes,27.095122384019874,0.0,27.095122384019874,27.12245957177421,10.794069964629346,-5.971936009142417,116.51194640131337,35.664019697291856,yes,,62.571476402983855,0.0
PA_MEA_3D3A2E972E73,REC_F4B914C767B3,SFC_69D0A064AEAB,SRC021,train,LIQ_1BD1B94C09,2,2,boundary_fit,yes,30.38229698784177,0.0,30.38229698784177,26.9188381251086,17.363802339658296,-10.596657320094875,301.5016316907229,112.2891463595203,yes,88.0,79.22321500867409,0.0
PA_MEA_D3F6F586086F,REC_AA2869E439FE,SFC_49F69580DC1F,SRC021,train,LIQ_0F4168490E,2,2,boundary_fit,yes,0.0,72.03583576790496,72.03583576790496,14.525389036094875,-23.890682963047162,40.3592640680937,570.764732440832,1628.8701961181193,yes,157.0,48.304800202329375,0.0
PA_MEA_DD53D6DB9E7D,REC_756809574997,SFC_49F69580DC1F,SRC021,train,LIQ_53310FAFB3,2,2,boundary_fit,yes,8.804306620721562,0.0,8.804306620721562,13.685030771855235,7.351200241386226,-4.401006955625302,54.04014498895691,19.36886222346229,yes,14.2,109.5246855941989,0.0
PA_MEA_C4EE1FCEABE7,REC_8C12CD933D01,SFC_49F69580DC1F,SRC021,train,LIQ_6656B41AB7,3,3,boundary_fit,yes,23.45935010232339,0.0,23.45935010232339,29.155995998124297,10.615030962426939,-6.167240055508604,112.67888233328259,38.03484990226978,yes,,68.954159851924,0.0
PA_MEA_DD106CECD7C0,REC_228382F563EF,SFC_49F69580DC1F,SRC021,train,LIQ_1BD1B94C09,2,2,boundary_fit,yes,27.842110838133664,0.0,27.842110838133664,28.777311505569514,17.946596934164244,-11.328249280332312,322.0803415173535,128.32923175734953,yes,94.5,82.16735406989558,0.0
PA_MEA_16379D0BA630,REC_23F3577915EA,SFC_B77A1F4FDF6A,SRC021,train,LIQ_0F4168490E,3,3,interior_fit,no,44.21052362951599,0.011493548457177566,44.222017177973164,0.0726493241424429,6.649099460040884,0.1072079682541325,44.210523629515976,0.01149354845717908,no,129.3,97.24330640142256,97.24330640142247
PA_MEA_C955CAD6F09F,REC_48C3A46F0173,SFC_B77A1F4FDF6A,SRC021,train,LIQ_53310FAFB3,3,3,boundary_fit,yes,35.191682420144936,0.0,35.191682420144936,16.00365484789836,7.11865886317002,-2.186120755975893,50.67530401018908,4.779123959708609,yes,59.1,70.66498720235596,6.097303976388141
PA_MEA_926D70B83FFE,REC_D72E46CF6C42,SFC_B77A1F4FDF6A,SRC021,train,LIQ_6656B41AB7,3,3,boundary_fit,yes,33.510659738498134,0.0,33.510659738498134,15.725027349397262,10.311367753323047,-4.832590914187633,106.32430494427038,23.353934943888863,yes,30.0,51.362757133479136,0.0
PA_MEA_C88C09E7811A,REC_1E2233F0DBCE,SFC_B77A1F4FDF6A,SRC021,train,LIQ_1BD1B94C09,3,3,boundary_fit,yes,34.38188526965672,0.0,34.38188526965672,15.83895769472148,7.0268297987781825,-2.0800700306529634,49.376337020997035,4.32669133242062,yes,63.5,74.76984697996178,34.32627716015141
PA_MEA_CA8B879E78A3,REC_3E5A5111B980,SFC_952282A2BB2E,SRC021,train,LIQ_0F4168490E,3,3,interior_fit,no,30.482043815435663,0.2255176586168658,30.70756147405253,5.128405062188833,5.521054592687495,0.47488699562829156,30.48204381543568,0.225517658616865,no,117.9,101.45755211209557,101.45755211209557
PA_MEA_3FB7D4081A91,REC_DE8684E4080C,SFC_952282A2BB2E,SRC021,train,LIQ_53310FAFB3,3,3,boundary_fit,yes,26.981054273761348,0.0,26.981054273761348,5.6351991485649755,5.67255223846731,-0.8811974788437645,32.177848898140496,0.7765089967206068,yes,61.6,80.47294852142744,64.35069521841547
PA_MEA_7A05A223DF99,REC_010907AC3A61,SFC_952282A2BB2E,SRC021,train,LIQ_6656B41AB7,3,3,boundary_fit,yes,29.38971637483616,0.0,29.38971637483616,8.653468319352784,7.169933413101936,-1.8685954932123936,51.40794514831558,3.4916491172536683,yes,55.5,58.58498161655226,0.0
PA_MEA_1F00C5E26194,REC_EBB296830276,SFC_952282A2BB2E,SRC021,train,LIQ_1BD1B94C09,3,3,boundary_fit,yes,30.894222772758745,0.0,30.894222772758745,8.570019817391424,5.896525719500841,-0.6048902928119643,34.76901556073491,0.36589226633814387,yes,82.2,78.64183418285938,68.85649702384988
PA_MEA_E979B74C723D,REC_941402D68EE6,SFC_EBFB164587A1,SRC021,train,LIQ_0F4168490E,3,3,interior_fit,no,0.24975113962103906,0.4420269547422525,0.6917780943632916,1.5861413169852279,0.499751077658707,0.6648510771159605,0.249751139621039,0.44202695474225284,no,158.5,143.6544599836503,143.6544599836503
PA_MEA_C9983E004AC5,REC_F6C5B2F282CE,SFC_EBFB164587A1,SRC021,train,LIQ_53310FAFB3,3,3,interior_fit,no,0.3425700615558418,0.0032724440187233503,0.34584250557456514,1.260819340678458,0.5852948501019308,0.05720527964028635,0.3425700615558417,0.00327244401872336,no,136.1,149.12409363632509,149.12409363632509
PA_MEA_7EA0109FFC84,REC_DC6113D080E8,SFC_EBFB164587A1,SRC021,train,LIQ_6656B41AB7,3,3,boundary_fit,yes,0.7651844893278945,0.0,0.7651844893278945,2.5896979857566276,1.3109175953784915,-0.4660729149399068,1.7185049418729264,0.21722396204058161,yes,148.7,138.98516809179318,129.20875076027536
PA_MEA_62355CB879EE,REC_772585D7515A,SFC_EBFB164587A1,SRC021,train,LIQ_1BD1B94C09,3,3,interior_fit,no,0.4182251630092196,0.0228363223086012,0.4410614853178208,3.141080098444736,0.6467033036943751,0.15111691602398913,0.4182251630092192,0.022836322308601383,no,146.2,146.93182539571816,146.93182539571816
PA_MEA_DD03A0DAE390,REC_DC6F27BBA727,SFC_15CCB7C5DFE8,SRC021,train,LIQ_0F4168490E,3,3,interior_fit,no,0.1655875670216539,0.38514543557326036,0.5507330025949142,0.12569260834849993,0.4069245225120427,0.62060086655858,0.16558756702165395,0.3851454355732605,no,163.2,145.69468116029435,145.69468116029435
PA_MEA_D6272F307437,REC_08B7EDDF1638,SFC_15CCB7C5DFE8,SRC021,train,LIQ_53310FAFB3,3,3,interior_fit,no,0.27707531218414877,0.0005877017161511226,0.2776630139002999,2.2320823296646113,0.5263794374632702,0.024242560016448887,0.27707531218414877,0.0005877017161511263,no,142.4,151.34069731760235,151.34069731760235
PA_MEA_BA3A34AD5D04,REC_BD55BFF1D28B,SFC_15CCB7C5DFE8,SRC021,train,LIQ_6656B41AB7,3,3,boundary_fit,yes,0.545255510191243,0.0,0.545255510191243,2.2143805253574005,1.348411533327302,-0.651818474751443,1.8182136632100854,0.4248673240272976,yes,152.3,142.44757353981635,128.43501492866054
PA_MEA_7C181C7FC00D,REC_490F5D5234FF,SFC_15CCB7C5DFE8,SRC021,train,LIQ_1BD1B94C09,3,3,interior_fit,no,0.2584138892389288,0.003170350175158434,0.2615842394140872,2.45131070061138,0.508344262521894,0.056305862706813176,0.25841388923892833,0.0031703501751584946,no,145.3,151.89278785487568,151.89278785487568
PA_MEA_C0343AD62F63,REC_61E3832BED1D,SFC_5F6F6DCB2B01,SRC021,train,LIQ_0F4168490E,3,3,boundary_fit,yes,5.012844058074545,0.0,5.012844058074545,3.9180244719009485,2.51499123432735,-0.6469138411192813,6.325180908743408,0.41849751783170275,yes,148.0,135.46402609602734,123.3999997310383
PA_MEA_C85C84F008FD,REC_5F24E4AE6351,SFC_5F6F6DCB2B01,SRC021,train,LIQ_53310FAFB3,3,3,boundary_fit,yes,4.824380236543411,0.0,4.824380236543411,5.282705422020974,2.611585738348018,-0.7649546382482398,6.820380068742763,0.5851555985774954,yes,129.7,120.47464911450689,105.9665344429662
PA_MEA_DBAF6B6FEC1D,REC_2D2EFE3971DA,SFC_5F6F6DCB2B01,SRC021,train,LIQ_6656B41AB7,3,3,boundary_fit,yes,3.4095469968074545,0.0,3.4095469968074545,4.774498866462194,3.000107391080422,-1.2327025776528318,9.000644358015377,1.5195556449519356,yes,107.7,118.80700214726912,99.09950667294835
PA_MEA_7DAEBF8E93C2,REC_1406ECDCFEBC,SFC_5F6F6DCB2B01,SRC021,train,LIQ_1BD1B94C09,3,3,boundary_fit,yes,3.8173720583807107,0.0,3.8173720583807107,5.514084416526805,2.4471096193975987,-0.8821168202077188,5.98834548934826,0.7781300844933768,yes,119.0,125.39832466032063,109.90365671495026
PA_MEA_6CA32286B3DA,REC_BF017243719A,SFC_D37916923909,SRC021,train,LIQ_0F4168490E,3,3,boundary_fit,yes,6.2854647195253,0.0,6.2854647195253,5.804872531483937,3.1147115262784553,-1.4239412276100605,9.701427891931864,2.027608619687646,yes,147.0,132.71992228409616,108.72987859930304
PA_MEA_A6E3B7BEB8BF,REC_CF6582F4BC39,SFC_D37916923909,SRC021,train,LIQ_53310FAFB3,3,3,boundary_fit,yes,5.666141750151727,0.0,5.666141750151727,7.747222627288637,3.0627755222907016,-1.2574414311646591,9.38059389994308,1.581158952809426,yes,122.6,117.7677755731171,94.84101769815064
PA_MEA_2E8912ACAADE,REC_6334806729BF,SFC_D37916923909,SRC021,train,LIQ_6656B41AB7,3,3,boundary_fit,yes,3.441893006431936,0.0,3.441893006431936,3.2065370948546494,2.775740697374375,-0.9836162522065821,7.7047364190603815,0.9675009316049226,yes,97.1,118.64679693908607,102.77414169375554
PA_MEA_B9E64737B541,REC_90A29B330C03,SFC_D37916923909,SRC021,train,LIQ_1BD1B94C09,3,3,boundary_fit,yes,5.847707974358862,0.0,5.847707974358862,7.643465653137071,3.108803596868007,-1.2349280478977607,9.664659803899458,1.5250472834845739,yes,124.1,118.63659688610747,98.33248924099418
