measurement_id,surface_group_id,source_group_id,liquid_id,contact_angle_deg,contact_angle_type,measurement_method,temperature_K,humidity_percent,pressure_atm,droplet_volume_uL,replicates_n,contact_angle_std_deg,contact_angle_min_deg,contact_angle_max_deg,quality_grade,conflict_flag,solid_total_surface_energy_mJ_m2,solid_dispersion_mJ_m2,solid_polar_mJ_m2,solid_surface_energy_source,solid_surface_energy_source_type,data_extraction_note,record_id,sfe_source_type,new_external_source_flag,target_eligible
CA0001,SFC_04353B2CE787,SRC023,LIQ_0F4168490E,70.0,static,sessile_drop,298.15,,1.0,,,,,,C_low,unclear_condition,42.0,21.0,21.0,project/default or same source when available,assumed_or_estimated,legacy literature-derived/project-internal source; no row-level DOI available,CA0001,assumed_or_estimated,no,diagnostic_only
CA0002,SFC_96578C5761C3,SRC023,LIQ_0F4168490E,75.0,static,sessile_drop,298.15,,1.0,,,,,,C_low,unclear_condition,45.0,22.5,22.5,project/default or same source when available,assumed_or_estimated,legacy literature-derived/project-internal source; no row-level DOI available,CA0002,assumed_or_estimated,no,diagnostic_only
CA0003,SFC_A713C80D8A86,SRC023,LIQ_0F4168490E,76.0,static,sessile_drop,298.15,,1.0,,,,,,C_low,unclear_condition,44.0,32.0,12.0,project/default or same source when available,assumed_or_estimated,legacy literature-derived/project-internal source; no row-level DOI available,CA0003,assumed_or_estimated,no,diagnostic_only
CA0004,SFC_833BD19E975A,SRC023,LIQ_0F4168490E,78.0,static,sessile_drop,298.15,,1.0,,,,,,C_low,unclear_condition,42.0,32.0,10.0,project/default or same source when available,assumed_or_estimated,legacy literature-derived/project-internal source; no row-level DOI available,CA0004,assumed_or_estimated,no,diagnostic_only
CA0005,SFC_EF3937BBEA40,SRC023,LIQ_0F4168490E,65.0,static,sessile_drop,298.15,,1.0,,,,,,C_low,unclear_condition,46.0,34.0,12.0,project/default or same source when available,assumed_or_estimated,legacy literature-derived/project-internal source; no row-level DOI available,CA0005,assumed_or_estimated,no,diagnostic_only
CA0006,SFC_B1C3F4195927,SRC023,LIQ_0F4168490E,64.0,static,sessile_drop,298.15,,1.0,,,,,,C_low,unclear_condition,47.0,35.0,12.0,project/default or same source when available,assumed_or_estimated,legacy literature-derived/project-internal source; no row-level DOI available,CA0006,assumed_or_estimated,no,diagnostic_only
CA0007,SFC_3269642DA2B0,SRC023,LIQ_0F4168490E,72.0,static,sessile_drop,298.15,,1.0,,,,,,C_low,unclear_condition,48.0,30.0,18.0,project/default or same source when available,assumed_or_estimated,legacy literature-derived/project-internal source; no row-level DOI available,CA0007,assumed_or_estimated,no,diagnostic_only
CA0008,SFC_258CBA406DD6,SRC023,LIQ_0F4168490E,74.0,static,sessile_drop,298.15,,1.0,,,,,,C_low,unclear_condition,43.0,30.0,13.0,project/default or same source when available,assumed_or_estimated,legacy literature-derived/project-internal source; no row-level DOI available,CA0008,assumed_or_estimated,no,diagnostic_only
CA0009,SFC_DB683EF7A2C1,SRC023,LIQ_0F4168490E,80.0,static,sessile_drop,298.15,,1.0,,,,,,C_low,unclear_condition,40.0,30.0,10.0,project/default or same source when available,assumed_or_estimated,legacy literature-derived/project-internal source; no row-level DOI available,CA0009,assumed_or_estimated,no,diagnostic_only
CA0010,SFC_EEA5FB824E7A,SRC023,LIQ_0F4168490E,75.0,static,sessile_drop,298.15,,1.0,,,,,,C_low,unclear_condition,44.0,31.0,13.0,project/default or same source when available,assumed_or_estimated,legacy literature-derived/project-internal source; no row-level DOI available,CA0010,assumed_or_estimated,no,diagnostic_only
CA0011,SFC_E24B19E460DE,SRC023,LIQ_0F4168490E,82.0,static,sessile_drop,298.15,,1.0,,,,,,C_low,unclear_condition,42.0,36.0,6.0,project/default or same source when available,assumed_or_estimated,legacy literature-derived/project-internal source; no row-level DOI available,CA0011,assumed_or_estimated,no,diagnostic_only
CA0012,SFC_782084083F60,SRC023,LIQ_0F4168490E,73.0,static,sessile_drop,298.15,,1.0,,,,,,C_low,unclear_condition,44.0,28.0,16.0,project/default or same source when available,assumed_or_estimated,legacy literature-derived/project-internal source; no row-level DOI available,CA0012,assumed_or_estimated,no,diagnostic_only
CA0013,SFC_F08E28324066,SRC023,LIQ_0F4168490E,88.0,static,sessile_drop,298.15,,1.0,,,,,,C_low,unclear_condition,36.0,30.0,6.0,project/default or same source when available,assumed_or_estimated,legacy literature-derived/project-internal source; no row-level DOI available,CA0013,assumed_or_estimated,no,diagnostic_only
CA0014,SFC_0C4EEBCACC30,SRC023,LIQ_0F4168490E,92.0,static,sessile_drop,298.15,,1.0,,,,,,C_low,unclear_condition,33.0,25.0,8.0,project/default or same source when available,assumed_or_estimated,legacy literature-derived/project-internal source; no row-level DOI available,CA0014,assumed_or_estimated,no,diagnostic_only
CA0015,SFC_F715B35B2C9F,SRC023,LIQ_0F4168490E,62.0,static,sessile_drop,298.15,,1.0,,,,,,C_low,unclear_condition,49.0,28.0,21.0,project/default or same source when available,assumed_or_estimated,legacy literature-derived/project-internal source; no row-level DOI available,CA0015,assumed_or_estimated,no,diagnostic_only
CA0016,SFC_04353B2CE787,SRC023,LIQ_53310FAFB3,58.0,static,sessile_drop,298.15,,1.0,,,,,,C_low,unclear_condition,42.0,21.0,21.0,project/default or same source when available,assumed_or_estimated,legacy literature-derived/project-internal source; no row-level DOI available,CA0016,assumed_or_estimated,no,diagnostic_only
CA0017,SFC_96578C5761C3,SRC023,LIQ_53310FAFB3,55.0,static,sessile_drop,298.15,,1.0,,,,,,C_low,unclear_condition,45.0,22.5,22.5,project/default or same source when available,assumed_or_estimated,legacy literature-derived/project-internal source; no row-level DOI available,CA0017,assumed_or_estimated,no,diagnostic_only
CA0018,SFC_A713C80D8A86,SRC023,LIQ_53310FAFB3,62.0,static,sessile_drop,298.15,,1.0,,,,,,C_low,unclear_condition,44.0,32.0,12.0,project/default or same source when available,assumed_or_estimated,legacy literature-derived/project-internal source; no row-level DOI available,CA0018,assumed_or_estimated,no,diagnostic_only
CA0019,SFC_833BD19E975A,SRC023,LIQ_53310FAFB3,68.0,static,sessile_drop,298.15,,1.0,,,,,,C_low,unclear_condition,42.0,32.0,10.0,project/default or same source when available,assumed_or_estimated,legacy literature-derived/project-internal source; no row-level DOI available,CA0019,assumed_or_estimated,no,diagnostic_only
CA0020,SFC_EF3937BBEA40,SRC023,LIQ_53310FAFB3,52.0,static,sessile_drop,298.15,,1.0,,,,,,C_low,unclear_condition,46.0,34.0,12.0,project/default or same source when available,assumed_or_estimated,legacy literature-derived/project-internal source; no row-level DOI available,CA0020,assumed_or_estimated,no,diagnostic_only
CA0021,SFC_B1C3F4195927,SRC023,LIQ_53310FAFB3,50.0,static,sessile_drop,298.15,,1.0,,,,,,C_low,unclear_condition,47.0,35.0,12.0,project/default or same source when available,assumed_or_estimated,legacy literature-derived/project-internal source; no row-level DOI available,CA0021,assumed_or_estimated,no,diagnostic_only
CA0022,SFC_3269642DA2B0,SRC023,LIQ_53310FAFB3,56.0,static,sessile_drop,298.15,,1.0,,,,,,C_low,unclear_condition,48.0,30.0,18.0,project/default or same source when available,assumed_or_estimated,legacy literature-derived/project-internal source; no row-level DOI available,CA0022,assumed_or_estimated,no,diagnostic_only
CA0023,SFC_258CBA406DD6,SRC023,LIQ_53310FAFB3,60.0,static,sessile_drop,298.15,,1.0,,,,,,C_low,unclear_condition,43.0,30.0,13.0,project/default or same source when available,assumed_or_estimated,legacy literature-derived/project-internal source; no row-level DOI available,CA0023,assumed_or_estimated,no,diagnostic_only
CA0024,SFC_DB683EF7A2C1,SRC023,LIQ_53310FAFB3,65.0,static,sessile_drop,298.15,,1.0,,,,,,C_low,unclear_condition,40.0,30.0,10.0,project/default or same source when available,assumed_or_estimated,legacy literature-derived/project-internal source; no row-level DOI available,CA0024,assumed_or_estimated,no,diagnostic_only
CA0025,SFC_EEA5FB824E7A,SRC023,LIQ_53310FAFB3,60.0,static,sessile_drop,298.15,,1.0,,,,,,C_low,unclear_condition,44.0,31.0,13.0,project/default or same source when available,assumed_or_estimated,legacy literature-derived/project-internal source; no row-level DOI available,CA0025,assumed_or_estimated,no,diagnostic_only
CA0026,SFC_E24B19E460DE,SRC023,LIQ_53310FAFB3,70.0,static,sessile_drop,298.15,,1.0,,,,,,C_low,unclear_condition,42.0,36.0,6.0,project/default or same source when available,assumed_or_estimated,legacy literature-derived/project-internal source; no row-level DOI available,CA0026,assumed_or_estimated,no,diagnostic_only
CA0027,SFC_782084083F60,SRC023,LIQ_53310FAFB3,58.0,static,sessile_drop,298.15,,1.0,,,,,,C_low,unclear_condition,44.0,28.0,16.0,project/default or same source when available,assumed_or_estimated,legacy literature-derived/project-internal source; no row-level DOI available,CA0027,assumed_or_estimated,no,diagnostic_only
CA0028,SFC_F08E28324066,SRC023,LIQ_53310FAFB3,78.0,static,sessile_drop,298.15,,1.0,,,,,,C_low,unclear_condition,36.0,30.0,6.0,project/default or same source when available,assumed_or_estimated,legacy literature-derived/project-internal source; no row-level DOI available,CA0028,assumed_or_estimated,no,diagnostic_only
CA0029,SFC_0C4EEBCACC30,SRC023,LIQ_53310FAFB3,82.0,static,sessile_drop,298.15,,1.0,,,,,,C_low,unclear_condition,33.0,25.0,8.0,project/default or same source when available,assumed_or_estimated,legacy literature-derived/project-internal source; no row-level DOI available,CA0029,assumed_or_estimated,no,diagnostic_only
CA0030,SFC_F715B35B2C9F,SRC023,LIQ_53310FAFB3,48.0,static,sessile_drop,298.15,,1.0,,,,,,C_low,unclear_condition,49.0,28.0,21.0,project/default or same source when available,assumed_or_estimated,legacy literature-derived/project-internal source; no row-level DOI available,CA0030,assumed_or_estimated,no,diagnostic_only
CA0031,SFC_04353B2CE787,SRC023,LIQ_1BD1B94C09,55.0,static,sessile_drop,298.15,,1.0,,,,,,C_low,unclear_condition,42.0,21.0,21.0,project/default or same source when available,assumed_or_estimated,legacy literature-derived/project-internal source; no row-level DOI available,CA0031,assumed_or_estimated,no,diagnostic_only
CA0032,SFC_96578C5761C3,SRC023,LIQ_1BD1B94C09,52.0,static,sessile_drop,298.15,,1.0,,,,,,C_low,unclear_condition,45.0,22.5,22.5,project/default or same source when available,assumed_or_estimated,legacy literature-derived/project-internal source; no row-level DOI available,CA0032,assumed_or_estimated,no,diagnostic_only
CA0033,SFC_A713C80D8A86,SRC023,LIQ_1BD1B94C09,58.0,static,sessile_drop,298.15,,1.0,,,,,,C_low,unclear_condition,44.0,32.0,12.0,project/default or same source when available,assumed_or_estimated,legacy literature-derived/project-internal source; no row-level DOI available,CA0033,assumed_or_estimated,no,diagnostic_only
CA0034,SFC_833BD19E975A,SRC023,LIQ_1BD1B94C09,62.0,static,sessile_drop,298.15,,1.0,,,,,,C_low,unclear_condition,42.0,32.0,10.0,project/default or same source when available,assumed_or_estimated,legacy literature-derived/project-internal source; no row-level DOI available,CA0034,assumed_or_estimated,no,diagnostic_only
CA0035,SFC_EF3937BBEA40,SRC023,LIQ_1BD1B94C09,48.0,static,sessile_drop,298.15,,1.0,,,,,,C_low,unclear_condition,46.0,34.0,12.0,project/default or same source when available,assumed_or_estimated,legacy literature-derived/project-internal source; no row-level DOI available,CA0035,assumed_or_estimated,no,diagnostic_only
CA0036,SFC_B1C3F4195927,SRC023,LIQ_1BD1B94C09,46.0,static,sessile_drop,298.15,,1.0,,,,,,C_low,unclear_condition,47.0,35.0,12.0,project/default or same source when available,assumed_or_estimated,legacy literature-derived/project-internal source; no row-level DOI available,CA0036,assumed_or_estimated,no,diagnostic_only
CA0037,SFC_3269642DA2B0,SRC023,LIQ_1BD1B94C09,50.0,static,sessile_drop,298.15,,1.0,,,,,,C_low,unclear_condition,48.0,30.0,18.0,project/default or same source when available,assumed_or_estimated,legacy literature-derived/project-internal source; no row-level DOI available,CA0037,assumed_or_estimated,no,diagnostic_only
CA0038,SFC_258CBA406DD6,SRC023,LIQ_1BD1B94C09,56.0,static,sessile_drop,298.15,,1.0,,,,,,C_low,unclear_condition,43.0,30.0,13.0,project/default or same source when available,assumed_or_estimated,legacy literature-derived/project-internal source; no row-level DOI available,CA0038,assumed_or_estimated,no,diagnostic_only
CA0039,SFC_DB683EF7A2C1,SRC023,LIQ_1BD1B94C09,60.0,static,sessile_drop,298.15,,1.0,,,,,,C_low,unclear_condition,40.0,30.0,10.0,project/default or same source when available,assumed_or_estimated,legacy literature-derived/project-internal source; no row-level DOI available,CA0039,assumed_or_estimated,no,diagnostic_only
CA0040,SFC_EEA5FB824E7A,SRC023,LIQ_1BD1B94C09,55.0,static,sessile_drop,298.15,,1.0,,,,,,C_low,unclear_condition,44.0,31.0,13.0,project/default or same source when available,assumed_or_estimated,legacy literature-derived/project-internal source; no row-level DOI available,CA0040,assumed_or_estimated,no,diagnostic_only
CA0041,SFC_E24B19E460DE,SRC023,LIQ_1BD1B94C09,65.0,static,sessile_drop,298.15,,1.0,,,,,,C_low,unclear_condition,42.0,36.0,6.0,project/default or same source when available,assumed_or_estimated,legacy literature-derived/project-internal source; no row-level DOI available,CA0041,assumed_or_estimated,no,diagnostic_only
CA0042,SFC_782084083F60,SRC023,LIQ_1BD1B94C09,54.0,static,sessile_drop,298.15,,1.0,,,,,,C_low,unclear_condition,44.0,28.0,16.0,project/default or same source when available,assumed_or_estimated,legacy literature-derived/project-internal source; no row-level DOI available,CA0042,assumed_or_estimated,no,diagnostic_only
CA0043,SFC_8236ECA9EB74,SRC023,LIQ_0F4168490E,115.0,static,sessile_drop,298.15,,1.0,,,,,,C_low,unclear_condition,18.5,18.5,0.0,project/default or same source when available,assumed_or_estimated,legacy literature-derived/project-internal source; no row-level DOI available,CA0043,assumed_or_estimated,no,diagnostic_only
CA0044,SFC_49842D0D9B8F,SRC023,LIQ_0F4168490E,110.0,static,sessile_drop,298.15,,1.0,,,,,,C_low,unclear_condition,22.0,22.0,0.0,project/default or same source when available,assumed_or_estimated,legacy literature-derived/project-internal source; no row-level DOI available,CA0044,assumed_or_estimated,no,diagnostic_only
CA0045,SFC_E805A27F910D,SRC023,LIQ_0F4168490E,118.0,static,sessile_drop,298.15,,1.0,,,,,,C_low,unclear_condition,16.0,16.0,0.0,project/default or same source when available,assumed_or_estimated,legacy literature-derived/project-internal source; no row-level DOI available,CA0045,assumed_or_estimated,no,diagnostic_only
CA0046,SFC_8236ECA9EB74,SRC023,LIQ_6656B41AB7,88.0,static,sessile_drop,298.15,,1.0,,,,,,C_low,unclear_condition,18.5,18.5,0.0,project/default or same source when available,assumed_or_estimated,legacy literature-derived/project-internal source; no row-level DOI available,CA0046,assumed_or_estimated,no,diagnostic_only
CA0047,SFC_49842D0D9B8F,SRC023,LIQ_6656B41AB7,82.0,static,sessile_drop,298.15,,1.0,,,,,,C_low,unclear_condition,22.0,22.0,0.0,project/default or same source when available,assumed_or_estimated,legacy literature-derived/project-internal source; no row-level DOI available,CA0047,assumed_or_estimated,no,diagnostic_only
CA0048,SFC_E805A27F910D,SRC023,LIQ_6656B41AB7,90.0,static,sessile_drop,298.15,,1.0,,,,,,C_low,unclear_condition,16.0,16.0,0.0,project/default or same source when available,assumed_or_estimated,legacy literature-derived/project-internal source; no row-level DOI available,CA0048,assumed_or_estimated,no,diagnostic_only
CA0049,SFC_8236ECA9EB74,SRC023,LIQ_53310FAFB3,98.0,static,sessile_drop,298.15,,1.0,,,,,,C_low,unclear_condition,18.5,18.5,0.0,project/default or same source when available,assumed_or_estimated,legacy literature-derived/project-internal source; no row-level DOI available,CA0049,assumed_or_estimated,no,diagnostic_only
CA0050,SFC_49842D0D9B8F,SRC023,LIQ_53310FAFB3,95.0,static,sessile_drop,298.15,,1.0,,,,,,C_low,unclear_condition,22.0,22.0,0.0,project/default or same source when available,assumed_or_estimated,legacy literature-derived/project-internal source; no row-level DOI available,CA0050,assumed_or_estimated,no,diagnostic_only
CA0051,SFC_E805A27F910D,SRC023,LIQ_53310FAFB3,100.0,static,sessile_drop,298.15,,1.0,,,,,,C_low,unclear_condition,16.0,16.0,0.0,project/default or same source when available,assumed_or_estimated,legacy literature-derived/project-internal source; no row-level DOI available,CA0051,assumed_or_estimated,no,diagnostic_only
CA0052,SFC_2F8ECAFB7400,SRC023,LIQ_0F4168490E,85.0,static,sessile_drop,298.15,,1.0,,,,,,C_low,unclear_condition,35.0,32.0,3.0,project/default or same source when available,assumed_or_estimated,legacy literature-derived/project-internal source; no row-level DOI available,CA0052,assumed_or_estimated,no,diagnostic_only
CA0053,SFC_09D2365FF128,SRC023,LIQ_0F4168490E,95.0,static,sessile_drop,298.15,,1.0,,,,,,C_low,unclear_condition,33.0,32.0,1.0,project/default or same source when available,assumed_or_estimated,legacy literature-derived/project-internal source; no row-level DOI available,CA0053,assumed_or_estimated,no,diagnostic_only
CA0054,SFC_C657B6B2A8F2,SRC023,LIQ_0F4168490E,98.0,static,sessile_drop,298.15,,1.0,,,,,,C_low,unclear_condition,30.0,29.5,0.5,project/default or same source when available,assumed_or_estimated,legacy literature-derived/project-internal source; no row-level DOI available,CA0054,assumed_or_estimated,no,diagnostic_only
CA0055,SFC_EADE66E24084,SRC023,LIQ_0F4168490E,94.0,static,sessile_drop,298.15,,1.0,,,,,,C_low,unclear_condition,32.0,31.0,1.0,project/default or same source when available,assumed_or_estimated,legacy literature-derived/project-internal source; no row-level DOI available,CA0055,assumed_or_estimated,no,diagnostic_only
CA0056,SFC_7320418E2637,SRC023,LIQ_0F4168490E,96.0,static,sessile_drop,298.15,,1.0,,,,,,C_low,unclear_condition,32.0,31.0,1.0,project/default or same source when available,assumed_or_estimated,legacy literature-derived/project-internal source; no row-level DOI available,CA0056,assumed_or_estimated,no,diagnostic_only
CA0057,SFC_059D01259A34,SRC023,LIQ_0F4168490E,95.0,static,sessile_drop,298.15,,1.0,,,,,,C_low,unclear_condition,31.0,30.0,1.0,project/default or same source when available,assumed_or_estimated,legacy literature-derived/project-internal source; no row-level DOI available,CA0057,assumed_or_estimated,no,diagnostic_only
CA0058,SFC_2F8ECAFB7400,SRC023,LIQ_53310FAFB3,72.0,static,sessile_drop,298.15,,1.0,,,,,,C_low,unclear_condition,35.0,32.0,3.0,project/default or same source when available,assumed_or_estimated,legacy literature-derived/project-internal source; no row-level DOI available,CA0058,assumed_or_estimated,no,diagnostic_only
CA0059,SFC_09D2365FF128,SRC023,LIQ_53310FAFB3,82.0,static,sessile_drop,298.15,,1.0,,,,,,C_low,unclear_condition,33.0,32.0,1.0,project/default or same source when available,assumed_or_estimated,legacy literature-derived/project-internal source; no row-level DOI available,CA0059,assumed_or_estimated,no,diagnostic_only
CA0060,SFC_C657B6B2A8F2,SRC023,LIQ_53310FAFB3,85.0,static,sessile_drop,298.15,,1.0,,,,,,C_low,unclear_condition,30.0,29.5,0.5,project/default or same source when available,assumed_or_estimated,legacy literature-derived/project-internal source; no row-level DOI available,CA0060,assumed_or_estimated,no,diagnostic_only
CA0061,SFC_EADE66E24084,SRC023,LIQ_53310FAFB3,80.0,static,sessile_drop,298.15,,1.0,,,,,,C_low,unclear_condition,32.0,31.0,1.0,project/default or same source when available,assumed_or_estimated,legacy literature-derived/project-internal source; no row-level DOI available,CA0061,assumed_or_estimated,no,diagnostic_only
CA0062,SFC_7320418E2637,SRC023,LIQ_53310FAFB3,82.0,static,sessile_drop,298.15,,1.0,,,,,,C_low,unclear_condition,32.0,31.0,1.0,project/default or same source when available,assumed_or_estimated,legacy literature-derived/project-internal source; no row-level DOI available,CA0062,assumed_or_estimated,no,diagnostic_only
CA0063,SFC_059D01259A34,SRC023,LIQ_53310FAFB3,81.0,static,sessile_drop,298.15,,1.0,,,,,,C_low,unclear_condition,31.0,30.0,1.0,project/default or same source when available,assumed_or_estimated,legacy literature-derived/project-internal source; no row-level DOI available,CA0063,assumed_or_estimated,no,diagnostic_only
CA0064,SFC_2F8ECAFB7400,SRC023,LIQ_6656B41AB7,48.0,static,sessile_drop,298.15,,1.0,,,,,,C_low,unclear_condition,35.0,32.0,3.0,project/default or same source when available,assumed_or_estimated,legacy literature-derived/project-internal source; no row-level DOI available,CA0064,assumed_or_estimated,no,diagnostic_only
CA0065,SFC_09D2365FF128,SRC023,LIQ_6656B41AB7,52.0,static,sessile_drop,298.15,,1.0,,,,,,C_low,unclear_condition,33.0,32.0,1.0,project/default or same source when available,assumed_or_estimated,legacy literature-derived/project-internal source; no row-level DOI available,CA0065,assumed_or_estimated,no,diagnostic_only
CA0066,SFC_C657B6B2A8F2,SRC023,LIQ_6656B41AB7,55.0,static,sessile_drop,298.15,,1.0,,,,,,C_low,unclear_condition,30.0,29.5,0.5,project/default or same source when available,assumed_or_estimated,legacy literature-derived/project-internal source; no row-level DOI available,CA0066,assumed_or_estimated,no,diagnostic_only
CA0067,SFC_EADE66E24084,SRC023,LIQ_6656B41AB7,50.0,static,sessile_drop,298.15,,1.0,,,,,,C_low,unclear_condition,32.0,31.0,1.0,project/default or same source when available,assumed_or_estimated,legacy literature-derived/project-internal source; no row-level DOI available,CA0067,assumed_or_estimated,no,diagnostic_only
CA0068,SFC_7320418E2637,SRC023,LIQ_6656B41AB7,52.0,static,sessile_drop,298.15,,1.0,,,,,,C_low,unclear_condition,32.0,31.0,1.0,project/default or same source when available,assumed_or_estimated,legacy literature-derived/project-internal source; no row-level DOI available,CA0068,assumed_or_estimated,no,diagnostic_only
CA0069,SFC_059D01259A34,SRC023,LIQ_6656B41AB7,51.0,static,sessile_drop,298.15,,1.0,,,,,,C_low,unclear_condition,31.0,30.0,1.0,project/default or same source when available,assumed_or_estimated,legacy literature-derived/project-internal source; no row-level DOI available,CA0069,assumed_or_estimated,no,diagnostic_only
CA0070,SFC_B8D818A15C77,SRC024,LIQ_0F4168490E,91.0,static,sessile_drop,298.15,,1.0,,,,,,C_low,possible_duplicate,33.0,31.0,2.0,project/default or same source when available,assumed_or_estimated,legacy literature-derived/project-internal source; duplicate/conflicting rows retained for review,CA0070,assumed_or_estimated,no,diagnostic_only
CA0071,SFC_DFFFBB02B458,SRC024,LIQ_0F4168490E,108.0,static,sessile_drop,298.15,,1.0,,,,,,C_low,possible_duplicate,18.0,18.0,0.0,project/default or same source when available,assumed_or_estimated,legacy literature-derived/project-internal source; duplicate/conflicting rows retained for review,CA0071,assumed_or_estimated,no,diagnostic_only
CA0072,SFC_CC13B5674B11,SRC024,LIQ_53310FAFB3,55.0,static,sessile_drop,298.15,,1.0,,,,,,C_low,possible_duplicate,31.0,30.0,1.0,project/default or same source when available,assumed_or_estimated,legacy literature-derived/project-internal source; duplicate/conflicting rows retained for review,CA0072,assumed_or_estimated,no,diagnostic_only
CA0073,SFC_2F5D209BCFE9,SRC024,LIQ_53310FAFB3,52.0,static,sessile_drop,298.15,,1.0,,,,,,C_low,possible_duplicate,29.0,28.0,1.0,project/default or same source when available,assumed_or_estimated,legacy literature-derived/project-internal source; duplicate/conflicting rows retained for review,CA0073,assumed_or_estimated,no,diagnostic_only
CA0074,SFC_B8D818A15C77,SRC024,LIQ_53310FAFB3,68.0,static,sessile_drop,298.15,,1.0,,,,,,C_low,possible_duplicate,33.0,31.0,2.0,project/default or same source when available,assumed_or_estimated,legacy literature-derived/project-internal source; duplicate/conflicting rows retained for review,CA0074,assumed_or_estimated,no,diagnostic_only
CA0075,SFC_DFFFBB02B458,SRC024,LIQ_53310FAFB3,78.0,static,sessile_drop,298.15,,1.0,,,,,,C_low,possible_duplicate,18.0,18.0,0.0,project/default or same source when available,assumed_or_estimated,legacy literature-derived/project-internal source; duplicate/conflicting rows retained for review,CA0075,assumed_or_estimated,no,diagnostic_only
CA0076,SFC_8E1BAB0CA5A6,SRC024,LIQ_53310FAFB3,58.0,static,sessile_drop,298.15,,1.0,,,,,,C_low,possible_duplicate,25.0,23.0,2.0,project/default or same source when available,assumed_or_estimated,legacy literature-derived/project-internal source; duplicate/conflicting rows retained for review,CA0076,assumed_or_estimated,no,diagnostic_only
CA0077,SFC_95580B5C4364,SRC010,LIQ_0F4168490E,122.42,static,sessile_drop,298.15,,1.0,2.0,,,,,A_high,none,16.27,16.2,0.07,calculated from paired water/diiodomethane contact angles in Table 2,inferred_from_contact_angles,Table 2 direct value; contact angles reported for water and diiodomethane after air SDBD plasma treatments,CA0077,inferred_from_contact_angles,no,yes
CA0078,SFC_95580B5C4364,SRC010,LIQ_6656B41AB7,84.98,static,sessile_drop,298.15,,1.0,2.0,,,,,A_high,none,16.27,16.2,0.07,calculated from paired water/diiodomethane contact angles in Table 2,inferred_from_contact_angles,Table 2 direct value; contact angles reported for water and diiodomethane after air SDBD plasma treatments,CA0078,inferred_from_contact_angles,no,yes
CA0079,SFC_F7990EF3D076,SRC010,LIQ_0F4168490E,116.91,static,sessile_drop,298.15,,1.0,2.0,,,,,A_high,none,18.6,18.6,0.0,calculated from paired water/diiodomethane contact angles in Table 2,inferred_from_contact_angles,Table 2 direct value; contact angles reported for water and diiodomethane after air SDBD plasma treatments,CA0079,inferred_from_contact_angles,no,yes
CA0080,SFC_F7990EF3D076,SRC010,LIQ_6656B41AB7,79.59,static,sessile_drop,298.15,,1.0,2.0,,,,,A_high,none,18.6,18.6,0.0,calculated from paired water/diiodomethane contact angles in Table 2,inferred_from_contact_angles,Table 2 direct value; contact angles reported for water and diiodomethane after air SDBD plasma treatments,CA0080,inferred_from_contact_angles,no,yes
CA0081,SFC_10C3C0102684,SRC010,LIQ_0F4168490E,60.42,static,sessile_drop,298.15,,1.0,2.0,,,,,A_high,none,41.87,19.62,22.25,calculated from paired water/diiodomethane contact angles in Table 2,inferred_from_contact_angles,Table 2 direct value; contact angles reported for water and diiodomethane after air SDBD plasma treatments,CA0081,inferred_from_contact_angles,no,yes
CA0082,SFC_10C3C0102684,SRC010,LIQ_6656B41AB7,60.25,static,sessile_drop,298.15,,1.0,2.0,,,,,A_high,none,41.87,19.62,22.25,calculated from paired water/diiodomethane contact angles in Table 2,inferred_from_contact_angles,Table 2 direct value; contact angles reported for water and diiodomethane after air SDBD plasma treatments,CA0082,inferred_from_contact_angles,no,yes
CA0083,SFC_FA6603E349B6,SRC010,LIQ_0F4168490E,76.51,static,sessile_drop,298.15,,1.0,2.0,,,,,A_high,none,33.46,23.92,9.54,calculated from paired water/diiodomethane contact angles in Table 2,inferred_from_contact_angles,Table 2 direct value; contact angles reported for water and diiodomethane after air SDBD plasma treatments,CA0083,inferred_from_contact_angles,no,yes
CA0084,SFC_FA6603E349B6,SRC010,LIQ_6656B41AB7,58.3,static,sessile_drop,298.15,,1.0,2.0,,,,,A_high,none,33.46,23.92,9.54,calculated from paired water/diiodomethane contact angles in Table 2,inferred_from_contact_angles,Table 2 direct value; contact angles reported for water and diiodomethane after air SDBD plasma treatments,CA0084,inferred_from_contact_angles,no,yes
CA0085,SFC_91AEF1F6D63F,SRC010,LIQ_0F4168490E,103.37,static,sessile_drop,298.15,,1.0,2.0,,,,,A_high,none,17.38,15.59,1.79,calculated from paired water/diiodomethane contact angles in Table 2,inferred_from_contact_angles,Table 2 direct value; contact angles reported for water and diiodomethane after air SDBD plasma treatments,CA0085,inferred_from_contact_angles,no,yes
CA0086,SFC_91AEF1F6D63F,SRC010,LIQ_6656B41AB7,80.65,static,sessile_drop,298.15,,1.0,2.0,,,,,A_high,none,17.38,15.59,1.79,calculated from paired water/diiodomethane contact angles in Table 2,inferred_from_contact_angles,Table 2 direct value; contact angles reported for water and diiodomethane after air SDBD plasma treatments,CA0086,inferred_from_contact_angles,no,yes
CA0087,SFC_B26BB3C57516,SRC010,LIQ_0F4168490E,94.3,static,sessile_drop,298.15,,1.0,2.0,,,,,A_high,none,20.85,16.66,4.19,calculated from paired water/diiodomethane contact angles in Table 2,inferred_from_contact_angles,Table 2 direct value; contact angles reported for water and diiodomethane after air SDBD plasma treatments,CA0087,inferred_from_contact_angles,no,yes
CA0088,SFC_B26BB3C57516,SRC010,LIQ_6656B41AB7,76.04,static,sessile_drop,298.15,,1.0,2.0,,,,,A_high,none,20.85,16.66,4.19,calculated from paired water/diiodomethane contact angles in Table 2,inferred_from_contact_angles,Table 2 direct value; contact angles reported for water and diiodomethane after air SDBD plasma treatments,CA0088,inferred_from_contact_angles,no,yes
CA0089,SFC_EE615B6001A2,SRC010,LIQ_0F4168490E,52.45,static,sessile_drop,298.15,,1.0,2.0,,,,,A_high,none,47.16,14.94,32.22,calculated from paired water/diiodomethane contact angles in Table 2,inferred_from_contact_angles,Table 2 direct value; contact angles reported for water and diiodomethane after air SDBD plasma treatments,CA0089,inferred_from_contact_angles,no,yes
CA0090,SFC_EE615B6001A2,SRC010,LIQ_6656B41AB7,66.51,static,sessile_drop,298.15,,1.0,2.0,,,,,A_high,none,47.16,14.94,32.22,calculated from paired water/diiodomethane contact angles in Table 2,inferred_from_contact_angles,Table 2 direct value; contact angles reported for water and diiodomethane after air SDBD plasma treatments,CA0090,inferred_from_contact_angles,no,yes
CA0091,SFC_C256F7B116EE,SRC010,LIQ_0F4168490E,40.92,static,sessile_drop,298.15,,1.0,2.0,,,,,A_high,none,57.83,27.04,30.79,calculated from paired water/diiodomethane contact angles in Table 2,inferred_from_contact_angles,Table 2 direct value; contact angles reported for water and diiodomethane after air SDBD plasma treatments,CA0091,inferred_from_contact_angles,no,yes
CA0092,SFC_C256F7B116EE,SRC010,LIQ_6656B41AB7,40.8,static,sessile_drop,298.15,,1.0,2.0,,,,,A_high,none,57.83,27.04,30.79,calculated from paired water/diiodomethane contact angles in Table 2,inferred_from_contact_angles,Table 2 direct value; contact angles reported for water and diiodomethane after air SDBD plasma treatments,CA0092,inferred_from_contact_angles,no,yes
CA0093,SFC_A5B2B66974AE,SRC009,LIQ_0F4168490E,83.5,static,sessile_drop,298.15,,1.0,,,2.1,,,A_high,none,24.34,13.82,10.52,calculated from paired water/diiodomethane contact angles in Table 4,inferred_from_contact_angles,Table 4 direct value; mean +/- standard deviation reported for water and diiodomethane,CA0093,inferred_from_contact_angles,no,yes
CA0094,SFC_A5B2B66974AE,SRC009,LIQ_6656B41AB7,77.7,static,sessile_drop,298.15,,1.0,,,1.9,,,A_high,none,24.34,13.82,10.52,calculated from paired water/diiodomethane contact angles in Table 4,inferred_from_contact_angles,Table 4 direct value; mean +/- standard deviation reported for water and diiodomethane,CA0094,inferred_from_contact_angles,no,yes
CA0095,SFC_BF7DB4F8493A,SRC009,LIQ_0F4168490E,11.4,static,sessile_drop,298.15,,1.0,,,1.8,,,A_high,none,72.16,28.79,43.37,calculated from paired water/diiodomethane contact angles in Table 4,inferred_from_contact_angles,Table 4 direct value; mean +/- standard deviation reported for water and diiodomethane,CA0095,inferred_from_contact_angles,no,yes
CA0096,SFC_BF7DB4F8493A,SRC009,LIQ_6656B41AB7,30.2,static,sessile_drop,298.15,,1.0,,,1.8,,,A_high,none,72.16,28.79,43.37,calculated from paired water/diiodomethane contact angles in Table 4,inferred_from_contact_angles,Table 4 direct value; mean +/- standard deviation reported for water and diiodomethane,CA0096,inferred_from_contact_angles,no,yes
CA0097,SFC_1CE43E1DBA17,SRC009,LIQ_0F4168490E,101.3,static,sessile_drop,298.15,,1.0,,,4.1,,,A_high,none,16.36,13.48,2.88,calculated from paired water/diiodomethane contact angles in Table 4,inferred_from_contact_angles,Table 4 direct value; mean +/- standard deviation reported for water and diiodomethane,CA0097,inferred_from_contact_angles,no,yes
CA0098,SFC_1CE43E1DBA17,SRC009,LIQ_6656B41AB7,83.8,static,sessile_drop,298.15,,1.0,,,2.0,,,A_high,none,16.36,13.48,2.88,calculated from paired water/diiodomethane contact angles in Table 4,inferred_from_contact_angles,Table 4 direct value; mean +/- standard deviation reported for water and diiodomethane,CA0098,inferred_from_contact_angles,no,yes
CA0099,SFC_CD91556CDD43,SRC009,LIQ_0F4168490E,65.4,static,sessile_drop,298.15,,1.0,,,3.6,,,A_high,none,38.41,19.91,18.5,calculated from paired water/diiodomethane contact angles in Table 4,inferred_from_contact_angles,Table 4 direct value; mean +/- standard deviation reported for water and diiodomethane,CA0099,inferred_from_contact_angles,no,yes
CA0100,SFC_CD91556CDD43,SRC009,LIQ_6656B41AB7,61.3,static,sessile_drop,298.15,,1.0,,,2.5,,,A_high,none,38.41,19.91,18.5,calculated from paired water/diiodomethane contact angles in Table 4,inferred_from_contact_angles,Table 4 direct value; mean +/- standard deviation reported for water and diiodomethane,CA0100,inferred_from_contact_angles,no,yes
CA0101,SFC_5EB9C176CFB3,SRC007,LIQ_0F4168490E,98.7,static,sessile_drop,298.15,,1.0,,,,,,A_high,none,30.79,30.71,0.08,"same paper Table 1, OWRK surface energy",inferred_from_contact_angles,Table 1 direct value; contact angles measured using distilled water and diiodomethane,CA0101,inferred_from_contact_angles,no,yes
CA0102,SFC_5EB9C176CFB3,SRC007,LIQ_6656B41AB7,45.7,static,sessile_drop,298.15,,1.0,,,,,,A_high,none,30.79,30.71,0.08,"same paper Table 1, OWRK surface energy",inferred_from_contact_angles,Table 1 direct value; contact angles measured using distilled water and diiodomethane,CA0102,inferred_from_contact_angles,no,yes
CA0103,SFC_4A9A552599CA,SRC007,LIQ_0F4168490E,85.6,static,sessile_drop,298.15,,1.0,,,,,,A_high,none,40.91,40.35,0.56,"same paper Table 1, OWRK surface energy",inferred_from_contact_angles,Table 1 direct value; contact angles measured using distilled water and diiodomethane,CA0103,inferred_from_contact_angles,no,yes
CA0104,SFC_4A9A552599CA,SRC007,LIQ_6656B41AB7,27.8,static,sessile_drop,298.15,,1.0,,,,,,A_high,none,40.91,40.35,0.56,"same paper Table 1, OWRK surface energy",inferred_from_contact_angles,Table 1 direct value; contact angles measured using distilled water and diiodomethane,CA0104,inferred_from_contact_angles,no,yes
CA0105,SFC_FE6387F77D1C,SRC007,LIQ_0F4168490E,69.3,static,sessile_drop,298.15,,1.0,,,,,,A_high,none,48.68,38.89,9.79,"same paper Table 1, OWRK surface energy",inferred_from_contact_angles,Table 1 direct value; contact angles measured using distilled water and diiodomethane,CA0105,inferred_from_contact_angles,no,yes
CA0106,SFC_FE6387F77D1C,SRC007,LIQ_6656B41AB7,31.6,static,sessile_drop,298.15,,1.0,,,,,,A_high,none,48.68,38.89,9.79,"same paper Table 1, OWRK surface energy",inferred_from_contact_angles,Table 1 direct value; contact angles measured using distilled water and diiodomethane,CA0106,inferred_from_contact_angles,no,yes
CA0107,SFC_5B98CD5D3171,SRC008,LIQ_0F4168490E,48.4,static,sessile_drop,298.15,,1.0,,,0.7,,,A_high,none,52.0,36.4,15.6,same paper text for dry films,literature_reported,Text/Figure 4 values; water contact angle and captive-bubble angle for PEGDA hydrogels,CA0107,literature_reported,no,yes
CA0108,SFC_501977853E73,SRC008,LIQ_0F4168490E,56.2,static,sessile_drop,298.15,,1.0,,,0.6,,,A_high,none,52.0,39.3,12.7,same paper text for dry films,literature_reported,Text/Figure 4 values; water contact angle and captive-bubble angle for PEGDA hydrogels,CA0108,literature_reported,no,yes
CA0109,SFC_FA2839A92EC7,SRC008,LIQ_0F4168490E,44.7,static,sessile_drop,298.15,,1.0,,,2.1,,,A_high,none,52.0,36.4,15.6,same paper text for dry films,literature_reported,Text/Figure 4 values; water contact angle and captive-bubble angle for PEGDA hydrogels,CA0109,literature_reported,no,yes
CA0110,SFC_1D8B05F80DC7,SRC008,LIQ_0F4168490E,49.9,static,sessile_drop,298.15,,1.0,,,3.9,,,A_high,none,52.0,39.3,12.7,same paper text for dry films,literature_reported,Text/Figure 4 values; water contact angle and captive-bubble angle for PEGDA hydrogels,CA0110,literature_reported,no,yes
CA0111,SFC_44B95F9FBEE4,SRC008,LIQ_0F4168490E,45.4,apparent,captive_bubble,298.15,,1.0,,,3.8,,,A_high,none,52.0,36.4,15.6,same paper text for dry films,literature_reported,Text/Figure 4 values; water contact angle and captive-bubble angle for PEGDA hydrogels,CA0111,literature_reported,no,yes
CA0112,SFC_E5CA0C67969B,SRC008,LIQ_0F4168490E,34.6,apparent,captive_bubble,298.15,,1.0,,,4.9,,,A_high,none,52.0,39.3,12.7,same paper text for dry films,literature_reported,Text/Figure 4 values; water contact angle and captive-bubble angle for PEGDA hydrogels,CA0112,literature_reported,no,yes
CA0113,SFC_80F2E516B76C,SRC011,LIQ_0F4168490E,0.0,static,unknown,298.15,,1.0,,,,,,B_medium,possible_duplicate,68.0,35.0,33.0,project/default or same source when available,assumed_or_estimated,Table 1 curated static contact angle value; row-specific source reference number retained in notes,CA0113,assumed_or_estimated,no,yes
CA0114,SFC_3D1A32355659,SRC011,LIQ_0F4168490E,0.0,static,unknown,298.15,,1.0,,,,,,B_medium,possible_duplicate,68.0,35.0,33.0,project/default or same source when available,assumed_or_estimated,Table 1 curated static contact angle value; row-specific source reference number retained in notes,CA0114,assumed_or_estimated,no,yes
CA0115,SFC_CB2D9C2A1945,SRC011,LIQ_0F4168490E,5.0,static,unknown,298.15,,1.0,,,,,,B_medium,possible_duplicate,68.0,35.0,33.0,project/default or same source when available,assumed_or_estimated,Table 1 curated static contact angle value; row-specific source reference number retained in notes,CA0115,assumed_or_estimated,no,yes
CA0116,SFC_37C517499760,SRC011,LIQ_0F4168490E,5.0,static,unknown,298.15,,1.0,,,,,,B_medium,possible_duplicate,68.0,35.0,33.0,project/default or same source when available,assumed_or_estimated,Table 1 curated static contact angle value; row-specific source reference number retained in notes,CA0116,assumed_or_estimated,no,yes
CA0117,SFC_9F03DB4646F7,SRC011,LIQ_0F4168490E,23.5,static,unknown,298.15,,1.0,,,1.7,,,B_medium,possible_duplicate,44.0,32.0,12.0,project/default or same source when available,assumed_or_estimated,Table 1 curated static contact angle value; row-specific source reference number retained in notes,CA0117,assumed_or_estimated,no,yes
CA0118,SFC_E8782E4956D5,SRC011,LIQ_0F4168490E,39.1,static,unknown,298.15,,1.0,,,,,,B_medium,possible_duplicate,68.0,35.0,33.0,project/default or same source when available,assumed_or_estimated,Table 1 curated static contact angle value; row-specific source reference number retained in notes,CA0118,assumed_or_estimated,no,yes
CA0119,SFC_D5E6A21B8B20,SRC011,LIQ_6656B41AB7,43.2,static,unknown,298.15,,1.0,,,,,,B_medium,possible_duplicate,42.0,21.0,21.0,project/default or same source when available,assumed_or_estimated,Table 1 curated static contact angle value; row-specific source reference number retained in notes,CA0119,assumed_or_estimated,no,yes
CA0120,SFC_3A2A2BDFA9F8,SRC011,LIQ_0F4168490E,59.0,static,unknown,298.15,,1.0,,,1.1,,,B_medium,possible_duplicate,44.0,32.0,12.0,project/default or same source when available,assumed_or_estimated,Table 1 curated static contact angle value; row-specific source reference number retained in notes,CA0120,assumed_or_estimated,no,yes
CA0121,SFC_D5E6A21B8B20,SRC011,LIQ_1BD1B94C09,56.7,static,unknown,298.15,,1.0,,,,,,B_medium,possible_duplicate,42.0,21.0,21.0,project/default or same source when available,assumed_or_estimated,Table 1 curated static contact angle value; row-specific source reference number retained in notes,CA0121,assumed_or_estimated,no,yes
CA0122,SFC_D5E6A21B8B20,SRC011,LIQ_53310FAFB3,57.0,static,unknown,298.15,,1.0,,,,,,B_medium,possible_duplicate,42.0,21.0,21.0,project/default or same source when available,assumed_or_estimated,Table 1 curated static contact angle value; row-specific source reference number retained in notes,CA0122,assumed_or_estimated,no,yes
CA0123,SFC_B7019C8ED9E7,SRC011,LIQ_5C0DC0DCD1,58.0,static,sessile_drop,298.15,,1.0,,,2.0,,,B_medium,possible_duplicate,42.0,21.0,21.0,project/default or same source when available,assumed_or_estimated,Table 1 curated static contact angle value; row-specific source reference number retained in notes,CA0123,assumed_or_estimated,no,yes
CA0124,SFC_9BD6477E2B8C,SRC011,LIQ_0F4168490E,60.0,static,unknown,298.15,,1.0,,,13.0,,,B_medium,possible_duplicate,54.8,54.8,0.0,project/default or same source when available,assumed_or_estimated,Table 1 curated static contact angle value; row-specific source reference number retained in notes,CA0124,assumed_or_estimated,no,yes
CA0125,SFC_C87A66F3CAD4,SRC011,LIQ_53310FAFB3,60.0,static,sessile_drop,298.15,,1.0,,,2.0,,,B_medium,possible_duplicate,68.0,40.0,28.0,project/default or same source when available,assumed_or_estimated,Table 1 curated static contact angle value; row-specific source reference number retained in notes,CA0125,assumed_or_estimated,no,yes
CA0126,SFC_D5E6A21B8B20,SRC011,LIQ_5C0DC0DCD1,66.8,static,unknown,298.15,,1.0,,,,,,B_medium,possible_duplicate,42.0,21.0,21.0,project/default or same source when available,assumed_or_estimated,Table 1 curated static contact angle value; row-specific source reference number retained in notes,CA0126,assumed_or_estimated,no,yes
CA0127,SFC_83F1B2FBD3D1,SRC011,LIQ_0F4168490E,67.3,static,unknown,298.15,,1.0,,,1.1,,,B_medium,possible_duplicate,42.0,21.0,21.0,project/default or same source when available,assumed_or_estimated,Table 1 curated static contact angle value; row-specific source reference number retained in notes,CA0127,assumed_or_estimated,no,yes
CA0128,SFC_B82DDA1FA6EB,SRC011,LIQ_0F4168490E,70.0,static,unknown,298.15,,1.0,,,,,,B_medium,possible_duplicate,44.0,32.0,12.0,project/default or same source when available,assumed_or_estimated,Table 1 curated static contact angle value; row-specific source reference number retained in notes,CA0128,assumed_or_estimated,no,yes
CA0129,SFC_B20AB2F2D7BA,SRC011,LIQ_0F4168490E,72.0,static,sessile_drop,298.15,,1.0,2.0,,,,,B_medium,possible_duplicate,42.0,21.0,21.0,project/default or same source when available,assumed_or_estimated,Table 1 curated static contact angle value; row-specific source reference number retained in notes,CA0129,assumed_or_estimated,no,yes
CA0130,SFC_D5E6A21B8B20,SRC011,LIQ_0F4168490E,72.8,static,unknown,298.15,,1.0,,,,,,B_medium,possible_duplicate,42.0,21.0,21.0,project/default or same source when available,assumed_or_estimated,Table 1 curated static contact angle value; row-specific source reference number retained in notes,CA0130,assumed_or_estimated,no,yes
CA0131,SFC_92FF2746E615,SRC011,LIQ_0F4168490E,75.9,static,unknown,298.15,,1.0,,,,,,B_medium,possible_duplicate,68.0,35.0,33.0,project/default or same source when available,assumed_or_estimated,Table 1 curated static contact angle value; row-specific source reference number retained in notes,CA0131,assumed_or_estimated,no,yes
CA0132,SFC_21F55DB1DB1F,SRC011,LIQ_0F4168490E,82.0,static,sessile_drop,298.15,,1.0,,,,,,B_medium,possible_duplicate,45.0,22.5,22.5,project/default or same source when available,assumed_or_estimated,Table 1 curated static contact angle value; row-specific source reference number retained in notes,CA0132,assumed_or_estimated,no,yes
CA0133,SFC_6A14591A116F,SRC011,LIQ_0F4168490E,100.0,static,unknown,298.15,,1.0,,,,,,B_medium,possible_duplicate,20.0,19.0,1.0,project/default or same source when available,assumed_or_estimated,Table 1 curated static contact angle value; row-specific source reference number retained in notes,CA0133,assumed_or_estimated,no,yes
CA0134,SFC_24AA4E8E6A9C,SRC011,LIQ_0F4168490E,101.0,static,unknown,298.15,,1.0,,,,,,B_medium,possible_duplicate,44.0,32.0,12.0,project/default or same source when available,assumed_or_estimated,Table 1 curated static contact angle value; row-specific source reference number retained in notes,CA0134,assumed_or_estimated,no,yes
CA0135,SFC_8A02B7A7BFD9,SRC011,LIQ_0F4168490E,104.0,static,sessile_drop,298.15,,1.0,3.0,,,,,B_medium,possible_duplicate,30.0,29.5,0.5,project/default or same source when available,assumed_or_estimated,Table 1 curated static contact angle value; row-specific source reference number retained in notes,CA0135,assumed_or_estimated,no,yes
CA0136,SFC_DB32F86CDC1A,SRC011,LIQ_0F4168490E,108.0,static,unknown,298.15,,1.0,2.0,,2.0,,,B_medium,possible_duplicate,22.0,22.0,0.0,project/default or same source when available,assumed_or_estimated,Table 1 curated static contact angle value; row-specific source reference number retained in notes,CA0136,assumed_or_estimated,no,yes
CA0137,SFC_BBDC727ABD48,SRC011,LIQ_0F4168490E,113.8,static,unknown,298.15,,1.0,,,1.4,,,B_medium,possible_duplicate,18.5,18.5,0.0,project/default or same source when available,assumed_or_estimated,Table 1 curated static contact angle value; row-specific source reference number retained in notes,CA0137,assumed_or_estimated,no,yes
CA0138,SFC_251879E7A061,SRC011,LIQ_0F4168490E,120.0,static,unknown,298.15,,1.0,,,,,,B_medium,possible_duplicate,45.0,22.5,22.5,project/default or same source when available,assumed_or_estimated,Table 1 curated static contact angle value; row-specific source reference number retained in notes,CA0138,assumed_or_estimated,no,yes
CA0139,SFC_FA48F1E5F5A9,SRC011,LIQ_0F4168490E,150.0,static,unknown,298.15,,1.0,,,0.44,,,B_medium,possible_duplicate,12.0,11.5,0.5,project/default or same source when available,assumed_or_estimated,Table 1 curated static contact angle value; row-specific source reference number retained in notes,CA0139,assumed_or_estimated,no,yes
CA0140,SFC_F8D6EADE4C8B,SRC011,LIQ_0F4168490E,150.0,static,unknown,298.15,,1.0,,,0.44,,,B_medium,possible_duplicate,12.0,11.5,0.5,project/default or same source when available,assumed_or_estimated,Table 1 curated static contact angle value; row-specific source reference number retained in notes,CA0140,assumed_or_estimated,no,yes
CA0141,SFC_587171B3415D,SRC011,LIQ_0F4168490E,152.3,static,unknown,298.15,,1.0,,,1.7,,,B_medium,possible_duplicate,18.5,18.5,0.0,project/default or same source when available,assumed_or_estimated,Table 1 curated static contact angle value; row-specific source reference number retained in notes,CA0141,assumed_or_estimated,no,yes
CA0142,SFC_035481CA46C7,SRC011,LIQ_0F4168490E,172.5,static,unknown,298.15,,1.0,,,1.2,,,B_medium,possible_duplicate,18.5,18.5,0.0,project/default or same source when available,assumed_or_estimated,Table 1 curated static contact angle value; row-specific source reference number retained in notes,CA0142,assumed_or_estimated,no,yes
CA0143,SFC_158AAEDEF9ED,SRC019,LIQ_0F4168490E,76.3,static,sessile_drop,298.15,,1.0,,10.0,2.7,,,A_high,none,37.13,31.63,5.5,calculated from water/diiodomethane/ethylene glycol contact angles in Table 1 using OWRK least-squares fit,inferred_from_contact_angles,"Table 1 direct values; three probe liquids measured after weather-aging intervals, each value averaged from 10 contact angles",CA0143,inferred_from_contact_angles,no,yes
CA0144,SFC_158AAEDEF9ED,SRC019,LIQ_6656B41AB7,41.7,static,sessile_drop,298.15,,1.0,,10.0,1.2,,,A_high,none,37.13,31.63,5.5,calculated from water/diiodomethane/ethylene glycol contact angles in Table 1 using OWRK least-squares fit,inferred_from_contact_angles,"Table 1 direct values; three probe liquids measured after weather-aging intervals, each value averaged from 10 contact angles",CA0144,inferred_from_contact_angles,no,yes
CA0145,SFC_158AAEDEF9ED,SRC019,LIQ_53310FAFB3,58.2,static,sessile_drop,298.15,,1.0,,10.0,0.9,,,A_high,none,37.13,31.63,5.5,calculated from water/diiodomethane/ethylene glycol contact angles in Table 1 using OWRK least-squares fit,inferred_from_contact_angles,"Table 1 direct values; three probe liquids measured after weather-aging intervals, each value averaged from 10 contact angles",CA0145,inferred_from_contact_angles,no,yes
CA0146,SFC_2B64446C7017,SRC019,LIQ_0F4168490E,82.7,static,sessile_drop,298.15,,1.0,,10.0,0.4,,,A_high,none,39.65,36.91,2.74,calculated from water/diiodomethane/ethylene glycol contact angles in Table 1 using OWRK least-squares fit,inferred_from_contact_angles,"Table 1 direct values; three probe liquids measured after weather-aging intervals, each value averaged from 10 contact angles",CA0146,inferred_from_contact_angles,no,yes
CA0147,SFC_2B64446C7017,SRC019,LIQ_6656B41AB7,37.7,static,sessile_drop,298.15,,1.0,,10.0,2.4,,,A_high,near_duplicate,39.65,36.91,2.74,calculated from water/diiodomethane/ethylene glycol contact angles in Table 1 using OWRK least-squares fit,inferred_from_contact_angles,"Table 1 direct values; three probe liquids measured after weather-aging intervals, each value averaged from 10 contact angles",CA0147,inferred_from_contact_angles,no,yes
CA0148,SFC_2B64446C7017,SRC019,LIQ_53310FAFB3,53.3,static,sessile_drop,298.15,,1.0,,10.0,1.6,,,A_high,none,39.65,36.91,2.74,calculated from water/diiodomethane/ethylene glycol contact angles in Table 1 using OWRK least-squares fit,inferred_from_contact_angles,"Table 1 direct values; three probe liquids measured after weather-aging intervals, each value averaged from 10 contact angles",CA0148,inferred_from_contact_angles,no,yes
CA0149,SFC_DE2A842947A3,SRC019,LIQ_0F4168490E,72.3,static,sessile_drop,298.15,,1.0,,10.0,0.6,,,A_high,none,42.82,36.72,6.1,calculated from water/diiodomethane/ethylene glycol contact angles in Table 1 using OWRK least-squares fit,inferred_from_contact_angles,"Table 1 direct values; three probe liquids measured after weather-aging intervals, each value averaged from 10 contact angles",CA0149,inferred_from_contact_angles,no,yes
CA0150,SFC_DE2A842947A3,SRC019,LIQ_6656B41AB7,30.9,static,sessile_drop,298.15,,1.0,,10.0,1.6,,,A_high,none,42.82,36.72,6.1,calculated from water/diiodomethane/ethylene glycol contact angles in Table 1 using OWRK least-squares fit,inferred_from_contact_angles,"Table 1 direct values; three probe liquids measured after weather-aging intervals, each value averaged from 10 contact angles",CA0150,inferred_from_contact_angles,no,yes
CA0151,SFC_DE2A842947A3,SRC019,LIQ_53310FAFB3,46.7,static,sessile_drop,298.15,,1.0,,10.0,1.5,,,A_high,none,42.82,36.72,6.1,calculated from water/diiodomethane/ethylene glycol contact angles in Table 1 using OWRK least-squares fit,inferred_from_contact_angles,"Table 1 direct values; three probe liquids measured after weather-aging intervals, each value averaged from 10 contact angles",CA0151,inferred_from_contact_angles,no,yes
CA0152,SFC_F38D9A54A3DA,SRC019,LIQ_0F4168490E,78.1,static,sessile_drop,298.15,,1.0,,10.0,2.1,,,A_high,none,40.95,36.27,4.68,calculated from water/diiodomethane/ethylene glycol contact angles in Table 1 using OWRK least-squares fit,inferred_from_contact_angles,"Table 1 direct values; three probe liquids measured after weather-aging intervals, each value averaged from 10 contact angles",CA0152,inferred_from_contact_angles,no,yes
CA0153,SFC_F38D9A54A3DA,SRC019,LIQ_6656B41AB7,37.7,static,sessile_drop,298.15,,1.0,,10.0,1.0,,,A_high,near_duplicate,40.95,36.27,4.68,calculated from water/diiodomethane/ethylene glycol contact angles in Table 1 using OWRK least-squares fit,inferred_from_contact_angles,"Table 1 direct values; three probe liquids measured after weather-aging intervals, each value averaged from 10 contact angles",CA0153,inferred_from_contact_angles,no,yes
CA0154,SFC_F38D9A54A3DA,SRC019,LIQ_53310FAFB3,44.2,static,sessile_drop,298.15,,1.0,,10.0,1.7,,,A_high,none,40.95,36.27,4.68,calculated from water/diiodomethane/ethylene glycol contact angles in Table 1 using OWRK least-squares fit,inferred_from_contact_angles,"Table 1 direct values; three probe liquids measured after weather-aging intervals, each value averaged from 10 contact angles",CA0154,inferred_from_contact_angles,no,yes
CA0155,SFC_728CE2CDF422,SRC019,LIQ_0F4168490E,86.2,static,sessile_drop,298.15,,1.0,,10.0,0.7,,,A_high,none,42.51,41.0,1.52,calculated from water/diiodomethane/ethylene glycol contact angles in Table 1 using OWRK least-squares fit,inferred_from_contact_angles,"Table 1 direct values; three probe liquids measured after weather-aging intervals, each value averaged from 10 contact angles",CA0155,inferred_from_contact_angles,no,yes
CA0156,SFC_728CE2CDF422,SRC019,LIQ_6656B41AB7,33.6,static,sessile_drop,298.15,,1.0,,10.0,1.4,,,A_high,none,42.51,41.0,1.52,calculated from water/diiodomethane/ethylene glycol contact angles in Table 1 using OWRK least-squares fit,inferred_from_contact_angles,"Table 1 direct values; three probe liquids measured after weather-aging intervals, each value averaged from 10 contact angles",CA0156,inferred_from_contact_angles,no,yes
CA0157,SFC_728CE2CDF422,SRC019,LIQ_53310FAFB3,49.4,static,sessile_drop,298.15,,1.0,,10.0,1.2,,,A_high,none,42.51,41.0,1.52,calculated from water/diiodomethane/ethylene glycol contact angles in Table 1 using OWRK least-squares fit,inferred_from_contact_angles,"Table 1 direct values; three probe liquids measured after weather-aging intervals, each value averaged from 10 contact angles",CA0157,inferred_from_contact_angles,no,yes
CA0158,SFC_18B35400A3DF,SRC019,LIQ_0F4168490E,77.6,static,sessile_drop,298.15,,1.0,,10.0,3.6,,,A_high,none,38.26,33.32,4.93,calculated from water/diiodomethane/ethylene glycol contact angles in Table 1 using OWRK least-squares fit,inferred_from_contact_angles,"Table 1 direct values; three probe liquids measured after weather-aging intervals, each value averaged from 10 contact angles",CA0158,inferred_from_contact_angles,no,yes
CA0159,SFC_18B35400A3DF,SRC019,LIQ_6656B41AB7,40.5,static,sessile_drop,298.15,,1.0,,10.0,0.5,,,A_high,none,38.26,33.32,4.93,calculated from water/diiodomethane/ethylene glycol contact angles in Table 1 using OWRK least-squares fit,inferred_from_contact_angles,"Table 1 direct values; three probe liquids measured after weather-aging intervals, each value averaged from 10 contact angles",CA0159,inferred_from_contact_angles,no,yes
CA0160,SFC_18B35400A3DF,SRC019,LIQ_53310FAFB3,54.1,static,sessile_drop,298.15,,1.0,,10.0,1.8,,,A_high,none,38.26,33.32,4.93,calculated from water/diiodomethane/ethylene glycol contact angles in Table 1 using OWRK least-squares fit,inferred_from_contact_angles,"Table 1 direct values; three probe liquids measured after weather-aging intervals, each value averaged from 10 contact angles",CA0160,inferred_from_contact_angles,no,yes
CA0161,SFC_A2A13A70D232,SRC019,LIQ_0F4168490E,79.7,static,sessile_drop,298.15,,1.0,,10.0,2.5,,,A_high,none,34.64,29.52,5.12,calculated from water/diiodomethane/ethylene glycol contact angles in Table 1 using OWRK least-squares fit,inferred_from_contact_angles,"Table 1 direct values; three probe liquids measured after weather-aging intervals, each value averaged from 10 contact angles",CA0161,inferred_from_contact_angles,no,yes
CA0162,SFC_A2A13A70D232,SRC019,LIQ_6656B41AB7,48.0,static,sessile_drop,298.15,,1.0,,10.0,3.2,,,A_high,none,34.64,29.52,5.12,calculated from water/diiodomethane/ethylene glycol contact angles in Table 1 using OWRK least-squares fit,inferred_from_contact_angles,"Table 1 direct values; three probe liquids measured after weather-aging intervals, each value averaged from 10 contact angles",CA0162,inferred_from_contact_angles,no,yes
CA0163,SFC_A2A13A70D232,SRC019,LIQ_53310FAFB3,58.7,static,sessile_drop,298.15,,1.0,,10.0,0.6,,,A_high,none,34.64,29.52,5.12,calculated from water/diiodomethane/ethylene glycol contact angles in Table 1 using OWRK least-squares fit,inferred_from_contact_angles,"Table 1 direct values; three probe liquids measured after weather-aging intervals, each value averaged from 10 contact angles",CA0163,inferred_from_contact_angles,no,yes
CA0164,SFC_1A0DE38C2B6C,SRC019,LIQ_0F4168490E,66.7,static,sessile_drop,298.15,,1.0,,10.0,1.7,,,A_high,none,42.97,33.77,9.2,calculated from water/diiodomethane/ethylene glycol contact angles in Table 1 using OWRK least-squares fit,inferred_from_contact_angles,"Table 1 direct values; three probe liquids measured after weather-aging intervals, each value averaged from 10 contact angles",CA0164,inferred_from_contact_angles,no,yes
CA0165,SFC_1A0DE38C2B6C,SRC019,LIQ_6656B41AB7,33.0,static,sessile_drop,298.15,,1.0,,10.0,1.2,,,A_high,none,42.97,33.77,9.2,calculated from water/diiodomethane/ethylene glycol contact angles in Table 1 using OWRK least-squares fit,inferred_from_contact_angles,"Table 1 direct values; three probe liquids measured after weather-aging intervals, each value averaged from 10 contact angles",CA0165,inferred_from_contact_angles,no,yes
CA0166,SFC_1A0DE38C2B6C,SRC019,LIQ_53310FAFB3,46.0,static,sessile_drop,298.15,,1.0,,10.0,2.8,,,A_high,none,42.97,33.77,9.2,calculated from water/diiodomethane/ethylene glycol contact angles in Table 1 using OWRK least-squares fit,inferred_from_contact_angles,"Table 1 direct values; three probe liquids measured after weather-aging intervals, each value averaged from 10 contact angles",CA0166,inferred_from_contact_angles,no,yes
CA0167,SFC_B939DB90B487,SRC019,LIQ_0F4168490E,85.3,static,sessile_drop,298.15,,1.0,,10.0,0.6,,,A_high,none,37.65,35.18,2.47,calculated from water/diiodomethane/ethylene glycol contact angles in Table 1 using OWRK least-squares fit,inferred_from_contact_angles,"Table 1 direct values; three probe liquids measured after weather-aging intervals, each value averaged from 10 contact angles",CA0167,inferred_from_contact_angles,no,yes
CA0168,SFC_B939DB90B487,SRC019,LIQ_6656B41AB7,42.7,static,sessile_drop,298.15,,1.0,,10.0,1.3,,,A_high,none,37.65,35.18,2.47,calculated from water/diiodomethane/ethylene glycol contact angles in Table 1 using OWRK least-squares fit,inferred_from_contact_angles,"Table 1 direct values; three probe liquids measured after weather-aging intervals, each value averaged from 10 contact angles",CA0168,inferred_from_contact_angles,no,yes
CA0169,SFC_B939DB90B487,SRC019,LIQ_53310FAFB3,54.6,static,sessile_drop,298.15,,1.0,,10.0,1.2,,,A_high,none,37.65,35.18,2.47,calculated from water/diiodomethane/ethylene glycol contact angles in Table 1 using OWRK least-squares fit,inferred_from_contact_angles,"Table 1 direct values; three probe liquids measured after weather-aging intervals, each value averaged from 10 contact angles",CA0169,inferred_from_contact_angles,no,yes
CA0170,SFC_20F9A903B6D3,SRC019,LIQ_0F4168490E,70.8,static,sessile_drop,298.15,,1.0,,10.0,2.2,,,A_high,none,43.25,36.23,7.02,calculated from water/diiodomethane/ethylene glycol contact angles in Table 1 using OWRK least-squares fit,inferred_from_contact_angles,"Table 1 direct values; three probe liquids measured after weather-aging intervals, each value averaged from 10 contact angles",CA0170,inferred_from_contact_angles,no,yes
CA0171,SFC_20F9A903B6D3,SRC019,LIQ_6656B41AB7,31.6,static,sessile_drop,298.15,,1.0,,10.0,0.8,,,A_high,none,43.25,36.23,7.02,calculated from water/diiodomethane/ethylene glycol contact angles in Table 1 using OWRK least-squares fit,inferred_from_contact_angles,"Table 1 direct values; three probe liquids measured after weather-aging intervals, each value averaged from 10 contact angles",CA0171,inferred_from_contact_angles,no,yes
CA0172,SFC_20F9A903B6D3,SRC019,LIQ_53310FAFB3,43.6,static,sessile_drop,298.15,,1.0,,10.0,0.8,,,A_high,none,43.25,36.23,7.02,calculated from water/diiodomethane/ethylene glycol contact angles in Table 1 using OWRK least-squares fit,inferred_from_contact_angles,"Table 1 direct values; three probe liquids measured after weather-aging intervals, each value averaged from 10 contact angles",CA0172,inferred_from_contact_angles,no,yes
CA0173,SFC_B194AD3300AA,SRC019,LIQ_0F4168490E,70.0,static,sessile_drop,298.15,,1.0,,10.0,5.7,,,A_high,none,37.17,28.02,9.15,calculated from water/diiodomethane/ethylene glycol contact angles in Table 1 using OWRK least-squares fit,inferred_from_contact_angles,"Table 1 direct values; three probe liquids measured after weather-aging intervals, each value averaged from 10 contact angles",CA0173,inferred_from_contact_angles,no,yes
CA0174,SFC_B194AD3300AA,SRC019,LIQ_6656B41AB7,44.5,static,sessile_drop,298.15,,1.0,,10.0,2.3,,,A_high,none,37.17,28.02,9.15,calculated from water/diiodomethane/ethylene glycol contact angles in Table 1 using OWRK least-squares fit,inferred_from_contact_angles,"Table 1 direct values; three probe liquids measured after weather-aging intervals, each value averaged from 10 contact angles",CA0174,inferred_from_contact_angles,no,yes
CA0175,SFC_B194AD3300AA,SRC019,LIQ_53310FAFB3,57.7,static,sessile_drop,298.15,,1.0,,10.0,1.3,,,A_high,near_duplicate,37.17,28.02,9.15,calculated from water/diiodomethane/ethylene glycol contact angles in Table 1 using OWRK least-squares fit,inferred_from_contact_angles,"Table 1 direct values; three probe liquids measured after weather-aging intervals, each value averaged from 10 contact angles",CA0175,inferred_from_contact_angles,no,yes
CA0176,SFC_518FE42D18EE,SRC019,LIQ_0F4168490E,67.9,static,sessile_drop,298.15,,1.0,,10.0,1.5,,,A_high,none,44.44,36.09,8.34,calculated from water/diiodomethane/ethylene glycol contact angles in Table 1 using OWRK least-squares fit,inferred_from_contact_angles,"Table 1 direct values; three probe liquids measured after weather-aging intervals, each value averaged from 10 contact angles",CA0176,inferred_from_contact_angles,no,yes
CA0177,SFC_518FE42D18EE,SRC019,LIQ_6656B41AB7,30.1,static,sessile_drop,298.15,,1.0,,10.0,0.9,,,A_high,none,44.44,36.09,8.34,calculated from water/diiodomethane/ethylene glycol contact angles in Table 1 using OWRK least-squares fit,inferred_from_contact_angles,"Table 1 direct values; three probe liquids measured after weather-aging intervals, each value averaged from 10 contact angles",CA0177,inferred_from_contact_angles,no,yes
CA0178,SFC_518FE42D18EE,SRC019,LIQ_53310FAFB3,40.6,static,sessile_drop,298.15,,1.0,,10.0,1.0,,,A_high,none,44.44,36.09,8.34,calculated from water/diiodomethane/ethylene glycol contact angles in Table 1 using OWRK least-squares fit,inferred_from_contact_angles,"Table 1 direct values; three probe liquids measured after weather-aging intervals, each value averaged from 10 contact angles",CA0178,inferred_from_contact_angles,no,yes
CA0179,SFC_5B4B735AB969,SRC019,LIQ_0F4168490E,84.9,static,sessile_drop,298.15,,1.0,,10.0,3.4,,,A_high,none,36.8,34.23,2.57,calculated from water/diiodomethane/ethylene glycol contact angles in Table 1 using OWRK least-squares fit,inferred_from_contact_angles,"Table 1 direct values; three probe liquids measured after weather-aging intervals, each value averaged from 10 contact angles",CA0179,inferred_from_contact_angles,no,yes
CA0180,SFC_5B4B735AB969,SRC019,LIQ_6656B41AB7,43.3,static,sessile_drop,298.15,,1.0,,10.0,1.3,,,A_high,none,36.8,34.23,2.57,calculated from water/diiodomethane/ethylene glycol contact angles in Table 1 using OWRK least-squares fit,inferred_from_contact_angles,"Table 1 direct values; three probe liquids measured after weather-aging intervals, each value averaged from 10 contact angles",CA0180,inferred_from_contact_angles,no,yes
CA0181,SFC_5B4B735AB969,SRC019,LIQ_53310FAFB3,57.7,static,sessile_drop,298.15,,1.0,,10.0,2.5,,,A_high,near_duplicate,36.8,34.23,2.57,calculated from water/diiodomethane/ethylene glycol contact angles in Table 1 using OWRK least-squares fit,inferred_from_contact_angles,"Table 1 direct values; three probe liquids measured after weather-aging intervals, each value averaged from 10 contact angles",CA0181,inferred_from_contact_angles,no,yes
CA0182,SFC_C21C1D938B32,SRC019,LIQ_0F4168490E,71.5,static,sessile_drop,298.15,,1.0,,10.0,2.0,,,A_high,none,42.26,35.27,6.99,calculated from water/diiodomethane/ethylene glycol contact angles in Table 1 using OWRK least-squares fit,inferred_from_contact_angles,"Table 1 direct values; three probe liquids measured after weather-aging intervals, each value averaged from 10 contact angles",CA0182,inferred_from_contact_angles,no,yes
CA0183,SFC_C21C1D938B32,SRC019,LIQ_6656B41AB7,34.0,static,sessile_drop,298.15,,1.0,,10.0,1.7,,,A_high,none,42.26,35.27,6.99,calculated from water/diiodomethane/ethylene glycol contact angles in Table 1 using OWRK least-squares fit,inferred_from_contact_angles,"Table 1 direct values; three probe liquids measured after weather-aging intervals, each value averaged from 10 contact angles",CA0183,inferred_from_contact_angles,no,yes
CA0184,SFC_C21C1D938B32,SRC019,LIQ_53310FAFB3,45.1,static,sessile_drop,298.15,,1.0,,10.0,1.4,,,A_high,none,42.26,35.27,6.99,calculated from water/diiodomethane/ethylene glycol contact angles in Table 1 using OWRK least-squares fit,inferred_from_contact_angles,"Table 1 direct values; three probe liquids measured after weather-aging intervals, each value averaged from 10 contact angles",CA0184,inferred_from_contact_angles,no,yes
CA0185,SFC_7CE7C443ED47,SRC019,LIQ_0F4168490E,76.7,static,sessile_drop,298.15,,1.0,,10.0,3.0,,,A_high,none,42.45,37.97,4.48,calculated from water/diiodomethane/ethylene glycol contact angles in Table 1 using OWRK least-squares fit,inferred_from_contact_angles,"Table 1 direct values; three probe liquids measured after weather-aging intervals, each value averaged from 10 contact angles",CA0185,inferred_from_contact_angles,no,yes
CA0186,SFC_7CE7C443ED47,SRC019,LIQ_6656B41AB7,32.4,static,sessile_drop,298.15,,1.0,,10.0,1.5,,,A_high,none,42.45,37.97,4.48,calculated from water/diiodomethane/ethylene glycol contact angles in Table 1 using OWRK least-squares fit,inferred_from_contact_angles,"Table 1 direct values; three probe liquids measured after weather-aging intervals, each value averaged from 10 contact angles",CA0186,inferred_from_contact_angles,no,yes
CA0187,SFC_7CE7C443ED47,SRC019,LIQ_53310FAFB3,45.9,static,sessile_drop,298.15,,1.0,,10.0,1.8,,,A_high,none,42.45,37.97,4.48,calculated from water/diiodomethane/ethylene glycol contact angles in Table 1 using OWRK least-squares fit,inferred_from_contact_angles,"Table 1 direct values; three probe liquids measured after weather-aging intervals, each value averaged from 10 contact angles",CA0187,inferred_from_contact_angles,no,yes
CA0188,SFC_3A912BE10F78,SRC019,LIQ_0F4168490E,77.6,static,sessile_drop,298.15,,1.0,,10.0,4.9,,,A_high,none,37.16,31.8,5.36,calculated from water/diiodomethane/ethylene glycol contact angles in Table 1 using OWRK least-squares fit,inferred_from_contact_angles,"Table 1 direct values; three probe liquids measured after weather-aging intervals, each value averaged from 10 contact angles",CA0188,inferred_from_contact_angles,no,yes
CA0189,SFC_3A912BE10F78,SRC019,LIQ_6656B41AB7,43.3,static,sessile_drop,298.15,,1.0,,10.0,2.5,,,A_high,none,37.16,31.8,5.36,calculated from water/diiodomethane/ethylene glycol contact angles in Table 1 using OWRK least-squares fit,inferred_from_contact_angles,"Table 1 direct values; three probe liquids measured after weather-aging intervals, each value averaged from 10 contact angles",CA0189,inferred_from_contact_angles,no,yes
CA0190,SFC_3A912BE10F78,SRC019,LIQ_53310FAFB3,54.7,static,sessile_drop,298.15,,1.0,,10.0,2.6,,,A_high,none,37.16,31.8,5.36,calculated from water/diiodomethane/ethylene glycol contact angles in Table 1 using OWRK least-squares fit,inferred_from_contact_angles,"Table 1 direct values; three probe liquids measured after weather-aging intervals, each value averaged from 10 contact angles",CA0190,inferred_from_contact_angles,no,yes
CA0191,SFC_A85159655264,SRC019,LIQ_0F4168490E,76.8,static,sessile_drop,298.15,,1.0,,10.0,3.2,,,A_high,none,38.41,33.04,5.37,calculated from water/diiodomethane/ethylene glycol contact angles in Table 1 using OWRK least-squares fit,inferred_from_contact_angles,"Table 1 direct values; three probe liquids measured after weather-aging intervals, each value averaged from 10 contact angles",CA0191,inferred_from_contact_angles,no,yes
CA0192,SFC_A85159655264,SRC019,LIQ_6656B41AB7,40.8,static,sessile_drop,298.15,,1.0,,10.0,0.8,,,A_high,none,38.41,33.04,5.37,calculated from water/diiodomethane/ethylene glycol contact angles in Table 1 using OWRK least-squares fit,inferred_from_contact_angles,"Table 1 direct values; three probe liquids measured after weather-aging intervals, each value averaged from 10 contact angles",CA0192,inferred_from_contact_angles,no,yes
CA0193,SFC_A85159655264,SRC019,LIQ_53310FAFB3,52.8,static,sessile_drop,298.15,,1.0,,10.0,2.5,,,A_high,none,38.41,33.04,5.37,calculated from water/diiodomethane/ethylene glycol contact angles in Table 1 using OWRK least-squares fit,inferred_from_contact_angles,"Table 1 direct values; three probe liquids measured after weather-aging intervals, each value averaged from 10 contact angles",CA0193,inferred_from_contact_angles,no,yes
CA0194,SFC_FFB6C9027014,SRC019,LIQ_0F4168490E,69.2,static,sessile_drop,298.15,,1.0,,10.0,1.7,,,A_high,none,42.21,34.12,8.1,calculated from water/diiodomethane/ethylene glycol contact angles in Table 1 using OWRK least-squares fit,inferred_from_contact_angles,"Table 1 direct values; three probe liquids measured after weather-aging intervals, each value averaged from 10 contact angles",CA0194,inferred_from_contact_angles,no,yes
CA0195,SFC_FFB6C9027014,SRC019,LIQ_6656B41AB7,34.2,static,sessile_drop,298.15,,1.0,,10.0,0.8,,,A_high,none,42.21,34.12,8.1,calculated from water/diiodomethane/ethylene glycol contact angles in Table 1 using OWRK least-squares fit,inferred_from_contact_angles,"Table 1 direct values; three probe liquids measured after weather-aging intervals, each value averaged from 10 contact angles",CA0195,inferred_from_contact_angles,no,yes
CA0196,SFC_FFB6C9027014,SRC019,LIQ_53310FAFB3,46.5,static,sessile_drop,298.15,,1.0,,10.0,0.4,,,A_high,none,42.21,34.12,8.1,calculated from water/diiodomethane/ethylene glycol contact angles in Table 1 using OWRK least-squares fit,inferred_from_contact_angles,"Table 1 direct values; three probe liquids measured after weather-aging intervals, each value averaged from 10 contact angles",CA0196,inferred_from_contact_angles,no,yes
CA0197,SFC_A4D0CCDC96C9,SRC019,LIQ_0F4168490E,64.0,static,sessile_drop,298.15,,1.0,,10.0,2.0,,,A_high,none,44.05,32.83,11.22,calculated from water/diiodomethane/ethylene glycol contact angles in Table 1 using OWRK least-squares fit,inferred_from_contact_angles,"Table 1 direct values; three probe liquids measured after weather-aging intervals, each value averaged from 10 contact angles",CA0197,inferred_from_contact_angles,no,yes
CA0198,SFC_A4D0CCDC96C9,SRC019,LIQ_6656B41AB7,34.4,static,sessile_drop,298.15,,1.0,,10.0,0.7,,,A_high,none,44.05,32.83,11.22,calculated from water/diiodomethane/ethylene glycol contact angles in Table 1 using OWRK least-squares fit,inferred_from_contact_angles,"Table 1 direct values; three probe liquids measured after weather-aging intervals, each value averaged from 10 contact angles",CA0198,inferred_from_contact_angles,no,yes
CA0199,SFC_A4D0CCDC96C9,SRC019,LIQ_53310FAFB3,40.6,static,sessile_drop,298.15,,1.0,,10.0,1.3,,,A_high,none,44.05,32.83,11.22,calculated from water/diiodomethane/ethylene glycol contact angles in Table 1 using OWRK least-squares fit,inferred_from_contact_angles,"Table 1 direct values; three probe liquids measured after weather-aging intervals, each value averaged from 10 contact angles",CA0199,inferred_from_contact_angles,no,yes
CA0200,SFC_122E5AC99B75,SRC019,LIQ_0F4168490E,73.5,static,sessile_drop,298.15,,1.0,,10.0,1.8,,,A_high,none,40.37,33.79,6.58,calculated from water/diiodomethane/ethylene glycol contact angles in Table 1 using OWRK least-squares fit,inferred_from_contact_angles,"Table 1 direct values; three probe liquids measured after weather-aging intervals, each value averaged from 10 contact angles",CA0200,inferred_from_contact_angles,no,yes
CA0201,SFC_122E5AC99B75,SRC019,LIQ_6656B41AB7,38.0,static,sessile_drop,298.15,,1.0,,10.0,2.1,,,A_high,none,40.37,33.79,6.58,calculated from water/diiodomethane/ethylene glycol contact angles in Table 1 using OWRK least-squares fit,inferred_from_contact_angles,"Table 1 direct values; three probe liquids measured after weather-aging intervals, each value averaged from 10 contact angles",CA0201,inferred_from_contact_angles,no,yes
CA0202,SFC_122E5AC99B75,SRC019,LIQ_53310FAFB3,48.1,static,sessile_drop,298.15,,1.0,,10.0,2.1,,,A_high,none,40.37,33.79,6.58,calculated from water/diiodomethane/ethylene glycol contact angles in Table 1 using OWRK least-squares fit,inferred_from_contact_angles,"Table 1 direct values; three probe liquids measured after weather-aging intervals, each value averaged from 10 contact angles",CA0202,inferred_from_contact_angles,no,yes
CA0203,SFC_AF7901E44BC5,SRC021,LIQ_0F4168490E,148.4,static,sessile_drop,298.15,,1.0,3.0,9.0,5.8,,,A_high,none,91.97,75.53,16.43,calculated from Tables 4/5 contact angles using OWRK least-squares fit; <10 values encoded as upper bound 10,inferred_from_contact_angles,Tables 4 and 5 direct values; each entry is the average of nine measurements on macroporous silicon before/after FOTS treatment,CA0203,inferred_from_contact_angles,no,yes
CA0204,SFC_AF7901E44BC5,SRC021,LIQ_53310FAFB3,13.7,static,sessile_drop,298.15,,1.0,3.0,9.0,2.8,,,A_high,none,91.97,75.53,16.43,calculated from Tables 4/5 contact angles using OWRK least-squares fit; <10 values encoded as upper bound 10,inferred_from_contact_angles,Tables 4 and 5 direct values; each entry is the average of nine measurements on macroporous silicon before/after FOTS treatment,CA0204,inferred_from_contact_angles,no,yes
CA0205,SFC_AF7901E44BC5,SRC021,LIQ_6656B41AB7,10.1,static,sessile_drop,298.15,,1.0,3.0,9.0,0.2,,,A_high,none,91.97,75.53,16.43,calculated from Tables 4/5 contact angles using OWRK least-squares fit; <10 values encoded as upper bound 10,inferred_from_contact_angles,Tables 4 and 5 direct values; each entry is the average of nine measurements on macroporous silicon before/after FOTS treatment,CA0205,inferred_from_contact_angles,no,yes
CA0206,SFC_AF7901E44BC5,SRC021,LIQ_1BD1B94C09,88.0,static,sessile_drop,298.15,,1.0,3.0,9.0,0.7,,,A_high,none,91.97,75.53,16.43,calculated from Tables 4/5 contact angles using OWRK least-squares fit; <10 values encoded as upper bound 10,inferred_from_contact_angles,Tables 4 and 5 direct values; each entry is the average of nine measurements on macroporous silicon before/after FOTS treatment,CA0206,inferred_from_contact_angles,no,yes
CA0207,SFC_64CEEFE0D7DB,SRC021,LIQ_0F4168490E,157.0,static,sessile_drop,298.15,,1.0,3.0,9.0,2.5,,,A_high,none,95.73,76.03,19.7,calculated from Tables 4/5 contact angles using OWRK least-squares fit; <10 values encoded as upper bound 10,inferred_from_contact_angles,Tables 4 and 5 direct values; each entry is the average of nine measurements on macroporous silicon before/after FOTS treatment,CA0207,inferred_from_contact_angles,no,yes
CA0208,SFC_64CEEFE0D7DB,SRC021,LIQ_53310FAFB3,14.2,static,sessile_drop,298.15,,1.0,3.0,9.0,5.0,,,A_high,none,95.73,76.03,19.7,calculated from Tables 4/5 contact angles using OWRK least-squares fit; <10 values encoded as upper bound 10,inferred_from_contact_angles,Tables 4 and 5 direct values; each entry is the average of nine measurements on macroporous silicon before/after FOTS treatment,CA0208,inferred_from_contact_angles,no,yes
CA0209,SFC_64CEEFE0D7DB,SRC021,LIQ_6656B41AB7,10.0,static,sessile_drop,298.15,,1.0,3.0,9.0,,,10.0,B_medium,none,95.73,76.03,19.7,calculated from Tables 4/5 contact angles using OWRK least-squares fit; <10 values encoded as upper bound 10,inferred_from_contact_angles,Tables 4 and 5 direct values; each entry is the average of nine measurements on macroporous silicon before/after FOTS treatment,CA0209,inferred_from_contact_angles,no,yes
CA0210,SFC_64CEEFE0D7DB,SRC021,LIQ_1BD1B94C09,94.5,static,sessile_drop,298.15,,1.0,3.0,9.0,4.0,,,A_high,none,95.73,76.03,19.7,calculated from Tables 4/5 contact angles using OWRK least-squares fit; <10 values encoded as upper bound 10,inferred_from_contact_angles,Tables 4 and 5 direct values; each entry is the average of nine measurements on macroporous silicon before/after FOTS treatment,CA0210,inferred_from_contact_angles,no,yes
CA0211,SFC_6A9094C843B2,SRC021,LIQ_0F4168490E,129.3,static,sessile_drop,298.15,,1.0,3.0,9.0,4.0,,,A_high,none,71.93,64.39,7.54,calculated from Tables 4/5 contact angles using OWRK least-squares fit; <10 values encoded as upper bound 10,inferred_from_contact_angles,Tables 4 and 5 direct values; each entry is the average of nine measurements on macroporous silicon before/after FOTS treatment,CA0211,inferred_from_contact_angles,no,yes
CA0212,SFC_6A9094C843B2,SRC021,LIQ_53310FAFB3,59.1,static,sessile_drop,298.15,,1.0,3.0,9.0,1.8,,,A_high,none,71.93,64.39,7.54,calculated from Tables 4/5 contact angles using OWRK least-squares fit; <10 values encoded as upper bound 10,inferred_from_contact_angles,Tables 4 and 5 direct values; each entry is the average of nine measurements on macroporous silicon before/after FOTS treatment,CA0212,inferred_from_contact_angles,no,yes
CA0213,SFC_6A9094C843B2,SRC021,LIQ_6656B41AB7,30.0,static,sessile_drop,298.15,,1.0,3.0,9.0,4.3,,,A_high,none,71.93,64.39,7.54,calculated from Tables 4/5 contact angles using OWRK least-squares fit; <10 values encoded as upper bound 10,inferred_from_contact_angles,Tables 4 and 5 direct values; each entry is the average of nine measurements on macroporous silicon before/after FOTS treatment,CA0213,inferred_from_contact_angles,no,yes
CA0214,SFC_6A9094C843B2,SRC021,LIQ_1BD1B94C09,63.5,static,sessile_drop,298.15,,1.0,3.0,9.0,9.7,,,A_high,none,71.93,64.39,7.54,calculated from Tables 4/5 contact angles using OWRK least-squares fit; <10 values encoded as upper bound 10,inferred_from_contact_angles,Tables 4 and 5 direct values; each entry is the average of nine measurements on macroporous silicon before/after FOTS treatment,CA0214,inferred_from_contact_angles,no,yes
CA0215,SFC_FF57CC803397,SRC021,LIQ_0F4168490E,103.8,static,sessile_drop,298.15,,1.0,3.0,9.0,5.6,,,A_high,none,55.49,54.99,0.5,calculated from Tables 4/5 contact angles using OWRK least-squares fit; <10 values encoded as upper bound 10,inferred_from_contact_angles,Tables 4 and 5 direct values; each entry is the average of nine measurements on macroporous silicon before/after FOTS treatment,CA0215,inferred_from_contact_angles,no,yes
CA0216,SFC_FF57CC803397,SRC021,LIQ_53310FAFB3,38.6,static,sessile_drop,298.15,,1.0,3.0,9.0,7.2,,,A_high,none,55.49,54.99,0.5,calculated from Tables 4/5 contact angles using OWRK least-squares fit; <10 values encoded as upper bound 10,inferred_from_contact_angles,Tables 4 and 5 direct values; each entry is the average of nine measurements on macroporous silicon before/after FOTS treatment,CA0216,inferred_from_contact_angles,no,yes
CA0217,SFC_FF57CC803397,SRC021,LIQ_6656B41AB7,18.5,static,sessile_drop,298.15,,1.0,3.0,9.0,1.4,,,A_high,none,55.49,54.99,0.5,calculated from Tables 4/5 contact angles using OWRK least-squares fit; <10 values encoded as upper bound 10,inferred_from_contact_angles,Tables 4 and 5 direct values; each entry is the average of nine measurements on macroporous silicon before/after FOTS treatment,CA0217,inferred_from_contact_angles,no,yes
CA0218,SFC_FF57CC803397,SRC021,LIQ_1BD1B94C09,66.2,static,sessile_drop,298.15,,1.0,3.0,9.0,1.7,,,A_high,none,55.49,54.99,0.5,calculated from Tables 4/5 contact angles using OWRK least-squares fit; <10 values encoded as upper bound 10,inferred_from_contact_angles,Tables 4 and 5 direct values; each entry is the average of nine measurements on macroporous silicon before/after FOTS treatment,CA0218,inferred_from_contact_angles,no,yes
CA0219,SFC_A7B1D9A554FD,SRC021,LIQ_0F4168490E,143.8,static,sessile_drop,298.15,,1.0,3.0,9.0,5.7,,,A_high,none,4.54,4.47,0.07,calculated from Tables 4/5 contact angles using OWRK least-squares fit; <10 values encoded as upper bound 10,inferred_from_contact_angles,Tables 4 and 5 direct values; each entry is the average of nine measurements on macroporous silicon before/after FOTS treatment,CA0219,inferred_from_contact_angles,no,yes
CA0220,SFC_A7B1D9A554FD,SRC021,LIQ_53310FAFB3,119.7,static,sessile_drop,298.15,,1.0,3.0,9.0,5.2,,,A_high,none,4.54,4.47,0.07,calculated from Tables 4/5 contact angles using OWRK least-squares fit; <10 values encoded as upper bound 10,inferred_from_contact_angles,Tables 4 and 5 direct values; each entry is the average of nine measurements on macroporous silicon before/after FOTS treatment,CA0220,inferred_from_contact_angles,no,yes
CA0221,SFC_A7B1D9A554FD,SRC021,LIQ_6656B41AB7,117.8,static,sessile_drop,298.15,,1.0,3.0,9.0,3.9,,,A_high,none,4.54,4.47,0.07,calculated from Tables 4/5 contact angles using OWRK least-squares fit; <10 values encoded as upper bound 10,inferred_from_contact_angles,Tables 4 and 5 direct values; each entry is the average of nine measurements on macroporous silicon before/after FOTS treatment,CA0221,inferred_from_contact_angles,no,yes
CA0222,SFC_A7B1D9A554FD,SRC021,LIQ_1BD1B94C09,125.9,static,sessile_drop,298.15,,1.0,3.0,9.0,3.0,,,A_high,none,4.54,4.47,0.07,calculated from Tables 4/5 contact angles using OWRK least-squares fit; <10 values encoded as upper bound 10,inferred_from_contact_angles,Tables 4 and 5 direct values; each entry is the average of nine measurements on macroporous silicon before/after FOTS treatment,CA0222,inferred_from_contact_angles,no,yes
CA0223,SFC_9E60C86BF546,SRC021,LIQ_0F4168490E,157.5,static,sessile_drop,298.15,,1.0,3.0,9.0,2.5,,,A_high,none,1.17,1.13,0.05,calculated from Tables 4/5 contact angles using OWRK least-squares fit; <10 values encoded as upper bound 10,inferred_from_contact_angles,Tables 4 and 5 direct values; each entry is the average of nine measurements on macroporous silicon before/after FOTS treatment,CA0223,inferred_from_contact_angles,no,yes
CA0224,SFC_9E60C86BF546,SRC021,LIQ_53310FAFB3,147.7,static,sessile_drop,298.15,,1.0,3.0,9.0,8.7,,,A_high,none,1.17,1.13,0.05,calculated from Tables 4/5 contact angles using OWRK least-squares fit; <10 values encoded as upper bound 10,inferred_from_contact_angles,Tables 4 and 5 direct values; each entry is the average of nine measurements on macroporous silicon before/after FOTS treatment,CA0224,inferred_from_contact_angles,no,yes
CA0225,SFC_9E60C86BF546,SRC021,LIQ_6656B41AB7,139.4,static,sessile_drop,298.15,,1.0,3.0,9.0,3.0,,,A_high,none,1.17,1.13,0.05,calculated from Tables 4/5 contact angles using OWRK least-squares fit; <10 values encoded as upper bound 10,inferred_from_contact_angles,Tables 4 and 5 direct values; each entry is the average of nine measurements on macroporous silicon before/after FOTS treatment,CA0225,inferred_from_contact_angles,no,yes
CA0226,SFC_9E60C86BF546,SRC021,LIQ_1BD1B94C09,135.9,static,sessile_drop,298.15,,1.0,3.0,9.0,4.9,,,A_high,none,1.17,1.13,0.05,calculated from Tables 4/5 contact angles using OWRK least-squares fit; <10 values encoded as upper bound 10,inferred_from_contact_angles,Tables 4 and 5 direct values; each entry is the average of nine measurements on macroporous silicon before/after FOTS treatment,CA0226,inferred_from_contact_angles,no,yes
CA0227,SFC_669705F5791A,SRC021,LIQ_0F4168490E,148.2,static,sessile_drop,298.15,,1.0,3.0,9.0,5.0,,,A_high,none,9.36,8.13,1.22,calculated from Tables 4/5 contact angles using OWRK least-squares fit; <10 values encoded as upper bound 10,inferred_from_contact_angles,Tables 4 and 5 direct values; each entry is the average of nine measurements on macroporous silicon before/after FOTS treatment,CA0227,inferred_from_contact_angles,no,yes
CA0228,SFC_669705F5791A,SRC021,LIQ_53310FAFB3,129.3,static,sessile_drop,298.15,,1.0,3.0,9.0,7.2,,,A_high,none,9.36,8.13,1.22,calculated from Tables 4/5 contact angles using OWRK least-squares fit; <10 values encoded as upper bound 10,inferred_from_contact_angles,Tables 4 and 5 direct values; each entry is the average of nine measurements on macroporous silicon before/after FOTS treatment,CA0228,inferred_from_contact_angles,no,yes
CA0229,SFC_669705F5791A,SRC021,LIQ_6656B41AB7,107.1,static,sessile_drop,298.15,,1.0,3.0,9.0,4.6,,,A_high,none,9.36,8.13,1.22,calculated from Tables 4/5 contact angles using OWRK least-squares fit; <10 values encoded as upper bound 10,inferred_from_contact_angles,Tables 4 and 5 direct values; each entry is the average of nine measurements on macroporous silicon before/after FOTS treatment,CA0229,inferred_from_contact_angles,no,yes
CA0230,SFC_669705F5791A,SRC021,LIQ_1BD1B94C09,119.5,static,sessile_drop,298.15,,1.0,3.0,9.0,4.4,,,A_high,none,9.36,8.13,1.22,calculated from Tables 4/5 contact angles using OWRK least-squares fit; <10 values encoded as upper bound 10,inferred_from_contact_angles,Tables 4 and 5 direct values; each entry is the average of nine measurements on macroporous silicon before/after FOTS treatment,CA0230,inferred_from_contact_angles,no,yes
CA0231,SFC_DDF6B0728CC9,SRC021,LIQ_0F4168490E,147.4,static,sessile_drop,298.15,,1.0,3.0,9.0,7.6,,,A_high,none,5.82,5.46,0.36,calculated from Tables 4/5 contact angles using OWRK least-squares fit; <10 values encoded as upper bound 10,inferred_from_contact_angles,Tables 4 and 5 direct values; each entry is the average of nine measurements on macroporous silicon before/after FOTS treatment,CA0231,inferred_from_contact_angles,no,yes
CA0232,SFC_DDF6B0728CC9,SRC021,LIQ_53310FAFB3,122.9,static,sessile_drop,298.15,,1.0,3.0,9.0,5.3,,,A_high,none,5.82,5.46,0.36,calculated from Tables 4/5 contact angles using OWRK least-squares fit; <10 values encoded as upper bound 10,inferred_from_contact_angles,Tables 4 and 5 direct values; each entry is the average of nine measurements on macroporous silicon before/after FOTS treatment,CA0232,inferred_from_contact_angles,no,yes
CA0233,SFC_DDF6B0728CC9,SRC021,LIQ_6656B41AB7,115.4,static,sessile_drop,298.15,,1.0,3.0,9.0,6.7,,,A_high,none,5.82,5.46,0.36,calculated from Tables 4/5 contact angles using OWRK least-squares fit; <10 values encoded as upper bound 10,inferred_from_contact_angles,Tables 4 and 5 direct values; each entry is the average of nine measurements on macroporous silicon before/after FOTS treatment,CA0233,inferred_from_contact_angles,no,yes
CA0234,SFC_DDF6B0728CC9,SRC021,LIQ_1BD1B94C09,124.1,static,sessile_drop,298.15,,1.0,3.0,9.0,2.8,,,A_high,none,5.82,5.46,0.36,calculated from Tables 4/5 contact angles using OWRK least-squares fit; <10 values encoded as upper bound 10,inferred_from_contact_angles,Tables 4 and 5 direct values; each entry is the average of nine measurements on macroporous silicon before/after FOTS treatment,CA0234,inferred_from_contact_angles,no,yes
CA0235,SFC_2A727AF34E6D,SRC013,LIQ_6656B41AB7,19.7,static,sessile_drop,296.15,,1.0,3.0,5.0,2.0,,,A_high,none,65.8,47.9,18.0,"same paper Table 4: total surface energy, gamma_S^LW, and gamma_S^AB",literature_reported,"Tables 3 and 4 direct values; contact angles for water, diiodomethane, and ethylene glycol plus surface energy components",CA0235,literature_reported,no,yes
CA0236,SFC_2A727AF34E6D,SRC013,LIQ_53310FAFB3,20.1,static,sessile_drop,296.15,,1.0,3.0,5.0,2.0,,,A_high,none,65.8,47.9,18.0,"same paper Table 4: total surface energy, gamma_S^LW, and gamma_S^AB",literature_reported,"Tables 3 and 4 direct values; contact angles for water, diiodomethane, and ethylene glycol plus surface energy components",CA0236,literature_reported,no,yes
CA0237,SFC_2A727AF34E6D,SRC013,LIQ_0F4168490E,19.7,static,sessile_drop,296.15,,1.0,3.0,5.0,2.0,,,A_high,none,65.8,47.9,18.0,"same paper Table 4: total surface energy, gamma_S^LW, and gamma_S^AB",literature_reported,"Tables 3 and 4 direct values; contact angles for water, diiodomethane, and ethylene glycol plus surface energy components",CA0237,literature_reported,no,yes
CA0238,SFC_E38FF72DBA39,SRC013,LIQ_6656B41AB7,31.5,static,sessile_drop,296.15,,1.0,3.0,5.0,2.0,,,A_high,none,57.7,43.6,14.1,"same paper Table 4: total surface energy, gamma_S^LW, and gamma_S^AB",literature_reported,"Tables 3 and 4 direct values; contact angles for water, diiodomethane, and ethylene glycol plus surface energy components",CA0238,literature_reported,no,yes
CA0239,SFC_E38FF72DBA39,SRC013,LIQ_53310FAFB3,34.7,static,sessile_drop,296.15,,1.0,3.0,5.0,2.0,,,A_high,none,57.7,43.6,14.1,"same paper Table 4: total surface energy, gamma_S^LW, and gamma_S^AB",literature_reported,"Tables 3 and 4 direct values; contact angles for water, diiodomethane, and ethylene glycol plus surface energy components",CA0239,literature_reported,no,yes
CA0240,SFC_E38FF72DBA39,SRC013,LIQ_0F4168490E,38.8,static,sessile_drop,296.15,,1.0,3.0,5.0,2.0,,,A_high,none,57.7,43.6,14.1,"same paper Table 4: total surface energy, gamma_S^LW, and gamma_S^AB",literature_reported,"Tables 3 and 4 direct values; contact angles for water, diiodomethane, and ethylene glycol plus surface energy components",CA0240,literature_reported,no,yes
CA0241,SFC_39DBA098ECDC,SRC013,LIQ_6656B41AB7,23.8,static,sessile_drop,296.15,,1.0,3.0,5.0,2.0,,,A_high,none,54.7,46.6,8.1,"same paper Table 4: total surface energy, gamma_S^LW, and gamma_S^AB",literature_reported,"Tables 3 and 4 direct values; contact angles for water, diiodomethane, and ethylene glycol plus surface energy components",CA0241,literature_reported,no,yes
CA0242,SFC_39DBA098ECDC,SRC013,LIQ_53310FAFB3,28.1,static,sessile_drop,296.15,,1.0,3.0,5.0,2.0,,,A_high,none,54.7,46.6,8.1,"same paper Table 4: total surface energy, gamma_S^LW, and gamma_S^AB",literature_reported,"Tables 3 and 4 direct values; contact angles for water, diiodomethane, and ethylene glycol plus surface energy components",CA0242,literature_reported,no,yes
CA0243,SFC_39DBA098ECDC,SRC013,LIQ_0F4168490E,43.0,static,sessile_drop,296.15,,1.0,3.0,5.0,2.0,,,A_high,none,54.7,46.6,8.1,"same paper Table 4: total surface energy, gamma_S^LW, and gamma_S^AB",literature_reported,"Tables 3 and 4 direct values; contact angles for water, diiodomethane, and ethylene glycol plus surface energy components",CA0243,literature_reported,no,yes
CA0244,SFC_417F923EF7B4,SRC013,LIQ_6656B41AB7,23.4,static,sessile_drop,296.15,,1.0,3.0,5.0,2.0,,,A_high,none,55.3,46.7,8.6,"same paper Table 4: total surface energy, gamma_S^LW, and gamma_S^AB",literature_reported,"Tables 3 and 4 direct values; contact angles for water, diiodomethane, and ethylene glycol plus surface energy components",CA0244,literature_reported,no,yes
CA0245,SFC_417F923EF7B4,SRC013,LIQ_53310FAFB3,23.3,static,sessile_drop,296.15,,1.0,3.0,5.0,2.0,,,A_high,none,55.3,46.7,8.6,"same paper Table 4: total surface energy, gamma_S^LW, and gamma_S^AB",literature_reported,"Tables 3 and 4 direct values; contact angles for water, diiodomethane, and ethylene glycol plus surface energy components",CA0245,literature_reported,no,yes
CA0246,SFC_417F923EF7B4,SRC013,LIQ_0F4168490E,37.3,static,sessile_drop,296.15,,1.0,3.0,5.0,2.0,,,A_high,none,55.3,46.7,8.6,"same paper Table 4: total surface energy, gamma_S^LW, and gamma_S^AB",literature_reported,"Tables 3 and 4 direct values; contact angles for water, diiodomethane, and ethylene glycol plus surface energy components",CA0246,literature_reported,no,yes
CA0247,SFC_8E79B764A41F,SRC013,LIQ_6656B41AB7,23.8,static,sessile_drop,296.15,,1.0,3.0,5.0,2.0,,,A_high,none,61.3,46.6,14.8,"same paper Table 4: total surface energy, gamma_S^LW, and gamma_S^AB",literature_reported,"Tables 3 and 4 direct values; contact angles for water, diiodomethane, and ethylene glycol plus surface energy components",CA0247,literature_reported,no,yes
CA0248,SFC_8E79B764A41F,SRC013,LIQ_53310FAFB3,33.1,static,sessile_drop,296.15,,1.0,3.0,5.0,2.0,,,A_high,none,61.3,46.6,14.8,"same paper Table 4: total surface energy, gamma_S^LW, and gamma_S^AB",literature_reported,"Tables 3 and 4 direct values; contact angles for water, diiodomethane, and ethylene glycol plus surface energy components",CA0248,literature_reported,no,yes
CA0249,SFC_8E79B764A41F,SRC013,LIQ_0F4168490E,40.1,static,sessile_drop,296.15,,1.0,3.0,5.0,2.0,,,A_high,none,61.3,46.6,14.8,"same paper Table 4: total surface energy, gamma_S^LW, and gamma_S^AB",literature_reported,"Tables 3 and 4 direct values; contact angles for water, diiodomethane, and ethylene glycol plus surface energy components",CA0249,literature_reported,no,yes
CA0250,SFC_67E6ABEA7841,SRC013,LIQ_6656B41AB7,33.1,static,sessile_drop,296.15,,1.0,3.0,5.0,2.0,,,A_high,none,53.1,42.9,10.1,"same paper Table 4: total surface energy, gamma_S^LW, and gamma_S^AB",literature_reported,"Tables 3 and 4 direct values; contact angles for water, diiodomethane, and ethylene glycol plus surface energy components",CA0250,literature_reported,no,yes
CA0251,SFC_67E6ABEA7841,SRC013,LIQ_53310FAFB3,37.0,static,sessile_drop,296.15,,1.0,3.0,5.0,2.0,,,A_high,none,53.1,42.9,10.1,"same paper Table 4: total surface energy, gamma_S^LW, and gamma_S^AB",literature_reported,"Tables 3 and 4 direct values; contact angles for water, diiodomethane, and ethylene glycol plus surface energy components",CA0251,literature_reported,no,yes
CA0252,SFC_67E6ABEA7841,SRC013,LIQ_0F4168490E,46.0,static,sessile_drop,296.15,,1.0,3.0,5.0,2.0,,,A_high,none,53.1,42.9,10.1,"same paper Table 4: total surface energy, gamma_S^LW, and gamma_S^AB",literature_reported,"Tables 3 and 4 direct values; contact angles for water, diiodomethane, and ethylene glycol plus surface energy components",CA0252,literature_reported,no,yes
CA0253,SFC_DD1904FD1DBF,SRC011,LIQ_0F4168490E,57.0,static,sessile_drop,298.15,,1.0,,,,,,B_medium,possible_duplicate,66.0,46.0,20.0,project/default estimate used to complete solid feature columns; contact angle from Berry Table 1,assumed_or_estimated,Table 1 curated static contact angle value; row-specific source reference number retained in notes,CA0253,assumed_or_estimated,no,yes
CA0254,SFC_74C7FAE58BD3,SRC011,LIQ_0F4168490E,58.0,static,sessile_drop,298.15,,1.0,,,,,,B_medium,possible_duplicate,65.0,45.0,20.0,project/default estimate used to complete solid feature columns; contact angle from Berry Table 1,assumed_or_estimated,Table 1 curated static contact angle value; row-specific source reference number retained in notes,CA0254,assumed_or_estimated,no,yes
CA0255,SFC_BFB36F36DFF3,SRC011,LIQ_0F4168490E,58.0,static,sessile_drop,298.15,,1.0,,,,,,B_medium,possible_duplicate,64.0,48.0,16.0,project/default estimate used to complete solid feature columns; contact angle from Berry Table 1,assumed_or_estimated,Table 1 curated static contact angle value; row-specific source reference number retained in notes,CA0255,assumed_or_estimated,no,yes
CA0256,SFC_5909B52DF857,SRC011,LIQ_0F4168490E,63.0,static,sessile_drop,298.15,,1.0,,,,,,B_medium,possible_duplicate,68.0,35.0,33.0,project/default estimate used to complete solid feature columns; contact angle from Berry Table 1,assumed_or_estimated,Table 1 curated static contact angle value; row-specific source reference number retained in notes,CA0256,assumed_or_estimated,no,yes
CA0257,SFC_D48BBEC17BF3,SRC011,LIQ_0F4168490E,64.0,static,sessile_drop,298.15,,1.0,,,5.0,,,B_medium,possible_duplicate,55.0,50.0,5.0,project/default estimate used to complete solid feature columns; contact angle from Berry Table 1,assumed_or_estimated,Table 1 curated static contact angle value; row-specific source reference number retained in notes,CA0257,assumed_or_estimated,no,yes
CA0258,SFC_179EF7E9B650,SRC011,LIQ_0F4168490E,64.0,static,sessile_drop,298.15,,1.0,,,3.0,,,B_medium,possible_duplicate,65.0,32.0,33.0,project/default estimate used to complete solid feature columns; contact angle from Berry Table 1,assumed_or_estimated,Table 1 curated static contact angle value; row-specific source reference number retained in notes,CA0258,assumed_or_estimated,no,yes
CA0259,SFC_B2AC4F8CCBF8,SRC011,LIQ_0F4168490E,64.4,static,unknown,298.15,,1.0,,,,,,B_medium,possible_duplicate,38.0,34.0,4.0,project/default estimate used to complete solid feature columns; contact angle from Berry Table 1,assumed_or_estimated,Table 1 curated static contact angle value; row-specific source reference number retained in notes,CA0259,assumed_or_estimated,no,yes
CA0260,SFC_C13E21BB974A,SRC011,LIQ_0F4168490E,67.0,static,sessile_drop,298.15,,1.0,,,,,,B_medium,possible_duplicate,67.0,45.0,22.0,project/default estimate used to complete solid feature columns; contact angle from Berry Table 1,assumed_or_estimated,Table 1 curated static contact angle value; row-specific source reference number retained in notes,CA0260,assumed_or_estimated,no,yes
CA0261,SFC_27BD567B723E,SRC011,LIQ_0F4168490E,68.0,static,sessile_drop,298.15,,1.0,,,,,,B_medium,possible_duplicate,64.0,44.0,20.0,project/default estimate used to complete solid feature columns; contact angle from Berry Table 1,assumed_or_estimated,Table 1 curated static contact angle value; row-specific source reference number retained in notes,CA0261,assumed_or_estimated,no,yes
CA0262,SFC_B6256FFE081B,SRC011,LIQ_0F4168490E,68.0,static,sessile_drop,298.15,,1.0,,,,,,B_medium,possible_duplicate,68.0,50.0,18.0,project/default estimate used to complete solid feature columns; contact angle from Berry Table 1,assumed_or_estimated,Table 1 curated static contact angle value; row-specific source reference number retained in notes,CA0262,assumed_or_estimated,no,yes
CA0263,SFC_21F140E4B18D,SRC011,LIQ_0F4168490E,71.0,static,sessile_drop,298.15,,1.0,,,,,,B_medium,possible_duplicate,56.0,40.0,16.0,project/default estimate used to complete solid feature columns; contact angle from Berry Table 1,assumed_or_estimated,Table 1 curated static contact angle value; row-specific source reference number retained in notes,CA0263,assumed_or_estimated,no,yes
CA0264,SFC_00EE5242D2A3,SRC011,LIQ_0F4168490E,72.0,static,sessile_drop,298.15,,1.0,,,,,,B_medium,possible_duplicate,44.0,34.0,10.0,project/default estimate used to complete solid feature columns; contact angle from Berry Table 1,assumed_or_estimated,Table 1 curated static contact angle value; row-specific source reference number retained in notes,CA0264,assumed_or_estimated,no,yes
CA0265,SFC_3165A119B1C7,SRC011,LIQ_0F4168490E,73.0,static,sessile_drop,298.15,,1.0,,,,,,B_medium,possible_duplicate,60.0,45.0,15.0,project/default estimate used to complete solid feature columns; contact angle from Berry Table 1,assumed_or_estimated,Table 1 curated static contact angle value; row-specific source reference number retained in notes,CA0265,assumed_or_estimated,no,yes
CA0266,SFC_614D12C0AF73,SRC011,LIQ_0F4168490E,73.0,static,sessile_drop,298.15,,1.0,,,,,,B_medium,possible_duplicate,58.0,50.0,8.0,project/default estimate used to complete solid feature columns; contact angle from Berry Table 1,assumed_or_estimated,Table 1 curated static contact angle value; row-specific source reference number retained in notes,CA0266,assumed_or_estimated,no,yes
CA0267,SFC_93C87B65E929,SRC015,LIQ_0F4168490E,79.97,static,sessile_drop,298.15,,1.0,,,,,,A_high,none,35.3,29.33,5.97,calculated from water/ethylene glycol contact angles in Table 1 using OWRK two-liquid fit,inferred_from_contact_angles,"Table 1 direct values; water and ethylene glycol contact angles for PMMA, plasma-treated PMMA, DLC-PMMA, and micropillar PMMA",CA0267,inferred_from_contact_angles,no,yes
CA0268,SFC_93C87B65E929,SRC015,LIQ_53310FAFB3,48.77,static,sessile_drop,298.15,,1.0,,,,,,A_high,none,35.3,29.33,5.97,calculated from water/ethylene glycol contact angles in Table 1 using OWRK two-liquid fit,inferred_from_contact_angles,"Table 1 direct values; water and ethylene glycol contact angles for PMMA, plasma-treated PMMA, DLC-PMMA, and micropillar PMMA",CA0268,inferred_from_contact_angles,no,yes
CA0269,SFC_A716853C1624,SRC015,LIQ_0F4168490E,44.35,static,sessile_drop,298.15,,1.0,,,,,,A_high,none,54.98,8.99,45.99,calculated from water/ethylene glycol contact angles in Table 1 using OWRK two-liquid fit,inferred_from_contact_angles,"Table 1 direct values; water and ethylene glycol contact angles for PMMA, plasma-treated PMMA, DLC-PMMA, and micropillar PMMA",CA0269,inferred_from_contact_angles,no,yes
CA0270,SFC_A716853C1624,SRC015,LIQ_53310FAFB3,25.25,static,sessile_drop,298.15,,1.0,,,,,,A_high,none,54.98,8.99,45.99,calculated from water/ethylene glycol contact angles in Table 1 using OWRK two-liquid fit,inferred_from_contact_angles,"Table 1 direct values; water and ethylene glycol contact angles for PMMA, plasma-treated PMMA, DLC-PMMA, and micropillar PMMA",CA0270,inferred_from_contact_angles,no,yes
CA0271,SFC_86D8700CAF9C,SRC015,LIQ_0F4168490E,52.13,static,sessile_drop,298.15,,1.0,,,,,,A_high,none,53.54,2.87,50.67,calculated from water/ethylene glycol contact angles in Table 1 using OWRK two-liquid fit,inferred_from_contact_angles,"Table 1 direct values; water and ethylene glycol contact angles for PMMA, plasma-treated PMMA, DLC-PMMA, and micropillar PMMA",CA0271,inferred_from_contact_angles,no,yes
CA0272,SFC_86D8700CAF9C,SRC015,LIQ_53310FAFB3,47.7,static,sessile_drop,298.15,,1.0,,,,,,A_high,none,53.54,2.87,50.67,calculated from water/ethylene glycol contact angles in Table 1 using OWRK two-liquid fit,inferred_from_contact_angles,"Table 1 direct values; water and ethylene glycol contact angles for PMMA, plasma-treated PMMA, DLC-PMMA, and micropillar PMMA",CA0272,inferred_from_contact_angles,no,yes
CA0273,SFC_3014F50685DA,SRC015,LIQ_0F4168490E,72.66,static,sessile_drop,298.15,,1.0,,,,,,A_high,none,52.84,48.61,4.24,calculated from water/ethylene glycol contact angles in Table 1 using OWRK two-liquid fit,inferred_from_contact_angles,"Table 1 direct values; water and ethylene glycol contact angles for PMMA, plasma-treated PMMA, DLC-PMMA, and micropillar PMMA",CA0273,inferred_from_contact_angles,no,yes
CA0274,SFC_3014F50685DA,SRC015,LIQ_53310FAFB3,20.26,static,sessile_drop,298.15,,1.0,,,,,,A_high,none,52.84,48.61,4.24,calculated from water/ethylene glycol contact angles in Table 1 using OWRK two-liquid fit,inferred_from_contact_angles,"Table 1 direct values; water and ethylene glycol contact angles for PMMA, plasma-treated PMMA, DLC-PMMA, and micropillar PMMA",CA0274,inferred_from_contact_angles,no,yes
CA0275,SFC_FD37A16743B7,SRC015,LIQ_0F4168490E,81.25,static,sessile_drop,298.15,,1.0,,,,,,A_high,none,47.1,44.87,2.23,calculated from water/ethylene glycol contact angles in Table 1 using OWRK two-liquid fit,inferred_from_contact_angles,"Table 1 direct values; water and ethylene glycol contact angles for PMMA, plasma-treated PMMA, DLC-PMMA, and micropillar PMMA",CA0275,inferred_from_contact_angles,no,yes
CA0276,SFC_FD37A16743B7,SRC015,LIQ_53310FAFB3,39.27,static,sessile_drop,298.15,,1.0,,,,,,A_high,none,47.1,44.87,2.23,calculated from water/ethylene glycol contact angles in Table 1 using OWRK two-liquid fit,inferred_from_contact_angles,"Table 1 direct values; water and ethylene glycol contact angles for PMMA, plasma-treated PMMA, DLC-PMMA, and micropillar PMMA",CA0276,inferred_from_contact_angles,no,yes
CA0277,SFC_1B0EE35A8601,SRC005,LIQ_0F4168490E,94.0,static,sessile_drop,298.15,,1.0,,,1.0,,,A_high,none,28.35,26.45,1.9,apparent OWRK fit from Table 1 water/hexadecane contact angles; rough/coated states treated as effective surfaces,inferred_from_contact_angles,Table 1 direct values; water and hexadecane static contact angles for flat and honeycomb polystyrene before/after fluorosilane and lubricant treatments,CA0277,inferred_from_contact_angles,no,yes
CA0278,SFC_1B0EE35A8601,SRC005,LIQ_B6950B5CB8,16.0,static,sessile_drop,298.15,,1.0,,,2.0,,,A_high,none,28.35,26.45,1.9,apparent OWRK fit from Table 1 water/hexadecane contact angles; rough/coated states treated as effective surfaces,inferred_from_contact_angles,Table 1 direct values; water and hexadecane static contact angles for flat and honeycomb polystyrene before/after fluorosilane and lubricant treatments,CA0278,inferred_from_contact_angles,no,yes
CA0279,SFC_231FB62337B5,SRC005,LIQ_0F4168490E,107.0,static,sessile_drop,298.15,,1.0,,,2.0,,,A_high,none,19.71,19.15,0.56,apparent OWRK fit from Table 1 water/hexadecane contact angles; rough/coated states treated as effective surfaces,inferred_from_contact_angles,Table 1 direct values; water and hexadecane static contact angles for flat and honeycomb polystyrene before/after fluorosilane and lubricant treatments,CA0279,inferred_from_contact_angles,no,yes
CA0280,SFC_231FB62337B5,SRC005,LIQ_B6950B5CB8,48.0,static,sessile_drop,298.15,,1.0,,,2.0,,,A_high,none,19.71,19.15,0.56,apparent OWRK fit from Table 1 water/hexadecane contact angles; rough/coated states treated as effective surfaces,inferred_from_contact_angles,Table 1 direct values; water and hexadecane static contact angles for flat and honeycomb polystyrene before/after fluorosilane and lubricant treatments,CA0280,inferred_from_contact_angles,no,yes
CA0281,SFC_D6B816FE09EC,SRC005,LIQ_0F4168490E,134.0,static,sessile_drop,298.15,,1.0,,,5.0,,,B_medium,none,21.56,19.74,1.82,apparent OWRK fit from Table 1 water/hexadecane contact angles; rough/coated states treated as effective surfaces,inferred_from_contact_angles,Table 1 direct values; water and hexadecane static contact angles for flat and honeycomb polystyrene before/after fluorosilane and lubricant treatments,CA0281,inferred_from_contact_angles,no,yes
CA0282,SFC_D6B816FE09EC,SRC005,LIQ_B6950B5CB8,46.0,static,sessile_drop,298.15,,1.0,,,2.0,,,B_medium,none,21.56,19.74,1.82,apparent OWRK fit from Table 1 water/hexadecane contact angles; rough/coated states treated as effective surfaces,inferred_from_contact_angles,Table 1 direct values; water and hexadecane static contact angles for flat and honeycomb polystyrene before/after fluorosilane and lubricant treatments,CA0282,inferred_from_contact_angles,no,yes
CA0283,SFC_F8843DC534D0,SRC005,LIQ_0F4168490E,153.0,static,sessile_drop,298.15,,1.0,,,2.0,,,B_medium,none,0.88,0.88,0.0,apparent OWRK fit from Table 1 water/hexadecane contact angles; rough/coated states treated as effective surfaces,inferred_from_contact_angles,Table 1 direct values; water and hexadecane static contact angles for flat and honeycomb polystyrene before/after fluorosilane and lubricant treatments,CA0283,inferred_from_contact_angles,no,yes
CA0284,SFC_F8843DC534D0,SRC005,LIQ_B6950B5CB8,130.0,static,sessile_drop,298.15,,1.0,,,5.0,,,B_medium,none,0.88,0.88,0.0,apparent OWRK fit from Table 1 water/hexadecane contact angles; rough/coated states treated as effective surfaces,inferred_from_contact_angles,Table 1 direct values; water and hexadecane static contact angles for flat and honeycomb polystyrene before/after fluorosilane and lubricant treatments,CA0284,inferred_from_contact_angles,no,yes
CA0285,SFC_4B9DA50F6033,SRC006,LIQ_0F4168490E,69.0,static,sessile_drop,298.15,,1.0,,,,,,A_high,none,42.39,31.98,10.41,calculated from water/diiodomethane contact angles reported in the surface characterization section; paper reports total surface free energy about 47 mJ/m2,inferred_from_contact_angles,Surface characterization section direct values; water and diiodomethane contact angles for PPC biodegradable polymer dielectric/substrate,CA0285,inferred_from_contact_angles,no,yes
CA0286,SFC_4B9DA50F6033,SRC006,LIQ_6656B41AB7,42.0,static,sessile_drop,298.15,,1.0,,,,,,A_high,none,42.39,31.98,10.41,calculated from water/diiodomethane contact angles reported in the surface characterization section; paper reports total surface free energy about 47 mJ/m2,inferred_from_contact_angles,Surface characterization section direct values; water and diiodomethane contact angles for PPC biodegradable polymer dielectric/substrate,CA0286,inferred_from_contact_angles,no,yes
CA0287,SFC_75203B72A5AD,SRC022,LIQ_0F4168490E,43.64,static,sessile_drop,298.15,,1.0,,,,,,A_high,none,55.65,45.14,10.51,"same paper Table 4: total, dispersive, and polar surface energy components",literature_reported,Table 4 direct values; water and diiodomethane contact angles with reported dispersive/polar surface energy components,CA0287,literature_reported,no,yes
CA0288,SFC_75203B72A5AD,SRC022,LIQ_6656B41AB7,30.05,static,sessile_drop,298.15,,1.0,,,,,,A_high,none,55.65,45.14,10.51,"same paper Table 4: total, dispersive, and polar surface energy components",literature_reported,Table 4 direct values; water and diiodomethane contact angles with reported dispersive/polar surface energy components,CA0288,literature_reported,no,yes
CA0289,SFC_39B450DAB1FB,SRC022,LIQ_0F4168490E,41.23,static,sessile_drop,298.15,,1.0,,,,,,A_high,none,56.24,42.42,13.82,"same paper Table 4: total, dispersive, and polar surface energy components",literature_reported,Table 4 direct values; water and diiodomethane contact angles with reported dispersive/polar surface energy components,CA0289,literature_reported,no,yes
CA0290,SFC_39B450DAB1FB,SRC022,LIQ_6656B41AB7,34.52,static,sessile_drop,298.15,,1.0,,,,,,A_high,none,56.24,42.42,13.82,"same paper Table 4: total, dispersive, and polar surface energy components",literature_reported,Table 4 direct values; water and diiodomethane contact angles with reported dispersive/polar surface energy components,CA0290,literature_reported,no,yes
CA0291,SFC_588A96278F34,SRC022,LIQ_0F4168490E,32.1,static,sessile_drop,298.15,,1.0,,,,,,A_high,none,62.03,46.21,15.82,"same paper Table 4: total, dispersive, and polar surface energy components",literature_reported,Table 4 direct values; water and diiodomethane contact angles with reported dispersive/polar surface energy components,CA0291,literature_reported,no,yes
CA0292,SFC_588A96278F34,SRC022,LIQ_6656B41AB7,28.09,static,sessile_drop,298.15,,1.0,,,,,,A_high,none,62.03,46.21,15.82,"same paper Table 4: total, dispersive, and polar surface energy components",literature_reported,Table 4 direct values; water and diiodomethane contact angles with reported dispersive/polar surface energy components,CA0292,literature_reported,no,yes
CA0293,SFC_A2BE3F1765AE,SRC022,LIQ_0F4168490E,19.9,static,sessile_drop,298.15,,1.0,,,,,,A_high,none,66.87,47.75,19.12,"same paper Table 4: total, dispersive, and polar surface energy components",literature_reported,Table 4 direct values; water and diiodomethane contact angles with reported dispersive/polar surface energy components,CA0293,literature_reported,no,yes
CA0294,SFC_A2BE3F1765AE,SRC022,LIQ_6656B41AB7,24.19,static,sessile_drop,298.15,,1.0,,,,,,A_high,none,66.87,47.75,19.12,"same paper Table 4: total, dispersive, and polar surface energy components",literature_reported,Table 4 direct values; water and diiodomethane contact angles with reported dispersive/polar surface energy components,CA0294,literature_reported,no,yes
CA0295,SFC_292FB4EA5D24,SRC022,LIQ_0F4168490E,23.42,static,sessile_drop,298.15,,1.0,,,,,,A_high,none,64.97,45.73,19.24,"same paper Table 4: total, dispersive, and polar surface energy components",literature_reported,Table 4 direct values; water and diiodomethane contact angles with reported dispersive/polar surface energy components,CA0295,literature_reported,no,yes
CA0296,SFC_292FB4EA5D24,SRC022,LIQ_6656B41AB7,29.15,static,sessile_drop,298.15,,1.0,,,,,,A_high,none,64.97,45.73,19.24,"same paper Table 4: total, dispersive, and polar surface energy components",literature_reported,Table 4 direct values; water and diiodomethane contact angles with reported dispersive/polar surface energy components,CA0296,literature_reported,no,yes
CA0297,SFC_BD3224C101E4,SRC022,LIQ_0F4168490E,48.03,static,sessile_drop,298.15,,1.0,,,,,,A_high,none,52.91,43.51,9.4,"same paper Table 4: total, dispersive, and polar surface energy components",literature_reported,Table 4 direct values; water and diiodomethane contact angles with reported dispersive/polar surface energy components,CA0297,literature_reported,no,yes
CA0298,SFC_BD3224C101E4,SRC022,LIQ_6656B41AB7,32.62,static,sessile_drop,298.15,,1.0,,,,,,A_high,none,52.91,43.51,9.4,"same paper Table 4: total, dispersive, and polar surface energy components",literature_reported,Table 4 direct values; water and diiodomethane contact angles with reported dispersive/polar surface energy components,CA0298,literature_reported,no,yes
CA0299,SFC_2E5EA5C6D130,SRC022,LIQ_0F4168490E,42.02,static,sessile_drop,298.15,,1.0,,,,,,A_high,none,54.36,40.2,14.16,"same paper Table 4: total, dispersive, and polar surface energy components",literature_reported,Table 4 direct values; water and diiodomethane contact angles with reported dispersive/polar surface energy components,CA0299,literature_reported,no,yes
CA0300,SFC_2E5EA5C6D130,SRC022,LIQ_6656B41AB7,38.05,static,sessile_drop,298.15,,1.0,,,,,,A_high,none,54.36,40.2,14.16,"same paper Table 4: total, dispersive, and polar surface energy components",literature_reported,Table 4 direct values; water and diiodomethane contact angles with reported dispersive/polar surface energy components,CA0300,literature_reported,no,yes
CA0301,SFC_D4A1459EC26C,SRC022,LIQ_0F4168490E,49.1,static,sessile_drop,298.15,,1.0,,,,,,A_high,none,49.17,38.47,10.7,"same paper Table 4: total, dispersive, and polar surface energy components",literature_reported,Table 4 direct values; water and diiodomethane contact angles with reported dispersive/polar surface energy components,CA0301,literature_reported,no,yes
CA0302,SFC_D4A1459EC26C,SRC022,LIQ_6656B41AB7,40.09,static,sessile_drop,298.15,,1.0,,,,,,A_high,none,49.17,38.47,10.7,"same paper Table 4: total, dispersive, and polar surface energy components",literature_reported,Table 4 direct values; water and diiodomethane contact angles with reported dispersive/polar surface energy components,CA0302,literature_reported,no,yes
CA0303,SFC_B8DDD579CB88,SRC001,LIQ_06B74E7F53,2.7,apparent,capillary_rise,298.15,,1.0,,,1.2,,,B_medium,none,42.79,42.41,0.38,calculated from Table 2 multi-liquid capillary-rise contact angles using OWRK least-squares fit,inferred_from_contact_angles,Tables 2 and 3 direct values; capillary-rise contact angles for diamond and ZnO powders with five probe liquids before/after electron irradiation,CA0303,inferred_from_contact_angles,no,yes
CA0304,SFC_B8DDD579CB88,SRC001,LIQ_53310FAFB3,66.7,apparent,capillary_rise,298.15,,1.0,,,0.2,,,B_medium,none,42.79,42.41,0.38,calculated from Table 2 multi-liquid capillary-rise contact angles using OWRK least-squares fit,inferred_from_contact_angles,Tables 2 and 3 direct values; capillary-rise contact angles for diamond and ZnO powders with five probe liquids before/after electron irradiation,CA0304,inferred_from_contact_angles,no,yes
CA0305,SFC_B8DDD579CB88,SRC001,LIQ_6656B41AB7,35.3,apparent,capillary_rise,298.15,,1.0,,,1.9,,,B_medium,none,42.79,42.41,0.38,calculated from Table 2 multi-liquid capillary-rise contact angles using OWRK least-squares fit,inferred_from_contact_angles,Tables 2 and 3 direct values; capillary-rise contact angles for diamond and ZnO powders with five probe liquids before/after electron irradiation,CA0305,inferred_from_contact_angles,no,yes
CA0306,SFC_B8DDD579CB88,SRC001,LIQ_1BD1B94C09,56.7,apparent,capillary_rise,298.15,,1.0,,,1.3,,,B_medium,none,42.79,42.41,0.38,calculated from Table 2 multi-liquid capillary-rise contact angles using OWRK least-squares fit,inferred_from_contact_angles,Tables 2 and 3 direct values; capillary-rise contact angles for diamond and ZnO powders with five probe liquids before/after electron irradiation,CA0306,inferred_from_contact_angles,no,yes
CA0307,SFC_B8DDD579CB88,SRC001,LIQ_0F4168490E,89.8,apparent,capillary_rise,298.15,,1.0,,,1.1,,,B_medium,none,42.79,42.41,0.38,calculated from Table 2 multi-liquid capillary-rise contact angles using OWRK least-squares fit,inferred_from_contact_angles,Tables 2 and 3 direct values; capillary-rise contact angles for diamond and ZnO powders with five probe liquids before/after electron irradiation,CA0307,inferred_from_contact_angles,no,yes
CA0308,SFC_F862748296EB,SRC001,LIQ_06B74E7F53,12.1,apparent,capillary_rise,298.15,,1.0,,,2.9,,,B_medium,none,47.12,41.99,5.13,calculated from Table 2 multi-liquid capillary-rise contact angles using OWRK least-squares fit,inferred_from_contact_angles,Tables 2 and 3 direct values; capillary-rise contact angles for diamond and ZnO powders with five probe liquids before/after electron irradiation,CA0308,inferred_from_contact_angles,no,yes
CA0309,SFC_F862748296EB,SRC001,LIQ_53310FAFB3,52.3,apparent,capillary_rise,298.15,,1.0,,,4.6,,,B_medium,none,47.12,41.99,5.13,calculated from Table 2 multi-liquid capillary-rise contact angles using OWRK least-squares fit,inferred_from_contact_angles,Tables 2 and 3 direct values; capillary-rise contact angles for diamond and ZnO powders with five probe liquids before/after electron irradiation,CA0309,inferred_from_contact_angles,no,yes
CA0310,SFC_F862748296EB,SRC001,LIQ_6656B41AB7,20.5,apparent,capillary_rise,298.15,,1.0,,,6.4,,,B_medium,none,47.12,41.99,5.13,calculated from Table 2 multi-liquid capillary-rise contact angles using OWRK least-squares fit,inferred_from_contact_angles,Tables 2 and 3 direct values; capillary-rise contact angles for diamond and ZnO powders with five probe liquids before/after electron irradiation,CA0310,inferred_from_contact_angles,no,yes
CA0311,SFC_F862748296EB,SRC001,LIQ_1BD1B94C09,36.4,apparent,capillary_rise,298.15,,1.0,,,1.4,,,B_medium,none,47.12,41.99,5.13,calculated from Table 2 multi-liquid capillary-rise contact angles using OWRK least-squares fit,inferred_from_contact_angles,Tables 2 and 3 direct values; capillary-rise contact angles for diamond and ZnO powders with five probe liquids before/after electron irradiation,CA0311,inferred_from_contact_angles,no,yes
CA0312,SFC_F862748296EB,SRC001,LIQ_0F4168490E,70.1,apparent,capillary_rise,298.15,,1.0,,,2.3,,,B_medium,none,47.12,41.99,5.13,calculated from Table 2 multi-liquid capillary-rise contact angles using OWRK least-squares fit,inferred_from_contact_angles,Tables 2 and 3 direct values; capillary-rise contact angles for diamond and ZnO powders with five probe liquids before/after electron irradiation,CA0312,inferred_from_contact_angles,no,yes
CA0313,SFC_2202AAAAD87C,SRC001,LIQ_06B74E7F53,13.0,apparent,capillary_rise,298.15,,1.0,,,1.6,,,B_medium,none,49.12,41.05,8.07,calculated from Table 2 multi-liquid capillary-rise contact angles using OWRK least-squares fit,inferred_from_contact_angles,Tables 2 and 3 direct values; capillary-rise contact angles for diamond and ZnO powders with five probe liquids before/after electron irradiation,CA0313,inferred_from_contact_angles,no,yes
CA0314,SFC_2202AAAAD87C,SRC001,LIQ_53310FAFB3,44.3,apparent,capillary_rise,298.15,,1.0,,,1.4,,,B_medium,none,49.12,41.05,8.07,calculated from Table 2 multi-liquid capillary-rise contact angles using OWRK least-squares fit,inferred_from_contact_angles,Tables 2 and 3 direct values; capillary-rise contact angles for diamond and ZnO powders with five probe liquids before/after electron irradiation,CA0314,inferred_from_contact_angles,no,yes
CA0315,SFC_2202AAAAD87C,SRC001,LIQ_6656B41AB7,24.3,apparent,capillary_rise,298.15,,1.0,,,2.8,,,B_medium,none,49.12,41.05,8.07,calculated from Table 2 multi-liquid capillary-rise contact angles using OWRK least-squares fit,inferred_from_contact_angles,Tables 2 and 3 direct values; capillary-rise contact angles for diamond and ZnO powders with five probe liquids before/after electron irradiation,CA0315,inferred_from_contact_angles,no,yes
CA0316,SFC_2202AAAAD87C,SRC001,LIQ_1BD1B94C09,25.9,apparent,capillary_rise,298.15,,1.0,,,3.4,,,B_medium,none,49.12,41.05,8.07,calculated from Table 2 multi-liquid capillary-rise contact angles using OWRK least-squares fit,inferred_from_contact_angles,Tables 2 and 3 direct values; capillary-rise contact angles for diamond and ZnO powders with five probe liquids before/after electron irradiation,CA0316,inferred_from_contact_angles,no,yes
CA0317,SFC_2202AAAAD87C,SRC001,LIQ_0F4168490E,64.4,apparent,capillary_rise,298.15,,1.0,,,1.8,,,B_medium,none,49.12,41.05,8.07,calculated from Table 2 multi-liquid capillary-rise contact angles using OWRK least-squares fit,inferred_from_contact_angles,Tables 2 and 3 direct values; capillary-rise contact angles for diamond and ZnO powders with five probe liquids before/after electron irradiation,CA0317,inferred_from_contact_angles,no,yes
CA0318,SFC_BC3ADCE03F16,SRC001,LIQ_06B74E7F53,7.8,apparent,capillary_rise,298.15,,1.0,,,2.3,,,B_medium,none,43.04,42.01,1.03,calculated from Table 3 multi-liquid capillary-rise contact angles using OWRK least-squares fit,inferred_from_contact_angles,Tables 2 and 3 direct values; capillary-rise contact angles for diamond and ZnO powders with five probe liquids before/after electron irradiation,CA0318,inferred_from_contact_angles,no,yes
CA0319,SFC_BC3ADCE03F16,SRC001,LIQ_53310FAFB3,59.6,apparent,capillary_rise,298.15,,1.0,,,5.2,,,B_medium,none,43.04,42.01,1.03,calculated from Table 3 multi-liquid capillary-rise contact angles using OWRK least-squares fit,inferred_from_contact_angles,Tables 2 and 3 direct values; capillary-rise contact angles for diamond and ZnO powders with five probe liquids before/after electron irradiation,CA0319,inferred_from_contact_angles,no,yes
CA0320,SFC_BC3ADCE03F16,SRC001,LIQ_6656B41AB7,30.0,apparent,capillary_rise,298.15,,1.0,,,3.4,,,B_medium,none,43.04,42.01,1.03,calculated from Table 3 multi-liquid capillary-rise contact angles using OWRK least-squares fit,inferred_from_contact_angles,Tables 2 and 3 direct values; capillary-rise contact angles for diamond and ZnO powders with five probe liquids before/after electron irradiation,CA0320,inferred_from_contact_angles,no,yes
CA0321,SFC_BC3ADCE03F16,SRC001,LIQ_1BD1B94C09,58.8,apparent,capillary_rise,298.15,,1.0,,,4.7,,,B_medium,none,43.04,42.01,1.03,calculated from Table 3 multi-liquid capillary-rise contact angles using OWRK least-squares fit,inferred_from_contact_angles,Tables 2 and 3 direct values; capillary-rise contact angles for diamond and ZnO powders with five probe liquids before/after electron irradiation,CA0321,inferred_from_contact_angles,no,yes
CA0322,SFC_BC3ADCE03F16,SRC001,LIQ_0F4168490E,84.6,apparent,capillary_rise,298.15,,1.0,,,3.8,,,B_medium,none,43.04,42.01,1.03,calculated from Table 3 multi-liquid capillary-rise contact angles using OWRK least-squares fit,inferred_from_contact_angles,Tables 2 and 3 direct values; capillary-rise contact angles for diamond and ZnO powders with five probe liquids before/after electron irradiation,CA0322,inferred_from_contact_angles,no,yes
CA0323,SFC_4E9D8F5E0021,SRC001,LIQ_06B74E7F53,4.4,apparent,capillary_rise,298.15,,1.0,,,1.0,,,B_medium,none,54.33,43.08,11.25,calculated from Table 3 multi-liquid capillary-rise contact angles using OWRK least-squares fit,inferred_from_contact_angles,Tables 2 and 3 direct values; capillary-rise contact angles for diamond and ZnO powders with five probe liquids before/after electron irradiation,CA0323,inferred_from_contact_angles,no,yes
CA0324,SFC_4E9D8F5E0021,SRC001,LIQ_53310FAFB3,15.6,apparent,capillary_rise,298.15,,1.0,,,4.4,,,B_medium,none,54.33,43.08,11.25,calculated from Table 3 multi-liquid capillary-rise contact angles using OWRK least-squares fit,inferred_from_contact_angles,Tables 2 and 3 direct values; capillary-rise contact angles for diamond and ZnO powders with five probe liquids before/after electron irradiation,CA0324,inferred_from_contact_angles,no,yes
CA0325,SFC_4E9D8F5E0021,SRC001,LIQ_6656B41AB7,8.4,apparent,capillary_rise,298.15,,1.0,,,4.1,,,B_medium,none,54.33,43.08,11.25,calculated from Table 3 multi-liquid capillary-rise contact angles using OWRK least-squares fit,inferred_from_contact_angles,Tables 2 and 3 direct values; capillary-rise contact angles for diamond and ZnO powders with five probe liquids before/after electron irradiation,CA0325,inferred_from_contact_angles,no,yes
CA0326,SFC_4E9D8F5E0021,SRC001,LIQ_1BD1B94C09,14.9,apparent,capillary_rise,298.15,,1.0,,,7.6,,,B_medium,none,54.33,43.08,11.25,calculated from Table 3 multi-liquid capillary-rise contact angles using OWRK least-squares fit,inferred_from_contact_angles,Tables 2 and 3 direct values; capillary-rise contact angles for diamond and ZnO powders with five probe liquids before/after electron irradiation,CA0326,inferred_from_contact_angles,no,yes
CA0327,SFC_4E9D8F5E0021,SRC001,LIQ_0F4168490E,58.3,apparent,capillary_rise,298.15,,1.0,,,9.9,,,B_medium,none,54.33,43.08,11.25,calculated from Table 3 multi-liquid capillary-rise contact angles using OWRK least-squares fit,inferred_from_contact_angles,Tables 2 and 3 direct values; capillary-rise contact angles for diamond and ZnO powders with five probe liquids before/after electron irradiation,CA0327,inferred_from_contact_angles,no,yes
CA0328,SFC_AA2B954681B3,SRC001,LIQ_06B74E7F53,4.7,apparent,capillary_rise,298.15,,1.0,,,1.4,,,B_medium,none,54.51,43.43,11.08,calculated from Table 3 multi-liquid capillary-rise contact angles using OWRK least-squares fit,inferred_from_contact_angles,Tables 2 and 3 direct values; capillary-rise contact angles for diamond and ZnO powders with five probe liquids before/after electron irradiation,CA0328,inferred_from_contact_angles,no,yes
CA0329,SFC_AA2B954681B3,SRC001,LIQ_53310FAFB3,12.5,apparent,capillary_rise,298.15,,1.0,,,3.2,,,B_medium,none,54.51,43.43,11.08,calculated from Table 3 multi-liquid capillary-rise contact angles using OWRK least-squares fit,inferred_from_contact_angles,Tables 2 and 3 direct values; capillary-rise contact angles for diamond and ZnO powders with five probe liquids before/after electron irradiation,CA0329,inferred_from_contact_angles,no,yes
CA0330,SFC_AA2B954681B3,SRC001,LIQ_6656B41AB7,8.1,apparent,capillary_rise,298.15,,1.0,,,2.3,,,B_medium,none,54.51,43.43,11.08,calculated from Table 3 multi-liquid capillary-rise contact angles using OWRK least-squares fit,inferred_from_contact_angles,Tables 2 and 3 direct values; capillary-rise contact angles for diamond and ZnO powders with five probe liquids before/after electron irradiation,CA0330,inferred_from_contact_angles,no,yes
CA0331,SFC_AA2B954681B3,SRC001,LIQ_1BD1B94C09,10.9,apparent,capillary_rise,298.15,,1.0,,,2.5,,,B_medium,none,54.51,43.43,11.08,calculated from Table 3 multi-liquid capillary-rise contact angles using OWRK least-squares fit,inferred_from_contact_angles,Tables 2 and 3 direct values; capillary-rise contact angles for diamond and ZnO powders with five probe liquids before/after electron irradiation,CA0331,inferred_from_contact_angles,no,yes
CA0332,SFC_AA2B954681B3,SRC001,LIQ_0F4168490E,59.1,apparent,capillary_rise,298.15,,1.0,,,2.7,,,B_medium,none,54.51,43.43,11.08,calculated from Table 3 multi-liquid capillary-rise contact angles using OWRK least-squares fit,inferred_from_contact_angles,Tables 2 and 3 direct values; capillary-rise contact angles for diamond and ZnO powders with five probe liquids before/after electron irradiation,CA0332,inferred_from_contact_angles,no,yes
CA0333,SFC_2D953D8FEA9A,SRC014,LIQ_0F4168490E,72.8,static,sessile_drop,298.15,,1.0,,,4.3,,,A_high,none,46.69,44.6,2.09,same paper vOCG components converted to dispersive plus acid-base polar feature,literature_reported,"Tables 2, 4, 7, and 8 direct values; water, diiodomethane, and formamide contact angles plus vOCG surface-energy components for cellulose ester films",CA0333,literature_reported,no,yes
CA0334,SFC_2D953D8FEA9A,SRC014,LIQ_6656B41AB7,43.6,static,sessile_drop,298.15,,1.0,,,0.9,,,A_high,none,46.69,44.6,2.09,same paper vOCG components converted to dispersive plus acid-base polar feature,literature_reported,"Tables 2, 4, 7, and 8 direct values; water, diiodomethane, and formamide contact angles plus vOCG surface-energy components for cellulose ester films",CA0334,literature_reported,no,yes
CA0335,SFC_2D953D8FEA9A,SRC014,LIQ_1BD1B94C09,55.1,static,sessile_drop,298.15,,1.0,,,2.3,,,A_high,none,46.69,44.6,2.09,same paper vOCG components converted to dispersive plus acid-base polar feature,literature_reported,"Tables 2, 4, 7, and 8 direct values; water, diiodomethane, and formamide contact angles plus vOCG surface-energy components for cellulose ester films",CA0335,literature_reported,no,yes
CA0336,SFC_AD3F4CCED3FF,SRC014,LIQ_0F4168490E,105.4,static,sessile_drop,298.15,,1.0,,,2.2,,,A_high,none,47.1,41.7,5.4,same paper vOCG components converted to dispersive plus acid-base polar feature,literature_reported,"Tables 2, 4, 7, and 8 direct values; water, diiodomethane, and formamide contact angles plus vOCG surface-energy components for cellulose ester films",CA0336,literature_reported,no,yes
CA0337,SFC_AD3F4CCED3FF,SRC014,LIQ_6656B41AB7,73.3,static,sessile_drop,298.15,,1.0,,,3.2,,,A_high,none,47.1,41.7,5.4,same paper vOCG components converted to dispersive plus acid-base polar feature,literature_reported,"Tables 2, 4, 7, and 8 direct values; water, diiodomethane, and formamide contact angles plus vOCG surface-energy components for cellulose ester films",CA0337,literature_reported,no,yes
CA0338,SFC_AD3F4CCED3FF,SRC014,LIQ_1BD1B94C09,75.7,static,sessile_drop,298.15,,1.0,,,2.9,,,A_high,none,47.1,41.7,5.4,same paper vOCG components converted to dispersive plus acid-base polar feature,literature_reported,"Tables 2, 4, 7, and 8 direct values; water, diiodomethane, and formamide contact angles plus vOCG surface-energy components for cellulose ester films",CA0338,literature_reported,no,yes
CA0339,SFC_7311940ACDF8,SRC014,LIQ_0F4168490E,96.4,static,sessile_drop,298.15,,1.0,,,4.5,,,A_high,none,46.39,39.1,7.29,same paper vOCG components converted to dispersive plus acid-base polar feature,literature_reported,"Tables 2, 4, 7, and 8 direct values; water, diiodomethane, and formamide contact angles plus vOCG surface-energy components for cellulose ester films",CA0339,literature_reported,no,yes
CA0340,SFC_7311940ACDF8,SRC014,LIQ_6656B41AB7,64.2,static,sessile_drop,298.15,,1.0,,,2.0,,,A_high,none,46.39,39.1,7.29,same paper vOCG components converted to dispersive plus acid-base polar feature,literature_reported,"Tables 2, 4, 7, and 8 direct values; water, diiodomethane, and formamide contact angles plus vOCG surface-energy components for cellulose ester films",CA0340,literature_reported,no,yes
CA0341,SFC_7311940ACDF8,SRC014,LIQ_1BD1B94C09,68.5,static,sessile_drop,298.15,,1.0,,,3.6,,,A_high,none,46.39,39.1,7.29,same paper vOCG components converted to dispersive plus acid-base polar feature,literature_reported,"Tables 2, 4, 7, and 8 direct values; water, diiodomethane, and formamide contact angles plus vOCG surface-energy components for cellulose ester films",CA0341,literature_reported,no,yes
CA0342,SFC_7A3F6303565B,SRC014,LIQ_0F4168490E,92.3,static,sessile_drop,298.15,,1.0,,,2.8,,,A_high,none,45.51,36.9,8.61,same paper vOCG components converted to dispersive plus acid-base polar feature,literature_reported,"Tables 2, 4, 7, and 8 direct values; water, diiodomethane, and formamide contact angles plus vOCG surface-energy components for cellulose ester films",CA0342,literature_reported,no,yes
CA0343,SFC_7A3F6303565B,SRC014,LIQ_6656B41AB7,52.9,static,sessile_drop,298.15,,1.0,,,1.6,,,A_high,none,45.51,36.9,8.61,same paper vOCG components converted to dispersive plus acid-base polar feature,literature_reported,"Tables 2, 4, 7, and 8 direct values; water, diiodomethane, and formamide contact angles plus vOCG surface-energy components for cellulose ester films",CA0343,literature_reported,no,yes
CA0344,SFC_7A3F6303565B,SRC014,LIQ_1BD1B94C09,65.5,static,sessile_drop,298.15,,1.0,,,2.2,,,A_high,none,45.51,36.9,8.61,same paper vOCG components converted to dispersive plus acid-base polar feature,literature_reported,"Tables 2, 4, 7, and 8 direct values; water, diiodomethane, and formamide contact angles plus vOCG surface-energy components for cellulose ester films",CA0344,literature_reported,no,yes
CA0345,SFC_54D3CCF77E3A,SRC014,LIQ_0F4168490E,102.9,static,sessile_drop,298.15,,1.0,,,1.9,,,A_high,none,35.47,31.8,3.67,same paper vOCG components converted to dispersive plus acid-base polar feature,literature_reported,"Tables 2, 4, 7, and 8 direct values; water, diiodomethane, and formamide contact angles plus vOCG surface-energy components for cellulose ester films",CA0345,literature_reported,no,yes
CA0346,SFC_54D3CCF77E3A,SRC014,LIQ_6656B41AB7,81.9,static,sessile_drop,298.15,,1.0,,,1.1,,,A_high,none,35.47,31.8,3.67,same paper vOCG components converted to dispersive plus acid-base polar feature,literature_reported,"Tables 2, 4, 7, and 8 direct values; water, diiodomethane, and formamide contact angles plus vOCG surface-energy components for cellulose ester films",CA0346,literature_reported,no,yes
CA0347,SFC_54D3CCF77E3A,SRC014,LIQ_1BD1B94C09,78.2,static,sessile_drop,298.15,,1.0,,,0.5,,,A_high,none,35.47,31.8,3.67,same paper vOCG components converted to dispersive plus acid-base polar feature,literature_reported,"Tables 2, 4, 7, and 8 direct values; water, diiodomethane, and formamide contact angles plus vOCG surface-energy components for cellulose ester films",CA0347,literature_reported,no,yes
CA0348,SFC_66EE1063F64A,SRC014,LIQ_0F4168490E,97.4,static,sessile_drop,298.15,,1.0,,,1.3,,,A_high,none,42.93,36.5,6.43,same paper vOCG components converted to dispersive plus acid-base polar feature,literature_reported,"Tables 2, 4, 7, and 8 direct values; water, diiodomethane, and formamide contact angles plus vOCG surface-energy components for cellulose ester films",CA0348,literature_reported,no,yes
CA0349,SFC_66EE1063F64A,SRC014,LIQ_6656B41AB7,65.5,static,sessile_drop,298.15,,1.0,,,1.8,,,A_high,none,42.93,36.5,6.43,same paper vOCG components converted to dispersive plus acid-base polar feature,literature_reported,"Tables 2, 4, 7, and 8 direct values; water, diiodomethane, and formamide contact angles plus vOCG surface-energy components for cellulose ester films",CA0349,literature_reported,no,yes
CA0350,SFC_66EE1063F64A,SRC014,LIQ_1BD1B94C09,68.0,static,sessile_drop,298.15,,1.0,,,1.6,,,A_high,none,42.93,36.5,6.43,same paper vOCG components converted to dispersive plus acid-base polar feature,literature_reported,"Tables 2, 4, 7, and 8 direct values; water, diiodomethane, and formamide contact angles plus vOCG surface-energy components for cellulose ester films",CA0350,literature_reported,no,yes
CA0351,SFC_7D389175DB70,SRC014,LIQ_0F4168490E,90.3,static,sessile_drop,298.15,,1.0,,,1.1,,,A_high,none,40.2,35.6,4.6,same paper vOCG components converted to dispersive plus acid-base polar feature,literature_reported,"Tables 2, 4, 7, and 8 direct values; water, diiodomethane, and formamide contact angles plus vOCG surface-energy components for cellulose ester films",CA0351,literature_reported,no,yes
CA0352,SFC_7D389175DB70,SRC014,LIQ_6656B41AB7,69.1,static,sessile_drop,298.15,,1.0,,,3.3,,,A_high,none,40.2,35.6,4.6,same paper vOCG components converted to dispersive plus acid-base polar feature,literature_reported,"Tables 2, 4, 7, and 8 direct values; water, diiodomethane, and formamide contact angles plus vOCG surface-energy components for cellulose ester films",CA0352,literature_reported,no,yes
CA0353,SFC_7D389175DB70,SRC014,LIQ_1BD1B94C09,73.1,static,sessile_drop,298.15,,1.0,,,1.2,,,A_high,none,40.2,35.6,4.6,same paper vOCG components converted to dispersive plus acid-base polar feature,literature_reported,"Tables 2, 4, 7, and 8 direct values; water, diiodomethane, and formamide contact angles plus vOCG surface-energy components for cellulose ester films",CA0353,literature_reported,no,yes
CA0354,SFC_B1FAE164CF82,SRC014,LIQ_0F4168490E,81.0,static,sessile_drop,298.15,,1.0,,,1.1,,,A_high,none,45.37,45.0,0.37,same paper vOCG components converted to dispersive plus acid-base polar feature,literature_reported,"Tables 2, 4, 7, and 8 direct values; water, diiodomethane, and formamide contact angles plus vOCG surface-energy components for cellulose ester films",CA0354,literature_reported,no,yes
CA0355,SFC_B1FAE164CF82,SRC014,LIQ_6656B41AB7,37.8,static,sessile_drop,298.15,,1.0,,,0.9,,,A_high,none,45.37,45.0,0.37,same paper vOCG components converted to dispersive plus acid-base polar feature,literature_reported,"Tables 2, 4, 7, and 8 direct values; water, diiodomethane, and formamide contact angles plus vOCG surface-energy components for cellulose ester films",CA0355,literature_reported,no,yes
CA0356,SFC_B1FAE164CF82,SRC014,LIQ_1BD1B94C09,54.4,static,sessile_drop,298.15,,1.0,,,0.8,,,A_high,none,45.37,45.0,0.37,same paper vOCG components converted to dispersive plus acid-base polar feature,literature_reported,"Tables 2, 4, 7, and 8 direct values; water, diiodomethane, and formamide contact angles plus vOCG surface-energy components for cellulose ester films",CA0356,literature_reported,no,yes
CA0357,SFC_F13264E1CC9A,SRC014,LIQ_0F4168490E,75.2,static,sessile_drop,298.15,,1.0,,,2.6,,,A_high,none,42.09,41.5,0.59,same paper vOCG components converted to dispersive plus acid-base polar feature,literature_reported,"Tables 2, 4, 7, and 8 direct values; water, diiodomethane, and formamide contact angles plus vOCG surface-energy components for cellulose ester films",CA0357,literature_reported,no,yes
CA0358,SFC_F13264E1CC9A,SRC014,LIQ_6656B41AB7,61.1,static,sessile_drop,298.15,,1.0,,,0.7,,,A_high,none,42.09,41.5,0.59,same paper vOCG components converted to dispersive plus acid-base polar feature,literature_reported,"Tables 2, 4, 7, and 8 direct values; water, diiodomethane, and formamide contact angles plus vOCG surface-energy components for cellulose ester films",CA0358,literature_reported,no,yes
CA0359,SFC_F13264E1CC9A,SRC014,LIQ_1BD1B94C09,49.5,static,sessile_drop,298.15,,1.0,,,2.6,,,A_high,none,42.09,41.5,0.59,same paper vOCG components converted to dispersive plus acid-base polar feature,literature_reported,"Tables 2, 4, 7, and 8 direct values; water, diiodomethane, and formamide contact angles plus vOCG surface-energy components for cellulose ester films",CA0359,literature_reported,no,yes
CA0360,SFC_9D7026B7F20A,SRC020,LIQ_0F4168490E,89.2,static,sessile_drop,298.15,,1.0,,,2.2,,,A_high,none,33.91,32.11,1.8,calculated from Table 4 contact angles using OWRK least-squares fit,inferred_from_contact_angles,"Tables 4 and 5 direct values; water, formamide, and diiodomethane contact angles on Ti/TiO2 nanotube surfaces before and after UV irradiation",CA0360,inferred_from_contact_angles,no,yes
CA0361,SFC_9D7026B7F20A,SRC020,LIQ_1BD1B94C09,68.8,static,sessile_drop,298.15,,1.0,,,1.1,,,A_high,none,33.91,32.11,1.8,calculated from Table 4 contact angles using OWRK least-squares fit,inferred_from_contact_angles,"Tables 4 and 5 direct values; water, formamide, and diiodomethane contact angles on Ti/TiO2 nanotube surfaces before and after UV irradiation",CA0361,inferred_from_contact_angles,no,yes
CA0362,SFC_9D7026B7F20A,SRC020,LIQ_6656B41AB7,47.7,static,sessile_drop,298.15,,1.0,,,2.8,,,A_high,none,33.91,32.11,1.8,calculated from Table 4 contact angles using OWRK least-squares fit,inferred_from_contact_angles,"Tables 4 and 5 direct values; water, formamide, and diiodomethane contact angles on Ti/TiO2 nanotube surfaces before and after UV irradiation",CA0362,inferred_from_contact_angles,no,yes
CA0363,SFC_3BF005A262A4,SRC020,LIQ_0F4168490E,70.2,static,sessile_drop,298.15,,1.0,,,2.0,,,A_high,none,46.49,40.54,5.95,calculated from Table 4 contact angles using OWRK least-squares fit,inferred_from_contact_angles,"Tables 4 and 5 direct values; water, formamide, and diiodomethane contact angles on Ti/TiO2 nanotube surfaces before and after UV irradiation",CA0363,inferred_from_contact_angles,no,yes
CA0364,SFC_3BF005A262A4,SRC020,LIQ_1BD1B94C09,51.2,static,sessile_drop,298.15,,1.0,,,1.9,,,A_high,none,46.49,40.54,5.95,calculated from Table 4 contact angles using OWRK least-squares fit,inferred_from_contact_angles,"Tables 4 and 5 direct values; water, formamide, and diiodomethane contact angles on Ti/TiO2 nanotube surfaces before and after UV irradiation",CA0364,inferred_from_contact_angles,no,yes
CA0365,SFC_3BF005A262A4,SRC020,LIQ_6656B41AB7,15.5,static,sessile_drop,298.15,,1.0,,,2.4,,,A_high,none,46.49,40.54,5.95,calculated from Table 4 contact angles using OWRK least-squares fit,inferred_from_contact_angles,"Tables 4 and 5 direct values; water, formamide, and diiodomethane contact angles on Ti/TiO2 nanotube surfaces before and after UV irradiation",CA0365,inferred_from_contact_angles,no,yes
CA0366,SFC_5EBD6486C99B,SRC020,LIQ_0F4168490E,56.0,static,sessile_drop,298.15,,1.0,,,1.3,,,A_high,none,51.67,38.0,13.67,calculated from Table 4 contact angles using OWRK least-squares fit,inferred_from_contact_angles,"Tables 4 and 5 direct values; water, formamide, and diiodomethane contact angles on Ti/TiO2 nanotube surfaces before and after UV irradiation",CA0366,inferred_from_contact_angles,no,yes
CA0367,SFC_5EBD6486C99B,SRC020,LIQ_1BD1B94C09,39.4,static,sessile_drop,298.15,,1.0,,,1.5,,,A_high,none,51.67,38.0,13.67,calculated from Table 4 contact angles using OWRK least-squares fit,inferred_from_contact_angles,"Tables 4 and 5 direct values; water, formamide, and diiodomethane contact angles on Ti/TiO2 nanotube surfaces before and after UV irradiation",CA0367,inferred_from_contact_angles,no,yes
CA0368,SFC_5EBD6486C99B,SRC020,LIQ_6656B41AB7,10.7,static,sessile_drop,298.15,,1.0,,,0.9,,,A_high,none,51.67,38.0,13.67,calculated from Table 4 contact angles using OWRK least-squares fit,inferred_from_contact_angles,"Tables 4 and 5 direct values; water, formamide, and diiodomethane contact angles on Ti/TiO2 nanotube surfaces before and after UV irradiation",CA0368,inferred_from_contact_angles,no,yes
CA0369,SFC_8C9D5E267A39,SRC020,LIQ_0F4168490E,61.5,static,sessile_drop,298.15,,1.0,,,3.4,,,A_high,none,49.01,38.69,10.31,calculated from Table 4 contact angles using OWRK least-squares fit,inferred_from_contact_angles,"Tables 4 and 5 direct values; water, formamide, and diiodomethane contact angles on Ti/TiO2 nanotube surfaces before and after UV irradiation",CA0369,inferred_from_contact_angles,no,yes
CA0370,SFC_8C9D5E267A39,SRC020,LIQ_1BD1B94C09,45.9,static,sessile_drop,298.15,,1.0,,,2.2,,,A_high,none,49.01,38.69,10.31,calculated from Table 4 contact angles using OWRK least-squares fit,inferred_from_contact_angles,"Tables 4 and 5 direct values; water, formamide, and diiodomethane contact angles on Ti/TiO2 nanotube surfaces before and after UV irradiation",CA0370,inferred_from_contact_angles,no,yes
CA0371,SFC_8C9D5E267A39,SRC020,LIQ_6656B41AB7,11.7,static,sessile_drop,298.15,,1.0,,,3.8,,,A_high,none,49.01,38.69,10.31,calculated from Table 4 contact angles using OWRK least-squares fit,inferred_from_contact_angles,"Tables 4 and 5 direct values; water, formamide, and diiodomethane contact angles on Ti/TiO2 nanotube surfaces before and after UV irradiation",CA0371,inferred_from_contact_angles,no,yes
CA0372,SFC_9EBDC478F1D0,SRC020,LIQ_0F4168490E,0.1,static,sessile_drop,298.15,,1.0,,,,,0.1,B_medium,none,70.28,29.45,40.82,calculated from Table 4 contact angles using OWRK least-squares fit,inferred_from_contact_angles,"Tables 4 and 5 direct values; water, formamide, and diiodomethane contact angles on Ti/TiO2 nanotube surfaces before and after UV irradiation",CA0372,inferred_from_contact_angles,no,yes
CA0373,SFC_9EBDC478F1D0,SRC020,LIQ_1BD1B94C09,0.1,static,sessile_drop,298.15,,1.0,,,,,0.1,B_medium,none,70.28,29.45,40.82,calculated from Table 4 contact angles using OWRK least-squares fit,inferred_from_contact_angles,"Tables 4 and 5 direct values; water, formamide, and diiodomethane contact angles on Ti/TiO2 nanotube surfaces before and after UV irradiation",CA0373,inferred_from_contact_angles,no,yes
CA0374,SFC_9EBDC478F1D0,SRC020,LIQ_6656B41AB7,17.6,static,sessile_drop,298.15,,1.0,,,2.1,,,A_high,none,70.28,29.45,40.82,calculated from Table 4 contact angles using OWRK least-squares fit,inferred_from_contact_angles,"Tables 4 and 5 direct values; water, formamide, and diiodomethane contact angles on Ti/TiO2 nanotube surfaces before and after UV irradiation",CA0374,inferred_from_contact_angles,no,yes
CA0375,SFC_500FB1C18BA7,SRC020,LIQ_0F4168490E,0.1,static,sessile_drop,298.15,,1.0,,,,,0.1,B_medium,none,70.27,28.19,42.09,calculated from Table 4 contact angles using OWRK least-squares fit,inferred_from_contact_angles,"Tables 4 and 5 direct values; water, formamide, and diiodomethane contact angles on Ti/TiO2 nanotube surfaces before and after UV irradiation",CA0375,inferred_from_contact_angles,no,yes
CA0376,SFC_500FB1C18BA7,SRC020,LIQ_1BD1B94C09,0.1,static,sessile_drop,298.15,,1.0,,,,,0.1,B_medium,none,70.27,28.19,42.09,calculated from Table 4 contact angles using OWRK least-squares fit,inferred_from_contact_angles,"Tables 4 and 5 direct values; water, formamide, and diiodomethane contact angles on Ti/TiO2 nanotube surfaces before and after UV irradiation",CA0376,inferred_from_contact_angles,no,yes
CA0377,SFC_500FB1C18BA7,SRC020,LIQ_6656B41AB7,23.1,static,sessile_drop,298.15,,1.0,,,2.6,,,A_high,none,70.27,28.19,42.09,calculated from Table 4 contact angles using OWRK least-squares fit,inferred_from_contact_angles,"Tables 4 and 5 direct values; water, formamide, and diiodomethane contact angles on Ti/TiO2 nanotube surfaces before and after UV irradiation",CA0377,inferred_from_contact_angles,no,yes
CA0378,SFC_463017990582,SRC020,LIQ_0F4168490E,0.1,static,sessile_drop,298.15,,1.0,,,,,0.1,B_medium,none,70.27,29.09,41.18,calculated from Table 4 contact angles using OWRK least-squares fit,inferred_from_contact_angles,"Tables 4 and 5 direct values; water, formamide, and diiodomethane contact angles on Ti/TiO2 nanotube surfaces before and after UV irradiation",CA0378,inferred_from_contact_angles,no,yes
CA0379,SFC_463017990582,SRC020,LIQ_1BD1B94C09,0.1,static,sessile_drop,298.15,,1.0,,,,,0.1,B_medium,none,70.27,29.09,41.18,calculated from Table 4 contact angles using OWRK least-squares fit,inferred_from_contact_angles,"Tables 4 and 5 direct values; water, formamide, and diiodomethane contact angles on Ti/TiO2 nanotube surfaces before and after UV irradiation",CA0379,inferred_from_contact_angles,no,yes
CA0380,SFC_463017990582,SRC020,LIQ_6656B41AB7,19.3,static,sessile_drop,298.15,,1.0,,,2.0,,,A_high,none,70.27,29.09,41.18,calculated from Table 4 contact angles using OWRK least-squares fit,inferred_from_contact_angles,"Tables 4 and 5 direct values; water, formamide, and diiodomethane contact angles on Ti/TiO2 nanotube surfaces before and after UV irradiation",CA0380,inferred_from_contact_angles,no,yes
CA0381,SFC_EA6FE64D72B2,SRC020,LIQ_0F4168490E,0.1,static,sessile_drop,298.15,,1.0,,,,,0.1,B_medium,none,70.27,28.34,41.93,calculated from Table 4 contact angles using OWRK least-squares fit,inferred_from_contact_angles,"Tables 4 and 5 direct values; water, formamide, and diiodomethane contact angles on Ti/TiO2 nanotube surfaces before and after UV irradiation",CA0381,inferred_from_contact_angles,no,yes
CA0382,SFC_EA6FE64D72B2,SRC020,LIQ_1BD1B94C09,0.1,static,sessile_drop,298.15,,1.0,,,,,0.1,B_medium,none,70.27,28.34,41.93,calculated from Table 4 contact angles using OWRK least-squares fit,inferred_from_contact_angles,"Tables 4 and 5 direct values; water, formamide, and diiodomethane contact angles on Ti/TiO2 nanotube surfaces before and after UV irradiation",CA0382,inferred_from_contact_angles,no,yes
CA0383,SFC_EA6FE64D72B2,SRC020,LIQ_6656B41AB7,22.5,static,sessile_drop,298.15,,1.0,,,2.9,,,A_high,none,70.27,28.34,41.93,calculated from Table 4 contact angles using OWRK least-squares fit,inferred_from_contact_angles,"Tables 4 and 5 direct values; water, formamide, and diiodomethane contact angles on Ti/TiO2 nanotube surfaces before and after UV irradiation",CA0383,inferred_from_contact_angles,no,yes
CA0384,SFC_1959CDFDAA85,SRC004,LIQ_0F4168490E,106.0,static,sessile_drop,298.15,,1.0,,,3.0,,,A_high,none,27.27,27.21,0.06,calculated from water/ethylene glycol/diiodomethane contact angles using OWRK least-squares fit,inferred_from_contact_angles,"Contact angle table values for water, ethylene glycol, and diiodomethane on rare-earth oxide ceramic surfaces; used as hard external holdout",CA0384,inferred_from_contact_angles,no,yes
CA0385,SFC_1959CDFDAA85,SRC004,LIQ_53310FAFB3,79.0,static,sessile_drop,298.15,,1.0,,,2.0,,,A_high,none,27.27,27.21,0.06,calculated from water/ethylene glycol/diiodomethane contact angles using OWRK least-squares fit,inferred_from_contact_angles,"Contact angle table values for water, ethylene glycol, and diiodomethane on rare-earth oxide ceramic surfaces; used as hard external holdout",CA0385,inferred_from_contact_angles,no,yes
CA0386,SFC_1959CDFDAA85,SRC004,LIQ_6656B41AB7,63.0,static,sessile_drop,298.15,,1.0,,,4.0,,,A_high,none,27.27,27.21,0.06,calculated from water/ethylene glycol/diiodomethane contact angles using OWRK least-squares fit,inferred_from_contact_angles,"Contact angle table values for water, ethylene glycol, and diiodomethane on rare-earth oxide ceramic surfaces; used as hard external holdout",CA0386,inferred_from_contact_angles,no,yes
CA0387,SFC_309E17907FBA,SRC004,LIQ_0F4168490E,104.0,static,sessile_drop,298.15,,1.0,,,4.0,,,A_high,none,26.45,26.2,0.24,calculated from water/ethylene glycol/diiodomethane contact angles using OWRK least-squares fit,inferred_from_contact_angles,"Contact angle table values for water, ethylene glycol, and diiodomethane on rare-earth oxide ceramic surfaces; used as hard external holdout",CA0387,inferred_from_contact_angles,no,yes
CA0388,SFC_309E17907FBA,SRC004,LIQ_53310FAFB3,77.0,static,sessile_drop,298.15,,1.0,,,3.0,,,A_high,none,26.45,26.2,0.24,calculated from water/ethylene glycol/diiodomethane contact angles using OWRK least-squares fit,inferred_from_contact_angles,"Contact angle table values for water, ethylene glycol, and diiodomethane on rare-earth oxide ceramic surfaces; used as hard external holdout",CA0388,inferred_from_contact_angles,no,yes
CA0389,SFC_309E17907FBA,SRC004,LIQ_6656B41AB7,64.0,static,sessile_drop,298.15,,1.0,,,3.0,,,A_high,none,26.45,26.2,0.24,calculated from water/ethylene glycol/diiodomethane contact angles using OWRK least-squares fit,inferred_from_contact_angles,"Contact angle table values for water, ethylene glycol, and diiodomethane on rare-earth oxide ceramic surfaces; used as hard external holdout",CA0389,inferred_from_contact_angles,no,yes
CA0390,SFC_3658FB055001,SRC004,LIQ_0F4168490E,105.0,static,sessile_drop,298.15,,1.0,,,3.0,,,A_high,none,26.39,26.24,0.14,calculated from water/ethylene glycol/diiodomethane contact angles using OWRK least-squares fit,inferred_from_contact_angles,"Contact angle table values for water, ethylene glycol, and diiodomethane on rare-earth oxide ceramic surfaces; used as hard external holdout",CA0390,inferred_from_contact_angles,no,yes
CA0391,SFC_3658FB055001,SRC004,LIQ_53310FAFB3,79.0,static,sessile_drop,298.15,,1.0,,,3.0,,,A_high,none,26.39,26.24,0.14,calculated from water/ethylene glycol/diiodomethane contact angles using OWRK least-squares fit,inferred_from_contact_angles,"Contact angle table values for water, ethylene glycol, and diiodomethane on rare-earth oxide ceramic surfaces; used as hard external holdout",CA0391,inferred_from_contact_angles,no,yes
CA0392,SFC_3658FB055001,SRC004,LIQ_6656B41AB7,64.0,static,sessile_drop,298.15,,1.0,,,2.0,,,A_high,none,26.39,26.24,0.14,calculated from water/ethylene glycol/diiodomethane contact angles using OWRK least-squares fit,inferred_from_contact_angles,"Contact angle table values for water, ethylene glycol, and diiodomethane on rare-earth oxide ceramic surfaces; used as hard external holdout",CA0392,inferred_from_contact_angles,no,yes
CA0393,SFC_AE86A39F2CBE,SRC004,LIQ_0F4168490E,107.0,static,sessile_drop,298.15,,1.0,,,3.0,,,A_high,none,28.06,28.03,0.03,calculated from water/ethylene glycol/diiodomethane contact angles using OWRK least-squares fit,inferred_from_contact_angles,"Contact angle table values for water, ethylene glycol, and diiodomethane on rare-earth oxide ceramic surfaces; used as hard external holdout",CA0393,inferred_from_contact_angles,no,yes
CA0394,SFC_AE86A39F2CBE,SRC004,LIQ_53310FAFB3,76.0,static,sessile_drop,298.15,,1.0,,,3.0,,,A_high,none,28.06,28.03,0.03,calculated from water/ethylene glycol/diiodomethane contact angles using OWRK least-squares fit,inferred_from_contact_angles,"Contact angle table values for water, ethylene glycol, and diiodomethane on rare-earth oxide ceramic surfaces; used as hard external holdout",CA0394,inferred_from_contact_angles,no,yes
CA0395,SFC_AE86A39F2CBE,SRC004,LIQ_6656B41AB7,63.0,static,sessile_drop,298.15,,1.0,,,3.0,,,A_high,none,28.06,28.03,0.03,calculated from water/ethylene glycol/diiodomethane contact angles using OWRK least-squares fit,inferred_from_contact_angles,"Contact angle table values for water, ethylene glycol, and diiodomethane on rare-earth oxide ceramic surfaces; used as hard external holdout",CA0395,inferred_from_contact_angles,no,yes
CA0396,SFC_1A55A8F9BE53,SRC004,LIQ_0F4168490E,111.0,static,sessile_drop,298.15,,1.0,,,3.0,,,A_high,none,30.13,30.08,0.05,calculated from water/ethylene glycol/diiodomethane contact angles using OWRK least-squares fit,inferred_from_contact_angles,"Contact angle table values for water, ethylene glycol, and diiodomethane on rare-earth oxide ceramic surfaces; used as hard external holdout",CA0396,inferred_from_contact_angles,no,yes
CA0397,SFC_1A55A8F9BE53,SRC004,LIQ_53310FAFB3,76.0,static,sessile_drop,298.15,,1.0,,,3.0,,,A_high,none,30.13,30.08,0.05,calculated from water/ethylene glycol/diiodomethane contact angles using OWRK least-squares fit,inferred_from_contact_angles,"Contact angle table values for water, ethylene glycol, and diiodomethane on rare-earth oxide ceramic surfaces; used as hard external holdout",CA0397,inferred_from_contact_angles,no,yes
CA0398,SFC_1A55A8F9BE53,SRC004,LIQ_6656B41AB7,62.0,static,sessile_drop,298.15,,1.0,,,4.0,,,A_high,none,30.13,30.08,0.05,calculated from water/ethylene glycol/diiodomethane contact angles using OWRK least-squares fit,inferred_from_contact_angles,"Contact angle table values for water, ethylene glycol, and diiodomethane on rare-earth oxide ceramic surfaces; used as hard external holdout",CA0398,inferred_from_contact_angles,no,yes
CA0399,SFC_E53F0A6F08A0,SRC004,LIQ_0F4168490E,112.0,static,sessile_drop,298.15,,1.0,,,4.0,,,A_high,none,27.43,27.37,0.06,calculated from water/ethylene glycol/diiodomethane contact angles using OWRK least-squares fit,inferred_from_contact_angles,"Contact angle table values for water, ethylene glycol, and diiodomethane on rare-earth oxide ceramic surfaces; used as hard external holdout",CA0399,inferred_from_contact_angles,no,yes
CA0400,SFC_E53F0A6F08A0,SRC004,LIQ_53310FAFB3,83.0,static,sessile_drop,298.15,,1.0,,,3.0,,,A_high,none,27.43,27.37,0.06,calculated from water/ethylene glycol/diiodomethane contact angles using OWRK least-squares fit,inferred_from_contact_angles,"Contact angle table values for water, ethylene glycol, and diiodomethane on rare-earth oxide ceramic surfaces; used as hard external holdout",CA0400,inferred_from_contact_angles,no,yes
CA0401,SFC_E53F0A6F08A0,SRC004,LIQ_6656B41AB7,65.0,static,sessile_drop,298.15,,1.0,,,3.0,,,A_high,none,27.43,27.37,0.06,calculated from water/ethylene glycol/diiodomethane contact angles using OWRK least-squares fit,inferred_from_contact_angles,"Contact angle table values for water, ethylene glycol, and diiodomethane on rare-earth oxide ceramic surfaces; used as hard external holdout",CA0401,inferred_from_contact_angles,no,yes
CA0402,SFC_2A9E0C34389A,SRC004,LIQ_0F4168490E,111.0,static,sessile_drop,298.15,,1.0,,,4.0,,,A_high,none,27.21,27.19,0.02,calculated from water/ethylene glycol/diiodomethane contact angles using OWRK least-squares fit,inferred_from_contact_angles,"Contact angle table values for water, ethylene glycol, and diiodomethane on rare-earth oxide ceramic surfaces; used as hard external holdout",CA0402,inferred_from_contact_angles,no,yes
CA0403,SFC_2A9E0C34389A,SRC004,LIQ_53310FAFB3,82.0,static,sessile_drop,298.15,,1.0,,,3.0,,,A_high,none,27.21,27.19,0.02,calculated from water/ethylene glycol/diiodomethane contact angles using OWRK least-squares fit,inferred_from_contact_angles,"Contact angle table values for water, ethylene glycol, and diiodomethane on rare-earth oxide ceramic surfaces; used as hard external holdout",CA0403,inferred_from_contact_angles,no,yes
CA0404,SFC_2A9E0C34389A,SRC004,LIQ_6656B41AB7,65.0,static,sessile_drop,298.15,,1.0,,,5.0,,,A_high,none,27.21,27.19,0.02,calculated from water/ethylene glycol/diiodomethane contact angles using OWRK least-squares fit,inferred_from_contact_angles,"Contact angle table values for water, ethylene glycol, and diiodomethane on rare-earth oxide ceramic surfaces; used as hard external holdout",CA0404,inferred_from_contact_angles,no,yes
CA0405,SFC_4CE305FCECB9,SRC004,LIQ_0F4168490E,108.0,static,sessile_drop,298.15,,1.0,,,4.0,,,A_high,none,24.67,24.63,0.04,calculated from water/ethylene glycol/diiodomethane contact angles using OWRK least-squares fit,inferred_from_contact_angles,"Contact angle table values for water, ethylene glycol, and diiodomethane on rare-earth oxide ceramic surfaces; used as hard external holdout",CA0405,inferred_from_contact_angles,no,yes
CA0406,SFC_4CE305FCECB9,SRC004,LIQ_53310FAFB3,84.0,static,sessile_drop,298.15,,1.0,,,4.0,,,A_high,none,24.67,24.63,0.04,calculated from water/ethylene glycol/diiodomethane contact angles using OWRK least-squares fit,inferred_from_contact_angles,"Contact angle table values for water, ethylene glycol, and diiodomethane on rare-earth oxide ceramic surfaces; used as hard external holdout",CA0406,inferred_from_contact_angles,no,yes
CA0407,SFC_4CE305FCECB9,SRC004,LIQ_6656B41AB7,67.0,static,sessile_drop,298.15,,1.0,,,3.0,,,A_high,none,24.67,24.63,0.04,calculated from water/ethylene glycol/diiodomethane contact angles using OWRK least-squares fit,inferred_from_contact_angles,"Contact angle table values for water, ethylene glycol, and diiodomethane on rare-earth oxide ceramic surfaces; used as hard external holdout",CA0407,inferred_from_contact_angles,no,yes
CA0408,SFC_B4F56FFE60FB,SRC004,LIQ_0F4168490E,109.0,static,sessile_drop,298.15,,1.0,,,3.0,,,A_high,none,27.14,27.14,0.0,calculated from water/ethylene glycol/diiodomethane contact angles using OWRK least-squares fit,inferred_from_contact_angles,"Contact angle table values for water, ethylene glycol, and diiodomethane on rare-earth oxide ceramic surfaces; used as hard external holdout",CA0408,inferred_from_contact_angles,no,yes
CA0409,SFC_B4F56FFE60FB,SRC004,LIQ_53310FAFB3,82.0,static,sessile_drop,298.15,,1.0,,,3.0,,,A_high,none,27.14,27.14,0.0,calculated from water/ethylene glycol/diiodomethane contact angles using OWRK least-squares fit,inferred_from_contact_angles,"Contact angle table values for water, ethylene glycol, and diiodomethane on rare-earth oxide ceramic surfaces; used as hard external holdout",CA0409,inferred_from_contact_angles,no,yes
CA0410,SFC_B4F56FFE60FB,SRC004,LIQ_6656B41AB7,64.0,static,sessile_drop,298.15,,1.0,,,2.0,,,A_high,none,27.14,27.14,0.0,calculated from water/ethylene glycol/diiodomethane contact angles using OWRK least-squares fit,inferred_from_contact_angles,"Contact angle table values for water, ethylene glycol, and diiodomethane on rare-earth oxide ceramic surfaces; used as hard external holdout",CA0410,inferred_from_contact_angles,no,yes
CA0411,SFC_572551235161,SRC004,LIQ_0F4168490E,107.0,static,sessile_drop,298.15,,1.0,,,2.0,,,A_high,none,27.1,27.09,0.01,calculated from water/ethylene glycol/diiodomethane contact angles using OWRK least-squares fit,inferred_from_contact_angles,"Contact angle table values for water, ethylene glycol, and diiodomethane on rare-earth oxide ceramic surfaces; used as hard external holdout",CA0411,inferred_from_contact_angles,no,yes
CA0412,SFC_572551235161,SRC004,LIQ_53310FAFB3,82.0,static,sessile_drop,298.15,,1.0,,,3.0,,,A_high,none,27.1,27.09,0.01,calculated from water/ethylene glycol/diiodomethane contact angles using OWRK least-squares fit,inferred_from_contact_angles,"Contact angle table values for water, ethylene glycol, and diiodomethane on rare-earth oxide ceramic surfaces; used as hard external holdout",CA0412,inferred_from_contact_angles,no,yes
CA0413,SFC_572551235161,SRC004,LIQ_6656B41AB7,63.0,static,sessile_drop,298.15,,1.0,,,3.0,,,A_high,none,27.1,27.09,0.01,calculated from water/ethylene glycol/diiodomethane contact angles using OWRK least-squares fit,inferred_from_contact_angles,"Contact angle table values for water, ethylene glycol, and diiodomethane on rare-earth oxide ceramic surfaces; used as hard external holdout",CA0413,inferred_from_contact_angles,no,yes
CA0414,SFC_7E0BA3D04E9B,SRC004,LIQ_0F4168490E,112.0,static,sessile_drop,298.15,,1.0,,,4.0,,,A_high,none,25.52,25.48,0.04,calculated from water/ethylene glycol/diiodomethane contact angles using OWRK least-squares fit,inferred_from_contact_angles,"Contact angle table values for water, ethylene glycol, and diiodomethane on rare-earth oxide ceramic surfaces; used as hard external holdout",CA0414,inferred_from_contact_angles,no,yes
CA0415,SFC_7E0BA3D04E9B,SRC004,LIQ_53310FAFB3,87.0,static,sessile_drop,298.15,,1.0,,,3.0,,,A_high,none,25.52,25.48,0.04,calculated from water/ethylene glycol/diiodomethane contact angles using OWRK least-squares fit,inferred_from_contact_angles,"Contact angle table values for water, ethylene glycol, and diiodomethane on rare-earth oxide ceramic surfaces; used as hard external holdout",CA0415,inferred_from_contact_angles,no,yes
CA0416,SFC_7E0BA3D04E9B,SRC004,LIQ_6656B41AB7,67.0,static,sessile_drop,298.15,,1.0,,,4.0,,,A_high,none,25.52,25.48,0.04,calculated from water/ethylene glycol/diiodomethane contact angles using OWRK least-squares fit,inferred_from_contact_angles,"Contact angle table values for water, ethylene glycol, and diiodomethane on rare-earth oxide ceramic surfaces; used as hard external holdout",CA0416,inferred_from_contact_angles,no,yes
CA0417,SFC_AE01D8CAA284,SRC004,LIQ_0F4168490E,115.0,static,sessile_drop,298.15,,1.0,,,3.0,,,A_high,none,26.51,26.29,0.22,calculated from water/ethylene glycol/diiodomethane contact angles using OWRK least-squares fit,inferred_from_contact_angles,"Contact angle table values for water, ethylene glycol, and diiodomethane on rare-earth oxide ceramic surfaces; used as hard external holdout",CA0417,inferred_from_contact_angles,no,yes
CA0418,SFC_AE01D8CAA284,SRC004,LIQ_53310FAFB3,88.0,static,sessile_drop,298.15,,1.0,,,3.0,,,A_high,none,26.51,26.29,0.22,calculated from water/ethylene glycol/diiodomethane contact angles using OWRK least-squares fit,inferred_from_contact_angles,"Contact angle table values for water, ethylene glycol, and diiodomethane on rare-earth oxide ceramic surfaces; used as hard external holdout",CA0418,inferred_from_contact_angles,no,yes
CA0419,SFC_AE01D8CAA284,SRC004,LIQ_6656B41AB7,67.0,static,sessile_drop,298.15,,1.0,,,3.0,,,A_high,none,26.51,26.29,0.22,calculated from water/ethylene glycol/diiodomethane contact angles using OWRK least-squares fit,inferred_from_contact_angles,"Contact angle table values for water, ethylene glycol, and diiodomethane on rare-earth oxide ceramic surfaces; used as hard external holdout",CA0419,inferred_from_contact_angles,no,yes
CA0420,SFC_2E8A7F435ADF,SRC004,LIQ_0F4168490E,98.0,static,sessile_drop,298.15,,1.0,,,3.0,,,A_high,none,36.94,36.84,0.1,calculated from water/ethylene glycol/diiodomethane contact angles using OWRK least-squares fit,inferred_from_contact_angles,"Contact angle table values for water, ethylene glycol, and diiodomethane on rare-earth oxide ceramic surfaces; used as hard external holdout",CA0420,inferred_from_contact_angles,no,yes
CA0421,SFC_2E8A7F435ADF,SRC004,LIQ_53310FAFB3,69.0,static,sessile_drop,298.15,,1.0,,,3.0,,,A_high,none,36.94,36.84,0.1,calculated from water/ethylene glycol/diiodomethane contact angles using OWRK least-squares fit,inferred_from_contact_angles,"Contact angle table values for water, ethylene glycol, and diiodomethane on rare-earth oxide ceramic surfaces; used as hard external holdout",CA0421,inferred_from_contact_angles,no,yes
CA0422,SFC_2E8A7F435ADF,SRC004,LIQ_6656B41AB7,45.0,static,sessile_drop,298.15,,1.0,,,4.0,,,A_high,none,36.94,36.84,0.1,calculated from water/ethylene glycol/diiodomethane contact angles using OWRK least-squares fit,inferred_from_contact_angles,"Contact angle table values for water, ethylene glycol, and diiodomethane on rare-earth oxide ceramic surfaces; used as hard external holdout",CA0422,inferred_from_contact_angles,no,yes
CA0423,SFC_9E9E03484254,SRC004,LIQ_0F4168490E,109.0,static,sessile_drop,298.15,,1.0,,,2.0,,,A_high,none,28.1,28.09,0.0,calculated from water/ethylene glycol/diiodomethane contact angles using OWRK least-squares fit,inferred_from_contact_angles,"Contact angle table values for water, ethylene glycol, and diiodomethane on rare-earth oxide ceramic surfaces; used as hard external holdout",CA0423,inferred_from_contact_angles,no,yes
CA0424,SFC_9E9E03484254,SRC004,LIQ_53310FAFB3,80.0,static,sessile_drop,298.15,,1.0,,,2.0,,,A_high,none,28.1,28.09,0.0,calculated from water/ethylene glycol/diiodomethane contact angles using OWRK least-squares fit,inferred_from_contact_angles,"Contact angle table values for water, ethylene glycol, and diiodomethane on rare-earth oxide ceramic surfaces; used as hard external holdout",CA0424,inferred_from_contact_angles,no,yes
CA0425,SFC_9E9E03484254,SRC004,LIQ_6656B41AB7,63.0,static,sessile_drop,298.15,,1.0,,,2.0,,,A_high,none,28.1,28.09,0.0,calculated from water/ethylene glycol/diiodomethane contact angles using OWRK least-squares fit,inferred_from_contact_angles,"Contact angle table values for water, ethylene glycol, and diiodomethane on rare-earth oxide ceramic surfaces; used as hard external holdout",CA0425,inferred_from_contact_angles,no,yes
CA0426,SFC_977322D0A384,SRC004,LIQ_0F4168490E,110.0,static,sessile_drop,298.15,,1.0,,,2.0,,,A_high,none,27.01,27.01,0.0,calculated from water/ethylene glycol/diiodomethane contact angles using OWRK least-squares fit,inferred_from_contact_angles,"Contact angle table values for water, ethylene glycol, and diiodomethane on rare-earth oxide ceramic surfaces; used as hard external holdout",CA0426,inferred_from_contact_angles,no,yes
CA0427,SFC_977322D0A384,SRC004,LIQ_53310FAFB3,81.0,static,sessile_drop,298.15,,1.0,,,2.0,,,A_high,none,27.01,27.01,0.0,calculated from water/ethylene glycol/diiodomethane contact angles using OWRK least-squares fit,inferred_from_contact_angles,"Contact angle table values for water, ethylene glycol, and diiodomethane on rare-earth oxide ceramic surfaces; used as hard external holdout",CA0427,inferred_from_contact_angles,no,yes
CA0428,SFC_977322D0A384,SRC004,LIQ_6656B41AB7,65.0,static,sessile_drop,298.15,,1.0,,,3.0,,,A_high,none,27.01,27.01,0.0,calculated from water/ethylene glycol/diiodomethane contact angles using OWRK least-squares fit,inferred_from_contact_angles,"Contact angle table values for water, ethylene glycol, and diiodomethane on rare-earth oxide ceramic surfaces; used as hard external holdout",CA0428,inferred_from_contact_angles,no,yes
CA0429,SFC_D23857573968,SRC016,LIQ_0F4168490E,95.1,static,sessile_drop,297.15,15.0,1.0,,,1.8,,,A_high,none,46.38,46.27,0.11,calculated from Table 2 water/diiodomethane/ethylene glycol contact angles using OWRK least-squares fit,inferred_from_contact_angles,"Tables 1 and 2 direct values; water, diiodomethane, and ethylene glycol contact angles plus AFM roughness and laboratory RH 15 +/- 5%",CA0429,inferred_from_contact_angles,no,yes
CA0430,SFC_D23857573968,SRC016,LIQ_6656B41AB7,31.4,static,sessile_drop,297.15,15.0,1.0,,,2.1,,,A_high,none,46.38,46.27,0.11,calculated from Table 2 water/diiodomethane/ethylene glycol contact angles using OWRK least-squares fit,inferred_from_contact_angles,"Tables 1 and 2 direct values; water, diiodomethane, and ethylene glycol contact angles plus AFM roughness and laboratory RH 15 +/- 5%",CA0430,inferred_from_contact_angles,no,yes
CA0431,SFC_D23857573968,SRC016,LIQ_53310FAFB3,48.3,static,sessile_drop,297.15,15.0,1.0,,,1.5,,,A_high,none,46.38,46.27,0.11,calculated from Table 2 water/diiodomethane/ethylene glycol contact angles using OWRK least-squares fit,inferred_from_contact_angles,"Tables 1 and 2 direct values; water, diiodomethane, and ethylene glycol contact angles plus AFM roughness and laboratory RH 15 +/- 5%",CA0431,inferred_from_contact_angles,no,yes
CA0432,SFC_CDEB89D989AC,SRC016,LIQ_0F4168490E,88.7,static,sessile_drop,297.15,15.0,1.0,,,2.1,,,A_high,none,38.71,37.22,1.49,calculated from Table 2 water/diiodomethane/ethylene glycol contact angles using OWRK least-squares fit,inferred_from_contact_angles,"Tables 1 and 2 direct values; water, diiodomethane, and ethylene glycol contact angles plus AFM roughness and laboratory RH 15 +/- 5%",CA0432,inferred_from_contact_angles,no,yes
CA0433,SFC_CDEB89D989AC,SRC016,LIQ_6656B41AB7,41.7,static,sessile_drop,297.15,15.0,1.0,,,1.5,,,A_high,none,38.71,37.22,1.49,calculated from Table 2 water/diiodomethane/ethylene glycol contact angles using OWRK least-squares fit,inferred_from_contact_angles,"Tables 1 and 2 direct values; water, diiodomethane, and ethylene glycol contact angles plus AFM roughness and laboratory RH 15 +/- 5%",CA0433,inferred_from_contact_angles,no,yes
CA0434,SFC_CDEB89D989AC,SRC016,LIQ_53310FAFB3,54.0,static,sessile_drop,297.15,15.0,1.0,,,3.6,,,A_high,none,38.71,37.22,1.49,calculated from Table 2 water/diiodomethane/ethylene glycol contact angles using OWRK least-squares fit,inferred_from_contact_angles,"Tables 1 and 2 direct values; water, diiodomethane, and ethylene glycol contact angles plus AFM roughness and laboratory RH 15 +/- 5%",CA0434,inferred_from_contact_angles,no,yes
CA0435,SFC_6A9ED69E4397,SRC016,LIQ_0F4168490E,68.3,static,sessile_drop,297.15,15.0,1.0,,,2.5,,,A_high,none,40.68,31.62,9.06,calculated from Table 2 water/diiodomethane/ethylene glycol contact angles using OWRK least-squares fit,inferred_from_contact_angles,"Tables 1 and 2 direct values; water, diiodomethane, and ethylene glycol contact angles plus AFM roughness and laboratory RH 15 +/- 5%",CA0435,inferred_from_contact_angles,no,yes
CA0436,SFC_6A9ED69E4397,SRC016,LIQ_6656B41AB7,37.9,static,sessile_drop,297.15,15.0,1.0,,,3.7,,,A_high,none,40.68,31.62,9.06,calculated from Table 2 water/diiodomethane/ethylene glycol contact angles using OWRK least-squares fit,inferred_from_contact_angles,"Tables 1 and 2 direct values; water, diiodomethane, and ethylene glycol contact angles plus AFM roughness and laboratory RH 15 +/- 5%",CA0436,inferred_from_contact_angles,no,yes
CA0437,SFC_6A9ED69E4397,SRC016,LIQ_53310FAFB3,50.2,static,sessile_drop,297.15,15.0,1.0,,,5.2,,,A_high,none,40.68,31.62,9.06,calculated from Table 2 water/diiodomethane/ethylene glycol contact angles using OWRK least-squares fit,inferred_from_contact_angles,"Tables 1 and 2 direct values; water, diiodomethane, and ethylene glycol contact angles plus AFM roughness and laboratory RH 15 +/- 5%",CA0437,inferred_from_contact_angles,no,yes
CA0438,SFC_5A7AACDD77C7,SRC016,LIQ_0F4168490E,98.1,static,sessile_drop,297.15,15.0,1.0,,,1.5,,,A_high,none,41.83,41.79,0.03,calculated from Table 2 water/diiodomethane/ethylene glycol contact angles using OWRK least-squares fit,inferred_from_contact_angles,"Tables 1 and 2 direct values; water, diiodomethane, and ethylene glycol contact angles plus AFM roughness and laboratory RH 15 +/- 5%",CA0438,inferred_from_contact_angles,no,yes
CA0439,SFC_5A7AACDD77C7,SRC016,LIQ_6656B41AB7,39.1,static,sessile_drop,297.15,15.0,1.0,,,2.7,,,A_high,none,41.83,41.79,0.03,calculated from Table 2 water/diiodomethane/ethylene glycol contact angles using OWRK least-squares fit,inferred_from_contact_angles,"Tables 1 and 2 direct values; water, diiodomethane, and ethylene glycol contact angles plus AFM roughness and laboratory RH 15 +/- 5%",CA0439,inferred_from_contact_angles,no,yes
CA0440,SFC_5A7AACDD77C7,SRC016,LIQ_53310FAFB3,59.8,static,sessile_drop,297.15,15.0,1.0,,,3.7,,,A_high,none,41.83,41.79,0.03,calculated from Table 2 water/diiodomethane/ethylene glycol contact angles using OWRK least-squares fit,inferred_from_contact_angles,"Tables 1 and 2 direct values; water, diiodomethane, and ethylene glycol contact angles plus AFM roughness and laboratory RH 15 +/- 5%",CA0440,inferred_from_contact_angles,no,yes
CA0441,SFC_66D5DCF7DD85,SRC016,LIQ_0F4168490E,105.5,static,sessile_drop,297.15,15.0,1.0,,,2.6,,,A_high,none,24.9,24.47,0.43,calculated from Table 2 water/diiodomethane/ethylene glycol contact angles using OWRK least-squares fit,inferred_from_contact_angles,"Tables 1 and 2 direct values; water, diiodomethane, and ethylene glycol contact angles plus AFM roughness and laboratory RH 15 +/- 5%",CA0441,inferred_from_contact_angles,no,yes
CA0442,SFC_66D5DCF7DD85,SRC016,LIQ_6656B41AB7,68.9,static,sessile_drop,297.15,15.0,1.0,,,3.6,,,A_high,none,24.9,24.47,0.43,calculated from Table 2 water/diiodomethane/ethylene glycol contact angles using OWRK least-squares fit,inferred_from_contact_angles,"Tables 1 and 2 direct values; water, diiodomethane, and ethylene glycol contact angles plus AFM roughness and laboratory RH 15 +/- 5%",CA0442,inferred_from_contact_angles,no,yes
CA0443,SFC_66D5DCF7DD85,SRC016,LIQ_53310FAFB3,71.5,static,sessile_drop,297.15,15.0,1.0,,,5.5,,,A_high,none,24.9,24.47,0.43,calculated from Table 2 water/diiodomethane/ethylene glycol contact angles using OWRK least-squares fit,inferred_from_contact_angles,"Tables 1 and 2 direct values; water, diiodomethane, and ethylene glycol contact angles plus AFM roughness and laboratory RH 15 +/- 5%",CA0443,inferred_from_contact_angles,no,yes
CA0444,SFC_FC48A7AD25F0,SRC016,LIQ_0F4168490E,91.7,static,sessile_drop,297.15,15.0,1.0,,,5.7,,,A_high,none,41.62,41.17,0.45,calculated from Table 2 water/diiodomethane/ethylene glycol contact angles using OWRK least-squares fit,inferred_from_contact_angles,"Tables 1 and 2 direct values; water, diiodomethane, and ethylene glycol contact angles plus AFM roughness and laboratory RH 15 +/- 5%",CA0444,inferred_from_contact_angles,no,yes
CA0445,SFC_FC48A7AD25F0,SRC016,LIQ_6656B41AB7,35.1,static,sessile_drop,297.15,15.0,1.0,,,4.9,,,A_high,none,41.62,41.17,0.45,calculated from Table 2 water/diiodomethane/ethylene glycol contact angles using OWRK least-squares fit,inferred_from_contact_angles,"Tables 1 and 2 direct values; water, diiodomethane, and ethylene glycol contact angles plus AFM roughness and laboratory RH 15 +/- 5%",CA0445,inferred_from_contact_angles,no,yes
CA0446,SFC_FC48A7AD25F0,SRC016,LIQ_53310FAFB3,59.1,static,sessile_drop,297.15,15.0,1.0,,,3.8,,,A_high,none,41.62,41.17,0.45,calculated from Table 2 water/diiodomethane/ethylene glycol contact angles using OWRK least-squares fit,inferred_from_contact_angles,"Tables 1 and 2 direct values; water, diiodomethane, and ethylene glycol contact angles plus AFM roughness and laboratory RH 15 +/- 5%",CA0446,inferred_from_contact_angles,no,yes
CA0447,SFC_AFFB3785B9F0,SRC017,LIQ_0F4168490E,166.0,static,sessile_drop,298.15,,1.0,,,2.1,,,A_high,none,0.05,0.05,0.0,apparent OWRK fit from multi-liquid contact angles on textured/coated repellency surface,inferred_from_contact_angles,"Direct liquid-repellency values; superamphiphobic coating contact angles for water, diiodomethane, ethylene glycol, oils, and solvents",CA0447,inferred_from_contact_angles,no,yes
CA0448,SFC_AFFB3785B9F0,SRC017,LIQ_6656B41AB7,162.0,static,sessile_drop,298.15,,1.0,,,3.5,,,A_high,none,0.05,0.05,0.0,apparent OWRK fit from multi-liquid contact angles on textured/coated repellency surface,inferred_from_contact_angles,"Direct liquid-repellency values; superamphiphobic coating contact angles for water, diiodomethane, ethylene glycol, oils, and solvents",CA0448,inferred_from_contact_angles,no,yes
CA0449,SFC_AFFB3785B9F0,SRC017,LIQ_53310FAFB3,160.0,static,sessile_drop,298.15,,1.0,,,1.0,,,A_high,none,0.05,0.05,0.0,apparent OWRK fit from multi-liquid contact angles on textured/coated repellency surface,inferred_from_contact_angles,"Direct liquid-repellency values; superamphiphobic coating contact angles for water, diiodomethane, ethylene glycol, oils, and solvents",CA0449,inferred_from_contact_angles,no,yes
CA0450,SFC_AFFB3785B9F0,SRC017,LIQ_4BDC3033E4,156.0,static,sessile_drop,298.15,,1.0,,,2.4,,,A_high,none,0.05,0.05,0.0,apparent OWRK fit from multi-liquid contact angles on textured/coated repellency surface,inferred_from_contact_angles,"Direct liquid-repellency values; superamphiphobic coating contact angles for water, diiodomethane, ethylene glycol, oils, and solvents",CA0450,inferred_from_contact_angles,no,yes
CA0451,SFC_AFFB3785B9F0,SRC017,LIQ_63C19A56DE,157.0,static,sessile_drop,298.15,,1.0,,,0.9,,,A_high,none,0.05,0.05,0.0,apparent OWRK fit from multi-liquid contact angles on textured/coated repellency surface,inferred_from_contact_angles,"Direct liquid-repellency values; superamphiphobic coating contact angles for water, diiodomethane, ethylene glycol, oils, and solvents",CA0451,inferred_from_contact_angles,no,yes
CA0452,SFC_AFFB3785B9F0,SRC017,LIQ_B6950B5CB8,156.0,static,sessile_drop,298.15,,1.0,,,1.5,,,A_high,none,0.05,0.05,0.0,apparent OWRK fit from multi-liquid contact angles on textured/coated repellency surface,inferred_from_contact_angles,"Direct liquid-repellency values; superamphiphobic coating contact angles for water, diiodomethane, ethylene glycol, oils, and solvents",CA0452,inferred_from_contact_angles,no,yes
CA0453,SFC_AFFB3785B9F0,SRC017,LIQ_E0B206B2DD,154.0,static,sessile_drop,298.15,,1.0,,,2.7,,,A_high,none,0.05,0.05,0.0,apparent OWRK fit from multi-liquid contact angles on textured/coated repellency surface,inferred_from_contact_angles,"Direct liquid-repellency values; superamphiphobic coating contact angles for water, diiodomethane, ethylene glycol, oils, and solvents",CA0453,inferred_from_contact_angles,no,yes
CA0454,SFC_AFFB3785B9F0,SRC017,LIQ_FCA4FC7284,153.0,static,sessile_drop,298.15,,1.0,,,2.7,,,A_high,none,0.05,0.05,0.0,apparent OWRK fit from multi-liquid contact angles on textured/coated repellency surface,inferred_from_contact_angles,"Direct liquid-repellency values; superamphiphobic coating contact angles for water, diiodomethane, ethylene glycol, oils, and solvents",CA0454,inferred_from_contact_angles,no,yes
CA0455,SFC_8D989D0E7E7F,SRC018,LIQ_0F4168490E,162.0,static,sessile_drop,298.15,,1.0,,,1.2,,,A_high,none,1.67,1.26,0.41,apparent OWRK fit from multi-liquid contact angles on textured/coated repellency surface,inferred_from_contact_angles,"Table 1 direct values; FEP-S coating contact angles for water, glycerol, ethylene glycol, and diiodomethane",CA0455,inferred_from_contact_angles,no,yes
CA0456,SFC_8D989D0E7E7F,SRC018,LIQ_5C0DC0DCD1,157.8,static,sessile_drop,298.15,,1.0,,,0.8,,,A_high,none,1.67,1.26,0.41,apparent OWRK fit from multi-liquid contact angles on textured/coated repellency surface,inferred_from_contact_angles,"Table 1 direct values; FEP-S coating contact angles for water, glycerol, ethylene glycol, and diiodomethane",CA0456,inferred_from_contact_angles,no,yes
CA0457,SFC_8D989D0E7E7F,SRC018,LIQ_53310FAFB3,153.8,static,sessile_drop,298.15,,1.0,,,1.6,,,A_high,none,1.67,1.26,0.41,apparent OWRK fit from multi-liquid contact angles on textured/coated repellency surface,inferred_from_contact_angles,"Table 1 direct values; FEP-S coating contact angles for water, glycerol, ethylene glycol, and diiodomethane",CA0457,inferred_from_contact_angles,no,yes
CA0458,SFC_8D989D0E7E7F,SRC018,LIQ_6656B41AB7,134.2,static,sessile_drop,298.15,,1.0,,,0.3,,,A_high,none,1.67,1.26,0.41,apparent OWRK fit from multi-liquid contact angles on textured/coated repellency surface,inferred_from_contact_angles,"Table 1 direct values; FEP-S coating contact angles for water, glycerol, ethylene glycol, and diiodomethane",CA0458,inferred_from_contact_angles,no,yes
CA0459,SFC_9BFFAF330A15,SRC012,LIQ_0F4168490E,168.1,static,sessile_drop,298.15,,1.0,,,0.6,,,A_high,none,0.06,0.05,0.0,apparent OWRK fit from multi-liquid contact angles on textured/coated repellency surface,inferred_from_contact_angles,Direct values for transparent PEDOT-derived superhydrophobic coating; high contact angles for water and several non-water liquids,CA0459,inferred_from_contact_angles,no,yes
CA0460,SFC_9BFFAF330A15,SRC012,LIQ_6656B41AB7,161.1,static,sessile_drop,298.15,,1.0,,,1.1,,,A_high,none,0.06,0.05,0.0,apparent OWRK fit from multi-liquid contact angles on textured/coated repellency surface,inferred_from_contact_angles,Direct values for transparent PEDOT-derived superhydrophobic coating; high contact angles for water and several non-water liquids,CA0460,inferred_from_contact_angles,no,yes
CA0461,SFC_9BFFAF330A15,SRC012,LIQ_53310FAFB3,164.4,static,sessile_drop,298.15,,1.0,,,1.4,,,A_high,none,0.06,0.05,0.0,apparent OWRK fit from multi-liquid contact angles on textured/coated repellency surface,inferred_from_contact_angles,Direct values for transparent PEDOT-derived superhydrophobic coating; high contact angles for water and several non-water liquids,CA0461,inferred_from_contact_angles,no,yes
CA0462,SFC_9BFFAF330A15,SRC012,LIQ_B6950B5CB8,153.5,static,sessile_drop,298.15,,1.0,,,2.8,,,A_high,none,0.06,0.05,0.0,apparent OWRK fit from multi-liquid contact angles on textured/coated repellency surface,inferred_from_contact_angles,Direct values for transparent PEDOT-derived superhydrophobic coating; high contact angles for water and several non-water liquids,CA0462,inferred_from_contact_angles,no,yes
CA0463,SFC_5523B41BFD8F,SRC002,LIQ_0F4168490E,172.0,static,sessile_drop,298.15,,1.0,,,1.0,,,A_high,none,14.14,8.03,6.11,apparent OWRK fit from multi-liquid contact angles on textured/coated repellency surface,inferred_from_contact_angles,"Direct values; electrospun fluorinated terpolymer nanofibers with high water, glycerol, and ethylene glycol contact angles",CA0463,inferred_from_contact_angles,no,yes
CA0464,SFC_5523B41BFD8F,SRC002,LIQ_5C0DC0DCD1,167.0,static,sessile_drop,298.15,,1.0,,,1.0,,,A_high,none,14.14,8.03,6.11,apparent OWRK fit from multi-liquid contact angles on textured/coated repellency surface,inferred_from_contact_angles,"Direct values; electrospun fluorinated terpolymer nanofibers with high water, glycerol, and ethylene glycol contact angles",CA0464,inferred_from_contact_angles,no,yes
CA0465,SFC_5523B41BFD8F,SRC002,LIQ_53310FAFB3,163.0,static,sessile_drop,298.15,,1.0,,,1.0,,,A_high,none,14.14,8.03,6.11,apparent OWRK fit from multi-liquid contact angles on textured/coated repellency surface,inferred_from_contact_angles,"Direct values; electrospun fluorinated terpolymer nanofibers with high water, glycerol, and ethylene glycol contact angles",CA0465,inferred_from_contact_angles,no,yes
CA0466,SFC_5523B41BFD8F,SRC002,LIQ_B6950B5CB8,70.0,static,sessile_drop,298.15,,1.0,,,1.0,,,A_high,none,14.14,8.03,6.11,apparent OWRK fit from multi-liquid contact angles on textured/coated repellency surface,inferred_from_contact_angles,"Direct values; electrospun fluorinated terpolymer nanofibers with high water, glycerol, and ethylene glycol contact angles",CA0466,inferred_from_contact_angles,no,yes
CA0467,SFC_6DD3FB38C4D9,SRC003,LIQ_0F4168490E,166.1,static,sessile_drop,298.15,,1.0,,,,,,A_high,none,0.04,0.04,0.0,apparent OWRK fit from paired water/diiodomethane contact angles on FTS-treated copper micro-cone arrays; high-angle training patch,inferred_from_contact_angles,Abstract direct values; paired water and diiodomethane high contact angles on FTS-treated Cu micro-cone arrays,CA0467,inferred_from_contact_angles,no,yes
CA0468,SFC_6DD3FB38C4D9,SRC003,LIQ_6656B41AB7,160.5,static,sessile_drop,298.15,,1.0,,,,,,A_high,none,0.04,0.04,0.0,apparent OWRK fit from paired water/diiodomethane contact angles on FTS-treated copper micro-cone arrays; high-angle training patch,inferred_from_contact_angles,Abstract direct values; paired water and diiodomethane high contact angles on FTS-treated Cu micro-cone arrays,CA0468,inferred_from_contact_angles,no,yes
CA0469,SFC_D97F8E5A47C3,SDX004,LIQ_0F4168490E,165.0,static,sessile_drop,298.15,,1.0,,,1.8,,,A_high,none,0.59,0.52,0.07,apparent OWRK features recalculated from same-source multi-liquid contact angles for v3.4 source-disjoint external; not an independent surface-energy measurement,inferred_from_contact_angles,"Table 4 direct values; coated laser-textured CFRP samples after cleaning cycles, measured with water, formamide, and diiodomethane",CA0469,inferred_from_contact_angles,no,yes
CA0470,SFC_D97F8E5A47C3,SDX004,LIQ_1BD1B94C09,150.0,static,sessile_drop,298.15,,1.0,,,4.3,,,A_high,none,0.59,0.52,0.07,apparent OWRK features recalculated from same-source multi-liquid contact angles for v3.4 source-disjoint external; not an independent surface-energy measurement,inferred_from_contact_angles,"Table 4 direct values; coated laser-textured CFRP samples after cleaning cycles, measured with water, formamide, and diiodomethane",CA0470,inferred_from_contact_angles,no,yes
CA0471,SFC_D97F8E5A47C3,SDX004,LIQ_6656B41AB7,146.0,static,sessile_drop,298.15,,1.0,,,2.4,,,A_high,none,0.59,0.52,0.07,apparent OWRK features recalculated from same-source multi-liquid contact angles for v3.4 source-disjoint external; not an independent surface-energy measurement,inferred_from_contact_angles,"Table 4 direct values; coated laser-textured CFRP samples after cleaning cycles, measured with water, formamide, and diiodomethane",CA0471,inferred_from_contact_angles,no,yes
CA0472,SFC_D3AB5237A040,SDX004,LIQ_0F4168490E,162.0,static,sessile_drop,298.15,,1.0,,,2.3,,,A_high,none,2.74,2.09,0.65,apparent OWRK features recalculated from same-source multi-liquid contact angles for v3.4 source-disjoint external; not an independent surface-energy measurement,inferred_from_contact_angles,"Table 4 direct values; coated laser-textured CFRP samples after cleaning cycles, measured with water, formamide, and diiodomethane",CA0472,inferred_from_contact_angles,no,yes
CA0473,SFC_D3AB5237A040,SDX004,LIQ_1BD1B94C09,150.0,static,sessile_drop,298.15,,1.0,,,4.3,,,A_high,none,2.74,2.09,0.65,apparent OWRK features recalculated from same-source multi-liquid contact angles for v3.4 source-disjoint external; not an independent surface-energy measurement,inferred_from_contact_angles,"Table 4 direct values; coated laser-textured CFRP samples after cleaning cycles, measured with water, formamide, and diiodomethane",CA0473,inferred_from_contact_angles,no,yes
CA0474,SFC_D3AB5237A040,SDX004,LIQ_6656B41AB7,128.0,static,sessile_drop,298.15,,1.0,,,4.6,,,A_high,none,2.74,2.09,0.65,apparent OWRK features recalculated from same-source multi-liquid contact angles for v3.4 source-disjoint external; not an independent surface-energy measurement,inferred_from_contact_angles,"Table 4 direct values; coated laser-textured CFRP samples after cleaning cycles, measured with water, formamide, and diiodomethane",CA0474,inferred_from_contact_angles,no,yes
CA0475,SFC_37A719049846,SDX004,LIQ_0F4168490E,150.0,static,sessile_drop,298.15,,1.0,,,8.9,,,A_high,none,14.3,11.46,2.84,apparent OWRK features recalculated from same-source multi-liquid contact angles for v3.4 source-disjoint external; not an independent surface-energy measurement,inferred_from_contact_angles,"Table 4 direct values; coated laser-textured CFRP samples after cleaning cycles, measured with water, formamide, and diiodomethane",CA0475,inferred_from_contact_angles,no,yes
CA0476,SFC_37A719049846,SDX004,LIQ_1BD1B94C09,127.0,static,sessile_drop,298.15,,1.0,,,3.8,,,A_high,none,14.3,11.46,2.84,apparent OWRK features recalculated from same-source multi-liquid contact angles for v3.4 source-disjoint external; not an independent surface-energy measurement,inferred_from_contact_angles,"Table 4 direct values; coated laser-textured CFRP samples after cleaning cycles, measured with water, formamide, and diiodomethane",CA0476,inferred_from_contact_angles,no,yes
CA0477,SFC_37A719049846,SDX004,LIQ_6656B41AB7,97.0,static,sessile_drop,298.15,,1.0,,,2.8,,,A_high,none,14.3,11.46,2.84,apparent OWRK features recalculated from same-source multi-liquid contact angles for v3.4 source-disjoint external; not an independent surface-energy measurement,inferred_from_contact_angles,"Table 4 direct values; coated laser-textured CFRP samples after cleaning cycles, measured with water, formamide, and diiodomethane",CA0477,inferred_from_contact_angles,no,yes
CA0478,SFC_37DC2984D4A3,SDX004,LIQ_0F4168490E,126.0,static,sessile_drop,298.15,,1.0,,,7.8,,,A_high,none,11.08,10.84,0.24,apparent OWRK features recalculated from same-source multi-liquid contact angles for v3.4 source-disjoint external; not an independent surface-energy measurement,inferred_from_contact_angles,"Table 4 direct values; coated laser-textured CFRP samples after cleaning cycles, measured with water, formamide, and diiodomethane",CA0478,inferred_from_contact_angles,no,yes
CA0479,SFC_37DC2984D4A3,SDX004,LIQ_1BD1B94C09,126.0,static,sessile_drop,298.15,,1.0,,,5.0,,,A_high,none,11.08,10.84,0.24,apparent OWRK features recalculated from same-source multi-liquid contact angles for v3.4 source-disjoint external; not an independent surface-energy measurement,inferred_from_contact_angles,"Table 4 direct values; coated laser-textured CFRP samples after cleaning cycles, measured with water, formamide, and diiodomethane",CA0479,inferred_from_contact_angles,no,yes
CA0480,SFC_37DC2984D4A3,SDX004,LIQ_6656B41AB7,89.0,static,sessile_drop,298.15,,1.0,,,3.2,,,A_high,none,11.08,10.84,0.24,apparent OWRK features recalculated from same-source multi-liquid contact angles for v3.4 source-disjoint external; not an independent surface-energy measurement,inferred_from_contact_angles,"Table 4 direct values; coated laser-textured CFRP samples after cleaning cycles, measured with water, formamide, and diiodomethane",CA0480,inferred_from_contact_angles,no,yes
CA0481,SFC_F4538DDCF09A,SDX004,LIQ_0F4168490E,161.0,static,sessile_drop,298.15,,1.0,,,1.6,,,A_high,none,1.62,1.43,0.19,apparent OWRK features recalculated from same-source multi-liquid contact angles for v3.4 source-disjoint external; not an independent surface-energy measurement,inferred_from_contact_angles,"Table 4 direct values; coated laser-textured CFRP samples after cleaning cycles, measured with water, formamide, and diiodomethane",CA0481,inferred_from_contact_angles,no,yes
CA0482,SFC_F4538DDCF09A,SDX004,LIQ_1BD1B94C09,141.0,static,sessile_drop,298.15,,1.0,,,2.3,,,A_high,none,1.62,1.43,0.19,apparent OWRK features recalculated from same-source multi-liquid contact angles for v3.4 source-disjoint external; not an independent surface-energy measurement,inferred_from_contact_angles,"Table 4 direct values; coated laser-textured CFRP samples after cleaning cycles, measured with water, formamide, and diiodomethane",CA0482,inferred_from_contact_angles,no,yes
CA0483,SFC_F4538DDCF09A,SDX004,LIQ_6656B41AB7,136.0,static,sessile_drop,298.15,,1.0,,,3.4,,,A_high,none,1.62,1.43,0.19,apparent OWRK features recalculated from same-source multi-liquid contact angles for v3.4 source-disjoint external; not an independent surface-energy measurement,inferred_from_contact_angles,"Table 4 direct values; coated laser-textured CFRP samples after cleaning cycles, measured with water, formamide, and diiodomethane",CA0483,inferred_from_contact_angles,no,yes
CA0484,SFC_4B8196140353,SDX004,LIQ_0F4168490E,158.0,static,sessile_drop,298.15,,1.0,,,2.2,,,A_high,none,4.73,4.1,0.63,apparent OWRK features recalculated from same-source multi-liquid contact angles for v3.4 source-disjoint external; not an independent surface-energy measurement,inferred_from_contact_angles,"Table 4 direct values; coated laser-textured CFRP samples after cleaning cycles, measured with water, formamide, and diiodomethane",CA0484,inferred_from_contact_angles,no,yes
CA0485,SFC_4B8196140353,SDX004,LIQ_1BD1B94C09,127.0,static,sessile_drop,298.15,,1.0,,,3.8,,,A_high,none,4.73,4.1,0.63,apparent OWRK features recalculated from same-source multi-liquid contact angles for v3.4 source-disjoint external; not an independent surface-energy measurement,inferred_from_contact_angles,"Table 4 direct values; coated laser-textured CFRP samples after cleaning cycles, measured with water, formamide, and diiodomethane",CA0485,inferred_from_contact_angles,no,yes
CA0486,SFC_4B8196140353,SDX004,LIQ_6656B41AB7,123.0,static,sessile_drop,298.15,,1.0,,,4.2,,,A_high,none,4.73,4.1,0.63,apparent OWRK features recalculated from same-source multi-liquid contact angles for v3.4 source-disjoint external; not an independent surface-energy measurement,inferred_from_contact_angles,"Table 4 direct values; coated laser-textured CFRP samples after cleaning cycles, measured with water, formamide, and diiodomethane",CA0486,inferred_from_contact_angles,no,yes
CA0487,SFC_7287C875CEAD,SDX004,LIQ_0F4168490E,146.0,static,sessile_drop,298.15,,1.0,,,6.4,,,A_high,none,4.21,3.87,0.35,apparent OWRK features recalculated from same-source multi-liquid contact angles for v3.4 source-disjoint external; not an independent surface-energy measurement,inferred_from_contact_angles,"Table 4 direct values; coated laser-textured CFRP samples after cleaning cycles, measured with water, formamide, and diiodomethane",CA0487,inferred_from_contact_angles,no,yes
CA0488,SFC_7287C875CEAD,SDX004,LIQ_1BD1B94C09,139.0,static,sessile_drop,298.15,,1.0,,,4.0,,,A_high,none,4.21,3.87,0.35,apparent OWRK features recalculated from same-source multi-liquid contact angles for v3.4 source-disjoint external; not an independent surface-energy measurement,inferred_from_contact_angles,"Table 4 direct values; coated laser-textured CFRP samples after cleaning cycles, measured with water, formamide, and diiodomethane",CA0488,inferred_from_contact_angles,no,yes
CA0489,SFC_7287C875CEAD,SDX004,LIQ_6656B41AB7,116.0,static,sessile_drop,298.15,,1.0,,,3.7,,,A_high,none,4.21,3.87,0.35,apparent OWRK features recalculated from same-source multi-liquid contact angles for v3.4 source-disjoint external; not an independent surface-energy measurement,inferred_from_contact_angles,"Table 4 direct values; coated laser-textured CFRP samples after cleaning cycles, measured with water, formamide, and diiodomethane",CA0489,inferred_from_contact_angles,no,yes
CA0490,SFC_72042D49E582,SDX004,LIQ_0F4168490E,135.0,static,sessile_drop,298.15,,1.0,,,6.3,,,A_high,none,5.41,5.23,0.19,apparent OWRK features recalculated from same-source multi-liquid contact angles for v3.4 source-disjoint external; not an independent surface-energy measurement,inferred_from_contact_angles,"Table 4 direct values; coated laser-textured CFRP samples after cleaning cycles, measured with water, formamide, and diiodomethane",CA0490,inferred_from_contact_angles,no,yes
CA0491,SFC_72042D49E582,SDX004,LIQ_1BD1B94C09,142.0,static,sessile_drop,298.15,,1.0,,,3.6,,,A_high,none,5.41,5.23,0.19,apparent OWRK features recalculated from same-source multi-liquid contact angles for v3.4 source-disjoint external; not an independent surface-energy measurement,inferred_from_contact_angles,"Table 4 direct values; coated laser-textured CFRP samples after cleaning cycles, measured with water, formamide, and diiodomethane",CA0491,inferred_from_contact_angles,no,yes
CA0492,SFC_72042D49E582,SDX004,LIQ_6656B41AB7,105.0,static,sessile_drop,298.15,,1.0,,,5.0,,,A_high,none,5.41,5.23,0.19,apparent OWRK features recalculated from same-source multi-liquid contact angles for v3.4 source-disjoint external; not an independent surface-energy measurement,inferred_from_contact_angles,"Table 4 direct values; coated laser-textured CFRP samples after cleaning cycles, measured with water, formamide, and diiodomethane",CA0492,inferred_from_contact_angles,no,yes
CA0493,SFC_8510C10E7F44,SDX004,LIQ_0F4168490E,156.0,static,sessile_drop,298.15,,1.0,,,1.9,,,A_high,none,0.75,0.74,0.01,apparent OWRK features recalculated from same-source multi-liquid contact angles for v3.4 source-disjoint external; not an independent surface-energy measurement,inferred_from_contact_angles,"Table 4 direct values; coated laser-textured CFRP samples after cleaning cycles, measured with water, formamide, and diiodomethane",CA0493,inferred_from_contact_angles,no,yes
CA0494,SFC_8510C10E7F44,SDX004,LIQ_1BD1B94C09,145.0,static,sessile_drop,298.15,,1.0,,,1.7,,,A_high,none,0.75,0.74,0.01,apparent OWRK features recalculated from same-source multi-liquid contact angles for v3.4 source-disjoint external; not an independent surface-energy measurement,inferred_from_contact_angles,"Table 4 direct values; coated laser-textured CFRP samples after cleaning cycles, measured with water, formamide, and diiodomethane",CA0494,inferred_from_contact_angles,no,yes
CA0495,SFC_8510C10E7F44,SDX004,LIQ_6656B41AB7,141.0,static,sessile_drop,298.15,,1.0,,,3.2,,,A_high,none,0.75,0.74,0.01,apparent OWRK features recalculated from same-source multi-liquid contact angles for v3.4 source-disjoint external; not an independent surface-energy measurement,inferred_from_contact_angles,"Table 4 direct values; coated laser-textured CFRP samples after cleaning cycles, measured with water, formamide, and diiodomethane",CA0495,inferred_from_contact_angles,no,yes
CA0496,SFC_3FA2C1A21D11,SDX004,LIQ_0F4168490E,153.0,static,sessile_drop,298.15,,1.0,,,2.2,,,A_high,none,0.92,0.9,0.02,apparent OWRK features recalculated from same-source multi-liquid contact angles for v3.4 source-disjoint external; not an independent surface-energy measurement,inferred_from_contact_angles,"Table 4 direct values; coated laser-textured CFRP samples after cleaning cycles, measured with water, formamide, and diiodomethane",CA0496,inferred_from_contact_angles,no,yes
CA0497,SFC_3FA2C1A21D11,SDX004,LIQ_1BD1B94C09,150.0,static,sessile_drop,298.15,,1.0,,,2.1,,,A_high,none,0.92,0.9,0.02,apparent OWRK features recalculated from same-source multi-liquid contact angles for v3.4 source-disjoint external; not an independent surface-energy measurement,inferred_from_contact_angles,"Table 4 direct values; coated laser-textured CFRP samples after cleaning cycles, measured with water, formamide, and diiodomethane",CA0497,inferred_from_contact_angles,no,yes
CA0498,SFC_3FA2C1A21D11,SDX004,LIQ_6656B41AB7,136.0,static,sessile_drop,298.15,,1.0,,,3.1,,,A_high,none,0.92,0.9,0.02,apparent OWRK features recalculated from same-source multi-liquid contact angles for v3.4 source-disjoint external; not an independent surface-energy measurement,inferred_from_contact_angles,"Table 4 direct values; coated laser-textured CFRP samples after cleaning cycles, measured with water, formamide, and diiodomethane",CA0498,inferred_from_contact_angles,no,yes
CA0499,SFC_1D3B0F1839B5,SDX004,LIQ_0F4168490E,147.0,static,sessile_drop,298.15,,1.0,,,5.5,,,A_high,none,1.04,1.04,0.01,apparent OWRK features recalculated from same-source multi-liquid contact angles for v3.4 source-disjoint external; not an independent surface-energy measurement,inferred_from_contact_angles,"Table 4 direct values; coated laser-textured CFRP samples after cleaning cycles, measured with water, formamide, and diiodomethane",CA0499,inferred_from_contact_angles,no,yes
CA0500,SFC_1D3B0F1839B5,SDX004,LIQ_1BD1B94C09,143.0,static,sessile_drop,298.15,,1.0,,,3.6,,,A_high,none,1.04,1.04,0.01,apparent OWRK features recalculated from same-source multi-liquid contact angles for v3.4 source-disjoint external; not an independent surface-energy measurement,inferred_from_contact_angles,"Table 4 direct values; coated laser-textured CFRP samples after cleaning cycles, measured with water, formamide, and diiodomethane",CA0500,inferred_from_contact_angles,no,yes
CA0501,SFC_1D3B0F1839B5,SDX004,LIQ_6656B41AB7,134.0,static,sessile_drop,298.15,,1.0,,,2.5,,,A_high,none,1.04,1.04,0.01,apparent OWRK features recalculated from same-source multi-liquid contact angles for v3.4 source-disjoint external; not an independent surface-energy measurement,inferred_from_contact_angles,"Table 4 direct values; coated laser-textured CFRP samples after cleaning cycles, measured with water, formamide, and diiodomethane",CA0501,inferred_from_contact_angles,no,yes
CA0502,SFC_D17DAFC2AFDE,SDX004,LIQ_0F4168490E,145.0,static,sessile_drop,298.15,,1.0,,,3.2,,,A_high,none,8.02,6.92,1.11,apparent OWRK features recalculated from same-source multi-liquid contact angles for v3.4 source-disjoint external; not an independent surface-energy measurement,inferred_from_contact_angles,"Table 4 direct values; coated laser-textured CFRP samples after cleaning cycles, measured with water, formamide, and diiodomethane",CA0502,inferred_from_contact_angles,no,yes
CA0503,SFC_D17DAFC2AFDE,SDX004,LIQ_1BD1B94C09,136.0,static,sessile_drop,298.15,,1.0,,,4.3,,,A_high,none,8.02,6.92,1.11,apparent OWRK features recalculated from same-source multi-liquid contact angles for v3.4 source-disjoint external; not an independent surface-energy measurement,inferred_from_contact_angles,"Table 4 direct values; coated laser-textured CFRP samples after cleaning cycles, measured with water, formamide, and diiodomethane",CA0503,inferred_from_contact_angles,no,yes
CA0504,SFC_D17DAFC2AFDE,SDX004,LIQ_6656B41AB7,105.0,static,sessile_drop,298.15,,1.0,,,4.8,,,A_high,none,8.02,6.92,1.11,apparent OWRK features recalculated from same-source multi-liquid contact angles for v3.4 source-disjoint external; not an independent surface-energy measurement,inferred_from_contact_angles,"Table 4 direct values; coated laser-textured CFRP samples after cleaning cycles, measured with water, formamide, and diiodomethane",CA0504,inferred_from_contact_angles,no,yes
CA0505,SFC_65564B0B1510,SDX004,LIQ_0F4168490E,155.0,static,sessile_drop,298.15,,1.0,,,2.8,,,A_high,none,2.09,2.0,0.08,apparent OWRK features recalculated from same-source multi-liquid contact angles for v3.4 source-disjoint external; not an independent surface-energy measurement,inferred_from_contact_angles,"Table 4 direct values; coated laser-textured CFRP samples after cleaning cycles, measured with water, formamide, and diiodomethane",CA0505,inferred_from_contact_angles,no,yes
CA0506,SFC_65564B0B1510,SDX004,LIQ_1BD1B94C09,131.0,static,sessile_drop,298.15,,1.0,,,2.3,,,A_high,none,2.09,2.0,0.08,apparent OWRK features recalculated from same-source multi-liquid contact angles for v3.4 source-disjoint external; not an independent surface-energy measurement,inferred_from_contact_angles,"Table 4 direct values; coated laser-textured CFRP samples after cleaning cycles, measured with water, formamide, and diiodomethane",CA0506,inferred_from_contact_angles,no,yes
CA0507,SFC_65564B0B1510,SDX004,LIQ_6656B41AB7,133.0,static,sessile_drop,298.15,,1.0,,,4.3,,,A_high,none,2.09,2.0,0.08,apparent OWRK features recalculated from same-source multi-liquid contact angles for v3.4 source-disjoint external; not an independent surface-energy measurement,inferred_from_contact_angles,"Table 4 direct values; coated laser-textured CFRP samples after cleaning cycles, measured with water, formamide, and diiodomethane",CA0507,inferred_from_contact_angles,no,yes
CA0508,SFC_FD7BF6ACBE27,SDX004,LIQ_0F4168490E,149.0,static,sessile_drop,298.15,,1.0,,,2.1,,,A_high,none,1.69,1.69,0.0,apparent OWRK features recalculated from same-source multi-liquid contact angles for v3.4 source-disjoint external; not an independent surface-energy measurement,inferred_from_contact_angles,"Table 4 direct values; coated laser-textured CFRP samples after cleaning cycles, measured with water, formamide, and diiodomethane",CA0508,inferred_from_contact_angles,no,yes
CA0509,SFC_FD7BF6ACBE27,SDX004,LIQ_1BD1B94C09,134.0,static,sessile_drop,298.15,,1.0,,,3.5,,,A_high,none,1.69,1.69,0.0,apparent OWRK features recalculated from same-source multi-liquid contact angles for v3.4 source-disjoint external; not an independent surface-energy measurement,inferred_from_contact_angles,"Table 4 direct values; coated laser-textured CFRP samples after cleaning cycles, measured with water, formamide, and diiodomethane",CA0509,inferred_from_contact_angles,no,yes
CA0510,SFC_FD7BF6ACBE27,SDX004,LIQ_6656B41AB7,132.0,static,sessile_drop,298.15,,1.0,,,4.7,,,A_high,none,1.69,1.69,0.0,apparent OWRK features recalculated from same-source multi-liquid contact angles for v3.4 source-disjoint external; not an independent surface-energy measurement,inferred_from_contact_angles,"Table 4 direct values; coated laser-textured CFRP samples after cleaning cycles, measured with water, formamide, and diiodomethane",CA0510,inferred_from_contact_angles,no,yes
CA0511,SFC_3A3E77A94794,SDX004,LIQ_0F4168490E,148.0,static,sessile_drop,298.15,,1.0,,,3.1,,,A_high,none,2.52,2.5,0.02,apparent OWRK features recalculated from same-source multi-liquid contact angles for v3.4 source-disjoint external; not an independent surface-energy measurement,inferred_from_contact_angles,"Table 4 direct values; coated laser-textured CFRP samples after cleaning cycles, measured with water, formamide, and diiodomethane",CA0511,inferred_from_contact_angles,no,yes
CA0512,SFC_3A3E77A94794,SDX004,LIQ_1BD1B94C09,128.0,static,sessile_drop,298.15,,1.0,,,4.0,,,A_high,none,2.52,2.5,0.02,apparent OWRK features recalculated from same-source multi-liquid contact angles for v3.4 source-disjoint external; not an independent surface-energy measurement,inferred_from_contact_angles,"Table 4 direct values; coated laser-textured CFRP samples after cleaning cycles, measured with water, formamide, and diiodomethane",CA0512,inferred_from_contact_angles,no,yes
CA0513,SFC_3A3E77A94794,SDX004,LIQ_6656B41AB7,128.0,static,sessile_drop,298.15,,1.0,,,2.5,,,A_high,none,2.52,2.5,0.02,apparent OWRK features recalculated from same-source multi-liquid contact angles for v3.4 source-disjoint external; not an independent surface-energy measurement,inferred_from_contact_angles,"Table 4 direct values; coated laser-textured CFRP samples after cleaning cycles, measured with water, formamide, and diiodomethane",CA0513,inferred_from_contact_angles,no,yes
CA0514,SFC_78D1FEDEA019,SDX004,LIQ_0F4168490E,142.0,static,sessile_drop,298.15,,1.0,,,3.3,,,A_high,none,5.69,5.39,0.31,apparent OWRK features recalculated from same-source multi-liquid contact angles for v3.4 source-disjoint external; not an independent surface-energy measurement,inferred_from_contact_angles,"Table 4 direct values; coated laser-textured CFRP samples after cleaning cycles, measured with water, formamide, and diiodomethane",CA0514,inferred_from_contact_angles,no,yes
CA0515,SFC_78D1FEDEA019,SDX004,LIQ_1BD1B94C09,130.0,static,sessile_drop,298.15,,1.0,,,3.8,,,A_high,none,5.69,5.39,0.31,apparent OWRK features recalculated from same-source multi-liquid contact angles for v3.4 source-disjoint external; not an independent surface-energy measurement,inferred_from_contact_angles,"Table 4 direct values; coated laser-textured CFRP samples after cleaning cycles, measured with water, formamide, and diiodomethane",CA0515,inferred_from_contact_angles,no,yes
CA0516,SFC_78D1FEDEA019,SDX004,LIQ_6656B41AB7,111.0,static,sessile_drop,298.15,,1.0,,,3.7,,,A_high,none,5.69,5.39,0.31,apparent OWRK features recalculated from same-source multi-liquid contact angles for v3.4 source-disjoint external; not an independent surface-energy measurement,inferred_from_contact_angles,"Table 4 direct values; coated laser-textured CFRP samples after cleaning cycles, measured with water, formamide, and diiodomethane",CA0516,inferred_from_contact_angles,no,yes
CA0517,SFC_755688E8B50B,SDX005,LIQ_0F4168490E,125.6,static,sessile_drop,298.15,,1.0,,,,,,A_high,none,17.23,16.5,0.73,apparent OWRK features recalculated from same-source multi-liquid contact angles for v3.4 source-disjoint external; not an independent surface-energy measurement,inferred_from_contact_angles,"Table 4 direct values; polymer/silica low-surface-energy coatings measured with water, formamide, and diiodomethane",CA0517,inferred_from_contact_angles,no,yes
CA0518,SFC_755688E8B50B,SDX005,LIQ_1BD1B94C09,114.8,static,sessile_drop,298.15,,1.0,,,,,,A_high,none,17.23,16.5,0.73,apparent OWRK features recalculated from same-source multi-liquid contact angles for v3.4 source-disjoint external; not an independent surface-energy measurement,inferred_from_contact_angles,"Table 4 direct values; polymer/silica low-surface-energy coatings measured with water, formamide, and diiodomethane",CA0518,inferred_from_contact_angles,no,yes
CA0519,SFC_755688E8B50B,SDX005,LIQ_6656B41AB7,80.2,static,sessile_drop,298.15,,1.0,,,,,,A_high,none,17.23,16.5,0.73,apparent OWRK features recalculated from same-source multi-liquid contact angles for v3.4 source-disjoint external; not an independent surface-energy measurement,inferred_from_contact_angles,"Table 4 direct values; polymer/silica low-surface-energy coatings measured with water, formamide, and diiodomethane",CA0519,inferred_from_contact_angles,no,yes
CA0520,SFC_590E8318F5D5,SDX005,LIQ_0F4168490E,115.5,static,sessile_drop,298.15,,1.0,,,,,,A_high,none,15.67,15.67,0.0,apparent OWRK features recalculated from same-source multi-liquid contact angles for v3.4 source-disjoint external; not an independent surface-energy measurement,inferred_from_contact_angles,"Table 4 direct values; polymer/silica low-surface-energy coatings measured with water, formamide, and diiodomethane",CA0520,inferred_from_contact_angles,no,yes
CA0521,SFC_590E8318F5D5,SDX005,LIQ_1BD1B94C09,106.2,static,sessile_drop,298.15,,1.0,,,,,,A_high,none,15.67,15.67,0.0,apparent OWRK features recalculated from same-source multi-liquid contact angles for v3.4 source-disjoint external; not an independent surface-energy measurement,inferred_from_contact_angles,"Table 4 direct values; polymer/silica low-surface-energy coatings measured with water, formamide, and diiodomethane",CA0521,inferred_from_contact_angles,no,yes
CA0522,SFC_590E8318F5D5,SDX005,LIQ_6656B41AB7,79.8,static,sessile_drop,298.15,,1.0,,,,,,A_high,none,15.67,15.67,0.0,apparent OWRK features recalculated from same-source multi-liquid contact angles for v3.4 source-disjoint external; not an independent surface-energy measurement,inferred_from_contact_angles,"Table 4 direct values; polymer/silica low-surface-energy coatings measured with water, formamide, and diiodomethane",CA0522,inferred_from_contact_angles,no,yes
CA0523,SFC_42A21ABE09F9,SDX005,LIQ_0F4168490E,116.6,static,sessile_drop,298.15,,1.0,,,,,,A_high,none,20.66,20.51,0.15,apparent OWRK features recalculated from same-source multi-liquid contact angles for v3.4 source-disjoint external; not an independent surface-energy measurement,inferred_from_contact_angles,"Table 4 direct values; polymer/silica low-surface-energy coatings measured with water, formamide, and diiodomethane",CA0523,inferred_from_contact_angles,no,yes
CA0524,SFC_42A21ABE09F9,SDX005,LIQ_1BD1B94C09,101.8,static,sessile_drop,298.15,,1.0,,,,,,A_high,none,20.66,20.51,0.15,apparent OWRK features recalculated from same-source multi-liquid contact angles for v3.4 source-disjoint external; not an independent surface-energy measurement,inferred_from_contact_angles,"Table 4 direct values; polymer/silica low-surface-energy coatings measured with water, formamide, and diiodomethane",CA0524,inferred_from_contact_angles,no,yes
CA0525,SFC_42A21ABE09F9,SDX005,LIQ_6656B41AB7,72.7,static,sessile_drop,298.15,,1.0,,,,,,A_high,none,20.66,20.51,0.15,apparent OWRK features recalculated from same-source multi-liquid contact angles for v3.4 source-disjoint external; not an independent surface-energy measurement,inferred_from_contact_angles,"Table 4 direct values; polymer/silica low-surface-energy coatings measured with water, formamide, and diiodomethane",CA0525,inferred_from_contact_angles,no,yes
CA0526,SFC_9B7B7B694E91,SDX005,LIQ_0F4168490E,136.4,static,sessile_drop,298.15,,1.0,,,,,,A_high,none,10.39,9.49,0.9,apparent OWRK features recalculated from same-source multi-liquid contact angles for v3.4 source-disjoint external; not an independent surface-energy measurement,inferred_from_contact_angles,"Table 4 direct values; polymer/silica low-surface-energy coatings measured with water, formamide, and diiodomethane",CA0526,inferred_from_contact_angles,no,yes
CA0527,SFC_9B7B7B694E91,SDX005,LIQ_1BD1B94C09,130.5,static,sessile_drop,298.15,,1.0,,,,,,A_high,none,10.39,9.49,0.9,apparent OWRK features recalculated from same-source multi-liquid contact angles for v3.4 source-disjoint external; not an independent surface-energy measurement,inferred_from_contact_angles,"Table 4 direct values; polymer/silica low-surface-energy coatings measured with water, formamide, and diiodomethane",CA0527,inferred_from_contact_angles,no,yes
CA0528,SFC_9B7B7B694E91,SDX005,LIQ_6656B41AB7,95.8,static,sessile_drop,298.15,,1.0,,,,,,A_high,none,10.39,9.49,0.9,apparent OWRK features recalculated from same-source multi-liquid contact angles for v3.4 source-disjoint external; not an independent surface-energy measurement,inferred_from_contact_angles,"Table 4 direct values; polymer/silica low-surface-energy coatings measured with water, formamide, and diiodomethane",CA0528,inferred_from_contact_angles,no,yes
CA0529,SFC_55DDAE9FF4E5,SDX006,LIQ_0F4168490E,73.7,static,sessile_drop,298.15,,1.0,,,5.0,,,A_high,none,39.91,31.86,8.05,apparent OWRK features recalculated from same-source multi-liquid contact angles for v3.4 source-disjoint external; not an independent surface-energy measurement,inferred_from_contact_angles,Table 3 direct values; chitosan/dialdehyde and DES-modified films measured with water and diiodomethane,CA0529,inferred_from_contact_angles,no,yes
CA0530,SFC_55DDAE9FF4E5,SDX006,LIQ_6656B41AB7,44.2,static,sessile_drop,298.15,,1.0,,,3.3,,,A_high,none,39.91,31.86,8.05,apparent OWRK features recalculated from same-source multi-liquid contact angles for v3.4 source-disjoint external; not an independent surface-energy measurement,inferred_from_contact_angles,Table 3 direct values; chitosan/dialdehyde and DES-modified films measured with water and diiodomethane,CA0530,inferred_from_contact_angles,no,yes
CA0531,SFC_8810EE8758ED,SDX006,LIQ_0F4168490E,88.7,static,sessile_drop,298.15,,1.0,,,4.0,,,A_high,none,32.29,29.54,2.75,apparent OWRK features recalculated from same-source multi-liquid contact angles for v3.4 source-disjoint external; not an independent surface-energy measurement,inferred_from_contact_angles,Table 3 direct values; chitosan/dialdehyde and DES-modified films measured with water and diiodomethane,CA0531,inferred_from_contact_angles,no,yes
CA0532,SFC_8810EE8758ED,SDX006,LIQ_6656B41AB7,53.9,static,sessile_drop,298.15,,1.0,,,2.1,,,A_high,none,32.29,29.54,2.75,apparent OWRK features recalculated from same-source multi-liquid contact angles for v3.4 source-disjoint external; not an independent surface-energy measurement,inferred_from_contact_angles,Table 3 direct values; chitosan/dialdehyde and DES-modified films measured with water and diiodomethane,CA0532,inferred_from_contact_angles,no,yes
CA0533,SFC_15EC92D72DA3,SDX006,LIQ_0F4168490E,99.2,static,sessile_drop,298.15,,1.0,,,3.8,,,A_high,none,25.02,23.83,1.19,apparent OWRK features recalculated from same-source multi-liquid contact angles for v3.4 source-disjoint external; not an independent surface-energy measurement,inferred_from_contact_angles,Table 3 direct values; chitosan/dialdehyde and DES-modified films measured with water and diiodomethane,CA0533,inferred_from_contact_angles,no,yes
CA0534,SFC_15EC92D72DA3,SDX006,LIQ_6656B41AB7,66.2,static,sessile_drop,298.15,,1.0,,,3.5,,,A_high,none,25.02,23.83,1.19,apparent OWRK features recalculated from same-source multi-liquid contact angles for v3.4 source-disjoint external; not an independent surface-energy measurement,inferred_from_contact_angles,Table 3 direct values; chitosan/dialdehyde and DES-modified films measured with water and diiodomethane,CA0534,inferred_from_contact_angles,no,yes
CA0535,SFC_7ABDB4BDAFA3,SDX006,LIQ_0F4168490E,105.8,static,sessile_drop,298.15,,1.0,,,4.2,,,A_high,none,21.39,20.87,0.52,apparent OWRK features recalculated from same-source multi-liquid contact angles for v3.4 source-disjoint external; not an independent surface-energy measurement,inferred_from_contact_angles,Table 3 direct values; chitosan/dialdehyde and DES-modified films measured with water and diiodomethane,CA0535,inferred_from_contact_angles,no,yes
CA0536,SFC_7ABDB4BDAFA3,SDX006,LIQ_6656B41AB7,72.8,static,sessile_drop,298.15,,1.0,,,3.1,,,A_high,none,21.39,20.87,0.52,apparent OWRK features recalculated from same-source multi-liquid contact angles for v3.4 source-disjoint external; not an independent surface-energy measurement,inferred_from_contact_angles,Table 3 direct values; chitosan/dialdehyde and DES-modified films measured with water and diiodomethane,CA0536,inferred_from_contact_angles,no,yes
CA0537,SFC_86D193058DBE,SDX006,LIQ_0F4168490E,112.6,static,sessile_drop,298.15,,1.0,,,3.7,,,A_high,none,18.69,18.58,0.1,apparent OWRK features recalculated from same-source multi-liquid contact angles for v3.4 source-disjoint external; not an independent surface-energy measurement,inferred_from_contact_angles,Table 3 direct values; chitosan/dialdehyde and DES-modified films measured with water and diiodomethane,CA0537,inferred_from_contact_angles,no,yes
CA0538,SFC_86D193058DBE,SDX006,LIQ_6656B41AB7,78.4,static,sessile_drop,298.15,,1.0,,,3.0,,,A_high,none,18.69,18.58,0.1,apparent OWRK features recalculated from same-source multi-liquid contact angles for v3.4 source-disjoint external; not an independent surface-energy measurement,inferred_from_contact_angles,Table 3 direct values; chitosan/dialdehyde and DES-modified films measured with water and diiodomethane,CA0538,inferred_from_contact_angles,no,yes
CA0539,SFC_C578D204BBE3,SDX006,LIQ_0F4168490E,115.4,static,sessile_drop,298.15,,1.0,,,3.5,,,A_high,none,16.33,16.26,0.08,apparent OWRK features recalculated from same-source multi-liquid contact angles for v3.4 source-disjoint external; not an independent surface-energy measurement,inferred_from_contact_angles,Table 3 direct values; chitosan/dialdehyde and DES-modified films measured with water and diiodomethane,CA0539,inferred_from_contact_angles,no,yes
CA0540,SFC_C578D204BBE3,SDX006,LIQ_6656B41AB7,83.0,static,sessile_drop,298.15,,1.0,,,2.9,,,A_high,none,16.33,16.26,0.08,apparent OWRK features recalculated from same-source multi-liquid contact angles for v3.4 source-disjoint external; not an independent surface-energy measurement,inferred_from_contact_angles,Table 3 direct values; chitosan/dialdehyde and DES-modified films measured with water and diiodomethane,CA0540,inferred_from_contact_angles,no,yes
CA0541,SFC_AEDDDB49C107,SDX006,LIQ_0F4168490E,118.0,static,sessile_drop,298.15,,1.0,,,3.3,,,A_high,none,14.14,14.07,0.06,apparent OWRK features recalculated from same-source multi-liquid contact angles for v3.4 source-disjoint external; not an independent surface-energy measurement,inferred_from_contact_angles,Table 3 direct values; chitosan/dialdehyde and DES-modified films measured with water and diiodomethane,CA0541,inferred_from_contact_angles,no,yes
CA0542,SFC_AEDDDB49C107,SDX006,LIQ_6656B41AB7,87.5,static,sessile_drop,298.15,,1.0,,,2.7,,,A_high,none,14.14,14.07,0.06,apparent OWRK features recalculated from same-source multi-liquid contact angles for v3.4 source-disjoint external; not an independent surface-energy measurement,inferred_from_contact_angles,Table 3 direct values; chitosan/dialdehyde and DES-modified films measured with water and diiodomethane,CA0542,inferred_from_contact_angles,no,yes
CA0543,SFC_12E012885148,SDX006,LIQ_0F4168490E,120.5,static,sessile_drop,298.15,,1.0,,,3.1,,,A_high,none,12.48,12.43,0.04,apparent OWRK features recalculated from same-source multi-liquid contact angles for v3.4 source-disjoint external; not an independent surface-energy measurement,inferred_from_contact_angles,Table 3 direct values; chitosan/dialdehyde and DES-modified films measured with water and diiodomethane,CA0543,inferred_from_contact_angles,no,yes
CA0544,SFC_12E012885148,SDX006,LIQ_6656B41AB7,91.2,static,sessile_drop,298.15,,1.0,,,2.5,,,A_high,none,12.48,12.43,0.04,apparent OWRK features recalculated from same-source multi-liquid contact angles for v3.4 source-disjoint external; not an independent surface-energy measurement,inferred_from_contact_angles,Table 3 direct values; chitosan/dialdehyde and DES-modified films measured with water and diiodomethane,CA0544,inferred_from_contact_angles,no,yes
CA0545,SFC_159FF1E1E160,SDX001,LIQ_0F4168490E,76.4,static,sessile_drop,298.15,,1.0,,,2.8,,,A_high,none,38.74,31.99,6.75,apparent OWRK features recalculated from same-source multi-liquid contact angles for v3.4 source-disjoint external; not an independent surface-energy measurement,inferred_from_contact_angles,Table 3 direct values; PMMA and laser/GO/CBD-modified PMMA measured with water and diiodomethane,CA0545,inferred_from_contact_angles,no,yes
CA0546,SFC_159FF1E1E160,SDX001,LIQ_6656B41AB7,45.1,static,sessile_drop,298.15,,1.0,,,2.1,,,A_high,none,38.74,31.99,6.75,apparent OWRK features recalculated from same-source multi-liquid contact angles for v3.4 source-disjoint external; not an independent surface-energy measurement,inferred_from_contact_angles,Table 3 direct values; PMMA and laser/GO/CBD-modified PMMA measured with water and diiodomethane,CA0546,inferred_from_contact_angles,no,yes
CA0547,SFC_91A5214A0C27,SDX001,LIQ_0F4168490E,73.5,static,sessile_drop,298.15,,1.0,,,3.2,,,A_high,none,41.14,33.53,7.61,apparent OWRK features recalculated from same-source multi-liquid contact angles for v3.4 source-disjoint external; not an independent surface-energy measurement,inferred_from_contact_angles,Table 3 direct values; PMMA and laser/GO/CBD-modified PMMA measured with water and diiodomethane,CA0547,inferred_from_contact_angles,no,yes
CA0548,SFC_91A5214A0C27,SDX001,LIQ_6656B41AB7,41.2,static,sessile_drop,298.15,,1.0,,,2.8,,,A_high,none,41.14,33.53,7.61,apparent OWRK features recalculated from same-source multi-liquid contact angles for v3.4 source-disjoint external; not an independent surface-energy measurement,inferred_from_contact_angles,Table 3 direct values; PMMA and laser/GO/CBD-modified PMMA measured with water and diiodomethane,CA0548,inferred_from_contact_angles,no,yes
CA0549,SFC_3C4F304244DF,SDX001,LIQ_0F4168490E,51.3,static,sessile_drop,298.15,,1.0,,,6.1,,,A_high,none,51.37,28.25,23.13,apparent OWRK features recalculated from same-source multi-liquid contact angles for v3.4 source-disjoint external; not an independent surface-energy measurement,inferred_from_contact_angles,Table 3 direct values; PMMA and laser/GO/CBD-modified PMMA measured with water and diiodomethane,CA0549,inferred_from_contact_angles,no,yes
CA0550,SFC_3C4F304244DF,SDX001,LIQ_6656B41AB7,41.9,static,sessile_drop,298.15,,1.0,,,4.0,,,A_high,none,51.37,28.25,23.13,apparent OWRK features recalculated from same-source multi-liquid contact angles for v3.4 source-disjoint external; not an independent surface-energy measurement,inferred_from_contact_angles,Table 3 direct values; PMMA and laser/GO/CBD-modified PMMA measured with water and diiodomethane,CA0550,inferred_from_contact_angles,no,yes
CA0551,SFC_95A0FAE91CD0,SDX001,LIQ_0F4168490E,68.9,static,sessile_drop,298.15,,1.0,,,2.4,,,A_high,none,39.6,27.19,12.41,apparent OWRK features recalculated from same-source multi-liquid contact angles for v3.4 source-disjoint external; not an independent surface-energy measurement,inferred_from_contact_angles,Table 3 direct values; PMMA and laser/GO/CBD-modified PMMA measured with water and diiodomethane,CA0551,inferred_from_contact_angles,no,yes
CA0552,SFC_95A0FAE91CD0,SDX001,LIQ_6656B41AB7,50.2,static,sessile_drop,298.15,,1.0,,,5.6,,,A_high,none,39.6,27.19,12.41,apparent OWRK features recalculated from same-source multi-liquid contact angles for v3.4 source-disjoint external; not an independent surface-energy measurement,inferred_from_contact_angles,Table 3 direct values; PMMA and laser/GO/CBD-modified PMMA measured with water and diiodomethane,CA0552,inferred_from_contact_angles,no,yes
CA0553,SFC_38EFEBA36525,SDX001,LIQ_0F4168490E,0.0,static,sessile_drop,298.15,,1.0,,,,,,A_high,none,73.13,26.54,46.59,apparent OWRK features recalculated from same-source multi-liquid contact angles for v3.4 source-disjoint external; not an independent surface-energy measurement,inferred_from_contact_angles,Table 3 direct values; PMMA and laser/GO/CBD-modified PMMA measured with water and diiodomethane,CA0553,inferred_from_contact_angles,no,yes
CA0554,SFC_38EFEBA36525,SDX001,LIQ_6656B41AB7,34.9,static,sessile_drop,298.15,,1.0,,,2.8,,,A_high,none,73.13,26.54,46.59,apparent OWRK features recalculated from same-source multi-liquid contact angles for v3.4 source-disjoint external; not an independent surface-energy measurement,inferred_from_contact_angles,Table 3 direct values; PMMA and laser/GO/CBD-modified PMMA measured with water and diiodomethane,CA0554,inferred_from_contact_angles,no,yes
CA0555,SFC_90843D24007D,SDX009,LIQ_0F4168490E,110.9,static,sessile_drop,298.15,,1.0,,,5.8,,,A_high,none,12.83,11.75,1.08,apparent OWRK features recalculated from same-source multi-liquid contact angles for v3.4 source-disjoint external; not an independent surface-energy measurement,inferred_from_contact_angles,Table 3 direct values; modified nonwoven polyester membranes measured with water and diiodomethane,CA0555,inferred_from_contact_angles,no,yes
CA0556,SFC_90843D24007D,SDX009,LIQ_6656B41AB7,89.9,static,sessile_drop,298.15,,1.0,,,3.9,,,A_high,none,12.83,11.75,1.08,apparent OWRK features recalculated from same-source multi-liquid contact angles for v3.4 source-disjoint external; not an independent surface-energy measurement,inferred_from_contact_angles,Table 3 direct values; modified nonwoven polyester membranes measured with water and diiodomethane,CA0556,inferred_from_contact_angles,no,yes
CA0557,SFC_962FBAB11443,SDX009,LIQ_0F4168490E,126.9,static,sessile_drop,298.15,,1.0,,,2.6,,,A_high,none,7.69,7.64,0.05,apparent OWRK features recalculated from same-source multi-liquid contact angles for v3.4 source-disjoint external; not an independent surface-energy measurement,inferred_from_contact_angles,Table 3 direct values; modified nonwoven polyester membranes measured with water and diiodomethane,CA0557,inferred_from_contact_angles,no,yes
CA0558,SFC_962FBAB11443,SDX009,LIQ_6656B41AB7,103.2,static,sessile_drop,298.15,,1.0,,,4.9,,,A_high,none,7.69,7.64,0.05,apparent OWRK features recalculated from same-source multi-liquid contact angles for v3.4 source-disjoint external; not an independent surface-energy measurement,inferred_from_contact_angles,Table 3 direct values; modified nonwoven polyester membranes measured with water and diiodomethane,CA0558,inferred_from_contact_angles,no,yes
CA0559,SFC_4A58BED65751,SDX009,LIQ_0F4168490E,120.3,static,sessile_drop,298.15,,1.0,,,4.4,,,A_high,none,6.84,5.98,0.86,apparent OWRK features recalculated from same-source multi-liquid contact angles for v3.4 source-disjoint external; not an independent surface-energy measurement,inferred_from_contact_angles,Table 3 direct values; modified nonwoven polyester membranes measured with water and diiodomethane,CA0559,inferred_from_contact_angles,no,yes
CA0560,SFC_4A58BED65751,SDX009,LIQ_6656B41AB7,105.9,static,sessile_drop,298.15,,1.0,,,4.3,,,A_high,none,6.84,5.98,0.86,apparent OWRK features recalculated from same-source multi-liquid contact angles for v3.4 source-disjoint external; not an independent surface-energy measurement,inferred_from_contact_angles,Table 3 direct values; modified nonwoven polyester membranes measured with water and diiodomethane,CA0560,inferred_from_contact_angles,no,yes
CA0561,SFC_FE7D2709B140,SDX009,LIQ_0F4168490E,105.7,static,sessile_drop,298.15,,1.0,,,7.1,,,A_high,none,11.3,7.66,3.64,apparent OWRK features recalculated from same-source multi-liquid contact angles for v3.4 source-disjoint external; not an independent surface-energy measurement,inferred_from_contact_angles,Table 3 direct values; modified nonwoven polyester membranes measured with water and diiodomethane,CA0561,inferred_from_contact_angles,no,yes
CA0562,SFC_FE7D2709B140,SDX009,LIQ_6656B41AB7,97.3,static,sessile_drop,298.15,,1.0,,,5.9,,,A_high,none,11.3,7.66,3.64,apparent OWRK features recalculated from same-source multi-liquid contact angles for v3.4 source-disjoint external; not an independent surface-energy measurement,inferred_from_contact_angles,Table 3 direct values; modified nonwoven polyester membranes measured with water and diiodomethane,CA0562,inferred_from_contact_angles,no,yes
CA0563,SFC_40DC495414A4,SDX008,LIQ_0F4168490E,118.1,static,sessile_drop,298.15,,1.0,,,,,,A_high,none,23.41,23.25,0.17,apparent OWRK features recalculated from same-source multi-liquid contact angles for v3.4 source-disjoint external; not an independent surface-energy measurement,inferred_from_contact_angles,"Table 4 direct values; PLA adsorption layers and substrate controls measured with water, formamide, and diiodomethane",CA0563,inferred_from_contact_angles,no,yes
CA0564,SFC_40DC495414A4,SDX008,LIQ_1BD1B94C09,90.0,static,sessile_drop,298.15,,1.0,,,,,,A_high,none,23.41,23.25,0.17,apparent OWRK features recalculated from same-source multi-liquid contact angles for v3.4 source-disjoint external; not an independent surface-energy measurement,inferred_from_contact_angles,"Table 4 direct values; PLA adsorption layers and substrate controls measured with water, formamide, and diiodomethane",CA0564,inferred_from_contact_angles,no,yes
CA0565,SFC_40DC495414A4,SDX008,LIQ_6656B41AB7,73.6,static,sessile_drop,298.15,,1.0,,,,,,A_high,none,23.41,23.25,0.17,apparent OWRK features recalculated from same-source multi-liquid contact angles for v3.4 source-disjoint external; not an independent surface-energy measurement,inferred_from_contact_angles,"Table 4 direct values; PLA adsorption layers and substrate controls measured with water, formamide, and diiodomethane",CA0565,inferred_from_contact_angles,no,yes
CA0566,SFC_21ABD9D32070,SDX008,LIQ_0F4168490E,24.6,static,sessile_drop,298.15,,1.0,,,,,,A_high,none,66.88,17.44,49.45,apparent OWRK features recalculated from same-source multi-liquid contact angles for v3.4 source-disjoint external; not an independent surface-energy measurement,inferred_from_contact_angles,"Table 4 direct values; PLA adsorption layers and substrate controls measured with water, formamide, and diiodomethane",CA0566,inferred_from_contact_angles,no,yes
CA0567,SFC_21ABD9D32070,SDX008,LIQ_1BD1B94C09,13.7,static,sessile_drop,298.15,,1.0,,,,,,A_high,none,66.88,17.44,49.45,apparent OWRK features recalculated from same-source multi-liquid contact angles for v3.4 source-disjoint external; not an independent surface-energy measurement,inferred_from_contact_angles,"Table 4 direct values; PLA adsorption layers and substrate controls measured with water, formamide, and diiodomethane",CA0567,inferred_from_contact_angles,no,yes
CA0568,SFC_21ABD9D32070,SDX008,LIQ_6656B41AB7,56.3,static,sessile_drop,298.15,,1.0,,,,,,A_high,none,66.88,17.44,49.45,apparent OWRK features recalculated from same-source multi-liquid contact angles for v3.4 source-disjoint external; not an independent surface-energy measurement,inferred_from_contact_angles,"Table 4 direct values; PLA adsorption layers and substrate controls measured with water, formamide, and diiodomethane",CA0568,inferred_from_contact_angles,no,yes
CA0569,SFC_086288EDF921,SDX008,LIQ_0F4168490E,78.5,static,sessile_drop,298.15,,1.0,,,,,,A_high,none,38.52,32.28,6.24,apparent OWRK features recalculated from same-source multi-liquid contact angles for v3.4 source-disjoint external; not an independent surface-energy measurement,inferred_from_contact_angles,"Table 4 direct values; PLA adsorption layers and substrate controls measured with water, formamide, and diiodomethane",CA0569,inferred_from_contact_angles,no,yes
CA0570,SFC_086288EDF921,SDX008,LIQ_1BD1B94C09,49.5,static,sessile_drop,298.15,,1.0,,,,,,A_high,none,38.52,32.28,6.24,apparent OWRK features recalculated from same-source multi-liquid contact angles for v3.4 source-disjoint external; not an independent surface-energy measurement,inferred_from_contact_angles,"Table 4 direct values; PLA adsorption layers and substrate controls measured with water, formamide, and diiodomethane",CA0570,inferred_from_contact_angles,no,yes
CA0571,SFC_086288EDF921,SDX008,LIQ_6656B41AB7,47.6,static,sessile_drop,298.15,,1.0,,,,,,A_high,none,38.52,32.28,6.24,apparent OWRK features recalculated from same-source multi-liquid contact angles for v3.4 source-disjoint external; not an independent surface-energy measurement,inferred_from_contact_angles,"Table 4 direct values; PLA adsorption layers and substrate controls measured with water, formamide, and diiodomethane",CA0571,inferred_from_contact_angles,no,yes
CA0572,SFC_1B7A5069B364,SDX008,LIQ_0F4168490E,73.7,static,sessile_drop,298.15,,1.0,,,,,,A_high,none,32.53,20.55,11.97,apparent OWRK features recalculated from same-source multi-liquid contact angles for v3.4 source-disjoint external; not an independent surface-energy measurement,inferred_from_contact_angles,"Table 4 direct values; PLA adsorption layers and substrate controls measured with water, formamide, and diiodomethane",CA0572,inferred_from_contact_angles,no,yes
CA0573,SFC_1B7A5069B364,SDX008,LIQ_1BD1B94C09,63.6,static,sessile_drop,298.15,,1.0,,,,,,A_high,none,32.53,20.55,11.97,apparent OWRK features recalculated from same-source multi-liquid contact angles for v3.4 source-disjoint external; not an independent surface-energy measurement,inferred_from_contact_angles,"Table 4 direct values; PLA adsorption layers and substrate controls measured with water, formamide, and diiodomethane",CA0573,inferred_from_contact_angles,no,yes
CA0574,SFC_1B7A5069B364,SDX008,LIQ_6656B41AB7,61.1,static,sessile_drop,298.15,,1.0,,,,,,A_high,none,32.53,20.55,11.97,apparent OWRK features recalculated from same-source multi-liquid contact angles for v3.4 source-disjoint external; not an independent surface-energy measurement,inferred_from_contact_angles,"Table 4 direct values; PLA adsorption layers and substrate controls measured with water, formamide, and diiodomethane",CA0574,inferred_from_contact_angles,no,yes
CA0575,SFC_775871D74DA8,SDX003,LIQ_0F4168490E,36.2,static,capillary_intrusion,298.15,,1.0,,,,,,A_high,none,54.74,23.36,31.37,apparent OWRK features recalculated from same-source multi-liquid contact angles for v3.4 source-disjoint external; not an independent surface-energy measurement,inferred_from_contact_angles,"Table II direct values; microcrystalline cellulose powder columns measured with water, ethylene glycol, and diiodomethane",CA0575,inferred_from_contact_angles,no,yes
CA0576,SFC_775871D74DA8,SDX003,LIQ_53310FAFB3,32.3,static,capillary_intrusion,298.15,,1.0,,,,,,A_high,none,54.74,23.36,31.37,apparent OWRK features recalculated from same-source multi-liquid contact angles for v3.4 source-disjoint external; not an independent surface-energy measurement,inferred_from_contact_angles,"Table II direct values; microcrystalline cellulose powder columns measured with water, ethylene glycol, and diiodomethane",CA0576,inferred_from_contact_angles,no,yes
CA0577,SFC_775871D74DA8,SDX003,LIQ_6656B41AB7,40.3,static,capillary_intrusion,298.15,,1.0,,,,,,A_high,none,54.74,23.36,31.37,apparent OWRK features recalculated from same-source multi-liquid contact angles for v3.4 source-disjoint external; not an independent surface-energy measurement,inferred_from_contact_angles,"Table II direct values; microcrystalline cellulose powder columns measured with water, ethylene glycol, and diiodomethane",CA0577,inferred_from_contact_angles,no,yes
CA0578,SFC_C6A0892F143E,SDX003,LIQ_0F4168490E,30.0,static,capillary_intrusion,298.15,,1.0,,,,,,A_high,none,58.29,25.62,32.67,apparent OWRK features recalculated from same-source multi-liquid contact angles for v3.4 source-disjoint external; not an independent surface-energy measurement,inferred_from_contact_angles,"Table II direct values; microcrystalline cellulose powder columns measured with water, ethylene glycol, and diiodomethane",CA0578,inferred_from_contact_angles,no,yes
CA0579,SFC_C6A0892F143E,SDX003,LIQ_53310FAFB3,26.4,static,capillary_intrusion,298.15,,1.0,,,,,,A_high,none,58.29,25.62,32.67,apparent OWRK features recalculated from same-source multi-liquid contact angles for v3.4 source-disjoint external; not an independent surface-energy measurement,inferred_from_contact_angles,"Table II direct values; microcrystalline cellulose powder columns measured with water, ethylene glycol, and diiodomethane",CA0579,inferred_from_contact_angles,no,yes
CA0580,SFC_C6A0892F143E,SDX003,LIQ_6656B41AB7,32.8,static,capillary_intrusion,298.15,,1.0,,,,,,A_high,none,58.29,25.62,32.67,apparent OWRK features recalculated from same-source multi-liquid contact angles for v3.4 source-disjoint external; not an independent surface-energy measurement,inferred_from_contact_angles,"Table II direct values; microcrystalline cellulose powder columns measured with water, ethylene glycol, and diiodomethane",CA0580,inferred_from_contact_angles,no,yes
CA0581,SFC_740023729038,SDX002,LIQ_0F4168490E,58.3,static,sessile_drop,298.15,,1.0,,,1.4,,,A_high,none,46.65,27.22,19.43,apparent OWRK features recalculated from same-source multi-liquid contact angles for v3.4 source-disjoint external; not an independent surface-energy measurement,inferred_from_contact_angles,"Table 2 direct values; microbial lawns measured with water, formamide, and diiodomethane",CA0581,inferred_from_contact_angles,no,yes
CA0582,SFC_740023729038,SDX002,LIQ_1BD1B94C09,36.1,static,sessile_drop,298.15,,1.0,,,2.7,,,A_high,none,46.65,27.22,19.43,apparent OWRK features recalculated from same-source multi-liquid contact angles for v3.4 source-disjoint external; not an independent surface-energy measurement,inferred_from_contact_angles,"Table 2 direct values; microbial lawns measured with water, formamide, and diiodomethane",CA0582,inferred_from_contact_angles,no,yes
CA0583,SFC_740023729038,SDX002,LIQ_6656B41AB7,47.2,static,sessile_drop,298.15,,1.0,,,5.8,,,A_high,none,46.65,27.22,19.43,apparent OWRK features recalculated from same-source multi-liquid contact angles for v3.4 source-disjoint external; not an independent surface-energy measurement,inferred_from_contact_angles,"Table 2 direct values; microbial lawns measured with water, formamide, and diiodomethane",CA0583,inferred_from_contact_angles,no,yes
CA0584,SFC_0DD31A36BF54,SDX002,LIQ_0F4168490E,83.8,static,sessile_drop,298.15,,1.0,,,6.0,,,A_high,none,36.82,33.34,3.47,apparent OWRK features recalculated from same-source multi-liquid contact angles for v3.4 source-disjoint external; not an independent surface-energy measurement,inferred_from_contact_angles,"Table 2 direct values; microbial lawns measured with water, formamide, and diiodomethane",CA0584,inferred_from_contact_angles,no,yes
CA0585,SFC_0DD31A36BF54,SDX002,LIQ_1BD1B94C09,58.7,static,sessile_drop,298.15,,1.0,,,6.4,,,A_high,none,36.82,33.34,3.47,apparent OWRK features recalculated from same-source multi-liquid contact angles for v3.4 source-disjoint external; not an independent surface-energy measurement,inferred_from_contact_angles,"Table 2 direct values; microbial lawns measured with water, formamide, and diiodomethane",CA0585,inferred_from_contact_angles,no,yes
CA0586,SFC_0DD31A36BF54,SDX002,LIQ_6656B41AB7,45.8,static,sessile_drop,298.15,,1.0,,,6.5,,,A_high,none,36.82,33.34,3.47,apparent OWRK features recalculated from same-source multi-liquid contact angles for v3.4 source-disjoint external; not an independent surface-energy measurement,inferred_from_contact_angles,"Table 2 direct values; microbial lawns measured with water, formamide, and diiodomethane",CA0586,inferred_from_contact_angles,no,yes
CA0587,SFC_B0B8AD6AD8FD,SDX010,LIQ_0F4168490E,79.9,static,sessile_drop,298.15,,1.0,,,,,,A_high,none,35.73,29.7,6.03,apparent OWRK features recalculated from same-source multi-liquid contact angles for v3.4 source-disjoint external; not an independent surface-energy measurement,inferred_from_contact_angles,"Table 1 direct values; electrodeposited polyindole films measured with water, diiodomethane, sunflower oil, and hexadecane",CA0587,inferred_from_contact_angles,no,yes
CA0588,SFC_B0B8AD6AD8FD,SDX010,LIQ_6656B41AB7,47.3,static,sessile_drop,298.15,,1.0,,,,,,A_high,none,35.73,29.7,6.03,apparent OWRK features recalculated from same-source multi-liquid contact angles for v3.4 source-disjoint external; not an independent surface-energy measurement,inferred_from_contact_angles,"Table 1 direct values; electrodeposited polyindole films measured with water, diiodomethane, sunflower oil, and hexadecane",CA0588,inferred_from_contact_angles,no,yes
CA0589,SFC_B0B8AD6AD8FD,SDX010,LIQ_B6950B5CB8,0.0,static,sessile_drop,298.15,,1.0,,,,,,A_high,none,35.73,29.7,6.03,apparent OWRK features recalculated from same-source multi-liquid contact angles for v3.4 source-disjoint external; not an independent surface-energy measurement,inferred_from_contact_angles,"Table 1 direct values; electrodeposited polyindole films measured with water, diiodomethane, sunflower oil, and hexadecane",CA0589,inferred_from_contact_angles,no,yes
CA0590,SFC_E7FC3D2DD101,SDX010,LIQ_0F4168490E,97.5,static,sessile_drop,298.15,,1.0,,,,,,A_high,none,30.37,29.48,0.89,apparent OWRK features recalculated from same-source multi-liquid contact angles for v3.4 source-disjoint external; not an independent surface-energy measurement,inferred_from_contact_angles,"Table 1 direct values; electrodeposited polyindole films measured with water, diiodomethane, sunflower oil, and hexadecane",CA0590,inferred_from_contact_angles,no,yes
CA0591,SFC_E7FC3D2DD101,SDX010,LIQ_6656B41AB7,51.3,static,sessile_drop,298.15,,1.0,,,,,,A_high,none,30.37,29.48,0.89,apparent OWRK features recalculated from same-source multi-liquid contact angles for v3.4 source-disjoint external; not an independent surface-energy measurement,inferred_from_contact_angles,"Table 1 direct values; electrodeposited polyindole films measured with water, diiodomethane, sunflower oil, and hexadecane",CA0591,inferred_from_contact_angles,no,yes
CA0592,SFC_E7FC3D2DD101,SDX010,LIQ_B6950B5CB8,25.6,static,sessile_drop,298.15,,1.0,,,,,,A_high,none,30.37,29.48,0.89,apparent OWRK features recalculated from same-source multi-liquid contact angles for v3.4 source-disjoint external; not an independent surface-energy measurement,inferred_from_contact_angles,"Table 1 direct values; electrodeposited polyindole films measured with water, diiodomethane, sunflower oil, and hexadecane",CA0592,inferred_from_contact_angles,no,yes
CA0593,SFC_F8664D03003D,SDX010,LIQ_0F4168490E,78.7,static,sessile_drop,298.15,,1.0,,,,,,A_high,none,38.88,33.1,5.78,apparent OWRK features recalculated from same-source multi-liquid contact angles for v3.4 source-disjoint external; not an independent surface-energy measurement,inferred_from_contact_angles,"Table 1 direct values; electrodeposited polyindole films measured with water, diiodomethane, sunflower oil, and hexadecane",CA0593,inferred_from_contact_angles,no,yes
CA0594,SFC_F8664D03003D,SDX010,LIQ_6656B41AB7,35.6,static,sessile_drop,298.15,,1.0,,,,,,A_high,none,38.88,33.1,5.78,apparent OWRK features recalculated from same-source multi-liquid contact angles for v3.4 source-disjoint external; not an independent surface-energy measurement,inferred_from_contact_angles,"Table 1 direct values; electrodeposited polyindole films measured with water, diiodomethane, sunflower oil, and hexadecane",CA0594,inferred_from_contact_angles,no,yes
CA0595,SFC_F8664D03003D,SDX010,LIQ_B6950B5CB8,0.0,static,sessile_drop,298.15,,1.0,,,,,,A_high,none,38.88,33.1,5.78,apparent OWRK features recalculated from same-source multi-liquid contact angles for v3.4 source-disjoint external; not an independent surface-energy measurement,inferred_from_contact_angles,"Table 1 direct values; electrodeposited polyindole films measured with water, diiodomethane, sunflower oil, and hexadecane",CA0595,inferred_from_contact_angles,no,yes
CA0596,SFC_57C35DC0B570,SDX010,LIQ_0F4168490E,96.8,static,sessile_drop,298.15,,1.0,,,,,,A_high,none,26.43,24.8,1.63,apparent OWRK features recalculated from same-source multi-liquid contact angles for v3.4 source-disjoint external; not an independent surface-energy measurement,inferred_from_contact_angles,"Table 1 direct values; electrodeposited polyindole films measured with water, diiodomethane, sunflower oil, and hexadecane",CA0596,inferred_from_contact_angles,no,yes
CA0597,SFC_57C35DC0B570,SDX010,LIQ_6656B41AB7,60.4,static,sessile_drop,298.15,,1.0,,,,,,A_high,none,26.43,24.8,1.63,apparent OWRK features recalculated from same-source multi-liquid contact angles for v3.4 source-disjoint external; not an independent surface-energy measurement,inferred_from_contact_angles,"Table 1 direct values; electrodeposited polyindole films measured with water, diiodomethane, sunflower oil, and hexadecane",CA0597,inferred_from_contact_angles,no,yes
CA0598,SFC_57C35DC0B570,SDX010,LIQ_B6950B5CB8,37.9,static,sessile_drop,298.15,,1.0,,,,,,A_high,none,26.43,24.8,1.63,apparent OWRK features recalculated from same-source multi-liquid contact angles for v3.4 source-disjoint external; not an independent surface-energy measurement,inferred_from_contact_angles,"Table 1 direct values; electrodeposited polyindole films measured with water, diiodomethane, sunflower oil, and hexadecane",CA0598,inferred_from_contact_angles,no,yes
CA0599,SFC_AD93A15A2199,SDX010,LIQ_0F4168490E,81.4,static,sessile_drop,298.15,,1.0,,,,,,A_high,none,35.87,30.68,5.19,apparent OWRK features recalculated from same-source multi-liquid contact angles for v3.4 source-disjoint external; not an independent surface-energy measurement,inferred_from_contact_angles,"Table 1 direct values; electrodeposited polyindole films measured with water, diiodomethane, sunflower oil, and hexadecane",CA0599,inferred_from_contact_angles,no,yes
CA0600,SFC_AD93A15A2199,SDX010,LIQ_6656B41AB7,44.9,static,sessile_drop,298.15,,1.0,,,,,,A_high,none,35.87,30.68,5.19,apparent OWRK features recalculated from same-source multi-liquid contact angles for v3.4 source-disjoint external; not an independent surface-energy measurement,inferred_from_contact_angles,"Table 1 direct values; electrodeposited polyindole films measured with water, diiodomethane, sunflower oil, and hexadecane",CA0600,inferred_from_contact_angles,no,yes
CA0601,SFC_AD93A15A2199,SDX010,LIQ_B6950B5CB8,0.0,static,sessile_drop,298.15,,1.0,,,,,,A_high,none,35.87,30.68,5.19,apparent OWRK features recalculated from same-source multi-liquid contact angles for v3.4 source-disjoint external; not an independent surface-energy measurement,inferred_from_contact_angles,"Table 1 direct values; electrodeposited polyindole films measured with water, diiodomethane, sunflower oil, and hexadecane",CA0601,inferred_from_contact_angles,no,yes
CA0602,SFC_B9F3779B4230,SDX010,LIQ_0F4168490E,99.4,static,sessile_drop,298.15,,1.0,,,,,,A_high,none,23.52,22.03,1.49,apparent OWRK features recalculated from same-source multi-liquid contact angles for v3.4 source-disjoint external; not an independent surface-energy measurement,inferred_from_contact_angles,"Table 1 direct values; electrodeposited polyindole films measured with water, diiodomethane, sunflower oil, and hexadecane",CA0602,inferred_from_contact_angles,no,yes
CA0603,SFC_B9F3779B4230,SDX010,LIQ_6656B41AB7,66.8,static,sessile_drop,298.15,,1.0,,,,,,A_high,none,23.52,22.03,1.49,apparent OWRK features recalculated from same-source multi-liquid contact angles for v3.4 source-disjoint external; not an independent surface-energy measurement,inferred_from_contact_angles,"Table 1 direct values; electrodeposited polyindole films measured with water, diiodomethane, sunflower oil, and hexadecane",CA0603,inferred_from_contact_angles,no,yes
CA0604,SFC_B9F3779B4230,SDX010,LIQ_B6950B5CB8,44.1,static,sessile_drop,298.15,,1.0,,,,,,A_high,none,23.52,22.03,1.49,apparent OWRK features recalculated from same-source multi-liquid contact angles for v3.4 source-disjoint external; not an independent surface-energy measurement,inferred_from_contact_angles,"Table 1 direct values; electrodeposited polyindole films measured with water, diiodomethane, sunflower oil, and hexadecane",CA0604,inferred_from_contact_angles,no,yes
CA0605,SFC_02B9E44B3DAE,SDX010,LIQ_0F4168490E,81.1,static,sessile_drop,298.15,,1.0,,,,,,A_high,none,35.76,30.39,5.37,apparent OWRK features recalculated from same-source multi-liquid contact angles for v3.4 source-disjoint external; not an independent surface-energy measurement,inferred_from_contact_angles,"Table 1 direct values; electrodeposited polyindole films measured with water, diiodomethane, sunflower oil, and hexadecane",CA0605,inferred_from_contact_angles,no,yes
CA0606,SFC_02B9E44B3DAE,SDX010,LIQ_6656B41AB7,45.7,static,sessile_drop,298.15,,1.0,,,,,,A_high,none,35.76,30.39,5.37,apparent OWRK features recalculated from same-source multi-liquid contact angles for v3.4 source-disjoint external; not an independent surface-energy measurement,inferred_from_contact_angles,"Table 1 direct values; electrodeposited polyindole films measured with water, diiodomethane, sunflower oil, and hexadecane",CA0606,inferred_from_contact_angles,no,yes
CA0607,SFC_02B9E44B3DAE,SDX010,LIQ_B6950B5CB8,0.0,static,sessile_drop,298.15,,1.0,,,,,,A_high,none,35.76,30.39,5.37,apparent OWRK features recalculated from same-source multi-liquid contact angles for v3.4 source-disjoint external; not an independent surface-energy measurement,inferred_from_contact_angles,"Table 1 direct values; electrodeposited polyindole films measured with water, diiodomethane, sunflower oil, and hexadecane",CA0607,inferred_from_contact_angles,no,yes
CA0608,SFC_82F5C36F39D2,SDX007,LIQ_0F4168490E,61.3,static,sessile_drop,303.15,60.0,1.0,,,,,,A_high,none,43.49,30.4,13.08,apparent OWRK features recalculated from same-source multi-liquid contact angles for v3.4 source-disjoint external; not an independent surface-energy measurement,inferred_from_contact_angles,"Table 2 direct values; PLA/PHA-based films measured with water, diiodomethane, and ethylene glycol before composting",CA0608,inferred_from_contact_angles,no,yes
CA0609,SFC_82F5C36F39D2,SDX007,LIQ_6656B41AB7,36.7,static,sessile_drop,303.15,60.0,1.0,,,,,,A_high,none,43.49,30.4,13.08,apparent OWRK features recalculated from same-source multi-liquid contact angles for v3.4 source-disjoint external; not an independent surface-energy measurement,inferred_from_contact_angles,"Table 2 direct values; PLA/PHA-based films measured with water, diiodomethane, and ethylene glycol before composting",CA0609,inferred_from_contact_angles,no,yes
CA0610,SFC_82F5C36F39D2,SDX007,LIQ_53310FAFB3,44.8,static,sessile_drop,303.15,60.0,1.0,,,,,,A_high,none,43.49,30.4,13.08,apparent OWRK features recalculated from same-source multi-liquid contact angles for v3.4 source-disjoint external; not an independent surface-energy measurement,inferred_from_contact_angles,"Table 2 direct values; PLA/PHA-based films measured with water, diiodomethane, and ethylene glycol before composting",CA0610,inferred_from_contact_angles,no,yes
CA0611,SFC_FF44FFDB2AC3,SDX007,LIQ_0F4168490E,83.2,static,sessile_drop,303.15,60.0,1.0,,,,,,A_high,none,32.66,28.11,4.54,apparent OWRK features recalculated from same-source multi-liquid contact angles for v3.4 source-disjoint external; not an independent surface-energy measurement,inferred_from_contact_angles,"Table 2 direct values; PLA/PHA-based films measured with water, diiodomethane, and ethylene glycol before composting",CA0611,inferred_from_contact_angles,no,yes
CA0612,SFC_FF44FFDB2AC3,SDX007,LIQ_6656B41AB7,52.8,static,sessile_drop,303.15,60.0,1.0,,,,,,A_high,none,32.66,28.11,4.54,apparent OWRK features recalculated from same-source multi-liquid contact angles for v3.4 source-disjoint external; not an independent surface-energy measurement,inferred_from_contact_angles,"Table 2 direct values; PLA/PHA-based films measured with water, diiodomethane, and ethylene glycol before composting",CA0612,inferred_from_contact_angles,no,yes
CA0613,SFC_FF44FFDB2AC3,SDX007,LIQ_53310FAFB3,58.8,static,sessile_drop,303.15,60.0,1.0,,,,,,A_high,none,32.66,28.11,4.54,apparent OWRK features recalculated from same-source multi-liquid contact angles for v3.4 source-disjoint external; not an independent surface-energy measurement,inferred_from_contact_angles,"Table 2 direct values; PLA/PHA-based films measured with water, diiodomethane, and ethylene glycol before composting",CA0613,inferred_from_contact_angles,no,yes
CA0614,SFC_ACA747208E92,SDX007,LIQ_0F4168490E,70.0,static,sessile_drop,303.15,60.0,1.0,,,,,,A_high,none,38.52,27.08,11.44,apparent OWRK features recalculated from same-source multi-liquid contact angles for v3.4 source-disjoint external; not an independent surface-energy measurement,inferred_from_contact_angles,"Table 2 direct values; PLA/PHA-based films measured with water, diiodomethane, and ethylene glycol before composting",CA0614,inferred_from_contact_angles,no,yes
CA0615,SFC_ACA747208E92,SDX007,LIQ_6656B41AB7,50.1,static,sessile_drop,303.15,60.0,1.0,,,,,,A_high,none,38.52,27.08,11.44,apparent OWRK features recalculated from same-source multi-liquid contact angles for v3.4 source-disjoint external; not an independent surface-energy measurement,inferred_from_contact_angles,"Table 2 direct values; PLA/PHA-based films measured with water, diiodomethane, and ethylene glycol before composting",CA0615,inferred_from_contact_angles,no,yes
CA0616,SFC_ACA747208E92,SDX007,LIQ_53310FAFB3,41.4,static,sessile_drop,303.15,60.0,1.0,,,,,,A_high,none,38.52,27.08,11.44,apparent OWRK features recalculated from same-source multi-liquid contact angles for v3.4 source-disjoint external; not an independent surface-energy measurement,inferred_from_contact_angles,"Table 2 direct values; PLA/PHA-based films measured with water, diiodomethane, and ethylene glycol before composting",CA0616,inferred_from_contact_angles,no,yes
EXT_936D30510340,SFC_96F700A16BD8,OPEN_CELLULOSE_ESTER,LIQ_1BD1B94C09,50.7,static,sessile_drop,293.15,,,,28.0,1.8,,,A_high,no,,,,,not_reported,"JATS table tab2; Average figuresa, standard deviation, and number of measurements of the measured contact angles of formamide, diiodomethane, and water on cellulose esters with different carbon numbers in the substituent; Candidate extracted from the article's average/SD/n contact-angle table; license review required.",EXT_936D30510340,not_reported,yes,yes
EXT_A05461A4CCC6,SFC_96F700A16BD8,OPEN_CELLULOSE_ESTER,LIQ_6656B41AB7,29.0,static,sessile_drop,293.15,,,,30.0,1.2,,,A_high,no,,,,,not_reported,"JATS table tab2; Average figuresa, standard deviation, and number of measurements of the measured contact angles of formamide, diiodomethane, and water on cellulose esters with different carbon numbers in the substituent; Candidate extracted from the article's average/SD/n contact-angle table; license review required.",EXT_A05461A4CCC6,not_reported,yes,yes
EXT_559D6064BED1,SFC_96F700A16BD8,OPEN_CELLULOSE_ESTER,LIQ_0F4168490E,61.7,static,sessile_drop,293.15,,,,30.0,0.9,,,A_high,no,,,,,not_reported,"JATS table tab2; Average figuresa, standard deviation, and number of measurements of the measured contact angles of formamide, diiodomethane, and water on cellulose esters with different carbon numbers in the substituent; Candidate extracted from the article's average/SD/n contact-angle table; license review required.",EXT_559D6064BED1,not_reported,yes,yes
EXT_14ACC371AD61,SFC_A70448B898F8,OPEN_CELLULOSE_ESTER,LIQ_1BD1B94C09,61.3,static,sessile_drop,293.15,,,,29.0,1.1,,,A_high,no,,,,,not_reported,"JATS table tab2; Average figuresa, standard deviation, and number of measurements of the measured contact angles of formamide, diiodomethane, and water on cellulose esters with different carbon numbers in the substituent; Candidate extracted from the article's average/SD/n contact-angle table; license review required.",EXT_14ACC371AD61,not_reported,yes,yes
EXT_F0F5A1C2B409,SFC_A70448B898F8,OPEN_CELLULOSE_ESTER,LIQ_6656B41AB7,35.8,static,sessile_drop,293.15,,,,30.0,0.9,,,A_high,no,,,,,not_reported,"JATS table tab2; Average figuresa, standard deviation, and number of measurements of the measured contact angles of formamide, diiodomethane, and water on cellulose esters with different carbon numbers in the substituent; Candidate extracted from the article's average/SD/n contact-angle table; license review required.",EXT_F0F5A1C2B409,not_reported,yes,yes
EXT_A61229BDED6F,SFC_A70448B898F8,OPEN_CELLULOSE_ESTER,LIQ_0F4168490E,70.3,static,sessile_drop,293.15,,,,38.0,1.0,,,A_high,no,,,,,not_reported,"JATS table tab2; Average figuresa, standard deviation, and number of measurements of the measured contact angles of formamide, diiodomethane, and water on cellulose esters with different carbon numbers in the substituent; Candidate extracted from the article's average/SD/n contact-angle table; license review required.",EXT_A61229BDED6F,not_reported,yes,yes
EXT_94AA6A446187,SFC_5C313003AB36,OPEN_CELLULOSE_ESTER,LIQ_1BD1B94C09,71.2,static,sessile_drop,293.15,,,,29.0,0.6,,,A_high,no,,,,,not_reported,"JATS table tab2; Average figuresa, standard deviation, and number of measurements of the measured contact angles of formamide, diiodomethane, and water on cellulose esters with different carbon numbers in the substituent; Candidate extracted from the article's average/SD/n contact-angle table; license review required.",EXT_94AA6A446187,not_reported,yes,yes
EXT_5EF19E47F632,SFC_5C313003AB36,OPEN_CELLULOSE_ESTER,LIQ_6656B41AB7,41.0,static,sessile_drop,293.15,,,,30.0,0.6,,,A_high,no,,,,,not_reported,"JATS table tab2; Average figuresa, standard deviation, and number of measurements of the measured contact angles of formamide, diiodomethane, and water on cellulose esters with different carbon numbers in the substituent; Candidate extracted from the article's average/SD/n contact-angle table; license review required.",EXT_5EF19E47F632,not_reported,yes,yes
EXT_219685EEFF8F,SFC_5C313003AB36,OPEN_CELLULOSE_ESTER,LIQ_0F4168490E,80.2,static,sessile_drop,293.15,,,,38.0,0.8,,,A_high,no,,,,,not_reported,"JATS table tab2; Average figuresa, standard deviation, and number of measurements of the measured contact angles of formamide, diiodomethane, and water on cellulose esters with different carbon numbers in the substituent; Candidate extracted from the article's average/SD/n contact-angle table; license review required.",EXT_219685EEFF8F,not_reported,yes,yes
EXT_E11F4024C217,SFC_316C3D980026,OPEN_CELLULOSE_ESTER,LIQ_1BD1B94C09,78.7,static,sessile_drop,293.15,,,,30.0,0.8,,,A_high,no,,,,,not_reported,"JATS table tab2; Average figuresa, standard deviation, and number of measurements of the measured contact angles of formamide, diiodomethane, and water on cellulose esters with different carbon numbers in the substituent; Candidate extracted from the article's average/SD/n contact-angle table; license review required.",EXT_E11F4024C217,not_reported,yes,yes
EXT_080C51B10123,SFC_316C3D980026,OPEN_CELLULOSE_ESTER,LIQ_6656B41AB7,45.2,static,sessile_drop,293.15,,,,30.0,0.6,,,A_high,no,,,,,not_reported,"JATS table tab2; Average figuresa, standard deviation, and number of measurements of the measured contact angles of formamide, diiodomethane, and water on cellulose esters with different carbon numbers in the substituent; Candidate extracted from the article's average/SD/n contact-angle table; license review required.",EXT_080C51B10123,not_reported,yes,yes
EXT_2280601FAB67,SFC_316C3D980026,OPEN_CELLULOSE_ESTER,LIQ_0F4168490E,86.9,static,sessile_drop,293.15,,,,39.0,0.9,,,A_high,no,,,,,not_reported,"JATS table tab2; Average figuresa, standard deviation, and number of measurements of the measured contact angles of formamide, diiodomethane, and water on cellulose esters with different carbon numbers in the substituent; Candidate extracted from the article's average/SD/n contact-angle table; license review required.",EXT_2280601FAB67,not_reported,yes,yes
EXT_49031F0CF1DA,SFC_6CC47C08CF64,OPEN_CROSS_MATERIAL_2026,LIQ_0F4168490E,0.0,static,literature_reported,,,,,,,,,A_high,no,,,,,not_reported,JATS table Tab1; Verified static contact angles of selected solid–liquid pairs (1995–2025).; Exact/static row extracted; range-only and unsupported-liquid rows were excluded.,EXT_49031F0CF1DA,not_reported,yes,yes
EXT_A0FF3F05F460,SFC_FFEC58F1530E,OPEN_CROSS_MATERIAL_2026,LIQ_0F4168490E,0.0,static,literature_reported,,,,,,,,,A_high,no,,,,,not_reported,JATS table Tab1; Verified static contact angles of selected solid–liquid pairs (1995–2025).; Exact/static row extracted; range-only and unsupported-liquid rows were excluded.,EXT_A0FF3F05F460,not_reported,yes,yes
EXT_FEB4B983371B,SFC_E543580D2581,OPEN_CROSS_MATERIAL_2026,LIQ_0F4168490E,5.0,static,literature_reported,,,,,,,,,A_high,no,,,,,not_reported,JATS table Tab1; Verified static contact angles of selected solid–liquid pairs (1995–2025).; Exact/static row extracted; range-only and unsupported-liquid rows were excluded.,EXT_FEB4B983371B,not_reported,yes,yes
EXT_1435D4EE7D58,SFC_B031A7CFA524,OPEN_CROSS_MATERIAL_2026,LIQ_0F4168490E,5.0,static,literature_reported,,,,,,,,,A_high,no,,,,,not_reported,JATS table Tab1; Verified static contact angles of selected solid–liquid pairs (1995–2025).; Exact/static row extracted; range-only and unsupported-liquid rows were excluded.,EXT_1435D4EE7D58,not_reported,yes,yes
EXT_C5532BFE0392,SFC_88AD8E0824C4,OPEN_CROSS_MATERIAL_2026,LIQ_0F4168490E,11.0,static,literature_reported,,,,,,,,,A_high,no,,,,,not_reported,JATS table Tab1; Verified static contact angles of selected solid–liquid pairs (1995–2025).; Exact/static row extracted; range-only and unsupported-liquid rows were excluded.,EXT_C5532BFE0392,not_reported,yes,yes
EXT_44B14E084099,SFC_3C19B5C5940C,OPEN_CROSS_MATERIAL_2026,LIQ_0F4168490E,23.5,static,literature_reported,,,,,,1.7,,,A_high,no,,,,,not_reported,JATS table Tab1; Verified static contact angles of selected solid–liquid pairs (1995–2025).; Exact/static row extracted; range-only and unsupported-liquid rows were excluded.,EXT_44B14E084099,not_reported,yes,yes
EXT_969E7805FF23,SFC_EF22972A391D,OPEN_CROSS_MATERIAL_2026,LIQ_0F4168490E,32.0,static,literature_reported,,,,,,,,,A_high,no,,,,,not_reported,JATS table Tab1; Verified static contact angles of selected solid–liquid pairs (1995–2025).; Exact/static row extracted; range-only and unsupported-liquid rows were excluded.,EXT_969E7805FF23,not_reported,yes,yes
EXT_AF240CDD39AB,SFC_DFAA6FA9D311,OPEN_CROSS_MATERIAL_2026,LIQ_0F4168490E,34.0,static,literature_reported,,,,,,,,,A_high,no,,,,,not_reported,JATS table Tab1; Verified static contact angles of selected solid–liquid pairs (1995–2025).; Exact/static row extracted; range-only and unsupported-liquid rows were excluded.,EXT_AF240CDD39AB,not_reported,yes,yes
EXT_1AE336EF5B2E,SFC_0E29DCF6B0F6,OPEN_CROSS_MATERIAL_2026,LIQ_0F4168490E,39.1,static,literature_reported,,,,,,,,,A_high,no,,,,,not_reported,JATS table Tab1; Verified static contact angles of selected solid–liquid pairs (1995–2025).; Exact/static row extracted; range-only and unsupported-liquid rows were excluded.,EXT_1AE336EF5B2E,not_reported,yes,yes
EXT_0D0567136BE4,SFC_CCA852C05DD9,OPEN_CROSS_MATERIAL_2026,LIQ_6656B41AB7,43.2,static,literature_reported,,,,,,,,,A_high,no,,,,,not_reported,JATS table Tab1; Verified static contact angles of selected solid–liquid pairs (1995–2025).; Exact/static row extracted; range-only and unsupported-liquid rows were excluded.,EXT_0D0567136BE4,not_reported,yes,yes
EXT_02746EDBC523,SFC_B11F05311C95,OPEN_CROSS_MATERIAL_2026,LIQ_0F4168490E,48.0,static,literature_reported,,,,,,,,,A_high,no,,,,,not_reported,JATS table Tab1; Verified static contact angles of selected solid–liquid pairs (1995–2025).; Exact/static row extracted; range-only and unsupported-liquid rows were excluded.,EXT_02746EDBC523,not_reported,yes,yes
EXT_D2BDCF2B48E1,SFC_276FB2540C6B,OPEN_CROSS_MATERIAL_2026,LIQ_0F4168490E,49.0,static,literature_reported,,,,,,,,,A_high,no,,,,,not_reported,JATS table Tab1; Verified static contact angles of selected solid–liquid pairs (1995–2025).; Exact/static row extracted; range-only and unsupported-liquid rows were excluded.,EXT_D2BDCF2B48E1,not_reported,yes,yes
EXT_AD49AC8FC73F,SFC_45F8C8F50DAD,OPEN_CROSS_MATERIAL_2026,LIQ_0F4168490E,50.0,static,literature_reported,,,,,,,,,A_high,no,,,,,not_reported,JATS table Tab1; Verified static contact angles of selected solid–liquid pairs (1995–2025).; Exact/static row extracted; range-only and unsupported-liquid rows were excluded.,EXT_AD49AC8FC73F,not_reported,yes,yes
EXT_03E658446E71,SFC_CCA852C05DD9,OPEN_CROSS_MATERIAL_2026,LIQ_1BD1B94C09,56.7,static,literature_reported,,,,,,,,,A_high,no,,,,,not_reported,JATS table Tab1; Verified static contact angles of selected solid–liquid pairs (1995–2025).; Exact/static row extracted; range-only and unsupported-liquid rows were excluded.,EXT_03E658446E71,not_reported,yes,yes
EXT_4192CE86DB7A,SFC_CCA852C05DD9,OPEN_CROSS_MATERIAL_2026,LIQ_53310FAFB3,57.0,static,literature_reported,,,,,,,,,A_high,no,,,,,not_reported,JATS table Tab1; Verified static contact angles of selected solid–liquid pairs (1995–2025).; Exact/static row extracted; range-only and unsupported-liquid rows were excluded.,EXT_4192CE86DB7A,not_reported,yes,yes
EXT_CEE170F19AC5,SFC_C29649784C9E,OPEN_CROSS_MATERIAL_2026,LIQ_0F4168490E,57.0,static,sessile_drop,,,,,,,,,A_high,no,,,,,not_reported,JATS table Tab1; Verified static contact angles of selected solid–liquid pairs (1995–2025).; Exact/static row extracted; range-only and unsupported-liquid rows were excluded.,EXT_CEE170F19AC5,not_reported,yes,yes
EXT_8A4A8419F90A,SFC_76251AE8917C,OPEN_CROSS_MATERIAL_2026,LIQ_0F4168490E,58.0,static,literature_reported,,,,,,,,,A_high,no,,,,,not_reported,JATS table Tab1; Verified static contact angles of selected solid–liquid pairs (1995–2025).; Exact/static row extracted; range-only and unsupported-liquid rows were excluded.,EXT_8A4A8419F90A,not_reported,yes,yes
EXT_9A2570B5651D,SFC_4B11F0C60536,OPEN_CROSS_MATERIAL_2026,LIQ_0F4168490E,58.0,static,literature_reported,,,,,,,,,A_high,no,,,,,not_reported,JATS table Tab1; Verified static contact angles of selected solid–liquid pairs (1995–2025).; Exact/static row extracted; range-only and unsupported-liquid rows were excluded.,EXT_9A2570B5651D,not_reported,yes,yes
EXT_05AE5BE2451B,SFC_8A5FD38D06DE,OPEN_CROSS_MATERIAL_2026,LIQ_5C0DC0DCD1,58.0,static,sessile_drop,,,,,,2.0,,,A_high,no,,,,,not_reported,JATS table Tab1; Verified static contact angles of selected solid–liquid pairs (1995–2025).; Exact/static row extracted; range-only and unsupported-liquid rows were excluded.,EXT_05AE5BE2451B,not_reported,yes,yes
EXT_C356E81E54A2,SFC_8038D9A6A20A,OPEN_CROSS_MATERIAL_2026,LIQ_0F4168490E,59.0,static,literature_reported,,,,,,1.1,,,A_high,no,,,,,not_reported,JATS table Tab1; Verified static contact angles of selected solid–liquid pairs (1995–2025).; Exact/static row extracted; range-only and unsupported-liquid rows were excluded.,EXT_C356E81E54A2,not_reported,yes,yes
EXT_7EC8DDA8A7F9,SFC_9E83E4237A7D,OPEN_CROSS_MATERIAL_2026,LIQ_0F4168490E,60.0,static,literature_reported,,,,,,13.0,,,A_high,no,,,,,not_reported,JATS table Tab1; Verified static contact angles of selected solid–liquid pairs (1995–2025).; Exact/static row extracted; range-only and unsupported-liquid rows were excluded.,EXT_7EC8DDA8A7F9,not_reported,yes,yes
EXT_6881AA073FB3,SFC_127F69376811,OPEN_CROSS_MATERIAL_2026,LIQ_53310FAFB3,60.0,static,sessile_drop,,,,,,2.0,,,A_high,no,,,,,not_reported,JATS table Tab1; Verified static contact angles of selected solid–liquid pairs (1995–2025).; Exact/static row extracted; range-only and unsupported-liquid rows were excluded.,EXT_6881AA073FB3,not_reported,yes,yes
EXT_88465FC708C8,SFC_B2B460B5E74C,OPEN_CROSS_MATERIAL_2026,LIQ_0F4168490E,63.0,static,sessile_drop,,,,,,,,,A_high,no,,,,,not_reported,JATS table Tab1; Verified static contact angles of selected solid–liquid pairs (1995–2025).; Exact/static row extracted; range-only and unsupported-liquid rows were excluded.,EXT_88465FC708C8,not_reported,yes,yes
EXT_F5CE170CF68A,SFC_CB8C71D24418,OPEN_CROSS_MATERIAL_2026,LIQ_0F4168490E,64.0,static,literature_reported,,,,,,5.0,,,A_high,no,,,,,not_reported,JATS table Tab1; Verified static contact angles of selected solid–liquid pairs (1995–2025).; Exact/static row extracted; range-only and unsupported-liquid rows were excluded.,EXT_F5CE170CF68A,not_reported,yes,yes
EXT_1A2DEF91ADCC,SFC_AFE29766ABB1,OPEN_CROSS_MATERIAL_2026,LIQ_0F4168490E,64.0,static,literature_reported,,,,,,3.0,,,A_high,no,,,,,not_reported,JATS table Tab1; Verified static contact angles of selected solid–liquid pairs (1995–2025).; Exact/static row extracted; range-only and unsupported-liquid rows were excluded.,EXT_1A2DEF91ADCC,not_reported,yes,yes
EXT_3FBC997EA1E4,SFC_84E420BFB264,OPEN_CROSS_MATERIAL_2026,LIQ_0F4168490E,64.4,static,literature_reported,,,,,,,,,A_high,no,,,,,not_reported,JATS table Tab1; Verified static contact angles of selected solid–liquid pairs (1995–2025).; Exact/static row extracted; range-only and unsupported-liquid rows were excluded.,EXT_3FBC997EA1E4,not_reported,yes,yes
EXT_EDDBCE0D5ECF,SFC_CCA852C05DD9,OPEN_CROSS_MATERIAL_2026,LIQ_5C0DC0DCD1,66.8,static,literature_reported,,,,,,,,,A_high,no,,,,,not_reported,JATS table Tab1; Verified static contact angles of selected solid–liquid pairs (1995–2025).; Exact/static row extracted; range-only and unsupported-liquid rows were excluded.,EXT_EDDBCE0D5ECF,not_reported,yes,yes
EXT_038089E43DB7,SFC_A20F2DE2FF3E,OPEN_CROSS_MATERIAL_2026,LIQ_0F4168490E,67.0,static,sessile_drop,,,,,,,,,A_high,no,,,,,not_reported,JATS table Tab1; Verified static contact angles of selected solid–liquid pairs (1995–2025).; Exact/static row extracted; range-only and unsupported-liquid rows were excluded.,EXT_038089E43DB7,not_reported,yes,yes
EXT_342CB85D601A,SFC_E32E065C262B,OPEN_CROSS_MATERIAL_2026,LIQ_0F4168490E,67.3,static,literature_reported,,,,,,1.1,,,A_high,no,,,,,not_reported,JATS table Tab1; Verified static contact angles of selected solid–liquid pairs (1995–2025).; Exact/static row extracted; range-only and unsupported-liquid rows were excluded.,EXT_342CB85D601A,not_reported,yes,yes
EXT_8CF003D59705,SFC_E82B74C28497,OPEN_CROSS_MATERIAL_2026,LIQ_0F4168490E,68.0,static,sessile_drop,,,,,,,,,A_high,no,,,,,not_reported,JATS table Tab1; Verified static contact angles of selected solid–liquid pairs (1995–2025).; Exact/static row extracted; range-only and unsupported-liquid rows were excluded.,EXT_8CF003D59705,not_reported,yes,yes
EXT_8EAC9776F893,SFC_953A3ED1CCEC,OPEN_CROSS_MATERIAL_2026,LIQ_0F4168490E,68.0,static,sessile_drop,,,,,,,,,A_high,no,,,,,not_reported,JATS table Tab1; Verified static contact angles of selected solid–liquid pairs (1995–2025).; Exact/static row extracted; range-only and unsupported-liquid rows were excluded.,EXT_8EAC9776F893,not_reported,yes,yes
EXT_D4DD701B186E,SFC_A6484648C3AE,OPEN_CROSS_MATERIAL_2026,LIQ_0F4168490E,69.0,static,literature_reported,,,,,,,,,A_high,no,,,,,not_reported,JATS table Tab1; Verified static contact angles of selected solid–liquid pairs (1995–2025).; Exact/static row extracted; range-only and unsupported-liquid rows were excluded.,EXT_D4DD701B186E,not_reported,yes,yes
EXT_8802B975D414,SFC_F9572A899579,OPEN_CROSS_MATERIAL_2026,LIQ_0F4168490E,70.0,static,literature_reported,,,,,,,,,A_high,no,,,,,not_reported,JATS table Tab1; Verified static contact angles of selected solid–liquid pairs (1995–2025).; Exact/static row extracted; range-only and unsupported-liquid rows were excluded.,EXT_8802B975D414,not_reported,yes,yes
EXT_C7165B4C6E34,SFC_87885EEBDCD9,OPEN_CROSS_MATERIAL_2026,LIQ_0F4168490E,71.0,static,sessile_drop,,,,,,,,,A_high,no,,,,,not_reported,JATS table Tab1; Verified static contact angles of selected solid–liquid pairs (1995–2025).; Exact/static row extracted; range-only and unsupported-liquid rows were excluded.,EXT_C7165B4C6E34,not_reported,yes,yes
EXT_8CA8BA32AFC9,SFC_7FF8363F812D,OPEN_CROSS_MATERIAL_2026,LIQ_0F4168490E,72.0,static,sessile_drop,,,,,,,,,A_high,no,,,,,not_reported,JATS table Tab1; Verified static contact angles of selected solid–liquid pairs (1995–2025).; Exact/static row extracted; range-only and unsupported-liquid rows were excluded.,EXT_8CA8BA32AFC9,not_reported,yes,yes
EXT_3B4C47EB271C,SFC_C4A57786C3BE,OPEN_CROSS_MATERIAL_2026,LIQ_0F4168490E,72.0,static,literature_reported,,,,,,,,,A_high,no,,,,,not_reported,JATS table Tab1; Verified static contact angles of selected solid–liquid pairs (1995–2025).; Exact/static row extracted; range-only and unsupported-liquid rows were excluded.,EXT_3B4C47EB271C,not_reported,yes,yes
EXT_45B7FC6A550A,SFC_CCA852C05DD9,OPEN_CROSS_MATERIAL_2026,LIQ_0F4168490E,72.8,static,literature_reported,,,,,,,,,A_high,no,,,,,not_reported,JATS table Tab1; Verified static contact angles of selected solid–liquid pairs (1995–2025).; Exact/static row extracted; range-only and unsupported-liquid rows were excluded.,EXT_45B7FC6A550A,not_reported,yes,yes
EXT_F934ECFE3262,SFC_89A0CB9F83E8,OPEN_CROSS_MATERIAL_2026,LIQ_0F4168490E,73.0,static,sessile_drop,,,,,,,,,A_high,no,,,,,not_reported,JATS table Tab1; Verified static contact angles of selected solid–liquid pairs (1995–2025).; Exact/static row extracted; range-only and unsupported-liquid rows were excluded.,EXT_F934ECFE3262,not_reported,yes,yes
EXT_E452CC93D716,SFC_7B8DA975FCE0,OPEN_CROSS_MATERIAL_2026,LIQ_0F4168490E,73.0,static,sessile_drop,,,,,,,,,A_high,no,,,,,not_reported,JATS table Tab1; Verified static contact angles of selected solid–liquid pairs (1995–2025).; Exact/static row extracted; range-only and unsupported-liquid rows were excluded.,EXT_E452CC93D716,not_reported,yes,yes
EXT_1C5304636A68,SFC_B32C6485DACA,OPEN_CROSS_MATERIAL_2026,LIQ_0F4168490E,75.9,static,literature_reported,,,,,,,,,A_high,no,,,,,not_reported,JATS table Tab1; Verified static contact angles of selected solid–liquid pairs (1995–2025).; Exact/static row extracted; range-only and unsupported-liquid rows were excluded.,EXT_1C5304636A68,not_reported,yes,yes
EXT_9E9C5162297F,SFC_78B198988B7B,OPEN_CROSS_MATERIAL_2026,LIQ_0F4168490E,77.0,static,literature_reported,,,,,,,,,A_high,no,,,,,not_reported,JATS table Tab1; Verified static contact angles of selected solid–liquid pairs (1995–2025).; Exact/static row extracted; range-only and unsupported-liquid rows were excluded.,EXT_9E9C5162297F,not_reported,yes,yes
EXT_15AAD062FD5E,SFC_6730336819E9,OPEN_CROSS_MATERIAL_2026,LIQ_0F4168490E,80.0,static,literature_reported,,,,,,,,,A_high,no,,,,,not_reported,JATS table Tab1; Verified static contact angles of selected solid–liquid pairs (1995–2025).; Exact/static row extracted; range-only and unsupported-liquid rows were excluded.,EXT_15AAD062FD5E,not_reported,yes,yes
EXT_A1899B98D5EA,SFC_390D2EEA3DFF,OPEN_CROSS_MATERIAL_2026,LIQ_0F4168490E,82.0,static,sessile_drop,,,,,,,,,A_high,no,,,,,not_reported,JATS table Tab1; Verified static contact angles of selected solid–liquid pairs (1995–2025).; Exact/static row extracted; range-only and unsupported-liquid rows were excluded.,EXT_A1899B98D5EA,not_reported,yes,yes
EXT_DB8325D5E027,SFC_2FFFD68BED4B,OPEN_CROSS_MATERIAL_2026,LIQ_0F4168490E,86.0,static,literature_reported,,,,,,,,,A_high,no,,,,,not_reported,JATS table Tab1; Verified static contact angles of selected solid–liquid pairs (1995–2025).; Exact/static row extracted; range-only and unsupported-liquid rows were excluded.,EXT_DB8325D5E027,not_reported,yes,yes
EXT_4773F90CE1B2,SFC_77ED72A5FED3,OPEN_CROSS_MATERIAL_2026,LIQ_0F4168490E,92.0,static,literature_reported,,,,,,,,,A_high,no,,,,,not_reported,JATS table Tab1; Verified static contact angles of selected solid–liquid pairs (1995–2025).; Exact/static row extracted; range-only and unsupported-liquid rows were excluded.,EXT_4773F90CE1B2,not_reported,yes,yes
EXT_58C75DFD37D3,SFC_697C572C0860,OPEN_CROSS_MATERIAL_2026,LIQ_0F4168490E,93.0,static,literature_reported,,,,,,3.0,,,A_high,no,,,,,not_reported,JATS table Tab1; Verified static contact angles of selected solid–liquid pairs (1995–2025).; Exact/static row extracted; range-only and unsupported-liquid rows were excluded.,EXT_58C75DFD37D3,not_reported,yes,yes
EXT_17A43035A987,SFC_51378859DFB5,OPEN_CROSS_MATERIAL_2026,LIQ_0F4168490E,96.0,static,literature_reported,,,,,,,,,A_high,no,,,,,not_reported,JATS table Tab1; Verified static contact angles of selected solid–liquid pairs (1995–2025).; Exact/static row extracted; range-only and unsupported-liquid rows were excluded.,EXT_17A43035A987,not_reported,yes,yes
EXT_E296A8BD1A55,SFC_03E930156743,OPEN_CROSS_MATERIAL_2026,LIQ_0F4168490E,97.97,static,literature_reported,,,,,,1.15,,,A_high,no,,,,,not_reported,JATS table Tab1; Verified static contact angles of selected solid–liquid pairs (1995–2025).; Exact/static row extracted; range-only and unsupported-liquid rows were excluded.,EXT_E296A8BD1A55,not_reported,yes,yes
EXT_AA469EC47BCA,SFC_B9F3F2625635,OPEN_CROSS_MATERIAL_2026,LIQ_0F4168490E,100.0,static,literature_reported,,,,,,,,,A_high,no,,,,,not_reported,JATS table Tab1; Verified static contact angles of selected solid–liquid pairs (1995–2025).; Exact/static row extracted; range-only and unsupported-liquid rows were excluded.,EXT_AA469EC47BCA,not_reported,yes,yes
EXT_16D084CD7670,SFC_B986E6B26E76,OPEN_CROSS_MATERIAL_2026,LIQ_0F4168490E,101.0,static,literature_reported,,,,,,,,,A_high,no,,,,,not_reported,JATS table Tab1; Verified static contact angles of selected solid–liquid pairs (1995–2025).; Exact/static row extracted; range-only and unsupported-liquid rows were excluded.,EXT_16D084CD7670,not_reported,yes,yes
EXT_9C8A1759B53C,SFC_57F0BA5D8921,OPEN_CROSS_MATERIAL_2026,LIQ_0F4168490E,104.0,static,sessile_drop,,,,,,,,,A_high,no,,,,,not_reported,JATS table Tab1; Verified static contact angles of selected solid–liquid pairs (1995–2025).; Exact/static row extracted; range-only and unsupported-liquid rows were excluded.,EXT_9C8A1759B53C,not_reported,yes,yes
EXT_184D1DD087ED,SFC_CF1F29DEC3F3,OPEN_CROSS_MATERIAL_2026,LIQ_0F4168490E,108.0,static,literature_reported,,,,,,2.0,,,A_high,no,,,,,not_reported,JATS table Tab1; Verified static contact angles of selected solid–liquid pairs (1995–2025).; Exact/static row extracted; range-only and unsupported-liquid rows were excluded.,EXT_184D1DD087ED,not_reported,yes,yes
EXT_98E4DE19244D,SFC_3302282ACAA2,OPEN_CROSS_MATERIAL_2026,LIQ_0F4168490E,109.0,static,literature_reported,,,,,,,,,A_high,no,,,,,not_reported,JATS table Tab1; Verified static contact angles of selected solid–liquid pairs (1995–2025).; Exact/static row extracted; range-only and unsupported-liquid rows were excluded.,EXT_98E4DE19244D,not_reported,yes,yes
EXT_701D36C9AEAE,SFC_049A1C1B4B3F,OPEN_CROSS_MATERIAL_2026,LIQ_0F4168490E,110.0,static,literature_reported,,,,,,,,,A_high,no,,,,,not_reported,JATS table Tab1; Verified static contact angles of selected solid–liquid pairs (1995–2025).; Exact/static row extracted; range-only and unsupported-liquid rows were excluded.,EXT_701D36C9AEAE,not_reported,yes,yes
EXT_86B54BC887BA,SFC_7B5A5C2A83F1,OPEN_CROSS_MATERIAL_2026,LIQ_0F4168490E,110.0,static,literature_reported,,,,,,,,,A_high,no,,,,,not_reported,JATS table Tab1; Verified static contact angles of selected solid–liquid pairs (1995–2025).; Exact/static row extracted; range-only and unsupported-liquid rows were excluded.,EXT_86B54BC887BA,not_reported,yes,yes
EXT_FE78EC16D3B2,SFC_05D437139AEF,OPEN_CROSS_MATERIAL_2026,LIQ_0F4168490E,110.0,static,literature_reported,,,,,,,,,A_high,no,,,,,not_reported,JATS table Tab1; Verified static contact angles of selected solid–liquid pairs (1995–2025).; Exact/static row extracted; range-only and unsupported-liquid rows were excluded.,EXT_FE78EC16D3B2,not_reported,yes,yes
EXT_5A22EE7F84A8,SFC_E853D5C9A29E,OPEN_CROSS_MATERIAL_2026,LIQ_0F4168490E,112.0,static,literature_reported,,,,,,3.0,,,A_high,no,,,,,not_reported,JATS table Tab1; Verified static contact angles of selected solid–liquid pairs (1995–2025).; Exact/static row extracted; range-only and unsupported-liquid rows were excluded.,EXT_5A22EE7F84A8,not_reported,yes,yes
EXT_8E080B773589,SFC_D88CE82490CD,OPEN_CROSS_MATERIAL_2026,LIQ_0F4168490E,113.8,static,literature_reported,,,,,,1.4,,,A_high,no,,,,,not_reported,JATS table Tab1; Verified static contact angles of selected solid–liquid pairs (1995–2025).; Exact/static row extracted; range-only and unsupported-liquid rows were excluded.,EXT_8E080B773589,not_reported,yes,yes
EXT_E27ED8F3E8CB,SFC_3122EC9D3530,OPEN_CROSS_MATERIAL_2026,LIQ_0F4168490E,118.0,static,literature_reported,,,,,,,,,A_high,no,,,,,not_reported,JATS table Tab1; Verified static contact angles of selected solid–liquid pairs (1995–2025).; Exact/static row extracted; range-only and unsupported-liquid rows were excluded.,EXT_E27ED8F3E8CB,not_reported,yes,yes
EXT_441FDE2FACD6,SFC_C4217EEC69EE,OPEN_CROSS_MATERIAL_2026,LIQ_0F4168490E,118.0,static,literature_reported,,,,,,,,,A_high,no,,,,,not_reported,JATS table Tab1; Verified static contact angles of selected solid–liquid pairs (1995–2025).; Exact/static row extracted; range-only and unsupported-liquid rows were excluded.,EXT_441FDE2FACD6,not_reported,yes,yes
EXT_69F4338326C3,SFC_EAC59F0538FF,OPEN_CROSS_MATERIAL_2026,LIQ_0F4168490E,119.0,static,literature_reported,,,,,,,,,A_high,no,,,,,not_reported,JATS table Tab1; Verified static contact angles of selected solid–liquid pairs (1995–2025).; Exact/static row extracted; range-only and unsupported-liquid rows were excluded.,EXT_69F4338326C3,not_reported,yes,yes
EXT_5F16141B2E06,SFC_5F7F48BBA35E,OPEN_CROSS_MATERIAL_2026,LIQ_0F4168490E,120.0,static,literature_reported,,,,,,,,,A_high,no,,,,,not_reported,JATS table Tab1; Verified static contact angles of selected solid–liquid pairs (1995–2025).; Exact/static row extracted; range-only and unsupported-liquid rows were excluded.,EXT_5F16141B2E06,not_reported,yes,yes
EXT_3AA83287CAB2,SFC_5ED24325E10A,OPEN_CROSS_MATERIAL_2026,LIQ_0F4168490E,130.0,static,literature_reported,,,,,,5.0,,,A_high,no,,,,,not_reported,JATS table Tab1; Verified static contact angles of selected solid–liquid pairs (1995–2025).; Exact/static row extracted; range-only and unsupported-liquid rows were excluded.,EXT_3AA83287CAB2,not_reported,yes,yes
EXT_EB30F6366EC8,SFC_D5CB19B7A059,OPEN_CROSS_MATERIAL_2026,LIQ_0F4168490E,130.0,static,literature_reported,,,,,,,,,A_high,no,,,,,not_reported,JATS table Tab1; Verified static contact angles of selected solid–liquid pairs (1995–2025).; Exact/static row extracted; range-only and unsupported-liquid rows were excluded.,EXT_EB30F6366EC8,not_reported,yes,yes
EXT_F6AC65D6E178,SFC_A2FC0BD30E3E,OPEN_CROSS_MATERIAL_2026,LIQ_0F4168490E,130.1,static,literature_reported,,,,,,0.8,,,A_high,no,,,,,not_reported,JATS table Tab1; Verified static contact angles of selected solid–liquid pairs (1995–2025).; Exact/static row extracted; range-only and unsupported-liquid rows were excluded.,EXT_F6AC65D6E178,not_reported,yes,yes
EXT_AD867DED8067,SFC_BB30AA0AE8D6,OPEN_CROSS_MATERIAL_2026,LIQ_0F4168490E,134.1,static,literature_reported,,,,,,1.0,,,A_high,no,,,,,not_reported,JATS table Tab1; Verified static contact angles of selected solid–liquid pairs (1995–2025).; Exact/static row extracted; range-only and unsupported-liquid rows were excluded.,EXT_AD867DED8067,not_reported,yes,yes
EXT_DE77FB0D32E3,SFC_5D474B7F127E,OPEN_CROSS_MATERIAL_2026,LIQ_0F4168490E,138.0,static,literature_reported,,,,,,,,,A_high,no,,,,,not_reported,JATS table Tab1; Verified static contact angles of selected solid–liquid pairs (1995–2025).; Exact/static row extracted; range-only and unsupported-liquid rows were excluded.,EXT_DE77FB0D32E3,not_reported,yes,yes
EXT_A1DD6DB9C693,SFC_5774779C7E4E,OPEN_CROSS_MATERIAL_2026,LIQ_0F4168490E,140.0,static,literature_reported,,,,,,,,,A_high,no,,,,,not_reported,JATS table Tab1; Verified static contact angles of selected solid–liquid pairs (1995–2025).; Exact/static row extracted; range-only and unsupported-liquid rows were excluded.,EXT_A1DD6DB9C693,not_reported,yes,yes
EXT_D273452DCA87,SFC_8D0462C5653C,OPEN_CROSS_MATERIAL_2026,LIQ_0F4168490E,140.0,static,literature_reported,,,,,,,,,A_high,no,,,,,not_reported,JATS table Tab1; Verified static contact angles of selected solid–liquid pairs (1995–2025).; Exact/static row extracted; range-only and unsupported-liquid rows were excluded.,EXT_D273452DCA87,not_reported,yes,yes
EXT_5C964067DDB9,SFC_008B5AD02DF3,OPEN_CROSS_MATERIAL_2026,LIQ_0F4168490E,140.8,static,literature_reported,,,,,,,,,A_high,no,,,,,not_reported,JATS table Tab1; Verified static contact angles of selected solid–liquid pairs (1995–2025).; Exact/static row extracted; range-only and unsupported-liquid rows were excluded.,EXT_5C964067DDB9,not_reported,yes,yes
EXT_F5CA0CBE24C8,SFC_71537A54AC75,OPEN_CROSS_MATERIAL_2026,LIQ_0F4168490E,141.0,static,literature_reported,,,,,,,,,A_high,no,,,,,not_reported,JATS table Tab1; Verified static contact angles of selected solid–liquid pairs (1995–2025).; Exact/static row extracted; range-only and unsupported-liquid rows were excluded.,EXT_F5CA0CBE24C8,not_reported,yes,yes
EXT_08D2B3E3D155,SFC_BD28F27D1B1C,OPEN_CROSS_MATERIAL_2026,LIQ_0F4168490E,142.5,static,literature_reported,,,,,,,,,A_high,no,,,,,not_reported,JATS table Tab1; Verified static contact angles of selected solid–liquid pairs (1995–2025).; Exact/static row extracted; range-only and unsupported-liquid rows were excluded.,EXT_08D2B3E3D155,not_reported,yes,yes
EXT_FDF0865FB056,SFC_4B7DAC13B6CB,OPEN_CROSS_MATERIAL_2026,LIQ_0F4168490E,150.0,static,literature_reported,,,,,,,,,A_high,no,,,,,not_reported,JATS table Tab1; Verified static contact angles of selected solid–liquid pairs (1995–2025).; Exact/static row extracted; range-only and unsupported-liquid rows were excluded.,EXT_FDF0865FB056,not_reported,yes,yes
EXT_BE98BFBCE0AB,SFC_5D72E873B03B,OPEN_CROSS_MATERIAL_2026,LIQ_0F4168490E,150.0,static,literature_reported,,,,,,,,,A_high,no,,,,,not_reported,JATS table Tab1; Verified static contact angles of selected solid–liquid pairs (1995–2025).; Exact/static row extracted; range-only and unsupported-liquid rows were excluded.,EXT_BE98BFBCE0AB,not_reported,yes,yes
EXT_DA7362055C35,SFC_78D38330E7A9,OPEN_CROSS_MATERIAL_2026,LIQ_0F4168490E,150.0,static,literature_reported,,,,,,,,,A_high,no,,,,,not_reported,JATS table Tab1; Verified static contact angles of selected solid–liquid pairs (1995–2025).; Exact/static row extracted; range-only and unsupported-liquid rows were excluded.,EXT_DA7362055C35,not_reported,yes,yes
EXT_CE8A8FA61210,SFC_6B46DE746EC7,OPEN_CROSS_MATERIAL_2026,LIQ_0F4168490E,150.0,static,literature_reported,,,,,,,,,A_high,no,,,,,not_reported,JATS table Tab1; Verified static contact angles of selected solid–liquid pairs (1995–2025).; Exact/static row extracted; range-only and unsupported-liquid rows were excluded.,EXT_CE8A8FA61210,not_reported,yes,yes
EXT_2F6CF8AC16F3,SFC_2323C916D9CA,OPEN_CROSS_MATERIAL_2026,LIQ_0F4168490E,150.5,static,literature_reported,,,,,,0.4,,,A_high,no,,,,,not_reported,JATS table Tab1; Verified static contact angles of selected solid–liquid pairs (1995–2025).; Exact/static row extracted; range-only and unsupported-liquid rows were excluded.,EXT_2F6CF8AC16F3,not_reported,yes,yes
EXT_8D650D7B5C3B,SFC_807168F787F5,OPEN_CROSS_MATERIAL_2026,LIQ_0F4168490E,150.0,static,literature_reported,,,,,,0.44,,,A_high,no,,,,,not_reported,JATS table Tab1; Verified static contact angles of selected solid–liquid pairs (1995–2025).; Exact/static row extracted; range-only and unsupported-liquid rows were excluded.,EXT_8D650D7B5C3B,not_reported,yes,yes
EXT_568E7197F0F4,SFC_01C5DA91E115,OPEN_CROSS_MATERIAL_2026,LIQ_0F4168490E,150.0,static,literature_reported,,,,,,0.44,,,A_high,no,,,,,not_reported,JATS table Tab1; Verified static contact angles of selected solid–liquid pairs (1995–2025).; Exact/static row extracted; range-only and unsupported-liquid rows were excluded.,EXT_568E7197F0F4,not_reported,yes,yes
EXT_D271DBB89E1C,SFC_C09DABED6453,OPEN_CROSS_MATERIAL_2026,LIQ_0F4168490E,151.0,static,literature_reported,,,,,,4.0,,,A_high,no,,,,,not_reported,JATS table Tab1; Verified static contact angles of selected solid–liquid pairs (1995–2025).; Exact/static row extracted; range-only and unsupported-liquid rows were excluded.,EXT_D271DBB89E1C,not_reported,yes,yes
EXT_D75887E14A30,SFC_40D416367ED5,OPEN_CROSS_MATERIAL_2026,LIQ_0F4168490E,152.3,static,literature_reported,,,,,,1.7,,,A_high,no,,,,,not_reported,JATS table Tab1; Verified static contact angles of selected solid–liquid pairs (1995–2025).; Exact/static row extracted; range-only and unsupported-liquid rows were excluded.,EXT_D75887E14A30,not_reported,yes,yes
EXT_F2EF45E9B6C8,SFC_893F8367669D,OPEN_CROSS_MATERIAL_2026,LIQ_0F4168490E,155.4,static,literature_reported,,,,,,0.6,,,A_high,no,,,,,not_reported,JATS table Tab1; Verified static contact angles of selected solid–liquid pairs (1995–2025).; Exact/static row extracted; range-only and unsupported-liquid rows were excluded.,EXT_F2EF45E9B6C8,not_reported,yes,yes
EXT_5BBBEA92BD69,SFC_10AE4DFE50CE,OPEN_CROSS_MATERIAL_2026,LIQ_0F4168490E,158.0,static,literature_reported,,,,,,5.0,,,A_high,no,,,,,not_reported,JATS table Tab1; Verified static contact angles of selected solid–liquid pairs (1995–2025).; Exact/static row extracted; range-only and unsupported-liquid rows were excluded.,EXT_5BBBEA92BD69,not_reported,yes,yes
EXT_6A99656CDA81,SFC_D382AE2DA4CA,OPEN_CROSS_MATERIAL_2026,LIQ_0F4168490E,160.0,static,literature_reported,,,,,,3.0,,,A_high,no,,,,,not_reported,JATS table Tab1; Verified static contact angles of selected solid–liquid pairs (1995–2025).; Exact/static row extracted; range-only and unsupported-liquid rows were excluded.,EXT_6A99656CDA81,not_reported,yes,yes
EXT_DAD3265356DE,SFC_3D43AF072E6D,OPEN_CROSS_MATERIAL_2026,LIQ_0F4168490E,160.0,static,literature_reported,,,,,,,,,A_high,no,,,,,not_reported,JATS table Tab1; Verified static contact angles of selected solid–liquid pairs (1995–2025).; Exact/static row extracted; range-only and unsupported-liquid rows were excluded.,EXT_DAD3265356DE,not_reported,yes,yes
EXT_22311927D024,SFC_D9DD5BCDEBD2,OPEN_CROSS_MATERIAL_2026,LIQ_0F4168490E,161.1,static,literature_reported,,,,,,0.6,,,A_high,no,,,,,not_reported,JATS table Tab1; Verified static contact angles of selected solid–liquid pairs (1995–2025).; Exact/static row extracted; range-only and unsupported-liquid rows were excluded.,EXT_22311927D024,not_reported,yes,yes
EXT_3C62AEFD5348,SFC_E366C485FD23,OPEN_CROSS_MATERIAL_2026,LIQ_0F4168490E,166.0,static,literature_reported,,,,,,3.0,,,A_high,no,,,,,not_reported,JATS table Tab1; Verified static contact angles of selected solid–liquid pairs (1995–2025).; Exact/static row extracted; range-only and unsupported-liquid rows were excluded.,EXT_3C62AEFD5348,not_reported,yes,yes
EXT_8D21E62DB309,SFC_D1DB5176E829,OPEN_CROSS_MATERIAL_2026,LIQ_0F4168490E,166.0,static,literature_reported,,,,,,,,,A_high,no,,,,,not_reported,JATS table Tab1; Verified static contact angles of selected solid–liquid pairs (1995–2025).; Exact/static row extracted; range-only and unsupported-liquid rows were excluded.,EXT_8D21E62DB309,not_reported,yes,yes
EXT_2481B8573EB1,SFC_5C7869425C1B,OPEN_CROSS_MATERIAL_2026,LIQ_0F4168490E,170.0,static,literature_reported,,,,,,,,,A_high,no,,,,,not_reported,JATS table Tab1; Verified static contact angles of selected solid–liquid pairs (1995–2025).; Exact/static row extracted; range-only and unsupported-liquid rows were excluded.,EXT_2481B8573EB1,not_reported,yes,yes
EXT_DF28A6DCCE52,SFC_4A211D37EBCC,OPEN_CROSS_MATERIAL_2026,LIQ_0F4168490E,172.5,static,literature_reported,,,,,,1.2,,,A_high,no,,,,,not_reported,JATS table Tab1; Verified static contact angles of selected solid–liquid pairs (1995–2025).; Exact/static row extracted; range-only and unsupported-liquid rows were excluded.,EXT_DF28A6DCCE52,not_reported,yes,yes
EXT_7112F46F959D,SFC_E45DCD7FEE37,OPEN_CROSS_MATERIAL_2026,LIQ_0F4168490E,174.0,static,literature_reported,,,,,,3.0,,,A_high,no,,,,,not_reported,JATS table Tab1; Verified static contact angles of selected solid–liquid pairs (1995–2025).; Exact/static row extracted; range-only and unsupported-liquid rows were excluded.,EXT_7112F46F959D,not_reported,yes,yes
EXT_CD007E6F73D6,SFC_D997DF0085DF,OPEN_POLYMER_SURFACES_2023,LIQ_0F4168490E,56.0,static,literature_reported,,,,,,,,,A_high,no,,,,,not_reported,"JATS table t2-turkjchem-47-1-68; Water (W), formamide (FA) and diiodomethane (DM) contact angle results of various polymer surfaces.; Diagnostic literature-reported angle; advancing/receding status is not specified in the source table.",EXT_CD007E6F73D6,not_reported,yes,yes
EXT_0D45D9BA0074,SFC_D997DF0085DF,OPEN_POLYMER_SURFACES_2023,LIQ_1BD1B94C09,32.0,static,literature_reported,,,,,,,,,A_high,no,,,,,not_reported,"JATS table t2-turkjchem-47-1-68; Water (W), formamide (FA) and diiodomethane (DM) contact angle results of various polymer surfaces.; Diagnostic literature-reported angle; advancing/receding status is not specified in the source table.",EXT_0D45D9BA0074,not_reported,yes,yes
EXT_297563844CCE,SFC_D997DF0085DF,OPEN_POLYMER_SURFACES_2023,LIQ_6656B41AB7,25.0,static,literature_reported,,,,,,,,,A_high,no,,,,,not_reported,"JATS table t2-turkjchem-47-1-68; Water (W), formamide (FA) and diiodomethane (DM) contact angle results of various polymer surfaces.; Diagnostic literature-reported angle; advancing/receding status is not specified in the source table.",EXT_297563844CCE,not_reported,yes,yes
EXT_B5BBE06381DD,SFC_874E84FC80A7,OPEN_POLYMER_SURFACES_2023,LIQ_0F4168490E,60.0,static,literature_reported,,,,,,,,,A_high,no,,,,,not_reported,"JATS table t2-turkjchem-47-1-68; Water (W), formamide (FA) and diiodomethane (DM) contact angle results of various polymer surfaces.; Diagnostic literature-reported angle; advancing/receding status is not specified in the source table.",EXT_B5BBE06381DD,not_reported,yes,yes
EXT_CF2DEF31E69A,SFC_874E84FC80A7,OPEN_POLYMER_SURFACES_2023,LIQ_1BD1B94C09,43.0,static,literature_reported,,,,,,,,,A_high,no,,,,,not_reported,"JATS table t2-turkjchem-47-1-68; Water (W), formamide (FA) and diiodomethane (DM) contact angle results of various polymer surfaces.; Diagnostic literature-reported angle; advancing/receding status is not specified in the source table.",EXT_CF2DEF31E69A,not_reported,yes,yes
EXT_04AB24A5BB0A,SFC_874E84FC80A7,OPEN_POLYMER_SURFACES_2023,LIQ_6656B41AB7,41.0,static,literature_reported,,,,,,,,,A_high,no,,,,,not_reported,"JATS table t2-turkjchem-47-1-68; Water (W), formamide (FA) and diiodomethane (DM) contact angle results of various polymer surfaces.; Diagnostic literature-reported angle; advancing/receding status is not specified in the source table.",EXT_04AB24A5BB0A,not_reported,yes,yes
EXT_1924C779E86F,SFC_E066D95CCC78,OPEN_POLYMER_SURFACES_2023,LIQ_0F4168490E,82.0,static,literature_reported,,,,,,,,,A_high,no,,,,,not_reported,"JATS table t2-turkjchem-47-1-68; Water (W), formamide (FA) and diiodomethane (DM) contact angle results of various polymer surfaces.; Diagnostic literature-reported angle; advancing/receding status is not specified in the source table.",EXT_1924C779E86F,not_reported,yes,yes
EXT_D02ABE046CF1,SFC_E066D95CCC78,OPEN_POLYMER_SURFACES_2023,LIQ_1BD1B94C09,61.0,static,literature_reported,,,,,,,,,A_high,no,,,,,not_reported,"JATS table t2-turkjchem-47-1-68; Water (W), formamide (FA) and diiodomethane (DM) contact angle results of various polymer surfaces.; Diagnostic literature-reported angle; advancing/receding status is not specified in the source table.",EXT_D02ABE046CF1,not_reported,yes,yes
EXT_B6135F6CB593,SFC_E066D95CCC78,OPEN_POLYMER_SURFACES_2023,LIQ_6656B41AB7,32.0,static,literature_reported,,,,,,,,,A_high,no,,,,,not_reported,"JATS table t2-turkjchem-47-1-68; Water (W), formamide (FA) and diiodomethane (DM) contact angle results of various polymer surfaces.; Diagnostic literature-reported angle; advancing/receding status is not specified in the source table.",EXT_B6135F6CB593,not_reported,yes,yes
EXT_59D01A9DD4A8,SFC_AC4DDEECE3F7,OPEN_POLYMER_SURFACES_2023,LIQ_0F4168490E,70.0,static,literature_reported,,,,,,,,,A_high,no,,,,,not_reported,"JATS table t2-turkjchem-47-1-68; Water (W), formamide (FA) and diiodomethane (DM) contact angle results of various polymer surfaces.; Diagnostic literature-reported angle; advancing/receding status is not specified in the source table.",EXT_59D01A9DD4A8,not_reported,yes,yes
EXT_DA68FAFFF9C1,SFC_AC4DDEECE3F7,OPEN_POLYMER_SURFACES_2023,LIQ_1BD1B94C09,50.0,static,literature_reported,,,,,,,,,A_high,no,,,,,not_reported,"JATS table t2-turkjchem-47-1-68; Water (W), formamide (FA) and diiodomethane (DM) contact angle results of various polymer surfaces.; Diagnostic literature-reported angle; advancing/receding status is not specified in the source table.",EXT_DA68FAFFF9C1,not_reported,yes,yes
EXT_BFC1FC4FCDFE,SFC_AC4DDEECE3F7,OPEN_POLYMER_SURFACES_2023,LIQ_6656B41AB7,41.0,static,literature_reported,,,,,,,,,A_high,no,,,,,not_reported,"JATS table t2-turkjchem-47-1-68; Water (W), formamide (FA) and diiodomethane (DM) contact angle results of various polymer surfaces.; Diagnostic literature-reported angle; advancing/receding status is not specified in the source table.",EXT_BFC1FC4FCDFE,not_reported,yes,yes
EXT_9320E89C123F,SFC_F0BFA31774A7,OPEN_POLYMER_SURFACES_2023,LIQ_0F4168490E,96.0,static,literature_reported,,,,,,,,,A_high,no,,,,,not_reported,"JATS table t2-turkjchem-47-1-68; Water (W), formamide (FA) and diiodomethane (DM) contact angle results of various polymer surfaces.; Diagnostic literature-reported angle; advancing/receding status is not specified in the source table.",EXT_9320E89C123F,not_reported,yes,yes
EXT_61F8100551D0,SFC_F0BFA31774A7,OPEN_POLYMER_SURFACES_2023,LIQ_1BD1B94C09,54.0,static,literature_reported,,,,,,,,,A_high,no,,,,,not_reported,"JATS table t2-turkjchem-47-1-68; Water (W), formamide (FA) and diiodomethane (DM) contact angle results of various polymer surfaces.; Diagnostic literature-reported angle; advancing/receding status is not specified in the source table.",EXT_61F8100551D0,not_reported,yes,yes
EXT_DA73FA01DE16,SFC_F0BFA31774A7,OPEN_POLYMER_SURFACES_2023,LIQ_6656B41AB7,34.0,static,literature_reported,,,,,,,,,A_high,no,,,,,not_reported,"JATS table t2-turkjchem-47-1-68; Water (W), formamide (FA) and diiodomethane (DM) contact angle results of various polymer surfaces.; Diagnostic literature-reported angle; advancing/receding status is not specified in the source table.",EXT_DA73FA01DE16,not_reported,yes,yes
EXT_E8887E8FA242,SFC_619070545661,OPEN_POLYMER_SURFACES_2023,LIQ_0F4168490E,91.0,static,literature_reported,,,,,,,,,A_high,no,,,,,not_reported,"JATS table t2-turkjchem-47-1-68; Water (W), formamide (FA) and diiodomethane (DM) contact angle results of various polymer surfaces.; Diagnostic literature-reported angle; advancing/receding status is not specified in the source table.",EXT_E8887E8FA242,not_reported,yes,yes
EXT_2D6D530BDE66,SFC_619070545661,OPEN_POLYMER_SURFACES_2023,LIQ_1BD1B94C09,74.0,static,literature_reported,,,,,,,,,A_high,no,,,,,not_reported,"JATS table t2-turkjchem-47-1-68; Water (W), formamide (FA) and diiodomethane (DM) contact angle results of various polymer surfaces.; Diagnostic literature-reported angle; advancing/receding status is not specified in the source table.",EXT_2D6D530BDE66,not_reported,yes,yes
EXT_0DF8EFC4C97A,SFC_619070545661,OPEN_POLYMER_SURFACES_2023,LIQ_6656B41AB7,35.0,static,literature_reported,,,,,,,,,A_high,no,,,,,not_reported,"JATS table t2-turkjchem-47-1-68; Water (W), formamide (FA) and diiodomethane (DM) contact angle results of various polymer surfaces.; Diagnostic literature-reported angle; advancing/receding status is not specified in the source table.",EXT_0DF8EFC4C97A,not_reported,yes,yes
EXT_398B369DB1D4,SFC_FFE25A9A5A54,OPEN_POLYMER_SURFACES_2023,LIQ_0F4168490E,87.0,static,literature_reported,,,,,,,,,A_high,no,,,,,not_reported,"JATS table t2-turkjchem-47-1-68; Water (W), formamide (FA) and diiodomethane (DM) contact angle results of various polymer surfaces.; Diagnostic literature-reported angle; advancing/receding status is not specified in the source table.",EXT_398B369DB1D4,not_reported,yes,yes
EXT_4A1E7242F9DF,SFC_FFE25A9A5A54,OPEN_POLYMER_SURFACES_2023,LIQ_1BD1B94C09,66.0,static,literature_reported,,,,,,,,,A_high,no,,,,,not_reported,"JATS table t2-turkjchem-47-1-68; Water (W), formamide (FA) and diiodomethane (DM) contact angle results of various polymer surfaces.; Diagnostic literature-reported angle; advancing/receding status is not specified in the source table.",EXT_4A1E7242F9DF,not_reported,yes,yes
EXT_C161311E1FB7,SFC_FFE25A9A5A54,OPEN_POLYMER_SURFACES_2023,LIQ_6656B41AB7,36.0,static,literature_reported,,,,,,,,,A_high,no,,,,,not_reported,"JATS table t2-turkjchem-47-1-68; Water (W), formamide (FA) and diiodomethane (DM) contact angle results of various polymer surfaces.; Diagnostic literature-reported angle; advancing/receding status is not specified in the source table.",EXT_C161311E1FB7,not_reported,yes,yes
EXT_D5FF9F67F45C,SFC_1D7210C10C8C,OPEN_POLYMER_SURFACES_2023,LIQ_0F4168490E,81.0,static,literature_reported,,,,,,,,,A_high,no,,,,,not_reported,"JATS table t2-turkjchem-47-1-68; Water (W), formamide (FA) and diiodomethane (DM) contact angle results of various polymer surfaces.; Diagnostic literature-reported angle; advancing/receding status is not specified in the source table.",EXT_D5FF9F67F45C,not_reported,yes,yes
EXT_C9A4F8CA797A,SFC_1D7210C10C8C,OPEN_POLYMER_SURFACES_2023,LIQ_1BD1B94C09,61.0,static,literature_reported,,,,,,,,,A_high,no,,,,,not_reported,"JATS table t2-turkjchem-47-1-68; Water (W), formamide (FA) and diiodomethane (DM) contact angle results of various polymer surfaces.; Diagnostic literature-reported angle; advancing/receding status is not specified in the source table.",EXT_C9A4F8CA797A,not_reported,yes,yes
EXT_BC643C3D7862,SFC_1D7210C10C8C,OPEN_POLYMER_SURFACES_2023,LIQ_6656B41AB7,38.0,static,literature_reported,,,,,,,,,A_high,no,,,,,not_reported,"JATS table t2-turkjchem-47-1-68; Water (W), formamide (FA) and diiodomethane (DM) contact angle results of various polymer surfaces.; Diagnostic literature-reported angle; advancing/receding status is not specified in the source table.",EXT_BC643C3D7862,not_reported,yes,yes
EXT_F80C8FA1754C,SFC_ECD42A787C67,OPEN_POLYMER_SURFACES_2023,LIQ_0F4168490E,71.0,static,literature_reported,,,,,,,,,A_high,no,,,,,not_reported,"JATS table t2-turkjchem-47-1-68; Water (W), formamide (FA) and diiodomethane (DM) contact angle results of various polymer surfaces.; Diagnostic literature-reported angle; advancing/receding status is not specified in the source table.",EXT_F80C8FA1754C,not_reported,yes,yes
EXT_686D150BDAAF,SFC_ECD42A787C67,OPEN_POLYMER_SURFACES_2023,LIQ_1BD1B94C09,59.0,static,literature_reported,,,,,,,,,A_high,no,,,,,not_reported,"JATS table t2-turkjchem-47-1-68; Water (W), formamide (FA) and diiodomethane (DM) contact angle results of various polymer surfaces.; Diagnostic literature-reported angle; advancing/receding status is not specified in the source table.",EXT_686D150BDAAF,not_reported,yes,yes
EXT_3D82C848D389,SFC_ECD42A787C67,OPEN_POLYMER_SURFACES_2023,LIQ_6656B41AB7,40.0,static,literature_reported,,,,,,,,,A_high,no,,,,,not_reported,"JATS table t2-turkjchem-47-1-68; Water (W), formamide (FA) and diiodomethane (DM) contact angle results of various polymer surfaces.; Diagnostic literature-reported angle; advancing/receding status is not specified in the source table.",EXT_3D82C848D389,not_reported,yes,yes
EXT_C03E4F87416F,SFC_5648457375F3,OPEN_POLYMER_SURFACES_2023,LIQ_0F4168490E,80.0,static,literature_reported,,,,,,,,,A_high,no,,,,,not_reported,"JATS table t2-turkjchem-47-1-68; Water (W), formamide (FA) and diiodomethane (DM) contact angle results of various polymer surfaces.; Diagnostic literature-reported angle; advancing/receding status is not specified in the source table.",EXT_C03E4F87416F,not_reported,yes,yes
EXT_B4AB0610DC8D,SFC_5648457375F3,OPEN_POLYMER_SURFACES_2023,LIQ_1BD1B94C09,54.0,static,literature_reported,,,,,,,,,A_high,no,,,,,not_reported,"JATS table t2-turkjchem-47-1-68; Water (W), formamide (FA) and diiodomethane (DM) contact angle results of various polymer surfaces.; Diagnostic literature-reported angle; advancing/receding status is not specified in the source table.",EXT_B4AB0610DC8D,not_reported,yes,yes
EXT_8EC71DE1D3C8,SFC_5648457375F3,OPEN_POLYMER_SURFACES_2023,LIQ_6656B41AB7,49.0,static,literature_reported,,,,,,,,,A_high,no,,,,,not_reported,"JATS table t2-turkjchem-47-1-68; Water (W), formamide (FA) and diiodomethane (DM) contact angle results of various polymer surfaces.; Diagnostic literature-reported angle; advancing/receding status is not specified in the source table.",EXT_8EC71DE1D3C8,not_reported,yes,yes
EXT_D8FBAAD59B4B,SFC_4CBC1B4A127C,OPEN_POLYMER_SURFACES_2023,LIQ_0F4168490E,102.0,static,literature_reported,,,,,,,,,A_high,no,,,,,not_reported,"JATS table t2-turkjchem-47-1-68; Water (W), formamide (FA) and diiodomethane (DM) contact angle results of various polymer surfaces.; Diagnostic literature-reported angle; advancing/receding status is not specified in the source table.",EXT_D8FBAAD59B4B,not_reported,yes,yes
EXT_1DC596480B9E,SFC_4CBC1B4A127C,OPEN_POLYMER_SURFACES_2023,LIQ_1BD1B94C09,85.0,static,literature_reported,,,,,,,,,A_high,no,,,,,not_reported,"JATS table t2-turkjchem-47-1-68; Water (W), formamide (FA) and diiodomethane (DM) contact angle results of various polymer surfaces.; Diagnostic literature-reported angle; advancing/receding status is not specified in the source table.",EXT_1DC596480B9E,not_reported,yes,yes
EXT_A3F4030D6CB1,SFC_4CBC1B4A127C,OPEN_POLYMER_SURFACES_2023,LIQ_6656B41AB7,53.0,static,literature_reported,,,,,,,,,A_high,no,,,,,not_reported,"JATS table t2-turkjchem-47-1-68; Water (W), formamide (FA) and diiodomethane (DM) contact angle results of various polymer surfaces.; Diagnostic literature-reported angle; advancing/receding status is not specified in the source table.",EXT_A3F4030D6CB1,not_reported,yes,yes
EXT_31D988D57B38,SFC_4BD23D0F3546,OPEN_POLYMER_SURFACES_2023,LIQ_0F4168490E,82.0,static,literature_reported,,,,,,,,,A_high,no,,,,,not_reported,"JATS table t2-turkjchem-47-1-68; Water (W), formamide (FA) and diiodomethane (DM) contact angle results of various polymer surfaces.; Diagnostic literature-reported angle; advancing/receding status is not specified in the source table.",EXT_31D988D57B38,not_reported,yes,yes
EXT_CA5F8E2A53C2,SFC_4BD23D0F3546,OPEN_POLYMER_SURFACES_2023,LIQ_1BD1B94C09,59.0,static,literature_reported,,,,,,,,,A_high,no,,,,,not_reported,"JATS table t2-turkjchem-47-1-68; Water (W), formamide (FA) and diiodomethane (DM) contact angle results of various polymer surfaces.; Diagnostic literature-reported angle; advancing/receding status is not specified in the source table.",EXT_CA5F8E2A53C2,not_reported,yes,yes
EXT_C03F819C4B66,SFC_4BD23D0F3546,OPEN_POLYMER_SURFACES_2023,LIQ_6656B41AB7,63.0,static,literature_reported,,,,,,,,,A_high,no,,,,,not_reported,"JATS table t2-turkjchem-47-1-68; Water (W), formamide (FA) and diiodomethane (DM) contact angle results of various polymer surfaces.; Diagnostic literature-reported angle; advancing/receding status is not specified in the source table.",EXT_C03F819C4B66,not_reported,yes,yes
EXT_FD5F6987DAB6,SFC_A65652A71181,OPEN_POLYMER_SURFACES_2023,LIQ_0F4168490E,102.0,static,literature_reported,,,,,,,,,A_high,no,,,,,not_reported,"JATS table t2-turkjchem-47-1-68; Water (W), formamide (FA) and diiodomethane (DM) contact angle results of various polymer surfaces.; Diagnostic literature-reported angle; advancing/receding status is not specified in the source table.",EXT_FD5F6987DAB6,not_reported,yes,yes
EXT_4BF4B6EE2A48,SFC_A65652A71181,OPEN_POLYMER_SURFACES_2023,LIQ_1BD1B94C09,82.0,static,literature_reported,,,,,,,,,A_high,no,,,,,not_reported,"JATS table t2-turkjchem-47-1-68; Water (W), formamide (FA) and diiodomethane (DM) contact angle results of various polymer surfaces.; Diagnostic literature-reported angle; advancing/receding status is not specified in the source table.",EXT_4BF4B6EE2A48,not_reported,yes,yes
EXT_63529BCBF35A,SFC_A65652A71181,OPEN_POLYMER_SURFACES_2023,LIQ_6656B41AB7,55.0,static,literature_reported,,,,,,,,,A_high,no,,,,,not_reported,"JATS table t2-turkjchem-47-1-68; Water (W), formamide (FA) and diiodomethane (DM) contact angle results of various polymer surfaces.; Diagnostic literature-reported angle; advancing/receding status is not specified in the source table.",EXT_63529BCBF35A,not_reported,yes,yes
EXT_9FD20D27EB85,SFC_D9EFE53A22B1,OPEN_POLYMER_SURFACES_2023,LIQ_0F4168490E,95.0,static,literature_reported,,,,,,,,,A_high,no,,,,,not_reported,"JATS table t2-turkjchem-47-1-68; Water (W), formamide (FA) and diiodomethane (DM) contact angle results of various polymer surfaces.; Diagnostic literature-reported angle; advancing/receding status is not specified in the source table.",EXT_9FD20D27EB85,not_reported,yes,yes
EXT_B9EFF76773A7,SFC_D9EFE53A22B1,OPEN_POLYMER_SURFACES_2023,LIQ_1BD1B94C09,77.0,static,literature_reported,,,,,,,,,A_high,no,,,,,not_reported,"JATS table t2-turkjchem-47-1-68; Water (W), formamide (FA) and diiodomethane (DM) contact angle results of various polymer surfaces.; Diagnostic literature-reported angle; advancing/receding status is not specified in the source table.",EXT_B9EFF76773A7,not_reported,yes,yes
EXT_525C8E3D6CD6,SFC_D9EFE53A22B1,OPEN_POLYMER_SURFACES_2023,LIQ_6656B41AB7,56.0,static,literature_reported,,,,,,,,,A_high,no,,,,,not_reported,"JATS table t2-turkjchem-47-1-68; Water (W), formamide (FA) and diiodomethane (DM) contact angle results of various polymer surfaces.; Diagnostic literature-reported angle; advancing/receding status is not specified in the source table.",EXT_525C8E3D6CD6,not_reported,yes,yes
EXT_61408262103D,SFC_6353761F5CC5,OPEN_POLYMER_SURFACES_2023,LIQ_0F4168490E,98.0,static,literature_reported,,,,,,,,,A_high,no,,,,,not_reported,"JATS table t2-turkjchem-47-1-68; Water (W), formamide (FA) and diiodomethane (DM) contact angle results of various polymer surfaces.; Diagnostic literature-reported angle; advancing/receding status is not specified in the source table.",EXT_61408262103D,not_reported,yes,yes
EXT_6A1E54C20CCE,SFC_6353761F5CC5,OPEN_POLYMER_SURFACES_2023,LIQ_1BD1B94C09,78.0,static,literature_reported,,,,,,,,,A_high,no,,,,,not_reported,"JATS table t2-turkjchem-47-1-68; Water (W), formamide (FA) and diiodomethane (DM) contact angle results of various polymer surfaces.; Diagnostic literature-reported angle; advancing/receding status is not specified in the source table.",EXT_6A1E54C20CCE,not_reported,yes,yes
EXT_981E9EC8865E,SFC_6353761F5CC5,OPEN_POLYMER_SURFACES_2023,LIQ_6656B41AB7,63.0,static,literature_reported,,,,,,,,,A_high,no,,,,,not_reported,"JATS table t2-turkjchem-47-1-68; Water (W), formamide (FA) and diiodomethane (DM) contact angle results of various polymer surfaces.; Diagnostic literature-reported angle; advancing/receding status is not specified in the source table.",EXT_981E9EC8865E,not_reported,yes,yes
EXT_8A8E3AAF6896,SFC_A66B59B95A03,OPEN_POLYMER_SURFACES_2023,LIQ_0F4168490E,92.0,static,literature_reported,,,,,,,,,A_high,no,,,,,not_reported,"JATS table t2-turkjchem-47-1-68; Water (W), formamide (FA) and diiodomethane (DM) contact angle results of various polymer surfaces.; Diagnostic literature-reported angle; advancing/receding status is not specified in the source table.",EXT_8A8E3AAF6896,not_reported,yes,yes
EXT_80357B8C920D,SFC_A66B59B95A03,OPEN_POLYMER_SURFACES_2023,LIQ_1BD1B94C09,76.0,static,literature_reported,,,,,,,,,A_high,no,,,,,not_reported,"JATS table t2-turkjchem-47-1-68; Water (W), formamide (FA) and diiodomethane (DM) contact angle results of various polymer surfaces.; Diagnostic literature-reported angle; advancing/receding status is not specified in the source table.",EXT_80357B8C920D,not_reported,yes,yes
EXT_C6419C1CBA62,SFC_A66B59B95A03,OPEN_POLYMER_SURFACES_2023,LIQ_6656B41AB7,71.0,static,literature_reported,,,,,,,,,A_high,no,,,,,not_reported,"JATS table t2-turkjchem-47-1-68; Water (W), formamide (FA) and diiodomethane (DM) contact angle results of various polymer surfaces.; Diagnostic literature-reported angle; advancing/receding status is not specified in the source table.",EXT_C6419C1CBA62,not_reported,yes,yes
EXT_7720DE638AE3,SFC_62075C90581B,OPEN_POLYMER_SURFACES_2023,LIQ_0F4168490E,108.0,static,literature_reported,,,,,,,,,A_high,no,,,,,not_reported,"JATS table t2-turkjchem-47-1-68; Water (W), formamide (FA) and diiodomethane (DM) contact angle results of various polymer surfaces.; Diagnostic literature-reported angle; advancing/receding status is not specified in the source table.",EXT_7720DE638AE3,not_reported,yes,yes
EXT_8E3054DE5097,SFC_62075C90581B,OPEN_POLYMER_SURFACES_2023,LIQ_1BD1B94C09,92.0,static,literature_reported,,,,,,,,,A_high,no,,,,,not_reported,"JATS table t2-turkjchem-47-1-68; Water (W), formamide (FA) and diiodomethane (DM) contact angle results of various polymer surfaces.; Diagnostic literature-reported angle; advancing/receding status is not specified in the source table.",EXT_8E3054DE5097,not_reported,yes,yes
EXT_BC1C15EECE17,SFC_62075C90581B,OPEN_POLYMER_SURFACES_2023,LIQ_6656B41AB7,88.0,static,literature_reported,,,,,,,,,A_high,no,,,,,not_reported,"JATS table t2-turkjchem-47-1-68; Water (W), formamide (FA) and diiodomethane (DM) contact angle results of various polymer surfaces.; Diagnostic literature-reported angle; advancing/receding status is not specified in the source table.",EXT_BC1C15EECE17,not_reported,yes,yes
EXT_49AD89E9F838,SFC_36EF2E368C84,OPEN_POLYMER_SURFACES_2023,LIQ_0F4168490E,125.0,static,literature_reported,,,,,,,,,A_high,no,,,,,not_reported,"JATS table t2-turkjchem-47-1-68; Water (W), formamide (FA) and diiodomethane (DM) contact angle results of various polymer surfaces.; Diagnostic literature-reported angle; advancing/receding status is not specified in the source table.",EXT_49AD89E9F838,not_reported,yes,yes
EXT_650589542FBB,SFC_36EF2E368C84,OPEN_POLYMER_SURFACES_2023,LIQ_1BD1B94C09,109.0,static,literature_reported,,,,,,,,,A_high,no,,,,,not_reported,"JATS table t2-turkjchem-47-1-68; Water (W), formamide (FA) and diiodomethane (DM) contact angle results of various polymer surfaces.; Diagnostic literature-reported angle; advancing/receding status is not specified in the source table.",EXT_650589542FBB,not_reported,yes,yes
EXT_C92CA45A6370,SFC_36EF2E368C84,OPEN_POLYMER_SURFACES_2023,LIQ_6656B41AB7,104.0,static,literature_reported,,,,,,,,,A_high,no,,,,,not_reported,"JATS table t2-turkjchem-47-1-68; Water (W), formamide (FA) and diiodomethane (DM) contact angle results of various polymer surfaces.; Diagnostic literature-reported angle; advancing/receding status is not specified in the source table.",EXT_C92CA45A6370,not_reported,yes,yes
EXT_C52AF747E8BF,SFC_70D1A1076BBD,OPEN_TEXTILE_ANTI_WETTING_2019,LIQ_0F4168490E,0.0,static,sessile_drop,,,,,,0.0,,,A_high,no,,,,,not_reported,JATS table polymers-11-00498-t006; Contact and shedding angles of surfaces.; CA columns; Static contact angle and SD extracted from CA columns only; shedding-angle columns were intentionally excluded.,EXT_C52AF747E8BF,not_reported,yes,yes
EXT_1366AD9E4A11,SFC_70D1A1076BBD,OPEN_TEXTILE_ANTI_WETTING_2019,LIQ_1BD1B94C09,0.0,static,sessile_drop,,,,,,0.0,,,A_high,no,,,,,not_reported,JATS table polymers-11-00498-t006; Contact and shedding angles of surfaces.; CA columns; Static contact angle and SD extracted from CA columns only; shedding-angle columns were intentionally excluded.,EXT_1366AD9E4A11,not_reported,yes,yes
EXT_B099AADD9565,SFC_70D1A1076BBD,OPEN_TEXTILE_ANTI_WETTING_2019,LIQ_6656B41AB7,50.0,static,sessile_drop,,,,,,0.8,,,A_high,no,,,,,not_reported,JATS table polymers-11-00498-t006; Contact and shedding angles of surfaces.; CA columns; Static contact angle and SD extracted from CA columns only; shedding-angle columns were intentionally excluded.,EXT_B099AADD9565,not_reported,yes,yes
EXT_FA599DFEA153,SFC_B23DE8940451,OPEN_TEXTILE_ANTI_WETTING_2019,LIQ_0F4168490E,107.0,static,sessile_drop,,,,,,1.9,,,A_high,no,,,,,not_reported,JATS table polymers-11-00498-t006; Contact and shedding angles of surfaces.; CA columns; Static contact angle and SD extracted from CA columns only; shedding-angle columns were intentionally excluded.,EXT_FA599DFEA153,not_reported,yes,yes
EXT_77B7B95A656C,SFC_B23DE8940451,OPEN_TEXTILE_ANTI_WETTING_2019,LIQ_1BD1B94C09,105.0,static,sessile_drop,,,,,,1.6,,,A_high,no,,,,,not_reported,JATS table polymers-11-00498-t006; Contact and shedding angles of surfaces.; CA columns; Static contact angle and SD extracted from CA columns only; shedding-angle columns were intentionally excluded.,EXT_77B7B95A656C,not_reported,yes,yes
EXT_5AF9983FF446,SFC_B23DE8940451,OPEN_TEXTILE_ANTI_WETTING_2019,LIQ_6656B41AB7,94.0,static,sessile_drop,,,,,,3.0,,,A_high,no,,,,,not_reported,JATS table polymers-11-00498-t006; Contact and shedding angles of surfaces.; CA columns; Static contact angle and SD extracted from CA columns only; shedding-angle columns were intentionally excluded.,EXT_5AF9983FF446,not_reported,yes,yes
EXT_B067D03F4F2E,SFC_C90D1535E78D,OPEN_TEXTILE_ANTI_WETTING_2019,LIQ_0F4168490E,101.0,static,sessile_drop,,,,,,1.4,,,A_high,no,,,,,not_reported,JATS table polymers-11-00498-t006; Contact and shedding angles of surfaces.; CA columns; Static contact angle and SD extracted from CA columns only; shedding-angle columns were intentionally excluded.,EXT_B067D03F4F2E,not_reported,yes,yes
EXT_1B40295A791F,SFC_C90D1535E78D,OPEN_TEXTILE_ANTI_WETTING_2019,LIQ_1BD1B94C09,84.0,static,sessile_drop,,,,,,2.8,,,A_high,no,,,,,not_reported,JATS table polymers-11-00498-t006; Contact and shedding angles of surfaces.; CA columns; Static contact angle and SD extracted from CA columns only; shedding-angle columns were intentionally excluded.,EXT_1B40295A791F,not_reported,yes,yes
EXT_3B5D655ADA7C,SFC_C90D1535E78D,OPEN_TEXTILE_ANTI_WETTING_2019,LIQ_6656B41AB7,60.0,static,sessile_drop,,,,,,1.3,,,A_high,no,,,,,not_reported,JATS table polymers-11-00498-t006; Contact and shedding angles of surfaces.; CA columns; Static contact angle and SD extracted from CA columns only; shedding-angle columns were intentionally excluded.,EXT_3B5D655ADA7C,not_reported,yes,yes
EXT_2E5AD1B19DD9,SFC_F92838A9E6A2,OPEN_TEXTILE_ANTI_WETTING_2019,LIQ_0F4168490E,105.0,static,sessile_drop,,,,,,3.7,,,A_high,no,,,,,not_reported,JATS table polymers-11-00498-t006; Contact and shedding angles of surfaces.; CA columns; Static contact angle and SD extracted from CA columns only; shedding-angle columns were intentionally excluded.,EXT_2E5AD1B19DD9,not_reported,yes,yes
EXT_9E923F72BEB3,SFC_F92838A9E6A2,OPEN_TEXTILE_ANTI_WETTING_2019,LIQ_1BD1B94C09,88.0,static,sessile_drop,,,,,,2.3,,,A_high,no,,,,,not_reported,JATS table polymers-11-00498-t006; Contact and shedding angles of surfaces.; CA columns; Static contact angle and SD extracted from CA columns only; shedding-angle columns were intentionally excluded.,EXT_9E923F72BEB3,not_reported,yes,yes
EXT_88A27790C2BD,SFC_F92838A9E6A2,OPEN_TEXTILE_ANTI_WETTING_2019,LIQ_6656B41AB7,63.0,static,sessile_drop,,,,,,2.3,,,A_high,no,,,,,not_reported,JATS table polymers-11-00498-t006; Contact and shedding angles of surfaces.; CA columns; Static contact angle and SD extracted from CA columns only; shedding-angle columns were intentionally excluded.,EXT_88A27790C2BD,not_reported,yes,yes
EXT_4DA44BDBC109,SFC_F8CAAE03FE56,OPEN_TEXTILE_ANTI_WETTING_2019,LIQ_0F4168490E,96.0,static,sessile_drop,,,,,,4.2,,,A_high,no,,,,,not_reported,JATS table polymers-11-00498-t006; Contact and shedding angles of surfaces.; CA columns; Static contact angle and SD extracted from CA columns only; shedding-angle columns were intentionally excluded.,EXT_4DA44BDBC109,not_reported,yes,yes
EXT_AB64302191E1,SFC_F8CAAE03FE56,OPEN_TEXTILE_ANTI_WETTING_2019,LIQ_1BD1B94C09,82.0,static,sessile_drop,,,,,,1.9,,,A_high,no,,,,,not_reported,JATS table polymers-11-00498-t006; Contact and shedding angles of surfaces.; CA columns; Static contact angle and SD extracted from CA columns only; shedding-angle columns were intentionally excluded.,EXT_AB64302191E1,not_reported,yes,yes
EXT_90EB026C806A,SFC_F8CAAE03FE56,OPEN_TEXTILE_ANTI_WETTING_2019,LIQ_6656B41AB7,61.0,static,sessile_drop,,,,,,1.7,,,A_high,no,,,,,not_reported,JATS table polymers-11-00498-t006; Contact and shedding angles of surfaces.; CA columns; Static contact angle and SD extracted from CA columns only; shedding-angle columns were intentionally excluded.,EXT_90EB026C806A,not_reported,yes,yes
EXT_1D5570A27934,SFC_96459A5711ED,OPEN_TEXTILE_ANTI_WETTING_2019,LIQ_0F4168490E,106.0,static,sessile_drop,,,,,,1.2,,,A_high,no,,,,,not_reported,JATS table polymers-11-00498-t006; Contact and shedding angles of surfaces.; CA columns; Static contact angle and SD extracted from CA columns only; shedding-angle columns were intentionally excluded.,EXT_1D5570A27934,not_reported,yes,yes
EXT_C2CBB107CCEB,SFC_96459A5711ED,OPEN_TEXTILE_ANTI_WETTING_2019,LIQ_1BD1B94C09,102.0,static,sessile_drop,,,,,,2.6,,,A_high,no,,,,,not_reported,JATS table polymers-11-00498-t006; Contact and shedding angles of surfaces.; CA columns; Static contact angle and SD extracted from CA columns only; shedding-angle columns were intentionally excluded.,EXT_C2CBB107CCEB,not_reported,yes,yes
EXT_608AC2D3D381,SFC_96459A5711ED,OPEN_TEXTILE_ANTI_WETTING_2019,LIQ_6656B41AB7,95.0,static,sessile_drop,,,,,,2.7,,,A_high,no,,,,,not_reported,JATS table polymers-11-00498-t006; Contact and shedding angles of surfaces.; CA columns; Static contact angle and SD extracted from CA columns only; shedding-angle columns were intentionally excluded.,EXT_608AC2D3D381,not_reported,yes,yes
EXT_0AE552940B30,SFC_DE9D8D16E40F,OPEN_TEXTILE_ANTI_WETTING_2019,LIQ_0F4168490E,104.0,static,sessile_drop,,,,,,2.3,,,A_high,no,,,,,not_reported,JATS table polymers-11-00498-t006; Contact and shedding angles of surfaces.; CA columns; Static contact angle and SD extracted from CA columns only; shedding-angle columns were intentionally excluded.,EXT_0AE552940B30,not_reported,yes,yes
EXT_3549187670B3,SFC_DE9D8D16E40F,OPEN_TEXTILE_ANTI_WETTING_2019,LIQ_1BD1B94C09,90.0,static,sessile_drop,,,,,,2.8,,,A_high,no,,,,,not_reported,JATS table polymers-11-00498-t006; Contact and shedding angles of surfaces.; CA columns; Static contact angle and SD extracted from CA columns only; shedding-angle columns were intentionally excluded.,EXT_3549187670B3,not_reported,yes,yes
EXT_925A4AF449D5,SFC_DE9D8D16E40F,OPEN_TEXTILE_ANTI_WETTING_2019,LIQ_6656B41AB7,61.0,static,sessile_drop,,,,,,1.9,,,A_high,no,,,,,not_reported,JATS table polymers-11-00498-t006; Contact and shedding angles of surfaces.; CA columns; Static contact angle and SD extracted from CA columns only; shedding-angle columns were intentionally excluded.,EXT_925A4AF449D5,not_reported,yes,yes
EXT_AF4963616E76,SFC_A7A6BDD5941D,OPEN_TEXTILE_ANTI_WETTING_2019,LIQ_0F4168490E,0.0,static,sessile_drop,,,,,,0.0,,,A_high,no,,,,,not_reported,JATS table polymers-11-00498-t006; Contact and shedding angles of surfaces.; CA columns; Static contact angle and SD extracted from CA columns only; shedding-angle columns were intentionally excluded.,EXT_AF4963616E76,not_reported,yes,yes
EXT_74D717509DFB,SFC_A7A6BDD5941D,OPEN_TEXTILE_ANTI_WETTING_2019,LIQ_1BD1B94C09,0.0,static,sessile_drop,,,,,,0.0,,,A_high,no,,,,,not_reported,JATS table polymers-11-00498-t006; Contact and shedding angles of surfaces.; CA columns; Static contact angle and SD extracted from CA columns only; shedding-angle columns were intentionally excluded.,EXT_74D717509DFB,not_reported,yes,yes
EXT_6E149AD2F9BC,SFC_A7A6BDD5941D,OPEN_TEXTILE_ANTI_WETTING_2019,LIQ_6656B41AB7,0.0,static,sessile_drop,,,,,,0.0,,,A_high,no,,,,,not_reported,JATS table polymers-11-00498-t006; Contact and shedding angles of surfaces.; CA columns; Static contact angle and SD extracted from CA columns only; shedding-angle columns were intentionally excluded.,EXT_6E149AD2F9BC,not_reported,yes,yes
EXT_A77898F3791B,SFC_AEE4770633F2,OPEN_TEXTILE_ANTI_WETTING_2019,LIQ_0F4168490E,166.0,static,sessile_drop,,,,,,2.3,,,A_high,no,,,,,not_reported,JATS table polymers-11-00498-t006; Contact and shedding angles of surfaces.; CA columns; Static contact angle and SD extracted from CA columns only; shedding-angle columns were intentionally excluded.,EXT_A77898F3791B,not_reported,yes,yes
EXT_2B7215CA739E,SFC_AEE4770633F2,OPEN_TEXTILE_ANTI_WETTING_2019,LIQ_1BD1B94C09,159.0,static,sessile_drop,,,,,,2.5,,,A_high,no,,,,,not_reported,JATS table polymers-11-00498-t006; Contact and shedding angles of surfaces.; CA columns; Static contact angle and SD extracted from CA columns only; shedding-angle columns were intentionally excluded.,EXT_2B7215CA739E,not_reported,yes,yes
EXT_6A76549F5884,SFC_AEE4770633F2,OPEN_TEXTILE_ANTI_WETTING_2019,LIQ_6656B41AB7,153.0,static,sessile_drop,,,,,,3.4,,,A_high,no,,,,,not_reported,JATS table polymers-11-00498-t006; Contact and shedding angles of surfaces.; CA columns; Static contact angle and SD extracted from CA columns only; shedding-angle columns were intentionally excluded.,EXT_6A76549F5884,not_reported,yes,yes
EXT_14B3DFB49864,SFC_E0770C382AAA,OPEN_TEXTILE_ANTI_WETTING_2019,LIQ_0F4168490E,164.0,static,sessile_drop,,,,,,4.1,,,A_high,no,,,,,not_reported,JATS table polymers-11-00498-t006; Contact and shedding angles of surfaces.; CA columns; Static contact angle and SD extracted from CA columns only; shedding-angle columns were intentionally excluded.,EXT_14B3DFB49864,not_reported,yes,yes
EXT_038669031712,SFC_E0770C382AAA,OPEN_TEXTILE_ANTI_WETTING_2019,LIQ_1BD1B94C09,152.0,static,sessile_drop,,,,,,2.3,,,A_high,no,,,,,not_reported,JATS table polymers-11-00498-t006; Contact and shedding angles of surfaces.; CA columns; Static contact angle and SD extracted from CA columns only; shedding-angle columns were intentionally excluded.,EXT_038669031712,not_reported,yes,yes
EXT_6181C20E4C23,SFC_E0770C382AAA,OPEN_TEXTILE_ANTI_WETTING_2019,LIQ_6656B41AB7,148.0,static,sessile_drop,,,,,,4.3,,,A_high,no,,,,,not_reported,JATS table polymers-11-00498-t006; Contact and shedding angles of surfaces.; CA columns; Static contact angle and SD extracted from CA columns only; shedding-angle columns were intentionally excluded.,EXT_6181C20E4C23,not_reported,yes,yes
EXT_72A5665216D0,SFC_D1ADE9B03D51,OPEN_TEXTILE_ANTI_WETTING_2019,LIQ_0F4168490E,126.0,static,sessile_drop,,,,,,2.8,,,A_high,no,,,,,not_reported,JATS table polymers-11-00498-t006; Contact and shedding angles of surfaces.; CA columns; Static contact angle and SD extracted from CA columns only; shedding-angle columns were intentionally excluded.,EXT_72A5665216D0,not_reported,yes,yes
EXT_2BFE763DBE7F,SFC_D1ADE9B03D51,OPEN_TEXTILE_ANTI_WETTING_2019,LIQ_1BD1B94C09,84.0,static,sessile_drop,,,,,,4.5,,,A_high,no,,,,,not_reported,JATS table polymers-11-00498-t006; Contact and shedding angles of surfaces.; CA columns; Static contact angle and SD extracted from CA columns only; shedding-angle columns were intentionally excluded.,EXT_2BFE763DBE7F,not_reported,yes,yes
EXT_8D65AE043571,SFC_D1ADE9B03D51,OPEN_TEXTILE_ANTI_WETTING_2019,LIQ_6656B41AB7,0.0,static,sessile_drop,,,,,,0.0,,,A_high,no,,,,,not_reported,JATS table polymers-11-00498-t006; Contact and shedding angles of surfaces.; CA columns; Static contact angle and SD extracted from CA columns only; shedding-angle columns were intentionally excluded.,EXT_8D65AE043571,not_reported,yes,yes
EXT_C6C3DE3E198C,SFC_F4A35D2DD4C5,OPEN_TEXTILE_ANTI_WETTING_2019,LIQ_0F4168490E,147.0,static,sessile_drop,,,,,,2.9,,,A_high,no,,,,,not_reported,JATS table polymers-11-00498-t006; Contact and shedding angles of surfaces.; CA columns; Static contact angle and SD extracted from CA columns only; shedding-angle columns were intentionally excluded.,EXT_C6C3DE3E198C,not_reported,yes,yes
EXT_CB7F947E87F6,SFC_F4A35D2DD4C5,OPEN_TEXTILE_ANTI_WETTING_2019,LIQ_1BD1B94C09,143.0,static,sessile_drop,,,,,,2.7,,,A_high,no,,,,,not_reported,JATS table polymers-11-00498-t006; Contact and shedding angles of surfaces.; CA columns; Static contact angle and SD extracted from CA columns only; shedding-angle columns were intentionally excluded.,EXT_CB7F947E87F6,not_reported,yes,yes
EXT_08747D17F0BD,SFC_F4A35D2DD4C5,OPEN_TEXTILE_ANTI_WETTING_2019,LIQ_6656B41AB7,140.0,static,sessile_drop,,,,,,3.7,,,A_high,no,,,,,not_reported,JATS table polymers-11-00498-t006; Contact and shedding angles of surfaces.; CA columns; Static contact angle and SD extracted from CA columns only; shedding-angle columns were intentionally excluded.,EXT_08747D17F0BD,not_reported,yes,yes
EXT_8197A3621B99,SFC_B6F1BA3CA55E,OPEN_TEXTILE_ANTI_WETTING_2019,LIQ_0F4168490E,145.0,static,sessile_drop,,,,,,3.8,,,A_high,no,,,,,not_reported,JATS table polymers-11-00498-t006; Contact and shedding angles of surfaces.; CA columns; Static contact angle and SD extracted from CA columns only; shedding-angle columns were intentionally excluded.,EXT_8197A3621B99,not_reported,yes,yes
EXT_9C403EA34EBF,SFC_B6F1BA3CA55E,OPEN_TEXTILE_ANTI_WETTING_2019,LIQ_1BD1B94C09,136.0,static,sessile_drop,,,,,,1.7,,,A_high,no,,,,,not_reported,JATS table polymers-11-00498-t006; Contact and shedding angles of surfaces.; CA columns; Static contact angle and SD extracted from CA columns only; shedding-angle columns were intentionally excluded.,EXT_9C403EA34EBF,not_reported,yes,yes
EXT_0DF6420B4440,SFC_B6F1BA3CA55E,OPEN_TEXTILE_ANTI_WETTING_2019,LIQ_6656B41AB7,127.0,static,sessile_drop,,,,,,2.5,,,A_high,no,,,,,not_reported,JATS table polymers-11-00498-t006; Contact and shedding angles of surfaces.; CA columns; Static contact angle and SD extracted from CA columns only; shedding-angle columns were intentionally excluded.,EXT_0DF6420B4440,not_reported,yes,yes
EXT_E6B7DB163BBF,SFC_ADC096AE0D75,OPEN_TEXTILE_ANTI_WETTING_2019,LIQ_0F4168490E,129.0,static,sessile_drop,,,,,,3.5,,,A_high,no,,,,,not_reported,JATS table polymers-11-00498-t006; Contact and shedding angles of surfaces.; CA columns; Static contact angle and SD extracted from CA columns only; shedding-angle columns were intentionally excluded.,EXT_E6B7DB163BBF,not_reported,yes,yes
EXT_CE643B4A3F85,SFC_ADC096AE0D75,OPEN_TEXTILE_ANTI_WETTING_2019,LIQ_1BD1B94C09,0.0,static,sessile_drop,,,,,,0.0,,,A_high,no,,,,,not_reported,JATS table polymers-11-00498-t006; Contact and shedding angles of surfaces.; CA columns; Static contact angle and SD extracted from CA columns only; shedding-angle columns were intentionally excluded.,EXT_CE643B4A3F85,not_reported,yes,yes
EXT_FE000B13E4CD,SFC_ADC096AE0D75,OPEN_TEXTILE_ANTI_WETTING_2019,LIQ_6656B41AB7,0.0,static,sessile_drop,,,,,,0.0,,,A_high,no,,,,,not_reported,JATS table polymers-11-00498-t006; Contact and shedding angles of surfaces.; CA columns; Static contact angle and SD extracted from CA columns only; shedding-angle columns were intentionally excluded.,EXT_FE000B13E4CD,not_reported,yes,yes
EXT_80DEF70D19C2,SFC_7E09C519A040,OPEN_TEXTILE_ANTI_WETTING_2019,LIQ_0F4168490E,156.0,static,sessile_drop,,,,,,2.9,,,A_high,no,,,,,not_reported,JATS table polymers-11-00498-t006; Contact and shedding angles of surfaces.; CA columns; Static contact angle and SD extracted from CA columns only; shedding-angle columns were intentionally excluded.,EXT_80DEF70D19C2,not_reported,yes,yes
EXT_9AB928688B6A,SFC_7E09C519A040,OPEN_TEXTILE_ANTI_WETTING_2019,LIQ_1BD1B94C09,150.0,static,sessile_drop,,,,,,1.4,,,A_high,no,,,,,not_reported,JATS table polymers-11-00498-t006; Contact and shedding angles of surfaces.; CA columns; Static contact angle and SD extracted from CA columns only; shedding-angle columns were intentionally excluded.,EXT_9AB928688B6A,not_reported,yes,yes
EXT_5361E028DB1F,SFC_7E09C519A040,OPEN_TEXTILE_ANTI_WETTING_2019,LIQ_6656B41AB7,150.0,static,sessile_drop,,,,,,2.4,,,A_high,no,,,,,not_reported,JATS table polymers-11-00498-t006; Contact and shedding angles of surfaces.; CA columns; Static contact angle and SD extracted from CA columns only; shedding-angle columns were intentionally excluded.,EXT_5361E028DB1F,not_reported,yes,yes
EXT_3C536EB8B2E0,SFC_FE1BCA204FFA,OPEN_TEXTILE_ANTI_WETTING_2019,LIQ_0F4168490E,151.0,static,sessile_drop,,,,,,3.3,,,A_high,no,,,,,not_reported,JATS table polymers-11-00498-t006; Contact and shedding angles of surfaces.; CA columns; Static contact angle and SD extracted from CA columns only; shedding-angle columns were intentionally excluded.,EXT_3C536EB8B2E0,not_reported,yes,yes
EXT_E53A49812943,SFC_FE1BCA204FFA,OPEN_TEXTILE_ANTI_WETTING_2019,LIQ_1BD1B94C09,145.0,static,sessile_drop,,,,,,3.2,,,A_high,no,,,,,not_reported,JATS table polymers-11-00498-t006; Contact and shedding angles of surfaces.; CA columns; Static contact angle and SD extracted from CA columns only; shedding-angle columns were intentionally excluded.,EXT_E53A49812943,not_reported,yes,yes
EXT_EE607E307472,SFC_FE1BCA204FFA,OPEN_TEXTILE_ANTI_WETTING_2019,LIQ_6656B41AB7,140.0,static,sessile_drop,,,,,,3.7,,,A_high,no,,,,,not_reported,JATS table polymers-11-00498-t006; Contact and shedding angles of surfaces.; CA columns; Static contact angle and SD extracted from CA columns only; shedding-angle columns were intentionally excluded.,EXT_EE607E307472,not_reported,yes,yes
EXT_618188348392,SFC_01B9AA1C0B74,OPEN_PLA_FILMS_2021,LIQ_0F4168490E,113.0,static,sessile_drop,,,,,15.0,5.0,,,A_high,no,,,,,not_reported,"JATS table polymers-13-04289-t001; Contact angles of water (θW), formamide (θF), and diiodomethane (θD) of PLA films casted on PTFE, glass, Ti6Al4V, and silicone, according to the solvent.; Average +/- standard deviation extracted from Table 1. The article reports at least fifteen drops on three samples; replicates_n=15 is a conservative lower bound.",EXT_618188348392,not_reported,yes,yes
EXT_069D7AE7FCAD,SFC_B1D8AACA85B5,OPEN_PLA_FILMS_2021,LIQ_0F4168490E,76.0,static,sessile_drop,,,,,15.0,3.0,,,A_high,no,,,,,not_reported,"JATS table polymers-13-04289-t001; Contact angles of water (θW), formamide (θF), and diiodomethane (θD) of PLA films casted on PTFE, glass, Ti6Al4V, and silicone, according to the solvent.; Average +/- standard deviation extracted from Table 1. The article reports at least fifteen drops on three samples; replicates_n=15 is a conservative lower bound.",EXT_069D7AE7FCAD,not_reported,yes,yes
EXT_8935C7528E56,SFC_662849118DF0,OPEN_PLA_FILMS_2021,LIQ_0F4168490E,64.0,static,sessile_drop,,,,,15.0,5.0,,,A_high,no,,,,,not_reported,"JATS table polymers-13-04289-t001; Contact angles of water (θW), formamide (θF), and diiodomethane (θD) of PLA films casted on PTFE, glass, Ti6Al4V, and silicone, according to the solvent.; Average +/- standard deviation extracted from Table 1. The article reports at least fifteen drops on three samples; replicates_n=15 is a conservative lower bound.",EXT_8935C7528E56,not_reported,yes,yes
EXT_C98B044A6F7F,SFC_29A9F5906DC4,OPEN_PLA_FILMS_2021,LIQ_0F4168490E,74.0,static,sessile_drop,,,,,15.0,2.0,,,A_high,no,,,,,not_reported,"JATS table polymers-13-04289-t001; Contact angles of water (θW), formamide (θF), and diiodomethane (θD) of PLA films casted on PTFE, glass, Ti6Al4V, and silicone, according to the solvent.; Average +/- standard deviation extracted from Table 1. The article reports at least fifteen drops on three samples; replicates_n=15 is a conservative lower bound.",EXT_C98B044A6F7F,not_reported,yes,yes
EXT_4299E75704B2,SFC_01B9AA1C0B74,OPEN_PLA_FILMS_2021,LIQ_1BD1B94C09,92.0,static,sessile_drop,,,,,15.0,4.0,,,A_high,no,,,,,not_reported,"JATS table polymers-13-04289-t001; Contact angles of water (θW), formamide (θF), and diiodomethane (θD) of PLA films casted on PTFE, glass, Ti6Al4V, and silicone, according to the solvent.; Average +/- standard deviation extracted from Table 1. The article reports at least fifteen drops on three samples; replicates_n=15 is a conservative lower bound.",EXT_4299E75704B2,not_reported,yes,yes
EXT_C0A69AE67463,SFC_B1D8AACA85B5,OPEN_PLA_FILMS_2021,LIQ_1BD1B94C09,64.0,static,sessile_drop,,,,,15.0,2.0,,,A_high,no,,,,,not_reported,"JATS table polymers-13-04289-t001; Contact angles of water (θW), formamide (θF), and diiodomethane (θD) of PLA films casted on PTFE, glass, Ti6Al4V, and silicone, according to the solvent.; Average +/- standard deviation extracted from Table 1. The article reports at least fifteen drops on three samples; replicates_n=15 is a conservative lower bound.",EXT_C0A69AE67463,not_reported,yes,yes
EXT_59A1C74C7C24,SFC_662849118DF0,OPEN_PLA_FILMS_2021,LIQ_1BD1B94C09,54.0,static,sessile_drop,,,,,15.0,5.0,,,A_high,no,,,,,not_reported,"JATS table polymers-13-04289-t001; Contact angles of water (θW), formamide (θF), and diiodomethane (θD) of PLA films casted on PTFE, glass, Ti6Al4V, and silicone, according to the solvent.; Average +/- standard deviation extracted from Table 1. The article reports at least fifteen drops on three samples; replicates_n=15 is a conservative lower bound.",EXT_59A1C74C7C24,not_reported,yes,yes
EXT_28942280B8C6,SFC_29A9F5906DC4,OPEN_PLA_FILMS_2021,LIQ_1BD1B94C09,60.0,static,sessile_drop,,,,,15.0,3.0,,,A_high,no,,,,,not_reported,"JATS table polymers-13-04289-t001; Contact angles of water (θW), formamide (θF), and diiodomethane (θD) of PLA films casted on PTFE, glass, Ti6Al4V, and silicone, according to the solvent.; Average +/- standard deviation extracted from Table 1. The article reports at least fifteen drops on three samples; replicates_n=15 is a conservative lower bound.",EXT_28942280B8C6,not_reported,yes,yes
EXT_264C8AB42663,SFC_01B9AA1C0B74,OPEN_PLA_FILMS_2021,LIQ_6656B41AB7,83.0,static,sessile_drop,,,,,15.0,4.0,,,A_high,no,,,,,not_reported,"JATS table polymers-13-04289-t001; Contact angles of water (θW), formamide (θF), and diiodomethane (θD) of PLA films casted on PTFE, glass, Ti6Al4V, and silicone, according to the solvent.; Average +/- standard deviation extracted from Table 1. The article reports at least fifteen drops on three samples; replicates_n=15 is a conservative lower bound.",EXT_264C8AB42663,not_reported,yes,yes
EXT_0C90915034B7,SFC_B1D8AACA85B5,OPEN_PLA_FILMS_2021,LIQ_6656B41AB7,48.0,static,sessile_drop,,,,,15.0,2.0,,,A_high,no,,,,,not_reported,"JATS table polymers-13-04289-t001; Contact angles of water (θW), formamide (θF), and diiodomethane (θD) of PLA films casted on PTFE, glass, Ti6Al4V, and silicone, according to the solvent.; Average +/- standard deviation extracted from Table 1. The article reports at least fifteen drops on three samples; replicates_n=15 is a conservative lower bound.",EXT_0C90915034B7,not_reported,yes,yes
EXT_197AF6112F5C,SFC_662849118DF0,OPEN_PLA_FILMS_2021,LIQ_6656B41AB7,47.0,static,sessile_drop,,,,,15.0,5.0,,,A_high,no,,,,,not_reported,"JATS table polymers-13-04289-t001; Contact angles of water (θW), formamide (θF), and diiodomethane (θD) of PLA films casted on PTFE, glass, Ti6Al4V, and silicone, according to the solvent.; Average +/- standard deviation extracted from Table 1. The article reports at least fifteen drops on three samples; replicates_n=15 is a conservative lower bound.",EXT_197AF6112F5C,not_reported,yes,yes
EXT_F7284554E363,SFC_29A9F5906DC4,OPEN_PLA_FILMS_2021,LIQ_6656B41AB7,46.0,static,sessile_drop,,,,,15.0,3.0,,,A_high,no,,,,,not_reported,"JATS table polymers-13-04289-t001; Contact angles of water (θW), formamide (θF), and diiodomethane (θD) of PLA films casted on PTFE, glass, Ti6Al4V, and silicone, according to the solvent.; Average +/- standard deviation extracted from Table 1. The article reports at least fifteen drops on three samples; replicates_n=15 is a conservative lower bound.",EXT_F7284554E363,not_reported,yes,yes
EXT_832E508A7F45,SFC_4640D599C795,OPEN_PLA_FILMS_2021,LIQ_0F4168490E,43.0,static,sessile_drop,,,,,15.0,4.0,,,A_high,no,,,,,not_reported,"JATS table polymers-13-04289-t001; Contact angles of water (θW), formamide (θF), and diiodomethane (θD) of PLA films casted on PTFE, glass, Ti6Al4V, and silicone, according to the solvent.; Average +/- standard deviation extracted from Table 1. The article reports at least fifteen drops on three samples; replicates_n=15 is a conservative lower bound.",EXT_832E508A7F45,not_reported,yes,yes
EXT_263F0D060209,SFC_869B011AB104,OPEN_PLA_FILMS_2021,LIQ_0F4168490E,74.0,static,sessile_drop,,,,,15.0,4.0,,,A_high,no,,,,,not_reported,"JATS table polymers-13-04289-t001; Contact angles of water (θW), formamide (θF), and diiodomethane (θD) of PLA films casted on PTFE, glass, Ti6Al4V, and silicone, according to the solvent.; Average +/- standard deviation extracted from Table 1. The article reports at least fifteen drops on three samples; replicates_n=15 is a conservative lower bound.",EXT_263F0D060209,not_reported,yes,yes
EXT_4511C3A71669,SFC_52F0F5BD3D6C,OPEN_PLA_FILMS_2021,LIQ_0F4168490E,71.0,static,sessile_drop,,,,,15.0,2.0,,,A_high,no,,,,,not_reported,"JATS table polymers-13-04289-t001; Contact angles of water (θW), formamide (θF), and diiodomethane (θD) of PLA films casted on PTFE, glass, Ti6Al4V, and silicone, according to the solvent.; Average +/- standard deviation extracted from Table 1. The article reports at least fifteen drops on three samples; replicates_n=15 is a conservative lower bound.",EXT_4511C3A71669,not_reported,yes,yes
EXT_8BBA4B544E54,SFC_8864A171D8DB,OPEN_PLA_FILMS_2021,LIQ_0F4168490E,74.0,static,sessile_drop,,,,,15.0,2.0,,,A_high,no,,,,,not_reported,"JATS table polymers-13-04289-t001; Contact angles of water (θW), formamide (θF), and diiodomethane (θD) of PLA films casted on PTFE, glass, Ti6Al4V, and silicone, according to the solvent.; Average +/- standard deviation extracted from Table 1. The article reports at least fifteen drops on three samples; replicates_n=15 is a conservative lower bound.",EXT_8BBA4B544E54,not_reported,yes,yes
EXT_2EB8A593D55E,SFC_4640D599C795,OPEN_PLA_FILMS_2021,LIQ_1BD1B94C09,24.0,static,sessile_drop,,,,,15.0,9.0,,,A_high,no,,,,,not_reported,"JATS table polymers-13-04289-t001; Contact angles of water (θW), formamide (θF), and diiodomethane (θD) of PLA films casted on PTFE, glass, Ti6Al4V, and silicone, according to the solvent.; Average +/- standard deviation extracted from Table 1. The article reports at least fifteen drops on three samples; replicates_n=15 is a conservative lower bound.",EXT_2EB8A593D55E,not_reported,yes,yes
EXT_A9A71A63993D,SFC_869B011AB104,OPEN_PLA_FILMS_2021,LIQ_1BD1B94C09,62.0,static,sessile_drop,,,,,15.0,3.0,,,A_high,no,,,,,not_reported,"JATS table polymers-13-04289-t001; Contact angles of water (θW), formamide (θF), and diiodomethane (θD) of PLA films casted on PTFE, glass, Ti6Al4V, and silicone, according to the solvent.; Average +/- standard deviation extracted from Table 1. The article reports at least fifteen drops on three samples; replicates_n=15 is a conservative lower bound.",EXT_A9A71A63993D,not_reported,yes,yes
EXT_B078FBEC9CEC,SFC_52F0F5BD3D6C,OPEN_PLA_FILMS_2021,LIQ_1BD1B94C09,52.0,static,sessile_drop,,,,,15.0,4.0,,,A_high,no,,,,,not_reported,"JATS table polymers-13-04289-t001; Contact angles of water (θW), formamide (θF), and diiodomethane (θD) of PLA films casted on PTFE, glass, Ti6Al4V, and silicone, according to the solvent.; Average +/- standard deviation extracted from Table 1. The article reports at least fifteen drops on three samples; replicates_n=15 is a conservative lower bound.",EXT_B078FBEC9CEC,not_reported,yes,yes
EXT_57487A07628B,SFC_8864A171D8DB,OPEN_PLA_FILMS_2021,LIQ_1BD1B94C09,56.0,static,sessile_drop,,,,,15.0,2.0,,,A_high,no,,,,,not_reported,"JATS table polymers-13-04289-t001; Contact angles of water (θW), formamide (θF), and diiodomethane (θD) of PLA films casted on PTFE, glass, Ti6Al4V, and silicone, according to the solvent.; Average +/- standard deviation extracted from Table 1. The article reports at least fifteen drops on three samples; replicates_n=15 is a conservative lower bound.",EXT_57487A07628B,not_reported,yes,yes
EXT_45CE8585FF60,SFC_4640D599C795,OPEN_PLA_FILMS_2021,LIQ_6656B41AB7,48.0,static,sessile_drop,,,,,15.0,1.0,,,A_high,no,,,,,not_reported,"JATS table polymers-13-04289-t001; Contact angles of water (θW), formamide (θF), and diiodomethane (θD) of PLA films casted on PTFE, glass, Ti6Al4V, and silicone, according to the solvent.; Average +/- standard deviation extracted from Table 1. The article reports at least fifteen drops on three samples; replicates_n=15 is a conservative lower bound.",EXT_45CE8585FF60,not_reported,yes,yes
EXT_B488569FF3A6,SFC_869B011AB104,OPEN_PLA_FILMS_2021,LIQ_6656B41AB7,49.0,static,sessile_drop,,,,,15.0,3.0,,,A_high,no,,,,,not_reported,"JATS table polymers-13-04289-t001; Contact angles of water (θW), formamide (θF), and diiodomethane (θD) of PLA films casted on PTFE, glass, Ti6Al4V, and silicone, according to the solvent.; Average +/- standard deviation extracted from Table 1. The article reports at least fifteen drops on three samples; replicates_n=15 is a conservative lower bound.",EXT_B488569FF3A6,not_reported,yes,yes
EXT_489544822E64,SFC_52F0F5BD3D6C,OPEN_PLA_FILMS_2021,LIQ_6656B41AB7,45.0,static,sessile_drop,,,,,15.0,3.0,,,A_high,no,,,,,not_reported,"JATS table polymers-13-04289-t001; Contact angles of water (θW), formamide (θF), and diiodomethane (θD) of PLA films casted on PTFE, glass, Ti6Al4V, and silicone, according to the solvent.; Average +/- standard deviation extracted from Table 1. The article reports at least fifteen drops on three samples; replicates_n=15 is a conservative lower bound.",EXT_489544822E64,not_reported,yes,yes
EXT_5C43DD51F487,SFC_8864A171D8DB,OPEN_PLA_FILMS_2021,LIQ_6656B41AB7,46.0,static,sessile_drop,,,,,15.0,2.0,,,A_high,no,,,,,not_reported,"JATS table polymers-13-04289-t001; Contact angles of water (θW), formamide (θF), and diiodomethane (θD) of PLA films casted on PTFE, glass, Ti6Al4V, and silicone, according to the solvent.; Average +/- standard deviation extracted from Table 1. The article reports at least fifteen drops on three samples; replicates_n=15 is a conservative lower bound.",EXT_5C43DD51F487,not_reported,yes,yes
EXT_0780FA855EA7,SFC_CA0DF2A414ED,OPEN_PLA_FILMS_2021,LIQ_0F4168490E,74.0,static,sessile_drop,,,,,15.0,5.0,,,A_high,no,,,,,not_reported,"JATS table polymers-13-04289-t001; Contact angles of water (θW), formamide (θF), and diiodomethane (θD) of PLA films casted on PTFE, glass, Ti6Al4V, and silicone, according to the solvent.; Average +/- standard deviation extracted from Table 1. The article reports at least fifteen drops on three samples; replicates_n=15 is a conservative lower bound.",EXT_0780FA855EA7,not_reported,yes,yes
EXT_F2DE1724D72F,SFC_0FBA62725BE6,OPEN_PLA_FILMS_2021,LIQ_0F4168490E,76.0,static,sessile_drop,,,,,15.0,4.0,,,A_high,no,,,,,not_reported,"JATS table polymers-13-04289-t001; Contact angles of water (θW), formamide (θF), and diiodomethane (θD) of PLA films casted on PTFE, glass, Ti6Al4V, and silicone, according to the solvent.; Average +/- standard deviation extracted from Table 1. The article reports at least fifteen drops on three samples; replicates_n=15 is a conservative lower bound.",EXT_F2DE1724D72F,not_reported,yes,yes
EXT_5763DE0B39DD,SFC_84FF6543987A,OPEN_PLA_FILMS_2021,LIQ_0F4168490E,74.0,static,sessile_drop,,,,,15.0,2.0,,,A_high,no,,,,,not_reported,"JATS table polymers-13-04289-t001; Contact angles of water (θW), formamide (θF), and diiodomethane (θD) of PLA films casted on PTFE, glass, Ti6Al4V, and silicone, according to the solvent.; Average +/- standard deviation extracted from Table 1. The article reports at least fifteen drops on three samples; replicates_n=15 is a conservative lower bound.",EXT_5763DE0B39DD,not_reported,yes,yes
EXT_62C7119859BF,SFC_91B74A694C1A,OPEN_PLA_FILMS_2021,LIQ_0F4168490E,74.0,static,sessile_drop,,,,,15.0,2.0,,,A_high,no,,,,,not_reported,"JATS table polymers-13-04289-t001; Contact angles of water (θW), formamide (θF), and diiodomethane (θD) of PLA films casted on PTFE, glass, Ti6Al4V, and silicone, according to the solvent.; Average +/- standard deviation extracted from Table 1. The article reports at least fifteen drops on three samples; replicates_n=15 is a conservative lower bound.",EXT_62C7119859BF,not_reported,yes,yes
EXT_874FDB205BEC,SFC_CA0DF2A414ED,OPEN_PLA_FILMS_2021,LIQ_1BD1B94C09,43.0,static,sessile_drop,,,,,15.0,1.0,,,A_high,no,,,,,not_reported,"JATS table polymers-13-04289-t001; Contact angles of water (θW), formamide (θF), and diiodomethane (θD) of PLA films casted on PTFE, glass, Ti6Al4V, and silicone, according to the solvent.; Average +/- standard deviation extracted from Table 1. The article reports at least fifteen drops on three samples; replicates_n=15 is a conservative lower bound.",EXT_874FDB205BEC,not_reported,yes,yes
EXT_1974721ED722,SFC_0FBA62725BE6,OPEN_PLA_FILMS_2021,LIQ_1BD1B94C09,66.0,static,sessile_drop,,,,,15.0,2.0,,,A_high,no,,,,,not_reported,"JATS table polymers-13-04289-t001; Contact angles of water (θW), formamide (θF), and diiodomethane (θD) of PLA films casted on PTFE, glass, Ti6Al4V, and silicone, according to the solvent.; Average +/- standard deviation extracted from Table 1. The article reports at least fifteen drops on three samples; replicates_n=15 is a conservative lower bound.",EXT_1974721ED722,not_reported,yes,yes
EXT_28B169088998,SFC_84FF6543987A,OPEN_PLA_FILMS_2021,LIQ_1BD1B94C09,61.0,static,sessile_drop,,,,,15.0,2.0,,,A_high,no,,,,,not_reported,"JATS table polymers-13-04289-t001; Contact angles of water (θW), formamide (θF), and diiodomethane (θD) of PLA films casted on PTFE, glass, Ti6Al4V, and silicone, according to the solvent.; Average +/- standard deviation extracted from Table 1. The article reports at least fifteen drops on three samples; replicates_n=15 is a conservative lower bound.",EXT_28B169088998,not_reported,yes,yes
EXT_C0610F416EF7,SFC_91B74A694C1A,OPEN_PLA_FILMS_2021,LIQ_1BD1B94C09,59.0,static,sessile_drop,,,,,15.0,3.0,,,A_high,no,,,,,not_reported,"JATS table polymers-13-04289-t001; Contact angles of water (θW), formamide (θF), and diiodomethane (θD) of PLA films casted on PTFE, glass, Ti6Al4V, and silicone, according to the solvent.; Average +/- standard deviation extracted from Table 1. The article reports at least fifteen drops on three samples; replicates_n=15 is a conservative lower bound.",EXT_C0610F416EF7,not_reported,yes,yes
EXT_A399484607B3,SFC_CA0DF2A414ED,OPEN_PLA_FILMS_2021,LIQ_6656B41AB7,54.0,static,sessile_drop,,,,,15.0,3.0,,,A_high,no,,,,,not_reported,"JATS table polymers-13-04289-t001; Contact angles of water (θW), formamide (θF), and diiodomethane (θD) of PLA films casted on PTFE, glass, Ti6Al4V, and silicone, according to the solvent.; Average +/- standard deviation extracted from Table 1. The article reports at least fifteen drops on three samples; replicates_n=15 is a conservative lower bound.",EXT_A399484607B3,not_reported,yes,yes
EXT_0325D9C2E6F8,SFC_0FBA62725BE6,OPEN_PLA_FILMS_2021,LIQ_6656B41AB7,44.0,static,sessile_drop,,,,,15.0,1.0,,,A_high,no,,,,,not_reported,"JATS table polymers-13-04289-t001; Contact angles of water (θW), formamide (θF), and diiodomethane (θD) of PLA films casted on PTFE, glass, Ti6Al4V, and silicone, according to the solvent.; Average +/- standard deviation extracted from Table 1. The article reports at least fifteen drops on three samples; replicates_n=15 is a conservative lower bound.",EXT_0325D9C2E6F8,not_reported,yes,yes
EXT_2D1C9CE8FE08,SFC_84FF6543987A,OPEN_PLA_FILMS_2021,LIQ_6656B41AB7,47.0,static,sessile_drop,,,,,15.0,3.0,,,A_high,no,,,,,not_reported,"JATS table polymers-13-04289-t001; Contact angles of water (θW), formamide (θF), and diiodomethane (θD) of PLA films casted on PTFE, glass, Ti6Al4V, and silicone, according to the solvent.; Average +/- standard deviation extracted from Table 1. The article reports at least fifteen drops on three samples; replicates_n=15 is a conservative lower bound.",EXT_2D1C9CE8FE08,not_reported,yes,yes
EXT_CFE40CFC3BA1,SFC_91B74A694C1A,OPEN_PLA_FILMS_2021,LIQ_6656B41AB7,47.0,static,sessile_drop,,,,,15.0,3.0,,,A_high,no,,,,,not_reported,"JATS table polymers-13-04289-t001; Contact angles of water (θW), formamide (θF), and diiodomethane (θD) of PLA films casted on PTFE, glass, Ti6Al4V, and silicone, according to the solvent.; Average +/- standard deviation extracted from Table 1. The article reports at least fifteen drops on three samples; replicates_n=15 is a conservative lower bound.",EXT_CFE40CFC3BA1,not_reported,yes,yes
EXT_20E924898243,SFC_46B777D53533,OPEN_PLA_FILMS_2021,LIQ_0F4168490E,113.0,static,sessile_drop,,,,,15.0,2.0,,,A_high,no,,,,,not_reported,"JATS table polymers-13-04289-t001; Contact angles of water (θW), formamide (θF), and diiodomethane (θD) of PLA films casted on PTFE, glass, Ti6Al4V, and silicone, according to the solvent.; Average +/- standard deviation extracted from Table 1. The article reports at least fifteen drops on three samples; replicates_n=15 is a conservative lower bound.",EXT_20E924898243,not_reported,yes,yes
EXT_D5A2B07B71FE,SFC_2171EA47DB00,OPEN_PLA_FILMS_2021,LIQ_0F4168490E,106.0,static,sessile_drop,,,,,15.0,2.0,,,A_high,no,,,,,not_reported,"JATS table polymers-13-04289-t001; Contact angles of water (θW), formamide (θF), and diiodomethane (θD) of PLA films casted on PTFE, glass, Ti6Al4V, and silicone, according to the solvent.; Average +/- standard deviation extracted from Table 1. The article reports at least fifteen drops on three samples; replicates_n=15 is a conservative lower bound.",EXT_D5A2B07B71FE,not_reported,yes,yes
EXT_FCDB7AFFCD9B,SFC_C73C8C6483E4,OPEN_PLA_FILMS_2021,LIQ_0F4168490E,111.0,static,sessile_drop,,,,,15.0,2.0,,,A_high,no,,,,,not_reported,"JATS table polymers-13-04289-t001; Contact angles of water (θW), formamide (θF), and diiodomethane (θD) of PLA films casted on PTFE, glass, Ti6Al4V, and silicone, according to the solvent.; Average +/- standard deviation extracted from Table 1. The article reports at least fifteen drops on three samples; replicates_n=15 is a conservative lower bound.",EXT_FCDB7AFFCD9B,not_reported,yes,yes
EXT_F0D8FCD36A83,SFC_B93E7618C45A,OPEN_PLA_FILMS_2021,LIQ_0F4168490E,108.0,static,sessile_drop,,,,,15.0,2.0,,,A_high,no,,,,,not_reported,"JATS table polymers-13-04289-t001; Contact angles of water (θW), formamide (θF), and diiodomethane (θD) of PLA films casted on PTFE, glass, Ti6Al4V, and silicone, according to the solvent.; Average +/- standard deviation extracted from Table 1. The article reports at least fifteen drops on three samples; replicates_n=15 is a conservative lower bound.",EXT_F0D8FCD36A83,not_reported,yes,yes
EXT_DA1010942764,SFC_46B777D53533,OPEN_PLA_FILMS_2021,LIQ_1BD1B94C09,100.0,static,sessile_drop,,,,,15.0,2.0,,,A_high,no,,,,,not_reported,"JATS table polymers-13-04289-t001; Contact angles of water (θW), formamide (θF), and diiodomethane (θD) of PLA films casted on PTFE, glass, Ti6Al4V, and silicone, according to the solvent.; Average +/- standard deviation extracted from Table 1. The article reports at least fifteen drops on three samples; replicates_n=15 is a conservative lower bound.",EXT_DA1010942764,not_reported,yes,yes
EXT_57AAA740DBD8,SFC_2171EA47DB00,OPEN_PLA_FILMS_2021,LIQ_1BD1B94C09,88.0,static,sessile_drop,,,,,15.0,3.0,,,A_high,no,,,,,not_reported,"JATS table polymers-13-04289-t001; Contact angles of water (θW), formamide (θF), and diiodomethane (θD) of PLA films casted on PTFE, glass, Ti6Al4V, and silicone, according to the solvent.; Average +/- standard deviation extracted from Table 1. The article reports at least fifteen drops on three samples; replicates_n=15 is a conservative lower bound.",EXT_57AAA740DBD8,not_reported,yes,yes
EXT_6FAB73084CB3,SFC_C73C8C6483E4,OPEN_PLA_FILMS_2021,LIQ_1BD1B94C09,95.0,static,sessile_drop,,,,,15.0,4.0,,,A_high,no,,,,,not_reported,"JATS table polymers-13-04289-t001; Contact angles of water (θW), formamide (θF), and diiodomethane (θD) of PLA films casted on PTFE, glass, Ti6Al4V, and silicone, according to the solvent.; Average +/- standard deviation extracted from Table 1. The article reports at least fifteen drops on three samples; replicates_n=15 is a conservative lower bound.",EXT_6FAB73084CB3,not_reported,yes,yes
EXT_793B32E71A38,SFC_B93E7618C45A,OPEN_PLA_FILMS_2021,LIQ_1BD1B94C09,93.0,static,sessile_drop,,,,,15.0,7.0,,,A_high,no,,,,,not_reported,"JATS table polymers-13-04289-t001; Contact angles of water (θW), formamide (θF), and diiodomethane (θD) of PLA films casted on PTFE, glass, Ti6Al4V, and silicone, according to the solvent.; Average +/- standard deviation extracted from Table 1. The article reports at least fifteen drops on three samples; replicates_n=15 is a conservative lower bound.",EXT_793B32E71A38,not_reported,yes,yes
EXT_BB5D89275AD2,SFC_46B777D53533,OPEN_PLA_FILMS_2021,LIQ_6656B41AB7,82.0,static,sessile_drop,,,,,15.0,6.0,,,A_high,no,,,,,not_reported,"JATS table polymers-13-04289-t001; Contact angles of water (θW), formamide (θF), and diiodomethane (θD) of PLA films casted on PTFE, glass, Ti6Al4V, and silicone, according to the solvent.; Average +/- standard deviation extracted from Table 1. The article reports at least fifteen drops on three samples; replicates_n=15 is a conservative lower bound.",EXT_BB5D89275AD2,not_reported,yes,yes
EXT_E8E1679EDB31,SFC_2171EA47DB00,OPEN_PLA_FILMS_2021,LIQ_6656B41AB7,53.0,static,sessile_drop,,,,,15.0,4.0,,,A_high,no,,,,,not_reported,"JATS table polymers-13-04289-t001; Contact angles of water (θW), formamide (θF), and diiodomethane (θD) of PLA films casted on PTFE, glass, Ti6Al4V, and silicone, according to the solvent.; Average +/- standard deviation extracted from Table 1. The article reports at least fifteen drops on three samples; replicates_n=15 is a conservative lower bound.",EXT_E8E1679EDB31,not_reported,yes,yes
EXT_882D286A650A,SFC_C73C8C6483E4,OPEN_PLA_FILMS_2021,LIQ_6656B41AB7,53.0,static,sessile_drop,,,,,15.0,6.0,,,A_high,no,,,,,not_reported,"JATS table polymers-13-04289-t001; Contact angles of water (θW), formamide (θF), and diiodomethane (θD) of PLA films casted on PTFE, glass, Ti6Al4V, and silicone, according to the solvent.; Average +/- standard deviation extracted from Table 1. The article reports at least fifteen drops on three samples; replicates_n=15 is a conservative lower bound.",EXT_882D286A650A,not_reported,yes,yes
EXT_E31EC66D808C,SFC_B93E7618C45A,OPEN_PLA_FILMS_2021,LIQ_6656B41AB7,55.0,static,sessile_drop,,,,,15.0,5.0,,,A_high,no,,,,,not_reported,"JATS table polymers-13-04289-t001; Contact angles of water (θW), formamide (θF), and diiodomethane (θD) of PLA films casted on PTFE, glass, Ti6Al4V, and silicone, according to the solvent.; Average +/- standard deviation extracted from Table 1. The article reports at least fifteen drops on three samples; replicates_n=15 is a conservative lower bound.",EXT_E31EC66D808C,not_reported,yes,yes
EXT_0C2F137C0768,SFC_DDCE904A2E37,OPEN_CARBON_GLYCAN_2016,LIQ_0F4168490E,35.3,static,sessile_drop,298.15,,,,3.0,1.4,,,A_high,no,,,,,not_reported,"JATS table t4; Summary of experimentally determined properties of bare and modified carbon surfaces: measured contact angles using water (θ W ), glycerol (θ G ) and diiodomethane (θ DM ); surface free energy or total surface tension ( γ tot ), its dispersive ( γ LW ), electron accepting ( γ + ) and donating ( γ − ) components determined from vOCG analysis; surface ζ-potential values obtained using polystyrene tracer particles in 1 mM NaCl at pH 9.2.; Mean +/- SD extracted from the three static contact-angle columns; reported surface energy is not imported as independent SFE.",EXT_0C2F137C0768,not_reported,yes,yes
EXT_3D14543B75E6,SFC_DDCE904A2E37,OPEN_CARBON_GLYCAN_2016,LIQ_5C0DC0DCD1,22.2,static,sessile_drop,298.15,,,,3.0,1.4,,,A_high,no,,,,,not_reported,"JATS table t4; Summary of experimentally determined properties of bare and modified carbon surfaces: measured contact angles using water (θ W ), glycerol (θ G ) and diiodomethane (θ DM ); surface free energy or total surface tension ( γ tot ), its dispersive ( γ LW ), electron accepting ( γ + ) and donating ( γ − ) components determined from vOCG analysis; surface ζ-potential values obtained using polystyrene tracer particles in 1 mM NaCl at pH 9.2.; Mean +/- SD extracted from the three static contact-angle columns; reported surface energy is not imported as independent SFE.",EXT_3D14543B75E6,not_reported,yes,yes
EXT_C8683F966ABC,SFC_DDCE904A2E37,OPEN_CARBON_GLYCAN_2016,LIQ_6656B41AB7,11.9,static,sessile_drop,298.15,,,,3.0,0.9,,,A_high,no,,,,,not_reported,"JATS table t4; Summary of experimentally determined properties of bare and modified carbon surfaces: measured contact angles using water (θ W ), glycerol (θ G ) and diiodomethane (θ DM ); surface free energy or total surface tension ( γ tot ), its dispersive ( γ LW ), electron accepting ( γ + ) and donating ( γ − ) components determined from vOCG analysis; surface ζ-potential values obtained using polystyrene tracer particles in 1 mM NaCl at pH 9.2.; Mean +/- SD extracted from the three static contact-angle columns; reported surface energy is not imported as independent SFE.",EXT_C8683F966ABC,not_reported,yes,yes
EXT_A05B145D5D55,SFC_757E5A51849D,OPEN_CARBON_GLYCAN_2016,LIQ_0F4168490E,20.2,static,sessile_drop,298.15,,,,3.0,0.3,,,A_high,no,,,,,not_reported,"JATS table t4; Summary of experimentally determined properties of bare and modified carbon surfaces: measured contact angles using water (θ W ), glycerol (θ G ) and diiodomethane (θ DM ); surface free energy or total surface tension ( γ tot ), its dispersive ( γ LW ), electron accepting ( γ + ) and donating ( γ − ) components determined from vOCG analysis; surface ζ-potential values obtained using polystyrene tracer particles in 1 mM NaCl at pH 9.2.; Mean +/- SD extracted from the three static contact-angle columns; reported surface energy is not imported as independent SFE.",EXT_A05B145D5D55,not_reported,yes,yes
EXT_4D6047F3DA11,SFC_757E5A51849D,OPEN_CARBON_GLYCAN_2016,LIQ_5C0DC0DCD1,16.4,static,sessile_drop,298.15,,,,3.0,1.2,,,A_high,no,,,,,not_reported,"JATS table t4; Summary of experimentally determined properties of bare and modified carbon surfaces: measured contact angles using water (θ W ), glycerol (θ G ) and diiodomethane (θ DM ); surface free energy or total surface tension ( γ tot ), its dispersive ( γ LW ), electron accepting ( γ + ) and donating ( γ − ) components determined from vOCG analysis; surface ζ-potential values obtained using polystyrene tracer particles in 1 mM NaCl at pH 9.2.; Mean +/- SD extracted from the three static contact-angle columns; reported surface energy is not imported as independent SFE.",EXT_4D6047F3DA11,not_reported,yes,yes
EXT_7CF183ABF3B6,SFC_757E5A51849D,OPEN_CARBON_GLYCAN_2016,LIQ_6656B41AB7,5.4,static,sessile_drop,298.15,,,,3.0,0.4,,,A_high,no,,,,,not_reported,"JATS table t4; Summary of experimentally determined properties of bare and modified carbon surfaces: measured contact angles using water (θ W ), glycerol (θ G ) and diiodomethane (θ DM ); surface free energy or total surface tension ( γ tot ), its dispersive ( γ LW ), electron accepting ( γ + ) and donating ( γ − ) components determined from vOCG analysis; surface ζ-potential values obtained using polystyrene tracer particles in 1 mM NaCl at pH 9.2.; Mean +/- SD extracted from the three static contact-angle columns; reported surface energy is not imported as independent SFE.",EXT_7CF183ABF3B6,not_reported,yes,yes
EXT_64532C66FD00,SFC_C1B0541D31DE,OPEN_CARBON_GLYCAN_2016,LIQ_0F4168490E,26.1,static,sessile_drop,298.15,,,,3.0,1.1,,,A_high,no,,,,,not_reported,"JATS table t4; Summary of experimentally determined properties of bare and modified carbon surfaces: measured contact angles using water (θ W ), glycerol (θ G ) and diiodomethane (θ DM ); surface free energy or total surface tension ( γ tot ), its dispersive ( γ LW ), electron accepting ( γ + ) and donating ( γ − ) components determined from vOCG analysis; surface ζ-potential values obtained using polystyrene tracer particles in 1 mM NaCl at pH 9.2.; Mean +/- SD extracted from the three static contact-angle columns; reported surface energy is not imported as independent SFE.",EXT_64532C66FD00,not_reported,yes,yes
EXT_68FC9343A58A,SFC_C1B0541D31DE,OPEN_CARBON_GLYCAN_2016,LIQ_5C0DC0DCD1,17.1,static,sessile_drop,298.15,,,,3.0,0.4,,,A_high,no,,,,,not_reported,"JATS table t4; Summary of experimentally determined properties of bare and modified carbon surfaces: measured contact angles using water (θ W ), glycerol (θ G ) and diiodomethane (θ DM ); surface free energy or total surface tension ( γ tot ), its dispersive ( γ LW ), electron accepting ( γ + ) and donating ( γ − ) components determined from vOCG analysis; surface ζ-potential values obtained using polystyrene tracer particles in 1 mM NaCl at pH 9.2.; Mean +/- SD extracted from the three static contact-angle columns; reported surface energy is not imported as independent SFE.",EXT_68FC9343A58A,not_reported,yes,yes
EXT_F1A8D658D675,SFC_C1B0541D31DE,OPEN_CARBON_GLYCAN_2016,LIQ_6656B41AB7,7.5,static,sessile_drop,298.15,,,,3.0,0.4,,,A_high,no,,,,,not_reported,"JATS table t4; Summary of experimentally determined properties of bare and modified carbon surfaces: measured contact angles using water (θ W ), glycerol (θ G ) and diiodomethane (θ DM ); surface free energy or total surface tension ( γ tot ), its dispersive ( γ LW ), electron accepting ( γ + ) and donating ( γ − ) components determined from vOCG analysis; surface ζ-potential values obtained using polystyrene tracer particles in 1 mM NaCl at pH 9.2.; Mean +/- SD extracted from the three static contact-angle columns; reported surface energy is not imported as independent SFE.",EXT_F1A8D658D675,not_reported,yes,yes
EXT_9F58E9B1730C,SFC_1CD855A0B4A5,OPEN_CARBON_GLYCAN_2016,LIQ_0F4168490E,22.9,static,sessile_drop,298.15,,,,3.0,0.6,,,A_high,no,,,,,not_reported,"JATS table t4; Summary of experimentally determined properties of bare and modified carbon surfaces: measured contact angles using water (θ W ), glycerol (θ G ) and diiodomethane (θ DM ); surface free energy or total surface tension ( γ tot ), its dispersive ( γ LW ), electron accepting ( γ + ) and donating ( γ − ) components determined from vOCG analysis; surface ζ-potential values obtained using polystyrene tracer particles in 1 mM NaCl at pH 9.2.; Mean +/- SD extracted from the three static contact-angle columns; reported surface energy is not imported as independent SFE.",EXT_9F58E9B1730C,not_reported,yes,yes
EXT_BD0EEB764A84,SFC_1CD855A0B4A5,OPEN_CARBON_GLYCAN_2016,LIQ_5C0DC0DCD1,15.9,static,sessile_drop,298.15,,,,3.0,1.3,,,A_high,no,,,,,not_reported,"JATS table t4; Summary of experimentally determined properties of bare and modified carbon surfaces: measured contact angles using water (θ W ), glycerol (θ G ) and diiodomethane (θ DM ); surface free energy or total surface tension ( γ tot ), its dispersive ( γ LW ), electron accepting ( γ + ) and donating ( γ − ) components determined from vOCG analysis; surface ζ-potential values obtained using polystyrene tracer particles in 1 mM NaCl at pH 9.2.; Mean +/- SD extracted from the three static contact-angle columns; reported surface energy is not imported as independent SFE.",EXT_BD0EEB764A84,not_reported,yes,yes
EXT_6B9D41D96636,SFC_1CD855A0B4A5,OPEN_CARBON_GLYCAN_2016,LIQ_6656B41AB7,4.9,static,sessile_drop,298.15,,,,3.0,0.1,,,A_high,no,,,,,not_reported,"JATS table t4; Summary of experimentally determined properties of bare and modified carbon surfaces: measured contact angles using water (θ W ), glycerol (θ G ) and diiodomethane (θ DM ); surface free energy or total surface tension ( γ tot ), its dispersive ( γ LW ), electron accepting ( γ + ) and donating ( γ − ) components determined from vOCG analysis; surface ζ-potential values obtained using polystyrene tracer particles in 1 mM NaCl at pH 9.2.; Mean +/- SD extracted from the three static contact-angle columns; reported surface energy is not imported as independent SFE.",EXT_6B9D41D96636,not_reported,yes,yes
EXT_BE673F974C34,SFC_9CBFB90624F8,OPEN_CARBON_GLYCAN_2016,LIQ_0F4168490E,25.0,static,sessile_drop,298.15,,,,3.0,0.5,,,A_high,no,,,,,not_reported,"JATS table t4; Summary of experimentally determined properties of bare and modified carbon surfaces: measured contact angles using water (θ W ), glycerol (θ G ) and diiodomethane (θ DM ); surface free energy or total surface tension ( γ tot ), its dispersive ( γ LW ), electron accepting ( γ + ) and donating ( γ − ) components determined from vOCG analysis; surface ζ-potential values obtained using polystyrene tracer particles in 1 mM NaCl at pH 9.2.; Mean +/- SD extracted from the three static contact-angle columns; reported surface energy is not imported as independent SFE.",EXT_BE673F974C34,not_reported,yes,yes
EXT_810E90883671,SFC_9CBFB90624F8,OPEN_CARBON_GLYCAN_2016,LIQ_5C0DC0DCD1,20.3,static,sessile_drop,298.15,,,,3.0,0.6,,,A_high,no,,,,,not_reported,"JATS table t4; Summary of experimentally determined properties of bare and modified carbon surfaces: measured contact angles using water (θ W ), glycerol (θ G ) and diiodomethane (θ DM ); surface free energy or total surface tension ( γ tot ), its dispersive ( γ LW ), electron accepting ( γ + ) and donating ( γ − ) components determined from vOCG analysis; surface ζ-potential values obtained using polystyrene tracer particles in 1 mM NaCl at pH 9.2.; Mean +/- SD extracted from the three static contact-angle columns; reported surface energy is not imported as independent SFE.",EXT_810E90883671,not_reported,yes,yes
EXT_E2B297913813,SFC_9CBFB90624F8,OPEN_CARBON_GLYCAN_2016,LIQ_6656B41AB7,6.2,static,sessile_drop,298.15,,,,3.0,0.2,,,A_high,no,,,,,not_reported,"JATS table t4; Summary of experimentally determined properties of bare and modified carbon surfaces: measured contact angles using water (θ W ), glycerol (θ G ) and diiodomethane (θ DM ); surface free energy or total surface tension ( γ tot ), its dispersive ( γ LW ), electron accepting ( γ + ) and donating ( γ − ) components determined from vOCG analysis; surface ζ-potential values obtained using polystyrene tracer particles in 1 mM NaCl at pH 9.2.; Mean +/- SD extracted from the three static contact-angle columns; reported surface energy is not imported as independent SFE.",EXT_E2B297913813,not_reported,yes,yes
EXT_97FF8568B019,SFC_73AE050E307F,OPEN_CARBON_GLYCAN_2016,LIQ_0F4168490E,11.8,static,sessile_drop,298.15,,,,3.0,0.4,,,A_high,no,,,,,not_reported,"JATS table t4; Summary of experimentally determined properties of bare and modified carbon surfaces: measured contact angles using water (θ W ), glycerol (θ G ) and diiodomethane (θ DM ); surface free energy or total surface tension ( γ tot ), its dispersive ( γ LW ), electron accepting ( γ + ) and donating ( γ − ) components determined from vOCG analysis; surface ζ-potential values obtained using polystyrene tracer particles in 1 mM NaCl at pH 9.2.; Mean +/- SD extracted from the three static contact-angle columns; reported surface energy is not imported as independent SFE.",EXT_97FF8568B019,not_reported,yes,yes
EXT_006E9D255BB0,SFC_73AE050E307F,OPEN_CARBON_GLYCAN_2016,LIQ_5C0DC0DCD1,16.9,static,sessile_drop,298.15,,,,3.0,0.7,,,A_high,no,,,,,not_reported,"JATS table t4; Summary of experimentally determined properties of bare and modified carbon surfaces: measured contact angles using water (θ W ), glycerol (θ G ) and diiodomethane (θ DM ); surface free energy or total surface tension ( γ tot ), its dispersive ( γ LW ), electron accepting ( γ + ) and donating ( γ − ) components determined from vOCG analysis; surface ζ-potential values obtained using polystyrene tracer particles in 1 mM NaCl at pH 9.2.; Mean +/- SD extracted from the three static contact-angle columns; reported surface energy is not imported as independent SFE.",EXT_006E9D255BB0,not_reported,yes,yes
EXT_0AFA4AD6501C,SFC_73AE050E307F,OPEN_CARBON_GLYCAN_2016,LIQ_6656B41AB7,4.2,static,sessile_drop,298.15,,,,3.0,0.3,,,A_high,no,,,,,not_reported,"JATS table t4; Summary of experimentally determined properties of bare and modified carbon surfaces: measured contact angles using water (θ W ), glycerol (θ G ) and diiodomethane (θ DM ); surface free energy or total surface tension ( γ tot ), its dispersive ( γ LW ), electron accepting ( γ + ) and donating ( γ − ) components determined from vOCG analysis; surface ζ-potential values obtained using polystyrene tracer particles in 1 mM NaCl at pH 9.2.; Mean +/- SD extracted from the three static contact-angle columns; reported surface energy is not imported as independent SFE.",EXT_0AFA4AD6501C,not_reported,yes,yes
EXT_D7EE4324C62B,SFC_4AD1E95A7848,OPEN_FACEMASK_2023,LIQ_6656B41AB7,103.9,static,sessile_drop,,,,,3.0,1.4,,,A_high,no,,,,,not_reported,"JATS table T2; Contact angles of water (θw), formamide (θF), diiodomethane (θD), Lifshitz-Van der Waals (γLW), electrons donor(γ−), electrons acceptor (γ+) parameters obtained with the seven facemasks.; Mean (SD) extracted from the three static contact-angle columns; the article reports triplicate measurements and calculated SFE is not imported as independent SFE.",EXT_D7EE4324C62B,not_reported,yes,yes
EXT_2ED76F045DA7,SFC_4AD1E95A7848,OPEN_FACEMASK_2023,LIQ_1BD1B94C09,132.9,static,sessile_drop,,,,,3.0,0.2,,,A_high,no,,,,,not_reported,"JATS table T2; Contact angles of water (θw), formamide (θF), diiodomethane (θD), Lifshitz-Van der Waals (γLW), electrons donor(γ−), electrons acceptor (γ+) parameters obtained with the seven facemasks.; Mean (SD) extracted from the three static contact-angle columns; the article reports triplicate measurements and calculated SFE is not imported as independent SFE.",EXT_2ED76F045DA7,not_reported,yes,yes
EXT_3DB1AD2DD595,SFC_4AD1E95A7848,OPEN_FACEMASK_2023,LIQ_0F4168490E,125.0,static,sessile_drop,,,,,3.0,2.4,,,A_high,no,,,,,not_reported,"JATS table T2; Contact angles of water (θw), formamide (θF), diiodomethane (θD), Lifshitz-Van der Waals (γLW), electrons donor(γ−), electrons acceptor (γ+) parameters obtained with the seven facemasks.; Mean (SD) extracted from the three static contact-angle columns; the article reports triplicate measurements and calculated SFE is not imported as independent SFE.",EXT_3DB1AD2DD595,not_reported,yes,yes
EXT_21DECF058A46,SFC_2C8D133FAE44,OPEN_FACEMASK_2023,LIQ_6656B41AB7,107.4,static,sessile_drop,,,,,3.0,1.4,,,A_high,no,,,,,not_reported,"JATS table T2; Contact angles of water (θw), formamide (θF), diiodomethane (θD), Lifshitz-Van der Waals (γLW), electrons donor(γ−), electrons acceptor (γ+) parameters obtained with the seven facemasks.; Mean (SD) extracted from the three static contact-angle columns; the article reports triplicate measurements and calculated SFE is not imported as independent SFE.",EXT_21DECF058A46,not_reported,yes,yes
EXT_F4D52482F27E,SFC_2C8D133FAE44,OPEN_FACEMASK_2023,LIQ_1BD1B94C09,127.3,static,sessile_drop,,,,,3.0,0.9,,,A_high,no,,,,,not_reported,"JATS table T2; Contact angles of water (θw), formamide (θF), diiodomethane (θD), Lifshitz-Van der Waals (γLW), electrons donor(γ−), electrons acceptor (γ+) parameters obtained with the seven facemasks.; Mean (SD) extracted from the three static contact-angle columns; the article reports triplicate measurements and calculated SFE is not imported as independent SFE.",EXT_F4D52482F27E,not_reported,yes,yes
EXT_19F026C2773F,SFC_2C8D133FAE44,OPEN_FACEMASK_2023,LIQ_0F4168490E,137.8,static,sessile_drop,,,,,3.0,3.1,,,A_high,no,,,,,not_reported,"JATS table T2; Contact angles of water (θw), formamide (θF), diiodomethane (θD), Lifshitz-Van der Waals (γLW), electrons donor(γ−), electrons acceptor (γ+) parameters obtained with the seven facemasks.; Mean (SD) extracted from the three static contact-angle columns; the article reports triplicate measurements and calculated SFE is not imported as independent SFE.",EXT_19F026C2773F,not_reported,yes,yes
EXT_161578FE82D4,SFC_61C86B62E941,OPEN_FACEMASK_2023,LIQ_6656B41AB7,98.5,static,sessile_drop,,,,,3.0,3.0,,,A_high,no,,,,,not_reported,"JATS table T2; Contact angles of water (θw), formamide (θF), diiodomethane (θD), Lifshitz-Van der Waals (γLW), electrons donor(γ−), electrons acceptor (γ+) parameters obtained with the seven facemasks.; Mean (SD) extracted from the three static contact-angle columns; the article reports triplicate measurements and calculated SFE is not imported as independent SFE.",EXT_161578FE82D4,not_reported,yes,yes
EXT_A608D8AA1EAA,SFC_61C86B62E941,OPEN_FACEMASK_2023,LIQ_1BD1B94C09,113.6,static,sessile_drop,,,,,3.0,1.4,,,A_high,no,,,,,not_reported,"JATS table T2; Contact angles of water (θw), formamide (θF), diiodomethane (θD), Lifshitz-Van der Waals (γLW), electrons donor(γ−), electrons acceptor (γ+) parameters obtained with the seven facemasks.; Mean (SD) extracted from the three static contact-angle columns; the article reports triplicate measurements and calculated SFE is not imported as independent SFE.",EXT_A608D8AA1EAA,not_reported,yes,yes
EXT_6A758A73420C,SFC_61C86B62E941,OPEN_FACEMASK_2023,LIQ_0F4168490E,131.0,static,sessile_drop,,,,,3.0,3.2,,,A_high,no,,,,,not_reported,"JATS table T2; Contact angles of water (θw), formamide (θF), diiodomethane (θD), Lifshitz-Van der Waals (γLW), electrons donor(γ−), electrons acceptor (γ+) parameters obtained with the seven facemasks.; Mean (SD) extracted from the three static contact-angle columns; the article reports triplicate measurements and calculated SFE is not imported as independent SFE.",EXT_6A758A73420C,not_reported,yes,yes
EXT_591446AFD356,SFC_5D5B39751D66,OPEN_FACEMASK_2023,LIQ_6656B41AB7,75.9,static,sessile_drop,,,,,3.0,2.7,,,A_high,no,,,,,not_reported,"JATS table T2; Contact angles of water (θw), formamide (θF), diiodomethane (θD), Lifshitz-Van der Waals (γLW), electrons donor(γ−), electrons acceptor (γ+) parameters obtained with the seven facemasks.; Mean (SD) extracted from the three static contact-angle columns; the article reports triplicate measurements and calculated SFE is not imported as independent SFE.",EXT_591446AFD356,not_reported,yes,yes
EXT_3FFCD90BF04A,SFC_5D5B39751D66,OPEN_FACEMASK_2023,LIQ_1BD1B94C09,118.6,static,sessile_drop,,,,,3.0,0.5,,,A_high,no,,,,,not_reported,"JATS table T2; Contact angles of water (θw), formamide (θF), diiodomethane (θD), Lifshitz-Van der Waals (γLW), electrons donor(γ−), electrons acceptor (γ+) parameters obtained with the seven facemasks.; Mean (SD) extracted from the three static contact-angle columns; the article reports triplicate measurements and calculated SFE is not imported as independent SFE.",EXT_3FFCD90BF04A,not_reported,yes,yes
EXT_A2BFA9FEE942,SFC_5D5B39751D66,OPEN_FACEMASK_2023,LIQ_0F4168490E,125.4,static,sessile_drop,,,,,3.0,0.9,,,A_high,no,,,,,not_reported,"JATS table T2; Contact angles of water (θw), formamide (θF), diiodomethane (θD), Lifshitz-Van der Waals (γLW), electrons donor(γ−), electrons acceptor (γ+) parameters obtained with the seven facemasks.; Mean (SD) extracted from the three static contact-angle columns; the article reports triplicate measurements and calculated SFE is not imported as independent SFE.",EXT_A2BFA9FEE942,not_reported,yes,yes
EXT_E2623286DF9C,SFC_52742E4E2FF2,OPEN_FACEMASK_2023,LIQ_6656B41AB7,22.43,static,sessile_drop,,,,,3.0,0.29,,,A_high,no,,,,,not_reported,"JATS table T2; Contact angles of water (θw), formamide (θF), diiodomethane (θD), Lifshitz-Van der Waals (γLW), electrons donor(γ−), electrons acceptor (γ+) parameters obtained with the seven facemasks.; Mean (SD) extracted from the three static contact-angle columns; the article reports triplicate measurements and calculated SFE is not imported as independent SFE.",EXT_E2623286DF9C,not_reported,yes,yes
EXT_4414CE8E7161,SFC_52742E4E2FF2,OPEN_FACEMASK_2023,LIQ_1BD1B94C09,53.33,static,sessile_drop,,,,,3.0,0.49,,,A_high,no,,,,,not_reported,"JATS table T2; Contact angles of water (θw), formamide (θF), diiodomethane (θD), Lifshitz-Van der Waals (γLW), electrons donor(γ−), electrons acceptor (γ+) parameters obtained with the seven facemasks.; Mean (SD) extracted from the three static contact-angle columns; the article reports triplicate measurements and calculated SFE is not imported as independent SFE.",EXT_4414CE8E7161,not_reported,yes,yes
EXT_8930F5ABA4B7,SFC_52742E4E2FF2,OPEN_FACEMASK_2023,LIQ_0F4168490E,71.77,static,sessile_drop,,,,,3.0,0.42,,,A_high,no,,,,,not_reported,"JATS table T2; Contact angles of water (θw), formamide (θF), diiodomethane (θD), Lifshitz-Van der Waals (γLW), electrons donor(γ−), electrons acceptor (γ+) parameters obtained with the seven facemasks.; Mean (SD) extracted from the three static contact-angle columns; the article reports triplicate measurements and calculated SFE is not imported as independent SFE.",EXT_8930F5ABA4B7,not_reported,yes,yes
EXT_FFFDDFDEE3D0,SFC_98A58E5AB649,OPEN_FACEMASK_2023,LIQ_6656B41AB7,95.4,static,sessile_drop,,,,,3.0,1.9,,,A_high,no,,,,,not_reported,"JATS table T2; Contact angles of water (θw), formamide (θF), diiodomethane (θD), Lifshitz-Van der Waals (γLW), electrons donor(γ−), electrons acceptor (γ+) parameters obtained with the seven facemasks.; Mean (SD) extracted from the three static contact-angle columns; the article reports triplicate measurements and calculated SFE is not imported as independent SFE.",EXT_FFFDDFDEE3D0,not_reported,yes,yes
EXT_E63EB3F2835E,SFC_98A58E5AB649,OPEN_FACEMASK_2023,LIQ_1BD1B94C09,95.7,static,sessile_drop,,,,,3.0,1.1,,,A_high,no,,,,,not_reported,"JATS table T2; Contact angles of water (θw), formamide (θF), diiodomethane (θD), Lifshitz-Van der Waals (γLW), electrons donor(γ−), electrons acceptor (γ+) parameters obtained with the seven facemasks.; Mean (SD) extracted from the three static contact-angle columns; the article reports triplicate measurements and calculated SFE is not imported as independent SFE.",EXT_E63EB3F2835E,not_reported,yes,yes
EXT_07642A48B0AD,SFC_98A58E5AB649,OPEN_FACEMASK_2023,LIQ_0F4168490E,104.1,static,sessile_drop,,,,,3.0,1.0,,,A_high,no,,,,,not_reported,"JATS table T2; Contact angles of water (θw), formamide (θF), diiodomethane (θD), Lifshitz-Van der Waals (γLW), electrons donor(γ−), electrons acceptor (γ+) parameters obtained with the seven facemasks.; Mean (SD) extracted from the three static contact-angle columns; the article reports triplicate measurements and calculated SFE is not imported as independent SFE.",EXT_07642A48B0AD,not_reported,yes,yes
EXT_FEA43C1D185A,SFC_804C47F28DD6,OPEN_FACEMASK_2023,LIQ_6656B41AB7,57.73,static,sessile_drop,,,,,3.0,0.89,,,A_high,no,,,,,not_reported,"JATS table T2; Contact angles of water (θw), formamide (θF), diiodomethane (θD), Lifshitz-Van der Waals (γLW), electrons donor(γ−), electrons acceptor (γ+) parameters obtained with the seven facemasks.; Mean (SD) extracted from the three static contact-angle columns; the article reports triplicate measurements and calculated SFE is not imported as independent SFE.",EXT_FEA43C1D185A,not_reported,yes,yes
EXT_1D4E7C8984A2,SFC_804C47F28DD6,OPEN_FACEMASK_2023,LIQ_1BD1B94C09,41.23,static,sessile_drop,,,,,3.0,0.84,,,A_high,no,,,,,not_reported,"JATS table T2; Contact angles of water (θw), formamide (θF), diiodomethane (θD), Lifshitz-Van der Waals (γLW), electrons donor(γ−), electrons acceptor (γ+) parameters obtained with the seven facemasks.; Mean (SD) extracted from the three static contact-angle columns; the article reports triplicate measurements and calculated SFE is not imported as independent SFE.",EXT_1D4E7C8984A2,not_reported,yes,yes
EXT_8E2D528C28E4,SFC_804C47F28DD6,OPEN_FACEMASK_2023,LIQ_0F4168490E,101.67,static,sessile_drop,,,,,3.0,0.09,,,A_high,no,,,,,not_reported,"JATS table T2; Contact angles of water (θw), formamide (θF), diiodomethane (θD), Lifshitz-Van der Waals (γLW), electrons donor(γ−), electrons acceptor (γ+) parameters obtained with the seven facemasks.; Mean (SD) extracted from the three static contact-angle columns; the article reports triplicate measurements and calculated SFE is not imported as independent SFE.",EXT_8E2D528C28E4,not_reported,yes,yes
EXT_DE22A4AE61FC,SFC_26BB55DBD67D,OPEN_CHITOSAN_GELATIN_2022,LIQ_5C0DC0DCD1,71.6,static,drop_shape_analysis,293.15,,,,5.0,,,,A_high,no,,,,,not_reported,"JATS table ijms-23-09700-t003; The contact angle of glycerin and diiodomethane, calculated surface free energy, polar and dispersion components of obtained samples.; Average static contact angles extracted from Table 3; article methods report five measurements per angle and calculated SFE is not imported as independent SFE.",EXT_DE22A4AE61FC,not_reported,yes,yes
EXT_7534CEB38FB4,SFC_26BB55DBD67D,OPEN_CHITOSAN_GELATIN_2022,LIQ_6656B41AB7,46.8,static,drop_shape_analysis,293.15,,,,5.0,,,,A_high,no,,,,,not_reported,"JATS table ijms-23-09700-t003; The contact angle of glycerin and diiodomethane, calculated surface free energy, polar and dispersion components of obtained samples.; Average static contact angles extracted from Table 3; article methods report five measurements per angle and calculated SFE is not imported as independent SFE.",EXT_7534CEB38FB4,not_reported,yes,yes
EXT_397F0C3BD5CF,SFC_D400AC079E9D,OPEN_CHITOSAN_GELATIN_2022,LIQ_5C0DC0DCD1,74.0,static,drop_shape_analysis,293.15,,,,5.0,,,,A_high,no,,,,,not_reported,"JATS table ijms-23-09700-t003; The contact angle of glycerin and diiodomethane, calculated surface free energy, polar and dispersion components of obtained samples.; Average static contact angles extracted from Table 3; article methods report five measurements per angle and calculated SFE is not imported as independent SFE.",EXT_397F0C3BD5CF,not_reported,yes,yes
EXT_B24A3A78D359,SFC_D400AC079E9D,OPEN_CHITOSAN_GELATIN_2022,LIQ_6656B41AB7,44.3,static,drop_shape_analysis,293.15,,,,5.0,,,,A_high,no,,,,,not_reported,"JATS table ijms-23-09700-t003; The contact angle of glycerin and diiodomethane, calculated surface free energy, polar and dispersion components of obtained samples.; Average static contact angles extracted from Table 3; article methods report five measurements per angle and calculated SFE is not imported as independent SFE.",EXT_B24A3A78D359,not_reported,yes,yes
EXT_F82FEAC10BBB,SFC_F1718B0B4710,OPEN_CHITOSAN_GELATIN_2022,LIQ_5C0DC0DCD1,69.4,static,drop_shape_analysis,293.15,,,,5.0,,,,A_high,no,,,,,not_reported,"JATS table ijms-23-09700-t003; The contact angle of glycerin and diiodomethane, calculated surface free energy, polar and dispersion components of obtained samples.; Average static contact angles extracted from Table 3; article methods report five measurements per angle and calculated SFE is not imported as independent SFE.",EXT_F82FEAC10BBB,not_reported,yes,yes
EXT_67BEF7CA0F14,SFC_F1718B0B4710,OPEN_CHITOSAN_GELATIN_2022,LIQ_6656B41AB7,43.6,static,drop_shape_analysis,293.15,,,,5.0,,,,A_high,no,,,,,not_reported,"JATS table ijms-23-09700-t003; The contact angle of glycerin and diiodomethane, calculated surface free energy, polar and dispersion components of obtained samples.; Average static contact angles extracted from Table 3; article methods report five measurements per angle and calculated SFE is not imported as independent SFE.",EXT_67BEF7CA0F14,not_reported,yes,yes
EXT_D348EE3E6106,SFC_C768409105A9,OPEN_CHITOSAN_GELATIN_2022,LIQ_5C0DC0DCD1,69.8,static,drop_shape_analysis,293.15,,,,5.0,,,,A_high,no,,,,,not_reported,"JATS table ijms-23-09700-t003; The contact angle of glycerin and diiodomethane, calculated surface free energy, polar and dispersion components of obtained samples.; Average static contact angles extracted from Table 3; article methods report five measurements per angle and calculated SFE is not imported as independent SFE.",EXT_D348EE3E6106,not_reported,yes,yes
EXT_FEB300669898,SFC_C768409105A9,OPEN_CHITOSAN_GELATIN_2022,LIQ_6656B41AB7,45.2,static,drop_shape_analysis,293.15,,,,5.0,,,,A_high,no,,,,,not_reported,"JATS table ijms-23-09700-t003; The contact angle of glycerin and diiodomethane, calculated surface free energy, polar and dispersion components of obtained samples.; Average static contact angles extracted from Table 3; article methods report five measurements per angle and calculated SFE is not imported as independent SFE.",EXT_FEB300669898,not_reported,yes,yes
EXT_126475924947,SFC_21C07DE8FEA5,OPEN_CHITOSAN_GELATIN_2022,LIQ_5C0DC0DCD1,66.8,static,drop_shape_analysis,293.15,,,,5.0,,,,A_high,no,,,,,not_reported,"JATS table ijms-23-09700-t003; The contact angle of glycerin and diiodomethane, calculated surface free energy, polar and dispersion components of obtained samples.; Average static contact angles extracted from Table 3; article methods report five measurements per angle and calculated SFE is not imported as independent SFE.",EXT_126475924947,not_reported,yes,yes
EXT_CC9EEC4BEE40,SFC_21C07DE8FEA5,OPEN_CHITOSAN_GELATIN_2022,LIQ_6656B41AB7,45.6,static,drop_shape_analysis,293.15,,,,5.0,,,,A_high,no,,,,,not_reported,"JATS table ijms-23-09700-t003; The contact angle of glycerin and diiodomethane, calculated surface free energy, polar and dispersion components of obtained samples.; Average static contact angles extracted from Table 3; article methods report five measurements per angle and calculated SFE is not imported as independent SFE.",EXT_CC9EEC4BEE40,not_reported,yes,yes
EXT_618DAE924695,SFC_4988FD117978,OPEN_CHITOSAN_GELATIN_2022,LIQ_5C0DC0DCD1,68.1,static,drop_shape_analysis,293.15,,,,5.0,,,,A_high,no,,,,,not_reported,"JATS table ijms-23-09700-t003; The contact angle of glycerin and diiodomethane, calculated surface free energy, polar and dispersion components of obtained samples.; Average static contact angles extracted from Table 3; article methods report five measurements per angle and calculated SFE is not imported as independent SFE.",EXT_618DAE924695,not_reported,yes,yes
EXT_FC56291F305C,SFC_4988FD117978,OPEN_CHITOSAN_GELATIN_2022,LIQ_6656B41AB7,43.7,static,drop_shape_analysis,293.15,,,,5.0,,,,A_high,no,,,,,not_reported,"JATS table ijms-23-09700-t003; The contact angle of glycerin and diiodomethane, calculated surface free energy, polar and dispersion components of obtained samples.; Average static contact angles extracted from Table 3; article methods report five measurements per angle and calculated SFE is not imported as independent SFE.",EXT_FC56291F305C,not_reported,yes,yes
EXT_0793ADE7D32F,SFC_728D367B9FEB,OPEN_CHITOSAN_GELATIN_2022,LIQ_5C0DC0DCD1,67.9,static,drop_shape_analysis,293.15,,,,5.0,,,,A_high,no,,,,,not_reported,"JATS table ijms-23-09700-t003; The contact angle of glycerin and diiodomethane, calculated surface free energy, polar and dispersion components of obtained samples.; Average static contact angles extracted from Table 3; article methods report five measurements per angle and calculated SFE is not imported as independent SFE.",EXT_0793ADE7D32F,not_reported,yes,yes
EXT_9F8D5B3E0335,SFC_728D367B9FEB,OPEN_CHITOSAN_GELATIN_2022,LIQ_6656B41AB7,45.4,static,drop_shape_analysis,293.15,,,,5.0,,,,A_high,no,,,,,not_reported,"JATS table ijms-23-09700-t003; The contact angle of glycerin and diiodomethane, calculated surface free energy, polar and dispersion components of obtained samples.; Average static contact angles extracted from Table 3; article methods report five measurements per angle and calculated SFE is not imported as independent SFE.",EXT_9F8D5B3E0335,not_reported,yes,yes
