record_id,dataset_version,collection_status,source_type,reference_title,reference_authors,reference_year,reference_doi,reference_url,data_extraction_note,solid_name,solid_family,solid_substrate,surface_treatment,surface_treatment_detail,coating_or_layer,surface_state,roughness_Ra_nm,roughness_Rq_nm,roughness_r_factor,solid_total_surface_energy_mJ_m2,solid_dispersion_mJ_m2,solid_polar_mJ_m2,solid_LW_mJ_m2,solid_acid_plus_mJ_m2,solid_base_minus_mJ_m2,solid_surface_energy_source,solid_surface_energy_source_type,liquid_name,liquid_family,liquid_total_surface_tension_mN_m,liquid_dispersion_mN_m,liquid_polar_mN_m,liquid_LW_mN_m,liquid_acid_plus_mN_m,liquid_base_minus_mN_m,liquid_viscosity_mPa_s,liquid_dipole_moment_D,liquid_dielectric_constant,liquid_property_source,temperature_K,humidity_percent,pressure_atm,contact_angle_deg,contact_angle_type,measurement_method,droplet_volume_uL,replicates_n,contact_angle_std_deg,contact_angle_min_deg,contact_angle_max_deg,is_equilibrium_angle,sample_preparation_notes,quality_grade,include_in_training,split_group,duplicate_group_id,conflict_flag,curation_date,analysis_split,source_group_id,duplicate_policy
CA0001,v3.4,extracted,database,Legacy database record without row-level public DOI,Legacy compilation,2026,,,legacy literature-derived/project-internal source; no row-level DOI available,PMMA,polymer,,unknown,existing project typical literature-derived value; original script does not specify treatment,,smooth,,,,42,21,21,,,,project/default or same source when available,assumed_or_estimated,water,polar,72.8,21.8,51,21.8,25.5,25.5,0.89,1.85,78.4,standard literature values at approximately 20-25 C unless source reports otherwise,298.15,,1,70,static,sessile_drop,,,,,,unknown,,C_low,review,unassigned,,unclear_condition,2026-05-18,excluded_review,SRC023,unique_or_condition_distinct_keep
CA0002,v3.4,extracted,database,Legacy database record without row-level public DOI,Legacy compilation,2026,,,legacy literature-derived/project-internal source; no row-level DOI available,PC,polymer,,unknown,existing project typical literature-derived value; original script does not specify treatment,,smooth,,,,45,22.5,22.5,,,,project/default or same source when available,assumed_or_estimated,water,polar,72.8,21.8,51,21.8,25.5,25.5,0.89,1.85,78.4,standard literature values at approximately 20-25 C unless source reports otherwise,298.15,,1,75,static,sessile_drop,,,,,,unknown,,C_low,review,unassigned,,unclear_condition,2026-05-18,excluded_review,SRC023,unique_or_condition_distinct_keep
CA0003,v3.4,extracted,database,Legacy database record without row-level public DOI,Legacy compilation,2026,,,legacy literature-derived/project-internal source; no row-level DOI available,PET,polymer,,unknown,existing project typical literature-derived value; original script does not specify treatment,,smooth,,,,44,32,12,,,,project/default or same source when available,assumed_or_estimated,water,polar,72.8,21.8,51,21.8,25.5,25.5,0.89,1.85,78.4,standard literature values at approximately 20-25 C unless source reports otherwise,298.15,,1,76,static,sessile_drop,,,,,,unknown,,C_low,review,unassigned,,unclear_condition,2026-05-18,excluded_review,SRC023,unique_or_condition_distinct_keep
CA0004,v3.4,extracted,database,Legacy database record without row-level public DOI,Legacy compilation,2026,,,legacy literature-derived/project-internal source; no row-level DOI available,PVC,polymer,,unknown,existing project typical literature-derived value; original script does not specify treatment,,smooth,,,,42,32,10,,,,project/default or same source when available,assumed_or_estimated,water,polar,72.8,21.8,51,21.8,25.5,25.5,0.89,1.85,78.4,standard literature values at approximately 20-25 C unless source reports otherwise,298.15,,1,78,static,sessile_drop,,,,,,unknown,,C_low,review,unassigned,,unclear_condition,2026-05-18,excluded_review,SRC023,unique_or_condition_distinct_keep
CA0005,v3.4,extracted,database,Legacy database record without row-level public DOI,Legacy compilation,2026,,,legacy literature-derived/project-internal source; no row-level DOI available,Nylon6,polymer,,unknown,existing project typical literature-derived value; original script does not specify treatment,,smooth,,,,46,34,12,,,,project/default or same source when available,assumed_or_estimated,water,polar,72.8,21.8,51,21.8,25.5,25.5,0.89,1.85,78.4,standard literature values at approximately 20-25 C unless source reports otherwise,298.15,,1,65,static,sessile_drop,,,,,,unknown,,C_low,review,unassigned,,unclear_condition,2026-05-18,excluded_review,SRC023,unique_or_condition_distinct_keep
CA0006,v3.4,extracted,database,Legacy database record without row-level public DOI,Legacy compilation,2026,,,legacy literature-derived/project-internal source; no row-level DOI available,Nylon66,polymer,,unknown,existing project typical literature-derived value; original script does not specify treatment,,smooth,,,,47,35,12,,,,project/default or same source when available,assumed_or_estimated,water,polar,72.8,21.8,51,21.8,25.5,25.5,0.89,1.85,78.4,standard literature values at approximately 20-25 C unless source reports otherwise,298.15,,1,64,static,sessile_drop,,,,,,unknown,,C_low,review,unassigned,,unclear_condition,2026-05-18,excluded_review,SRC023,unique_or_condition_distinct_keep
CA0007,v3.4,extracted,database,Legacy database record without row-level public DOI,Legacy compilation,2026,,,legacy literature-derived/project-internal source; no row-level DOI available,Epoxy,polymer,,unknown,existing project typical literature-derived value; original script does not specify treatment,,smooth,,,,48,30,18,,,,project/default or same source when available,assumed_or_estimated,water,polar,72.8,21.8,51,21.8,25.5,25.5,0.89,1.85,78.4,standard literature values at approximately 20-25 C unless source reports otherwise,298.15,,1,72,static,sessile_drop,,,,,,unknown,,C_low,review,unassigned,,unclear_condition,2026-05-18,excluded_review,SRC023,unique_or_condition_distinct_keep
CA0008,v3.4,extracted,database,Legacy database record without row-level public DOI,Legacy compilation,2026,,,legacy literature-derived/project-internal source; no row-level DOI available,PBT,polymer,,unknown,existing project typical literature-derived value; original script does not specify treatment,,smooth,,,,43,30,13,,,,project/default or same source when available,assumed_or_estimated,water,polar,72.8,21.8,51,21.8,25.5,25.5,0.89,1.85,78.4,standard literature values at approximately 20-25 C unless source reports otherwise,298.15,,1,74,static,sessile_drop,,,,,,unknown,,C_low,review,unassigned,,unclear_condition,2026-05-18,excluded_review,SRC023,unique_or_condition_distinct_keep
CA0009,v3.4,extracted,database,Legacy database record without row-level public DOI,Legacy compilation,2026,,,legacy literature-derived/project-internal source; no row-level DOI available,ABS,polymer,,unknown,existing project typical literature-derived value; original script does not specify treatment,,smooth,,,,40,30,10,,,,project/default or same source when available,assumed_or_estimated,water,polar,72.8,21.8,51,21.8,25.5,25.5,0.89,1.85,78.4,standard literature values at approximately 20-25 C unless source reports otherwise,298.15,,1,80,static,sessile_drop,,,,,,unknown,,C_low,review,unassigned,,unclear_condition,2026-05-18,excluded_review,SRC023,unique_or_condition_distinct_keep
CA0010,v3.4,extracted,database,Legacy database record without row-level public DOI,Legacy compilation,2026,,,legacy literature-derived/project-internal source; no row-level DOI available,PSU,polymer,,unknown,existing project typical literature-derived value; original script does not specify treatment,,unknown,,,,44,31,13,,,,project/default or same source when available,assumed_or_estimated,water,polar,72.8,21.8,51,21.8,25.5,25.5,0.89,1.85,78.4,standard literature values at approximately 20-25 C unless source reports otherwise,298.15,,1,75,static,sessile_drop,,,,,,unknown,,C_low,review,unassigned,,unclear_condition,2026-05-18,excluded_review,SRC023,unique_or_condition_distinct_keep
CA0011,v3.4,extracted,database,Legacy database record without row-level public DOI,Legacy compilation,2026,,,legacy literature-derived/project-internal source; no row-level DOI available,PPS,polymer,,unknown,existing project typical literature-derived value; original script does not specify treatment,,unknown,,,,42,36,6,,,,project/default or same source when available,assumed_or_estimated,water,polar,72.8,21.8,51,21.8,25.5,25.5,0.89,1.85,78.4,standard literature values at approximately 20-25 C unless source reports otherwise,298.15,,1,82,static,sessile_drop,,,,,,unknown,,C_low,review,unassigned,,unclear_condition,2026-05-18,excluded_review,SRC023,unique_or_condition_distinct_keep
CA0012,v3.4,extracted,database,Legacy database record without row-level public DOI,Legacy compilation,2026,,,legacy literature-derived/project-internal source; no row-level DOI available,PLA,polymer,,unknown,existing project typical literature-derived value; original script does not specify treatment,,smooth,,,,44,28,16,,,,project/default or same source when available,assumed_or_estimated,water,polar,72.8,21.8,51,21.8,25.5,25.5,0.89,1.85,78.4,standard literature values at approximately 20-25 C unless source reports otherwise,298.15,,1,73,static,sessile_drop,,,,,,unknown,,C_low,review,unassigned,,unclear_condition,2026-05-18,excluded_review,SRC023,unique_or_condition_distinct_keep
CA0013,v3.4,extracted,database,Legacy database record without row-level public DOI,Legacy compilation,2026,,,legacy literature-derived/project-internal source; no row-level DOI available,EVA,polymer,,unknown,existing project typical literature-derived value; original script does not specify treatment,,unknown,,,,36,30,6,,,,project/default or same source when available,assumed_or_estimated,water,polar,72.8,21.8,51,21.8,25.5,25.5,0.89,1.85,78.4,standard literature values at approximately 20-25 C unless source reports otherwise,298.15,,1,88,static,sessile_drop,,,,,,unknown,,C_low,review,unassigned,,unclear_condition,2026-05-18,excluded_review,SRC023,unique_or_condition_distinct_keep
CA0014,v3.4,extracted,database,Legacy database record without row-level public DOI,Legacy compilation,2026,,,legacy literature-derived/project-internal source; no row-level DOI available,PVDF,polymer,,unknown,existing project typical literature-derived value; original script does not specify treatment,,smooth,,,,33,25,8,,,,project/default or same source when available,assumed_or_estimated,water,polar,72.8,21.8,51,21.8,25.5,25.5,0.89,1.85,78.4,standard literature values at approximately 20-25 C unless source reports otherwise,298.15,,1,92,static,sessile_drop,,,,,,unknown,,C_low,review,unassigned,,unclear_condition,2026-05-18,excluded_review,SRC023,unique_or_condition_distinct_keep
CA0015,v3.4,extracted,database,Legacy database record without row-level public DOI,Legacy compilation,2026,,,legacy literature-derived/project-internal source; no row-level DOI available,PVA,polymer,,unknown,existing project typical literature-derived value; original script does not specify treatment,,smooth,,,,49,28,21,,,,project/default or same source when available,assumed_or_estimated,water,polar,72.8,21.8,51,21.8,25.5,25.5,0.89,1.85,78.4,standard literature values at approximately 20-25 C unless source reports otherwise,298.15,,1,62,static,sessile_drop,,,,,,unknown,,C_low,review,unassigned,,unclear_condition,2026-05-18,excluded_review,SRC023,unique_or_condition_distinct_keep
CA0016,v3.4,extracted,database,Legacy database record without row-level public DOI,Legacy compilation,2026,,,legacy literature-derived/project-internal source; no row-level DOI available,PMMA,polymer,,unknown,existing project typical literature-derived value; original script does not specify treatment,,smooth,,,,42,21,21,,,,project/default or same source when available,assumed_or_estimated,ethylene glycol,polar,48,29,19,29,1.92,47,16.1,2.28,37,standard literature values at approximately 20-25 C unless source reports otherwise,298.15,,1,58,static,sessile_drop,,,,,,unknown,,C_low,review,unassigned,,unclear_condition,2026-05-18,excluded_review,SRC023,unique_or_condition_distinct_keep
CA0017,v3.4,extracted,database,Legacy database record without row-level public DOI,Legacy compilation,2026,,,legacy literature-derived/project-internal source; no row-level DOI available,PC,polymer,,unknown,existing project typical literature-derived value; original script does not specify treatment,,smooth,,,,45,22.5,22.5,,,,project/default or same source when available,assumed_or_estimated,ethylene glycol,polar,48,29,19,29,1.92,47,16.1,2.28,37,standard literature values at approximately 20-25 C unless source reports otherwise,298.15,,1,55,static,sessile_drop,,,,,,unknown,,C_low,review,unassigned,,unclear_condition,2026-05-18,excluded_review,SRC023,unique_or_condition_distinct_keep
CA0018,v3.4,extracted,database,Legacy database record without row-level public DOI,Legacy compilation,2026,,,legacy literature-derived/project-internal source; no row-level DOI available,PET,polymer,,unknown,existing project typical literature-derived value; original script does not specify treatment,,smooth,,,,44,32,12,,,,project/default or same source when available,assumed_or_estimated,ethylene glycol,polar,48,29,19,29,1.92,47,16.1,2.28,37,standard literature values at approximately 20-25 C unless source reports otherwise,298.15,,1,62,static,sessile_drop,,,,,,unknown,,C_low,review,unassigned,,unclear_condition,2026-05-18,excluded_review,SRC023,unique_or_condition_distinct_keep
CA0019,v3.4,extracted,database,Legacy database record without row-level public DOI,Legacy compilation,2026,,,legacy literature-derived/project-internal source; no row-level DOI available,PVC,polymer,,unknown,existing project typical literature-derived value; original script does not specify treatment,,smooth,,,,42,32,10,,,,project/default or same source when available,assumed_or_estimated,ethylene glycol,polar,48,29,19,29,1.92,47,16.1,2.28,37,standard literature values at approximately 20-25 C unless source reports otherwise,298.15,,1,68,static,sessile_drop,,,,,,unknown,,C_low,review,unassigned,,unclear_condition,2026-05-18,excluded_review,SRC023,unique_or_condition_distinct_keep
CA0020,v3.4,extracted,database,Legacy database record without row-level public DOI,Legacy compilation,2026,,,legacy literature-derived/project-internal source; no row-level DOI available,Nylon6,polymer,,unknown,existing project typical literature-derived value; original script does not specify treatment,,smooth,,,,46,34,12,,,,project/default or same source when available,assumed_or_estimated,ethylene glycol,polar,48,29,19,29,1.92,47,16.1,2.28,37,standard literature values at approximately 20-25 C unless source reports otherwise,298.15,,1,52,static,sessile_drop,,,,,,unknown,,C_low,review,unassigned,,unclear_condition,2026-05-18,excluded_review,SRC023,unique_or_condition_distinct_keep
CA0021,v3.4,extracted,database,Legacy database record without row-level public DOI,Legacy compilation,2026,,,legacy literature-derived/project-internal source; no row-level DOI available,Nylon66,polymer,,unknown,existing project typical literature-derived value; original script does not specify treatment,,smooth,,,,47,35,12,,,,project/default or same source when available,assumed_or_estimated,ethylene glycol,polar,48,29,19,29,1.92,47,16.1,2.28,37,standard literature values at approximately 20-25 C unless source reports otherwise,298.15,,1,50,static,sessile_drop,,,,,,unknown,,C_low,review,unassigned,,unclear_condition,2026-05-18,excluded_review,SRC023,unique_or_condition_distinct_keep
CA0022,v3.4,extracted,database,Legacy database record without row-level public DOI,Legacy compilation,2026,,,legacy literature-derived/project-internal source; no row-level DOI available,Epoxy,polymer,,unknown,existing project typical literature-derived value; original script does not specify treatment,,smooth,,,,48,30,18,,,,project/default or same source when available,assumed_or_estimated,ethylene glycol,polar,48,29,19,29,1.92,47,16.1,2.28,37,standard literature values at approximately 20-25 C unless source reports otherwise,298.15,,1,56,static,sessile_drop,,,,,,unknown,,C_low,review,unassigned,,unclear_condition,2026-05-18,excluded_review,SRC023,unique_or_condition_distinct_keep
CA0023,v3.4,extracted,database,Legacy database record without row-level public DOI,Legacy compilation,2026,,,legacy literature-derived/project-internal source; no row-level DOI available,PBT,polymer,,unknown,existing project typical literature-derived value; original script does not specify treatment,,smooth,,,,43,30,13,,,,project/default or same source when available,assumed_or_estimated,ethylene glycol,polar,48,29,19,29,1.92,47,16.1,2.28,37,standard literature values at approximately 20-25 C unless source reports otherwise,298.15,,1,60,static,sessile_drop,,,,,,unknown,,C_low,review,unassigned,,unclear_condition,2026-05-18,excluded_review,SRC023,unique_or_condition_distinct_keep
CA0024,v3.4,extracted,database,Legacy database record without row-level public DOI,Legacy compilation,2026,,,legacy literature-derived/project-internal source; no row-level DOI available,ABS,polymer,,unknown,existing project typical literature-derived value; original script does not specify treatment,,smooth,,,,40,30,10,,,,project/default or same source when available,assumed_or_estimated,ethylene glycol,polar,48,29,19,29,1.92,47,16.1,2.28,37,standard literature values at approximately 20-25 C unless source reports otherwise,298.15,,1,65,static,sessile_drop,,,,,,unknown,,C_low,review,unassigned,,unclear_condition,2026-05-18,excluded_review,SRC023,unique_or_condition_distinct_keep
CA0025,v3.4,extracted,database,Legacy database record without row-level public DOI,Legacy compilation,2026,,,legacy literature-derived/project-internal source; no row-level DOI available,PSU,polymer,,unknown,existing project typical literature-derived value; original script does not specify treatment,,unknown,,,,44,31,13,,,,project/default or same source when available,assumed_or_estimated,ethylene glycol,polar,48,29,19,29,1.92,47,16.1,2.28,37,standard literature values at approximately 20-25 C unless source reports otherwise,298.15,,1,60,static,sessile_drop,,,,,,unknown,,C_low,review,unassigned,,unclear_condition,2026-05-18,excluded_review,SRC023,unique_or_condition_distinct_keep
CA0026,v3.4,extracted,database,Legacy database record without row-level public DOI,Legacy compilation,2026,,,legacy literature-derived/project-internal source; no row-level DOI available,PPS,polymer,,unknown,existing project typical literature-derived value; original script does not specify treatment,,unknown,,,,42,36,6,,,,project/default or same source when available,assumed_or_estimated,ethylene glycol,polar,48,29,19,29,1.92,47,16.1,2.28,37,standard literature values at approximately 20-25 C unless source reports otherwise,298.15,,1,70,static,sessile_drop,,,,,,unknown,,C_low,review,unassigned,,unclear_condition,2026-05-18,excluded_review,SRC023,unique_or_condition_distinct_keep
CA0027,v3.4,extracted,database,Legacy database record without row-level public DOI,Legacy compilation,2026,,,legacy literature-derived/project-internal source; no row-level DOI available,PLA,polymer,,unknown,existing project typical literature-derived value; original script does not specify treatment,,smooth,,,,44,28,16,,,,project/default or same source when available,assumed_or_estimated,ethylene glycol,polar,48,29,19,29,1.92,47,16.1,2.28,37,standard literature values at approximately 20-25 C unless source reports otherwise,298.15,,1,58,static,sessile_drop,,,,,,unknown,,C_low,review,unassigned,,unclear_condition,2026-05-18,excluded_review,SRC023,unique_or_condition_distinct_keep
CA0028,v3.4,extracted,database,Legacy database record without row-level public DOI,Legacy compilation,2026,,,legacy literature-derived/project-internal source; no row-level DOI available,EVA,polymer,,unknown,existing project typical literature-derived value; original script does not specify treatment,,unknown,,,,36,30,6,,,,project/default or same source when available,assumed_or_estimated,ethylene glycol,polar,48,29,19,29,1.92,47,16.1,2.28,37,standard literature values at approximately 20-25 C unless source reports otherwise,298.15,,1,78,static,sessile_drop,,,,,,unknown,,C_low,review,unassigned,,unclear_condition,2026-05-18,excluded_review,SRC023,unique_or_condition_distinct_keep
CA0029,v3.4,extracted,database,Legacy database record without row-level public DOI,Legacy compilation,2026,,,legacy literature-derived/project-internal source; no row-level DOI available,PVDF,polymer,,unknown,existing project typical literature-derived value; original script does not specify treatment,,smooth,,,,33,25,8,,,,project/default or same source when available,assumed_or_estimated,ethylene glycol,polar,48,29,19,29,1.92,47,16.1,2.28,37,standard literature values at approximately 20-25 C unless source reports otherwise,298.15,,1,82,static,sessile_drop,,,,,,unknown,,C_low,review,unassigned,,unclear_condition,2026-05-18,excluded_review,SRC023,unique_or_condition_distinct_keep
CA0030,v3.4,extracted,database,Legacy database record without row-level public DOI,Legacy compilation,2026,,,legacy literature-derived/project-internal source; no row-level DOI available,PVA,polymer,,unknown,existing project typical literature-derived value; original script does not specify treatment,,smooth,,,,49,28,21,,,,project/default or same source when available,assumed_or_estimated,ethylene glycol,polar,48,29,19,29,1.92,47,16.1,2.28,37,standard literature values at approximately 20-25 C unless source reports otherwise,298.15,,1,48,static,sessile_drop,,,,,,unknown,,C_low,review,unassigned,,unclear_condition,2026-05-18,excluded_review,SRC023,unique_or_condition_distinct_keep
CA0031,v3.4,extracted,database,Legacy database record without row-level public DOI,Legacy compilation,2026,,,legacy literature-derived/project-internal source; no row-level DOI available,PMMA,polymer,,unknown,existing project typical literature-derived value; original script does not specify treatment,,smooth,,,,42,21,21,,,,project/default or same source when available,assumed_or_estimated,formamide,polar,58,39,19,39,2.28,39.6,3.3,3.73,111,standard literature values at approximately 20-25 C unless source reports otherwise,298.15,,1,55,static,sessile_drop,,,,,,unknown,,C_low,review,unassigned,,unclear_condition,2026-05-18,excluded_review,SRC023,unique_or_condition_distinct_keep
CA0032,v3.4,extracted,database,Legacy database record without row-level public DOI,Legacy compilation,2026,,,legacy literature-derived/project-internal source; no row-level DOI available,PC,polymer,,unknown,existing project typical literature-derived value; original script does not specify treatment,,smooth,,,,45,22.5,22.5,,,,project/default or same source when available,assumed_or_estimated,formamide,polar,58,39,19,39,2.28,39.6,3.3,3.73,111,standard literature values at approximately 20-25 C unless source reports otherwise,298.15,,1,52,static,sessile_drop,,,,,,unknown,,C_low,review,unassigned,,unclear_condition,2026-05-18,excluded_review,SRC023,unique_or_condition_distinct_keep
CA0033,v3.4,extracted,database,Legacy database record without row-level public DOI,Legacy compilation,2026,,,legacy literature-derived/project-internal source; no row-level DOI available,PET,polymer,,unknown,existing project typical literature-derived value; original script does not specify treatment,,smooth,,,,44,32,12,,,,project/default or same source when available,assumed_or_estimated,formamide,polar,58,39,19,39,2.28,39.6,3.3,3.73,111,standard literature values at approximately 20-25 C unless source reports otherwise,298.15,,1,58,static,sessile_drop,,,,,,unknown,,C_low,review,unassigned,,unclear_condition,2026-05-18,excluded_review,SRC023,unique_or_condition_distinct_keep
CA0034,v3.4,extracted,database,Legacy database record without row-level public DOI,Legacy compilation,2026,,,legacy literature-derived/project-internal source; no row-level DOI available,PVC,polymer,,unknown,existing project typical literature-derived value; original script does not specify treatment,,smooth,,,,42,32,10,,,,project/default or same source when available,assumed_or_estimated,formamide,polar,58,39,19,39,2.28,39.6,3.3,3.73,111,standard literature values at approximately 20-25 C unless source reports otherwise,298.15,,1,62,static,sessile_drop,,,,,,unknown,,C_low,review,unassigned,,unclear_condition,2026-05-18,excluded_review,SRC023,unique_or_condition_distinct_keep
CA0035,v3.4,extracted,database,Legacy database record without row-level public DOI,Legacy compilation,2026,,,legacy literature-derived/project-internal source; no row-level DOI available,Nylon6,polymer,,unknown,existing project typical literature-derived value; original script does not specify treatment,,smooth,,,,46,34,12,,,,project/default or same source when available,assumed_or_estimated,formamide,polar,58,39,19,39,2.28,39.6,3.3,3.73,111,standard literature values at approximately 20-25 C unless source reports otherwise,298.15,,1,48,static,sessile_drop,,,,,,unknown,,C_low,review,unassigned,,unclear_condition,2026-05-18,excluded_review,SRC023,unique_or_condition_distinct_keep
CA0036,v3.4,extracted,database,Legacy database record without row-level public DOI,Legacy compilation,2026,,,legacy literature-derived/project-internal source; no row-level DOI available,Nylon66,polymer,,unknown,existing project typical literature-derived value; original script does not specify treatment,,smooth,,,,47,35,12,,,,project/default or same source when available,assumed_or_estimated,formamide,polar,58,39,19,39,2.28,39.6,3.3,3.73,111,standard literature values at approximately 20-25 C unless source reports otherwise,298.15,,1,46,static,sessile_drop,,,,,,unknown,,C_low,review,unassigned,,unclear_condition,2026-05-18,excluded_review,SRC023,unique_or_condition_distinct_keep
CA0037,v3.4,extracted,database,Legacy database record without row-level public DOI,Legacy compilation,2026,,,legacy literature-derived/project-internal source; no row-level DOI available,Epoxy,polymer,,unknown,existing project typical literature-derived value; original script does not specify treatment,,smooth,,,,48,30,18,,,,project/default or same source when available,assumed_or_estimated,formamide,polar,58,39,19,39,2.28,39.6,3.3,3.73,111,standard literature values at approximately 20-25 C unless source reports otherwise,298.15,,1,50,static,sessile_drop,,,,,,unknown,,C_low,review,unassigned,,unclear_condition,2026-05-18,excluded_review,SRC023,unique_or_condition_distinct_keep
CA0038,v3.4,extracted,database,Legacy database record without row-level public DOI,Legacy compilation,2026,,,legacy literature-derived/project-internal source; no row-level DOI available,PBT,polymer,,unknown,existing project typical literature-derived value; original script does not specify treatment,,smooth,,,,43,30,13,,,,project/default or same source when available,assumed_or_estimated,formamide,polar,58,39,19,39,2.28,39.6,3.3,3.73,111,standard literature values at approximately 20-25 C unless source reports otherwise,298.15,,1,56,static,sessile_drop,,,,,,unknown,,C_low,review,unassigned,,unclear_condition,2026-05-18,excluded_review,SRC023,unique_or_condition_distinct_keep
CA0039,v3.4,extracted,database,Legacy database record without row-level public DOI,Legacy compilation,2026,,,legacy literature-derived/project-internal source; no row-level DOI available,ABS,polymer,,unknown,existing project typical literature-derived value; original script does not specify treatment,,smooth,,,,40,30,10,,,,project/default or same source when available,assumed_or_estimated,formamide,polar,58,39,19,39,2.28,39.6,3.3,3.73,111,standard literature values at approximately 20-25 C unless source reports otherwise,298.15,,1,60,static,sessile_drop,,,,,,unknown,,C_low,review,unassigned,,unclear_condition,2026-05-18,excluded_review,SRC023,unique_or_condition_distinct_keep
CA0040,v3.4,extracted,database,Legacy database record without row-level public DOI,Legacy compilation,2026,,,legacy literature-derived/project-internal source; no row-level DOI available,PSU,polymer,,unknown,existing project typical literature-derived value; original script does not specify treatment,,unknown,,,,44,31,13,,,,project/default or same source when available,assumed_or_estimated,formamide,polar,58,39,19,39,2.28,39.6,3.3,3.73,111,standard literature values at approximately 20-25 C unless source reports otherwise,298.15,,1,55,static,sessile_drop,,,,,,unknown,,C_low,review,unassigned,,unclear_condition,2026-05-18,excluded_review,SRC023,unique_or_condition_distinct_keep
CA0041,v3.4,extracted,database,Legacy database record without row-level public DOI,Legacy compilation,2026,,,legacy literature-derived/project-internal source; no row-level DOI available,PPS,polymer,,unknown,existing project typical literature-derived value; original script does not specify treatment,,unknown,,,,42,36,6,,,,project/default or same source when available,assumed_or_estimated,formamide,polar,58,39,19,39,2.28,39.6,3.3,3.73,111,standard literature values at approximately 20-25 C unless source reports otherwise,298.15,,1,65,static,sessile_drop,,,,,,unknown,,C_low,review,unassigned,,unclear_condition,2026-05-18,excluded_review,SRC023,unique_or_condition_distinct_keep
CA0042,v3.4,extracted,database,Legacy database record without row-level public DOI,Legacy compilation,2026,,,legacy literature-derived/project-internal source; no row-level DOI available,PLA,polymer,,unknown,existing project typical literature-derived value; original script does not specify treatment,,smooth,,,,44,28,16,,,,project/default or same source when available,assumed_or_estimated,formamide,polar,58,39,19,39,2.28,39.6,3.3,3.73,111,standard literature values at approximately 20-25 C unless source reports otherwise,298.15,,1,54,static,sessile_drop,,,,,,unknown,,C_low,review,unassigned,,unclear_condition,2026-05-18,excluded_review,SRC023,unique_or_condition_distinct_keep
CA0043,v3.4,extracted,database,Legacy database record without row-level public DOI,Legacy compilation,2026,,,legacy literature-derived/project-internal source; no row-level DOI available,PTFE,polymer,,unknown,existing project typical literature-derived value; original script does not specify treatment,,smooth,,,,18.5,18.5,0,,,,project/default or same source when available,assumed_or_estimated,water,polar,72.8,21.8,51,21.8,25.5,25.5,0.89,1.85,78.4,standard literature values at approximately 20-25 C unless source reports otherwise,298.15,,1,115,static,sessile_drop,,,,,,unknown,,C_low,review,unassigned,,unclear_condition,2026-05-18,excluded_review,SRC023,unique_or_condition_distinct_keep
CA0044,v3.4,extracted,database,Legacy database record without row-level public DOI,Legacy compilation,2026,,,legacy literature-derived/project-internal source; no row-level DOI available,PDMS,polymer,,unknown,existing project typical literature-derived value; original script does not specify treatment,,smooth,,,,22,22,0,,,,project/default or same source when available,assumed_or_estimated,water,polar,72.8,21.8,51,21.8,25.5,25.5,0.89,1.85,78.4,standard literature values at approximately 20-25 C unless source reports otherwise,298.15,,1,110,static,sessile_drop,,,,,,unknown,,C_low,review,unassigned,,unclear_condition,2026-05-18,excluded_review,SRC023,unique_or_condition_distinct_keep
CA0045,v3.4,extracted,database,Legacy database record without row-level public DOI,Legacy compilation,2026,,,legacy literature-derived/project-internal source; no row-level DOI available,FEP,polymer,,unknown,existing project typical literature-derived value; original script does not specify treatment,,smooth,,,,16,16,0,,,,project/default or same source when available,assumed_or_estimated,water,polar,72.8,21.8,51,21.8,25.5,25.5,0.89,1.85,78.4,standard literature values at approximately 20-25 C unless source reports otherwise,298.15,,1,118,static,sessile_drop,,,,,,unknown,,C_low,review,unassigned,,unclear_condition,2026-05-18,excluded_review,SRC023,unique_or_condition_distinct_keep
CA0046,v3.4,extracted,database,Legacy database record without row-level public DOI,Legacy compilation,2026,,,legacy literature-derived/project-internal source; no row-level DOI available,PTFE,polymer,,unknown,existing project typical literature-derived value; original script does not specify treatment,,smooth,,,,18.5,18.5,0,,,,project/default or same source when available,assumed_or_estimated,diiodomethane,nonpolar,50.8,48.5,2.3,48.5,0,0,2.8,1,5.3,standard literature values at approximately 20-25 C unless source reports otherwise,298.15,,1,88,static,sessile_drop,,,,,,unknown,,C_low,review,unassigned,,unclear_condition,2026-05-18,excluded_review,SRC023,unique_or_condition_distinct_keep
CA0047,v3.4,extracted,database,Legacy database record without row-level public DOI,Legacy compilation,2026,,,legacy literature-derived/project-internal source; no row-level DOI available,PDMS,polymer,,unknown,existing project typical literature-derived value; original script does not specify treatment,,smooth,,,,22,22,0,,,,project/default or same source when available,assumed_or_estimated,diiodomethane,nonpolar,50.8,48.5,2.3,48.5,0,0,2.8,1,5.3,standard literature values at approximately 20-25 C unless source reports otherwise,298.15,,1,82,static,sessile_drop,,,,,,unknown,,C_low,review,unassigned,,unclear_condition,2026-05-18,excluded_review,SRC023,unique_or_condition_distinct_keep
CA0048,v3.4,extracted,database,Legacy database record without row-level public DOI,Legacy compilation,2026,,,legacy literature-derived/project-internal source; no row-level DOI available,FEP,polymer,,unknown,existing project typical literature-derived value; original script does not specify treatment,,smooth,,,,16,16,0,,,,project/default or same source when available,assumed_or_estimated,diiodomethane,nonpolar,50.8,48.5,2.3,48.5,0,0,2.8,1,5.3,standard literature values at approximately 20-25 C unless source reports otherwise,298.15,,1,90,static,sessile_drop,,,,,,unknown,,C_low,review,unassigned,,unclear_condition,2026-05-18,excluded_review,SRC023,unique_or_condition_distinct_keep
CA0049,v3.4,extracted,database,Legacy database record without row-level public DOI,Legacy compilation,2026,,,legacy literature-derived/project-internal source; no row-level DOI available,PTFE,polymer,,unknown,existing project typical literature-derived value; original script does not specify treatment,,smooth,,,,18.5,18.5,0,,,,project/default or same source when available,assumed_or_estimated,ethylene glycol,polar,48,29,19,29,1.92,47,16.1,2.28,37,standard literature values at approximately 20-25 C unless source reports otherwise,298.15,,1,98,static,sessile_drop,,,,,,unknown,,C_low,review,unassigned,,unclear_condition,2026-05-18,excluded_review,SRC023,unique_or_condition_distinct_keep
CA0050,v3.4,extracted,database,Legacy database record without row-level public DOI,Legacy compilation,2026,,,legacy literature-derived/project-internal source; no row-level DOI available,PDMS,polymer,,unknown,existing project typical literature-derived value; original script does not specify treatment,,smooth,,,,22,22,0,,,,project/default or same source when available,assumed_or_estimated,ethylene glycol,polar,48,29,19,29,1.92,47,16.1,2.28,37,standard literature values at approximately 20-25 C unless source reports otherwise,298.15,,1,95,static,sessile_drop,,,,,,unknown,,C_low,review,unassigned,,unclear_condition,2026-05-18,excluded_review,SRC023,unique_or_condition_distinct_keep
CA0051,v3.4,extracted,database,Legacy database record without row-level public DOI,Legacy compilation,2026,,,legacy literature-derived/project-internal source; no row-level DOI available,FEP,polymer,,unknown,existing project typical literature-derived value; original script does not specify treatment,,smooth,,,,16,16,0,,,,project/default or same source when available,assumed_or_estimated,ethylene glycol,polar,48,29,19,29,1.92,47,16.1,2.28,37,standard literature values at approximately 20-25 C unless source reports otherwise,298.15,,1,100,static,sessile_drop,,,,,,unknown,,C_low,review,unassigned,,unclear_condition,2026-05-18,excluded_review,SRC023,unique_or_condition_distinct_keep
CA0052,v3.4,extracted,database,Legacy database record without row-level public DOI,Legacy compilation,2026,,,legacy literature-derived/project-internal source; no row-level DOI available,PS,polymer,,unknown,existing project typical literature-derived value; original script does not specify treatment,,smooth,,,,35,32,3,,,,project/default or same source when available,assumed_or_estimated,water,polar,72.8,21.8,51,21.8,25.5,25.5,0.89,1.85,78.4,standard literature values at approximately 20-25 C unless source reports otherwise,298.15,,1,85,static,sessile_drop,,,,,,unknown,,C_low,review,unassigned,,unclear_condition,2026-05-18,excluded_review,SRC023,unique_or_condition_distinct_keep
CA0053,v3.4,extracted,database,Legacy database record without row-level public DOI,Legacy compilation,2026,,,legacy literature-derived/project-internal source; no row-level DOI available,PE,polymer,,unknown,existing project typical literature-derived value; original script does not specify treatment,,smooth,,,,33,32,1,,,,project/default or same source when available,assumed_or_estimated,water,polar,72.8,21.8,51,21.8,25.5,25.5,0.89,1.85,78.4,standard literature values at approximately 20-25 C unless source reports otherwise,298.15,,1,95,static,sessile_drop,,,,,,unknown,,C_low,review,unassigned,,unclear_condition,2026-05-18,excluded_review,SRC023,unique_or_condition_distinct_keep
CA0054,v3.4,extracted,database,Legacy database record without row-level public DOI,Legacy compilation,2026,,,legacy literature-derived/project-internal source; no row-level DOI available,PP,polymer,,unknown,existing project typical literature-derived value; original script does not specify treatment,,smooth,,,,30,29.5,0.5,,,,project/default or same source when available,assumed_or_estimated,water,polar,72.8,21.8,51,21.8,25.5,25.5,0.89,1.85,78.4,standard literature values at approximately 20-25 C unless source reports otherwise,298.15,,1,98,static,sessile_drop,,,,,,unknown,,C_low,review,unassigned,,unclear_condition,2026-05-18,excluded_review,SRC023,unique_or_condition_distinct_keep
CA0055,v3.4,extracted,database,Legacy database record without row-level public DOI,Legacy compilation,2026,,,legacy literature-derived/project-internal source; no row-level DOI available,PB,polymer,,unknown,existing project typical literature-derived value; original script does not specify treatment,,unknown,,,,32,31,1,,,,project/default or same source when available,assumed_or_estimated,water,polar,72.8,21.8,51,21.8,25.5,25.5,0.89,1.85,78.4,standard literature values at approximately 20-25 C unless source reports otherwise,298.15,,1,94,static,sessile_drop,,,,,,unknown,,C_low,review,unassigned,,unclear_condition,2026-05-18,excluded_review,SRC023,unique_or_condition_distinct_keep
CA0056,v3.4,extracted,database,Legacy database record without row-level public DOI,Legacy compilation,2026,,,legacy literature-derived/project-internal source; no row-level DOI available,PIB,polymer,,unknown,existing project typical literature-derived value; original script does not specify treatment,,unknown,,,,32,31,1,,,,project/default or same source when available,assumed_or_estimated,water,polar,72.8,21.8,51,21.8,25.5,25.5,0.89,1.85,78.4,standard literature values at approximately 20-25 C unless source reports otherwise,298.15,,1,96,static,sessile_drop,,,,,,unknown,,C_low,review,unassigned,,unclear_condition,2026-05-18,excluded_review,SRC023,unique_or_condition_distinct_keep
CA0057,v3.4,extracted,database,Legacy database record without row-level public DOI,Legacy compilation,2026,,,legacy literature-derived/project-internal source; no row-level DOI available,BR,polymer,,unknown,existing project typical literature-derived value; original script does not specify treatment,,unknown,,,,31,30,1,,,,project/default or same source when available,assumed_or_estimated,water,polar,72.8,21.8,51,21.8,25.5,25.5,0.89,1.85,78.4,standard literature values at approximately 20-25 C unless source reports otherwise,298.15,,1,95,static,sessile_drop,,,,,,unknown,,C_low,review,unassigned,,unclear_condition,2026-05-18,excluded_review,SRC023,unique_or_condition_distinct_keep
CA0058,v3.4,extracted,database,Legacy database record without row-level public DOI,Legacy compilation,2026,,,legacy literature-derived/project-internal source; no row-level DOI available,PS,polymer,,unknown,existing project typical literature-derived value; original script does not specify treatment,,smooth,,,,35,32,3,,,,project/default or same source when available,assumed_or_estimated,ethylene glycol,polar,48,29,19,29,1.92,47,16.1,2.28,37,standard literature values at approximately 20-25 C unless source reports otherwise,298.15,,1,72,static,sessile_drop,,,,,,unknown,,C_low,review,unassigned,,unclear_condition,2026-05-18,excluded_review,SRC023,unique_or_condition_distinct_keep
CA0059,v3.4,extracted,database,Legacy database record without row-level public DOI,Legacy compilation,2026,,,legacy literature-derived/project-internal source; no row-level DOI available,PE,polymer,,unknown,existing project typical literature-derived value; original script does not specify treatment,,smooth,,,,33,32,1,,,,project/default or same source when available,assumed_or_estimated,ethylene glycol,polar,48,29,19,29,1.92,47,16.1,2.28,37,standard literature values at approximately 20-25 C unless source reports otherwise,298.15,,1,82,static,sessile_drop,,,,,,unknown,,C_low,review,unassigned,,unclear_condition,2026-05-18,excluded_review,SRC023,unique_or_condition_distinct_keep
CA0060,v3.4,extracted,database,Legacy database record without row-level public DOI,Legacy compilation,2026,,,legacy literature-derived/project-internal source; no row-level DOI available,PP,polymer,,unknown,existing project typical literature-derived value; original script does not specify treatment,,smooth,,,,30,29.5,0.5,,,,project/default or same source when available,assumed_or_estimated,ethylene glycol,polar,48,29,19,29,1.92,47,16.1,2.28,37,standard literature values at approximately 20-25 C unless source reports otherwise,298.15,,1,85,static,sessile_drop,,,,,,unknown,,C_low,review,unassigned,,unclear_condition,2026-05-18,excluded_review,SRC023,unique_or_condition_distinct_keep
CA0061,v3.4,extracted,database,Legacy database record without row-level public DOI,Legacy compilation,2026,,,legacy literature-derived/project-internal source; no row-level DOI available,PB,polymer,,unknown,existing project typical literature-derived value; original script does not specify treatment,,unknown,,,,32,31,1,,,,project/default or same source when available,assumed_or_estimated,ethylene glycol,polar,48,29,19,29,1.92,47,16.1,2.28,37,standard literature values at approximately 20-25 C unless source reports otherwise,298.15,,1,80,static,sessile_drop,,,,,,unknown,,C_low,review,unassigned,,unclear_condition,2026-05-18,excluded_review,SRC023,unique_or_condition_distinct_keep
CA0062,v3.4,extracted,database,Legacy database record without row-level public DOI,Legacy compilation,2026,,,legacy literature-derived/project-internal source; no row-level DOI available,PIB,polymer,,unknown,existing project typical literature-derived value; original script does not specify treatment,,unknown,,,,32,31,1,,,,project/default or same source when available,assumed_or_estimated,ethylene glycol,polar,48,29,19,29,1.92,47,16.1,2.28,37,standard literature values at approximately 20-25 C unless source reports otherwise,298.15,,1,82,static,sessile_drop,,,,,,unknown,,C_low,review,unassigned,,unclear_condition,2026-05-18,excluded_review,SRC023,unique_or_condition_distinct_keep
CA0063,v3.4,extracted,database,Legacy database record without row-level public DOI,Legacy compilation,2026,,,legacy literature-derived/project-internal source; no row-level DOI available,BR,polymer,,unknown,existing project typical literature-derived value; original script does not specify treatment,,unknown,,,,31,30,1,,,,project/default or same source when available,assumed_or_estimated,ethylene glycol,polar,48,29,19,29,1.92,47,16.1,2.28,37,standard literature values at approximately 20-25 C unless source reports otherwise,298.15,,1,81,static,sessile_drop,,,,,,unknown,,C_low,review,unassigned,,unclear_condition,2026-05-18,excluded_review,SRC023,unique_or_condition_distinct_keep
CA0064,v3.4,extracted,database,Legacy database record without row-level public DOI,Legacy compilation,2026,,,legacy literature-derived/project-internal source; no row-level DOI available,PS,polymer,,unknown,existing project typical literature-derived value; original script does not specify treatment,,smooth,,,,35,32,3,,,,project/default or same source when available,assumed_or_estimated,diiodomethane,nonpolar,50.8,48.5,2.3,48.5,0,0,2.8,1,5.3,standard literature values at approximately 20-25 C unless source reports otherwise,298.15,,1,48,static,sessile_drop,,,,,,unknown,,C_low,review,unassigned,,unclear_condition,2026-05-18,excluded_review,SRC023,unique_or_condition_distinct_keep
CA0065,v3.4,extracted,database,Legacy database record without row-level public DOI,Legacy compilation,2026,,,legacy literature-derived/project-internal source; no row-level DOI available,PE,polymer,,unknown,existing project typical literature-derived value; original script does not specify treatment,,smooth,,,,33,32,1,,,,project/default or same source when available,assumed_or_estimated,diiodomethane,nonpolar,50.8,48.5,2.3,48.5,0,0,2.8,1,5.3,standard literature values at approximately 20-25 C unless source reports otherwise,298.15,,1,52,static,sessile_drop,,,,,,unknown,,C_low,review,unassigned,,unclear_condition,2026-05-18,excluded_review,SRC023,unique_or_condition_distinct_keep
CA0066,v3.4,extracted,database,Legacy database record without row-level public DOI,Legacy compilation,2026,,,legacy literature-derived/project-internal source; no row-level DOI available,PP,polymer,,unknown,existing project typical literature-derived value; original script does not specify treatment,,smooth,,,,30,29.5,0.5,,,,project/default or same source when available,assumed_or_estimated,diiodomethane,nonpolar,50.8,48.5,2.3,48.5,0,0,2.8,1,5.3,standard literature values at approximately 20-25 C unless source reports otherwise,298.15,,1,55,static,sessile_drop,,,,,,unknown,,C_low,review,unassigned,,unclear_condition,2026-05-18,excluded_review,SRC023,unique_or_condition_distinct_keep
CA0067,v3.4,extracted,database,Legacy database record without row-level public DOI,Legacy compilation,2026,,,legacy literature-derived/project-internal source; no row-level DOI available,PB,polymer,,unknown,existing project typical literature-derived value; original script does not specify treatment,,unknown,,,,32,31,1,,,,project/default or same source when available,assumed_or_estimated,diiodomethane,nonpolar,50.8,48.5,2.3,48.5,0,0,2.8,1,5.3,standard literature values at approximately 20-25 C unless source reports otherwise,298.15,,1,50,static,sessile_drop,,,,,,unknown,,C_low,review,unassigned,,unclear_condition,2026-05-18,excluded_review,SRC023,unique_or_condition_distinct_keep
CA0068,v3.4,extracted,database,Legacy database record without row-level public DOI,Legacy compilation,2026,,,legacy literature-derived/project-internal source; no row-level DOI available,PIB,polymer,,unknown,existing project typical literature-derived value; original script does not specify treatment,,unknown,,,,32,31,1,,,,project/default or same source when available,assumed_or_estimated,diiodomethane,nonpolar,50.8,48.5,2.3,48.5,0,0,2.8,1,5.3,standard literature values at approximately 20-25 C unless source reports otherwise,298.15,,1,52,static,sessile_drop,,,,,,unknown,,C_low,review,unassigned,,unclear_condition,2026-05-18,excluded_review,SRC023,unique_or_condition_distinct_keep
CA0069,v3.4,extracted,database,Legacy database record without row-level public DOI,Legacy compilation,2026,,,legacy literature-derived/project-internal source; no row-level DOI available,BR,polymer,,unknown,existing project typical literature-derived value; original script does not specify treatment,,unknown,,,,31,30,1,,,,project/default or same source when available,assumed_or_estimated,diiodomethane,nonpolar,50.8,48.5,2.3,48.5,0,0,2.8,1,5.3,standard literature values at approximately 20-25 C unless source reports otherwise,298.15,,1,51,static,sessile_drop,,,,,,unknown,,C_low,review,unassigned,,unclear_condition,2026-05-18,excluded_review,SRC023,unique_or_condition_distinct_keep
CA0070,v3.4,extracted,database,Legacy database subset without row-level public DOI,Legacy compilation,2026,,,legacy literature-derived/project-internal source; duplicate/conflicting rows retained for review,PS,polymer,,unknown,existing project low_polarity; condition not specified,,smooth,,,,33,31,2,,,,project/default or same source when available,assumed_or_estimated,water,polar,72.8,21.8,51,21.8,25.5,25.5,0.89,1.85,78.4,standard literature values at approximately 20-25 C unless source reports otherwise,298.15,,1,91,static,sessile_drop,,,,,,unknown,,C_low,review,unassigned,,possible_duplicate,2026-05-18,excluded_review,SRC024,unique_or_condition_distinct_keep
CA0071,v3.4,extracted,database,Legacy database subset without row-level public DOI,Legacy compilation,2026,,,legacy literature-derived/project-internal source; duplicate/conflicting rows retained for review,PTFE,polymer,,unknown,existing project low_polarity; condition not specified,,smooth,,,,18,18,0,,,,project/default or same source when available,assumed_or_estimated,water,polar,72.8,21.8,51,21.8,25.5,25.5,0.89,1.85,78.4,standard literature values at approximately 20-25 C unless source reports otherwise,298.15,,1,108,static,sessile_drop,,,,,,unknown,,C_low,review,unassigned,,possible_duplicate,2026-05-18,excluded_review,SRC024,unique_or_condition_distinct_keep
CA0072,v3.4,extracted,database,Legacy database subset without row-level public DOI,Legacy compilation,2026,,,legacy literature-derived/project-internal source; duplicate/conflicting rows retained for review,PE,polymer,,unknown,existing project low_polarity; condition not specified,,smooth,,,,31,30,1,,,,project/default or same source when available,assumed_or_estimated,ethylene glycol,polar,48,29,19,29,1.92,47,16.1,2.28,37,standard literature values at approximately 20-25 C unless source reports otherwise,298.15,,1,55,static,sessile_drop,,,,,,unknown,,C_low,review,unassigned,,possible_duplicate,2026-05-18,excluded_review,SRC024,unique_or_condition_distinct_keep
CA0073,v3.4,extracted,database,Legacy database subset without row-level public DOI,Legacy compilation,2026,,,legacy literature-derived/project-internal source; duplicate/conflicting rows retained for review,PP,polymer,,unknown,existing project low_polarity; condition not specified,,smooth,,,,29,28,1,,,,project/default or same source when available,assumed_or_estimated,ethylene glycol,polar,48,29,19,29,1.92,47,16.1,2.28,37,standard literature values at approximately 20-25 C unless source reports otherwise,298.15,,1,52,static,sessile_drop,,,,,,unknown,,C_low,review,unassigned,,possible_duplicate,2026-05-18,excluded_review,SRC024,unique_or_condition_distinct_keep
CA0074,v3.4,extracted,database,Legacy database subset without row-level public DOI,Legacy compilation,2026,,,legacy literature-derived/project-internal source; duplicate/conflicting rows retained for review,PS,polymer,,unknown,existing project low_polarity; condition not specified,,smooth,,,,33,31,2,,,,project/default or same source when available,assumed_or_estimated,ethylene glycol,polar,48,29,19,29,1.92,47,16.1,2.28,37,standard literature values at approximately 20-25 C unless source reports otherwise,298.15,,1,68,static,sessile_drop,,,,,,unknown,,C_low,review,unassigned,,possible_duplicate,2026-05-18,excluded_review,SRC024,unique_or_condition_distinct_keep
CA0075,v3.4,extracted,database,Legacy database subset without row-level public DOI,Legacy compilation,2026,,,legacy literature-derived/project-internal source; duplicate/conflicting rows retained for review,PTFE,polymer,,unknown,existing project low_polarity; condition not specified,,smooth,,,,18,18,0,,,,project/default or same source when available,assumed_or_estimated,ethylene glycol,polar,48,29,19,29,1.92,47,16.1,2.28,37,standard literature values at approximately 20-25 C unless source reports otherwise,298.15,,1,78,static,sessile_drop,,,,,,unknown,,C_low,review,unassigned,,possible_duplicate,2026-05-18,excluded_review,SRC024,unique_or_condition_distinct_keep
CA0076,v3.4,extracted,database,Legacy database subset without row-level public DOI,Legacy compilation,2026,,,legacy literature-derived/project-internal source; duplicate/conflicting rows retained for review,PVDF,polymer,,unknown,existing project low_polarity; condition not specified,,smooth,,,,25,23,2,,,,project/default or same source when available,assumed_or_estimated,ethylene glycol,polar,48,29,19,29,1.92,47,16.1,2.28,37,standard literature values at approximately 20-25 C unless source reports otherwise,298.15,,1,58,static,sessile_drop,,,,,,unknown,,C_low,review,unassigned,,possible_duplicate,2026-05-18,excluded_review,SRC024,unique_or_condition_distinct_keep
CA0077,v3.4,verified,literature,Comparative study of surface modification of fluorinated and non-fluorinated polymers using SDBD air plasma,F. Jamali; A. Kargarian,2025,10.1038/s41598-025-19841-7,https://doi.org/10.1038/s41598-025-19841-7,Table 2 direct value; contact angles reported for water and diiodomethane after air SDBD plasma treatments,PTFE,polymer,,untreated,untreated PTFE control,,smooth,,,,16.27,16.2,0.07,,,,calculated from paired water/diiodomethane contact angles in Table 2,inferred_from_contact_angles,water,polar,72.8,21.8,51,21.8,25.5,25.5,0.89,1.85,78.4,standard literature values at approximately 20-25 C unless source reports otherwise,298.15,,1,122.42,static,sessile_drop,2,,,,,unknown,air SDBD plasma study; values grouped by polymer and treatment time,A_high,yes,internal_pool,,none,2026-05-18,internal_train,SRC010,unique_or_condition_distinct_keep
CA0078,v3.4,verified,literature,Comparative study of surface modification of fluorinated and non-fluorinated polymers using SDBD air plasma,F. Jamali; A. Kargarian,2025,10.1038/s41598-025-19841-7,https://doi.org/10.1038/s41598-025-19841-7,Table 2 direct value; contact angles reported for water and diiodomethane after air SDBD plasma treatments,PTFE,polymer,,untreated,untreated PTFE control,,smooth,,,,16.27,16.2,0.07,,,,calculated from paired water/diiodomethane contact angles in Table 2,inferred_from_contact_angles,diiodomethane,nonpolar,50.8,48.5,2.3,48.5,0,0,2.8,1,5.3,standard literature values at approximately 20-25 C unless source reports otherwise,298.15,,1,84.98,static,sessile_drop,2,,,,,unknown,air SDBD plasma study; values grouped by polymer and treatment time,A_high,yes,internal_pool,,none,2026-05-18,internal_train,SRC010,unique_or_condition_distinct_keep
CA0079,v3.4,verified,literature,Comparative study of surface modification of fluorinated and non-fluorinated polymers using SDBD air plasma,F. Jamali; A. Kargarian,2025,10.1038/s41598-025-19841-7,https://doi.org/10.1038/s41598-025-19841-7,Table 2 direct value; contact angles reported for water and diiodomethane after air SDBD plasma treatments,PTFE,polymer,,plasma,"SDBD air plasma, 5 s",,smooth,,,,18.6,18.6,0,,,,calculated from paired water/diiodomethane contact angles in Table 2,inferred_from_contact_angles,water,polar,72.8,21.8,51,21.8,25.5,25.5,0.89,1.85,78.4,standard literature values at approximately 20-25 C unless source reports otherwise,298.15,,1,116.91,static,sessile_drop,2,,,,,unknown,air SDBD plasma study; values grouped by polymer and treatment time,A_high,no,internal_pool,,none,2026-05-18,internal_test,SRC010,unique_or_condition_distinct_keep
CA0080,v3.4,verified,literature,Comparative study of surface modification of fluorinated and non-fluorinated polymers using SDBD air plasma,F. Jamali; A. Kargarian,2025,10.1038/s41598-025-19841-7,https://doi.org/10.1038/s41598-025-19841-7,Table 2 direct value; contact angles reported for water and diiodomethane after air SDBD plasma treatments,PTFE,polymer,,plasma,"SDBD air plasma, 5 s",,smooth,,,,18.6,18.6,0,,,,calculated from paired water/diiodomethane contact angles in Table 2,inferred_from_contact_angles,diiodomethane,nonpolar,50.8,48.5,2.3,48.5,0,0,2.8,1,5.3,standard literature values at approximately 20-25 C unless source reports otherwise,298.15,,1,79.59,static,sessile_drop,2,,,,,unknown,air SDBD plasma study; values grouped by polymer and treatment time,A_high,yes,internal_pool,,none,2026-05-18,internal_train,SRC010,unique_or_condition_distinct_keep
CA0081,v3.4,verified,literature,Comparative study of surface modification of fluorinated and non-fluorinated polymers using SDBD air plasma,F. Jamali; A. Kargarian,2025,10.1038/s41598-025-19841-7,https://doi.org/10.1038/s41598-025-19841-7,Table 2 direct value; contact angles reported for water and diiodomethane after air SDBD plasma treatments,PTFE,polymer,,plasma,"SDBD air plasma, 15 s",,smooth,,,,41.87,19.62,22.25,,,,calculated from paired water/diiodomethane contact angles in Table 2,inferred_from_contact_angles,water,polar,72.8,21.8,51,21.8,25.5,25.5,0.89,1.85,78.4,standard literature values at approximately 20-25 C unless source reports otherwise,298.15,,1,60.42,static,sessile_drop,2,,,,,unknown,air SDBD plasma study; values grouped by polymer and treatment time,A_high,yes,internal_pool,,none,2026-05-18,internal_train,SRC010,unique_or_condition_distinct_keep
CA0082,v3.4,verified,literature,Comparative study of surface modification of fluorinated and non-fluorinated polymers using SDBD air plasma,F. Jamali; A. Kargarian,2025,10.1038/s41598-025-19841-7,https://doi.org/10.1038/s41598-025-19841-7,Table 2 direct value; contact angles reported for water and diiodomethane after air SDBD plasma treatments,PTFE,polymer,,plasma,"SDBD air plasma, 15 s",,smooth,,,,41.87,19.62,22.25,,,,calculated from paired water/diiodomethane contact angles in Table 2,inferred_from_contact_angles,diiodomethane,nonpolar,50.8,48.5,2.3,48.5,0,0,2.8,1,5.3,standard literature values at approximately 20-25 C unless source reports otherwise,298.15,,1,60.25,static,sessile_drop,2,,,,,unknown,air SDBD plasma study; values grouped by polymer and treatment time,A_high,no,internal_pool,,none,2026-05-18,internal_val,SRC010,unique_or_condition_distinct_keep
CA0083,v3.4,verified,literature,Comparative study of surface modification of fluorinated and non-fluorinated polymers using SDBD air plasma,F. Jamali; A. Kargarian,2025,10.1038/s41598-025-19841-7,https://doi.org/10.1038/s41598-025-19841-7,Table 2 direct value; contact angles reported for water and diiodomethane after air SDBD plasma treatments,PTFE,polymer,,plasma,"SDBD air plasma, 30 s",,smooth,,,,33.46,23.92,9.54,,,,calculated from paired water/diiodomethane contact angles in Table 2,inferred_from_contact_angles,water,polar,72.8,21.8,51,21.8,25.5,25.5,0.89,1.85,78.4,standard literature values at approximately 20-25 C unless source reports otherwise,298.15,,1,76.51,static,sessile_drop,2,,,,,unknown,air SDBD plasma study; values grouped by polymer and treatment time,A_high,no,internal_pool,,none,2026-05-18,internal_test,SRC010,unique_or_condition_distinct_keep
CA0084,v3.4,verified,literature,Comparative study of surface modification of fluorinated and non-fluorinated polymers using SDBD air plasma,F. Jamali; A. Kargarian,2025,10.1038/s41598-025-19841-7,https://doi.org/10.1038/s41598-025-19841-7,Table 2 direct value; contact angles reported for water and diiodomethane after air SDBD plasma treatments,PTFE,polymer,,plasma,"SDBD air plasma, 30 s",,smooth,,,,33.46,23.92,9.54,,,,calculated from paired water/diiodomethane contact angles in Table 2,inferred_from_contact_angles,diiodomethane,nonpolar,50.8,48.5,2.3,48.5,0,0,2.8,1,5.3,standard literature values at approximately 20-25 C unless source reports otherwise,298.15,,1,58.3,static,sessile_drop,2,,,,,unknown,air SDBD plasma study; values grouped by polymer and treatment time,A_high,yes,internal_pool,,none,2026-05-18,internal_train,SRC010,unique_or_condition_distinct_keep
CA0085,v3.4,verified,literature,Comparative study of surface modification of fluorinated and non-fluorinated polymers using SDBD air plasma,F. Jamali; A. Kargarian,2025,10.1038/s41598-025-19841-7,https://doi.org/10.1038/s41598-025-19841-7,Table 2 direct value; contact angles reported for water and diiodomethane after air SDBD plasma treatments,PE,polymer,,untreated,untreated PE control,,smooth,,,,17.38,15.59,1.79,,,,calculated from paired water/diiodomethane contact angles in Table 2,inferred_from_contact_angles,water,polar,72.8,21.8,51,21.8,25.5,25.5,0.89,1.85,78.4,standard literature values at approximately 20-25 C unless source reports otherwise,298.15,,1,103.37,static,sessile_drop,2,,,,,unknown,air SDBD plasma study; values grouped by polymer and treatment time,A_high,yes,internal_pool,,none,2026-05-18,internal_train,SRC010,unique_or_condition_distinct_keep
CA0086,v3.4,verified,literature,Comparative study of surface modification of fluorinated and non-fluorinated polymers using SDBD air plasma,F. Jamali; A. Kargarian,2025,10.1038/s41598-025-19841-7,https://doi.org/10.1038/s41598-025-19841-7,Table 2 direct value; contact angles reported for water and diiodomethane after air SDBD plasma treatments,PE,polymer,,untreated,untreated PE control,,smooth,,,,17.38,15.59,1.79,,,,calculated from paired water/diiodomethane contact angles in Table 2,inferred_from_contact_angles,diiodomethane,nonpolar,50.8,48.5,2.3,48.5,0,0,2.8,1,5.3,standard literature values at approximately 20-25 C unless source reports otherwise,298.15,,1,80.65,static,sessile_drop,2,,,,,unknown,air SDBD plasma study; values grouped by polymer and treatment time,A_high,yes,internal_pool,,none,2026-05-18,internal_train,SRC010,unique_or_condition_distinct_keep
CA0087,v3.4,verified,literature,Comparative study of surface modification of fluorinated and non-fluorinated polymers using SDBD air plasma,F. Jamali; A. Kargarian,2025,10.1038/s41598-025-19841-7,https://doi.org/10.1038/s41598-025-19841-7,Table 2 direct value; contact angles reported for water and diiodomethane after air SDBD plasma treatments,PE,polymer,,plasma,"SDBD air plasma, 5 s",,smooth,,,,20.85,16.66,4.19,,,,calculated from paired water/diiodomethane contact angles in Table 2,inferred_from_contact_angles,water,polar,72.8,21.8,51,21.8,25.5,25.5,0.89,1.85,78.4,standard literature values at approximately 20-25 C unless source reports otherwise,298.15,,1,94.3,static,sessile_drop,2,,,,,unknown,air SDBD plasma study; values grouped by polymer and treatment time,A_high,yes,internal_pool,,none,2026-05-18,internal_train,SRC010,unique_or_condition_distinct_keep
CA0088,v3.4,verified,literature,Comparative study of surface modification of fluorinated and non-fluorinated polymers using SDBD air plasma,F. Jamali; A. Kargarian,2025,10.1038/s41598-025-19841-7,https://doi.org/10.1038/s41598-025-19841-7,Table 2 direct value; contact angles reported for water and diiodomethane after air SDBD plasma treatments,PE,polymer,,plasma,"SDBD air plasma, 5 s",,smooth,,,,20.85,16.66,4.19,,,,calculated from paired water/diiodomethane contact angles in Table 2,inferred_from_contact_angles,diiodomethane,nonpolar,50.8,48.5,2.3,48.5,0,0,2.8,1,5.3,standard literature values at approximately 20-25 C unless source reports otherwise,298.15,,1,76.04,static,sessile_drop,2,,,,,unknown,air SDBD plasma study; values grouped by polymer and treatment time,A_high,yes,internal_pool,,none,2026-05-18,internal_train,SRC010,unique_or_condition_distinct_keep
CA0089,v3.4,verified,literature,Comparative study of surface modification of fluorinated and non-fluorinated polymers using SDBD air plasma,F. Jamali; A. Kargarian,2025,10.1038/s41598-025-19841-7,https://doi.org/10.1038/s41598-025-19841-7,Table 2 direct value; contact angles reported for water and diiodomethane after air SDBD plasma treatments,PE,polymer,,plasma,"SDBD air plasma, 15 s",,smooth,,,,47.16,14.94,32.22,,,,calculated from paired water/diiodomethane contact angles in Table 2,inferred_from_contact_angles,water,polar,72.8,21.8,51,21.8,25.5,25.5,0.89,1.85,78.4,standard literature values at approximately 20-25 C unless source reports otherwise,298.15,,1,52.45,static,sessile_drop,2,,,,,unknown,air SDBD plasma study; values grouped by polymer and treatment time,A_high,yes,internal_pool,,none,2026-05-18,internal_train,SRC010,unique_or_condition_distinct_keep
CA0090,v3.4,verified,literature,Comparative study of surface modification of fluorinated and non-fluorinated polymers using SDBD air plasma,F. Jamali; A. Kargarian,2025,10.1038/s41598-025-19841-7,https://doi.org/10.1038/s41598-025-19841-7,Table 2 direct value; contact angles reported for water and diiodomethane after air SDBD plasma treatments,PE,polymer,,plasma,"SDBD air plasma, 15 s",,smooth,,,,47.16,14.94,32.22,,,,calculated from paired water/diiodomethane contact angles in Table 2,inferred_from_contact_angles,diiodomethane,nonpolar,50.8,48.5,2.3,48.5,0,0,2.8,1,5.3,standard literature values at approximately 20-25 C unless source reports otherwise,298.15,,1,66.51,static,sessile_drop,2,,,,,unknown,air SDBD plasma study; values grouped by polymer and treatment time,A_high,yes,internal_pool,,none,2026-05-18,internal_train,SRC010,unique_or_condition_distinct_keep
CA0091,v3.4,verified,literature,Comparative study of surface modification of fluorinated and non-fluorinated polymers using SDBD air plasma,F. Jamali; A. Kargarian,2025,10.1038/s41598-025-19841-7,https://doi.org/10.1038/s41598-025-19841-7,Table 2 direct value; contact angles reported for water and diiodomethane after air SDBD plasma treatments,PE,polymer,,plasma,"SDBD air plasma, 30 s",,smooth,,,,57.83,27.04,30.79,,,,calculated from paired water/diiodomethane contact angles in Table 2,inferred_from_contact_angles,water,polar,72.8,21.8,51,21.8,25.5,25.5,0.89,1.85,78.4,standard literature values at approximately 20-25 C unless source reports otherwise,298.15,,1,40.92,static,sessile_drop,2,,,,,unknown,air SDBD plasma study; values grouped by polymer and treatment time,A_high,yes,internal_pool,,none,2026-05-18,internal_train,SRC010,unique_or_condition_distinct_keep
CA0092,v3.4,verified,literature,Comparative study of surface modification of fluorinated and non-fluorinated polymers using SDBD air plasma,F. Jamali; A. Kargarian,2025,10.1038/s41598-025-19841-7,https://doi.org/10.1038/s41598-025-19841-7,Table 2 direct value; contact angles reported for water and diiodomethane after air SDBD plasma treatments,PE,polymer,,plasma,"SDBD air plasma, 30 s",,smooth,,,,57.83,27.04,30.79,,,,calculated from paired water/diiodomethane contact angles in Table 2,inferred_from_contact_angles,diiodomethane,nonpolar,50.8,48.5,2.3,48.5,0,0,2.8,1,5.3,standard literature values at approximately 20-25 C unless source reports otherwise,298.15,,1,40.8,static,sessile_drop,2,,,,,unknown,air SDBD plasma study; values grouped by polymer and treatment time,A_high,yes,internal_pool,,none,2026-05-18,internal_train,SRC010,unique_or_condition_distinct_keep
CA0093,v3.4,verified,literature,An investigation of methods to enhance adhesion of conductive layer and dielectric substrate for additive manufacturing of electronics,Zhang et al.,2024,10.1038/s41598-024-61327-5,https://doi.org/10.1038/s41598-024-61327-5,Table 4 direct value; mean +/- standard deviation reported for water and diiodomethane,PEEK,polymer,,cleaning,IPA-cleaned PEEK control,,smooth,,,,24.34,13.82,10.52,,,,calculated from paired water/diiodomethane contact angles in Table 4,inferred_from_contact_angles,water,polar,72.8,21.8,51,21.8,25.5,25.5,0.89,1.85,78.4,standard literature values at approximately 20-25 C unless source reports otherwise,298.15,,1,83.5,static,sessile_drop,,,2.1,,,unknown,IPA-cleaned PEEK control,A_high,yes,internal_pool,,none,2026-05-18,internal_train,SRC009,unique_or_condition_distinct_keep
CA0094,v3.4,verified,literature,An investigation of methods to enhance adhesion of conductive layer and dielectric substrate for additive manufacturing of electronics,Zhang et al.,2024,10.1038/s41598-024-61327-5,https://doi.org/10.1038/s41598-024-61327-5,Table 4 direct value; mean +/- standard deviation reported for water and diiodomethane,PEEK,polymer,,cleaning,IPA-cleaned PEEK control,,smooth,,,,24.34,13.82,10.52,,,,calculated from paired water/diiodomethane contact angles in Table 4,inferred_from_contact_angles,diiodomethane,nonpolar,50.8,48.5,2.3,48.5,0,0,2.8,1,5.3,standard literature values at approximately 20-25 C unless source reports otherwise,298.15,,1,77.7,static,sessile_drop,,,1.9,,,unknown,IPA-cleaned PEEK control,A_high,yes,internal_pool,,none,2026-05-18,internal_train,SRC009,unique_or_condition_distinct_keep
CA0095,v3.4,verified,literature,An investigation of methods to enhance adhesion of conductive layer and dielectric substrate for additive manufacturing of electronics,Zhang et al.,2024,10.1038/s41598-024-61327-5,https://doi.org/10.1038/s41598-024-61327-5,Table 4 direct value; mean +/- standard deviation reported for water and diiodomethane,PEEK,polymer,,plasma,IPA cleaning + air plasma,,smooth,,,,72.16,28.79,43.37,,,,calculated from paired water/diiodomethane contact angles in Table 4,inferred_from_contact_angles,water,polar,72.8,21.8,51,21.8,25.5,25.5,0.89,1.85,78.4,standard literature values at approximately 20-25 C unless source reports otherwise,298.15,,1,11.4,static,sessile_drop,,,1.8,,,unknown,IPA cleaning + air plasma,A_high,yes,internal_pool,,none,2026-05-18,internal_train,SRC009,unique_or_condition_distinct_keep
CA0096,v3.4,verified,literature,An investigation of methods to enhance adhesion of conductive layer and dielectric substrate for additive manufacturing of electronics,Zhang et al.,2024,10.1038/s41598-024-61327-5,https://doi.org/10.1038/s41598-024-61327-5,Table 4 direct value; mean +/- standard deviation reported for water and diiodomethane,PEEK,polymer,,plasma,IPA cleaning + air plasma,,smooth,,,,72.16,28.79,43.37,,,,calculated from paired water/diiodomethane contact angles in Table 4,inferred_from_contact_angles,diiodomethane,nonpolar,50.8,48.5,2.3,48.5,0,0,2.8,1,5.3,standard literature values at approximately 20-25 C unless source reports otherwise,298.15,,1,30.2,static,sessile_drop,,,1.8,,,unknown,IPA cleaning + air plasma,A_high,no,internal_pool,,none,2026-05-18,internal_val,SRC009,unique_or_condition_distinct_keep
CA0097,v3.4,verified,literature,An investigation of methods to enhance adhesion of conductive layer and dielectric substrate for additive manufacturing of electronics,Zhang et al.,2024,10.1038/s41598-024-61327-5,https://doi.org/10.1038/s41598-024-61327-5,Table 4 direct value; mean +/- standard deviation reported for water and diiodomethane,PEEK,polymer,,mechanical_polishing,IPA cleaning + sand blasting,,rough,,,,16.36,13.48,2.88,,,,calculated from paired water/diiodomethane contact angles in Table 4,inferred_from_contact_angles,water,polar,72.8,21.8,51,21.8,25.5,25.5,0.89,1.85,78.4,standard literature values at approximately 20-25 C unless source reports otherwise,298.15,,1,101.3,static,sessile_drop,,,4.1,,,unknown,IPA cleaning + sand blasting,A_high,yes,internal_pool,,none,2026-05-18,internal_train,SRC009,unique_or_condition_distinct_keep
CA0098,v3.4,verified,literature,An investigation of methods to enhance adhesion of conductive layer and dielectric substrate for additive manufacturing of electronics,Zhang et al.,2024,10.1038/s41598-024-61327-5,https://doi.org/10.1038/s41598-024-61327-5,Table 4 direct value; mean +/- standard deviation reported for water and diiodomethane,PEEK,polymer,,mechanical_polishing,IPA cleaning + sand blasting,,rough,,,,16.36,13.48,2.88,,,,calculated from paired water/diiodomethane contact angles in Table 4,inferred_from_contact_angles,diiodomethane,nonpolar,50.8,48.5,2.3,48.5,0,0,2.8,1,5.3,standard literature values at approximately 20-25 C unless source reports otherwise,298.15,,1,83.8,static,sessile_drop,,,2,,,unknown,IPA cleaning + sand blasting,A_high,yes,internal_pool,,none,2026-05-18,internal_train,SRC009,unique_or_condition_distinct_keep
CA0099,v3.4,verified,literature,An investigation of methods to enhance adhesion of conductive layer and dielectric substrate for additive manufacturing of electronics,Zhang et al.,2024,10.1038/s41598-024-61327-5,https://doi.org/10.1038/s41598-024-61327-5,Table 4 direct value; mean +/- standard deviation reported for water and diiodomethane,PEEK,polymer,,plasma,IPA cleaning + sand blasting + air plasma,,rough,,,,38.41,19.91,18.5,,,,calculated from paired water/diiodomethane contact angles in Table 4,inferred_from_contact_angles,water,polar,72.8,21.8,51,21.8,25.5,25.5,0.89,1.85,78.4,standard literature values at approximately 20-25 C unless source reports otherwise,298.15,,1,65.4,static,sessile_drop,,,3.6,,,unknown,IPA cleaning + sand blasting + air plasma,A_high,yes,internal_pool,,none,2026-05-18,internal_train,SRC009,unique_or_condition_distinct_keep
CA0100,v3.4,verified,literature,An investigation of methods to enhance adhesion of conductive layer and dielectric substrate for additive manufacturing of electronics,Zhang et al.,2024,10.1038/s41598-024-61327-5,https://doi.org/10.1038/s41598-024-61327-5,Table 4 direct value; mean +/- standard deviation reported for water and diiodomethane,PEEK,polymer,,plasma,IPA cleaning + sand blasting + air plasma,,rough,,,,38.41,19.91,18.5,,,,calculated from paired water/diiodomethane contact angles in Table 4,inferred_from_contact_angles,diiodomethane,nonpolar,50.8,48.5,2.3,48.5,0,0,2.8,1,5.3,standard literature values at approximately 20-25 C unless source reports otherwise,298.15,,1,61.3,static,sessile_drop,,,2.5,,,unknown,IPA cleaning + sand blasting + air plasma,A_high,yes,internal_pool,,none,2026-05-18,internal_train,SRC009,unique_or_condition_distinct_keep
CA0101,v3.4,verified,literature,Electrical percolation threshold of carbon black in a polymer matrix and its connection to polymer-filler gel formation,Choi et al.,2019,10.1038/s41598-019-42495-1,https://doi.org/10.1038/s41598-019-42495-1,Table 1 direct value; contact angles measured using distilled water and diiodomethane,PP,polymer,,untreated,neat polymer matrix film before carbon black addition,,smooth,,,,30.79,30.71,0.08,,,,"same paper Table 1, OWRK surface energy",inferred_from_contact_angles,water,polar,72.8,21.8,51,21.8,25.5,25.5,0.89,1.85,78.4,standard literature values at approximately 20-25 C unless source reports otherwise,298.15,,1,98.7,static,sessile_drop,,,,,,unknown,neat polymer matrix reference,A_high,no,internal_pool,,none,2026-05-18,internal_val,SRC007,unique_or_condition_distinct_keep
CA0102,v3.4,verified,literature,Electrical percolation threshold of carbon black in a polymer matrix and its connection to polymer-filler gel formation,Choi et al.,2019,10.1038/s41598-019-42495-1,https://doi.org/10.1038/s41598-019-42495-1,Table 1 direct value; contact angles measured using distilled water and diiodomethane,PP,polymer,,untreated,neat polymer matrix film before carbon black addition,,smooth,,,,30.79,30.71,0.08,,,,"same paper Table 1, OWRK surface energy",inferred_from_contact_angles,diiodomethane,nonpolar,50.8,48.5,2.3,48.5,0,0,2.8,1,5.3,standard literature values at approximately 20-25 C unless source reports otherwise,298.15,,1,45.7,static,sessile_drop,,,,,,unknown,neat polymer matrix reference,A_high,yes,internal_pool,,none,2026-05-18,internal_train,SRC007,unique_or_condition_distinct_keep
CA0103,v3.4,verified,literature,Electrical percolation threshold of carbon black in a polymer matrix and its connection to polymer-filler gel formation,Choi et al.,2019,10.1038/s41598-019-42495-1,https://doi.org/10.1038/s41598-019-42495-1,Table 1 direct value; contact angles measured using distilled water and diiodomethane,PET,polymer,,untreated,neat polymer matrix film before carbon black addition,,smooth,,,,40.91,40.35,0.56,,,,"same paper Table 1, OWRK surface energy",inferred_from_contact_angles,water,polar,72.8,21.8,51,21.8,25.5,25.5,0.89,1.85,78.4,standard literature values at approximately 20-25 C unless source reports otherwise,298.15,,1,85.6,static,sessile_drop,,,,,,unknown,neat polymer matrix reference,A_high,yes,internal_pool,,none,2026-05-18,internal_train,SRC007,unique_or_condition_distinct_keep
CA0104,v3.4,verified,literature,Electrical percolation threshold of carbon black in a polymer matrix and its connection to polymer-filler gel formation,Choi et al.,2019,10.1038/s41598-019-42495-1,https://doi.org/10.1038/s41598-019-42495-1,Table 1 direct value; contact angles measured using distilled water and diiodomethane,PET,polymer,,untreated,neat polymer matrix film before carbon black addition,,smooth,,,,40.91,40.35,0.56,,,,"same paper Table 1, OWRK surface energy",inferred_from_contact_angles,diiodomethane,nonpolar,50.8,48.5,2.3,48.5,0,0,2.8,1,5.3,standard literature values at approximately 20-25 C unless source reports otherwise,298.15,,1,27.8,static,sessile_drop,,,,,,unknown,neat polymer matrix reference,A_high,yes,internal_pool,,none,2026-05-18,internal_train,SRC007,unique_or_condition_distinct_keep
CA0105,v3.4,verified,literature,Electrical percolation threshold of carbon black in a polymer matrix and its connection to polymer-filler gel formation,Choi et al.,2019,10.1038/s41598-019-42495-1,https://doi.org/10.1038/s41598-019-42495-1,Table 1 direct value; contact angles measured using distilled water and diiodomethane,Nylon6,polymer,,untreated,neat polymer matrix film before carbon black addition,,smooth,,,,48.68,38.89,9.79,,,,"same paper Table 1, OWRK surface energy",inferred_from_contact_angles,water,polar,72.8,21.8,51,21.8,25.5,25.5,0.89,1.85,78.4,standard literature values at approximately 20-25 C unless source reports otherwise,298.15,,1,69.3,static,sessile_drop,,,,,,unknown,neat polymer matrix reference,A_high,no,internal_pool,,none,2026-05-18,internal_test,SRC007,unique_or_condition_distinct_keep
CA0106,v3.4,verified,literature,Electrical percolation threshold of carbon black in a polymer matrix and its connection to polymer-filler gel formation,Choi et al.,2019,10.1038/s41598-019-42495-1,https://doi.org/10.1038/s41598-019-42495-1,Table 1 direct value; contact angles measured using distilled water and diiodomethane,Nylon6,polymer,,untreated,neat polymer matrix film before carbon black addition,,smooth,,,,48.68,38.89,9.79,,,,"same paper Table 1, OWRK surface energy",inferred_from_contact_angles,diiodomethane,nonpolar,50.8,48.5,2.3,48.5,0,0,2.8,1,5.3,standard literature values at approximately 20-25 C unless source reports otherwise,298.15,,1,31.6,static,sessile_drop,,,,,,unknown,neat polymer matrix reference,A_high,no,internal_pool,,none,2026-05-18,internal_test,SRC007,unique_or_condition_distinct_keep
CA0107,v3.4,verified,literature,Preparation and characterization of photopolymerized hydrogels for 3D bioprinting applications,Mesquita et al.,2023,10.1038/s41598-023-36956-x,https://doi.org/10.1038/s41598-023-36956-x,Text/Figure 4 values; water contact angle and captive-bubble angle for PEGDA hydrogels,PEGDA hydrogel,biomaterial,,other,PEGDA-0 dry film,,smooth,,,,52,36.4,15.6,,,,same paper text for dry films,literature_reported,water,polar,72.8,21.8,51,21.8,25.5,25.5,0.89,1.85,78.4,standard literature values at approximately 20-25 C unless source reports otherwise,298.15,,1,48.4,static,sessile_drop,,,0.7,,,unknown,photopolymerized PEGDA hydrogel formulation,A_high,no,balanced_holdout,,none,2026-05-18,balanced_holdout,SRC008,unique_or_condition_distinct_keep
CA0108,v3.4,verified,literature,Preparation and characterization of photopolymerized hydrogels for 3D bioprinting applications,Mesquita et al.,2023,10.1038/s41598-023-36956-x,https://doi.org/10.1038/s41598-023-36956-x,Text/Figure 4 values; water contact angle and captive-bubble angle for PEGDA hydrogels,PEGDA hydrogel,biomaterial,,other,PEGDA-3 dry film,,smooth,,,,52,39.3,12.7,,,,same paper text for dry films,literature_reported,water,polar,72.8,21.8,51,21.8,25.5,25.5,0.89,1.85,78.4,standard literature values at approximately 20-25 C unless source reports otherwise,298.15,,1,56.2,static,sessile_drop,,,0.6,,,unknown,photopolymerized PEGDA hydrogel formulation,A_high,no,unassigned,,none,2026-05-18,excluded_review,SRC008,unique_or_condition_distinct_keep
CA0109,v3.4,verified,literature,Preparation and characterization of photopolymerized hydrogels for 3D bioprinting applications,Mesquita et al.,2023,10.1038/s41598-023-36956-x,https://doi.org/10.1038/s41598-023-36956-x,Text/Figure 4 values; water contact angle and captive-bubble angle for PEGDA hydrogels,PEGDA hydrogel,biomaterial,,other,PEGDA-0 swollen sample,,smooth,,,,52,36.4,15.6,,,,same paper text for dry films,literature_reported,water,polar,72.8,21.8,51,21.8,25.5,25.5,0.89,1.85,78.4,standard literature values at approximately 20-25 C unless source reports otherwise,298.15,,1,44.7,static,sessile_drop,,,2.1,,,unknown,photopolymerized PEGDA hydrogel formulation,A_high,no,unassigned,,none,2026-05-18,excluded_review,SRC008,unique_or_condition_distinct_keep
CA0110,v3.4,verified,literature,Preparation and characterization of photopolymerized hydrogels for 3D bioprinting applications,Mesquita et al.,2023,10.1038/s41598-023-36956-x,https://doi.org/10.1038/s41598-023-36956-x,Text/Figure 4 values; water contact angle and captive-bubble angle for PEGDA hydrogels,PEGDA hydrogel,biomaterial,,other,PEGDA-3 swollen sample,,smooth,,,,52,39.3,12.7,,,,same paper text for dry films,literature_reported,water,polar,72.8,21.8,51,21.8,25.5,25.5,0.89,1.85,78.4,standard literature values at approximately 20-25 C unless source reports otherwise,298.15,,1,49.9,static,sessile_drop,,,3.9,,,unknown,photopolymerized PEGDA hydrogel formulation,A_high,no,unassigned,,none,2026-05-18,excluded_review,SRC008,unique_or_condition_distinct_keep
CA0111,v3.4,verified,literature,Preparation and characterization of photopolymerized hydrogels for 3D bioprinting applications,Mesquita et al.,2023,10.1038/s41598-023-36956-x,https://doi.org/10.1038/s41598-023-36956-x,Text/Figure 4 values; water contact angle and captive-bubble angle for PEGDA hydrogels,PEGDA hydrogel,biomaterial,,other,PEGDA-0 captive bubble method,,smooth,,,,52,36.4,15.6,,,,same paper text for dry films,literature_reported,water,polar,72.8,21.8,51,21.8,25.5,25.5,0.89,1.85,78.4,standard literature values at approximately 20-25 C unless source reports otherwise,298.15,,1,45.4,apparent,captive_bubble,,,3.8,,,unknown,photopolymerized PEGDA hydrogel formulation,A_high,no,unassigned,,none,2026-05-18,excluded_review,SRC008,unique_or_condition_distinct_keep
CA0112,v3.4,verified,literature,Preparation and characterization of photopolymerized hydrogels for 3D bioprinting applications,Mesquita et al.,2023,10.1038/s41598-023-36956-x,https://doi.org/10.1038/s41598-023-36956-x,Text/Figure 4 values; water contact angle and captive-bubble angle for PEGDA hydrogels,PEGDA hydrogel,biomaterial,,other,PEGDA-3 captive bubble method,,smooth,,,,52,39.3,12.7,,,,same paper text for dry films,literature_reported,water,polar,72.8,21.8,51,21.8,25.5,25.5,0.89,1.85,78.4,standard literature values at approximately 20-25 C unless source reports otherwise,298.15,,1,34.6,apparent,captive_bubble,,,4.9,,,unknown,photopolymerized PEGDA hydrogel formulation,A_high,no,unassigned,,none,2026-05-18,excluded_review,SRC008,unique_or_condition_distinct_keep
CA0113,v3.4,verified,literature,Thirty years of contact angles reveal universal design rules for wetting control,Berry et al.,2026,10.1038/s41598-026-40965-x,https://doi.org/10.1038/s41598-026-40965-x,Table 1 curated static contact angle value; row-specific source reference number retained in notes,TiO2,oxide,,UV_ozone,"After UV illumination (lambda < 380 nm, 1.1 mW cm^-2).",,smooth,,,,68,35,33,,,,project/default or same source when available,assumed_or_estimated,water,polar,72.8,21.8,51,21.8,25.5,25.5,0.89,1.85,78.4,standard literature values at approximately 20-25 C unless source reports otherwise,298.15,,1,0,static,unknown,,,,,,unknown,"After UV illumination (lambda < 380 nm, 1.1 mW cm^-2).",B_medium,no,unassigned,NDUP001,possible_duplicate,2026-05-18,excluded_review,SRC011,retain_condition_distinct_near_duplicate_same_split_marked
CA0114,v3.4,verified,literature,Thirty years of contact angles reveal universal design rules for wetting control,Berry et al.,2026,10.1038/s41598-026-40965-x,https://doi.org/10.1038/s41598-026-40965-x,Table 1 curated static contact angle value; row-specific source reference number retained in notes,TiO2,oxide,,UV_ozone,Film prepared with SiO2; superhydrophilic after UV illumination.,,smooth,,,,68,35,33,,,,project/default or same source when available,assumed_or_estimated,water,polar,72.8,21.8,51,21.8,25.5,25.5,0.89,1.85,78.4,standard literature values at approximately 20-25 C unless source reports otherwise,298.15,,1,0,static,unknown,,,,,,unknown,Film prepared with SiO2; superhydrophilic after UV illumination.,B_medium,no,unassigned,NDUP001,possible_duplicate,2026-05-18,excluded_review,SRC011,retain_condition_distinct_near_duplicate_same_split_marked
CA0115,v3.4,verified,literature,Thirty years of contact angles reveal universal design rules for wetting control,Berry et al.,2026,10.1038/s41598-026-40965-x,https://doi.org/10.1038/s41598-026-40965-x,Table 1 curated static contact angle value; row-specific source reference number retained in notes,Titania-coated glass,oxide,,UV_ozone,"After UV/ozone, aqua regia immersion, or heating above 500 C.",,smooth,,,,68,35,33,,,,project/default or same source when available,assumed_or_estimated,water,polar,72.8,21.8,51,21.8,25.5,25.5,0.89,1.85,78.4,standard literature values at approximately 20-25 C unless source reports otherwise,298.15,,1,5,static,unknown,,,,,,unknown,"After UV/ozone, aqua regia immersion, or heating above 500 C.",B_medium,no,unassigned,,possible_duplicate,2026-05-18,excluded_review,SRC011,unique_or_condition_distinct_keep
CA0116,v3.4,verified,literature,Thirty years of contact angles reveal universal design rules for wetting control,Berry et al.,2026,10.1038/s41598-026-40965-x,https://doi.org/10.1038/s41598-026-40965-x,Table 1 curated static contact angle value; row-specific source reference number retained in notes,TiO2,oxide,,UV_ozone,Superhydrophilic after UV irradiation.,,smooth,,,,68,35,33,,,,project/default or same source when available,assumed_or_estimated,water,polar,72.8,21.8,51,21.8,25.5,25.5,0.89,1.85,78.4,standard literature values at approximately 20-25 C unless source reports otherwise,298.15,,1,5,static,unknown,,,,,,unknown,Superhydrophilic after UV irradiation.,B_medium,no,unassigned,,possible_duplicate,2026-05-18,excluded_review,SRC011,unique_or_condition_distinct_keep
CA0117,v3.4,verified,literature,Thirty years of contact angles reveal universal design rules for wetting control,Berry et al.,2026,10.1038/s41598-026-40965-x,https://doi.org/10.1038/s41598-026-40965-x,Table 1 curated static contact angle value; row-specific source reference number retained in notes,PET,polymer,,plasma,"Plasma treatment at 20 kHz, CDA 0.6%, 7 repetitions.",,smooth,,,,44,32,12,,,,project/default or same source when available,assumed_or_estimated,water,polar,72.8,21.8,51,21.8,25.5,25.5,0.89,1.85,78.4,standard literature values at approximately 20-25 C unless source reports otherwise,298.15,,1,23.5,static,unknown,,,1.7,,,unknown,"Plasma treatment at 20 kHz, CDA 0.6%, 7 repetitions.",B_medium,no,unassigned,,possible_duplicate,2026-05-18,excluded_review,SRC011,unique_or_condition_distinct_keep
CA0118,v3.4,verified,literature,Thirty years of contact angles reveal universal design rules for wetting control,Berry et al.,2026,10.1038/s41598-026-40965-x,https://doi.org/10.1038/s41598-026-40965-x,Table 1 curated static contact angle value; row-specific source reference number retained in notes,TiO2,oxide,,etching,TiO2 nanotube surfaces; increased hydrophilicity vs non-anodized Ti.,,smooth,,,,68,35,33,,,,project/default or same source when available,assumed_or_estimated,water,polar,72.8,21.8,51,21.8,25.5,25.5,0.89,1.85,78.4,standard literature values at approximately 20-25 C unless source reports otherwise,298.15,,1,39.1,static,unknown,,,,,,unknown,TiO2 nanotube surfaces; increased hydrophilicity vs non-anodized Ti.,B_medium,no,unassigned,,possible_duplicate,2026-05-18,excluded_review,SRC011,unique_or_condition_distinct_keep
CA0119,v3.4,verified,literature,Thirty years of contact angles reveal universal design rules for wetting control,Berry et al.,2026,10.1038/s41598-026-40965-x,https://doi.org/10.1038/s41598-026-40965-x,Table 1 curated static contact angle value; row-specific source reference number retained in notes,PMMA,polymer,,untreated,Equilibrium/Young angle.,,smooth,,,,42,21,21,,,,project/default or same source when available,assumed_or_estimated,diiodomethane,nonpolar,50.8,48.5,2.3,48.5,0,0,2.8,1,5.3,standard literature values at approximately 20-25 C unless source reports otherwise,298.15,,1,43.2,static,unknown,,,,,,unknown,Equilibrium/Young angle.,B_medium,no,unassigned,,possible_duplicate,2026-05-18,excluded_review,SRC011,unique_or_condition_distinct_keep
CA0120,v3.4,verified,literature,Thirty years of contact angles reveal universal design rules for wetting control,Berry et al.,2026,10.1038/s41598-026-40965-x,https://doi.org/10.1038/s41598-026-40965-x,Table 1 curated static contact angle value; row-specific source reference number retained in notes,PET,polymer,,untreated,Before atmospheric-pressure plasma treatment.,,smooth,,,,44,32,12,,,,project/default or same source when available,assumed_or_estimated,water,polar,72.8,21.8,51,21.8,25.5,25.5,0.89,1.85,78.4,standard literature values at approximately 20-25 C unless source reports otherwise,298.15,,1,59,static,unknown,,,1.1,,,unknown,Before atmospheric-pressure plasma treatment.,B_medium,no,unassigned,,possible_duplicate,2026-05-18,excluded_review,SRC011,unique_or_condition_distinct_keep
CA0121,v3.4,verified,literature,Thirty years of contact angles reveal universal design rules for wetting control,Berry et al.,2026,10.1038/s41598-026-40965-x,https://doi.org/10.1038/s41598-026-40965-x,Table 1 curated static contact angle value; row-specific source reference number retained in notes,PMMA,polymer,,untreated,Equilibrium/Young angle.,,smooth,,,,42,21,21,,,,project/default or same source when available,assumed_or_estimated,formamide,polar,58,39,19,39,2.28,39.6,3.3,3.73,111,standard literature values at approximately 20-25 C unless source reports otherwise,298.15,,1,56.7,static,unknown,,,,,,unknown,Equilibrium/Young angle.,B_medium,no,unassigned,,possible_duplicate,2026-05-18,excluded_review,SRC011,unique_or_condition_distinct_keep
CA0122,v3.4,verified,literature,Thirty years of contact angles reveal universal design rules for wetting control,Berry et al.,2026,10.1038/s41598-026-40965-x,https://doi.org/10.1038/s41598-026-40965-x,Table 1 curated static contact angle value; row-specific source reference number retained in notes,PMMA,polymer,,untreated,Equilibrium/Young angle.,,smooth,,,,42,21,21,,,,project/default or same source when available,assumed_or_estimated,ethylene glycol,polar,48,29,19,29,1.92,47,16.1,2.28,37,standard literature values at approximately 20-25 C unless source reports otherwise,298.15,,1,57,static,unknown,,,,,,unknown,Equilibrium/Young angle.,B_medium,no,unassigned,,possible_duplicate,2026-05-18,excluded_review,SRC011,unique_or_condition_distinct_keep
CA0123,v3.4,verified,literature,Thirty years of contact angles reveal universal design rules for wetting control,Berry et al.,2026,10.1038/s41598-026-40965-x,https://doi.org/10.1038/s41598-026-40965-x,Table 1 curated static contact angle value; row-specific source reference number retained in notes,PMMA,polymer,,untreated,"Sessile drop, surface energy probe liquid.",,smooth,,,,42,21,21,,,,project/default or same source when available,assumed_or_estimated,glycerol,polar,63.4,37,26.4,37,3.92,57.4,1412,2.68,42.5,standard literature values at approximately 20-25 C unless source reports otherwise,298.15,,1,58,static,sessile_drop,,,2,,,unknown,"Sessile drop, surface energy probe liquid.",B_medium,no,balanced_holdout,,possible_duplicate,2026-05-18,balanced_holdout,SRC011,unique_or_condition_distinct_keep
CA0124,v3.4,verified,literature,Thirty years of contact angles reveal universal design rules for wetting control,Berry et al.,2026,10.1038/s41598-026-40965-x,https://doi.org/10.1038/s41598-026-40965-x,Table 1 curated static contact angle value; row-specific source reference number retained in notes,Graphite,carbon_material,,untreated,Fresh exfoliation; experimental reference matched by modeling.,,smooth,,,,54.8,54.8,0,,,,project/default or same source when available,assumed_or_estimated,water,polar,72.8,21.8,51,21.8,25.5,25.5,0.89,1.85,78.4,standard literature values at approximately 20-25 C unless source reports otherwise,298.15,,1,60,static,unknown,,,13,,,unknown,Fresh exfoliation; experimental reference matched by modeling.,B_medium,no,unassigned,,possible_duplicate,2026-05-18,excluded_review,SRC011,unique_or_condition_distinct_keep
CA0125,v3.4,verified,literature,Thirty years of contact angles reveal universal design rules for wetting control,Berry et al.,2026,10.1038/s41598-026-40965-x,https://doi.org/10.1038/s41598-026-40965-x,Table 1 curated static contact angle value; row-specific source reference number retained in notes,Stainless steel,metal,,untreated,Sessile drop; stable across 25-80 C.,,smooth,,,,68,40,28,,,,project/default or same source when available,assumed_or_estimated,ethylene glycol,polar,48,29,19,29,1.92,47,16.1,2.28,37,standard literature values at approximately 20-25 C unless source reports otherwise,298.15,,1,60,static,sessile_drop,,,2,,,unknown,Sessile drop; stable across 25-80 C.,B_medium,no,balanced_holdout,,possible_duplicate,2026-05-18,balanced_holdout,SRC011,unique_or_condition_distinct_keep
CA0126,v3.4,verified,literature,Thirty years of contact angles reveal universal design rules for wetting control,Berry et al.,2026,10.1038/s41598-026-40965-x,https://doi.org/10.1038/s41598-026-40965-x,Table 1 curated static contact angle value; row-specific source reference number retained in notes,PMMA,polymer,,untreated,Equilibrium/Young angle.,,smooth,,,,42,21,21,,,,project/default or same source when available,assumed_or_estimated,glycerol,polar,63.4,37,26.4,37,3.92,57.4,1412,2.68,42.5,standard literature values at approximately 20-25 C unless source reports otherwise,298.15,,1,66.8,static,unknown,,,,,,unknown,Equilibrium/Young angle.,B_medium,no,balanced_holdout,,possible_duplicate,2026-05-18,balanced_holdout,SRC011,unique_or_condition_distinct_keep
CA0127,v3.4,verified,literature,Thirty years of contact angles reveal universal design rules for wetting control,Berry et al.,2026,10.1038/s41598-026-40965-x,https://doi.org/10.1038/s41598-026-40965-x,Table 1 curated static contact angle value; row-specific source reference number retained in notes,PMMA,polymer,,UV_ozone,"100% acetic acid treatment + UV irradiation (234 nm, 30 s).",,smooth,,,,42,21,21,,,,project/default or same source when available,assumed_or_estimated,water,polar,72.8,21.8,51,21.8,25.5,25.5,0.89,1.85,78.4,standard literature values at approximately 20-25 C unless source reports otherwise,298.15,,1,67.3,static,unknown,,,1.1,,,unknown,"100% acetic acid treatment + UV irradiation (234 nm, 30 s).",B_medium,no,unassigned,,possible_duplicate,2026-05-18,excluded_review,SRC011,unique_or_condition_distinct_keep
CA0128,v3.4,verified,literature,Thirty years of contact angles reveal universal design rules for wetting control,Berry et al.,2026,10.1038/s41598-026-40965-x,https://doi.org/10.1038/s41598-026-40965-x,Table 1 curated static contact angle value; row-specific source reference number retained in notes,PET,polymer,,untreated,Initial contact angle before Ar+ irradiation.,,smooth,,,,44,32,12,,,,project/default or same source when available,assumed_or_estimated,water,polar,72.8,21.8,51,21.8,25.5,25.5,0.89,1.85,78.4,standard literature values at approximately 20-25 C unless source reports otherwise,298.15,,1,70,static,unknown,,,,,,unknown,Initial contact angle before Ar+ irradiation.,B_medium,no,unassigned,,possible_duplicate,2026-05-18,excluded_review,SRC011,unique_or_condition_distinct_keep
CA0129,v3.4,verified,literature,Thirty years of contact angles reveal universal design rules for wetting control,Berry et al.,2026,10.1038/s41598-026-40965-x,https://doi.org/10.1038/s41598-026-40965-x,Table 1 curated static contact angle value; row-specific source reference number retained in notes,PMMA,polymer,,untreated,"Sessile drop 2 uL, 22 C, surface energy probe.",,smooth,,,,42,21,21,,,,project/default or same source when available,assumed_or_estimated,water,polar,72.8,21.8,51,21.8,25.5,25.5,0.89,1.85,78.4,standard literature values at approximately 20-25 C unless source reports otherwise,298.15,,1,72,static,sessile_drop,2,,,,,unknown,"Sessile drop 2 uL, 22 C, surface energy probe.",B_medium,no,unassigned,,possible_duplicate,2026-05-18,excluded_review,SRC011,unique_or_condition_distinct_keep
CA0130,v3.4,verified,literature,Thirty years of contact angles reveal universal design rules for wetting control,Berry et al.,2026,10.1038/s41598-026-40965-x,https://doi.org/10.1038/s41598-026-40965-x,Table 1 curated static contact angle value; row-specific source reference number retained in notes,PMMA,polymer,,untreated,Equilibrium/Young angle.,,smooth,,,,42,21,21,,,,project/default or same source when available,assumed_or_estimated,water,polar,72.8,21.8,51,21.8,25.5,25.5,0.89,1.85,78.4,standard literature values at approximately 20-25 C unless source reports otherwise,298.15,,1,72.8,static,unknown,,,,,,unknown,Equilibrium/Young angle.,B_medium,no,unassigned,,possible_duplicate,2026-05-18,excluded_review,SRC011,unique_or_condition_distinct_keep
CA0131,v3.4,verified,literature,Thirty years of contact angles reveal universal design rules for wetting control,Berry et al.,2026,10.1038/s41598-026-40965-x,https://doi.org/10.1038/s41598-026-40965-x,Table 1 curated static contact angle value; row-specific source reference number retained in notes,Ti,metal,,untreated,Baseline contact angle for anodized TiO2 nanotube comparison.,,smooth,,,,68,35,33,,,,project/default or same source when available,assumed_or_estimated,water,polar,72.8,21.8,51,21.8,25.5,25.5,0.89,1.85,78.4,standard literature values at approximately 20-25 C unless source reports otherwise,298.15,,1,75.9,static,unknown,,,,,,unknown,Baseline contact angle for anodized TiO2 nanotube comparison.,B_medium,no,unassigned,,possible_duplicate,2026-05-18,excluded_review,SRC011,unique_or_condition_distinct_keep
CA0132,v3.4,verified,literature,Thirty years of contact angles reveal universal design rules for wetting control,Berry et al.,2026,10.1038/s41598-026-40965-x,https://doi.org/10.1038/s41598-026-40965-x,Table 1 curated static contact angle value; row-specific source reference number retained in notes,PC,polymer,,untreated,Untreated PC substrate; sessile drop method.,,smooth,,,,45,22.5,22.5,,,,project/default or same source when available,assumed_or_estimated,water,polar,72.8,21.8,51,21.8,25.5,25.5,0.89,1.85,78.4,standard literature values at approximately 20-25 C unless source reports otherwise,298.15,,1,82,static,sessile_drop,,,,,,unknown,Untreated PC substrate; sessile drop method.,B_medium,no,unassigned,,possible_duplicate,2026-05-18,excluded_review,SRC011,unique_or_condition_distinct_keep
CA0133,v3.4,verified,literature,Thirty years of contact angles reveal universal design rules for wetting control,Berry et al.,2026,10.1038/s41598-026-40965-x,https://doi.org/10.1038/s41598-026-40965-x,Table 1 curated static contact angle value; row-specific source reference number retained in notes,ODS/FAS silane SAM on Si,coating,,coating,Organosilane SAMs formed at vapor/solid interface.,Organosilane SAMs formed at vapor/solid interface.,smooth,,,,20,19,1,,,,project/default or same source when available,assumed_or_estimated,water,polar,72.8,21.8,51,21.8,25.5,25.5,0.89,1.85,78.4,standard literature values at approximately 20-25 C unless source reports otherwise,298.15,,1,100,static,unknown,,,,,,unknown,Organosilane SAMs formed at vapor/solid interface.,B_medium,no,unassigned,,possible_duplicate,2026-05-18,excluded_review,SRC011,unique_or_condition_distinct_keep
CA0134,v3.4,verified,literature,Thirty years of contact angles reveal universal design rules for wetting control,Berry et al.,2026,10.1038/s41598-026-40965-x,https://doi.org/10.1038/s41598-026-40965-x,Table 1 curated static contact angle value; row-specific source reference number retained in notes,PET,polymer,,coating,"FDTS SAM, optimal concentration 26.5 mM dm^-2.","FDTS SAM, optimal concentration 26.5 mM dm^-2.",smooth,,,,44,32,12,,,,project/default or same source when available,assumed_or_estimated,water,polar,72.8,21.8,51,21.8,25.5,25.5,0.89,1.85,78.4,standard literature values at approximately 20-25 C unless source reports otherwise,298.15,,1,101,static,unknown,,,,,,unknown,"FDTS SAM, optimal concentration 26.5 mM dm^-2.",B_medium,no,unassigned,,possible_duplicate,2026-05-18,excluded_review,SRC011,unique_or_condition_distinct_keep
CA0135,v3.4,verified,literature,Thirty years of contact angles reveal universal design rules for wetting control,Berry et al.,2026,10.1038/s41598-026-40965-x,https://doi.org/10.1038/s41598-026-40965-x,Table 1 curated static contact angle value; row-specific source reference number retained in notes,PP,polymer,,untreated,"Room temperature, sessile drop 3 uL.",,smooth,,,,30,29.5,0.5,,,,project/default or same source when available,assumed_or_estimated,water,polar,72.8,21.8,51,21.8,25.5,25.5,0.89,1.85,78.4,standard literature values at approximately 20-25 C unless source reports otherwise,298.15,,1,104,static,sessile_drop,3,,,,,unknown,"Room temperature, sessile drop 3 uL.",B_medium,no,unassigned,,possible_duplicate,2026-05-18,excluded_review,SRC011,unique_or_condition_distinct_keep
CA0136,v3.4,verified,literature,Thirty years of contact angles reveal universal design rules for wetting control,Berry et al.,2026,10.1038/s41598-026-40965-x,https://doi.org/10.1038/s41598-026-40965-x,Table 1 curated static contact angle value; row-specific source reference number retained in notes,PDMS,polymer,,untreated,"Drop approximately 2 uL, 22 C.",,smooth,,,,22,22,0,,,,project/default or same source when available,assumed_or_estimated,water,polar,72.8,21.8,51,21.8,25.5,25.5,0.89,1.85,78.4,standard literature values at approximately 20-25 C unless source reports otherwise,298.15,,1,108,static,unknown,2,,2,,,unknown,"Drop approximately 2 uL, 22 C.",B_medium,no,unassigned,,possible_duplicate,2026-05-18,excluded_review,SRC011,unique_or_condition_distinct_keep
CA0137,v3.4,verified,literature,Thirty years of contact angles reveal universal design rules for wetting control,Berry et al.,2026,10.1038/s41598-026-40965-x,https://doi.org/10.1038/s41598-026-40965-x,Table 1 curated static contact angle value; row-specific source reference number retained in notes,PTFE,polymer,,untreated,Conventional PTFE surface.,,smooth,,,,18.5,18.5,0,,,,project/default or same source when available,assumed_or_estimated,water,polar,72.8,21.8,51,21.8,25.5,25.5,0.89,1.85,78.4,standard literature values at approximately 20-25 C unless source reports otherwise,298.15,,1,113.8,static,unknown,,,1.4,,,unknown,Conventional PTFE surface.,B_medium,no,unassigned,,possible_duplicate,2026-05-18,excluded_review,SRC011,unique_or_condition_distinct_keep
CA0138,v3.4,verified,literature,Thirty years of contact angles reveal universal design rules for wetting control,Berry et al.,2026,10.1038/s41598-026-40965-x,https://doi.org/10.1038/s41598-026-40965-x,Table 1 curated static contact angle value; row-specific source reference number retained in notes,PC,polymer,,laser,Surface textured via CO2 laser ablation.,,rough,,,,45,22.5,22.5,,,,project/default or same source when available,assumed_or_estimated,water,polar,72.8,21.8,51,21.8,25.5,25.5,0.89,1.85,78.4,standard literature values at approximately 20-25 C unless source reports otherwise,298.15,,1,120,static,unknown,,,,,,unknown,Surface textured via CO2 laser ablation.,B_medium,no,unassigned,,possible_duplicate,2026-05-18,excluded_review,SRC011,unique_or_condition_distinct_keep
CA0139,v3.4,verified,literature,Thirty years of contact angles reveal universal design rules for wetting control,Berry et al.,2026,10.1038/s41598-026-40965-x,https://doi.org/10.1038/s41598-026-40965-x,Table 1 curated static contact angle value; row-specific source reference number retained in notes,POTS-functionalized silica/PMMA coating,coating,,coating,Superhydrophobic self-cleaning plastic surface via sol-gel process.,,rough,,,,12,11.5,0.5,,,,project/default or same source when available,assumed_or_estimated,water,polar,72.8,21.8,51,21.8,25.5,25.5,0.89,1.85,78.4,standard literature values at approximately 20-25 C unless source reports otherwise,298.15,,1,150,static,unknown,,,0.44,,,unknown,Superhydrophobic self-cleaning plastic surface via sol-gel process.,B_medium,no,unassigned,NDUP002,possible_duplicate,2026-05-18,excluded_review,SRC011,retain_condition_distinct_near_duplicate_same_split_marked
CA0140,v3.4,verified,literature,Thirty years of contact angles reveal universal design rules for wetting control,Berry et al.,2026,10.1038/s41598-026-40965-x,https://doi.org/10.1038/s41598-026-40965-x,Table 1 curated static contact angle value; row-specific source reference number retained in notes,POTS-functionalized silica/PMMA coating,coating,,coating,Sol-gel processed surface modified with POTS.,Sol-gel processed surface modified with POTS.,rough,,,,12,11.5,0.5,,,,project/default or same source when available,assumed_or_estimated,water,polar,72.8,21.8,51,21.8,25.5,25.5,0.89,1.85,78.4,standard literature values at approximately 20-25 C unless source reports otherwise,298.15,,1,150,static,unknown,,,0.44,,,unknown,Sol-gel processed surface modified with POTS.,B_medium,no,unassigned,NDUP002,possible_duplicate,2026-05-18,excluded_review,SRC011,retain_condition_distinct_near_duplicate_same_split_marked
CA0141,v3.4,verified,literature,Thirty years of contact angles reveal universal design rules for wetting control,Berry et al.,2026,10.1038/s41598-026-40965-x,https://doi.org/10.1038/s41598-026-40965-x,Table 1 curated static contact angle value; row-specific source reference number retained in notes,PTFE,polymer,,plasma,"Treated with O2/Ar plasma, plasma etching method.",,smooth,,,,18.5,18.5,0,,,,project/default or same source when available,assumed_or_estimated,water,polar,72.8,21.8,51,21.8,25.5,25.5,0.89,1.85,78.4,standard literature values at approximately 20-25 C unless source reports otherwise,298.15,,1,152.3,static,unknown,,,1.7,,,unknown,"Treated with O2/Ar plasma, plasma etching method.",B_medium,no,unassigned,,possible_duplicate,2026-05-18,excluded_review,SRC011,unique_or_condition_distinct_keep
CA0142,v3.4,verified,literature,Thirty years of contact angles reveal universal design rules for wetting control,Berry et al.,2026,10.1038/s41598-026-40965-x,https://doi.org/10.1038/s41598-026-40965-x,Table 1 curated static contact angle value; row-specific source reference number retained in notes,PTFE,polymer,,plasma,"Treated with O2/Ar plasma, RIE method.",,smooth,,,,18.5,18.5,0,,,,project/default or same source when available,assumed_or_estimated,water,polar,72.8,21.8,51,21.8,25.5,25.5,0.89,1.85,78.4,standard literature values at approximately 20-25 C unless source reports otherwise,298.15,,1,172.5,static,unknown,,,1.2,,,unknown,"Treated with O2/Ar plasma, RIE method.",B_medium,no,unassigned,,possible_duplicate,2026-05-18,excluded_review,SRC011,unique_or_condition_distinct_keep
CA0143,v3.4,verified,literature,Plant-Origin Stabilizer as an Alternative of Natural Additive to Polymers Used in Packaging Materials,A. Plota; A. Masek,2021,10.3390/ijms22084012,https://doi.org/10.3390/ijms22084012,"Table 1 direct values; three probe liquids measured after weather-aging intervals, each value averaged from 10 contact angles",Topas,polymer,,untreated,Topas reference sample before weather aging,,smooth,,,,37.13,31.63,5.5,,,,calculated from water/diiodomethane/ethylene glycol contact angles in Table 1 using OWRK least-squares fit,inferred_from_contact_angles,water,polar,72.8,21.8,51,21.8,25.5,25.5,0.89,1.85,78.4,standard literature values at approximately 20-25 C unless source reports otherwise,298.15,,1,76.3,static,sessile_drop,,10,2.7,,,unknown,polymer packaging film weather-aging series,A_high,yes,internal_pool,,none,2026-05-18,internal_train,SRC019,unique_or_condition_distinct_keep
CA0144,v3.4,verified,literature,Plant-Origin Stabilizer as an Alternative of Natural Additive to Polymers Used in Packaging Materials,A. Plota; A. Masek,2021,10.3390/ijms22084012,https://doi.org/10.3390/ijms22084012,"Table 1 direct values; three probe liquids measured after weather-aging intervals, each value averaged from 10 contact angles",Topas,polymer,,untreated,Topas reference sample before weather aging,,smooth,,,,37.13,31.63,5.5,,,,calculated from water/diiodomethane/ethylene glycol contact angles in Table 1 using OWRK least-squares fit,inferred_from_contact_angles,diiodomethane,nonpolar,50.8,48.5,2.3,48.5,0,0,2.8,1,5.3,standard literature values at approximately 20-25 C unless source reports otherwise,298.15,,1,41.7,static,sessile_drop,,10,1.2,,,unknown,polymer packaging film weather-aging series,A_high,yes,internal_pool,,none,2026-05-18,internal_train,SRC019,unique_or_condition_distinct_keep
CA0145,v3.4,verified,literature,Plant-Origin Stabilizer as an Alternative of Natural Additive to Polymers Used in Packaging Materials,A. Plota; A. Masek,2021,10.3390/ijms22084012,https://doi.org/10.3390/ijms22084012,"Table 1 direct values; three probe liquids measured after weather-aging intervals, each value averaged from 10 contact angles",Topas,polymer,,untreated,Topas reference sample before weather aging,,smooth,,,,37.13,31.63,5.5,,,,calculated from water/diiodomethane/ethylene glycol contact angles in Table 1 using OWRK least-squares fit,inferred_from_contact_angles,ethylene glycol,polar,48,29,19,29,1.92,47,16.1,2.28,37,standard literature values at approximately 20-25 C unless source reports otherwise,298.15,,1,58.2,static,sessile_drop,,10,0.9,,,unknown,polymer packaging film weather-aging series,A_high,no,internal_pool,,none,2026-05-18,internal_val,SRC019,unique_or_condition_distinct_keep
CA0146,v3.4,verified,literature,Plant-Origin Stabilizer as an Alternative of Natural Additive to Polymers Used in Packaging Materials,A. Plota; A. Masek,2021,10.3390/ijms22084012,https://doi.org/10.3390/ijms22084012,"Table 1 direct values; three probe liquids measured after weather-aging intervals, each value averaged from 10 contact angles",Topas,polymer,,other,Topas after 100 h weather aging,,smooth,,,,39.65,36.91,2.74,,,,calculated from water/diiodomethane/ethylene glycol contact angles in Table 1 using OWRK least-squares fit,inferred_from_contact_angles,water,polar,72.8,21.8,51,21.8,25.5,25.5,0.89,1.85,78.4,standard literature values at approximately 20-25 C unless source reports otherwise,298.15,,1,82.7,static,sessile_drop,,10,0.4,,,unknown,polymer packaging film weather-aging series,A_high,yes,internal_pool,,none,2026-05-18,internal_train,SRC019,unique_or_condition_distinct_keep
CA0147,v3.4,verified,literature,Plant-Origin Stabilizer as an Alternative of Natural Additive to Polymers Used in Packaging Materials,A. Plota; A. Masek,2021,10.3390/ijms22084012,https://doi.org/10.3390/ijms22084012,"Table 1 direct values; three probe liquids measured after weather-aging intervals, each value averaged from 10 contact angles",Topas,polymer,,other,Topas after 100 h weather aging,,smooth,,,,39.65,36.91,2.74,,,,calculated from water/diiodomethane/ethylene glycol contact angles in Table 1 using OWRK least-squares fit,inferred_from_contact_angles,diiodomethane,nonpolar,50.8,48.5,2.3,48.5,0,0,2.8,1,5.3,standard literature values at approximately 20-25 C unless source reports otherwise,298.15,,1,37.7,static,sessile_drop,,10,2.4,,,unknown,polymer packaging film weather-aging series,A_high,yes,internal_pool,NDUP003,near_duplicate,2026-05-18,internal_train,SRC019,retain_condition_distinct_near_duplicate_same_split_marked
CA0148,v3.4,verified,literature,Plant-Origin Stabilizer as an Alternative of Natural Additive to Polymers Used in Packaging Materials,A. Plota; A. Masek,2021,10.3390/ijms22084012,https://doi.org/10.3390/ijms22084012,"Table 1 direct values; three probe liquids measured after weather-aging intervals, each value averaged from 10 contact angles",Topas,polymer,,other,Topas after 100 h weather aging,,smooth,,,,39.65,36.91,2.74,,,,calculated from water/diiodomethane/ethylene glycol contact angles in Table 1 using OWRK least-squares fit,inferred_from_contact_angles,ethylene glycol,polar,48,29,19,29,1.92,47,16.1,2.28,37,standard literature values at approximately 20-25 C unless source reports otherwise,298.15,,1,53.3,static,sessile_drop,,10,1.6,,,unknown,polymer packaging film weather-aging series,A_high,yes,internal_pool,,none,2026-05-18,internal_train,SRC019,unique_or_condition_distinct_keep
CA0149,v3.4,verified,literature,Plant-Origin Stabilizer as an Alternative of Natural Additive to Polymers Used in Packaging Materials,A. Plota; A. Masek,2021,10.3390/ijms22084012,https://doi.org/10.3390/ijms22084012,"Table 1 direct values; three probe liquids measured after weather-aging intervals, each value averaged from 10 contact angles",Topas,polymer,,other,Topas after 200 h weather aging,,smooth,,,,42.82,36.72,6.1,,,,calculated from water/diiodomethane/ethylene glycol contact angles in Table 1 using OWRK least-squares fit,inferred_from_contact_angles,water,polar,72.8,21.8,51,21.8,25.5,25.5,0.89,1.85,78.4,standard literature values at approximately 20-25 C unless source reports otherwise,298.15,,1,72.3,static,sessile_drop,,10,0.6,,,unknown,polymer packaging film weather-aging series,A_high,yes,internal_pool,,none,2026-05-18,internal_train,SRC019,unique_or_condition_distinct_keep
CA0150,v3.4,verified,literature,Plant-Origin Stabilizer as an Alternative of Natural Additive to Polymers Used in Packaging Materials,A. Plota; A. Masek,2021,10.3390/ijms22084012,https://doi.org/10.3390/ijms22084012,"Table 1 direct values; three probe liquids measured after weather-aging intervals, each value averaged from 10 contact angles",Topas,polymer,,other,Topas after 200 h weather aging,,smooth,,,,42.82,36.72,6.1,,,,calculated from water/diiodomethane/ethylene glycol contact angles in Table 1 using OWRK least-squares fit,inferred_from_contact_angles,diiodomethane,nonpolar,50.8,48.5,2.3,48.5,0,0,2.8,1,5.3,standard literature values at approximately 20-25 C unless source reports otherwise,298.15,,1,30.9,static,sessile_drop,,10,1.6,,,unknown,polymer packaging film weather-aging series,A_high,yes,internal_pool,,none,2026-05-18,internal_train,SRC019,unique_or_condition_distinct_keep
CA0151,v3.4,verified,literature,Plant-Origin Stabilizer as an Alternative of Natural Additive to Polymers Used in Packaging Materials,A. Plota; A. Masek,2021,10.3390/ijms22084012,https://doi.org/10.3390/ijms22084012,"Table 1 direct values; three probe liquids measured after weather-aging intervals, each value averaged from 10 contact angles",Topas,polymer,,other,Topas after 200 h weather aging,,smooth,,,,42.82,36.72,6.1,,,,calculated from water/diiodomethane/ethylene glycol contact angles in Table 1 using OWRK least-squares fit,inferred_from_contact_angles,ethylene glycol,polar,48,29,19,29,1.92,47,16.1,2.28,37,standard literature values at approximately 20-25 C unless source reports otherwise,298.15,,1,46.7,static,sessile_drop,,10,1.5,,,unknown,polymer packaging film weather-aging series,A_high,yes,internal_pool,,none,2026-05-18,internal_train,SRC019,unique_or_condition_distinct_keep
CA0152,v3.4,verified,literature,Plant-Origin Stabilizer as an Alternative of Natural Additive to Polymers Used in Packaging Materials,A. Plota; A. Masek,2021,10.3390/ijms22084012,https://doi.org/10.3390/ijms22084012,"Table 1 direct values; three probe liquids measured after weather-aging intervals, each value averaged from 10 contact angles",Topas,polymer,,other,Topas after 300 h weather aging,,smooth,,,,40.95,36.27,4.68,,,,calculated from water/diiodomethane/ethylene glycol contact angles in Table 1 using OWRK least-squares fit,inferred_from_contact_angles,water,polar,72.8,21.8,51,21.8,25.5,25.5,0.89,1.85,78.4,standard literature values at approximately 20-25 C unless source reports otherwise,298.15,,1,78.1,static,sessile_drop,,10,2.1,,,unknown,polymer packaging film weather-aging series,A_high,yes,internal_pool,,none,2026-05-18,internal_train,SRC019,unique_or_condition_distinct_keep
CA0153,v3.4,verified,literature,Plant-Origin Stabilizer as an Alternative of Natural Additive to Polymers Used in Packaging Materials,A. Plota; A. Masek,2021,10.3390/ijms22084012,https://doi.org/10.3390/ijms22084012,"Table 1 direct values; three probe liquids measured after weather-aging intervals, each value averaged from 10 contact angles",Topas,polymer,,other,Topas after 300 h weather aging,,smooth,,,,40.95,36.27,4.68,,,,calculated from water/diiodomethane/ethylene glycol contact angles in Table 1 using OWRK least-squares fit,inferred_from_contact_angles,diiodomethane,nonpolar,50.8,48.5,2.3,48.5,0,0,2.8,1,5.3,standard literature values at approximately 20-25 C unless source reports otherwise,298.15,,1,37.7,static,sessile_drop,,10,1,,,unknown,polymer packaging film weather-aging series,A_high,yes,internal_pool,NDUP003,near_duplicate,2026-05-18,internal_train,SRC019,retain_condition_distinct_near_duplicate_same_split_marked
CA0154,v3.4,verified,literature,Plant-Origin Stabilizer as an Alternative of Natural Additive to Polymers Used in Packaging Materials,A. Plota; A. Masek,2021,10.3390/ijms22084012,https://doi.org/10.3390/ijms22084012,"Table 1 direct values; three probe liquids measured after weather-aging intervals, each value averaged from 10 contact angles",Topas,polymer,,other,Topas after 300 h weather aging,,smooth,,,,40.95,36.27,4.68,,,,calculated from water/diiodomethane/ethylene glycol contact angles in Table 1 using OWRK least-squares fit,inferred_from_contact_angles,ethylene glycol,polar,48,29,19,29,1.92,47,16.1,2.28,37,standard literature values at approximately 20-25 C unless source reports otherwise,298.15,,1,44.2,static,sessile_drop,,10,1.7,,,unknown,polymer packaging film weather-aging series,A_high,yes,internal_pool,,none,2026-05-18,internal_train,SRC019,unique_or_condition_distinct_keep
CA0155,v3.4,verified,literature,Plant-Origin Stabilizer as an Alternative of Natural Additive to Polymers Used in Packaging Materials,A. Plota; A. Masek,2021,10.3390/ijms22084012,https://doi.org/10.3390/ijms22084012,"Table 1 direct values; three probe liquids measured after weather-aging intervals, each value averaged from 10 contact angles",Topas,polymer,,other,Topas after 400 h weather aging,,smooth,,,,42.51,41,1.52,,,,calculated from water/diiodomethane/ethylene glycol contact angles in Table 1 using OWRK least-squares fit,inferred_from_contact_angles,water,polar,72.8,21.8,51,21.8,25.5,25.5,0.89,1.85,78.4,standard literature values at approximately 20-25 C unless source reports otherwise,298.15,,1,86.2,static,sessile_drop,,10,0.7,,,unknown,polymer packaging film weather-aging series,A_high,no,internal_pool,,none,2026-05-18,internal_val,SRC019,unique_or_condition_distinct_keep
CA0156,v3.4,verified,literature,Plant-Origin Stabilizer as an Alternative of Natural Additive to Polymers Used in Packaging Materials,A. Plota; A. Masek,2021,10.3390/ijms22084012,https://doi.org/10.3390/ijms22084012,"Table 1 direct values; three probe liquids measured after weather-aging intervals, each value averaged from 10 contact angles",Topas,polymer,,other,Topas after 400 h weather aging,,smooth,,,,42.51,41,1.52,,,,calculated from water/diiodomethane/ethylene glycol contact angles in Table 1 using OWRK least-squares fit,inferred_from_contact_angles,diiodomethane,nonpolar,50.8,48.5,2.3,48.5,0,0,2.8,1,5.3,standard literature values at approximately 20-25 C unless source reports otherwise,298.15,,1,33.6,static,sessile_drop,,10,1.4,,,unknown,polymer packaging film weather-aging series,A_high,yes,internal_pool,,none,2026-05-18,internal_train,SRC019,unique_or_condition_distinct_keep
CA0157,v3.4,verified,literature,Plant-Origin Stabilizer as an Alternative of Natural Additive to Polymers Used in Packaging Materials,A. Plota; A. Masek,2021,10.3390/ijms22084012,https://doi.org/10.3390/ijms22084012,"Table 1 direct values; three probe liquids measured after weather-aging intervals, each value averaged from 10 contact angles",Topas,polymer,,other,Topas after 400 h weather aging,,smooth,,,,42.51,41,1.52,,,,calculated from water/diiodomethane/ethylene glycol contact angles in Table 1 using OWRK least-squares fit,inferred_from_contact_angles,ethylene glycol,polar,48,29,19,29,1.92,47,16.1,2.28,37,standard literature values at approximately 20-25 C unless source reports otherwise,298.15,,1,49.4,static,sessile_drop,,10,1.2,,,unknown,polymer packaging film weather-aging series,A_high,yes,internal_pool,,none,2026-05-18,internal_train,SRC019,unique_or_condition_distinct_keep
CA0158,v3.4,verified,literature,Plant-Origin Stabilizer as an Alternative of Natural Additive to Polymers Used in Packaging Materials,A. Plota; A. Masek,2021,10.3390/ijms22084012,https://doi.org/10.3390/ijms22084012,"Table 1 direct values; three probe liquids measured after weather-aging intervals, each value averaged from 10 contact angles",Topas/CBD,polymer,,other,Topas/CBD reference sample before weather aging; CBD plant-origin stabilizer additive,CBD plant-origin stabilizer additive,smooth,,,,38.26,33.32,4.93,,,,calculated from water/diiodomethane/ethylene glycol contact angles in Table 1 using OWRK least-squares fit,inferred_from_contact_angles,water,polar,72.8,21.8,51,21.8,25.5,25.5,0.89,1.85,78.4,standard literature values at approximately 20-25 C unless source reports otherwise,298.15,,1,77.6,static,sessile_drop,,10,3.6,,,unknown,polymer packaging film weather-aging series,A_high,yes,internal_pool,,none,2026-05-18,internal_train,SRC019,unique_or_condition_distinct_keep
CA0159,v3.4,verified,literature,Plant-Origin Stabilizer as an Alternative of Natural Additive to Polymers Used in Packaging Materials,A. Plota; A. Masek,2021,10.3390/ijms22084012,https://doi.org/10.3390/ijms22084012,"Table 1 direct values; three probe liquids measured after weather-aging intervals, each value averaged from 10 contact angles",Topas/CBD,polymer,,other,Topas/CBD reference sample before weather aging; CBD plant-origin stabilizer additive,CBD plant-origin stabilizer additive,smooth,,,,38.26,33.32,4.93,,,,calculated from water/diiodomethane/ethylene glycol contact angles in Table 1 using OWRK least-squares fit,inferred_from_contact_angles,diiodomethane,nonpolar,50.8,48.5,2.3,48.5,0,0,2.8,1,5.3,standard literature values at approximately 20-25 C unless source reports otherwise,298.15,,1,40.5,static,sessile_drop,,10,0.5,,,unknown,polymer packaging film weather-aging series,A_high,yes,internal_pool,,none,2026-05-18,internal_train,SRC019,unique_or_condition_distinct_keep
CA0160,v3.4,verified,literature,Plant-Origin Stabilizer as an Alternative of Natural Additive to Polymers Used in Packaging Materials,A. Plota; A. Masek,2021,10.3390/ijms22084012,https://doi.org/10.3390/ijms22084012,"Table 1 direct values; three probe liquids measured after weather-aging intervals, each value averaged from 10 contact angles",Topas/CBD,polymer,,other,Topas/CBD reference sample before weather aging; CBD plant-origin stabilizer additive,CBD plant-origin stabilizer additive,smooth,,,,38.26,33.32,4.93,,,,calculated from water/diiodomethane/ethylene glycol contact angles in Table 1 using OWRK least-squares fit,inferred_from_contact_angles,ethylene glycol,polar,48,29,19,29,1.92,47,16.1,2.28,37,standard literature values at approximately 20-25 C unless source reports otherwise,298.15,,1,54.1,static,sessile_drop,,10,1.8,,,unknown,polymer packaging film weather-aging series,A_high,yes,internal_pool,,none,2026-05-18,internal_train,SRC019,unique_or_condition_distinct_keep
CA0161,v3.4,verified,literature,Plant-Origin Stabilizer as an Alternative of Natural Additive to Polymers Used in Packaging Materials,A. Plota; A. Masek,2021,10.3390/ijms22084012,https://doi.org/10.3390/ijms22084012,"Table 1 direct values; three probe liquids measured after weather-aging intervals, each value averaged from 10 contact angles",Topas/CBD,polymer,,other,Topas/CBD after 100 h weather aging; CBD plant-origin stabilizer additive,CBD plant-origin stabilizer additive,smooth,,,,34.64,29.52,5.12,,,,calculated from water/diiodomethane/ethylene glycol contact angles in Table 1 using OWRK least-squares fit,inferred_from_contact_angles,water,polar,72.8,21.8,51,21.8,25.5,25.5,0.89,1.85,78.4,standard literature values at approximately 20-25 C unless source reports otherwise,298.15,,1,79.7,static,sessile_drop,,10,2.5,,,unknown,polymer packaging film weather-aging series,A_high,yes,internal_pool,,none,2026-05-18,internal_train,SRC019,unique_or_condition_distinct_keep
CA0162,v3.4,verified,literature,Plant-Origin Stabilizer as an Alternative of Natural Additive to Polymers Used in Packaging Materials,A. Plota; A. Masek,2021,10.3390/ijms22084012,https://doi.org/10.3390/ijms22084012,"Table 1 direct values; three probe liquids measured after weather-aging intervals, each value averaged from 10 contact angles",Topas/CBD,polymer,,other,Topas/CBD after 100 h weather aging; CBD plant-origin stabilizer additive,CBD plant-origin stabilizer additive,smooth,,,,34.64,29.52,5.12,,,,calculated from water/diiodomethane/ethylene glycol contact angles in Table 1 using OWRK least-squares fit,inferred_from_contact_angles,diiodomethane,nonpolar,50.8,48.5,2.3,48.5,0,0,2.8,1,5.3,standard literature values at approximately 20-25 C unless source reports otherwise,298.15,,1,48,static,sessile_drop,,10,3.2,,,unknown,polymer packaging film weather-aging series,A_high,yes,internal_pool,,none,2026-05-18,internal_train,SRC019,unique_or_condition_distinct_keep
CA0163,v3.4,verified,literature,Plant-Origin Stabilizer as an Alternative of Natural Additive to Polymers Used in Packaging Materials,A. Plota; A. Masek,2021,10.3390/ijms22084012,https://doi.org/10.3390/ijms22084012,"Table 1 direct values; three probe liquids measured after weather-aging intervals, each value averaged from 10 contact angles",Topas/CBD,polymer,,other,Topas/CBD after 100 h weather aging; CBD plant-origin stabilizer additive,CBD plant-origin stabilizer additive,smooth,,,,34.64,29.52,5.12,,,,calculated from water/diiodomethane/ethylene glycol contact angles in Table 1 using OWRK least-squares fit,inferred_from_contact_angles,ethylene glycol,polar,48,29,19,29,1.92,47,16.1,2.28,37,standard literature values at approximately 20-25 C unless source reports otherwise,298.15,,1,58.7,static,sessile_drop,,10,0.6,,,unknown,polymer packaging film weather-aging series,A_high,yes,internal_pool,,none,2026-05-18,internal_train,SRC019,unique_or_condition_distinct_keep
CA0164,v3.4,verified,literature,Plant-Origin Stabilizer as an Alternative of Natural Additive to Polymers Used in Packaging Materials,A. Plota; A. Masek,2021,10.3390/ijms22084012,https://doi.org/10.3390/ijms22084012,"Table 1 direct values; three probe liquids measured after weather-aging intervals, each value averaged from 10 contact angles",Topas/CBD,polymer,,other,Topas/CBD after 200 h weather aging; CBD plant-origin stabilizer additive,CBD plant-origin stabilizer additive,smooth,,,,42.97,33.77,9.2,,,,calculated from water/diiodomethane/ethylene glycol contact angles in Table 1 using OWRK least-squares fit,inferred_from_contact_angles,water,polar,72.8,21.8,51,21.8,25.5,25.5,0.89,1.85,78.4,standard literature values at approximately 20-25 C unless source reports otherwise,298.15,,1,66.7,static,sessile_drop,,10,1.7,,,unknown,polymer packaging film weather-aging series,A_high,yes,internal_pool,,none,2026-05-18,internal_train,SRC019,unique_or_condition_distinct_keep
CA0165,v3.4,verified,literature,Plant-Origin Stabilizer as an Alternative of Natural Additive to Polymers Used in Packaging Materials,A. Plota; A. Masek,2021,10.3390/ijms22084012,https://doi.org/10.3390/ijms22084012,"Table 1 direct values; three probe liquids measured after weather-aging intervals, each value averaged from 10 contact angles",Topas/CBD,polymer,,other,Topas/CBD after 200 h weather aging; CBD plant-origin stabilizer additive,CBD plant-origin stabilizer additive,smooth,,,,42.97,33.77,9.2,,,,calculated from water/diiodomethane/ethylene glycol contact angles in Table 1 using OWRK least-squares fit,inferred_from_contact_angles,diiodomethane,nonpolar,50.8,48.5,2.3,48.5,0,0,2.8,1,5.3,standard literature values at approximately 20-25 C unless source reports otherwise,298.15,,1,33,static,sessile_drop,,10,1.2,,,unknown,polymer packaging film weather-aging series,A_high,yes,internal_pool,,none,2026-05-18,internal_train,SRC019,unique_or_condition_distinct_keep
CA0166,v3.4,verified,literature,Plant-Origin Stabilizer as an Alternative of Natural Additive to Polymers Used in Packaging Materials,A. Plota; A. Masek,2021,10.3390/ijms22084012,https://doi.org/10.3390/ijms22084012,"Table 1 direct values; three probe liquids measured after weather-aging intervals, each value averaged from 10 contact angles",Topas/CBD,polymer,,other,Topas/CBD after 200 h weather aging; CBD plant-origin stabilizer additive,CBD plant-origin stabilizer additive,smooth,,,,42.97,33.77,9.2,,,,calculated from water/diiodomethane/ethylene glycol contact angles in Table 1 using OWRK least-squares fit,inferred_from_contact_angles,ethylene glycol,polar,48,29,19,29,1.92,47,16.1,2.28,37,standard literature values at approximately 20-25 C unless source reports otherwise,298.15,,1,46,static,sessile_drop,,10,2.8,,,unknown,polymer packaging film weather-aging series,A_high,no,internal_pool,,none,2026-05-18,internal_val,SRC019,unique_or_condition_distinct_keep
CA0167,v3.4,verified,literature,Plant-Origin Stabilizer as an Alternative of Natural Additive to Polymers Used in Packaging Materials,A. Plota; A. Masek,2021,10.3390/ijms22084012,https://doi.org/10.3390/ijms22084012,"Table 1 direct values; three probe liquids measured after weather-aging intervals, each value averaged from 10 contact angles",Topas/CBD,polymer,,other,Topas/CBD after 300 h weather aging; CBD plant-origin stabilizer additive,CBD plant-origin stabilizer additive,smooth,,,,37.65,35.18,2.47,,,,calculated from water/diiodomethane/ethylene glycol contact angles in Table 1 using OWRK least-squares fit,inferred_from_contact_angles,water,polar,72.8,21.8,51,21.8,25.5,25.5,0.89,1.85,78.4,standard literature values at approximately 20-25 C unless source reports otherwise,298.15,,1,85.3,static,sessile_drop,,10,0.6,,,unknown,polymer packaging film weather-aging series,A_high,no,internal_pool,,none,2026-05-18,internal_val,SRC019,unique_or_condition_distinct_keep
CA0168,v3.4,verified,literature,Plant-Origin Stabilizer as an Alternative of Natural Additive to Polymers Used in Packaging Materials,A. Plota; A. Masek,2021,10.3390/ijms22084012,https://doi.org/10.3390/ijms22084012,"Table 1 direct values; three probe liquids measured after weather-aging intervals, each value averaged from 10 contact angles",Topas/CBD,polymer,,other,Topas/CBD after 300 h weather aging; CBD plant-origin stabilizer additive,CBD plant-origin stabilizer additive,smooth,,,,37.65,35.18,2.47,,,,calculated from water/diiodomethane/ethylene glycol contact angles in Table 1 using OWRK least-squares fit,inferred_from_contact_angles,diiodomethane,nonpolar,50.8,48.5,2.3,48.5,0,0,2.8,1,5.3,standard literature values at approximately 20-25 C unless source reports otherwise,298.15,,1,42.7,static,sessile_drop,,10,1.3,,,unknown,polymer packaging film weather-aging series,A_high,yes,internal_pool,,none,2026-05-18,internal_train,SRC019,unique_or_condition_distinct_keep
CA0169,v3.4,verified,literature,Plant-Origin Stabilizer as an Alternative of Natural Additive to Polymers Used in Packaging Materials,A. Plota; A. Masek,2021,10.3390/ijms22084012,https://doi.org/10.3390/ijms22084012,"Table 1 direct values; three probe liquids measured after weather-aging intervals, each value averaged from 10 contact angles",Topas/CBD,polymer,,other,Topas/CBD after 300 h weather aging; CBD plant-origin stabilizer additive,CBD plant-origin stabilizer additive,smooth,,,,37.65,35.18,2.47,,,,calculated from water/diiodomethane/ethylene glycol contact angles in Table 1 using OWRK least-squares fit,inferred_from_contact_angles,ethylene glycol,polar,48,29,19,29,1.92,47,16.1,2.28,37,standard literature values at approximately 20-25 C unless source reports otherwise,298.15,,1,54.6,static,sessile_drop,,10,1.2,,,unknown,polymer packaging film weather-aging series,A_high,yes,internal_pool,,none,2026-05-18,internal_train,SRC019,unique_or_condition_distinct_keep
CA0170,v3.4,verified,literature,Plant-Origin Stabilizer as an Alternative of Natural Additive to Polymers Used in Packaging Materials,A. Plota; A. Masek,2021,10.3390/ijms22084012,https://doi.org/10.3390/ijms22084012,"Table 1 direct values; three probe liquids measured after weather-aging intervals, each value averaged from 10 contact angles",Topas/CBD,polymer,,other,Topas/CBD after 400 h weather aging; CBD plant-origin stabilizer additive,CBD plant-origin stabilizer additive,smooth,,,,43.25,36.23,7.02,,,,calculated from water/diiodomethane/ethylene glycol contact angles in Table 1 using OWRK least-squares fit,inferred_from_contact_angles,water,polar,72.8,21.8,51,21.8,25.5,25.5,0.89,1.85,78.4,standard literature values at approximately 20-25 C unless source reports otherwise,298.15,,1,70.8,static,sessile_drop,,10,2.2,,,unknown,polymer packaging film weather-aging series,A_high,yes,internal_pool,,none,2026-05-18,internal_train,SRC019,unique_or_condition_distinct_keep
CA0171,v3.4,verified,literature,Plant-Origin Stabilizer as an Alternative of Natural Additive to Polymers Used in Packaging Materials,A. Plota; A. Masek,2021,10.3390/ijms22084012,https://doi.org/10.3390/ijms22084012,"Table 1 direct values; three probe liquids measured after weather-aging intervals, each value averaged from 10 contact angles",Topas/CBD,polymer,,other,Topas/CBD after 400 h weather aging; CBD plant-origin stabilizer additive,CBD plant-origin stabilizer additive,smooth,,,,43.25,36.23,7.02,,,,calculated from water/diiodomethane/ethylene glycol contact angles in Table 1 using OWRK least-squares fit,inferred_from_contact_angles,diiodomethane,nonpolar,50.8,48.5,2.3,48.5,0,0,2.8,1,5.3,standard literature values at approximately 20-25 C unless source reports otherwise,298.15,,1,31.6,static,sessile_drop,,10,0.8,,,unknown,polymer packaging film weather-aging series,A_high,no,internal_pool,,none,2026-05-18,internal_test,SRC019,unique_or_condition_distinct_keep
CA0172,v3.4,verified,literature,Plant-Origin Stabilizer as an Alternative of Natural Additive to Polymers Used in Packaging Materials,A. Plota; A. Masek,2021,10.3390/ijms22084012,https://doi.org/10.3390/ijms22084012,"Table 1 direct values; three probe liquids measured after weather-aging intervals, each value averaged from 10 contact angles",Topas/CBD,polymer,,other,Topas/CBD after 400 h weather aging; CBD plant-origin stabilizer additive,CBD plant-origin stabilizer additive,smooth,,,,43.25,36.23,7.02,,,,calculated from water/diiodomethane/ethylene glycol contact angles in Table 1 using OWRK least-squares fit,inferred_from_contact_angles,ethylene glycol,polar,48,29,19,29,1.92,47,16.1,2.28,37,standard literature values at approximately 20-25 C unless source reports otherwise,298.15,,1,43.6,static,sessile_drop,,10,0.8,,,unknown,polymer packaging film weather-aging series,A_high,no,internal_pool,,none,2026-05-18,internal_test,SRC019,unique_or_condition_distinct_keep
CA0173,v3.4,verified,literature,Plant-Origin Stabilizer as an Alternative of Natural Additive to Polymers Used in Packaging Materials,A. Plota; A. Masek,2021,10.3390/ijms22084012,https://doi.org/10.3390/ijms22084012,"Table 1 direct values; three probe liquids measured after weather-aging intervals, each value averaged from 10 contact angles",PLA,polymer,,untreated,PLA reference sample before weather aging,,smooth,,,,37.17,28.02,9.15,,,,calculated from water/diiodomethane/ethylene glycol contact angles in Table 1 using OWRK least-squares fit,inferred_from_contact_angles,water,polar,72.8,21.8,51,21.8,25.5,25.5,0.89,1.85,78.4,standard literature values at approximately 20-25 C unless source reports otherwise,298.15,,1,70,static,sessile_drop,,10,5.7,,,unknown,polymer packaging film weather-aging series,A_high,yes,internal_pool,,none,2026-05-18,internal_train,SRC019,unique_or_condition_distinct_keep
CA0174,v3.4,verified,literature,Plant-Origin Stabilizer as an Alternative of Natural Additive to Polymers Used in Packaging Materials,A. Plota; A. Masek,2021,10.3390/ijms22084012,https://doi.org/10.3390/ijms22084012,"Table 1 direct values; three probe liquids measured after weather-aging intervals, each value averaged from 10 contact angles",PLA,polymer,,untreated,PLA reference sample before weather aging,,smooth,,,,37.17,28.02,9.15,,,,calculated from water/diiodomethane/ethylene glycol contact angles in Table 1 using OWRK least-squares fit,inferred_from_contact_angles,diiodomethane,nonpolar,50.8,48.5,2.3,48.5,0,0,2.8,1,5.3,standard literature values at approximately 20-25 C unless source reports otherwise,298.15,,1,44.5,static,sessile_drop,,10,2.3,,,unknown,polymer packaging film weather-aging series,A_high,yes,internal_pool,,none,2026-05-18,internal_train,SRC019,unique_or_condition_distinct_keep
CA0175,v3.4,verified,literature,Plant-Origin Stabilizer as an Alternative of Natural Additive to Polymers Used in Packaging Materials,A. Plota; A. Masek,2021,10.3390/ijms22084012,https://doi.org/10.3390/ijms22084012,"Table 1 direct values; three probe liquids measured after weather-aging intervals, each value averaged from 10 contact angles",PLA,polymer,,untreated,PLA reference sample before weather aging,,smooth,,,,37.17,28.02,9.15,,,,calculated from water/diiodomethane/ethylene glycol contact angles in Table 1 using OWRK least-squares fit,inferred_from_contact_angles,ethylene glycol,polar,48,29,19,29,1.92,47,16.1,2.28,37,standard literature values at approximately 20-25 C unless source reports otherwise,298.15,,1,57.7,static,sessile_drop,,10,1.3,,,unknown,polymer packaging film weather-aging series,A_high,no,balanced_holdout,NDUP004,near_duplicate,2026-05-18,balanced_holdout,SRC019,retain_condition_distinct_near_duplicate_cross_split_marked_not_independent
CA0176,v3.4,verified,literature,Plant-Origin Stabilizer as an Alternative of Natural Additive to Polymers Used in Packaging Materials,A. Plota; A. Masek,2021,10.3390/ijms22084012,https://doi.org/10.3390/ijms22084012,"Table 1 direct values; three probe liquids measured after weather-aging intervals, each value averaged from 10 contact angles",PLA,polymer,,other,PLA after 100 h weather aging,,smooth,,,,44.44,36.09,8.34,,,,calculated from water/diiodomethane/ethylene glycol contact angles in Table 1 using OWRK least-squares fit,inferred_from_contact_angles,water,polar,72.8,21.8,51,21.8,25.5,25.5,0.89,1.85,78.4,standard literature values at approximately 20-25 C unless source reports otherwise,298.15,,1,67.9,static,sessile_drop,,10,1.5,,,unknown,polymer packaging film weather-aging series,A_high,yes,internal_pool,,none,2026-05-18,internal_train,SRC019,unique_or_condition_distinct_keep
CA0177,v3.4,verified,literature,Plant-Origin Stabilizer as an Alternative of Natural Additive to Polymers Used in Packaging Materials,A. Plota; A. Masek,2021,10.3390/ijms22084012,https://doi.org/10.3390/ijms22084012,"Table 1 direct values; three probe liquids measured after weather-aging intervals, each value averaged from 10 contact angles",PLA,polymer,,other,PLA after 100 h weather aging,,smooth,,,,44.44,36.09,8.34,,,,calculated from water/diiodomethane/ethylene glycol contact angles in Table 1 using OWRK least-squares fit,inferred_from_contact_angles,diiodomethane,nonpolar,50.8,48.5,2.3,48.5,0,0,2.8,1,5.3,standard literature values at approximately 20-25 C unless source reports otherwise,298.15,,1,30.1,static,sessile_drop,,10,0.9,,,unknown,polymer packaging film weather-aging series,A_high,yes,internal_pool,,none,2026-05-18,internal_train,SRC019,unique_or_condition_distinct_keep
CA0178,v3.4,verified,literature,Plant-Origin Stabilizer as an Alternative of Natural Additive to Polymers Used in Packaging Materials,A. Plota; A. Masek,2021,10.3390/ijms22084012,https://doi.org/10.3390/ijms22084012,"Table 1 direct values; three probe liquids measured after weather-aging intervals, each value averaged from 10 contact angles",PLA,polymer,,other,PLA after 100 h weather aging,,smooth,,,,44.44,36.09,8.34,,,,calculated from water/diiodomethane/ethylene glycol contact angles in Table 1 using OWRK least-squares fit,inferred_from_contact_angles,ethylene glycol,polar,48,29,19,29,1.92,47,16.1,2.28,37,standard literature values at approximately 20-25 C unless source reports otherwise,298.15,,1,40.6,static,sessile_drop,,10,1,,,unknown,polymer packaging film weather-aging series,A_high,yes,internal_pool,,none,2026-05-18,internal_train,SRC019,unique_or_condition_distinct_keep
CA0179,v3.4,verified,literature,Plant-Origin Stabilizer as an Alternative of Natural Additive to Polymers Used in Packaging Materials,A. Plota; A. Masek,2021,10.3390/ijms22084012,https://doi.org/10.3390/ijms22084012,"Table 1 direct values; three probe liquids measured after weather-aging intervals, each value averaged from 10 contact angles",PLA,polymer,,other,PLA after 200 h weather aging,,smooth,,,,36.8,34.23,2.57,,,,calculated from water/diiodomethane/ethylene glycol contact angles in Table 1 using OWRK least-squares fit,inferred_from_contact_angles,water,polar,72.8,21.8,51,21.8,25.5,25.5,0.89,1.85,78.4,standard literature values at approximately 20-25 C unless source reports otherwise,298.15,,1,84.9,static,sessile_drop,,10,3.4,,,unknown,polymer packaging film weather-aging series,A_high,yes,internal_pool,,none,2026-05-18,internal_train,SRC019,unique_or_condition_distinct_keep
CA0180,v3.4,verified,literature,Plant-Origin Stabilizer as an Alternative of Natural Additive to Polymers Used in Packaging Materials,A. Plota; A. Masek,2021,10.3390/ijms22084012,https://doi.org/10.3390/ijms22084012,"Table 1 direct values; three probe liquids measured after weather-aging intervals, each value averaged from 10 contact angles",PLA,polymer,,other,PLA after 200 h weather aging,,smooth,,,,36.8,34.23,2.57,,,,calculated from water/diiodomethane/ethylene glycol contact angles in Table 1 using OWRK least-squares fit,inferred_from_contact_angles,diiodomethane,nonpolar,50.8,48.5,2.3,48.5,0,0,2.8,1,5.3,standard literature values at approximately 20-25 C unless source reports otherwise,298.15,,1,43.3,static,sessile_drop,,10,1.3,,,unknown,polymer packaging film weather-aging series,A_high,yes,internal_pool,,none,2026-05-18,internal_train,SRC019,unique_or_condition_distinct_keep
CA0181,v3.4,verified,literature,Plant-Origin Stabilizer as an Alternative of Natural Additive to Polymers Used in Packaging Materials,A. Plota; A. Masek,2021,10.3390/ijms22084012,https://doi.org/10.3390/ijms22084012,"Table 1 direct values; three probe liquids measured after weather-aging intervals, each value averaged from 10 contact angles",PLA,polymer,,other,PLA after 200 h weather aging,,smooth,,,,36.8,34.23,2.57,,,,calculated from water/diiodomethane/ethylene glycol contact angles in Table 1 using OWRK least-squares fit,inferred_from_contact_angles,ethylene glycol,polar,48,29,19,29,1.92,47,16.1,2.28,37,standard literature values at approximately 20-25 C unless source reports otherwise,298.15,,1,57.7,static,sessile_drop,,10,2.5,,,unknown,polymer packaging film weather-aging series,A_high,yes,internal_pool,NDUP004,near_duplicate,2026-05-18,internal_train,SRC019,retain_condition_distinct_near_duplicate_cross_split_marked_not_independent
CA0182,v3.4,verified,literature,Plant-Origin Stabilizer as an Alternative of Natural Additive to Polymers Used in Packaging Materials,A. Plota; A. Masek,2021,10.3390/ijms22084012,https://doi.org/10.3390/ijms22084012,"Table 1 direct values; three probe liquids measured after weather-aging intervals, each value averaged from 10 contact angles",PLA,polymer,,other,PLA after 300 h weather aging,,smooth,,,,42.26,35.27,6.99,,,,calculated from water/diiodomethane/ethylene glycol contact angles in Table 1 using OWRK least-squares fit,inferred_from_contact_angles,water,polar,72.8,21.8,51,21.8,25.5,25.5,0.89,1.85,78.4,standard literature values at approximately 20-25 C unless source reports otherwise,298.15,,1,71.5,static,sessile_drop,,10,2,,,unknown,polymer packaging film weather-aging series,A_high,yes,internal_pool,,none,2026-05-18,internal_train,SRC019,unique_or_condition_distinct_keep
CA0183,v3.4,verified,literature,Plant-Origin Stabilizer as an Alternative of Natural Additive to Polymers Used in Packaging Materials,A. Plota; A. Masek,2021,10.3390/ijms22084012,https://doi.org/10.3390/ijms22084012,"Table 1 direct values; three probe liquids measured after weather-aging intervals, each value averaged from 10 contact angles",PLA,polymer,,other,PLA after 300 h weather aging,,smooth,,,,42.26,35.27,6.99,,,,calculated from water/diiodomethane/ethylene glycol contact angles in Table 1 using OWRK least-squares fit,inferred_from_contact_angles,diiodomethane,nonpolar,50.8,48.5,2.3,48.5,0,0,2.8,1,5.3,standard literature values at approximately 20-25 C unless source reports otherwise,298.15,,1,34,static,sessile_drop,,10,1.7,,,unknown,polymer packaging film weather-aging series,A_high,yes,internal_pool,,none,2026-05-18,internal_train,SRC019,unique_or_condition_distinct_keep
CA0184,v3.4,verified,literature,Plant-Origin Stabilizer as an Alternative of Natural Additive to Polymers Used in Packaging Materials,A. Plota; A. Masek,2021,10.3390/ijms22084012,https://doi.org/10.3390/ijms22084012,"Table 1 direct values; three probe liquids measured after weather-aging intervals, each value averaged from 10 contact angles",PLA,polymer,,other,PLA after 300 h weather aging,,smooth,,,,42.26,35.27,6.99,,,,calculated from water/diiodomethane/ethylene glycol contact angles in Table 1 using OWRK least-squares fit,inferred_from_contact_angles,ethylene glycol,polar,48,29,19,29,1.92,47,16.1,2.28,37,standard literature values at approximately 20-25 C unless source reports otherwise,298.15,,1,45.1,static,sessile_drop,,10,1.4,,,unknown,polymer packaging film weather-aging series,A_high,yes,internal_pool,,none,2026-05-18,internal_train,SRC019,unique_or_condition_distinct_keep
CA0185,v3.4,verified,literature,Plant-Origin Stabilizer as an Alternative of Natural Additive to Polymers Used in Packaging Materials,A. Plota; A. Masek,2021,10.3390/ijms22084012,https://doi.org/10.3390/ijms22084012,"Table 1 direct values; three probe liquids measured after weather-aging intervals, each value averaged from 10 contact angles",PLA,polymer,,other,PLA after 400 h weather aging,,smooth,,,,42.45,37.97,4.48,,,,calculated from water/diiodomethane/ethylene glycol contact angles in Table 1 using OWRK least-squares fit,inferred_from_contact_angles,water,polar,72.8,21.8,51,21.8,25.5,25.5,0.89,1.85,78.4,standard literature values at approximately 20-25 C unless source reports otherwise,298.15,,1,76.7,static,sessile_drop,,10,3,,,unknown,polymer packaging film weather-aging series,A_high,yes,internal_pool,,none,2026-05-18,internal_train,SRC019,unique_or_condition_distinct_keep
CA0186,v3.4,verified,literature,Plant-Origin Stabilizer as an Alternative of Natural Additive to Polymers Used in Packaging Materials,A. Plota; A. Masek,2021,10.3390/ijms22084012,https://doi.org/10.3390/ijms22084012,"Table 1 direct values; three probe liquids measured after weather-aging intervals, each value averaged from 10 contact angles",PLA,polymer,,other,PLA after 400 h weather aging,,smooth,,,,42.45,37.97,4.48,,,,calculated from water/diiodomethane/ethylene glycol contact angles in Table 1 using OWRK least-squares fit,inferred_from_contact_angles,diiodomethane,nonpolar,50.8,48.5,2.3,48.5,0,0,2.8,1,5.3,standard literature values at approximately 20-25 C unless source reports otherwise,298.15,,1,32.4,static,sessile_drop,,10,1.5,,,unknown,polymer packaging film weather-aging series,A_high,no,internal_pool,,none,2026-05-18,internal_val,SRC019,unique_or_condition_distinct_keep
CA0187,v3.4,verified,literature,Plant-Origin Stabilizer as an Alternative of Natural Additive to Polymers Used in Packaging Materials,A. Plota; A. Masek,2021,10.3390/ijms22084012,https://doi.org/10.3390/ijms22084012,"Table 1 direct values; three probe liquids measured after weather-aging intervals, each value averaged from 10 contact angles",PLA,polymer,,other,PLA after 400 h weather aging,,smooth,,,,42.45,37.97,4.48,,,,calculated from water/diiodomethane/ethylene glycol contact angles in Table 1 using OWRK least-squares fit,inferred_from_contact_angles,ethylene glycol,polar,48,29,19,29,1.92,47,16.1,2.28,37,standard literature values at approximately 20-25 C unless source reports otherwise,298.15,,1,45.9,static,sessile_drop,,10,1.8,,,unknown,polymer packaging film weather-aging series,A_high,no,internal_pool,,none,2026-05-18,internal_val,SRC019,unique_or_condition_distinct_keep
CA0188,v3.4,verified,literature,Plant-Origin Stabilizer as an Alternative of Natural Additive to Polymers Used in Packaging Materials,A. Plota; A. Masek,2021,10.3390/ijms22084012,https://doi.org/10.3390/ijms22084012,"Table 1 direct values; three probe liquids measured after weather-aging intervals, each value averaged from 10 contact angles",PLA/CBD,polymer,,other,PLA/CBD reference sample before weather aging; CBD plant-origin stabilizer additive,CBD plant-origin stabilizer additive,smooth,,,,37.16,31.8,5.36,,,,calculated from water/diiodomethane/ethylene glycol contact angles in Table 1 using OWRK least-squares fit,inferred_from_contact_angles,water,polar,72.8,21.8,51,21.8,25.5,25.5,0.89,1.85,78.4,standard literature values at approximately 20-25 C unless source reports otherwise,298.15,,1,77.6,static,sessile_drop,,10,4.9,,,unknown,polymer packaging film weather-aging series,A_high,no,internal_pool,,none,2026-05-18,internal_test,SRC019,unique_or_condition_distinct_keep
CA0189,v3.4,verified,literature,Plant-Origin Stabilizer as an Alternative of Natural Additive to Polymers Used in Packaging Materials,A. Plota; A. Masek,2021,10.3390/ijms22084012,https://doi.org/10.3390/ijms22084012,"Table 1 direct values; three probe liquids measured after weather-aging intervals, each value averaged from 10 contact angles",PLA/CBD,polymer,,other,PLA/CBD reference sample before weather aging; CBD plant-origin stabilizer additive,CBD plant-origin stabilizer additive,smooth,,,,37.16,31.8,5.36,,,,calculated from water/diiodomethane/ethylene glycol contact angles in Table 1 using OWRK least-squares fit,inferred_from_contact_angles,diiodomethane,nonpolar,50.8,48.5,2.3,48.5,0,0,2.8,1,5.3,standard literature values at approximately 20-25 C unless source reports otherwise,298.15,,1,43.3,static,sessile_drop,,10,2.5,,,unknown,polymer packaging film weather-aging series,A_high,yes,internal_pool,,none,2026-05-18,internal_train,SRC019,unique_or_condition_distinct_keep
CA0190,v3.4,verified,literature,Plant-Origin Stabilizer as an Alternative of Natural Additive to Polymers Used in Packaging Materials,A. Plota; A. Masek,2021,10.3390/ijms22084012,https://doi.org/10.3390/ijms22084012,"Table 1 direct values; three probe liquids measured after weather-aging intervals, each value averaged from 10 contact angles",PLA/CBD,polymer,,other,PLA/CBD reference sample before weather aging; CBD plant-origin stabilizer additive,CBD plant-origin stabilizer additive,smooth,,,,37.16,31.8,5.36,,,,calculated from water/diiodomethane/ethylene glycol contact angles in Table 1 using OWRK least-squares fit,inferred_from_contact_angles,ethylene glycol,polar,48,29,19,29,1.92,47,16.1,2.28,37,standard literature values at approximately 20-25 C unless source reports otherwise,298.15,,1,54.7,static,sessile_drop,,10,2.6,,,unknown,polymer packaging film weather-aging series,A_high,yes,internal_pool,,none,2026-05-18,internal_train,SRC019,unique_or_condition_distinct_keep
CA0191,v3.4,verified,literature,Plant-Origin Stabilizer as an Alternative of Natural Additive to Polymers Used in Packaging Materials,A. Plota; A. Masek,2021,10.3390/ijms22084012,https://doi.org/10.3390/ijms22084012,"Table 1 direct values; three probe liquids measured after weather-aging intervals, each value averaged from 10 contact angles",PLA/CBD,polymer,,other,PLA/CBD after 100 h weather aging; CBD plant-origin stabilizer additive,CBD plant-origin stabilizer additive,smooth,,,,38.41,33.04,5.37,,,,calculated from water/diiodomethane/ethylene glycol contact angles in Table 1 using OWRK least-squares fit,inferred_from_contact_angles,water,polar,72.8,21.8,51,21.8,25.5,25.5,0.89,1.85,78.4,standard literature values at approximately 20-25 C unless source reports otherwise,298.15,,1,76.8,static,sessile_drop,,10,3.2,,,unknown,polymer packaging film weather-aging series,A_high,no,internal_pool,,none,2026-05-18,internal_test,SRC019,unique_or_condition_distinct_keep
CA0192,v3.4,verified,literature,Plant-Origin Stabilizer as an Alternative of Natural Additive to Polymers Used in Packaging Materials,A. Plota; A. Masek,2021,10.3390/ijms22084012,https://doi.org/10.3390/ijms22084012,"Table 1 direct values; three probe liquids measured after weather-aging intervals, each value averaged from 10 contact angles",PLA/CBD,polymer,,other,PLA/CBD after 100 h weather aging; CBD plant-origin stabilizer additive,CBD plant-origin stabilizer additive,smooth,,,,38.41,33.04,5.37,,,,calculated from water/diiodomethane/ethylene glycol contact angles in Table 1 using OWRK least-squares fit,inferred_from_contact_angles,diiodomethane,nonpolar,50.8,48.5,2.3,48.5,0,0,2.8,1,5.3,standard literature values at approximately 20-25 C unless source reports otherwise,298.15,,1,40.8,static,sessile_drop,,10,0.8,,,unknown,polymer packaging film weather-aging series,A_high,yes,internal_pool,,none,2026-05-18,internal_train,SRC019,unique_or_condition_distinct_keep
CA0193,v3.4,verified,literature,Plant-Origin Stabilizer as an Alternative of Natural Additive to Polymers Used in Packaging Materials,A. Plota; A. Masek,2021,10.3390/ijms22084012,https://doi.org/10.3390/ijms22084012,"Table 1 direct values; three probe liquids measured after weather-aging intervals, each value averaged from 10 contact angles",PLA/CBD,polymer,,other,PLA/CBD after 100 h weather aging; CBD plant-origin stabilizer additive,CBD plant-origin stabilizer additive,smooth,,,,38.41,33.04,5.37,,,,calculated from water/diiodomethane/ethylene glycol contact angles in Table 1 using OWRK least-squares fit,inferred_from_contact_angles,ethylene glycol,polar,48,29,19,29,1.92,47,16.1,2.28,37,standard literature values at approximately 20-25 C unless source reports otherwise,298.15,,1,52.8,static,sessile_drop,,10,2.5,,,unknown,polymer packaging film weather-aging series,A_high,no,internal_pool,,none,2026-05-18,internal_test,SRC019,unique_or_condition_distinct_keep
CA0194,v3.4,verified,literature,Plant-Origin Stabilizer as an Alternative of Natural Additive to Polymers Used in Packaging Materials,A. Plota; A. Masek,2021,10.3390/ijms22084012,https://doi.org/10.3390/ijms22084012,"Table 1 direct values; three probe liquids measured after weather-aging intervals, each value averaged from 10 contact angles",PLA/CBD,polymer,,other,PLA/CBD after 200 h weather aging; CBD plant-origin stabilizer additive,CBD plant-origin stabilizer additive,smooth,,,,42.21,34.12,8.1,,,,calculated from water/diiodomethane/ethylene glycol contact angles in Table 1 using OWRK least-squares fit,inferred_from_contact_angles,water,polar,72.8,21.8,51,21.8,25.5,25.5,0.89,1.85,78.4,standard literature values at approximately 20-25 C unless source reports otherwise,298.15,,1,69.2,static,sessile_drop,,10,1.7,,,unknown,polymer packaging film weather-aging series,A_high,yes,internal_pool,,none,2026-05-18,internal_train,SRC019,unique_or_condition_distinct_keep
CA0195,v3.4,verified,literature,Plant-Origin Stabilizer as an Alternative of Natural Additive to Polymers Used in Packaging Materials,A. Plota; A. Masek,2021,10.3390/ijms22084012,https://doi.org/10.3390/ijms22084012,"Table 1 direct values; three probe liquids measured after weather-aging intervals, each value averaged from 10 contact angles",PLA/CBD,polymer,,other,PLA/CBD after 200 h weather aging; CBD plant-origin stabilizer additive,CBD plant-origin stabilizer additive,smooth,,,,42.21,34.12,8.1,,,,calculated from water/diiodomethane/ethylene glycol contact angles in Table 1 using OWRK least-squares fit,inferred_from_contact_angles,diiodomethane,nonpolar,50.8,48.5,2.3,48.5,0,0,2.8,1,5.3,standard literature values at approximately 20-25 C unless source reports otherwise,298.15,,1,34.2,static,sessile_drop,,10,0.8,,,unknown,polymer packaging film weather-aging series,A_high,yes,internal_pool,,none,2026-05-18,internal_train,SRC019,unique_or_condition_distinct_keep
CA0196,v3.4,verified,literature,Plant-Origin Stabilizer as an Alternative of Natural Additive to Polymers Used in Packaging Materials,A. Plota; A. Masek,2021,10.3390/ijms22084012,https://doi.org/10.3390/ijms22084012,"Table 1 direct values; three probe liquids measured after weather-aging intervals, each value averaged from 10 contact angles",PLA/CBD,polymer,,other,PLA/CBD after 200 h weather aging; CBD plant-origin stabilizer additive,CBD plant-origin stabilizer additive,smooth,,,,42.21,34.12,8.1,,,,calculated from water/diiodomethane/ethylene glycol contact angles in Table 1 using OWRK least-squares fit,inferred_from_contact_angles,ethylene glycol,polar,48,29,19,29,1.92,47,16.1,2.28,37,standard literature values at approximately 20-25 C unless source reports otherwise,298.15,,1,46.5,static,sessile_drop,,10,0.4,,,unknown,polymer packaging film weather-aging series,A_high,yes,internal_pool,,none,2026-05-18,internal_train,SRC019,unique_or_condition_distinct_keep
CA0197,v3.4,verified,literature,Plant-Origin Stabilizer as an Alternative of Natural Additive to Polymers Used in Packaging Materials,A. Plota; A. Masek,2021,10.3390/ijms22084012,https://doi.org/10.3390/ijms22084012,"Table 1 direct values; three probe liquids measured after weather-aging intervals, each value averaged from 10 contact angles",PLA/CBD,polymer,,other,PLA/CBD after 300 h weather aging; CBD plant-origin stabilizer additive,CBD plant-origin stabilizer additive,smooth,,,,44.05,32.83,11.22,,,,calculated from water/diiodomethane/ethylene glycol contact angles in Table 1 using OWRK least-squares fit,inferred_from_contact_angles,water,polar,72.8,21.8,51,21.8,25.5,25.5,0.89,1.85,78.4,standard literature values at approximately 20-25 C unless source reports otherwise,298.15,,1,64,static,sessile_drop,,10,2,,,unknown,polymer packaging film weather-aging series,A_high,no,internal_pool,,none,2026-05-18,internal_test,SRC019,unique_or_condition_distinct_keep
CA0198,v3.4,verified,literature,Plant-Origin Stabilizer as an Alternative of Natural Additive to Polymers Used in Packaging Materials,A. Plota; A. Masek,2021,10.3390/ijms22084012,https://doi.org/10.3390/ijms22084012,"Table 1 direct values; three probe liquids measured after weather-aging intervals, each value averaged from 10 contact angles",PLA/CBD,polymer,,other,PLA/CBD after 300 h weather aging; CBD plant-origin stabilizer additive,CBD plant-origin stabilizer additive,smooth,,,,44.05,32.83,11.22,,,,calculated from water/diiodomethane/ethylene glycol contact angles in Table 1 using OWRK least-squares fit,inferred_from_contact_angles,diiodomethane,nonpolar,50.8,48.5,2.3,48.5,0,0,2.8,1,5.3,standard literature values at approximately 20-25 C unless source reports otherwise,298.15,,1,34.4,static,sessile_drop,,10,0.7,,,unknown,polymer packaging film weather-aging series,A_high,no,internal_pool,,none,2026-05-18,internal_val,SRC019,unique_or_condition_distinct_keep
CA0199,v3.4,verified,literature,Plant-Origin Stabilizer as an Alternative of Natural Additive to Polymers Used in Packaging Materials,A. Plota; A. Masek,2021,10.3390/ijms22084012,https://doi.org/10.3390/ijms22084012,"Table 1 direct values; three probe liquids measured after weather-aging intervals, each value averaged from 10 contact angles",PLA/CBD,polymer,,other,PLA/CBD after 300 h weather aging; CBD plant-origin stabilizer additive,CBD plant-origin stabilizer additive,smooth,,,,44.05,32.83,11.22,,,,calculated from water/diiodomethane/ethylene glycol contact angles in Table 1 using OWRK least-squares fit,inferred_from_contact_angles,ethylene glycol,polar,48,29,19,29,1.92,47,16.1,2.28,37,standard literature values at approximately 20-25 C unless source reports otherwise,298.15,,1,40.6,static,sessile_drop,,10,1.3,,,unknown,polymer packaging film weather-aging series,A_high,yes,internal_pool,,none,2026-05-18,internal_train,SRC019,unique_or_condition_distinct_keep
CA0200,v3.4,verified,literature,Plant-Origin Stabilizer as an Alternative of Natural Additive to Polymers Used in Packaging Materials,A. Plota; A. Masek,2021,10.3390/ijms22084012,https://doi.org/10.3390/ijms22084012,"Table 1 direct values; three probe liquids measured after weather-aging intervals, each value averaged from 10 contact angles",PLA/CBD,polymer,,other,PLA/CBD after 400 h weather aging; CBD plant-origin stabilizer additive,CBD plant-origin stabilizer additive,smooth,,,,40.37,33.79,6.58,,,,calculated from water/diiodomethane/ethylene glycol contact angles in Table 1 using OWRK least-squares fit,inferred_from_contact_angles,water,polar,72.8,21.8,51,21.8,25.5,25.5,0.89,1.85,78.4,standard literature values at approximately 20-25 C unless source reports otherwise,298.15,,1,73.5,static,sessile_drop,,10,1.8,,,unknown,polymer packaging film weather-aging series,A_high,yes,internal_pool,,none,2026-05-18,internal_train,SRC019,unique_or_condition_distinct_keep
CA0201,v3.4,verified,literature,Plant-Origin Stabilizer as an Alternative of Natural Additive to Polymers Used in Packaging Materials,A. Plota; A. Masek,2021,10.3390/ijms22084012,https://doi.org/10.3390/ijms22084012,"Table 1 direct values; three probe liquids measured after weather-aging intervals, each value averaged from 10 contact angles",PLA/CBD,polymer,,other,PLA/CBD after 400 h weather aging; CBD plant-origin stabilizer additive,CBD plant-origin stabilizer additive,smooth,,,,40.37,33.79,6.58,,,,calculated from water/diiodomethane/ethylene glycol contact angles in Table 1 using OWRK least-squares fit,inferred_from_contact_angles,diiodomethane,nonpolar,50.8,48.5,2.3,48.5,0,0,2.8,1,5.3,standard literature values at approximately 20-25 C unless source reports otherwise,298.15,,1,38,static,sessile_drop,,10,2.1,,,unknown,polymer packaging film weather-aging series,A_high,yes,internal_pool,,none,2026-05-18,internal_train,SRC019,unique_or_condition_distinct_keep
CA0202,v3.4,verified,literature,Plant-Origin Stabilizer as an Alternative of Natural Additive to Polymers Used in Packaging Materials,A. Plota; A. Masek,2021,10.3390/ijms22084012,https://doi.org/10.3390/ijms22084012,"Table 1 direct values; three probe liquids measured after weather-aging intervals, each value averaged from 10 contact angles",PLA/CBD,polymer,,other,PLA/CBD after 400 h weather aging; CBD plant-origin stabilizer additive,CBD plant-origin stabilizer additive,smooth,,,,40.37,33.79,6.58,,,,calculated from water/diiodomethane/ethylene glycol contact angles in Table 1 using OWRK least-squares fit,inferred_from_contact_angles,ethylene glycol,polar,48,29,19,29,1.92,47,16.1,2.28,37,standard literature values at approximately 20-25 C unless source reports otherwise,298.15,,1,48.1,static,sessile_drop,,10,2.1,,,unknown,polymer packaging film weather-aging series,A_high,yes,internal_pool,,none,2026-05-18,internal_train,SRC019,unique_or_condition_distinct_keep
CA0203,v3.4,verified,literature,Hydrophobic/Oleophilic Structures Based on MacroPorous Silicon: Effect of Topography and Fluoroalkylsilanization on Wettability,P. Formentin; L. F. Marsal,2021,10.3390/nano11030670,https://doi.org/10.3390/nano11030670,Tables 4 and 5 direct values; each entry is the average of nine measurements on macroporous silicon before/after FOTS treatment,MacroPSi-1,semiconductor,silicon,etching,"electrochemically etched macroporous silicon, 10 mA cm^-2 for 20 min; porosity 53.4 +/- 7.6%; Table 4 before FOTS treatment",,porous,,,,91.97,75.53,16.43,,,,calculated from Tables 4/5 contact angles using OWRK least-squares fit; <10 values encoded as upper bound 10,inferred_from_contact_angles,water,polar,72.8,21.8,51,21.8,25.5,25.5,0.89,1.85,78.4,standard literature values at approximately 20-25 C unless source reports otherwise,298.15,,1,148.4,static,sessile_drop,3,9,5.8,,,unknown,"electrochemically etched macroporous silicon, 10 mA cm^-2 for 20 min; porosity 53.4 +/- 7.6%; Table 4 before FOTS treatment",A_high,yes,internal_pool,,none,2026-05-18,internal_train,SRC021,unique_or_condition_distinct_keep
CA0204,v3.4,verified,literature,Hydrophobic/Oleophilic Structures Based on MacroPorous Silicon: Effect of Topography and Fluoroalkylsilanization on Wettability,P. Formentin; L. F. Marsal,2021,10.3390/nano11030670,https://doi.org/10.3390/nano11030670,Tables 4 and 5 direct values; each entry is the average of nine measurements on macroporous silicon before/after FOTS treatment,MacroPSi-1,semiconductor,silicon,etching,"electrochemically etched macroporous silicon, 10 mA cm^-2 for 20 min; porosity 53.4 +/- 7.6%; Table 4 before FOTS treatment",,porous,,,,91.97,75.53,16.43,,,,calculated from Tables 4/5 contact angles using OWRK least-squares fit; <10 values encoded as upper bound 10,inferred_from_contact_angles,ethylene glycol,polar,48,29,19,29,1.92,47,16.1,2.28,37,standard literature values at approximately 20-25 C unless source reports otherwise,298.15,,1,13.7,static,sessile_drop,3,9,2.8,,,unknown,"electrochemically etched macroporous silicon, 10 mA cm^-2 for 20 min; porosity 53.4 +/- 7.6%; Table 4 before FOTS treatment",A_high,yes,internal_pool,,none,2026-05-18,internal_train,SRC021,unique_or_condition_distinct_keep
CA0205,v3.4,verified,literature,Hydrophobic/Oleophilic Structures Based on MacroPorous Silicon: Effect of Topography and Fluoroalkylsilanization on Wettability,P. Formentin; L. F. Marsal,2021,10.3390/nano11030670,https://doi.org/10.3390/nano11030670,Tables 4 and 5 direct values; each entry is the average of nine measurements on macroporous silicon before/after FOTS treatment,MacroPSi-1,semiconductor,silicon,etching,"electrochemically etched macroporous silicon, 10 mA cm^-2 for 20 min; porosity 53.4 +/- 7.6%; Table 4 before FOTS treatment",,porous,,,,91.97,75.53,16.43,,,,calculated from Tables 4/5 contact angles using OWRK least-squares fit; <10 values encoded as upper bound 10,inferred_from_contact_angles,diiodomethane,nonpolar,50.8,48.5,2.3,48.5,0,0,2.8,1,5.3,standard literature values at approximately 20-25 C unless source reports otherwise,298.15,,1,10.1,static,sessile_drop,3,9,0.2,,,unknown,"electrochemically etched macroporous silicon, 10 mA cm^-2 for 20 min; porosity 53.4 +/- 7.6%; Table 4 before FOTS treatment",A_high,no,internal_pool,,none,2026-05-18,internal_test,SRC021,unique_or_condition_distinct_keep
CA0206,v3.4,verified,literature,Hydrophobic/Oleophilic Structures Based on MacroPorous Silicon: Effect of Topography and Fluoroalkylsilanization on Wettability,P. Formentin; L. F. Marsal,2021,10.3390/nano11030670,https://doi.org/10.3390/nano11030670,Tables 4 and 5 direct values; each entry is the average of nine measurements on macroporous silicon before/after FOTS treatment,MacroPSi-1,semiconductor,silicon,etching,"electrochemically etched macroporous silicon, 10 mA cm^-2 for 20 min; porosity 53.4 +/- 7.6%; Table 4 before FOTS treatment",,porous,,,,91.97,75.53,16.43,,,,calculated from Tables 4/5 contact angles using OWRK least-squares fit; <10 values encoded as upper bound 10,inferred_from_contact_angles,formamide,polar,58,39,19,39,2.28,39.6,3.3,3.73,111,standard literature values at approximately 20-25 C unless source reports otherwise,298.15,,1,88,static,sessile_drop,3,9,0.7,,,unknown,"electrochemically etched macroporous silicon, 10 mA cm^-2 for 20 min; porosity 53.4 +/- 7.6%; Table 4 before FOTS treatment",A_high,no,balanced_holdout,,none,2026-05-18,balanced_holdout,SRC021,unique_or_condition_distinct_keep
CA0207,v3.4,verified,literature,Hydrophobic/Oleophilic Structures Based on MacroPorous Silicon: Effect of Topography and Fluoroalkylsilanization on Wettability,P. Formentin; L. F. Marsal,2021,10.3390/nano11030670,https://doi.org/10.3390/nano11030670,Tables 4 and 5 direct values; each entry is the average of nine measurements on macroporous silicon before/after FOTS treatment,MacroPSi-2,semiconductor,silicon,etching,"electrochemically etched macroporous silicon, 10 mA cm^-2 for 40 min; porosity 86.2 +/- 6.2%; Table 4 before FOTS treatment",,porous,,,,95.73,76.03,19.7,,,,calculated from Tables 4/5 contact angles using OWRK least-squares fit; <10 values encoded as upper bound 10,inferred_from_contact_angles,water,polar,72.8,21.8,51,21.8,25.5,25.5,0.89,1.85,78.4,standard literature values at approximately 20-25 C unless source reports otherwise,298.15,,1,157,static,sessile_drop,3,9,2.5,,,unknown,"electrochemically etched macroporous silicon, 10 mA cm^-2 for 40 min; porosity 86.2 +/- 6.2%; Table 4 before FOTS treatment",A_high,no,hard_external,,none,2026-05-18,hard_external,SRC021,unique_or_condition_distinct_keep
CA0208,v3.4,verified,literature,Hydrophobic/Oleophilic Structures Based on MacroPorous Silicon: Effect of Topography and Fluoroalkylsilanization on Wettability,P. Formentin; L. F. Marsal,2021,10.3390/nano11030670,https://doi.org/10.3390/nano11030670,Tables 4 and 5 direct values; each entry is the average of nine measurements on macroporous silicon before/after FOTS treatment,MacroPSi-2,semiconductor,silicon,etching,"electrochemically etched macroporous silicon, 10 mA cm^-2 for 40 min; porosity 86.2 +/- 6.2%; Table 4 before FOTS treatment",,porous,,,,95.73,76.03,19.7,,,,calculated from Tables 4/5 contact angles using OWRK least-squares fit; <10 values encoded as upper bound 10,inferred_from_contact_angles,ethylene glycol,polar,48,29,19,29,1.92,47,16.1,2.28,37,standard literature values at approximately 20-25 C unless source reports otherwise,298.15,,1,14.2,static,sessile_drop,3,9,5,,,unknown,"electrochemically etched macroporous silicon, 10 mA cm^-2 for 40 min; porosity 86.2 +/- 6.2%; Table 4 before FOTS treatment",A_high,yes,internal_pool,,none,2026-05-18,internal_train,SRC021,unique_or_condition_distinct_keep
CA0209,v3.4,verified,literature,Hydrophobic/Oleophilic Structures Based on MacroPorous Silicon: Effect of Topography and Fluoroalkylsilanization on Wettability,P. Formentin; L. F. Marsal,2021,10.3390/nano11030670,https://doi.org/10.3390/nano11030670,Tables 4 and 5 direct values; each entry is the average of nine measurements on macroporous silicon before/after FOTS treatment,MacroPSi-2,semiconductor,silicon,etching,"electrochemically etched macroporous silicon, 10 mA cm^-2 for 40 min; porosity 86.2 +/- 6.2%; Table 4 before FOTS treatment",,porous,,,,95.73,76.03,19.7,,,,calculated from Tables 4/5 contact angles using OWRK least-squares fit; <10 values encoded as upper bound 10,inferred_from_contact_angles,diiodomethane,nonpolar,50.8,48.5,2.3,48.5,0,0,2.8,1,5.3,standard literature values at approximately 20-25 C unless source reports otherwise,298.15,,1,10,static,sessile_drop,3,9,,,10,unknown,"electrochemically etched macroporous silicon, 10 mA cm^-2 for 40 min; porosity 86.2 +/- 6.2%; Table 4 before FOTS treatment",B_medium,yes,internal_pool,,none,2026-05-18,internal_train,SRC021,unique_or_condition_distinct_keep
CA0210,v3.4,verified,literature,Hydrophobic/Oleophilic Structures Based on MacroPorous Silicon: Effect of Topography and Fluoroalkylsilanization on Wettability,P. Formentin; L. F. Marsal,2021,10.3390/nano11030670,https://doi.org/10.3390/nano11030670,Tables 4 and 5 direct values; each entry is the average of nine measurements on macroporous silicon before/after FOTS treatment,MacroPSi-2,semiconductor,silicon,etching,"electrochemically etched macroporous silicon, 10 mA cm^-2 for 40 min; porosity 86.2 +/- 6.2%; Table 4 before FOTS treatment",,porous,,,,95.73,76.03,19.7,,,,calculated from Tables 4/5 contact angles using OWRK least-squares fit; <10 values encoded as upper bound 10,inferred_from_contact_angles,formamide,polar,58,39,19,39,2.28,39.6,3.3,3.73,111,standard literature values at approximately 20-25 C unless source reports otherwise,298.15,,1,94.5,static,sessile_drop,3,9,4,,,unknown,"electrochemically etched macroporous silicon, 10 mA cm^-2 for 40 min; porosity 86.2 +/- 6.2%; Table 4 before FOTS treatment",A_high,no,hard_external,,none,2026-05-18,hard_external,SRC021,unique_or_condition_distinct_keep
CA0211,v3.4,verified,literature,Hydrophobic/Oleophilic Structures Based on MacroPorous Silicon: Effect of Topography and Fluoroalkylsilanization on Wettability,P. Formentin; L. F. Marsal,2021,10.3390/nano11030670,https://doi.org/10.3390/nano11030670,Tables 4 and 5 direct values; each entry is the average of nine measurements on macroporous silicon before/after FOTS treatment,MacroPSi-3,semiconductor,silicon,etching,"electrochemically etched macroporous silicon, 5 mA cm^-2 for 20 min; porosity 30.2 +/- 1.4%; Table 4 before FOTS treatment",,porous,,,,71.93,64.39,7.54,,,,calculated from Tables 4/5 contact angles using OWRK least-squares fit; <10 values encoded as upper bound 10,inferred_from_contact_angles,water,polar,72.8,21.8,51,21.8,25.5,25.5,0.89,1.85,78.4,standard literature values at approximately 20-25 C unless source reports otherwise,298.15,,1,129.3,static,sessile_drop,3,9,4,,,unknown,"electrochemically etched macroporous silicon, 5 mA cm^-2 for 20 min; porosity 30.2 +/- 1.4%; Table 4 before FOTS treatment",A_high,yes,internal_pool,,none,2026-05-18,internal_train,SRC021,unique_or_condition_distinct_keep
CA0212,v3.4,verified,literature,Hydrophobic/Oleophilic Structures Based on MacroPorous Silicon: Effect of Topography and Fluoroalkylsilanization on Wettability,P. Formentin; L. F. Marsal,2021,10.3390/nano11030670,https://doi.org/10.3390/nano11030670,Tables 4 and 5 direct values; each entry is the average of nine measurements on macroporous silicon before/after FOTS treatment,MacroPSi-3,semiconductor,silicon,etching,"electrochemically etched macroporous silicon, 5 mA cm^-2 for 20 min; porosity 30.2 +/- 1.4%; Table 4 before FOTS treatment",,porous,,,,71.93,64.39,7.54,,,,calculated from Tables 4/5 contact angles using OWRK least-squares fit; <10 values encoded as upper bound 10,inferred_from_contact_angles,ethylene glycol,polar,48,29,19,29,1.92,47,16.1,2.28,37,standard literature values at approximately 20-25 C unless source reports otherwise,298.15,,1,59.1,static,sessile_drop,3,9,1.8,,,unknown,"electrochemically etched macroporous silicon, 5 mA cm^-2 for 20 min; porosity 30.2 +/- 1.4%; Table 4 before FOTS treatment",A_high,yes,internal_pool,,none,2026-05-18,internal_train,SRC021,unique_or_condition_distinct_keep
CA0213,v3.4,verified,literature,Hydrophobic/Oleophilic Structures Based on MacroPorous Silicon: Effect of Topography and Fluoroalkylsilanization on Wettability,P. Formentin; L. F. Marsal,2021,10.3390/nano11030670,https://doi.org/10.3390/nano11030670,Tables 4 and 5 direct values; each entry is the average of nine measurements on macroporous silicon before/after FOTS treatment,MacroPSi-3,semiconductor,silicon,etching,"electrochemically etched macroporous silicon, 5 mA cm^-2 for 20 min; porosity 30.2 +/- 1.4%; Table 4 before FOTS treatment",,porous,,,,71.93,64.39,7.54,,,,calculated from Tables 4/5 contact angles using OWRK least-squares fit; <10 values encoded as upper bound 10,inferred_from_contact_angles,diiodomethane,nonpolar,50.8,48.5,2.3,48.5,0,0,2.8,1,5.3,standard literature values at approximately 20-25 C unless source reports otherwise,298.15,,1,30,static,sessile_drop,3,9,4.3,,,unknown,"electrochemically etched macroporous silicon, 5 mA cm^-2 for 20 min; porosity 30.2 +/- 1.4%; Table 4 before FOTS treatment",A_high,yes,internal_pool,,none,2026-05-18,internal_train,SRC021,unique_or_condition_distinct_keep
CA0214,v3.4,verified,literature,Hydrophobic/Oleophilic Structures Based on MacroPorous Silicon: Effect of Topography and Fluoroalkylsilanization on Wettability,P. Formentin; L. F. Marsal,2021,10.3390/nano11030670,https://doi.org/10.3390/nano11030670,Tables 4 and 5 direct values; each entry is the average of nine measurements on macroporous silicon before/after FOTS treatment,MacroPSi-3,semiconductor,silicon,etching,"electrochemically etched macroporous silicon, 5 mA cm^-2 for 20 min; porosity 30.2 +/- 1.4%; Table 4 before FOTS treatment",,porous,,,,71.93,64.39,7.54,,,,calculated from Tables 4/5 contact angles using OWRK least-squares fit; <10 values encoded as upper bound 10,inferred_from_contact_angles,formamide,polar,58,39,19,39,2.28,39.6,3.3,3.73,111,standard literature values at approximately 20-25 C unless source reports otherwise,298.15,,1,63.5,static,sessile_drop,3,9,9.7,,,unknown,"electrochemically etched macroporous silicon, 5 mA cm^-2 for 20 min; porosity 30.2 +/- 1.4%; Table 4 before FOTS treatment",A_high,no,balanced_holdout,,none,2026-05-18,balanced_holdout,SRC021,unique_or_condition_distinct_keep
CA0215,v3.4,verified,literature,Hydrophobic/Oleophilic Structures Based on MacroPorous Silicon: Effect of Topography and Fluoroalkylsilanization on Wettability,P. Formentin; L. F. Marsal,2021,10.3390/nano11030670,https://doi.org/10.3390/nano11030670,Tables 4 and 5 direct values; each entry is the average of nine measurements on macroporous silicon before/after FOTS treatment,MacroPSi-4,semiconductor,silicon,etching,"electrochemically etched macroporous silicon, 20 mA cm^-2 for 10 min; porosity 47.5 +/- 3.5%; Table 4 before FOTS treatment",,porous,,,,55.49,54.99,0.5,,,,calculated from Tables 4/5 contact angles using OWRK least-squares fit; <10 values encoded as upper bound 10,inferred_from_contact_angles,water,polar,72.8,21.8,51,21.8,25.5,25.5,0.89,1.85,78.4,standard literature values at approximately 20-25 C unless source reports otherwise,298.15,,1,103.8,static,sessile_drop,3,9,5.6,,,unknown,"electrochemically etched macroporous silicon, 20 mA cm^-2 for 10 min; porosity 47.5 +/- 3.5%; Table 4 before FOTS treatment",A_high,no,balanced_holdout,,none,2026-05-18,balanced_holdout,SRC021,unique_or_condition_distinct_keep
CA0216,v3.4,verified,literature,Hydrophobic/Oleophilic Structures Based on MacroPorous Silicon: Effect of Topography and Fluoroalkylsilanization on Wettability,P. Formentin; L. F. Marsal,2021,10.3390/nano11030670,https://doi.org/10.3390/nano11030670,Tables 4 and 5 direct values; each entry is the average of nine measurements on macroporous silicon before/after FOTS treatment,MacroPSi-4,semiconductor,silicon,etching,"electrochemically etched macroporous silicon, 20 mA cm^-2 for 10 min; porosity 47.5 +/- 3.5%; Table 4 before FOTS treatment",,porous,,,,55.49,54.99,0.5,,,,calculated from Tables 4/5 contact angles using OWRK least-squares fit; <10 values encoded as upper bound 10,inferred_from_contact_angles,ethylene glycol,polar,48,29,19,29,1.92,47,16.1,2.28,37,standard literature values at approximately 20-25 C unless source reports otherwise,298.15,,1,38.6,static,sessile_drop,3,9,7.2,,,unknown,"electrochemically etched macroporous silicon, 20 mA cm^-2 for 10 min; porosity 47.5 +/- 3.5%; Table 4 before FOTS treatment",A_high,yes,internal_pool,,none,2026-05-18,internal_train,SRC021,unique_or_condition_distinct_keep
CA0217,v3.4,verified,literature,Hydrophobic/Oleophilic Structures Based on MacroPorous Silicon: Effect of Topography and Fluoroalkylsilanization on Wettability,P. Formentin; L. F. Marsal,2021,10.3390/nano11030670,https://doi.org/10.3390/nano11030670,Tables 4 and 5 direct values; each entry is the average of nine measurements on macroporous silicon before/after FOTS treatment,MacroPSi-4,semiconductor,silicon,etching,"electrochemically etched macroporous silicon, 20 mA cm^-2 for 10 min; porosity 47.5 +/- 3.5%; Table 4 before FOTS treatment",,porous,,,,55.49,54.99,0.5,,,,calculated from Tables 4/5 contact angles using OWRK least-squares fit; <10 values encoded as upper bound 10,inferred_from_contact_angles,diiodomethane,nonpolar,50.8,48.5,2.3,48.5,0,0,2.8,1,5.3,standard literature values at approximately 20-25 C unless source reports otherwise,298.15,,1,18.5,static,sessile_drop,3,9,1.4,,,unknown,"electrochemically etched macroporous silicon, 20 mA cm^-2 for 10 min; porosity 47.5 +/- 3.5%; Table 4 before FOTS treatment",A_high,no,internal_pool,,none,2026-05-18,internal_val,SRC021,unique_or_condition_distinct_keep
CA0218,v3.4,verified,literature,Hydrophobic/Oleophilic Structures Based on MacroPorous Silicon: Effect of Topography and Fluoroalkylsilanization on Wettability,P. Formentin; L. F. Marsal,2021,10.3390/nano11030670,https://doi.org/10.3390/nano11030670,Tables 4 and 5 direct values; each entry is the average of nine measurements on macroporous silicon before/after FOTS treatment,MacroPSi-4,semiconductor,silicon,etching,"electrochemically etched macroporous silicon, 20 mA cm^-2 for 10 min; porosity 47.5 +/- 3.5%; Table 4 before FOTS treatment",,porous,,,,55.49,54.99,0.5,,,,calculated from Tables 4/5 contact angles using OWRK least-squares fit; <10 values encoded as upper bound 10,inferred_from_contact_angles,formamide,polar,58,39,19,39,2.28,39.6,3.3,3.73,111,standard literature values at approximately 20-25 C unless source reports otherwise,298.15,,1,66.2,static,sessile_drop,3,9,1.7,,,unknown,"electrochemically etched macroporous silicon, 20 mA cm^-2 for 10 min; porosity 47.5 +/- 3.5%; Table 4 before FOTS treatment",A_high,yes,internal_pool,,none,2026-05-18,internal_train,SRC021,unique_or_condition_distinct_keep
CA0219,v3.4,verified,literature,Hydrophobic/Oleophilic Structures Based on MacroPorous Silicon: Effect of Topography and Fluoroalkylsilanization on Wettability,P. Formentin; L. F. Marsal,2021,10.3390/nano11030670,https://doi.org/10.3390/nano11030670,Tables 4 and 5 direct values; each entry is the average of nine measurements on macroporous silicon before/after FOTS treatment,FOTS-MacroPSi-1,semiconductor,silicon,coating,FOTS fluoroalkylsilane-treated MacroPSi-1 surface from Table 5,FOTS fluoroalkylsilane layer,porous,,,,4.54,4.47,0.07,,,,calculated from Tables 4/5 contact angles using OWRK least-squares fit; <10 values encoded as upper bound 10,inferred_from_contact_angles,water,polar,72.8,21.8,51,21.8,25.5,25.5,0.89,1.85,78.4,standard literature values at approximately 20-25 C unless source reports otherwise,298.15,,1,143.8,static,sessile_drop,3,9,5.7,,,unknown,FOTS fluoroalkylsilane-treated MacroPSi-1 surface from Table 5,A_high,yes,internal_pool,,none,2026-05-18,internal_train,SRC021,unique_or_condition_distinct_keep
CA0220,v3.4,verified,literature,Hydrophobic/Oleophilic Structures Based on MacroPorous Silicon: Effect of Topography and Fluoroalkylsilanization on Wettability,P. Formentin; L. F. Marsal,2021,10.3390/nano11030670,https://doi.org/10.3390/nano11030670,Tables 4 and 5 direct values; each entry is the average of nine measurements on macroporous silicon before/after FOTS treatment,FOTS-MacroPSi-1,semiconductor,silicon,coating,FOTS fluoroalkylsilane-treated MacroPSi-1 surface from Table 5,FOTS fluoroalkylsilane layer,porous,,,,4.54,4.47,0.07,,,,calculated from Tables 4/5 contact angles using OWRK least-squares fit; <10 values encoded as upper bound 10,inferred_from_contact_angles,ethylene glycol,polar,48,29,19,29,1.92,47,16.1,2.28,37,standard literature values at approximately 20-25 C unless source reports otherwise,298.15,,1,119.7,static,sessile_drop,3,9,5.2,,,unknown,FOTS fluoroalkylsilane-treated MacroPSi-1 surface from Table 5,A_high,no,balanced_holdout,,none,2026-05-18,balanced_holdout,SRC021,unique_or_condition_distinct_keep
CA0221,v3.4,verified,literature,Hydrophobic/Oleophilic Structures Based on MacroPorous Silicon: Effect of Topography and Fluoroalkylsilanization on Wettability,P. Formentin; L. F. Marsal,2021,10.3390/nano11030670,https://doi.org/10.3390/nano11030670,Tables 4 and 5 direct values; each entry is the average of nine measurements on macroporous silicon before/after FOTS treatment,FOTS-MacroPSi-1,semiconductor,silicon,coating,FOTS fluoroalkylsilane-treated MacroPSi-1 surface from Table 5,FOTS fluoroalkylsilane layer,porous,,,,4.54,4.47,0.07,,,,calculated from Tables 4/5 contact angles using OWRK least-squares fit; <10 values encoded as upper bound 10,inferred_from_contact_angles,diiodomethane,nonpolar,50.8,48.5,2.3,48.5,0,0,2.8,1,5.3,standard literature values at approximately 20-25 C unless source reports otherwise,298.15,,1,117.8,static,sessile_drop,3,9,3.9,,,unknown,FOTS fluoroalkylsilane-treated MacroPSi-1 surface from Table 5,A_high,no,balanced_holdout,,none,2026-05-18,balanced_holdout,SRC021,unique_or_condition_distinct_keep
CA0222,v3.4,verified,literature,Hydrophobic/Oleophilic Structures Based on MacroPorous Silicon: Effect of Topography and Fluoroalkylsilanization on Wettability,P. Formentin; L. F. Marsal,2021,10.3390/nano11030670,https://doi.org/10.3390/nano11030670,Tables 4 and 5 direct values; each entry is the average of nine measurements on macroporous silicon before/after FOTS treatment,FOTS-MacroPSi-1,semiconductor,silicon,coating,FOTS fluoroalkylsilane-treated MacroPSi-1 surface from Table 5,FOTS fluoroalkylsilane layer,porous,,,,4.54,4.47,0.07,,,,calculated from Tables 4/5 contact angles using OWRK least-squares fit; <10 values encoded as upper bound 10,inferred_from_contact_angles,formamide,polar,58,39,19,39,2.28,39.6,3.3,3.73,111,standard literature values at approximately 20-25 C unless source reports otherwise,298.15,,1,125.9,static,sessile_drop,3,9,3,,,unknown,FOTS fluoroalkylsilane-treated MacroPSi-1 surface from Table 5,A_high,no,hard_external,,none,2026-05-18,hard_external,SRC021,unique_or_condition_distinct_keep
CA0223,v3.4,verified,literature,Hydrophobic/Oleophilic Structures Based on MacroPorous Silicon: Effect of Topography and Fluoroalkylsilanization on Wettability,P. Formentin; L. F. Marsal,2021,10.3390/nano11030670,https://doi.org/10.3390/nano11030670,Tables 4 and 5 direct values; each entry is the average of nine measurements on macroporous silicon before/after FOTS treatment,FOTS-MacroPSi-2,semiconductor,silicon,coating,FOTS fluoroalkylsilane-treated MacroPSi-2 surface from Table 5,FOTS fluoroalkylsilane layer,porous,,,,1.17,1.13,0.05,,,,calculated from Tables 4/5 contact angles using OWRK least-squares fit; <10 values encoded as upper bound 10,inferred_from_contact_angles,water,polar,72.8,21.8,51,21.8,25.5,25.5,0.89,1.85,78.4,standard literature values at approximately 20-25 C unless source reports otherwise,298.15,,1,157.5,static,sessile_drop,3,9,2.5,,,unknown,FOTS fluoroalkylsilane-treated MacroPSi-2 surface from Table 5,A_high,no,hard_external,,none,2026-05-18,hard_external,SRC021,unique_or_condition_distinct_keep
CA0224,v3.4,verified,literature,Hydrophobic/Oleophilic Structures Based on MacroPorous Silicon: Effect of Topography and Fluoroalkylsilanization on Wettability,P. Formentin; L. F. Marsal,2021,10.3390/nano11030670,https://doi.org/10.3390/nano11030670,Tables 4 and 5 direct values; each entry is the average of nine measurements on macroporous silicon before/after FOTS treatment,FOTS-MacroPSi-2,semiconductor,silicon,coating,FOTS fluoroalkylsilane-treated MacroPSi-2 surface from Table 5,FOTS fluoroalkylsilane layer,porous,,,,1.17,1.13,0.05,,,,calculated from Tables 4/5 contact angles using OWRK least-squares fit; <10 values encoded as upper bound 10,inferred_from_contact_angles,ethylene glycol,polar,48,29,19,29,1.92,47,16.1,2.28,37,standard literature values at approximately 20-25 C unless source reports otherwise,298.15,,1,147.7,static,sessile_drop,3,9,8.7,,,unknown,FOTS fluoroalkylsilane-treated MacroPSi-2 surface from Table 5,A_high,no,hard_external,,none,2026-05-18,hard_external,SRC021,unique_or_condition_distinct_keep
CA0225,v3.4,verified,literature,Hydrophobic/Oleophilic Structures Based on MacroPorous Silicon: Effect of Topography and Fluoroalkylsilanization on Wettability,P. Formentin; L. F. Marsal,2021,10.3390/nano11030670,https://doi.org/10.3390/nano11030670,Tables 4 and 5 direct values; each entry is the average of nine measurements on macroporous silicon before/after FOTS treatment,FOTS-MacroPSi-2,semiconductor,silicon,coating,FOTS fluoroalkylsilane-treated MacroPSi-2 surface from Table 5,FOTS fluoroalkylsilane layer,porous,,,,1.17,1.13,0.05,,,,calculated from Tables 4/5 contact angles using OWRK least-squares fit; <10 values encoded as upper bound 10,inferred_from_contact_angles,diiodomethane,nonpolar,50.8,48.5,2.3,48.5,0,0,2.8,1,5.3,standard literature values at approximately 20-25 C unless source reports otherwise,298.15,,1,139.4,static,sessile_drop,3,9,3,,,unknown,FOTS fluoroalkylsilane-treated MacroPSi-2 surface from Table 5,A_high,no,hard_external,,none,2026-05-18,hard_external,SRC021,unique_or_condition_distinct_keep
CA0226,v3.4,verified,literature,Hydrophobic/Oleophilic Structures Based on MacroPorous Silicon: Effect of Topography and Fluoroalkylsilanization on Wettability,P. Formentin; L. F. Marsal,2021,10.3390/nano11030670,https://doi.org/10.3390/nano11030670,Tables 4 and 5 direct values; each entry is the average of nine measurements on macroporous silicon before/after FOTS treatment,FOTS-MacroPSi-2,semiconductor,silicon,coating,FOTS fluoroalkylsilane-treated MacroPSi-2 surface from Table 5,FOTS fluoroalkylsilane layer,porous,,,,1.17,1.13,0.05,,,,calculated from Tables 4/5 contact angles using OWRK least-squares fit; <10 values encoded as upper bound 10,inferred_from_contact_angles,formamide,polar,58,39,19,39,2.28,39.6,3.3,3.73,111,standard literature values at approximately 20-25 C unless source reports otherwise,298.15,,1,135.9,static,sessile_drop,3,9,4.9,,,unknown,FOTS fluoroalkylsilane-treated MacroPSi-2 surface from Table 5,A_high,no,hard_external,,none,2026-05-18,hard_external,SRC021,unique_or_condition_distinct_keep
CA0227,v3.4,verified,literature,Hydrophobic/Oleophilic Structures Based on MacroPorous Silicon: Effect of Topography and Fluoroalkylsilanization on Wettability,P. Formentin; L. F. Marsal,2021,10.3390/nano11030670,https://doi.org/10.3390/nano11030670,Tables 4 and 5 direct values; each entry is the average of nine measurements on macroporous silicon before/after FOTS treatment,FOTS-MacroPSi-3,semiconductor,silicon,coating,FOTS fluoroalkylsilane-treated MacroPSi-3 surface from Table 5,FOTS fluoroalkylsilane layer,porous,,,,9.36,8.13,1.22,,,,calculated from Tables 4/5 contact angles using OWRK least-squares fit; <10 values encoded as upper bound 10,inferred_from_contact_angles,water,polar,72.8,21.8,51,21.8,25.5,25.5,0.89,1.85,78.4,standard literature values at approximately 20-25 C unless source reports otherwise,298.15,,1,148.2,static,sessile_drop,3,9,5,,,unknown,FOTS fluoroalkylsilane-treated MacroPSi-3 surface from Table 5,A_high,yes,internal_pool,,none,2026-05-18,internal_train,SRC021,unique_or_condition_distinct_keep
CA0228,v3.4,verified,literature,Hydrophobic/Oleophilic Structures Based on MacroPorous Silicon: Effect of Topography and Fluoroalkylsilanization on Wettability,P. Formentin; L. F. Marsal,2021,10.3390/nano11030670,https://doi.org/10.3390/nano11030670,Tables 4 and 5 direct values; each entry is the average of nine measurements on macroporous silicon before/after FOTS treatment,FOTS-MacroPSi-3,semiconductor,silicon,coating,FOTS fluoroalkylsilane-treated MacroPSi-3 surface from Table 5,FOTS fluoroalkylsilane layer,porous,,,,9.36,8.13,1.22,,,,calculated from Tables 4/5 contact angles using OWRK least-squares fit; <10 values encoded as upper bound 10,inferred_from_contact_angles,ethylene glycol,polar,48,29,19,29,1.92,47,16.1,2.28,37,standard literature values at approximately 20-25 C unless source reports otherwise,298.15,,1,129.3,static,sessile_drop,3,9,7.2,,,unknown,FOTS fluoroalkylsilane-treated MacroPSi-3 surface from Table 5,A_high,no,hard_external,,none,2026-05-18,hard_external,SRC021,unique_or_condition_distinct_keep
CA0229,v3.4,verified,literature,Hydrophobic/Oleophilic Structures Based on MacroPorous Silicon: Effect of Topography and Fluoroalkylsilanization on Wettability,P. Formentin; L. F. Marsal,2021,10.3390/nano11030670,https://doi.org/10.3390/nano11030670,Tables 4 and 5 direct values; each entry is the average of nine measurements on macroporous silicon before/after FOTS treatment,FOTS-MacroPSi-3,semiconductor,silicon,coating,FOTS fluoroalkylsilane-treated MacroPSi-3 surface from Table 5,FOTS fluoroalkylsilane layer,porous,,,,9.36,8.13,1.22,,,,calculated from Tables 4/5 contact angles using OWRK least-squares fit; <10 values encoded as upper bound 10,inferred_from_contact_angles,diiodomethane,nonpolar,50.8,48.5,2.3,48.5,0,0,2.8,1,5.3,standard literature values at approximately 20-25 C unless source reports otherwise,298.15,,1,107.1,static,sessile_drop,3,9,4.6,,,unknown,FOTS fluoroalkylsilane-treated MacroPSi-3 surface from Table 5,A_high,no,balanced_holdout,,none,2026-05-18,balanced_holdout,SRC021,unique_or_condition_distinct_keep
CA0230,v3.4,verified,literature,Hydrophobic/Oleophilic Structures Based on MacroPorous Silicon: Effect of Topography and Fluoroalkylsilanization on Wettability,P. Formentin; L. F. Marsal,2021,10.3390/nano11030670,https://doi.org/10.3390/nano11030670,Tables 4 and 5 direct values; each entry is the average of nine measurements on macroporous silicon before/after FOTS treatment,FOTS-MacroPSi-3,semiconductor,silicon,coating,FOTS fluoroalkylsilane-treated MacroPSi-3 surface from Table 5,FOTS fluoroalkylsilane layer,porous,,,,9.36,8.13,1.22,,,,calculated from Tables 4/5 contact angles using OWRK least-squares fit; <10 values encoded as upper bound 10,inferred_from_contact_angles,formamide,polar,58,39,19,39,2.28,39.6,3.3,3.73,111,standard literature values at approximately 20-25 C unless source reports otherwise,298.15,,1,119.5,static,sessile_drop,3,9,4.4,,,unknown,FOTS fluoroalkylsilane-treated MacroPSi-3 surface from Table 5,A_high,no,balanced_holdout,,none,2026-05-18,balanced_holdout,SRC021,unique_or_condition_distinct_keep
CA0231,v3.4,verified,literature,Hydrophobic/Oleophilic Structures Based on MacroPorous Silicon: Effect of Topography and Fluoroalkylsilanization on Wettability,P. Formentin; L. F. Marsal,2021,10.3390/nano11030670,https://doi.org/10.3390/nano11030670,Tables 4 and 5 direct values; each entry is the average of nine measurements on macroporous silicon before/after FOTS treatment,FOTS-MacroPSi-4,semiconductor,silicon,coating,FOTS fluoroalkylsilane-treated MacroPSi-4 surface from Table 5,FOTS fluoroalkylsilane layer,porous,,,,5.82,5.46,0.36,,,,calculated from Tables 4/5 contact angles using OWRK least-squares fit; <10 values encoded as upper bound 10,inferred_from_contact_angles,water,polar,72.8,21.8,51,21.8,25.5,25.5,0.89,1.85,78.4,standard literature values at approximately 20-25 C unless source reports otherwise,298.15,,1,147.4,static,sessile_drop,3,9,7.6,,,unknown,FOTS fluoroalkylsilane-treated MacroPSi-4 surface from Table 5,A_high,yes,internal_pool,,none,2026-05-18,internal_train,SRC021,unique_or_condition_distinct_keep
CA0232,v3.4,verified,literature,Hydrophobic/Oleophilic Structures Based on MacroPorous Silicon: Effect of Topography and Fluoroalkylsilanization on Wettability,P. Formentin; L. F. Marsal,2021,10.3390/nano11030670,https://doi.org/10.3390/nano11030670,Tables 4 and 5 direct values; each entry is the average of nine measurements on macroporous silicon before/after FOTS treatment,FOTS-MacroPSi-4,semiconductor,silicon,coating,FOTS fluoroalkylsilane-treated MacroPSi-4 surface from Table 5,FOTS fluoroalkylsilane layer,porous,,,,5.82,5.46,0.36,,,,calculated from Tables 4/5 contact angles using OWRK least-squares fit; <10 values encoded as upper bound 10,inferred_from_contact_angles,ethylene glycol,polar,48,29,19,29,1.92,47,16.1,2.28,37,standard literature values at approximately 20-25 C unless source reports otherwise,298.15,,1,122.9,static,sessile_drop,3,9,5.3,,,unknown,FOTS fluoroalkylsilane-treated MacroPSi-4 surface from Table 5,A_high,no,hard_external,,none,2026-05-18,hard_external,SRC021,unique_or_condition_distinct_keep
CA0233,v3.4,verified,literature,Hydrophobic/Oleophilic Structures Based on MacroPorous Silicon: Effect of Topography and Fluoroalkylsilanization on Wettability,P. Formentin; L. F. Marsal,2021,10.3390/nano11030670,https://doi.org/10.3390/nano11030670,Tables 4 and 5 direct values; each entry is the average of nine measurements on macroporous silicon before/after FOTS treatment,FOTS-MacroPSi-4,semiconductor,silicon,coating,FOTS fluoroalkylsilane-treated MacroPSi-4 surface from Table 5,FOTS fluoroalkylsilane layer,porous,,,,5.82,5.46,0.36,,,,calculated from Tables 4/5 contact angles using OWRK least-squares fit; <10 values encoded as upper bound 10,inferred_from_contact_angles,diiodomethane,nonpolar,50.8,48.5,2.3,48.5,0,0,2.8,1,5.3,standard literature values at approximately 20-25 C unless source reports otherwise,298.15,,1,115.4,static,sessile_drop,3,9,6.7,,,unknown,FOTS fluoroalkylsilane-treated MacroPSi-4 surface from Table 5,A_high,yes,internal_pool,,none,2026-05-18,internal_train,SRC021,unique_or_condition_distinct_keep
CA0234,v3.4,verified,literature,Hydrophobic/Oleophilic Structures Based on MacroPorous Silicon: Effect of Topography and Fluoroalkylsilanization on Wettability,P. Formentin; L. F. Marsal,2021,10.3390/nano11030670,https://doi.org/10.3390/nano11030670,Tables 4 and 5 direct values; each entry is the average of nine measurements on macroporous silicon before/after FOTS treatment,FOTS-MacroPSi-4,semiconductor,silicon,coating,FOTS fluoroalkylsilane-treated MacroPSi-4 surface from Table 5,FOTS fluoroalkylsilane layer,porous,,,,5.82,5.46,0.36,,,,calculated from Tables 4/5 contact angles using OWRK least-squares fit; <10 values encoded as upper bound 10,inferred_from_contact_angles,formamide,polar,58,39,19,39,2.28,39.6,3.3,3.73,111,standard literature values at approximately 20-25 C unless source reports otherwise,298.15,,1,124.1,static,sessile_drop,3,9,2.8,,,unknown,FOTS fluoroalkylsilane-treated MacroPSi-4 surface from Table 5,A_high,no,hard_external,,none,2026-05-18,hard_external,SRC021,unique_or_condition_distinct_keep
CA0235,v3.4,verified,literature,Electronic performance of printed PEDOT:PSS lines correlated to the physical and chemical properties of coated inkjet papers,Viviane Forsberg; Jan Maslik; Magnus Norgren,2019,10.1039/C9RA03801A,https://doi.org/10.1039/C9RA03801A,"Tables 3 and 4 direct values; contact angles for water, diiodomethane, and ethylene glycol plus surface energy components",RSC coated paper S1,coating,coated inkjet paper,coating,RSC coated paper S1 coated inkjet paper substrate,,smooth,,105,,65.8,47.9,18,,,,"same paper Table 4: total surface energy, gamma_S^LW, and gamma_S^AB",literature_reported,diiodomethane,nonpolar,50.8,48.5,2.3,48.5,0,0,2.8,1,5.3,same paper Table 2 for probe-liquid surface tension components where available,296.15,,1,19.7,static,sessile_drop,3,5,2,,,unknown,commercial coated inkjet paper substrate used for printed PEDOT:PSS line performance study,A_high,no,balanced_holdout,,none,2026-05-18,balanced_holdout,SRC013,unique_or_condition_distinct_keep
CA0236,v3.4,verified,literature,Electronic performance of printed PEDOT:PSS lines correlated to the physical and chemical properties of coated inkjet papers,Viviane Forsberg; Jan Maslik; Magnus Norgren,2019,10.1039/C9RA03801A,https://doi.org/10.1039/C9RA03801A,"Tables 3 and 4 direct values; contact angles for water, diiodomethane, and ethylene glycol plus surface energy components",RSC coated paper S1,coating,coated inkjet paper,coating,RSC coated paper S1 coated inkjet paper substrate,,smooth,,105,,65.8,47.9,18,,,,"same paper Table 4: total surface energy, gamma_S^LW, and gamma_S^AB",literature_reported,ethylene glycol,polar,48,29,19,29,1.92,47,16.1,2.28,37,same paper Table 2 for probe-liquid surface tension components where available,296.15,,1,20.1,static,sessile_drop,3,5,2,,,unknown,commercial coated inkjet paper substrate used for printed PEDOT:PSS line performance study,A_high,no,balanced_holdout,,none,2026-05-18,balanced_holdout,SRC013,unique_or_condition_distinct_keep
CA0237,v3.4,verified,literature,Electronic performance of printed PEDOT:PSS lines correlated to the physical and chemical properties of coated inkjet papers,Viviane Forsberg; Jan Maslik; Magnus Norgren,2019,10.1039/C9RA03801A,https://doi.org/10.1039/C9RA03801A,"Tables 3 and 4 direct values; contact angles for water, diiodomethane, and ethylene glycol plus surface energy components",RSC coated paper S1,coating,coated inkjet paper,coating,RSC coated paper S1 coated inkjet paper substrate,,smooth,,105,,65.8,47.9,18,,,,"same paper Table 4: total surface energy, gamma_S^LW, and gamma_S^AB",literature_reported,water,polar,72.8,21.8,51,21.8,25.5,25.5,0.89,1.85,78.4,same paper Table 2 for probe-liquid surface tension components where available,296.15,,1,19.7,static,sessile_drop,3,5,2,,,unknown,commercial coated inkjet paper substrate used for printed PEDOT:PSS line performance study,A_high,no,balanced_holdout,,none,2026-05-18,balanced_holdout,SRC013,unique_or_condition_distinct_keep
CA0238,v3.4,verified,literature,Electronic performance of printed PEDOT:PSS lines correlated to the physical and chemical properties of coated inkjet papers,Viviane Forsberg; Jan Maslik; Magnus Norgren,2019,10.1039/C9RA03801A,https://doi.org/10.1039/C9RA03801A,"Tables 3 and 4 direct values; contact angles for water, diiodomethane, and ethylene glycol plus surface energy components",RSC coated paper S2,coating,coated inkjet paper,coating,RSC coated paper S2 coated inkjet paper substrate,,smooth,,10,,57.7,43.6,14.1,,,,"same paper Table 4: total surface energy, gamma_S^LW, and gamma_S^AB",literature_reported,diiodomethane,nonpolar,50.8,48.5,2.3,48.5,0,0,2.8,1,5.3,same paper Table 2 for probe-liquid surface tension components where available,296.15,,1,31.5,static,sessile_drop,3,5,2,,,unknown,commercial coated inkjet paper substrate used for printed PEDOT:PSS line performance study,A_high,no,balanced_holdout,,none,2026-05-18,balanced_holdout,SRC013,unique_or_condition_distinct_keep
CA0239,v3.4,verified,literature,Electronic performance of printed PEDOT:PSS lines correlated to the physical and chemical properties of coated inkjet papers,Viviane Forsberg; Jan Maslik; Magnus Norgren,2019,10.1039/C9RA03801A,https://doi.org/10.1039/C9RA03801A,"Tables 3 and 4 direct values; contact angles for water, diiodomethane, and ethylene glycol plus surface energy components",RSC coated paper S2,coating,coated inkjet paper,coating,RSC coated paper S2 coated inkjet paper substrate,,smooth,,10,,57.7,43.6,14.1,,,,"same paper Table 4: total surface energy, gamma_S^LW, and gamma_S^AB",literature_reported,ethylene glycol,polar,48,29,19,29,1.92,47,16.1,2.28,37,same paper Table 2 for probe-liquid surface tension components where available,296.15,,1,34.7,static,sessile_drop,3,5,2,,,unknown,commercial coated inkjet paper substrate used for printed PEDOT:PSS line performance study,A_high,no,balanced_holdout,,none,2026-05-18,balanced_holdout,SRC013,unique_or_condition_distinct_keep
CA0240,v3.4,verified,literature,Electronic performance of printed PEDOT:PSS lines correlated to the physical and chemical properties of coated inkjet papers,Viviane Forsberg; Jan Maslik; Magnus Norgren,2019,10.1039/C9RA03801A,https://doi.org/10.1039/C9RA03801A,"Tables 3 and 4 direct values; contact angles for water, diiodomethane, and ethylene glycol plus surface energy components",RSC coated paper S2,coating,coated inkjet paper,coating,RSC coated paper S2 coated inkjet paper substrate,,smooth,,10,,57.7,43.6,14.1,,,,"same paper Table 4: total surface energy, gamma_S^LW, and gamma_S^AB",literature_reported,water,polar,72.8,21.8,51,21.8,25.5,25.5,0.89,1.85,78.4,same paper Table 2 for probe-liquid surface tension components where available,296.15,,1,38.8,static,sessile_drop,3,5,2,,,unknown,commercial coated inkjet paper substrate used for printed PEDOT:PSS line performance study,A_high,no,internal_pool,,none,2026-05-18,internal_test,SRC013,unique_or_condition_distinct_keep
CA0241,v3.4,verified,literature,Electronic performance of printed PEDOT:PSS lines correlated to the physical and chemical properties of coated inkjet papers,Viviane Forsberg; Jan Maslik; Magnus Norgren,2019,10.1039/C9RA03801A,https://doi.org/10.1039/C9RA03801A,"Tables 3 and 4 direct values; contact angles for water, diiodomethane, and ethylene glycol plus surface energy components",RSC coated paper S3,coating,coated inkjet paper,coating,RSC coated paper S3 coated inkjet paper substrate,,smooth,,10,,54.7,46.6,8.1,,,,"same paper Table 4: total surface energy, gamma_S^LW, and gamma_S^AB",literature_reported,diiodomethane,nonpolar,50.8,48.5,2.3,48.5,0,0,2.8,1,5.3,same paper Table 2 for probe-liquid surface tension components where available,296.15,,1,23.8,static,sessile_drop,3,5,2,,,unknown,commercial coated inkjet paper substrate used for printed PEDOT:PSS line performance study,A_high,no,internal_pool,,none,2026-05-18,internal_test,SRC013,unique_or_condition_distinct_keep
CA0242,v3.4,verified,literature,Electronic performance of printed PEDOT:PSS lines correlated to the physical and chemical properties of coated inkjet papers,Viviane Forsberg; Jan Maslik; Magnus Norgren,2019,10.1039/C9RA03801A,https://doi.org/10.1039/C9RA03801A,"Tables 3 and 4 direct values; contact angles for water, diiodomethane, and ethylene glycol plus surface energy components",RSC coated paper S3,coating,coated inkjet paper,coating,RSC coated paper S3 coated inkjet paper substrate,,smooth,,10,,54.7,46.6,8.1,,,,"same paper Table 4: total surface energy, gamma_S^LW, and gamma_S^AB",literature_reported,ethylene glycol,polar,48,29,19,29,1.92,47,16.1,2.28,37,same paper Table 2 for probe-liquid surface tension components where available,296.15,,1,28.1,static,sessile_drop,3,5,2,,,unknown,commercial coated inkjet paper substrate used for printed PEDOT:PSS line performance study,A_high,yes,internal_pool,,none,2026-05-18,internal_train,SRC013,unique_or_condition_distinct_keep
CA0243,v3.4,verified,literature,Electronic performance of printed PEDOT:PSS lines correlated to the physical and chemical properties of coated inkjet papers,Viviane Forsberg; Jan Maslik; Magnus Norgren,2019,10.1039/C9RA03801A,https://doi.org/10.1039/C9RA03801A,"Tables 3 and 4 direct values; contact angles for water, diiodomethane, and ethylene glycol plus surface energy components",RSC coated paper S3,coating,coated inkjet paper,coating,RSC coated paper S3 coated inkjet paper substrate,,smooth,,10,,54.7,46.6,8.1,,,,"same paper Table 4: total surface energy, gamma_S^LW, and gamma_S^AB",literature_reported,water,polar,72.8,21.8,51,21.8,25.5,25.5,0.89,1.85,78.4,same paper Table 2 for probe-liquid surface tension components where available,296.15,,1,43,static,sessile_drop,3,5,2,,,unknown,commercial coated inkjet paper substrate used for printed PEDOT:PSS line performance study,A_high,no,internal_pool,,none,2026-05-18,internal_test,SRC013,unique_or_condition_distinct_keep
CA0244,v3.4,verified,literature,Electronic performance of printed PEDOT:PSS lines correlated to the physical and chemical properties of coated inkjet papers,Viviane Forsberg; Jan Maslik; Magnus Norgren,2019,10.1039/C9RA03801A,https://doi.org/10.1039/C9RA03801A,"Tables 3 and 4 direct values; contact angles for water, diiodomethane, and ethylene glycol plus surface energy components",RSC coated paper S4,coating,coated inkjet paper,coating,RSC coated paper S4 coated inkjet paper substrate,,smooth,,10,,55.3,46.7,8.6,,,,"same paper Table 4: total surface energy, gamma_S^LW, and gamma_S^AB",literature_reported,diiodomethane,nonpolar,50.8,48.5,2.3,48.5,0,0,2.8,1,5.3,same paper Table 2 for probe-liquid surface tension components where available,296.15,,1,23.4,static,sessile_drop,3,5,2,,,unknown,commercial coated inkjet paper substrate used for printed PEDOT:PSS line performance study,A_high,yes,internal_pool,,none,2026-05-18,internal_train,SRC013,unique_or_condition_distinct_keep
CA0245,v3.4,verified,literature,Electronic performance of printed PEDOT:PSS lines correlated to the physical and chemical properties of coated inkjet papers,Viviane Forsberg; Jan Maslik; Magnus Norgren,2019,10.1039/C9RA03801A,https://doi.org/10.1039/C9RA03801A,"Tables 3 and 4 direct values; contact angles for water, diiodomethane, and ethylene glycol plus surface energy components",RSC coated paper S4,coating,coated inkjet paper,coating,RSC coated paper S4 coated inkjet paper substrate,,smooth,,10,,55.3,46.7,8.6,,,,"same paper Table 4: total surface energy, gamma_S^LW, and gamma_S^AB",literature_reported,ethylene glycol,polar,48,29,19,29,1.92,47,16.1,2.28,37,same paper Table 2 for probe-liquid surface tension components where available,296.15,,1,23.3,static,sessile_drop,3,5,2,,,unknown,commercial coated inkjet paper substrate used for printed PEDOT:PSS line performance study,A_high,no,internal_pool,,none,2026-05-18,internal_test,SRC013,unique_or_condition_distinct_keep
CA0246,v3.4,verified,literature,Electronic performance of printed PEDOT:PSS lines correlated to the physical and chemical properties of coated inkjet papers,Viviane Forsberg; Jan Maslik; Magnus Norgren,2019,10.1039/C9RA03801A,https://doi.org/10.1039/C9RA03801A,"Tables 3 and 4 direct values; contact angles for water, diiodomethane, and ethylene glycol plus surface energy components",RSC coated paper S4,coating,coated inkjet paper,coating,RSC coated paper S4 coated inkjet paper substrate,,smooth,,10,,55.3,46.7,8.6,,,,"same paper Table 4: total surface energy, gamma_S^LW, and gamma_S^AB",literature_reported,water,polar,72.8,21.8,51,21.8,25.5,25.5,0.89,1.85,78.4,same paper Table 2 for probe-liquid surface tension components where available,296.15,,1,37.3,static,sessile_drop,3,5,2,,,unknown,commercial coated inkjet paper substrate used for printed PEDOT:PSS line performance study,A_high,yes,internal_pool,,none,2026-05-18,internal_train,SRC013,unique_or_condition_distinct_keep
CA0247,v3.4,verified,literature,Electronic performance of printed PEDOT:PSS lines correlated to the physical and chemical properties of coated inkjet papers,Viviane Forsberg; Jan Maslik; Magnus Norgren,2019,10.1039/C9RA03801A,https://doi.org/10.1039/C9RA03801A,"Tables 3 and 4 direct values; contact angles for water, diiodomethane, and ethylene glycol plus surface energy components",RSC coated paper S5,coating,coated inkjet paper,coating,RSC coated paper S5 coated inkjet paper substrate,,smooth,,10,,61.3,46.6,14.8,,,,"same paper Table 4: total surface energy, gamma_S^LW, and gamma_S^AB",literature_reported,diiodomethane,nonpolar,50.8,48.5,2.3,48.5,0,0,2.8,1,5.3,same paper Table 2 for probe-liquid surface tension components where available,296.15,,1,23.8,static,sessile_drop,3,5,2,,,unknown,commercial coated inkjet paper substrate used for printed PEDOT:PSS line performance study,A_high,yes,internal_pool,,none,2026-05-18,internal_train,SRC013,unique_or_condition_distinct_keep
CA0248,v3.4,verified,literature,Electronic performance of printed PEDOT:PSS lines correlated to the physical and chemical properties of coated inkjet papers,Viviane Forsberg; Jan Maslik; Magnus Norgren,2019,10.1039/C9RA03801A,https://doi.org/10.1039/C9RA03801A,"Tables 3 and 4 direct values; contact angles for water, diiodomethane, and ethylene glycol plus surface energy components",RSC coated paper S5,coating,coated inkjet paper,coating,RSC coated paper S5 coated inkjet paper substrate,,smooth,,10,,61.3,46.6,14.8,,,,"same paper Table 4: total surface energy, gamma_S^LW, and gamma_S^AB",literature_reported,ethylene glycol,polar,48,29,19,29,1.92,47,16.1,2.28,37,same paper Table 2 for probe-liquid surface tension components where available,296.15,,1,33.1,static,sessile_drop,3,5,2,,,unknown,commercial coated inkjet paper substrate used for printed PEDOT:PSS line performance study,A_high,no,internal_pool,,none,2026-05-18,internal_test,SRC013,unique_or_condition_distinct_keep
CA0249,v3.4,verified,literature,Electronic performance of printed PEDOT:PSS lines correlated to the physical and chemical properties of coated inkjet papers,Viviane Forsberg; Jan Maslik; Magnus Norgren,2019,10.1039/C9RA03801A,https://doi.org/10.1039/C9RA03801A,"Tables 3 and 4 direct values; contact angles for water, diiodomethane, and ethylene glycol plus surface energy components",RSC coated paper S5,coating,coated inkjet paper,coating,RSC coated paper S5 coated inkjet paper substrate,,smooth,,10,,61.3,46.6,14.8,,,,"same paper Table 4: total surface energy, gamma_S^LW, and gamma_S^AB",literature_reported,water,polar,72.8,21.8,51,21.8,25.5,25.5,0.89,1.85,78.4,same paper Table 2 for probe-liquid surface tension components where available,296.15,,1,40.1,static,sessile_drop,3,5,2,,,unknown,commercial coated inkjet paper substrate used for printed PEDOT:PSS line performance study,A_high,yes,internal_pool,,none,2026-05-18,internal_train,SRC013,unique_or_condition_distinct_keep
CA0250,v3.4,verified,literature,Electronic performance of printed PEDOT:PSS lines correlated to the physical and chemical properties of coated inkjet papers,Viviane Forsberg; Jan Maslik; Magnus Norgren,2019,10.1039/C9RA03801A,https://doi.org/10.1039/C9RA03801A,"Tables 3 and 4 direct values; contact angles for water, diiodomethane, and ethylene glycol plus surface energy components",RSC coated paper S6,coating,coated inkjet paper,coating,RSC coated paper S6 coated inkjet paper substrate,,smooth,,10,,53.1,42.9,10.1,,,,"same paper Table 4: total surface energy, gamma_S^LW, and gamma_S^AB",literature_reported,diiodomethane,nonpolar,50.8,48.5,2.3,48.5,0,0,2.8,1,5.3,same paper Table 2 for probe-liquid surface tension components where available,296.15,,1,33.1,static,sessile_drop,3,5,2,,,unknown,commercial coated inkjet paper substrate used for printed PEDOT:PSS line performance study,A_high,no,internal_pool,,none,2026-05-18,internal_val,SRC013,unique_or_condition_distinct_keep
CA0251,v3.4,verified,literature,Electronic performance of printed PEDOT:PSS lines correlated to the physical and chemical properties of coated inkjet papers,Viviane Forsberg; Jan Maslik; Magnus Norgren,2019,10.1039/C9RA03801A,https://doi.org/10.1039/C9RA03801A,"Tables 3 and 4 direct values; contact angles for water, diiodomethane, and ethylene glycol plus surface energy components",RSC coated paper S6,coating,coated inkjet paper,coating,RSC coated paper S6 coated inkjet paper substrate,,smooth,,10,,53.1,42.9,10.1,,,,"same paper Table 4: total surface energy, gamma_S^LW, and gamma_S^AB",literature_reported,ethylene glycol,polar,48,29,19,29,1.92,47,16.1,2.28,37,same paper Table 2 for probe-liquid surface tension components where available,296.15,,1,37,static,sessile_drop,3,5,2,,,unknown,commercial coated inkjet paper substrate used for printed PEDOT:PSS line performance study,A_high,yes,internal_pool,,none,2026-05-18,internal_train,SRC013,unique_or_condition_distinct_keep
CA0252,v3.4,verified,literature,Electronic performance of printed PEDOT:PSS lines correlated to the physical and chemical properties of coated inkjet papers,Viviane Forsberg; Jan Maslik; Magnus Norgren,2019,10.1039/C9RA03801A,https://doi.org/10.1039/C9RA03801A,"Tables 3 and 4 direct values; contact angles for water, diiodomethane, and ethylene glycol plus surface energy components",RSC coated paper S6,coating,coated inkjet paper,coating,RSC coated paper S6 coated inkjet paper substrate,,smooth,,10,,53.1,42.9,10.1,,,,"same paper Table 4: total surface energy, gamma_S^LW, and gamma_S^AB",literature_reported,water,polar,72.8,21.8,51,21.8,25.5,25.5,0.89,1.85,78.4,same paper Table 2 for probe-liquid surface tension components where available,296.15,,1,46,static,sessile_drop,3,5,2,,,unknown,commercial coated inkjet paper substrate used for printed PEDOT:PSS line performance study,A_high,yes,internal_pool,,none,2026-05-18,internal_train,SRC013,unique_or_condition_distinct_keep
CA0253,v3.4,verified,literature_review,Thirty years of contact angles reveal universal design rules for wetting control,Berry et al.,2026,10.1038/s41598-026-40965-x,https://doi.org/10.1038/s41598-026-40965-x,Table 1 curated static contact angle value; row-specific source reference number retained in notes,Fe,metal,,untreated,"water contact angle from Berry Table 1, primary ref [24]",,smooth,,,,66,46,20,,,,project/default estimate used to complete solid feature columns; contact angle from Berry Table 1,assumed_or_estimated,water,polar,72.8,21.8,51,21.8,25.5,25.5,0.89,1.85,78.4,standard literature values at approximately 20-25 C unless source reports otherwise,298.15,,1,57,static,sessile_drop,,,,,,unknown,"water contact angle from Berry Table 1, primary ref [24]",B_medium,no,unassigned,,possible_duplicate,2026-05-18,excluded_review,SRC011,unique_or_condition_distinct_keep
CA0254,v3.4,verified,literature_review,Thirty years of contact angles reveal universal design rules for wetting control,Berry et al.,2026,10.1038/s41598-026-40965-x,https://doi.org/10.1038/s41598-026-40965-x,Table 1 curated static contact angle value; row-specific source reference number retained in notes,Aluminum,metal,,mechanical_polishing,"polished aluminum, water contact angle from Berry Table 1, primary ref [24]",,smooth,,,,65,45,20,,,,project/default estimate used to complete solid feature columns; contact angle from Berry Table 1,assumed_or_estimated,water,polar,72.8,21.8,51,21.8,25.5,25.5,0.89,1.85,78.4,standard literature values at approximately 20-25 C unless source reports otherwise,298.15,,1,58,static,sessile_drop,,,,,,unknown,"polished aluminum, water contact angle from Berry Table 1, primary ref [24]",B_medium,no,unassigned,,possible_duplicate,2026-05-18,excluded_review,SRC011,unique_or_condition_distinct_keep
CA0255,v3.4,verified,literature_review,Thirty years of contact angles reveal universal design rules for wetting control,Berry et al.,2026,10.1038/s41598-026-40965-x,https://doi.org/10.1038/s41598-026-40965-x,Table 1 curated static contact angle value; row-specific source reference number retained in notes,Mo,metal,,untreated,"water contact angle from Berry Table 1, primary ref [24]",,smooth,,,,64,48,16,,,,project/default estimate used to complete solid feature columns; contact angle from Berry Table 1,assumed_or_estimated,water,polar,72.8,21.8,51,21.8,25.5,25.5,0.89,1.85,78.4,standard literature values at approximately 20-25 C unless source reports otherwise,298.15,,1,58,static,sessile_drop,,,,,,unknown,"water contact angle from Berry Table 1, primary ref [24]",B_medium,no,unassigned,,possible_duplicate,2026-05-18,excluded_review,SRC011,unique_or_condition_distinct_keep
CA0256,v3.4,verified,literature_review,Thirty years of contact angles reveal universal design rules for wetting control,Berry et al.,2026,10.1038/s41598-026-40965-x,https://doi.org/10.1038/s41598-026-40965-x,Table 1 curated static contact angle value; row-specific source reference number retained in notes,Ti,metal,,untreated,"water contact angle from Berry Table 1, primary ref [24]",,smooth,,,,68,35,33,,,,project/default estimate used to complete solid feature columns; contact angle from Berry Table 1,assumed_or_estimated,water,polar,72.8,21.8,51,21.8,25.5,25.5,0.89,1.85,78.4,standard literature values at approximately 20-25 C unless source reports otherwise,298.15,,1,63,static,sessile_drop,,,,,,unknown,"water contact angle from Berry Table 1, primary ref [24]",B_medium,no,unassigned,,possible_duplicate,2026-05-18,excluded_review,SRC011,unique_or_condition_distinct_keep
CA0257,v3.4,verified,literature_review,Thirty years of contact angles reveal universal design rules for wetting control,Berry et al.,2026,10.1038/s41598-026-40965-x,https://doi.org/10.1038/s41598-026-40965-x,Table 1 curated static contact angle value; row-specific source reference number retained in notes,Ag,metal,,mechanical_polishing,"polished silver substrate, water contact angle from Berry Table 1, primary ref [24]",,smooth,,,,55,50,5,,,,project/default estimate used to complete solid feature columns; contact angle from Berry Table 1,assumed_or_estimated,water,polar,72.8,21.8,51,21.8,25.5,25.5,0.89,1.85,78.4,standard literature values at approximately 20-25 C unless source reports otherwise,298.15,,1,64,static,sessile_drop,,,5,,,unknown,"polished silver substrate, water contact angle from Berry Table 1, primary ref [24]",B_medium,no,balanced_holdout,,possible_duplicate,2026-05-18,balanced_holdout,SRC011,unique_or_condition_distinct_keep
CA0258,v3.4,verified,literature_review,Thirty years of contact angles reveal universal design rules for wetting control,Berry et al.,2026,10.1038/s41598-026-40965-x,https://doi.org/10.1038/s41598-026-40965-x,Table 1 curated static contact angle value; row-specific source reference number retained in notes,CeO2,oxide,,untreated,"CeO2 (110) water contact angle from Berry Table 1, primary ref [27]",,smooth,,,,65,32,33,,,,project/default estimate used to complete solid feature columns; contact angle from Berry Table 1,assumed_or_estimated,water,polar,72.8,21.8,51,21.8,25.5,25.5,0.89,1.85,78.4,standard literature values at approximately 20-25 C unless source reports otherwise,298.15,,1,64,static,sessile_drop,,,3,,,unknown,"CeO2 (110) water contact angle from Berry Table 1, primary ref [27]",B_medium,no,unassigned,,possible_duplicate,2026-05-18,excluded_review,SRC011,unique_or_condition_distinct_keep
CA0259,v3.4,verified,literature_review,Thirty years of contact angles reveal universal design rules for wetting control,Berry et al.,2026,10.1038/s41598-026-40965-x,https://doi.org/10.1038/s41598-026-40965-x,Table 1 curated static contact angle value; row-specific source reference number retained in notes,Talc,ceramic,,untreated,"talc equilibrium/Young water contact angle from Berry Table 1, primary ref [17]",,smooth,,,,38,34,4,,,,project/default estimate used to complete solid feature columns; contact angle from Berry Table 1,assumed_or_estimated,water,polar,72.8,21.8,51,21.8,25.5,25.5,0.89,1.85,78.4,standard literature values at approximately 20-25 C unless source reports otherwise,298.15,,1,64.4,static,unknown,,,,,,unknown,"talc equilibrium/Young water contact angle from Berry Table 1, primary ref [17]",B_medium,no,unassigned,,possible_duplicate,2026-05-18,excluded_review,SRC011,unique_or_condition_distinct_keep
CA0260,v3.4,verified,literature_review,Thirty years of contact angles reveal universal design rules for wetting control,Berry et al.,2026,10.1038/s41598-026-40965-x,https://doi.org/10.1038/s41598-026-40965-x,Table 1 curated static contact angle value; row-specific source reference number retained in notes,Nb,metal,,untreated,"water contact angle from Berry Table 1, primary ref [24]",,smooth,,,,67,45,22,,,,project/default estimate used to complete solid feature columns; contact angle from Berry Table 1,assumed_or_estimated,water,polar,72.8,21.8,51,21.8,25.5,25.5,0.89,1.85,78.4,standard literature values at approximately 20-25 C unless source reports otherwise,298.15,,1,67,static,sessile_drop,,,,,,unknown,"water contact angle from Berry Table 1, primary ref [24]",B_medium,no,unassigned,,possible_duplicate,2026-05-18,excluded_review,SRC011,unique_or_condition_distinct_keep
CA0261,v3.4,verified,literature_review,Thirty years of contact angles reveal universal design rules for wetting control,Berry et al.,2026,10.1038/s41598-026-40965-x,https://doi.org/10.1038/s41598-026-40965-x,Table 1 curated static contact angle value; row-specific source reference number retained in notes,Ni,metal,,untreated,"water contact angle from Berry Table 1, primary ref [24]",,smooth,,,,64,44,20,,,,project/default estimate used to complete solid feature columns; contact angle from Berry Table 1,assumed_or_estimated,water,polar,72.8,21.8,51,21.8,25.5,25.5,0.89,1.85,78.4,standard literature values at approximately 20-25 C unless source reports otherwise,298.15,,1,68,static,sessile_drop,,,,,,unknown,"water contact angle from Berry Table 1, primary ref [24]",B_medium,no,unassigned,,possible_duplicate,2026-05-18,excluded_review,SRC011,unique_or_condition_distinct_keep
CA0262,v3.4,verified,literature_review,Thirty years of contact angles reveal universal design rules for wetting control,Berry et al.,2026,10.1038/s41598-026-40965-x,https://doi.org/10.1038/s41598-026-40965-x,Table 1 curated static contact angle value; row-specific source reference number retained in notes,W,metal,,untreated,"water contact angle from Berry Table 1, primary ref [24]",,smooth,,,,68,50,18,,,,project/default estimate used to complete solid feature columns; contact angle from Berry Table 1,assumed_or_estimated,water,polar,72.8,21.8,51,21.8,25.5,25.5,0.89,1.85,78.4,standard literature values at approximately 20-25 C unless source reports otherwise,298.15,,1,68,static,sessile_drop,,,,,,unknown,"water contact angle from Berry Table 1, primary ref [24]",B_medium,no,unassigned,,possible_duplicate,2026-05-18,excluded_review,SRC011,unique_or_condition_distinct_keep
CA0263,v3.4,verified,literature_review,Thirty years of contact angles reveal universal design rules for wetting control,Berry et al.,2026,10.1038/s41598-026-40965-x,https://doi.org/10.1038/s41598-026-40965-x,Table 1 curated static contact angle value; row-specific source reference number retained in notes,Sn,metal,,untreated,"water contact angle from Berry Table 1, primary ref [24]",,smooth,,,,56,40,16,,,,project/default estimate used to complete solid feature columns; contact angle from Berry Table 1,assumed_or_estimated,water,polar,72.8,21.8,51,21.8,25.5,25.5,0.89,1.85,78.4,standard literature values at approximately 20-25 C unless source reports otherwise,298.15,,1,71,static,sessile_drop,,,,,,unknown,"water contact angle from Berry Table 1, primary ref [24]",B_medium,no,unassigned,,possible_duplicate,2026-05-18,excluded_review,SRC011,unique_or_condition_distinct_keep
CA0264,v3.4,verified,literature_review,Thirty years of contact angles reveal universal design rules for wetting control,Berry et al.,2026,10.1038/s41598-026-40965-x,https://doi.org/10.1038/s41598-026-40965-x,Table 1 curated static contact angle value; row-specific source reference number retained in notes,Si,other,,untreated,"water contact angle from Berry Table 1, primary ref [24]",,smooth,,,,44,34,10,,,,project/default estimate used to complete solid feature columns; contact angle from Berry Table 1,assumed_or_estimated,water,polar,72.8,21.8,51,21.8,25.5,25.5,0.89,1.85,78.4,standard literature values at approximately 20-25 C unless source reports otherwise,298.15,,1,72,static,sessile_drop,,,,,,unknown,"water contact angle from Berry Table 1, primary ref [24]",B_medium,no,unassigned,,possible_duplicate,2026-05-18,excluded_review,SRC011,unique_or_condition_distinct_keep
CA0265,v3.4,verified,literature_review,Thirty years of contact angles reveal universal design rules for wetting control,Berry et al.,2026,10.1038/s41598-026-40965-x,https://doi.org/10.1038/s41598-026-40965-x,Table 1 curated static contact angle value; row-specific source reference number retained in notes,Copper,metal,,oxidation,"oxidized copper, water contact angle from Berry Table 1, primary ref [24]",,smooth,,,,60,45,15,,,,project/default estimate used to complete solid feature columns; contact angle from Berry Table 1,assumed_or_estimated,water,polar,72.8,21.8,51,21.8,25.5,25.5,0.89,1.85,78.4,standard literature values at approximately 20-25 C unless source reports otherwise,298.15,,1,73,static,sessile_drop,,,,,,unknown,"oxidized copper, water contact angle from Berry Table 1, primary ref [24]",B_medium,no,unassigned,,possible_duplicate,2026-05-18,excluded_review,SRC011,unique_or_condition_distinct_keep
CA0266,v3.4,verified,literature_review,Thirty years of contact angles reveal universal design rules for wetting control,Berry et al.,2026,10.1038/s41598-026-40965-x,https://doi.org/10.1038/s41598-026-40965-x,Table 1 curated static contact angle value; row-specific source reference number retained in notes,Gold,metal,,untreated,"water contact angle from Berry Table 1, primary ref [24]",,smooth,,,,58,50,8,,,,project/default estimate used to complete solid feature columns; contact angle from Berry Table 1,assumed_or_estimated,water,polar,72.8,21.8,51,21.8,25.5,25.5,0.89,1.85,78.4,standard literature values at approximately 20-25 C unless source reports otherwise,298.15,,1,73,static,sessile_drop,,,,,,unknown,"water contact angle from Berry Table 1, primary ref [24]",B_medium,no,unassigned,,possible_duplicate,2026-05-18,excluded_review,SRC011,unique_or_condition_distinct_keep
CA0267,v3.4,verified,literature,Nanoscale surface modifications to control capillary flow characteristics in PMMA microfluidic devices,Subhadeep Mukhopadhyay et al.,2011,10.1186/1556-276X-6-411,https://doi.org/10.1186/1556-276X-6-411,"Table 1 direct values; water and ethylene glycol contact angles for PMMA, plasma-treated PMMA, DLC-PMMA, and micropillar PMMA",PMMA microfluidic control,polymer,PMMA microfluidic device,untreated,untreated PMMA microfluidic device substrate,,smooth,,,,35.3,29.33,5.97,,,,calculated from water/ethylene glycol contact angles in Table 1 using OWRK two-liquid fit,inferred_from_contact_angles,water,polar,72.8,21.8,51,21.8,25.5,25.5,0.89,1.85,78.4,standard literature values at approximately 20-25 C unless source reports otherwise,298.15,,1,79.97,static,sessile_drop,,,,,,unknown,untreated PMMA microfluidic device substrate,A_high,no,internal_pool,,none,2026-05-18,internal_val,SRC015,unique_or_condition_distinct_keep
CA0268,v3.4,verified,literature,Nanoscale surface modifications to control capillary flow characteristics in PMMA microfluidic devices,Subhadeep Mukhopadhyay et al.,2011,10.1186/1556-276X-6-411,https://doi.org/10.1186/1556-276X-6-411,"Table 1 direct values; water and ethylene glycol contact angles for PMMA, plasma-treated PMMA, DLC-PMMA, and micropillar PMMA",PMMA microfluidic control,polymer,PMMA microfluidic device,untreated,untreated PMMA microfluidic device substrate,,smooth,,,,35.3,29.33,5.97,,,,calculated from water/ethylene glycol contact angles in Table 1 using OWRK two-liquid fit,inferred_from_contact_angles,ethylene glycol,polar,48,29,19,29,1.92,47,16.1,2.28,37,standard literature values at approximately 20-25 C unless source reports otherwise,298.15,,1,48.77,static,sessile_drop,,,,,,unknown,untreated PMMA microfluidic device substrate,A_high,no,internal_pool,,none,2026-05-18,internal_test,SRC015,unique_or_condition_distinct_keep
CA0269,v3.4,verified,literature,Nanoscale surface modifications to control capillary flow characteristics in PMMA microfluidic devices,Subhadeep Mukhopadhyay et al.,2011,10.1186/1556-276X-6-411,https://doi.org/10.1186/1556-276X-6-411,"Table 1 direct values; water and ethylene glycol contact angles for PMMA, plasma-treated PMMA, DLC-PMMA, and micropillar PMMA",Air DBD plasma-treated PMMA,polymer,PMMA microfluidic device,plasma,PMMA treated by air dielectric-barrier-discharge plasma,,smooth,,,,54.98,8.99,45.99,,,,calculated from water/ethylene glycol contact angles in Table 1 using OWRK two-liquid fit,inferred_from_contact_angles,water,polar,72.8,21.8,51,21.8,25.5,25.5,0.89,1.85,78.4,standard literature values at approximately 20-25 C unless source reports otherwise,298.15,,1,44.35,static,sessile_drop,,,,,,unknown,PMMA treated by air dielectric-barrier-discharge plasma,A_high,no,balanced_holdout,,none,2026-05-18,balanced_holdout,SRC015,unique_or_condition_distinct_keep
CA0270,v3.4,verified,literature,Nanoscale surface modifications to control capillary flow characteristics in PMMA microfluidic devices,Subhadeep Mukhopadhyay et al.,2011,10.1186/1556-276X-6-411,https://doi.org/10.1186/1556-276X-6-411,"Table 1 direct values; water and ethylene glycol contact angles for PMMA, plasma-treated PMMA, DLC-PMMA, and micropillar PMMA",Air DBD plasma-treated PMMA,polymer,PMMA microfluidic device,plasma,PMMA treated by air dielectric-barrier-discharge plasma,,smooth,,,,54.98,8.99,45.99,,,,calculated from water/ethylene glycol contact angles in Table 1 using OWRK two-liquid fit,inferred_from_contact_angles,ethylene glycol,polar,48,29,19,29,1.92,47,16.1,2.28,37,standard literature values at approximately 20-25 C unless source reports otherwise,298.15,,1,25.25,static,sessile_drop,,,,,,unknown,PMMA treated by air dielectric-barrier-discharge plasma,A_high,no,balanced_holdout,,none,2026-05-18,balanced_holdout,SRC015,unique_or_condition_distinct_keep
CA0271,v3.4,verified,literature,Nanoscale surface modifications to control capillary flow characteristics in PMMA microfluidic devices,Subhadeep Mukhopadhyay et al.,2011,10.1186/1556-276X-6-411,https://doi.org/10.1186/1556-276X-6-411,"Table 1 direct values; water and ethylene glycol contact angles for PMMA, plasma-treated PMMA, DLC-PMMA, and micropillar PMMA",N2 plasma-treated PMMA,polymer,PMMA microfluidic device,plasma,PMMA treated by nitrogen plasma,,smooth,,,,53.54,2.87,50.67,,,,calculated from water/ethylene glycol contact angles in Table 1 using OWRK two-liquid fit,inferred_from_contact_angles,water,polar,72.8,21.8,51,21.8,25.5,25.5,0.89,1.85,78.4,standard literature values at approximately 20-25 C unless source reports otherwise,298.15,,1,52.13,static,sessile_drop,,,,,,unknown,PMMA treated by nitrogen plasma,A_high,yes,internal_pool,,none,2026-05-18,internal_train,SRC015,unique_or_condition_distinct_keep
CA0272,v3.4,verified,literature,Nanoscale surface modifications to control capillary flow characteristics in PMMA microfluidic devices,Subhadeep Mukhopadhyay et al.,2011,10.1186/1556-276X-6-411,https://doi.org/10.1186/1556-276X-6-411,"Table 1 direct values; water and ethylene glycol contact angles for PMMA, plasma-treated PMMA, DLC-PMMA, and micropillar PMMA",N2 plasma-treated PMMA,polymer,PMMA microfluidic device,plasma,PMMA treated by nitrogen plasma,,smooth,,,,53.54,2.87,50.67,,,,calculated from water/ethylene glycol contact angles in Table 1 using OWRK two-liquid fit,inferred_from_contact_angles,ethylene glycol,polar,48,29,19,29,1.92,47,16.1,2.28,37,standard literature values at approximately 20-25 C unless source reports otherwise,298.15,,1,47.7,static,sessile_drop,,,,,,unknown,PMMA treated by nitrogen plasma,A_high,no,internal_pool,,none,2026-05-18,internal_val,SRC015,unique_or_condition_distinct_keep
CA0273,v3.4,verified,literature,Nanoscale surface modifications to control capillary flow characteristics in PMMA microfluidic devices,Subhadeep Mukhopadhyay et al.,2011,10.1186/1556-276X-6-411,https://doi.org/10.1186/1556-276X-6-411,"Table 1 direct values; water and ethylene glycol contact angles for PMMA, plasma-treated PMMA, DLC-PMMA, and micropillar PMMA",Un-doped DLC-coated PMMA,polymer,PMMA microfluidic device,coating,un-doped diamond-like carbon coating on PMMA,,smooth,,,,52.84,48.61,4.24,,,,calculated from water/ethylene glycol contact angles in Table 1 using OWRK two-liquid fit,inferred_from_contact_angles,water,polar,72.8,21.8,51,21.8,25.5,25.5,0.89,1.85,78.4,standard literature values at approximately 20-25 C unless source reports otherwise,298.15,,1,72.66,static,sessile_drop,,,,,,unknown,un-doped diamond-like carbon coating on PMMA,A_high,no,internal_pool,,none,2026-05-18,internal_test,SRC015,unique_or_condition_distinct_keep
CA0274,v3.4,verified,literature,Nanoscale surface modifications to control capillary flow characteristics in PMMA microfluidic devices,Subhadeep Mukhopadhyay et al.,2011,10.1186/1556-276X-6-411,https://doi.org/10.1186/1556-276X-6-411,"Table 1 direct values; water and ethylene glycol contact angles for PMMA, plasma-treated PMMA, DLC-PMMA, and micropillar PMMA",Un-doped DLC-coated PMMA,polymer,PMMA microfluidic device,coating,un-doped diamond-like carbon coating on PMMA,,smooth,,,,52.84,48.61,4.24,,,,calculated from water/ethylene glycol contact angles in Table 1 using OWRK two-liquid fit,inferred_from_contact_angles,ethylene glycol,polar,48,29,19,29,1.92,47,16.1,2.28,37,standard literature values at approximately 20-25 C unless source reports otherwise,298.15,,1,20.26,static,sessile_drop,,,,,,unknown,un-doped diamond-like carbon coating on PMMA,A_high,yes,internal_pool,,none,2026-05-18,internal_train,SRC015,unique_or_condition_distinct_keep
CA0275,v3.4,verified,literature,Nanoscale surface modifications to control capillary flow characteristics in PMMA microfluidic devices,Subhadeep Mukhopadhyay et al.,2011,10.1186/1556-276X-6-411,https://doi.org/10.1186/1556-276X-6-411,"Table 1 direct values; water and ethylene glycol contact angles for PMMA, plasma-treated PMMA, DLC-PMMA, and micropillar PMMA",Si-doped DLC-coated PMMA,polymer,PMMA microfluidic device,coating,silicon-doped diamond-like carbon coating on PMMA,,smooth,,,,47.1,44.87,2.23,,,,calculated from water/ethylene glycol contact angles in Table 1 using OWRK two-liquid fit,inferred_from_contact_angles,water,polar,72.8,21.8,51,21.8,25.5,25.5,0.89,1.85,78.4,standard literature values at approximately 20-25 C unless source reports otherwise,298.15,,1,81.25,static,sessile_drop,,,,,,unknown,silicon-doped diamond-like carbon coating on PMMA,A_high,yes,internal_pool,,none,2026-05-18,internal_train,SRC015,unique_or_condition_distinct_keep
CA0276,v3.4,verified,literature,Nanoscale surface modifications to control capillary flow characteristics in PMMA microfluidic devices,Subhadeep Mukhopadhyay et al.,2011,10.1186/1556-276X-6-411,https://doi.org/10.1186/1556-276X-6-411,"Table 1 direct values; water and ethylene glycol contact angles for PMMA, plasma-treated PMMA, DLC-PMMA, and micropillar PMMA",Si-doped DLC-coated PMMA,polymer,PMMA microfluidic device,coating,silicon-doped diamond-like carbon coating on PMMA,,smooth,,,,47.1,44.87,2.23,,,,calculated from water/ethylene glycol contact angles in Table 1 using OWRK two-liquid fit,inferred_from_contact_angles,ethylene glycol,polar,48,29,19,29,1.92,47,16.1,2.28,37,standard literature values at approximately 20-25 C unless source reports otherwise,298.15,,1,39.27,static,sessile_drop,,,,,,unknown,silicon-doped diamond-like carbon coating on PMMA,A_high,yes,internal_pool,,none,2026-05-18,internal_train,SRC015,unique_or_condition_distinct_keep
CA0277,v3.4,verified,literature,"Mechanically durable, liquid-impregnated honeycomb surfaces",P. S. Brown; B. Bhushan,2017,10.1038/s41598-017-06621-1,https://doi.org/10.1038/s41598-017-06621-1,Table 1 direct values; water and hexadecane static contact angles for flat and honeycomb polystyrene before/after fluorosilane and lubricant treatments,Flat polystyrene,polymer,polystyrene,untreated,flat polystyrene reference surface,,smooth,,,,28.35,26.45,1.9,,,,apparent OWRK fit from Table 1 water/hexadecane contact angles; rough/coated states treated as effective surfaces,inferred_from_contact_angles,water,polar,72.8,21.8,51,21.8,25.5,25.5,0.89,1.85,78.4,standard literature values at approximately 20-25 C unless source reports otherwise,298.15,,1,94,static,sessile_drop,,,1,,,unknown,flat polystyrene reference surface,A_high,yes,internal_pool,,none,2026-05-18,internal_train,SRC005,unique_or_condition_distinct_keep
CA0278,v3.4,verified,literature,"Mechanically durable, liquid-impregnated honeycomb surfaces",P. S. Brown; B. Bhushan,2017,10.1038/s41598-017-06621-1,https://doi.org/10.1038/s41598-017-06621-1,Table 1 direct values; water and hexadecane static contact angles for flat and honeycomb polystyrene before/after fluorosilane and lubricant treatments,Flat polystyrene,polymer,polystyrene,untreated,flat polystyrene reference surface,,smooth,,,,28.35,26.45,1.9,,,,apparent OWRK fit from Table 1 water/hexadecane contact angles; rough/coated states treated as effective surfaces,inferred_from_contact_angles,hexadecane,nonpolar,27.5,27.5,0,27.5,0,0,3,0,2.1,standard literature values at approximately 20-25 C unless source reports otherwise,298.15,,1,16,static,sessile_drop,,,2,,,unknown,flat polystyrene reference surface,A_high,no,balanced_holdout,,none,2026-05-18,balanced_holdout,SRC005,unique_or_condition_distinct_keep
CA0279,v3.4,verified,literature,"Mechanically durable, liquid-impregnated honeycomb surfaces",P. S. Brown; B. Bhushan,2017,10.1038/s41598-017-06621-1,https://doi.org/10.1038/s41598-017-06621-1,Table 1 direct values; water and hexadecane static contact angles for flat and honeycomb polystyrene before/after fluorosilane and lubricant treatments,Fluorosilane-treated flat polystyrene,polymer,polystyrene,coating,flat polystyrene following fluorosilane treatment,fluorosilane,smooth,,,,19.71,19.15,0.56,,,,apparent OWRK fit from Table 1 water/hexadecane contact angles; rough/coated states treated as effective surfaces,inferred_from_contact_angles,water,polar,72.8,21.8,51,21.8,25.5,25.5,0.89,1.85,78.4,standard literature values at approximately 20-25 C unless source reports otherwise,298.15,,1,107,static,sessile_drop,,,2,,,unknown,flat polystyrene following fluorosilane treatment,A_high,no,internal_pool,,none,2026-05-18,internal_test,SRC005,unique_or_condition_distinct_keep
CA0280,v3.4,verified,literature,"Mechanically durable, liquid-impregnated honeycomb surfaces",P. S. Brown; B. Bhushan,2017,10.1038/s41598-017-06621-1,https://doi.org/10.1038/s41598-017-06621-1,Table 1 direct values; water and hexadecane static contact angles for flat and honeycomb polystyrene before/after fluorosilane and lubricant treatments,Fluorosilane-treated flat polystyrene,polymer,polystyrene,coating,flat polystyrene following fluorosilane treatment,fluorosilane,smooth,,,,19.71,19.15,0.56,,,,apparent OWRK fit from Table 1 water/hexadecane contact angles; rough/coated states treated as effective surfaces,inferred_from_contact_angles,hexadecane,nonpolar,27.5,27.5,0,27.5,0,0,3,0,2.1,standard literature values at approximately 20-25 C unless source reports otherwise,298.15,,1,48,static,sessile_drop,,,2,,,unknown,flat polystyrene following fluorosilane treatment,A_high,no,balanced_holdout,,none,2026-05-18,balanced_holdout,SRC005,unique_or_condition_distinct_keep
CA0281,v3.4,verified,literature,"Mechanically durable, liquid-impregnated honeycomb surfaces",P. S. Brown; B. Bhushan,2017,10.1038/s41598-017-06621-1,https://doi.org/10.1038/s41598-017-06621-1,Table 1 direct values; water and hexadecane static contact angles for flat and honeycomb polystyrene before/after fluorosilane and lubricant treatments,Polystyrene honeycomb surface,polymer,polystyrene,microstructure,polystyrene honeycomb structured surface,,rough,,,,21.56,19.74,1.82,,,,apparent OWRK fit from Table 1 water/hexadecane contact angles; rough/coated states treated as effective surfaces,inferred_from_contact_angles,water,polar,72.8,21.8,51,21.8,25.5,25.5,0.89,1.85,78.4,standard literature values at approximately 20-25 C unless source reports otherwise,298.15,,1,134,static,sessile_drop,,,5,,,unknown,polystyrene honeycomb structured surface,B_medium,no,internal_pool,,none,2026-05-18,internal_test,SRC005,unique_or_condition_distinct_keep
CA0282,v3.4,verified,literature,"Mechanically durable, liquid-impregnated honeycomb surfaces",P. S. Brown; B. Bhushan,2017,10.1038/s41598-017-06621-1,https://doi.org/10.1038/s41598-017-06621-1,Table 1 direct values; water and hexadecane static contact angles for flat and honeycomb polystyrene before/after fluorosilane and lubricant treatments,Polystyrene honeycomb surface,polymer,polystyrene,microstructure,polystyrene honeycomb structured surface,,rough,,,,21.56,19.74,1.82,,,,apparent OWRK fit from Table 1 water/hexadecane contact angles; rough/coated states treated as effective surfaces,inferred_from_contact_angles,hexadecane,nonpolar,27.5,27.5,0,27.5,0,0,3,0,2.1,standard literature values at approximately 20-25 C unless source reports otherwise,298.15,,1,46,static,sessile_drop,,,2,,,unknown,polystyrene honeycomb structured surface,B_medium,no,balanced_holdout,,none,2026-05-18,balanced_holdout,SRC005,unique_or_condition_distinct_keep
CA0283,v3.4,verified,literature,"Mechanically durable, liquid-impregnated honeycomb surfaces",P. S. Brown; B. Bhushan,2017,10.1038/s41598-017-06621-1,https://doi.org/10.1038/s41598-017-06621-1,Table 1 direct values; water and hexadecane static contact angles for flat and honeycomb polystyrene before/after fluorosilane and lubricant treatments,Fluorosilane-treated polystyrene honeycomb surface,polymer,polystyrene,coating,polystyrene honeycomb structured surface following fluorosilane treatment,fluorosilane,rough,,,,0.88,0.88,0,,,,apparent OWRK fit from Table 1 water/hexadecane contact angles; rough/coated states treated as effective surfaces,inferred_from_contact_angles,water,polar,72.8,21.8,51,21.8,25.5,25.5,0.89,1.85,78.4,standard literature values at approximately 20-25 C unless source reports otherwise,298.15,,1,153,static,sessile_drop,,,2,,,unknown,polystyrene honeycomb structured surface following fluorosilane treatment,B_medium,no,internal_pool,,none,2026-05-18,internal_val,SRC005,unique_or_condition_distinct_keep
CA0284,v3.4,verified,literature,"Mechanically durable, liquid-impregnated honeycomb surfaces",P. S. Brown; B. Bhushan,2017,10.1038/s41598-017-06621-1,https://doi.org/10.1038/s41598-017-06621-1,Table 1 direct values; water and hexadecane static contact angles for flat and honeycomb polystyrene before/after fluorosilane and lubricant treatments,Fluorosilane-treated polystyrene honeycomb surface,polymer,polystyrene,coating,polystyrene honeycomb structured surface following fluorosilane treatment,fluorosilane,rough,,,,0.88,0.88,0,,,,apparent OWRK fit from Table 1 water/hexadecane contact angles; rough/coated states treated as effective surfaces,inferred_from_contact_angles,hexadecane,nonpolar,27.5,27.5,0,27.5,0,0,3,0,2.1,standard literature values at approximately 20-25 C unless source reports otherwise,298.15,,1,130,static,sessile_drop,,,5,,,unknown,polystyrene honeycomb structured surface following fluorosilane treatment,B_medium,no,balanced_holdout,,none,2026-05-18,balanced_holdout,SRC005,unique_or_condition_distinct_keep
CA0285,v3.4,verified,literature,Flexible Organic Thin Film Transistors Incorporating a Biodegradable CO2-based Polymer as the Dielectric and Substrate,Rullyani et al.,2018,10.1038/s41598-018-26585-0,https://doi.org/10.1038/s41598-018-26585-0,Surface characterization section direct values; water and diiodomethane contact angles for PPC biodegradable polymer dielectric/substrate,Polypropylene carbonate (PPC),polymer,biodegradable PPC film,untreated,biodegradable CO2-based PPC polymer dielectric/substrate film,,smooth,,,,42.39,31.98,10.41,,,,calculated from water/diiodomethane contact angles reported in the surface characterization section; paper reports total surface free energy about 47 mJ/m2,inferred_from_contact_angles,water,polar,72.8,21.8,51,21.8,25.5,25.5,0.89,1.85,78.4,standard literature values at approximately 20-25 C unless source reports otherwise,298.15,,1,69,static,sessile_drop,,,,,,unknown,PPC film used as both dielectric and flexible substrate in organic thin-film transistors,A_high,yes,internal_pool,,none,2026-05-18,internal_train,SRC006,unique_or_condition_distinct_keep
CA0286,v3.4,verified,literature,Flexible Organic Thin Film Transistors Incorporating a Biodegradable CO2-based Polymer as the Dielectric and Substrate,Rullyani et al.,2018,10.1038/s41598-018-26585-0,https://doi.org/10.1038/s41598-018-26585-0,Surface characterization section direct values; water and diiodomethane contact angles for PPC biodegradable polymer dielectric/substrate,Polypropylene carbonate (PPC),polymer,biodegradable PPC film,untreated,biodegradable CO2-based PPC polymer dielectric/substrate film,,smooth,,,,42.39,31.98,10.41,,,,calculated from water/diiodomethane contact angles reported in the surface characterization section; paper reports total surface free energy about 47 mJ/m2,inferred_from_contact_angles,diiodomethane,nonpolar,50.8,48.5,2.3,48.5,0,0,2.8,1,5.3,standard literature values at approximately 20-25 C unless source reports otherwise,298.15,,1,42,static,sessile_drop,,,,,,unknown,PPC film used as both dielectric and flexible substrate in organic thin-film transistors,A_high,yes,internal_pool,,none,2026-05-18,internal_train,SRC006,unique_or_condition_distinct_keep
CA0287,v3.4,verified,literature,Ionenes as Potential Phase Change Materials with Self-Healing Behavior,Andrzejewska et al.,2023,10.3390/polym15224460,https://doi.org/10.3390/polym15224460,Table 4 direct values; water and diiodomethane contact angles with reported dispersive/polar surface energy components,Ionene C5Br,polymer,,untreated,Ionene C5Br synthesized ionene film,,smooth,,,,55.65,45.14,10.51,,,,"same paper Table 4: total, dispersive, and polar surface energy components",literature_reported,water,polar,72.8,21.8,51,21.8,25.5,25.5,0.89,1.85,78.4,standard literature values at approximately 20-25 C unless source reports otherwise,298.15,,1,43.64,static,sessile_drop,,,,,,unknown,ionene phase-change/self-healing polymer film,A_high,yes,internal_pool,,none,2026-05-18,internal_train,SRC022,unique_or_condition_distinct_keep
CA0288,v3.4,verified,literature,Ionenes as Potential Phase Change Materials with Self-Healing Behavior,Andrzejewska et al.,2023,10.3390/polym15224460,https://doi.org/10.3390/polym15224460,Table 4 direct values; water and diiodomethane contact angles with reported dispersive/polar surface energy components,Ionene C5Br,polymer,,untreated,Ionene C5Br synthesized ionene film,,smooth,,,,55.65,45.14,10.51,,,,"same paper Table 4: total, dispersive, and polar surface energy components",literature_reported,diiodomethane,nonpolar,50.8,48.5,2.3,48.5,0,0,2.8,1,5.3,standard literature values at approximately 20-25 C unless source reports otherwise,298.15,,1,30.05,static,sessile_drop,,,,,,unknown,ionene phase-change/self-healing polymer film,A_high,no,internal_pool,,none,2026-05-18,internal_val,SRC022,unique_or_condition_distinct_keep
CA0289,v3.4,verified,literature,Ionenes as Potential Phase Change Materials with Self-Healing Behavior,Andrzejewska et al.,2023,10.3390/polym15224460,https://doi.org/10.3390/polym15224460,Table 4 direct values; water and diiodomethane contact angles with reported dispersive/polar surface energy components,Ionene C6Br,polymer,,untreated,Ionene C6Br synthesized ionene film,,smooth,,,,56.24,42.42,13.82,,,,"same paper Table 4: total, dispersive, and polar surface energy components",literature_reported,water,polar,72.8,21.8,51,21.8,25.5,25.5,0.89,1.85,78.4,standard literature values at approximately 20-25 C unless source reports otherwise,298.15,,1,41.23,static,sessile_drop,,,,,,unknown,ionene phase-change/self-healing polymer film,A_high,yes,internal_pool,,none,2026-05-18,internal_train,SRC022,unique_or_condition_distinct_keep
CA0290,v3.4,verified,literature,Ionenes as Potential Phase Change Materials with Self-Healing Behavior,Andrzejewska et al.,2023,10.3390/polym15224460,https://doi.org/10.3390/polym15224460,Table 4 direct values; water and diiodomethane contact angles with reported dispersive/polar surface energy components,Ionene C6Br,polymer,,untreated,Ionene C6Br synthesized ionene film,,smooth,,,,56.24,42.42,13.82,,,,"same paper Table 4: total, dispersive, and polar surface energy components",literature_reported,diiodomethane,nonpolar,50.8,48.5,2.3,48.5,0,0,2.8,1,5.3,standard literature values at approximately 20-25 C unless source reports otherwise,298.15,,1,34.52,static,sessile_drop,,,,,,unknown,ionene phase-change/self-healing polymer film,A_high,yes,internal_pool,,none,2026-05-18,internal_train,SRC022,unique_or_condition_distinct_keep
CA0291,v3.4,verified,literature,Ionenes as Potential Phase Change Materials with Self-Healing Behavior,Andrzejewska et al.,2023,10.3390/polym15224460,https://doi.org/10.3390/polym15224460,Table 4 direct values; water and diiodomethane contact angles with reported dispersive/polar surface energy components,Ionene C9Br,polymer,,untreated,Ionene C9Br synthesized ionene film,,smooth,,,,62.03,46.21,15.82,,,,"same paper Table 4: total, dispersive, and polar surface energy components",literature_reported,water,polar,72.8,21.8,51,21.8,25.5,25.5,0.89,1.85,78.4,standard literature values at approximately 20-25 C unless source reports otherwise,298.15,,1,32.1,static,sessile_drop,,,,,,unknown,ionene phase-change/self-healing polymer film,A_high,yes,internal_pool,,none,2026-05-18,internal_train,SRC022,unique_or_condition_distinct_keep
CA0292,v3.4,verified,literature,Ionenes as Potential Phase Change Materials with Self-Healing Behavior,Andrzejewska et al.,2023,10.3390/polym15224460,https://doi.org/10.3390/polym15224460,Table 4 direct values; water and diiodomethane contact angles with reported dispersive/polar surface energy components,Ionene C9Br,polymer,,untreated,Ionene C9Br synthesized ionene film,,smooth,,,,62.03,46.21,15.82,,,,"same paper Table 4: total, dispersive, and polar surface energy components",literature_reported,diiodomethane,nonpolar,50.8,48.5,2.3,48.5,0,0,2.8,1,5.3,standard literature values at approximately 20-25 C unless source reports otherwise,298.15,,1,28.09,static,sessile_drop,,,,,,unknown,ionene phase-change/self-healing polymer film,A_high,no,internal_pool,,none,2026-05-18,internal_test,SRC022,unique_or_condition_distinct_keep
CA0293,v3.4,verified,literature,Ionenes as Potential Phase Change Materials with Self-Healing Behavior,Andrzejewska et al.,2023,10.3390/polym15224460,https://doi.org/10.3390/polym15224460,Table 4 direct values; water and diiodomethane contact angles with reported dispersive/polar surface energy components,Ionene C10Br,polymer,,untreated,Ionene C10Br synthesized ionene film,,smooth,,,,66.87,47.75,19.12,,,,"same paper Table 4: total, dispersive, and polar surface energy components",literature_reported,water,polar,72.8,21.8,51,21.8,25.5,25.5,0.89,1.85,78.4,standard literature values at approximately 20-25 C unless source reports otherwise,298.15,,1,19.9,static,sessile_drop,,,,,,unknown,ionene phase-change/self-healing polymer film,A_high,yes,internal_pool,,none,2026-05-18,internal_train,SRC022,unique_or_condition_distinct_keep
CA0294,v3.4,verified,literature,Ionenes as Potential Phase Change Materials with Self-Healing Behavior,Andrzejewska et al.,2023,10.3390/polym15224460,https://doi.org/10.3390/polym15224460,Table 4 direct values; water and diiodomethane contact angles with reported dispersive/polar surface energy components,Ionene C10Br,polymer,,untreated,Ionene C10Br synthesized ionene film,,smooth,,,,66.87,47.75,19.12,,,,"same paper Table 4: total, dispersive, and polar surface energy components",literature_reported,diiodomethane,nonpolar,50.8,48.5,2.3,48.5,0,0,2.8,1,5.3,standard literature values at approximately 20-25 C unless source reports otherwise,298.15,,1,24.19,static,sessile_drop,,,,,,unknown,ionene phase-change/self-healing polymer film,A_high,no,balanced_holdout,,none,2026-05-18,balanced_holdout,SRC022,unique_or_condition_distinct_keep
CA0295,v3.4,verified,literature,Ionenes as Potential Phase Change Materials with Self-Healing Behavior,Andrzejewska et al.,2023,10.3390/polym15224460,https://doi.org/10.3390/polym15224460,Table 4 direct values; water and diiodomethane contact angles with reported dispersive/polar surface energy components,Ionene C11Br,polymer,,untreated,Ionene C11Br synthesized ionene film,,smooth,,,,64.97,45.73,19.24,,,,"same paper Table 4: total, dispersive, and polar surface energy components",literature_reported,water,polar,72.8,21.8,51,21.8,25.5,25.5,0.89,1.85,78.4,standard literature values at approximately 20-25 C unless source reports otherwise,298.15,,1,23.42,static,sessile_drop,,,,,,unknown,ionene phase-change/self-healing polymer film,A_high,no,internal_pool,,none,2026-05-18,internal_val,SRC022,unique_or_condition_distinct_keep
CA0296,v3.4,verified,literature,Ionenes as Potential Phase Change Materials with Self-Healing Behavior,Andrzejewska et al.,2023,10.3390/polym15224460,https://doi.org/10.3390/polym15224460,Table 4 direct values; water and diiodomethane contact angles with reported dispersive/polar surface energy components,Ionene C11Br,polymer,,untreated,Ionene C11Br synthesized ionene film,,smooth,,,,64.97,45.73,19.24,,,,"same paper Table 4: total, dispersive, and polar surface energy components",literature_reported,diiodomethane,nonpolar,50.8,48.5,2.3,48.5,0,0,2.8,1,5.3,standard literature values at approximately 20-25 C unless source reports otherwise,298.15,,1,29.15,static,sessile_drop,,,,,,unknown,ionene phase-change/self-healing polymer film,A_high,no,internal_pool,,none,2026-05-18,internal_test,SRC022,unique_or_condition_distinct_keep
CA0297,v3.4,verified,literature,Ionenes as Potential Phase Change Materials with Self-Healing Behavior,Andrzejewska et al.,2023,10.3390/polym15224460,https://doi.org/10.3390/polym15224460,Table 4 direct values; water and diiodomethane contact angles with reported dispersive/polar surface energy components,Ionene C5BF4,polymer,,untreated,Ionene C5BF4 synthesized ionene film,,smooth,,,,52.91,43.51,9.4,,,,"same paper Table 4: total, dispersive, and polar surface energy components",literature_reported,water,polar,72.8,21.8,51,21.8,25.5,25.5,0.89,1.85,78.4,standard literature values at approximately 20-25 C unless source reports otherwise,298.15,,1,48.03,static,sessile_drop,,,,,,unknown,ionene phase-change/self-healing polymer film,A_high,yes,internal_pool,,none,2026-05-18,internal_train,SRC022,unique_or_condition_distinct_keep
CA0298,v3.4,verified,literature,Ionenes as Potential Phase Change Materials with Self-Healing Behavior,Andrzejewska et al.,2023,10.3390/polym15224460,https://doi.org/10.3390/polym15224460,Table 4 direct values; water and diiodomethane contact angles with reported dispersive/polar surface energy components,Ionene C5BF4,polymer,,untreated,Ionene C5BF4 synthesized ionene film,,smooth,,,,52.91,43.51,9.4,,,,"same paper Table 4: total, dispersive, and polar surface energy components",literature_reported,diiodomethane,nonpolar,50.8,48.5,2.3,48.5,0,0,2.8,1,5.3,standard literature values at approximately 20-25 C unless source reports otherwise,298.15,,1,32.62,static,sessile_drop,,,,,,unknown,ionene phase-change/self-healing polymer film,A_high,yes,internal_pool,,none,2026-05-18,internal_train,SRC022,unique_or_condition_distinct_keep
CA0299,v3.4,verified,literature,Ionenes as Potential Phase Change Materials with Self-Healing Behavior,Andrzejewska et al.,2023,10.3390/polym15224460,https://doi.org/10.3390/polym15224460,Table 4 direct values; water and diiodomethane contact angles with reported dispersive/polar surface energy components,Ionene C5PF6,polymer,,untreated,Ionene C5PF6 synthesized ionene film,,smooth,,,,54.36,40.2,14.16,,,,"same paper Table 4: total, dispersive, and polar surface energy components",literature_reported,water,polar,72.8,21.8,51,21.8,25.5,25.5,0.89,1.85,78.4,standard literature values at approximately 20-25 C unless source reports otherwise,298.15,,1,42.02,static,sessile_drop,,,,,,unknown,ionene phase-change/self-healing polymer film,A_high,yes,internal_pool,,none,2026-05-18,internal_train,SRC022,unique_or_condition_distinct_keep
CA0300,v3.4,verified,literature,Ionenes as Potential Phase Change Materials with Self-Healing Behavior,Andrzejewska et al.,2023,10.3390/polym15224460,https://doi.org/10.3390/polym15224460,Table 4 direct values; water and diiodomethane contact angles with reported dispersive/polar surface energy components,Ionene C5PF6,polymer,,untreated,Ionene C5PF6 synthesized ionene film,,smooth,,,,54.36,40.2,14.16,,,,"same paper Table 4: total, dispersive, and polar surface energy components",literature_reported,diiodomethane,nonpolar,50.8,48.5,2.3,48.5,0,0,2.8,1,5.3,standard literature values at approximately 20-25 C unless source reports otherwise,298.15,,1,38.05,static,sessile_drop,,,,,,unknown,ionene phase-change/self-healing polymer film,A_high,yes,internal_pool,,none,2026-05-18,internal_train,SRC022,unique_or_condition_distinct_keep
CA0301,v3.4,verified,literature,Ionenes as Potential Phase Change Materials with Self-Healing Behavior,Andrzejewska et al.,2023,10.3390/polym15224460,https://doi.org/10.3390/polym15224460,Table 4 direct values; water and diiodomethane contact angles with reported dispersive/polar surface energy components,Ionene C5TFSI,polymer,,untreated,Ionene C5TFSI synthesized ionene film,,smooth,,,,49.17,38.47,10.7,,,,"same paper Table 4: total, dispersive, and polar surface energy components",literature_reported,water,polar,72.8,21.8,51,21.8,25.5,25.5,0.89,1.85,78.4,standard literature values at approximately 20-25 C unless source reports otherwise,298.15,,1,49.1,static,sessile_drop,,,,,,unknown,ionene phase-change/self-healing polymer film,A_high,no,internal_pool,,none,2026-05-18,internal_val,SRC022,unique_or_condition_distinct_keep
CA0302,v3.4,verified,literature,Ionenes as Potential Phase Change Materials with Self-Healing Behavior,Andrzejewska et al.,2023,10.3390/polym15224460,https://doi.org/10.3390/polym15224460,Table 4 direct values; water and diiodomethane contact angles with reported dispersive/polar surface energy components,Ionene C5TFSI,polymer,,untreated,Ionene C5TFSI synthesized ionene film,,smooth,,,,49.17,38.47,10.7,,,,"same paper Table 4: total, dispersive, and polar surface energy components",literature_reported,diiodomethane,nonpolar,50.8,48.5,2.3,48.5,0,0,2.8,1,5.3,standard literature values at approximately 20-25 C unless source reports otherwise,298.15,,1,40.09,static,sessile_drop,,,,,,unknown,ionene phase-change/self-healing polymer film,A_high,yes,internal_pool,,none,2026-05-18,internal_train,SRC022,unique_or_condition_distinct_keep
CA0303,v3.4,verified,literature,Wettability Modification of Nanomaterials by Low-Energy Electron Flux,I. Torchinsky; G. Rosenman,2009,10.1007/s11671-009-9380-0,https://doi.org/10.1007/s11671-009-9380-0,Tables 2 and 3 direct values; capillary-rise contact angles for diamond and ZnO powders with five probe liquids before/after electron irradiation,Diamond powder (as received),carbon_material,,untreated,as-received diamond nanopowder,,powder,,,,42.79,42.41,0.38,,,,calculated from Table 2 multi-liquid capillary-rise contact angles using OWRK least-squares fit,inferred_from_contact_angles,1-bromonaphthalene,nonpolar,44.4,44.4,0,44.4,0,0,4.9,1.1,5.4,standard literature values at approximately 20-25 C unless source reports otherwise,298.15,,1,2.7,apparent,capillary_rise,,,1.2,,,unknown,as-received diamond nanopowder,B_medium,no,balanced_holdout,,none,2026-05-18,balanced_holdout,SRC001,unique_or_condition_distinct_keep
CA0304,v3.4,verified,literature,Wettability Modification of Nanomaterials by Low-Energy Electron Flux,I. Torchinsky; G. Rosenman,2009,10.1007/s11671-009-9380-0,https://doi.org/10.1007/s11671-009-9380-0,Tables 2 and 3 direct values; capillary-rise contact angles for diamond and ZnO powders with five probe liquids before/after electron irradiation,Diamond powder (as received),carbon_material,,untreated,as-received diamond nanopowder,,powder,,,,42.79,42.41,0.38,,,,calculated from Table 2 multi-liquid capillary-rise contact angles using OWRK least-squares fit,inferred_from_contact_angles,ethylene glycol,polar,48,29,19,29,1.92,47,16.1,2.28,37,standard literature values at approximately 20-25 C unless source reports otherwise,298.15,,1,66.7,apparent,capillary_rise,,,0.2,,,unknown,as-received diamond nanopowder,B_medium,yes,internal_pool,,none,2026-05-18,internal_train,SRC001,unique_or_condition_distinct_keep
CA0305,v3.4,verified,literature,Wettability Modification of Nanomaterials by Low-Energy Electron Flux,I. Torchinsky; G. Rosenman,2009,10.1007/s11671-009-9380-0,https://doi.org/10.1007/s11671-009-9380-0,Tables 2 and 3 direct values; capillary-rise contact angles for diamond and ZnO powders with five probe liquids before/after electron irradiation,Diamond powder (as received),carbon_material,,untreated,as-received diamond nanopowder,,powder,,,,42.79,42.41,0.38,,,,calculated from Table 2 multi-liquid capillary-rise contact angles using OWRK least-squares fit,inferred_from_contact_angles,diiodomethane,nonpolar,50.8,48.5,2.3,48.5,0,0,2.8,1,5.3,standard literature values at approximately 20-25 C unless source reports otherwise,298.15,,1,35.3,apparent,capillary_rise,,,1.9,,,unknown,as-received diamond nanopowder,B_medium,no,internal_pool,,none,2026-05-18,internal_val,SRC001,unique_or_condition_distinct_keep
CA0306,v3.4,verified,literature,Wettability Modification of Nanomaterials by Low-Energy Electron Flux,I. Torchinsky; G. Rosenman,2009,10.1007/s11671-009-9380-0,https://doi.org/10.1007/s11671-009-9380-0,Tables 2 and 3 direct values; capillary-rise contact angles for diamond and ZnO powders with five probe liquids before/after electron irradiation,Diamond powder (as received),carbon_material,,untreated,as-received diamond nanopowder,,powder,,,,42.79,42.41,0.38,,,,calculated from Table 2 multi-liquid capillary-rise contact angles using OWRK least-squares fit,inferred_from_contact_angles,formamide,polar,58,39,19,39,2.28,39.6,3.3,3.73,111,standard literature values at approximately 20-25 C unless source reports otherwise,298.15,,1,56.7,apparent,capillary_rise,,,1.3,,,unknown,as-received diamond nanopowder,B_medium,yes,internal_pool,,none,2026-05-18,internal_train,SRC001,unique_or_condition_distinct_keep
CA0307,v3.4,verified,literature,Wettability Modification of Nanomaterials by Low-Energy Electron Flux,I. Torchinsky; G. Rosenman,2009,10.1007/s11671-009-9380-0,https://doi.org/10.1007/s11671-009-9380-0,Tables 2 and 3 direct values; capillary-rise contact angles for diamond and ZnO powders with five probe liquids before/after electron irradiation,Diamond powder (as received),carbon_material,,untreated,as-received diamond nanopowder,,powder,,,,42.79,42.41,0.38,,,,calculated from Table 2 multi-liquid capillary-rise contact angles using OWRK least-squares fit,inferred_from_contact_angles,water,polar,72.8,21.8,51,21.8,25.5,25.5,0.89,1.85,78.4,standard literature values at approximately 20-25 C unless source reports otherwise,298.15,,1,89.8,apparent,capillary_rise,,,1.1,,,unknown,as-received diamond nanopowder,B_medium,yes,internal_pool,,none,2026-05-18,internal_train,SRC001,unique_or_condition_distinct_keep
CA0308,v3.4,verified,literature,Wettability Modification of Nanomaterials by Low-Energy Electron Flux,I. Torchinsky; G. Rosenman,2009,10.1007/s11671-009-9380-0,https://doi.org/10.1007/s11671-009-9380-0,Tables 2 and 3 direct values; capillary-rise contact angles for diamond and ZnO powders with five probe liquids before/after electron irradiation,Diamond powder (100 h irradiation),carbon_material,,other,diamond nanopowder after 100 h low-energy electron flux,,powder,,,,47.12,41.99,5.13,,,,calculated from Table 2 multi-liquid capillary-rise contact angles using OWRK least-squares fit,inferred_from_contact_angles,1-bromonaphthalene,nonpolar,44.4,44.4,0,44.4,0,0,4.9,1.1,5.4,standard literature values at approximately 20-25 C unless source reports otherwise,298.15,,1,12.1,apparent,capillary_rise,,,2.9,,,unknown,diamond nanopowder after 100 h low-energy electron flux,B_medium,no,balanced_holdout,,none,2026-05-18,balanced_holdout,SRC001,unique_or_condition_distinct_keep
CA0309,v3.4,verified,literature,Wettability Modification of Nanomaterials by Low-Energy Electron Flux,I. Torchinsky; G. Rosenman,2009,10.1007/s11671-009-9380-0,https://doi.org/10.1007/s11671-009-9380-0,Tables 2 and 3 direct values; capillary-rise contact angles for diamond and ZnO powders with five probe liquids before/after electron irradiation,Diamond powder (100 h irradiation),carbon_material,,other,diamond nanopowder after 100 h low-energy electron flux,,powder,,,,47.12,41.99,5.13,,,,calculated from Table 2 multi-liquid capillary-rise contact angles using OWRK least-squares fit,inferred_from_contact_angles,ethylene glycol,polar,48,29,19,29,1.92,47,16.1,2.28,37,standard literature values at approximately 20-25 C unless source reports otherwise,298.15,,1,52.3,apparent,capillary_rise,,,4.6,,,unknown,diamond nanopowder after 100 h low-energy electron flux,B_medium,no,balanced_holdout,,none,2026-05-18,balanced_holdout,SRC001,unique_or_condition_distinct_keep
CA0310,v3.4,verified,literature,Wettability Modification of Nanomaterials by Low-Energy Electron Flux,I. Torchinsky; G. Rosenman,2009,10.1007/s11671-009-9380-0,https://doi.org/10.1007/s11671-009-9380-0,Tables 2 and 3 direct values; capillary-rise contact angles for diamond and ZnO powders with five probe liquids before/after electron irradiation,Diamond powder (100 h irradiation),carbon_material,,other,diamond nanopowder after 100 h low-energy electron flux,,powder,,,,47.12,41.99,5.13,,,,calculated from Table 2 multi-liquid capillary-rise contact angles using OWRK least-squares fit,inferred_from_contact_angles,diiodomethane,nonpolar,50.8,48.5,2.3,48.5,0,0,2.8,1,5.3,standard literature values at approximately 20-25 C unless source reports otherwise,298.15,,1,20.5,apparent,capillary_rise,,,6.4,,,unknown,diamond nanopowder after 100 h low-energy electron flux,B_medium,no,balanced_holdout,,none,2026-05-18,balanced_holdout,SRC001,unique_or_condition_distinct_keep
CA0311,v3.4,verified,literature,Wettability Modification of Nanomaterials by Low-Energy Electron Flux,I. Torchinsky; G. Rosenman,2009,10.1007/s11671-009-9380-0,https://doi.org/10.1007/s11671-009-9380-0,Tables 2 and 3 direct values; capillary-rise contact angles for diamond and ZnO powders with five probe liquids before/after electron irradiation,Diamond powder (100 h irradiation),carbon_material,,other,diamond nanopowder after 100 h low-energy electron flux,,powder,,,,47.12,41.99,5.13,,,,calculated from Table 2 multi-liquid capillary-rise contact angles using OWRK least-squares fit,inferred_from_contact_angles,formamide,polar,58,39,19,39,2.28,39.6,3.3,3.73,111,standard literature values at approximately 20-25 C unless source reports otherwise,298.15,,1,36.4,apparent,capillary_rise,,,1.4,,,unknown,diamond nanopowder after 100 h low-energy electron flux,B_medium,no,balanced_holdout,,none,2026-05-18,balanced_holdout,SRC001,unique_or_condition_distinct_keep
CA0312,v3.4,verified,literature,Wettability Modification of Nanomaterials by Low-Energy Electron Flux,I. Torchinsky; G. Rosenman,2009,10.1007/s11671-009-9380-0,https://doi.org/10.1007/s11671-009-9380-0,Tables 2 and 3 direct values; capillary-rise contact angles for diamond and ZnO powders with five probe liquids before/after electron irradiation,Diamond powder (100 h irradiation),carbon_material,,other,diamond nanopowder after 100 h low-energy electron flux,,powder,,,,47.12,41.99,5.13,,,,calculated from Table 2 multi-liquid capillary-rise contact angles using OWRK least-squares fit,inferred_from_contact_angles,water,polar,72.8,21.8,51,21.8,25.5,25.5,0.89,1.85,78.4,standard literature values at approximately 20-25 C unless source reports otherwise,298.15,,1,70.1,apparent,capillary_rise,,,2.3,,,unknown,diamond nanopowder after 100 h low-energy electron flux,B_medium,no,balanced_holdout,,none,2026-05-18,balanced_holdout,SRC001,unique_or_condition_distinct_keep
CA0313,v3.4,verified,literature,Wettability Modification of Nanomaterials by Low-Energy Electron Flux,I. Torchinsky; G. Rosenman,2009,10.1007/s11671-009-9380-0,https://doi.org/10.1007/s11671-009-9380-0,Tables 2 and 3 direct values; capillary-rise contact angles for diamond and ZnO powders with five probe liquids before/after electron irradiation,Diamond powder (200 h irradiation),carbon_material,,other,diamond nanopowder after 200 h low-energy electron flux,,powder,,,,49.12,41.05,8.07,,,,calculated from Table 2 multi-liquid capillary-rise contact angles using OWRK least-squares fit,inferred_from_contact_angles,1-bromonaphthalene,nonpolar,44.4,44.4,0,44.4,0,0,4.9,1.1,5.4,standard literature values at approximately 20-25 C unless source reports otherwise,298.15,,1,13,apparent,capillary_rise,,,1.6,,,unknown,diamond nanopowder after 200 h low-energy electron flux,B_medium,no,balanced_holdout,,none,2026-05-18,balanced_holdout,SRC001,unique_or_condition_distinct_keep
CA0314,v3.4,verified,literature,Wettability Modification of Nanomaterials by Low-Energy Electron Flux,I. Torchinsky; G. Rosenman,2009,10.1007/s11671-009-9380-0,https://doi.org/10.1007/s11671-009-9380-0,Tables 2 and 3 direct values; capillary-rise contact angles for diamond and ZnO powders with five probe liquids before/after electron irradiation,Diamond powder (200 h irradiation),carbon_material,,other,diamond nanopowder after 200 h low-energy electron flux,,powder,,,,49.12,41.05,8.07,,,,calculated from Table 2 multi-liquid capillary-rise contact angles using OWRK least-squares fit,inferred_from_contact_angles,ethylene glycol,polar,48,29,19,29,1.92,47,16.1,2.28,37,standard literature values at approximately 20-25 C unless source reports otherwise,298.15,,1,44.3,apparent,capillary_rise,,,1.4,,,unknown,diamond nanopowder after 200 h low-energy electron flux,B_medium,no,internal_pool,,none,2026-05-18,internal_val,SRC001,unique_or_condition_distinct_keep
CA0315,v3.4,verified,literature,Wettability Modification of Nanomaterials by Low-Energy Electron Flux,I. Torchinsky; G. Rosenman,2009,10.1007/s11671-009-9380-0,https://doi.org/10.1007/s11671-009-9380-0,Tables 2 and 3 direct values; capillary-rise contact angles for diamond and ZnO powders with five probe liquids before/after electron irradiation,Diamond powder (200 h irradiation),carbon_material,,other,diamond nanopowder after 200 h low-energy electron flux,,powder,,,,49.12,41.05,8.07,,,,calculated from Table 2 multi-liquid capillary-rise contact angles using OWRK least-squares fit,inferred_from_contact_angles,diiodomethane,nonpolar,50.8,48.5,2.3,48.5,0,0,2.8,1,5.3,standard literature values at approximately 20-25 C unless source reports otherwise,298.15,,1,24.3,apparent,capillary_rise,,,2.8,,,unknown,diamond nanopowder after 200 h low-energy electron flux,B_medium,no,balanced_holdout,,none,2026-05-18,balanced_holdout,SRC001,unique_or_condition_distinct_keep
CA0316,v3.4,verified,literature,Wettability Modification of Nanomaterials by Low-Energy Electron Flux,I. Torchinsky; G. Rosenman,2009,10.1007/s11671-009-9380-0,https://doi.org/10.1007/s11671-009-9380-0,Tables 2 and 3 direct values; capillary-rise contact angles for diamond and ZnO powders with five probe liquids before/after electron irradiation,Diamond powder (200 h irradiation),carbon_material,,other,diamond nanopowder after 200 h low-energy electron flux,,powder,,,,49.12,41.05,8.07,,,,calculated from Table 2 multi-liquid capillary-rise contact angles using OWRK least-squares fit,inferred_from_contact_angles,formamide,polar,58,39,19,39,2.28,39.6,3.3,3.73,111,standard literature values at approximately 20-25 C unless source reports otherwise,298.15,,1,25.9,apparent,capillary_rise,,,3.4,,,unknown,diamond nanopowder after 200 h low-energy electron flux,B_medium,no,balanced_holdout,,none,2026-05-18,balanced_holdout,SRC001,unique_or_condition_distinct_keep
CA0317,v3.4,verified,literature,Wettability Modification of Nanomaterials by Low-Energy Electron Flux,I. Torchinsky; G. Rosenman,2009,10.1007/s11671-009-9380-0,https://doi.org/10.1007/s11671-009-9380-0,Tables 2 and 3 direct values; capillary-rise contact angles for diamond and ZnO powders with five probe liquids before/after electron irradiation,Diamond powder (200 h irradiation),carbon_material,,other,diamond nanopowder after 200 h low-energy electron flux,,powder,,,,49.12,41.05,8.07,,,,calculated from Table 2 multi-liquid capillary-rise contact angles using OWRK least-squares fit,inferred_from_contact_angles,water,polar,72.8,21.8,51,21.8,25.5,25.5,0.89,1.85,78.4,standard literature values at approximately 20-25 C unless source reports otherwise,298.15,,1,64.4,apparent,capillary_rise,,,1.8,,,unknown,diamond nanopowder after 200 h low-energy electron flux,B_medium,no,internal_pool,,none,2026-05-18,internal_test,SRC001,unique_or_condition_distinct_keep
CA0318,v3.4,verified,literature,Wettability Modification of Nanomaterials by Low-Energy Electron Flux,I. Torchinsky; G. Rosenman,2009,10.1007/s11671-009-9380-0,https://doi.org/10.1007/s11671-009-9380-0,Tables 2 and 3 direct values; capillary-rise contact angles for diamond and ZnO powders with five probe liquids before/after electron irradiation,ZnO powder (as received),oxide,,untreated,as-received ZnO nanopowder,,powder,,,,43.04,42.01,1.03,,,,calculated from Table 3 multi-liquid capillary-rise contact angles using OWRK least-squares fit,inferred_from_contact_angles,1-bromonaphthalene,nonpolar,44.4,44.4,0,44.4,0,0,4.9,1.1,5.4,standard literature values at approximately 20-25 C unless source reports otherwise,298.15,,1,7.8,apparent,capillary_rise,,,2.3,,,unknown,as-received ZnO nanopowder,B_medium,yes,internal_pool,,none,2026-05-18,internal_train,SRC001,unique_or_condition_distinct_keep
CA0319,v3.4,verified,literature,Wettability Modification of Nanomaterials by Low-Energy Electron Flux,I. Torchinsky; G. Rosenman,2009,10.1007/s11671-009-9380-0,https://doi.org/10.1007/s11671-009-9380-0,Tables 2 and 3 direct values; capillary-rise contact angles for diamond and ZnO powders with five probe liquids before/after electron irradiation,ZnO powder (as received),oxide,,untreated,as-received ZnO nanopowder,,powder,,,,43.04,42.01,1.03,,,,calculated from Table 3 multi-liquid capillary-rise contact angles using OWRK least-squares fit,inferred_from_contact_angles,ethylene glycol,polar,48,29,19,29,1.92,47,16.1,2.28,37,standard literature values at approximately 20-25 C unless source reports otherwise,298.15,,1,59.6,apparent,capillary_rise,,,5.2,,,unknown,as-received ZnO nanopowder,B_medium,no,internal_pool,,none,2026-05-18,internal_test,SRC001,unique_or_condition_distinct_keep
CA0320,v3.4,verified,literature,Wettability Modification of Nanomaterials by Low-Energy Electron Flux,I. Torchinsky; G. Rosenman,2009,10.1007/s11671-009-9380-0,https://doi.org/10.1007/s11671-009-9380-0,Tables 2 and 3 direct values; capillary-rise contact angles for diamond and ZnO powders with five probe liquids before/after electron irradiation,ZnO powder (as received),oxide,,untreated,as-received ZnO nanopowder,,powder,,,,43.04,42.01,1.03,,,,calculated from Table 3 multi-liquid capillary-rise contact angles using OWRK least-squares fit,inferred_from_contact_angles,diiodomethane,nonpolar,50.8,48.5,2.3,48.5,0,0,2.8,1,5.3,standard literature values at approximately 20-25 C unless source reports otherwise,298.15,,1,30,apparent,capillary_rise,,,3.4,,,unknown,as-received ZnO nanopowder,B_medium,yes,internal_pool,,none,2026-05-18,internal_train,SRC001,unique_or_condition_distinct_keep
CA0321,v3.4,verified,literature,Wettability Modification of Nanomaterials by Low-Energy Electron Flux,I. Torchinsky; G. Rosenman,2009,10.1007/s11671-009-9380-0,https://doi.org/10.1007/s11671-009-9380-0,Tables 2 and 3 direct values; capillary-rise contact angles for diamond and ZnO powders with five probe liquids before/after electron irradiation,ZnO powder (as received),oxide,,untreated,as-received ZnO nanopowder,,powder,,,,43.04,42.01,1.03,,,,calculated from Table 3 multi-liquid capillary-rise contact angles using OWRK least-squares fit,inferred_from_contact_angles,formamide,polar,58,39,19,39,2.28,39.6,3.3,3.73,111,standard literature values at approximately 20-25 C unless source reports otherwise,298.15,,1,58.8,apparent,capillary_rise,,,4.7,,,unknown,as-received ZnO nanopowder,B_medium,yes,internal_pool,,none,2026-05-18,internal_train,SRC001,unique_or_condition_distinct_keep
CA0322,v3.4,verified,literature,Wettability Modification of Nanomaterials by Low-Energy Electron Flux,I. Torchinsky; G. Rosenman,2009,10.1007/s11671-009-9380-0,https://doi.org/10.1007/s11671-009-9380-0,Tables 2 and 3 direct values; capillary-rise contact angles for diamond and ZnO powders with five probe liquids before/after electron irradiation,ZnO powder (as received),oxide,,untreated,as-received ZnO nanopowder,,powder,,,,43.04,42.01,1.03,,,,calculated from Table 3 multi-liquid capillary-rise contact angles using OWRK least-squares fit,inferred_from_contact_angles,water,polar,72.8,21.8,51,21.8,25.5,25.5,0.89,1.85,78.4,standard literature values at approximately 20-25 C unless source reports otherwise,298.15,,1,84.6,apparent,capillary_rise,,,3.8,,,unknown,as-received ZnO nanopowder,B_medium,yes,internal_pool,,none,2026-05-18,internal_train,SRC001,unique_or_condition_distinct_keep
CA0323,v3.4,verified,literature,Wettability Modification of Nanomaterials by Low-Energy Electron Flux,I. Torchinsky; G. Rosenman,2009,10.1007/s11671-009-9380-0,https://doi.org/10.1007/s11671-009-9380-0,Tables 2 and 3 direct values; capillary-rise contact angles for diamond and ZnO powders with five probe liquids before/after electron irradiation,ZnO powder (100 h irradiation),oxide,,other,ZnO nanopowder after 100 h low-energy electron flux,,powder,,,,54.33,43.08,11.25,,,,calculated from Table 3 multi-liquid capillary-rise contact angles using OWRK least-squares fit,inferred_from_contact_angles,1-bromonaphthalene,nonpolar,44.4,44.4,0,44.4,0,0,4.9,1.1,5.4,standard literature values at approximately 20-25 C unless source reports otherwise,298.15,,1,4.4,apparent,capillary_rise,,,1,,,unknown,ZnO nanopowder after 100 h low-energy electron flux,B_medium,no,balanced_holdout,,none,2026-05-18,balanced_holdout,SRC001,unique_or_condition_distinct_keep
CA0324,v3.4,verified,literature,Wettability Modification of Nanomaterials by Low-Energy Electron Flux,I. Torchinsky; G. Rosenman,2009,10.1007/s11671-009-9380-0,https://doi.org/10.1007/s11671-009-9380-0,Tables 2 and 3 direct values; capillary-rise contact angles for diamond and ZnO powders with five probe liquids before/after electron irradiation,ZnO powder (100 h irradiation),oxide,,other,ZnO nanopowder after 100 h low-energy electron flux,,powder,,,,54.33,43.08,11.25,,,,calculated from Table 3 multi-liquid capillary-rise contact angles using OWRK least-squares fit,inferred_from_contact_angles,ethylene glycol,polar,48,29,19,29,1.92,47,16.1,2.28,37,standard literature values at approximately 20-25 C unless source reports otherwise,298.15,,1,15.6,apparent,capillary_rise,,,4.4,,,unknown,ZnO nanopowder after 100 h low-energy electron flux,B_medium,no,balanced_holdout,,none,2026-05-18,balanced_holdout,SRC001,unique_or_condition_distinct_keep
CA0325,v3.4,verified,literature,Wettability Modification of Nanomaterials by Low-Energy Electron Flux,I. Torchinsky; G. Rosenman,2009,10.1007/s11671-009-9380-0,https://doi.org/10.1007/s11671-009-9380-0,Tables 2 and 3 direct values; capillary-rise contact angles for diamond and ZnO powders with five probe liquids before/after electron irradiation,ZnO powder (100 h irradiation),oxide,,other,ZnO nanopowder after 100 h low-energy electron flux,,powder,,,,54.33,43.08,11.25,,,,calculated from Table 3 multi-liquid capillary-rise contact angles using OWRK least-squares fit,inferred_from_contact_angles,diiodomethane,nonpolar,50.8,48.5,2.3,48.5,0,0,2.8,1,5.3,standard literature values at approximately 20-25 C unless source reports otherwise,298.15,,1,8.4,apparent,capillary_rise,,,4.1,,,unknown,ZnO nanopowder after 100 h low-energy electron flux,B_medium,no,internal_pool,,none,2026-05-18,internal_val,SRC001,unique_or_condition_distinct_keep
CA0326,v3.4,verified,literature,Wettability Modification of Nanomaterials by Low-Energy Electron Flux,I. Torchinsky; G. Rosenman,2009,10.1007/s11671-009-9380-0,https://doi.org/10.1007/s11671-009-9380-0,Tables 2 and 3 direct values; capillary-rise contact angles for diamond and ZnO powders with five probe liquids before/after electron irradiation,ZnO powder (100 h irradiation),oxide,,other,ZnO nanopowder after 100 h low-energy electron flux,,powder,,,,54.33,43.08,11.25,,,,calculated from Table 3 multi-liquid capillary-rise contact angles using OWRK least-squares fit,inferred_from_contact_angles,formamide,polar,58,39,19,39,2.28,39.6,3.3,3.73,111,standard literature values at approximately 20-25 C unless source reports otherwise,298.15,,1,14.9,apparent,capillary_rise,,,7.6,,,unknown,ZnO nanopowder after 100 h low-energy electron flux,B_medium,yes,internal_pool,,none,2026-05-18,internal_train,SRC001,unique_or_condition_distinct_keep
CA0327,v3.4,verified,literature,Wettability Modification of Nanomaterials by Low-Energy Electron Flux,I. Torchinsky; G. Rosenman,2009,10.1007/s11671-009-9380-0,https://doi.org/10.1007/s11671-009-9380-0,Tables 2 and 3 direct values; capillary-rise contact angles for diamond and ZnO powders with five probe liquids before/after electron irradiation,ZnO powder (100 h irradiation),oxide,,other,ZnO nanopowder after 100 h low-energy electron flux,,powder,,,,54.33,43.08,11.25,,,,calculated from Table 3 multi-liquid capillary-rise contact angles using OWRK least-squares fit,inferred_from_contact_angles,water,polar,72.8,21.8,51,21.8,25.5,25.5,0.89,1.85,78.4,standard literature values at approximately 20-25 C unless source reports otherwise,298.15,,1,58.3,apparent,capillary_rise,,,9.9,,,unknown,ZnO nanopowder after 100 h low-energy electron flux,B_medium,yes,internal_pool,,none,2026-05-18,internal_train,SRC001,unique_or_condition_distinct_keep
CA0328,v3.4,verified,literature,Wettability Modification of Nanomaterials by Low-Energy Electron Flux,I. Torchinsky; G. Rosenman,2009,10.1007/s11671-009-9380-0,https://doi.org/10.1007/s11671-009-9380-0,Tables 2 and 3 direct values; capillary-rise contact angles for diamond and ZnO powders with five probe liquids before/after electron irradiation,ZnO powder (200 h irradiation),oxide,,other,ZnO nanopowder after 200 h low-energy electron flux,,powder,,,,54.51,43.43,11.08,,,,calculated from Table 3 multi-liquid capillary-rise contact angles using OWRK least-squares fit,inferred_from_contact_angles,1-bromonaphthalene,nonpolar,44.4,44.4,0,44.4,0,0,4.9,1.1,5.4,standard literature values at approximately 20-25 C unless source reports otherwise,298.15,,1,4.7,apparent,capillary_rise,,,1.4,,,unknown,ZnO nanopowder after 200 h low-energy electron flux,B_medium,no,internal_pool,,none,2026-05-18,internal_val,SRC001,unique_or_condition_distinct_keep
CA0329,v3.4,verified,literature,Wettability Modification of Nanomaterials by Low-Energy Electron Flux,I. Torchinsky; G. Rosenman,2009,10.1007/s11671-009-9380-0,https://doi.org/10.1007/s11671-009-9380-0,Tables 2 and 3 direct values; capillary-rise contact angles for diamond and ZnO powders with five probe liquids before/after electron irradiation,ZnO powder (200 h irradiation),oxide,,other,ZnO nanopowder after 200 h low-energy electron flux,,powder,,,,54.51,43.43,11.08,,,,calculated from Table 3 multi-liquid capillary-rise contact angles using OWRK least-squares fit,inferred_from_contact_angles,ethylene glycol,polar,48,29,19,29,1.92,47,16.1,2.28,37,standard literature values at approximately 20-25 C unless source reports otherwise,298.15,,1,12.5,apparent,capillary_rise,,,3.2,,,unknown,ZnO nanopowder after 200 h low-energy electron flux,B_medium,no,balanced_holdout,,none,2026-05-18,balanced_holdout,SRC001,unique_or_condition_distinct_keep
CA0330,v3.4,verified,literature,Wettability Modification of Nanomaterials by Low-Energy Electron Flux,I. Torchinsky; G. Rosenman,2009,10.1007/s11671-009-9380-0,https://doi.org/10.1007/s11671-009-9380-0,Tables 2 and 3 direct values; capillary-rise contact angles for diamond and ZnO powders with five probe liquids before/after electron irradiation,ZnO powder (200 h irradiation),oxide,,other,ZnO nanopowder after 200 h low-energy electron flux,,powder,,,,54.51,43.43,11.08,,,,calculated from Table 3 multi-liquid capillary-rise contact angles using OWRK least-squares fit,inferred_from_contact_angles,diiodomethane,nonpolar,50.8,48.5,2.3,48.5,0,0,2.8,1,5.3,standard literature values at approximately 20-25 C unless source reports otherwise,298.15,,1,8.1,apparent,capillary_rise,,,2.3,,,unknown,ZnO nanopowder after 200 h low-energy electron flux,B_medium,yes,internal_pool,,none,2026-05-18,internal_train,SRC001,unique_or_condition_distinct_keep
CA0331,v3.4,verified,literature,Wettability Modification of Nanomaterials by Low-Energy Electron Flux,I. Torchinsky; G. Rosenman,2009,10.1007/s11671-009-9380-0,https://doi.org/10.1007/s11671-009-9380-0,Tables 2 and 3 direct values; capillary-rise contact angles for diamond and ZnO powders with five probe liquids before/after electron irradiation,ZnO powder (200 h irradiation),oxide,,other,ZnO nanopowder after 200 h low-energy electron flux,,powder,,,,54.51,43.43,11.08,,,,calculated from Table 3 multi-liquid capillary-rise contact angles using OWRK least-squares fit,inferred_from_contact_angles,formamide,polar,58,39,19,39,2.28,39.6,3.3,3.73,111,standard literature values at approximately 20-25 C unless source reports otherwise,298.15,,1,10.9,apparent,capillary_rise,,,2.5,,,unknown,ZnO nanopowder after 200 h low-energy electron flux,B_medium,no,internal_pool,,none,2026-05-18,internal_test,SRC001,unique_or_condition_distinct_keep
CA0332,v3.4,verified,literature,Wettability Modification of Nanomaterials by Low-Energy Electron Flux,I. Torchinsky; G. Rosenman,2009,10.1007/s11671-009-9380-0,https://doi.org/10.1007/s11671-009-9380-0,Tables 2 and 3 direct values; capillary-rise contact angles for diamond and ZnO powders with five probe liquids before/after electron irradiation,ZnO powder (200 h irradiation),oxide,,other,ZnO nanopowder after 200 h low-energy electron flux,,powder,,,,54.51,43.43,11.08,,,,calculated from Table 3 multi-liquid capillary-rise contact angles using OWRK least-squares fit,inferred_from_contact_angles,water,polar,72.8,21.8,51,21.8,25.5,25.5,0.89,1.85,78.4,standard literature values at approximately 20-25 C unless source reports otherwise,298.15,,1,59.1,apparent,capillary_rise,,,2.7,,,unknown,ZnO nanopowder after 200 h low-energy electron flux,B_medium,no,internal_pool,,none,2026-05-18,internal_test,SRC001,unique_or_condition_distinct_keep
CA0333,v3.4,verified,literature,Exploration of advanced cellulosic material for membrane filtration with outstanding antifouling property,D. Koyama; T. Sakajiri; T. Kakuchi; K. Numata; R. Kakuchi,2023,10.1039/D2RA08165B,https://doi.org/10.1039/D2RA08165B,"Tables 2, 4, 7, and 8 direct values; water, diiodomethane, and formamide contact angles plus vOCG surface-energy components for cellulose ester films",Cellulose acetate CA,polymer,cellulose ester film/membrane,chemical_modification,"cellulose acetate film, Table 2/4",,smooth,,,,46.69,44.6,2.09,,,,same paper vOCG components converted to dispersive plus acid-base polar feature,literature_reported,water,polar,72.8,21.8,51,21.8,25.5,25.5,0.89,1.85,78.4,standard literature values at approximately 20-25 C unless source reports otherwise,298.15,,1,72.8,static,sessile_drop,,,4.3,,,unknown,"cellulose acetate film, Table 2/4",A_high,no,internal_pool,,none,2026-05-18,internal_test,SRC014,unique_or_condition_distinct_keep
CA0334,v3.4,verified,literature,Exploration of advanced cellulosic material for membrane filtration with outstanding antifouling property,D. Koyama; T. Sakajiri; T. Kakuchi; K. Numata; R. Kakuchi,2023,10.1039/D2RA08165B,https://doi.org/10.1039/D2RA08165B,"Tables 2, 4, 7, and 8 direct values; water, diiodomethane, and formamide contact angles plus vOCG surface-energy components for cellulose ester films",Cellulose acetate CA,polymer,cellulose ester film/membrane,chemical_modification,"cellulose acetate film, Table 2/4",,smooth,,,,46.69,44.6,2.09,,,,same paper vOCG components converted to dispersive plus acid-base polar feature,literature_reported,diiodomethane,nonpolar,50.8,48.5,2.3,48.5,0,0,2.8,1,5.3,standard literature values at approximately 20-25 C unless source reports otherwise,298.15,,1,43.6,static,sessile_drop,,,0.9,,,unknown,"cellulose acetate film, Table 2/4",A_high,yes,internal_pool,,none,2026-05-18,internal_train,SRC014,unique_or_condition_distinct_keep
CA0335,v3.4,verified,literature,Exploration of advanced cellulosic material for membrane filtration with outstanding antifouling property,D. Koyama; T. Sakajiri; T. Kakuchi; K. Numata; R. Kakuchi,2023,10.1039/D2RA08165B,https://doi.org/10.1039/D2RA08165B,"Tables 2, 4, 7, and 8 direct values; water, diiodomethane, and formamide contact angles plus vOCG surface-energy components for cellulose ester films",Cellulose acetate CA,polymer,cellulose ester film/membrane,chemical_modification,"cellulose acetate film, Table 2/4",,smooth,,,,46.69,44.6,2.09,,,,same paper vOCG components converted to dispersive plus acid-base polar feature,literature_reported,formamide,polar,58,39,19,39,2.28,39.6,3.3,3.73,111,standard literature values at approximately 20-25 C unless source reports otherwise,298.15,,1,55.1,static,sessile_drop,,,2.3,,,unknown,"cellulose acetate film, Table 2/4",A_high,no,balanced_holdout,,none,2026-05-18,balanced_holdout,SRC014,unique_or_condition_distinct_keep
CA0336,v3.4,verified,literature,Exploration of advanced cellulosic material for membrane filtration with outstanding antifouling property,D. Koyama; T. Sakajiri; T. Kakuchi; K. Numata; R. Kakuchi,2023,10.1039/D2RA08165B,https://doi.org/10.1039/D2RA08165B,"Tables 2, 4, 7, and 8 direct values; water, diiodomethane, and formamide contact angles plus vOCG surface-energy components for cellulose ester films",Cellulose acetate octanoate CA-Oc,polymer,cellulose ester film/membrane,chemical_modification,"hydrophobic cellulose acetate octanoate film, Table 2/4",,smooth,,,,47.1,41.7,5.4,,,,same paper vOCG components converted to dispersive plus acid-base polar feature,literature_reported,water,polar,72.8,21.8,51,21.8,25.5,25.5,0.89,1.85,78.4,standard literature values at approximately 20-25 C unless source reports otherwise,298.15,,1,105.4,static,sessile_drop,,,2.2,,,unknown,"hydrophobic cellulose acetate octanoate film, Table 2/4",A_high,yes,internal_pool,,none,2026-05-18,internal_train,SRC014,unique_or_condition_distinct_keep
CA0337,v3.4,verified,literature,Exploration of advanced cellulosic material for membrane filtration with outstanding antifouling property,D. Koyama; T. Sakajiri; T. Kakuchi; K. Numata; R. Kakuchi,2023,10.1039/D2RA08165B,https://doi.org/10.1039/D2RA08165B,"Tables 2, 4, 7, and 8 direct values; water, diiodomethane, and formamide contact angles plus vOCG surface-energy components for cellulose ester films",Cellulose acetate octanoate CA-Oc,polymer,cellulose ester film/membrane,chemical_modification,"hydrophobic cellulose acetate octanoate film, Table 2/4",,smooth,,,,47.1,41.7,5.4,,,,same paper vOCG components converted to dispersive plus acid-base polar feature,literature_reported,diiodomethane,nonpolar,50.8,48.5,2.3,48.5,0,0,2.8,1,5.3,standard literature values at approximately 20-25 C unless source reports otherwise,298.15,,1,73.3,static,sessile_drop,,,3.2,,,unknown,"hydrophobic cellulose acetate octanoate film, Table 2/4",A_high,yes,internal_pool,,none,2026-05-18,internal_train,SRC014,unique_or_condition_distinct_keep
CA0338,v3.4,verified,literature,Exploration of advanced cellulosic material for membrane filtration with outstanding antifouling property,D. Koyama; T. Sakajiri; T. Kakuchi; K. Numata; R. Kakuchi,2023,10.1039/D2RA08165B,https://doi.org/10.1039/D2RA08165B,"Tables 2, 4, 7, and 8 direct values; water, diiodomethane, and formamide contact angles plus vOCG surface-energy components for cellulose ester films",Cellulose acetate octanoate CA-Oc,polymer,cellulose ester film/membrane,chemical_modification,"hydrophobic cellulose acetate octanoate film, Table 2/4",,smooth,,,,47.1,41.7,5.4,,,,same paper vOCG components converted to dispersive plus acid-base polar feature,literature_reported,formamide,polar,58,39,19,39,2.28,39.6,3.3,3.73,111,standard literature values at approximately 20-25 C unless source reports otherwise,298.15,,1,75.7,static,sessile_drop,,,2.9,,,unknown,"hydrophobic cellulose acetate octanoate film, Table 2/4",A_high,yes,internal_pool,,none,2026-05-18,internal_train,SRC014,unique_or_condition_distinct_keep
CA0339,v3.4,verified,literature,Exploration of advanced cellulosic material for membrane filtration with outstanding antifouling property,D. Koyama; T. Sakajiri; T. Kakuchi; K. Numata; R. Kakuchi,2023,10.1039/D2RA08165B,https://doi.org/10.1039/D2RA08165B,"Tables 2, 4, 7, and 8 direct values; water, diiodomethane, and formamide contact angles plus vOCG surface-energy components for cellulose ester films",Cellulose acetate benzoate CA-Bz,polymer,cellulose ester film/membrane,chemical_modification,"aromatic cellulose acetate benzoate film, Table 2/4",,smooth,,,,46.39,39.1,7.29,,,,same paper vOCG components converted to dispersive plus acid-base polar feature,literature_reported,water,polar,72.8,21.8,51,21.8,25.5,25.5,0.89,1.85,78.4,standard literature values at approximately 20-25 C unless source reports otherwise,298.15,,1,96.4,static,sessile_drop,,,4.5,,,unknown,"aromatic cellulose acetate benzoate film, Table 2/4",A_high,yes,internal_pool,,none,2026-05-18,internal_train,SRC014,unique_or_condition_distinct_keep
CA0340,v3.4,verified,literature,Exploration of advanced cellulosic material for membrane filtration with outstanding antifouling property,D. Koyama; T. Sakajiri; T. Kakuchi; K. Numata; R. Kakuchi,2023,10.1039/D2RA08165B,https://doi.org/10.1039/D2RA08165B,"Tables 2, 4, 7, and 8 direct values; water, diiodomethane, and formamide contact angles plus vOCG surface-energy components for cellulose ester films",Cellulose acetate benzoate CA-Bz,polymer,cellulose ester film/membrane,chemical_modification,"aromatic cellulose acetate benzoate film, Table 2/4",,smooth,,,,46.39,39.1,7.29,,,,same paper vOCG components converted to dispersive plus acid-base polar feature,literature_reported,diiodomethane,nonpolar,50.8,48.5,2.3,48.5,0,0,2.8,1,5.3,standard literature values at approximately 20-25 C unless source reports otherwise,298.15,,1,64.2,static,sessile_drop,,,2,,,unknown,"aromatic cellulose acetate benzoate film, Table 2/4",A_high,no,balanced_holdout,,none,2026-05-18,balanced_holdout,SRC014,unique_or_condition_distinct_keep
CA0341,v3.4,verified,literature,Exploration of advanced cellulosic material for membrane filtration with outstanding antifouling property,D. Koyama; T. Sakajiri; T. Kakuchi; K. Numata; R. Kakuchi,2023,10.1039/D2RA08165B,https://doi.org/10.1039/D2RA08165B,"Tables 2, 4, 7, and 8 direct values; water, diiodomethane, and formamide contact angles plus vOCG surface-energy components for cellulose ester films",Cellulose acetate benzoate CA-Bz,polymer,cellulose ester film/membrane,chemical_modification,"aromatic cellulose acetate benzoate film, Table 2/4",,smooth,,,,46.39,39.1,7.29,,,,same paper vOCG components converted to dispersive plus acid-base polar feature,literature_reported,formamide,polar,58,39,19,39,2.28,39.6,3.3,3.73,111,standard literature values at approximately 20-25 C unless source reports otherwise,298.15,,1,68.5,static,sessile_drop,,,3.6,,,unknown,"aromatic cellulose acetate benzoate film, Table 2/4",A_high,no,balanced_holdout,,none,2026-05-18,balanced_holdout,SRC014,unique_or_condition_distinct_keep
CA0342,v3.4,verified,literature,Exploration of advanced cellulosic material for membrane filtration with outstanding antifouling property,D. Koyama; T. Sakajiri; T. Kakuchi; K. Numata; R. Kakuchi,2023,10.1039/D2RA08165B,https://doi.org/10.1039/D2RA08165B,"Tables 2, 4, 7, and 8 direct values; water, diiodomethane, and formamide contact angles plus vOCG surface-energy components for cellulose ester films",Cellulose acetate hydroxybenzoate CA-HBz,polymer,cellulose ester film/membrane,chemical_modification,"hydroxybenzoate cellulose acetate film, Table 2/4",,smooth,,,,45.51,36.9,8.61,,,,same paper vOCG components converted to dispersive plus acid-base polar feature,literature_reported,water,polar,72.8,21.8,51,21.8,25.5,25.5,0.89,1.85,78.4,standard literature values at approximately 20-25 C unless source reports otherwise,298.15,,1,92.3,static,sessile_drop,,,2.8,,,unknown,"hydroxybenzoate cellulose acetate film, Table 2/4",A_high,yes,internal_pool,,none,2026-05-18,internal_train,SRC014,unique_or_condition_distinct_keep
CA0343,v3.4,verified,literature,Exploration of advanced cellulosic material for membrane filtration with outstanding antifouling property,D. Koyama; T. Sakajiri; T. Kakuchi; K. Numata; R. Kakuchi,2023,10.1039/D2RA08165B,https://doi.org/10.1039/D2RA08165B,"Tables 2, 4, 7, and 8 direct values; water, diiodomethane, and formamide contact angles plus vOCG surface-energy components for cellulose ester films",Cellulose acetate hydroxybenzoate CA-HBz,polymer,cellulose ester film/membrane,chemical_modification,"hydroxybenzoate cellulose acetate film, Table 2/4",,smooth,,,,45.51,36.9,8.61,,,,same paper vOCG components converted to dispersive plus acid-base polar feature,literature_reported,diiodomethane,nonpolar,50.8,48.5,2.3,48.5,0,0,2.8,1,5.3,standard literature values at approximately 20-25 C unless source reports otherwise,298.15,,1,52.9,static,sessile_drop,,,1.6,,,unknown,"hydroxybenzoate cellulose acetate film, Table 2/4",A_high,no,internal_pool,,none,2026-05-18,internal_val,SRC014,unique_or_condition_distinct_keep
CA0344,v3.4,verified,literature,Exploration of advanced cellulosic material for membrane filtration with outstanding antifouling property,D. Koyama; T. Sakajiri; T. Kakuchi; K. Numata; R. Kakuchi,2023,10.1039/D2RA08165B,https://doi.org/10.1039/D2RA08165B,"Tables 2, 4, 7, and 8 direct values; water, diiodomethane, and formamide contact angles plus vOCG surface-energy components for cellulose ester films",Cellulose acetate hydroxybenzoate CA-HBz,polymer,cellulose ester film/membrane,chemical_modification,"hydroxybenzoate cellulose acetate film, Table 2/4",,smooth,,,,45.51,36.9,8.61,,,,same paper vOCG components converted to dispersive plus acid-base polar feature,literature_reported,formamide,polar,58,39,19,39,2.28,39.6,3.3,3.73,111,standard literature values at approximately 20-25 C unless source reports otherwise,298.15,,1,65.5,static,sessile_drop,,,2.2,,,unknown,"hydroxybenzoate cellulose acetate film, Table 2/4",A_high,no,internal_pool,,none,2026-05-18,internal_val,SRC014,unique_or_condition_distinct_keep
CA0345,v3.4,verified,literature,Exploration of advanced cellulosic material for membrane filtration with outstanding antifouling property,D. Koyama; T. Sakajiri; T. Kakuchi; K. Numata; R. Kakuchi,2023,10.1039/D2RA08165B,https://doi.org/10.1039/D2RA08165B,"Tables 2, 4, 7, and 8 direct values; water, diiodomethane, and formamide contact angles plus vOCG surface-energy components for cellulose ester films",Cellulose tri-laurate CTL,polymer,cellulose ester film/membrane,chemical_modification,"cellulose tri-laurate film, Table 7/8",,smooth,,,,35.47,31.8,3.67,,,,same paper vOCG components converted to dispersive plus acid-base polar feature,literature_reported,water,polar,72.8,21.8,51,21.8,25.5,25.5,0.89,1.85,78.4,standard literature values at approximately 20-25 C unless source reports otherwise,298.15,,1,102.9,static,sessile_drop,,,1.9,,,unknown,"cellulose tri-laurate film, Table 7/8",A_high,yes,internal_pool,,none,2026-05-18,internal_train,SRC014,unique_or_condition_distinct_keep
CA0346,v3.4,verified,literature,Exploration of advanced cellulosic material for membrane filtration with outstanding antifouling property,D. Koyama; T. Sakajiri; T. Kakuchi; K. Numata; R. Kakuchi,2023,10.1039/D2RA08165B,https://doi.org/10.1039/D2RA08165B,"Tables 2, 4, 7, and 8 direct values; water, diiodomethane, and formamide contact angles plus vOCG surface-energy components for cellulose ester films",Cellulose tri-laurate CTL,polymer,cellulose ester film/membrane,chemical_modification,"cellulose tri-laurate film, Table 7/8",,smooth,,,,35.47,31.8,3.67,,,,same paper vOCG components converted to dispersive plus acid-base polar feature,literature_reported,diiodomethane,nonpolar,50.8,48.5,2.3,48.5,0,0,2.8,1,5.3,standard literature values at approximately 20-25 C unless source reports otherwise,298.15,,1,81.9,static,sessile_drop,,,1.1,,,unknown,"cellulose tri-laurate film, Table 7/8",A_high,no,internal_pool,,none,2026-05-18,internal_test,SRC014,unique_or_condition_distinct_keep
CA0347,v3.4,verified,literature,Exploration of advanced cellulosic material for membrane filtration with outstanding antifouling property,D. Koyama; T. Sakajiri; T. Kakuchi; K. Numata; R. Kakuchi,2023,10.1039/D2RA08165B,https://doi.org/10.1039/D2RA08165B,"Tables 2, 4, 7, and 8 direct values; water, diiodomethane, and formamide contact angles plus vOCG surface-energy components for cellulose ester films",Cellulose tri-laurate CTL,polymer,cellulose ester film/membrane,chemical_modification,"cellulose tri-laurate film, Table 7/8",,smooth,,,,35.47,31.8,3.67,,,,same paper vOCG components converted to dispersive plus acid-base polar feature,literature_reported,formamide,polar,58,39,19,39,2.28,39.6,3.3,3.73,111,standard literature values at approximately 20-25 C unless source reports otherwise,298.15,,1,78.2,static,sessile_drop,,,0.5,,,unknown,"cellulose tri-laurate film, Table 7/8",A_high,yes,internal_pool,,none,2026-05-18,internal_train,SRC014,unique_or_condition_distinct_keep
CA0348,v3.4,verified,literature,Exploration of advanced cellulosic material for membrane filtration with outstanding antifouling property,D. Koyama; T. Sakajiri; T. Kakuchi; K. Numata; R. Kakuchi,2023,10.1039/D2RA08165B,https://doi.org/10.1039/D2RA08165B,"Tables 2, 4, 7, and 8 direct values; water, diiodomethane, and formamide contact angles plus vOCG surface-energy components for cellulose ester films",Cellulose laurate oleate dodecanoate CLTOD(a),polymer,cellulose ester film/membrane,chemical_modification,"cellulose mixed ester CLTOD(a), Table 7/8",,smooth,,,,42.93,36.5,6.43,,,,same paper vOCG components converted to dispersive plus acid-base polar feature,literature_reported,water,polar,72.8,21.8,51,21.8,25.5,25.5,0.89,1.85,78.4,standard literature values at approximately 20-25 C unless source reports otherwise,298.15,,1,97.4,static,sessile_drop,,,1.3,,,unknown,"cellulose mixed ester CLTOD(a), Table 7/8",A_high,yes,internal_pool,,none,2026-05-18,internal_train,SRC014,unique_or_condition_distinct_keep
CA0349,v3.4,verified,literature,Exploration of advanced cellulosic material for membrane filtration with outstanding antifouling property,D. Koyama; T. Sakajiri; T. Kakuchi; K. Numata; R. Kakuchi,2023,10.1039/D2RA08165B,https://doi.org/10.1039/D2RA08165B,"Tables 2, 4, 7, and 8 direct values; water, diiodomethane, and formamide contact angles plus vOCG surface-energy components for cellulose ester films",Cellulose laurate oleate dodecanoate CLTOD(a),polymer,cellulose ester film/membrane,chemical_modification,"cellulose mixed ester CLTOD(a), Table 7/8",,smooth,,,,42.93,36.5,6.43,,,,same paper vOCG components converted to dispersive plus acid-base polar feature,literature_reported,diiodomethane,nonpolar,50.8,48.5,2.3,48.5,0,0,2.8,1,5.3,standard literature values at approximately 20-25 C unless source reports otherwise,298.15,,1,65.5,static,sessile_drop,,,1.8,,,unknown,"cellulose mixed ester CLTOD(a), Table 7/8",A_high,yes,internal_pool,,none,2026-05-18,internal_train,SRC014,unique_or_condition_distinct_keep
CA0350,v3.4,verified,literature,Exploration of advanced cellulosic material for membrane filtration with outstanding antifouling property,D. Koyama; T. Sakajiri; T. Kakuchi; K. Numata; R. Kakuchi,2023,10.1039/D2RA08165B,https://doi.org/10.1039/D2RA08165B,"Tables 2, 4, 7, and 8 direct values; water, diiodomethane, and formamide contact angles plus vOCG surface-energy components for cellulose ester films",Cellulose laurate oleate dodecanoate CLTOD(a),polymer,cellulose ester film/membrane,chemical_modification,"cellulose mixed ester CLTOD(a), Table 7/8",,smooth,,,,42.93,36.5,6.43,,,,same paper vOCG components converted to dispersive plus acid-base polar feature,literature_reported,formamide,polar,58,39,19,39,2.28,39.6,3.3,3.73,111,standard literature values at approximately 20-25 C unless source reports otherwise,298.15,,1,68,static,sessile_drop,,,1.6,,,unknown,"cellulose mixed ester CLTOD(a), Table 7/8",A_high,yes,internal_pool,,none,2026-05-18,internal_train,SRC014,unique_or_condition_distinct_keep
CA0351,v3.4,verified,literature,Exploration of advanced cellulosic material for membrane filtration with outstanding antifouling property,D. Koyama; T. Sakajiri; T. Kakuchi; K. Numata; R. Kakuchi,2023,10.1039/D2RA08165B,https://doi.org/10.1039/D2RA08165B,"Tables 2, 4, 7, and 8 direct values; water, diiodomethane, and formamide contact angles plus vOCG surface-energy components for cellulose ester films",Cellulose laurate oleate dodecanoate CLTOD(b),polymer,cellulose ester film/membrane,chemical_modification,"cellulose mixed ester CLTOD(b), Table 7/8",,smooth,,,,40.2,35.6,4.6,,,,same paper vOCG components converted to dispersive plus acid-base polar feature,literature_reported,water,polar,72.8,21.8,51,21.8,25.5,25.5,0.89,1.85,78.4,standard literature values at approximately 20-25 C unless source reports otherwise,298.15,,1,90.3,static,sessile_drop,,,1.1,,,unknown,"cellulose mixed ester CLTOD(b), Table 7/8",A_high,yes,internal_pool,,none,2026-05-18,internal_train,SRC014,unique_or_condition_distinct_keep
CA0352,v3.4,verified,literature,Exploration of advanced cellulosic material for membrane filtration with outstanding antifouling property,D. Koyama; T. Sakajiri; T. Kakuchi; K. Numata; R. Kakuchi,2023,10.1039/D2RA08165B,https://doi.org/10.1039/D2RA08165B,"Tables 2, 4, 7, and 8 direct values; water, diiodomethane, and formamide contact angles plus vOCG surface-energy components for cellulose ester films",Cellulose laurate oleate dodecanoate CLTOD(b),polymer,cellulose ester film/membrane,chemical_modification,"cellulose mixed ester CLTOD(b), Table 7/8",,smooth,,,,40.2,35.6,4.6,,,,same paper vOCG components converted to dispersive plus acid-base polar feature,literature_reported,diiodomethane,nonpolar,50.8,48.5,2.3,48.5,0,0,2.8,1,5.3,standard literature values at approximately 20-25 C unless source reports otherwise,298.15,,1,69.1,static,sessile_drop,,,3.3,,,unknown,"cellulose mixed ester CLTOD(b), Table 7/8",A_high,yes,internal_pool,,none,2026-05-18,internal_train,SRC014,unique_or_condition_distinct_keep
CA0353,v3.4,verified,literature,Exploration of advanced cellulosic material for membrane filtration with outstanding antifouling property,D. Koyama; T. Sakajiri; T. Kakuchi; K. Numata; R. Kakuchi,2023,10.1039/D2RA08165B,https://doi.org/10.1039/D2RA08165B,"Tables 2, 4, 7, and 8 direct values; water, diiodomethane, and formamide contact angles plus vOCG surface-energy components for cellulose ester films",Cellulose laurate oleate dodecanoate CLTOD(b),polymer,cellulose ester film/membrane,chemical_modification,"cellulose mixed ester CLTOD(b), Table 7/8",,smooth,,,,40.2,35.6,4.6,,,,same paper vOCG components converted to dispersive plus acid-base polar feature,literature_reported,formamide,polar,58,39,19,39,2.28,39.6,3.3,3.73,111,standard literature values at approximately 20-25 C unless source reports otherwise,298.15,,1,73.1,static,sessile_drop,,,1.2,,,unknown,"cellulose mixed ester CLTOD(b), Table 7/8",A_high,yes,internal_pool,,none,2026-05-18,internal_train,SRC014,unique_or_condition_distinct_keep
CA0354,v3.4,verified,literature,Exploration of advanced cellulosic material for membrane filtration with outstanding antifouling property,D. Koyama; T. Sakajiri; T. Kakuchi; K. Numata; R. Kakuchi,2023,10.1039/D2RA08165B,https://doi.org/10.1039/D2RA08165B,"Tables 2, 4, 7, and 8 direct values; water, diiodomethane, and formamide contact angles plus vOCG surface-energy components for cellulose ester films",Polyethersulfone PES membrane reference,polymer,cellulose ester film/membrane,chemical_modification,"PES membrane reference, Table 7/8",,smooth,,,,45.37,45,0.37,,,,same paper vOCG components converted to dispersive plus acid-base polar feature,literature_reported,water,polar,72.8,21.8,51,21.8,25.5,25.5,0.89,1.85,78.4,standard literature values at approximately 20-25 C unless source reports otherwise,298.15,,1,81,static,sessile_drop,,,1.1,,,unknown,"PES membrane reference, Table 7/8",A_high,yes,internal_pool,,none,2026-05-18,internal_train,SRC014,unique_or_condition_distinct_keep
CA0355,v3.4,verified,literature,Exploration of advanced cellulosic material for membrane filtration with outstanding antifouling property,D. Koyama; T. Sakajiri; T. Kakuchi; K. Numata; R. Kakuchi,2023,10.1039/D2RA08165B,https://doi.org/10.1039/D2RA08165B,"Tables 2, 4, 7, and 8 direct values; water, diiodomethane, and formamide contact angles plus vOCG surface-energy components for cellulose ester films",Polyethersulfone PES membrane reference,polymer,cellulose ester film/membrane,chemical_modification,"PES membrane reference, Table 7/8",,smooth,,,,45.37,45,0.37,,,,same paper vOCG components converted to dispersive plus acid-base polar feature,literature_reported,diiodomethane,nonpolar,50.8,48.5,2.3,48.5,0,0,2.8,1,5.3,standard literature values at approximately 20-25 C unless source reports otherwise,298.15,,1,37.8,static,sessile_drop,,,0.9,,,unknown,"PES membrane reference, Table 7/8",A_high,no,internal_pool,,none,2026-05-18,internal_test,SRC014,unique_or_condition_distinct_keep
CA0356,v3.4,verified,literature,Exploration of advanced cellulosic material for membrane filtration with outstanding antifouling property,D. Koyama; T. Sakajiri; T. Kakuchi; K. Numata; R. Kakuchi,2023,10.1039/D2RA08165B,https://doi.org/10.1039/D2RA08165B,"Tables 2, 4, 7, and 8 direct values; water, diiodomethane, and formamide contact angles plus vOCG surface-energy components for cellulose ester films",Polyethersulfone PES membrane reference,polymer,cellulose ester film/membrane,chemical_modification,"PES membrane reference, Table 7/8",,smooth,,,,45.37,45,0.37,,,,same paper vOCG components converted to dispersive plus acid-base polar feature,literature_reported,formamide,polar,58,39,19,39,2.28,39.6,3.3,3.73,111,standard literature values at approximately 20-25 C unless source reports otherwise,298.15,,1,54.4,static,sessile_drop,,,0.8,,,unknown,"PES membrane reference, Table 7/8",A_high,yes,internal_pool,,none,2026-05-18,internal_train,SRC014,unique_or_condition_distinct_keep
CA0357,v3.4,verified,literature,Exploration of advanced cellulosic material for membrane filtration with outstanding antifouling property,D. Koyama; T. Sakajiri; T. Kakuchi; K. Numata; R. Kakuchi,2023,10.1039/D2RA08165B,https://doi.org/10.1039/D2RA08165B,"Tables 2, 4, 7, and 8 direct values; water, diiodomethane, and formamide contact angles plus vOCG surface-energy components for cellulose ester films",Cellulose triacetate CTA(b) membrane reference,polymer,cellulose ester film/membrane,chemical_modification,"CTA membrane reference, Table 7/8",,smooth,,,,42.09,41.5,0.59,,,,same paper vOCG components converted to dispersive plus acid-base polar feature,literature_reported,water,polar,72.8,21.8,51,21.8,25.5,25.5,0.89,1.85,78.4,standard literature values at approximately 20-25 C unless source reports otherwise,298.15,,1,75.2,static,sessile_drop,,,2.6,,,unknown,"CTA membrane reference, Table 7/8",A_high,no,internal_pool,,none,2026-05-18,internal_val,SRC014,unique_or_condition_distinct_keep
CA0358,v3.4,verified,literature,Exploration of advanced cellulosic material for membrane filtration with outstanding antifouling property,D. Koyama; T. Sakajiri; T. Kakuchi; K. Numata; R. Kakuchi,2023,10.1039/D2RA08165B,https://doi.org/10.1039/D2RA08165B,"Tables 2, 4, 7, and 8 direct values; water, diiodomethane, and formamide contact angles plus vOCG surface-energy components for cellulose ester films",Cellulose triacetate CTA(b) membrane reference,polymer,cellulose ester film/membrane,chemical_modification,"CTA membrane reference, Table 7/8",,smooth,,,,42.09,41.5,0.59,,,,same paper vOCG components converted to dispersive plus acid-base polar feature,literature_reported,diiodomethane,nonpolar,50.8,48.5,2.3,48.5,0,0,2.8,1,5.3,standard literature values at approximately 20-25 C unless source reports otherwise,298.15,,1,61.1,static,sessile_drop,,,0.7,,,unknown,"CTA membrane reference, Table 7/8",A_high,yes,internal_pool,,none,2026-05-18,internal_train,SRC014,unique_or_condition_distinct_keep
CA0359,v3.4,verified,literature,Exploration of advanced cellulosic material for membrane filtration with outstanding antifouling property,D. Koyama; T. Sakajiri; T. Kakuchi; K. Numata; R. Kakuchi,2023,10.1039/D2RA08165B,https://doi.org/10.1039/D2RA08165B,"Tables 2, 4, 7, and 8 direct values; water, diiodomethane, and formamide contact angles plus vOCG surface-energy components for cellulose ester films",Cellulose triacetate CTA(b) membrane reference,polymer,cellulose ester film/membrane,chemical_modification,"CTA membrane reference, Table 7/8",,smooth,,,,42.09,41.5,0.59,,,,same paper vOCG components converted to dispersive plus acid-base polar feature,literature_reported,formamide,polar,58,39,19,39,2.28,39.6,3.3,3.73,111,standard literature values at approximately 20-25 C unless source reports otherwise,298.15,,1,49.5,static,sessile_drop,,,2.6,,,unknown,"CTA membrane reference, Table 7/8",A_high,yes,internal_pool,,none,2026-05-18,internal_train,SRC014,unique_or_condition_distinct_keep
CA0360,v3.4,verified,literature,The Effect of Anodizing Treatment in Various Electrolytes on the Structural Features and Photoactive Properties of Titania Nanotube Arrays,E. Kobayashi et al.,2022,10.3390/met12010080,https://doi.org/10.3390/met12010080,"Tables 4 and 5 direct values; water, formamide, and diiodomethane contact angles on Ti/TiO2 nanotube surfaces before and after UV irradiation",Ti n-P before UV,oxide,titanium/titania nanotube array,anodization,non-polished Ti reference before UV irradiation,,rough,,,,33.91,32.11,1.8,,,,calculated from Table 4 contact angles using OWRK least-squares fit,inferred_from_contact_angles,water,polar,72.8,21.8,51,21.8,25.5,25.5,0.89,1.85,78.4,standard literature values at approximately 20-25 C unless source reports otherwise,298.15,,1,89.2,static,sessile_drop,,,2.2,,,unknown,non-polished Ti reference before UV irradiation,A_high,yes,internal_pool,,none,2026-05-18,internal_train,SRC020,unique_or_condition_distinct_keep
CA0361,v3.4,verified,literature,The Effect of Anodizing Treatment in Various Electrolytes on the Structural Features and Photoactive Properties of Titania Nanotube Arrays,E. Kobayashi et al.,2022,10.3390/met12010080,https://doi.org/10.3390/met12010080,"Tables 4 and 5 direct values; water, formamide, and diiodomethane contact angles on Ti/TiO2 nanotube surfaces before and after UV irradiation",Ti n-P before UV,oxide,titanium/titania nanotube array,anodization,non-polished Ti reference before UV irradiation,,rough,,,,33.91,32.11,1.8,,,,calculated from Table 4 contact angles using OWRK least-squares fit,inferred_from_contact_angles,formamide,polar,58,39,19,39,2.28,39.6,3.3,3.73,111,standard literature values at approximately 20-25 C unless source reports otherwise,298.15,,1,68.8,static,sessile_drop,,,1.1,,,unknown,non-polished Ti reference before UV irradiation,A_high,no,balanced_holdout,,none,2026-05-18,balanced_holdout,SRC020,unique_or_condition_distinct_keep
CA0362,v3.4,verified,literature,The Effect of Anodizing Treatment in Various Electrolytes on the Structural Features and Photoactive Properties of Titania Nanotube Arrays,E. Kobayashi et al.,2022,10.3390/met12010080,https://doi.org/10.3390/met12010080,"Tables 4 and 5 direct values; water, formamide, and diiodomethane contact angles on Ti/TiO2 nanotube surfaces before and after UV irradiation",Ti n-P before UV,oxide,titanium/titania nanotube array,anodization,non-polished Ti reference before UV irradiation,,rough,,,,33.91,32.11,1.8,,,,calculated from Table 4 contact angles using OWRK least-squares fit,inferred_from_contact_angles,diiodomethane,nonpolar,50.8,48.5,2.3,48.5,0,0,2.8,1,5.3,standard literature values at approximately 20-25 C unless source reports otherwise,298.15,,1,47.7,static,sessile_drop,,,2.8,,,unknown,non-polished Ti reference before UV irradiation,A_high,no,internal_pool,,none,2026-05-18,internal_val,SRC020,unique_or_condition_distinct_keep
CA0363,v3.4,verified,literature,The Effect of Anodizing Treatment in Various Electrolytes on the Structural Features and Photoactive Properties of Titania Nanotube Arrays,E. Kobayashi et al.,2022,10.3390/met12010080,https://doi.org/10.3390/met12010080,"Tables 4 and 5 direct values; water, formamide, and diiodomethane contact angles on Ti/TiO2 nanotube surfaces before and after UV irradiation",Ti-NT-EG before UV,oxide,titanium/titania nanotube array,anodization,TiO2 nanotube array anodized in ethylene glycol electrolyte before UV irradiation,,nanotube_array,,,,46.49,40.54,5.95,,,,calculated from Table 4 contact angles using OWRK least-squares fit,inferred_from_contact_angles,water,polar,72.8,21.8,51,21.8,25.5,25.5,0.89,1.85,78.4,standard literature values at approximately 20-25 C unless source reports otherwise,298.15,,1,70.2,static,sessile_drop,,,2,,,unknown,TiO2 nanotube array anodized in ethylene glycol electrolyte before UV irradiation,A_high,no,internal_pool,,none,2026-05-18,internal_val,SRC020,unique_or_condition_distinct_keep
CA0364,v3.4,verified,literature,The Effect of Anodizing Treatment in Various Electrolytes on the Structural Features and Photoactive Properties of Titania Nanotube Arrays,E. Kobayashi et al.,2022,10.3390/met12010080,https://doi.org/10.3390/met12010080,"Tables 4 and 5 direct values; water, formamide, and diiodomethane contact angles on Ti/TiO2 nanotube surfaces before and after UV irradiation",Ti-NT-EG before UV,oxide,titanium/titania nanotube array,anodization,TiO2 nanotube array anodized in ethylene glycol electrolyte before UV irradiation,,nanotube_array,,,,46.49,40.54,5.95,,,,calculated from Table 4 contact angles using OWRK least-squares fit,inferred_from_contact_angles,formamide,polar,58,39,19,39,2.28,39.6,3.3,3.73,111,standard literature values at approximately 20-25 C unless source reports otherwise,298.15,,1,51.2,static,sessile_drop,,,1.9,,,unknown,TiO2 nanotube array anodized in ethylene glycol electrolyte before UV irradiation,A_high,yes,internal_pool,,none,2026-05-18,internal_train,SRC020,unique_or_condition_distinct_keep
CA0365,v3.4,verified,literature,The Effect of Anodizing Treatment in Various Electrolytes on the Structural Features and Photoactive Properties of Titania Nanotube Arrays,E. Kobayashi et al.,2022,10.3390/met12010080,https://doi.org/10.3390/met12010080,"Tables 4 and 5 direct values; water, formamide, and diiodomethane contact angles on Ti/TiO2 nanotube surfaces before and after UV irradiation",Ti-NT-EG before UV,oxide,titanium/titania nanotube array,anodization,TiO2 nanotube array anodized in ethylene glycol electrolyte before UV irradiation,,nanotube_array,,,,46.49,40.54,5.95,,,,calculated from Table 4 contact angles using OWRK least-squares fit,inferred_from_contact_angles,diiodomethane,nonpolar,50.8,48.5,2.3,48.5,0,0,2.8,1,5.3,standard literature values at approximately 20-25 C unless source reports otherwise,298.15,,1,15.5,static,sessile_drop,,,2.4,,,unknown,TiO2 nanotube array anodized in ethylene glycol electrolyte before UV irradiation,A_high,yes,internal_pool,,none,2026-05-18,internal_train,SRC020,unique_or_condition_distinct_keep
CA0366,v3.4,verified,literature,The Effect of Anodizing Treatment in Various Electrolytes on the Structural Features and Photoactive Properties of Titania Nanotube Arrays,E. Kobayashi et al.,2022,10.3390/met12010080,https://doi.org/10.3390/met12010080,"Tables 4 and 5 direct values; water, formamide, and diiodomethane contact angles on Ti/TiO2 nanotube surfaces before and after UV irradiation",Ti-NT-ChCl before UV,oxide,titanium/titania nanotube array,anodization,TiO2 nanotube array anodized in choline chloride electrolyte before UV irradiation,,nanotube_array,,,,51.67,38,13.67,,,,calculated from Table 4 contact angles using OWRK least-squares fit,inferred_from_contact_angles,water,polar,72.8,21.8,51,21.8,25.5,25.5,0.89,1.85,78.4,standard literature values at approximately 20-25 C unless source reports otherwise,298.15,,1,56,static,sessile_drop,,,1.3,,,unknown,TiO2 nanotube array anodized in choline chloride electrolyte before UV irradiation,A_high,no,internal_pool,,none,2026-05-18,internal_test,SRC020,unique_or_condition_distinct_keep
CA0367,v3.4,verified,literature,The Effect of Anodizing Treatment in Various Electrolytes on the Structural Features and Photoactive Properties of Titania Nanotube Arrays,E. Kobayashi et al.,2022,10.3390/met12010080,https://doi.org/10.3390/met12010080,"Tables 4 and 5 direct values; water, formamide, and diiodomethane contact angles on Ti/TiO2 nanotube surfaces before and after UV irradiation",Ti-NT-ChCl before UV,oxide,titanium/titania nanotube array,anodization,TiO2 nanotube array anodized in choline chloride electrolyte before UV irradiation,,nanotube_array,,,,51.67,38,13.67,,,,calculated from Table 4 contact angles using OWRK least-squares fit,inferred_from_contact_angles,formamide,polar,58,39,19,39,2.28,39.6,3.3,3.73,111,standard literature values at approximately 20-25 C unless source reports otherwise,298.15,,1,39.4,static,sessile_drop,,,1.5,,,unknown,TiO2 nanotube array anodized in choline chloride electrolyte before UV irradiation,A_high,yes,internal_pool,,none,2026-05-18,internal_train,SRC020,unique_or_condition_distinct_keep
CA0368,v3.4,verified,literature,The Effect of Anodizing Treatment in Various Electrolytes on the Structural Features and Photoactive Properties of Titania Nanotube Arrays,E. Kobayashi et al.,2022,10.3390/met12010080,https://doi.org/10.3390/met12010080,"Tables 4 and 5 direct values; water, formamide, and diiodomethane contact angles on Ti/TiO2 nanotube surfaces before and after UV irradiation",Ti-NT-ChCl before UV,oxide,titanium/titania nanotube array,anodization,TiO2 nanotube array anodized in choline chloride electrolyte before UV irradiation,,nanotube_array,,,,51.67,38,13.67,,,,calculated from Table 4 contact angles using OWRK least-squares fit,inferred_from_contact_angles,diiodomethane,nonpolar,50.8,48.5,2.3,48.5,0,0,2.8,1,5.3,standard literature values at approximately 20-25 C unless source reports otherwise,298.15,,1,10.7,static,sessile_drop,,,0.9,,,unknown,TiO2 nanotube array anodized in choline chloride electrolyte before UV irradiation,A_high,yes,internal_pool,,none,2026-05-18,internal_train,SRC020,unique_or_condition_distinct_keep
CA0369,v3.4,verified,literature,The Effect of Anodizing Treatment in Various Electrolytes on the Structural Features and Photoactive Properties of Titania Nanotube Arrays,E. Kobayashi et al.,2022,10.3390/met12010080,https://doi.org/10.3390/met12010080,"Tables 4 and 5 direct values; water, formamide, and diiodomethane contact angles on Ti/TiO2 nanotube surfaces before and after UV irradiation",Ti-NT-NH4F before UV,oxide,titanium/titania nanotube array,anodization,TiO2 nanotube array anodized in ammonium fluoride electrolyte before UV irradiation,,nanotube_array,,,,49.01,38.69,10.31,,,,calculated from Table 4 contact angles using OWRK least-squares fit,inferred_from_contact_angles,water,polar,72.8,21.8,51,21.8,25.5,25.5,0.89,1.85,78.4,standard literature values at approximately 20-25 C unless source reports otherwise,298.15,,1,61.5,static,sessile_drop,,,3.4,,,unknown,TiO2 nanotube array anodized in ammonium fluoride electrolyte before UV irradiation,A_high,no,internal_pool,,none,2026-05-18,internal_val,SRC020,unique_or_condition_distinct_keep
CA0370,v3.4,verified,literature,The Effect of Anodizing Treatment in Various Electrolytes on the Structural Features and Photoactive Properties of Titania Nanotube Arrays,E. Kobayashi et al.,2022,10.3390/met12010080,https://doi.org/10.3390/met12010080,"Tables 4 and 5 direct values; water, formamide, and diiodomethane contact angles on Ti/TiO2 nanotube surfaces before and after UV irradiation",Ti-NT-NH4F before UV,oxide,titanium/titania nanotube array,anodization,TiO2 nanotube array anodized in ammonium fluoride electrolyte before UV irradiation,,nanotube_array,,,,49.01,38.69,10.31,,,,calculated from Table 4 contact angles using OWRK least-squares fit,inferred_from_contact_angles,formamide,polar,58,39,19,39,2.28,39.6,3.3,3.73,111,standard literature values at approximately 20-25 C unless source reports otherwise,298.15,,1,45.9,static,sessile_drop,,,2.2,,,unknown,TiO2 nanotube array anodized in ammonium fluoride electrolyte before UV irradiation,A_high,yes,internal_pool,,none,2026-05-18,internal_train,SRC020,unique_or_condition_distinct_keep
CA0371,v3.4,verified,literature,The Effect of Anodizing Treatment in Various Electrolytes on the Structural Features and Photoactive Properties of Titania Nanotube Arrays,E. Kobayashi et al.,2022,10.3390/met12010080,https://doi.org/10.3390/met12010080,"Tables 4 and 5 direct values; water, formamide, and diiodomethane contact angles on Ti/TiO2 nanotube surfaces before and after UV irradiation",Ti-NT-NH4F before UV,oxide,titanium/titania nanotube array,anodization,TiO2 nanotube array anodized in ammonium fluoride electrolyte before UV irradiation,,nanotube_array,,,,49.01,38.69,10.31,,,,calculated from Table 4 contact angles using OWRK least-squares fit,inferred_from_contact_angles,diiodomethane,nonpolar,50.8,48.5,2.3,48.5,0,0,2.8,1,5.3,standard literature values at approximately 20-25 C unless source reports otherwise,298.15,,1,11.7,static,sessile_drop,,,3.8,,,unknown,TiO2 nanotube array anodized in ammonium fluoride electrolyte before UV irradiation,A_high,yes,internal_pool,,none,2026-05-18,internal_train,SRC020,unique_or_condition_distinct_keep
CA0372,v3.4,verified,literature,The Effect of Anodizing Treatment in Various Electrolytes on the Structural Features and Photoactive Properties of Titania Nanotube Arrays,E. Kobayashi et al.,2022,10.3390/met12010080,https://doi.org/10.3390/met12010080,"Tables 4 and 5 direct values; water, formamide, and diiodomethane contact angles on Ti/TiO2 nanotube surfaces before and after UV irradiation",Ti n-P after UV,oxide,titanium/titania nanotube array,UV_ozone,non-polished Ti reference after 20 min UV irradiation,,rough,,,,70.28,29.45,40.82,,,,calculated from Table 4 contact angles using OWRK least-squares fit,inferred_from_contact_angles,water,polar,72.8,21.8,51,21.8,25.5,25.5,0.89,1.85,78.4,standard literature values at approximately 20-25 C unless source reports otherwise,298.15,,1,0.1,static,sessile_drop,,,,,0.1,unknown,non-polished Ti reference after 20 min UV irradiation,B_medium,no,balanced_holdout,,none,2026-05-18,balanced_holdout,SRC020,unique_or_condition_distinct_keep
CA0373,v3.4,verified,literature,The Effect of Anodizing Treatment in Various Electrolytes on the Structural Features and Photoactive Properties of Titania Nanotube Arrays,E. Kobayashi et al.,2022,10.3390/met12010080,https://doi.org/10.3390/met12010080,"Tables 4 and 5 direct values; water, formamide, and diiodomethane contact angles on Ti/TiO2 nanotube surfaces before and after UV irradiation",Ti n-P after UV,oxide,titanium/titania nanotube array,UV_ozone,non-polished Ti reference after 20 min UV irradiation,,rough,,,,70.28,29.45,40.82,,,,calculated from Table 4 contact angles using OWRK least-squares fit,inferred_from_contact_angles,formamide,polar,58,39,19,39,2.28,39.6,3.3,3.73,111,standard literature values at approximately 20-25 C unless source reports otherwise,298.15,,1,0.1,static,sessile_drop,,,,,0.1,unknown,non-polished Ti reference after 20 min UV irradiation,B_medium,no,balanced_holdout,,none,2026-05-18,balanced_holdout,SRC020,unique_or_condition_distinct_keep
CA0374,v3.4,verified,literature,The Effect of Anodizing Treatment in Various Electrolytes on the Structural Features and Photoactive Properties of Titania Nanotube Arrays,E. Kobayashi et al.,2022,10.3390/met12010080,https://doi.org/10.3390/met12010080,"Tables 4 and 5 direct values; water, formamide, and diiodomethane contact angles on Ti/TiO2 nanotube surfaces before and after UV irradiation",Ti n-P after UV,oxide,titanium/titania nanotube array,UV_ozone,non-polished Ti reference after 20 min UV irradiation,,rough,,,,70.28,29.45,40.82,,,,calculated from Table 4 contact angles using OWRK least-squares fit,inferred_from_contact_angles,diiodomethane,nonpolar,50.8,48.5,2.3,48.5,0,0,2.8,1,5.3,standard literature values at approximately 20-25 C unless source reports otherwise,298.15,,1,17.6,static,sessile_drop,,,2.1,,,unknown,non-polished Ti reference after 20 min UV irradiation,A_high,no,balanced_holdout,,none,2026-05-18,balanced_holdout,SRC020,unique_or_condition_distinct_keep
CA0375,v3.4,verified,literature,The Effect of Anodizing Treatment in Various Electrolytes on the Structural Features and Photoactive Properties of Titania Nanotube Arrays,E. Kobayashi et al.,2022,10.3390/met12010080,https://doi.org/10.3390/met12010080,"Tables 4 and 5 direct values; water, formamide, and diiodomethane contact angles on Ti/TiO2 nanotube surfaces before and after UV irradiation",Ti-NT-EG after UV,oxide,titanium/titania nanotube array,UV_ozone,TiO2 nanotube array anodized in ethylene glycol electrolyte after 20 min UV irradiation,,nanotube_array,,,,70.27,28.19,42.09,,,,calculated from Table 4 contact angles using OWRK least-squares fit,inferred_from_contact_angles,water,polar,72.8,21.8,51,21.8,25.5,25.5,0.89,1.85,78.4,standard literature values at approximately 20-25 C unless source reports otherwise,298.15,,1,0.1,static,sessile_drop,,,,,0.1,unknown,TiO2 nanotube array anodized in ethylene glycol electrolyte after 20 min UV irradiation,B_medium,yes,internal_pool,,none,2026-05-18,internal_train,SRC020,unique_or_condition_distinct_keep
CA0376,v3.4,verified,literature,The Effect of Anodizing Treatment in Various Electrolytes on the Structural Features and Photoactive Properties of Titania Nanotube Arrays,E. Kobayashi et al.,2022,10.3390/met12010080,https://doi.org/10.3390/met12010080,"Tables 4 and 5 direct values; water, formamide, and diiodomethane contact angles on Ti/TiO2 nanotube surfaces before and after UV irradiation",Ti-NT-EG after UV,oxide,titanium/titania nanotube array,UV_ozone,TiO2 nanotube array anodized in ethylene glycol electrolyte after 20 min UV irradiation,,nanotube_array,,,,70.27,28.19,42.09,,,,calculated from Table 4 contact angles using OWRK least-squares fit,inferred_from_contact_angles,formamide,polar,58,39,19,39,2.28,39.6,3.3,3.73,111,standard literature values at approximately 20-25 C unless source reports otherwise,298.15,,1,0.1,static,sessile_drop,,,,,0.1,unknown,TiO2 nanotube array anodized in ethylene glycol electrolyte after 20 min UV irradiation,B_medium,yes,internal_pool,,none,2026-05-18,internal_train,SRC020,unique_or_condition_distinct_keep
CA0377,v3.4,verified,literature,The Effect of Anodizing Treatment in Various Electrolytes on the Structural Features and Photoactive Properties of Titania Nanotube Arrays,E. Kobayashi et al.,2022,10.3390/met12010080,https://doi.org/10.3390/met12010080,"Tables 4 and 5 direct values; water, formamide, and diiodomethane contact angles on Ti/TiO2 nanotube surfaces before and after UV irradiation",Ti-NT-EG after UV,oxide,titanium/titania nanotube array,UV_ozone,TiO2 nanotube array anodized in ethylene glycol electrolyte after 20 min UV irradiation,,nanotube_array,,,,70.27,28.19,42.09,,,,calculated from Table 4 contact angles using OWRK least-squares fit,inferred_from_contact_angles,diiodomethane,nonpolar,50.8,48.5,2.3,48.5,0,0,2.8,1,5.3,standard literature values at approximately 20-25 C unless source reports otherwise,298.15,,1,23.1,static,sessile_drop,,,2.6,,,unknown,TiO2 nanotube array anodized in ethylene glycol electrolyte after 20 min UV irradiation,A_high,yes,internal_pool,,none,2026-05-18,internal_train,SRC020,unique_or_condition_distinct_keep
CA0378,v3.4,verified,literature,The Effect of Anodizing Treatment in Various Electrolytes on the Structural Features and Photoactive Properties of Titania Nanotube Arrays,E. Kobayashi et al.,2022,10.3390/met12010080,https://doi.org/10.3390/met12010080,"Tables 4 and 5 direct values; water, formamide, and diiodomethane contact angles on Ti/TiO2 nanotube surfaces before and after UV irradiation",Ti-NT-ChCl after UV,oxide,titanium/titania nanotube array,UV_ozone,TiO2 nanotube array anodized in choline chloride electrolyte after 20 min UV irradiation,,nanotube_array,,,,70.27,29.09,41.18,,,,calculated from Table 4 contact angles using OWRK least-squares fit,inferred_from_contact_angles,water,polar,72.8,21.8,51,21.8,25.5,25.5,0.89,1.85,78.4,standard literature values at approximately 20-25 C unless source reports otherwise,298.15,,1,0.1,static,sessile_drop,,,,,0.1,unknown,TiO2 nanotube array anodized in choline chloride electrolyte after 20 min UV irradiation,B_medium,yes,internal_pool,,none,2026-05-18,internal_train,SRC020,unique_or_condition_distinct_keep
CA0379,v3.4,verified,literature,The Effect of Anodizing Treatment in Various Electrolytes on the Structural Features and Photoactive Properties of Titania Nanotube Arrays,E. Kobayashi et al.,2022,10.3390/met12010080,https://doi.org/10.3390/met12010080,"Tables 4 and 5 direct values; water, formamide, and diiodomethane contact angles on Ti/TiO2 nanotube surfaces before and after UV irradiation",Ti-NT-ChCl after UV,oxide,titanium/titania nanotube array,UV_ozone,TiO2 nanotube array anodized in choline chloride electrolyte after 20 min UV irradiation,,nanotube_array,,,,70.27,29.09,41.18,,,,calculated from Table 4 contact angles using OWRK least-squares fit,inferred_from_contact_angles,formamide,polar,58,39,19,39,2.28,39.6,3.3,3.73,111,standard literature values at approximately 20-25 C unless source reports otherwise,298.15,,1,0.1,static,sessile_drop,,,,,0.1,unknown,TiO2 nanotube array anodized in choline chloride electrolyte after 20 min UV irradiation,B_medium,no,balanced_holdout,,none,2026-05-18,balanced_holdout,SRC020,unique_or_condition_distinct_keep
CA0380,v3.4,verified,literature,The Effect of Anodizing Treatment in Various Electrolytes on the Structural Features and Photoactive Properties of Titania Nanotube Arrays,E. Kobayashi et al.,2022,10.3390/met12010080,https://doi.org/10.3390/met12010080,"Tables 4 and 5 direct values; water, formamide, and diiodomethane contact angles on Ti/TiO2 nanotube surfaces before and after UV irradiation",Ti-NT-ChCl after UV,oxide,titanium/titania nanotube array,UV_ozone,TiO2 nanotube array anodized in choline chloride electrolyte after 20 min UV irradiation,,nanotube_array,,,,70.27,29.09,41.18,,,,calculated from Table 4 contact angles using OWRK least-squares fit,inferred_from_contact_angles,diiodomethane,nonpolar,50.8,48.5,2.3,48.5,0,0,2.8,1,5.3,standard literature values at approximately 20-25 C unless source reports otherwise,298.15,,1,19.3,static,sessile_drop,,,2,,,unknown,TiO2 nanotube array anodized in choline chloride electrolyte after 20 min UV irradiation,A_high,yes,internal_pool,,none,2026-05-18,internal_train,SRC020,unique_or_condition_distinct_keep
CA0381,v3.4,verified,literature,The Effect of Anodizing Treatment in Various Electrolytes on the Structural Features and Photoactive Properties of Titania Nanotube Arrays,E. Kobayashi et al.,2022,10.3390/met12010080,https://doi.org/10.3390/met12010080,"Tables 4 and 5 direct values; water, formamide, and diiodomethane contact angles on Ti/TiO2 nanotube surfaces before and after UV irradiation",Ti-NT-NH4F after UV,oxide,titanium/titania nanotube array,UV_ozone,TiO2 nanotube array anodized in ammonium fluoride electrolyte after 20 min UV irradiation,,nanotube_array,,,,70.27,28.34,41.93,,,,calculated from Table 4 contact angles using OWRK least-squares fit,inferred_from_contact_angles,water,polar,72.8,21.8,51,21.8,25.5,25.5,0.89,1.85,78.4,standard literature values at approximately 20-25 C unless source reports otherwise,298.15,,1,0.1,static,sessile_drop,,,,,0.1,unknown,TiO2 nanotube array anodized in ammonium fluoride electrolyte after 20 min UV irradiation,B_medium,no,internal_pool,,none,2026-05-18,internal_val,SRC020,unique_or_condition_distinct_keep
CA0382,v3.4,verified,literature,The Effect of Anodizing Treatment in Various Electrolytes on the Structural Features and Photoactive Properties of Titania Nanotube Arrays,E. Kobayashi et al.,2022,10.3390/met12010080,https://doi.org/10.3390/met12010080,"Tables 4 and 5 direct values; water, formamide, and diiodomethane contact angles on Ti/TiO2 nanotube surfaces before and after UV irradiation",Ti-NT-NH4F after UV,oxide,titanium/titania nanotube array,UV_ozone,TiO2 nanotube array anodized in ammonium fluoride electrolyte after 20 min UV irradiation,,nanotube_array,,,,70.27,28.34,41.93,,,,calculated from Table 4 contact angles using OWRK least-squares fit,inferred_from_contact_angles,formamide,polar,58,39,19,39,2.28,39.6,3.3,3.73,111,standard literature values at approximately 20-25 C unless source reports otherwise,298.15,,1,0.1,static,sessile_drop,,,,,0.1,unknown,TiO2 nanotube array anodized in ammonium fluoride electrolyte after 20 min UV irradiation,B_medium,no,internal_pool,,none,2026-05-18,internal_val,SRC020,unique_or_condition_distinct_keep
CA0383,v3.4,verified,literature,The Effect of Anodizing Treatment in Various Electrolytes on the Structural Features and Photoactive Properties of Titania Nanotube Arrays,E. Kobayashi et al.,2022,10.3390/met12010080,https://doi.org/10.3390/met12010080,"Tables 4 and 5 direct values; water, formamide, and diiodomethane contact angles on Ti/TiO2 nanotube surfaces before and after UV irradiation",Ti-NT-NH4F after UV,oxide,titanium/titania nanotube array,UV_ozone,TiO2 nanotube array anodized in ammonium fluoride electrolyte after 20 min UV irradiation,,nanotube_array,,,,70.27,28.34,41.93,,,,calculated from Table 4 contact angles using OWRK least-squares fit,inferred_from_contact_angles,diiodomethane,nonpolar,50.8,48.5,2.3,48.5,0,0,2.8,1,5.3,standard literature values at approximately 20-25 C unless source reports otherwise,298.15,,1,22.5,static,sessile_drop,,,2.9,,,unknown,TiO2 nanotube array anodized in ammonium fluoride electrolyte after 20 min UV irradiation,A_high,yes,internal_pool,,none,2026-05-18,internal_train,SRC020,unique_or_condition_distinct_keep
CA0384,v3.4,verified,literature,Hydrophobicity of rare-earth oxide ceramics,G. Azimi et al.,2013,10.1038/NMAT3545,https://doi.org/10.1038/NMAT3545,"Contact angle table values for water, ethylene glycol, and diiodomethane on rare-earth oxide ceramic surfaces; used as hard external holdout",CeO2 ceramic,oxide,rare-earth oxide ceramic,sintering,CeO2 ceramic; sintered rare-earth oxide ceramic,,ceramic,,,,27.27,27.21,0.06,,,,calculated from water/ethylene glycol/diiodomethane contact angles using OWRK least-squares fit,inferred_from_contact_angles,water,polar,72.8,21.8,51,21.8,25.5,25.5,0.89,1.85,78.4,standard literature values at approximately 20-25 C unless source reports otherwise,298.15,,1,106,static,sessile_drop,,,3,,,unknown,rare-earth oxide high-angle ceramic/sputtered surface; reserved for hard external evaluation,A_high,no,hard_external,,none,2026-05-18,hard_external,SRC004,unique_or_condition_distinct_keep
CA0385,v3.4,verified,literature,Hydrophobicity of rare-earth oxide ceramics,G. Azimi et al.,2013,10.1038/NMAT3545,https://doi.org/10.1038/NMAT3545,"Contact angle table values for water, ethylene glycol, and diiodomethane on rare-earth oxide ceramic surfaces; used as hard external holdout",CeO2 ceramic,oxide,rare-earth oxide ceramic,sintering,CeO2 ceramic; sintered rare-earth oxide ceramic,,ceramic,,,,27.27,27.21,0.06,,,,calculated from water/ethylene glycol/diiodomethane contact angles using OWRK least-squares fit,inferred_from_contact_angles,ethylene glycol,polar,48,29,19,29,1.92,47,16.1,2.28,37,standard literature values at approximately 20-25 C unless source reports otherwise,298.15,,1,79,static,sessile_drop,,,2,,,unknown,rare-earth oxide high-angle ceramic/sputtered surface; reserved for hard external evaluation,A_high,no,hard_external,,none,2026-05-18,hard_external,SRC004,unique_or_condition_distinct_keep
CA0386,v3.4,verified,literature,Hydrophobicity of rare-earth oxide ceramics,G. Azimi et al.,2013,10.1038/NMAT3545,https://doi.org/10.1038/NMAT3545,"Contact angle table values for water, ethylene glycol, and diiodomethane on rare-earth oxide ceramic surfaces; used as hard external holdout",CeO2 ceramic,oxide,rare-earth oxide ceramic,sintering,CeO2 ceramic; sintered rare-earth oxide ceramic,,ceramic,,,,27.27,27.21,0.06,,,,calculated from water/ethylene glycol/diiodomethane contact angles using OWRK least-squares fit,inferred_from_contact_angles,diiodomethane,nonpolar,50.8,48.5,2.3,48.5,0,0,2.8,1,5.3,standard literature values at approximately 20-25 C unless source reports otherwise,298.15,,1,63,static,sessile_drop,,,4,,,unknown,rare-earth oxide high-angle ceramic/sputtered surface; reserved for hard external evaluation,A_high,no,hard_external,,none,2026-05-18,hard_external,SRC004,unique_or_condition_distinct_keep
CA0387,v3.4,verified,literature,Hydrophobicity of rare-earth oxide ceramics,G. Azimi et al.,2013,10.1038/NMAT3545,https://doi.org/10.1038/NMAT3545,"Contact angle table values for water, ethylene glycol, and diiodomethane on rare-earth oxide ceramic surfaces; used as hard external holdout",Pr6O11 ceramic,oxide,rare-earth oxide ceramic,sintering,Pr6O11 ceramic; sintered rare-earth oxide ceramic,,ceramic,,,,26.45,26.2,0.24,,,,calculated from water/ethylene glycol/diiodomethane contact angles using OWRK least-squares fit,inferred_from_contact_angles,water,polar,72.8,21.8,51,21.8,25.5,25.5,0.89,1.85,78.4,standard literature values at approximately 20-25 C unless source reports otherwise,298.15,,1,104,static,sessile_drop,,,4,,,unknown,rare-earth oxide high-angle ceramic/sputtered surface; reserved for hard external evaluation,A_high,no,hard_external,,none,2026-05-18,hard_external,SRC004,unique_or_condition_distinct_keep
CA0388,v3.4,verified,literature,Hydrophobicity of rare-earth oxide ceramics,G. Azimi et al.,2013,10.1038/NMAT3545,https://doi.org/10.1038/NMAT3545,"Contact angle table values for water, ethylene glycol, and diiodomethane on rare-earth oxide ceramic surfaces; used as hard external holdout",Pr6O11 ceramic,oxide,rare-earth oxide ceramic,sintering,Pr6O11 ceramic; sintered rare-earth oxide ceramic,,ceramic,,,,26.45,26.2,0.24,,,,calculated from water/ethylene glycol/diiodomethane contact angles using OWRK least-squares fit,inferred_from_contact_angles,ethylene glycol,polar,48,29,19,29,1.92,47,16.1,2.28,37,standard literature values at approximately 20-25 C unless source reports otherwise,298.15,,1,77,static,sessile_drop,,,3,,,unknown,rare-earth oxide high-angle ceramic/sputtered surface; reserved for hard external evaluation,A_high,no,hard_external,,none,2026-05-18,hard_external,SRC004,unique_or_condition_distinct_keep
CA0389,v3.4,verified,literature,Hydrophobicity of rare-earth oxide ceramics,G. Azimi et al.,2013,10.1038/NMAT3545,https://doi.org/10.1038/NMAT3545,"Contact angle table values for water, ethylene glycol, and diiodomethane on rare-earth oxide ceramic surfaces; used as hard external holdout",Pr6O11 ceramic,oxide,rare-earth oxide ceramic,sintering,Pr6O11 ceramic; sintered rare-earth oxide ceramic,,ceramic,,,,26.45,26.2,0.24,,,,calculated from water/ethylene glycol/diiodomethane contact angles using OWRK least-squares fit,inferred_from_contact_angles,diiodomethane,nonpolar,50.8,48.5,2.3,48.5,0,0,2.8,1,5.3,standard literature values at approximately 20-25 C unless source reports otherwise,298.15,,1,64,static,sessile_drop,,,3,,,unknown,rare-earth oxide high-angle ceramic/sputtered surface; reserved for hard external evaluation,A_high,no,hard_external,,none,2026-05-18,hard_external,SRC004,unique_or_condition_distinct_keep
CA0390,v3.4,verified,literature,Hydrophobicity of rare-earth oxide ceramics,G. Azimi et al.,2013,10.1038/NMAT3545,https://doi.org/10.1038/NMAT3545,"Contact angle table values for water, ethylene glycol, and diiodomethane on rare-earth oxide ceramic surfaces; used as hard external holdout",Nd2O3 ceramic,oxide,rare-earth oxide ceramic,sintering,Nd2O3 ceramic; sintered rare-earth oxide ceramic,,ceramic,,,,26.39,26.24,0.14,,,,calculated from water/ethylene glycol/diiodomethane contact angles using OWRK least-squares fit,inferred_from_contact_angles,water,polar,72.8,21.8,51,21.8,25.5,25.5,0.89,1.85,78.4,standard literature values at approximately 20-25 C unless source reports otherwise,298.15,,1,105,static,sessile_drop,,,3,,,unknown,rare-earth oxide high-angle ceramic/sputtered surface; reserved for hard external evaluation,A_high,no,hard_external,,none,2026-05-18,hard_external,SRC004,unique_or_condition_distinct_keep
CA0391,v3.4,verified,literature,Hydrophobicity of rare-earth oxide ceramics,G. Azimi et al.,2013,10.1038/NMAT3545,https://doi.org/10.1038/NMAT3545,"Contact angle table values for water, ethylene glycol, and diiodomethane on rare-earth oxide ceramic surfaces; used as hard external holdout",Nd2O3 ceramic,oxide,rare-earth oxide ceramic,sintering,Nd2O3 ceramic; sintered rare-earth oxide ceramic,,ceramic,,,,26.39,26.24,0.14,,,,calculated from water/ethylene glycol/diiodomethane contact angles using OWRK least-squares fit,inferred_from_contact_angles,ethylene glycol,polar,48,29,19,29,1.92,47,16.1,2.28,37,standard literature values at approximately 20-25 C unless source reports otherwise,298.15,,1,79,static,sessile_drop,,,3,,,unknown,rare-earth oxide high-angle ceramic/sputtered surface; reserved for hard external evaluation,A_high,no,hard_external,,none,2026-05-18,hard_external,SRC004,unique_or_condition_distinct_keep
CA0392,v3.4,verified,literature,Hydrophobicity of rare-earth oxide ceramics,G. Azimi et al.,2013,10.1038/NMAT3545,https://doi.org/10.1038/NMAT3545,"Contact angle table values for water, ethylene glycol, and diiodomethane on rare-earth oxide ceramic surfaces; used as hard external holdout",Nd2O3 ceramic,oxide,rare-earth oxide ceramic,sintering,Nd2O3 ceramic; sintered rare-earth oxide ceramic,,ceramic,,,,26.39,26.24,0.14,,,,calculated from water/ethylene glycol/diiodomethane contact angles using OWRK least-squares fit,inferred_from_contact_angles,diiodomethane,nonpolar,50.8,48.5,2.3,48.5,0,0,2.8,1,5.3,standard literature values at approximately 20-25 C unless source reports otherwise,298.15,,1,64,static,sessile_drop,,,2,,,unknown,rare-earth oxide high-angle ceramic/sputtered surface; reserved for hard external evaluation,A_high,no,hard_external,,none,2026-05-18,hard_external,SRC004,unique_or_condition_distinct_keep
CA0393,v3.4,verified,literature,Hydrophobicity of rare-earth oxide ceramics,G. Azimi et al.,2013,10.1038/NMAT3545,https://doi.org/10.1038/NMAT3545,"Contact angle table values for water, ethylene glycol, and diiodomethane on rare-earth oxide ceramic surfaces; used as hard external holdout",Sm2O3 ceramic,oxide,rare-earth oxide ceramic,sintering,Sm2O3 ceramic; sintered rare-earth oxide ceramic,,ceramic,,,,28.06,28.03,0.03,,,,calculated from water/ethylene glycol/diiodomethane contact angles using OWRK least-squares fit,inferred_from_contact_angles,water,polar,72.8,21.8,51,21.8,25.5,25.5,0.89,1.85,78.4,standard literature values at approximately 20-25 C unless source reports otherwise,298.15,,1,107,static,sessile_drop,,,3,,,unknown,rare-earth oxide high-angle ceramic/sputtered surface; reserved for hard external evaluation,A_high,no,hard_external,,none,2026-05-18,hard_external,SRC004,unique_or_condition_distinct_keep
CA0394,v3.4,verified,literature,Hydrophobicity of rare-earth oxide ceramics,G. Azimi et al.,2013,10.1038/NMAT3545,https://doi.org/10.1038/NMAT3545,"Contact angle table values for water, ethylene glycol, and diiodomethane on rare-earth oxide ceramic surfaces; used as hard external holdout",Sm2O3 ceramic,oxide,rare-earth oxide ceramic,sintering,Sm2O3 ceramic; sintered rare-earth oxide ceramic,,ceramic,,,,28.06,28.03,0.03,,,,calculated from water/ethylene glycol/diiodomethane contact angles using OWRK least-squares fit,inferred_from_contact_angles,ethylene glycol,polar,48,29,19,29,1.92,47,16.1,2.28,37,standard literature values at approximately 20-25 C unless source reports otherwise,298.15,,1,76,static,sessile_drop,,,3,,,unknown,rare-earth oxide high-angle ceramic/sputtered surface; reserved for hard external evaluation,A_high,no,hard_external,,none,2026-05-18,hard_external,SRC004,unique_or_condition_distinct_keep
CA0395,v3.4,verified,literature,Hydrophobicity of rare-earth oxide ceramics,G. Azimi et al.,2013,10.1038/NMAT3545,https://doi.org/10.1038/NMAT3545,"Contact angle table values for water, ethylene glycol, and diiodomethane on rare-earth oxide ceramic surfaces; used as hard external holdout",Sm2O3 ceramic,oxide,rare-earth oxide ceramic,sintering,Sm2O3 ceramic; sintered rare-earth oxide ceramic,,ceramic,,,,28.06,28.03,0.03,,,,calculated from water/ethylene glycol/diiodomethane contact angles using OWRK least-squares fit,inferred_from_contact_angles,diiodomethane,nonpolar,50.8,48.5,2.3,48.5,0,0,2.8,1,5.3,standard literature values at approximately 20-25 C unless source reports otherwise,298.15,,1,63,static,sessile_drop,,,3,,,unknown,rare-earth oxide high-angle ceramic/sputtered surface; reserved for hard external evaluation,A_high,no,hard_external,,none,2026-05-18,hard_external,SRC004,unique_or_condition_distinct_keep
CA0396,v3.4,verified,literature,Hydrophobicity of rare-earth oxide ceramics,G. Azimi et al.,2013,10.1038/NMAT3545,https://doi.org/10.1038/NMAT3545,"Contact angle table values for water, ethylene glycol, and diiodomethane on rare-earth oxide ceramic surfaces; used as hard external holdout",Eu2O3 ceramic,oxide,rare-earth oxide ceramic,sintering,Eu2O3 ceramic; sintered rare-earth oxide ceramic,,ceramic,,,,30.13,30.08,0.05,,,,calculated from water/ethylene glycol/diiodomethane contact angles using OWRK least-squares fit,inferred_from_contact_angles,water,polar,72.8,21.8,51,21.8,25.5,25.5,0.89,1.85,78.4,standard literature values at approximately 20-25 C unless source reports otherwise,298.15,,1,111,static,sessile_drop,,,3,,,unknown,rare-earth oxide high-angle ceramic/sputtered surface; reserved for hard external evaluation,A_high,no,hard_external,,none,2026-05-18,hard_external,SRC004,unique_or_condition_distinct_keep
CA0397,v3.4,verified,literature,Hydrophobicity of rare-earth oxide ceramics,G. Azimi et al.,2013,10.1038/NMAT3545,https://doi.org/10.1038/NMAT3545,"Contact angle table values for water, ethylene glycol, and diiodomethane on rare-earth oxide ceramic surfaces; used as hard external holdout",Eu2O3 ceramic,oxide,rare-earth oxide ceramic,sintering,Eu2O3 ceramic; sintered rare-earth oxide ceramic,,ceramic,,,,30.13,30.08,0.05,,,,calculated from water/ethylene glycol/diiodomethane contact angles using OWRK least-squares fit,inferred_from_contact_angles,ethylene glycol,polar,48,29,19,29,1.92,47,16.1,2.28,37,standard literature values at approximately 20-25 C unless source reports otherwise,298.15,,1,76,static,sessile_drop,,,3,,,unknown,rare-earth oxide high-angle ceramic/sputtered surface; reserved for hard external evaluation,A_high,no,hard_external,,none,2026-05-18,hard_external,SRC004,unique_or_condition_distinct_keep
CA0398,v3.4,verified,literature,Hydrophobicity of rare-earth oxide ceramics,G. Azimi et al.,2013,10.1038/NMAT3545,https://doi.org/10.1038/NMAT3545,"Contact angle table values for water, ethylene glycol, and diiodomethane on rare-earth oxide ceramic surfaces; used as hard external holdout",Eu2O3 ceramic,oxide,rare-earth oxide ceramic,sintering,Eu2O3 ceramic; sintered rare-earth oxide ceramic,,ceramic,,,,30.13,30.08,0.05,,,,calculated from water/ethylene glycol/diiodomethane contact angles using OWRK least-squares fit,inferred_from_contact_angles,diiodomethane,nonpolar,50.8,48.5,2.3,48.5,0,0,2.8,1,5.3,standard literature values at approximately 20-25 C unless source reports otherwise,298.15,,1,62,static,sessile_drop,,,4,,,unknown,rare-earth oxide high-angle ceramic/sputtered surface; reserved for hard external evaluation,A_high,no,hard_external,,none,2026-05-18,hard_external,SRC004,unique_or_condition_distinct_keep
CA0399,v3.4,verified,literature,Hydrophobicity of rare-earth oxide ceramics,G. Azimi et al.,2013,10.1038/NMAT3545,https://doi.org/10.1038/NMAT3545,"Contact angle table values for water, ethylene glycol, and diiodomethane on rare-earth oxide ceramic surfaces; used as hard external holdout",Gd2O3 ceramic,oxide,rare-earth oxide ceramic,sintering,Gd2O3 ceramic; sintered rare-earth oxide ceramic,,ceramic,,,,27.43,27.37,0.06,,,,calculated from water/ethylene glycol/diiodomethane contact angles using OWRK least-squares fit,inferred_from_contact_angles,water,polar,72.8,21.8,51,21.8,25.5,25.5,0.89,1.85,78.4,standard literature values at approximately 20-25 C unless source reports otherwise,298.15,,1,112,static,sessile_drop,,,4,,,unknown,rare-earth oxide high-angle ceramic/sputtered surface; reserved for hard external evaluation,A_high,no,hard_external,,none,2026-05-18,hard_external,SRC004,unique_or_condition_distinct_keep
CA0400,v3.4,verified,literature,Hydrophobicity of rare-earth oxide ceramics,G. Azimi et al.,2013,10.1038/NMAT3545,https://doi.org/10.1038/NMAT3545,"Contact angle table values for water, ethylene glycol, and diiodomethane on rare-earth oxide ceramic surfaces; used as hard external holdout",Gd2O3 ceramic,oxide,rare-earth oxide ceramic,sintering,Gd2O3 ceramic; sintered rare-earth oxide ceramic,,ceramic,,,,27.43,27.37,0.06,,,,calculated from water/ethylene glycol/diiodomethane contact angles using OWRK least-squares fit,inferred_from_contact_angles,ethylene glycol,polar,48,29,19,29,1.92,47,16.1,2.28,37,standard literature values at approximately 20-25 C unless source reports otherwise,298.15,,1,83,static,sessile_drop,,,3,,,unknown,rare-earth oxide high-angle ceramic/sputtered surface; reserved for hard external evaluation,A_high,no,hard_external,,none,2026-05-18,hard_external,SRC004,unique_or_condition_distinct_keep
CA0401,v3.4,verified,literature,Hydrophobicity of rare-earth oxide ceramics,G. Azimi et al.,2013,10.1038/NMAT3545,https://doi.org/10.1038/NMAT3545,"Contact angle table values for water, ethylene glycol, and diiodomethane on rare-earth oxide ceramic surfaces; used as hard external holdout",Gd2O3 ceramic,oxide,rare-earth oxide ceramic,sintering,Gd2O3 ceramic; sintered rare-earth oxide ceramic,,ceramic,,,,27.43,27.37,0.06,,,,calculated from water/ethylene glycol/diiodomethane contact angles using OWRK least-squares fit,inferred_from_contact_angles,diiodomethane,nonpolar,50.8,48.5,2.3,48.5,0,0,2.8,1,5.3,standard literature values at approximately 20-25 C unless source reports otherwise,298.15,,1,65,static,sessile_drop,,,3,,,unknown,rare-earth oxide high-angle ceramic/sputtered surface; reserved for hard external evaluation,A_high,no,hard_external,,none,2026-05-18,hard_external,SRC004,unique_or_condition_distinct_keep
CA0402,v3.4,verified,literature,Hydrophobicity of rare-earth oxide ceramics,G. Azimi et al.,2013,10.1038/NMAT3545,https://doi.org/10.1038/NMAT3545,"Contact angle table values for water, ethylene glycol, and diiodomethane on rare-earth oxide ceramic surfaces; used as hard external holdout",Tb4O7 ceramic,oxide,rare-earth oxide ceramic,sintering,Tb4O7 ceramic; sintered rare-earth oxide ceramic,,ceramic,,,,27.21,27.19,0.02,,,,calculated from water/ethylene glycol/diiodomethane contact angles using OWRK least-squares fit,inferred_from_contact_angles,water,polar,72.8,21.8,51,21.8,25.5,25.5,0.89,1.85,78.4,standard literature values at approximately 20-25 C unless source reports otherwise,298.15,,1,111,static,sessile_drop,,,4,,,unknown,rare-earth oxide high-angle ceramic/sputtered surface; reserved for hard external evaluation,A_high,no,hard_external,,none,2026-05-18,hard_external,SRC004,unique_or_condition_distinct_keep
CA0403,v3.4,verified,literature,Hydrophobicity of rare-earth oxide ceramics,G. Azimi et al.,2013,10.1038/NMAT3545,https://doi.org/10.1038/NMAT3545,"Contact angle table values for water, ethylene glycol, and diiodomethane on rare-earth oxide ceramic surfaces; used as hard external holdout",Tb4O7 ceramic,oxide,rare-earth oxide ceramic,sintering,Tb4O7 ceramic; sintered rare-earth oxide ceramic,,ceramic,,,,27.21,27.19,0.02,,,,calculated from water/ethylene glycol/diiodomethane contact angles using OWRK least-squares fit,inferred_from_contact_angles,ethylene glycol,polar,48,29,19,29,1.92,47,16.1,2.28,37,standard literature values at approximately 20-25 C unless source reports otherwise,298.15,,1,82,static,sessile_drop,,,3,,,unknown,rare-earth oxide high-angle ceramic/sputtered surface; reserved for hard external evaluation,A_high,no,hard_external,,none,2026-05-18,hard_external,SRC004,unique_or_condition_distinct_keep
CA0404,v3.4,verified,literature,Hydrophobicity of rare-earth oxide ceramics,G. Azimi et al.,2013,10.1038/NMAT3545,https://doi.org/10.1038/NMAT3545,"Contact angle table values for water, ethylene glycol, and diiodomethane on rare-earth oxide ceramic surfaces; used as hard external holdout",Tb4O7 ceramic,oxide,rare-earth oxide ceramic,sintering,Tb4O7 ceramic; sintered rare-earth oxide ceramic,,ceramic,,,,27.21,27.19,0.02,,,,calculated from water/ethylene glycol/diiodomethane contact angles using OWRK least-squares fit,inferred_from_contact_angles,diiodomethane,nonpolar,50.8,48.5,2.3,48.5,0,0,2.8,1,5.3,standard literature values at approximately 20-25 C unless source reports otherwise,298.15,,1,65,static,sessile_drop,,,5,,,unknown,rare-earth oxide high-angle ceramic/sputtered surface; reserved for hard external evaluation,A_high,no,hard_external,,none,2026-05-18,hard_external,SRC004,unique_or_condition_distinct_keep
CA0405,v3.4,verified,literature,Hydrophobicity of rare-earth oxide ceramics,G. Azimi et al.,2013,10.1038/NMAT3545,https://doi.org/10.1038/NMAT3545,"Contact angle table values for water, ethylene glycol, and diiodomethane on rare-earth oxide ceramic surfaces; used as hard external holdout",Dy2O3 ceramic,oxide,rare-earth oxide ceramic,sintering,Dy2O3 ceramic; sintered rare-earth oxide ceramic,,ceramic,,,,24.67,24.63,0.04,,,,calculated from water/ethylene glycol/diiodomethane contact angles using OWRK least-squares fit,inferred_from_contact_angles,water,polar,72.8,21.8,51,21.8,25.5,25.5,0.89,1.85,78.4,standard literature values at approximately 20-25 C unless source reports otherwise,298.15,,1,108,static,sessile_drop,,,4,,,unknown,rare-earth oxide high-angle ceramic/sputtered surface; reserved for hard external evaluation,A_high,no,hard_external,,none,2026-05-18,hard_external,SRC004,unique_or_condition_distinct_keep
CA0406,v3.4,verified,literature,Hydrophobicity of rare-earth oxide ceramics,G. Azimi et al.,2013,10.1038/NMAT3545,https://doi.org/10.1038/NMAT3545,"Contact angle table values for water, ethylene glycol, and diiodomethane on rare-earth oxide ceramic surfaces; used as hard external holdout",Dy2O3 ceramic,oxide,rare-earth oxide ceramic,sintering,Dy2O3 ceramic; sintered rare-earth oxide ceramic,,ceramic,,,,24.67,24.63,0.04,,,,calculated from water/ethylene glycol/diiodomethane contact angles using OWRK least-squares fit,inferred_from_contact_angles,ethylene glycol,polar,48,29,19,29,1.92,47,16.1,2.28,37,standard literature values at approximately 20-25 C unless source reports otherwise,298.15,,1,84,static,sessile_drop,,,4,,,unknown,rare-earth oxide high-angle ceramic/sputtered surface; reserved for hard external evaluation,A_high,no,hard_external,,none,2026-05-18,hard_external,SRC004,unique_or_condition_distinct_keep
CA0407,v3.4,verified,literature,Hydrophobicity of rare-earth oxide ceramics,G. Azimi et al.,2013,10.1038/NMAT3545,https://doi.org/10.1038/NMAT3545,"Contact angle table values for water, ethylene glycol, and diiodomethane on rare-earth oxide ceramic surfaces; used as hard external holdout",Dy2O3 ceramic,oxide,rare-earth oxide ceramic,sintering,Dy2O3 ceramic; sintered rare-earth oxide ceramic,,ceramic,,,,24.67,24.63,0.04,,,,calculated from water/ethylene glycol/diiodomethane contact angles using OWRK least-squares fit,inferred_from_contact_angles,diiodomethane,nonpolar,50.8,48.5,2.3,48.5,0,0,2.8,1,5.3,standard literature values at approximately 20-25 C unless source reports otherwise,298.15,,1,67,static,sessile_drop,,,3,,,unknown,rare-earth oxide high-angle ceramic/sputtered surface; reserved for hard external evaluation,A_high,no,hard_external,,none,2026-05-18,hard_external,SRC004,unique_or_condition_distinct_keep
CA0408,v3.4,verified,literature,Hydrophobicity of rare-earth oxide ceramics,G. Azimi et al.,2013,10.1038/NMAT3545,https://doi.org/10.1038/NMAT3545,"Contact angle table values for water, ethylene glycol, and diiodomethane on rare-earth oxide ceramic surfaces; used as hard external holdout",Ho2O3 ceramic,oxide,rare-earth oxide ceramic,sintering,Ho2O3 ceramic; sintered rare-earth oxide ceramic,,ceramic,,,,27.14,27.14,0,,,,calculated from water/ethylene glycol/diiodomethane contact angles using OWRK least-squares fit,inferred_from_contact_angles,water,polar,72.8,21.8,51,21.8,25.5,25.5,0.89,1.85,78.4,standard literature values at approximately 20-25 C unless source reports otherwise,298.15,,1,109,static,sessile_drop,,,3,,,unknown,rare-earth oxide high-angle ceramic/sputtered surface; reserved for hard external evaluation,A_high,no,hard_external,,none,2026-05-18,hard_external,SRC004,unique_or_condition_distinct_keep
CA0409,v3.4,verified,literature,Hydrophobicity of rare-earth oxide ceramics,G. Azimi et al.,2013,10.1038/NMAT3545,https://doi.org/10.1038/NMAT3545,"Contact angle table values for water, ethylene glycol, and diiodomethane on rare-earth oxide ceramic surfaces; used as hard external holdout",Ho2O3 ceramic,oxide,rare-earth oxide ceramic,sintering,Ho2O3 ceramic; sintered rare-earth oxide ceramic,,ceramic,,,,27.14,27.14,0,,,,calculated from water/ethylene glycol/diiodomethane contact angles using OWRK least-squares fit,inferred_from_contact_angles,ethylene glycol,polar,48,29,19,29,1.92,47,16.1,2.28,37,standard literature values at approximately 20-25 C unless source reports otherwise,298.15,,1,82,static,sessile_drop,,,3,,,unknown,rare-earth oxide high-angle ceramic/sputtered surface; reserved for hard external evaluation,A_high,no,hard_external,,none,2026-05-18,hard_external,SRC004,unique_or_condition_distinct_keep
CA0410,v3.4,verified,literature,Hydrophobicity of rare-earth oxide ceramics,G. Azimi et al.,2013,10.1038/NMAT3545,https://doi.org/10.1038/NMAT3545,"Contact angle table values for water, ethylene glycol, and diiodomethane on rare-earth oxide ceramic surfaces; used as hard external holdout",Ho2O3 ceramic,oxide,rare-earth oxide ceramic,sintering,Ho2O3 ceramic; sintered rare-earth oxide ceramic,,ceramic,,,,27.14,27.14,0,,,,calculated from water/ethylene glycol/diiodomethane contact angles using OWRK least-squares fit,inferred_from_contact_angles,diiodomethane,nonpolar,50.8,48.5,2.3,48.5,0,0,2.8,1,5.3,standard literature values at approximately 20-25 C unless source reports otherwise,298.15,,1,64,static,sessile_drop,,,2,,,unknown,rare-earth oxide high-angle ceramic/sputtered surface; reserved for hard external evaluation,A_high,no,hard_external,,none,2026-05-18,hard_external,SRC004,unique_or_condition_distinct_keep
CA0411,v3.4,verified,literature,Hydrophobicity of rare-earth oxide ceramics,G. Azimi et al.,2013,10.1038/NMAT3545,https://doi.org/10.1038/NMAT3545,"Contact angle table values for water, ethylene glycol, and diiodomethane on rare-earth oxide ceramic surfaces; used as hard external holdout",Er2O3 ceramic,oxide,rare-earth oxide ceramic,sintering,Er2O3 ceramic; sintered rare-earth oxide ceramic,,ceramic,,,,27.1,27.09,0.01,,,,calculated from water/ethylene glycol/diiodomethane contact angles using OWRK least-squares fit,inferred_from_contact_angles,water,polar,72.8,21.8,51,21.8,25.5,25.5,0.89,1.85,78.4,standard literature values at approximately 20-25 C unless source reports otherwise,298.15,,1,107,static,sessile_drop,,,2,,,unknown,rare-earth oxide high-angle ceramic/sputtered surface; reserved for hard external evaluation,A_high,no,hard_external,,none,2026-05-18,hard_external,SRC004,unique_or_condition_distinct_keep
CA0412,v3.4,verified,literature,Hydrophobicity of rare-earth oxide ceramics,G. Azimi et al.,2013,10.1038/NMAT3545,https://doi.org/10.1038/NMAT3545,"Contact angle table values for water, ethylene glycol, and diiodomethane on rare-earth oxide ceramic surfaces; used as hard external holdout",Er2O3 ceramic,oxide,rare-earth oxide ceramic,sintering,Er2O3 ceramic; sintered rare-earth oxide ceramic,,ceramic,,,,27.1,27.09,0.01,,,,calculated from water/ethylene glycol/diiodomethane contact angles using OWRK least-squares fit,inferred_from_contact_angles,ethylene glycol,polar,48,29,19,29,1.92,47,16.1,2.28,37,standard literature values at approximately 20-25 C unless source reports otherwise,298.15,,1,82,static,sessile_drop,,,3,,,unknown,rare-earth oxide high-angle ceramic/sputtered surface; reserved for hard external evaluation,A_high,no,hard_external,,none,2026-05-18,hard_external,SRC004,unique_or_condition_distinct_keep
CA0413,v3.4,verified,literature,Hydrophobicity of rare-earth oxide ceramics,G. Azimi et al.,2013,10.1038/NMAT3545,https://doi.org/10.1038/NMAT3545,"Contact angle table values for water, ethylene glycol, and diiodomethane on rare-earth oxide ceramic surfaces; used as hard external holdout",Er2O3 ceramic,oxide,rare-earth oxide ceramic,sintering,Er2O3 ceramic; sintered rare-earth oxide ceramic,,ceramic,,,,27.1,27.09,0.01,,,,calculated from water/ethylene glycol/diiodomethane contact angles using OWRK least-squares fit,inferred_from_contact_angles,diiodomethane,nonpolar,50.8,48.5,2.3,48.5,0,0,2.8,1,5.3,standard literature values at approximately 20-25 C unless source reports otherwise,298.15,,1,63,static,sessile_drop,,,3,,,unknown,rare-earth oxide high-angle ceramic/sputtered surface; reserved for hard external evaluation,A_high,no,hard_external,,none,2026-05-18,hard_external,SRC004,unique_or_condition_distinct_keep
CA0414,v3.4,verified,literature,Hydrophobicity of rare-earth oxide ceramics,G. Azimi et al.,2013,10.1038/NMAT3545,https://doi.org/10.1038/NMAT3545,"Contact angle table values for water, ethylene glycol, and diiodomethane on rare-earth oxide ceramic surfaces; used as hard external holdout",Tm2O3 ceramic,oxide,rare-earth oxide ceramic,sintering,Tm2O3 ceramic; sintered rare-earth oxide ceramic,,ceramic,,,,25.52,25.48,0.04,,,,calculated from water/ethylene glycol/diiodomethane contact angles using OWRK least-squares fit,inferred_from_contact_angles,water,polar,72.8,21.8,51,21.8,25.5,25.5,0.89,1.85,78.4,standard literature values at approximately 20-25 C unless source reports otherwise,298.15,,1,112,static,sessile_drop,,,4,,,unknown,rare-earth oxide high-angle ceramic/sputtered surface; reserved for hard external evaluation,A_high,no,hard_external,,none,2026-05-18,hard_external,SRC004,unique_or_condition_distinct_keep
CA0415,v3.4,verified,literature,Hydrophobicity of rare-earth oxide ceramics,G. Azimi et al.,2013,10.1038/NMAT3545,https://doi.org/10.1038/NMAT3545,"Contact angle table values for water, ethylene glycol, and diiodomethane on rare-earth oxide ceramic surfaces; used as hard external holdout",Tm2O3 ceramic,oxide,rare-earth oxide ceramic,sintering,Tm2O3 ceramic; sintered rare-earth oxide ceramic,,ceramic,,,,25.52,25.48,0.04,,,,calculated from water/ethylene glycol/diiodomethane contact angles using OWRK least-squares fit,inferred_from_contact_angles,ethylene glycol,polar,48,29,19,29,1.92,47,16.1,2.28,37,standard literature values at approximately 20-25 C unless source reports otherwise,298.15,,1,87,static,sessile_drop,,,3,,,unknown,rare-earth oxide high-angle ceramic/sputtered surface; reserved for hard external evaluation,A_high,no,hard_external,,none,2026-05-18,hard_external,SRC004,unique_or_condition_distinct_keep
CA0416,v3.4,verified,literature,Hydrophobicity of rare-earth oxide ceramics,G. Azimi et al.,2013,10.1038/NMAT3545,https://doi.org/10.1038/NMAT3545,"Contact angle table values for water, ethylene glycol, and diiodomethane on rare-earth oxide ceramic surfaces; used as hard external holdout",Tm2O3 ceramic,oxide,rare-earth oxide ceramic,sintering,Tm2O3 ceramic; sintered rare-earth oxide ceramic,,ceramic,,,,25.52,25.48,0.04,,,,calculated from water/ethylene glycol/diiodomethane contact angles using OWRK least-squares fit,inferred_from_contact_angles,diiodomethane,nonpolar,50.8,48.5,2.3,48.5,0,0,2.8,1,5.3,standard literature values at approximately 20-25 C unless source reports otherwise,298.15,,1,67,static,sessile_drop,,,4,,,unknown,rare-earth oxide high-angle ceramic/sputtered surface; reserved for hard external evaluation,A_high,no,hard_external,,none,2026-05-18,hard_external,SRC004,unique_or_condition_distinct_keep
CA0417,v3.4,verified,literature,Hydrophobicity of rare-earth oxide ceramics,G. Azimi et al.,2013,10.1038/NMAT3545,https://doi.org/10.1038/NMAT3545,"Contact angle table values for water, ethylene glycol, and diiodomethane on rare-earth oxide ceramic surfaces; used as hard external holdout",Yb2O3 ceramic,oxide,rare-earth oxide ceramic,sintering,Yb2O3 ceramic; sintered rare-earth oxide ceramic,,ceramic,,,,26.51,26.29,0.22,,,,calculated from water/ethylene glycol/diiodomethane contact angles using OWRK least-squares fit,inferred_from_contact_angles,water,polar,72.8,21.8,51,21.8,25.5,25.5,0.89,1.85,78.4,standard literature values at approximately 20-25 C unless source reports otherwise,298.15,,1,115,static,sessile_drop,,,3,,,unknown,rare-earth oxide high-angle ceramic/sputtered surface; reserved for hard external evaluation,A_high,no,hard_external,,none,2026-05-18,hard_external,SRC004,unique_or_condition_distinct_keep
CA0418,v3.4,verified,literature,Hydrophobicity of rare-earth oxide ceramics,G. Azimi et al.,2013,10.1038/NMAT3545,https://doi.org/10.1038/NMAT3545,"Contact angle table values for water, ethylene glycol, and diiodomethane on rare-earth oxide ceramic surfaces; used as hard external holdout",Yb2O3 ceramic,oxide,rare-earth oxide ceramic,sintering,Yb2O3 ceramic; sintered rare-earth oxide ceramic,,ceramic,,,,26.51,26.29,0.22,,,,calculated from water/ethylene glycol/diiodomethane contact angles using OWRK least-squares fit,inferred_from_contact_angles,ethylene glycol,polar,48,29,19,29,1.92,47,16.1,2.28,37,standard literature values at approximately 20-25 C unless source reports otherwise,298.15,,1,88,static,sessile_drop,,,3,,,unknown,rare-earth oxide high-angle ceramic/sputtered surface; reserved for hard external evaluation,A_high,no,hard_external,,none,2026-05-18,hard_external,SRC004,unique_or_condition_distinct_keep
CA0419,v3.4,verified,literature,Hydrophobicity of rare-earth oxide ceramics,G. Azimi et al.,2013,10.1038/NMAT3545,https://doi.org/10.1038/NMAT3545,"Contact angle table values for water, ethylene glycol, and diiodomethane on rare-earth oxide ceramic surfaces; used as hard external holdout",Yb2O3 ceramic,oxide,rare-earth oxide ceramic,sintering,Yb2O3 ceramic; sintered rare-earth oxide ceramic,,ceramic,,,,26.51,26.29,0.22,,,,calculated from water/ethylene glycol/diiodomethane contact angles using OWRK least-squares fit,inferred_from_contact_angles,diiodomethane,nonpolar,50.8,48.5,2.3,48.5,0,0,2.8,1,5.3,standard literature values at approximately 20-25 C unless source reports otherwise,298.15,,1,67,static,sessile_drop,,,3,,,unknown,rare-earth oxide high-angle ceramic/sputtered surface; reserved for hard external evaluation,A_high,no,hard_external,,none,2026-05-18,hard_external,SRC004,unique_or_condition_distinct_keep
CA0420,v3.4,verified,literature,Hydrophobicity of rare-earth oxide ceramics,G. Azimi et al.,2013,10.1038/NMAT3545,https://doi.org/10.1038/NMAT3545,"Contact angle table values for water, ethylene glycol, and diiodomethane on rare-earth oxide ceramic surfaces; used as hard external holdout",Lu2O3 ceramic,oxide,rare-earth oxide ceramic,sintering,Lu2O3 ceramic; sintered rare-earth oxide ceramic,,ceramic,,,,36.94,36.84,0.1,,,,calculated from water/ethylene glycol/diiodomethane contact angles using OWRK least-squares fit,inferred_from_contact_angles,water,polar,72.8,21.8,51,21.8,25.5,25.5,0.89,1.85,78.4,standard literature values at approximately 20-25 C unless source reports otherwise,298.15,,1,98,static,sessile_drop,,,3,,,unknown,rare-earth oxide high-angle ceramic/sputtered surface; reserved for hard external evaluation,A_high,no,hard_external,,none,2026-05-18,hard_external,SRC004,unique_or_condition_distinct_keep
CA0421,v3.4,verified,literature,Hydrophobicity of rare-earth oxide ceramics,G. Azimi et al.,2013,10.1038/NMAT3545,https://doi.org/10.1038/NMAT3545,"Contact angle table values for water, ethylene glycol, and diiodomethane on rare-earth oxide ceramic surfaces; used as hard external holdout",Lu2O3 ceramic,oxide,rare-earth oxide ceramic,sintering,Lu2O3 ceramic; sintered rare-earth oxide ceramic,,ceramic,,,,36.94,36.84,0.1,,,,calculated from water/ethylene glycol/diiodomethane contact angles using OWRK least-squares fit,inferred_from_contact_angles,ethylene glycol,polar,48,29,19,29,1.92,47,16.1,2.28,37,standard literature values at approximately 20-25 C unless source reports otherwise,298.15,,1,69,static,sessile_drop,,,3,,,unknown,rare-earth oxide high-angle ceramic/sputtered surface; reserved for hard external evaluation,A_high,no,hard_external,,none,2026-05-18,hard_external,SRC004,unique_or_condition_distinct_keep
CA0422,v3.4,verified,literature,Hydrophobicity of rare-earth oxide ceramics,G. Azimi et al.,2013,10.1038/NMAT3545,https://doi.org/10.1038/NMAT3545,"Contact angle table values for water, ethylene glycol, and diiodomethane on rare-earth oxide ceramic surfaces; used as hard external holdout",Lu2O3 ceramic,oxide,rare-earth oxide ceramic,sintering,Lu2O3 ceramic; sintered rare-earth oxide ceramic,,ceramic,,,,36.94,36.84,0.1,,,,calculated from water/ethylene glycol/diiodomethane contact angles using OWRK least-squares fit,inferred_from_contact_angles,diiodomethane,nonpolar,50.8,48.5,2.3,48.5,0,0,2.8,1,5.3,standard literature values at approximately 20-25 C unless source reports otherwise,298.15,,1,45,static,sessile_drop,,,4,,,unknown,rare-earth oxide high-angle ceramic/sputtered surface; reserved for hard external evaluation,A_high,no,hard_external,,none,2026-05-18,hard_external,SRC004,unique_or_condition_distinct_keep
CA0423,v3.4,verified,literature,Hydrophobicity of rare-earth oxide ceramics,G. Azimi et al.,2013,10.1038/NMAT3545,https://doi.org/10.1038/NMAT3545,"Contact angle table values for water, ethylene glycol, and diiodomethane on rare-earth oxide ceramic surfaces; used as hard external holdout",CeO2 sputtered on smooth Si,oxide,smooth silicon,coating,CeO2 sputtered on smooth Si; sputtered rare-earth oxide film on smooth silicon,CeO2 sputtered on smooth Si,smooth,,,,28.1,28.09,0,,,,calculated from water/ethylene glycol/diiodomethane contact angles using OWRK least-squares fit,inferred_from_contact_angles,water,polar,72.8,21.8,51,21.8,25.5,25.5,0.89,1.85,78.4,standard literature values at approximately 20-25 C unless source reports otherwise,298.15,,1,109,static,sessile_drop,,,2,,,unknown,rare-earth oxide high-angle ceramic/sputtered surface; reserved for hard external evaluation,A_high,no,hard_external,,none,2026-05-18,hard_external,SRC004,unique_or_condition_distinct_keep
CA0424,v3.4,verified,literature,Hydrophobicity of rare-earth oxide ceramics,G. Azimi et al.,2013,10.1038/NMAT3545,https://doi.org/10.1038/NMAT3545,"Contact angle table values for water, ethylene glycol, and diiodomethane on rare-earth oxide ceramic surfaces; used as hard external holdout",CeO2 sputtered on smooth Si,oxide,smooth silicon,coating,CeO2 sputtered on smooth Si; sputtered rare-earth oxide film on smooth silicon,CeO2 sputtered on smooth Si,smooth,,,,28.1,28.09,0,,,,calculated from water/ethylene glycol/diiodomethane contact angles using OWRK least-squares fit,inferred_from_contact_angles,ethylene glycol,polar,48,29,19,29,1.92,47,16.1,2.28,37,standard literature values at approximately 20-25 C unless source reports otherwise,298.15,,1,80,static,sessile_drop,,,2,,,unknown,rare-earth oxide high-angle ceramic/sputtered surface; reserved for hard external evaluation,A_high,no,hard_external,,none,2026-05-18,hard_external,SRC004,unique_or_condition_distinct_keep
CA0425,v3.4,verified,literature,Hydrophobicity of rare-earth oxide ceramics,G. Azimi et al.,2013,10.1038/NMAT3545,https://doi.org/10.1038/NMAT3545,"Contact angle table values for water, ethylene glycol, and diiodomethane on rare-earth oxide ceramic surfaces; used as hard external holdout",CeO2 sputtered on smooth Si,oxide,smooth silicon,coating,CeO2 sputtered on smooth Si; sputtered rare-earth oxide film on smooth silicon,CeO2 sputtered on smooth Si,smooth,,,,28.1,28.09,0,,,,calculated from water/ethylene glycol/diiodomethane contact angles using OWRK least-squares fit,inferred_from_contact_angles,diiodomethane,nonpolar,50.8,48.5,2.3,48.5,0,0,2.8,1,5.3,standard literature values at approximately 20-25 C unless source reports otherwise,298.15,,1,63,static,sessile_drop,,,2,,,unknown,rare-earth oxide high-angle ceramic/sputtered surface; reserved for hard external evaluation,A_high,no,hard_external,,none,2026-05-18,hard_external,SRC004,unique_or_condition_distinct_keep
CA0426,v3.4,verified,literature,Hydrophobicity of rare-earth oxide ceramics,G. Azimi et al.,2013,10.1038/NMAT3545,https://doi.org/10.1038/NMAT3545,"Contact angle table values for water, ethylene glycol, and diiodomethane on rare-earth oxide ceramic surfaces; used as hard external holdout",Er2O3 sputtered on smooth Si,oxide,smooth silicon,coating,Er2O3 sputtered on smooth Si; sputtered rare-earth oxide film on smooth silicon,Er2O3 sputtered on smooth Si,smooth,,,,27.01,27.01,0,,,,calculated from water/ethylene glycol/diiodomethane contact angles using OWRK least-squares fit,inferred_from_contact_angles,water,polar,72.8,21.8,51,21.8,25.5,25.5,0.89,1.85,78.4,standard literature values at approximately 20-25 C unless source reports otherwise,298.15,,1,110,static,sessile_drop,,,2,,,unknown,rare-earth oxide high-angle ceramic/sputtered surface; reserved for hard external evaluation,A_high,no,hard_external,,none,2026-05-18,hard_external,SRC004,unique_or_condition_distinct_keep
CA0427,v3.4,verified,literature,Hydrophobicity of rare-earth oxide ceramics,G. Azimi et al.,2013,10.1038/NMAT3545,https://doi.org/10.1038/NMAT3545,"Contact angle table values for water, ethylene glycol, and diiodomethane on rare-earth oxide ceramic surfaces; used as hard external holdout",Er2O3 sputtered on smooth Si,oxide,smooth silicon,coating,Er2O3 sputtered on smooth Si; sputtered rare-earth oxide film on smooth silicon,Er2O3 sputtered on smooth Si,smooth,,,,27.01,27.01,0,,,,calculated from water/ethylene glycol/diiodomethane contact angles using OWRK least-squares fit,inferred_from_contact_angles,ethylene glycol,polar,48,29,19,29,1.92,47,16.1,2.28,37,standard literature values at approximately 20-25 C unless source reports otherwise,298.15,,1,81,static,sessile_drop,,,2,,,unknown,rare-earth oxide high-angle ceramic/sputtered surface; reserved for hard external evaluation,A_high,no,hard_external,,none,2026-05-18,hard_external,SRC004,unique_or_condition_distinct_keep
CA0428,v3.4,verified,literature,Hydrophobicity of rare-earth oxide ceramics,G. Azimi et al.,2013,10.1038/NMAT3545,https://doi.org/10.1038/NMAT3545,"Contact angle table values for water, ethylene glycol, and diiodomethane on rare-earth oxide ceramic surfaces; used as hard external holdout",Er2O3 sputtered on smooth Si,oxide,smooth silicon,coating,Er2O3 sputtered on smooth Si; sputtered rare-earth oxide film on smooth silicon,Er2O3 sputtered on smooth Si,smooth,,,,27.01,27.01,0,,,,calculated from water/ethylene glycol/diiodomethane contact angles using OWRK least-squares fit,inferred_from_contact_angles,diiodomethane,nonpolar,50.8,48.5,2.3,48.5,0,0,2.8,1,5.3,standard literature values at approximately 20-25 C unless source reports otherwise,298.15,,1,65,static,sessile_drop,,,3,,,unknown,rare-earth oxide high-angle ceramic/sputtered surface; reserved for hard external evaluation,A_high,no,hard_external,,none,2026-05-18,hard_external,SRC004,unique_or_condition_distinct_keep
CA0429,v3.4,verified,literature,Paper-based planar reaction arrays for printed diagnostics,A. M盲盲tt盲nen et al.,2014,10.1186/s13568-014-0032-0,https://doi.org/10.1186/s13568-014-0032-0,"Tables 1 and 2 direct values; water, diiodomethane, and ethylene glycol contact angles plus AFM roughness and laboratory RH 15 +/- 5%",Uncoated paper UP,cellulose,,untreated,Uncoated paper UP; laboratory conditions 24 +/- 1 C and RH 15 +/- 5%,,rough,461.4,578.1,1.064,46.38,46.27,0.11,,,,calculated from Table 2 water/diiodomethane/ethylene glycol contact angles using OWRK least-squares fit,inferred_from_contact_angles,water,polar,72.8,21.8,51,21.8,25.5,25.5,0.89,1.85,78.4,standard literature values at approximately 20-25 C unless source reports otherwise,297.15,15,1,95.1,static,sessile_drop,,,1.8,,,unknown,paper/polymer planar reaction array substrate; AFM roughness from Table 1,A_high,no,internal_pool,,none,2026-05-18,internal_test,SRC016,unique_or_condition_distinct_keep
CA0430,v3.4,verified,literature,Paper-based planar reaction arrays for printed diagnostics,A. M盲盲tt盲nen et al.,2014,10.1186/s13568-014-0032-0,https://doi.org/10.1186/s13568-014-0032-0,"Tables 1 and 2 direct values; water, diiodomethane, and ethylene glycol contact angles plus AFM roughness and laboratory RH 15 +/- 5%",Uncoated paper UP,cellulose,,untreated,Uncoated paper UP; laboratory conditions 24 +/- 1 C and RH 15 +/- 5%,,rough,461.4,578.1,1.064,46.38,46.27,0.11,,,,calculated from Table 2 water/diiodomethane/ethylene glycol contact angles using OWRK least-squares fit,inferred_from_contact_angles,diiodomethane,nonpolar,50.8,48.5,2.3,48.5,0,0,2.8,1,5.3,standard literature values at approximately 20-25 C unless source reports otherwise,297.15,15,1,31.4,static,sessile_drop,,,2.1,,,unknown,paper/polymer planar reaction array substrate; AFM roughness from Table 1,A_high,yes,internal_pool,,none,2026-05-18,internal_train,SRC016,unique_or_condition_distinct_keep
CA0431,v3.4,verified,literature,Paper-based planar reaction arrays for printed diagnostics,A. M盲盲tt盲nen et al.,2014,10.1186/s13568-014-0032-0,https://doi.org/10.1186/s13568-014-0032-0,"Tables 1 and 2 direct values; water, diiodomethane, and ethylene glycol contact angles plus AFM roughness and laboratory RH 15 +/- 5%",Uncoated paper UP,cellulose,,untreated,Uncoated paper UP; laboratory conditions 24 +/- 1 C and RH 15 +/- 5%,,rough,461.4,578.1,1.064,46.38,46.27,0.11,,,,calculated from Table 2 water/diiodomethane/ethylene glycol contact angles using OWRK least-squares fit,inferred_from_contact_angles,ethylene glycol,polar,48,29,19,29,1.92,47,16.1,2.28,37,standard literature values at approximately 20-25 C unless source reports otherwise,297.15,15,1,48.3,static,sessile_drop,,,1.5,,,unknown,paper/polymer planar reaction array substrate; AFM roughness from Table 1,A_high,no,internal_pool,,none,2026-05-18,internal_val,SRC016,unique_or_condition_distinct_keep
CA0432,v3.4,verified,literature,Paper-based planar reaction arrays for printed diagnostics,A. M盲盲tt盲nen et al.,2014,10.1186/s13568-014-0032-0,https://doi.org/10.1186/s13568-014-0032-0,"Tables 1 and 2 direct values; water, diiodomethane, and ethylene glycol contact angles plus AFM roughness and laboratory RH 15 +/- 5%",Bleached hardwood kraft paper HBKP,cellulose,,untreated,Bleached hardwood kraft paper HBKP; laboratory conditions 24 +/- 1 C and RH 15 +/- 5%,,rough,910.4,1198,1.059,38.71,37.22,1.49,,,,calculated from Table 2 water/diiodomethane/ethylene glycol contact angles using OWRK least-squares fit,inferred_from_contact_angles,water,polar,72.8,21.8,51,21.8,25.5,25.5,0.89,1.85,78.4,standard literature values at approximately 20-25 C unless source reports otherwise,297.15,15,1,88.7,static,sessile_drop,,,2.1,,,unknown,paper/polymer planar reaction array substrate; AFM roughness from Table 1,A_high,no,balanced_holdout,,none,2026-05-18,balanced_holdout,SRC016,unique_or_condition_distinct_keep
CA0433,v3.4,verified,literature,Paper-based planar reaction arrays for printed diagnostics,A. M盲盲tt盲nen et al.,2014,10.1186/s13568-014-0032-0,https://doi.org/10.1186/s13568-014-0032-0,"Tables 1 and 2 direct values; water, diiodomethane, and ethylene glycol contact angles plus AFM roughness and laboratory RH 15 +/- 5%",Bleached hardwood kraft paper HBKP,cellulose,,untreated,Bleached hardwood kraft paper HBKP; laboratory conditions 24 +/- 1 C and RH 15 +/- 5%,,rough,910.4,1198,1.059,38.71,37.22,1.49,,,,calculated from Table 2 water/diiodomethane/ethylene glycol contact angles using OWRK least-squares fit,inferred_from_contact_angles,diiodomethane,nonpolar,50.8,48.5,2.3,48.5,0,0,2.8,1,5.3,standard literature values at approximately 20-25 C unless source reports otherwise,297.15,15,1,41.7,static,sessile_drop,,,1.5,,,unknown,paper/polymer planar reaction array substrate; AFM roughness from Table 1,A_high,no,balanced_holdout,,none,2026-05-18,balanced_holdout,SRC016,unique_or_condition_distinct_keep
CA0434,v3.4,verified,literature,Paper-based planar reaction arrays for printed diagnostics,A. M盲盲tt盲nen et al.,2014,10.1186/s13568-014-0032-0,https://doi.org/10.1186/s13568-014-0032-0,"Tables 1 and 2 direct values; water, diiodomethane, and ethylene glycol contact angles plus AFM roughness and laboratory RH 15 +/- 5%",Bleached hardwood kraft paper HBKP,cellulose,,untreated,Bleached hardwood kraft paper HBKP; laboratory conditions 24 +/- 1 C and RH 15 +/- 5%,,rough,910.4,1198,1.059,38.71,37.22,1.49,,,,calculated from Table 2 water/diiodomethane/ethylene glycol contact angles using OWRK least-squares fit,inferred_from_contact_angles,ethylene glycol,polar,48,29,19,29,1.92,47,16.1,2.28,37,standard literature values at approximately 20-25 C unless source reports otherwise,297.15,15,1,54,static,sessile_drop,,,3.6,,,unknown,paper/polymer planar reaction array substrate; AFM roughness from Table 1,A_high,no,balanced_holdout,,none,2026-05-18,balanced_holdout,SRC016,unique_or_condition_distinct_keep
CA0435,v3.4,verified,literature,Paper-based planar reaction arrays for printed diagnostics,A. M盲盲tt盲nen et al.,2014,10.1186/s13568-014-0032-0,https://doi.org/10.1186/s13568-014-0032-0,"Tables 1 and 2 direct values; water, diiodomethane, and ethylene glycol contact angles plus AFM roughness and laboratory RH 15 +/- 5%",Semi-bleached kraft paper SBKP,cellulose,,untreated,Semi-bleached kraft paper SBKP; laboratory conditions 24 +/- 1 C and RH 15 +/- 5%,,rough,576.9,748.1,1.079,40.68,31.62,9.06,,,,calculated from Table 2 water/diiodomethane/ethylene glycol contact angles using OWRK least-squares fit,inferred_from_contact_angles,water,polar,72.8,21.8,51,21.8,25.5,25.5,0.89,1.85,78.4,standard literature values at approximately 20-25 C unless source reports otherwise,297.15,15,1,68.3,static,sessile_drop,,,2.5,,,unknown,paper/polymer planar reaction array substrate; AFM roughness from Table 1,A_high,no,internal_pool,,none,2026-05-18,internal_val,SRC016,unique_or_condition_distinct_keep
CA0436,v3.4,verified,literature,Paper-based planar reaction arrays for printed diagnostics,A. M盲盲tt盲nen et al.,2014,10.1186/s13568-014-0032-0,https://doi.org/10.1186/s13568-014-0032-0,"Tables 1 and 2 direct values; water, diiodomethane, and ethylene glycol contact angles plus AFM roughness and laboratory RH 15 +/- 5%",Semi-bleached kraft paper SBKP,cellulose,,untreated,Semi-bleached kraft paper SBKP; laboratory conditions 24 +/- 1 C and RH 15 +/- 5%,,rough,576.9,748.1,1.079,40.68,31.62,9.06,,,,calculated from Table 2 water/diiodomethane/ethylene glycol contact angles using OWRK least-squares fit,inferred_from_contact_angles,diiodomethane,nonpolar,50.8,48.5,2.3,48.5,0,0,2.8,1,5.3,standard literature values at approximately 20-25 C unless source reports otherwise,297.15,15,1,37.9,static,sessile_drop,,,3.7,,,unknown,paper/polymer planar reaction array substrate; AFM roughness from Table 1,A_high,yes,internal_pool,,none,2026-05-18,internal_train,SRC016,unique_or_condition_distinct_keep
CA0437,v3.4,verified,literature,Paper-based planar reaction arrays for printed diagnostics,A. M盲盲tt盲nen et al.,2014,10.1186/s13568-014-0032-0,https://doi.org/10.1186/s13568-014-0032-0,"Tables 1 and 2 direct values; water, diiodomethane, and ethylene glycol contact angles plus AFM roughness and laboratory RH 15 +/- 5%",Semi-bleached kraft paper SBKP,cellulose,,untreated,Semi-bleached kraft paper SBKP; laboratory conditions 24 +/- 1 C and RH 15 +/- 5%,,rough,576.9,748.1,1.079,40.68,31.62,9.06,,,,calculated from Table 2 water/diiodomethane/ethylene glycol contact angles using OWRK least-squares fit,inferred_from_contact_angles,ethylene glycol,polar,48,29,19,29,1.92,47,16.1,2.28,37,standard literature values at approximately 20-25 C unless source reports otherwise,297.15,15,1,50.2,static,sessile_drop,,,5.2,,,unknown,paper/polymer planar reaction array substrate; AFM roughness from Table 1,A_high,no,internal_pool,,none,2026-05-18,internal_val,SRC016,unique_or_condition_distinct_keep
CA0438,v3.4,verified,literature,Paper-based planar reaction arrays for printed diagnostics,A. M盲盲tt盲nen et al.,2014,10.1186/s13568-014-0032-0,https://doi.org/10.1186/s13568-014-0032-0,"Tables 1 and 2 direct values; water, diiodomethane, and ethylene glycol contact angles plus AFM roughness and laboratory RH 15 +/- 5%",BOND reference paper,cellulose,,untreated,BOND reference paper; laboratory conditions 24 +/- 1 C and RH 15 +/- 5%,,smooth,118,151.5,1.008,41.83,41.79,0.03,,,,calculated from Table 2 water/diiodomethane/ethylene glycol contact angles using OWRK least-squares fit,inferred_from_contact_angles,water,polar,72.8,21.8,51,21.8,25.5,25.5,0.89,1.85,78.4,standard literature values at approximately 20-25 C unless source reports otherwise,297.15,15,1,98.1,static,sessile_drop,,,1.5,,,unknown,paper/polymer planar reaction array substrate; AFM roughness from Table 1,A_high,no,internal_pool,,none,2026-05-18,internal_test,SRC016,unique_or_condition_distinct_keep
CA0439,v3.4,verified,literature,Paper-based planar reaction arrays for printed diagnostics,A. M盲盲tt盲nen et al.,2014,10.1186/s13568-014-0032-0,https://doi.org/10.1186/s13568-014-0032-0,"Tables 1 and 2 direct values; water, diiodomethane, and ethylene glycol contact angles plus AFM roughness and laboratory RH 15 +/- 5%",BOND reference paper,cellulose,,untreated,BOND reference paper; laboratory conditions 24 +/- 1 C and RH 15 +/- 5%,,smooth,118,151.5,1.008,41.83,41.79,0.03,,,,calculated from Table 2 water/diiodomethane/ethylene glycol contact angles using OWRK least-squares fit,inferred_from_contact_angles,diiodomethane,nonpolar,50.8,48.5,2.3,48.5,0,0,2.8,1,5.3,standard literature values at approximately 20-25 C unless source reports otherwise,297.15,15,1,39.1,static,sessile_drop,,,2.7,,,unknown,paper/polymer planar reaction array substrate; AFM roughness from Table 1,A_high,no,balanced_holdout,,none,2026-05-18,balanced_holdout,SRC016,unique_or_condition_distinct_keep
CA0440,v3.4,verified,literature,Paper-based planar reaction arrays for printed diagnostics,A. M盲盲tt盲nen et al.,2014,10.1186/s13568-014-0032-0,https://doi.org/10.1186/s13568-014-0032-0,"Tables 1 and 2 direct values; water, diiodomethane, and ethylene glycol contact angles plus AFM roughness and laboratory RH 15 +/- 5%",BOND reference paper,cellulose,,untreated,BOND reference paper; laboratory conditions 24 +/- 1 C and RH 15 +/- 5%,,smooth,118,151.5,1.008,41.83,41.79,0.03,,,,calculated from Table 2 water/diiodomethane/ethylene glycol contact angles using OWRK least-squares fit,inferred_from_contact_angles,ethylene glycol,polar,48,29,19,29,1.92,47,16.1,2.28,37,standard literature values at approximately 20-25 C unless source reports otherwise,297.15,15,1,59.8,static,sessile_drop,,,3.7,,,unknown,paper/polymer planar reaction array substrate; AFM roughness from Table 1,A_high,no,balanced_holdout,,none,2026-05-18,balanced_holdout,SRC016,unique_or_condition_distinct_keep
CA0441,v3.4,verified,literature,Paper-based planar reaction arrays for printed diagnostics,A. M盲盲tt盲nen et al.,2014,10.1186/s13568-014-0032-0,https://doi.org/10.1186/s13568-014-0032-0,"Tables 1 and 2 direct values; water, diiodomethane, and ethylene glycol contact angles plus AFM roughness and laboratory RH 15 +/- 5%",PDMS reference film,polymer,,untreated,PDMS reference film; laboratory conditions 24 +/- 1 C and RH 15 +/- 5%,,smooth,0.8,1.8,1,24.9,24.47,0.43,,,,calculated from Table 2 water/diiodomethane/ethylene glycol contact angles using OWRK least-squares fit,inferred_from_contact_angles,water,polar,72.8,21.8,51,21.8,25.5,25.5,0.89,1.85,78.4,standard literature values at approximately 20-25 C unless source reports otherwise,297.15,15,1,105.5,static,sessile_drop,,,2.6,,,unknown,paper/polymer planar reaction array substrate; AFM roughness from Table 1,A_high,yes,internal_pool,,none,2026-05-18,internal_train,SRC016,unique_or_condition_distinct_keep
CA0442,v3.4,verified,literature,Paper-based planar reaction arrays for printed diagnostics,A. M盲盲tt盲nen et al.,2014,10.1186/s13568-014-0032-0,https://doi.org/10.1186/s13568-014-0032-0,"Tables 1 and 2 direct values; water, diiodomethane, and ethylene glycol contact angles plus AFM roughness and laboratory RH 15 +/- 5%",PDMS reference film,polymer,,untreated,PDMS reference film; laboratory conditions 24 +/- 1 C and RH 15 +/- 5%,,smooth,0.8,1.8,1,24.9,24.47,0.43,,,,calculated from Table 2 water/diiodomethane/ethylene glycol contact angles using OWRK least-squares fit,inferred_from_contact_angles,diiodomethane,nonpolar,50.8,48.5,2.3,48.5,0,0,2.8,1,5.3,standard literature values at approximately 20-25 C unless source reports otherwise,297.15,15,1,68.9,static,sessile_drop,,,3.6,,,unknown,paper/polymer planar reaction array substrate; AFM roughness from Table 1,A_high,yes,internal_pool,,none,2026-05-18,internal_train,SRC016,unique_or_condition_distinct_keep
CA0443,v3.4,verified,literature,Paper-based planar reaction arrays for printed diagnostics,A. M盲盲tt盲nen et al.,2014,10.1186/s13568-014-0032-0,https://doi.org/10.1186/s13568-014-0032-0,"Tables 1 and 2 direct values; water, diiodomethane, and ethylene glycol contact angles plus AFM roughness and laboratory RH 15 +/- 5%",PDMS reference film,polymer,,untreated,PDMS reference film; laboratory conditions 24 +/- 1 C and RH 15 +/- 5%,,smooth,0.8,1.8,1,24.9,24.47,0.43,,,,calculated from Table 2 water/diiodomethane/ethylene glycol contact angles using OWRK least-squares fit,inferred_from_contact_angles,ethylene glycol,polar,48,29,19,29,1.92,47,16.1,2.28,37,standard literature values at approximately 20-25 C unless source reports otherwise,297.15,15,1,71.5,static,sessile_drop,,,5.5,,,unknown,paper/polymer planar reaction array substrate; AFM roughness from Table 1,A_high,yes,internal_pool,,none,2026-05-18,internal_train,SRC016,unique_or_condition_distinct_keep
CA0444,v3.4,verified,literature,Paper-based planar reaction arrays for printed diagnostics,A. M盲盲tt盲nen et al.,2014,10.1186/s13568-014-0032-0,https://doi.org/10.1186/s13568-014-0032-0,"Tables 1 and 2 direct values; water, diiodomethane, and ethylene glycol contact angles plus AFM roughness and laboratory RH 15 +/- 5%",Polystyrene reference film,polymer,,untreated,Polystyrene reference film; laboratory conditions 24 +/- 1 C and RH 15 +/- 5%,,smooth,0.3,0.4,1,41.62,41.17,0.45,,,,calculated from Table 2 water/diiodomethane/ethylene glycol contact angles using OWRK least-squares fit,inferred_from_contact_angles,water,polar,72.8,21.8,51,21.8,25.5,25.5,0.89,1.85,78.4,standard literature values at approximately 20-25 C unless source reports otherwise,297.15,15,1,91.7,static,sessile_drop,,,5.7,,,unknown,paper/polymer planar reaction array substrate; AFM roughness from Table 1,A_high,no,internal_pool,,none,2026-05-18,internal_test,SRC016,unique_or_condition_distinct_keep
CA0445,v3.4,verified,literature,Paper-based planar reaction arrays for printed diagnostics,A. M盲盲tt盲nen et al.,2014,10.1186/s13568-014-0032-0,https://doi.org/10.1186/s13568-014-0032-0,"Tables 1 and 2 direct values; water, diiodomethane, and ethylene glycol contact angles plus AFM roughness and laboratory RH 15 +/- 5%",Polystyrene reference film,polymer,,untreated,Polystyrene reference film; laboratory conditions 24 +/- 1 C and RH 15 +/- 5%,,smooth,0.3,0.4,1,41.62,41.17,0.45,,,,calculated from Table 2 water/diiodomethane/ethylene glycol contact angles using OWRK least-squares fit,inferred_from_contact_angles,diiodomethane,nonpolar,50.8,48.5,2.3,48.5,0,0,2.8,1,5.3,standard literature values at approximately 20-25 C unless source reports otherwise,297.15,15,1,35.1,static,sessile_drop,,,4.9,,,unknown,paper/polymer planar reaction array substrate; AFM roughness from Table 1,A_high,yes,internal_pool,,none,2026-05-18,internal_train,SRC016,unique_or_condition_distinct_keep
CA0446,v3.4,verified,literature,Paper-based planar reaction arrays for printed diagnostics,A. M盲盲tt盲nen et al.,2014,10.1186/s13568-014-0032-0,https://doi.org/10.1186/s13568-014-0032-0,"Tables 1 and 2 direct values; water, diiodomethane, and ethylene glycol contact angles plus AFM roughness and laboratory RH 15 +/- 5%",Polystyrene reference film,polymer,,untreated,Polystyrene reference film; laboratory conditions 24 +/- 1 C and RH 15 +/- 5%,,smooth,0.3,0.4,1,41.62,41.17,0.45,,,,calculated from Table 2 water/diiodomethane/ethylene glycol contact angles using OWRK least-squares fit,inferred_from_contact_angles,ethylene glycol,polar,48,29,19,29,1.92,47,16.1,2.28,37,standard literature values at approximately 20-25 C unless source reports otherwise,297.15,15,1,59.1,static,sessile_drop,,,3.8,,,unknown,paper/polymer planar reaction array substrate; AFM roughness from Table 1,A_high,yes,internal_pool,,none,2026-05-18,internal_train,SRC016,unique_or_condition_distinct_keep
CA0447,v3.4,verified,literature,Mechanically Robust and Thermally Stable Colorful Superamphiphobic Coatings,N. Tian; P. Zhang; J. Zhang,2018,10.3389/fchem.2018.00144,https://doi.org/10.3389/fchem.2018.00144,"Direct liquid-repellency values; superamphiphobic coating contact angles for water, diiodomethane, ethylene glycol, oils, and solvents",Colorful superamphiphobic coating,coating,PTES/TEOS-based colorful superamphiphobic coating; thermally stable and mechanically robust,coating,PTES/TEOS-based colorful superamphiphobic coating; thermally stable and mechanically robust,PTES/TEOS-based colorful superamphiphobic coating; thermally stable and mechanically robust,rough,,,,0.05,0.05,0,,,,apparent OWRK fit from multi-liquid contact angles on textured/coated repellency surface,inferred_from_contact_angles,water,polar,72.8,21.8,51,21.8,25.5,25.5,0.89,1.85,78.4,standard literature values at approximately 20-25 C unless source reports otherwise,298.15,,1,166,static,sessile_drop,,,2.1,,,unknown,reserved as hard external high-contact-angle / non-water-rich challenge case,A_high,no,hard_external,,none,2026-05-18,hard_external,SRC017,unique_or_condition_distinct_keep
CA0448,v3.4,verified,literature,Mechanically Robust and Thermally Stable Colorful Superamphiphobic Coatings,N. Tian; P. Zhang; J. Zhang,2018,10.3389/fchem.2018.00144,https://doi.org/10.3389/fchem.2018.00144,"Direct liquid-repellency values; superamphiphobic coating contact angles for water, diiodomethane, ethylene glycol, oils, and solvents",Colorful superamphiphobic coating,coating,PTES/TEOS-based colorful superamphiphobic coating; thermally stable and mechanically robust,coating,PTES/TEOS-based colorful superamphiphobic coating; thermally stable and mechanically robust,PTES/TEOS-based colorful superamphiphobic coating; thermally stable and mechanically robust,rough,,,,0.05,0.05,0,,,,apparent OWRK fit from multi-liquid contact angles on textured/coated repellency surface,inferred_from_contact_angles,diiodomethane,nonpolar,50.8,48.5,2.3,48.5,0,0,2.8,1,5.3,standard literature values at approximately 20-25 C unless source reports otherwise,298.15,,1,162,static,sessile_drop,,,3.5,,,unknown,reserved as hard external high-contact-angle / non-water-rich challenge case,A_high,no,hard_external,,none,2026-05-18,hard_external,SRC017,unique_or_condition_distinct_keep
CA0449,v3.4,verified,literature,Mechanically Robust and Thermally Stable Colorful Superamphiphobic Coatings,N. Tian; P. Zhang; J. Zhang,2018,10.3389/fchem.2018.00144,https://doi.org/10.3389/fchem.2018.00144,"Direct liquid-repellency values; superamphiphobic coating contact angles for water, diiodomethane, ethylene glycol, oils, and solvents",Colorful superamphiphobic coating,coating,PTES/TEOS-based colorful superamphiphobic coating; thermally stable and mechanically robust,coating,PTES/TEOS-based colorful superamphiphobic coating; thermally stable and mechanically robust,PTES/TEOS-based colorful superamphiphobic coating; thermally stable and mechanically robust,rough,,,,0.05,0.05,0,,,,apparent OWRK fit from multi-liquid contact angles on textured/coated repellency surface,inferred_from_contact_angles,ethylene glycol,polar,48,29,19,29,1.92,47,16.1,2.28,37,standard literature values at approximately 20-25 C unless source reports otherwise,298.15,,1,160,static,sessile_drop,,,1,,,unknown,reserved as hard external high-contact-angle / non-water-rich challenge case,A_high,no,hard_external,,none,2026-05-18,hard_external,SRC017,unique_or_condition_distinct_keep
CA0450,v3.4,verified,literature,Mechanically Robust and Thermally Stable Colorful Superamphiphobic Coatings,N. Tian; P. Zhang; J. Zhang,2018,10.3389/fchem.2018.00144,https://doi.org/10.3389/fchem.2018.00144,"Direct liquid-repellency values; superamphiphobic coating contact angles for water, diiodomethane, ethylene glycol, oils, and solvents",Colorful superamphiphobic coating,coating,PTES/TEOS-based colorful superamphiphobic coating; thermally stable and mechanically robust,coating,PTES/TEOS-based colorful superamphiphobic coating; thermally stable and mechanically robust,PTES/TEOS-based colorful superamphiphobic coating; thermally stable and mechanically robust,rough,,,,0.05,0.05,0,,,,apparent OWRK fit from multi-liquid contact angles on textured/coated repellency surface,inferred_from_contact_angles,"1,2-dichloroethane",polar_aprotic,33.3,31.1,2.2,31.1,0,0,0.84,1.83,10.4,standard literature values at approximately 20-25 C unless source reports otherwise,298.15,,1,156,static,sessile_drop,,,2.4,,,unknown,reserved as hard external high-contact-angle / non-water-rich challenge case,A_high,no,hard_external,,none,2026-05-18,hard_external,SRC017,unique_or_condition_distinct_keep
CA0451,v3.4,verified,literature,Mechanically Robust and Thermally Stable Colorful Superamphiphobic Coatings,N. Tian; P. Zhang; J. Zhang,2018,10.3389/fchem.2018.00144,https://doi.org/10.3389/fchem.2018.00144,"Direct liquid-repellency values; superamphiphobic coating contact angles for water, diiodomethane, ethylene glycol, oils, and solvents",Colorful superamphiphobic coating,coating,PTES/TEOS-based colorful superamphiphobic coating; thermally stable and mechanically robust,coating,PTES/TEOS-based colorful superamphiphobic coating; thermally stable and mechanically robust,PTES/TEOS-based colorful superamphiphobic coating; thermally stable and mechanically robust,rough,,,,0.05,0.05,0,,,,apparent OWRK fit from multi-liquid contact angles on textured/coated repellency surface,inferred_from_contact_angles,toluene,nonpolar,28.4,28.4,0,28.4,0,0,0.59,0.36,2.4,standard literature values at approximately 20-25 C unless source reports otherwise,298.15,,1,157,static,sessile_drop,,,0.9,,,unknown,reserved as hard external high-contact-angle / non-water-rich challenge case,A_high,no,hard_external,,none,2026-05-18,hard_external,SRC017,unique_or_condition_distinct_keep
CA0452,v3.4,verified,literature,Mechanically Robust and Thermally Stable Colorful Superamphiphobic Coatings,N. Tian; P. Zhang; J. Zhang,2018,10.3389/fchem.2018.00144,https://doi.org/10.3389/fchem.2018.00144,"Direct liquid-repellency values; superamphiphobic coating contact angles for water, diiodomethane, ethylene glycol, oils, and solvents",Colorful superamphiphobic coating,coating,PTES/TEOS-based colorful superamphiphobic coating; thermally stable and mechanically robust,coating,PTES/TEOS-based colorful superamphiphobic coating; thermally stable and mechanically robust,PTES/TEOS-based colorful superamphiphobic coating; thermally stable and mechanically robust,rough,,,,0.05,0.05,0,,,,apparent OWRK fit from multi-liquid contact angles on textured/coated repellency surface,inferred_from_contact_angles,hexadecane,nonpolar,27.5,27.5,0,27.5,0,0,3,0,2.1,standard literature values at approximately 20-25 C unless source reports otherwise,298.15,,1,156,static,sessile_drop,,,1.5,,,unknown,reserved as hard external high-contact-angle / non-water-rich challenge case,A_high,no,hard_external,,none,2026-05-18,hard_external,SRC017,unique_or_condition_distinct_keep
CA0453,v3.4,verified,literature,Mechanically Robust and Thermally Stable Colorful Superamphiphobic Coatings,N. Tian; P. Zhang; J. Zhang,2018,10.3389/fchem.2018.00144,https://doi.org/10.3389/fchem.2018.00144,"Direct liquid-repellency values; superamphiphobic coating contact angles for water, diiodomethane, ethylene glycol, oils, and solvents",Colorful superamphiphobic coating,coating,PTES/TEOS-based colorful superamphiphobic coating; thermally stable and mechanically robust,coating,PTES/TEOS-based colorful superamphiphobic coating; thermally stable and mechanically robust,PTES/TEOS-based colorful superamphiphobic coating; thermally stable and mechanically robust,rough,,,,0.05,0.05,0,,,,apparent OWRK fit from multi-liquid contact angles on textured/coated repellency surface,inferred_from_contact_angles,n-dodecane,nonpolar,25.4,25.4,0,25.4,0,0,1.36,0,2,standard literature values at approximately 20-25 C unless source reports otherwise,298.15,,1,154,static,sessile_drop,,,2.7,,,unknown,reserved as hard external high-contact-angle / non-water-rich challenge case,A_high,no,hard_external,,none,2026-05-18,hard_external,SRC017,unique_or_condition_distinct_keep
CA0454,v3.4,verified,literature,Mechanically Robust and Thermally Stable Colorful Superamphiphobic Coatings,N. Tian; P. Zhang; J. Zhang,2018,10.3389/fchem.2018.00144,https://doi.org/10.3389/fchem.2018.00144,"Direct liquid-repellency values; superamphiphobic coating contact angles for water, diiodomethane, ethylene glycol, oils, and solvents",Colorful superamphiphobic coating,coating,PTES/TEOS-based colorful superamphiphobic coating; thermally stable and mechanically robust,coating,PTES/TEOS-based colorful superamphiphobic coating; thermally stable and mechanically robust,PTES/TEOS-based colorful superamphiphobic coating; thermally stable and mechanically robust,rough,,,,0.05,0.05,0,,,,apparent OWRK fit from multi-liquid contact angles on textured/coated repellency surface,inferred_from_contact_angles,n-decane,nonpolar,23.8,23.8,0,23.8,0,0,0.92,0,2,standard literature values at approximately 20-25 C unless source reports otherwise,298.15,,1,153,static,sessile_drop,,,2.7,,,unknown,reserved as hard external high-contact-angle / non-water-rich challenge case,A_high,no,hard_external,,none,2026-05-18,hard_external,SRC017,unique_or_condition_distinct_keep
CA0455,v3.4,verified,literature,Robust Superhydrophobic and Superoleophilic FEP/SiO2 Hybrid Coatings for Highly Efficient Oil/Water Separation,X. Huang; R. Yu,2021,10.3390/coatings11060663,https://doi.org/10.3390/coatings11060663,"Table 1 direct values; FEP-S coating contact angles for water, glycerol, ethylene glycol, and diiodomethane",FEP-S superhydrophobic hybrid coating,coating,FEP/SiO2 hybrid coating after fluoroalkylsilane modification,coating,FEP/SiO2 hybrid coating after fluoroalkylsilane modification,FEP/SiO2 hybrid coating after fluoroalkylsilane modification,rough,,,,1.67,1.26,0.41,,,,apparent OWRK fit from multi-liquid contact angles on textured/coated repellency surface,inferred_from_contact_angles,water,polar,72.8,21.8,51,21.8,25.5,25.5,0.89,1.85,78.4,standard literature values at approximately 20-25 C unless source reports otherwise,298.15,,1,162,static,sessile_drop,,,1.2,,,unknown,reserved as hard external high-contact-angle / non-water-rich challenge case,A_high,no,hard_external,,none,2026-05-18,hard_external,SRC018,unique_or_condition_distinct_keep
CA0456,v3.4,verified,literature,Robust Superhydrophobic and Superoleophilic FEP/SiO2 Hybrid Coatings for Highly Efficient Oil/Water Separation,X. Huang; R. Yu,2021,10.3390/coatings11060663,https://doi.org/10.3390/coatings11060663,"Table 1 direct values; FEP-S coating contact angles for water, glycerol, ethylene glycol, and diiodomethane",FEP-S superhydrophobic hybrid coating,coating,FEP/SiO2 hybrid coating after fluoroalkylsilane modification,coating,FEP/SiO2 hybrid coating after fluoroalkylsilane modification,FEP/SiO2 hybrid coating after fluoroalkylsilane modification,rough,,,,1.67,1.26,0.41,,,,apparent OWRK fit from multi-liquid contact angles on textured/coated repellency surface,inferred_from_contact_angles,glycerol,polar,63.4,37,26.4,37,3.92,57.4,1412,2.68,42.5,standard literature values at approximately 20-25 C unless source reports otherwise,298.15,,1,157.8,static,sessile_drop,,,0.8,,,unknown,reserved as hard external high-contact-angle / non-water-rich challenge case,A_high,no,hard_external,,none,2026-05-18,hard_external,SRC018,unique_or_condition_distinct_keep
CA0457,v3.4,verified,literature,Robust Superhydrophobic and Superoleophilic FEP/SiO2 Hybrid Coatings for Highly Efficient Oil/Water Separation,X. Huang; R. Yu,2021,10.3390/coatings11060663,https://doi.org/10.3390/coatings11060663,"Table 1 direct values; FEP-S coating contact angles for water, glycerol, ethylene glycol, and diiodomethane",FEP-S superhydrophobic hybrid coating,coating,FEP/SiO2 hybrid coating after fluoroalkylsilane modification,coating,FEP/SiO2 hybrid coating after fluoroalkylsilane modification,FEP/SiO2 hybrid coating after fluoroalkylsilane modification,rough,,,,1.67,1.26,0.41,,,,apparent OWRK fit from multi-liquid contact angles on textured/coated repellency surface,inferred_from_contact_angles,ethylene glycol,polar,48,29,19,29,1.92,47,16.1,2.28,37,standard literature values at approximately 20-25 C unless source reports otherwise,298.15,,1,153.8,static,sessile_drop,,,1.6,,,unknown,reserved as hard external high-contact-angle / non-water-rich challenge case,A_high,no,hard_external,,none,2026-05-18,hard_external,SRC018,unique_or_condition_distinct_keep
CA0458,v3.4,verified,literature,Robust Superhydrophobic and Superoleophilic FEP/SiO2 Hybrid Coatings for Highly Efficient Oil/Water Separation,X. Huang; R. Yu,2021,10.3390/coatings11060663,https://doi.org/10.3390/coatings11060663,"Table 1 direct values; FEP-S coating contact angles for water, glycerol, ethylene glycol, and diiodomethane",FEP-S superhydrophobic hybrid coating,coating,FEP/SiO2 hybrid coating after fluoroalkylsilane modification,coating,FEP/SiO2 hybrid coating after fluoroalkylsilane modification,FEP/SiO2 hybrid coating after fluoroalkylsilane modification,rough,,,,1.67,1.26,0.41,,,,apparent OWRK fit from multi-liquid contact angles on textured/coated repellency surface,inferred_from_contact_angles,diiodomethane,nonpolar,50.8,48.5,2.3,48.5,0,0,2.8,1,5.3,standard literature values at approximately 20-25 C unless source reports otherwise,298.15,,1,134.2,static,sessile_drop,,,0.3,,,unknown,reserved as hard external high-contact-angle / non-water-rich challenge case,A_high,no,hard_external,,none,2026-05-18,hard_external,SRC018,unique_or_condition_distinct_keep
CA0459,v3.4,verified,literature,"Transparent, thermally and mechanically stable superhydrophobic coating prepared by an electrochemical template strategy",L. Xu; D. Zhu; X. Lu; Q. Lu,2015,10.1039/C4TA06944G,https://doi.org/10.1039/C4TA06944G,Direct values for transparent PEDOT-derived superhydrophobic coating; high contact angles for water and several non-water liquids,Transparent PEDOT-derived superhydrophobic coating,coating,transparent PEDOT-derived superhydrophobic coating on silica-coated ITO glass,coating,transparent PEDOT-derived superhydrophobic coating on silica-coated ITO glass,transparent PEDOT-derived superhydrophobic coating on silica-coated ITO glass,rough,,,,0.06,0.05,0,,,,apparent OWRK fit from multi-liquid contact angles on textured/coated repellency surface,inferred_from_contact_angles,water,polar,72.8,21.8,51,21.8,25.5,25.5,0.89,1.85,78.4,standard literature values at approximately 20-25 C unless source reports otherwise,298.15,,1,168.1,static,sessile_drop,,,0.6,,,unknown,reserved as hard external high-contact-angle / non-water-rich challenge case,A_high,no,hard_external,,none,2026-05-18,hard_external,SRC012,unique_or_condition_distinct_keep
CA0460,v3.4,verified,literature,"Transparent, thermally and mechanically stable superhydrophobic coating prepared by an electrochemical template strategy",L. Xu; D. Zhu; X. Lu; Q. Lu,2015,10.1039/C4TA06944G,https://doi.org/10.1039/C4TA06944G,Direct values for transparent PEDOT-derived superhydrophobic coating; high contact angles for water and several non-water liquids,Transparent PEDOT-derived superhydrophobic coating,coating,transparent PEDOT-derived superhydrophobic coating on silica-coated ITO glass,coating,transparent PEDOT-derived superhydrophobic coating on silica-coated ITO glass,transparent PEDOT-derived superhydrophobic coating on silica-coated ITO glass,rough,,,,0.06,0.05,0,,,,apparent OWRK fit from multi-liquid contact angles on textured/coated repellency surface,inferred_from_contact_angles,diiodomethane,nonpolar,50.8,48.5,2.3,48.5,0,0,2.8,1,5.3,standard literature values at approximately 20-25 C unless source reports otherwise,298.15,,1,161.1,static,sessile_drop,,,1.1,,,unknown,reserved as hard external high-contact-angle / non-water-rich challenge case,A_high,no,hard_external,,none,2026-05-18,hard_external,SRC012,unique_or_condition_distinct_keep
CA0461,v3.4,verified,literature,"Transparent, thermally and mechanically stable superhydrophobic coating prepared by an electrochemical template strategy",L. Xu; D. Zhu; X. Lu; Q. Lu,2015,10.1039/C4TA06944G,https://doi.org/10.1039/C4TA06944G,Direct values for transparent PEDOT-derived superhydrophobic coating; high contact angles for water and several non-water liquids,Transparent PEDOT-derived superhydrophobic coating,coating,transparent PEDOT-derived superhydrophobic coating on silica-coated ITO glass,coating,transparent PEDOT-derived superhydrophobic coating on silica-coated ITO glass,transparent PEDOT-derived superhydrophobic coating on silica-coated ITO glass,rough,,,,0.06,0.05,0,,,,apparent OWRK fit from multi-liquid contact angles on textured/coated repellency surface,inferred_from_contact_angles,ethylene glycol,polar,48,29,19,29,1.92,47,16.1,2.28,37,standard literature values at approximately 20-25 C unless source reports otherwise,298.15,,1,164.4,static,sessile_drop,,,1.4,,,unknown,reserved as hard external high-contact-angle / non-water-rich challenge case,A_high,no,hard_external,,none,2026-05-18,hard_external,SRC012,unique_or_condition_distinct_keep
CA0462,v3.4,verified,literature,"Transparent, thermally and mechanically stable superhydrophobic coating prepared by an electrochemical template strategy",L. Xu; D. Zhu; X. Lu; Q. Lu,2015,10.1039/C4TA06944G,https://doi.org/10.1039/C4TA06944G,Direct values for transparent PEDOT-derived superhydrophobic coating; high contact angles for water and several non-water liquids,Transparent PEDOT-derived superhydrophobic coating,coating,transparent PEDOT-derived superhydrophobic coating on silica-coated ITO glass,coating,transparent PEDOT-derived superhydrophobic coating on silica-coated ITO glass,transparent PEDOT-derived superhydrophobic coating on silica-coated ITO glass,rough,,,,0.06,0.05,0,,,,apparent OWRK fit from multi-liquid contact angles on textured/coated repellency surface,inferred_from_contact_angles,hexadecane,nonpolar,27.5,27.5,0,27.5,0,0,3,0,2.1,standard literature values at approximately 20-25 C unless source reports otherwise,298.15,,1,153.5,static,sessile_drop,,,2.8,,,unknown,reserved as hard external high-contact-angle / non-water-rich challenge case,A_high,no,hard_external,,none,2026-05-18,hard_external,SRC012,unique_or_condition_distinct_keep
CA0463,v3.4,verified,literature,Superhydrophobic terpolymer nanofibers containing perfluoroethyl alkyl methacrylate by electrospinning,A. S. Sarac et al.,2012,10.1016/j.apsusc.2012.02.107,https://doi.org/10.1016/j.apsusc.2012.02.107,"Direct values; electrospun fluorinated terpolymer nanofibers with high water, glycerol, and ethylene glycol contact angles",Fluorinated terpolymer electrospun nanofiber mat,polymer,electrospun terpolymer nanofibers containing perfluoroethyl alkyl methacrylate,coating,electrospun terpolymer nanofibers containing perfluoroethyl alkyl methacrylate,electrospun terpolymer nanofibers containing perfluoroethyl alkyl methacrylate,rough,,,,14.14,8.03,6.11,,,,apparent OWRK fit from multi-liquid contact angles on textured/coated repellency surface,inferred_from_contact_angles,water,polar,72.8,21.8,51,21.8,25.5,25.5,0.89,1.85,78.4,standard literature values at approximately 20-25 C unless source reports otherwise,298.15,,1,172,static,sessile_drop,,,1,,,unknown,reserved as hard external high-contact-angle / non-water-rich challenge case,A_high,no,hard_external,,none,2026-05-18,hard_external,SRC002,unique_or_condition_distinct_keep
CA0464,v3.4,verified,literature,Superhydrophobic terpolymer nanofibers containing perfluoroethyl alkyl methacrylate by electrospinning,A. S. Sarac et al.,2012,10.1016/j.apsusc.2012.02.107,https://doi.org/10.1016/j.apsusc.2012.02.107,"Direct values; electrospun fluorinated terpolymer nanofibers with high water, glycerol, and ethylene glycol contact angles",Fluorinated terpolymer electrospun nanofiber mat,polymer,electrospun terpolymer nanofibers containing perfluoroethyl alkyl methacrylate,coating,electrospun terpolymer nanofibers containing perfluoroethyl alkyl methacrylate,electrospun terpolymer nanofibers containing perfluoroethyl alkyl methacrylate,rough,,,,14.14,8.03,6.11,,,,apparent OWRK fit from multi-liquid contact angles on textured/coated repellency surface,inferred_from_contact_angles,glycerol,polar,63.4,37,26.4,37,3.92,57.4,1412,2.68,42.5,standard literature values at approximately 20-25 C unless source reports otherwise,298.15,,1,167,static,sessile_drop,,,1,,,unknown,reserved as hard external high-contact-angle / non-water-rich challenge case,A_high,no,hard_external,,none,2026-05-18,hard_external,SRC002,unique_or_condition_distinct_keep
CA0465,v3.4,verified,literature,Superhydrophobic terpolymer nanofibers containing perfluoroethyl alkyl methacrylate by electrospinning,A. S. Sarac et al.,2012,10.1016/j.apsusc.2012.02.107,https://doi.org/10.1016/j.apsusc.2012.02.107,"Direct values; electrospun fluorinated terpolymer nanofibers with high water, glycerol, and ethylene glycol contact angles",Fluorinated terpolymer electrospun nanofiber mat,polymer,electrospun terpolymer nanofibers containing perfluoroethyl alkyl methacrylate,coating,electrospun terpolymer nanofibers containing perfluoroethyl alkyl methacrylate,electrospun terpolymer nanofibers containing perfluoroethyl alkyl methacrylate,rough,,,,14.14,8.03,6.11,,,,apparent OWRK fit from multi-liquid contact angles on textured/coated repellency surface,inferred_from_contact_angles,ethylene glycol,polar,48,29,19,29,1.92,47,16.1,2.28,37,standard literature values at approximately 20-25 C unless source reports otherwise,298.15,,1,163,static,sessile_drop,,,1,,,unknown,reserved as hard external high-contact-angle / non-water-rich challenge case,A_high,no,hard_external,,none,2026-05-18,hard_external,SRC002,unique_or_condition_distinct_keep
CA0466,v3.4,verified,literature,Superhydrophobic terpolymer nanofibers containing perfluoroethyl alkyl methacrylate by electrospinning,A. S. Sarac et al.,2012,10.1016/j.apsusc.2012.02.107,https://doi.org/10.1016/j.apsusc.2012.02.107,"Direct values; electrospun fluorinated terpolymer nanofibers with high water, glycerol, and ethylene glycol contact angles",Fluorinated terpolymer electrospun nanofiber mat,polymer,electrospun terpolymer nanofibers containing perfluoroethyl alkyl methacrylate,coating,electrospun terpolymer nanofibers containing perfluoroethyl alkyl methacrylate,electrospun terpolymer nanofibers containing perfluoroethyl alkyl methacrylate,rough,,,,14.14,8.03,6.11,,,,apparent OWRK fit from multi-liquid contact angles on textured/coated repellency surface,inferred_from_contact_angles,hexadecane,nonpolar,27.5,27.5,0,27.5,0,0,3,0,2.1,standard literature values at approximately 20-25 C unless source reports otherwise,298.15,,1,70,static,sessile_drop,,,1,,,unknown,reserved as hard external high-contact-angle / non-water-rich challenge case,A_high,no,hard_external,,none,2026-05-18,hard_external,SRC002,unique_or_condition_distinct_keep
CA0467,v3.4,verified,literature,Fabrication of superamphiphobic Cu surfaces using hierarchical surface morphology and fluorocarbon attachment facilitated by plasma activation,Cai et al.,2019,10.1016/j.apsusc.2018.09.052,https://doi.org/10.1016/j.apsusc.2018.09.052,Abstract direct values; paired water and diiodomethane high contact angles on FTS-treated Cu micro-cone arrays,"FTS-treated Cu micro-cone array, 15 min",metal,copper,chemical_deposition_plasma_fluorosilane,"template-free Cu micro-cone arrays, air plasma activation, 15 min FTS treatment",fluorocarbon FTS layer on Cu micro-cone array,rough,,,,0.04,0.04,0,,,,apparent OWRK fit from paired water/diiodomethane contact angles on FTS-treated copper micro-cone arrays; high-angle training patch,inferred_from_contact_angles,water,polar,72.8,21.8,51,21.8,25.5,25.5,0.89,1.85,78.4,standard literature values at approximately 20-25 C unless source reports otherwise,298.15,,1,166.1,static,sessile_drop,,,,,,unknown,selected from high-angle candidate audit because paired water/diiodomethane values allow apparent OWRK feature completion,A_high,yes,internal_pool,,none,2026-05-18,internal_train,SRC003,unique_or_condition_distinct_keep
CA0468,v3.4,verified,literature,Fabrication of superamphiphobic Cu surfaces using hierarchical surface morphology and fluorocarbon attachment facilitated by plasma activation,Cai et al.,2019,10.1016/j.apsusc.2018.09.052,https://doi.org/10.1016/j.apsusc.2018.09.052,Abstract direct values; paired water and diiodomethane high contact angles on FTS-treated Cu micro-cone arrays,"FTS-treated Cu micro-cone array, 15 min",metal,copper,chemical_deposition_plasma_fluorosilane,"template-free Cu micro-cone arrays, air plasma activation, 15 min FTS treatment",fluorocarbon FTS layer on Cu micro-cone array,rough,,,,0.04,0.04,0,,,,apparent OWRK fit from paired water/diiodomethane contact angles on FTS-treated copper micro-cone arrays; high-angle training patch,inferred_from_contact_angles,diiodomethane,nonpolar,50.8,48.5,2.3,48.5,0,0,2.8,1,5.3,standard literature values at approximately 20-25 C unless source reports otherwise,298.15,,1,160.5,static,sessile_drop,,,,,,unknown,selected from high-angle candidate audit because paired water/diiodomethane values allow apparent OWRK feature completion,A_high,yes,internal_pool,,none,2026-05-18,internal_train,SRC003,unique_or_condition_distinct_keep
CA0469,v3.4,verified,literature,Enhancing Coating Adhesion on Fibre-Reinforced Composite by Femtosecond Laser Texturing,Olszewski et al.,2023,10.3390/coatings13050928,https://doi.org/10.3390/coatings13050928,"Table 4 direct values; coated laser-textured CFRP samples after cleaning cycles, measured with water, formamide, and diiodomethane","L1-C coated laser-textured CFRP, cleaning step 0",composite,carbon-fiber-reinforced polymer composite,laser_texturing_and_coating,L1-C femtosecond-laser-textured CFRP with hydrophobic coating after cleaning step 0; Table 4,hydrophobic coating on laser-textured CFRP,rough_coated,,,,0.59,0.52,0.07,,,,apparent OWRK features recalculated from same-source multi-liquid contact angles for v3.4 source-disjoint external; not an independent surface-energy measurement,inferred_from_contact_angles,water,polar,72.8,21.8,51,21.8,25.5,25.5,0.89,1.85,78.4,standard literature values at approximately 20-25 C unless source reports otherwise,298.15,,1,165,static,sessile_drop,,,1.8,,,unknown,L1-C femtosecond-laser-textured CFRP with hydrophobic coating after cleaning step 0; Table 4,A_high,no,source_disjoint_external,,none,2026-05-18,source_disjoint_external,SDX004,unique_or_condition_distinct_keep
CA0470,v3.4,verified,literature,Enhancing Coating Adhesion on Fibre-Reinforced Composite by Femtosecond Laser Texturing,Olszewski et al.,2023,10.3390/coatings13050928,https://doi.org/10.3390/coatings13050928,"Table 4 direct values; coated laser-textured CFRP samples after cleaning cycles, measured with water, formamide, and diiodomethane","L1-C coated laser-textured CFRP, cleaning step 0",composite,carbon-fiber-reinforced polymer composite,laser_texturing_and_coating,L1-C femtosecond-laser-textured CFRP with hydrophobic coating after cleaning step 0; Table 4,hydrophobic coating on laser-textured CFRP,rough_coated,,,,0.59,0.52,0.07,,,,apparent OWRK features recalculated from same-source multi-liquid contact angles for v3.4 source-disjoint external; not an independent surface-energy measurement,inferred_from_contact_angles,formamide,polar,58,39,19,39,2.28,39.6,3.3,3.73,111,standard literature values at approximately 20-25 C unless source reports otherwise,298.15,,1,150,static,sessile_drop,,,4.3,,,unknown,L1-C femtosecond-laser-textured CFRP with hydrophobic coating after cleaning step 0; Table 4,A_high,no,source_disjoint_external,,none,2026-05-18,source_disjoint_external,SDX004,unique_or_condition_distinct_keep
CA0471,v3.4,verified,literature,Enhancing Coating Adhesion on Fibre-Reinforced Composite by Femtosecond Laser Texturing,Olszewski et al.,2023,10.3390/coatings13050928,https://doi.org/10.3390/coatings13050928,"Table 4 direct values; coated laser-textured CFRP samples after cleaning cycles, measured with water, formamide, and diiodomethane","L1-C coated laser-textured CFRP, cleaning step 0",composite,carbon-fiber-reinforced polymer composite,laser_texturing_and_coating,L1-C femtosecond-laser-textured CFRP with hydrophobic coating after cleaning step 0; Table 4,hydrophobic coating on laser-textured CFRP,rough_coated,,,,0.59,0.52,0.07,,,,apparent OWRK features recalculated from same-source multi-liquid contact angles for v3.4 source-disjoint external; not an independent surface-energy measurement,inferred_from_contact_angles,diiodomethane,nonpolar,50.8,48.5,2.3,48.5,0,0,2.8,1,5.3,standard literature values at approximately 20-25 C unless source reports otherwise,298.15,,1,146,static,sessile_drop,,,2.4,,,unknown,L1-C femtosecond-laser-textured CFRP with hydrophobic coating after cleaning step 0; Table 4,A_high,no,source_disjoint_external,,none,2026-05-18,source_disjoint_external,SDX004,unique_or_condition_distinct_keep
CA0472,v3.4,verified,literature,Enhancing Coating Adhesion on Fibre-Reinforced Composite by Femtosecond Laser Texturing,Olszewski et al.,2023,10.3390/coatings13050928,https://doi.org/10.3390/coatings13050928,"Table 4 direct values; coated laser-textured CFRP samples after cleaning cycles, measured with water, formamide, and diiodomethane","L1-C coated laser-textured CFRP, cleaning step 1",composite,carbon-fiber-reinforced polymer composite,laser_texturing_and_coating,L1-C femtosecond-laser-textured CFRP with hydrophobic coating after cleaning step 1; Table 4,hydrophobic coating on laser-textured CFRP,rough_coated,,,,2.74,2.09,0.65,,,,apparent OWRK features recalculated from same-source multi-liquid contact angles for v3.4 source-disjoint external; not an independent surface-energy measurement,inferred_from_contact_angles,water,polar,72.8,21.8,51,21.8,25.5,25.5,0.89,1.85,78.4,standard literature values at approximately 20-25 C unless source reports otherwise,298.15,,1,162,static,sessile_drop,,,2.3,,,unknown,L1-C femtosecond-laser-textured CFRP with hydrophobic coating after cleaning step 1; Table 4,A_high,no,source_disjoint_external,,none,2026-05-18,source_disjoint_external,SDX004,unique_or_condition_distinct_keep
CA0473,v3.4,verified,literature,Enhancing Coating Adhesion on Fibre-Reinforced Composite by Femtosecond Laser Texturing,Olszewski et al.,2023,10.3390/coatings13050928,https://doi.org/10.3390/coatings13050928,"Table 4 direct values; coated laser-textured CFRP samples after cleaning cycles, measured with water, formamide, and diiodomethane","L1-C coated laser-textured CFRP, cleaning step 1",composite,carbon-fiber-reinforced polymer composite,laser_texturing_and_coating,L1-C femtosecond-laser-textured CFRP with hydrophobic coating after cleaning step 1; Table 4,hydrophobic coating on laser-textured CFRP,rough_coated,,,,2.74,2.09,0.65,,,,apparent OWRK features recalculated from same-source multi-liquid contact angles for v3.4 source-disjoint external; not an independent surface-energy measurement,inferred_from_contact_angles,formamide,polar,58,39,19,39,2.28,39.6,3.3,3.73,111,standard literature values at approximately 20-25 C unless source reports otherwise,298.15,,1,150,static,sessile_drop,,,4.3,,,unknown,L1-C femtosecond-laser-textured CFRP with hydrophobic coating after cleaning step 1; Table 4,A_high,no,source_disjoint_external,,none,2026-05-18,source_disjoint_external,SDX004,unique_or_condition_distinct_keep
CA0474,v3.4,verified,literature,Enhancing Coating Adhesion on Fibre-Reinforced Composite by Femtosecond Laser Texturing,Olszewski et al.,2023,10.3390/coatings13050928,https://doi.org/10.3390/coatings13050928,"Table 4 direct values; coated laser-textured CFRP samples after cleaning cycles, measured with water, formamide, and diiodomethane","L1-C coated laser-textured CFRP, cleaning step 1",composite,carbon-fiber-reinforced polymer composite,laser_texturing_and_coating,L1-C femtosecond-laser-textured CFRP with hydrophobic coating after cleaning step 1; Table 4,hydrophobic coating on laser-textured CFRP,rough_coated,,,,2.74,2.09,0.65,,,,apparent OWRK features recalculated from same-source multi-liquid contact angles for v3.4 source-disjoint external; not an independent surface-energy measurement,inferred_from_contact_angles,diiodomethane,nonpolar,50.8,48.5,2.3,48.5,0,0,2.8,1,5.3,standard literature values at approximately 20-25 C unless source reports otherwise,298.15,,1,128,static,sessile_drop,,,4.6,,,unknown,L1-C femtosecond-laser-textured CFRP with hydrophobic coating after cleaning step 1; Table 4,A_high,no,source_disjoint_external,,none,2026-05-18,source_disjoint_external,SDX004,unique_or_condition_distinct_keep
CA0475,v3.4,verified,literature,Enhancing Coating Adhesion on Fibre-Reinforced Composite by Femtosecond Laser Texturing,Olszewski et al.,2023,10.3390/coatings13050928,https://doi.org/10.3390/coatings13050928,"Table 4 direct values; coated laser-textured CFRP samples after cleaning cycles, measured with water, formamide, and diiodomethane","L1-C coated laser-textured CFRP, cleaning step 2",composite,carbon-fiber-reinforced polymer composite,laser_texturing_and_coating,L1-C femtosecond-laser-textured CFRP with hydrophobic coating after cleaning step 2; Table 4,hydrophobic coating on laser-textured CFRP,rough_coated,,,,14.3,11.46,2.84,,,,apparent OWRK features recalculated from same-source multi-liquid contact angles for v3.4 source-disjoint external; not an independent surface-energy measurement,inferred_from_contact_angles,water,polar,72.8,21.8,51,21.8,25.5,25.5,0.89,1.85,78.4,standard literature values at approximately 20-25 C unless source reports otherwise,298.15,,1,150,static,sessile_drop,,,8.9,,,unknown,L1-C femtosecond-laser-textured CFRP with hydrophobic coating after cleaning step 2; Table 4,A_high,no,source_disjoint_external,,none,2026-05-18,source_disjoint_external,SDX004,unique_or_condition_distinct_keep
CA0476,v3.4,verified,literature,Enhancing Coating Adhesion on Fibre-Reinforced Composite by Femtosecond Laser Texturing,Olszewski et al.,2023,10.3390/coatings13050928,https://doi.org/10.3390/coatings13050928,"Table 4 direct values; coated laser-textured CFRP samples after cleaning cycles, measured with water, formamide, and diiodomethane","L1-C coated laser-textured CFRP, cleaning step 2",composite,carbon-fiber-reinforced polymer composite,laser_texturing_and_coating,L1-C femtosecond-laser-textured CFRP with hydrophobic coating after cleaning step 2; Table 4,hydrophobic coating on laser-textured CFRP,rough_coated,,,,14.3,11.46,2.84,,,,apparent OWRK features recalculated from same-source multi-liquid contact angles for v3.4 source-disjoint external; not an independent surface-energy measurement,inferred_from_contact_angles,formamide,polar,58,39,19,39,2.28,39.6,3.3,3.73,111,standard literature values at approximately 20-25 C unless source reports otherwise,298.15,,1,127,static,sessile_drop,,,3.8,,,unknown,L1-C femtosecond-laser-textured CFRP with hydrophobic coating after cleaning step 2; Table 4,A_high,no,source_disjoint_external,,none,2026-05-18,source_disjoint_external,SDX004,unique_or_condition_distinct_keep
CA0477,v3.4,verified,literature,Enhancing Coating Adhesion on Fibre-Reinforced Composite by Femtosecond Laser Texturing,Olszewski et al.,2023,10.3390/coatings13050928,https://doi.org/10.3390/coatings13050928,"Table 4 direct values; coated laser-textured CFRP samples after cleaning cycles, measured with water, formamide, and diiodomethane","L1-C coated laser-textured CFRP, cleaning step 2",composite,carbon-fiber-reinforced polymer composite,laser_texturing_and_coating,L1-C femtosecond-laser-textured CFRP with hydrophobic coating after cleaning step 2; Table 4,hydrophobic coating on laser-textured CFRP,rough_coated,,,,14.3,11.46,2.84,,,,apparent OWRK features recalculated from same-source multi-liquid contact angles for v3.4 source-disjoint external; not an independent surface-energy measurement,inferred_from_contact_angles,diiodomethane,nonpolar,50.8,48.5,2.3,48.5,0,0,2.8,1,5.3,standard literature values at approximately 20-25 C unless source reports otherwise,298.15,,1,97,static,sessile_drop,,,2.8,,,unknown,L1-C femtosecond-laser-textured CFRP with hydrophobic coating after cleaning step 2; Table 4,A_high,no,source_disjoint_external,,none,2026-05-18,source_disjoint_external,SDX004,unique_or_condition_distinct_keep
CA0478,v3.4,verified,literature,Enhancing Coating Adhesion on Fibre-Reinforced Composite by Femtosecond Laser Texturing,Olszewski et al.,2023,10.3390/coatings13050928,https://doi.org/10.3390/coatings13050928,"Table 4 direct values; coated laser-textured CFRP samples after cleaning cycles, measured with water, formamide, and diiodomethane","L1-C coated laser-textured CFRP, cleaning step 5",composite,carbon-fiber-reinforced polymer composite,laser_texturing_and_coating,L1-C femtosecond-laser-textured CFRP with hydrophobic coating after cleaning step 5; Table 4,hydrophobic coating on laser-textured CFRP,rough_coated,,,,11.08,10.84,0.24,,,,apparent OWRK features recalculated from same-source multi-liquid contact angles for v3.4 source-disjoint external; not an independent surface-energy measurement,inferred_from_contact_angles,water,polar,72.8,21.8,51,21.8,25.5,25.5,0.89,1.85,78.4,standard literature values at approximately 20-25 C unless source reports otherwise,298.15,,1,126,static,sessile_drop,,,7.8,,,unknown,L1-C femtosecond-laser-textured CFRP with hydrophobic coating after cleaning step 5; Table 4,A_high,no,source_disjoint_external,,none,2026-05-18,source_disjoint_external,SDX004,unique_or_condition_distinct_keep
CA0479,v3.4,verified,literature,Enhancing Coating Adhesion on Fibre-Reinforced Composite by Femtosecond Laser Texturing,Olszewski et al.,2023,10.3390/coatings13050928,https://doi.org/10.3390/coatings13050928,"Table 4 direct values; coated laser-textured CFRP samples after cleaning cycles, measured with water, formamide, and diiodomethane","L1-C coated laser-textured CFRP, cleaning step 5",composite,carbon-fiber-reinforced polymer composite,laser_texturing_and_coating,L1-C femtosecond-laser-textured CFRP with hydrophobic coating after cleaning step 5; Table 4,hydrophobic coating on laser-textured CFRP,rough_coated,,,,11.08,10.84,0.24,,,,apparent OWRK features recalculated from same-source multi-liquid contact angles for v3.4 source-disjoint external; not an independent surface-energy measurement,inferred_from_contact_angles,formamide,polar,58,39,19,39,2.28,39.6,3.3,3.73,111,standard literature values at approximately 20-25 C unless source reports otherwise,298.15,,1,126,static,sessile_drop,,,5,,,unknown,L1-C femtosecond-laser-textured CFRP with hydrophobic coating after cleaning step 5; Table 4,A_high,no,source_disjoint_external,,none,2026-05-18,source_disjoint_external,SDX004,unique_or_condition_distinct_keep
CA0480,v3.4,verified,literature,Enhancing Coating Adhesion on Fibre-Reinforced Composite by Femtosecond Laser Texturing,Olszewski et al.,2023,10.3390/coatings13050928,https://doi.org/10.3390/coatings13050928,"Table 4 direct values; coated laser-textured CFRP samples after cleaning cycles, measured with water, formamide, and diiodomethane","L1-C coated laser-textured CFRP, cleaning step 5",composite,carbon-fiber-reinforced polymer composite,laser_texturing_and_coating,L1-C femtosecond-laser-textured CFRP with hydrophobic coating after cleaning step 5; Table 4,hydrophobic coating on laser-textured CFRP,rough_coated,,,,11.08,10.84,0.24,,,,apparent OWRK features recalculated from same-source multi-liquid contact angles for v3.4 source-disjoint external; not an independent surface-energy measurement,inferred_from_contact_angles,diiodomethane,nonpolar,50.8,48.5,2.3,48.5,0,0,2.8,1,5.3,standard literature values at approximately 20-25 C unless source reports otherwise,298.15,,1,89,static,sessile_drop,,,3.2,,,unknown,L1-C femtosecond-laser-textured CFRP with hydrophobic coating after cleaning step 5; Table 4,A_high,no,source_disjoint_external,,none,2026-05-18,source_disjoint_external,SDX004,unique_or_condition_distinct_keep
CA0481,v3.4,verified,literature,Enhancing Coating Adhesion on Fibre-Reinforced Composite by Femtosecond Laser Texturing,Olszewski et al.,2023,10.3390/coatings13050928,https://doi.org/10.3390/coatings13050928,"Table 4 direct values; coated laser-textured CFRP samples after cleaning cycles, measured with water, formamide, and diiodomethane","L2-C coated laser-textured CFRP, cleaning step 0",composite,carbon-fiber-reinforced polymer composite,laser_texturing_and_coating,L2-C femtosecond-laser-textured CFRP with hydrophobic coating after cleaning step 0; Table 4,hydrophobic coating on laser-textured CFRP,rough_coated,,,,1.62,1.43,0.19,,,,apparent OWRK features recalculated from same-source multi-liquid contact angles for v3.4 source-disjoint external; not an independent surface-energy measurement,inferred_from_contact_angles,water,polar,72.8,21.8,51,21.8,25.5,25.5,0.89,1.85,78.4,standard literature values at approximately 20-25 C unless source reports otherwise,298.15,,1,161,static,sessile_drop,,,1.6,,,unknown,L2-C femtosecond-laser-textured CFRP with hydrophobic coating after cleaning step 0; Table 4,A_high,no,source_disjoint_external,,none,2026-05-18,source_disjoint_external,SDX004,unique_or_condition_distinct_keep
CA0482,v3.4,verified,literature,Enhancing Coating Adhesion on Fibre-Reinforced Composite by Femtosecond Laser Texturing,Olszewski et al.,2023,10.3390/coatings13050928,https://doi.org/10.3390/coatings13050928,"Table 4 direct values; coated laser-textured CFRP samples after cleaning cycles, measured with water, formamide, and diiodomethane","L2-C coated laser-textured CFRP, cleaning step 0",composite,carbon-fiber-reinforced polymer composite,laser_texturing_and_coating,L2-C femtosecond-laser-textured CFRP with hydrophobic coating after cleaning step 0; Table 4,hydrophobic coating on laser-textured CFRP,rough_coated,,,,1.62,1.43,0.19,,,,apparent OWRK features recalculated from same-source multi-liquid contact angles for v3.4 source-disjoint external; not an independent surface-energy measurement,inferred_from_contact_angles,formamide,polar,58,39,19,39,2.28,39.6,3.3,3.73,111,standard literature values at approximately 20-25 C unless source reports otherwise,298.15,,1,141,static,sessile_drop,,,2.3,,,unknown,L2-C femtosecond-laser-textured CFRP with hydrophobic coating after cleaning step 0; Table 4,A_high,no,source_disjoint_external,,none,2026-05-18,source_disjoint_external,SDX004,unique_or_condition_distinct_keep
CA0483,v3.4,verified,literature,Enhancing Coating Adhesion on Fibre-Reinforced Composite by Femtosecond Laser Texturing,Olszewski et al.,2023,10.3390/coatings13050928,https://doi.org/10.3390/coatings13050928,"Table 4 direct values; coated laser-textured CFRP samples after cleaning cycles, measured with water, formamide, and diiodomethane","L2-C coated laser-textured CFRP, cleaning step 0",composite,carbon-fiber-reinforced polymer composite,laser_texturing_and_coating,L2-C femtosecond-laser-textured CFRP with hydrophobic coating after cleaning step 0; Table 4,hydrophobic coating on laser-textured CFRP,rough_coated,,,,1.62,1.43,0.19,,,,apparent OWRK features recalculated from same-source multi-liquid contact angles for v3.4 source-disjoint external; not an independent surface-energy measurement,inferred_from_contact_angles,diiodomethane,nonpolar,50.8,48.5,2.3,48.5,0,0,2.8,1,5.3,standard literature values at approximately 20-25 C unless source reports otherwise,298.15,,1,136,static,sessile_drop,,,3.4,,,unknown,L2-C femtosecond-laser-textured CFRP with hydrophobic coating after cleaning step 0; Table 4,A_high,no,source_disjoint_external,,none,2026-05-18,source_disjoint_external,SDX004,unique_or_condition_distinct_keep
CA0484,v3.4,verified,literature,Enhancing Coating Adhesion on Fibre-Reinforced Composite by Femtosecond Laser Texturing,Olszewski et al.,2023,10.3390/coatings13050928,https://doi.org/10.3390/coatings13050928,"Table 4 direct values; coated laser-textured CFRP samples after cleaning cycles, measured with water, formamide, and diiodomethane","L2-C coated laser-textured CFRP, cleaning step 1",composite,carbon-fiber-reinforced polymer composite,laser_texturing_and_coating,L2-C femtosecond-laser-textured CFRP with hydrophobic coating after cleaning step 1; Table 4,hydrophobic coating on laser-textured CFRP,rough_coated,,,,4.73,4.1,0.63,,,,apparent OWRK features recalculated from same-source multi-liquid contact angles for v3.4 source-disjoint external; not an independent surface-energy measurement,inferred_from_contact_angles,water,polar,72.8,21.8,51,21.8,25.5,25.5,0.89,1.85,78.4,standard literature values at approximately 20-25 C unless source reports otherwise,298.15,,1,158,static,sessile_drop,,,2.2,,,unknown,L2-C femtosecond-laser-textured CFRP with hydrophobic coating after cleaning step 1; Table 4,A_high,no,source_disjoint_external,,none,2026-05-18,source_disjoint_external,SDX004,unique_or_condition_distinct_keep
CA0485,v3.4,verified,literature,Enhancing Coating Adhesion on Fibre-Reinforced Composite by Femtosecond Laser Texturing,Olszewski et al.,2023,10.3390/coatings13050928,https://doi.org/10.3390/coatings13050928,"Table 4 direct values; coated laser-textured CFRP samples after cleaning cycles, measured with water, formamide, and diiodomethane","L2-C coated laser-textured CFRP, cleaning step 1",composite,carbon-fiber-reinforced polymer composite,laser_texturing_and_coating,L2-C femtosecond-laser-textured CFRP with hydrophobic coating after cleaning step 1; Table 4,hydrophobic coating on laser-textured CFRP,rough_coated,,,,4.73,4.1,0.63,,,,apparent OWRK features recalculated from same-source multi-liquid contact angles for v3.4 source-disjoint external; not an independent surface-energy measurement,inferred_from_contact_angles,formamide,polar,58,39,19,39,2.28,39.6,3.3,3.73,111,standard literature values at approximately 20-25 C unless source reports otherwise,298.15,,1,127,static,sessile_drop,,,3.8,,,unknown,L2-C femtosecond-laser-textured CFRP with hydrophobic coating after cleaning step 1; Table 4,A_high,no,source_disjoint_external,,none,2026-05-18,source_disjoint_external,SDX004,unique_or_condition_distinct_keep
CA0486,v3.4,verified,literature,Enhancing Coating Adhesion on Fibre-Reinforced Composite by Femtosecond Laser Texturing,Olszewski et al.,2023,10.3390/coatings13050928,https://doi.org/10.3390/coatings13050928,"Table 4 direct values; coated laser-textured CFRP samples after cleaning cycles, measured with water, formamide, and diiodomethane","L2-C coated laser-textured CFRP, cleaning step 1",composite,carbon-fiber-reinforced polymer composite,laser_texturing_and_coating,L2-C femtosecond-laser-textured CFRP with hydrophobic coating after cleaning step 1; Table 4,hydrophobic coating on laser-textured CFRP,rough_coated,,,,4.73,4.1,0.63,,,,apparent OWRK features recalculated from same-source multi-liquid contact angles for v3.4 source-disjoint external; not an independent surface-energy measurement,inferred_from_contact_angles,diiodomethane,nonpolar,50.8,48.5,2.3,48.5,0,0,2.8,1,5.3,standard literature values at approximately 20-25 C unless source reports otherwise,298.15,,1,123,static,sessile_drop,,,4.2,,,unknown,L2-C femtosecond-laser-textured CFRP with hydrophobic coating after cleaning step 1; Table 4,A_high,no,source_disjoint_external,,none,2026-05-18,source_disjoint_external,SDX004,unique_or_condition_distinct_keep
CA0487,v3.4,verified,literature,Enhancing Coating Adhesion on Fibre-Reinforced Composite by Femtosecond Laser Texturing,Olszewski et al.,2023,10.3390/coatings13050928,https://doi.org/10.3390/coatings13050928,"Table 4 direct values; coated laser-textured CFRP samples after cleaning cycles, measured with water, formamide, and diiodomethane","L2-C coated laser-textured CFRP, cleaning step 2",composite,carbon-fiber-reinforced polymer composite,laser_texturing_and_coating,L2-C femtosecond-laser-textured CFRP with hydrophobic coating after cleaning step 2; Table 4,hydrophobic coating on laser-textured CFRP,rough_coated,,,,4.21,3.87,0.35,,,,apparent OWRK features recalculated from same-source multi-liquid contact angles for v3.4 source-disjoint external; not an independent surface-energy measurement,inferred_from_contact_angles,water,polar,72.8,21.8,51,21.8,25.5,25.5,0.89,1.85,78.4,standard literature values at approximately 20-25 C unless source reports otherwise,298.15,,1,146,static,sessile_drop,,,6.4,,,unknown,L2-C femtosecond-laser-textured CFRP with hydrophobic coating after cleaning step 2; Table 4,A_high,no,source_disjoint_external,,none,2026-05-18,source_disjoint_external,SDX004,unique_or_condition_distinct_keep
CA0488,v3.4,verified,literature,Enhancing Coating Adhesion on Fibre-Reinforced Composite by Femtosecond Laser Texturing,Olszewski et al.,2023,10.3390/coatings13050928,https://doi.org/10.3390/coatings13050928,"Table 4 direct values; coated laser-textured CFRP samples after cleaning cycles, measured with water, formamide, and diiodomethane","L2-C coated laser-textured CFRP, cleaning step 2",composite,carbon-fiber-reinforced polymer composite,laser_texturing_and_coating,L2-C femtosecond-laser-textured CFRP with hydrophobic coating after cleaning step 2; Table 4,hydrophobic coating on laser-textured CFRP,rough_coated,,,,4.21,3.87,0.35,,,,apparent OWRK features recalculated from same-source multi-liquid contact angles for v3.4 source-disjoint external; not an independent surface-energy measurement,inferred_from_contact_angles,formamide,polar,58,39,19,39,2.28,39.6,3.3,3.73,111,standard literature values at approximately 20-25 C unless source reports otherwise,298.15,,1,139,static,sessile_drop,,,4,,,unknown,L2-C femtosecond-laser-textured CFRP with hydrophobic coating after cleaning step 2; Table 4,A_high,no,source_disjoint_external,,none,2026-05-18,source_disjoint_external,SDX004,unique_or_condition_distinct_keep
CA0489,v3.4,verified,literature,Enhancing Coating Adhesion on Fibre-Reinforced Composite by Femtosecond Laser Texturing,Olszewski et al.,2023,10.3390/coatings13050928,https://doi.org/10.3390/coatings13050928,"Table 4 direct values; coated laser-textured CFRP samples after cleaning cycles, measured with water, formamide, and diiodomethane","L2-C coated laser-textured CFRP, cleaning step 2",composite,carbon-fiber-reinforced polymer composite,laser_texturing_and_coating,L2-C femtosecond-laser-textured CFRP with hydrophobic coating after cleaning step 2; Table 4,hydrophobic coating on laser-textured CFRP,rough_coated,,,,4.21,3.87,0.35,,,,apparent OWRK features recalculated from same-source multi-liquid contact angles for v3.4 source-disjoint external; not an independent surface-energy measurement,inferred_from_contact_angles,diiodomethane,nonpolar,50.8,48.5,2.3,48.5,0,0,2.8,1,5.3,standard literature values at approximately 20-25 C unless source reports otherwise,298.15,,1,116,static,sessile_drop,,,3.7,,,unknown,L2-C femtosecond-laser-textured CFRP with hydrophobic coating after cleaning step 2; Table 4,A_high,no,source_disjoint_external,,none,2026-05-18,source_disjoint_external,SDX004,unique_or_condition_distinct_keep
CA0490,v3.4,verified,literature,Enhancing Coating Adhesion on Fibre-Reinforced Composite by Femtosecond Laser Texturing,Olszewski et al.,2023,10.3390/coatings13050928,https://doi.org/10.3390/coatings13050928,"Table 4 direct values; coated laser-textured CFRP samples after cleaning cycles, measured with water, formamide, and diiodomethane","L2-C coated laser-textured CFRP, cleaning step 5",composite,carbon-fiber-reinforced polymer composite,laser_texturing_and_coating,L2-C femtosecond-laser-textured CFRP with hydrophobic coating after cleaning step 5; Table 4,hydrophobic coating on laser-textured CFRP,rough_coated,,,,5.41,5.23,0.19,,,,apparent OWRK features recalculated from same-source multi-liquid contact angles for v3.4 source-disjoint external; not an independent surface-energy measurement,inferred_from_contact_angles,water,polar,72.8,21.8,51,21.8,25.5,25.5,0.89,1.85,78.4,standard literature values at approximately 20-25 C unless source reports otherwise,298.15,,1,135,static,sessile_drop,,,6.3,,,unknown,L2-C femtosecond-laser-textured CFRP with hydrophobic coating after cleaning step 5; Table 4,A_high,no,source_disjoint_external,,none,2026-05-18,source_disjoint_external,SDX004,unique_or_condition_distinct_keep
CA0491,v3.4,verified,literature,Enhancing Coating Adhesion on Fibre-Reinforced Composite by Femtosecond Laser Texturing,Olszewski et al.,2023,10.3390/coatings13050928,https://doi.org/10.3390/coatings13050928,"Table 4 direct values; coated laser-textured CFRP samples after cleaning cycles, measured with water, formamide, and diiodomethane","L2-C coated laser-textured CFRP, cleaning step 5",composite,carbon-fiber-reinforced polymer composite,laser_texturing_and_coating,L2-C femtosecond-laser-textured CFRP with hydrophobic coating after cleaning step 5; Table 4,hydrophobic coating on laser-textured CFRP,rough_coated,,,,5.41,5.23,0.19,,,,apparent OWRK features recalculated from same-source multi-liquid contact angles for v3.4 source-disjoint external; not an independent surface-energy measurement,inferred_from_contact_angles,formamide,polar,58,39,19,39,2.28,39.6,3.3,3.73,111,standard literature values at approximately 20-25 C unless source reports otherwise,298.15,,1,142,static,sessile_drop,,,3.6,,,unknown,L2-C femtosecond-laser-textured CFRP with hydrophobic coating after cleaning step 5; Table 4,A_high,no,source_disjoint_external,,none,2026-05-18,source_disjoint_external,SDX004,unique_or_condition_distinct_keep
CA0492,v3.4,verified,literature,Enhancing Coating Adhesion on Fibre-Reinforced Composite by Femtosecond Laser Texturing,Olszewski et al.,2023,10.3390/coatings13050928,https://doi.org/10.3390/coatings13050928,"Table 4 direct values; coated laser-textured CFRP samples after cleaning cycles, measured with water, formamide, and diiodomethane","L2-C coated laser-textured CFRP, cleaning step 5",composite,carbon-fiber-reinforced polymer composite,laser_texturing_and_coating,L2-C femtosecond-laser-textured CFRP with hydrophobic coating after cleaning step 5; Table 4,hydrophobic coating on laser-textured CFRP,rough_coated,,,,5.41,5.23,0.19,,,,apparent OWRK features recalculated from same-source multi-liquid contact angles for v3.4 source-disjoint external; not an independent surface-energy measurement,inferred_from_contact_angles,diiodomethane,nonpolar,50.8,48.5,2.3,48.5,0,0,2.8,1,5.3,standard literature values at approximately 20-25 C unless source reports otherwise,298.15,,1,105,static,sessile_drop,,,5,,,unknown,L2-C femtosecond-laser-textured CFRP with hydrophobic coating after cleaning step 5; Table 4,A_high,no,source_disjoint_external,,none,2026-05-18,source_disjoint_external,SDX004,unique_or_condition_distinct_keep
CA0493,v3.4,verified,literature,Enhancing Coating Adhesion on Fibre-Reinforced Composite by Femtosecond Laser Texturing,Olszewski et al.,2023,10.3390/coatings13050928,https://doi.org/10.3390/coatings13050928,"Table 4 direct values; coated laser-textured CFRP samples after cleaning cycles, measured with water, formamide, and diiodomethane","L3-C coated laser-textured CFRP, cleaning step 0",composite,carbon-fiber-reinforced polymer composite,laser_texturing_and_coating,L3-C femtosecond-laser-textured CFRP with hydrophobic coating after cleaning step 0; Table 4,hydrophobic coating on laser-textured CFRP,rough_coated,,,,0.75,0.74,0.01,,,,apparent OWRK features recalculated from same-source multi-liquid contact angles for v3.4 source-disjoint external; not an independent surface-energy measurement,inferred_from_contact_angles,water,polar,72.8,21.8,51,21.8,25.5,25.5,0.89,1.85,78.4,standard literature values at approximately 20-25 C unless source reports otherwise,298.15,,1,156,static,sessile_drop,,,1.9,,,unknown,L3-C femtosecond-laser-textured CFRP with hydrophobic coating after cleaning step 0; Table 4,A_high,no,source_disjoint_external,,none,2026-05-18,source_disjoint_external,SDX004,unique_or_condition_distinct_keep
CA0494,v3.4,verified,literature,Enhancing Coating Adhesion on Fibre-Reinforced Composite by Femtosecond Laser Texturing,Olszewski et al.,2023,10.3390/coatings13050928,https://doi.org/10.3390/coatings13050928,"Table 4 direct values; coated laser-textured CFRP samples after cleaning cycles, measured with water, formamide, and diiodomethane","L3-C coated laser-textured CFRP, cleaning step 0",composite,carbon-fiber-reinforced polymer composite,laser_texturing_and_coating,L3-C femtosecond-laser-textured CFRP with hydrophobic coating after cleaning step 0; Table 4,hydrophobic coating on laser-textured CFRP,rough_coated,,,,0.75,0.74,0.01,,,,apparent OWRK features recalculated from same-source multi-liquid contact angles for v3.4 source-disjoint external; not an independent surface-energy measurement,inferred_from_contact_angles,formamide,polar,58,39,19,39,2.28,39.6,3.3,3.73,111,standard literature values at approximately 20-25 C unless source reports otherwise,298.15,,1,145,static,sessile_drop,,,1.7,,,unknown,L3-C femtosecond-laser-textured CFRP with hydrophobic coating after cleaning step 0; Table 4,A_high,no,source_disjoint_external,,none,2026-05-18,source_disjoint_external,SDX004,unique_or_condition_distinct_keep
CA0495,v3.4,verified,literature,Enhancing Coating Adhesion on Fibre-Reinforced Composite by Femtosecond Laser Texturing,Olszewski et al.,2023,10.3390/coatings13050928,https://doi.org/10.3390/coatings13050928,"Table 4 direct values; coated laser-textured CFRP samples after cleaning cycles, measured with water, formamide, and diiodomethane","L3-C coated laser-textured CFRP, cleaning step 0",composite,carbon-fiber-reinforced polymer composite,laser_texturing_and_coating,L3-C femtosecond-laser-textured CFRP with hydrophobic coating after cleaning step 0; Table 4,hydrophobic coating on laser-textured CFRP,rough_coated,,,,0.75,0.74,0.01,,,,apparent OWRK features recalculated from same-source multi-liquid contact angles for v3.4 source-disjoint external; not an independent surface-energy measurement,inferred_from_contact_angles,diiodomethane,nonpolar,50.8,48.5,2.3,48.5,0,0,2.8,1,5.3,standard literature values at approximately 20-25 C unless source reports otherwise,298.15,,1,141,static,sessile_drop,,,3.2,,,unknown,L3-C femtosecond-laser-textured CFRP with hydrophobic coating after cleaning step 0; Table 4,A_high,no,source_disjoint_external,,none,2026-05-18,source_disjoint_external,SDX004,unique_or_condition_distinct_keep
CA0496,v3.4,verified,literature,Enhancing Coating Adhesion on Fibre-Reinforced Composite by Femtosecond Laser Texturing,Olszewski et al.,2023,10.3390/coatings13050928,https://doi.org/10.3390/coatings13050928,"Table 4 direct values; coated laser-textured CFRP samples after cleaning cycles, measured with water, formamide, and diiodomethane","L3-C coated laser-textured CFRP, cleaning step 1",composite,carbon-fiber-reinforced polymer composite,laser_texturing_and_coating,L3-C femtosecond-laser-textured CFRP with hydrophobic coating after cleaning step 1; Table 4,hydrophobic coating on laser-textured CFRP,rough_coated,,,,0.92,0.9,0.02,,,,apparent OWRK features recalculated from same-source multi-liquid contact angles for v3.4 source-disjoint external; not an independent surface-energy measurement,inferred_from_contact_angles,water,polar,72.8,21.8,51,21.8,25.5,25.5,0.89,1.85,78.4,standard literature values at approximately 20-25 C unless source reports otherwise,298.15,,1,153,static,sessile_drop,,,2.2,,,unknown,L3-C femtosecond-laser-textured CFRP with hydrophobic coating after cleaning step 1; Table 4,A_high,no,source_disjoint_external,,none,2026-05-18,source_disjoint_external,SDX004,unique_or_condition_distinct_keep
CA0497,v3.4,verified,literature,Enhancing Coating Adhesion on Fibre-Reinforced Composite by Femtosecond Laser Texturing,Olszewski et al.,2023,10.3390/coatings13050928,https://doi.org/10.3390/coatings13050928,"Table 4 direct values; coated laser-textured CFRP samples after cleaning cycles, measured with water, formamide, and diiodomethane","L3-C coated laser-textured CFRP, cleaning step 1",composite,carbon-fiber-reinforced polymer composite,laser_texturing_and_coating,L3-C femtosecond-laser-textured CFRP with hydrophobic coating after cleaning step 1; Table 4,hydrophobic coating on laser-textured CFRP,rough_coated,,,,0.92,0.9,0.02,,,,apparent OWRK features recalculated from same-source multi-liquid contact angles for v3.4 source-disjoint external; not an independent surface-energy measurement,inferred_from_contact_angles,formamide,polar,58,39,19,39,2.28,39.6,3.3,3.73,111,standard literature values at approximately 20-25 C unless source reports otherwise,298.15,,1,150,static,sessile_drop,,,2.1,,,unknown,L3-C femtosecond-laser-textured CFRP with hydrophobic coating after cleaning step 1; Table 4,A_high,no,source_disjoint_external,,none,2026-05-18,source_disjoint_external,SDX004,unique_or_condition_distinct_keep
CA0498,v3.4,verified,literature,Enhancing Coating Adhesion on Fibre-Reinforced Composite by Femtosecond Laser Texturing,Olszewski et al.,2023,10.3390/coatings13050928,https://doi.org/10.3390/coatings13050928,"Table 4 direct values; coated laser-textured CFRP samples after cleaning cycles, measured with water, formamide, and diiodomethane","L3-C coated laser-textured CFRP, cleaning step 1",composite,carbon-fiber-reinforced polymer composite,laser_texturing_and_coating,L3-C femtosecond-laser-textured CFRP with hydrophobic coating after cleaning step 1; Table 4,hydrophobic coating on laser-textured CFRP,rough_coated,,,,0.92,0.9,0.02,,,,apparent OWRK features recalculated from same-source multi-liquid contact angles for v3.4 source-disjoint external; not an independent surface-energy measurement,inferred_from_contact_angles,diiodomethane,nonpolar,50.8,48.5,2.3,48.5,0,0,2.8,1,5.3,standard literature values at approximately 20-25 C unless source reports otherwise,298.15,,1,136,static,sessile_drop,,,3.1,,,unknown,L3-C femtosecond-laser-textured CFRP with hydrophobic coating after cleaning step 1; Table 4,A_high,no,source_disjoint_external,,none,2026-05-18,source_disjoint_external,SDX004,unique_or_condition_distinct_keep
CA0499,v3.4,verified,literature,Enhancing Coating Adhesion on Fibre-Reinforced Composite by Femtosecond Laser Texturing,Olszewski et al.,2023,10.3390/coatings13050928,https://doi.org/10.3390/coatings13050928,"Table 4 direct values; coated laser-textured CFRP samples after cleaning cycles, measured with water, formamide, and diiodomethane","L3-C coated laser-textured CFRP, cleaning step 2",composite,carbon-fiber-reinforced polymer composite,laser_texturing_and_coating,L3-C femtosecond-laser-textured CFRP with hydrophobic coating after cleaning step 2; Table 4,hydrophobic coating on laser-textured CFRP,rough_coated,,,,1.04,1.04,0.01,,,,apparent OWRK features recalculated from same-source multi-liquid contact angles for v3.4 source-disjoint external; not an independent surface-energy measurement,inferred_from_contact_angles,water,polar,72.8,21.8,51,21.8,25.5,25.5,0.89,1.85,78.4,standard literature values at approximately 20-25 C unless source reports otherwise,298.15,,1,147,static,sessile_drop,,,5.5,,,unknown,L3-C femtosecond-laser-textured CFRP with hydrophobic coating after cleaning step 2; Table 4,A_high,no,source_disjoint_external,,none,2026-05-18,source_disjoint_external,SDX004,unique_or_condition_distinct_keep
CA0500,v3.4,verified,literature,Enhancing Coating Adhesion on Fibre-Reinforced Composite by Femtosecond Laser Texturing,Olszewski et al.,2023,10.3390/coatings13050928,https://doi.org/10.3390/coatings13050928,"Table 4 direct values; coated laser-textured CFRP samples after cleaning cycles, measured with water, formamide, and diiodomethane","L3-C coated laser-textured CFRP, cleaning step 2",composite,carbon-fiber-reinforced polymer composite,laser_texturing_and_coating,L3-C femtosecond-laser-textured CFRP with hydrophobic coating after cleaning step 2; Table 4,hydrophobic coating on laser-textured CFRP,rough_coated,,,,1.04,1.04,0.01,,,,apparent OWRK features recalculated from same-source multi-liquid contact angles for v3.4 source-disjoint external; not an independent surface-energy measurement,inferred_from_contact_angles,formamide,polar,58,39,19,39,2.28,39.6,3.3,3.73,111,standard literature values at approximately 20-25 C unless source reports otherwise,298.15,,1,143,static,sessile_drop,,,3.6,,,unknown,L3-C femtosecond-laser-textured CFRP with hydrophobic coating after cleaning step 2; Table 4,A_high,no,source_disjoint_external,,none,2026-05-18,source_disjoint_external,SDX004,unique_or_condition_distinct_keep
CA0501,v3.4,verified,literature,Enhancing Coating Adhesion on Fibre-Reinforced Composite by Femtosecond Laser Texturing,Olszewski et al.,2023,10.3390/coatings13050928,https://doi.org/10.3390/coatings13050928,"Table 4 direct values; coated laser-textured CFRP samples after cleaning cycles, measured with water, formamide, and diiodomethane","L3-C coated laser-textured CFRP, cleaning step 2",composite,carbon-fiber-reinforced polymer composite,laser_texturing_and_coating,L3-C femtosecond-laser-textured CFRP with hydrophobic coating after cleaning step 2; Table 4,hydrophobic coating on laser-textured CFRP,rough_coated,,,,1.04,1.04,0.01,,,,apparent OWRK features recalculated from same-source multi-liquid contact angles for v3.4 source-disjoint external; not an independent surface-energy measurement,inferred_from_contact_angles,diiodomethane,nonpolar,50.8,48.5,2.3,48.5,0,0,2.8,1,5.3,standard literature values at approximately 20-25 C unless source reports otherwise,298.15,,1,134,static,sessile_drop,,,2.5,,,unknown,L3-C femtosecond-laser-textured CFRP with hydrophobic coating after cleaning step 2; Table 4,A_high,no,source_disjoint_external,,none,2026-05-18,source_disjoint_external,SDX004,unique_or_condition_distinct_keep
CA0502,v3.4,verified,literature,Enhancing Coating Adhesion on Fibre-Reinforced Composite by Femtosecond Laser Texturing,Olszewski et al.,2023,10.3390/coatings13050928,https://doi.org/10.3390/coatings13050928,"Table 4 direct values; coated laser-textured CFRP samples after cleaning cycles, measured with water, formamide, and diiodomethane","L3-C coated laser-textured CFRP, cleaning step 5",composite,carbon-fiber-reinforced polymer composite,laser_texturing_and_coating,L3-C femtosecond-laser-textured CFRP with hydrophobic coating after cleaning step 5; Table 4,hydrophobic coating on laser-textured CFRP,rough_coated,,,,8.02,6.92,1.11,,,,apparent OWRK features recalculated from same-source multi-liquid contact angles for v3.4 source-disjoint external; not an independent surface-energy measurement,inferred_from_contact_angles,water,polar,72.8,21.8,51,21.8,25.5,25.5,0.89,1.85,78.4,standard literature values at approximately 20-25 C unless source reports otherwise,298.15,,1,145,static,sessile_drop,,,3.2,,,unknown,L3-C femtosecond-laser-textured CFRP with hydrophobic coating after cleaning step 5; Table 4,A_high,no,source_disjoint_external,,none,2026-05-18,source_disjoint_external,SDX004,unique_or_condition_distinct_keep
CA0503,v3.4,verified,literature,Enhancing Coating Adhesion on Fibre-Reinforced Composite by Femtosecond Laser Texturing,Olszewski et al.,2023,10.3390/coatings13050928,https://doi.org/10.3390/coatings13050928,"Table 4 direct values; coated laser-textured CFRP samples after cleaning cycles, measured with water, formamide, and diiodomethane","L3-C coated laser-textured CFRP, cleaning step 5",composite,carbon-fiber-reinforced polymer composite,laser_texturing_and_coating,L3-C femtosecond-laser-textured CFRP with hydrophobic coating after cleaning step 5; Table 4,hydrophobic coating on laser-textured CFRP,rough_coated,,,,8.02,6.92,1.11,,,,apparent OWRK features recalculated from same-source multi-liquid contact angles for v3.4 source-disjoint external; not an independent surface-energy measurement,inferred_from_contact_angles,formamide,polar,58,39,19,39,2.28,39.6,3.3,3.73,111,standard literature values at approximately 20-25 C unless source reports otherwise,298.15,,1,136,static,sessile_drop,,,4.3,,,unknown,L3-C femtosecond-laser-textured CFRP with hydrophobic coating after cleaning step 5; Table 4,A_high,no,source_disjoint_external,,none,2026-05-18,source_disjoint_external,SDX004,unique_or_condition_distinct_keep
CA0504,v3.4,verified,literature,Enhancing Coating Adhesion on Fibre-Reinforced Composite by Femtosecond Laser Texturing,Olszewski et al.,2023,10.3390/coatings13050928,https://doi.org/10.3390/coatings13050928,"Table 4 direct values; coated laser-textured CFRP samples after cleaning cycles, measured with water, formamide, and diiodomethane","L3-C coated laser-textured CFRP, cleaning step 5",composite,carbon-fiber-reinforced polymer composite,laser_texturing_and_coating,L3-C femtosecond-laser-textured CFRP with hydrophobic coating after cleaning step 5; Table 4,hydrophobic coating on laser-textured CFRP,rough_coated,,,,8.02,6.92,1.11,,,,apparent OWRK features recalculated from same-source multi-liquid contact angles for v3.4 source-disjoint external; not an independent surface-energy measurement,inferred_from_contact_angles,diiodomethane,nonpolar,50.8,48.5,2.3,48.5,0,0,2.8,1,5.3,standard literature values at approximately 20-25 C unless source reports otherwise,298.15,,1,105,static,sessile_drop,,,4.8,,,unknown,L3-C femtosecond-laser-textured CFRP with hydrophobic coating after cleaning step 5; Table 4,A_high,no,source_disjoint_external,,none,2026-05-18,source_disjoint_external,SDX004,unique_or_condition_distinct_keep
CA0505,v3.4,verified,literature,Enhancing Coating Adhesion on Fibre-Reinforced Composite by Femtosecond Laser Texturing,Olszewski et al.,2023,10.3390/coatings13050928,https://doi.org/10.3390/coatings13050928,"Table 4 direct values; coated laser-textured CFRP samples after cleaning cycles, measured with water, formamide, and diiodomethane","L4-C coated laser-textured CFRP, cleaning step 0",composite,carbon-fiber-reinforced polymer composite,laser_texturing_and_coating,L4-C femtosecond-laser-textured CFRP with hydrophobic coating after cleaning step 0; Table 4,hydrophobic coating on laser-textured CFRP,rough_coated,,,,2.09,2,0.08,,,,apparent OWRK features recalculated from same-source multi-liquid contact angles for v3.4 source-disjoint external; not an independent surface-energy measurement,inferred_from_contact_angles,water,polar,72.8,21.8,51,21.8,25.5,25.5,0.89,1.85,78.4,standard literature values at approximately 20-25 C unless source reports otherwise,298.15,,1,155,static,sessile_drop,,,2.8,,,unknown,L4-C femtosecond-laser-textured CFRP with hydrophobic coating after cleaning step 0; Table 4,A_high,no,source_disjoint_external,,none,2026-05-18,source_disjoint_external,SDX004,unique_or_condition_distinct_keep
CA0506,v3.4,verified,literature,Enhancing Coating Adhesion on Fibre-Reinforced Composite by Femtosecond Laser Texturing,Olszewski et al.,2023,10.3390/coatings13050928,https://doi.org/10.3390/coatings13050928,"Table 4 direct values; coated laser-textured CFRP samples after cleaning cycles, measured with water, formamide, and diiodomethane","L4-C coated laser-textured CFRP, cleaning step 0",composite,carbon-fiber-reinforced polymer composite,laser_texturing_and_coating,L4-C femtosecond-laser-textured CFRP with hydrophobic coating after cleaning step 0; Table 4,hydrophobic coating on laser-textured CFRP,rough_coated,,,,2.09,2,0.08,,,,apparent OWRK features recalculated from same-source multi-liquid contact angles for v3.4 source-disjoint external; not an independent surface-energy measurement,inferred_from_contact_angles,formamide,polar,58,39,19,39,2.28,39.6,3.3,3.73,111,standard literature values at approximately 20-25 C unless source reports otherwise,298.15,,1,131,static,sessile_drop,,,2.3,,,unknown,L4-C femtosecond-laser-textured CFRP with hydrophobic coating after cleaning step 0; Table 4,A_high,no,source_disjoint_external,,none,2026-05-18,source_disjoint_external,SDX004,unique_or_condition_distinct_keep
CA0507,v3.4,verified,literature,Enhancing Coating Adhesion on Fibre-Reinforced Composite by Femtosecond Laser Texturing,Olszewski et al.,2023,10.3390/coatings13050928,https://doi.org/10.3390/coatings13050928,"Table 4 direct values; coated laser-textured CFRP samples after cleaning cycles, measured with water, formamide, and diiodomethane","L4-C coated laser-textured CFRP, cleaning step 0",composite,carbon-fiber-reinforced polymer composite,laser_texturing_and_coating,L4-C femtosecond-laser-textured CFRP with hydrophobic coating after cleaning step 0; Table 4,hydrophobic coating on laser-textured CFRP,rough_coated,,,,2.09,2,0.08,,,,apparent OWRK features recalculated from same-source multi-liquid contact angles for v3.4 source-disjoint external; not an independent surface-energy measurement,inferred_from_contact_angles,diiodomethane,nonpolar,50.8,48.5,2.3,48.5,0,0,2.8,1,5.3,standard literature values at approximately 20-25 C unless source reports otherwise,298.15,,1,133,static,sessile_drop,,,4.3,,,unknown,L4-C femtosecond-laser-textured CFRP with hydrophobic coating after cleaning step 0; Table 4,A_high,no,source_disjoint_external,,none,2026-05-18,source_disjoint_external,SDX004,unique_or_condition_distinct_keep
CA0508,v3.4,verified,literature,Enhancing Coating Adhesion on Fibre-Reinforced Composite by Femtosecond Laser Texturing,Olszewski et al.,2023,10.3390/coatings13050928,https://doi.org/10.3390/coatings13050928,"Table 4 direct values; coated laser-textured CFRP samples after cleaning cycles, measured with water, formamide, and diiodomethane","L4-C coated laser-textured CFRP, cleaning step 1",composite,carbon-fiber-reinforced polymer composite,laser_texturing_and_coating,L4-C femtosecond-laser-textured CFRP with hydrophobic coating after cleaning step 1; Table 4,hydrophobic coating on laser-textured CFRP,rough_coated,,,,1.69,1.69,0,,,,apparent OWRK features recalculated from same-source multi-liquid contact angles for v3.4 source-disjoint external; not an independent surface-energy measurement,inferred_from_contact_angles,water,polar,72.8,21.8,51,21.8,25.5,25.5,0.89,1.85,78.4,standard literature values at approximately 20-25 C unless source reports otherwise,298.15,,1,149,static,sessile_drop,,,2.1,,,unknown,L4-C femtosecond-laser-textured CFRP with hydrophobic coating after cleaning step 1; Table 4,A_high,no,source_disjoint_external,,none,2026-05-18,source_disjoint_external,SDX004,unique_or_condition_distinct_keep
CA0509,v3.4,verified,literature,Enhancing Coating Adhesion on Fibre-Reinforced Composite by Femtosecond Laser Texturing,Olszewski et al.,2023,10.3390/coatings13050928,https://doi.org/10.3390/coatings13050928,"Table 4 direct values; coated laser-textured CFRP samples after cleaning cycles, measured with water, formamide, and diiodomethane","L4-C coated laser-textured CFRP, cleaning step 1",composite,carbon-fiber-reinforced polymer composite,laser_texturing_and_coating,L4-C femtosecond-laser-textured CFRP with hydrophobic coating after cleaning step 1; Table 4,hydrophobic coating on laser-textured CFRP,rough_coated,,,,1.69,1.69,0,,,,apparent OWRK features recalculated from same-source multi-liquid contact angles for v3.4 source-disjoint external; not an independent surface-energy measurement,inferred_from_contact_angles,formamide,polar,58,39,19,39,2.28,39.6,3.3,3.73,111,standard literature values at approximately 20-25 C unless source reports otherwise,298.15,,1,134,static,sessile_drop,,,3.5,,,unknown,L4-C femtosecond-laser-textured CFRP with hydrophobic coating after cleaning step 1; Table 4,A_high,no,source_disjoint_external,,none,2026-05-18,source_disjoint_external,SDX004,unique_or_condition_distinct_keep
CA0510,v3.4,verified,literature,Enhancing Coating Adhesion on Fibre-Reinforced Composite by Femtosecond Laser Texturing,Olszewski et al.,2023,10.3390/coatings13050928,https://doi.org/10.3390/coatings13050928,"Table 4 direct values; coated laser-textured CFRP samples after cleaning cycles, measured with water, formamide, and diiodomethane","L4-C coated laser-textured CFRP, cleaning step 1",composite,carbon-fiber-reinforced polymer composite,laser_texturing_and_coating,L4-C femtosecond-laser-textured CFRP with hydrophobic coating after cleaning step 1; Table 4,hydrophobic coating on laser-textured CFRP,rough_coated,,,,1.69,1.69,0,,,,apparent OWRK features recalculated from same-source multi-liquid contact angles for v3.4 source-disjoint external; not an independent surface-energy measurement,inferred_from_contact_angles,diiodomethane,nonpolar,50.8,48.5,2.3,48.5,0,0,2.8,1,5.3,standard literature values at approximately 20-25 C unless source reports otherwise,298.15,,1,132,static,sessile_drop,,,4.7,,,unknown,L4-C femtosecond-laser-textured CFRP with hydrophobic coating after cleaning step 1; Table 4,A_high,no,source_disjoint_external,,none,2026-05-18,source_disjoint_external,SDX004,unique_or_condition_distinct_keep
CA0511,v3.4,verified,literature,Enhancing Coating Adhesion on Fibre-Reinforced Composite by Femtosecond Laser Texturing,Olszewski et al.,2023,10.3390/coatings13050928,https://doi.org/10.3390/coatings13050928,"Table 4 direct values; coated laser-textured CFRP samples after cleaning cycles, measured with water, formamide, and diiodomethane","L4-C coated laser-textured CFRP, cleaning step 2",composite,carbon-fiber-reinforced polymer composite,laser_texturing_and_coating,L4-C femtosecond-laser-textured CFRP with hydrophobic coating after cleaning step 2; Table 4,hydrophobic coating on laser-textured CFRP,rough_coated,,,,2.52,2.5,0.02,,,,apparent OWRK features recalculated from same-source multi-liquid contact angles for v3.4 source-disjoint external; not an independent surface-energy measurement,inferred_from_contact_angles,water,polar,72.8,21.8,51,21.8,25.5,25.5,0.89,1.85,78.4,standard literature values at approximately 20-25 C unless source reports otherwise,298.15,,1,148,static,sessile_drop,,,3.1,,,unknown,L4-C femtosecond-laser-textured CFRP with hydrophobic coating after cleaning step 2; Table 4,A_high,no,source_disjoint_external,,none,2026-05-18,source_disjoint_external,SDX004,unique_or_condition_distinct_keep
CA0512,v3.4,verified,literature,Enhancing Coating Adhesion on Fibre-Reinforced Composite by Femtosecond Laser Texturing,Olszewski et al.,2023,10.3390/coatings13050928,https://doi.org/10.3390/coatings13050928,"Table 4 direct values; coated laser-textured CFRP samples after cleaning cycles, measured with water, formamide, and diiodomethane","L4-C coated laser-textured CFRP, cleaning step 2",composite,carbon-fiber-reinforced polymer composite,laser_texturing_and_coating,L4-C femtosecond-laser-textured CFRP with hydrophobic coating after cleaning step 2; Table 4,hydrophobic coating on laser-textured CFRP,rough_coated,,,,2.52,2.5,0.02,,,,apparent OWRK features recalculated from same-source multi-liquid contact angles for v3.4 source-disjoint external; not an independent surface-energy measurement,inferred_from_contact_angles,formamide,polar,58,39,19,39,2.28,39.6,3.3,3.73,111,standard literature values at approximately 20-25 C unless source reports otherwise,298.15,,1,128,static,sessile_drop,,,4,,,unknown,L4-C femtosecond-laser-textured CFRP with hydrophobic coating after cleaning step 2; Table 4,A_high,no,source_disjoint_external,,none,2026-05-18,source_disjoint_external,SDX004,unique_or_condition_distinct_keep
CA0513,v3.4,verified,literature,Enhancing Coating Adhesion on Fibre-Reinforced Composite by Femtosecond Laser Texturing,Olszewski et al.,2023,10.3390/coatings13050928,https://doi.org/10.3390/coatings13050928,"Table 4 direct values; coated laser-textured CFRP samples after cleaning cycles, measured with water, formamide, and diiodomethane","L4-C coated laser-textured CFRP, cleaning step 2",composite,carbon-fiber-reinforced polymer composite,laser_texturing_and_coating,L4-C femtosecond-laser-textured CFRP with hydrophobic coating after cleaning step 2; Table 4,hydrophobic coating on laser-textured CFRP,rough_coated,,,,2.52,2.5,0.02,,,,apparent OWRK features recalculated from same-source multi-liquid contact angles for v3.4 source-disjoint external; not an independent surface-energy measurement,inferred_from_contact_angles,diiodomethane,nonpolar,50.8,48.5,2.3,48.5,0,0,2.8,1,5.3,standard literature values at approximately 20-25 C unless source reports otherwise,298.15,,1,128,static,sessile_drop,,,2.5,,,unknown,L4-C femtosecond-laser-textured CFRP with hydrophobic coating after cleaning step 2; Table 4,A_high,no,source_disjoint_external,,none,2026-05-18,source_disjoint_external,SDX004,unique_or_condition_distinct_keep
CA0514,v3.4,verified,literature,Enhancing Coating Adhesion on Fibre-Reinforced Composite by Femtosecond Laser Texturing,Olszewski et al.,2023,10.3390/coatings13050928,https://doi.org/10.3390/coatings13050928,"Table 4 direct values; coated laser-textured CFRP samples after cleaning cycles, measured with water, formamide, and diiodomethane","L4-C coated laser-textured CFRP, cleaning step 5",composite,carbon-fiber-reinforced polymer composite,laser_texturing_and_coating,L4-C femtosecond-laser-textured CFRP with hydrophobic coating after cleaning step 5; Table 4,hydrophobic coating on laser-textured CFRP,rough_coated,,,,5.69,5.39,0.31,,,,apparent OWRK features recalculated from same-source multi-liquid contact angles for v3.4 source-disjoint external; not an independent surface-energy measurement,inferred_from_contact_angles,water,polar,72.8,21.8,51,21.8,25.5,25.5,0.89,1.85,78.4,standard literature values at approximately 20-25 C unless source reports otherwise,298.15,,1,142,static,sessile_drop,,,3.3,,,unknown,L4-C femtosecond-laser-textured CFRP with hydrophobic coating after cleaning step 5; Table 4,A_high,no,source_disjoint_external,,none,2026-05-18,source_disjoint_external,SDX004,unique_or_condition_distinct_keep
CA0515,v3.4,verified,literature,Enhancing Coating Adhesion on Fibre-Reinforced Composite by Femtosecond Laser Texturing,Olszewski et al.,2023,10.3390/coatings13050928,https://doi.org/10.3390/coatings13050928,"Table 4 direct values; coated laser-textured CFRP samples after cleaning cycles, measured with water, formamide, and diiodomethane","L4-C coated laser-textured CFRP, cleaning step 5",composite,carbon-fiber-reinforced polymer composite,laser_texturing_and_coating,L4-C femtosecond-laser-textured CFRP with hydrophobic coating after cleaning step 5; Table 4,hydrophobic coating on laser-textured CFRP,rough_coated,,,,5.69,5.39,0.31,,,,apparent OWRK features recalculated from same-source multi-liquid contact angles for v3.4 source-disjoint external; not an independent surface-energy measurement,inferred_from_contact_angles,formamide,polar,58,39,19,39,2.28,39.6,3.3,3.73,111,standard literature values at approximately 20-25 C unless source reports otherwise,298.15,,1,130,static,sessile_drop,,,3.8,,,unknown,L4-C femtosecond-laser-textured CFRP with hydrophobic coating after cleaning step 5; Table 4,A_high,no,source_disjoint_external,,none,2026-05-18,source_disjoint_external,SDX004,unique_or_condition_distinct_keep
CA0516,v3.4,verified,literature,Enhancing Coating Adhesion on Fibre-Reinforced Composite by Femtosecond Laser Texturing,Olszewski et al.,2023,10.3390/coatings13050928,https://doi.org/10.3390/coatings13050928,"Table 4 direct values; coated laser-textured CFRP samples after cleaning cycles, measured with water, formamide, and diiodomethane","L4-C coated laser-textured CFRP, cleaning step 5",composite,carbon-fiber-reinforced polymer composite,laser_texturing_and_coating,L4-C femtosecond-laser-textured CFRP with hydrophobic coating after cleaning step 5; Table 4,hydrophobic coating on laser-textured CFRP,rough_coated,,,,5.69,5.39,0.31,,,,apparent OWRK features recalculated from same-source multi-liquid contact angles for v3.4 source-disjoint external; not an independent surface-energy measurement,inferred_from_contact_angles,diiodomethane,nonpolar,50.8,48.5,2.3,48.5,0,0,2.8,1,5.3,standard literature values at approximately 20-25 C unless source reports otherwise,298.15,,1,111,static,sessile_drop,,,3.7,,,unknown,L4-C femtosecond-laser-textured CFRP with hydrophobic coating after cleaning step 5; Table 4,A_high,no,source_disjoint_external,,none,2026-05-18,source_disjoint_external,SDX004,unique_or_condition_distinct_keep
CA0517,v3.4,verified,literature,Optimization of a Low Surface Energy Coating for Enhanced Water Resistance and Condensation Suppression,Kwok et al.,2024,10.3390/ma17215238,https://doi.org/10.3390/ma17215238,"Table 4 direct values; polymer/silica low-surface-energy coatings measured with water, formamide, and diiodomethane",low-energy coating sample 2,coating,coated substrate,low_surface_energy_coating,10/20 polymer/silica low-surface-energy coating; Table 4,polymer/silica low-surface-energy coating,coated,,,,17.23,16.5,0.73,,,,apparent OWRK features recalculated from same-source multi-liquid contact angles for v3.4 source-disjoint external; not an independent surface-energy measurement,inferred_from_contact_angles,water,polar,72.8,21.8,51,21.8,25.5,25.5,0.89,1.85,78.4,standard literature values at approximately 20-25 C unless source reports otherwise,298.15,,1,125.6,static,sessile_drop,,,,,,unknown,10/20 polymer/silica low-surface-energy coating; Table 4,A_high,no,source_disjoint_external,,none,2026-05-18,source_disjoint_external,SDX005,unique_or_condition_distinct_keep
CA0518,v3.4,verified,literature,Optimization of a Low Surface Energy Coating for Enhanced Water Resistance and Condensation Suppression,Kwok et al.,2024,10.3390/ma17215238,https://doi.org/10.3390/ma17215238,"Table 4 direct values; polymer/silica low-surface-energy coatings measured with water, formamide, and diiodomethane",low-energy coating sample 2,coating,coated substrate,low_surface_energy_coating,10/20 polymer/silica low-surface-energy coating; Table 4,polymer/silica low-surface-energy coating,coated,,,,17.23,16.5,0.73,,,,apparent OWRK features recalculated from same-source multi-liquid contact angles for v3.4 source-disjoint external; not an independent surface-energy measurement,inferred_from_contact_angles,formamide,polar,58,39,19,39,2.28,39.6,3.3,3.73,111,standard literature values at approximately 20-25 C unless source reports otherwise,298.15,,1,114.8,static,sessile_drop,,,,,,unknown,10/20 polymer/silica low-surface-energy coating; Table 4,A_high,no,source_disjoint_external,,none,2026-05-18,source_disjoint_external,SDX005,unique_or_condition_distinct_keep
CA0519,v3.4,verified,literature,Optimization of a Low Surface Energy Coating for Enhanced Water Resistance and Condensation Suppression,Kwok et al.,2024,10.3390/ma17215238,https://doi.org/10.3390/ma17215238,"Table 4 direct values; polymer/silica low-surface-energy coatings measured with water, formamide, and diiodomethane",low-energy coating sample 2,coating,coated substrate,low_surface_energy_coating,10/20 polymer/silica low-surface-energy coating; Table 4,polymer/silica low-surface-energy coating,coated,,,,17.23,16.5,0.73,,,,apparent OWRK features recalculated from same-source multi-liquid contact angles for v3.4 source-disjoint external; not an independent surface-energy measurement,inferred_from_contact_angles,diiodomethane,nonpolar,50.8,48.5,2.3,48.5,0,0,2.8,1,5.3,standard literature values at approximately 20-25 C unless source reports otherwise,298.15,,1,80.2,static,sessile_drop,,,,,,unknown,10/20 polymer/silica low-surface-energy coating; Table 4,A_high,no,source_disjoint_external,,none,2026-05-18,source_disjoint_external,SDX005,unique_or_condition_distinct_keep
CA0520,v3.4,verified,literature,Optimization of a Low Surface Energy Coating for Enhanced Water Resistance and Condensation Suppression,Kwok et al.,2024,10.3390/ma17215238,https://doi.org/10.3390/ma17215238,"Table 4 direct values; polymer/silica low-surface-energy coatings measured with water, formamide, and diiodomethane",low-energy coating sample 7,coating,coated substrate,low_surface_energy_coating,10/5 polymer/silica low-surface-energy coating; Table 4,polymer/silica low-surface-energy coating,coated,,,,15.67,15.67,0,,,,apparent OWRK features recalculated from same-source multi-liquid contact angles for v3.4 source-disjoint external; not an independent surface-energy measurement,inferred_from_contact_angles,water,polar,72.8,21.8,51,21.8,25.5,25.5,0.89,1.85,78.4,standard literature values at approximately 20-25 C unless source reports otherwise,298.15,,1,115.5,static,sessile_drop,,,,,,unknown,10/5 polymer/silica low-surface-energy coating; Table 4,A_high,no,source_disjoint_external,,none,2026-05-18,source_disjoint_external,SDX005,unique_or_condition_distinct_keep
CA0521,v3.4,verified,literature,Optimization of a Low Surface Energy Coating for Enhanced Water Resistance and Condensation Suppression,Kwok et al.,2024,10.3390/ma17215238,https://doi.org/10.3390/ma17215238,"Table 4 direct values; polymer/silica low-surface-energy coatings measured with water, formamide, and diiodomethane",low-energy coating sample 7,coating,coated substrate,low_surface_energy_coating,10/5 polymer/silica low-surface-energy coating; Table 4,polymer/silica low-surface-energy coating,coated,,,,15.67,15.67,0,,,,apparent OWRK features recalculated from same-source multi-liquid contact angles for v3.4 source-disjoint external; not an independent surface-energy measurement,inferred_from_contact_angles,formamide,polar,58,39,19,39,2.28,39.6,3.3,3.73,111,standard literature values at approximately 20-25 C unless source reports otherwise,298.15,,1,106.2,static,sessile_drop,,,,,,unknown,10/5 polymer/silica low-surface-energy coating; Table 4,A_high,no,source_disjoint_external,,none,2026-05-18,source_disjoint_external,SDX005,unique_or_condition_distinct_keep
CA0522,v3.4,verified,literature,Optimization of a Low Surface Energy Coating for Enhanced Water Resistance and Condensation Suppression,Kwok et al.,2024,10.3390/ma17215238,https://doi.org/10.3390/ma17215238,"Table 4 direct values; polymer/silica low-surface-energy coatings measured with water, formamide, and diiodomethane",low-energy coating sample 7,coating,coated substrate,low_surface_energy_coating,10/5 polymer/silica low-surface-energy coating; Table 4,polymer/silica low-surface-energy coating,coated,,,,15.67,15.67,0,,,,apparent OWRK features recalculated from same-source multi-liquid contact angles for v3.4 source-disjoint external; not an independent surface-energy measurement,inferred_from_contact_angles,diiodomethane,nonpolar,50.8,48.5,2.3,48.5,0,0,2.8,1,5.3,standard literature values at approximately 20-25 C unless source reports otherwise,298.15,,1,79.8,static,sessile_drop,,,,,,unknown,10/5 polymer/silica low-surface-energy coating; Table 4,A_high,no,source_disjoint_external,,none,2026-05-18,source_disjoint_external,SDX005,unique_or_condition_distinct_keep
CA0523,v3.4,verified,literature,Optimization of a Low Surface Energy Coating for Enhanced Water Resistance and Condensation Suppression,Kwok et al.,2024,10.3390/ma17215238,https://doi.org/10.3390/ma17215238,"Table 4 direct values; polymer/silica low-surface-energy coatings measured with water, formamide, and diiodomethane",low-energy coating sample 14,coating,coated substrate,low_surface_energy_coating,0/5 polymer/silica low-surface-energy coating; Table 4,polymer/silica low-surface-energy coating,coated,,,,20.66,20.51,0.15,,,,apparent OWRK features recalculated from same-source multi-liquid contact angles for v3.4 source-disjoint external; not an independent surface-energy measurement,inferred_from_contact_angles,water,polar,72.8,21.8,51,21.8,25.5,25.5,0.89,1.85,78.4,standard literature values at approximately 20-25 C unless source reports otherwise,298.15,,1,116.6,static,sessile_drop,,,,,,unknown,0/5 polymer/silica low-surface-energy coating; Table 4,A_high,no,source_disjoint_external,,none,2026-05-18,source_disjoint_external,SDX005,unique_or_condition_distinct_keep
CA0524,v3.4,verified,literature,Optimization of a Low Surface Energy Coating for Enhanced Water Resistance and Condensation Suppression,Kwok et al.,2024,10.3390/ma17215238,https://doi.org/10.3390/ma17215238,"Table 4 direct values; polymer/silica low-surface-energy coatings measured with water, formamide, and diiodomethane",low-energy coating sample 14,coating,coated substrate,low_surface_energy_coating,0/5 polymer/silica low-surface-energy coating; Table 4,polymer/silica low-surface-energy coating,coated,,,,20.66,20.51,0.15,,,,apparent OWRK features recalculated from same-source multi-liquid contact angles for v3.4 source-disjoint external; not an independent surface-energy measurement,inferred_from_contact_angles,formamide,polar,58,39,19,39,2.28,39.6,3.3,3.73,111,standard literature values at approximately 20-25 C unless source reports otherwise,298.15,,1,101.8,static,sessile_drop,,,,,,unknown,0/5 polymer/silica low-surface-energy coating; Table 4,A_high,no,source_disjoint_external,,none,2026-05-18,source_disjoint_external,SDX005,unique_or_condition_distinct_keep
CA0525,v3.4,verified,literature,Optimization of a Low Surface Energy Coating for Enhanced Water Resistance and Condensation Suppression,Kwok et al.,2024,10.3390/ma17215238,https://doi.org/10.3390/ma17215238,"Table 4 direct values; polymer/silica low-surface-energy coatings measured with water, formamide, and diiodomethane",low-energy coating sample 14,coating,coated substrate,low_surface_energy_coating,0/5 polymer/silica low-surface-energy coating; Table 4,polymer/silica low-surface-energy coating,coated,,,,20.66,20.51,0.15,,,,apparent OWRK features recalculated from same-source multi-liquid contact angles for v3.4 source-disjoint external; not an independent surface-energy measurement,inferred_from_contact_angles,diiodomethane,nonpolar,50.8,48.5,2.3,48.5,0,0,2.8,1,5.3,standard literature values at approximately 20-25 C unless source reports otherwise,298.15,,1,72.7,static,sessile_drop,,,,,,unknown,0/5 polymer/silica low-surface-energy coating; Table 4,A_high,no,source_disjoint_external,,none,2026-05-18,source_disjoint_external,SDX005,unique_or_condition_distinct_keep
CA0526,v3.4,verified,literature,Optimization of a Low Surface Energy Coating for Enhanced Water Resistance and Condensation Suppression,Kwok et al.,2024,10.3390/ma17215238,https://doi.org/10.3390/ma17215238,"Table 4 direct values; polymer/silica low-surface-energy coatings measured with water, formamide, and diiodomethane",OFAC reference low-energy coating,coating,coated substrate,low_surface_energy_coating,OFAC fluorinated reference coating; Table 4,polymer/silica low-surface-energy coating,coated,,,,10.39,9.49,0.9,,,,apparent OWRK features recalculated from same-source multi-liquid contact angles for v3.4 source-disjoint external; not an independent surface-energy measurement,inferred_from_contact_angles,water,polar,72.8,21.8,51,21.8,25.5,25.5,0.89,1.85,78.4,standard literature values at approximately 20-25 C unless source reports otherwise,298.15,,1,136.4,static,sessile_drop,,,,,,unknown,OFAC fluorinated reference coating; Table 4,A_high,no,source_disjoint_external,,none,2026-05-18,source_disjoint_external,SDX005,unique_or_condition_distinct_keep
CA0527,v3.4,verified,literature,Optimization of a Low Surface Energy Coating for Enhanced Water Resistance and Condensation Suppression,Kwok et al.,2024,10.3390/ma17215238,https://doi.org/10.3390/ma17215238,"Table 4 direct values; polymer/silica low-surface-energy coatings measured with water, formamide, and diiodomethane",OFAC reference low-energy coating,coating,coated substrate,low_surface_energy_coating,OFAC fluorinated reference coating; Table 4,polymer/silica low-surface-energy coating,coated,,,,10.39,9.49,0.9,,,,apparent OWRK features recalculated from same-source multi-liquid contact angles for v3.4 source-disjoint external; not an independent surface-energy measurement,inferred_from_contact_angles,formamide,polar,58,39,19,39,2.28,39.6,3.3,3.73,111,standard literature values at approximately 20-25 C unless source reports otherwise,298.15,,1,130.5,static,sessile_drop,,,,,,unknown,OFAC fluorinated reference coating; Table 4,A_high,no,source_disjoint_external,,none,2026-05-18,source_disjoint_external,SDX005,unique_or_condition_distinct_keep
CA0528,v3.4,verified,literature,Optimization of a Low Surface Energy Coating for Enhanced Water Resistance and Condensation Suppression,Kwok et al.,2024,10.3390/ma17215238,https://doi.org/10.3390/ma17215238,"Table 4 direct values; polymer/silica low-surface-energy coatings measured with water, formamide, and diiodomethane",OFAC reference low-energy coating,coating,coated substrate,low_surface_energy_coating,OFAC fluorinated reference coating; Table 4,polymer/silica low-surface-energy coating,coated,,,,10.39,9.49,0.9,,,,apparent OWRK features recalculated from same-source multi-liquid contact angles for v3.4 source-disjoint external; not an independent surface-energy measurement,inferred_from_contact_angles,diiodomethane,nonpolar,50.8,48.5,2.3,48.5,0,0,2.8,1,5.3,standard literature values at approximately 20-25 C unless source reports otherwise,298.15,,1,95.8,static,sessile_drop,,,,,,unknown,OFAC fluorinated reference coating; Table 4,A_high,no,source_disjoint_external,,none,2026-05-18,source_disjoint_external,SDX005,unique_or_condition_distinct_keep
CA0529,v3.4,verified,literature,Green Deep Eutectic Solvents for Functionalizing Chitosan-Dialdehyde Materials with Varied Crosslinker Content,Mohammed et al.,2026,10.3390/ma19030529,https://doi.org/10.3390/ma19030529,Table 3 direct values; chitosan/dialdehyde and DES-modified films measured with water and diiodomethane,CS chitosan-dialdehyde film,biomaterial,chitosan film,deep_eutectic_solvent_functionalization,CS chitosan/dialdehyde film; Table 3,,coated,,,,39.91,31.86,8.05,,,,apparent OWRK features recalculated from same-source multi-liquid contact angles for v3.4 source-disjoint external; not an independent surface-energy measurement,inferred_from_contact_angles,water,polar,72.8,21.8,51,21.8,25.5,25.5,0.89,1.85,78.4,standard literature values at approximately 20-25 C unless source reports otherwise,298.15,,1,73.7,static,sessile_drop,,,5,,,unknown,CS chitosan/dialdehyde film; Table 3,A_high,no,source_disjoint_external,,none,2026-05-18,source_disjoint_external,SDX006,unique_or_condition_distinct_keep
CA0530,v3.4,verified,literature,Green Deep Eutectic Solvents for Functionalizing Chitosan-Dialdehyde Materials with Varied Crosslinker Content,Mohammed et al.,2026,10.3390/ma19030529,https://doi.org/10.3390/ma19030529,Table 3 direct values; chitosan/dialdehyde and DES-modified films measured with water and diiodomethane,CS chitosan-dialdehyde film,biomaterial,chitosan film,deep_eutectic_solvent_functionalization,CS chitosan/dialdehyde film; Table 3,,coated,,,,39.91,31.86,8.05,,,,apparent OWRK features recalculated from same-source multi-liquid contact angles for v3.4 source-disjoint external; not an independent surface-energy measurement,inferred_from_contact_angles,diiodomethane,nonpolar,50.8,48.5,2.3,48.5,0,0,2.8,1,5.3,standard literature values at approximately 20-25 C unless source reports otherwise,298.15,,1,44.2,static,sessile_drop,,,3.3,,,unknown,CS chitosan/dialdehyde film; Table 3,A_high,no,source_disjoint_external,,none,2026-05-18,source_disjoint_external,SDX006,unique_or_condition_distinct_keep
CA0531,v3.4,verified,literature,Green Deep Eutectic Solvents for Functionalizing Chitosan-Dialdehyde Materials with Varied Crosslinker Content,Mohammed et al.,2026,10.3390/ma19030529,https://doi.org/10.3390/ma19030529,Table 3 direct values; chitosan/dialdehyde and DES-modified films measured with water and diiodomethane,CSDA chitosan-dialdehyde film,biomaterial,chitosan film,deep_eutectic_solvent_functionalization,CSDA chitosan/dialdehyde film; Table 3,,coated,,,,32.29,29.54,2.75,,,,apparent OWRK features recalculated from same-source multi-liquid contact angles for v3.4 source-disjoint external; not an independent surface-energy measurement,inferred_from_contact_angles,water,polar,72.8,21.8,51,21.8,25.5,25.5,0.89,1.85,78.4,standard literature values at approximately 20-25 C unless source reports otherwise,298.15,,1,88.7,static,sessile_drop,,,4,,,unknown,CSDA chitosan/dialdehyde film; Table 3,A_high,no,source_disjoint_external,,none,2026-05-18,source_disjoint_external,SDX006,unique_or_condition_distinct_keep
CA0532,v3.4,verified,literature,Green Deep Eutectic Solvents for Functionalizing Chitosan-Dialdehyde Materials with Varied Crosslinker Content,Mohammed et al.,2026,10.3390/ma19030529,https://doi.org/10.3390/ma19030529,Table 3 direct values; chitosan/dialdehyde and DES-modified films measured with water and diiodomethane,CSDA chitosan-dialdehyde film,biomaterial,chitosan film,deep_eutectic_solvent_functionalization,CSDA chitosan/dialdehyde film; Table 3,,coated,,,,32.29,29.54,2.75,,,,apparent OWRK features recalculated from same-source multi-liquid contact angles for v3.4 source-disjoint external; not an independent surface-energy measurement,inferred_from_contact_angles,diiodomethane,nonpolar,50.8,48.5,2.3,48.5,0,0,2.8,1,5.3,standard literature values at approximately 20-25 C unless source reports otherwise,298.15,,1,53.9,static,sessile_drop,,,2.1,,,unknown,CSDA chitosan/dialdehyde film; Table 3,A_high,no,source_disjoint_external,,none,2026-05-18,source_disjoint_external,SDX006,unique_or_condition_distinct_keep
CA0533,v3.4,verified,literature,Green Deep Eutectic Solvents for Functionalizing Chitosan-Dialdehyde Materials with Varied Crosslinker Content,Mohammed et al.,2026,10.3390/ma19030529,https://doi.org/10.3390/ma19030529,Table 3 direct values; chitosan/dialdehyde and DES-modified films measured with water and diiodomethane,CSDA/GE chitosan-dialdehyde film,biomaterial,chitosan film,deep_eutectic_solvent_functionalization,CSDA/GE chitosan/dialdehyde film; Table 3,,coated,,,,25.02,23.83,1.19,,,,apparent OWRK features recalculated from same-source multi-liquid contact angles for v3.4 source-disjoint external; not an independent surface-energy measurement,inferred_from_contact_angles,water,polar,72.8,21.8,51,21.8,25.5,25.5,0.89,1.85,78.4,standard literature values at approximately 20-25 C unless source reports otherwise,298.15,,1,99.2,static,sessile_drop,,,3.8,,,unknown,CSDA/GE chitosan/dialdehyde film; Table 3,A_high,no,source_disjoint_external,,none,2026-05-18,source_disjoint_external,SDX006,unique_or_condition_distinct_keep
CA0534,v3.4,verified,literature,Green Deep Eutectic Solvents for Functionalizing Chitosan-Dialdehyde Materials with Varied Crosslinker Content,Mohammed et al.,2026,10.3390/ma19030529,https://doi.org/10.3390/ma19030529,Table 3 direct values; chitosan/dialdehyde and DES-modified films measured with water and diiodomethane,CSDA/GE chitosan-dialdehyde film,biomaterial,chitosan film,deep_eutectic_solvent_functionalization,CSDA/GE chitosan/dialdehyde film; Table 3,,coated,,,,25.02,23.83,1.19,,,,apparent OWRK features recalculated from same-source multi-liquid contact angles for v3.4 source-disjoint external; not an independent surface-energy measurement,inferred_from_contact_angles,diiodomethane,nonpolar,50.8,48.5,2.3,48.5,0,0,2.8,1,5.3,standard literature values at approximately 20-25 C unless source reports otherwise,298.15,,1,66.2,static,sessile_drop,,,3.5,,,unknown,CSDA/GE chitosan/dialdehyde film; Table 3,A_high,no,source_disjoint_external,,none,2026-05-18,source_disjoint_external,SDX006,unique_or_condition_distinct_keep
CA0535,v3.4,verified,literature,Green Deep Eutectic Solvents for Functionalizing Chitosan-Dialdehyde Materials with Varied Crosslinker Content,Mohammed et al.,2026,10.3390/ma19030529,https://doi.org/10.3390/ma19030529,Table 3 direct values; chitosan/dialdehyde and DES-modified films measured with water and diiodomethane,CSDA/PH chitosan-dialdehyde film,biomaterial,chitosan film,deep_eutectic_solvent_functionalization,CSDA/PH chitosan/dialdehyde film; Table 3,,coated,,,,21.39,20.87,0.52,,,,apparent OWRK features recalculated from same-source multi-liquid contact angles for v3.4 source-disjoint external; not an independent surface-energy measurement,inferred_from_contact_angles,water,polar,72.8,21.8,51,21.8,25.5,25.5,0.89,1.85,78.4,standard literature values at approximately 20-25 C unless source reports otherwise,298.15,,1,105.8,static,sessile_drop,,,4.2,,,unknown,CSDA/PH chitosan/dialdehyde film; Table 3,A_high,no,source_disjoint_external,,none,2026-05-18,source_disjoint_external,SDX006,unique_or_condition_distinct_keep
CA0536,v3.4,verified,literature,Green Deep Eutectic Solvents for Functionalizing Chitosan-Dialdehyde Materials with Varied Crosslinker Content,Mohammed et al.,2026,10.3390/ma19030529,https://doi.org/10.3390/ma19030529,Table 3 direct values; chitosan/dialdehyde and DES-modified films measured with water and diiodomethane,CSDA/PH chitosan-dialdehyde film,biomaterial,chitosan film,deep_eutectic_solvent_functionalization,CSDA/PH chitosan/dialdehyde film; Table 3,,coated,,,,21.39,20.87,0.52,,,,apparent OWRK features recalculated from same-source multi-liquid contact angles for v3.4 source-disjoint external; not an independent surface-energy measurement,inferred_from_contact_angles,diiodomethane,nonpolar,50.8,48.5,2.3,48.5,0,0,2.8,1,5.3,standard literature values at approximately 20-25 C unless source reports otherwise,298.15,,1,72.8,static,sessile_drop,,,3.1,,,unknown,CSDA/PH chitosan/dialdehyde film; Table 3,A_high,no,source_disjoint_external,,none,2026-05-18,source_disjoint_external,SDX006,unique_or_condition_distinct_keep
CA0537,v3.4,verified,literature,Green Deep Eutectic Solvents for Functionalizing Chitosan-Dialdehyde Materials with Varied Crosslinker Content,Mohammed et al.,2026,10.3390/ma19030529,https://doi.org/10.3390/ma19030529,Table 3 direct values; chitosan/dialdehyde and DES-modified films measured with water and diiodomethane,CSDA/BE chitosan-dialdehyde film,biomaterial,chitosan film,deep_eutectic_solvent_functionalization,CSDA/BE chitosan/dialdehyde film; Table 3,,coated,,,,18.69,18.58,0.1,,,,apparent OWRK features recalculated from same-source multi-liquid contact angles for v3.4 source-disjoint external; not an independent surface-energy measurement,inferred_from_contact_angles,water,polar,72.8,21.8,51,21.8,25.5,25.5,0.89,1.85,78.4,standard literature values at approximately 20-25 C unless source reports otherwise,298.15,,1,112.6,static,sessile_drop,,,3.7,,,unknown,CSDA/BE chitosan/dialdehyde film; Table 3,A_high,no,source_disjoint_external,,none,2026-05-18,source_disjoint_external,SDX006,unique_or_condition_distinct_keep
CA0538,v3.4,verified,literature,Green Deep Eutectic Solvents for Functionalizing Chitosan-Dialdehyde Materials with Varied Crosslinker Content,Mohammed et al.,2026,10.3390/ma19030529,https://doi.org/10.3390/ma19030529,Table 3 direct values; chitosan/dialdehyde and DES-modified films measured with water and diiodomethane,CSDA/BE chitosan-dialdehyde film,biomaterial,chitosan film,deep_eutectic_solvent_functionalization,CSDA/BE chitosan/dialdehyde film; Table 3,,coated,,,,18.69,18.58,0.1,,,,apparent OWRK features recalculated from same-source multi-liquid contact angles for v3.4 source-disjoint external; not an independent surface-energy measurement,inferred_from_contact_angles,diiodomethane,nonpolar,50.8,48.5,2.3,48.5,0,0,2.8,1,5.3,standard literature values at approximately 20-25 C unless source reports otherwise,298.15,,1,78.4,static,sessile_drop,,,3,,,unknown,CSDA/BE chitosan/dialdehyde film; Table 3,A_high,no,source_disjoint_external,,none,2026-05-18,source_disjoint_external,SDX006,unique_or_condition_distinct_keep
CA0539,v3.4,verified,literature,Green Deep Eutectic Solvents for Functionalizing Chitosan-Dialdehyde Materials with Varied Crosslinker Content,Mohammed et al.,2026,10.3390/ma19030529,https://doi.org/10.3390/ma19030529,Table 3 direct values; chitosan/dialdehyde and DES-modified films measured with water and diiodomethane,CSDA/GM chitosan-dialdehyde film,biomaterial,chitosan film,deep_eutectic_solvent_functionalization,CSDA/GM chitosan/dialdehyde film; Table 3,,coated,,,,16.33,16.26,0.08,,,,apparent OWRK features recalculated from same-source multi-liquid contact angles for v3.4 source-disjoint external; not an independent surface-energy measurement,inferred_from_contact_angles,water,polar,72.8,21.8,51,21.8,25.5,25.5,0.89,1.85,78.4,standard literature values at approximately 20-25 C unless source reports otherwise,298.15,,1,115.4,static,sessile_drop,,,3.5,,,unknown,CSDA/GM chitosan/dialdehyde film; Table 3,A_high,no,source_disjoint_external,,none,2026-05-18,source_disjoint_external,SDX006,unique_or_condition_distinct_keep
CA0540,v3.4,verified,literature,Green Deep Eutectic Solvents for Functionalizing Chitosan-Dialdehyde Materials with Varied Crosslinker Content,Mohammed et al.,2026,10.3390/ma19030529,https://doi.org/10.3390/ma19030529,Table 3 direct values; chitosan/dialdehyde and DES-modified films measured with water and diiodomethane,CSDA/GM chitosan-dialdehyde film,biomaterial,chitosan film,deep_eutectic_solvent_functionalization,CSDA/GM chitosan/dialdehyde film; Table 3,,coated,,,,16.33,16.26,0.08,,,,apparent OWRK features recalculated from same-source multi-liquid contact angles for v3.4 source-disjoint external; not an independent surface-energy measurement,inferred_from_contact_angles,diiodomethane,nonpolar,50.8,48.5,2.3,48.5,0,0,2.8,1,5.3,standard literature values at approximately 20-25 C unless source reports otherwise,298.15,,1,83,static,sessile_drop,,,2.9,,,unknown,CSDA/GM chitosan/dialdehyde film; Table 3,A_high,no,source_disjoint_external,,none,2026-05-18,source_disjoint_external,SDX006,unique_or_condition_distinct_keep
CA0541,v3.4,verified,literature,Green Deep Eutectic Solvents for Functionalizing Chitosan-Dialdehyde Materials with Varied Crosslinker Content,Mohammed et al.,2026,10.3390/ma19030529,https://doi.org/10.3390/ma19030529,Table 3 direct values; chitosan/dialdehyde and DES-modified films measured with water and diiodomethane,CSDA/PG chitosan-dialdehyde film,biomaterial,chitosan film,deep_eutectic_solvent_functionalization,CSDA/PG chitosan/dialdehyde film; Table 3,,coated,,,,14.14,14.07,0.06,,,,apparent OWRK features recalculated from same-source multi-liquid contact angles for v3.4 source-disjoint external; not an independent surface-energy measurement,inferred_from_contact_angles,water,polar,72.8,21.8,51,21.8,25.5,25.5,0.89,1.85,78.4,standard literature values at approximately 20-25 C unless source reports otherwise,298.15,,1,118,static,sessile_drop,,,3.3,,,unknown,CSDA/PG chitosan/dialdehyde film; Table 3,A_high,no,source_disjoint_external,,none,2026-05-18,source_disjoint_external,SDX006,unique_or_condition_distinct_keep
CA0542,v3.4,verified,literature,Green Deep Eutectic Solvents for Functionalizing Chitosan-Dialdehyde Materials with Varied Crosslinker Content,Mohammed et al.,2026,10.3390/ma19030529,https://doi.org/10.3390/ma19030529,Table 3 direct values; chitosan/dialdehyde and DES-modified films measured with water and diiodomethane,CSDA/PG chitosan-dialdehyde film,biomaterial,chitosan film,deep_eutectic_solvent_functionalization,CSDA/PG chitosan/dialdehyde film; Table 3,,coated,,,,14.14,14.07,0.06,,,,apparent OWRK features recalculated from same-source multi-liquid contact angles for v3.4 source-disjoint external; not an independent surface-energy measurement,inferred_from_contact_angles,diiodomethane,nonpolar,50.8,48.5,2.3,48.5,0,0,2.8,1,5.3,standard literature values at approximately 20-25 C unless source reports otherwise,298.15,,1,87.5,static,sessile_drop,,,2.7,,,unknown,CSDA/PG chitosan/dialdehyde film; Table 3,A_high,no,source_disjoint_external,,none,2026-05-18,source_disjoint_external,SDX006,unique_or_condition_distinct_keep
CA0543,v3.4,verified,literature,Green Deep Eutectic Solvents for Functionalizing Chitosan-Dialdehyde Materials with Varied Crosslinker Content,Mohammed et al.,2026,10.3390/ma19030529,https://doi.org/10.3390/ma19030529,Table 3 direct values; chitosan/dialdehyde and DES-modified films measured with water and diiodomethane,CSDA/LA chitosan-dialdehyde film,biomaterial,chitosan film,deep_eutectic_solvent_functionalization,CSDA/LA chitosan/dialdehyde film; Table 3,,coated,,,,12.48,12.43,0.04,,,,apparent OWRK features recalculated from same-source multi-liquid contact angles for v3.4 source-disjoint external; not an independent surface-energy measurement,inferred_from_contact_angles,water,polar,72.8,21.8,51,21.8,25.5,25.5,0.89,1.85,78.4,standard literature values at approximately 20-25 C unless source reports otherwise,298.15,,1,120.5,static,sessile_drop,,,3.1,,,unknown,CSDA/LA chitosan/dialdehyde film; Table 3,A_high,no,source_disjoint_external,,none,2026-05-18,source_disjoint_external,SDX006,unique_or_condition_distinct_keep
CA0544,v3.4,verified,literature,Green Deep Eutectic Solvents for Functionalizing Chitosan-Dialdehyde Materials with Varied Crosslinker Content,Mohammed et al.,2026,10.3390/ma19030529,https://doi.org/10.3390/ma19030529,Table 3 direct values; chitosan/dialdehyde and DES-modified films measured with water and diiodomethane,CSDA/LA chitosan-dialdehyde film,biomaterial,chitosan film,deep_eutectic_solvent_functionalization,CSDA/LA chitosan/dialdehyde film; Table 3,,coated,,,,12.48,12.43,0.04,,,,apparent OWRK features recalculated from same-source multi-liquid contact angles for v3.4 source-disjoint external; not an independent surface-energy measurement,inferred_from_contact_angles,diiodomethane,nonpolar,50.8,48.5,2.3,48.5,0,0,2.8,1,5.3,standard literature values at approximately 20-25 C unless source reports otherwise,298.15,,1,91.2,static,sessile_drop,,,2.5,,,unknown,CSDA/LA chitosan/dialdehyde film; Table 3,A_high,no,source_disjoint_external,,none,2026-05-18,source_disjoint_external,SDX006,unique_or_condition_distinct_keep
CA0545,v3.4,verified,literature,Graphene oxide and cannabidiol-based hybrid coatings on PMMA,Dziadkowiec et al.,2025,10.1038/s41598-025-25325-5,https://doi.org/10.1038/s41598-025-25325-5,Table 3 direct values; PMMA and laser/GO/CBD-modified PMMA measured with water and diiodomethane,PMMA,polymer,PMMA,untreated,"PMMA; PMMA laser/GO/CBD surface, Table 3",,smooth,150,190,,38.74,31.99,6.75,,,,apparent OWRK features recalculated from same-source multi-liquid contact angles for v3.4 source-disjoint external; not an independent surface-energy measurement,inferred_from_contact_angles,water,polar,72.8,21.8,51,21.8,25.5,25.5,0.89,1.85,78.4,standard literature values at approximately 20-25 C unless source reports otherwise,298.15,,1,76.4,static,sessile_drop,,,2.8,,,unknown,"PMMA; PMMA laser/GO/CBD surface, Table 3",A_high,no,source_disjoint_external,,none,2026-05-18,source_disjoint_external,SDX001,unique_or_condition_distinct_keep
CA0546,v3.4,verified,literature,Graphene oxide and cannabidiol-based hybrid coatings on PMMA,Dziadkowiec et al.,2025,10.1038/s41598-025-25325-5,https://doi.org/10.1038/s41598-025-25325-5,Table 3 direct values; PMMA and laser/GO/CBD-modified PMMA measured with water and diiodomethane,PMMA,polymer,PMMA,untreated,"PMMA; PMMA laser/GO/CBD surface, Table 3",,smooth,150,190,,38.74,31.99,6.75,,,,apparent OWRK features recalculated from same-source multi-liquid contact angles for v3.4 source-disjoint external; not an independent surface-energy measurement,inferred_from_contact_angles,diiodomethane,nonpolar,50.8,48.5,2.3,48.5,0,0,2.8,1,5.3,standard literature values at approximately 20-25 C unless source reports otherwise,298.15,,1,45.1,static,sessile_drop,,,2.1,,,unknown,"PMMA; PMMA laser/GO/CBD surface, Table 3",A_high,no,source_disjoint_external,,none,2026-05-18,source_disjoint_external,SDX001,unique_or_condition_distinct_keep
CA0547,v3.4,verified,literature,Graphene oxide and cannabidiol-based hybrid coatings on PMMA,Dziadkowiec et al.,2025,10.1038/s41598-025-25325-5,https://doi.org/10.1038/s41598-025-25325-5,Table 3 direct values; PMMA and laser/GO/CBD-modified PMMA measured with water and diiodomethane,SG3 laser-textured PMMA,polymer,PMMA,laser_texturing_or_hybrid_coating,"SG3 laser-textured PMMA; PMMA laser/GO/CBD surface, Table 3",,rough_coated,1270,1610,,41.14,33.53,7.61,,,,apparent OWRK features recalculated from same-source multi-liquid contact angles for v3.4 source-disjoint external; not an independent surface-energy measurement,inferred_from_contact_angles,water,polar,72.8,21.8,51,21.8,25.5,25.5,0.89,1.85,78.4,standard literature values at approximately 20-25 C unless source reports otherwise,298.15,,1,73.5,static,sessile_drop,,,3.2,,,unknown,"SG3 laser-textured PMMA; PMMA laser/GO/CBD surface, Table 3",A_high,no,source_disjoint_external,,none,2026-05-18,source_disjoint_external,SDX001,unique_or_condition_distinct_keep
CA0548,v3.4,verified,literature,Graphene oxide and cannabidiol-based hybrid coatings on PMMA,Dziadkowiec et al.,2025,10.1038/s41598-025-25325-5,https://doi.org/10.1038/s41598-025-25325-5,Table 3 direct values; PMMA and laser/GO/CBD-modified PMMA measured with water and diiodomethane,SG3 laser-textured PMMA,polymer,PMMA,laser_texturing_or_hybrid_coating,"SG3 laser-textured PMMA; PMMA laser/GO/CBD surface, Table 3",,rough_coated,1270,1610,,41.14,33.53,7.61,,,,apparent OWRK features recalculated from same-source multi-liquid contact angles for v3.4 source-disjoint external; not an independent surface-energy measurement,inferred_from_contact_angles,diiodomethane,nonpolar,50.8,48.5,2.3,48.5,0,0,2.8,1,5.3,standard literature values at approximately 20-25 C unless source reports otherwise,298.15,,1,41.2,static,sessile_drop,,,2.8,,,unknown,"SG3 laser-textured PMMA; PMMA laser/GO/CBD surface, Table 3",A_high,no,source_disjoint_external,,none,2026-05-18,source_disjoint_external,SDX001,unique_or_condition_distinct_keep
CA0549,v3.4,verified,literature,Graphene oxide and cannabidiol-based hybrid coatings on PMMA,Dziadkowiec et al.,2025,10.1038/s41598-025-25325-5,https://doi.org/10.1038/s41598-025-25325-5,Table 3 direct values; PMMA and laser/GO/CBD-modified PMMA measured with water and diiodomethane,SG9.5 laser-textured PMMA,polymer,PMMA,laser_texturing_or_hybrid_coating,"SG9.5 laser-textured PMMA; PMMA laser/GO/CBD surface, Table 3",,rough_coated,510,680,,51.37,28.25,23.13,,,,apparent OWRK features recalculated from same-source multi-liquid contact angles for v3.4 source-disjoint external; not an independent surface-energy measurement,inferred_from_contact_angles,water,polar,72.8,21.8,51,21.8,25.5,25.5,0.89,1.85,78.4,standard literature values at approximately 20-25 C unless source reports otherwise,298.15,,1,51.3,static,sessile_drop,,,6.1,,,unknown,"SG9.5 laser-textured PMMA; PMMA laser/GO/CBD surface, Table 3",A_high,no,source_disjoint_external,,none,2026-05-18,source_disjoint_external,SDX001,unique_or_condition_distinct_keep
CA0550,v3.4,verified,literature,Graphene oxide and cannabidiol-based hybrid coatings on PMMA,Dziadkowiec et al.,2025,10.1038/s41598-025-25325-5,https://doi.org/10.1038/s41598-025-25325-5,Table 3 direct values; PMMA and laser/GO/CBD-modified PMMA measured with water and diiodomethane,SG9.5 laser-textured PMMA,polymer,PMMA,laser_texturing_or_hybrid_coating,"SG9.5 laser-textured PMMA; PMMA laser/GO/CBD surface, Table 3",,rough_coated,510,680,,51.37,28.25,23.13,,,,apparent OWRK features recalculated from same-source multi-liquid contact angles for v3.4 source-disjoint external; not an independent surface-energy measurement,inferred_from_contact_angles,diiodomethane,nonpolar,50.8,48.5,2.3,48.5,0,0,2.8,1,5.3,standard literature values at approximately 20-25 C unless source reports otherwise,298.15,,1,41.9,static,sessile_drop,,,4,,,unknown,"SG9.5 laser-textured PMMA; PMMA laser/GO/CBD surface, Table 3",A_high,no,source_disjoint_external,,none,2026-05-18,source_disjoint_external,SDX001,unique_or_condition_distinct_keep
CA0551,v3.4,verified,literature,Graphene oxide and cannabidiol-based hybrid coatings on PMMA,Dziadkowiec et al.,2025,10.1038/s41598-025-25325-5,https://doi.org/10.1038/s41598-025-25325-5,Table 3 direct values; PMMA and laser/GO/CBD-modified PMMA measured with water and diiodomethane,SG3/GO coated PMMA,polymer,PMMA,laser_texturing_or_hybrid_coating,"SG3/GO coated PMMA; PMMA laser/GO/CBD surface, Table 3",GO/CBD hybrid coating,rough_coated,2360,2840,,39.6,27.19,12.41,,,,apparent OWRK features recalculated from same-source multi-liquid contact angles for v3.4 source-disjoint external; not an independent surface-energy measurement,inferred_from_contact_angles,water,polar,72.8,21.8,51,21.8,25.5,25.5,0.89,1.85,78.4,standard literature values at approximately 20-25 C unless source reports otherwise,298.15,,1,68.9,static,sessile_drop,,,2.4,,,unknown,"SG3/GO coated PMMA; PMMA laser/GO/CBD surface, Table 3",A_high,no,source_disjoint_external,,none,2026-05-18,source_disjoint_external,SDX001,unique_or_condition_distinct_keep
CA0552,v3.4,verified,literature,Graphene oxide and cannabidiol-based hybrid coatings on PMMA,Dziadkowiec et al.,2025,10.1038/s41598-025-25325-5,https://doi.org/10.1038/s41598-025-25325-5,Table 3 direct values; PMMA and laser/GO/CBD-modified PMMA measured with water and diiodomethane,SG3/GO coated PMMA,polymer,PMMA,laser_texturing_or_hybrid_coating,"SG3/GO coated PMMA; PMMA laser/GO/CBD surface, Table 3",GO/CBD hybrid coating,rough_coated,2360,2840,,39.6,27.19,12.41,,,,apparent OWRK features recalculated from same-source multi-liquid contact angles for v3.4 source-disjoint external; not an independent surface-energy measurement,inferred_from_contact_angles,diiodomethane,nonpolar,50.8,48.5,2.3,48.5,0,0,2.8,1,5.3,standard literature values at approximately 20-25 C unless source reports otherwise,298.15,,1,50.2,static,sessile_drop,,,5.6,,,unknown,"SG3/GO coated PMMA; PMMA laser/GO/CBD surface, Table 3",A_high,no,source_disjoint_external,,none,2026-05-18,source_disjoint_external,SDX001,unique_or_condition_distinct_keep
CA0553,v3.4,verified,literature,Graphene oxide and cannabidiol-based hybrid coatings on PMMA,Dziadkowiec et al.,2025,10.1038/s41598-025-25325-5,https://doi.org/10.1038/s41598-025-25325-5,Table 3 direct values; PMMA and laser/GO/CBD-modified PMMA measured with water and diiodomethane,SG3/CBD coated PMMA,polymer,PMMA,laser_texturing_or_hybrid_coating,"SG3/CBD coated PMMA; PMMA laser/GO/CBD surface, Table 3",GO/CBD hybrid coating,rough_coated,1310,1660,,73.13,26.54,46.59,,,,apparent OWRK features recalculated from same-source multi-liquid contact angles for v3.4 source-disjoint external; not an independent surface-energy measurement,inferred_from_contact_angles,water,polar,72.8,21.8,51,21.8,25.5,25.5,0.89,1.85,78.4,standard literature values at approximately 20-25 C unless source reports otherwise,298.15,,1,0,static,sessile_drop,,,,,,unknown,"SG3/CBD coated PMMA; PMMA laser/GO/CBD surface, Table 3",A_high,no,source_disjoint_external,,none,2026-05-18,source_disjoint_external,SDX001,unique_or_condition_distinct_keep
CA0554,v3.4,verified,literature,Graphene oxide and cannabidiol-based hybrid coatings on PMMA,Dziadkowiec et al.,2025,10.1038/s41598-025-25325-5,https://doi.org/10.1038/s41598-025-25325-5,Table 3 direct values; PMMA and laser/GO/CBD-modified PMMA measured with water and diiodomethane,SG3/CBD coated PMMA,polymer,PMMA,laser_texturing_or_hybrid_coating,"SG3/CBD coated PMMA; PMMA laser/GO/CBD surface, Table 3",GO/CBD hybrid coating,rough_coated,1310,1660,,73.13,26.54,46.59,,,,apparent OWRK features recalculated from same-source multi-liquid contact angles for v3.4 source-disjoint external; not an independent surface-energy measurement,inferred_from_contact_angles,diiodomethane,nonpolar,50.8,48.5,2.3,48.5,0,0,2.8,1,5.3,standard literature values at approximately 20-25 C unless source reports otherwise,298.15,,1,34.9,static,sessile_drop,,,2.8,,,unknown,"SG3/CBD coated PMMA; PMMA laser/GO/CBD surface, Table 3",A_high,no,source_disjoint_external,,none,2026-05-18,source_disjoint_external,SDX001,unique_or_condition_distinct_keep
CA0555,v3.4,verified,literature,Novel Co-Polyamides Containing Pendant Phenyl/Pyridinyl Groups as Materials for Nonwoven Polyester Membrane Modification,Lukasik et al.,2025,10.3390/polym17020208,https://doi.org/10.3390/polym17020208,Table 3 direct values; modified nonwoven polyester membranes measured with water and diiodomethane,Unmodified nonwoven PET membrane,polymer,nonwoven polyester membrane,co_polyamide_membrane_modification,Unmodified nonwoven PET membrane; surface porosity 34%; Table 3,pendant phenyl/pyridinyl co-polyamide,porous_membrane,,,,12.83,11.75,1.08,,,,apparent OWRK features recalculated from same-source multi-liquid contact angles for v3.4 source-disjoint external; not an independent surface-energy measurement,inferred_from_contact_angles,water,polar,72.8,21.8,51,21.8,25.5,25.5,0.89,1.85,78.4,standard literature values at approximately 20-25 C unless source reports otherwise,298.15,,1,110.9,static,sessile_drop,,,5.8,,,unknown,Unmodified nonwoven PET membrane; surface porosity 34%; Table 3,A_high,no,source_disjoint_external,,none,2026-05-18,source_disjoint_external,SDX009,unique_or_condition_distinct_keep
CA0556,v3.4,verified,literature,Novel Co-Polyamides Containing Pendant Phenyl/Pyridinyl Groups as Materials for Nonwoven Polyester Membrane Modification,Lukasik et al.,2025,10.3390/polym17020208,https://doi.org/10.3390/polym17020208,Table 3 direct values; modified nonwoven polyester membranes measured with water and diiodomethane,Unmodified nonwoven PET membrane,polymer,nonwoven polyester membrane,co_polyamide_membrane_modification,Unmodified nonwoven PET membrane; surface porosity 34%; Table 3,pendant phenyl/pyridinyl co-polyamide,porous_membrane,,,,12.83,11.75,1.08,,,,apparent OWRK features recalculated from same-source multi-liquid contact angles for v3.4 source-disjoint external; not an independent surface-energy measurement,inferred_from_contact_angles,diiodomethane,nonpolar,50.8,48.5,2.3,48.5,0,0,2.8,1,5.3,standard literature values at approximately 20-25 C unless source reports otherwise,298.15,,1,89.9,static,sessile_drop,,,3.9,,,unknown,Unmodified nonwoven PET membrane; surface porosity 34%; Table 3,A_high,no,source_disjoint_external,,none,2026-05-18,source_disjoint_external,SDX009,unique_or_condition_distinct_keep
CA0557,v3.4,verified,literature,Novel Co-Polyamides Containing Pendant Phenyl/Pyridinyl Groups as Materials for Nonwoven Polyester Membrane Modification,Lukasik et al.,2025,10.3390/polym17020208,https://doi.org/10.3390/polym17020208,Table 3 direct values; modified nonwoven polyester membranes measured with water and diiodomethane,M-Poly-Ph modified nonwoven PET membrane,polymer,nonwoven polyester membrane,co_polyamide_membrane_modification,M-Poly-Ph modified nonwoven PET membrane; surface porosity 54%; Table 3,pendant phenyl/pyridinyl co-polyamide,porous_membrane,,,,7.69,7.64,0.05,,,,apparent OWRK features recalculated from same-source multi-liquid contact angles for v3.4 source-disjoint external; not an independent surface-energy measurement,inferred_from_contact_angles,water,polar,72.8,21.8,51,21.8,25.5,25.5,0.89,1.85,78.4,standard literature values at approximately 20-25 C unless source reports otherwise,298.15,,1,126.9,static,sessile_drop,,,2.6,,,unknown,M-Poly-Ph modified nonwoven PET membrane; surface porosity 54%; Table 3,A_high,no,source_disjoint_external,,none,2026-05-18,source_disjoint_external,SDX009,unique_or_condition_distinct_keep
CA0558,v3.4,verified,literature,Novel Co-Polyamides Containing Pendant Phenyl/Pyridinyl Groups as Materials for Nonwoven Polyester Membrane Modification,Lukasik et al.,2025,10.3390/polym17020208,https://doi.org/10.3390/polym17020208,Table 3 direct values; modified nonwoven polyester membranes measured with water and diiodomethane,M-Poly-Ph modified nonwoven PET membrane,polymer,nonwoven polyester membrane,co_polyamide_membrane_modification,M-Poly-Ph modified nonwoven PET membrane; surface porosity 54%; Table 3,pendant phenyl/pyridinyl co-polyamide,porous_membrane,,,,7.69,7.64,0.05,,,,apparent OWRK features recalculated from same-source multi-liquid contact angles for v3.4 source-disjoint external; not an independent surface-energy measurement,inferred_from_contact_angles,diiodomethane,nonpolar,50.8,48.5,2.3,48.5,0,0,2.8,1,5.3,standard literature values at approximately 20-25 C unless source reports otherwise,298.15,,1,103.2,static,sessile_drop,,,4.9,,,unknown,M-Poly-Ph modified nonwoven PET membrane; surface porosity 54%; Table 3,A_high,no,source_disjoint_external,,none,2026-05-18,source_disjoint_external,SDX009,unique_or_condition_distinct_keep
CA0559,v3.4,verified,literature,Novel Co-Polyamides Containing Pendant Phenyl/Pyridinyl Groups as Materials for Nonwoven Polyester Membrane Modification,Lukasik et al.,2025,10.3390/polym17020208,https://doi.org/10.3390/polym17020208,Table 3 direct values; modified nonwoven polyester membranes measured with water and diiodomethane,M-Poly-PyB modified nonwoven PET membrane,polymer,nonwoven polyester membrane,co_polyamide_membrane_modification,M-Poly-PyB modified nonwoven PET membrane; surface porosity 58%; Table 3,pendant phenyl/pyridinyl co-polyamide,porous_membrane,,,,6.84,5.98,0.86,,,,apparent OWRK features recalculated from same-source multi-liquid contact angles for v3.4 source-disjoint external; not an independent surface-energy measurement,inferred_from_contact_angles,water,polar,72.8,21.8,51,21.8,25.5,25.5,0.89,1.85,78.4,standard literature values at approximately 20-25 C unless source reports otherwise,298.15,,1,120.3,static,sessile_drop,,,4.4,,,unknown,M-Poly-PyB modified nonwoven PET membrane; surface porosity 58%; Table 3,A_high,no,source_disjoint_external,,none,2026-05-18,source_disjoint_external,SDX009,unique_or_condition_distinct_keep
CA0560,v3.4,verified,literature,Novel Co-Polyamides Containing Pendant Phenyl/Pyridinyl Groups as Materials for Nonwoven Polyester Membrane Modification,Lukasik et al.,2025,10.3390/polym17020208,https://doi.org/10.3390/polym17020208,Table 3 direct values; modified nonwoven polyester membranes measured with water and diiodomethane,M-Poly-PyB modified nonwoven PET membrane,polymer,nonwoven polyester membrane,co_polyamide_membrane_modification,M-Poly-PyB modified nonwoven PET membrane; surface porosity 58%; Table 3,pendant phenyl/pyridinyl co-polyamide,porous_membrane,,,,6.84,5.98,0.86,,,,apparent OWRK features recalculated from same-source multi-liquid contact angles for v3.4 source-disjoint external; not an independent surface-energy measurement,inferred_from_contact_angles,diiodomethane,nonpolar,50.8,48.5,2.3,48.5,0,0,2.8,1,5.3,standard literature values at approximately 20-25 C unless source reports otherwise,298.15,,1,105.9,static,sessile_drop,,,4.3,,,unknown,M-Poly-PyB modified nonwoven PET membrane; surface porosity 58%; Table 3,A_high,no,source_disjoint_external,,none,2026-05-18,source_disjoint_external,SDX009,unique_or_condition_distinct_keep
CA0561,v3.4,verified,literature,Novel Co-Polyamides Containing Pendant Phenyl/Pyridinyl Groups as Materials for Nonwoven Polyester Membrane Modification,Lukasik et al.,2025,10.3390/polym17020208,https://doi.org/10.3390/polym17020208,Table 3 direct values; modified nonwoven polyester membranes measured with water and diiodomethane,M-Poly-PyM modified nonwoven PET membrane,polymer,nonwoven polyester membrane,co_polyamide_membrane_modification,M-Poly-PyM modified nonwoven PET membrane; surface porosity 65%; Table 3,pendant phenyl/pyridinyl co-polyamide,porous_membrane,,,,11.3,7.66,3.64,,,,apparent OWRK features recalculated from same-source multi-liquid contact angles for v3.4 source-disjoint external; not an independent surface-energy measurement,inferred_from_contact_angles,water,polar,72.8,21.8,51,21.8,25.5,25.5,0.89,1.85,78.4,standard literature values at approximately 20-25 C unless source reports otherwise,298.15,,1,105.7,static,sessile_drop,,,7.1,,,unknown,M-Poly-PyM modified nonwoven PET membrane; surface porosity 65%; Table 3,A_high,no,source_disjoint_external,,none,2026-05-18,source_disjoint_external,SDX009,unique_or_condition_distinct_keep
CA0562,v3.4,verified,literature,Novel Co-Polyamides Containing Pendant Phenyl/Pyridinyl Groups as Materials for Nonwoven Polyester Membrane Modification,Lukasik et al.,2025,10.3390/polym17020208,https://doi.org/10.3390/polym17020208,Table 3 direct values; modified nonwoven polyester membranes measured with water and diiodomethane,M-Poly-PyM modified nonwoven PET membrane,polymer,nonwoven polyester membrane,co_polyamide_membrane_modification,M-Poly-PyM modified nonwoven PET membrane; surface porosity 65%; Table 3,pendant phenyl/pyridinyl co-polyamide,porous_membrane,,,,11.3,7.66,3.64,,,,apparent OWRK features recalculated from same-source multi-liquid contact angles for v3.4 source-disjoint external; not an independent surface-energy measurement,inferred_from_contact_angles,diiodomethane,nonpolar,50.8,48.5,2.3,48.5,0,0,2.8,1,5.3,standard literature values at approximately 20-25 C unless source reports otherwise,298.15,,1,97.3,static,sessile_drop,,,5.9,,,unknown,M-Poly-PyM modified nonwoven PET membrane; surface porosity 65%; Table 3,A_high,no,source_disjoint_external,,none,2026-05-18,source_disjoint_external,SDX009,unique_or_condition_distinct_keep
CA0563,v3.4,verified,literature,Effect of Poly(lactic acid) on the Properties of Water/Oil Interfaces and Emulsion Films,Szczepaniak et al.,2021,10.3390/polym13244289,https://doi.org/10.3390/polym13244289,"Table 4 direct values; PLA adsorption layers and substrate controls measured with water, formamide, and diiodomethane",PTFE control substrate,polymer,PTFE,untreated,PTFE control substrate; Table 4 contact angles for PLA interfacial adsorption study,,smooth,,,,23.41,23.25,0.17,,,,apparent OWRK features recalculated from same-source multi-liquid contact angles for v3.4 source-disjoint external; not an independent surface-energy measurement,inferred_from_contact_angles,water,polar,72.8,21.8,51,21.8,25.5,25.5,0.89,1.85,78.4,standard literature values at approximately 20-25 C unless source reports otherwise,298.15,,1,118.1,static,sessile_drop,,,,,,unknown,PTFE control substrate; Table 4 contact angles for PLA interfacial adsorption study,A_high,no,source_disjoint_external,,none,2026-05-18,source_disjoint_external,SDX008,unique_or_condition_distinct_keep
CA0564,v3.4,verified,literature,Effect of Poly(lactic acid) on the Properties of Water/Oil Interfaces and Emulsion Films,Szczepaniak et al.,2021,10.3390/polym13244289,https://doi.org/10.3390/polym13244289,"Table 4 direct values; PLA adsorption layers and substrate controls measured with water, formamide, and diiodomethane",PTFE control substrate,polymer,PTFE,untreated,PTFE control substrate; Table 4 contact angles for PLA interfacial adsorption study,,smooth,,,,23.41,23.25,0.17,,,,apparent OWRK features recalculated from same-source multi-liquid contact angles for v3.4 source-disjoint external; not an independent surface-energy measurement,inferred_from_contact_angles,formamide,polar,58,39,19,39,2.28,39.6,3.3,3.73,111,standard literature values at approximately 20-25 C unless source reports otherwise,298.15,,1,90,static,sessile_drop,,,,,,unknown,PTFE control substrate; Table 4 contact angles for PLA interfacial adsorption study,A_high,no,source_disjoint_external,,none,2026-05-18,source_disjoint_external,SDX008,unique_or_condition_distinct_keep
CA0565,v3.4,verified,literature,Effect of Poly(lactic acid) on the Properties of Water/Oil Interfaces and Emulsion Films,Szczepaniak et al.,2021,10.3390/polym13244289,https://doi.org/10.3390/polym13244289,"Table 4 direct values; PLA adsorption layers and substrate controls measured with water, formamide, and diiodomethane",PTFE control substrate,polymer,PTFE,untreated,PTFE control substrate; Table 4 contact angles for PLA interfacial adsorption study,,smooth,,,,23.41,23.25,0.17,,,,apparent OWRK features recalculated from same-source multi-liquid contact angles for v3.4 source-disjoint external; not an independent surface-energy measurement,inferred_from_contact_angles,diiodomethane,nonpolar,50.8,48.5,2.3,48.5,0,0,2.8,1,5.3,standard literature values at approximately 20-25 C unless source reports otherwise,298.15,,1,73.6,static,sessile_drop,,,,,,unknown,PTFE control substrate; Table 4 contact angles for PLA interfacial adsorption study,A_high,no,source_disjoint_external,,none,2026-05-18,source_disjoint_external,SDX008,unique_or_condition_distinct_keep
CA0566,v3.4,verified,literature,Effect of Poly(lactic acid) on the Properties of Water/Oil Interfaces and Emulsion Films,Szczepaniak et al.,2021,10.3390/polym13244289,https://doi.org/10.3390/polym13244289,"Table 4 direct values; PLA adsorption layers and substrate controls measured with water, formamide, and diiodomethane",Glass control substrate,glass,glass,untreated,Glass control substrate; Table 4 contact angles for PLA interfacial adsorption study,,smooth,,,,66.88,17.44,49.45,,,,apparent OWRK features recalculated from same-source multi-liquid contact angles for v3.4 source-disjoint external; not an independent surface-energy measurement,inferred_from_contact_angles,water,polar,72.8,21.8,51,21.8,25.5,25.5,0.89,1.85,78.4,standard literature values at approximately 20-25 C unless source reports otherwise,298.15,,1,24.6,static,sessile_drop,,,,,,unknown,Glass control substrate; Table 4 contact angles for PLA interfacial adsorption study,A_high,no,source_disjoint_external,,none,2026-05-18,source_disjoint_external,SDX008,unique_or_condition_distinct_keep
CA0567,v3.4,verified,literature,Effect of Poly(lactic acid) on the Properties of Water/Oil Interfaces and Emulsion Films,Szczepaniak et al.,2021,10.3390/polym13244289,https://doi.org/10.3390/polym13244289,"Table 4 direct values; PLA adsorption layers and substrate controls measured with water, formamide, and diiodomethane",Glass control substrate,glass,glass,untreated,Glass control substrate; Table 4 contact angles for PLA interfacial adsorption study,,smooth,,,,66.88,17.44,49.45,,,,apparent OWRK features recalculated from same-source multi-liquid contact angles for v3.4 source-disjoint external; not an independent surface-energy measurement,inferred_from_contact_angles,formamide,polar,58,39,19,39,2.28,39.6,3.3,3.73,111,standard literature values at approximately 20-25 C unless source reports otherwise,298.15,,1,13.7,static,sessile_drop,,,,,,unknown,Glass control substrate; Table 4 contact angles for PLA interfacial adsorption study,A_high,no,source_disjoint_external,,none,2026-05-18,source_disjoint_external,SDX008,unique_or_condition_distinct_keep
CA0568,v3.4,verified,literature,Effect of Poly(lactic acid) on the Properties of Water/Oil Interfaces and Emulsion Films,Szczepaniak et al.,2021,10.3390/polym13244289,https://doi.org/10.3390/polym13244289,"Table 4 direct values; PLA adsorption layers and substrate controls measured with water, formamide, and diiodomethane",Glass control substrate,glass,glass,untreated,Glass control substrate; Table 4 contact angles for PLA interfacial adsorption study,,smooth,,,,66.88,17.44,49.45,,,,apparent OWRK features recalculated from same-source multi-liquid contact angles for v3.4 source-disjoint external; not an independent surface-energy measurement,inferred_from_contact_angles,diiodomethane,nonpolar,50.8,48.5,2.3,48.5,0,0,2.8,1,5.3,standard literature values at approximately 20-25 C unless source reports otherwise,298.15,,1,56.3,static,sessile_drop,,,,,,unknown,Glass control substrate; Table 4 contact angles for PLA interfacial adsorption study,A_high,no,source_disjoint_external,,none,2026-05-18,source_disjoint_external,SDX008,unique_or_condition_distinct_keep
CA0569,v3.4,verified,literature,Effect of Poly(lactic acid) on the Properties of Water/Oil Interfaces and Emulsion Films,Szczepaniak et al.,2021,10.3390/polym13244289,https://doi.org/10.3390/polym13244289,"Table 4 direct values; PLA adsorption layers and substrate controls measured with water, formamide, and diiodomethane",PLA-C adsorption layer on PTFE,polymer,PTFE,PLA adsorption,PLA-C adsorption layer on PTFE; Table 4 contact angles for PLA interfacial adsorption study,PLA adsorption layer,smooth,,,,38.52,32.28,6.24,,,,apparent OWRK features recalculated from same-source multi-liquid contact angles for v3.4 source-disjoint external; not an independent surface-energy measurement,inferred_from_contact_angles,water,polar,72.8,21.8,51,21.8,25.5,25.5,0.89,1.85,78.4,standard literature values at approximately 20-25 C unless source reports otherwise,298.15,,1,78.5,static,sessile_drop,,,,,,unknown,PLA-C adsorption layer on PTFE; Table 4 contact angles for PLA interfacial adsorption study,A_high,no,source_disjoint_external,,none,2026-05-18,source_disjoint_external,SDX008,unique_or_condition_distinct_keep
CA0570,v3.4,verified,literature,Effect of Poly(lactic acid) on the Properties of Water/Oil Interfaces and Emulsion Films,Szczepaniak et al.,2021,10.3390/polym13244289,https://doi.org/10.3390/polym13244289,"Table 4 direct values; PLA adsorption layers and substrate controls measured with water, formamide, and diiodomethane",PLA-C adsorption layer on PTFE,polymer,PTFE,PLA adsorption,PLA-C adsorption layer on PTFE; Table 4 contact angles for PLA interfacial adsorption study,PLA adsorption layer,smooth,,,,38.52,32.28,6.24,,,,apparent OWRK features recalculated from same-source multi-liquid contact angles for v3.4 source-disjoint external; not an independent surface-energy measurement,inferred_from_contact_angles,formamide,polar,58,39,19,39,2.28,39.6,3.3,3.73,111,standard literature values at approximately 20-25 C unless source reports otherwise,298.15,,1,49.5,static,sessile_drop,,,,,,unknown,PLA-C adsorption layer on PTFE; Table 4 contact angles for PLA interfacial adsorption study,A_high,no,source_disjoint_external,,none,2026-05-18,source_disjoint_external,SDX008,unique_or_condition_distinct_keep
CA0571,v3.4,verified,literature,Effect of Poly(lactic acid) on the Properties of Water/Oil Interfaces and Emulsion Films,Szczepaniak et al.,2021,10.3390/polym13244289,https://doi.org/10.3390/polym13244289,"Table 4 direct values; PLA adsorption layers and substrate controls measured with water, formamide, and diiodomethane",PLA-C adsorption layer on PTFE,polymer,PTFE,PLA adsorption,PLA-C adsorption layer on PTFE; Table 4 contact angles for PLA interfacial adsorption study,PLA adsorption layer,smooth,,,,38.52,32.28,6.24,,,,apparent OWRK features recalculated from same-source multi-liquid contact angles for v3.4 source-disjoint external; not an independent surface-energy measurement,inferred_from_contact_angles,diiodomethane,nonpolar,50.8,48.5,2.3,48.5,0,0,2.8,1,5.3,standard literature values at approximately 20-25 C unless source reports otherwise,298.15,,1,47.6,static,sessile_drop,,,,,,unknown,PLA-C adsorption layer on PTFE; Table 4 contact angles for PLA interfacial adsorption study,A_high,no,source_disjoint_external,,none,2026-05-18,source_disjoint_external,SDX008,unique_or_condition_distinct_keep
CA0572,v3.4,verified,literature,Effect of Poly(lactic acid) on the Properties of Water/Oil Interfaces and Emulsion Films,Szczepaniak et al.,2021,10.3390/polym13244289,https://doi.org/10.3390/polym13244289,"Table 4 direct values; PLA adsorption layers and substrate controls measured with water, formamide, and diiodomethane",PLA-C adsorption layer on silicone,polymer,silicone,PLA adsorption,PLA-C adsorption layer on silicone; Table 4 contact angles for PLA interfacial adsorption study,PLA adsorption layer,smooth,,,,32.53,20.55,11.97,,,,apparent OWRK features recalculated from same-source multi-liquid contact angles for v3.4 source-disjoint external; not an independent surface-energy measurement,inferred_from_contact_angles,water,polar,72.8,21.8,51,21.8,25.5,25.5,0.89,1.85,78.4,standard literature values at approximately 20-25 C unless source reports otherwise,298.15,,1,73.7,static,sessile_drop,,,,,,unknown,PLA-C adsorption layer on silicone; Table 4 contact angles for PLA interfacial adsorption study,A_high,no,source_disjoint_external,,none,2026-05-18,source_disjoint_external,SDX008,unique_or_condition_distinct_keep
CA0573,v3.4,verified,literature,Effect of Poly(lactic acid) on the Properties of Water/Oil Interfaces and Emulsion Films,Szczepaniak et al.,2021,10.3390/polym13244289,https://doi.org/10.3390/polym13244289,"Table 4 direct values; PLA adsorption layers and substrate controls measured with water, formamide, and diiodomethane",PLA-C adsorption layer on silicone,polymer,silicone,PLA adsorption,PLA-C adsorption layer on silicone; Table 4 contact angles for PLA interfacial adsorption study,PLA adsorption layer,smooth,,,,32.53,20.55,11.97,,,,apparent OWRK features recalculated from same-source multi-liquid contact angles for v3.4 source-disjoint external; not an independent surface-energy measurement,inferred_from_contact_angles,formamide,polar,58,39,19,39,2.28,39.6,3.3,3.73,111,standard literature values at approximately 20-25 C unless source reports otherwise,298.15,,1,63.6,static,sessile_drop,,,,,,unknown,PLA-C adsorption layer on silicone; Table 4 contact angles for PLA interfacial adsorption study,A_high,no,source_disjoint_external,,none,2026-05-18,source_disjoint_external,SDX008,unique_or_condition_distinct_keep
CA0574,v3.4,verified,literature,Effect of Poly(lactic acid) on the Properties of Water/Oil Interfaces and Emulsion Films,Szczepaniak et al.,2021,10.3390/polym13244289,https://doi.org/10.3390/polym13244289,"Table 4 direct values; PLA adsorption layers and substrate controls measured with water, formamide, and diiodomethane",PLA-C adsorption layer on silicone,polymer,silicone,PLA adsorption,PLA-C adsorption layer on silicone; Table 4 contact angles for PLA interfacial adsorption study,PLA adsorption layer,smooth,,,,32.53,20.55,11.97,,,,apparent OWRK features recalculated from same-source multi-liquid contact angles for v3.4 source-disjoint external; not an independent surface-energy measurement,inferred_from_contact_angles,diiodomethane,nonpolar,50.8,48.5,2.3,48.5,0,0,2.8,1,5.3,standard literature values at approximately 20-25 C unless source reports otherwise,298.15,,1,61.1,static,sessile_drop,,,,,,unknown,PLA-C adsorption layer on silicone; Table 4 contact angles for PLA interfacial adsorption study,A_high,no,source_disjoint_external,,none,2026-05-18,source_disjoint_external,SDX008,unique_or_condition_distinct_keep
CA0575,v3.4,verified,literature,Surface Energy of Microcrystalline Cellulose Determined by Capillary Intrusion and Inverse Gas Chromatography,Douroumis et al.,2008,10.1208/s12248-008-9057-0,https://doi.org/10.1208/s12248-008-9057-0,"Table II direct values; microcrystalline cellulose powder columns measured with water, ethylene glycol, and diiodomethane",Ankit microcrystalline cellulose powder column,cellulose,microcrystalline cellulose powder,powder_column_capillary_intrusion,Ankit microcrystalline cellulose powder column; Table II capillary intrusion contact angles,,porous_powder,,,,54.74,23.36,31.37,,,,apparent OWRK features recalculated from same-source multi-liquid contact angles for v3.4 source-disjoint external; not an independent surface-energy measurement,inferred_from_contact_angles,water,polar,72.8,21.8,51,21.8,25.5,25.5,0.89,1.85,78.4,standard literature values at approximately 20-25 C unless source reports otherwise,298.15,,1,36.2,static,capillary_intrusion,,,,,,unknown,Ankit microcrystalline cellulose powder column; Table II capillary intrusion contact angles,A_high,no,source_disjoint_external,,none,2026-05-18,source_disjoint_external,SDX003,unique_or_condition_distinct_keep
CA0576,v3.4,verified,literature,Surface Energy of Microcrystalline Cellulose Determined by Capillary Intrusion and Inverse Gas Chromatography,Douroumis et al.,2008,10.1208/s12248-008-9057-0,https://doi.org/10.1208/s12248-008-9057-0,"Table II direct values; microcrystalline cellulose powder columns measured with water, ethylene glycol, and diiodomethane",Ankit microcrystalline cellulose powder column,cellulose,microcrystalline cellulose powder,powder_column_capillary_intrusion,Ankit microcrystalline cellulose powder column; Table II capillary intrusion contact angles,,porous_powder,,,,54.74,23.36,31.37,,,,apparent OWRK features recalculated from same-source multi-liquid contact angles for v3.4 source-disjoint external; not an independent surface-energy measurement,inferred_from_contact_angles,ethylene glycol,polar,48,29,19,29,1.92,47,16.1,2.28,37,standard literature values at approximately 20-25 C unless source reports otherwise,298.15,,1,32.3,static,capillary_intrusion,,,,,,unknown,Ankit microcrystalline cellulose powder column; Table II capillary intrusion contact angles,A_high,no,source_disjoint_external,,none,2026-05-18,source_disjoint_external,SDX003,unique_or_condition_distinct_keep
CA0577,v3.4,verified,literature,Surface Energy of Microcrystalline Cellulose Determined by Capillary Intrusion and Inverse Gas Chromatography,Douroumis et al.,2008,10.1208/s12248-008-9057-0,https://doi.org/10.1208/s12248-008-9057-0,"Table II direct values; microcrystalline cellulose powder columns measured with water, ethylene glycol, and diiodomethane",Ankit microcrystalline cellulose powder column,cellulose,microcrystalline cellulose powder,powder_column_capillary_intrusion,Ankit microcrystalline cellulose powder column; Table II capillary intrusion contact angles,,porous_powder,,,,54.74,23.36,31.37,,,,apparent OWRK features recalculated from same-source multi-liquid contact angles for v3.4 source-disjoint external; not an independent surface-energy measurement,inferred_from_contact_angles,diiodomethane,nonpolar,50.8,48.5,2.3,48.5,0,0,2.8,1,5.3,standard literature values at approximately 20-25 C unless source reports otherwise,298.15,,1,40.3,static,capillary_intrusion,,,,,,unknown,Ankit microcrystalline cellulose powder column; Table II capillary intrusion contact angles,A_high,no,source_disjoint_external,,none,2026-05-18,source_disjoint_external,SDX003,unique_or_condition_distinct_keep
CA0578,v3.4,verified,literature,Surface Energy of Microcrystalline Cellulose Determined by Capillary Intrusion and Inverse Gas Chromatography,Douroumis et al.,2008,10.1208/s12248-008-9057-0,https://doi.org/10.1208/s12248-008-9057-0,"Table II direct values; microcrystalline cellulose powder columns measured with water, ethylene glycol, and diiodomethane",Emcocel 90M microcrystalline cellulose powder column,cellulose,microcrystalline cellulose powder,powder_column_capillary_intrusion,Emcocel 90M microcrystalline cellulose powder column; Table II capillary intrusion contact angles,,porous_powder,,,,58.29,25.62,32.67,,,,apparent OWRK features recalculated from same-source multi-liquid contact angles for v3.4 source-disjoint external; not an independent surface-energy measurement,inferred_from_contact_angles,water,polar,72.8,21.8,51,21.8,25.5,25.5,0.89,1.85,78.4,standard literature values at approximately 20-25 C unless source reports otherwise,298.15,,1,30,static,capillary_intrusion,,,,,,unknown,Emcocel 90M microcrystalline cellulose powder column; Table II capillary intrusion contact angles,A_high,no,source_disjoint_external,,none,2026-05-18,source_disjoint_external,SDX003,unique_or_condition_distinct_keep
CA0579,v3.4,verified,literature,Surface Energy of Microcrystalline Cellulose Determined by Capillary Intrusion and Inverse Gas Chromatography,Douroumis et al.,2008,10.1208/s12248-008-9057-0,https://doi.org/10.1208/s12248-008-9057-0,"Table II direct values; microcrystalline cellulose powder columns measured with water, ethylene glycol, and diiodomethane",Emcocel 90M microcrystalline cellulose powder column,cellulose,microcrystalline cellulose powder,powder_column_capillary_intrusion,Emcocel 90M microcrystalline cellulose powder column; Table II capillary intrusion contact angles,,porous_powder,,,,58.29,25.62,32.67,,,,apparent OWRK features recalculated from same-source multi-liquid contact angles for v3.4 source-disjoint external; not an independent surface-energy measurement,inferred_from_contact_angles,ethylene glycol,polar,48,29,19,29,1.92,47,16.1,2.28,37,standard literature values at approximately 20-25 C unless source reports otherwise,298.15,,1,26.4,static,capillary_intrusion,,,,,,unknown,Emcocel 90M microcrystalline cellulose powder column; Table II capillary intrusion contact angles,A_high,no,source_disjoint_external,,none,2026-05-18,source_disjoint_external,SDX003,unique_or_condition_distinct_keep
CA0580,v3.4,verified,literature,Surface Energy of Microcrystalline Cellulose Determined by Capillary Intrusion and Inverse Gas Chromatography,Douroumis et al.,2008,10.1208/s12248-008-9057-0,https://doi.org/10.1208/s12248-008-9057-0,"Table II direct values; microcrystalline cellulose powder columns measured with water, ethylene glycol, and diiodomethane",Emcocel 90M microcrystalline cellulose powder column,cellulose,microcrystalline cellulose powder,powder_column_capillary_intrusion,Emcocel 90M microcrystalline cellulose powder column; Table II capillary intrusion contact angles,,porous_powder,,,,58.29,25.62,32.67,,,,apparent OWRK features recalculated from same-source multi-liquid contact angles for v3.4 source-disjoint external; not an independent surface-energy measurement,inferred_from_contact_angles,diiodomethane,nonpolar,50.8,48.5,2.3,48.5,0,0,2.8,1,5.3,standard literature values at approximately 20-25 C unless source reports otherwise,298.15,,1,32.8,static,capillary_intrusion,,,,,,unknown,Emcocel 90M microcrystalline cellulose powder column; Table II capillary intrusion contact angles,A_high,no,source_disjoint_external,,none,2026-05-18,source_disjoint_external,SDX003,unique_or_condition_distinct_keep
CA0581,v3.4,verified,literature,Nanoscale Investigation of Pathogenic Microbial Adhesion to a Biomaterial,Vadillo-Rodriguez et al.,2004,10.1073/pnas.0403269102,https://doi.org/10.1073/pnas.0403269102,"Table 2 direct values; microbial lawns measured with water, formamide, and diiodomethane",Staphylococcus epidermidis microbial lawn,biomaterial,microbial lawn on membrane filter,hydrated_microbial_lawn,Staphylococcus epidermidis microbial lawn; Table 2 microbial surface contact angles,,biological_surface,,,,46.65,27.22,19.43,,,,apparent OWRK features recalculated from same-source multi-liquid contact angles for v3.4 source-disjoint external; not an independent surface-energy measurement,inferred_from_contact_angles,water,polar,72.8,21.8,51,21.8,25.5,25.5,0.89,1.85,78.4,standard literature values at approximately 20-25 C unless source reports otherwise,298.15,,1,58.3,static,sessile_drop,,,1.4,,,unknown,Staphylococcus epidermidis microbial lawn; Table 2 microbial surface contact angles,A_high,no,source_disjoint_external,,none,2026-05-18,source_disjoint_external,SDX002,unique_or_condition_distinct_keep
CA0582,v3.4,verified,literature,Nanoscale Investigation of Pathogenic Microbial Adhesion to a Biomaterial,Vadillo-Rodriguez et al.,2004,10.1073/pnas.0403269102,https://doi.org/10.1073/pnas.0403269102,"Table 2 direct values; microbial lawns measured with water, formamide, and diiodomethane",Staphylococcus epidermidis microbial lawn,biomaterial,microbial lawn on membrane filter,hydrated_microbial_lawn,Staphylococcus epidermidis microbial lawn; Table 2 microbial surface contact angles,,biological_surface,,,,46.65,27.22,19.43,,,,apparent OWRK features recalculated from same-source multi-liquid contact angles for v3.4 source-disjoint external; not an independent surface-energy measurement,inferred_from_contact_angles,formamide,polar,58,39,19,39,2.28,39.6,3.3,3.73,111,standard literature values at approximately 20-25 C unless source reports otherwise,298.15,,1,36.1,static,sessile_drop,,,2.7,,,unknown,Staphylococcus epidermidis microbial lawn; Table 2 microbial surface contact angles,A_high,no,source_disjoint_external,,none,2026-05-18,source_disjoint_external,SDX002,unique_or_condition_distinct_keep
CA0583,v3.4,verified,literature,Nanoscale Investigation of Pathogenic Microbial Adhesion to a Biomaterial,Vadillo-Rodriguez et al.,2004,10.1073/pnas.0403269102,https://doi.org/10.1073/pnas.0403269102,"Table 2 direct values; microbial lawns measured with water, formamide, and diiodomethane",Staphylococcus epidermidis microbial lawn,biomaterial,microbial lawn on membrane filter,hydrated_microbial_lawn,Staphylococcus epidermidis microbial lawn; Table 2 microbial surface contact angles,,biological_surface,,,,46.65,27.22,19.43,,,,apparent OWRK features recalculated from same-source multi-liquid contact angles for v3.4 source-disjoint external; not an independent surface-energy measurement,inferred_from_contact_angles,diiodomethane,nonpolar,50.8,48.5,2.3,48.5,0,0,2.8,1,5.3,standard literature values at approximately 20-25 C unless source reports otherwise,298.15,,1,47.2,static,sessile_drop,,,5.8,,,unknown,Staphylococcus epidermidis microbial lawn; Table 2 microbial surface contact angles,A_high,no,source_disjoint_external,,none,2026-05-18,source_disjoint_external,SDX002,unique_or_condition_distinct_keep
CA0584,v3.4,verified,literature,Nanoscale Investigation of Pathogenic Microbial Adhesion to a Biomaterial,Vadillo-Rodriguez et al.,2004,10.1073/pnas.0403269102,https://doi.org/10.1073/pnas.0403269102,"Table 2 direct values; microbial lawns measured with water, formamide, and diiodomethane",Pseudomonas aeruginosa microbial lawn,biomaterial,microbial lawn on membrane filter,hydrated_microbial_lawn,Pseudomonas aeruginosa microbial lawn; Table 2 microbial surface contact angles,,biological_surface,,,,36.82,33.34,3.47,,,,apparent OWRK features recalculated from same-source multi-liquid contact angles for v3.4 source-disjoint external; not an independent surface-energy measurement,inferred_from_contact_angles,water,polar,72.8,21.8,51,21.8,25.5,25.5,0.89,1.85,78.4,standard literature values at approximately 20-25 C unless source reports otherwise,298.15,,1,83.8,static,sessile_drop,,,6,,,unknown,Pseudomonas aeruginosa microbial lawn; Table 2 microbial surface contact angles,A_high,no,source_disjoint_external,,none,2026-05-18,source_disjoint_external,SDX002,unique_or_condition_distinct_keep
CA0585,v3.4,verified,literature,Nanoscale Investigation of Pathogenic Microbial Adhesion to a Biomaterial,Vadillo-Rodriguez et al.,2004,10.1073/pnas.0403269102,https://doi.org/10.1073/pnas.0403269102,"Table 2 direct values; microbial lawns measured with water, formamide, and diiodomethane",Pseudomonas aeruginosa microbial lawn,biomaterial,microbial lawn on membrane filter,hydrated_microbial_lawn,Pseudomonas aeruginosa microbial lawn; Table 2 microbial surface contact angles,,biological_surface,,,,36.82,33.34,3.47,,,,apparent OWRK features recalculated from same-source multi-liquid contact angles for v3.4 source-disjoint external; not an independent surface-energy measurement,inferred_from_contact_angles,formamide,polar,58,39,19,39,2.28,39.6,3.3,3.73,111,standard literature values at approximately 20-25 C unless source reports otherwise,298.15,,1,58.7,static,sessile_drop,,,6.4,,,unknown,Pseudomonas aeruginosa microbial lawn; Table 2 microbial surface contact angles,A_high,no,source_disjoint_external,,none,2026-05-18,source_disjoint_external,SDX002,unique_or_condition_distinct_keep
CA0586,v3.4,verified,literature,Nanoscale Investigation of Pathogenic Microbial Adhesion to a Biomaterial,Vadillo-Rodriguez et al.,2004,10.1073/pnas.0403269102,https://doi.org/10.1073/pnas.0403269102,"Table 2 direct values; microbial lawns measured with water, formamide, and diiodomethane",Pseudomonas aeruginosa microbial lawn,biomaterial,microbial lawn on membrane filter,hydrated_microbial_lawn,Pseudomonas aeruginosa microbial lawn; Table 2 microbial surface contact angles,,biological_surface,,,,36.82,33.34,3.47,,,,apparent OWRK features recalculated from same-source multi-liquid contact angles for v3.4 source-disjoint external; not an independent surface-energy measurement,inferred_from_contact_angles,diiodomethane,nonpolar,50.8,48.5,2.3,48.5,0,0,2.8,1,5.3,standard literature values at approximately 20-25 C unless source reports otherwise,298.15,,1,45.8,static,sessile_drop,,,6.5,,,unknown,Pseudomonas aeruginosa microbial lawn; Table 2 microbial surface contact angles,A_high,no,source_disjoint_external,,none,2026-05-18,source_disjoint_external,SDX002,unique_or_condition_distinct_keep
CA0587,v3.4,verified,literature,Nanostructured superhydrophobic films synthesized by electrodeposition of fluorinated polyindoles,Sivakumar et al.,2015,10.3762/bjnano.6.212,https://doi.org/10.3762/bjnano.6.212,"Table 1 direct values; electrodeposited polyindole films measured with water, diiodomethane, sunflower oil, and hexadecane",smooth PIndole film,polymer,electrodeposited polyindole film,electrodeposition,smooth PIndole film; smooth-film Table 4 roughness/contact angles,fluorinated polyindole film,smooth_nanostructured,6.3,8.8,,35.73,29.7,6.03,,,,apparent OWRK features recalculated from same-source multi-liquid contact angles for v3.4 source-disjoint external; not an independent surface-energy measurement,inferred_from_contact_angles,water,polar,72.8,21.8,51,21.8,25.5,25.5,0.89,1.85,78.4,standard literature values at approximately 20-25 C unless source reports otherwise,298.15,,1,79.9,static,sessile_drop,,,,,,unknown,smooth PIndole film; smooth-film Table 4 roughness/contact angles,A_high,no,source_disjoint_external,,none,2026-05-18,source_disjoint_external,SDX010,unique_or_condition_distinct_keep
CA0588,v3.4,verified,literature,Nanostructured superhydrophobic films synthesized by electrodeposition of fluorinated polyindoles,Sivakumar et al.,2015,10.3762/bjnano.6.212,https://doi.org/10.3762/bjnano.6.212,"Table 1 direct values; electrodeposited polyindole films measured with water, diiodomethane, sunflower oil, and hexadecane",smooth PIndole film,polymer,electrodeposited polyindole film,electrodeposition,smooth PIndole film; smooth-film Table 4 roughness/contact angles,fluorinated polyindole film,smooth_nanostructured,6.3,8.8,,35.73,29.7,6.03,,,,apparent OWRK features recalculated from same-source multi-liquid contact angles for v3.4 source-disjoint external; not an independent surface-energy measurement,inferred_from_contact_angles,diiodomethane,nonpolar,50.8,48.5,2.3,48.5,0,0,2.8,1,5.3,standard literature values at approximately 20-25 C unless source reports otherwise,298.15,,1,47.3,static,sessile_drop,,,,,,unknown,smooth PIndole film; smooth-film Table 4 roughness/contact angles,A_high,no,source_disjoint_external,,none,2026-05-18,source_disjoint_external,SDX010,unique_or_condition_distinct_keep
CA0589,v3.4,verified,literature,Nanostructured superhydrophobic films synthesized by electrodeposition of fluorinated polyindoles,Sivakumar et al.,2015,10.3762/bjnano.6.212,https://doi.org/10.3762/bjnano.6.212,"Table 1 direct values; electrodeposited polyindole films measured with water, diiodomethane, sunflower oil, and hexadecane",smooth PIndole film,polymer,electrodeposited polyindole film,electrodeposition,smooth PIndole film; smooth-film Table 4 roughness/contact angles,fluorinated polyindole film,smooth_nanostructured,6.3,8.8,,35.73,29.7,6.03,,,,apparent OWRK features recalculated from same-source multi-liquid contact angles for v3.4 source-disjoint external; not an independent surface-energy measurement,inferred_from_contact_angles,hexadecane,nonpolar,27.5,27.5,0,27.5,0,0,3,0,2.1,standard literature values at approximately 20-25 C unless source reports otherwise,298.15,,1,0,static,sessile_drop,,,,,,unknown,smooth PIndole film; smooth-film Table 4 roughness/contact angles,A_high,no,source_disjoint_external,,none,2026-05-18,source_disjoint_external,SDX010,unique_or_condition_distinct_keep
CA0590,v3.4,verified,literature,Nanostructured superhydrophobic films synthesized by electrodeposition of fluorinated polyindoles,Sivakumar et al.,2015,10.3762/bjnano.6.212,https://doi.org/10.3762/bjnano.6.212,"Table 1 direct values; electrodeposited polyindole films measured with water, diiodomethane, sunflower oil, and hexadecane",smooth PIndole-4-F6 film,polymer,electrodeposited polyindole film,electrodeposition,smooth PIndole-4-F6 film; smooth-film Table 4 roughness/contact angles,fluorinated polyindole film,smooth_nanostructured,6.6,9.5,,30.37,29.48,0.89,,,,apparent OWRK features recalculated from same-source multi-liquid contact angles for v3.4 source-disjoint external; not an independent surface-energy measurement,inferred_from_contact_angles,water,polar,72.8,21.8,51,21.8,25.5,25.5,0.89,1.85,78.4,standard literature values at approximately 20-25 C unless source reports otherwise,298.15,,1,97.5,static,sessile_drop,,,,,,unknown,smooth PIndole-4-F6 film; smooth-film Table 4 roughness/contact angles,A_high,no,source_disjoint_external,,none,2026-05-18,source_disjoint_external,SDX010,unique_or_condition_distinct_keep
CA0591,v3.4,verified,literature,Nanostructured superhydrophobic films synthesized by electrodeposition of fluorinated polyindoles,Sivakumar et al.,2015,10.3762/bjnano.6.212,https://doi.org/10.3762/bjnano.6.212,"Table 1 direct values; electrodeposited polyindole films measured with water, diiodomethane, sunflower oil, and hexadecane",smooth PIndole-4-F6 film,polymer,electrodeposited polyindole film,electrodeposition,smooth PIndole-4-F6 film; smooth-film Table 4 roughness/contact angles,fluorinated polyindole film,smooth_nanostructured,6.6,9.5,,30.37,29.48,0.89,,,,apparent OWRK features recalculated from same-source multi-liquid contact angles for v3.4 source-disjoint external; not an independent surface-energy measurement,inferred_from_contact_angles,diiodomethane,nonpolar,50.8,48.5,2.3,48.5,0,0,2.8,1,5.3,standard literature values at approximately 20-25 C unless source reports otherwise,298.15,,1,51.3,static,sessile_drop,,,,,,unknown,smooth PIndole-4-F6 film; smooth-film Table 4 roughness/contact angles,A_high,no,source_disjoint_external,,none,2026-05-18,source_disjoint_external,SDX010,unique_or_condition_distinct_keep
CA0592,v3.4,verified,literature,Nanostructured superhydrophobic films synthesized by electrodeposition of fluorinated polyindoles,Sivakumar et al.,2015,10.3762/bjnano.6.212,https://doi.org/10.3762/bjnano.6.212,"Table 1 direct values; electrodeposited polyindole films measured with water, diiodomethane, sunflower oil, and hexadecane",smooth PIndole-4-F6 film,polymer,electrodeposited polyindole film,electrodeposition,smooth PIndole-4-F6 film; smooth-film Table 4 roughness/contact angles,fluorinated polyindole film,smooth_nanostructured,6.6,9.5,,30.37,29.48,0.89,,,,apparent OWRK features recalculated from same-source multi-liquid contact angles for v3.4 source-disjoint external; not an independent surface-energy measurement,inferred_from_contact_angles,hexadecane,nonpolar,27.5,27.5,0,27.5,0,0,3,0,2.1,standard literature values at approximately 20-25 C unless source reports otherwise,298.15,,1,25.6,static,sessile_drop,,,,,,unknown,smooth PIndole-4-F6 film; smooth-film Table 4 roughness/contact angles,A_high,no,source_disjoint_external,,none,2026-05-18,source_disjoint_external,SDX010,unique_or_condition_distinct_keep
CA0593,v3.4,verified,literature,Nanostructured superhydrophobic films synthesized by electrodeposition of fluorinated polyindoles,Sivakumar et al.,2015,10.3762/bjnano.6.212,https://doi.org/10.3762/bjnano.6.212,"Table 1 direct values; electrodeposited polyindole films measured with water, diiodomethane, sunflower oil, and hexadecane",smooth PIndole-4-F4 film,polymer,electrodeposited polyindole film,electrodeposition,smooth PIndole-4-F4 film; smooth-film Table 4 roughness/contact angles,fluorinated polyindole film,smooth_nanostructured,7.3,9.4,,38.88,33.1,5.78,,,,apparent OWRK features recalculated from same-source multi-liquid contact angles for v3.4 source-disjoint external; not an independent surface-energy measurement,inferred_from_contact_angles,water,polar,72.8,21.8,51,21.8,25.5,25.5,0.89,1.85,78.4,standard literature values at approximately 20-25 C unless source reports otherwise,298.15,,1,78.7,static,sessile_drop,,,,,,unknown,smooth PIndole-4-F4 film; smooth-film Table 4 roughness/contact angles,A_high,no,source_disjoint_external,,none,2026-05-18,source_disjoint_external,SDX010,unique_or_condition_distinct_keep
CA0594,v3.4,verified,literature,Nanostructured superhydrophobic films synthesized by electrodeposition of fluorinated polyindoles,Sivakumar et al.,2015,10.3762/bjnano.6.212,https://doi.org/10.3762/bjnano.6.212,"Table 1 direct values; electrodeposited polyindole films measured with water, diiodomethane, sunflower oil, and hexadecane",smooth PIndole-4-F4 film,polymer,electrodeposited polyindole film,electrodeposition,smooth PIndole-4-F4 film; smooth-film Table 4 roughness/contact angles,fluorinated polyindole film,smooth_nanostructured,7.3,9.4,,38.88,33.1,5.78,,,,apparent OWRK features recalculated from same-source multi-liquid contact angles for v3.4 source-disjoint external; not an independent surface-energy measurement,inferred_from_contact_angles,diiodomethane,nonpolar,50.8,48.5,2.3,48.5,0,0,2.8,1,5.3,standard literature values at approximately 20-25 C unless source reports otherwise,298.15,,1,35.6,static,sessile_drop,,,,,,unknown,smooth PIndole-4-F4 film; smooth-film Table 4 roughness/contact angles,A_high,no,source_disjoint_external,,none,2026-05-18,source_disjoint_external,SDX010,unique_or_condition_distinct_keep
CA0595,v3.4,verified,literature,Nanostructured superhydrophobic films synthesized by electrodeposition of fluorinated polyindoles,Sivakumar et al.,2015,10.3762/bjnano.6.212,https://doi.org/10.3762/bjnano.6.212,"Table 1 direct values; electrodeposited polyindole films measured with water, diiodomethane, sunflower oil, and hexadecane",smooth PIndole-4-F4 film,polymer,electrodeposited polyindole film,electrodeposition,smooth PIndole-4-F4 film; smooth-film Table 4 roughness/contact angles,fluorinated polyindole film,smooth_nanostructured,7.3,9.4,,38.88,33.1,5.78,,,,apparent OWRK features recalculated from same-source multi-liquid contact angles for v3.4 source-disjoint external; not an independent surface-energy measurement,inferred_from_contact_angles,hexadecane,nonpolar,27.5,27.5,0,27.5,0,0,3,0,2.1,standard literature values at approximately 20-25 C unless source reports otherwise,298.15,,1,0,static,sessile_drop,,,,,,unknown,smooth PIndole-4-F4 film; smooth-film Table 4 roughness/contact angles,A_high,no,source_disjoint_external,,none,2026-05-18,source_disjoint_external,SDX010,unique_or_condition_distinct_keep
CA0596,v3.4,verified,literature,Nanostructured superhydrophobic films synthesized by electrodeposition of fluorinated polyindoles,Sivakumar et al.,2015,10.3762/bjnano.6.212,https://doi.org/10.3762/bjnano.6.212,"Table 1 direct values; electrodeposited polyindole films measured with water, diiodomethane, sunflower oil, and hexadecane",smooth PIndole-5-F6 film,polymer,electrodeposited polyindole film,electrodeposition,smooth PIndole-5-F6 film; smooth-film Table 4 roughness/contact angles,fluorinated polyindole film,smooth_nanostructured,6.4,9.8,,26.43,24.8,1.63,,,,apparent OWRK features recalculated from same-source multi-liquid contact angles for v3.4 source-disjoint external; not an independent surface-energy measurement,inferred_from_contact_angles,water,polar,72.8,21.8,51,21.8,25.5,25.5,0.89,1.85,78.4,standard literature values at approximately 20-25 C unless source reports otherwise,298.15,,1,96.8,static,sessile_drop,,,,,,unknown,smooth PIndole-5-F6 film; smooth-film Table 4 roughness/contact angles,A_high,no,source_disjoint_external,,none,2026-05-18,source_disjoint_external,SDX010,unique_or_condition_distinct_keep
CA0597,v3.4,verified,literature,Nanostructured superhydrophobic films synthesized by electrodeposition of fluorinated polyindoles,Sivakumar et al.,2015,10.3762/bjnano.6.212,https://doi.org/10.3762/bjnano.6.212,"Table 1 direct values; electrodeposited polyindole films measured with water, diiodomethane, sunflower oil, and hexadecane",smooth PIndole-5-F6 film,polymer,electrodeposited polyindole film,electrodeposition,smooth PIndole-5-F6 film; smooth-film Table 4 roughness/contact angles,fluorinated polyindole film,smooth_nanostructured,6.4,9.8,,26.43,24.8,1.63,,,,apparent OWRK features recalculated from same-source multi-liquid contact angles for v3.4 source-disjoint external; not an independent surface-energy measurement,inferred_from_contact_angles,diiodomethane,nonpolar,50.8,48.5,2.3,48.5,0,0,2.8,1,5.3,standard literature values at approximately 20-25 C unless source reports otherwise,298.15,,1,60.4,static,sessile_drop,,,,,,unknown,smooth PIndole-5-F6 film; smooth-film Table 4 roughness/contact angles,A_high,no,source_disjoint_external,,none,2026-05-18,source_disjoint_external,SDX010,unique_or_condition_distinct_keep
CA0598,v3.4,verified,literature,Nanostructured superhydrophobic films synthesized by electrodeposition of fluorinated polyindoles,Sivakumar et al.,2015,10.3762/bjnano.6.212,https://doi.org/10.3762/bjnano.6.212,"Table 1 direct values; electrodeposited polyindole films measured with water, diiodomethane, sunflower oil, and hexadecane",smooth PIndole-5-F6 film,polymer,electrodeposited polyindole film,electrodeposition,smooth PIndole-5-F6 film; smooth-film Table 4 roughness/contact angles,fluorinated polyindole film,smooth_nanostructured,6.4,9.8,,26.43,24.8,1.63,,,,apparent OWRK features recalculated from same-source multi-liquid contact angles for v3.4 source-disjoint external; not an independent surface-energy measurement,inferred_from_contact_angles,hexadecane,nonpolar,27.5,27.5,0,27.5,0,0,3,0,2.1,standard literature values at approximately 20-25 C unless source reports otherwise,298.15,,1,37.9,static,sessile_drop,,,,,,unknown,smooth PIndole-5-F6 film; smooth-film Table 4 roughness/contact angles,A_high,no,source_disjoint_external,,none,2026-05-18,source_disjoint_external,SDX010,unique_or_condition_distinct_keep
CA0599,v3.4,verified,literature,Nanostructured superhydrophobic films synthesized by electrodeposition of fluorinated polyindoles,Sivakumar et al.,2015,10.3762/bjnano.6.212,https://doi.org/10.3762/bjnano.6.212,"Table 1 direct values; electrodeposited polyindole films measured with water, diiodomethane, sunflower oil, and hexadecane",smooth PIndole-5-F4 film,polymer,electrodeposited polyindole film,electrodeposition,smooth PIndole-5-F4 film; smooth-film Table 4 roughness/contact angles,fluorinated polyindole film,smooth_nanostructured,6.3,8.1,,35.87,30.68,5.19,,,,apparent OWRK features recalculated from same-source multi-liquid contact angles for v3.4 source-disjoint external; not an independent surface-energy measurement,inferred_from_contact_angles,water,polar,72.8,21.8,51,21.8,25.5,25.5,0.89,1.85,78.4,standard literature values at approximately 20-25 C unless source reports otherwise,298.15,,1,81.4,static,sessile_drop,,,,,,unknown,smooth PIndole-5-F4 film; smooth-film Table 4 roughness/contact angles,A_high,no,source_disjoint_external,,none,2026-05-18,source_disjoint_external,SDX010,unique_or_condition_distinct_keep
CA0600,v3.4,verified,literature,Nanostructured superhydrophobic films synthesized by electrodeposition of fluorinated polyindoles,Sivakumar et al.,2015,10.3762/bjnano.6.212,https://doi.org/10.3762/bjnano.6.212,"Table 1 direct values; electrodeposited polyindole films measured with water, diiodomethane, sunflower oil, and hexadecane",smooth PIndole-5-F4 film,polymer,electrodeposited polyindole film,electrodeposition,smooth PIndole-5-F4 film; smooth-film Table 4 roughness/contact angles,fluorinated polyindole film,smooth_nanostructured,6.3,8.1,,35.87,30.68,5.19,,,,apparent OWRK features recalculated from same-source multi-liquid contact angles for v3.4 source-disjoint external; not an independent surface-energy measurement,inferred_from_contact_angles,diiodomethane,nonpolar,50.8,48.5,2.3,48.5,0,0,2.8,1,5.3,standard literature values at approximately 20-25 C unless source reports otherwise,298.15,,1,44.9,static,sessile_drop,,,,,,unknown,smooth PIndole-5-F4 film; smooth-film Table 4 roughness/contact angles,A_high,no,source_disjoint_external,,none,2026-05-18,source_disjoint_external,SDX010,unique_or_condition_distinct_keep
CA0601,v3.4,verified,literature,Nanostructured superhydrophobic films synthesized by electrodeposition of fluorinated polyindoles,Sivakumar et al.,2015,10.3762/bjnano.6.212,https://doi.org/10.3762/bjnano.6.212,"Table 1 direct values; electrodeposited polyindole films measured with water, diiodomethane, sunflower oil, and hexadecane",smooth PIndole-5-F4 film,polymer,electrodeposited polyindole film,electrodeposition,smooth PIndole-5-F4 film; smooth-film Table 4 roughness/contact angles,fluorinated polyindole film,smooth_nanostructured,6.3,8.1,,35.87,30.68,5.19,,,,apparent OWRK features recalculated from same-source multi-liquid contact angles for v3.4 source-disjoint external; not an independent surface-energy measurement,inferred_from_contact_angles,hexadecane,nonpolar,27.5,27.5,0,27.5,0,0,3,0,2.1,standard literature values at approximately 20-25 C unless source reports otherwise,298.15,,1,0,static,sessile_drop,,,,,,unknown,smooth PIndole-5-F4 film; smooth-film Table 4 roughness/contact angles,A_high,no,source_disjoint_external,,none,2026-05-18,source_disjoint_external,SDX010,unique_or_condition_distinct_keep
CA0602,v3.4,verified,literature,Nanostructured superhydrophobic films synthesized by electrodeposition of fluorinated polyindoles,Sivakumar et al.,2015,10.3762/bjnano.6.212,https://doi.org/10.3762/bjnano.6.212,"Table 1 direct values; electrodeposited polyindole films measured with water, diiodomethane, sunflower oil, and hexadecane",smooth PIndole-6-F6 film,polymer,electrodeposited polyindole film,electrodeposition,smooth PIndole-6-F6 film; smooth-film Table 4 roughness/contact angles,fluorinated polyindole film,smooth_nanostructured,6.8,9.5,,23.52,22.03,1.49,,,,apparent OWRK features recalculated from same-source multi-liquid contact angles for v3.4 source-disjoint external; not an independent surface-energy measurement,inferred_from_contact_angles,water,polar,72.8,21.8,51,21.8,25.5,25.5,0.89,1.85,78.4,standard literature values at approximately 20-25 C unless source reports otherwise,298.15,,1,99.4,static,sessile_drop,,,,,,unknown,smooth PIndole-6-F6 film; smooth-film Table 4 roughness/contact angles,A_high,no,source_disjoint_external,,none,2026-05-18,source_disjoint_external,SDX010,unique_or_condition_distinct_keep
CA0603,v3.4,verified,literature,Nanostructured superhydrophobic films synthesized by electrodeposition of fluorinated polyindoles,Sivakumar et al.,2015,10.3762/bjnano.6.212,https://doi.org/10.3762/bjnano.6.212,"Table 1 direct values; electrodeposited polyindole films measured with water, diiodomethane, sunflower oil, and hexadecane",smooth PIndole-6-F6 film,polymer,electrodeposited polyindole film,electrodeposition,smooth PIndole-6-F6 film; smooth-film Table 4 roughness/contact angles,fluorinated polyindole film,smooth_nanostructured,6.8,9.5,,23.52,22.03,1.49,,,,apparent OWRK features recalculated from same-source multi-liquid contact angles for v3.4 source-disjoint external; not an independent surface-energy measurement,inferred_from_contact_angles,diiodomethane,nonpolar,50.8,48.5,2.3,48.5,0,0,2.8,1,5.3,standard literature values at approximately 20-25 C unless source reports otherwise,298.15,,1,66.8,static,sessile_drop,,,,,,unknown,smooth PIndole-6-F6 film; smooth-film Table 4 roughness/contact angles,A_high,no,source_disjoint_external,,none,2026-05-18,source_disjoint_external,SDX010,unique_or_condition_distinct_keep
CA0604,v3.4,verified,literature,Nanostructured superhydrophobic films synthesized by electrodeposition of fluorinated polyindoles,Sivakumar et al.,2015,10.3762/bjnano.6.212,https://doi.org/10.3762/bjnano.6.212,"Table 1 direct values; electrodeposited polyindole films measured with water, diiodomethane, sunflower oil, and hexadecane",smooth PIndole-6-F6 film,polymer,electrodeposited polyindole film,electrodeposition,smooth PIndole-6-F6 film; smooth-film Table 4 roughness/contact angles,fluorinated polyindole film,smooth_nanostructured,6.8,9.5,,23.52,22.03,1.49,,,,apparent OWRK features recalculated from same-source multi-liquid contact angles for v3.4 source-disjoint external; not an independent surface-energy measurement,inferred_from_contact_angles,hexadecane,nonpolar,27.5,27.5,0,27.5,0,0,3,0,2.1,standard literature values at approximately 20-25 C unless source reports otherwise,298.15,,1,44.1,static,sessile_drop,,,,,,unknown,smooth PIndole-6-F6 film; smooth-film Table 4 roughness/contact angles,A_high,no,source_disjoint_external,,none,2026-05-18,source_disjoint_external,SDX010,unique_or_condition_distinct_keep
CA0605,v3.4,verified,literature,Nanostructured superhydrophobic films synthesized by electrodeposition of fluorinated polyindoles,Sivakumar et al.,2015,10.3762/bjnano.6.212,https://doi.org/10.3762/bjnano.6.212,"Table 1 direct values; electrodeposited polyindole films measured with water, diiodomethane, sunflower oil, and hexadecane",smooth PIndole-6-F4 film,polymer,electrodeposited polyindole film,electrodeposition,smooth PIndole-6-F4 film; smooth-film Table 4 roughness/contact angles,fluorinated polyindole film,smooth_nanostructured,7.8,10.1,,35.76,30.39,5.37,,,,apparent OWRK features recalculated from same-source multi-liquid contact angles for v3.4 source-disjoint external; not an independent surface-energy measurement,inferred_from_contact_angles,water,polar,72.8,21.8,51,21.8,25.5,25.5,0.89,1.85,78.4,standard literature values at approximately 20-25 C unless source reports otherwise,298.15,,1,81.1,static,sessile_drop,,,,,,unknown,smooth PIndole-6-F4 film; smooth-film Table 4 roughness/contact angles,A_high,no,source_disjoint_external,,none,2026-05-18,source_disjoint_external,SDX010,unique_or_condition_distinct_keep
CA0606,v3.4,verified,literature,Nanostructured superhydrophobic films synthesized by electrodeposition of fluorinated polyindoles,Sivakumar et al.,2015,10.3762/bjnano.6.212,https://doi.org/10.3762/bjnano.6.212,"Table 1 direct values; electrodeposited polyindole films measured with water, diiodomethane, sunflower oil, and hexadecane",smooth PIndole-6-F4 film,polymer,electrodeposited polyindole film,electrodeposition,smooth PIndole-6-F4 film; smooth-film Table 4 roughness/contact angles,fluorinated polyindole film,smooth_nanostructured,7.8,10.1,,35.76,30.39,5.37,,,,apparent OWRK features recalculated from same-source multi-liquid contact angles for v3.4 source-disjoint external; not an independent surface-energy measurement,inferred_from_contact_angles,diiodomethane,nonpolar,50.8,48.5,2.3,48.5,0,0,2.8,1,5.3,standard literature values at approximately 20-25 C unless source reports otherwise,298.15,,1,45.7,static,sessile_drop,,,,,,unknown,smooth PIndole-6-F4 film; smooth-film Table 4 roughness/contact angles,A_high,no,source_disjoint_external,,none,2026-05-18,source_disjoint_external,SDX010,unique_or_condition_distinct_keep
CA0607,v3.4,verified,literature,Nanostructured superhydrophobic films synthesized by electrodeposition of fluorinated polyindoles,Sivakumar et al.,2015,10.3762/bjnano.6.212,https://doi.org/10.3762/bjnano.6.212,"Table 1 direct values; electrodeposited polyindole films measured with water, diiodomethane, sunflower oil, and hexadecane",smooth PIndole-6-F4 film,polymer,electrodeposited polyindole film,electrodeposition,smooth PIndole-6-F4 film; smooth-film Table 4 roughness/contact angles,fluorinated polyindole film,smooth_nanostructured,7.8,10.1,,35.76,30.39,5.37,,,,apparent OWRK features recalculated from same-source multi-liquid contact angles for v3.4 source-disjoint external; not an independent surface-energy measurement,inferred_from_contact_angles,hexadecane,nonpolar,27.5,27.5,0,27.5,0,0,3,0,2.1,standard literature values at approximately 20-25 C unless source reports otherwise,298.15,,1,0,static,sessile_drop,,,,,,unknown,smooth PIndole-6-F4 film; smooth-film Table 4 roughness/contact angles,A_high,no,source_disjoint_external,,none,2026-05-18,source_disjoint_external,SDX010,unique_or_condition_distinct_keep
CA0608,v3.4,verified,literature,The Effect of Natural Additives on the Composting Properties of Aliphatic Polyesters,Plota et al.,2020,10.3390/polym12091856,https://doi.org/10.3390/polym12091856,"Table 2 direct values; PLA/PHA-based films measured with water, diiodomethane, and ethylene glycol before composting",PLA film before composting,polymer,PLA,extruded_film_before_composting,PLA film before composting; month 0 before composting; Table 1/2,,smooth,,,,43.49,30.4,13.08,,,,apparent OWRK features recalculated from same-source multi-liquid contact angles for v3.4 source-disjoint external; not an independent surface-energy measurement,inferred_from_contact_angles,water,polar,72.8,21.8,51,21.8,25.5,25.5,0.89,1.85,78.4,standard literature values at approximately 20-25 C unless source reports otherwise,303.15,60,1,61.3,static,sessile_drop,,,,,,unknown,PLA film before composting; month 0 before composting; Table 1/2,A_high,no,source_disjoint_external,,none,2026-05-18,source_disjoint_external,SDX007,unique_or_condition_distinct_keep
CA0609,v3.4,verified,literature,The Effect of Natural Additives on the Composting Properties of Aliphatic Polyesters,Plota et al.,2020,10.3390/polym12091856,https://doi.org/10.3390/polym12091856,"Table 2 direct values; PLA/PHA-based films measured with water, diiodomethane, and ethylene glycol before composting",PLA film before composting,polymer,PLA,extruded_film_before_composting,PLA film before composting; month 0 before composting; Table 1/2,,smooth,,,,43.49,30.4,13.08,,,,apparent OWRK features recalculated from same-source multi-liquid contact angles for v3.4 source-disjoint external; not an independent surface-energy measurement,inferred_from_contact_angles,diiodomethane,nonpolar,50.8,48.5,2.3,48.5,0,0,2.8,1,5.3,standard literature values at approximately 20-25 C unless source reports otherwise,303.15,60,1,36.7,static,sessile_drop,,,,,,unknown,PLA film before composting; month 0 before composting; Table 1/2,A_high,no,source_disjoint_external,,none,2026-05-18,source_disjoint_external,SDX007,unique_or_condition_distinct_keep
CA0610,v3.4,verified,literature,The Effect of Natural Additives on the Composting Properties of Aliphatic Polyesters,Plota et al.,2020,10.3390/polym12091856,https://doi.org/10.3390/polym12091856,"Table 2 direct values; PLA/PHA-based films measured with water, diiodomethane, and ethylene glycol before composting",PLA film before composting,polymer,PLA,extruded_film_before_composting,PLA film before composting; month 0 before composting; Table 1/2,,smooth,,,,43.49,30.4,13.08,,,,apparent OWRK features recalculated from same-source multi-liquid contact angles for v3.4 source-disjoint external; not an independent surface-energy measurement,inferred_from_contact_angles,ethylene glycol,polar,48,29,19,29,1.92,47,16.1,2.28,37,standard literature values at approximately 20-25 C unless source reports otherwise,303.15,60,1,44.8,static,sessile_drop,,,,,,unknown,PLA film before composting; month 0 before composting; Table 1/2,A_high,no,source_disjoint_external,,none,2026-05-18,source_disjoint_external,SDX007,unique_or_condition_distinct_keep
CA0611,v3.4,verified,literature,The Effect of Natural Additives on the Composting Properties of Aliphatic Polyesters,Plota et al.,2020,10.3390/polym12091856,https://doi.org/10.3390/polym12091856,"Table 2 direct values; PLA/PHA-based films measured with water, diiodomethane, and ethylene glycol before composting",PLA/Morin film before composting,polymer,PLA with morin,extruded_film_before_composting,PLA/Morin film before composting; month 0 before composting; Table 1/2,,smooth,,,,32.66,28.11,4.54,,,,apparent OWRK features recalculated from same-source multi-liquid contact angles for v3.4 source-disjoint external; not an independent surface-energy measurement,inferred_from_contact_angles,water,polar,72.8,21.8,51,21.8,25.5,25.5,0.89,1.85,78.4,standard literature values at approximately 20-25 C unless source reports otherwise,303.15,60,1,83.2,static,sessile_drop,,,,,,unknown,PLA/Morin film before composting; month 0 before composting; Table 1/2,A_high,no,source_disjoint_external,,none,2026-05-18,source_disjoint_external,SDX007,unique_or_condition_distinct_keep
CA0612,v3.4,verified,literature,The Effect of Natural Additives on the Composting Properties of Aliphatic Polyesters,Plota et al.,2020,10.3390/polym12091856,https://doi.org/10.3390/polym12091856,"Table 2 direct values; PLA/PHA-based films measured with water, diiodomethane, and ethylene glycol before composting",PLA/Morin film before composting,polymer,PLA with morin,extruded_film_before_composting,PLA/Morin film before composting; month 0 before composting; Table 1/2,,smooth,,,,32.66,28.11,4.54,,,,apparent OWRK features recalculated from same-source multi-liquid contact angles for v3.4 source-disjoint external; not an independent surface-energy measurement,inferred_from_contact_angles,diiodomethane,nonpolar,50.8,48.5,2.3,48.5,0,0,2.8,1,5.3,standard literature values at approximately 20-25 C unless source reports otherwise,303.15,60,1,52.8,static,sessile_drop,,,,,,unknown,PLA/Morin film before composting; month 0 before composting; Table 1/2,A_high,no,source_disjoint_external,,none,2026-05-18,source_disjoint_external,SDX007,unique_or_condition_distinct_keep
CA0613,v3.4,verified,literature,The Effect of Natural Additives on the Composting Properties of Aliphatic Polyesters,Plota et al.,2020,10.3390/polym12091856,https://doi.org/10.3390/polym12091856,"Table 2 direct values; PLA/PHA-based films measured with water, diiodomethane, and ethylene glycol before composting",PLA/Morin film before composting,polymer,PLA with morin,extruded_film_before_composting,PLA/Morin film before composting; month 0 before composting; Table 1/2,,smooth,,,,32.66,28.11,4.54,,,,apparent OWRK features recalculated from same-source multi-liquid contact angles for v3.4 source-disjoint external; not an independent surface-energy measurement,inferred_from_contact_angles,ethylene glycol,polar,48,29,19,29,1.92,47,16.1,2.28,37,standard literature values at approximately 20-25 C unless source reports otherwise,303.15,60,1,58.8,static,sessile_drop,,,,,,unknown,PLA/Morin film before composting; month 0 before composting; Table 1/2,A_high,no,source_disjoint_external,,none,2026-05-18,source_disjoint_external,SDX007,unique_or_condition_distinct_keep
CA0614,v3.4,verified,literature,The Effect of Natural Additives on the Composting Properties of Aliphatic Polyesters,Plota et al.,2020,10.3390/polym12091856,https://doi.org/10.3390/polym12091856,"Table 2 direct values; PLA/PHA-based films measured with water, diiodomethane, and ethylene glycol before composting",PHA film before composting,polymer,PHA,extruded_film_before_composting,PHA film before composting; month 0 before composting; Table 1/2,,smooth,,,,38.52,27.08,11.44,,,,apparent OWRK features recalculated from same-source multi-liquid contact angles for v3.4 source-disjoint external; not an independent surface-energy measurement,inferred_from_contact_angles,water,polar,72.8,21.8,51,21.8,25.5,25.5,0.89,1.85,78.4,standard literature values at approximately 20-25 C unless source reports otherwise,303.15,60,1,70,static,sessile_drop,,,,,,unknown,PHA film before composting; month 0 before composting; Table 1/2,A_high,no,source_disjoint_external,,none,2026-05-18,source_disjoint_external,SDX007,unique_or_condition_distinct_keep
CA0615,v3.4,verified,literature,The Effect of Natural Additives on the Composting Properties of Aliphatic Polyesters,Plota et al.,2020,10.3390/polym12091856,https://doi.org/10.3390/polym12091856,"Table 2 direct values; PLA/PHA-based films measured with water, diiodomethane, and ethylene glycol before composting",PHA film before composting,polymer,PHA,extruded_film_before_composting,PHA film before composting; month 0 before composting; Table 1/2,,smooth,,,,38.52,27.08,11.44,,,,apparent OWRK features recalculated from same-source multi-liquid contact angles for v3.4 source-disjoint external; not an independent surface-energy measurement,inferred_from_contact_angles,diiodomethane,nonpolar,50.8,48.5,2.3,48.5,0,0,2.8,1,5.3,standard literature values at approximately 20-25 C unless source reports otherwise,303.15,60,1,50.1,static,sessile_drop,,,,,,unknown,PHA film before composting; month 0 before composting; Table 1/2,A_high,no,source_disjoint_external,,none,2026-05-18,source_disjoint_external,SDX007,unique_or_condition_distinct_keep
CA0616,v3.4,verified,literature,The Effect of Natural Additives on the Composting Properties of Aliphatic Polyesters,Plota et al.,2020,10.3390/polym12091856,https://doi.org/10.3390/polym12091856,"Table 2 direct values; PLA/PHA-based films measured with water, diiodomethane, and ethylene glycol before composting",PHA film before composting,polymer,PHA,extruded_film_before_composting,PHA film before composting; month 0 before composting; Table 1/2,,smooth,,,,38.52,27.08,11.44,,,,apparent OWRK features recalculated from same-source multi-liquid contact angles for v3.4 source-disjoint external; not an independent surface-energy measurement,inferred_from_contact_angles,ethylene glycol,polar,48,29,19,29,1.92,47,16.1,2.28,37,standard literature values at approximately 20-25 C unless source reports otherwise,303.15,60,1,41.4,static,sessile_drop,,,,,,unknown,PHA film before composting; month 0 before composting; Table 1/2,A_high,no,source_disjoint_external,,none,2026-05-18,source_disjoint_external,SDX007,unique_or_condition_distinct_keep