record_id,analysis_split,loo_sfe_group,sfe_mode,source_group_id,duplicate_policy,model_name,y_true,y_pred,error,abs_error,dataset_version,prediction_aggregation,n_seeds
CA0469,source_disjoint_external,loo_feasible,loo_sfe_corrected,SDX004,unique_or_condition_distinct_keep,Owens-Wendt,165,156.9107488220058,-8.089251177994214,8.089251177994214,v3.4,deterministic,1
CA0469,source_disjoint_external,loo_feasible,loo_sfe_corrected,SDX004,unique_or_condition_distinct_keep,Random Forest,165,129.30163951182925,-35.69836048817075,35.69836048817075,v3.4,mean_of_repeated_seeds,10
CA0469,source_disjoint_external,loo_feasible,loo_sfe_corrected,SDX004,unique_or_condition_distinct_keep,XGBoost,165,157.66849585226984,-7.331504147730158,7.331504147730158,v3.4,mean_of_repeated_seeds,10
CA0469,source_disjoint_external,loo_feasible,loo_sfe_corrected,SDX004,unique_or_condition_distinct_keep,Ordinary MLP,165,143.7081952130559,-21.291804786944112,21.291804786944112,v3.4,mean_of_repeated_seeds,10
CA0470,source_disjoint_external,loo_feasible,loo_sfe_corrected,SDX004,unique_or_condition_distinct_keep,Owens-Wendt,150,144.3507039660005,-5.649296033999491,5.649296033999491,v3.4,deterministic,1
CA0470,source_disjoint_external,loo_feasible,loo_sfe_corrected,SDX004,unique_or_condition_distinct_keep,Random Forest,150,105.05393463533623,-44.94606536466377,44.94606536466377,v3.4,mean_of_repeated_seeds,10
CA0470,source_disjoint_external,loo_feasible,loo_sfe_corrected,SDX004,unique_or_condition_distinct_keep,XGBoost,150,138.8672527057228,-11.132747294277209,11.132747294277209,v3.4,mean_of_repeated_seeds,10
CA0470,source_disjoint_external,loo_feasible,loo_sfe_corrected,SDX004,unique_or_condition_distinct_keep,Ordinary MLP,150,120.34073174047899,-29.659268259521014,29.659268259521014,v3.4,mean_of_repeated_seeds,10
CA0471,source_disjoint_external,loo_feasible,loo_sfe_corrected,SDX004,unique_or_condition_distinct_keep,Owens-Wendt,146,136.21040438105854,-9.789595618941462,9.789595618941462,v3.4,deterministic,1
CA0471,source_disjoint_external,loo_feasible,loo_sfe_corrected,SDX004,unique_or_condition_distinct_keep,Random Forest,146,101.5480325350234,-44.451967464976605,44.451967464976605,v3.4,mean_of_repeated_seeds,10
CA0471,source_disjoint_external,loo_feasible,loo_sfe_corrected,SDX004,unique_or_condition_distinct_keep,XGBoost,146,137.4516698756451,-8.54833012435489,8.54833012435489,v3.4,mean_of_repeated_seeds,10
CA0471,source_disjoint_external,loo_feasible,loo_sfe_corrected,SDX004,unique_or_condition_distinct_keep,Ordinary MLP,146,123.39677098774231,-22.603229012257685,22.603229012257685,v3.4,mean_of_repeated_seeds,10
CA0472,source_disjoint_external,loo_feasible,loo_sfe_corrected,SDX004,unique_or_condition_distinct_keep,Owens-Wendt,162,117.13638340069554,-44.863616599304464,44.863616599304464,v3.4,deterministic,1
CA0472,source_disjoint_external,loo_feasible,loo_sfe_corrected,SDX004,unique_or_condition_distinct_keep,Random Forest,162,107.17518561053737,-54.82481438946263,54.82481438946263,v3.4,mean_of_repeated_seeds,10
CA0472,source_disjoint_external,loo_feasible,loo_sfe_corrected,SDX004,unique_or_condition_distinct_keep,XGBoost,162,132.78051932637075,-29.21948067362925,29.21948067362925,v3.4,mean_of_repeated_seeds,10
CA0472,source_disjoint_external,loo_feasible,loo_sfe_corrected,SDX004,unique_or_condition_distinct_keep,Ordinary MLP,162,117.24613728432924,-44.75386271567076,44.75386271567076,v3.4,mean_of_repeated_seeds,10
CA0473,source_disjoint_external,loo_feasible,loo_sfe_corrected,SDX004,unique_or_condition_distinct_keep,Owens-Wendt,150,123.03368128401901,-26.96631871598099,26.96631871598099,v3.4,deterministic,1
CA0473,source_disjoint_external,loo_feasible,loo_sfe_corrected,SDX004,unique_or_condition_distinct_keep,Random Forest,150,96.54996642796048,-53.450033572039516,53.450033572039516,v3.4,mean_of_repeated_seeds,10
CA0473,source_disjoint_external,loo_feasible,loo_sfe_corrected,SDX004,unique_or_condition_distinct_keep,XGBoost,150,137.42822196582796,-12.571778034172041,12.571778034172041,v3.4,mean_of_repeated_seeds,10
CA0473,source_disjoint_external,loo_feasible,loo_sfe_corrected,SDX004,unique_or_condition_distinct_keep,Ordinary MLP,150,114.15445650358897,-35.845543496411025,35.845543496411025,v3.4,mean_of_repeated_seeds,10
CA0474,source_disjoint_external,loo_feasible,loo_sfe_corrected,SDX004,unique_or_condition_distinct_keep,Owens-Wendt,128,139.20190485256168,11.201904852561682,11.201904852561682,v3.4,deterministic,1
CA0474,source_disjoint_external,loo_feasible,loo_sfe_corrected,SDX004,unique_or_condition_distinct_keep,Random Forest,128,103.83120390271529,-24.168796097284712,24.168796097284712,v3.4,mean_of_repeated_seeds,10
CA0474,source_disjoint_external,loo_feasible,loo_sfe_corrected,SDX004,unique_or_condition_distinct_keep,XGBoost,128,137.89842577860836,9.898425778608356,9.898425778608356,v3.4,mean_of_repeated_seeds,10
CA0474,source_disjoint_external,loo_feasible,loo_sfe_corrected,SDX004,unique_or_condition_distinct_keep,Ordinary MLP,128,123.41512517627434,-4.584874823725656,4.584874823725656,v3.4,mean_of_repeated_seeds,10
CA0475,source_disjoint_external,loo_feasible,loo_sfe_corrected,SDX004,unique_or_condition_distinct_keep,Owens-Wendt,150,87.54709529658257,-62.45290470341743,62.45290470341743,v3.4,deterministic,1
CA0475,source_disjoint_external,loo_feasible,loo_sfe_corrected,SDX004,unique_or_condition_distinct_keep,Random Forest,150,85.02946260964681,-64.97053739035319,64.97053739035319,v3.4,mean_of_repeated_seeds,10
CA0475,source_disjoint_external,loo_feasible,loo_sfe_corrected,SDX004,unique_or_condition_distinct_keep,XGBoost,150,87.77016598045076,-62.229834019549244,62.229834019549244,v3.4,mean_of_repeated_seeds,10
CA0475,source_disjoint_external,loo_feasible,loo_sfe_corrected,SDX004,unique_or_condition_distinct_keep,Ordinary MLP,150,105.31178671478366,-44.688213285216335,44.688213285216335,v3.4,mean_of_repeated_seeds,10
CA0476,source_disjoint_external,loo_feasible,loo_sfe_corrected,SDX004,unique_or_condition_distinct_keep,Owens-Wendt,127,89.18309468371724,-37.81690531628276,37.81690531628276,v3.4,deterministic,1
CA0476,source_disjoint_external,loo_feasible,loo_sfe_corrected,SDX004,unique_or_condition_distinct_keep,Random Forest,127,82.50750772655017,-44.49249227344983,44.49249227344983,v3.4,mean_of_repeated_seeds,10
CA0476,source_disjoint_external,loo_feasible,loo_sfe_corrected,SDX004,unique_or_condition_distinct_keep,XGBoost,127,84.18579201071212,-42.81420798928788,42.81420798928788,v3.4,mean_of_repeated_seeds,10
CA0476,source_disjoint_external,loo_feasible,loo_sfe_corrected,SDX004,unique_or_condition_distinct_keep,Ordinary MLP,127,94.20757198084735,-32.79242801915265,32.79242801915265,v3.4,mean_of_repeated_seeds,10
CA0477,source_disjoint_external,loo_feasible,loo_sfe_corrected,SDX004,unique_or_condition_distinct_keep,Owens-Wendt,97,104.48402280923725,7.484022809237246,7.484022809237246,v3.4,deterministic,1
CA0477,source_disjoint_external,loo_feasible,loo_sfe_corrected,SDX004,unique_or_condition_distinct_keep,Random Forest,97,94.74569485686824,-2.2543051431317593,2.2543051431317593,v3.4,mean_of_repeated_seeds,10
CA0477,source_disjoint_external,loo_feasible,loo_sfe_corrected,SDX004,unique_or_condition_distinct_keep,XGBoost,97,111.97248811826861,14.972488118268615,14.972488118268615,v3.4,mean_of_repeated_seeds,10
CA0477,source_disjoint_external,loo_feasible,loo_sfe_corrected,SDX004,unique_or_condition_distinct_keep,Ordinary MLP,97,111.18863347961512,14.18863347961512,14.18863347961512,v3.4,mean_of_repeated_seeds,10
CA0478,source_disjoint_external,loo_feasible,loo_sfe_corrected,SDX004,unique_or_condition_distinct_keep,Owens-Wendt,126,71.6649353819209,-54.3350646180791,54.3350646180791,v3.4,deterministic,1
CA0478,source_disjoint_external,loo_feasible,loo_sfe_corrected,SDX004,unique_or_condition_distinct_keep,Random Forest,126,70.629777442196,-55.370222557804,55.370222557804,v3.4,mean_of_repeated_seeds,10
CA0478,source_disjoint_external,loo_feasible,loo_sfe_corrected,SDX004,unique_or_condition_distinct_keep,XGBoost,126,73.3673239308043,-52.632676069195696,52.632676069195696,v3.4,mean_of_repeated_seeds,10
CA0478,source_disjoint_external,loo_feasible,loo_sfe_corrected,SDX004,unique_or_condition_distinct_keep,Ordinary MLP,126,85.77542220414576,-40.224577795854245,40.224577795854245,v3.4,mean_of_repeated_seeds,10
CA0479,source_disjoint_external,loo_feasible,loo_sfe_corrected,SDX004,unique_or_condition_distinct_keep,Owens-Wendt,126,97.28865540432555,-28.711344595674447,28.711344595674447,v3.4,deterministic,1
CA0479,source_disjoint_external,loo_feasible,loo_sfe_corrected,SDX004,unique_or_condition_distinct_keep,Random Forest,126,88.05818786103441,-37.94181213896559,37.94181213896559,v3.4,mean_of_repeated_seeds,10
CA0479,source_disjoint_external,loo_feasible,loo_sfe_corrected,SDX004,unique_or_condition_distinct_keep,XGBoost,126,85.8066021066693,-40.1933978933307,40.1933978933307,v3.4,mean_of_repeated_seeds,10
CA0479,source_disjoint_external,loo_feasible,loo_sfe_corrected,SDX004,unique_or_condition_distinct_keep,Ordinary MLP,126,99.54703979089714,-26.452960209102855,26.452960209102855,v3.4,mean_of_repeated_seeds,10
CA0480,source_disjoint_external,loo_feasible,loo_sfe_corrected,SDX004,unique_or_condition_distinct_keep,Owens-Wendt,89,132.8935408430463,43.89354084304631,43.89354084304631,v3.4,deterministic,1
CA0480,source_disjoint_external,loo_feasible,loo_sfe_corrected,SDX004,unique_or_condition_distinct_keep,Random Forest,89,95.27217701636714,6.272177016367138,6.272177016367138,v3.4,mean_of_repeated_seeds,10
CA0480,source_disjoint_external,loo_feasible,loo_sfe_corrected,SDX004,unique_or_condition_distinct_keep,XGBoost,89,134.00152682408154,45.00152682408154,45.00152682408154,v3.4,mean_of_repeated_seeds,10
CA0480,source_disjoint_external,loo_feasible,loo_sfe_corrected,SDX004,unique_or_condition_distinct_keep,Ordinary MLP,89,113.58961766706304,24.589617667063038,24.589617667063038,v3.4,mean_of_repeated_seeds,10
CA0481,source_disjoint_external,loo_feasible,loo_sfe_corrected,SDX004,unique_or_condition_distinct_keep,Owens-Wendt,161,150.36455799236143,-10.635442007638574,10.635442007638574,v3.4,deterministic,1
CA0481,source_disjoint_external,loo_feasible,loo_sfe_corrected,SDX004,unique_or_condition_distinct_keep,Random Forest,161,129.29930697214672,-31.700693027853276,31.700693027853276,v3.4,mean_of_repeated_seeds,10
CA0481,source_disjoint_external,loo_feasible,loo_sfe_corrected,SDX004,unique_or_condition_distinct_keep,XGBoost,161,157.66849585226984,-3.3315041477301577,3.3315041477301577,v3.4,mean_of_repeated_seeds,10
CA0481,source_disjoint_external,loo_feasible,loo_sfe_corrected,SDX004,unique_or_condition_distinct_keep,Ordinary MLP,161,142.6076688445408,-18.392331155459203,18.392331155459203,v3.4,mean_of_repeated_seeds,10
CA0482,source_disjoint_external,loo_feasible,loo_sfe_corrected,SDX004,unique_or_condition_distinct_keep,Owens-Wendt,141,133.5823833936773,-7.417616606322696,7.417616606322696,v3.4,deterministic,1
CA0482,source_disjoint_external,loo_feasible,loo_sfe_corrected,SDX004,unique_or_condition_distinct_keep,Random Forest,141,103.1562200460831,-37.84377995391689,37.84377995391689,v3.4,mean_of_repeated_seeds,10
CA0482,source_disjoint_external,loo_feasible,loo_sfe_corrected,SDX004,unique_or_condition_distinct_keep,XGBoost,141,139.33321391109354,-1.6667860889064627,1.6667860889064627,v3.4,mean_of_repeated_seeds,10
CA0482,source_disjoint_external,loo_feasible,loo_sfe_corrected,SDX004,unique_or_condition_distinct_keep,Ordinary MLP,141,119.01830987132132,-21.98169012867868,21.98169012867868,v3.4,mean_of_repeated_seeds,10
CA0483,source_disjoint_external,loo_feasible,loo_sfe_corrected,SDX004,unique_or_condition_distinct_keep,Owens-Wendt,136,122.15764891525482,-13.842351084745175,13.842351084745175,v3.4,deterministic,1
CA0483,source_disjoint_external,loo_feasible,loo_sfe_corrected,SDX004,unique_or_condition_distinct_keep,Random Forest,136,95.44801825547204,-40.551981744527964,40.551981744527964,v3.4,mean_of_repeated_seeds,10
CA0483,source_disjoint_external,loo_feasible,loo_sfe_corrected,SDX004,unique_or_condition_distinct_keep,XGBoost,136,125.1743541331022,-10.825645866897801,10.825645866897801,v3.4,mean_of_repeated_seeds,10
CA0483,source_disjoint_external,loo_feasible,loo_sfe_corrected,SDX004,unique_or_condition_distinct_keep,Ordinary MLP,136,119.17898253448725,-16.821017465512753,16.821017465512753,v3.4,mean_of_repeated_seeds,10
CA0484,source_disjoint_external,loo_feasible,loo_sfe_corrected,SDX004,unique_or_condition_distinct_keep,Owens-Wendt,158,136.22102149945982,-21.778978500540177,21.778978500540177,v3.4,deterministic,1
CA0484,source_disjoint_external,loo_feasible,loo_sfe_corrected,SDX004,unique_or_condition_distinct_keep,Random Forest,158,126.58943060562925,-31.410569394370754,31.410569394370754,v3.4,mean_of_repeated_seeds,10
CA0484,source_disjoint_external,loo_feasible,loo_sfe_corrected,SDX004,unique_or_condition_distinct_keep,XGBoost,158,150.5048078391708,-7.495192160829191,7.495192160829191,v3.4,mean_of_repeated_seeds,10
CA0484,source_disjoint_external,loo_feasible,loo_sfe_corrected,SDX004,unique_or_condition_distinct_keep,Ordinary MLP,158,138.10821579530653,-19.891784204693465,19.891784204693465,v3.4,mean_of_repeated_seeds,10
CA0485,source_disjoint_external,loo_feasible,loo_sfe_corrected,SDX004,unique_or_condition_distinct_keep,Owens-Wendt,127,118.5975291735164,-8.402470826483594,8.402470826483594,v3.4,deterministic,1
CA0485,source_disjoint_external,loo_feasible,loo_sfe_corrected,SDX004,unique_or_condition_distinct_keep,Random Forest,127,97.43580587124475,-29.564194128755247,29.564194128755247,v3.4,mean_of_repeated_seeds,10
CA0485,source_disjoint_external,loo_feasible,loo_sfe_corrected,SDX004,unique_or_condition_distinct_keep,XGBoost,127,137.42822196582796,10.428221965827959,10.428221965827959,v3.4,mean_of_repeated_seeds,10
CA0485,source_disjoint_external,loo_feasible,loo_sfe_corrected,SDX004,unique_or_condition_distinct_keep,Ordinary MLP,127,113.31914150041595,-13.680858499584048,13.680858499584048,v3.4,mean_of_repeated_seeds,10
CA0486,source_disjoint_external,loo_feasible,loo_sfe_corrected,SDX004,unique_or_condition_distinct_keep,Owens-Wendt,123,96.10586319151197,-26.894136808488028,26.894136808488028,v3.4,deterministic,1
CA0486,source_disjoint_external,loo_feasible,loo_sfe_corrected,SDX004,unique_or_condition_distinct_keep,Random Forest,123,89.78115553685102,-33.21884446314898,33.21884446314898,v3.4,mean_of_repeated_seeds,10
CA0486,source_disjoint_external,loo_feasible,loo_sfe_corrected,SDX004,unique_or_condition_distinct_keep,XGBoost,123,109.21924548468508,-13.780754515314925,13.780754515314925,v3.4,mean_of_repeated_seeds,10
CA0486,source_disjoint_external,loo_feasible,loo_sfe_corrected,SDX004,unique_or_condition_distinct_keep,Ordinary MLP,123,103.00511077556743,-19.99488922443257,19.99488922443257,v3.4,mean_of_repeated_seeds,10
CA0487,source_disjoint_external,loo_feasible,loo_sfe_corrected,SDX004,unique_or_condition_distinct_keep,Owens-Wendt,146,108.2101229435648,-37.7898770564352,37.7898770564352,v3.4,deterministic,1
CA0487,source_disjoint_external,loo_feasible,loo_sfe_corrected,SDX004,unique_or_condition_distinct_keep,Random Forest,146,108.14884574633022,-37.851154253669776,37.851154253669776,v3.4,mean_of_repeated_seeds,10
CA0487,source_disjoint_external,loo_feasible,loo_sfe_corrected,SDX004,unique_or_condition_distinct_keep,XGBoost,146,127.94165830887569,-18.058341691124312,18.058341691124312,v3.4,mean_of_repeated_seeds,10
CA0487,source_disjoint_external,loo_feasible,loo_sfe_corrected,SDX004,unique_or_condition_distinct_keep,Ordinary MLP,146,119.1621531671598,-26.8378468328402,26.8378468328402,v3.4,mean_of_repeated_seeds,10
CA0488,source_disjoint_external,loo_feasible,loo_sfe_corrected,SDX004,unique_or_condition_distinct_keep,Owens-Wendt,139,116.79612871103267,-22.203871288967335,22.203871288967335,v3.4,deterministic,1
CA0488,source_disjoint_external,loo_feasible,loo_sfe_corrected,SDX004,unique_or_condition_distinct_keep,Random Forest,139,102.29380509611266,-36.70619490388734,36.70619490388734,v3.4,mean_of_repeated_seeds,10
CA0488,source_disjoint_external,loo_feasible,loo_sfe_corrected,SDX004,unique_or_condition_distinct_keep,XGBoost,139,137.721237254198,-1.2787627458019983,1.2787627458019983,v3.4,mean_of_repeated_seeds,10
CA0488,source_disjoint_external,loo_feasible,loo_sfe_corrected,SDX004,unique_or_condition_distinct_keep,Ordinary MLP,139,114.82373281053474,-24.176267189465264,24.176267189465264,v3.4,mean_of_repeated_seeds,10
CA0489,source_disjoint_external,loo_feasible,loo_sfe_corrected,SDX004,unique_or_condition_distinct_keep,Owens-Wendt,116,136.0058316394884,20.005831639488406,20.005831639488406,v3.4,deterministic,1
CA0489,source_disjoint_external,loo_feasible,loo_sfe_corrected,SDX004,unique_or_condition_distinct_keep,Random Forest,116,105.36406527401562,-10.635934725984384,10.635934725984384,v3.4,mean_of_repeated_seeds,10
CA0489,source_disjoint_external,loo_feasible,loo_sfe_corrected,SDX004,unique_or_condition_distinct_keep,XGBoost,116,137.8793135834435,21.87931358344349,21.87931358344349,v3.4,mean_of_repeated_seeds,10
CA0489,source_disjoint_external,loo_feasible,loo_sfe_corrected,SDX004,unique_or_condition_distinct_keep,Ordinary MLP,116,123.78457975770985,7.7845797577098494,7.7845797577098494,v3.4,mean_of_repeated_seeds,10
CA0490,source_disjoint_external,loo_feasible,loo_sfe_corrected,SDX004,unique_or_condition_distinct_keep,Owens-Wendt,135,81.43459197187835,-53.56540802812165,53.56540802812165,v3.4,deterministic,1
CA0490,source_disjoint_external,loo_feasible,loo_sfe_corrected,SDX004,unique_or_condition_distinct_keep,Random Forest,135,77.05623436825717,-57.943765631742835,57.943765631742835,v3.4,mean_of_repeated_seeds,10
CA0490,source_disjoint_external,loo_feasible,loo_sfe_corrected,SDX004,unique_or_condition_distinct_keep,XGBoost,135,87.45098476553036,-47.549015234469636,47.549015234469636,v3.4,mean_of_repeated_seeds,10
CA0490,source_disjoint_external,loo_feasible,loo_sfe_corrected,SDX004,unique_or_condition_distinct_keep,Ordinary MLP,135,90.49477316164263,-44.50522683835737,44.50522683835737,v3.4,mean_of_repeated_seeds,10
CA0491,source_disjoint_external,loo_feasible,loo_sfe_corrected,SDX004,unique_or_condition_distinct_keep,Owens-Wendt,142,110.81180077535059,-31.18819922464941,31.18819922464941,v3.4,deterministic,1
CA0491,source_disjoint_external,loo_feasible,loo_sfe_corrected,SDX004,unique_or_condition_distinct_keep,Random Forest,142,101.6812086179967,-40.3187913820033,40.3187913820033,v3.4,mean_of_repeated_seeds,10
CA0491,source_disjoint_external,loo_feasible,loo_sfe_corrected,SDX004,unique_or_condition_distinct_keep,XGBoost,142,131.96355497483597,-10.036445025164028,10.036445025164028,v3.4,mean_of_repeated_seeds,10
CA0491,source_disjoint_external,loo_feasible,loo_sfe_corrected,SDX004,unique_or_condition_distinct_keep,Ordinary MLP,142,111.54270586154446,-30.457294138455538,30.457294138455538,v3.4,mean_of_repeated_seeds,10
CA0492,source_disjoint_external,loo_feasible,loo_sfe_corrected,SDX004,unique_or_condition_distinct_keep,Owens-Wendt,105,151.55990663331795,46.55990663331795,46.55990663331795,v3.4,deterministic,1
CA0492,source_disjoint_external,loo_feasible,loo_sfe_corrected,SDX004,unique_or_condition_distinct_keep,Random Forest,105,96.01029461844712,-8.98970538155288,8.98970538155288,v3.4,mean_of_repeated_seeds,10
CA0492,source_disjoint_external,loo_feasible,loo_sfe_corrected,SDX004,unique_or_condition_distinct_keep,XGBoost,105,134.0046881299304,29.0046881299304,29.0046881299304,v3.4,mean_of_repeated_seeds,10
CA0492,source_disjoint_external,loo_feasible,loo_sfe_corrected,SDX004,unique_or_condition_distinct_keep,Ordinary MLP,105,113.23430691663245,8.234306916632448,8.234306916632448,v3.4,mean_of_repeated_seeds,10
CA0493,source_disjoint_external,loo_feasible,loo_sfe_corrected,SDX004,unique_or_condition_distinct_keep,Owens-Wendt,156,153.8162539530016,-2.183746046998408,2.183746046998408,v3.4,deterministic,1
CA0493,source_disjoint_external,loo_feasible,loo_sfe_corrected,SDX004,unique_or_condition_distinct_keep,Random Forest,156,129.30163951182925,-26.69836048817075,26.69836048817075,v3.4,mean_of_repeated_seeds,10
CA0493,source_disjoint_external,loo_feasible,loo_sfe_corrected,SDX004,unique_or_condition_distinct_keep,XGBoost,156,157.66849585226984,1.6684958522698423,1.6684958522698423,v3.4,mean_of_repeated_seeds,10
CA0493,source_disjoint_external,loo_feasible,loo_sfe_corrected,SDX004,unique_or_condition_distinct_keep,Ordinary MLP,156,143.38953629945556,-12.610463700544443,12.610463700544443,v3.4,mean_of_repeated_seeds,10
CA0494,source_disjoint_external,loo_feasible,loo_sfe_corrected,SDX004,unique_or_condition_distinct_keep,Owens-Wendt,145,143.5908445042539,-1.4091554957460914,1.4091554957460914,v3.4,deterministic,1
CA0494,source_disjoint_external,loo_feasible,loo_sfe_corrected,SDX004,unique_or_condition_distinct_keep,Random Forest,145,106.11292662817343,-38.887073371826574,38.887073371826574,v3.4,mean_of_repeated_seeds,10
CA0494,source_disjoint_external,loo_feasible,loo_sfe_corrected,SDX004,unique_or_condition_distinct_keep,XGBoost,145,143.52732656716074,-1.4726734328392581,1.4726734328392581,v3.4,mean_of_repeated_seeds,10
CA0494,source_disjoint_external,loo_feasible,loo_sfe_corrected,SDX004,unique_or_condition_distinct_keep,Ordinary MLP,145,124.20195770762719,-20.798042292372813,20.798042292372813,v3.4,mean_of_repeated_seeds,10
CA0495,source_disjoint_external,loo_feasible,loo_sfe_corrected,SDX004,unique_or_condition_distinct_keep,Owens-Wendt,141,136.00638192422747,-4.993618075772531,4.993618075772531,v3.4,deterministic,1
CA0495,source_disjoint_external,loo_feasible,loo_sfe_corrected,SDX004,unique_or_condition_distinct_keep,Random Forest,141,105.48840757560295,-35.51159242439705,35.51159242439705,v3.4,mean_of_repeated_seeds,10
CA0495,source_disjoint_external,loo_feasible,loo_sfe_corrected,SDX004,unique_or_condition_distinct_keep,XGBoost,141,137.97192839562442,-3.028071604375583,3.028071604375583,v3.4,mean_of_repeated_seeds,10
CA0495,source_disjoint_external,loo_feasible,loo_sfe_corrected,SDX004,unique_or_condition_distinct_keep,Ordinary MLP,141,124.36747589594754,-16.632524104052465,16.632524104052465,v3.4,mean_of_repeated_seeds,10
CA0496,source_disjoint_external,loo_feasible,loo_sfe_corrected,SDX004,unique_or_condition_distinct_keep,Owens-Wendt,153,132.95274361410222,-20.047256385897782,20.047256385897782,v3.4,deterministic,1
CA0496,source_disjoint_external,loo_feasible,loo_sfe_corrected,SDX004,unique_or_condition_distinct_keep,Random Forest,153,110.99039384540299,-42.00960615459701,42.00960615459701,v3.4,mean_of_repeated_seeds,10
CA0496,source_disjoint_external,loo_feasible,loo_sfe_corrected,SDX004,unique_or_condition_distinct_keep,XGBoost,153,138.98841210349525,-14.01158789650475,14.01158789650475,v3.4,mean_of_repeated_seeds,10
CA0496,source_disjoint_external,loo_feasible,loo_sfe_corrected,SDX004,unique_or_condition_distinct_keep,Ordinary MLP,153,127.91878420985756,-25.081215790142437,25.081215790142437,v3.4,mean_of_repeated_seeds,10
CA0497,source_disjoint_external,loo_feasible,loo_sfe_corrected,SDX004,unique_or_condition_distinct_keep,Owens-Wendt,150,138.75206918087355,-11.247930819126452,11.247930819126452,v3.4,deterministic,1
CA0497,source_disjoint_external,loo_feasible,loo_sfe_corrected,SDX004,unique_or_condition_distinct_keep,Random Forest,150,106.06793323550127,-43.93206676449873,43.93206676449873,v3.4,mean_of_repeated_seeds,10
CA0497,source_disjoint_external,loo_feasible,loo_sfe_corrected,SDX004,unique_or_condition_distinct_keep,XGBoost,150,143.4939028603792,-6.506097139620806,6.506097139620806,v3.4,mean_of_repeated_seeds,10
CA0497,source_disjoint_external,loo_feasible,loo_sfe_corrected,SDX004,unique_or_condition_distinct_keep,Ordinary MLP,150,123.14374657875506,-26.856253421244944,26.856253421244944,v3.4,mean_of_repeated_seeds,10
CA0498,source_disjoint_external,loo_feasible,loo_sfe_corrected,SDX004,unique_or_condition_distinct_keep,Owens-Wendt,136,149.84734454846617,13.847344548466168,13.847344548466168,v3.4,deterministic,1
CA0498,source_disjoint_external,loo_feasible,loo_sfe_corrected,SDX004,unique_or_condition_distinct_keep,Random Forest,136,101.7819962755519,-34.218003724448096,34.218003724448096,v3.4,mean_of_repeated_seeds,10
CA0498,source_disjoint_external,loo_feasible,loo_sfe_corrected,SDX004,unique_or_condition_distinct_keep,XGBoost,136,137.55205054456667,1.5520505445666686,1.5520505445666686,v3.4,mean_of_repeated_seeds,10
CA0498,source_disjoint_external,loo_feasible,loo_sfe_corrected,SDX004,unique_or_condition_distinct_keep,Ordinary MLP,136,123.43405600274957,-12.565943997250429,12.565943997250429,v3.4,mean_of_repeated_seeds,10
CA0499,source_disjoint_external,loo_feasible,loo_sfe_corrected,SDX004,unique_or_condition_distinct_keep,Owens-Wendt,147,140.64230585733614,-6.35769414266386,6.35769414266386,v3.4,deterministic,1
CA0499,source_disjoint_external,loo_feasible,loo_sfe_corrected,SDX004,unique_or_condition_distinct_keep,Random Forest,147,128.34739688501168,-18.652603114988324,18.652603114988324,v3.4,mean_of_repeated_seeds,10
CA0499,source_disjoint_external,loo_feasible,loo_sfe_corrected,SDX004,unique_or_condition_distinct_keep,XGBoost,147,150.07543996920526,3.075439969205263,3.075439969205263,v3.4,mean_of_repeated_seeds,10
CA0499,source_disjoint_external,loo_feasible,loo_sfe_corrected,SDX004,unique_or_condition_distinct_keep,Ordinary MLP,147,141.50763815816146,-5.4923618418385445,5.4923618418385445,v3.4,mean_of_repeated_seeds,10
CA0500,source_disjoint_external,loo_feasible,loo_sfe_corrected,SDX004,unique_or_condition_distinct_keep,Owens-Wendt,143,138.59522176735922,-4.40477823264078,4.40477823264078,v3.4,deterministic,1
CA0500,source_disjoint_external,loo_feasible,loo_sfe_corrected,SDX004,unique_or_condition_distinct_keep,Random Forest,143,106.09653769278584,-36.903462307214156,36.903462307214156,v3.4,mean_of_repeated_seeds,10
CA0500,source_disjoint_external,loo_feasible,loo_sfe_corrected,SDX004,unique_or_condition_distinct_keep,XGBoost,143,146.33545166659007,3.3354516665900746,3.3354516665900746,v3.4,mean_of_repeated_seeds,10
CA0500,source_disjoint_external,loo_feasible,loo_sfe_corrected,SDX004,unique_or_condition_distinct_keep,Ordinary MLP,143,122.8735566527246,-20.126443347275398,20.126443347275398,v3.4,mean_of_repeated_seeds,10
CA0501,source_disjoint_external,loo_feasible,loo_sfe_corrected,SDX004,unique_or_condition_distinct_keep,Owens-Wendt,134,142.6556617519751,8.655661751975089,8.655661751975089,v3.4,deterministic,1
CA0501,source_disjoint_external,loo_feasible,loo_sfe_corrected,SDX004,unique_or_condition_distinct_keep,Random Forest,134,100.01302800798287,-33.98697199201713,33.98697199201713,v3.4,mean_of_repeated_seeds,10
CA0501,source_disjoint_external,loo_feasible,loo_sfe_corrected,SDX004,unique_or_condition_distinct_keep,XGBoost,134,137.64621426285282,3.6462142628528227,3.6462142628528227,v3.4,mean_of_repeated_seeds,10
CA0501,source_disjoint_external,loo_feasible,loo_sfe_corrected,SDX004,unique_or_condition_distinct_keep,Ordinary MLP,134,123.07935619541142,-10.920643804588579,10.920643804588579,v3.4,mean_of_repeated_seeds,10
CA0502,source_disjoint_external,loo_feasible,loo_sfe_corrected,SDX004,unique_or_condition_distinct_keep,Owens-Wendt,145,89.99311780640316,-55.00688219359684,55.00688219359684,v3.4,deterministic,1
CA0502,source_disjoint_external,loo_feasible,loo_sfe_corrected,SDX004,unique_or_condition_distinct_keep,Random Forest,145,84.01638654986866,-60.983613450131344,60.983613450131344,v3.4,mean_of_repeated_seeds,10
CA0502,source_disjoint_external,loo_feasible,loo_sfe_corrected,SDX004,unique_or_condition_distinct_keep,XGBoost,145,90.28852131460285,-54.711478685397154,54.711478685397154,v3.4,mean_of_repeated_seeds,10
CA0502,source_disjoint_external,loo_feasible,loo_sfe_corrected,SDX004,unique_or_condition_distinct_keep,Ordinary MLP,145,97.8351071909853,-47.1648928090147,47.1648928090147,v3.4,mean_of_repeated_seeds,10
CA0503,source_disjoint_external,loo_feasible,loo_sfe_corrected,SDX004,unique_or_condition_distinct_keep,Owens-Wendt,136,102.93016301414751,-33.06983698585249,33.06983698585249,v3.4,deterministic,1
CA0503,source_disjoint_external,loo_feasible,loo_sfe_corrected,SDX004,unique_or_condition_distinct_keep,Random Forest,136,96.66286801399376,-39.33713198600624,39.33713198600624,v3.4,mean_of_repeated_seeds,10
CA0503,source_disjoint_external,loo_feasible,loo_sfe_corrected,SDX004,unique_or_condition_distinct_keep,XGBoost,136,119.12732962299313,-16.87267037700687,16.87267037700687,v3.4,mean_of_repeated_seeds,10
CA0503,source_disjoint_external,loo_feasible,loo_sfe_corrected,SDX004,unique_or_condition_distinct_keep,Ordinary MLP,136,105.73260461251365,-30.267395387486346,30.267395387486346,v3.4,mean_of_repeated_seeds,10
CA0504,source_disjoint_external,loo_feasible,loo_sfe_corrected,SDX004,unique_or_condition_distinct_keep,Owens-Wendt,105,131.23351107257267,26.233511072572668,26.233511072572668,v3.4,deterministic,1
CA0504,source_disjoint_external,loo_feasible,loo_sfe_corrected,SDX004,unique_or_condition_distinct_keep,Random Forest,105,105.8951151093936,0.8951151093936005,0.8951151093936005,v3.4,mean_of_repeated_seeds,10
CA0504,source_disjoint_external,loo_feasible,loo_sfe_corrected,SDX004,unique_or_condition_distinct_keep,XGBoost,105,129.34847804813302,24.348478048133018,24.348478048133018,v3.4,mean_of_repeated_seeds,10
CA0504,source_disjoint_external,loo_feasible,loo_sfe_corrected,SDX004,unique_or_condition_distinct_keep,Ordinary MLP,105,123.05451861507215,18.054518615072155,18.054518615072155,v3.4,mean_of_repeated_seeds,10
CA0505,source_disjoint_external,loo_feasible,loo_sfe_corrected,SDX004,unique_or_condition_distinct_keep,Owens-Wendt,155,134.2849146190746,-20.715085380925387,20.715085380925387,v3.4,deterministic,1
CA0505,source_disjoint_external,loo_feasible,loo_sfe_corrected,SDX004,unique_or_condition_distinct_keep,Random Forest,155,110.53362829984394,-44.46637170015606,44.46637170015606,v3.4,mean_of_repeated_seeds,10
CA0505,source_disjoint_external,loo_feasible,loo_sfe_corrected,SDX004,unique_or_condition_distinct_keep,XGBoost,155,137.66670989077846,-17.333290109221537,17.333290109221537,v3.4,mean_of_repeated_seeds,10
CA0505,source_disjoint_external,loo_feasible,loo_sfe_corrected,SDX004,unique_or_condition_distinct_keep,Ordinary MLP,155,123.54251367380414,-31.457486326195863,31.457486326195863,v3.4,mean_of_repeated_seeds,10
CA0506,source_disjoint_external,loo_feasible,loo_sfe_corrected,SDX004,unique_or_condition_distinct_keep,Owens-Wendt,131,133.20840268594552,2.208402685945515,2.208402685945515,v3.4,deterministic,1
CA0506,source_disjoint_external,loo_feasible,loo_sfe_corrected,SDX004,unique_or_condition_distinct_keep,Random Forest,131,103.3464606499977,-27.653539350002305,27.653539350002305,v3.4,mean_of_repeated_seeds,10
CA0506,source_disjoint_external,loo_feasible,loo_sfe_corrected,SDX004,unique_or_condition_distinct_keep,XGBoost,131,140.7468335806233,9.746833580623303,9.746833580623303,v3.4,mean_of_repeated_seeds,10
CA0506,source_disjoint_external,loo_feasible,loo_sfe_corrected,SDX004,unique_or_condition_distinct_keep,Ordinary MLP,131,120.83538695264944,-10.164613047350556,10.164613047350556,v3.4,mean_of_repeated_seeds,10
CA0507,source_disjoint_external,loo_feasible,loo_sfe_corrected,SDX004,unique_or_condition_distinct_keep,Owens-Wendt,133,107.48911342401034,-25.51088657598966,25.51088657598966,v3.4,deterministic,1
CA0507,source_disjoint_external,loo_feasible,loo_sfe_corrected,SDX004,unique_or_condition_distinct_keep,Random Forest,133,93.9684083438393,-39.0315916561607,39.0315916561607,v3.4,mean_of_repeated_seeds,10
CA0507,source_disjoint_external,loo_feasible,loo_sfe_corrected,SDX004,unique_or_condition_distinct_keep,XGBoost,133,111.05098183240757,-21.949018167592428,21.949018167592428,v3.4,mean_of_repeated_seeds,10
CA0507,source_disjoint_external,loo_feasible,loo_sfe_corrected,SDX004,unique_or_condition_distinct_keep,Ordinary MLP,133,112.121527364414,-20.878472635585993,20.878472635585993,v3.4,mean_of_repeated_seeds,10
CA0508,source_disjoint_external,loo_feasible,loo_sfe_corrected,SDX004,unique_or_condition_distinct_keep,Owens-Wendt,149,140.55389124929803,-8.446108750701967,8.446108750701967,v3.4,deterministic,1
CA0508,source_disjoint_external,loo_feasible,loo_sfe_corrected,SDX004,unique_or_condition_distinct_keep,Random Forest,149,125.83451235036159,-23.165487649638408,23.165487649638408,v3.4,mean_of_repeated_seeds,10
CA0508,source_disjoint_external,loo_feasible,loo_sfe_corrected,SDX004,unique_or_condition_distinct_keep,XGBoost,149,151.02627128270393,2.026271282703931,2.026271282703931,v3.4,mean_of_repeated_seeds,10
CA0508,source_disjoint_external,loo_feasible,loo_sfe_corrected,SDX004,unique_or_condition_distinct_keep,Ordinary MLP,149,136.74653550272254,-12.253464497277463,12.253464497277463,v3.4,mean_of_repeated_seeds,10
CA0509,source_disjoint_external,loo_feasible,loo_sfe_corrected,SDX004,unique_or_condition_distinct_keep,Owens-Wendt,134,136.22875782458846,2.228757824588456,2.228757824588456,v3.4,deterministic,1
CA0509,source_disjoint_external,loo_feasible,loo_sfe_corrected,SDX004,unique_or_condition_distinct_keep,Random Forest,134,106.03435808961123,-27.96564191038877,27.96564191038877,v3.4,mean_of_repeated_seeds,10
CA0509,source_disjoint_external,loo_feasible,loo_sfe_corrected,SDX004,unique_or_condition_distinct_keep,XGBoost,134,146.3691161542012,12.369116154201208,12.369116154201208,v3.4,mean_of_repeated_seeds,10
CA0509,source_disjoint_external,loo_feasible,loo_sfe_corrected,SDX004,unique_or_condition_distinct_keep,Ordinary MLP,134,122.4379302671322,-11.562069732867798,11.562069732867798,v3.4,mean_of_repeated_seeds,10
CA0510,source_disjoint_external,loo_feasible,loo_sfe_corrected,SDX004,unique_or_condition_distinct_keep,Owens-Wendt,132,121.31077147329246,-10.689228526707538,10.689228526707538,v3.4,deterministic,1
CA0510,source_disjoint_external,loo_feasible,loo_sfe_corrected,SDX004,unique_or_condition_distinct_keep,Random Forest,132,102.6996258355063,-29.300374164493704,29.300374164493704,v3.4,mean_of_repeated_seeds,10
CA0510,source_disjoint_external,loo_feasible,loo_sfe_corrected,SDX004,unique_or_condition_distinct_keep,XGBoost,132,125.85604881402995,-6.143951185970053,6.143951185970053,v3.4,mean_of_repeated_seeds,10
CA0510,source_disjoint_external,loo_feasible,loo_sfe_corrected,SDX004,unique_or_condition_distinct_keep,Ordinary MLP,132,119.04865475130241,-12.951345248697592,12.951345248697592,v3.4,mean_of_repeated_seeds,10
CA0511,source_disjoint_external,loo_feasible,loo_sfe_corrected,SDX004,unique_or_condition_distinct_keep,Owens-Wendt,148,133.26896716742917,-14.731032832570833,14.731032832570833,v3.4,deterministic,1
CA0511,source_disjoint_external,loo_feasible,loo_sfe_corrected,SDX004,unique_or_condition_distinct_keep,Random Forest,148,111.06388927714379,-36.93611072285621,36.93611072285621,v3.4,mean_of_repeated_seeds,10
CA0511,source_disjoint_external,loo_feasible,loo_sfe_corrected,SDX004,unique_or_condition_distinct_keep,XGBoost,148,138.80535933361006,-9.194640666389944,9.194640666389944,v3.4,mean_of_repeated_seeds,10
CA0511,source_disjoint_external,loo_feasible,loo_sfe_corrected,SDX004,unique_or_condition_distinct_keep,Ordinary MLP,148,129.63362761300382,-18.366372386996176,18.366372386996176,v3.4,mean_of_repeated_seeds,10
CA0512,source_disjoint_external,loo_feasible,loo_sfe_corrected,SDX004,unique_or_condition_distinct_keep,Owens-Wendt,128,131.6163006005886,3.616300600588602,3.616300600588602,v3.4,deterministic,1
CA0512,source_disjoint_external,loo_feasible,loo_sfe_corrected,SDX004,unique_or_condition_distinct_keep,Random Forest,128,105.48441293361506,-22.51558706638494,22.51558706638494,v3.4,mean_of_repeated_seeds,10
CA0512,source_disjoint_external,loo_feasible,loo_sfe_corrected,SDX004,unique_or_condition_distinct_keep,XGBoost,128,142.84671178199412,14.846711781994117,14.846711781994117,v3.4,mean_of_repeated_seeds,10
CA0512,source_disjoint_external,loo_feasible,loo_sfe_corrected,SDX004,unique_or_condition_distinct_keep,Ordinary MLP,128,121.10934899367449,-6.890651006325513,6.890651006325513,v3.4,mean_of_repeated_seeds,10
CA0513,source_disjoint_external,loo_feasible,loo_sfe_corrected,SDX004,unique_or_condition_distinct_keep,Owens-Wendt,128,109.22723300533164,-18.77276699466836,18.77276699466836,v3.4,deterministic,1
CA0513,source_disjoint_external,loo_feasible,loo_sfe_corrected,SDX004,unique_or_condition_distinct_keep,Random Forest,128,96.85140043567719,-31.148599564322808,31.148599564322808,v3.4,mean_of_repeated_seeds,10
CA0513,source_disjoint_external,loo_feasible,loo_sfe_corrected,SDX004,unique_or_condition_distinct_keep,XGBoost,128,119.50918835034963,-8.490811649650368,8.490811649650368,v3.4,mean_of_repeated_seeds,10
CA0513,source_disjoint_external,loo_feasible,loo_sfe_corrected,SDX004,unique_or_condition_distinct_keep,Ordinary MLP,128,114.5486525354074,-13.451347464592601,13.451347464592601,v3.4,mean_of_repeated_seeds,10
CA0514,source_disjoint_external,loo_feasible,loo_sfe_corrected,SDX004,unique_or_condition_distinct_keep,Owens-Wendt,142,112.45712127213717,-29.542878727862828,29.542878727862828,v3.4,deterministic,1
CA0514,source_disjoint_external,loo_feasible,loo_sfe_corrected,SDX004,unique_or_condition_distinct_keep,Random Forest,142,108.40199877000661,-33.598001229993386,33.598001229993386,v3.4,mean_of_repeated_seeds,10
CA0514,source_disjoint_external,loo_feasible,loo_sfe_corrected,SDX004,unique_or_condition_distinct_keep,XGBoost,142,130.30904985687317,-11.690950143126827,11.690950143126827,v3.4,mean_of_repeated_seeds,10
CA0514,source_disjoint_external,loo_feasible,loo_sfe_corrected,SDX004,unique_or_condition_distinct_keep,Ordinary MLP,142,122.9475923274507,-19.052407672549293,19.052407672549293,v3.4,mean_of_repeated_seeds,10
CA0515,source_disjoint_external,loo_feasible,loo_sfe_corrected,SDX004,unique_or_condition_distinct_keep,Owens-Wendt,130,113.17464185905783,-16.82535814094217,16.82535814094217,v3.4,deterministic,1
CA0515,source_disjoint_external,loo_feasible,loo_sfe_corrected,SDX004,unique_or_condition_distinct_keep,Random Forest,130,101.42989327587695,-28.57010672412305,28.57010672412305,v3.4,mean_of_repeated_seeds,10
CA0515,source_disjoint_external,loo_feasible,loo_sfe_corrected,SDX004,unique_or_condition_distinct_keep,XGBoost,130,132.56959403483043,2.5695940348304305,2.5695940348304305,v3.4,mean_of_repeated_seeds,10
CA0515,source_disjoint_external,loo_feasible,loo_sfe_corrected,SDX004,unique_or_condition_distinct_keep,Ordinary MLP,130,113.16295095514072,-16.837049044859285,16.837049044859285,v3.4,mean_of_repeated_seeds,10
CA0516,source_disjoint_external,loo_feasible,loo_sfe_corrected,SDX004,unique_or_condition_distinct_keep,Owens-Wendt,111,122.9339651671589,11.933965167158902,11.933965167158902,v3.4,deterministic,1
CA0516,source_disjoint_external,loo_feasible,loo_sfe_corrected,SDX004,unique_or_condition_distinct_keep,Random Forest,111,106.63072109641139,-4.369278903588608,4.369278903588608,v3.4,mean_of_repeated_seeds,10
CA0516,source_disjoint_external,loo_feasible,loo_sfe_corrected,SDX004,unique_or_condition_distinct_keep,XGBoost,111,134.3413739266879,23.341373926687908,23.341373926687908,v3.4,mean_of_repeated_seeds,10
CA0516,source_disjoint_external,loo_feasible,loo_sfe_corrected,SDX004,unique_or_condition_distinct_keep,Ordinary MLP,111,121.55845798481221,10.558457984812208,10.558457984812208,v3.4,mean_of_repeated_seeds,10
CA0517,source_disjoint_external,loo_feasible,loo_sfe_corrected,SDX005,unique_or_condition_distinct_keep,Owens-Wendt,125.6,73.66370365483984,-51.93629634516016,51.93629634516016,v3.4,deterministic,1
CA0517,source_disjoint_external,loo_feasible,loo_sfe_corrected,SDX005,unique_or_condition_distinct_keep,Random Forest,125.6,68.2102328540108,-57.3897671459892,57.3897671459892,v3.4,mean_of_repeated_seeds,10
CA0517,source_disjoint_external,loo_feasible,loo_sfe_corrected,SDX005,unique_or_condition_distinct_keep,XGBoost,125.6,79.43886066186721,-46.161139338132784,46.161139338132784,v3.4,mean_of_repeated_seeds,10
CA0517,source_disjoint_external,loo_feasible,loo_sfe_corrected,SDX005,unique_or_condition_distinct_keep,Ordinary MLP,125.6,78.68333582111403,-46.916664178885966,46.916664178885966,v3.4,mean_of_repeated_seeds,10
CA0518,source_disjoint_external,loo_feasible,loo_sfe_corrected,SDX005,unique_or_condition_distinct_keep,Owens-Wendt,114.8,85.9418742311643,-28.85812576883569,28.85812576883569,v3.4,deterministic,1
CA0518,source_disjoint_external,loo_feasible,loo_sfe_corrected,SDX005,unique_or_condition_distinct_keep,Random Forest,114.8,76.14802341501297,-38.651976584987025,38.651976584987025,v3.4,mean_of_repeated_seeds,10
CA0518,source_disjoint_external,loo_feasible,loo_sfe_corrected,SDX005,unique_or_condition_distinct_keep,XGBoost,114.8,86.5891200376666,-28.210879962333394,28.210879962333394,v3.4,mean_of_repeated_seeds,10
CA0518,source_disjoint_external,loo_feasible,loo_sfe_corrected,SDX005,unique_or_condition_distinct_keep,Ordinary MLP,114.8,88.85185321119432,-25.948146788805673,25.948146788805673,v3.4,mean_of_repeated_seeds,10
CA0519,source_disjoint_external,loo_feasible,loo_sfe_corrected,SDX005,unique_or_condition_distinct_keep,Owens-Wendt,80.2,110.45614589156588,30.25614589156588,30.25614589156588,v3.4,deterministic,1
CA0519,source_disjoint_external,loo_feasible,loo_sfe_corrected,SDX005,unique_or_condition_distinct_keep,Random Forest,80.2,96.64929324417272,16.449293244172722,16.449293244172722,v3.4,mean_of_repeated_seeds,10
CA0519,source_disjoint_external,loo_feasible,loo_sfe_corrected,SDX005,unique_or_condition_distinct_keep,XGBoost,80.2,121.61080581451179,41.41080581451179,41.41080581451179,v3.4,mean_of_repeated_seeds,10
CA0519,source_disjoint_external,loo_feasible,loo_sfe_corrected,SDX005,unique_or_condition_distinct_keep,Ordinary MLP,80.2,112.88314873721781,32.683148737217806,32.683148737217806,v3.4,mean_of_repeated_seeds,10
CA0520,source_disjoint_external,loo_feasible,loo_sfe_corrected,SDX005,unique_or_condition_distinct_keep,Owens-Wendt,115.5,90.48405765000714,-25.015942349992855,25.015942349992855,v3.4,deterministic,1
CA0520,source_disjoint_external,loo_feasible,loo_sfe_corrected,SDX005,unique_or_condition_distinct_keep,Random Forest,115.5,90.88773079154603,-24.612269208453966,24.612269208453966,v3.4,mean_of_repeated_seeds,10
CA0520,source_disjoint_external,loo_feasible,loo_sfe_corrected,SDX005,unique_or_condition_distinct_keep,XGBoost,115.5,91.35235601710319,-24.14764398289681,24.14764398289681,v3.4,mean_of_repeated_seeds,10
CA0520,source_disjoint_external,loo_feasible,loo_sfe_corrected,SDX005,unique_or_condition_distinct_keep,Ordinary MLP,115.5,100.3331830473857,-15.166816952614298,15.166816952614298,v3.4,mean_of_repeated_seeds,10
CA0521,source_disjoint_external,loo_feasible,loo_sfe_corrected,SDX005,unique_or_condition_distinct_keep,Owens-Wendt,106.2,93.77121129580635,-12.42878870419365,12.42878870419365,v3.4,deterministic,1
CA0521,source_disjoint_external,loo_feasible,loo_sfe_corrected,SDX005,unique_or_condition_distinct_keep,Random Forest,106.2,84.34973371181323,-21.850266288186774,21.850266288186774,v3.4,mean_of_repeated_seeds,10
CA0521,source_disjoint_external,loo_feasible,loo_sfe_corrected,SDX005,unique_or_condition_distinct_keep,XGBoost,106.2,93.72091596410817,-12.47908403589183,12.47908403589183,v3.4,mean_of_repeated_seeds,10
CA0521,source_disjoint_external,loo_feasible,loo_sfe_corrected,SDX005,unique_or_condition_distinct_keep,Ordinary MLP,106.2,92.80831742576395,-13.391682574236057,13.391682574236057,v3.4,mean_of_repeated_seeds,10
CA0522,source_disjoint_external,loo_feasible,loo_sfe_corrected,SDX005,unique_or_condition_distinct_keep,Owens-Wendt,79.8,104.78229187421331,24.982291874213317,24.982291874213317,v3.4,deterministic,1
CA0522,source_disjoint_external,loo_feasible,loo_sfe_corrected,SDX005,unique_or_condition_distinct_keep,Random Forest,79.8,91.1108835298628,11.310883529862807,11.310883529862807,v3.4,mean_of_repeated_seeds,10
CA0522,source_disjoint_external,loo_feasible,loo_sfe_corrected,SDX005,unique_or_condition_distinct_keep,XGBoost,79.8,112.43230916406257,32.632309164062576,32.632309164062576,v3.4,mean_of_repeated_seeds,10
CA0522,source_disjoint_external,loo_feasible,loo_sfe_corrected,SDX005,unique_or_condition_distinct_keep,Ordinary MLP,79.8,107.82323884711991,28.023238847119913,28.023238847119913,v3.4,mean_of_repeated_seeds,10
CA0523,source_disjoint_external,loo_feasible,loo_sfe_corrected,SDX005,unique_or_condition_distinct_keep,Owens-Wendt,116.6,84.75852368707079,-31.841476312929203,31.841476312929203,v3.4,deterministic,1
CA0523,source_disjoint_external,loo_feasible,loo_sfe_corrected,SDX005,unique_or_condition_distinct_keep,Random Forest,116.6,86.34780708775789,-30.25219291224211,30.25219291224211,v3.4,mean_of_repeated_seeds,10
CA0523,source_disjoint_external,loo_feasible,loo_sfe_corrected,SDX005,unique_or_condition_distinct_keep,XGBoost,116.6,85.33145978501081,-31.268540214989187,31.268540214989187,v3.4,mean_of_repeated_seeds,10
CA0523,source_disjoint_external,loo_feasible,loo_sfe_corrected,SDX005,unique_or_condition_distinct_keep,Ordinary MLP,116.6,93.04327265504034,-23.556727344959654,23.556727344959654,v3.4,mean_of_repeated_seeds,10
CA0524,source_disjoint_external,loo_feasible,loo_sfe_corrected,SDX005,unique_or_condition_distinct_keep,Owens-Wendt,101.8,85.1712002456462,-16.628799754353793,16.628799754353793,v3.4,deterministic,1
CA0524,source_disjoint_external,loo_feasible,loo_sfe_corrected,SDX005,unique_or_condition_distinct_keep,Random Forest,101.8,76.5350631144939,-25.264936885506103,25.264936885506103,v3.4,mean_of_repeated_seeds,10
CA0524,source_disjoint_external,loo_feasible,loo_sfe_corrected,SDX005,unique_or_condition_distinct_keep,XGBoost,101.8,84.63302137571283,-17.166978624287168,17.166978624287168,v3.4,mean_of_repeated_seeds,10
CA0524,source_disjoint_external,loo_feasible,loo_sfe_corrected,SDX005,unique_or_condition_distinct_keep,Ordinary MLP,101.8,85.62958813875677,-16.170411861243224,16.170411861243224,v3.4,mean_of_repeated_seeds,10
CA0525,source_disjoint_external,loo_feasible,loo_sfe_corrected,SDX005,unique_or_condition_distinct_keep,Owens-Wendt,72.7,94.81284525401927,22.112845254019263,22.112845254019263,v3.4,deterministic,1
CA0525,source_disjoint_external,loo_feasible,loo_sfe_corrected,SDX005,unique_or_condition_distinct_keep,Random Forest,72.7,91.72495118126777,19.024951181267767,19.024951181267767,v3.4,mean_of_repeated_seeds,10
CA0525,source_disjoint_external,loo_feasible,loo_sfe_corrected,SDX005,unique_or_condition_distinct_keep,XGBoost,72.7,108.8819949113974,36.181994911397396,36.181994911397396,v3.4,mean_of_repeated_seeds,10
CA0525,source_disjoint_external,loo_feasible,loo_sfe_corrected,SDX005,unique_or_condition_distinct_keep,Ordinary MLP,72.7,101.31326293951783,28.613262939517824,28.613262939517824,v3.4,mean_of_repeated_seeds,10
CA0526,source_disjoint_external,loo_feasible,loo_sfe_corrected,SDX005,unique_or_condition_distinct_keep,Owens-Wendt,136.4,78.98220999125806,-57.417790008741946,57.417790008741946,v3.4,deterministic,1
CA0526,source_disjoint_external,loo_feasible,loo_sfe_corrected,SDX005,unique_or_condition_distinct_keep,Random Forest,136.4,72.2450129047417,-64.1549870952583,64.1549870952583,v3.4,mean_of_repeated_seeds,10
CA0526,source_disjoint_external,loo_feasible,loo_sfe_corrected,SDX005,unique_or_condition_distinct_keep,XGBoost,136.4,83.13084161604247,-53.26915838395753,53.26915838395753,v3.4,mean_of_repeated_seeds,10
CA0526,source_disjoint_external,loo_feasible,loo_sfe_corrected,SDX005,unique_or_condition_distinct_keep,Ordinary MLP,136.4,82.6628255589194,-53.73717444108061,53.73717444108061,v3.4,mean_of_repeated_seeds,10
CA0527,source_disjoint_external,loo_feasible,loo_sfe_corrected,SDX005,unique_or_condition_distinct_keep,Owens-Wendt,130.5,97.14693161072478,-33.35306838927522,33.35306838927522,v3.4,deterministic,1
CA0527,source_disjoint_external,loo_feasible,loo_sfe_corrected,SDX005,unique_or_condition_distinct_keep,Random Forest,130.5,88.42755778848718,-42.07244221151282,42.07244221151282,v3.4,mean_of_repeated_seeds,10
CA0527,source_disjoint_external,loo_feasible,loo_sfe_corrected,SDX005,unique_or_condition_distinct_keep,XGBoost,130.5,115.50002880372718,-14.999971196272824,14.999971196272824,v3.4,mean_of_repeated_seeds,10
CA0527,source_disjoint_external,loo_feasible,loo_sfe_corrected,SDX005,unique_or_condition_distinct_keep,Ordinary MLP,130.5,99.92922222449529,-30.57077777550471,30.57077777550471,v3.4,mean_of_repeated_seeds,10
CA0528,source_disjoint_external,loo_feasible,loo_sfe_corrected,SDX005,unique_or_condition_distinct_keep,Owens-Wendt,95.8,129.57894647538652,33.77894647538652,33.77894647538652,v3.4,deterministic,1
CA0528,source_disjoint_external,loo_feasible,loo_sfe_corrected,SDX005,unique_or_condition_distinct_keep,Random Forest,95.8,96.48017677398322,0.6801767739832201,0.6801767739832201,v3.4,mean_of_repeated_seeds,10
CA0528,source_disjoint_external,loo_feasible,loo_sfe_corrected,SDX005,unique_or_condition_distinct_keep,XGBoost,95.8,126.05457021414584,30.254570214145843,30.254570214145843,v3.4,mean_of_repeated_seeds,10
CA0528,source_disjoint_external,loo_feasible,loo_sfe_corrected,SDX005,unique_or_condition_distinct_keep,Ordinary MLP,95.8,119.257272108346,23.457272108346004,23.457272108346004,v3.4,mean_of_repeated_seeds,10
CA0529,source_disjoint_external,high_risk,all_liquid_original,SDX006,unique_or_condition_distinct_keep,Owens-Wendt,73.7,73.69992809198715,-0.00007190801285616999,0.00007190801285616999,v3.4,deterministic,1
CA0529,source_disjoint_external,high_risk,all_liquid_original,SDX006,unique_or_condition_distinct_keep,Random Forest,73.7,78.92574134890646,5.225741348906453,5.225741348906453,v3.4,mean_of_repeated_seeds,10
CA0529,source_disjoint_external,high_risk,all_liquid_original,SDX006,unique_or_condition_distinct_keep,XGBoost,73.7,78.16546233309816,4.465462333098159,4.465462333098159,v3.4,mean_of_repeated_seeds,10
CA0529,source_disjoint_external,high_risk,all_liquid_original,SDX006,unique_or_condition_distinct_keep,Ordinary MLP,73.7,87.2754563915533,13.575456391553303,13.575456391553303,v3.4,mean_of_repeated_seeds,10
CA0530,source_disjoint_external,high_risk,all_liquid_original,SDX006,unique_or_condition_distinct_keep,Owens-Wendt,44.2,44.1917945954927,-0.008205404507300784,0.008205404507300784,v3.4,deterministic,1
CA0530,source_disjoint_external,high_risk,all_liquid_original,SDX006,unique_or_condition_distinct_keep,Random Forest,44.2,38.503800508727565,-5.696199491272438,5.696199491272438,v3.4,mean_of_repeated_seeds,10
CA0530,source_disjoint_external,high_risk,all_liquid_original,SDX006,unique_or_condition_distinct_keep,XGBoost,44.2,41.586406251569336,-2.6135937484306666,2.6135937484306666,v3.4,mean_of_repeated_seeds,10
CA0530,source_disjoint_external,high_risk,all_liquid_original,SDX006,unique_or_condition_distinct_keep,Ordinary MLP,44.2,49.09593613413695,4.895936134136946,4.895936134136946,v3.4,mean_of_repeated_seeds,10
CA0531,source_disjoint_external,high_risk,all_liquid_original,SDX006,unique_or_condition_distinct_keep,Owens-Wendt,88.7,88.71022811749131,0.010228117491308808,0.010228117491308808,v3.4,deterministic,1
CA0531,source_disjoint_external,high_risk,all_liquid_original,SDX006,unique_or_condition_distinct_keep,Random Forest,88.7,91.94072836264532,3.2407283626453136,3.2407283626453136,v3.4,mean_of_repeated_seeds,10
CA0531,source_disjoint_external,high_risk,all_liquid_original,SDX006,unique_or_condition_distinct_keep,XGBoost,88.7,98.51895456327352,9.818954563273522,9.818954563273522,v3.4,mean_of_repeated_seeds,10
CA0531,source_disjoint_external,high_risk,all_liquid_original,SDX006,unique_or_condition_distinct_keep,Ordinary MLP,88.7,101.0861195925952,12.386119592595193,12.386119592595193,v3.4,mean_of_repeated_seeds,10
CA0532,source_disjoint_external,high_risk,all_liquid_original,SDX006,unique_or_condition_distinct_keep,Owens-Wendt,53.9,53.89927564291621,-0.0007243570837900393,0.0007243570837900393,v3.4,deterministic,1
CA0532,source_disjoint_external,high_risk,all_liquid_original,SDX006,unique_or_condition_distinct_keep,Random Forest,53.9,49.90017604609733,-3.99982395390267,3.99982395390267,v3.4,mean_of_repeated_seeds,10
CA0532,source_disjoint_external,high_risk,all_liquid_original,SDX006,unique_or_condition_distinct_keep,XGBoost,53.9,54.7581681428333,0.8581681428332999,0.8581681428332999,v3.4,mean_of_repeated_seeds,10
CA0532,source_disjoint_external,high_risk,all_liquid_original,SDX006,unique_or_condition_distinct_keep,Ordinary MLP,53.9,58.8266979707837,4.9266979707836995,4.9266979707836995,v3.4,mean_of_repeated_seeds,10
CA0533,source_disjoint_external,high_risk,all_liquid_original,SDX006,unique_or_condition_distinct_keep,Owens-Wendt,99.2,99.19606951162746,-0.003930488372546392,0.003930488372546392,v3.4,deterministic,1
CA0533,source_disjoint_external,high_risk,all_liquid_original,SDX006,unique_or_condition_distinct_keep,Random Forest,99.2,96.19591476915608,-3.004085230843927,3.004085230843927,v3.4,mean_of_repeated_seeds,10
CA0533,source_disjoint_external,high_risk,all_liquid_original,SDX006,unique_or_condition_distinct_keep,XGBoost,99.2,108.27236133409949,9.072361334099483,9.072361334099483,v3.4,mean_of_repeated_seeds,10
CA0533,source_disjoint_external,high_risk,all_liquid_original,SDX006,unique_or_condition_distinct_keep,Ordinary MLP,99.2,111.28193916319333,12.081939163193326,12.081939163193326,v3.4,mean_of_repeated_seeds,10
CA0534,source_disjoint_external,high_risk,all_liquid_original,SDX006,unique_or_condition_distinct_keep,Owens-Wendt,66.2,66.19818928855635,-0.0018107114436531901,0.0018107114436531901,v3.4,deterministic,1
CA0534,source_disjoint_external,high_risk,all_liquid_original,SDX006,unique_or_condition_distinct_keep,Random Forest,66.2,65.78588635466583,-0.4141136453341687,0.4141136453341687,v3.4,mean_of_repeated_seeds,10
CA0534,source_disjoint_external,high_risk,all_liquid_original,SDX006,unique_or_condition_distinct_keep,XGBoost,66.2,70.88260732030054,4.682607320300534,4.682607320300534,v3.4,mean_of_repeated_seeds,10
CA0534,source_disjoint_external,high_risk,all_liquid_original,SDX006,unique_or_condition_distinct_keep,Ordinary MLP,66.2,72.71776373171029,6.517763731710289,6.517763731710289,v3.4,mean_of_repeated_seeds,10
CA0535,source_disjoint_external,high_risk,all_liquid_original,SDX006,unique_or_condition_distinct_keep,Owens-Wendt,105.8,105.8152300149706,0.01523001497059795,0.01523001497059795,v3.4,deterministic,1
CA0535,source_disjoint_external,high_risk,all_liquid_original,SDX006,unique_or_condition_distinct_keep,Random Forest,105.8,99.28142763110249,-6.518572368897509,6.518572368897509,v3.4,mean_of_repeated_seeds,10
CA0535,source_disjoint_external,high_risk,all_liquid_original,SDX006,unique_or_condition_distinct_keep,XGBoost,105.8,113.17621187870323,7.376211878703231,7.376211878703231,v3.4,mean_of_repeated_seeds,10
CA0535,source_disjoint_external,high_risk,all_liquid_original,SDX006,unique_or_condition_distinct_keep,Ordinary MLP,105.8,117.47187497612796,11.671874976127967,11.671874976127967,v3.4,mean_of_repeated_seeds,10
CA0536,source_disjoint_external,high_risk,all_liquid_original,SDX006,unique_or_condition_distinct_keep,Owens-Wendt,72.8,72.80555956076816,0.0055595607681624415,0.0055595607681624415,v3.4,deterministic,1
CA0536,source_disjoint_external,high_risk,all_liquid_original,SDX006,unique_or_condition_distinct_keep,Random Forest,72.8,72.0906406159704,-0.7093593840295966,0.7093593840295966,v3.4,mean_of_repeated_seeds,10
CA0536,source_disjoint_external,high_risk,all_liquid_original,SDX006,unique_or_condition_distinct_keep,XGBoost,72.8,72.5531043523034,-0.24689564769660421,0.24689564769660421,v3.4,mean_of_repeated_seeds,10
CA0536,source_disjoint_external,high_risk,all_liquid_original,SDX006,unique_or_condition_distinct_keep,Ordinary MLP,72.8,80.93859548085068,8.138595480850682,8.138595480850682,v3.4,mean_of_repeated_seeds,10
CA0537,source_disjoint_external,high_risk,all_liquid_original,SDX006,unique_or_condition_distinct_keep,Owens-Wendt,112.6,112.64711227819117,0.0471122781911788,0.0471122781911788,v3.4,deterministic,1
CA0537,source_disjoint_external,high_risk,all_liquid_original,SDX006,unique_or_condition_distinct_keep,Random Forest,112.6,105.69361248834562,-6.906387511654373,6.906387511654373,v3.4,mean_of_repeated_seeds,10
CA0537,source_disjoint_external,high_risk,all_liquid_original,SDX006,unique_or_condition_distinct_keep,XGBoost,112.6,116.24683496940938,3.646834969409383,3.646834969409383,v3.4,mean_of_repeated_seeds,10
CA0537,source_disjoint_external,high_risk,all_liquid_original,SDX006,unique_or_condition_distinct_keep,Ordinary MLP,112.6,121.34184653216361,8.74184653216362,8.74184653216362,v3.4,mean_of_repeated_seeds,10
CA0538,source_disjoint_external,high_risk,all_liquid_original,SDX006,unique_or_condition_distinct_keep,Owens-Wendt,78.4,78.42065193005398,0.020651930053972478,0.020651930053972478,v3.4,deterministic,1
CA0538,source_disjoint_external,high_risk,all_liquid_original,SDX006,unique_or_condition_distinct_keep,Random Forest,78.4,79.82235863242484,1.4223586324248316,1.4223586324248316,v3.4,mean_of_repeated_seeds,10
CA0538,source_disjoint_external,high_risk,all_liquid_original,SDX006,unique_or_condition_distinct_keep,XGBoost,78.4,76.61027868173925,-1.78972131826076,1.78972131826076,v3.4,mean_of_repeated_seeds,10
CA0538,source_disjoint_external,high_risk,all_liquid_original,SDX006,unique_or_condition_distinct_keep,Ordinary MLP,78.4,87.5061793935245,9.1061793935245,9.1061793935245,v3.4,mean_of_repeated_seeds,10
CA0539,source_disjoint_external,high_risk,all_liquid_original,SDX006,unique_or_condition_distinct_keep,Owens-Wendt,115.4,115.2946937395407,-0.10530626045930092,0.10530626045930092,v3.4,deterministic,1
CA0539,source_disjoint_external,high_risk,all_liquid_original,SDX006,unique_or_condition_distinct_keep,Random Forest,115.4,110.65739369083622,-4.74260630916379,4.74260630916379,v3.4,mean_of_repeated_seeds,10
CA0539,source_disjoint_external,high_risk,all_liquid_original,SDX006,unique_or_condition_distinct_keep,XGBoost,115.4,126.43954483354048,11.039544833540475,11.039544833540475,v3.4,mean_of_repeated_seeds,10
CA0539,source_disjoint_external,high_risk,all_liquid_original,SDX006,unique_or_condition_distinct_keep,Ordinary MLP,115.4,124.13926029432847,8.73926029432846,8.73926029432846,v3.4,mean_of_repeated_seeds,10
CA0540,source_disjoint_external,high_risk,all_liquid_original,SDX006,unique_or_condition_distinct_keep,Owens-Wendt,83,82.96438198210433,-0.03561801789567198,0.03561801789567198,v3.4,deterministic,1
CA0540,source_disjoint_external,high_risk,all_liquid_original,SDX006,unique_or_condition_distinct_keep,Random Forest,83,84.62029871866687,1.6202987186668736,1.6202987186668736,v3.4,mean_of_repeated_seeds,10
CA0540,source_disjoint_external,high_risk,all_liquid_original,SDX006,unique_or_condition_distinct_keep,XGBoost,83,82.96683884933137,-0.0331611506686329,0.0331611506686329,v3.4,mean_of_repeated_seeds,10
CA0540,source_disjoint_external,high_risk,all_liquid_original,SDX006,unique_or_condition_distinct_keep,Ordinary MLP,83,92.81274654846297,9.812746548462968,9.812746548462968,v3.4,mean_of_repeated_seeds,10
CA0541,source_disjoint_external,high_risk,all_liquid_original,SDX006,unique_or_condition_distinct_keep,Owens-Wendt,118,118.08623828943173,0.0862382894317335,0.0862382894317335,v3.4,deterministic,1
CA0541,source_disjoint_external,high_risk,all_liquid_original,SDX006,unique_or_condition_distinct_keep,Random Forest,118,114.71271596908718,-3.287284030912815,3.287284030912815,v3.4,mean_of_repeated_seeds,10
CA0541,source_disjoint_external,high_risk,all_liquid_original,SDX006,unique_or_condition_distinct_keep,XGBoost,118,134.49246954279488,16.49246954279488,16.49246954279488,v3.4,mean_of_repeated_seeds,10
CA0541,source_disjoint_external,high_risk,all_liquid_original,SDX006,unique_or_condition_distinct_keep,Ordinary MLP,118,126.71834931108042,8.718349311080416,8.718349311080416,v3.4,mean_of_repeated_seeds,10
CA0542,source_disjoint_external,high_risk,all_liquid_original,SDX006,unique_or_condition_distinct_keep,Owens-Wendt,87.5,87.53106285161425,0.031062851614251485,0.031062851614251485,v3.4,deterministic,1
CA0542,source_disjoint_external,high_risk,all_liquid_original,SDX006,unique_or_condition_distinct_keep,Random Forest,87.5,88.6832556917015,1.183255691701504,1.183255691701504,v3.4,mean_of_repeated_seeds,10
CA0542,source_disjoint_external,high_risk,all_liquid_original,SDX006,unique_or_condition_distinct_keep,XGBoost,87.5,84.09964725772053,-3.400352742279466,3.400352742279466,v3.4,mean_of_repeated_seeds,10
CA0542,source_disjoint_external,high_risk,all_liquid_original,SDX006,unique_or_condition_distinct_keep,Ordinary MLP,87.5,97.54873375921122,10.048733759211217,10.048733759211217,v3.4,mean_of_repeated_seeds,10
CA0543,source_disjoint_external,high_risk,all_liquid_original,SDX006,unique_or_condition_distinct_keep,Owens-Wendt,120.5,120.56584336504919,0.06584336504919008,0.06584336504919008,v3.4,deterministic,1
CA0543,source_disjoint_external,high_risk,all_liquid_original,SDX006,unique_or_condition_distinct_keep,Random Forest,120.5,119.49804845880854,-1.0019515411914597,1.0019515411914597,v3.4,mean_of_repeated_seeds,10
CA0543,source_disjoint_external,high_risk,all_liquid_original,SDX006,unique_or_condition_distinct_keep,XGBoost,120.5,140.74767509840316,20.247675098403164,20.247675098403164,v3.4,mean_of_repeated_seeds,10
CA0543,source_disjoint_external,high_risk,all_liquid_original,SDX006,unique_or_condition_distinct_keep,Ordinary MLP,120.5,128.5610876878839,8.061087687883912,8.061087687883912,v3.4,mean_of_repeated_seeds,10
CA0544,source_disjoint_external,high_risk,all_liquid_original,SDX006,unique_or_condition_distinct_keep,Owens-Wendt,91.2,91.22626677066258,0.026266770662573435,0.026266770662573435,v3.4,deterministic,1
CA0544,source_disjoint_external,high_risk,all_liquid_original,SDX006,unique_or_condition_distinct_keep,Random Forest,91.2,92.16937146259316,0.9693714625931591,0.9693714625931591,v3.4,mean_of_repeated_seeds,10
CA0544,source_disjoint_external,high_risk,all_liquid_original,SDX006,unique_or_condition_distinct_keep,XGBoost,91.2,86.01025281028043,-5.189747189719569,5.189747189719569,v3.4,mean_of_repeated_seeds,10
CA0544,source_disjoint_external,high_risk,all_liquid_original,SDX006,unique_or_condition_distinct_keep,Ordinary MLP,91.2,101.14952994399273,9.94952994399273,9.94952994399273,v3.4,mean_of_repeated_seeds,10
CA0545,source_disjoint_external,high_risk,all_liquid_original,SDX001,unique_or_condition_distinct_keep,Owens-Wendt,76.4,76.39547578931885,-0.004524210681154273,0.004524210681154273,v3.4,deterministic,1
CA0545,source_disjoint_external,high_risk,all_liquid_original,SDX001,unique_or_condition_distinct_keep,Random Forest,76.4,79.45026520509386,3.050265205093851,3.050265205093851,v3.4,mean_of_repeated_seeds,10
CA0545,source_disjoint_external,high_risk,all_liquid_original,SDX001,unique_or_condition_distinct_keep,XGBoost,76.4,74.22874305864936,-2.1712569413506486,2.1712569413506486,v3.4,mean_of_repeated_seeds,10
CA0545,source_disjoint_external,high_risk,all_liquid_original,SDX001,unique_or_condition_distinct_keep,Ordinary MLP,76.4,80.37040220783548,3.970402207835477,3.970402207835477,v3.4,mean_of_repeated_seeds,10
CA0546,source_disjoint_external,high_risk,all_liquid_original,SDX001,unique_or_condition_distinct_keep,Owens-Wendt,45.1,45.09899700062156,-0.001002999378442837,0.001002999378442837,v3.4,deterministic,1
CA0546,source_disjoint_external,high_risk,all_liquid_original,SDX001,unique_or_condition_distinct_keep,Random Forest,45.1,42.288280263043745,-2.811719736956256,2.811719736956256,v3.4,mean_of_repeated_seeds,10
CA0546,source_disjoint_external,high_risk,all_liquid_original,SDX001,unique_or_condition_distinct_keep,XGBoost,45.1,40.67085001411141,-4.429149985888593,4.429149985888593,v3.4,mean_of_repeated_seeds,10
CA0546,source_disjoint_external,high_risk,all_liquid_original,SDX001,unique_or_condition_distinct_keep,Ordinary MLP,45.1,46.15351683500829,1.0535168350082884,1.0535168350082884,v3.4,mean_of_repeated_seeds,10
CA0547,source_disjoint_external,high_risk,all_liquid_original,SDX001,unique_or_condition_distinct_keep,Owens-Wendt,73.5,73.50244601383143,0.0024460138314310598,0.0024460138314310598,v3.4,deterministic,1
CA0547,source_disjoint_external,high_risk,all_liquid_original,SDX001,unique_or_condition_distinct_keep,Random Forest,73.5,79.57015112320006,6.070151123200063,6.070151123200063,v3.4,mean_of_repeated_seeds,10
CA0547,source_disjoint_external,high_risk,all_liquid_original,SDX001,unique_or_condition_distinct_keep,XGBoost,73.5,74.06195878585345,0.5619587858534487,0.5619587858534487,v3.4,mean_of_repeated_seeds,10
CA0547,source_disjoint_external,high_risk,all_liquid_original,SDX001,unique_or_condition_distinct_keep,Ordinary MLP,73.5,95.19028186054177,21.690281860541774,21.690281860541774,v3.4,mean_of_repeated_seeds,10
CA0548,source_disjoint_external,high_risk,all_liquid_original,SDX001,unique_or_condition_distinct_keep,Owens-Wendt,41.2,41.204958018636866,0.00495801863686296,0.00495801863686296,v3.4,deterministic,1
CA0548,source_disjoint_external,high_risk,all_liquid_original,SDX001,unique_or_condition_distinct_keep,Random Forest,41.2,40.25930435776655,-0.9406956422334503,0.9406956422334503,v3.4,mean_of_repeated_seeds,10
CA0548,source_disjoint_external,high_risk,all_liquid_original,SDX001,unique_or_condition_distinct_keep,XGBoost,41.2,38.498249258273894,-2.7017507417261086,2.7017507417261086,v3.4,mean_of_repeated_seeds,10
CA0548,source_disjoint_external,high_risk,all_liquid_original,SDX001,unique_or_condition_distinct_keep,Ordinary MLP,41.2,51.42286374263976,10.22286374263976,10.22286374263976,v3.4,mean_of_repeated_seeds,10
CA0549,source_disjoint_external,high_risk,all_liquid_original,SDX001,unique_or_condition_distinct_keep,Owens-Wendt,51.3,51.2934756449059,-0.006524355094100542,0.006524355094100542,v3.4,deterministic,1
CA0549,source_disjoint_external,high_risk,all_liquid_original,SDX001,unique_or_condition_distinct_keep,Random Forest,51.3,53.488678991000334,2.1886789910003372,2.1886789910003372,v3.4,mean_of_repeated_seeds,10
CA0549,source_disjoint_external,high_risk,all_liquid_original,SDX001,unique_or_condition_distinct_keep,XGBoost,51.3,55.48934161955141,4.1893416195514135,4.1893416195514135,v3.4,mean_of_repeated_seeds,10
CA0549,source_disjoint_external,high_risk,all_liquid_original,SDX001,unique_or_condition_distinct_keep,Ordinary MLP,51.3,69.75851125777169,18.45851125777169,18.45851125777169,v3.4,mean_of_repeated_seeds,10
CA0550,source_disjoint_external,high_risk,all_liquid_original,SDX001,unique_or_condition_distinct_keep,Owens-Wendt,41.9,41.88834301715344,-0.011656982846560027,0.011656982846560027,v3.4,deterministic,1
CA0550,source_disjoint_external,high_risk,all_liquid_original,SDX001,unique_or_condition_distinct_keep,Random Forest,41.9,36.10702728459986,-5.79297271540014,5.79297271540014,v3.4,mean_of_repeated_seeds,10
CA0550,source_disjoint_external,high_risk,all_liquid_original,SDX001,unique_or_condition_distinct_keep,XGBoost,41.9,39.29087393424287,-2.609126065757131,2.609126065757131,v3.4,mean_of_repeated_seeds,10
CA0550,source_disjoint_external,high_risk,all_liquid_original,SDX001,unique_or_condition_distinct_keep,Ordinary MLP,41.9,39.76743904488145,-2.1325609551185494,2.1325609551185494,v3.4,mean_of_repeated_seeds,10
CA0551,source_disjoint_external,high_risk,all_liquid_original,SDX001,unique_or_condition_distinct_keep,Owens-Wendt,68.9,68.8998108086715,-0.00018919132850214737,0.00018919132850214737,v3.4,deterministic,1
CA0551,source_disjoint_external,high_risk,all_liquid_original,SDX001,unique_or_condition_distinct_keep,Random Forest,68.9,66.06532080136773,-2.834679198632273,2.834679198632273,v3.4,mean_of_repeated_seeds,10
CA0551,source_disjoint_external,high_risk,all_liquid_original,SDX001,unique_or_condition_distinct_keep,XGBoost,68.9,72.3318358434349,3.4318358434348966,3.4318358434348966,v3.4,mean_of_repeated_seeds,10
CA0551,source_disjoint_external,high_risk,all_liquid_original,SDX001,unique_or_condition_distinct_keep,Ordinary MLP,68.9,97.30014424500061,28.400144245000604,28.400144245000604,v3.4,mean_of_repeated_seeds,10
CA0552,source_disjoint_external,high_risk,all_liquid_original,SDX001,unique_or_condition_distinct_keep,Owens-Wendt,50.2,50.20618229832929,0.006182298329285629,0.006182298329285629,v3.4,deterministic,1
CA0552,source_disjoint_external,high_risk,all_liquid_original,SDX001,unique_or_condition_distinct_keep,Random Forest,50.2,44.16883160875948,-6.03116839124052,6.03116839124052,v3.4,mean_of_repeated_seeds,10
CA0552,source_disjoint_external,high_risk,all_liquid_original,SDX001,unique_or_condition_distinct_keep,XGBoost,50.2,56.359525309284905,6.159525309284902,6.159525309284902,v3.4,mean_of_repeated_seeds,10
CA0552,source_disjoint_external,high_risk,all_liquid_original,SDX001,unique_or_condition_distinct_keep,Ordinary MLP,50.2,59.146578586116405,8.946578586116402,8.946578586116402,v3.4,mean_of_repeated_seeds,10
CA0553,source_disjoint_external,high_risk,all_liquid_original,SDX001,unique_or_condition_distinct_keep,Owens-Wendt,0,0.48845685782462067,0.48845685782462067,0.48845685782462067,v3.4,deterministic,1
CA0553,source_disjoint_external,high_risk,all_liquid_original,SDX001,unique_or_condition_distinct_keep,Random Forest,0,35.21984063626628,35.21984063626628,35.21984063626628,v3.4,mean_of_repeated_seeds,10
CA0553,source_disjoint_external,high_risk,all_liquid_original,SDX001,unique_or_condition_distinct_keep,XGBoost,0,20.071160466444507,20.071160466444507,20.071160466444507,v3.4,mean_of_repeated_seeds,10
CA0553,source_disjoint_external,high_risk,all_liquid_original,SDX001,unique_or_condition_distinct_keep,Ordinary MLP,0,32.253574652142355,32.253574652142355,32.253574652142355,v3.4,mean_of_repeated_seeds,10
CA0554,source_disjoint_external,high_risk,all_liquid_original,SDX001,unique_or_condition_distinct_keep,Owens-Wendt,34.9,34.91088356296035,0.010883562960351867,0.010883562960351867,v3.4,deterministic,1
CA0554,source_disjoint_external,high_risk,all_liquid_original,SDX001,unique_or_condition_distinct_keep,Random Forest,34.9,39.99031406532784,5.0903140653278385,5.0903140653278385,v3.4,mean_of_repeated_seeds,10
CA0554,source_disjoint_external,high_risk,all_liquid_original,SDX001,unique_or_condition_distinct_keep,XGBoost,34.9,68.50114031394945,33.60114031394945,33.60114031394945,v3.4,mean_of_repeated_seeds,10
CA0554,source_disjoint_external,high_risk,all_liquid_original,SDX001,unique_or_condition_distinct_keep,Ordinary MLP,34.9,18.65353131684385,-16.24646868315615,16.24646868315615,v3.4,mean_of_repeated_seeds,10
CA0555,source_disjoint_external,high_risk,all_liquid_original,SDX009,unique_or_condition_distinct_keep,Owens-Wendt,110.9,110.88055708804407,-0.019442911955934505,0.019442911955934505,v3.4,deterministic,1
CA0555,source_disjoint_external,high_risk,all_liquid_original,SDX009,unique_or_condition_distinct_keep,Random Forest,110.9,112.31190047890432,1.4119004789043146,1.4119004789043146,v3.4,mean_of_repeated_seeds,10
CA0555,source_disjoint_external,high_risk,all_liquid_original,SDX009,unique_or_condition_distinct_keep,XGBoost,110.9,128.92338412273548,18.02338412273548,18.02338412273548,v3.4,mean_of_repeated_seeds,10
CA0555,source_disjoint_external,high_risk,all_liquid_original,SDX009,unique_or_condition_distinct_keep,Ordinary MLP,110.9,123.59221002614902,12.692210026149013,12.692210026149013,v3.4,mean_of_repeated_seeds,10
CA0556,source_disjoint_external,high_risk,all_liquid_original,SDX009,unique_or_condition_distinct_keep,Owens-Wendt,89.9,89.89144054663,-0.008559453370011738,0.008559453370011738,v3.4,deterministic,1
CA0556,source_disjoint_external,high_risk,all_liquid_original,SDX009,unique_or_condition_distinct_keep,Random Forest,89.9,84.58905015301895,-5.31094984698106,5.31094984698106,v3.4,mean_of_repeated_seeds,10
CA0556,source_disjoint_external,high_risk,all_liquid_original,SDX009,unique_or_condition_distinct_keep,XGBoost,89.9,82.58343248397645,-7.316567516023554,7.316567516023554,v3.4,mean_of_repeated_seeds,10
CA0556,source_disjoint_external,high_risk,all_liquid_original,SDX009,unique_or_condition_distinct_keep,Ordinary MLP,89.9,96.52328962456428,6.623289624564279,6.623289624564279,v3.4,mean_of_repeated_seeds,10
CA0557,source_disjoint_external,high_risk,all_liquid_original,SDX009,unique_or_condition_distinct_keep,Owens-Wendt,126.9,126.98336418417085,0.08336418417084701,0.08336418417084701,v3.4,deterministic,1
CA0557,source_disjoint_external,high_risk,all_liquid_original,SDX009,unique_or_condition_distinct_keep,Random Forest,126.9,124.52236231564162,-2.3776376843583904,2.3776376843583904,v3.4,mean_of_repeated_seeds,10
CA0557,source_disjoint_external,high_risk,all_liquid_original,SDX009,unique_or_condition_distinct_keep,XGBoost,126.9,140.96687105142763,14.066871051427626,14.066871051427626,v3.4,mean_of_repeated_seeds,10
CA0557,source_disjoint_external,high_risk,all_liquid_original,SDX009,unique_or_condition_distinct_keep,Ordinary MLP,126.9,130.20178109468006,3.3017810946800523,3.3017810946800523,v3.4,mean_of_repeated_seeds,10
CA0558,source_disjoint_external,high_risk,all_liquid_original,SDX009,unique_or_condition_distinct_keep,Owens-Wendt,103.2,103.22631236219185,0.026312362191845295,0.026312362191845295,v3.4,deterministic,1
CA0558,source_disjoint_external,high_risk,all_liquid_original,SDX009,unique_or_condition_distinct_keep,Random Forest,103.2,102.31011856530169,-0.8898814346983102,0.8898814346983102,v3.4,mean_of_repeated_seeds,10
CA0558,source_disjoint_external,high_risk,all_liquid_original,SDX009,unique_or_condition_distinct_keep,XGBoost,103.2,109.72692614160341,6.526926141603411,6.526926141603411,v3.4,mean_of_repeated_seeds,10
CA0558,source_disjoint_external,high_risk,all_liquid_original,SDX009,unique_or_condition_distinct_keep,Ordinary MLP,103.2,107.05542798497004,3.855427984970035,3.855427984970035,v3.4,mean_of_repeated_seeds,10
CA0559,source_disjoint_external,high_risk,all_liquid_original,SDX009,unique_or_condition_distinct_keep,Owens-Wendt,120.3,120.2905215358442,-0.009478464155790789,0.009478464155790789,v3.4,deterministic,1
CA0559,source_disjoint_external,high_risk,all_liquid_original,SDX009,unique_or_condition_distinct_keep,Random Forest,120.3,120.36561781282971,0.06561781282971424,0.06561781282971424,v3.4,mean_of_repeated_seeds,10
CA0559,source_disjoint_external,high_risk,all_liquid_original,SDX009,unique_or_condition_distinct_keep,XGBoost,120.3,140.66279516588534,20.362795165885345,20.362795165885345,v3.4,mean_of_repeated_seeds,10
CA0559,source_disjoint_external,high_risk,all_liquid_original,SDX009,unique_or_condition_distinct_keep,Ordinary MLP,120.3,128.03610968837134,7.736109688371343,7.736109688371343,v3.4,mean_of_repeated_seeds,10
CA0560,source_disjoint_external,high_risk,all_liquid_original,SDX009,unique_or_condition_distinct_keep,Owens-Wendt,105.9,105.9111525517649,0.01115255176489427,0.01115255176489427,v3.4,deterministic,1
CA0560,source_disjoint_external,high_risk,all_liquid_original,SDX009,unique_or_condition_distinct_keep,Random Forest,105.9,94.98970543410576,-10.910294565894247,10.910294565894247,v3.4,mean_of_repeated_seeds,10
CA0560,source_disjoint_external,high_risk,all_liquid_original,SDX009,unique_or_condition_distinct_keep,XGBoost,105.9,110.39725346891672,4.4972534689167105,4.4972534689167105,v3.4,mean_of_repeated_seeds,10
CA0560,source_disjoint_external,high_risk,all_liquid_original,SDX009,unique_or_condition_distinct_keep,Ordinary MLP,105.9,107.59582233450365,1.6958223345036458,1.6958223345036458,v3.4,mean_of_repeated_seeds,10
CA0561,source_disjoint_external,high_risk,all_liquid_original,SDX009,unique_or_condition_distinct_keep,Owens-Wendt,105.7,105.70455046071108,0.004550460711072901,0.004550460711072901,v3.4,deterministic,1
CA0561,source_disjoint_external,high_risk,all_liquid_original,SDX009,unique_or_condition_distinct_keep,Random Forest,105.7,105.64282823750072,-0.05717176249928002,0.05717176249928002,v3.4,mean_of_repeated_seeds,10
CA0561,source_disjoint_external,high_risk,all_liquid_original,SDX009,unique_or_condition_distinct_keep,XGBoost,105.7,119.85860327111641,14.158603271116405,14.158603271116405,v3.4,mean_of_repeated_seeds,10
CA0561,source_disjoint_external,high_risk,all_liquid_original,SDX009,unique_or_condition_distinct_keep,Ordinary MLP,105.7,115.95860328899639,10.258603288996383,10.258603288996383,v3.4,mean_of_repeated_seeds,10
CA0562,source_disjoint_external,high_risk,all_liquid_original,SDX009,unique_or_condition_distinct_keep,Owens-Wendt,97.3,97.31028712369441,0.010287123694411093,0.010287123694411093,v3.4,deterministic,1
CA0562,source_disjoint_external,high_risk,all_liquid_original,SDX009,unique_or_condition_distinct_keep,Random Forest,97.3,89.3749146331572,-7.925085366842794,7.925085366842794,v3.4,mean_of_repeated_seeds,10
CA0562,source_disjoint_external,high_risk,all_liquid_original,SDX009,unique_or_condition_distinct_keep,XGBoost,97.3,112.39298971885137,15.09298971885137,15.09298971885137,v3.4,mean_of_repeated_seeds,10
CA0562,source_disjoint_external,high_risk,all_liquid_original,SDX009,unique_or_condition_distinct_keep,Ordinary MLP,97.3,97.47460560571884,0.17460560571883832,0.17460560571883832,v3.4,mean_of_repeated_seeds,10
CA0563,source_disjoint_external,loo_feasible,loo_sfe_corrected,SDX008,unique_or_condition_distinct_keep,Owens-Wendt,118.1,113.4584863843651,-4.641513615634892,4.641513615634892,v3.4,deterministic,1
CA0563,source_disjoint_external,loo_feasible,loo_sfe_corrected,SDX008,unique_or_condition_distinct_keep,Random Forest,118.1,100.88251857359609,-17.217481426403907,17.217481426403907,v3.4,mean_of_repeated_seeds,10
CA0563,source_disjoint_external,loo_feasible,loo_sfe_corrected,SDX008,unique_or_condition_distinct_keep,XGBoost,118.1,107.79504129632267,-10.304958703677329,10.304958703677329,v3.4,mean_of_repeated_seeds,10
CA0563,source_disjoint_external,loo_feasible,loo_sfe_corrected,SDX008,unique_or_condition_distinct_keep,Ordinary MLP,118.1,106.64541609670752,-11.454583903292473,11.454583903292473,v3.4,mean_of_repeated_seeds,10
CA0564,source_disjoint_external,loo_feasible,loo_sfe_corrected,SDX008,unique_or_condition_distinct_keep,Owens-Wendt,90,84.79767064891412,-5.202329351085879,5.202329351085879,v3.4,deterministic,1
CA0564,source_disjoint_external,loo_feasible,loo_sfe_corrected,SDX008,unique_or_condition_distinct_keep,Random Forest,90,76.00462831705622,-13.995371682943784,13.995371682943784,v3.4,mean_of_repeated_seeds,10
CA0564,source_disjoint_external,loo_feasible,loo_sfe_corrected,SDX008,unique_or_condition_distinct_keep,XGBoost,90,79.83035127777066,-10.16964872222934,10.16964872222934,v3.4,mean_of_repeated_seeds,10
CA0564,source_disjoint_external,loo_feasible,loo_sfe_corrected,SDX008,unique_or_condition_distinct_keep,Ordinary MLP,90,81.44901585715039,-8.550984142849614,8.550984142849614,v3.4,mean_of_repeated_seeds,10
CA0565,source_disjoint_external,loo_feasible,loo_sfe_corrected,SDX008,unique_or_condition_distinct_keep,Owens-Wendt,73.6,64.51826088622582,-9.081739113774177,9.081739113774177,v3.4,deterministic,1
CA0565,source_disjoint_external,loo_feasible,loo_sfe_corrected,SDX008,unique_or_condition_distinct_keep,Random Forest,73.6,64.67598602530073,-8.924013974699264,8.924013974699264,v3.4,mean_of_repeated_seeds,10
CA0565,source_disjoint_external,loo_feasible,loo_sfe_corrected,SDX008,unique_or_condition_distinct_keep,XGBoost,73.6,62.155691232980736,-11.444308767019258,11.444308767019258,v3.4,mean_of_repeated_seeds,10
CA0565,source_disjoint_external,loo_feasible,loo_sfe_corrected,SDX008,unique_or_condition_distinct_keep,Ordinary MLP,73.6,63.64931783876666,-9.950682161233331,9.950682161233331,v3.4,mean_of_repeated_seeds,10
CA0566,source_disjoint_external,loo_feasible,loo_sfe_corrected,SDX008,unique_or_condition_distinct_keep,Owens-Wendt,24.6,18.51518019628505,-6.08481980371495,6.08481980371495,v3.4,deterministic,1
CA0566,source_disjoint_external,loo_feasible,loo_sfe_corrected,SDX008,unique_or_condition_distinct_keep,Random Forest,24.6,38.43911195435481,13.839111954354806,13.839111954354806,v3.4,mean_of_repeated_seeds,10
CA0566,source_disjoint_external,loo_feasible,loo_sfe_corrected,SDX008,unique_or_condition_distinct_keep,XGBoost,24.6,20.241237511055715,-4.358762488944286,4.358762488944286,v3.4,mean_of_repeated_seeds,10
CA0566,source_disjoint_external,loo_feasible,loo_sfe_corrected,SDX008,unique_or_condition_distinct_keep,Ordinary MLP,24.6,13.18230716821281,-11.41769283178719,11.41769283178719,v3.4,mean_of_repeated_seeds,10
CA0567,source_disjoint_external,loo_feasible,loo_sfe_corrected,SDX008,unique_or_condition_distinct_keep,Owens-Wendt,13.7,18.651243529848657,4.951243529848657,4.951243529848657,v3.4,deterministic,1
CA0567,source_disjoint_external,loo_feasible,loo_sfe_corrected,SDX008,unique_or_condition_distinct_keep,Random Forest,13.7,41.59229613800054,27.892296138000543,27.892296138000543,v3.4,mean_of_repeated_seeds,10
CA0567,source_disjoint_external,loo_feasible,loo_sfe_corrected,SDX008,unique_or_condition_distinct_keep,XGBoost,13.7,30.28657751292131,16.58657751292131,16.58657751292131,v3.4,mean_of_repeated_seeds,10
CA0567,source_disjoint_external,loo_feasible,loo_sfe_corrected,SDX008,unique_or_condition_distinct_keep,Ordinary MLP,13.7,24.53189331385949,10.831893313859492,10.831893313859492,v3.4,mean_of_repeated_seeds,10
CA0568,source_disjoint_external,loo_feasible,loo_sfe_corrected,SDX008,unique_or_condition_distinct_keep,Owens-Wendt,56.3,52.912143364151426,-3.3878566358485713,3.3878566358485713,v3.4,deterministic,1
CA0568,source_disjoint_external,loo_feasible,loo_sfe_corrected,SDX008,unique_or_condition_distinct_keep,Random Forest,56.3,43.89055150026282,-12.409448499737174,12.409448499737174,v3.4,mean_of_repeated_seeds,10
CA0568,source_disjoint_external,loo_feasible,loo_sfe_corrected,SDX008,unique_or_condition_distinct_keep,XGBoost,56.3,63.242849660210354,6.942849660210356,6.942849660210356,v3.4,mean_of_repeated_seeds,10
CA0568,source_disjoint_external,loo_feasible,loo_sfe_corrected,SDX008,unique_or_condition_distinct_keep,Ordinary MLP,56.3,37.79356575546589,-18.506434244534105,18.506434244534105,v3.4,mean_of_repeated_seeds,10
CA0569,source_disjoint_external,loo_feasible,loo_sfe_corrected,SDX008,unique_or_condition_distinct_keep,Owens-Wendt,78.5,70.88747256047637,-7.612527439523632,7.612527439523632,v3.4,deterministic,1
CA0569,source_disjoint_external,loo_feasible,loo_sfe_corrected,SDX008,unique_or_condition_distinct_keep,Random Forest,78.5,65.76289110224118,-12.737108897758816,12.737108897758816,v3.4,mean_of_repeated_seeds,10
CA0569,source_disjoint_external,loo_feasible,loo_sfe_corrected,SDX008,unique_or_condition_distinct_keep,XGBoost,78.5,69.73757445641755,-8.762425543582452,8.762425543582452,v3.4,mean_of_repeated_seeds,10
CA0569,source_disjoint_external,loo_feasible,loo_sfe_corrected,SDX008,unique_or_condition_distinct_keep,Ordinary MLP,78.5,73.48252877801035,-5.017471221989652,5.017471221989652,v3.4,mean_of_repeated_seeds,10
CA0570,source_disjoint_external,loo_feasible,loo_sfe_corrected,SDX008,unique_or_condition_distinct_keep,Owens-Wendt,49.5,55.21325431061987,5.713254310619867,5.713254310619867,v3.4,deterministic,1
CA0570,source_disjoint_external,loo_feasible,loo_sfe_corrected,SDX008,unique_or_condition_distinct_keep,Random Forest,49.5,60.73901763837158,11.239017638371578,11.239017638371578,v3.4,mean_of_repeated_seeds,10
CA0570,source_disjoint_external,loo_feasible,loo_sfe_corrected,SDX008,unique_or_condition_distinct_keep,XGBoost,49.5,57.415318056472245,7.915318056472245,7.915318056472245,v3.4,mean_of_repeated_seeds,10
CA0570,source_disjoint_external,loo_feasible,loo_sfe_corrected,SDX008,unique_or_condition_distinct_keep,Ordinary MLP,49.5,63.869169475216516,14.369169475216516,14.369169475216516,v3.4,mean_of_repeated_seeds,10
CA0571,source_disjoint_external,loo_feasible,loo_sfe_corrected,SDX008,unique_or_condition_distinct_keep,Owens-Wendt,47.6,33.66615672823677,-13.93384327176323,13.93384327176323,v3.4,deterministic,1
CA0571,source_disjoint_external,loo_feasible,loo_sfe_corrected,SDX008,unique_or_condition_distinct_keep,Random Forest,47.6,42.06543037837525,-5.534569621624755,5.534569621624755,v3.4,mean_of_repeated_seeds,10
CA0571,source_disjoint_external,loo_feasible,loo_sfe_corrected,SDX008,unique_or_condition_distinct_keep,XGBoost,47.6,37.88004337494506,-9.719956625054941,9.719956625054941,v3.4,mean_of_repeated_seeds,10
CA0571,source_disjoint_external,loo_feasible,loo_sfe_corrected,SDX008,unique_or_condition_distinct_keep,Ordinary MLP,47.6,42.40510265148016,-5.194897348519838,5.194897348519838,v3.4,mean_of_repeated_seeds,10
CA0572,source_disjoint_external,loo_feasible,loo_sfe_corrected,SDX008,unique_or_condition_distinct_keep,Owens-Wendt,73.7,81.44188346993167,7.741883469931665,7.741883469931665,v3.4,deterministic,1
CA0572,source_disjoint_external,loo_feasible,loo_sfe_corrected,SDX008,unique_or_condition_distinct_keep,Random Forest,73.7,78.48261954198179,4.782619541981788,4.782619541981788,v3.4,mean_of_repeated_seeds,10
CA0572,source_disjoint_external,loo_feasible,loo_sfe_corrected,SDX008,unique_or_condition_distinct_keep,XGBoost,73.7,78.00692022810092,4.306920228100921,4.306920228100921,v3.4,mean_of_repeated_seeds,10
CA0572,source_disjoint_external,loo_feasible,loo_sfe_corrected,SDX008,unique_or_condition_distinct_keep,Ordinary MLP,73.7,87.18337366485817,13.483373664858163,13.483373664858163,v3.4,mean_of_repeated_seeds,10
CA0573,source_disjoint_external,loo_feasible,loo_sfe_corrected,SDX008,unique_or_condition_distinct_keep,Owens-Wendt,63.6,58.28699811597389,-5.313001884026114,5.313001884026114,v3.4,deterministic,1
CA0573,source_disjoint_external,loo_feasible,loo_sfe_corrected,SDX008,unique_or_condition_distinct_keep,Random Forest,63.6,58.85143050149803,-4.748569498501972,4.748569498501972,v3.4,mean_of_repeated_seeds,10
CA0573,source_disjoint_external,loo_feasible,loo_sfe_corrected,SDX008,unique_or_condition_distinct_keep,XGBoost,63.6,61.61092674736359,-1.989073252636409,1.989073252636409,v3.4,mean_of_repeated_seeds,10
CA0573,source_disjoint_external,loo_feasible,loo_sfe_corrected,SDX008,unique_or_condition_distinct_keep,Ordinary MLP,63.6,66.0116484149236,2.4116484149235973,2.4116484149235973,v3.4,mean_of_repeated_seeds,10
CA0574,source_disjoint_external,loo_feasible,loo_sfe_corrected,SDX008,unique_or_condition_distinct_keep,Owens-Wendt,61.1,71.3022628041112,10.202262804111193,10.202262804111193,v3.4,deterministic,1
CA0574,source_disjoint_external,loo_feasible,loo_sfe_corrected,SDX008,unique_or_condition_distinct_keep,Random Forest,61.1,59.56473580285208,-1.5352641971479244,1.5352641971479244,v3.4,mean_of_repeated_seeds,10
CA0574,source_disjoint_external,loo_feasible,loo_sfe_corrected,SDX008,unique_or_condition_distinct_keep,XGBoost,61.1,65.28470825909281,4.184708259092808,4.184708259092808,v3.4,mean_of_repeated_seeds,10
CA0574,source_disjoint_external,loo_feasible,loo_sfe_corrected,SDX008,unique_or_condition_distinct_keep,Ordinary MLP,61.1,68.10329096062432,7.003290960624319,7.003290960624319,v3.4,mean_of_repeated_seeds,10
CA0575,source_disjoint_external,loo_feasible,loo_sfe_corrected,SDX003,unique_or_condition_distinct_keep,Owens-Wendt,36.2,70.43053707199078,34.23053707199078,34.23053707199078,v3.4,deterministic,1
CA0575,source_disjoint_external,loo_feasible,loo_sfe_corrected,SDX003,unique_or_condition_distinct_keep,Random Forest,36.2,70.01173273838933,33.811732738389324,33.811732738389324,v3.4,mean_of_repeated_seeds,10
CA0575,source_disjoint_external,loo_feasible,loo_sfe_corrected,SDX003,unique_or_condition_distinct_keep,XGBoost,36.2,71.86293393010638,35.66293393010638,35.66293393010638,v3.4,mean_of_repeated_seeds,10
CA0575,source_disjoint_external,loo_feasible,loo_sfe_corrected,SDX003,unique_or_condition_distinct_keep,Ordinary MLP,36.2,78.8250110826593,42.6250110826593,42.6250110826593,v3.4,mean_of_repeated_seeds,10
CA0576,source_disjoint_external,loo_feasible,loo_sfe_corrected,SDX003,unique_or_condition_distinct_keep,Owens-Wendt,32.3,0,-32.3,32.3,v3.4,deterministic,1
CA0576,source_disjoint_external,loo_feasible,loo_sfe_corrected,SDX003,unique_or_condition_distinct_keep,Random Forest,32.3,33.446301749569535,1.1463017495695382,1.1463017495695382,v3.4,mean_of_repeated_seeds,10
CA0576,source_disjoint_external,loo_feasible,loo_sfe_corrected,SDX003,unique_or_condition_distinct_keep,XGBoost,32.3,20.12839113451871,-12.171608865481286,12.171608865481286,v3.4,mean_of_repeated_seeds,10
CA0576,source_disjoint_external,loo_feasible,loo_sfe_corrected,SDX003,unique_or_condition_distinct_keep,Ordinary MLP,32.3,24.143713058145845,-8.156286941854152,8.156286941854152,v3.4,mean_of_repeated_seeds,10
CA0577,source_disjoint_external,loo_feasible,loo_sfe_corrected,SDX003,unique_or_condition_distinct_keep,Owens-Wendt,40.3,93.7737124212653,53.473712421265304,53.473712421265304,v3.4,deterministic,1
CA0577,source_disjoint_external,loo_feasible,loo_sfe_corrected,SDX003,unique_or_condition_distinct_keep,Random Forest,40.3,51.30074148468306,11.000741484683061,11.000741484683061,v3.4,mean_of_repeated_seeds,10
CA0577,source_disjoint_external,loo_feasible,loo_sfe_corrected,SDX003,unique_or_condition_distinct_keep,XGBoost,40.3,74.52787446483853,34.227874464838536,34.227874464838536,v3.4,mean_of_repeated_seeds,10
CA0577,source_disjoint_external,loo_feasible,loo_sfe_corrected,SDX003,unique_or_condition_distinct_keep,Ordinary MLP,40.3,41.31871520639238,1.018715206392386,1.018715206392386,v3.4,mean_of_repeated_seeds,10
CA0578,source_disjoint_external,loo_feasible,loo_sfe_corrected,SDX003,unique_or_condition_distinct_keep,Owens-Wendt,30,69.21455209908336,39.21455209908336,39.21455209908336,v3.4,deterministic,1
CA0578,source_disjoint_external,loo_feasible,loo_sfe_corrected,SDX003,unique_or_condition_distinct_keep,Random Forest,30,75.76270772751289,45.76270772751289,45.76270772751289,v3.4,mean_of_repeated_seeds,10
CA0578,source_disjoint_external,loo_feasible,loo_sfe_corrected,SDX003,unique_or_condition_distinct_keep,XGBoost,30,73.3139430293507,43.313943029350696,43.313943029350696,v3.4,mean_of_repeated_seeds,10
CA0578,source_disjoint_external,loo_feasible,loo_sfe_corrected,SDX003,unique_or_condition_distinct_keep,Ordinary MLP,30,78.26245957598003,48.26245957598003,48.26245957598003,v3.4,mean_of_repeated_seeds,10
CA0579,source_disjoint_external,loo_feasible,loo_sfe_corrected,SDX003,unique_or_condition_distinct_keep,Owens-Wendt,26.4,0,-26.4,26.4,v3.4,deterministic,1
CA0579,source_disjoint_external,loo_feasible,loo_sfe_corrected,SDX003,unique_or_condition_distinct_keep,Random Forest,26.4,31.042825035484434,4.642825035484435,4.642825035484435,v3.4,mean_of_repeated_seeds,10
CA0579,source_disjoint_external,loo_feasible,loo_sfe_corrected,SDX003,unique_or_condition_distinct_keep,XGBoost,26.4,16.277583806068815,-10.122416193931183,10.122416193931183,v3.4,mean_of_repeated_seeds,10
CA0579,source_disjoint_external,loo_feasible,loo_sfe_corrected,SDX003,unique_or_condition_distinct_keep,Ordinary MLP,26.4,19.72695467544184,-6.67304532455816,6.67304532455816,v3.4,mean_of_repeated_seeds,10
CA0580,source_disjoint_external,loo_feasible,loo_sfe_corrected,SDX003,unique_or_condition_distinct_keep,Owens-Wendt,32.8,93.28725550494129,60.48725550494129,60.48725550494129,v3.4,deterministic,1
CA0580,source_disjoint_external,loo_feasible,loo_sfe_corrected,SDX003,unique_or_condition_distinct_keep,Random Forest,32.8,53.56452518796425,20.764525187964253,20.764525187964253,v3.4,mean_of_repeated_seeds,10
CA0580,source_disjoint_external,loo_feasible,loo_sfe_corrected,SDX003,unique_or_condition_distinct_keep,XGBoost,32.8,77.24097662507185,44.440976625071855,44.440976625071855,v3.4,mean_of_repeated_seeds,10
CA0580,source_disjoint_external,loo_feasible,loo_sfe_corrected,SDX003,unique_or_condition_distinct_keep,Ordinary MLP,32.8,36.18634000435735,3.3863400043573506,3.3863400043573506,v3.4,mean_of_repeated_seeds,10
CA0581,source_disjoint_external,loo_feasible,loo_sfe_corrected,SDX002,unique_or_condition_distinct_keep,Owens-Wendt,58.3,54.46538400770327,-3.834615992296726,3.834615992296726,v3.4,deterministic,1
CA0581,source_disjoint_external,loo_feasible,loo_sfe_corrected,SDX002,unique_or_condition_distinct_keep,Random Forest,58.3,56.02756517144688,-2.2724348285531164,2.2724348285531164,v3.4,mean_of_repeated_seeds,10
CA0581,source_disjoint_external,loo_feasible,loo_sfe_corrected,SDX002,unique_or_condition_distinct_keep,XGBoost,58.3,56.46720947450037,-1.8327905254996253,1.8327905254996253,v3.4,mean_of_repeated_seeds,10
CA0581,source_disjoint_external,loo_feasible,loo_sfe_corrected,SDX002,unique_or_condition_distinct_keep,Ordinary MLP,58.3,50.92517220630923,-7.37482779369077,7.37482779369077,v3.4,mean_of_repeated_seeds,10
CA0582,source_disjoint_external,loo_feasible,loo_sfe_corrected,SDX002,unique_or_condition_distinct_keep,Owens-Wendt,36.1,39.30578186015207,3.205781860152065,3.205781860152065,v3.4,deterministic,1
CA0582,source_disjoint_external,loo_feasible,loo_sfe_corrected,SDX002,unique_or_condition_distinct_keep,Random Forest,36.1,42.54054599172705,6.440545991727049,6.440545991727049,v3.4,mean_of_repeated_seeds,10
CA0582,source_disjoint_external,loo_feasible,loo_sfe_corrected,SDX002,unique_or_condition_distinct_keep,XGBoost,36.1,40.13500568986983,4.035005689869827,4.035005689869827,v3.4,mean_of_repeated_seeds,10
CA0582,source_disjoint_external,loo_feasible,loo_sfe_corrected,SDX002,unique_or_condition_distinct_keep,Ordinary MLP,36.1,51.84920051478058,15.749200514780576,15.749200514780576,v3.4,mean_of_repeated_seeds,10
CA0583,source_disjoint_external,loo_feasible,loo_sfe_corrected,SDX002,unique_or_condition_distinct_keep,Owens-Wendt,47.2,41.55711041582416,-5.64288958417584,5.64288958417584,v3.4,deterministic,1
CA0583,source_disjoint_external,loo_feasible,loo_sfe_corrected,SDX002,unique_or_condition_distinct_keep,Random Forest,47.2,36.047426255519895,-11.152573744480108,11.152573744480108,v3.4,mean_of_repeated_seeds,10
CA0583,source_disjoint_external,loo_feasible,loo_sfe_corrected,SDX002,unique_or_condition_distinct_keep,XGBoost,47.2,51.67542522064366,4.4754252206436576,4.4754252206436576,v3.4,mean_of_repeated_seeds,10
CA0583,source_disjoint_external,loo_feasible,loo_sfe_corrected,SDX002,unique_or_condition_distinct_keep,Ordinary MLP,47.2,48.18906803640684,0.9890680364068345,0.9890680364068345,v3.4,mean_of_repeated_seeds,10
CA0584,source_disjoint_external,loo_feasible,loo_sfe_corrected,SDX002,unique_or_condition_distinct_keep,Owens-Wendt,83.8,84.41459728255495,0.6145972825549535,0.6145972825549535,v3.4,deterministic,1
CA0584,source_disjoint_external,loo_feasible,loo_sfe_corrected,SDX002,unique_or_condition_distinct_keep,Random Forest,83.8,91.92106108797223,8.121061087972237,8.121061087972237,v3.4,mean_of_repeated_seeds,10
CA0584,source_disjoint_external,loo_feasible,loo_sfe_corrected,SDX002,unique_or_condition_distinct_keep,XGBoost,83.8,101.3092017234316,17.5092017234316,17.5092017234316,v3.4,mean_of_repeated_seeds,10
CA0584,source_disjoint_external,loo_feasible,loo_sfe_corrected,SDX002,unique_or_condition_distinct_keep,Ordinary MLP,83.8,100.50228614329065,16.70228614329065,16.70228614329065,v3.4,mean_of_repeated_seeds,10
CA0585,source_disjoint_external,loo_feasible,loo_sfe_corrected,SDX002,unique_or_condition_distinct_keep,Owens-Wendt,58.7,58.273761847934004,-0.4262381520659986,0.4262381520659986,v3.4,deterministic,1
CA0585,source_disjoint_external,loo_feasible,loo_sfe_corrected,SDX002,unique_or_condition_distinct_keep,Random Forest,58.7,64.87088627267484,6.170886272674835,6.170886272674835,v3.4,mean_of_repeated_seeds,10
CA0585,source_disjoint_external,loo_feasible,loo_sfe_corrected,SDX002,unique_or_condition_distinct_keep,XGBoost,58.7,68.72375126463447,10.02375126463447,10.02375126463447,v3.4,mean_of_repeated_seeds,10
CA0585,source_disjoint_external,loo_feasible,loo_sfe_corrected,SDX002,unique_or_condition_distinct_keep,Ordinary MLP,58.7,64.76677721578051,6.066777215780505,6.066777215780505,v3.4,mean_of_repeated_seeds,10
CA0586,source_disjoint_external,loo_feasible,loo_sfe_corrected,SDX002,unique_or_condition_distinct_keep,Owens-Wendt,45.8,46.8155420239046,1.015542023904601,1.015542023904601,v3.4,deterministic,1
CA0586,source_disjoint_external,loo_feasible,loo_sfe_corrected,SDX002,unique_or_condition_distinct_keep,Random Forest,45.8,45.6986830617183,-0.1013169382816983,0.1013169382816983,v3.4,mean_of_repeated_seeds,10
CA0586,source_disjoint_external,loo_feasible,loo_sfe_corrected,SDX002,unique_or_condition_distinct_keep,XGBoost,45.8,45.40195668078167,-0.39804331921832414,0.39804331921832414,v3.4,mean_of_repeated_seeds,10
CA0586,source_disjoint_external,loo_feasible,loo_sfe_corrected,SDX002,unique_or_condition_distinct_keep,Ordinary MLP,45.8,55.044314186325245,9.244314186325248,9.244314186325248,v3.4,mean_of_repeated_seeds,10
CA0587,source_disjoint_external,loo_feasible,loo_sfe_corrected,SDX010,unique_or_condition_distinct_keep,Owens-Wendt,79.9,62.46319903452707,-17.436800965472933,17.436800965472933,v3.4,deterministic,1
CA0587,source_disjoint_external,loo_feasible,loo_sfe_corrected,SDX010,unique_or_condition_distinct_keep,Random Forest,79.9,62.94474925017354,-16.95525074982647,16.95525074982647,v3.4,mean_of_repeated_seeds,10
CA0587,source_disjoint_external,loo_feasible,loo_sfe_corrected,SDX010,unique_or_condition_distinct_keep,XGBoost,79.9,67.86719288677791,-12.032807113222091,12.032807113222091,v3.4,mean_of_repeated_seeds,10
CA0587,source_disjoint_external,loo_feasible,loo_sfe_corrected,SDX010,unique_or_condition_distinct_keep,Ordinary MLP,79.9,61.94133158990642,-17.958668410093587,17.958668410093587,v3.4,mean_of_repeated_seeds,10
CA0588,source_disjoint_external,loo_feasible,loo_sfe_corrected,SDX010,unique_or_condition_distinct_keep,Owens-Wendt,47.3,53.78198137290262,6.481981372902624,6.481981372902624,v3.4,deterministic,1
CA0588,source_disjoint_external,loo_feasible,loo_sfe_corrected,SDX010,unique_or_condition_distinct_keep,Random Forest,47.3,47.54891998695647,0.24891998695647288,0.24891998695647288,v3.4,mean_of_repeated_seeds,10
CA0588,source_disjoint_external,loo_feasible,loo_sfe_corrected,SDX010,unique_or_condition_distinct_keep,XGBoost,47.3,55.22594436545135,7.92594436545135,7.92594436545135,v3.4,mean_of_repeated_seeds,10
CA0588,source_disjoint_external,loo_feasible,loo_sfe_corrected,SDX010,unique_or_condition_distinct_keep,Ordinary MLP,47.3,57.013653352956304,9.713653352956307,9.713653352956307,v3.4,mean_of_repeated_seeds,10
CA0589,source_disjoint_external,loo_feasible,loo_sfe_corrected,SDX010,unique_or_condition_distinct_keep,Owens-Wendt,0,0,0,0,v3.4,deterministic,1
CA0589,source_disjoint_external,loo_feasible,loo_sfe_corrected,SDX010,unique_or_condition_distinct_keep,Random Forest,0,42.8379188155616,42.8379188155616,42.8379188155616,v3.4,mean_of_repeated_seeds,10
CA0589,source_disjoint_external,loo_feasible,loo_sfe_corrected,SDX010,unique_or_condition_distinct_keep,XGBoost,0,33.06648370332671,33.06648370332671,33.06648370332671,v3.4,mean_of_repeated_seeds,10
CA0589,source_disjoint_external,loo_feasible,loo_sfe_corrected,SDX010,unique_or_condition_distinct_keep,Ordinary MLP,0,44.37974923816654,44.37974923816654,44.37974923816654,v3.4,mean_of_repeated_seeds,10
CA0590,source_disjoint_external,loo_feasible,loo_sfe_corrected,SDX010,unique_or_condition_distinct_keep,Owens-Wendt,97.5,60.82953458536549,-36.67046541463451,36.67046541463451,v3.4,deterministic,1
CA0590,source_disjoint_external,loo_feasible,loo_sfe_corrected,SDX010,unique_or_condition_distinct_keep,Random Forest,97.5,63.24022443785128,-34.25977556214872,34.25977556214872,v3.4,mean_of_repeated_seeds,10
CA0590,source_disjoint_external,loo_feasible,loo_sfe_corrected,SDX010,unique_or_condition_distinct_keep,XGBoost,97.5,67.26529136679548,-30.23470863320452,30.23470863320452,v3.4,mean_of_repeated_seeds,10
CA0590,source_disjoint_external,loo_feasible,loo_sfe_corrected,SDX010,unique_or_condition_distinct_keep,Ordinary MLP,97.5,58.640003414568106,-38.859996585431894,38.859996585431894,v3.4,mean_of_repeated_seeds,10
CA0591,source_disjoint_external,loo_feasible,loo_sfe_corrected,SDX010,unique_or_condition_distinct_keep,Owens-Wendt,51.3,64.07326993636055,12.773269936360549,12.773269936360549,v3.4,deterministic,1
CA0591,source_disjoint_external,loo_feasible,loo_sfe_corrected,SDX010,unique_or_condition_distinct_keep,Random Forest,51.3,64.60942194215895,13.309421942158949,13.309421942158949,v3.4,mean_of_repeated_seeds,10
CA0591,source_disjoint_external,loo_feasible,loo_sfe_corrected,SDX010,unique_or_condition_distinct_keep,XGBoost,51.3,63.25574315587215,11.955743155872156,11.955743155872156,v3.4,mean_of_repeated_seeds,10
CA0591,source_disjoint_external,loo_feasible,loo_sfe_corrected,SDX010,unique_or_condition_distinct_keep,Ordinary MLP,51.3,67.2375713654911,15.93757136549111,15.93757136549111,v3.4,mean_of_repeated_seeds,10
CA0592,source_disjoint_external,loo_feasible,loo_sfe_corrected,SDX010,unique_or_condition_distinct_keep,Owens-Wendt,25.6,0,-25.6,25.6,v3.4,deterministic,1
CA0592,source_disjoint_external,loo_feasible,loo_sfe_corrected,SDX010,unique_or_condition_distinct_keep,Random Forest,25.6,45.255514934530495,19.655514934530494,19.655514934530494,v3.4,mean_of_repeated_seeds,10
CA0592,source_disjoint_external,loo_feasible,loo_sfe_corrected,SDX010,unique_or_condition_distinct_keep,XGBoost,25.6,30.209742189487354,4.609742189487353,4.609742189487353,v3.4,mean_of_repeated_seeds,10
CA0592,source_disjoint_external,loo_feasible,loo_sfe_corrected,SDX010,unique_or_condition_distinct_keep,Ordinary MLP,25.6,44.57661551540306,18.97661551540306,18.97661551540306,v3.4,mean_of_repeated_seeds,10
CA0593,source_disjoint_external,loo_feasible,loo_sfe_corrected,SDX010,unique_or_condition_distinct_keep,Owens-Wendt,78.7,25.05971812035439,-53.64028187964561,53.64028187964561,v3.4,deterministic,1
CA0593,source_disjoint_external,loo_feasible,loo_sfe_corrected,SDX010,unique_or_condition_distinct_keep,Random Forest,78.7,34.90622202589371,-43.79377797410629,43.79377797410629,v3.4,mean_of_repeated_seeds,10
CA0593,source_disjoint_external,loo_feasible,loo_sfe_corrected,SDX010,unique_or_condition_distinct_keep,XGBoost,78.7,25.83536456024847,-52.86463543975154,52.86463543975154,v3.4,mean_of_repeated_seeds,10
CA0593,source_disjoint_external,loo_feasible,loo_sfe_corrected,SDX010,unique_or_condition_distinct_keep,Ordinary MLP,78.7,24.823486154981616,-53.87651384501839,53.87651384501839,v3.4,mean_of_repeated_seeds,10
CA0594,source_disjoint_external,loo_feasible,loo_sfe_corrected,SDX010,unique_or_condition_distinct_keep,Owens-Wendt,35.6,53.34289929796282,17.742899297962822,17.742899297962822,v3.4,deterministic,1
CA0594,source_disjoint_external,loo_feasible,loo_sfe_corrected,SDX010,unique_or_condition_distinct_keep,Random Forest,35.6,46.91105590620096,11.311055906200956,11.311055906200956,v3.4,mean_of_repeated_seeds,10
CA0594,source_disjoint_external,loo_feasible,loo_sfe_corrected,SDX010,unique_or_condition_distinct_keep,XGBoost,35.6,55.234379989695796,19.634379989695795,19.634379989695795,v3.4,mean_of_repeated_seeds,10
CA0594,source_disjoint_external,loo_feasible,loo_sfe_corrected,SDX010,unique_or_condition_distinct_keep,Ordinary MLP,35.6,56.30309232836803,20.70309232836803,20.70309232836803,v3.4,mean_of_repeated_seeds,10
CA0595,source_disjoint_external,loo_feasible,loo_sfe_corrected,SDX010,unique_or_condition_distinct_keep,Owens-Wendt,0,0,0,0,v3.4,deterministic,1
CA0595,source_disjoint_external,loo_feasible,loo_sfe_corrected,SDX010,unique_or_condition_distinct_keep,Random Forest,0,42.15238452307974,42.15238452307974,42.15238452307974,v3.4,mean_of_repeated_seeds,10
CA0595,source_disjoint_external,loo_feasible,loo_sfe_corrected,SDX010,unique_or_condition_distinct_keep,XGBoost,0,32.300521899178776,32.300521899178776,32.300521899178776,v3.4,mean_of_repeated_seeds,10
CA0595,source_disjoint_external,loo_feasible,loo_sfe_corrected,SDX010,unique_or_condition_distinct_keep,Ordinary MLP,0,36.005052353254875,36.005052353254875,36.005052353254875,v3.4,mean_of_repeated_seeds,10
CA0596,source_disjoint_external,loo_feasible,loo_sfe_corrected,SDX010,unique_or_condition_distinct_keep,Owens-Wendt,96.8,73.46987262892245,-23.330127371077552,23.330127371077552,v3.4,deterministic,1
CA0596,source_disjoint_external,loo_feasible,loo_sfe_corrected,SDX010,unique_or_condition_distinct_keep,Random Forest,96.8,69.08141432008642,-27.718585679913573,27.718585679913573,v3.4,mean_of_repeated_seeds,10
CA0596,source_disjoint_external,loo_feasible,loo_sfe_corrected,SDX010,unique_or_condition_distinct_keep,XGBoost,96.8,78.82411805898536,-17.975881941014634,17.975881941014634,v3.4,mean_of_repeated_seeds,10
CA0596,source_disjoint_external,loo_feasible,loo_sfe_corrected,SDX010,unique_or_condition_distinct_keep,Ordinary MLP,96.8,77.5338226952713,-19.2661773047287,19.2661773047287,v3.4,mean_of_repeated_seeds,10
CA0597,source_disjoint_external,loo_feasible,loo_sfe_corrected,SDX010,unique_or_condition_distinct_keep,Owens-Wendt,60.4,68.18603363217099,7.786033632170991,7.786033632170991,v3.4,deterministic,1
CA0597,source_disjoint_external,loo_feasible,loo_sfe_corrected,SDX010,unique_or_condition_distinct_keep,Random Forest,60.4,69.3631734036288,8.963173403628808,8.963173403628808,v3.4,mean_of_repeated_seeds,10
CA0597,source_disjoint_external,loo_feasible,loo_sfe_corrected,SDX010,unique_or_condition_distinct_keep,XGBoost,60.4,72.17205654792568,11.77205654792568,11.77205654792568,v3.4,mean_of_repeated_seeds,10
CA0597,source_disjoint_external,loo_feasible,loo_sfe_corrected,SDX010,unique_or_condition_distinct_keep,Ordinary MLP,60.4,72.44115747587881,12.041157475878812,12.041157475878812,v3.4,mean_of_repeated_seeds,10
CA0598,source_disjoint_external,loo_feasible,loo_sfe_corrected,SDX010,unique_or_condition_distinct_keep,Owens-Wendt,37.9,8.898549401766413,-29.001450598233586,29.001450598233586,v3.4,deterministic,1
CA0598,source_disjoint_external,loo_feasible,loo_sfe_corrected,SDX010,unique_or_condition_distinct_keep,Random Forest,37.9,46.67787330948765,8.777873309487653,8.777873309487653,v3.4,mean_of_repeated_seeds,10
CA0598,source_disjoint_external,loo_feasible,loo_sfe_corrected,SDX010,unique_or_condition_distinct_keep,XGBoost,37.9,36.89705103064801,-1.0029489693519906,1.0029489693519906,v3.4,mean_of_repeated_seeds,10
CA0598,source_disjoint_external,loo_feasible,loo_sfe_corrected,SDX010,unique_or_condition_distinct_keep,Ordinary MLP,37.9,51.55582835009741,13.655828350097408,13.655828350097408,v3.4,mean_of_repeated_seeds,10
CA0599,source_disjoint_external,loo_feasible,loo_sfe_corrected,SDX010,unique_or_condition_distinct_keep,Owens-Wendt,81.4,55.83292364927654,-25.567076350723468,25.567076350723468,v3.4,deterministic,1
CA0599,source_disjoint_external,loo_feasible,loo_sfe_corrected,SDX010,unique_or_condition_distinct_keep,Random Forest,81.4,56.12153017944729,-25.278469820552715,25.278469820552715,v3.4,mean_of_repeated_seeds,10
CA0599,source_disjoint_external,loo_feasible,loo_sfe_corrected,SDX010,unique_or_condition_distinct_keep,XGBoost,81.4,61.33441446309699,-20.065585536903015,20.065585536903015,v3.4,mean_of_repeated_seeds,10
CA0599,source_disjoint_external,loo_feasible,loo_sfe_corrected,SDX010,unique_or_condition_distinct_keep,Ordinary MLP,81.4,52.22919026055897,-29.170809739441033,29.170809739441033,v3.4,mean_of_repeated_seeds,10
CA0600,source_disjoint_external,loo_feasible,loo_sfe_corrected,SDX010,unique_or_condition_distinct_keep,Owens-Wendt,44.9,54.34036673823017,9.440366738230175,9.440366738230175,v3.4,deterministic,1
CA0600,source_disjoint_external,loo_feasible,loo_sfe_corrected,SDX010,unique_or_condition_distinct_keep,Random Forest,44.9,49.21248974932287,4.3124897493228715,4.3124897493228715,v3.4,mean_of_repeated_seeds,10
CA0600,source_disjoint_external,loo_feasible,loo_sfe_corrected,SDX010,unique_or_condition_distinct_keep,XGBoost,44.9,55.27343736729106,10.37343736729106,10.37343736729106,v3.4,mean_of_repeated_seeds,10
CA0600,source_disjoint_external,loo_feasible,loo_sfe_corrected,SDX010,unique_or_condition_distinct_keep,Ordinary MLP,44.9,57.80341506693651,12.90341506693651,12.90341506693651,v3.4,mean_of_repeated_seeds,10
CA0601,source_disjoint_external,loo_feasible,loo_sfe_corrected,SDX010,unique_or_condition_distinct_keep,Owens-Wendt,0,0,0,0,v3.4,deterministic,1
CA0601,source_disjoint_external,loo_feasible,loo_sfe_corrected,SDX010,unique_or_condition_distinct_keep,Random Forest,0,42.828541132920385,42.828541132920385,42.828541132920385,v3.4,mean_of_repeated_seeds,10
CA0601,source_disjoint_external,loo_feasible,loo_sfe_corrected,SDX010,unique_or_condition_distinct_keep,XGBoost,0,33.14726479213418,33.14726479213418,33.14726479213418,v3.4,mean_of_repeated_seeds,10
CA0601,source_disjoint_external,loo_feasible,loo_sfe_corrected,SDX010,unique_or_condition_distinct_keep,Ordinary MLP,0,42.2776435302825,42.2776435302825,42.2776435302825,v3.4,mean_of_repeated_seeds,10
CA0602,source_disjoint_external,loo_feasible,loo_sfe_corrected,SDX010,unique_or_condition_distinct_keep,Owens-Wendt,99.4,84.29225729543332,-15.10774270456669,15.10774270456669,v3.4,deterministic,1
CA0602,source_disjoint_external,loo_feasible,loo_sfe_corrected,SDX010,unique_or_condition_distinct_keep,Random Forest,99.4,79.75730526664498,-19.64269473335503,19.64269473335503,v3.4,mean_of_repeated_seeds,10
CA0602,source_disjoint_external,loo_feasible,loo_sfe_corrected,SDX010,unique_or_condition_distinct_keep,XGBoost,99.4,84.94480343219394,-14.45519656780607,14.45519656780607,v3.4,mean_of_repeated_seeds,10
CA0602,source_disjoint_external,loo_feasible,loo_sfe_corrected,SDX010,unique_or_condition_distinct_keep,Ordinary MLP,99.4,91.85379148709558,-7.546208512904428,7.546208512904428,v3.4,mean_of_repeated_seeds,10
CA0603,source_disjoint_external,loo_feasible,loo_sfe_corrected,SDX010,unique_or_condition_distinct_keep,Owens-Wendt,66.8,71.71211218774101,4.912112187741016,4.912112187741016,v3.4,deterministic,1
CA0603,source_disjoint_external,loo_feasible,loo_sfe_corrected,SDX010,unique_or_condition_distinct_keep,Random Forest,66.8,72.51882422131887,5.718824221318869,5.718824221318869,v3.4,mean_of_repeated_seeds,10
CA0603,source_disjoint_external,loo_feasible,loo_sfe_corrected,SDX010,unique_or_condition_distinct_keep,XGBoost,66.8,73.18944400088857,6.389444000888574,6.389444000888574,v3.4,mean_of_repeated_seeds,10
CA0603,source_disjoint_external,loo_feasible,loo_sfe_corrected,SDX010,unique_or_condition_distinct_keep,Ordinary MLP,66.8,76.32647665442089,9.52647665442089,9.52647665442089,v3.4,mean_of_repeated_seeds,10
CA0604,source_disjoint_external,loo_feasible,loo_sfe_corrected,SDX010,unique_or_condition_distinct_keep,Owens-Wendt,44.1,32.00026440007008,-12.099735599929922,12.099735599929922,v3.4,deterministic,1
CA0604,source_disjoint_external,loo_feasible,loo_sfe_corrected,SDX010,unique_or_condition_distinct_keep,Random Forest,44.1,53.39624145257378,9.296241452573781,9.296241452573781,v3.4,mean_of_repeated_seeds,10
CA0604,source_disjoint_external,loo_feasible,loo_sfe_corrected,SDX010,unique_or_condition_distinct_keep,XGBoost,44.1,43.82126292654342,-0.2787370734565826,0.2787370734565826,v3.4,mean_of_repeated_seeds,10
CA0604,source_disjoint_external,loo_feasible,loo_sfe_corrected,SDX010,unique_or_condition_distinct_keep,Ordinary MLP,44.1,56.72438339105954,12.624383391059538,12.624383391059538,v3.4,mean_of_repeated_seeds,10
CA0605,source_disjoint_external,loo_feasible,loo_sfe_corrected,SDX010,unique_or_condition_distinct_keep,Owens-Wendt,81.1,58.06433818018439,-23.0356618198156,23.0356618198156,v3.4,deterministic,1
CA0605,source_disjoint_external,loo_feasible,loo_sfe_corrected,SDX010,unique_or_condition_distinct_keep,Random Forest,81.1,60.405079436515805,-20.69492056348419,20.69492056348419,v3.4,mean_of_repeated_seeds,10
CA0605,source_disjoint_external,loo_feasible,loo_sfe_corrected,SDX010,unique_or_condition_distinct_keep,XGBoost,81.1,66.19555692010665,-14.90444307989334,14.90444307989334,v3.4,mean_of_repeated_seeds,10
CA0605,source_disjoint_external,loo_feasible,loo_sfe_corrected,SDX010,unique_or_condition_distinct_keep,Ordinary MLP,81.1,55.11307009566734,-25.986929904332655,25.986929904332655,v3.4,mean_of_repeated_seeds,10
CA0606,source_disjoint_external,loo_feasible,loo_sfe_corrected,SDX010,unique_or_condition_distinct_keep,Owens-Wendt,45.7,54.22832281107512,8.528322811075114,8.528322811075114,v3.4,deterministic,1
CA0606,source_disjoint_external,loo_feasible,loo_sfe_corrected,SDX010,unique_or_condition_distinct_keep,Random Forest,45.7,49.13642962450008,3.4364296245000787,3.4364296245000787,v3.4,mean_of_repeated_seeds,10
CA0606,source_disjoint_external,loo_feasible,loo_sfe_corrected,SDX010,unique_or_condition_distinct_keep,XGBoost,45.7,55.27343736729106,9.573437367291056,9.573437367291056,v3.4,mean_of_repeated_seeds,10
CA0606,source_disjoint_external,loo_feasible,loo_sfe_corrected,SDX010,unique_or_condition_distinct_keep,Ordinary MLP,45.7,57.64005612325239,11.94005612325239,11.94005612325239,v3.4,mean_of_repeated_seeds,10
CA0607,source_disjoint_external,loo_feasible,loo_sfe_corrected,SDX010,unique_or_condition_distinct_keep,Owens-Wendt,0,0,0,0,v3.4,deterministic,1
CA0607,source_disjoint_external,loo_feasible,loo_sfe_corrected,SDX010,unique_or_condition_distinct_keep,Random Forest,0,42.658206981202085,42.658206981202085,42.658206981202085,v3.4,mean_of_repeated_seeds,10
CA0607,source_disjoint_external,loo_feasible,loo_sfe_corrected,SDX010,unique_or_condition_distinct_keep,XGBoost,0,33.14726479213418,33.14726479213418,33.14726479213418,v3.4,mean_of_repeated_seeds,10
CA0607,source_disjoint_external,loo_feasible,loo_sfe_corrected,SDX010,unique_or_condition_distinct_keep,Ordinary MLP,0,42.93733034101948,42.93733034101948,42.93733034101948,v3.4,mean_of_repeated_seeds,10
CA0608,source_disjoint_external,loo_feasible,loo_sfe_corrected,SDX007,unique_or_condition_distinct_keep,Owens-Wendt,61.3,81.91640572262237,20.616405722622375,20.616405722622375,v3.4,deterministic,1
CA0608,source_disjoint_external,loo_feasible,loo_sfe_corrected,SDX007,unique_or_condition_distinct_keep,Random Forest,61.3,84.82914204523183,23.529142045231836,23.529142045231836,v3.4,mean_of_repeated_seeds,10
CA0608,source_disjoint_external,loo_feasible,loo_sfe_corrected,SDX007,unique_or_condition_distinct_keep,XGBoost,61.3,82.94919672568199,21.64919672568199,21.64919672568199,v3.4,mean_of_repeated_seeds,10
CA0608,source_disjoint_external,loo_feasible,loo_sfe_corrected,SDX007,unique_or_condition_distinct_keep,Ordinary MLP,61.3,102.86253330459083,41.56253330459083,41.56253330459083,v3.4,mean_of_repeated_seeds,10
CA0609,source_disjoint_external,loo_feasible,loo_sfe_corrected,SDX007,unique_or_condition_distinct_keep,Owens-Wendt,36.7,78.11672569961264,41.41672569961264,41.41672569961264,v3.4,deterministic,1
CA0609,source_disjoint_external,loo_feasible,loo_sfe_corrected,SDX007,unique_or_condition_distinct_keep,Random Forest,36.7,58.19358567411226,21.49358567411226,21.49358567411226,v3.4,mean_of_repeated_seeds,10
CA0609,source_disjoint_external,loo_feasible,loo_sfe_corrected,SDX007,unique_or_condition_distinct_keep,XGBoost,36.7,68.1345448608003,31.4345448608003,31.4345448608003,v3.4,mean_of_repeated_seeds,10
CA0609,source_disjoint_external,loo_feasible,loo_sfe_corrected,SDX007,unique_or_condition_distinct_keep,Ordinary MLP,36.7,55.55608634017985,18.85608634017985,18.85608634017985,v3.4,mean_of_repeated_seeds,10
CA0610,source_disjoint_external,loo_feasible,loo_sfe_corrected,SDX007,unique_or_condition_distinct_keep,Owens-Wendt,44.8,12.21214000997815,-32.58785999002185,32.58785999002185,v3.4,deterministic,1
CA0610,source_disjoint_external,loo_feasible,loo_sfe_corrected,SDX007,unique_or_condition_distinct_keep,Random Forest,44.8,38.173395061360836,-6.6266049386391614,6.6266049386391614,v3.4,mean_of_repeated_seeds,10
CA0610,source_disjoint_external,loo_feasible,loo_sfe_corrected,SDX007,unique_or_condition_distinct_keep,XGBoost,44.8,30.114578301361632,-14.685421698638365,14.685421698638365,v3.4,mean_of_repeated_seeds,10
CA0610,source_disjoint_external,loo_feasible,loo_sfe_corrected,SDX007,unique_or_condition_distinct_keep,Ordinary MLP,44.8,33.61177330860982,-11.188226691390177,11.188226691390177,v3.4,mean_of_repeated_seeds,10
CA0611,source_disjoint_external,loo_feasible,loo_sfe_corrected,SDX007,unique_or_condition_distinct_keep,Owens-Wendt,83.2,89.41238209575046,6.212382095750456,6.212382095750456,v3.4,deterministic,1
CA0611,source_disjoint_external,loo_feasible,loo_sfe_corrected,SDX007,unique_or_condition_distinct_keep,Random Forest,83.2,87.79676441318496,4.596764413184957,4.596764413184957,v3.4,mean_of_repeated_seeds,10
CA0611,source_disjoint_external,loo_feasible,loo_sfe_corrected,SDX007,unique_or_condition_distinct_keep,XGBoost,83.2,89.8531017696146,6.653101769614594,6.653101769614594,v3.4,mean_of_repeated_seeds,10
CA0611,source_disjoint_external,loo_feasible,loo_sfe_corrected,SDX007,unique_or_condition_distinct_keep,Ordinary MLP,83.2,110.534177273555,27.334177273555,27.334177273555,v3.4,mean_of_repeated_seeds,10
CA0612,source_disjoint_external,loo_feasible,loo_sfe_corrected,SDX007,unique_or_condition_distinct_keep,Owens-Wendt,52.8,65.49060404512517,12.69060404512517,12.69060404512517,v3.4,deterministic,1
CA0612,source_disjoint_external,loo_feasible,loo_sfe_corrected,SDX007,unique_or_condition_distinct_keep,Random Forest,52.8,60.47194900382986,7.671949003829866,7.671949003829866,v3.4,mean_of_repeated_seeds,10
CA0612,source_disjoint_external,loo_feasible,loo_sfe_corrected,SDX007,unique_or_condition_distinct_keep,XGBoost,52.8,66.55570343206338,13.755703432063385,13.755703432063385,v3.4,mean_of_repeated_seeds,10
CA0612,source_disjoint_external,loo_feasible,loo_sfe_corrected,SDX007,unique_or_condition_distinct_keep,Ordinary MLP,52.8,71.73311777670762,18.93311777670762,18.93311777670762,v3.4,mean_of_repeated_seeds,10
CA0613,source_disjoint_external,loo_feasible,loo_sfe_corrected,SDX007,unique_or_condition_distinct_keep,Owens-Wendt,58.8,52.87627190154618,-5.9237280984538145,5.9237280984538145,v3.4,deterministic,1
CA0613,source_disjoint_external,loo_feasible,loo_sfe_corrected,SDX007,unique_or_condition_distinct_keep,Random Forest,58.8,53.8817818377662,-4.918218162233799,4.918218162233799,v3.4,mean_of_repeated_seeds,10
CA0613,source_disjoint_external,loo_feasible,loo_sfe_corrected,SDX007,unique_or_condition_distinct_keep,XGBoost,58.8,51.84079040358491,-6.959209596415086,6.959209596415086,v3.4,mean_of_repeated_seeds,10
CA0613,source_disjoint_external,loo_feasible,loo_sfe_corrected,SDX007,unique_or_condition_distinct_keep,Ordinary MLP,58.8,61.59415781313678,2.794157813136785,2.794157813136785,v3.4,mean_of_repeated_seeds,10
CA0614,source_disjoint_external,loo_feasible,loo_sfe_corrected,SDX007,unique_or_condition_distinct_keep,Owens-Wendt,70,73.52680022154746,3.526800221547461,3.526800221547461,v3.4,deterministic,1
CA0614,source_disjoint_external,loo_feasible,loo_sfe_corrected,SDX007,unique_or_condition_distinct_keep,Random Forest,70,67.62352391720104,-2.376476082798959,2.376476082798959,v3.4,mean_of_repeated_seeds,10
CA0614,source_disjoint_external,loo_feasible,loo_sfe_corrected,SDX007,unique_or_condition_distinct_keep,XGBoost,70,69.86321359605293,-0.1367864039470703,0.1367864039470703,v3.4,mean_of_repeated_seeds,10
CA0614,source_disjoint_external,loo_feasible,loo_sfe_corrected,SDX007,unique_or_condition_distinct_keep,Ordinary MLP,70,92.32953750698371,22.329537506983712,22.329537506983712,v3.4,mean_of_repeated_seeds,10
CA0615,source_disjoint_external,loo_feasible,loo_sfe_corrected,SDX007,unique_or_condition_distinct_keep,Owens-Wendt,50.1,57.415851737926715,7.315851737926714,7.315851737926714,v3.4,deterministic,1
CA0615,source_disjoint_external,loo_feasible,loo_sfe_corrected,SDX007,unique_or_condition_distinct_keep,Random Forest,50.1,50.17269535126266,0.07269535126265936,0.07269535126265936,v3.4,mean_of_repeated_seeds,10
CA0615,source_disjoint_external,loo_feasible,loo_sfe_corrected,SDX007,unique_or_condition_distinct_keep,XGBoost,50.1,52.68941713988912,2.5894171398891217,2.5894171398891217,v3.4,mean_of_repeated_seeds,10
CA0615,source_disjoint_external,loo_feasible,loo_sfe_corrected,SDX007,unique_or_condition_distinct_keep,Ordinary MLP,50.1,58.867132514800495,8.767132514800494,8.767132514800494,v3.4,mean_of_repeated_seeds,10
CA0616,source_disjoint_external,loo_feasible,loo_sfe_corrected,SDX007,unique_or_condition_distinct_keep,Owens-Wendt,41.4,37.22063204029107,-4.179367959708927,4.179367959708927,v3.4,deterministic,1
CA0616,source_disjoint_external,loo_feasible,loo_sfe_corrected,SDX007,unique_or_condition_distinct_keep,Random Forest,41.4,44.03027497125371,2.630274971253712,2.630274971253712,v3.4,mean_of_repeated_seeds,10
CA0616,source_disjoint_external,loo_feasible,loo_sfe_corrected,SDX007,unique_or_condition_distinct_keep,XGBoost,41.4,41.46092229032799,0.06092229032799423,0.06092229032799423,v3.4,mean_of_repeated_seeds,10
CA0616,source_disjoint_external,loo_feasible,loo_sfe_corrected,SDX007,unique_or_condition_distinct_keep,Ordinary MLP,41.4,46.42357043510926,5.023570435109264,5.023570435109264,v3.4,mean_of_repeated_seeds,10
